{
"type": "FeatureCollection",
"name": "municipalities_web",
"crs": { "type": "name", "properties": { "name": "urn:ogc:def:crs:OGC:1.3:CRS84" } },
"features": [
{ "type": "Feature", "properties": { "admin_id": "2187901", "name_local": "Opština Herceg Novi", "name_en": "Herceg Novi Municipality" }, "geometry": { "type": "MultiPolygon", "coordinates": [ [ [ [ 18.5717771, 42.39387119425907 ], [ 18.5716368, 42.393358994258868 ], [ 18.5720052, 42.393196594258747 ], [ 18.5723559, 42.393756194258991 ], [ 18.5717771, 42.39387119425907 ] ] ], [ [ [ 18.557113, 42.395378294259679 ], [ 18.5577555, 42.394257294259191 ], [ 18.5594835, 42.394377394259273 ], [ 18.5590667, 42.39466599425942 ], [ 18.55971, 42.394985294259527 ], [ 18.5586895, 42.396274694260114 ], [ 18.5578189, 42.396281194260077 ], [ 18.557113, 42.395378294259679 ] ] ], [ [ [ 18.5744469, 42.448538794282825 ], [ 18.5781113, 42.444338794280974 ], [ 18.5816078, 42.44320749428055 ], [ 18.5829709, 42.442039494279982 ], [ 18.5830622, 42.44109189427958 ], [ 18.5878578, 42.438397094278429 ], [ 18.5888922, 42.437337794277937 ], [ 18.5885866, 42.43682359427774 ], [ 18.58994, 42.436334194277521 ], [ 18.5907049, 42.437026094277819 ], [ 18.5923968, 42.43722069427789 ], [ 18.5949653, 42.436003394277364 ], [ 18.5951235, 42.434474894276718 ], [ 18.597275, 42.434202694276586 ], [ 18.5972085, 42.433180094276132 ], [ 18.5996681, 42.433261694276219 ], [ 18.6043427, 42.431923594275595 ], [ 18.6050415, 42.432353694275797 ], [ 18.6049179, 42.432501294275824 ], [ 18.6042969, 42.432097694275704 ], [ 18.6011787, 42.433076394276107 ], [ 18.6020274, 42.434526594276775 ], [ 18.6045537, 42.434521194276726 ], [ 18.6054531, 42.432895994276031 ], [ 18.6048126, 42.434603694276795 ], [ 18.6099766, 42.43508229427696 ], [ 18.6109203, 42.436194894277442 ], [ 18.6140589, 42.436974794277823 ], [ 18.6147322, 42.438200594278335 ], [ 18.6196283, 42.438395894278393 ], [ 18.6230892, 42.439517094278919 ], [ 18.6247105, 42.439065594278702 ], [ 18.6253934, 42.439749694279023 ], [ 18.6305464, 42.441057294279567 ], [ 18.6319036, 42.440706894279401 ], [ 18.6339764, 42.44271079428033 ], [ 18.6395028, 42.444006894280825 ], [ 18.6479263, 42.449149894283089 ], [ 18.6528584, 42.45037069428362 ], [ 18.6537425, 42.449111794283048 ], [ 18.6550791, 42.448486194282808 ], [ 18.6522027, 42.446744794282054 ], [ 18.6571471, 42.449484194283237 ], [ 18.6560155, 42.449781594283337 ], [ 18.6561708, 42.450572294283717 ], [ 18.6581455, 42.450033194283499 ], [ 18.6564826, 42.450759394283793 ], [ 18.661709, 42.455586994285888 ], [ 18.6680971, 42.457220694286619 ], [ 18.6717481, 42.459263694287479 ], [ 18.6763576, 42.45995459428778 ], [ 18.6730647, 42.462466994288874 ], [ 18.673848, 42.463492794289337 ], [ 18.6736487, 42.466195794290478 ], [ 18.6759516, 42.467371394291028 ], [ 18.6757086, 42.468448594291466 ], [ 18.6779991, 42.470379694292298 ], [ 18.6805746, 42.471302094292732 ], [ 18.6810554, 42.47368989429377 ], [ 18.6842509, 42.476063794294788 ], [ 18.6845057, 42.477215494295301 ], [ 18.6861193, 42.478621394295871 ], [ 18.6846688, 42.478102294295631 ], [ 18.6809962, 42.478693794295936 ], [ 18.6729968, 42.476423894294904 ], [ 18.6672981, 42.476424994294931 ], [ 18.66025, 42.474517994294089 ], [ 18.6547285, 42.473886294293841 ], [ 18.6512192, 42.474514694294058 ], [ 18.6495583, 42.474019694293922 ], [ 18.6431325, 42.474804794294215 ], [ 18.6410315, 42.475509694294509 ], [ 18.6406886, 42.476640194295051 ], [ 18.6389845, 42.477792294295504 ], [ 18.6371533, 42.477717694295478 ], [ 18.6351853, 42.475748694294616 ], [ 18.6315683, 42.474321594294011 ], [ 18.6214428, 42.473027094293471 ], [ 18.6189433, 42.474242194293986 ], [ 18.61522, 42.475093194294374 ], [ 18.6128213, 42.474447594294034 ], [ 18.604114599999988, 42.474010494293886 ], [ 18.6013231, 42.4774580942954 ], [ 18.5970687, 42.480726794296793 ], [ 18.5942178, 42.481458994297121 ], [ 18.5916782, 42.481311494297032 ], [ 18.5890921, 42.482448294297555 ], [ 18.584257699999988, 42.481150094296993 ], [ 18.5810971, 42.492588694301965 ], [ 18.5922882, 42.495633394303248 ], [ 18.5965169, 42.493471694302336 ], [ 18.602464, 42.495276594303085 ], [ 18.6089731, 42.496159294303482 ], [ 18.6179509, 42.498569294304524 ], [ 18.6257968, 42.496762794303727 ], [ 18.6342413, 42.497041194303861 ], [ 18.6377985, 42.499378394304841 ], [ 18.6414758, 42.499678194304998 ], [ 18.6446167, 42.502353694306144 ], [ 18.6459308, 42.505043394307293 ], [ 18.650683, 42.504095994306937 ], [ 18.65145, 42.506914494308155 ], [ 18.6546135, 42.509869594309443 ], [ 18.6574809, 42.510495894309713 ], [ 18.6582951, 42.51143529431009 ], [ 18.6614906, 42.512352694310486 ], [ 18.6646946, 42.512537194310575 ], [ 18.6665469, 42.511983594310323 ], [ 18.662592, 42.51464059431148 ], [ 18.6608397, 42.519253194313464 ], [ 18.6589374, 42.52087669431419 ], [ 18.6580863, 42.525193594316022 ], [ 18.6442745, 42.526387394316565 ], [ 18.6415926, 42.525157594316042 ], [ 18.6325337, 42.526013994316408 ], [ 18.6285704, 42.524740294315812 ], [ 18.6218655, 42.524257094315665 ], [ 18.6206736, 42.52315899431516 ], [ 18.6173361, 42.522697794314972 ], [ 18.6143859, 42.521314194314385 ], [ 18.6083963, 42.522148794314759 ], [ 18.6053866, 42.526167794316507 ], [ 18.604731, 42.528056394317296 ], [ 18.6054975, 42.538261394321694 ], [ 18.5895036, 42.539738294322312 ], [ 18.5883536, 42.540955294322849 ], [ 18.5777734, 42.542301294323444 ], [ 18.5706877, 42.545257994324722 ], [ 18.5666918, 42.544883794324605 ], [ 18.5626543, 42.546417894325231 ], [ 18.557799, 42.552425094327802 ], [ 18.554398599999988, 42.553947494328433 ], [ 18.5541924, 42.555197294328998 ], [ 18.5532258, 42.555674294329222 ], [ 18.5511132, 42.555522994329159 ], [ 18.5521653, 42.558842494330591 ], [ 18.5518086, 42.560564994331351 ], [ 18.5476774, 42.564284894332957 ], [ 18.5439999, 42.566417994333861 ], [ 18.5434266, 42.57372779433701 ], [ 18.5410396, 42.574905994337527 ], [ 18.5362216, 42.575271694337701 ], [ 18.5349228, 42.576649494338291 ], [ 18.5327632, 42.577556394338671 ], [ 18.5291953, 42.582643894340841 ], [ 18.5277846, 42.583525094341255 ], [ 18.5259086, 42.583385894341241 ], [ 18.5181111, 42.585692194342158 ], [ 18.515016, 42.585199494342007 ], [ 18.5123214, 42.586089794342385 ], [ 18.5081166, 42.586102594342414 ], [ 18.5023493, 42.587967394343167 ], [ 18.499916, 42.588134094343253 ], [ 18.495557, 42.58426519434154 ], [ 18.4947633, 42.582266594340723 ], [ 18.4921334, 42.581275494340282 ], [ 18.4902823, 42.57753439433867 ], [ 18.48661, 42.575399994337765 ], [ 18.4859307, 42.574049694337205 ], [ 18.4816314, 42.571445994336059 ], [ 18.478372, 42.570168894335474 ], [ 18.4760756, 42.57016529433546 ], [ 18.4748739, 42.569443294335201 ], [ 18.4737567, 42.567194994334209 ], [ 18.4742742, 42.564805494333164 ], [ 18.4736647, 42.56367489433265 ], [ 18.472866, 42.563277194332485 ], [ 18.4710273, 42.563880094332795 ], [ 18.4697684, 42.563689494332699 ], [ 18.4672281, 42.564748694333154 ], [ 18.4615578, 42.563266194332492 ], [ 18.4590997, 42.565159194333312 ], [ 18.4564773, 42.564433494333009 ], [ 18.4541186, 42.562410394332154 ], [ 18.4528348, 42.563498894332589 ], [ 18.4512772, 42.563319394332524 ], [ 18.4508145, 42.562049394332028 ], [ 18.4493117, 42.561395194331716 ], [ 18.4471968, 42.5613603943317 ], [ 18.4455348, 42.562351794332102 ], [ 18.4438029, 42.56212549433203 ], [ 18.4438556, 42.561555094331766 ], [ 18.4426452, 42.560780194331464 ], [ 18.443363, 42.560106294331156 ], [ 18.4436374, 42.557830794330172 ], [ 18.4426703, 42.555978594329368 ], [ 18.4410929, 42.555316894329067 ], [ 18.4380795, 42.555584294329179 ], [ 18.440054, 42.551440194327363 ], [ 18.4402233, 42.549327694326472 ], [ 18.4388054, 42.5255650943162 ], [ 18.4364303, 42.519942694313748 ], [ 18.4422198, 42.516081394312081 ], [ 18.4468555, 42.510618294309772 ], [ 18.4408081, 42.501760694305943 ], [ 18.4395216, 42.497792694304167 ], [ 18.4397524, 42.496058394303454 ], [ 18.4380749, 42.49333739430228 ], [ 18.4376623, 42.491190194301318 ], [ 18.4384601, 42.488247694300043 ], [ 18.4336777, 42.484052594298241 ], [ 18.4426169, 42.481155594296993 ], [ 18.4471573, 42.478194894295711 ], [ 18.4502113, 42.474652794294165 ], [ 18.4547775, 42.472448294293187 ], [ 18.4579664, 42.472636794293301 ], [ 18.4620098, 42.471199194292659 ], [ 18.4728653, 42.465532494290194 ], [ 18.4747653, 42.464091194289566 ], [ 18.4836945, 42.451980794284303 ], [ 18.490465, 42.446953894282146 ], [ 18.4937896, 42.441811794279872 ], [ 18.499059, 42.437048694277834 ], [ 18.5066716, 42.431154194275287 ], [ 18.5165559, 42.426642794273292 ], [ 18.5224517, 42.421729994271168 ], [ 18.5245722, 42.420730194270782 ], [ 18.525354, 42.420783794270804 ], [ 18.5262374, 42.422972294271709 ], [ 18.5300642, 42.423457994271949 ], [ 18.5290781, 42.425658194272863 ], [ 18.5272139, 42.428063694273938 ], [ 18.5213021, 42.431616394275494 ], [ 18.5204615, 42.431438494275426 ], [ 18.5180674, 42.432614994275873 ], [ 18.5170899, 42.435630394277204 ], [ 18.5146422, 42.436164294277461 ], [ 18.511587, 42.438019694278275 ], [ 18.5055092, 42.445684494281601 ], [ 18.5052326, 42.447988994282582 ], [ 18.5040812, 42.448471494282828 ], [ 18.5049481, 42.448483194282801 ], [ 18.5039448, 42.449354494283156 ], [ 18.506201, 42.452926094284763 ], [ 18.5101644, 42.455908894286004 ], [ 18.5122524, 42.457045394286503 ], [ 18.512775, 42.456764894286401 ], [ 18.5146275, 42.458242994287041 ], [ 18.5170478, 42.458946194287321 ], [ 18.5181552, 42.458144094286993 ], [ 18.5185278, 42.458726394287218 ], [ 18.5216096, 42.457470894286715 ], [ 18.5220509, 42.456308494286191 ], [ 18.5247894, 42.456004694286044 ], [ 18.525999, 42.453827194285118 ], [ 18.5291573, 42.452952994284729 ], [ 18.5306571, 42.451631594284152 ], [ 18.5330046, 42.451275594283999 ], [ 18.533536, 42.4503293942836 ], [ 18.534029, 42.450715194283752 ], [ 18.534729, 42.450364694283614 ], [ 18.5345018, 42.449882294283398 ], [ 18.5320936, 42.449492794283238 ], [ 18.5354817, 42.44989299428341 ], [ 18.5371511, 42.449073594283064 ], [ 18.5409743, 42.449804294283403 ], [ 18.5417211, 42.450406394283647 ], [ 18.5462322, 42.449315494283169 ], [ 18.5526755, 42.449374794283187 ], [ 18.5532103, 42.449986594283459 ], [ 18.5572137, 42.451063194283954 ], [ 18.5587069, 42.452226994284409 ], [ 18.5598117, 42.452497194284518 ], [ 18.5605107, 42.452117394284379 ], [ 18.5623826, 42.452848094284697 ], [ 18.560435, 42.452241694284467 ], [ 18.5597677, 42.453195994284847 ], [ 18.5589596, 42.453172294284805 ], [ 18.5606775, 42.454197594285262 ], [ 18.56184270000001, 42.453699894285059 ], [ 18.5615847, 42.454372594285367 ], [ 18.5691731, 42.452490294284544 ], [ 18.5723334, 42.450676294283724 ], [ 18.5710518, 42.449667094283299 ], [ 18.5721994, 42.448870494282964 ], [ 18.5737971, 42.449154494283057 ], [ 18.5726668, 42.448760994282907 ], [ 18.5730259, 42.448299094282703 ], [ 18.5752926, 42.449662394283315 ], [ 18.5744469, 42.448538794282825 ] ] ], [ [ [ 18.6309225, 42.416590194268927 ], [ 18.6159467, 42.422201594271407 ], [ 18.6016991, 42.425753094272892 ], [ 18.5899902, 42.427617494273726 ], [ 18.5797756, 42.431080994275213 ], [ 18.5752324, 42.432010394275601 ], [ 18.5671979, 42.432081094275645 ], [ 18.5612652, 42.430973094275203 ], [ 18.5589863, 42.429948494274747 ], [ 18.5582512, 42.428695694274182 ], [ 18.5573645, 42.429243394274472 ], [ 18.5559467, 42.428851294274281 ], [ 18.5567144, 42.428051194273912 ], [ 18.5561529, 42.426801294273382 ], [ 18.5534857, 42.426372094273212 ], [ 18.5499867, 42.424689294272454 ], [ 18.5464802, 42.421468594271069 ], [ 18.548727599999989, 42.417196094269208 ], [ 18.5472328, 42.415209694268313 ], [ 18.54824, 42.412797994267315 ], [ 18.5508963, 42.412144994267017 ], [ 18.5590645, 42.412415894267156 ], [ 18.5568931, 42.410557294266319 ], [ 18.5562178, 42.4088680942656 ], [ 18.5594913, 42.404398594263625 ], [ 18.5610128, 42.404498894263682 ], [ 18.5620976, 42.40303649426302 ], [ 18.5647839, 42.403655194263337 ], [ 18.5703357, 42.40175669426246 ], [ 18.5763819, 42.400599794261986 ], [ 18.5798839, 42.400597794262005 ], [ 18.5801808, 42.397720194260764 ], [ 18.5776047, 42.397573894260653 ], [ 18.576584, 42.396996494260392 ], [ 18.5769338, 42.395701294259844 ], [ 18.5792286, 42.394624594259326 ], [ 18.5760438, 42.393781294259021 ], [ 18.5732738, 42.392085194258257 ], [ 18.5703142, 42.392280694258353 ], [ 18.5699198, 42.391248094257875 ], [ 18.5718297, 42.390918894257752 ], [ 18.5735135, 42.389304494257068 ], [ 18.5748513, 42.386711994255961 ], [ 18.5772151, 42.38614109425567 ], [ 18.5774822, 42.385454994255397 ], [ 18.5783466, 42.385479494255399 ], [ 18.578743, 42.386957794256006 ], [ 18.5806869, 42.386304594255726 ], [ 18.581472, 42.385427694255391 ], [ 18.5836074, 42.385127994255264 ], [ 18.583501200000011, 42.38436309425488 ], [ 18.5859072, 42.383225094254392 ], [ 18.5843052, 42.382247994253987 ], [ 18.5851006, 42.380957294253399 ], [ 18.5878496, 42.380525494253206 ], [ 18.5901641, 42.381280294253578 ], [ 18.5933809, 42.381293294253609 ], [ 18.5913337, 42.379773194252941 ], [ 18.5902186, 42.377598994251962 ], [ 18.5928508, 42.3751781942509 ], [ 18.5941101, 42.375043694250877 ], [ 18.595961, 42.374040594250417 ], [ 18.5958927, 42.373603494250233 ], [ 18.5966816, 42.373440994250117 ], [ 18.596842, 42.374227794250494 ], [ 18.5994135, 42.373364794250115 ], [ 18.6013706, 42.371817994249461 ], [ 18.6014617, 42.371123094249121 ], [ 18.6003504, 42.370680394248943 ], [ 18.6014313, 42.369637994248492 ], [ 18.6037146, 42.36950059424845 ], [ 18.6064909, 42.371097894249154 ], [ 18.6062179, 42.369254094248276 ], [ 18.6088046, 42.36897659424821 ], [ 18.6096437, 42.369519694248432 ], [ 18.6101624, 42.368079894247813 ], [ 18.607917, 42.364778794246384 ], [ 18.6095631, 42.364204294246115 ], [ 18.6112092, 42.364708694246339 ], [ 18.6123433, 42.365885694246877 ], [ 18.6140576, 42.365162694246564 ], [ 18.614641700000011, 42.365672694246783 ], [ 18.6159237, 42.365327994246655 ], [ 18.616821, 42.368230794247857 ], [ 18.6201759, 42.365866194246877 ], [ 18.6205316, 42.36442179424624 ], [ 18.6219741, 42.365032594246479 ], [ 18.6239514, 42.364689794246345 ], [ 18.6268326, 42.362190294245245 ], [ 18.6290055, 42.362977194245637 ], [ 18.6299612, 42.361929494245103 ], [ 18.6327731, 42.363633594245862 ], [ 18.6332812, 42.365470394246714 ], [ 18.6330904, 42.366764194247246 ], [ 18.6309573, 42.369445794248385 ], [ 18.6334526, 42.370369494248806 ], [ 18.6364369, 42.369185394248269 ], [ 18.6367394, 42.370459294248832 ], [ 18.6395394, 42.370747894248971 ], [ 18.6438457, 42.369203694248277 ], [ 18.643546, 42.368313494247914 ], [ 18.6427738, 42.368729094248081 ], [ 18.643615, 42.368044994247796 ], [ 18.6430161, 42.366748894247202 ], [ 18.6438666, 42.364920994246447 ], [ 18.6480042, 42.36329459424573 ], [ 18.6493457, 42.366155294247001 ], [ 18.6490222, 42.367525294247606 ], [ 18.6474162, 42.368275794247921 ], [ 18.64757, 42.370073294248691 ], [ 18.6467635, 42.370629194248934 ], [ 18.6479309, 42.373830894250354 ], [ 18.6442823, 42.374945494250795 ], [ 18.639722, 42.378258094252203 ], [ 18.6414432, 42.380781494253334 ], [ 18.6398925, 42.38192699425381 ], [ 18.6413743, 42.388973794256913 ], [ 18.6405567, 42.389658794257215 ], [ 18.6410944, 42.391747994258147 ], [ 18.6403794, 42.392079794258287 ], [ 18.6417893, 42.398751694261179 ], [ 18.6356502, 42.402232794262666 ], [ 18.6306184, 42.404122694263492 ], [ 18.6279746, 42.406029694264383 ], [ 18.6228227, 42.407725494265087 ], [ 18.6178794, 42.407811794265115 ], [ 18.6247416, 42.412698894267272 ], [ 18.6271921, 42.412076694267014 ], [ 18.6309225, 42.416590194268927 ] ] ] ] } },
{ "type": "Feature", "properties": { "admin_id": "2317882", "name_local": "Opština Plav", "name_en": "Plav Municipality" }, "geometry": { "type": "Polygon", "coordinates": [ [ [ 19.9097911, 42.50656569430798 ], [ 19.9069491, 42.506962594308149 ], [ 19.9033158, 42.510070594309497 ], [ 19.9025227, 42.514321194311343 ], [ 19.8971919, 42.517666794312831 ], [ 19.8971623, 42.519223094313489 ], [ 19.8927792, 42.524965994315949 ], [ 19.8934854, 42.52665399431671 ], [ 19.8952769, 42.527511794317029 ], [ 19.8965029, 42.53009479431816 ], [ 19.8995579, 42.531409694318718 ], [ 19.9004043, 42.532752794319322 ], [ 19.9017093, 42.539027994322062 ], [ 19.9012836, 42.540408394322633 ], [ 19.8975494, 42.54343819432394 ], [ 19.8973921, 42.544771694324524 ], [ 19.8978953, 42.546605994325311 ], [ 19.9007093, 42.550522194327002 ], [ 19.9001914, 42.553335594328196 ], [ 19.9007833, 42.553934694328511 ], [ 19.9000988, 42.555671094329206 ], [ 19.8991803, 42.555861594329308 ], [ 19.9005811, 42.557065694329808 ], [ 19.9002716, 42.558066094330258 ], [ 19.9016387, 42.561701394331841 ], [ 19.9014625, 42.562325894332098 ], [ 19.898858, 42.561892694331924 ], [ 19.8980269, 42.565282494333395 ], [ 19.8947048, 42.568155994334596 ], [ 19.8932478, 42.566617294333952 ], [ 19.8917045, 42.568091794334556 ], [ 19.891352, 42.569361694335122 ], [ 19.8925591, 42.571692594336149 ], [ 19.8909238, 42.574934894337531 ], [ 19.8915139, 42.576012394338001 ], [ 19.8927937, 42.576593894338224 ], [ 19.8925226, 42.577715994338767 ], [ 19.8938593, 42.577627294338683 ], [ 19.895263799999988, 42.578706094339175 ], [ 19.8981373, 42.57683949433833 ], [ 19.8989868, 42.57690949433843 ], [ 19.899309499999987, 42.577885494338823 ], [ 19.9003566, 42.578208494338966 ], [ 19.9030015, 42.5769585943384 ], [ 19.9048701, 42.578452594339019 ], [ 19.9073503, 42.577566794338644 ], [ 19.9094373, 42.577645894338694 ], [ 19.911127, 42.57908669433936 ], [ 19.9113519, 42.581599694340419 ], [ 19.9149138, 42.582437194340777 ], [ 19.9151832, 42.583949494341461 ], [ 19.916768, 42.584272394341546 ], [ 19.917274, 42.587252494342863 ], [ 19.918345, 42.588240494343289 ], [ 19.918722, 42.590023594344061 ], [ 19.9172843, 42.590652494344333 ], [ 19.9156424, 42.590097794344125 ], [ 19.9169552, 42.592207494345033 ], [ 19.9132526, 42.593192394345429 ], [ 19.9119966, 42.594041394345759 ], [ 19.9112319, 42.593645494345623 ], [ 19.9104638, 42.594255594345874 ], [ 19.9091206, 42.593500994345554 ], [ 19.9040975, 42.592935794345308 ], [ 19.894339, 42.599555494348166 ], [ 19.8920376, 42.599658894348181 ], [ 19.8910627, 42.602339394349379 ], [ 19.8877847, 42.603041094349642 ], [ 19.8863065, 42.604072394350162 ], [ 19.8823536, 42.603902994350044 ], [ 19.8771552, 42.605320394350628 ], [ 19.8750716, 42.605041794350512 ], [ 19.8731107, 42.607014694351399 ], [ 19.866466, 42.607361694351567 ], [ 19.8560644, 42.610125394352714 ], [ 19.8511462, 42.606876394351332 ], [ 19.8464699, 42.605852594350907 ], [ 19.8434275, 42.606373094351127 ], [ 19.8398917, 42.607777994351721 ], [ 19.8372074, 42.613163394354025 ], [ 19.8342015, 42.614274094354499 ], [ 19.8324007, 42.615652994355088 ], [ 19.8306095, 42.625993494359527 ], [ 19.8278193, 42.630466894361462 ], [ 19.8290439, 42.633709594362855 ], [ 19.8360588, 42.635676594363709 ], [ 19.8376162, 42.636990194364252 ], [ 19.840473, 42.638153294364805 ], [ 19.8395949, 42.640551694365854 ], [ 19.8412466, 42.642570494366652 ], [ 19.8433403, 42.643207494366941 ], [ 19.8490842, 42.643627594367153 ], [ 19.8525018, 42.644871694367652 ], [ 19.8543594, 42.644959194367686 ], [ 19.8562409, 42.647081394368648 ], [ 19.8602253, 42.648014894369034 ], [ 19.8623826, 42.651367494370469 ], [ 19.8620025, 42.653218994371279 ], [ 19.8643569, 42.655188394372118 ], [ 19.8625038, 42.65478759437196 ], [ 19.8574845, 42.650533794370119 ], [ 19.8592012, 42.652891694371107 ], [ 19.860696, 42.657924194373301 ], [ 19.8630022, 42.660701594374466 ], [ 19.8647916, 42.66509309437636 ], [ 19.8654084, 42.666009194376741 ], [ 19.8668729, 42.666564594376986 ], [ 19.867853, 42.669385394378232 ], [ 19.8696975, 42.670307794378651 ], [ 19.8656587, 42.67281469437971 ], [ 19.8651971, 42.675366294380765 ], [ 19.8617076, 42.67649349438129 ], [ 19.8647073, 42.677500294381666 ], [ 19.8661618, 42.678654894382213 ], [ 19.8683273, 42.678914794382301 ], [ 19.8686468, 42.677030494381476 ], [ 19.8701665, 42.677983794381916 ], [ 19.8730552, 42.678358094382091 ], [ 19.8831331, 42.681834694383568 ], [ 19.8860891, 42.683545094384307 ], [ 19.8863321, 42.684784394384856 ], [ 19.8908722, 42.68796149438618 ], [ 19.8912783, 42.689950494387048 ], [ 19.8931568, 42.690482194387243 ], [ 19.8975904, 42.693112394388393 ], [ 19.9016258, 42.693330394388475 ], [ 19.9079717, 42.694603394389006 ], [ 19.909875, 42.693734594388658 ], [ 19.9146666, 42.696106294389701 ], [ 19.9229538, 42.699102394390948 ], [ 19.9335353, 42.702287594392352 ], [ 19.9371014, 42.702014094392183 ], [ 19.9428078, 42.700123094391373 ], [ 19.9514301, 42.7016694943921 ], [ 19.9559276, 42.703615994392891 ], [ 19.9603496, 42.702466494392418 ], [ 19.967666, 42.706839294394264 ], [ 19.9716737, 42.706795394394291 ], [ 19.9875754, 42.702150694392266 ], [ 19.989738, 42.701998494392228 ], [ 19.992090699999988, 42.703223594392739 ], [ 19.9977241, 42.70374099439298 ], [ 20.0026533, 42.706570294394147 ], [ 20.0072582, 42.707930394394751 ], [ 20.0109607, 42.708079294394807 ], [ 20.0163451, 42.709252494395336 ], [ 20.0267325, 42.709538694395434 ], [ 20.0327637, 42.710904594396048 ], [ 20.0332394, 42.710251194395767 ], [ 20.0315223, 42.705891794393892 ], [ 20.0319512, 42.70072499439167 ], [ 20.0333271, 42.697049194390068 ], [ 20.0428929, 42.696227694389762 ], [ 20.0450671, 42.695478994389418 ], [ 20.0467556, 42.693092194388385 ], [ 20.0489634, 42.691924794387909 ], [ 20.049378, 42.690507394387261 ], [ 20.0527581, 42.688413694386412 ], [ 20.0531856, 42.686081094385393 ], [ 20.0544282, 42.68479289438482 ], [ 20.0563124, 42.6849510943849 ], [ 20.0592402, 42.684204794384584 ], [ 20.0636683, 42.684863394384877 ], [ 20.0682713, 42.680287394382908 ], [ 20.0833932, 42.680035994382777 ], [ 20.0885733, 42.668716394377967 ], [ 20.0945475, 42.666292894376923 ], [ 20.1119442, 42.655402394372189 ], [ 20.1087032, 42.647833894369001 ], [ 20.1051951, 42.646776894368507 ], [ 20.0970139, 42.64260979436672 ], [ 20.0936092, 42.639235594365239 ], [ 20.0922321, 42.636365994363999 ], [ 20.0921157, 42.634234394363091 ], [ 20.0905542, 42.633101194362645 ], [ 20.0899375, 42.630899994361627 ], [ 20.085735, 42.627653894360265 ], [ 20.0837303, 42.627351094360122 ], [ 20.0818413, 42.626337894359686 ], [ 20.0782301, 42.623790394358601 ], [ 20.0757302, 42.620910294357394 ], [ 20.0755622, 42.615872994355172 ], [ 20.0761271, 42.614702894354664 ], [ 20.0751364, 42.611238594353225 ], [ 20.0728945, 42.608314394351986 ], [ 20.0728171, 42.606897494351358 ], [ 20.0745273, 42.604836994350464 ], [ 20.0749546, 42.601688094349051 ], [ 20.0778599, 42.598173094347601 ], [ 20.0790351, 42.597578794347335 ], [ 20.0825875, 42.590894194344422 ], [ 20.0861698, 42.587448094342932 ], [ 20.0854328, 42.585274294342028 ], [ 20.0857293, 42.582445994340773 ], [ 20.0872709, 42.58091809434012 ], [ 20.0884946, 42.576003194338 ], [ 20.0880424, 42.573987494337125 ], [ 20.08398, 42.570594794335655 ], [ 20.0843052, 42.568068694334613 ], [ 20.0790726, 42.559736894330989 ], [ 20.0788765, 42.556090194329371 ], [ 20.0731394, 42.555541994329175 ], [ 20.0649334, 42.557122494329818 ], [ 20.0635811, 42.558091494330235 ], [ 20.0565081, 42.559147594330746 ], [ 20.049386, 42.550063294326797 ], [ 20.0447162, 42.548656494326174 ], [ 20.0416118, 42.548500094326137 ], [ 20.0357759, 42.546174994325135 ], [ 20.031408, 42.545521094324847 ], [ 20.027715, 42.543571494323984 ], [ 20.0249014, 42.54320619432383 ], [ 20.0184008, 42.543702194324027 ], [ 20.0167815, 42.543149694323823 ], [ 20.0150808, 42.541399494323052 ], [ 20.0138514, 42.53644209432089 ], [ 20.0151912, 42.534052594319881 ], [ 20.0149816, 42.531922894318903 ], [ 20.0163525, 42.530628894318411 ], [ 20.0139372, 42.526293994316539 ], [ 20.0120993, 42.525703194316279 ], [ 20.0124352, 42.521981094314626 ], [ 20.0100524, 42.519996894313827 ], [ 20.0090804, 42.516987794312534 ], [ 20.0091799, 42.514843094311587 ], [ 20.0081845, 42.512887394310717 ], [ 20.0036673, 42.509803794309391 ], [ 20.003143, 42.508771794308977 ], [ 19.9955001, 42.511392094310082 ], [ 19.9847755, 42.510894994309837 ], [ 19.9825334, 42.51234919431046 ], [ 19.9749862, 42.511183194309993 ], [ 19.971958, 42.5113905943101 ], [ 19.9691484, 42.509828594309383 ], [ 19.9669385, 42.509297194309163 ], [ 19.964650599999988, 42.509440094309191 ], [ 19.9607668, 42.510629194309779 ], [ 19.9532703, 42.510653894309733 ], [ 19.9506457, 42.513120994310817 ], [ 19.9477186, 42.513834394311161 ], [ 19.9434775, 42.517626294312812 ], [ 19.9401473, 42.517877394312876 ], [ 19.9373559, 42.516161394312149 ], [ 19.931922, 42.515147294311724 ], [ 19.9222635, 42.511128794309968 ], [ 19.9173075, 42.507536194308408 ], [ 19.9097911, 42.50656569430798 ] ] ] } },
{ "type": "Feature", "properties": { "admin_id": "2317936", "name_local": "Opština Rožaje", "name_en": "Rožaje Municipality" }, "geometry": { "type": "Polygon", "coordinates": [ [ [ 20.3200874, 42.826205094445342 ], [ 20.3196363, 42.828115894446135 ], [ 20.3166405, 42.82913359444656 ], [ 20.3155571, 42.836044394449509 ], [ 20.3114573, 42.836101394449543 ], [ 20.3097612, 42.835513294449278 ], [ 20.308811, 42.835976594449512 ], [ 20.3062861, 42.835582894449317 ], [ 20.3029803, 42.836276794449645 ], [ 20.2980064, 42.836204994449581 ], [ 20.2968423, 42.832666494448098 ], [ 20.2937787, 42.82788979444603 ], [ 20.2938722, 42.82551929444503 ], [ 20.2923893, 42.825278594444931 ], [ 20.2854122, 42.826172794445327 ], [ 20.2827321, 42.829851294446847 ], [ 20.2811258, 42.830682094447198 ], [ 20.2751643, 42.825502694444999 ], [ 20.2757932, 42.824348694444559 ], [ 20.2750918, 42.823556194444166 ], [ 20.2759639, 42.821784494443435 ], [ 20.2737623, 42.819944394442651 ], [ 20.2698585, 42.818299594441989 ], [ 20.2674644, 42.817926894441761 ], [ 20.2657342, 42.816307494441119 ], [ 20.2618012, 42.814956394440493 ], [ 20.2595768, 42.8146613944404 ], [ 20.257649, 42.81523929444063 ], [ 20.2549508, 42.814374494440266 ], [ 20.2523593, 42.810742794438738 ], [ 20.2537559, 42.809915894438383 ], [ 20.2552981, 42.807394894437302 ], [ 20.2583259, 42.804819194436227 ], [ 20.262773, 42.804169494435918 ], [ 20.2623102, 42.798295194433415 ], [ 20.2634529, 42.78885279442941 ], [ 20.2663496, 42.779356794425297 ], [ 20.2638334, 42.776037294423901 ], [ 20.26057, 42.774786594423411 ], [ 20.2583388, 42.771144694421793 ], [ 20.2553706, 42.770012794421334 ], [ 20.2558133, 42.769615894421158 ], [ 20.2533168, 42.76720019442012 ], [ 20.2504346, 42.759170294416727 ], [ 20.2409065, 42.757011694415787 ], [ 20.236773, 42.756850494415737 ], [ 20.2343223, 42.752747194413949 ], [ 20.2251658, 42.753152194414128 ], [ 20.2216883, 42.752609094413906 ], [ 20.2154436, 42.749198894412473 ], [ 20.2132231, 42.748736294412197 ], [ 20.212855, 42.746226994411202 ], [ 20.2101901, 42.74696729441149 ], [ 20.2059143, 42.749363894412497 ], [ 20.2016259, 42.75041259441295 ], [ 20.1988904, 42.750039494412839 ], [ 20.1957302, 42.750426394412983 ], [ 20.1911699, 42.74528329441074 ], [ 20.1827551, 42.753621794414315 ], [ 20.1802554, 42.753433094414241 ], [ 20.1797197, 42.754262694414585 ], [ 20.1738254, 42.755457494415126 ], [ 20.1725822, 42.756611294415606 ], [ 20.1726794, 42.75790379441618 ], [ 20.1676615, 42.761762894417828 ], [ 20.1586786, 42.765749594419496 ], [ 20.1549854, 42.76841369442068 ], [ 20.1488757, 42.763351894418498 ], [ 20.146756, 42.754608194414757 ], [ 20.1418533, 42.755804894415284 ], [ 20.1410383, 42.756866694415748 ], [ 20.1398422, 42.756607394415603 ], [ 20.1343284, 42.759562994416868 ], [ 20.129167, 42.76121219441761 ], [ 20.1280623, 42.761119594417551 ], [ 20.1257841, 42.762664494418189 ], [ 20.1215877, 42.76276649441823 ], [ 20.1198665, 42.762227894418004 ], [ 20.1186195, 42.763164394418418 ], [ 20.114987899999988, 42.763870894418709 ], [ 20.1037143, 42.770089894421339 ], [ 20.1047877, 42.773011994422625 ], [ 20.0981912, 42.776705494424206 ], [ 20.0893236, 42.776093694423913 ], [ 20.0873336, 42.774690694423363 ], [ 20.0849229, 42.774312894423204 ], [ 20.0799413, 42.775087794423506 ], [ 20.0699539, 42.774902694423417 ], [ 20.0671071, 42.775806994423846 ], [ 20.0648295, 42.777669394424656 ], [ 20.060378, 42.779072694425231 ], [ 20.0540909, 42.777562294424591 ], [ 20.0498083, 42.775746694423781 ], [ 20.0477644, 42.773786694422945 ], [ 20.0440578, 42.783229594426984 ], [ 20.0423194, 42.784056094427356 ], [ 20.0388887, 42.788997194429442 ], [ 20.039713, 42.790819994430237 ], [ 20.0382145, 42.790789594430201 ], [ 20.0350027, 42.792744694431079 ], [ 20.0328136, 42.792566694430974 ], [ 20.0312188, 42.791821094430652 ], [ 20.0302975, 42.792100694430779 ], [ 20.0294868, 42.79240139443089 ], [ 20.0287578, 42.79419249443167 ], [ 20.0303183, 42.802751194435317 ], [ 20.0313357, 42.804614194436105 ], [ 20.0331, 42.806584194436958 ], [ 20.0370328, 42.808344994437704 ], [ 20.0377881, 42.809430994438138 ], [ 20.0360452, 42.813228594439792 ], [ 20.0359561, 42.8163051944411 ], [ 20.0309037, 42.819051894442246 ], [ 20.0262941, 42.819861394442611 ], [ 20.0247386, 42.824844394444789 ], [ 20.0253984, 42.827216294445734 ], [ 20.0282211, 42.829469994446704 ], [ 20.0312251, 42.833868594448603 ], [ 20.0325881, 42.83417069444873 ], [ 20.0316032, 42.834843694448999 ], [ 20.0295722, 42.83482809444898 ], [ 20.0232429, 42.840124094451262 ], [ 20.026051, 42.845293494453443 ], [ 20.0247982, 42.850952794455885 ], [ 20.0267072, 42.853073494456815 ], [ 20.0305483, 42.854292194457315 ], [ 20.0430956, 42.854798594457513 ], [ 20.0463394, 42.856525394458245 ], [ 20.0484765, 42.858886294459211 ], [ 20.0494376, 42.858447394459063 ], [ 20.0524501, 42.858493894459073 ], [ 20.054716, 42.859337194459442 ], [ 20.0666769, 42.867193094462799 ], [ 20.0664972, 42.869683894463869 ], [ 20.0649544, 42.870783694464286 ], [ 20.0692987, 42.877016094466953 ], [ 20.0718708, 42.876560894466792 ], [ 20.0720461, 42.874401494465815 ], [ 20.0736326, 42.875399694466303 ], [ 20.0752725, 42.880083894468243 ], [ 20.0729157, 42.882700594469355 ], [ 20.0723762, 42.885688194470632 ], [ 20.07499, 42.885901794470726 ], [ 20.0763786, 42.88524349447043 ], [ 20.0776817, 42.885541594470553 ], [ 20.0800949, 42.889103394472073 ], [ 20.0818996, 42.896677194475288 ], [ 20.083403, 42.898909494476257 ], [ 20.082695, 42.902421894477726 ], [ 20.0860962, 42.906361994479454 ], [ 20.086825, 42.909044594480569 ], [ 20.0862015, 42.910663594481235 ], [ 20.0891966, 42.914512294482854 ], [ 20.0923856, 42.915400794483268 ], [ 20.09311, 42.918273094484505 ], [ 20.0943937, 42.919478694484958 ], [ 20.0958983, 42.922596094486323 ], [ 20.0962839, 42.925989194487777 ], [ 20.0980441, 42.927912894488564 ], [ 20.0980093, 42.929532094489282 ], [ 20.1004674, 42.935403594491781 ], [ 20.1017098, 42.936961294492406 ], [ 20.10338, 42.937307294492555 ], [ 20.1065771, 42.940442294493863 ], [ 20.1087501, 42.944789094495725 ], [ 20.1028966, 42.952367794498954 ], [ 20.1062163, 42.954244494499733 ], [ 20.1094937, 42.958911894501689 ], [ 20.1199336, 42.960296894502299 ], [ 20.1250238, 42.961688494502852 ], [ 20.1216675, 42.963730894503726 ], [ 20.1219611, 42.964374394503999 ], [ 20.1254903, 42.96712219450518 ], [ 20.1309898, 42.968933294505952 ], [ 20.1325183, 42.970849294506749 ], [ 20.1332243, 42.970911794506819 ], [ 20.1341258, 42.972877094507616 ], [ 20.1363617, 42.974170394508143 ], [ 20.1374098, 42.979257594510344 ], [ 20.1410335, 42.982252994511597 ], [ 20.1470485, 42.989140594514474 ], [ 20.1502376, 42.988516894514241 ], [ 20.1512741, 42.987146394513594 ], [ 20.151071, 42.985567094512952 ], [ 20.1530575, 42.985079994512773 ], [ 20.1514868, 42.983148594511967 ], [ 20.1526541, 42.98172919451136 ], [ 20.1514888, 42.98036469451079 ], [ 20.152761, 42.978363794509953 ], [ 20.1521882, 42.975581794508777 ], [ 20.1533705, 42.974372894508278 ], [ 20.1563895, 42.975665794508764 ], [ 20.1589057, 42.975500094508703 ], [ 20.1592708, 42.974410694508308 ], [ 20.1667589, 42.973221994507739 ], [ 20.1670798, 42.973968794508075 ], [ 20.1673916, 42.972850294507595 ], [ 20.1680815, 42.972681394507561 ], [ 20.1739138, 42.972302094507377 ], [ 20.1782763, 42.969142794506013 ], [ 20.1798092, 42.968875194505891 ], [ 20.1804925, 42.96760689450538 ], [ 20.1795262, 42.967213994505187 ], [ 20.1830954, 42.965757894504591 ], [ 20.1833466, 42.96453539450409 ], [ 20.1862983, 42.963029494503438 ], [ 20.1885339, 42.96022969450226 ], [ 20.1911952, 42.959831694502093 ], [ 20.194958, 42.958139594501354 ], [ 20.1981884, 42.958113494501383 ], [ 20.2011442, 42.957376594501049 ], [ 20.2029129, 42.958412094501483 ], [ 20.206719700000011, 42.959228394501849 ], [ 20.2102071, 42.958366094501464 ], [ 20.2162418, 42.955060594500068 ], [ 20.2185387, 42.952265394498873 ], [ 20.2208064, 42.951270894498442 ], [ 20.2207669, 42.950407194498112 ], [ 20.2239084, 42.947959594497028 ], [ 20.2282261, 42.946229694496296 ], [ 20.2291013, 42.94440969449554 ], [ 20.2327668, 42.944796394495718 ], [ 20.236044, 42.942086094494599 ], [ 20.2390386, 42.940592194493959 ], [ 20.2515321, 42.940147394493756 ], [ 20.260968, 42.935340294491731 ], [ 20.2651845, 42.934324094491267 ], [ 20.2699383, 42.931696294490159 ], [ 20.2709734, 42.932579494490547 ], [ 20.2719881, 42.932433494490489 ], [ 20.2758503, 42.93368849449103 ], [ 20.2776665, 42.935294794491725 ], [ 20.2783525, 42.934835694491518 ], [ 20.27828, 42.932439394490487 ], [ 20.281897, 42.932412994490498 ], [ 20.2834774, 42.931568694490139 ], [ 20.2840434, 42.927278494488334 ], [ 20.2874464, 42.927585594488406 ], [ 20.2936831, 42.924971994487329 ], [ 20.2987905, 42.921868494486006 ], [ 20.3010106, 42.922456294486246 ], [ 20.3021868, 42.92204299448607 ], [ 20.3049517, 42.922452894486234 ], [ 20.3076545, 42.922191694486138 ], [ 20.3112856, 42.92340459448662 ], [ 20.3124474, 42.921663194485902 ], [ 20.3107153, 42.921014294485644 ], [ 20.3102235, 42.91742869448408 ], [ 20.316301, 42.917189794483988 ], [ 20.3188969, 42.915920594483488 ], [ 20.3191443, 42.915137194483151 ], [ 20.3202974, 42.914903894483054 ], [ 20.3221997, 42.916030694483517 ], [ 20.3246894, 42.913367794482397 ], [ 20.3252784, 42.91348749448246 ], [ 20.3258014, 42.912384094481972 ], [ 20.3269376, 42.913373294482433 ], [ 20.3274825, 42.912685794482087 ], [ 20.3294717, 42.913740694482499 ], [ 20.3291103, 42.913055594482252 ], [ 20.3297802, 42.913156394482321 ], [ 20.3329198, 42.911430594481587 ], [ 20.3363064, 42.907702994479983 ], [ 20.3406239, 42.909712194480825 ], [ 20.3441939, 42.909967394480965 ], [ 20.3448355, 42.911356194481542 ], [ 20.3455661, 42.911217494481505 ], [ 20.3465193, 42.908553894480335 ], [ 20.3456799, 42.907052594479708 ], [ 20.3477721, 42.90623329447935 ], [ 20.346617299999988, 42.905276294478938 ], [ 20.3480001, 42.903494094478184 ], [ 20.3476743, 42.901038794477145 ], [ 20.3494096, 42.899774894476622 ], [ 20.3500293, 42.895958894475022 ], [ 20.3496765, 42.895150594474678 ], [ 20.3479384, 42.894223594474283 ], [ 20.3449404, 42.888160694471694 ], [ 20.346015, 42.877401094467139 ], [ 20.3425989, 42.872051494464877 ], [ 20.3420799, 42.869200694463657 ], [ 20.3447632, 42.865146294461923 ], [ 20.3444532, 42.863055394461014 ], [ 20.3450798, 42.861044794460149 ], [ 20.3472272, 42.859131194459351 ], [ 20.3486355, 42.856035194458002 ], [ 20.3488997, 42.85429779445726 ], [ 20.3472479, 42.852324294456459 ], [ 20.3480096, 42.846460494453957 ], [ 20.3518539, 42.840634794451482 ], [ 20.3514452, 42.836792194449828 ], [ 20.3529276, 42.833380094448344 ], [ 20.3493727, 42.832619194448057 ], [ 20.3435482, 42.833134994448301 ], [ 20.3415604, 42.834270994448744 ], [ 20.3399562, 42.836185194449591 ], [ 20.3350906, 42.835863894449425 ], [ 20.3315036, 42.833722894448528 ], [ 20.3278195, 42.833377194448381 ], [ 20.3200874, 42.826205094445342 ] ] ] } },
{ "type": "Feature", "properties": { "admin_id": "2319358", "name_local": "Opština Andrijevica", "name_en": "Andrijevica Municipality" }, "geometry": { "type": "Polygon", "coordinates": [ [ [ 19.7608372, 42.607892194351784 ], [ 19.760333, 42.610544594352902 ], [ 19.7516367, 42.61354519435416 ], [ 19.7535016, 42.619361294356679 ], [ 19.749281, 42.625877394359499 ], [ 19.7496694, 42.62746969436018 ], [ 19.749127, 42.628034494360413 ], [ 19.7502428, 42.630257394361408 ], [ 19.7573598, 42.634668194363257 ], [ 19.7568657, 42.636170194363963 ], [ 19.7533327, 42.639419994365376 ], [ 19.7496316, 42.640876694365957 ], [ 19.7436588, 42.640966094366 ], [ 19.7378076, 42.642918794366814 ], [ 19.7371758, 42.643628394367141 ], [ 19.7374712, 42.646015594368137 ], [ 19.736784, 42.648605594369243 ], [ 19.7348448, 42.651775994370674 ], [ 19.7348097, 42.653630294371425 ], [ 19.7326961, 42.65689599437286 ], [ 19.7277, 42.659902894374142 ], [ 19.7273204, 42.661084794374595 ], [ 19.7251846, 42.660436894374342 ], [ 19.7230952, 42.660975194374615 ], [ 19.7176438, 42.658303294373447 ], [ 19.7143048, 42.657439794373111 ], [ 19.7141685, 42.656492294372683 ], [ 19.7129258, 42.655769894372369 ], [ 19.7093762, 42.65559929437228 ], [ 19.7062492, 42.654636394371842 ], [ 19.704146, 42.655769194372354 ], [ 19.7033449, 42.652374194370893 ], [ 19.6997356, 42.650930194370268 ], [ 19.6988285, 42.649726394369779 ], [ 19.6989242, 42.648525494369245 ], [ 19.700141, 42.647319394368722 ], [ 19.7003516, 42.645097594367797 ], [ 19.699069, 42.644502394367535 ], [ 19.6972906, 42.642120394366493 ], [ 19.6935373, 42.640799494365908 ], [ 19.689764, 42.637659094364551 ], [ 19.6867078, 42.638856694365096 ], [ 19.6862146, 42.635871994363818 ], [ 19.6851352, 42.635193594363543 ], [ 19.683754599999986, 42.632795194362487 ], [ 19.683703, 42.631303894361821 ], [ 19.6798571, 42.628256794360539 ], [ 19.6772538, 42.627714594360299 ], [ 19.6733579, 42.628254794360551 ], [ 19.6722779, 42.628545894360656 ], [ 19.6718827, 42.629620494361099 ], [ 19.6687631, 42.630027494361272 ], [ 19.6671541, 42.631319494361819 ], [ 19.6667214, 42.630377994361467 ], [ 19.6629857, 42.628724794360714 ], [ 19.6626738, 42.633993494362976 ], [ 19.6645534, 42.642674194366734 ], [ 19.6581354, 42.656007094372477 ], [ 19.6595744, 42.657811494373249 ], [ 19.6588504, 42.65938949437394 ], [ 19.6604361, 42.664852094376272 ], [ 19.6620169, 42.666586294377012 ], [ 19.6620343, 42.668444894377814 ], [ 19.6590532, 42.669829594378385 ], [ 19.660961, 42.680033194382794 ], [ 19.654386, 42.683144494384116 ], [ 19.6561896, 42.684730294384785 ], [ 19.6585486, 42.689394194386843 ], [ 19.6663849, 42.696196694389748 ], [ 19.6727268, 42.697854494390398 ], [ 19.673953, 42.701046594391819 ], [ 19.676232, 42.703521594392903 ], [ 19.6806288, 42.716432494398404 ], [ 19.6850023, 42.717175794398706 ], [ 19.6896277, 42.719591794399783 ], [ 19.689884299999989, 42.721624894400662 ], [ 19.6880185, 42.728783394403678 ], [ 19.6847985, 42.733243494405578 ], [ 19.6843186, 42.73602429440681 ], [ 19.6848459, 42.738821194407961 ], [ 19.6810807, 42.747078594411526 ], [ 19.6763752, 42.750954194413239 ], [ 19.6723536, 42.757101594415801 ], [ 19.6691627, 42.759499894416869 ], [ 19.674665, 42.762444394418068 ], [ 19.68253, 42.768094194420492 ], [ 19.6806654, 42.775364894423646 ], [ 19.678532, 42.779436594425363 ], [ 19.676620899999989, 42.779936694425594 ], [ 19.6759695, 42.780685494425938 ], [ 19.6755289, 42.784159894427397 ], [ 19.6717368, 42.788603894429315 ], [ 19.6688242, 42.790195094429954 ], [ 19.6662144, 42.792761994431089 ], [ 19.6684983, 42.7982756944334 ], [ 19.6634669, 42.797744494433154 ], [ 19.6579778, 42.798603094433524 ], [ 19.6567248, 42.800010794434151 ], [ 19.6563023, 42.801743394434901 ], [ 19.6508428, 42.80656309443696 ], [ 19.6486119, 42.806824894437064 ], [ 19.6464819, 42.806381094436908 ], [ 19.6390322, 42.807930394437548 ], [ 19.6401978, 42.812509394439466 ], [ 19.6436543, 42.813527194439899 ], [ 19.6482381, 42.816408194441159 ], [ 19.6510911, 42.81961069444251 ], [ 19.6504565, 42.825454894445002 ], [ 19.6489721, 42.827624994445905 ], [ 19.6586486, 42.841661194451888 ], [ 19.6591468, 42.84916169445512 ], [ 19.6607152, 42.848309494454732 ], [ 19.6630147, 42.843728594452813 ], [ 19.6671619, 42.840315894451308 ], [ 19.6682478, 42.838053094450416 ], [ 19.6719997, 42.835768194449408 ], [ 19.6751037, 42.831211594447453 ], [ 19.6827941, 42.831511394447553 ], [ 19.6839625, 42.826835294445559 ], [ 19.6896291, 42.826508894445446 ], [ 19.6984609, 42.827146694445702 ], [ 19.7011068, 42.827880594446022 ], [ 19.7023115, 42.826763494445558 ], [ 19.703297, 42.826620594445515 ], [ 19.704606, 42.82753429444589 ], [ 19.7073257, 42.827447794445852 ], [ 19.7112, 42.828234994446156 ], [ 19.7140886, 42.82918429444657 ], [ 19.7140486, 42.830294594447089 ], [ 19.715347, 42.830178694446992 ], [ 19.7157559, 42.828642194446388 ], [ 19.7168049, 42.828044194446093 ], [ 19.7163437, 42.82623049444534 ], [ 19.7172592, 42.824722294444697 ], [ 19.7167004, 42.822960894443931 ], [ 19.7189076, 42.820851294443052 ], [ 19.7220182, 42.820112294442694 ], [ 19.7237848, 42.820291394442791 ], [ 19.7261863, 42.818652394442097 ], [ 19.7258992, 42.816498294441182 ], [ 19.7300925, 42.812108194439325 ], [ 19.749491, 42.811530294439052 ], [ 19.76174, 42.807472194437345 ], [ 19.7718018, 42.805495194436453 ], [ 19.7944259, 42.798132794433371 ], [ 19.8056542, 42.798520594433519 ], [ 19.805928, 42.796829294432811 ], [ 19.8080939, 42.796155094432514 ], [ 19.8085222, 42.795022694432063 ], [ 19.8102335, 42.794405494431771 ], [ 19.8124058, 42.794438794431763 ], [ 19.812184, 42.791671794430613 ], [ 19.8136429, 42.790951694430284 ], [ 19.8162147, 42.791405494430478 ], [ 19.8175358, 42.790705494430185 ], [ 19.8190035, 42.791146294430362 ], [ 19.8197618, 42.79043969443007 ], [ 19.8212285, 42.790497294430089 ], [ 19.8246899, 42.787000494428575 ], [ 19.8265751, 42.786783494428526 ], [ 19.8288624, 42.785301394427883 ], [ 19.8335301, 42.78626989442828 ], [ 19.8357589, 42.789955794429844 ], [ 19.8363228, 42.789367694429579 ], [ 19.8385328, 42.790146994429968 ], [ 19.8375974, 42.791457194430485 ], [ 19.8407849, 42.795255894432117 ], [ 19.8402882, 42.797931294433269 ], [ 19.8411239, 42.798697894433566 ], [ 19.847107, 42.800179494434239 ], [ 19.8510529, 42.802995994435435 ], [ 19.8527158, 42.805430894436455 ], [ 19.8579202, 42.80370339443575 ], [ 19.8579634, 42.80272729443535 ], [ 19.8551033, 42.800312694434261 ], [ 19.8525251, 42.800218794434208 ], [ 19.852566499999988, 42.799384494433866 ], [ 19.8501472, 42.798104094433356 ], [ 19.8493994, 42.796159194432512 ], [ 19.8523626, 42.795297594432128 ], [ 19.8550181, 42.793754894431459 ], [ 19.8579589, 42.789616594429724 ], [ 19.8633682, 42.786080194428209 ], [ 19.8668473, 42.788113694429043 ], [ 19.8648813, 42.779304694425342 ], [ 19.8670821, 42.777307894424432 ], [ 19.8656706, 42.773207994422719 ], [ 19.8648624, 42.772496294422425 ], [ 19.8573679, 42.77091969442175 ], [ 19.8555533, 42.769874894421271 ], [ 19.8556529, 42.766664094419895 ], [ 19.8533984, 42.765189094419291 ], [ 19.8513729, 42.765286594419301 ], [ 19.8504958, 42.764638994419052 ], [ 19.8509952, 42.763738994418681 ], [ 19.850021, 42.761711794417778 ], [ 19.8525228, 42.757768494416098 ], [ 19.8508878, 42.757327894415937 ], [ 19.8502836, 42.74658399441131 ], [ 19.8598216, 42.740437994408659 ], [ 19.8565552, 42.739250894408194 ], [ 19.854012, 42.739383494408266 ], [ 19.8521018, 42.738052494407675 ], [ 19.8477831, 42.736403294406955 ], [ 19.8471722, 42.734855494406325 ], [ 19.8484372, 42.733565394405765 ], [ 19.8487637, 42.73176139440497 ], [ 19.8531352, 42.728235094403466 ], [ 19.8548515, 42.727544594403156 ], [ 19.8578415, 42.727817694403278 ], [ 19.8697771, 42.721236894400455 ], [ 19.8744197, 42.720246094400039 ], [ 19.8833823, 42.721078394400394 ], [ 19.8919239, 42.71788829439901 ], [ 19.892605, 42.716924594398584 ], [ 19.8966543, 42.714797494397722 ], [ 19.898106, 42.710150594395721 ], [ 19.9000038, 42.708197294394871 ], [ 19.90143, 42.705112394393552 ], [ 19.9034654, 42.703777494392973 ], [ 19.9071178, 42.702670094392531 ], [ 19.9084886, 42.700019894391346 ], [ 19.9117246, 42.697839794390418 ], [ 19.9136489, 42.695497994389449 ], [ 19.909875, 42.693734594388658 ], [ 19.9079717, 42.694603394389006 ], [ 19.9016258, 42.693330394388475 ], [ 19.8975904, 42.693112394388393 ], [ 19.8931568, 42.690482194387243 ], [ 19.8912783, 42.689950494387048 ], [ 19.8908722, 42.68796149438618 ], [ 19.8863321, 42.684784394384856 ], [ 19.8860891, 42.683545094384307 ], [ 19.8831331, 42.681834694383568 ], [ 19.8730552, 42.678358094382091 ], [ 19.8701665, 42.677983794381916 ], [ 19.8686468, 42.677030494381476 ], [ 19.8683273, 42.678914794382301 ], [ 19.8661618, 42.678654894382213 ], [ 19.8647073, 42.677500294381666 ], [ 19.8617076, 42.67649349438129 ], [ 19.8651971, 42.675366294380765 ], [ 19.8656587, 42.67281469437971 ], [ 19.8696975, 42.670307794378651 ], [ 19.867853, 42.669385394378232 ], [ 19.8668729, 42.666564594376986 ], [ 19.8654084, 42.666009194376741 ], [ 19.8647916, 42.66509309437636 ], [ 19.8630022, 42.660701594374466 ], [ 19.860696, 42.657924194373301 ], [ 19.8592012, 42.652891694371107 ], [ 19.8574845, 42.650533794370119 ], [ 19.8625038, 42.65478759437196 ], [ 19.8643569, 42.655188394372118 ], [ 19.8620025, 42.653218994371279 ], [ 19.8623826, 42.651367494370469 ], [ 19.8602253, 42.648014894369034 ], [ 19.8562409, 42.647081394368648 ], [ 19.8543594, 42.644959194367686 ], [ 19.8525018, 42.644871694367652 ], [ 19.8490842, 42.643627594367153 ], [ 19.8433403, 42.643207494366941 ], [ 19.8412466, 42.642570494366652 ], [ 19.8395949, 42.640551694365854 ], [ 19.840473, 42.638153294364805 ], [ 19.8376162, 42.636990194364252 ], [ 19.8360588, 42.635676594363709 ], [ 19.8290439, 42.633709594362855 ], [ 19.8278193, 42.630466894361462 ], [ 19.8306095, 42.625993494359527 ], [ 19.824407, 42.629013494360848 ], [ 19.8182468, 42.629544994361105 ], [ 19.8241159, 42.627392094360154 ], [ 19.8266189, 42.62405879435871 ], [ 19.8227106, 42.613191494354034 ], [ 19.8234252, 42.612279094353639 ], [ 19.821164, 42.606018094350965 ], [ 19.8213782, 42.601045594348783 ], [ 19.8179002, 42.599198294347985 ], [ 19.8174358, 42.597415894347257 ], [ 19.8065184, 42.596323094346751 ], [ 19.7870719, 42.598758494347798 ], [ 19.7852303, 42.602855094349586 ], [ 19.7828239, 42.602268794349335 ], [ 19.7823185, 42.600880194348733 ], [ 19.7777438, 42.602768594349534 ], [ 19.7766692, 42.60205749434926 ], [ 19.7650396, 42.606002994350931 ], [ 19.7628062, 42.6082918943519 ], [ 19.7608372, 42.607892194351784 ] ] ] } },
{ "type": "Feature", "properties": { "admin_id": "2319359", "name_local": "Opština Berane", "name_en": "Berane Municipality" }, "geometry": { "type": "Polygon", "coordinates": [ [ [ 19.8878574, 42.923763994486798 ], [ 19.8859794, 42.925620594487583 ], [ 19.8853589, 42.925458294487512 ], [ 19.8854161, 42.924646394487169 ], [ 19.8848199, 42.924671894487176 ], [ 19.8839952, 42.925569994487546 ], [ 19.8825044, 42.92564929448762 ], [ 19.8798865, 42.926873594488136 ], [ 19.8730173, 42.927868694488552 ], [ 19.8723575, 42.929049594489044 ], [ 19.8690824, 42.928954894488996 ], [ 19.8685662, 42.929262194489169 ], [ 19.8688535, 42.930975494489886 ], [ 19.8601109, 42.931982494490263 ], [ 19.8532205, 42.934069794491158 ], [ 19.8540496, 42.935265494491702 ], [ 19.8525616, 42.937469194492664 ], [ 19.8496011, 42.93875189449318 ], [ 19.8437255, 42.944918794495763 ], [ 19.8450912, 42.949482394497693 ], [ 19.8440662, 42.951940594498758 ], [ 19.8475016, 42.954912494499986 ], [ 19.8482942, 42.958058394501336 ], [ 19.8479752, 42.959180094501811 ], [ 19.8438035, 42.961419194502788 ], [ 19.8423429, 42.966295294504818 ], [ 19.8410552, 42.96684479450505 ], [ 19.8342878, 42.966682394504993 ], [ 19.8292863, 42.967938894505551 ], [ 19.8277478, 42.967268594505235 ], [ 19.8229216, 42.96803159450559 ], [ 19.8211686, 42.967539794505313 ], [ 19.8213651, 42.966868494505064 ], [ 19.8202267, 42.966949194505112 ], [ 19.8203933, 42.966374994504875 ], [ 19.8193301, 42.966057894504736 ], [ 19.8199396, 42.964289694503975 ], [ 19.8165031, 42.957752294501205 ], [ 19.8120974, 42.95561519450029 ], [ 19.8097491, 42.955456394500246 ], [ 19.8073491, 42.956020694500488 ], [ 19.8055039, 42.954429294499789 ], [ 19.8050293, 42.952817094499125 ], [ 19.8057828, 42.947514394496864 ], [ 19.8074942, 42.944919494495778 ], [ 19.8067836, 42.943618294495224 ], [ 19.804856, 42.942372094494687 ], [ 19.8038842, 42.939383694493443 ], [ 19.8029682, 42.938900794493229 ], [ 19.8030755, 42.938093994492903 ], [ 19.8043474, 42.937239794492513 ], [ 19.8038768, 42.936449194492191 ], [ 19.8048396, 42.935695094491898 ], [ 19.8047547, 42.932471494490478 ], [ 19.8034942, 42.930820794489819 ], [ 19.8006803, 42.92944699448924 ], [ 19.7991227, 42.930508194489654 ], [ 19.7968946, 42.931078494489896 ], [ 19.7871329, 42.930596194489681 ], [ 19.7863043, 42.929972594489456 ], [ 19.78551, 42.930184394489515 ], [ 19.785085, 42.929514494489268 ], [ 19.7840543, 42.92985249448941 ], [ 19.7831171, 42.928356294488758 ], [ 19.7801381, 42.927963794488612 ], [ 19.7798081, 42.927523494488405 ], [ 19.778909, 42.927841894488544 ], [ 19.778502, 42.926719094488092 ], [ 19.7724999, 42.927930894488554 ], [ 19.762909, 42.924017494486947 ], [ 19.7617517, 42.92487789448731 ], [ 19.7579153, 42.922702494486387 ], [ 19.7572913, 42.921190594485743 ], [ 19.7556981, 42.920549594485443 ], [ 19.7540799, 42.918778994484676 ], [ 19.7504702, 42.91776009448423 ], [ 19.7487375, 42.916694094483802 ], [ 19.7473198, 42.915488794483309 ], [ 19.7483149, 42.91440419448282 ], [ 19.7479618, 42.914134094482733 ], [ 19.7396957, 42.912919594482226 ], [ 19.7335828, 42.916034294483502 ], [ 19.7294486, 42.916540894483759 ], [ 19.7251848, 42.918641994484645 ], [ 19.7225127, 42.919125994484844 ], [ 19.720831, 42.920007494485212 ], [ 19.7204801, 42.920821094485532 ], [ 19.7187285, 42.919735794485092 ], [ 19.7092794, 42.916970994483918 ], [ 19.703552399999989, 42.913258294482411 ], [ 19.6989567, 42.911783994481738 ], [ 19.6912475, 42.914354994482835 ], [ 19.6894774, 42.914520294482898 ], [ 19.6861382, 42.913307294482358 ], [ 19.6841198, 42.913284094482364 ], [ 19.6820869, 42.913940894482629 ], [ 19.6781916, 42.917918194484344 ], [ 19.6750506, 42.91542559448326 ], [ 19.6737771, 42.9135504944825 ], [ 19.6727677, 42.908525894480327 ], [ 19.6738937, 42.905765094479158 ], [ 19.6722088, 42.904008294478416 ], [ 19.6722278, 42.899064994476348 ], [ 19.6710154, 42.898819494476236 ], [ 19.6698984, 42.895162494474647 ], [ 19.6668253, 42.891882894473298 ], [ 19.6640581, 42.889933794472434 ], [ 19.6499339, 42.884427194470113 ], [ 19.6437923, 42.88121839446876 ], [ 19.6359717, 42.874220394465787 ], [ 19.6381099, 42.873836294465583 ], [ 19.6402758, 42.872471194465021 ], [ 19.6433232, 42.872205894464919 ], [ 19.6486896, 42.872791694465171 ], [ 19.654996, 42.871812794464724 ], [ 19.6589654, 42.869946394463973 ], [ 19.66006, 42.86856839446336 ], [ 19.6629079, 42.867611494462984 ], [ 19.665332, 42.86445739446161 ], [ 19.6677336, 42.862617394460834 ], [ 19.669699, 42.862559294460816 ], [ 19.6718778, 42.861112694460175 ], [ 19.6743151, 42.855590894457862 ], [ 19.677774, 42.851197194455999 ], [ 19.6725748, 42.850871294455857 ], [ 19.6690972, 42.851569094456138 ], [ 19.663757, 42.849557794455293 ], [ 19.6627421, 42.848393594454777 ], [ 19.6607152, 42.848309494454732 ], [ 19.6622524, 42.844627794453189 ], [ 19.6671619, 42.840315894451308 ], [ 19.6682478, 42.838053094450416 ], [ 19.6719997, 42.835768194449408 ], [ 19.6751037, 42.831211594447453 ], [ 19.6827941, 42.831511394447553 ], [ 19.6839625, 42.826835294445559 ], [ 19.6848719, 42.826500394445439 ], [ 19.6984609, 42.827146694445702 ], [ 19.7011068, 42.827880594446022 ], [ 19.7023115, 42.826763494445558 ], [ 19.703297, 42.826620594445515 ], [ 19.704606, 42.82753429444589 ], [ 19.7073257, 42.827447794445852 ], [ 19.7112, 42.828234994446156 ], [ 19.7140886, 42.82918429444657 ], [ 19.7140486, 42.830294594447089 ], [ 19.715347, 42.830178694446992 ], [ 19.7157559, 42.828642194446388 ], [ 19.7168049, 42.828044194446093 ], [ 19.7163437, 42.82623049444534 ], [ 19.7172592, 42.824722294444697 ], [ 19.7167004, 42.822960894443931 ], [ 19.7189076, 42.820851294443052 ], [ 19.7220182, 42.820112294442694 ], [ 19.7237848, 42.820291394442791 ], [ 19.7261863, 42.818652394442097 ], [ 19.7258992, 42.816498294441182 ], [ 19.7300925, 42.812108194439325 ], [ 19.749491, 42.811530294439052 ], [ 19.76174, 42.807472194437345 ], [ 19.7718018, 42.805495194436453 ], [ 19.7944259, 42.798132794433371 ], [ 19.8056542, 42.798520594433519 ], [ 19.805928, 42.796829294432811 ], [ 19.8080939, 42.796155094432514 ], [ 19.8085222, 42.795022694432063 ], [ 19.8102335, 42.794405494431771 ], [ 19.8124058, 42.794438794431763 ], [ 19.812184, 42.791671794430613 ], [ 19.8136429, 42.790951694430284 ], [ 19.8162147, 42.791405494430478 ], [ 19.8175358, 42.790705494430185 ], [ 19.8190035, 42.791146294430362 ], [ 19.8197618, 42.79043969443007 ], [ 19.8212285, 42.790497294430089 ], [ 19.8246899, 42.787000494428575 ], [ 19.8265751, 42.786783494428526 ], [ 19.8288624, 42.785301394427883 ], [ 19.8335301, 42.78626989442828 ], [ 19.8357589, 42.789955794429844 ], [ 19.8363228, 42.789367694429579 ], [ 19.8385328, 42.790146994429968 ], [ 19.8375974, 42.791457194430485 ], [ 19.8407849, 42.795255894432117 ], [ 19.8402882, 42.797931294433269 ], [ 19.8411239, 42.798697894433566 ], [ 19.847107, 42.800179494434239 ], [ 19.8510529, 42.802995994435435 ], [ 19.8527158, 42.805430894436455 ], [ 19.8579202, 42.80370339443575 ], [ 19.8579634, 42.80272729443535 ], [ 19.8551033, 42.800312694434261 ], [ 19.8525251, 42.800218794434208 ], [ 19.852566499999988, 42.799384494433866 ], [ 19.8501472, 42.798104094433356 ], [ 19.8493994, 42.796159194432512 ], [ 19.8523626, 42.795297594432128 ], [ 19.8550181, 42.793754894431459 ], [ 19.8579589, 42.789616594429724 ], [ 19.8633682, 42.786080194428209 ], [ 19.8668473, 42.788113694429043 ], [ 19.8648813, 42.779304694425342 ], [ 19.8670821, 42.777307894424432 ], [ 19.8656706, 42.773207994422719 ], [ 19.8648624, 42.772496294422425 ], [ 19.8573679, 42.77091969442175 ], [ 19.8555533, 42.769874894421271 ], [ 19.8556529, 42.766664094419895 ], [ 19.8533984, 42.765189094419291 ], [ 19.8513729, 42.765286594419301 ], [ 19.8504958, 42.764638994419052 ], [ 19.8509952, 42.763738994418681 ], [ 19.850021, 42.761711794417778 ], [ 19.8525228, 42.757768494416098 ], [ 19.8508878, 42.757327894415937 ], [ 19.8502836, 42.74658399441131 ], [ 19.8598216, 42.740437994408659 ], [ 19.8565552, 42.739250894408194 ], [ 19.854012, 42.739383494408266 ], [ 19.8521018, 42.738052494407675 ], [ 19.8477831, 42.736403294406955 ], [ 19.8471722, 42.734855494406325 ], [ 19.8484372, 42.733565394405765 ], [ 19.8487637, 42.73176139440497 ], [ 19.8531352, 42.728235094403466 ], [ 19.8548515, 42.727544594403156 ], [ 19.8578415, 42.727817694403278 ], [ 19.8697771, 42.721236894400455 ], [ 19.8744197, 42.720246094400039 ], [ 19.8833823, 42.721078394400394 ], [ 19.8919239, 42.71788829439901 ], [ 19.892605, 42.716924594398584 ], [ 19.8966543, 42.714797494397722 ], [ 19.898106, 42.710150594395721 ], [ 19.9000038, 42.708197294394871 ], [ 19.90143, 42.705112394393552 ], [ 19.9034654, 42.703777494392973 ], [ 19.9071178, 42.702670094392531 ], [ 19.9084886, 42.700019894391346 ], [ 19.9117246, 42.697839794390418 ], [ 19.9136489, 42.695497994389449 ], [ 19.9229538, 42.699102394390948 ], [ 19.9335353, 42.702287594392352 ], [ 19.9371014, 42.702014094392183 ], [ 19.9428078, 42.700123094391373 ], [ 19.9514301, 42.7016694943921 ], [ 19.9559276, 42.703615994392891 ], [ 19.9603496, 42.702466494392418 ], [ 19.967666, 42.706839294394264 ], [ 19.9688963, 42.706976194394365 ], [ 19.9716737, 42.706795394394291 ], [ 19.9779573, 42.705198794393596 ], [ 19.9875754, 42.702150694392266 ], [ 19.989738, 42.701998494392228 ], [ 19.992090699999988, 42.703223594392739 ], [ 19.9977241, 42.70374099439298 ], [ 20.0026533, 42.706570294394147 ], [ 20.0072582, 42.707930394394751 ], [ 20.0109607, 42.708079294394807 ], [ 20.0163451, 42.709252494395336 ], [ 20.0172848, 42.713589894397202 ], [ 20.0226654, 42.714076294397437 ], [ 20.0264872, 42.715409194397949 ], [ 20.0277398, 42.716392794398409 ], [ 20.0277195, 42.717534594398892 ], [ 20.0320348, 42.719695794399797 ], [ 20.0320428, 42.7205948944002 ], [ 20.0295798, 42.720620394400186 ], [ 20.025789, 42.722581394401026 ], [ 20.023289, 42.722462494400951 ], [ 20.0192001, 42.724644194401911 ], [ 20.0186374, 42.724408294401833 ], [ 20.0149186, 42.728340394403496 ], [ 20.0145505, 42.729387894403963 ], [ 20.0162735, 42.735188094406432 ], [ 20.0142981, 42.740822294408808 ], [ 20.0165669, 42.744639794410496 ], [ 20.0195958, 42.744778394410538 ], [ 20.0201184, 42.74827269441203 ], [ 20.0211812, 42.7500859944128 ], [ 20.0232967, 42.751812894413526 ], [ 20.0236483, 42.752884094414007 ], [ 20.0220421, 42.757519294416021 ], [ 20.0242655, 42.762085194417935 ], [ 20.0237322, 42.763124994418391 ], [ 20.024652899999989, 42.765138594419291 ], [ 20.0300042, 42.765895994419608 ], [ 20.0322872, 42.764910394419182 ], [ 20.0333785, 42.768884994420866 ], [ 20.0379432, 42.770625294421606 ], [ 20.0387346, 42.772119794422238 ], [ 20.0434286, 42.774573194423304 ], [ 20.0473435, 42.773491494422835 ], [ 20.0477644, 42.773786694422945 ], [ 20.0440578, 42.783229594426984 ], [ 20.0423194, 42.784056094427356 ], [ 20.0388887, 42.788997194429442 ], [ 20.039713, 42.790819994430237 ], [ 20.0382145, 42.790789594430201 ], [ 20.0350027, 42.792744694431079 ], [ 20.0328136, 42.792566694430974 ], [ 20.0312188, 42.791821094430652 ], [ 20.0302975, 42.792100694430779 ], [ 20.0294868, 42.79240139443089 ], [ 20.0285491, 42.794925794431997 ], [ 20.0294303, 42.796666294432718 ], [ 20.0303183, 42.802751194435317 ], [ 20.0313357, 42.804614194436105 ], [ 20.0331, 42.806584194436958 ], [ 20.0370328, 42.808344994437704 ], [ 20.0377881, 42.809430994438138 ], [ 20.0360452, 42.813228594439792 ], [ 20.0362669, 42.81602219444094 ], [ 20.0309037, 42.819051894442246 ], [ 20.026655, 42.819474794442442 ], [ 20.0248864, 42.824067294444419 ], [ 20.0253984, 42.827216294445734 ], [ 20.0282211, 42.829469994446704 ], [ 20.0312251, 42.833868594448603 ], [ 20.0325881, 42.83417069444873 ], [ 20.0316032, 42.834843694448999 ], [ 20.0295722, 42.83482809444898 ], [ 20.0235166, 42.839672794451083 ], [ 20.0240457, 42.841943994452024 ], [ 20.0259258, 42.844917094453287 ], [ 20.0200334, 42.84456089445316 ], [ 20.0116439, 42.847694094454475 ], [ 20.0107484, 42.848754794454941 ], [ 20.006105, 42.849279594455169 ], [ 20.002895, 42.852765594456635 ], [ 19.9969555, 42.853898194457123 ], [ 19.9962517, 42.85471619445746 ], [ 19.9963718, 42.856503094458212 ], [ 19.9950844, 42.857962794458849 ], [ 19.9950672, 42.859737094459597 ], [ 19.9926468, 42.862517894460815 ], [ 19.9866901, 42.864719794461735 ], [ 19.9832054, 42.867034894462684 ], [ 19.9811455, 42.870394094464167 ], [ 19.9793087, 42.872029594464863 ], [ 19.9766136, 42.873136694465316 ], [ 19.9753948, 42.874734394466003 ], [ 19.9613701, 42.881061794468678 ], [ 19.956821, 42.881502094468878 ], [ 19.9501091, 42.886797494471097 ], [ 19.9378353, 42.892935094473707 ], [ 19.9400726, 42.893952794474181 ], [ 19.9403848, 42.895935194475022 ], [ 19.939214, 42.896954994475415 ], [ 19.9390839, 42.898546494476101 ], [ 19.9375878, 42.901157794477221 ], [ 19.9381342, 42.902320394477684 ], [ 19.9368853, 42.904845694478759 ], [ 19.9379, 42.90659909447956 ], [ 19.9359876, 42.907046894479713 ], [ 19.935011899999985, 42.906665794479551 ], [ 19.9359226, 42.90924809448066 ], [ 19.9336459, 42.909324294480662 ], [ 19.9317075, 42.911534894481655 ], [ 19.9250336, 42.913221294482341 ], [ 19.9215991, 42.915174594483148 ], [ 19.9189061, 42.914393294482835 ], [ 19.9172539, 42.914774394483011 ], [ 19.9160961, 42.915946294483497 ], [ 19.914613, 42.916127294483545 ], [ 19.9138584, 42.915603294483333 ], [ 19.9120631, 42.91689899448393 ], [ 19.9043745, 42.919337994484927 ], [ 19.9022149, 42.921576794485837 ], [ 19.9003676, 42.921071894485678 ], [ 19.8988715, 42.921500594485842 ], [ 19.8972193, 42.92063369448551 ], [ 19.8966209, 42.921243394485749 ], [ 19.8928091, 42.922338894486209 ], [ 19.8894526, 42.921043294485649 ], [ 19.8862133, 42.923853594486836 ], [ 19.8878574, 42.923763994486798 ] ] ] } },
{ "type": "Feature", "properties": { "admin_id": "2319360", "name_local": "Glavni grad Podgorica", "name_en": "Podgorica Capital City" }, "geometry": { "type": "Polygon", "coordinates": [ [ [ 19.6629857, 42.628724794360714 ], [ 19.6494036, 42.613685294354262 ], [ 19.6368901, 42.600967794348783 ], [ 19.6272654, 42.593302694345461 ], [ 19.6274359, 42.592621494345181 ], [ 19.6256517, 42.590698294344342 ], [ 19.6099734, 42.575506094337804 ], [ 19.6100109, 42.573727794336996 ], [ 19.611969, 42.569049594334999 ], [ 19.6097639, 42.563865094332741 ], [ 19.6099288, 42.562272394332069 ], [ 19.6119743, 42.559812394331026 ], [ 19.6145511, 42.552111494327725 ], [ 19.6143913, 42.549557894326533 ], [ 19.6160262, 42.546988294325487 ], [ 19.6155761, 42.544555194324396 ], [ 19.6159816, 42.543310894323902 ], [ 19.6172016, 42.542837394323676 ], [ 19.6155333, 42.542143494323405 ], [ 19.6147888, 42.540888894322862 ], [ 19.6129717, 42.539787494322333 ], [ 19.6055491, 42.53810639432163 ], [ 19.6049094, 42.534880094320236 ], [ 19.6020761, 42.530833194318447 ], [ 19.5975756, 42.529139794317786 ], [ 19.5944381, 42.533206494319543 ], [ 19.5794391, 42.541522994323088 ], [ 19.5722723, 42.54715099432552 ], [ 19.5705986, 42.547230094325577 ], [ 19.5520806, 42.528304694317406 ], [ 19.5399237, 42.5123513943105 ], [ 19.5362973, 42.503160894306497 ], [ 19.5342374, 42.500091894305186 ], [ 19.5353103, 42.497608094304091 ], [ 19.534967, 42.49313059430218 ], [ 19.5338512, 42.489617994300616 ], [ 19.5307613, 42.486769794299398 ], [ 19.5295382, 42.483889894298187 ], [ 19.5247102, 42.480962294296894 ], [ 19.5194745, 42.479933694296427 ], [ 19.5036817, 42.474062194293872 ], [ 19.4915814, 42.468244794291387 ], [ 19.479093, 42.463812794289453 ], [ 19.4639439, 42.460805094288133 ], [ 19.4563537, 42.461037094288265 ], [ 19.4481784, 42.462540994288887 ], [ 19.4396597, 42.467416294290992 ], [ 19.4270549, 42.468559394291496 ], [ 19.4260087, 42.468060594291295 ], [ 19.4153934, 42.46879469429161 ], [ 19.4141175, 42.470262794292275 ], [ 19.4142068, 42.476502194294945 ], [ 19.4113233, 42.475645794294593 ], [ 19.4077508, 42.47542939429453 ], [ 19.4077636, 42.474930594294293 ], [ 19.4068194, 42.47466709429419 ], [ 19.405007699999988, 42.474676494294179 ], [ 19.4044973, 42.474394194294064 ], [ 19.4049184, 42.473763694293758 ], [ 19.4005549, 42.471439194292749 ], [ 19.4010397, 42.470610994292386 ], [ 19.3997383, 42.470008694292126 ], [ 19.3978245, 42.471382794292722 ], [ 19.3937544, 42.47030049429226 ], [ 19.3925551, 42.467599394291099 ], [ 19.3915599, 42.467364094290971 ], [ 19.3893782, 42.468107594291304 ], [ 19.3880768, 42.467298194290969 ], [ 19.3889699, 42.464747594289889 ], [ 19.3865202, 42.461387394288401 ], [ 19.3856781, 42.461010894288229 ], [ 19.384836, 42.461923894288638 ], [ 19.3838919, 42.461980394288659 ], [ 19.383305, 42.461453294288418 ], [ 19.3846574, 42.45938249428751 ], [ 19.3812125, 42.458591794287194 ], [ 19.3774997, 42.460163694287878 ], [ 19.3748969, 42.459071794287397 ], [ 19.3740293, 42.457471594286702 ], [ 19.3722558, 42.456332594286224 ], [ 19.3725493, 42.454986494285627 ], [ 19.3717455, 42.453875694285173 ], [ 19.3722176, 42.452868394284692 ], [ 19.3737614, 42.452312994284441 ], [ 19.3767087, 42.452717794284609 ], [ 19.377219, 42.450994994283874 ], [ 19.3779718, 42.450703194283776 ], [ 19.3823863, 42.452002294284355 ], [ 19.382616, 42.447897694282581 ], [ 19.3844277, 42.444075194280892 ], [ 19.385895, 42.442898294280369 ], [ 19.3868136, 42.442992494280425 ], [ 19.3879747, 42.442248694280124 ], [ 19.3869029, 42.441580194279844 ], [ 19.3864309, 42.440252594279258 ], [ 19.3890464, 42.439678194278969 ], [ 19.3901309, 42.438632994278549 ], [ 19.3917896, 42.438124594278285 ], [ 19.3958724, 42.438058594278246 ], [ 19.3988962, 42.429404694274538 ], [ 19.3987176, 42.426824194273358 ], [ 19.3955662, 42.421804394271227 ], [ 19.37969420000001, 42.419195394270062 ], [ 19.3710437, 42.421474694271026 ], [ 19.3669864, 42.420382094270565 ], [ 19.3618446, 42.420834194270775 ], [ 19.3565497, 42.423405494271897 ], [ 19.34781, 42.428764294274238 ], [ 19.3286653, 42.429681894274609 ], [ 19.3194058, 42.429283894274469 ], [ 19.3175053, 42.427317794273598 ], [ 19.3129172, 42.428281694274027 ], [ 19.3114891, 42.427590894273706 ], [ 19.3106307, 42.424241194272241 ], [ 19.309871499999989, 42.424430194272354 ], [ 19.3095088, 42.423285394271829 ], [ 19.3050799, 42.423942594272155 ], [ 19.2949514, 42.406746194264663 ], [ 19.2840072, 42.400901394262078 ], [ 19.2782242, 42.396450894260148 ], [ 19.2775411, 42.383933394254711 ], [ 19.2777063, 42.382722594254204 ], [ 19.2786608, 42.38190719425382 ], [ 19.2759832, 42.379698794252889 ], [ 19.2689855, 42.37825799425223 ], [ 19.2652021, 42.378455094252359 ], [ 19.2600757, 42.377695994252051 ], [ 19.2552949, 42.378235394252243 ], [ 19.252302, 42.377125094251753 ], [ 19.2517211, 42.377824594252047 ], [ 19.2519623, 42.379064594252618 ], [ 19.2544605, 42.385100194255237 ], [ 19.2374766, 42.390074294257388 ], [ 19.2284258, 42.391610494258046 ], [ 19.2153163, 42.395388194259709 ], [ 19.2096774, 42.389489694257144 ], [ 19.2074458, 42.388453094256683 ], [ 19.1907219, 42.386650494255875 ], [ 19.1877044, 42.383996394254766 ], [ 19.1870096, 42.37668619425154 ], [ 19.1907928, 42.373101394250035 ], [ 19.1951238, 42.372963794249941 ], [ 19.1985571, 42.373673894250267 ], [ 19.2031254, 42.371115294249151 ], [ 19.2090874, 42.36359569424588 ], [ 19.2096212, 42.361722494245015 ], [ 19.2089842, 42.359814194244208 ], [ 19.2061121, 42.358186294243502 ], [ 19.2039103, 42.356019694242576 ], [ 19.2053617, 42.35399329424164 ], [ 19.2023304, 42.349526794239722 ], [ 19.1922687, 42.348220094239153 ], [ 19.1887491, 42.346753694238487 ], [ 19.1846394, 42.346876694238574 ], [ 19.1812494, 42.347835894238962 ], [ 19.1786032, 42.350195394239975 ], [ 19.177067, 42.349999894239922 ], [ 19.175819, 42.352665294241078 ], [ 19.1743963, 42.353017294241262 ], [ 19.1742118, 42.353582594241502 ], [ 19.1731002, 42.353540594241508 ], [ 19.1654316, 42.335229694233504 ], [ 19.1567482, 42.351159394240469 ], [ 19.1498476, 42.354664494241966 ], [ 19.1491692, 42.355673894242379 ], [ 19.1439539, 42.355932194242541 ], [ 19.1410369, 42.357879094243359 ], [ 19.1399069, 42.359595394244153 ], [ 19.1378512, 42.360677694244586 ], [ 19.132948, 42.361567494244944 ], [ 19.1328264, 42.362554794245433 ], [ 19.1308853, 42.36196629424515 ], [ 19.1312555, 42.361518694244936 ], [ 19.1304697, 42.361057794244765 ], [ 19.1251121, 42.361873994245144 ], [ 19.1245359, 42.363771094245912 ], [ 19.1257501, 42.363820994245977 ], [ 19.1277428, 42.365068194246497 ], [ 19.1260792, 42.368637694248058 ], [ 19.1251738, 42.369460694248396 ], [ 19.1225009, 42.37021039424873 ], [ 19.1218274, 42.371452194249315 ], [ 19.1165601, 42.373670994250254 ], [ 19.1150776, 42.375056394250819 ], [ 19.1143948, 42.377130894251778 ], [ 19.1116145, 42.378847694252499 ], [ 19.1098651, 42.379023794252539 ], [ 19.1073419, 42.382178994253948 ], [ 19.1031392, 42.382527194254131 ], [ 19.1028187, 42.383105794254391 ], [ 19.1046491, 42.384039694254788 ], [ 19.1033862, 42.384627294255033 ], [ 19.0996959, 42.384454694254963 ], [ 19.0984426, 42.385593194255492 ], [ 19.0961665, 42.385272994255331 ], [ 19.0935997, 42.385767494255525 ], [ 19.0916381, 42.38714999425612 ], [ 19.0901854, 42.387196394256179 ], [ 19.0900157, 42.388330394256627 ], [ 19.0855534, 42.388820894256853 ], [ 19.083521, 42.387402794256261 ], [ 19.081607, 42.387673294256324 ], [ 19.0818574, 42.389076194256923 ], [ 19.0797551, 42.388781694256849 ], [ 19.0784996, 42.389624994257233 ], [ 19.0794455, 42.390272994257479 ], [ 19.0793102, 42.392141194258279 ], [ 19.0779885, 42.393088894258739 ], [ 19.0753126, 42.393000094258703 ], [ 19.075041, 42.393398994258852 ], [ 19.0787939, 42.395134794259633 ], [ 19.0760148, 42.397814594260765 ], [ 19.0771197, 42.398511394261106 ], [ 19.0793165, 42.402078294262623 ], [ 19.0785215, 42.404237194263544 ], [ 19.0788301, 42.406068094264313 ], [ 19.0734105, 42.411021294266526 ], [ 19.0743472, 42.413439894267562 ], [ 19.0713253, 42.418170894269643 ], [ 19.06965, 42.418824294269911 ], [ 19.0687482, 42.418419394269762 ], [ 19.0638704, 42.419353394270146 ], [ 19.061896, 42.421080294270908 ], [ 19.0604688, 42.419357994270136 ], [ 19.0571425, 42.418851294269885 ], [ 19.051949, 42.418795494269894 ], [ 19.0498436, 42.419435894270151 ], [ 19.0471021, 42.418981594270001 ], [ 19.0449616, 42.419810194270347 ], [ 19.0416685, 42.419402994270122 ], [ 19.040615, 42.420545494270648 ], [ 19.0404621, 42.422509794271512 ], [ 19.0438319, 42.424581894272421 ], [ 19.0443711, 42.425513194272831 ], [ 19.0473359, 42.426548394273254 ], [ 19.0474352, 42.427727894273787 ], [ 19.0395294, 42.431400194275376 ], [ 19.0385202, 42.433002894276065 ], [ 19.0402321, 42.43534809427706 ], [ 19.0365936, 42.438201194278328 ], [ 19.0362484, 42.4395403942789 ], [ 19.0332668, 42.440631694279404 ], [ 19.0325871, 42.44282569428033 ], [ 19.0292327, 42.445459994281443 ], [ 19.0251132, 42.446244294281819 ], [ 19.018993, 42.449167294283114 ], [ 19.0124509, 42.457801794286844 ], [ 19.0115358, 42.458013694286947 ], [ 19.0082298, 42.460981294288246 ], [ 19.0016877, 42.46352969428937 ], [ 18.9976193, 42.468426494291457 ], [ 18.9947978, 42.470081494292195 ], [ 18.9926572, 42.468333794291432 ], [ 18.9913546, 42.469228194291816 ], [ 18.987759, 42.472489094293188 ], [ 18.9901025, 42.473510494293642 ], [ 18.9872, 42.475890694294705 ], [ 18.9849117, 42.476431194294925 ], [ 18.9816228, 42.479109194296072 ], [ 18.979044, 42.476753594295047 ], [ 18.9725164, 42.478439694295822 ], [ 18.9704694, 42.476781294295044 ], [ 18.9671451, 42.478323594295773 ], [ 18.9631801, 42.4744519942941 ], [ 18.9620439, 42.483236694297894 ], [ 18.9653394, 42.484650094298502 ], [ 18.9707662, 42.484656894298475 ], [ 18.974528, 42.487430794299691 ], [ 18.9774241, 42.486935294299492 ], [ 18.9807216, 42.487679194299808 ], [ 18.9866196, 42.482891294297723 ], [ 18.993162, 42.481857094297254 ], [ 18.9933534, 42.482683994297659 ], [ 18.9972069, 42.483158894297866 ], [ 19.0006114, 42.481796994297248 ], [ 19.0060614, 42.486297694299211 ], [ 19.0090596, 42.491171694301293 ], [ 19.0084128, 42.492644094301959 ], [ 19.0087739, 42.493962294302555 ], [ 19.0118037, 42.492671294301942 ], [ 19.0117917, 42.491924094301638 ], [ 19.0176818, 42.48835059430008 ], [ 19.0183287, 42.48689909429951 ], [ 19.017928, 42.486010994299093 ], [ 19.0194246, 42.485124594298682 ], [ 19.0184107, 42.484330494298341 ], [ 19.0202921, 42.483108694297805 ], [ 19.022537, 42.484687994298511 ], [ 19.0224072, 42.482517094297592 ], [ 19.0236423, 42.481355194297052 ], [ 19.0249297, 42.481295694297074 ], [ 19.0271077, 42.48213859429741 ], [ 19.0285526, 42.481285594297027 ], [ 19.0292162, 42.480651294296756 ], [ 19.0280963, 42.478881894296009 ], [ 19.0271047, 42.478658594295915 ], [ 19.0276214, 42.478073394295627 ], [ 19.0289309, 42.479106594296049 ], [ 19.0293531, 42.478385694295746 ], [ 19.0305897, 42.478045794295653 ], [ 19.0317906, 42.478329894295733 ], [ 19.0350648, 42.477836794295563 ], [ 19.0372386, 42.475981194294697 ], [ 19.04117, 42.475775294294685 ], [ 19.0425891, 42.474630094294135 ], [ 19.0527672, 42.476142694294779 ], [ 19.0537751, 42.474690294294199 ], [ 19.0558826, 42.47364089429373 ], [ 19.0578011, 42.473417794293624 ], [ 19.0574714, 42.472441194293175 ], [ 19.0598434, 42.47191629429296 ], [ 19.0626698, 42.47275379429334 ], [ 19.0629951, 42.473786094293771 ], [ 19.0621308, 42.47526119429444 ], [ 19.0635079, 42.475854094294668 ], [ 19.0661629, 42.47475349429417 ], [ 19.0710068, 42.473833094293802 ], [ 19.0735422, 42.474457594294087 ], [ 19.0740552, 42.474063094293882 ], [ 19.0728924, 42.473515694293667 ], [ 19.0734551, 42.472694094293324 ], [ 19.0786378, 42.471122894292591 ], [ 19.0823042, 42.468825294291655 ], [ 19.0826499, 42.469880594292064 ], [ 19.0841634, 42.470821994292521 ], [ 19.085299, 42.470621694292419 ], [ 19.0854013, 42.470057194292202 ], [ 19.0881599, 42.470304594292259 ], [ 19.0869129, 42.471064294292582 ], [ 19.0883399, 42.4716003942928 ], [ 19.09586, 42.469409594291882 ], [ 19.0979325, 42.470839594292478 ], [ 19.0983737, 42.470419294292292 ], [ 19.0993681, 42.470694094292426 ], [ 19.0995843, 42.47244889429318 ], [ 19.1052243, 42.47388009429379 ], [ 19.1076244, 42.472748294293346 ], [ 19.1100686, 42.473533594293663 ], [ 19.1126872, 42.472893094293376 ], [ 19.1128697, 42.473811894293803 ], [ 19.1199824, 42.475183994294404 ], [ 19.1223663, 42.476392994294912 ], [ 19.123401, 42.47560759429458 ], [ 19.126114, 42.476159494294798 ], [ 19.1282793, 42.478050094295604 ], [ 19.1297697, 42.47837119429574 ], [ 19.1332299, 42.477758394295492 ], [ 19.1341271, 42.479708594296326 ], [ 19.1381409, 42.478704894295937 ], [ 19.1387378, 42.479267094296198 ], [ 19.1403399, 42.479248494296115 ], [ 19.1433236, 42.477991494295601 ], [ 19.1445455, 42.47635899429492 ], [ 19.1461826, 42.475883994294684 ], [ 19.1456122, 42.478409994295752 ], [ 19.1470669, 42.479225794296163 ], [ 19.1575625, 42.481289594297017 ], [ 19.1630025, 42.484761694298513 ], [ 19.1643565, 42.482871894297702 ], [ 19.1657398, 42.483565694298065 ], [ 19.1664048, 42.482766594297672 ], [ 19.1674144, 42.483354994297933 ], [ 19.1693874, 42.482417694297503 ], [ 19.1716944, 42.484342394298366 ], [ 19.1754674, 42.482041894297339 ], [ 19.1759447, 42.480690194296756 ], [ 19.178472, 42.480481694296699 ], [ 19.1792853, 42.47977349429641 ], [ 19.1802269, 42.480105594296511 ], [ 19.1811191, 42.479101394296052 ], [ 19.1818033, 42.480200494296525 ], [ 19.1824692, 42.480040794296485 ], [ 19.1858759, 42.477290594295276 ], [ 19.1867393, 42.474580494294145 ], [ 19.1866653, 42.471985394292993 ], [ 19.1896556, 42.472391794293145 ], [ 19.2007914, 42.476488494294948 ], [ 19.2010844, 42.478979094296008 ], [ 19.2018765, 42.479297894296153 ], [ 19.2005607, 42.480290794296614 ], [ 19.2051999, 42.485861994299015 ], [ 19.2086619, 42.488850294300278 ], [ 19.2115426, 42.493626594302398 ], [ 19.2106992, 42.494013094302559 ], [ 19.2168855, 42.500103394305157 ], [ 19.2170715, 42.501972294306007 ], [ 19.2188835, 42.501854994305909 ], [ 19.2198838, 42.502403094306196 ], [ 19.2206418, 42.503445994306624 ], [ 19.219701, 42.504576494307123 ], [ 19.2207635, 42.507551094308425 ], [ 19.2202195, 42.508817694308945 ], [ 19.2178271, 42.510767694309855 ], [ 19.216324, 42.511490494310124 ], [ 19.2121669, 42.51141279431009 ], [ 19.210349, 42.51291879431075 ], [ 19.211439, 42.514620694311496 ], [ 19.2161194, 42.514622494311475 ], [ 19.2163865, 42.515635694311882 ], [ 19.2154035, 42.515991594312062 ], [ 19.2136617, 42.51834689431309 ], [ 19.2148196, 42.51849719431317 ], [ 19.2148688, 42.519308294313532 ], [ 19.2144017, 42.519027394313369 ], [ 19.2139676, 42.520108394313844 ], [ 19.2088034, 42.520468794313999 ], [ 19.2057393, 42.521451294314417 ], [ 19.2051386, 42.52370019431541 ], [ 19.2033621, 42.524795294315886 ], [ 19.2023525, 42.528521394317487 ], [ 19.2014149, 42.529464694317916 ], [ 19.2016947, 42.530325394318275 ], [ 19.2030292, 42.531084994318562 ], [ 19.2031643, 42.532193594319082 ], [ 19.205774, 42.533384594319585 ], [ 19.20711270000001, 42.535540094320538 ], [ 19.2079081, 42.535481194320496 ], [ 19.2103686, 42.53780799432154 ], [ 19.2112706, 42.537966694321568 ], [ 19.2107023, 42.538586594321856 ], [ 19.213322, 42.540476094322628 ], [ 19.2134675, 42.542053394323382 ], [ 19.2116789, 42.542543294323536 ], [ 19.2115948, 42.544663294324465 ], [ 19.2131111, 42.54650309432526 ], [ 19.2129839, 42.548716194326204 ], [ 19.2137391, 42.550043994326785 ], [ 19.2124915, 42.550758194327081 ], [ 19.2153685, 42.552754094327966 ], [ 19.2151923, 42.553858794328441 ], [ 19.2188697, 42.555068994328963 ], [ 19.2201085, 42.559254294330778 ], [ 19.2216384, 42.560883194331431 ], [ 19.2283432, 42.56194599433195 ], [ 19.2285954, 42.563049494332368 ], [ 19.2297069, 42.562924094332374 ], [ 19.2300766, 42.564139794332888 ], [ 19.2315111, 42.565038494333272 ], [ 19.2315853, 42.565662294333563 ], [ 19.2305677, 42.566373894333879 ], [ 19.2332515, 42.56855379433474 ], [ 19.234236, 42.570248594335581 ], [ 19.2367648, 42.571881694336241 ], [ 19.2396692, 42.571636994336103 ], [ 19.238991, 42.572817194336643 ], [ 19.2436654, 42.574723294337417 ], [ 19.2435026, 42.577093794338452 ], [ 19.241424, 42.579543294339523 ], [ 19.2450315, 42.587156994342799 ], [ 19.2482219, 42.599088994347973 ], [ 19.2523868, 42.608543994352019 ], [ 19.2548156, 42.612145894353603 ], [ 19.258027, 42.613887194354348 ], [ 19.2629095, 42.627846694360336 ], [ 19.2661403, 42.630494594361508 ], [ 19.2674354, 42.634919394363386 ], [ 19.2716459, 42.640105994365619 ], [ 19.2720437, 42.64579009436806 ], [ 19.2743651, 42.648748694369353 ], [ 19.284204, 42.657934594373287 ], [ 19.2856994, 42.657758194373216 ], [ 19.2879114, 42.659358594373948 ], [ 19.2897822, 42.661813294374966 ], [ 19.2920406, 42.663167394375563 ], [ 19.2965897, 42.655684994372358 ], [ 19.3023075, 42.648917694369395 ], [ 19.3064543, 42.645661994368027 ], [ 19.3120385, 42.643880494367224 ], [ 19.3162895, 42.644338094367434 ], [ 19.3203708, 42.651259794370382 ], [ 19.3204384, 42.6537242943715 ], [ 19.3213033, 42.654241994371716 ], [ 19.3239784, 42.65421739437167 ], [ 19.3267822, 42.65831659437346 ], [ 19.33176, 42.663790994375795 ], [ 19.3412072, 42.666355294376935 ], [ 19.3439681, 42.666434994376949 ], [ 19.3455796, 42.667551294377432 ], [ 19.3461954, 42.664644494376184 ], [ 19.3474676, 42.663500994375696 ], [ 19.35024, 42.663140694375521 ], [ 19.3577319, 42.664785094376235 ], [ 19.3593801, 42.666057094376761 ], [ 19.3630025, 42.665714094376625 ], [ 19.3650455, 42.667073994377191 ], [ 19.3692574, 42.668115794377677 ], [ 19.3708627, 42.666875894377128 ], [ 19.3708213, 42.665361794376473 ], [ 19.3717241, 42.664086394375936 ], [ 19.3771938, 42.658785194373642 ], [ 19.377849, 42.6544783943718 ], [ 19.3806204, 42.655163194372079 ], [ 19.3844021, 42.654194194371655 ], [ 19.3858891, 42.654564294371852 ], [ 19.3886195, 42.654240394371691 ], [ 19.3892272, 42.653415094371347 ], [ 19.3908971, 42.654403794371767 ], [ 19.393473, 42.654090894371649 ], [ 19.3965062, 42.655015194372034 ], [ 19.3971631, 42.654632694371855 ], [ 19.3984627, 42.655301894372165 ], [ 19.4015431, 42.659433894373954 ], [ 19.4042403, 42.661262494374704 ], [ 19.4054467, 42.661259094374714 ], [ 19.4057911, 42.661542794374832 ], [ 19.4049059, 42.668051594377651 ], [ 19.4038762, 42.669844994378394 ], [ 19.4038168, 42.67394149438018 ], [ 19.4068739, 42.680786294383147 ], [ 19.4086063, 42.681018894383243 ], [ 19.4103604, 42.682016794383657 ], [ 19.4131291, 42.682321794383782 ], [ 19.4156111, 42.684401094384675 ], [ 19.4170478, 42.68271319438395 ], [ 19.4214104, 42.681764294383541 ], [ 19.4199518, 42.680474694382994 ], [ 19.4202491, 42.679276194382467 ], [ 19.424918, 42.679285394382461 ], [ 19.4259827, 42.679101194382376 ], [ 19.4259382, 42.678364494382059 ], [ 19.4283841, 42.67850059438215 ], [ 19.4288075, 42.679014094382353 ], [ 19.432183, 42.679578894382622 ], [ 19.4329744, 42.681596094383451 ], [ 19.436426, 42.681705594383516 ], [ 19.4372031, 42.684188594384551 ], [ 19.4346796, 42.684902794384868 ], [ 19.4357956, 42.686362394385533 ], [ 19.4361398, 42.685104394384943 ], [ 19.43673, 42.685305994385025 ], [ 19.43693510000001, 42.68475259438484 ], [ 19.4374767, 42.686494994385534 ], [ 19.4388253, 42.685048194384962 ], [ 19.4400548, 42.685238694385014 ], [ 19.440393, 42.683258194384187 ], [ 19.4419607, 42.68133089438335 ], [ 19.4435371, 42.68268529438393 ], [ 19.4437124, 42.683484394384266 ], [ 19.4426961, 42.684436294384646 ], [ 19.4437332, 42.685139294385003 ], [ 19.4461889, 42.685001594384893 ], [ 19.4462015, 42.68854889438645 ], [ 19.447398, 42.689447894386852 ], [ 19.447759, 42.691166094387562 ], [ 19.4468095, 42.691368994387638 ], [ 19.4459259, 42.693305294388487 ], [ 19.4481825, 42.693052594388377 ], [ 19.4481796, 42.697547494390328 ], [ 19.4491595, 42.700128594391401 ], [ 19.4476882, 42.702697294392529 ], [ 19.4502505, 42.70392129439302 ], [ 19.4505636, 42.705996994393949 ], [ 19.4540632, 42.702238094392307 ], [ 19.4521992, 42.706022594393943 ], [ 19.4530824, 42.707046894394388 ], [ 19.4520705, 42.710414594395814 ], [ 19.4544254, 42.711917894396485 ], [ 19.4637748, 42.706483894394175 ], [ 19.4668332, 42.707463394394559 ], [ 19.4684935, 42.71116939439618 ], [ 19.4707512, 42.71244299439671 ], [ 19.4733789, 42.710746694395944 ], [ 19.4774926, 42.710215594395763 ], [ 19.4830581, 42.712311694396668 ], [ 19.4872516, 42.712057794396515 ], [ 19.4896789, 42.713227794397028 ], [ 19.4905474, 42.709525994395399 ], [ 19.4935602, 42.709867094395605 ], [ 19.5014685, 42.70865609439506 ], [ 19.5039072, 42.710294694395721 ], [ 19.5041095, 42.711021994396077 ], [ 19.5079607, 42.708974594395208 ], [ 19.5079844, 42.707984694394753 ], [ 19.5087708, 42.707508794394577 ], [ 19.5114148, 42.70770509439464 ], [ 19.5156425, 42.70649499439412 ], [ 19.5184158, 42.707673994394618 ], [ 19.5207984, 42.707313094394515 ], [ 19.5214895, 42.705188494393624 ], [ 19.5201317, 42.702218394392332 ], [ 19.5204252, 42.701159894391836 ], [ 19.5230839, 42.701243594391848 ], [ 19.5259781, 42.703247694392758 ], [ 19.5291252, 42.703846094393 ], [ 19.5316705, 42.703045894392623 ], [ 19.5347417, 42.703238094392709 ], [ 19.5379028, 42.701153894391886 ], [ 19.5410717, 42.701342594391939 ], [ 19.5441912, 42.700769994391685 ], [ 19.5486846, 42.701740494392105 ], [ 19.5527662, 42.701782894392139 ], [ 19.5537378, 42.702644794392498 ], [ 19.5599709, 42.702953594392589 ], [ 19.5602039, 42.705558194393738 ], [ 19.563961, 42.704862394393444 ], [ 19.5667068, 42.703019694392616 ], [ 19.5755721, 42.702841794392555 ], [ 19.581534799999989, 42.700943894391735 ], [ 19.5913187, 42.703053594392699 ], [ 19.5940733, 42.704856294393451 ], [ 19.5980871, 42.706035094393904 ], [ 19.5996938, 42.705964594393933 ], [ 19.6139956, 42.694848694389165 ], [ 19.6174027, 42.693647294388597 ], [ 19.6219591, 42.689848894387033 ], [ 19.6284, 42.682989294384079 ], [ 19.6323719, 42.676271094381157 ], [ 19.6325473, 42.684172994384546 ], [ 19.6332802, 42.686373794385503 ], [ 19.6317758, 42.690726694387344 ], [ 19.6325962, 42.691717694387798 ], [ 19.6432458, 42.687126294385827 ], [ 19.6515884, 42.682811594383985 ], [ 19.654386, 42.683144494384116 ], [ 19.660961, 42.680033194382794 ], [ 19.6590532, 42.669829594378385 ], [ 19.6620343, 42.668444894377814 ], [ 19.6620169, 42.666586294377012 ], [ 19.6604361, 42.664852094376272 ], [ 19.6588504, 42.65938949437394 ], [ 19.6595744, 42.657811494373249 ], [ 19.6581354, 42.656007094372477 ], [ 19.6645534, 42.642674194366734 ], [ 19.6626738, 42.633993494362976 ], [ 19.6629857, 42.628724794360714 ] ] ] } },
{ "type": "Feature", "properties": { "admin_id": "2319526", "name_local": "Opština Bar", "name_en": "Bar Municipality" }, "geometry": { "type": "MultiPolygon", "coordinates": [ [ [ [ 19.1320762, 42.236659794190359 ], [ 19.132508, 42.236294394190224 ], [ 19.1323733, 42.236693094190379 ], [ 19.1320762, 42.236659794190359 ] ] ], [ [ [ 19.2044818, 42.188428194169148 ], [ 19.2044234, 42.188924994169355 ], [ 19.2032902, 42.18906509416945 ], [ 19.2034672, 42.188316894169084 ], [ 19.2044818, 42.188428194169148 ] ] ], [ [ [ 19.211314, 42.188017794168999 ], [ 19.2131567, 42.189329494169584 ], [ 19.2119658, 42.190110494169893 ], [ 19.2114991, 42.192192094170842 ], [ 19.2103779, 42.191245194170392 ], [ 19.2099984, 42.189300594169517 ], [ 19.2103605, 42.188343694169127 ], [ 19.211314, 42.188017794168999 ] ] ], [ [ [ 19.2107749, 42.193450094171389 ], [ 19.210858, 42.19322149417129 ], [ 19.2113918, 42.193472894171414 ], [ 19.2107749, 42.193450094171389 ] ] ], [ [ [ 19.2141236, 42.178192494164676 ], [ 19.2142752, 42.177458994164354 ], [ 19.2144804, 42.178172594164685 ], [ 19.2141236, 42.178192494164676 ] ] ], [ [ [ 19.2208989, 42.169236394160698 ], [ 19.2219651, 42.169057494160661 ], [ 19.2222561, 42.169811894160979 ], [ 19.2208654, 42.170239294161192 ], [ 19.2208989, 42.169236394160698 ] ] ], [ [ [ 19.2354432, 42.156535994155142 ], [ 19.2355603, 42.157194994155454 ], [ 19.2341477, 42.157907994155742 ], [ 19.2339841, 42.157031094155322 ], [ 19.2354432, 42.156535994155142 ] ] ], [ [ [ 19.2359649, 42.149483894152048 ], [ 19.2360306, 42.148880394151782 ], [ 19.2368084, 42.148249994151527 ], [ 19.2371531, 42.149088194151886 ], [ 19.2359649, 42.149483894152048 ] ] ], [ [ [ 19.2453231, 42.13982759414781 ], [ 19.2443441, 42.139355194147605 ], [ 19.2453513, 42.139291594147515 ], [ 19.2453231, 42.13982759414781 ] ] ], [ [ [ 19.2568512, 42.134858194145608 ], [ 19.2565213, 42.134727894145513 ], [ 19.2567426, 42.13468019414551 ], [ 19.2568512, 42.134858194145608 ] ] ], [ [ [ 19.2569156, 42.135144594145729 ], [ 19.2567936, 42.135848694146027 ], [ 19.2566267, 42.135159594145684 ], [ 19.2569156, 42.135144594145729 ] ] ], [ [ [ 19.2567272, 42.136569694146331 ], [ 19.2572455, 42.136985394146528 ], [ 19.2567211, 42.137503094146723 ], [ 19.2561619, 42.13713209414658 ], [ 19.2567272, 42.136569694146331 ] ] ], [ [ [ 19.2523089, 42.148580594151603 ], [ 19.252384, 42.149076694151873 ], [ 19.2515793, 42.148904194151775 ], [ 19.2516692, 42.148698394151658 ], [ 19.2523089, 42.148580594151603 ] ] ], [ [ [ 19.3080452, 42.112919294135949 ], [ 19.3079741, 42.113724094136273 ], [ 19.3069904, 42.113807694136277 ], [ 19.3069985, 42.113144094136018 ], [ 19.3080452, 42.112919294135949 ] ] ], [ [ [ 19.3365397, 42.105140894132511 ], [ 19.3358101, 42.104678294132263 ], [ 19.3369111, 42.104275294132087 ], [ 19.3369956, 42.104591694132225 ], [ 19.3365397, 42.105140894132511 ] ] ], [ [ [ 19.3391575, 42.103665294131844 ], [ 19.3411303, 42.103263394131638 ], [ 19.3413623, 42.103842494131911 ], [ 19.339191, 42.104706094132311 ], [ 19.3391575, 42.103665294131844 ] ] ], [ [ [ 19.336659, 42.09866029412963 ], [ 19.3400735, 42.09718749412896 ], [ 19.3414578, 42.097798394129256 ], [ 19.3410203, 42.098743794129639 ], [ 19.3381718, 42.100517094130431 ], [ 19.3379787, 42.101400694130831 ], [ 19.3344972, 42.101821594131003 ], [ 19.336659, 42.09866029412963 ] ] ], [ [ [ 19.3463485, 42.097016294128913 ], [ 19.3458121, 42.095096694128074 ], [ 19.3466757, 42.094597194127836 ], [ 19.3477231, 42.096544694128696 ], [ 19.3463485, 42.097016294128913 ] ] ], [ [ [ 19.3591306, 42.093014894127109 ], [ 19.3593264, 42.093382094127271 ], [ 19.3580483, 42.094004094127541 ], [ 19.3578739, 42.093502494127328 ], [ 19.3591306, 42.093014894127109 ] ] ], [ [ [ 19.376527, 42.090074494125858 ], [ 19.3764523, 42.090514894126009 ], [ 19.3745667, 42.090513894126019 ], [ 19.3751836, 42.090000394125781 ], [ 19.376527, 42.090074494125858 ] ] ], [ [ [ 19.373526, 42.085832294123946 ], [ 19.3729332, 42.086195494124119 ], [ 19.3730787, 42.085774994123923 ], [ 19.373526, 42.085832294123946 ] ] ], [ [ [ 19.3766715, 42.08840599412509 ], [ 19.3771148, 42.08828759412507 ], [ 19.3770839, 42.088407994125099 ], [ 19.3766715, 42.08840599412509 ] ] ], [ [ [ 19.3793517, 42.090098894125838 ], [ 19.379044, 42.090001894125798 ], [ 19.3793558, 42.0899734941258 ], [ 19.3793517, 42.090098894125838 ] ] ], [ [ [ 19.372779, 42.088309494125056 ], [ 19.3719864, 42.088419994125111 ], [ 19.3724196, 42.08807859412498 ], [ 19.372779, 42.088309494125056 ] ] ], [ [ [ 19.3849298, 42.078650894120784 ], [ 19.3782734, 42.072554894118078 ], [ 19.3791608, 42.067401494115813 ], [ 19.3785122, 42.064547394114534 ], [ 19.3668532, 42.064042694114349 ], [ 19.3643855, 42.064354094114485 ], [ 19.3583026, 42.063495894114091 ], [ 19.3510755, 42.063385794114069 ], [ 19.3494443, 42.062659094113712 ], [ 19.3432721, 42.061969094113373 ], [ 19.3281368, 42.058070294111715 ], [ 19.3255429, 42.057860394111614 ], [ 19.3226283, 42.056034994110775 ], [ 19.3212762, 42.055912794110711 ], [ 19.3186955, 42.056947294111197 ], [ 19.3168438, 42.056619894111051 ], [ 19.3136929, 42.054140694109954 ], [ 19.3059346, 42.051564594108825 ], [ 19.3039582, 42.051863994108921 ], [ 19.3022031, 42.052846594109383 ], [ 19.2986877, 42.051852094108959 ], [ 19.2952941, 42.052359494109183 ], [ 19.2931483, 42.053554394109696 ], [ 19.2896292, 42.057107294111255 ], [ 19.2879126, 42.057840194111549 ], [ 19.2856167, 42.057871994111558 ], [ 19.279469, 42.056812594111136 ], [ 19.2767002, 42.055561894110582 ], [ 19.2693187, 42.055689394110637 ], [ 19.265392, 42.053132194109494 ], [ 19.2648126, 42.05208859410903 ], [ 19.2553283, 42.055338894110506 ], [ 19.2561008, 42.056422194110937 ], [ 19.256487, 42.065343494114899 ], [ 19.2507793, 42.067971894116098 ], [ 19.2548243, 42.069823994116838 ], [ 19.2519945, 42.071414094117564 ], [ 19.248604, 42.072556694118113 ], [ 19.2432493, 42.071775294117728 ], [ 19.2403136, 42.069017394116564 ], [ 19.2373468, 42.071428394117589 ], [ 19.2315532, 42.074805094119093 ], [ 19.2293216, 42.077783494120403 ], [ 19.227605, 42.077687894120395 ], [ 19.2245366, 42.079137194120968 ], [ 19.2227556, 42.078531994120716 ], [ 19.2192365, 42.08033169412154 ], [ 19.2187859, 42.081653494122079 ], [ 19.2159749, 42.083819394123047 ], [ 19.2117839, 42.083432894122879 ], [ 19.2077761, 42.081875794122197 ], [ 19.2061374, 42.082224894122341 ], [ 19.2034518, 42.081132594121854 ], [ 19.2041801, 42.077877994120428 ], [ 19.2060312, 42.075985994119605 ], [ 19.2096879, 42.073981294118681 ], [ 19.2120852, 42.070737594117261 ], [ 19.2123431, 42.065421194114926 ], [ 19.2143156, 42.065466194114997 ], [ 19.2207034, 42.063900494114286 ], [ 19.2222564, 42.064634294114597 ], [ 19.2238341, 42.063115894113935 ], [ 19.2245427, 42.06135249411313 ], [ 19.2280543, 42.059233694112251 ], [ 19.2273435, 42.057886794111639 ], [ 19.2300522, 42.057006194111224 ], [ 19.2319416, 42.052227194109093 ], [ 19.23849, 42.04643129410654 ], [ 19.2404211, 42.041814394104527 ], [ 19.2385059, 42.038731694103163 ], [ 19.2243875, 42.042421794104776 ], [ 19.221736, 42.041714694104435 ], [ 19.2203351, 42.038539094103015 ], [ 19.2188277, 42.038244294102903 ], [ 19.2177729, 42.035073994101559 ], [ 19.2162321, 42.03407399410105 ], [ 19.2169026, 42.032395994100334 ], [ 19.2148276, 42.029536494099048 ], [ 19.2161632, 42.026413394097688 ], [ 19.2221158, 42.020794594095193 ], [ 19.2246855, 42.020061194094858 ], [ 19.2254631, 42.019218594094497 ], [ 19.2304866, 42.01843509409413 ], [ 19.231269799999989, 42.017618094093791 ], [ 19.2340332, 42.01715089409354 ], [ 19.236687, 42.01538779409281 ], [ 19.2396024, 42.015506294092809 ], [ 19.2427118, 42.012375494091479 ], [ 19.2471802, 42.011197394090971 ], [ 19.2502148, 42.009562694090214 ], [ 19.2489563, 42.006108394088649 ], [ 19.2528324, 42.004870694088098 ], [ 19.2518883, 42.001888994086833 ], [ 19.25103, 42.001872994086803 ], [ 19.2508798, 41.99846059408528 ], [ 19.2500215, 41.99775889408496 ], [ 19.2506866, 41.997328294084802 ], [ 19.2501073, 41.996243994084296 ], [ 19.2481976, 41.995733594084086 ], [ 19.249721, 41.993772094083205 ], [ 19.2558794, 41.992065694082491 ], [ 19.2556005, 41.989147094081162 ], [ 19.2564158, 41.985351194079506 ], [ 19.2611151, 41.984091094078934 ], [ 19.2644196, 41.984473894079109 ], [ 19.265106, 41.981862094077961 ], [ 19.2618581, 41.980004394077071 ], [ 19.2588358, 41.979394094076845 ], [ 19.2563818, 41.977616794076056 ], [ 19.256436, 41.973109594074018 ], [ 19.2580509, 41.972056494073577 ], [ 19.2516254, 41.968169794071876 ], [ 19.2498774, 41.968995094072234 ], [ 19.2465091, 41.972571294073802 ], [ 19.2428983, 41.970351594072824 ], [ 19.2416862, 41.96855869407203 ], [ 19.2437914, 41.964356094070183 ], [ 19.2349368, 41.967116794071387 ], [ 19.206204, 41.978209694076327 ], [ 19.1904728, 41.982462794078202 ], [ 19.1630537, 41.988400994080841 ], [ 19.1511705, 41.992900094082827 ], [ 19.1480839, 41.992859994082792 ], [ 19.1468768, 41.994378994083462 ], [ 19.14722, 41.995066194083769 ], [ 19.1458705, 41.995339394083899 ], [ 19.1451148, 41.997704394084948 ], [ 19.1457669, 41.998396194085267 ], [ 19.1471234, 41.998431494085274 ], [ 19.1491994, 41.999499894085801 ], [ 19.1478605, 42.000049394085998 ], [ 19.1478369, 42.001226094086519 ], [ 19.1445842, 42.002854394087272 ], [ 19.144686, 42.004284394087883 ], [ 19.1455172, 42.005058794088178 ], [ 19.1453893, 42.006878894089006 ], [ 19.1487175, 42.008874694089904 ], [ 19.1477055, 42.010379594090551 ], [ 19.1501705, 42.009966494090364 ], [ 19.1508494, 42.010481894090603 ], [ 19.1512367, 42.011175594090943 ], [ 19.1500752, 42.012671194091581 ], [ 19.1511093, 42.013251394091867 ], [ 19.1474431, 42.014622094092452 ], [ 19.1457931, 42.015754994092923 ], [ 19.1455867, 42.016760494093411 ], [ 19.1442068, 42.016367594093232 ], [ 19.142202, 42.017096294093569 ], [ 19.1435049, 42.01829999409405 ], [ 19.1420097, 42.01894289409438 ], [ 19.1478079, 42.019507294094659 ], [ 19.1477501, 42.021438094095465 ], [ 19.1490915, 42.025657594097318 ], [ 19.1485312, 42.026693594097793 ], [ 19.1420768, 42.029191794098914 ], [ 19.1396252, 42.030857694099637 ], [ 19.1419562, 42.031726994100005 ], [ 19.1427321, 42.033583694100841 ], [ 19.1424309, 42.034798594101382 ], [ 19.1408951, 42.035805894101827 ], [ 19.142561, 42.036483194102125 ], [ 19.1420489, 42.03881599410316 ], [ 19.1432648, 42.038918994103184 ], [ 19.1435153, 42.039671394103536 ], [ 19.1426046, 42.042219194104675 ], [ 19.1412136, 42.04334619410519 ], [ 19.1415802, 42.04372079410534 ], [ 19.1379788, 42.04612839410639 ], [ 19.1376743, 42.046998694106811 ], [ 19.1353559, 42.046742994106694 ], [ 19.131635299999989, 42.048515994107476 ], [ 19.13205, 42.049325494107826 ], [ 19.1313979, 42.048654794107513 ], [ 19.1289995, 42.049594994107899 ], [ 19.1244438, 42.051962494108992 ], [ 19.1185862, 42.056341694110927 ], [ 19.1116391, 42.059663594112408 ], [ 19.1096458, 42.061305194113096 ], [ 19.1030587, 42.063978594114303 ], [ 19.1000567, 42.067133594115674 ], [ 19.0945536, 42.071274194117528 ], [ 19.0885947, 42.072572794118095 ], [ 19.0834679, 42.076733894119961 ], [ 19.0856429, 42.076667894119907 ], [ 19.0856505, 42.077093694120059 ], [ 19.0838503, 42.078580894120755 ], [ 19.079395, 42.080118694121438 ], [ 19.0749044, 42.082890594122645 ], [ 19.0693392, 42.088910894125299 ], [ 19.0753233, 42.088505594125138 ], [ 19.0780466, 42.09303609412715 ], [ 19.0788264, 42.099289094129894 ], [ 19.0793117, 42.096929694128868 ], [ 19.0788805, 42.093819294127478 ], [ 19.0755297, 42.087778394124804 ], [ 19.0849063, 42.085521494123824 ], [ 19.0855562, 42.086326794124176 ], [ 19.0816944, 42.089176894125423 ], [ 19.0830105, 42.09140979412642 ], [ 19.0882501, 42.088532494125182 ], [ 19.0886528, 42.088752394125216 ], [ 19.0888954, 42.089884394125761 ], [ 19.0860153, 42.091724694126555 ], [ 19.0868628, 42.093456694127333 ], [ 19.089536, 42.091789794126598 ], [ 19.0903045, 42.093833794127477 ], [ 19.0891483, 42.094691394127892 ], [ 19.0912357, 42.094751494127912 ], [ 19.091222, 42.096569194128683 ], [ 19.088744, 42.096555694128661 ], [ 19.0885033, 42.095653394128277 ], [ 19.0884875, 42.09664149412874 ], [ 19.0820288, 42.096840494128791 ], [ 19.0844313, 42.096992794128887 ], [ 19.0844216, 42.09835909412952 ], [ 19.08679, 42.099837994130162 ], [ 19.0850921, 42.098488894129559 ], [ 19.085304, 42.097221494128981 ], [ 19.0907364, 42.097291294129008 ], [ 19.0907017, 42.09909369412982 ], [ 19.0873611, 42.099225494129861 ], [ 19.0896812, 42.099541894130027 ], [ 19.0899786, 42.101643494130904 ], [ 19.0883375, 42.102175394131187 ], [ 19.0888567, 42.102554094131321 ], [ 19.0886234, 42.104424094132185 ], [ 19.0860414, 42.109676694134478 ], [ 19.0835601, 42.112746194135845 ], [ 19.0747305, 42.117442794137872 ], [ 19.073545, 42.117494494137965 ], [ 19.0702727, 42.120185294139112 ], [ 19.0688041, 42.120232594139132 ], [ 19.0678051, 42.121869394139878 ], [ 19.0625439, 42.12259419414017 ], [ 19.0615985, 42.121837594139876 ], [ 19.0609413, 42.121966894139931 ], [ 19.0607924, 42.123010394140358 ], [ 19.0614831, 42.124262694140938 ], [ 19.0631002, 42.125159894141284 ], [ 19.0635766, 42.126890594142075 ], [ 19.0629382, 42.128235594142673 ], [ 19.0615049, 42.12900709414302 ], [ 19.0618769, 42.131261194143981 ], [ 19.0612924, 42.133581594145021 ], [ 19.0570912, 42.135687394145982 ], [ 19.0509584, 42.137680494146814 ], [ 19.0485861, 42.137872494146947 ], [ 19.047081, 42.13643589414626 ], [ 19.046355, 42.136628194146347 ], [ 19.0456501, 42.135811894146052 ], [ 19.044711, 42.135721394145968 ], [ 19.0351734, 42.137299694146691 ], [ 19.0311053, 42.136266094146215 ], [ 19.0288372, 42.138158094147045 ], [ 19.0260965, 42.135413594145867 ], [ 19.0250088, 42.135628194145909 ], [ 19.0258862, 42.13675909414642 ], [ 19.0243737, 42.138912694147351 ], [ 19.0248682, 42.139928394147823 ], [ 19.0215636, 42.141269594148397 ], [ 19.0202118, 42.140363994148004 ], [ 19.0170874, 42.140140894147926 ], [ 19.0168395, 42.139018594147423 ], [ 19.0154991, 42.138615394147202 ], [ 19.0140539, 42.135847094146044 ], [ 19.0118448, 42.134103694145239 ], [ 19.0107524, 42.134026194145207 ], [ 19.00883, 42.138487094147166 ], [ 19.0066231, 42.140861594148241 ], [ 19.0062253, 42.143311294149299 ], [ 19.0041851, 42.144513394149818 ], [ 19.0019507, 42.149354794151989 ], [ 19.0032633, 42.150880594152675 ], [ 19.0026215, 42.152859394153531 ], [ 19.0037545, 42.153571794153812 ], [ 19.0044141, 42.15537679415462 ], [ 19.0034959, 42.157300894155476 ], [ 19.000609, 42.159660794156508 ], [ 18.9966326, 42.161321194157246 ], [ 18.9950201, 42.160925494157055 ], [ 18.9949521, 42.160132294156696 ], [ 18.993332, 42.160205294156746 ], [ 18.9918038, 42.15912209415626 ], [ 18.990967, 42.159649694156528 ], [ 18.9907073, 42.160097894156721 ], [ 18.9917501, 42.161094794157108 ], [ 18.9914836, 42.161569894157381 ], [ 18.9906543, 42.16137729415729 ], [ 18.9909148, 42.162559994157789 ], [ 18.9894621, 42.163850294158365 ], [ 18.9881256, 42.164170694158493 ], [ 18.9923171, 42.171016694161494 ], [ 18.9956551, 42.174671294163105 ], [ 18.9977021, 42.175608894163531 ], [ 18.9998125, 42.17859549416481 ], [ 19.0045616, 42.183115394166826 ], [ 19.0066706, 42.182969294166789 ], [ 19.0116018, 42.186589494168359 ], [ 19.0106611, 42.187612494168853 ], [ 19.0070196, 42.189366294169567 ], [ 19.0059878, 42.190861494170242 ], [ 19.0083093, 42.194098994171647 ], [ 19.0051111, 42.196977794172902 ], [ 19.003514599999988, 42.200045294174252 ], [ 19.0047285, 42.202158394175214 ], [ 19.0067009, 42.20219209417526 ], [ 19.0097203, 42.2037206941759 ], [ 19.0056844, 42.204900894176383 ], [ 19.0012298, 42.20510269417651 ], [ 18.9983104, 42.208474794177953 ], [ 18.9976731, 42.208216394177846 ], [ 18.9925011, 42.210761994178995 ], [ 18.9884929, 42.211294794179203 ], [ 18.9886037, 42.213434894180153 ], [ 18.9864745, 42.215412694181019 ], [ 18.9876293, 42.216909394181684 ], [ 18.9855363, 42.217390494181878 ], [ 18.9833478, 42.219795794183 ], [ 18.9740641, 42.225217894185363 ], [ 18.9740425, 42.226931094186064 ], [ 18.9704337, 42.230044194187442 ], [ 18.9708122, 42.231808294188198 ], [ 18.9731222, 42.233477694188991 ], [ 18.9721298, 42.235588494189862 ], [ 18.9677388, 42.238229894191043 ], [ 18.9668578, 42.240498394192031 ], [ 18.9644271, 42.240714994192096 ], [ 18.9610863, 42.244424094193739 ], [ 18.9584438, 42.245849194194378 ], [ 18.955872, 42.248761694195672 ], [ 18.9536915, 42.250133994196261 ], [ 18.9501245, 42.255528394198592 ], [ 18.9470241, 42.258465394199916 ], [ 18.9479019, 42.259300894200294 ], [ 18.9475942, 42.262866494201837 ], [ 18.9433734, 42.269887994204907 ], [ 18.9411408, 42.272242994205946 ], [ 18.9406423, 42.274235094206844 ], [ 18.9391926, 42.27482049420707 ], [ 18.9373718, 42.281883694210187 ], [ 18.9373341, 42.28292349421065 ], [ 18.942877, 42.292112894214618 ], [ 18.9419636, 42.296313694216487 ], [ 18.9439198, 42.295822994216245 ], [ 18.9446792, 42.293343794215183 ], [ 18.9456351, 42.292535694214855 ], [ 18.9471828, 42.292861094214985 ], [ 18.9531457, 42.291570394214396 ], [ 18.9555127, 42.289449094213452 ], [ 18.9560437, 42.290459294213896 ], [ 18.9584107, 42.291514294214402 ], [ 18.9606866, 42.290447994213913 ], [ 18.9631598, 42.291054094214189 ], [ 18.9676813, 42.287978694212832 ], [ 18.9695627, 42.288685794213158 ], [ 18.9755257, 42.287406194212572 ], [ 18.9816472, 42.284250494211165 ], [ 18.9820683, 42.280654094209595 ], [ 18.9841607, 42.279474094209093 ], [ 18.982897600000012, 42.277321794208177 ], [ 18.9814303, 42.276821494207944 ], [ 18.9855004, 42.275074994207188 ], [ 18.9883328, 42.274942794207121 ], [ 18.9884477, 42.274234794206833 ], [ 18.9908872, 42.272615294206126 ], [ 18.9926789, 42.272710494206144 ], [ 18.9946744, 42.27190869420577 ], [ 18.9942775, 42.269550794204761 ], [ 19.0001678, 42.269426894204756 ], [ 19.0011061, 42.267263794203771 ], [ 19.0021741, 42.266517494203427 ], [ 19.0009864, 42.265876094203129 ], [ 19.0027186, 42.263462894202071 ], [ 19.0039743, 42.263234894201993 ], [ 19.0078761, 42.260858394200994 ], [ 19.0098225, 42.261093494201042 ], [ 19.0148841, 42.259933894200543 ], [ 19.0176809, 42.263298994202017 ], [ 19.0201709, 42.264634394202623 ], [ 19.024555599999989, 42.263779694202235 ], [ 19.0254217, 42.264100194202399 ], [ 19.0256021, 42.265115094202841 ], [ 19.027623, 42.265021594202771 ], [ 19.0277312, 42.268813794204426 ], [ 19.0308167, 42.271363994205565 ], [ 19.0310874, 42.274461494206939 ], [ 19.0382146, 42.278253094208559 ], [ 19.0391349, 42.279240994209005 ], [ 19.0378357, 42.279721594209178 ], [ 19.0380358, 42.281171994209856 ], [ 19.0359382, 42.283277894210798 ], [ 19.0356022, 42.284688494211395 ], [ 19.0333125, 42.285806994211896 ], [ 19.0326961, 42.287004594212405 ], [ 19.030991, 42.288046294212862 ], [ 19.0303455, 42.289652894213532 ], [ 19.0272916, 42.291061294214138 ], [ 19.0216758, 42.297603394217063 ], [ 19.0196413, 42.299034194217647 ], [ 19.0166901, 42.302881694219366 ], [ 19.0184215, 42.305231994220343 ], [ 19.0194651, 42.305306194220385 ], [ 19.0197725, 42.304773294220212 ], [ 19.0214327, 42.30518609422036 ], [ 19.0231304, 42.306497294220939 ], [ 19.0225537, 42.306729294221057 ], [ 19.0260548, 42.308730494221891 ], [ 19.0308193, 42.307348194221284 ], [ 19.0310621, 42.305967994220708 ], [ 19.0328373, 42.304441894220005 ], [ 19.0344001, 42.305193694220385 ], [ 19.0375713, 42.303386994219615 ], [ 19.0386334, 42.302152594219017 ], [ 19.0395741, 42.298920594217634 ], [ 19.0430942, 42.30085089421847 ], [ 19.0442777, 42.299997994218067 ], [ 19.0445811, 42.2983818942174 ], [ 19.0456887, 42.299324594217786 ], [ 19.0510751, 42.298628794217478 ], [ 19.05238, 42.296518994216562 ], [ 19.055004, 42.29444489421568 ], [ 19.0621264, 42.300905194218529 ], [ 19.0676916, 42.304035994219831 ], [ 19.0785569, 42.305851094220671 ], [ 19.1025763, 42.291865194214544 ], [ 19.10981, 42.280318294209465 ], [ 19.1141958, 42.268193794204159 ], [ 19.1216946, 42.261730694201361 ], [ 19.1057584, 42.255351794198546 ], [ 19.1075259, 42.253654294197794 ], [ 19.1068259, 42.253060694197544 ], [ 19.1079068, 42.252151394197142 ], [ 19.1075098, 42.251091294196669 ], [ 19.1050637, 42.249582394196025 ], [ 19.1051388, 42.245396894194172 ], [ 19.1061044, 42.242593194192949 ], [ 19.1077244, 42.241409794192386 ], [ 19.1140786, 42.240442694192026 ], [ 19.1182092, 42.238933594191337 ], [ 19.1199928, 42.238975294191384 ], [ 19.1214225, 42.237732194190812 ], [ 19.1198105, 42.23611969419013 ], [ 19.1140544, 42.233323494188902 ], [ 19.1138205, 42.231328594188007 ], [ 19.1146982, 42.230241294187501 ], [ 19.1210979, 42.227438894186278 ], [ 19.1216773, 42.226064494185721 ], [ 19.1251159, 42.22723679418619 ], [ 19.1260546, 42.226992494186099 ], [ 19.12882, 42.227714994186385 ], [ 19.1362041, 42.231359394188019 ], [ 19.1383848, 42.231536194188116 ], [ 19.1467237, 42.229710994187343 ], [ 19.1486147, 42.230005894187435 ], [ 19.1503957, 42.231067494187911 ], [ 19.1547462, 42.231015794187904 ], [ 19.1605425, 42.228030794186566 ], [ 19.1607946, 42.226888694186066 ], [ 19.1597392, 42.224405994184963 ], [ 19.160677899999989, 42.224660194185077 ], [ 19.1638926, 42.22302949418436 ], [ 19.1653731, 42.223104994184396 ], [ 19.1660437, 42.224550994184995 ], [ 19.165298, 42.225120994185318 ], [ 19.1655958, 42.226864894186043 ], [ 19.1662851, 42.227504394186312 ], [ 19.168058, 42.227593794186376 ], [ 19.1699597, 42.226088294185715 ], [ 19.1754703, 42.225264994185309 ], [ 19.1767913, 42.223702894184619 ], [ 19.1785186, 42.223385094184543 ], [ 19.1819411, 42.220445394183223 ], [ 19.1841137, 42.216432794181458 ], [ 19.1879466, 42.218200694182237 ], [ 19.1909051, 42.216947294181722 ], [ 19.1918948, 42.214005294180396 ], [ 19.191345, 42.212348494179707 ], [ 19.1875027, 42.210097594178684 ], [ 19.1859591, 42.210751194178975 ], [ 19.1837892, 42.210629994178923 ], [ 19.183116, 42.208758594178121 ], [ 19.181394, 42.207612194177614 ], [ 19.1812652, 42.206857294177269 ], [ 19.1834512, 42.204600194176258 ], [ 19.1872439, 42.206313894177008 ], [ 19.1872466, 42.205261894176573 ], [ 19.1891375, 42.20499359417645 ], [ 19.1905349, 42.204035994176031 ], [ 19.1924406, 42.201800694175077 ], [ 19.1922381, 42.200874794174624 ], [ 19.1946441, 42.198877894173776 ], [ 19.1933995, 42.195201694172141 ], [ 19.1943946, 42.190717594170181 ], [ 19.1977405, 42.185986994168104 ], [ 19.202342, 42.184732594167528 ], [ 19.2037475, 42.182546294166563 ], [ 19.2064244, 42.180576694165687 ], [ 19.2067838, 42.179081994165053 ], [ 19.2053488, 42.177523594164384 ], [ 19.2045039, 42.174076894162845 ], [ 19.2058718, 42.173581894162652 ], [ 19.2065665, 42.174589694163089 ], [ 19.2073001, 42.174556894163082 ], [ 19.2085916, 42.171134794161539 ], [ 19.2072022, 42.17059609416134 ], [ 19.208377, 42.169200594160728 ], [ 19.2129166, 42.167779194160062 ], [ 19.2151791, 42.168019694160179 ], [ 19.2153507, 42.166029694159349 ], [ 19.2161795, 42.165336894159026 ], [ 19.2187022, 42.165343794159028 ], [ 19.2188886, 42.164146994158486 ], [ 19.2224708, 42.163441594158165 ], [ 19.2228636, 42.162787094157864 ], [ 19.2242362, 42.162529094157797 ], [ 19.2249638, 42.160518594156883 ], [ 19.2244193, 42.159772994156562 ], [ 19.2255981, 42.15969239415648 ], [ 19.2266777, 42.158559094156033 ], [ 19.2261668, 42.158457694155992 ], [ 19.226903, 42.154273194154158 ], [ 19.2281529, 42.153911294153986 ], [ 19.228855, 42.152701294153466 ], [ 19.2315285, 42.153167594153651 ], [ 19.2337748, 42.151453594152898 ], [ 19.2330024, 42.149347694151984 ], [ 19.2338526, 42.149236294151954 ], [ 19.2349148, 42.148078994151383 ], [ 19.2363685, 42.14813069415144 ], [ 19.2376922, 42.147435594151119 ], [ 19.2380865, 42.147879094151321 ], [ 19.2383829, 42.147074694151001 ], [ 19.2394504, 42.147020994150935 ], [ 19.2395872, 42.146299094150635 ], [ 19.2389408, 42.146262294150603 ], [ 19.2384915, 42.145342494150213 ], [ 19.2366522, 42.145534994150296 ], [ 19.2367414, 42.144618694149862 ], [ 19.2389515, 42.143512894149367 ], [ 19.2395255, 42.142295794148872 ], [ 19.2426382, 42.139916094147814 ], [ 19.2424813, 42.138964394147415 ], [ 19.2455685, 42.138648194147251 ], [ 19.2454733, 42.135055094145727 ], [ 19.2433289, 42.132032694144335 ], [ 19.2431277, 42.127063694142159 ], [ 19.243876, 42.127218794142223 ], [ 19.2459252, 42.130031594143475 ], [ 19.2450106, 42.131107694143935 ], [ 19.2458555, 42.131398194144062 ], [ 19.2469364, 42.130562694143713 ], [ 19.249337, 42.130473194143654 ], [ 19.2499647, 42.130878994143842 ], [ 19.2497098, 42.131567194144161 ], [ 19.2473254, 42.131083894143941 ], [ 19.2457134, 42.132082394144369 ], [ 19.2475131, 42.134757694145549 ], [ 19.2466253, 42.136756694146435 ], [ 19.2469901, 42.138558694147221 ], [ 19.2474541, 42.137993794146972 ], [ 19.2495529, 42.138683994147293 ], [ 19.2501269, 42.138368694147111 ], [ 19.250139, 42.136529994146294 ], [ 19.2513929, 42.135647794145974 ], [ 19.2510134, 42.13468809414551 ], [ 19.2541449, 42.134608594145476 ], [ 19.2556053, 42.131344494144031 ], [ 19.2564958, 42.131778094144245 ], [ 19.2563564, 42.132641394144606 ], [ 19.2574802, 42.133170494144863 ], [ 19.2573662, 42.134412594145402 ], [ 19.2578852, 42.134563794145485 ], [ 19.2582956, 42.133936294145201 ], [ 19.2604052, 42.134032694145212 ], [ 19.2623377, 42.130648194143731 ], [ 19.2636533, 42.130346894143614 ], [ 19.265264, 42.129001194143001 ], [ 19.2690969, 42.12776089414244 ], [ 19.2725408, 42.125625394141522 ], [ 19.2754175, 42.126310694141814 ], [ 19.2766204, 42.125905894141646 ], [ 19.278616, 42.124453694141039 ], [ 19.2806733, 42.121680394139801 ], [ 19.2784604, 42.119971494139008 ], [ 19.2803755, 42.119027394138577 ], [ 19.2816228, 42.119231394138673 ], [ 19.2814444, 42.118640494138404 ], [ 19.284018, 42.118441494138374 ], [ 19.2850774, 42.117192094137756 ], [ 19.286904, 42.116461894137466 ], [ 19.2858955, 42.114635394136677 ], [ 19.2864373, 42.113936994136367 ], [ 19.289538, 42.11432099413652 ], [ 19.2898867, 42.116320594137399 ], [ 19.291268, 42.116792094137651 ], [ 19.2918044, 42.117719294138041 ], [ 19.2971072, 42.11758599413799 ], [ 19.2980218, 42.116710594137587 ], [ 19.296277, 42.116622994137565 ], [ 19.2960611, 42.116147494137344 ], [ 19.2913994, 42.116185294137381 ], [ 19.2907208, 42.115146694136882 ], [ 19.293521, 42.113694294136245 ], [ 19.2938268, 42.112030794135521 ], [ 19.2952229, 42.110702694134908 ], [ 19.2960289, 42.111035994135079 ], [ 19.2956829, 42.112554094135731 ], [ 19.296412499999988, 42.113178894136034 ], [ 19.2971541, 42.112572994135753 ], [ 19.2999986, 42.112583994135761 ], [ 19.3019834, 42.113535094136225 ], [ 19.306228, 42.112091494135555 ], [ 19.3076965, 42.109901794134586 ], [ 19.3073344, 42.108677994134027 ], [ 19.3117332, 42.106692094133159 ], [ 19.3120497, 42.10580259413274 ], [ 19.3161535, 42.104889194132411 ], [ 19.3184495, 42.105189694132505 ], [ 19.3195412, 42.102690194131391 ], [ 19.3208621, 42.102575794131347 ], [ 19.3205336, 42.100614594130484 ], [ 19.3213543, 42.099977694130189 ], [ 19.3235698, 42.099418494129964 ], [ 19.3270782, 42.099553794130038 ], [ 19.3280706, 42.098245294129441 ], [ 19.3310934, 42.097103894128921 ], [ 19.3324225, 42.097173594128918 ], [ 19.3339433, 42.096186394128516 ], [ 19.335211, 42.093768094127505 ], [ 19.3369728, 42.09291829412706 ], [ 19.336828, 42.091238494126351 ], [ 19.3383381, 42.089978494125766 ], [ 19.3401432, 42.089267894125491 ], [ 19.3416721, 42.089536594125605 ], [ 19.3425652, 42.090081994125867 ], [ 19.3420261, 42.091760894126558 ], [ 19.3440351, 42.092275394126794 ], [ 19.3480825, 42.091712194126586 ], [ 19.3501854, 42.092030594126705 ], [ 19.3526302, 42.09129319412633 ], [ 19.3559481, 42.088686694125187 ], [ 19.3554653, 42.090576594126055 ], [ 19.3562914, 42.091177694126301 ], [ 19.3558784, 42.092370994126853 ], [ 19.3592419, 42.090647294126072 ], [ 19.360638, 42.091487294126452 ], [ 19.3599513, 42.092260494126819 ], [ 19.3606862, 42.092659594126957 ], [ 19.3614359, 42.091777794126564 ], [ 19.3666112, 42.090589594126065 ], [ 19.3664074, 42.088169194125001 ], [ 19.3677941, 42.086687194124345 ], [ 19.368702, 42.086692194124325 ], [ 19.370251, 42.085526694123814 ], [ 19.3721929, 42.085766594123932 ], [ 19.3737888, 42.084482594123365 ], [ 19.3742046, 42.085115694123687 ], [ 19.3749757, 42.08489969412355 ], [ 19.3765971, 42.085778494123971 ], [ 19.3769986, 42.085180294123688 ], [ 19.3759641, 42.083851594123097 ], [ 19.3776593, 42.084203994123229 ], [ 19.3790379, 42.083795894123085 ], [ 19.3794081, 42.082002294122233 ], [ 19.3849298, 42.078650894120784 ] ] ], [ [ [ 19.2316588, 42.163498094158243 ], [ 19.2339385, 42.164133094158501 ], [ 19.2331338, 42.165367694159023 ], [ 19.2313743, 42.16553469415912 ], [ 19.230296, 42.166777194159671 ], [ 19.2286076, 42.165904494159278 ], [ 19.2276688, 42.166379594159451 ], [ 19.2266536, 42.166069494159352 ], [ 19.2268306, 42.166833894159645 ], [ 19.225751, 42.167287094159896 ], [ 19.227536, 42.162890494157949 ], [ 19.2302987, 42.162524694157746 ], [ 19.2286682, 42.164301894158555 ], [ 19.2294766, 42.164874594158796 ], [ 19.2313904, 42.164602294158669 ], [ 19.2301807, 42.163749394158295 ], [ 19.2316588, 42.163498094158243 ] ] ], [ [ [ 19.2308941, 42.16313299415804 ], [ 19.2313716, 42.162727494157842 ], [ 19.2313662, 42.163198594158068 ], [ 19.2308941, 42.16313299415804 ] ] ], [ [ [ 19.2579516, 42.139707794147697 ], [ 19.2547993, 42.144157294149707 ], [ 19.253532, 42.144446094149792 ], [ 19.2536071, 42.140605294148131 ], [ 19.2579516, 42.139707794147697 ] ] ], [ [ [ 19.334414, 42.107179594133427 ], [ 19.330852, 42.108105894133786 ], [ 19.3297859, 42.107754694133618 ], [ 19.3289664, 42.106268194133001 ], [ 19.3297081, 42.105305094132554 ], [ 19.331072, 42.105079194132429 ], [ 19.3339835, 42.105946894132799 ], [ 19.334414, 42.107179594133427 ] ] ] ] } },
{ "type": "Feature", "properties": { "admin_id": "2319527", "name_local": "Opština Bijelo Polje", "name_en": "Bijelo Polje Municipality" }, "geometry": { "type": "Polygon", "coordinates": [ [ [ 19.4338896, 43.069206294548238 ], [ 19.4296953, 43.071679494549329 ], [ 19.4282888, 43.073913894550273 ], [ 19.4244966, 43.075609594550997 ], [ 19.4237029, 43.077039294551575 ], [ 19.4254558, 43.078585694552203 ], [ 19.4286657, 43.083472894554276 ], [ 19.4373525, 43.087021594555779 ], [ 19.4331909, 43.091379294557619 ], [ 19.43184, 43.094714694559002 ], [ 19.4311943, 43.093740094558576 ], [ 19.4285221, 43.094697794559032 ], [ 19.4277586, 43.096716594559844 ], [ 19.4285702, 43.097281994560085 ], [ 19.4290354, 43.099950094561208 ], [ 19.4283398, 43.10287259456242 ], [ 19.4238419, 43.104835594563284 ], [ 19.4270905, 43.109414594565195 ], [ 19.4269717, 43.110237294565529 ], [ 19.4250562, 43.111953394566292 ], [ 19.4246059, 43.114579594567353 ], [ 19.4279665, 43.120420394569791 ], [ 19.4300497, 43.122663294570749 ], [ 19.4308629, 43.121770894570389 ], [ 19.4330816, 43.121446094570224 ], [ 19.4339378, 43.121955694570431 ], [ 19.4330293, 43.116466794568126 ], [ 19.4305412, 43.113490094566863 ], [ 19.4319662, 43.111371894566027 ], [ 19.4337706, 43.111244294565928 ], [ 19.4348517, 43.112518394566479 ], [ 19.4382745, 43.113952894567078 ], [ 19.4376974, 43.115823794567859 ], [ 19.4399228, 43.115018594567552 ], [ 19.4405586, 43.114230694567219 ], [ 19.4422871, 43.115279594567639 ], [ 19.445899, 43.116023594567977 ], [ 19.4474879, 43.11562289456775 ], [ 19.4477578, 43.114871194567499 ], [ 19.4508855, 43.114548894567342 ], [ 19.4522085, 43.115870394567914 ], [ 19.4535015, 43.115489494567747 ], [ 19.4553458, 43.115844594567903 ], [ 19.4564266, 43.116804094568273 ], [ 19.4577478, 43.116445694568107 ], [ 19.4560762, 43.117386094568531 ], [ 19.4561467, 43.117874694568762 ], [ 19.4571052, 43.11937359456936 ], [ 19.4581648, 43.119433494569336 ], [ 19.4595004, 43.121619594570298 ], [ 19.464508, 43.124875494571661 ], [ 19.4685668, 43.124963194571698 ], [ 19.4702541, 43.126013994572141 ], [ 19.471291, 43.128598694573242 ], [ 19.4737362, 43.130141794573866 ], [ 19.4749872, 43.132695794574971 ], [ 19.4769185, 43.133407894575278 ], [ 19.4787638, 43.136234994576441 ], [ 19.4808882, 43.137298294576873 ], [ 19.4830899, 43.142204194578923 ], [ 19.4885756, 43.143828994579657 ], [ 19.4888307, 43.145101994580159 ], [ 19.4875363, 43.145253694580262 ], [ 19.4865575, 43.146452994580699 ], [ 19.4873117, 43.148212794581454 ], [ 19.4885649, 43.149107794581859 ], [ 19.4898791, 43.148962794581763 ], [ 19.491642, 43.149574294582031 ], [ 19.4932848, 43.150802694582559 ], [ 19.4944114, 43.15342869458366 ], [ 19.4992192, 43.156110594584774 ], [ 19.5040075, 43.16167919458708 ], [ 19.5062079, 43.163097094587712 ], [ 19.5088331, 43.163599494587878 ], [ 19.5122151, 43.166296994589025 ], [ 19.5147468, 43.166200694588973 ], [ 19.5157714, 43.166987694589317 ], [ 19.5180853, 43.17151099459123 ], [ 19.5168364, 43.174792994592565 ], [ 19.5135546, 43.178390994594103 ], [ 19.5138532, 43.178999894594334 ], [ 19.5116711, 43.181681894595513 ], [ 19.5123223, 43.182012794595636 ], [ 19.5126109, 43.183597294596268 ], [ 19.5155251, 43.184979794596828 ], [ 19.5186898, 43.189204194598638 ], [ 19.5182487, 43.190045694599007 ], [ 19.5149018, 43.191442594599586 ], [ 19.5149983, 43.197392894602082 ], [ 19.5164218, 43.197467794602062 ], [ 19.5192156, 43.203462794604576 ], [ 19.5219705, 43.205543694605481 ], [ 19.5221129, 43.207787194606404 ], [ 19.523946, 43.208193694606571 ], [ 19.5244396, 43.20959759460716 ], [ 19.5251641, 43.209394294607044 ], [ 19.5264458, 43.21107009460782 ], [ 19.527202, 43.217107394610288 ], [ 19.5320685, 43.222356394612532 ], [ 19.5317773, 43.223177994612833 ], [ 19.5353009, 43.224077394613218 ], [ 19.5379665, 43.224017494613193 ], [ 19.5390145, 43.222579594612611 ], [ 19.5423209, 43.221327994612039 ], [ 19.5464778, 43.221875294612317 ], [ 19.5489875, 43.221626094612219 ], [ 19.5515291, 43.222792094612672 ], [ 19.5527188, 43.22432909461331 ], [ 19.5525812, 43.230087994615715 ], [ 19.5533112, 43.231595894616298 ], [ 19.5561028, 43.234159894617427 ], [ 19.5562163, 43.23557599461801 ], [ 19.5571445, 43.236602994618409 ], [ 19.5591097, 43.237455894618805 ], [ 19.5588613, 43.239929994619835 ], [ 19.5564295, 43.24203449462069 ], [ 19.5561875, 43.243901894621459 ], [ 19.5591066, 43.243428694621329 ], [ 19.5624915, 43.241877394620637 ], [ 19.5662091, 43.242998894621124 ], [ 19.5703772, 43.242193894620755 ], [ 19.5712194, 43.241275594620404 ], [ 19.5734763, 43.240503194620089 ], [ 19.5765869, 43.240509994620083 ], [ 19.5784108, 43.241256394620372 ], [ 19.5806263, 43.240928194620203 ], [ 19.5823215, 43.239943394619829 ], [ 19.5861728, 43.240201094619913 ], [ 19.5884673, 43.239169394619502 ], [ 19.5908602, 43.239384694619609 ], [ 19.5941484, 43.23735529461873 ], [ 19.5962, 43.236539694618443 ], [ 19.5973845, 43.236747194618474 ], [ 19.600508, 43.234918094617754 ], [ 19.6045597, 43.234245994617446 ], [ 19.6089556, 43.23231559461663 ], [ 19.6181199, 43.230540994615922 ], [ 19.617916, 43.228458194615051 ], [ 19.61921280000001, 43.225827594613918 ], [ 19.6236827, 43.224188094613233 ], [ 19.6263301, 43.222181094612438 ], [ 19.6287864, 43.219061994611167 ], [ 19.6292474, 43.217264194610394 ], [ 19.6300136, 43.216932694610193 ], [ 19.6305746, 43.214262094609104 ], [ 19.6335817, 43.210687194607615 ], [ 19.6376018, 43.207658094606323 ], [ 19.6398501, 43.207146594606122 ], [ 19.6370047, 43.203725694604699 ], [ 19.6369128, 43.200375694603331 ], [ 19.6377982, 43.195539094601294 ], [ 19.6405037, 43.191414794599588 ], [ 19.6406583, 43.188984594598551 ], [ 19.6475509, 43.187765894598044 ], [ 19.6517735, 43.186255594597412 ], [ 19.6574169, 43.186302994597412 ], [ 19.6597861, 43.185137294596949 ], [ 19.6635532, 43.186448494597485 ], [ 19.6664275, 43.185548294597083 ], [ 19.6682738, 43.184316794596576 ], [ 19.6708981, 43.183830494596371 ], [ 19.6787804, 43.178880394594316 ], [ 19.6801655, 43.17667159459338 ], [ 19.6800926, 43.173388394591989 ], [ 19.6849265, 43.167996494589772 ], [ 19.6879313, 43.169162394590288 ], [ 19.6932407, 43.168458494589927 ], [ 19.7036698, 43.170635494590897 ], [ 19.7114052, 43.170170594590644 ], [ 19.7257159, 43.171636294591323 ], [ 19.7294082, 43.171698794591279 ], [ 19.7321429, 43.170852694590977 ], [ 19.7335933, 43.171211694591108 ], [ 19.7349886, 43.167289894589452 ], [ 19.734629, 43.16626649458901 ], [ 19.7377209, 43.16385219458801 ], [ 19.7364287, 43.162129994587289 ], [ 19.738459, 43.161814194587187 ], [ 19.7408486, 43.159037394586036 ], [ 19.7441625, 43.159592794586203 ], [ 19.7457273, 43.158962094585981 ], [ 19.7554988, 43.160519494586623 ], [ 19.7558244, 43.162759594587548 ], [ 19.7596153, 43.16452769458828 ], [ 19.7646787, 43.16353679458792 ], [ 19.769289, 43.165670694588776 ], [ 19.7702576, 43.165528694588716 ], [ 19.7709859, 43.163257594587755 ], [ 19.7731338, 43.16077309458673 ], [ 19.7785771, 43.1583026945857 ], [ 19.7796627, 43.156322194584867 ], [ 19.7794777, 43.154907394584242 ], [ 19.7805724, 43.152351694583174 ], [ 19.7792825, 43.146371294580689 ], [ 19.7810548, 43.143443694579481 ], [ 19.779993, 43.140733394578341 ], [ 19.7791407, 43.139836994577962 ], [ 19.7772604, 43.139387894577744 ], [ 19.7768706, 43.137901294577141 ], [ 19.7807873, 43.137958194577187 ], [ 19.781539, 43.135746894576251 ], [ 19.7831064, 43.134487394575714 ], [ 19.7849422, 43.133634094575342 ], [ 19.7870833, 43.133737494575406 ], [ 19.7856879, 43.129111694573467 ], [ 19.7878368, 43.126049194572175 ], [ 19.791126, 43.123471594571043 ], [ 19.7929402, 43.122944494570838 ], [ 19.7986761, 43.123367094571037 ], [ 19.8022853, 43.122285994570575 ], [ 19.8050026, 43.122325394570623 ], [ 19.8074006, 43.120986394570011 ], [ 19.8067191, 43.117344994568519 ], [ 19.8093085, 43.116989394568357 ], [ 19.8114501, 43.115480994567754 ], [ 19.8201132, 43.115623594567765 ], [ 19.8234843, 43.117767594568711 ], [ 19.8259571, 43.118098494568862 ], [ 19.8279172, 43.117577594568573 ], [ 19.8306436, 43.117668794568651 ], [ 19.8325571, 43.116121894568018 ], [ 19.8353452, 43.115495394567773 ], [ 19.8370993, 43.115653194567777 ], [ 19.8403457, 43.111950994566236 ], [ 19.8391524, 43.109929594565422 ], [ 19.8375384, 43.110137194565461 ], [ 19.8331832, 43.107286494564278 ], [ 19.834892799999988, 43.101602094561919 ], [ 19.8363108, 43.099971594561183 ], [ 19.8338309, 43.096118994559554 ], [ 19.8386864, 43.094041894558693 ], [ 19.8422054, 43.096068494559567 ], [ 19.8451868, 43.099856394561151 ], [ 19.8475146, 43.100531494561466 ], [ 19.8516211, 43.100270194561347 ], [ 19.8505728, 43.100884694561586 ], [ 19.8503887, 43.101917794561999 ], [ 19.8511918, 43.102392394562223 ], [ 19.851591, 43.101834894562003 ], [ 19.8525044, 43.10206619456207 ], [ 19.8577987, 43.105644994563583 ], [ 19.8607239, 43.106203394563821 ], [ 19.8612947, 43.110344594565561 ], [ 19.8623812, 43.109883994565379 ], [ 19.8636503, 43.110217894565537 ], [ 19.8645436, 43.1115514945661 ], [ 19.867327, 43.112050494566276 ], [ 19.8685489, 43.113139394566758 ], [ 19.8699209, 43.11311669456672 ], [ 19.8719092, 43.112379994566439 ], [ 19.8727796, 43.111330594565992 ], [ 19.8758652, 43.110361194565549 ], [ 19.8758082, 43.109742794565335 ], [ 19.8774493, 43.110096294565466 ], [ 19.8780203, 43.109752194565345 ], [ 19.8799336, 43.107682394564442 ], [ 19.8800596, 43.10665059456398 ], [ 19.8829342, 43.105087094563373 ], [ 19.8812978, 43.102737594562399 ], [ 19.8859381, 43.101726794561969 ], [ 19.8856533, 43.100132294561284 ], [ 19.8872867, 43.098771994560671 ], [ 19.8875268, 43.097363094560102 ], [ 19.890222, 43.097457194560121 ], [ 19.8931894, 43.098636494560658 ], [ 19.9000145, 43.098602694560604 ], [ 19.9029631, 43.099250994560897 ], [ 19.9027936, 43.098181494560478 ], [ 19.9068669, 43.090948694557405 ], [ 19.9166385, 43.085959794555343 ], [ 19.9178797, 43.091508294557649 ], [ 19.9219842, 43.095911194559513 ], [ 19.9269419, 43.096494694559745 ], [ 19.9301093, 43.096035594559574 ], [ 19.937293, 43.100683894561499 ], [ 19.941002, 43.101263694561744 ], [ 19.944457, 43.101070494561682 ], [ 19.9480503, 43.103211294562612 ], [ 19.9499522, 43.1024779945623 ], [ 19.9509077, 43.104325694563002 ], [ 19.9527505, 43.10507089456339 ], [ 19.9530567, 43.105949794563742 ], [ 19.9557645, 43.108020494564606 ], [ 19.9594525, 43.108426694564798 ], [ 19.9599733, 43.109938794565416 ], [ 19.9619659, 43.110367494565629 ], [ 19.9627487, 43.111076294565905 ], [ 19.9670279, 43.111683494566144 ], [ 19.9695066, 43.111444694566046 ], [ 19.969864, 43.11284809456663 ], [ 19.9707836, 43.109505294565231 ], [ 19.9734334, 43.106928394564122 ], [ 19.9735222, 43.103673194562766 ], [ 19.9715178, 43.098140594560419 ], [ 19.9695856, 43.088316894556307 ], [ 19.9674491, 43.087191394555838 ], [ 19.9750603, 43.074466394550512 ], [ 19.9840219, 43.066090594546921 ], [ 19.9884244, 43.057173394543227 ], [ 19.9921476, 43.051806394540939 ], [ 20.0121818, 43.042531894537056 ], [ 20.0286825, 43.037342294534852 ], [ 20.0377131, 43.032578894532811 ], [ 20.042456399999988, 43.02901559453133 ], [ 20.0446647, 43.028616494531164 ], [ 20.0473699, 43.026470494530265 ], [ 20.0479263, 43.024617394529479 ], [ 20.0497591, 43.022591894528645 ], [ 20.0493337, 43.021986894528403 ], [ 20.0563575, 43.017651494526547 ], [ 20.0565195, 43.016529494526083 ], [ 20.0540942, 43.011281094523873 ], [ 20.0541294, 43.00945799452311 ], [ 20.0576988, 43.008134594522531 ], [ 20.0639411, 43.006825994521961 ], [ 20.0655812, 43.004776594521132 ], [ 20.0657978, 43.001294994519611 ], [ 20.0675657, 42.99950269451886 ], [ 20.0741004, 42.996142394517435 ], [ 20.0609862, 42.992879794516071 ], [ 20.0520974, 42.991931694515657 ], [ 20.0455122, 42.989765894514775 ], [ 20.0431261, 42.992558294515959 ], [ 20.0285567, 42.988433794514201 ], [ 20.0236512, 42.986173594513268 ], [ 20.0190223, 42.97961059451049 ], [ 20.0084646, 42.983331594512059 ], [ 20.0084855, 42.982412794511632 ], [ 20.0058227, 42.98113979451113 ], [ 20.0056986, 42.978263994509902 ], [ 20.003259, 42.976367994509097 ], [ 20.002519, 42.977361494509509 ], [ 19.9994941, 42.977428894509522 ], [ 19.9967845, 42.97643649450913 ], [ 19.995472, 42.978581094510062 ], [ 19.9821198, 42.978640794510056 ], [ 19.9805181, 42.977626594509616 ], [ 19.978492, 42.973952594508056 ], [ 19.9775759, 42.969578994506215 ], [ 19.970743, 42.965643194504572 ], [ 19.9649378, 42.964671694504155 ], [ 19.9589066, 42.961242394502698 ], [ 19.9566556, 42.960909394502522 ], [ 19.9503345, 42.962070394503058 ], [ 19.9490207, 42.961714594502887 ], [ 19.9485316, 42.960428994502344 ], [ 19.947287, 42.961011294502605 ], [ 19.9426858, 42.958687894501622 ], [ 19.9349149, 42.956581494500725 ], [ 19.9313613, 42.957735894501205 ], [ 19.9280781, 42.958017694501372 ], [ 19.9240423, 42.957511194501073 ], [ 19.9182498, 42.957644194501157 ], [ 19.9197238, 42.953689694499474 ], [ 19.9238907, 42.951541494498564 ], [ 19.9240871, 42.950043494497912 ], [ 19.9219176, 42.94694209449667 ], [ 19.9178383, 42.946528694496507 ], [ 19.9124049, 42.940821494494088 ], [ 19.9092535, 42.940916594494098 ], [ 19.9044272, 42.940040994493692 ], [ 19.902079, 42.938049994492886 ], [ 19.9010551, 42.93579039449191 ], [ 19.8991608, 42.934615994491416 ], [ 19.8984438, 42.931859394490267 ], [ 19.8969271, 42.931001094489865 ], [ 19.8957251, 42.931583194490145 ], [ 19.8901682, 42.923036394486502 ], [ 19.8878574, 42.923763994486798 ], [ 19.8859794, 42.925620594487583 ], [ 19.8853589, 42.925458294487512 ], [ 19.8854161, 42.924646394487169 ], [ 19.8848199, 42.924671894487176 ], [ 19.8839952, 42.925569994487546 ], [ 19.8825044, 42.92564929448762 ], [ 19.8798865, 42.926873594488136 ], [ 19.8730173, 42.927868694488552 ], [ 19.8723575, 42.929049594489044 ], [ 19.8690824, 42.928954894488996 ], [ 19.8685662, 42.929262194489169 ], [ 19.8688535, 42.930975494489886 ], [ 19.8601109, 42.931982494490263 ], [ 19.8532205, 42.934069794491158 ], [ 19.8540496, 42.935265494491702 ], [ 19.8525616, 42.937469194492664 ], [ 19.8496011, 42.93875189449318 ], [ 19.8437255, 42.944918794495763 ], [ 19.8450912, 42.949482394497693 ], [ 19.8440662, 42.951940594498758 ], [ 19.8475016, 42.954912494499986 ], [ 19.8482942, 42.958058394501336 ], [ 19.8479752, 42.959180094501811 ], [ 19.8438035, 42.961419194502788 ], [ 19.8423429, 42.966295294504818 ], [ 19.8410552, 42.96684479450505 ], [ 19.8342878, 42.966682394504993 ], [ 19.8292863, 42.967938894505551 ], [ 19.8277478, 42.967268594505235 ], [ 19.8229216, 42.96803159450559 ], [ 19.8211686, 42.967539794505313 ], [ 19.8213651, 42.966868494505064 ], [ 19.8202267, 42.966949194505112 ], [ 19.8203933, 42.966374994504875 ], [ 19.8193301, 42.966057894504736 ], [ 19.8199396, 42.964289694503975 ], [ 19.8165031, 42.957752294501205 ], [ 19.8120974, 42.95561519450029 ], [ 19.8097491, 42.955456394500246 ], [ 19.8073491, 42.956020694500488 ], [ 19.8055039, 42.954429294499789 ], [ 19.8050293, 42.952817094499125 ], [ 19.8057828, 42.947514394496864 ], [ 19.8074942, 42.944919494495778 ], [ 19.8067836, 42.943618294495224 ], [ 19.804856, 42.942372094494687 ], [ 19.8038842, 42.939383694493443 ], [ 19.8029682, 42.938900794493229 ], [ 19.8030755, 42.938093994492903 ], [ 19.8043474, 42.937239794492513 ], [ 19.8038768, 42.936449194492191 ], [ 19.8048396, 42.935695094491898 ], [ 19.8047547, 42.932471494490478 ], [ 19.8034942, 42.930820794489819 ], [ 19.8006803, 42.92944699448924 ], [ 19.7978163, 42.930962494489847 ], [ 19.7937714, 42.931155794489953 ], [ 19.7871329, 42.930596194489681 ], [ 19.7863043, 42.929972594489456 ], [ 19.78551, 42.930184394489515 ], [ 19.785085, 42.929514494489268 ], [ 19.7842222, 42.929937594489438 ], [ 19.7831171, 42.928356294488758 ], [ 19.7801381, 42.927963794488612 ], [ 19.7798081, 42.927523494488405 ], [ 19.778909, 42.927841894488544 ], [ 19.778502, 42.926719094488092 ], [ 19.7724999, 42.927930894488554 ], [ 19.762909, 42.924017494486947 ], [ 19.7617517, 42.92487789448731 ], [ 19.7579153, 42.922702494486387 ], [ 19.7572913, 42.921190594485743 ], [ 19.7556981, 42.920549594485443 ], [ 19.7540799, 42.918778994484676 ], [ 19.7504702, 42.91776009448423 ], [ 19.7487375, 42.916694094483802 ], [ 19.7473198, 42.915488794483309 ], [ 19.7483149, 42.91440419448282 ], [ 19.7479618, 42.914134094482733 ], [ 19.7396957, 42.912919594482226 ], [ 19.7335828, 42.916034294483502 ], [ 19.7294486, 42.916540894483759 ], [ 19.7251848, 42.918641994484645 ], [ 19.7225127, 42.919125994484844 ], [ 19.720831, 42.920007494485212 ], [ 19.7204801, 42.920821094485532 ], [ 19.7187285, 42.919735794485092 ], [ 19.7092794, 42.916970994483918 ], [ 19.7013865, 42.912244394481938 ], [ 19.6989567, 42.911783994481738 ], [ 19.6894774, 42.914520294482898 ], [ 19.6861382, 42.913307294482358 ], [ 19.6841198, 42.913284094482364 ], [ 19.6820869, 42.913940894482629 ], [ 19.6805454, 42.915221594483192 ], [ 19.6758941, 42.920299994485333 ], [ 19.676434, 42.922594094486286 ], [ 19.6757082, 42.925058894487357 ], [ 19.6785048, 42.928059194488647 ], [ 19.6794915, 42.933078894490755 ], [ 19.6640571, 42.943370194495081 ], [ 19.659725699999989, 42.945174494495888 ], [ 19.6422212, 42.948925694497461 ], [ 19.6400157, 42.949703294497802 ], [ 19.6361704, 42.952316394498872 ], [ 19.6286425, 42.953957794499587 ], [ 19.6278165, 42.95703949450089 ], [ 19.6281609, 42.964277894504008 ], [ 19.6346805, 42.970229694506457 ], [ 19.6390485, 42.971590894507074 ], [ 19.639452, 42.973230194507813 ], [ 19.6387775, 42.973729594507958 ], [ 19.6404991, 42.974773794508408 ], [ 19.6396821, 42.97504649450854 ], [ 19.6405886, 42.97776239450971 ], [ 19.6421549, 42.979881894510577 ], [ 19.6443394, 42.981484094511252 ], [ 19.6464961, 42.984634894512581 ], [ 19.6457491, 42.985332794512892 ], [ 19.6457506, 42.986609794513392 ], [ 19.6483628, 42.990854594515177 ], [ 19.6487314, 42.994236294516668 ], [ 19.6478951, 42.994953494516963 ], [ 19.6474639, 42.999061394518662 ], [ 19.6466212, 43.000594994519318 ], [ 19.6465734, 43.005308794521333 ], [ 19.645119, 43.008258994522606 ], [ 19.6469822, 43.00892739452285 ], [ 19.6463059, 43.010392794523426 ], [ 19.644284, 43.012718694524459 ], [ 19.6417328, 43.013948894524951 ], [ 19.6411606, 43.015121194525499 ], [ 19.6400074, 43.014561294525237 ], [ 19.6366415, 43.014509994525199 ], [ 19.6347297, 43.015683694525677 ], [ 19.628736, 43.016535094526063 ], [ 19.6288693, 43.017022694526254 ], [ 19.6269777, 43.018292094526799 ], [ 19.6258229, 43.020047794527592 ], [ 19.6279518, 43.020585094527782 ], [ 19.6289405, 43.022223994528453 ], [ 19.6308046, 43.02255319452857 ], [ 19.6304062, 43.023036294528822 ], [ 19.6309717, 43.023825094529158 ], [ 19.6272003, 43.023859194529187 ], [ 19.6261777, 43.024764994529534 ], [ 19.6250112, 43.024929294529606 ], [ 19.6273399, 43.02748429453068 ], [ 19.6265994, 43.028332994531056 ], [ 19.6244072, 43.029082794531377 ], [ 19.62309, 43.028303994531022 ], [ 19.6227004, 43.02892409453127 ], [ 19.6219591, 43.026899794530486 ], [ 19.6241369, 43.025009094529629 ], [ 19.6227729, 43.023439794528983 ], [ 19.6210567, 43.023500994529009 ], [ 19.6207721, 43.022498094528579 ], [ 19.6142564, 43.022927494528794 ], [ 19.6087828, 43.021978694528343 ], [ 19.606718, 43.021114894527983 ], [ 19.6035924, 43.025150694529664 ], [ 19.6004861, 43.026202694530127 ], [ 19.5981201, 43.025965194530045 ], [ 19.5962236, 43.026444794530271 ], [ 19.5897585, 43.025514694529868 ], [ 19.5823411, 43.026417694530231 ], [ 19.5827472, 43.023921994529225 ], [ 19.5816842, 43.022610194528667 ], [ 19.5781434, 43.021564694528152 ], [ 19.5769002, 43.02215999452843 ], [ 19.575092, 43.021661094528248 ], [ 19.5714042, 43.022170894528422 ], [ 19.568462, 43.024913694529623 ], [ 19.5635346, 43.024716494529542 ], [ 19.5634501, 43.02617049453012 ], [ 19.5621091, 43.026060594530087 ], [ 19.5602218, 43.028068094530944 ], [ 19.5570226, 43.027390594530665 ], [ 19.5536365, 43.033251794533093 ], [ 19.5475728, 43.036397294534467 ], [ 19.5476929, 43.037144294534798 ], [ 19.5420157, 43.040864594536366 ], [ 19.5384524, 43.045139894538131 ], [ 19.5361865, 43.045417894538268 ], [ 19.5316046, 43.048231794539447 ], [ 19.5254516, 43.050631194540443 ], [ 19.5191039, 43.051719194540901 ], [ 19.5110681, 43.057547794543332 ], [ 19.5097367, 43.057808794543497 ], [ 19.5093484, 43.058619994543825 ], [ 19.4995077, 43.061474994545044 ], [ 19.4955043, 43.059908094544369 ], [ 19.4909326, 43.059664594544294 ], [ 19.4878883, 43.060759494544762 ], [ 19.4859211, 43.060578694544667 ], [ 19.4789574, 43.058488094543776 ], [ 19.4754225, 43.060038294544434 ], [ 19.4743648, 43.057325694543252 ], [ 19.4761118, 43.055675694542558 ], [ 19.4752894, 43.054968094542261 ], [ 19.4795073, 43.052021894541021 ], [ 19.4772684, 43.051992194541036 ], [ 19.477481, 43.051086294540646 ], [ 19.4744091, 43.050812694540546 ], [ 19.4733566, 43.052224094541089 ], [ 19.4669817, 43.053834394541802 ], [ 19.465135, 43.055176794542341 ], [ 19.4654213, 43.056650194542968 ], [ 19.4668446, 43.056767994543051 ], [ 19.4679964, 43.057833294543485 ], [ 19.4497789, 43.061320294544963 ], [ 19.4407598, 43.066305694547061 ], [ 19.4354577, 43.06752339454755 ], [ 19.4338896, 43.069206294548238 ] ] ] } },
{ "type": "Feature", "properties": { "admin_id": "2319528", "name_local": "Opština Budva", "name_en": "Budva Municipality" }, "geometry": { "type": "MultiPolygon", "coordinates": [ [ [ [ 18.8930281, 42.252789094197418 ], [ 18.8935018, 42.251762594196954 ], [ 18.8935355, 42.252489394197276 ], [ 18.8930281, 42.252789094197418 ] ] ], [ [ [ 18.8001759, 42.279432594209105 ], [ 18.800806, 42.280924294209775 ], [ 18.8053823, 42.28347519421083 ], [ 18.8089749, 42.284249794211199 ], [ 18.8130487, 42.284241094211183 ], [ 18.8212044, 42.278759494208799 ], [ 18.821663, 42.277381894208176 ], [ 18.8250154, 42.276533694207806 ], [ 18.8270531, 42.27412329420676 ], [ 18.8286582, 42.273469694206483 ], [ 18.8293048, 42.273767494206588 ], [ 18.8291121, 42.274338294206864 ], [ 18.8311242, 42.274425594206868 ], [ 18.8302089, 42.27551399420738 ], [ 18.831165, 42.276646694207848 ], [ 18.8329848, 42.277062294208044 ], [ 18.8341256, 42.276689694207903 ], [ 18.8355886, 42.277864694208432 ], [ 18.8370954, 42.277701194208333 ], [ 18.83798, 42.276735794207887 ], [ 18.8388191, 42.276864494207956 ], [ 18.8392476, 42.278508594208709 ], [ 18.8414995, 42.279255794208979 ], [ 18.8396435, 42.278991194208878 ], [ 18.8393973, 42.279336194209051 ], [ 18.8389677, 42.278894794208838 ], [ 18.837599, 42.279265494209042 ], [ 18.8387644, 42.281963994210194 ], [ 18.841605, 42.283993394211109 ], [ 18.8448339, 42.284546894211317 ], [ 18.8523849, 42.284963594211526 ], [ 18.8554571, 42.284313194211258 ], [ 18.8578176, 42.282014994210215 ], [ 18.8570651, 42.281363494209934 ], [ 18.8586964, 42.277416394208203 ], [ 18.8590937, 42.277788394208372 ], [ 18.8608876, 42.275679994207444 ], [ 18.8605553, 42.279685194209229 ], [ 18.8622263, 42.280159094209409 ], [ 18.8710556, 42.280871694209701 ], [ 18.8782038, 42.280621194209587 ], [ 18.8807918, 42.279957694209301 ], [ 18.8819257, 42.278892094208864 ], [ 18.8802651, 42.277774594208338 ], [ 18.8804829, 42.277073294208066 ], [ 18.8821814, 42.276520494207816 ], [ 18.8824371, 42.275811894207528 ], [ 18.8855461, 42.275878394207503 ], [ 18.8875683, 42.274685494207034 ], [ 18.888308, 42.274097694206766 ], [ 18.8881133, 42.270845294205309 ], [ 18.8904988, 42.270476594205164 ], [ 18.8921704, 42.269176694204603 ], [ 18.8922551, 42.267858994204033 ], [ 18.8908832, 42.267182894203728 ], [ 18.8905493, 42.265622294203048 ], [ 18.8914389, 42.264229094202427 ], [ 18.8912114, 42.263341394202001 ], [ 18.8921003, 42.263712394202201 ], [ 18.8924318, 42.263093294201944 ], [ 18.8908273, 42.262605394201735 ], [ 18.8911701, 42.261457994201237 ], [ 18.8918753, 42.260923594200996 ], [ 18.8924152, 42.261351794201147 ], [ 18.8928956, 42.261066994201038 ], [ 18.8934213, 42.259732994200455 ], [ 18.8932674, 42.259214494200243 ], [ 18.8920467, 42.259076594200209 ], [ 18.8927363, 42.257895294199685 ], [ 18.8924568, 42.256479294199053 ], [ 18.8917053, 42.256079094198839 ], [ 18.8903512, 42.256737694199174 ], [ 18.8902099, 42.255652494198692 ], [ 18.8910167, 42.254928294198358 ], [ 18.8920467, 42.255214194198494 ], [ 18.8921153, 42.25610989419885 ], [ 18.8937391, 42.256087794198862 ], [ 18.8960314, 42.25382259419785 ], [ 18.8970742, 42.248405694195498 ], [ 18.8949689, 42.246806994194813 ], [ 18.8964518, 42.246061294194462 ], [ 18.8966854, 42.245116594194037 ], [ 18.898008, 42.244800594193897 ], [ 18.8986759, 42.243525094193366 ], [ 18.8984116, 42.24118469419232 ], [ 18.8991913, 42.240741394192142 ], [ 18.8966706, 42.239221794191458 ], [ 18.8961196, 42.238033994190936 ], [ 18.8967635, 42.237184994190564 ], [ 18.9001125, 42.236736094190348 ], [ 18.8992572, 42.234664594189432 ], [ 18.8996862, 42.234180794189292 ], [ 18.9012719, 42.234743394189529 ], [ 18.9027342, 42.234266394189319 ], [ 18.9045394, 42.231854194188244 ], [ 18.9050157, 42.228067194186572 ], [ 18.9064227, 42.224871194185198 ], [ 18.9051435, 42.2237809941847 ], [ 18.9055542, 42.221590294183734 ], [ 18.9081487, 42.218994794182635 ], [ 18.9104188, 42.218656494182433 ], [ 18.9106769, 42.21785629418212 ], [ 18.9140841, 42.215881594181212 ], [ 18.9161233, 42.215494494181051 ], [ 18.9162007, 42.214500694180622 ], [ 18.9168977, 42.214474894180597 ], [ 18.9184484, 42.212918494179966 ], [ 18.9249319, 42.211750494179398 ], [ 18.926045, 42.20831749417794 ], [ 18.9273066, 42.20735149417748 ], [ 18.9309749, 42.206446994177035 ], [ 18.9320102, 42.206837394177278 ], [ 18.9347005, 42.205607594176712 ], [ 18.9368104, 42.205686094176762 ], [ 18.9374033, 42.204833394176354 ], [ 18.9375992, 42.206132794176973 ], [ 18.9414584, 42.205243994176598 ], [ 18.9429121, 42.204003994175999 ], [ 18.9426602, 42.202828194175503 ], [ 18.9454632, 42.201096394174719 ], [ 18.9480041, 42.200550794174497 ], [ 18.9495456, 42.201037094174701 ], [ 18.9506194, 42.200592594174459 ], [ 18.9513085, 42.199359294173945 ], [ 18.9503634, 42.198606994173645 ], [ 18.9516955, 42.196541094172716 ], [ 18.9559363, 42.194894194171987 ], [ 18.9588219, 42.195853494172425 ], [ 18.9608577, 42.195527194172278 ], [ 18.966721, 42.192039694170781 ], [ 18.9708207, 42.186948594168541 ], [ 18.9711547, 42.184288894167373 ], [ 18.969489, 42.18131559416603 ], [ 18.9678662, 42.18030799416556 ], [ 18.9665786, 42.178396994164729 ], [ 18.9666051, 42.173764894162737 ], [ 18.9717656, 42.171012494161516 ], [ 18.9742328, 42.168822694160525 ], [ 18.9764095, 42.168415994160384 ], [ 18.9764018, 42.167794794160109 ], [ 18.9779079, 42.166877394159684 ], [ 18.9835249, 42.165754994159208 ], [ 18.9841364, 42.164926294158803 ], [ 18.9850103, 42.16537699415904 ], [ 18.985245, 42.164396894158564 ], [ 18.9843338, 42.163796794158323 ], [ 18.9867849, 42.161841094157488 ], [ 18.9872339, 42.162623294157861 ], [ 18.9867082, 42.163563994158203 ], [ 18.988125, 42.164031594158416 ], [ 18.9923171, 42.171016694161494 ], [ 18.9956551, 42.174671294163105 ], [ 18.9977021, 42.175608894163531 ], [ 18.9998125, 42.17859549416481 ], [ 19.0045616, 42.183115394166826 ], [ 19.0066706, 42.182969294166789 ], [ 19.0116018, 42.186589494168359 ], [ 19.0106611, 42.187612494168853 ], [ 19.0070196, 42.189366294169567 ], [ 19.0059878, 42.190861494170242 ], [ 19.0083093, 42.194098994171647 ], [ 19.0051111, 42.196977794172902 ], [ 19.003514599999988, 42.200045294174252 ], [ 19.0047285, 42.202158394175214 ], [ 19.0067009, 42.20219209417526 ], [ 19.0097203, 42.2037206941759 ], [ 19.0056844, 42.204900894176383 ], [ 19.0012298, 42.20510269417651 ], [ 18.9983104, 42.208474794177953 ], [ 18.9976731, 42.208216394177846 ], [ 18.9925011, 42.210761994178995 ], [ 18.9884929, 42.211294794179203 ], [ 18.9886037, 42.213434894180153 ], [ 18.9864745, 42.215412694181019 ], [ 18.9876293, 42.216909394181684 ], [ 18.9855363, 42.217390494181878 ], [ 18.9833478, 42.219795794183 ], [ 18.9740641, 42.225217894185363 ], [ 18.9740425, 42.226931094186064 ], [ 18.9704337, 42.230044194187442 ], [ 18.9708122, 42.231808294188198 ], [ 18.9731222, 42.233477694188991 ], [ 18.9721298, 42.235588494189862 ], [ 18.9677388, 42.238229894191043 ], [ 18.9668578, 42.240498394192031 ], [ 18.9644271, 42.240714994192096 ], [ 18.9610863, 42.244424094193739 ], [ 18.9584438, 42.245849194194378 ], [ 18.955872, 42.248761694195672 ], [ 18.9536915, 42.250133994196261 ], [ 18.9501245, 42.255528394198592 ], [ 18.9470241, 42.258465394199916 ], [ 18.9479019, 42.259300894200294 ], [ 18.9475942, 42.262866494201837 ], [ 18.9433734, 42.269887994204907 ], [ 18.9411408, 42.272242994205946 ], [ 18.9406423, 42.274235094206844 ], [ 18.9391926, 42.27482049420707 ], [ 18.9382639, 42.277093294208079 ], [ 18.9373341, 42.28292349421065 ], [ 18.942877, 42.292112894214618 ], [ 18.942027, 42.296327794216516 ], [ 18.9398783, 42.298771994217567 ], [ 18.9389569, 42.301031694218558 ], [ 18.9355635, 42.305425794220476 ], [ 18.9327882, 42.30667719422101 ], [ 18.9312448, 42.308191894221672 ], [ 18.9280445, 42.309387294222184 ], [ 18.9270072, 42.312195494223438 ], [ 18.9193391, 42.315246494224745 ], [ 18.9171721, 42.317506394225745 ], [ 18.9123659, 42.320919894227238 ], [ 18.9113962, 42.320799894227179 ], [ 18.9040426, 42.32370949422846 ], [ 18.898876, 42.325094294229039 ], [ 18.8937589, 42.324533194228799 ], [ 18.8913468, 42.326610294229731 ], [ 18.8866749, 42.328710194230652 ], [ 18.8695072, 42.333238794232606 ], [ 18.867094, 42.334946294233333 ], [ 18.8609641, 42.336574794234124 ], [ 18.8574461, 42.339275394235237 ], [ 18.8511236, 42.339218794235251 ], [ 18.8495355, 42.339913194235493 ], [ 18.8475418, 42.339063594235171 ], [ 18.8434446, 42.341638594236301 ], [ 18.839456, 42.340063894235598 ], [ 18.8313286, 42.345577994237978 ], [ 18.8289646, 42.345779194238062 ], [ 18.8238581, 42.349471394239707 ], [ 18.8219024, 42.349727794239818 ], [ 18.8153593, 42.352473794241014 ], [ 18.8110307, 42.356749494242877 ], [ 18.8110076, 42.355943194242556 ], [ 18.8098566, 42.356735794242866 ], [ 18.8091484, 42.356591594242822 ], [ 18.8092669, 42.354922494242068 ], [ 18.8056271, 42.354150594241752 ], [ 18.8015745, 42.354307794241812 ], [ 18.80075, 42.351504794240611 ], [ 18.7987455, 42.34989079423989 ], [ 18.798069, 42.347620494238861 ], [ 18.8009929, 42.345348494237925 ], [ 18.8013091, 42.344086594237339 ], [ 18.8006101, 42.342068594236508 ], [ 18.8025155, 42.339302794235259 ], [ 18.8030352, 42.335631394233673 ], [ 18.8076915, 42.329530594230988 ], [ 18.8080226, 42.327566294230152 ], [ 18.8071461, 42.324435894228792 ], [ 18.8088204, 42.323576694228422 ], [ 18.8097663, 42.321666294227548 ], [ 18.8121933, 42.319824494226765 ], [ 18.8221849, 42.314890194224617 ], [ 18.8209904, 42.313045194223825 ], [ 18.821454, 42.311778794223223 ], [ 18.8201608, 42.310492294222676 ], [ 18.8147346, 42.310563094222744 ], [ 18.813883, 42.310180194222546 ], [ 18.8128361, 42.310685994222759 ], [ 18.8119142, 42.309830994222381 ], [ 18.8106867, 42.309733194222318 ], [ 18.8048032, 42.307042794221132 ], [ 18.804375, 42.308217794221669 ], [ 18.8014642, 42.307033194221148 ], [ 18.7978503, 42.306876594221073 ], [ 18.8009772, 42.305393394220467 ], [ 18.7937726, 42.302367194219123 ], [ 18.7936864, 42.289893394213664 ], [ 18.7956675, 42.28800979421284 ], [ 18.7981274, 42.287151994212465 ], [ 18.7990743, 42.284934894211496 ], [ 18.799338, 42.279928594209302 ], [ 18.8001759, 42.279432594209105 ] ] ], [ [ [ 18.8524943, 42.268209694204167 ], [ 18.8511535, 42.268522394204311 ], [ 18.849467, 42.270367694205099 ], [ 18.8474764, 42.270760894205317 ], [ 18.8474399, 42.272817694206189 ], [ 18.8467804, 42.273002594206282 ], [ 18.8469453, 42.272288594205961 ], [ 18.8454034, 42.270245394205055 ], [ 18.8456277, 42.269808694204912 ], [ 18.8463802, 42.270091694205 ], [ 18.847489, 42.268981494204475 ], [ 18.8483372, 42.267455094203832 ], [ 18.8479418, 42.266914794203593 ], [ 18.8522413, 42.262788094201817 ], [ 18.8557608, 42.261822594201384 ], [ 18.8576634, 42.26001889420057 ], [ 18.8576797, 42.258877794200103 ], [ 18.8584782, 42.258714894200054 ], [ 18.8585075, 42.260230394200654 ], [ 18.8575343, 42.260717594200933 ], [ 18.857799, 42.261689794201352 ], [ 18.8566662, 42.263369594202075 ], [ 18.8571787, 42.264341294202481 ], [ 18.8524943, 42.268209694204167 ] ] ] ] } },
{ "type": "Feature", "properties": { "admin_id": "2319529", "name_local": "Prijestolnica Cetinje", "name_en": "Old Royal Capital Cetinje" }, "geometry": { "type": "Polygon", "coordinates": [ [ [ 18.7041563, 42.628950694360846 ], [ 18.7052264, 42.62823719436048 ], [ 18.7058237, 42.624670994358993 ], [ 18.7037649, 42.619631394356851 ], [ 18.7058865, 42.618431394356314 ], [ 18.7040517, 42.615360994354994 ], [ 18.7044163, 42.61432479435453 ], [ 18.7108467, 42.610719094352994 ], [ 18.7142629, 42.61154199435331 ], [ 18.7159094, 42.611243294353216 ], [ 18.7174373, 42.610009694352662 ], [ 18.7180907, 42.60852669435203 ], [ 18.7176614, 42.607800594351687 ], [ 18.7186953, 42.606065394350971 ], [ 18.7178872, 42.602984194349652 ], [ 18.7189399, 42.598268094347588 ], [ 18.718431, 42.597234394347161 ], [ 18.7215861, 42.594306794345918 ], [ 18.7190703, 42.591748994344755 ], [ 18.7209611, 42.589291994343775 ], [ 18.7212964, 42.58660999434256 ], [ 18.7243864, 42.584583894341691 ], [ 18.7239991, 42.583675894341312 ], [ 18.7271757, 42.578717894339164 ], [ 18.7322569, 42.577037894338467 ], [ 18.7402336, 42.575788294337919 ], [ 18.7441421, 42.573882494337099 ], [ 18.751473, 42.575141894337612 ], [ 18.7537732, 42.573064594336735 ], [ 18.7521894, 42.571333794335963 ], [ 18.7501554, 42.565683794333545 ], [ 18.7448018, 42.564012194332804 ], [ 18.7424168, 42.564216794332914 ], [ 18.742277, 42.560487294331267 ], [ 18.7415663, 42.560018694331156 ], [ 18.741033, 42.556846694329735 ], [ 18.7499275, 42.553636794328369 ], [ 18.7504152, 42.550879694327158 ], [ 18.7582571, 42.540219494322542 ], [ 18.7646668, 42.53614969432077 ], [ 18.7708144, 42.526960994316809 ], [ 18.7743822, 42.523050294315112 ], [ 18.7857641, 42.517236494312634 ], [ 18.7865684, 42.514776894311545 ], [ 18.7803278, 42.501140194305684 ], [ 18.7817822, 42.500141694305192 ], [ 18.7819166, 42.498151694304354 ], [ 18.7856547, 42.496200694303496 ], [ 18.7904971, 42.489856394300737 ], [ 18.7960764, 42.487101394299565 ], [ 18.7998234, 42.486891094299473 ], [ 18.8048977, 42.480065694296471 ], [ 18.8004325, 42.4768194942951 ], [ 18.798072300000012, 42.474066394293907 ], [ 18.7981125, 42.470412894292338 ], [ 18.7990145, 42.468346694291405 ], [ 18.8028288, 42.465502394290191 ], [ 18.8095493, 42.450066094283471 ], [ 18.8081689, 42.446714694282022 ], [ 18.8037392, 42.442137294280037 ], [ 18.7989287, 42.440295994279225 ], [ 18.8000959, 42.438497594278431 ], [ 18.7948579, 42.434032694276517 ], [ 18.7931129, 42.434389794276655 ], [ 18.7904845, 42.432959194276059 ], [ 18.7847686, 42.432215394275737 ], [ 18.7883391, 42.424925194272582 ], [ 18.7849286, 42.422700794271556 ], [ 18.7856429, 42.422312794271463 ], [ 18.7834204, 42.415656494268546 ], [ 18.7854204, 42.414288594267916 ], [ 18.7839458, 42.412473194267157 ], [ 18.7833822, 42.410066194266079 ], [ 18.7849776, 42.407400694264972 ], [ 18.7863547, 42.398822494261225 ], [ 18.7850331, 42.397394694260583 ], [ 18.78392, 42.397661494260674 ], [ 18.779803, 42.396468694260172 ], [ 18.7848634, 42.393557094258895 ], [ 18.79273, 42.390624794257654 ], [ 18.7990496, 42.387087294256069 ], [ 18.8044634, 42.387882194256434 ], [ 18.8109232, 42.380673294253306 ], [ 18.8044806, 42.374623194250667 ], [ 18.8089928, 42.373471394250181 ], [ 18.8097926, 42.364921494246474 ], [ 18.8089009, 42.363546794245842 ], [ 18.8090024, 42.36233559424533 ], [ 18.8096301, 42.361030094244761 ], [ 18.8116343, 42.361030594244724 ], [ 18.8120596, 42.359891494244245 ], [ 18.8138579, 42.358421394243607 ], [ 18.8134263, 42.358045394243447 ], [ 18.8153457, 42.35571839424243 ], [ 18.8164752, 42.352123394240849 ], [ 18.8219024, 42.349727794239818 ], [ 18.8238581, 42.349471394239707 ], [ 18.8289646, 42.345779194238062 ], [ 18.8313286, 42.345577994237978 ], [ 18.839456, 42.340063894235598 ], [ 18.8434446, 42.341638594236301 ], [ 18.8475418, 42.339063594235171 ], [ 18.8495355, 42.339913194235493 ], [ 18.8511236, 42.339218794235251 ], [ 18.8574461, 42.339275394235237 ], [ 18.8609641, 42.336574794234124 ], [ 18.867094, 42.334946294233333 ], [ 18.8695072, 42.333238794232606 ], [ 18.8866749, 42.328710194230652 ], [ 18.8913468, 42.326610294229731 ], [ 18.8937589, 42.324533194228799 ], [ 18.898876, 42.325094294229039 ], [ 18.9040426, 42.32370949422846 ], [ 18.9113962, 42.320799894227179 ], [ 18.9123659, 42.320919894227238 ], [ 18.9171721, 42.317506394225745 ], [ 18.9193391, 42.315246494224745 ], [ 18.9270072, 42.312195494223438 ], [ 18.9280445, 42.309387294222184 ], [ 18.9312448, 42.308191894221672 ], [ 18.9327882, 42.30667719422101 ], [ 18.9355635, 42.305425794220476 ], [ 18.9395481, 42.3001625942182 ], [ 18.9398783, 42.298771994217567 ], [ 18.942027, 42.296327794216516 ], [ 18.9439198, 42.295822994216245 ], [ 18.9446792, 42.293343794215183 ], [ 18.9456351, 42.292535694214855 ], [ 18.9471828, 42.292861094214985 ], [ 18.9531457, 42.291570394214396 ], [ 18.9555127, 42.289449094213452 ], [ 18.9560437, 42.290459294213896 ], [ 18.9584107, 42.291514294214402 ], [ 18.9606866, 42.290447994213913 ], [ 18.9631598, 42.291054094214189 ], [ 18.9676813, 42.287978694212832 ], [ 18.9695627, 42.288685794213158 ], [ 18.9755257, 42.287406194212572 ], [ 18.9816472, 42.284250494211165 ], [ 18.9820683, 42.280654094209595 ], [ 18.9841607, 42.279474094209093 ], [ 18.982897600000012, 42.277321794208177 ], [ 18.9814303, 42.276821494207944 ], [ 18.9855004, 42.275074994207188 ], [ 18.9883328, 42.274942794207121 ], [ 18.9884477, 42.274234794206833 ], [ 18.9908872, 42.272615294206126 ], [ 18.9926789, 42.272710494206144 ], [ 18.9946744, 42.27190869420577 ], [ 18.9942775, 42.269550794204761 ], [ 19.0001678, 42.269426894204756 ], [ 19.0011061, 42.267263794203771 ], [ 19.0021741, 42.266517494203427 ], [ 19.0009864, 42.265876094203129 ], [ 19.0027186, 42.263462894202071 ], [ 19.0039743, 42.263234894201993 ], [ 19.0078761, 42.260858394200994 ], [ 19.0098225, 42.261093494201042 ], [ 19.0148841, 42.259933894200543 ], [ 19.0176809, 42.263298994202017 ], [ 19.0201709, 42.264634394202623 ], [ 19.024555599999989, 42.263779694202235 ], [ 19.0254217, 42.264100194202399 ], [ 19.0256021, 42.265115094202841 ], [ 19.027623, 42.265021594202771 ], [ 19.0277312, 42.268813794204426 ], [ 19.0308167, 42.271363994205565 ], [ 19.0310874, 42.274461494206939 ], [ 19.0382146, 42.278253094208559 ], [ 19.0391349, 42.279240994209005 ], [ 19.0378357, 42.279721594209178 ], [ 19.0380358, 42.281171994209856 ], [ 19.0359382, 42.283277894210798 ], [ 19.0356022, 42.284688494211395 ], [ 19.0333125, 42.285806994211896 ], [ 19.0326961, 42.287004594212405 ], [ 19.030991, 42.288046294212862 ], [ 19.0303455, 42.289652894213532 ], [ 19.0272916, 42.291061294214138 ], [ 19.0166901, 42.302881694219366 ], [ 19.0184215, 42.305231994220343 ], [ 19.0194651, 42.305306194220385 ], [ 19.0197725, 42.304773294220212 ], [ 19.0214327, 42.30518609422036 ], [ 19.0231304, 42.306497294220939 ], [ 19.0225537, 42.306729294221057 ], [ 19.0260548, 42.308730494221891 ], [ 19.0308193, 42.307348194221284 ], [ 19.0310621, 42.305967994220708 ], [ 19.0328373, 42.304441894220005 ], [ 19.0344001, 42.305193694220385 ], [ 19.0375713, 42.303386994219615 ], [ 19.0386334, 42.302152594219017 ], [ 19.0395741, 42.298920594217634 ], [ 19.0430942, 42.30085089421847 ], [ 19.0442777, 42.299997994218067 ], [ 19.0445811, 42.2983818942174 ], [ 19.0456887, 42.299324594217786 ], [ 19.0510751, 42.298628794217478 ], [ 19.05238, 42.296518994216562 ], [ 19.055004, 42.29444489421568 ], [ 19.0621264, 42.300905194218529 ], [ 19.0676916, 42.304035994219831 ], [ 19.0785569, 42.305851094220671 ], [ 19.1025763, 42.291865194214544 ], [ 19.10981, 42.280318294209465 ], [ 19.1080931, 42.291280394214283 ], [ 19.1093656, 42.292854194214932 ], [ 19.1368526, 42.300263494218207 ], [ 19.1356444, 42.302489194219149 ], [ 19.1361403, 42.304121294219875 ], [ 19.1374037, 42.305223394220363 ], [ 19.1423329, 42.305092894220294 ], [ 19.1460722, 42.306344794220884 ], [ 19.1479147, 42.307915694221577 ], [ 19.153195, 42.306168194220795 ], [ 19.1549445, 42.307658494221435 ], [ 19.1540019, 42.308504194221825 ], [ 19.1544104, 42.310025894222463 ], [ 19.1595039, 42.312011594223364 ], [ 19.1600415, 42.313677394224037 ], [ 19.1645501, 42.31320599422385 ], [ 19.1648696, 42.315862494225016 ], [ 19.1669191, 42.318528594226208 ], [ 19.1649558, 42.321467694227451 ], [ 19.161399, 42.322221594227834 ], [ 19.1605369, 42.323272694228287 ], [ 19.1650078, 42.331905794232036 ], [ 19.1654316, 42.335229694233504 ], [ 19.1567482, 42.351159394240469 ], [ 19.1498476, 42.354664494241966 ], [ 19.1491692, 42.355673894242379 ], [ 19.1439539, 42.355932194242541 ], [ 19.1410369, 42.357879094243359 ], [ 19.1399069, 42.359595394244153 ], [ 19.1378512, 42.360677694244586 ], [ 19.132948, 42.361567494244944 ], [ 19.1328264, 42.362554794245433 ], [ 19.1308853, 42.36196629424515 ], [ 19.1312555, 42.361518694244936 ], [ 19.1304697, 42.361057794244765 ], [ 19.1251121, 42.361873994245144 ], [ 19.1245359, 42.363771094245912 ], [ 19.1257501, 42.363820994245977 ], [ 19.1277428, 42.365068194246497 ], [ 19.1260792, 42.368637694248058 ], [ 19.1251738, 42.369460694248396 ], [ 19.1225009, 42.37021039424873 ], [ 19.1218274, 42.371452194249315 ], [ 19.1165601, 42.373670994250254 ], [ 19.1150776, 42.375056394250819 ], [ 19.1143948, 42.377130894251778 ], [ 19.1116145, 42.378847694252499 ], [ 19.1098651, 42.379023794252539 ], [ 19.1073419, 42.382178994253948 ], [ 19.1031392, 42.382527194254131 ], [ 19.1028187, 42.383105794254391 ], [ 19.1046491, 42.384039694254788 ], [ 19.1033862, 42.384627294255033 ], [ 19.0996959, 42.384454694254963 ], [ 19.0984426, 42.385593194255492 ], [ 19.0961665, 42.385272994255331 ], [ 19.0935997, 42.385767494255525 ], [ 19.0916381, 42.38714999425612 ], [ 19.0901854, 42.387196394256179 ], [ 19.0900157, 42.388330394256627 ], [ 19.0855534, 42.388820894256853 ], [ 19.083521, 42.387402794256261 ], [ 19.081607, 42.387673294256324 ], [ 19.0818574, 42.389076194256923 ], [ 19.0797551, 42.388781694256849 ], [ 19.0784996, 42.389624994257233 ], [ 19.0794455, 42.390272994257479 ], [ 19.0793102, 42.392141194258279 ], [ 19.0779885, 42.393088894258739 ], [ 19.0753126, 42.393000094258703 ], [ 19.075041, 42.393398994258852 ], [ 19.0787939, 42.395134794259633 ], [ 19.0760148, 42.397814594260765 ], [ 19.0771197, 42.398511394261106 ], [ 19.0793165, 42.402078294262623 ], [ 19.0785215, 42.404237194263544 ], [ 19.0788301, 42.406068094264313 ], [ 19.0734105, 42.411021294266526 ], [ 19.0743472, 42.413439894267562 ], [ 19.0713253, 42.418170894269643 ], [ 19.06965, 42.418824294269911 ], [ 19.0687482, 42.418419394269762 ], [ 19.0638704, 42.419353394270146 ], [ 19.061896, 42.421080294270908 ], [ 19.0604688, 42.419357994270136 ], [ 19.0571425, 42.418851294269885 ], [ 19.051949, 42.418795494269894 ], [ 19.0498436, 42.419435894270151 ], [ 19.0471021, 42.418981594270001 ], [ 19.0449616, 42.419810194270347 ], [ 19.0416685, 42.419402994270122 ], [ 19.040615, 42.420545494270648 ], [ 19.0404621, 42.422509794271512 ], [ 19.0438319, 42.424581894272421 ], [ 19.0443711, 42.425513194272831 ], [ 19.0475827, 42.427018294273459 ], [ 19.0470458, 42.428262694274004 ], [ 19.042054, 42.429901694274754 ], [ 19.0395294, 42.431400194275376 ], [ 19.0385202, 42.433002894276065 ], [ 19.0402321, 42.43534809427706 ], [ 19.0389991, 42.436717594277674 ], [ 19.0365936, 42.438201194278328 ], [ 19.0362484, 42.4395403942789 ], [ 19.0332668, 42.440631694279404 ], [ 19.0325871, 42.44282569428033 ], [ 19.0292327, 42.445459994281443 ], [ 19.0251132, 42.446244294281819 ], [ 19.018993, 42.449167294283114 ], [ 19.0124509, 42.457801794286844 ], [ 19.0115358, 42.458013694286947 ], [ 19.0082298, 42.460981294288246 ], [ 19.0016877, 42.46352969428937 ], [ 18.9976193, 42.468426494291457 ], [ 18.9947978, 42.470081494292195 ], [ 18.9926572, 42.468333794291432 ], [ 18.9913546, 42.469228194291816 ], [ 18.987759, 42.472489094293188 ], [ 18.9901025, 42.473510494293642 ], [ 18.9872, 42.475890694294705 ], [ 18.9849117, 42.476431194294925 ], [ 18.9816228, 42.479109194296072 ], [ 18.979044, 42.476753594295047 ], [ 18.9725164, 42.478439694295822 ], [ 18.9704694, 42.476781294295044 ], [ 18.9671451, 42.478323594295773 ], [ 18.9631801, 42.4744519942941 ], [ 18.9620439, 42.483236694297894 ], [ 18.9653394, 42.484650094298502 ], [ 18.9707662, 42.484656894298475 ], [ 18.974528, 42.487430794299691 ], [ 18.9774241, 42.486935294299492 ], [ 18.9807216, 42.487679194299808 ], [ 18.9866196, 42.482891294297723 ], [ 18.993162, 42.481857094297254 ], [ 18.9933534, 42.482683994297659 ], [ 18.9972069, 42.483158894297866 ], [ 19.0006114, 42.481796994297248 ], [ 19.0060614, 42.486297694299211 ], [ 19.0090596, 42.491171694301293 ], [ 19.0084128, 42.492644094301959 ], [ 19.0087739, 42.493962294302555 ], [ 19.0118037, 42.492671294301942 ], [ 19.0117917, 42.491924094301638 ], [ 19.0176818, 42.48835059430008 ], [ 19.0183287, 42.48689909429951 ], [ 19.017928, 42.486010994299093 ], [ 19.0194246, 42.485124594298682 ], [ 19.0184107, 42.484330494298341 ], [ 19.0202921, 42.483108694297805 ], [ 19.022537, 42.484687994298511 ], [ 19.0221545, 42.485234194298734 ], [ 19.0241856, 42.487594394299784 ], [ 19.026507, 42.487372594299707 ], [ 19.0311314, 42.485656794298954 ], [ 19.0345025, 42.487945194299897 ], [ 19.0347021, 42.490167994300847 ], [ 19.0324534, 42.49170499430155 ], [ 19.0317229, 42.495211494303049 ], [ 19.0304848, 42.495253594303087 ], [ 19.0298534, 42.496448194303632 ], [ 19.0282822, 42.496294394303533 ], [ 19.0265016, 42.494488594302744 ], [ 19.0219459, 42.494191194302644 ], [ 19.0195322, 42.497701594304168 ], [ 19.0183455, 42.501534894305777 ], [ 19.016625, 42.503534094306666 ], [ 19.0098469, 42.504663494307138 ], [ 19.0069174, 42.506362394307878 ], [ 19.0045873, 42.509669094309324 ], [ 19.0051433, 42.510293994309606 ], [ 19.0041692, 42.512087694310395 ], [ 19.005331, 42.515781794311998 ], [ 19.0096044, 42.516483594312255 ], [ 19.010703, 42.519394294313557 ], [ 19.0126339, 42.520116594313883 ], [ 19.013891, 42.519903394313737 ], [ 19.0149091, 42.523597994315402 ], [ 19.0154299, 42.524008594315518 ], [ 19.0167732, 42.523566694315328 ], [ 19.0175181, 42.524477594315726 ], [ 19.0178676, 42.526681194316708 ], [ 19.0160426, 42.528780594317602 ], [ 19.0170449, 42.528700994317539 ], [ 19.0187787, 42.529644894317961 ], [ 19.0191605, 42.52903289431773 ], [ 19.0196185, 42.529289194317812 ], [ 19.0193322, 42.529980394318144 ], [ 19.0209421, 42.531880294318952 ], [ 19.0205514, 42.532584294319243 ], [ 19.0218951, 42.534371294320017 ], [ 19.0217026, 42.535239694320417 ], [ 19.0246985, 42.537775194321512 ], [ 19.0243904, 42.539507894322242 ], [ 19.0258826, 42.540176794322527 ], [ 19.0242611, 42.541124894322934 ], [ 19.0246357, 42.541633294323155 ], [ 19.0270131, 42.542396294323495 ], [ 19.034115, 42.548339394326035 ], [ 19.0310145, 42.549624394326592 ], [ 19.0284005, 42.549960294326794 ], [ 19.0269614, 42.551023894327216 ], [ 19.026962, 42.553188794328157 ], [ 19.0182489, 42.559624194330908 ], [ 19.0144318, 42.561194594331603 ], [ 19.0031314, 42.568148094334589 ], [ 18.9917676, 42.577911794338817 ], [ 18.9786647, 42.586457794342493 ], [ 18.9782658, 42.586930294342714 ], [ 18.979132, 42.587254594342859 ], [ 18.9778237, 42.587732394343071 ], [ 18.9782652, 42.58838629434333 ], [ 18.9773102, 42.587976994343158 ], [ 18.976077, 42.589146394343665 ], [ 18.9739445, 42.589144094343631 ], [ 18.9699351, 42.588154694343231 ], [ 18.9695641, 42.589430794343805 ], [ 18.967813, 42.590982394344444 ], [ 18.9696625, 42.591392894344686 ], [ 18.9710843, 42.593038894345362 ], [ 18.9696, 42.594167294345858 ], [ 18.9657329, 42.59537779434639 ], [ 18.9636151, 42.59853129434768 ], [ 18.9614552, 42.599912594348318 ], [ 18.9604011, 42.599887794348298 ], [ 18.9565563, 42.603395494349833 ], [ 18.9517286, 42.605287394350654 ], [ 18.9499037, 42.607984194351765 ], [ 18.9500702, 42.60960749435251 ], [ 18.948639, 42.611688294353407 ], [ 18.9484566, 42.613829094354287 ], [ 18.9462543, 42.617095694355676 ], [ 18.944401, 42.618383094356311 ], [ 18.9429064, 42.618150494356186 ], [ 18.9412105, 42.619130394356596 ], [ 18.9415548, 42.620681894357261 ], [ 18.9388101, 42.622013094357818 ], [ 18.9388204, 42.6228659943582 ], [ 18.9373321, 42.623928394358693 ], [ 18.9384363, 42.625939494359557 ], [ 18.9407262, 42.626846094359934 ], [ 18.9433903, 42.626923494359943 ], [ 18.9439204, 42.627667094360284 ], [ 18.9399539, 42.627637494360272 ], [ 18.9391948, 42.629954294361283 ], [ 18.9372082, 42.631888494362116 ], [ 18.9373127, 42.634299294363153 ], [ 18.9347398, 42.634861494363385 ], [ 18.930493, 42.63485739436338 ], [ 18.9240545, 42.638638494364969 ], [ 18.9239153, 42.6396378943654 ], [ 18.9259832, 42.64052949436585 ], [ 18.9265063, 42.642373394366594 ], [ 18.9258202, 42.643369694367031 ], [ 18.9263747, 42.644448294367479 ], [ 18.92515, 42.645901294368137 ], [ 18.919743, 42.647178294368679 ], [ 18.9137739, 42.646881694368531 ], [ 18.910428, 42.650218794369962 ], [ 18.9089659, 42.653525994371392 ], [ 18.9061774, 42.656914494372877 ], [ 18.9054106, 42.656372394372639 ], [ 18.9051176, 42.657327194373046 ], [ 18.9035129, 42.658416694373528 ], [ 18.9039972, 42.658734394373596 ], [ 18.9006208, 42.660724494374534 ], [ 18.8993223, 42.663459594375695 ], [ 18.895288, 42.66627669437689 ], [ 18.8946728, 42.667445194377407 ], [ 18.8916779, 42.668705794377914 ], [ 18.8837307, 42.674776594380518 ], [ 18.8816402, 42.677428494381701 ], [ 18.8803097, 42.681065694383193 ], [ 18.8779231, 42.683387594384264 ], [ 18.8774565, 42.687094394385838 ], [ 18.8735384, 42.688263494386334 ], [ 18.8703531, 42.691824494387824 ], [ 18.8676695, 42.693276394388434 ], [ 18.8670397, 42.695567894389441 ], [ 18.8644071, 42.695717294389489 ], [ 18.8588368, 42.694916694389157 ], [ 18.8513762, 42.695084894389225 ], [ 18.848182, 42.695389494389374 ], [ 18.842417, 42.697061194390081 ], [ 18.8395988, 42.697025694390078 ], [ 18.8292934, 42.695190994389293 ], [ 18.8103799, 42.69470959438911 ], [ 18.803836, 42.692164794387992 ], [ 18.7991773, 42.692119794387949 ], [ 18.7836674, 42.695197394389318 ], [ 18.773689799999989, 42.698899094390896 ], [ 18.7648778, 42.703413694392786 ], [ 18.7636576, 42.705222894393572 ], [ 18.7633938, 42.708163294394851 ], [ 18.7556507, 42.709131094395275 ], [ 18.7471634, 42.712378194396678 ], [ 18.7427388, 42.711427494396233 ], [ 18.7423464, 42.710861294396011 ], [ 18.7430247, 42.710256594395723 ], [ 18.7458796, 42.708942494395195 ], [ 18.7431447, 42.705958494393933 ], [ 18.7439329, 42.70380469439295 ], [ 18.7507948, 42.700852894391694 ], [ 18.754361, 42.701714094392109 ], [ 18.7550426, 42.701393594391924 ], [ 18.7543131, 42.697764694390415 ], [ 18.7520846, 42.694145594388843 ], [ 18.7485989, 42.692809794388282 ], [ 18.7439552, 42.694925594389161 ], [ 18.7406572, 42.694946994389198 ], [ 18.7381284, 42.6984390943907 ], [ 18.7374055, 42.69888619439088 ], [ 18.7367596, 42.698605994390775 ], [ 18.7336311, 42.694865894389153 ], [ 18.7334021, 42.693603494388611 ], [ 18.7359338, 42.690364294387216 ], [ 18.7363848, 42.688655094386526 ], [ 18.7343633, 42.687941294386221 ], [ 18.7285767, 42.68756759438601 ], [ 18.7220232, 42.680152094382827 ], [ 18.7172621, 42.675789994380985 ], [ 18.7155126, 42.672609494379614 ], [ 18.7163392, 42.670013294378478 ], [ 18.718277, 42.667252094377311 ], [ 18.7239394, 42.660801994374509 ], [ 18.7243673, 42.65710229437294 ], [ 18.7229947, 42.649495894369672 ], [ 18.72438, 42.647148894368641 ], [ 18.7286832, 42.643233894366936 ], [ 18.7287305, 42.640993494365972 ], [ 18.7264277, 42.638037994364751 ], [ 18.7199904, 42.636498794364044 ], [ 18.7164625, 42.634877894363377 ], [ 18.7131569, 42.630221994361371 ], [ 18.7062626, 42.6297908943612 ], [ 18.7047183, 42.629452794361036 ], [ 18.7041563, 42.628950694360846 ] ] ] } },
{ "type": "Feature", "properties": { "admin_id": "2319530", "name_local": "Opština Danilovgrad", "name_en": "Danilovgrad Municipality" }, "geometry": { "type": "Polygon", "coordinates": [ [ [ 18.9572408, 42.602840094349574 ], [ 18.9707797, 42.607826394351711 ], [ 18.9791893, 42.609070394352266 ], [ 18.98323490000001, 42.609544094352465 ], [ 18.9948549, 42.609351094352391 ], [ 19.0094249, 42.610961294353054 ], [ 19.0125769, 42.610330094352818 ], [ 19.0144092, 42.61093389435306 ], [ 19.0191433, 42.614887694354778 ], [ 19.0162433, 42.61825069435622 ], [ 19.0130574, 42.620596094357218 ], [ 19.0107142, 42.624184294358749 ], [ 19.0147055, 42.625385194359289 ], [ 19.0160315, 42.623318094358375 ], [ 19.0201373, 42.624260594358788 ], [ 19.0207565, 42.624878194359091 ], [ 19.0200784, 42.625938894359493 ], [ 19.0225418, 42.625680194359418 ], [ 19.0244003, 42.628606294360679 ], [ 19.0231417, 42.629427894361001 ], [ 19.0203843, 42.629761994361175 ], [ 19.0177671, 42.63134869436189 ], [ 19.0179015, 42.633370194362712 ], [ 19.0198175, 42.63665229436414 ], [ 19.0185098, 42.639755394365437 ], [ 19.0164485, 42.639697794365475 ], [ 19.0155518, 42.640216094365648 ], [ 19.0160073, 42.641994994366442 ], [ 19.0148443, 42.64287399436683 ], [ 19.0150584, 42.64432039436744 ], [ 19.0124546, 42.646407694368342 ], [ 19.0110893, 42.646685294368474 ], [ 19.0085072, 42.649232194369581 ], [ 19.0056653, 42.65351839437141 ], [ 19.0060749, 42.65484329437195 ], [ 19.0055605, 42.656609894372721 ], [ 19.0039322, 42.657681494373172 ], [ 19.001458599999989, 42.65833229437348 ], [ 18.9993229, 42.660228294374292 ], [ 18.9994523, 42.663014894375507 ], [ 18.9966359, 42.66615879437682 ], [ 18.9998374, 42.668139694377686 ], [ 18.9991881, 42.669311194378231 ], [ 19.0021093, 42.671364294379046 ], [ 19.0055489, 42.670172894378545 ], [ 19.0066128, 42.67039919437866 ], [ 19.0056635, 42.673468794379936 ], [ 19.0073978, 42.67484179438059 ], [ 19.0093595, 42.674436194380391 ], [ 19.0090951, 42.675554694380871 ], [ 19.0120914, 42.678387894382105 ], [ 19.0135506, 42.677202294381537 ], [ 19.0145183, 42.678021094381926 ], [ 19.0155635, 42.677571794381741 ], [ 19.0183796, 42.678483194382082 ], [ 19.019109, 42.679178894382439 ], [ 19.0177719, 42.682143794383705 ], [ 19.0187828, 42.682528894383893 ], [ 19.0214477, 42.685832094385262 ], [ 19.0241425, 42.683706994384345 ], [ 19.025195, 42.682046194383645 ], [ 19.0259442, 42.681959594383592 ], [ 19.0314691, 42.675732794380941 ], [ 19.0332789, 42.674757894380548 ], [ 19.0353123, 42.671147994378984 ], [ 19.0389685, 42.666772694377087 ], [ 19.0396723, 42.66424429437599 ], [ 19.0392705, 42.662765194375375 ], [ 19.0399328, 42.662539894375278 ], [ 19.0380346, 42.661356194374783 ], [ 19.0378237, 42.660481394374393 ], [ 19.0386826, 42.658984194373751 ], [ 19.04033, 42.657963994373318 ], [ 19.0393084, 42.657068694372896 ], [ 19.0374431, 42.652127994370801 ], [ 19.0387515, 42.65163249437061 ], [ 19.0432956, 42.651691094370612 ], [ 19.0485528, 42.649315294369593 ], [ 19.0493599, 42.648419294369205 ], [ 19.0490694, 42.646246494368249 ], [ 19.0506357, 42.645959694368123 ], [ 19.0520744, 42.643547594367099 ], [ 19.0534587, 42.643367294367039 ], [ 19.0541364, 42.642514594366624 ], [ 19.0598654, 42.640287894365692 ], [ 19.0629856, 42.637664894364562 ], [ 19.0669235, 42.637316294364446 ], [ 19.0677358, 42.63648909436408 ], [ 19.069758, 42.637219494364409 ], [ 19.070767, 42.635560994363672 ], [ 19.0771163, 42.633734194362901 ], [ 19.0770298, 42.632429494362285 ], [ 19.0776619, 42.631978494362123 ], [ 19.0772088, 42.631598894361971 ], [ 19.0793968, 42.631506294361905 ], [ 19.080454, 42.62950659436104 ], [ 19.0823127, 42.628465194360629 ], [ 19.0814287, 42.627534694360214 ], [ 19.0814656, 42.624985894359099 ], [ 19.0838243, 42.624283894358783 ], [ 19.0846342, 42.622606994358094 ], [ 19.085221, 42.623409594358463 ], [ 19.0835755, 42.627481594360212 ], [ 19.0856987, 42.628497294360635 ], [ 19.0872491, 42.631257994361846 ], [ 19.0872407, 42.631923994362118 ], [ 19.0851066, 42.632495594362368 ], [ 19.0856926, 42.63617929436397 ], [ 19.091620899999988, 42.641889794366421 ], [ 19.0902168, 42.642735594366812 ], [ 19.0947921, 42.644104194367358 ], [ 19.0985284, 42.646362594368313 ], [ 19.0981473, 42.654556094371863 ], [ 19.0953069, 42.662885794375399 ], [ 19.1000531, 42.669687094378332 ], [ 19.1064424, 42.663822994375792 ], [ 19.1107905, 42.656537394372684 ], [ 19.1149686, 42.655040894372085 ], [ 19.119907, 42.650109694369888 ], [ 19.1222691, 42.6488694943694 ], [ 19.1264004, 42.647977294369028 ], [ 19.1312536, 42.643664994367178 ], [ 19.1381444, 42.640382594365718 ], [ 19.1389589, 42.638215394364856 ], [ 19.1403183, 42.644945094367699 ], [ 19.1419011, 42.646700394368452 ], [ 19.1532647, 42.651137694370341 ], [ 19.1548988, 42.653360794371324 ], [ 19.1526938, 42.659144594373849 ], [ 19.1498197, 42.66147539437484 ], [ 19.1479655, 42.673035394379781 ], [ 19.1471914, 42.672679594379645 ], [ 19.1466777, 42.673068494379784 ], [ 19.1467253, 42.674712094380531 ], [ 19.1444988, 42.677360094381619 ], [ 19.150429, 42.681652194383496 ], [ 19.1540065, 42.682505194383822 ], [ 19.1591747, 42.681442894383402 ], [ 19.1665664, 42.681962294383617 ], [ 19.1744425, 42.683296794384191 ], [ 19.1851696, 42.683667694384376 ], [ 19.1891339, 42.68459909438473 ], [ 19.1956384, 42.684058994384529 ], [ 19.2035017, 42.68501519438496 ], [ 19.2120498, 42.688792294386559 ], [ 19.2128137, 42.69167249438776 ], [ 19.2120952, 42.692328294388091 ], [ 19.2124509, 42.693688194388656 ], [ 19.2162483, 42.694905994389181 ], [ 19.221498, 42.69192139438789 ], [ 19.2254321, 42.691971594387944 ], [ 19.2335299, 42.695051594389263 ], [ 19.2365019, 42.697129394390153 ], [ 19.236005, 42.703023794392635 ], [ 19.2293617, 42.710086494395711 ], [ 19.2171915, 42.715220994397889 ], [ 19.2156062, 42.723030294401219 ], [ 19.2060603, 42.723595094401496 ], [ 19.204457, 42.723198394401301 ], [ 19.2036697, 42.723829294401561 ], [ 19.2022126, 42.723727094401518 ], [ 19.2001877, 42.724464294401805 ], [ 19.1996967, 42.732241994405186 ], [ 19.2028122, 42.737386494407346 ], [ 19.2074806, 42.742346994409544 ], [ 19.2127929, 42.74611539441112 ], [ 19.2200761, 42.756311194415495 ], [ 19.2232905, 42.75858689441646 ], [ 19.2222503, 42.763763794418644 ], [ 19.227606, 42.760436794417238 ], [ 19.2289539, 42.758446494416432 ], [ 19.2307521, 42.758065694416224 ], [ 19.2312614, 42.757318794415909 ], [ 19.2377717, 42.756461494415547 ], [ 19.2404226, 42.755267694415046 ], [ 19.2405823, 42.754546594414698 ], [ 19.2375285, 42.752463294413836 ], [ 19.2370063, 42.75056149441302 ], [ 19.2319938, 42.745800894411026 ], [ 19.2311552, 42.74407349441028 ], [ 19.2284127, 42.741278894409014 ], [ 19.2261938, 42.736478294406965 ], [ 19.22852, 42.733065094405546 ], [ 19.235444, 42.729546594404034 ], [ 19.2456368, 42.726001594402518 ], [ 19.2458776, 42.725034794402099 ], [ 19.2480735, 42.723102094401249 ], [ 19.2550773, 42.718863394399435 ], [ 19.2632399, 42.708651494395085 ], [ 19.2725101, 42.702511394392424 ], [ 19.2799053, 42.693519694388556 ], [ 19.2785358, 42.689328694386781 ], [ 19.2813819, 42.686409894385555 ], [ 19.2852967, 42.683729994384358 ], [ 19.2848993, 42.680248294382892 ], [ 19.2907101, 42.677699494381763 ], [ 19.2927816, 42.675816494380975 ], [ 19.2933691, 42.667662594377489 ], [ 19.2921815, 42.665926294376753 ], [ 19.2920992, 42.663115994375559 ], [ 19.2897822, 42.661813294374966 ], [ 19.2879114, 42.659358594373948 ], [ 19.2856994, 42.657758194373216 ], [ 19.284204, 42.657934594373287 ], [ 19.2743651, 42.648748694369353 ], [ 19.2720437, 42.64579009436806 ], [ 19.2716459, 42.640105994365619 ], [ 19.2674354, 42.634919394363386 ], [ 19.2661403, 42.630494594361508 ], [ 19.2629095, 42.627846694360336 ], [ 19.258027, 42.613887194354348 ], [ 19.2540818, 42.611322394353238 ], [ 19.2482219, 42.599088994347973 ], [ 19.2450315, 42.587156994342799 ], [ 19.241424, 42.579543294339523 ], [ 19.2435026, 42.577093794338452 ], [ 19.2436654, 42.574723294337417 ], [ 19.238991, 42.572817194336643 ], [ 19.2396692, 42.571636994336103 ], [ 19.2367648, 42.571881694336241 ], [ 19.234236, 42.570248594335581 ], [ 19.2332515, 42.56855379433474 ], [ 19.2305677, 42.566373894333879 ], [ 19.2315853, 42.565662294333563 ], [ 19.2315111, 42.565038494333272 ], [ 19.2300766, 42.564139794332888 ], [ 19.2297069, 42.562924094332374 ], [ 19.2285954, 42.563049494332368 ], [ 19.2283432, 42.56194599433195 ], [ 19.2216384, 42.560883194331431 ], [ 19.2201085, 42.559254294330778 ], [ 19.2188697, 42.555068994328963 ], [ 19.2151923, 42.553858794328441 ], [ 19.2153685, 42.552754094327966 ], [ 19.2124915, 42.550758194327081 ], [ 19.2137391, 42.550043994326785 ], [ 19.2129839, 42.548716194326204 ], [ 19.2131111, 42.54650309432526 ], [ 19.2115948, 42.544663294324465 ], [ 19.2116789, 42.542543294323536 ], [ 19.2134675, 42.542053394323382 ], [ 19.213322, 42.540476094322628 ], [ 19.2107023, 42.538586594321856 ], [ 19.2112706, 42.537966694321568 ], [ 19.2103686, 42.53780799432154 ], [ 19.2079081, 42.535481194320496 ], [ 19.20711270000001, 42.535540094320538 ], [ 19.205774, 42.533384594319585 ], [ 19.2031643, 42.532193594319082 ], [ 19.2030292, 42.531084994318562 ], [ 19.2016947, 42.530325394318275 ], [ 19.2014149, 42.529464694317916 ], [ 19.2023525, 42.528521394317487 ], [ 19.2033621, 42.524795294315886 ], [ 19.2051386, 42.52370019431541 ], [ 19.2057393, 42.521451294314417 ], [ 19.2088034, 42.520468794313999 ], [ 19.2139676, 42.520108394313844 ], [ 19.2144017, 42.519027394313369 ], [ 19.2148688, 42.519308294313532 ], [ 19.2148196, 42.51849719431317 ], [ 19.2136617, 42.51834689431309 ], [ 19.2154035, 42.515991594312062 ], [ 19.2163865, 42.515635694311882 ], [ 19.2161194, 42.514622494311475 ], [ 19.211439, 42.514620694311496 ], [ 19.210349, 42.51291879431075 ], [ 19.2121669, 42.51141279431009 ], [ 19.216324, 42.511490494310124 ], [ 19.2178271, 42.510767694309855 ], [ 19.2202195, 42.508817694308945 ], [ 19.2207635, 42.507551094308425 ], [ 19.219701, 42.504576494307123 ], [ 19.2206418, 42.503445994306624 ], [ 19.2198838, 42.502403094306196 ], [ 19.2188835, 42.501854994305909 ], [ 19.2170715, 42.501972294306007 ], [ 19.2168855, 42.500103394305157 ], [ 19.2106992, 42.494013094302559 ], [ 19.2115426, 42.493626594302398 ], [ 19.2086619, 42.488850294300278 ], [ 19.2051999, 42.485861994299015 ], [ 19.2005607, 42.480290794296614 ], [ 19.2018765, 42.479297894296153 ], [ 19.2010844, 42.478979094296008 ], [ 19.2007914, 42.476488494294948 ], [ 19.1896556, 42.472391794293145 ], [ 19.1866653, 42.471985394292993 ], [ 19.1867393, 42.474580494294145 ], [ 19.1858759, 42.477290594295276 ], [ 19.1824692, 42.480040794296485 ], [ 19.1818033, 42.480200494296525 ], [ 19.1811191, 42.479101394296052 ], [ 19.1802269, 42.480105594296511 ], [ 19.1792853, 42.47977349429641 ], [ 19.178472, 42.480481694296699 ], [ 19.1759447, 42.480690194296756 ], [ 19.1754674, 42.482041894297339 ], [ 19.1716944, 42.484342394298366 ], [ 19.1693874, 42.482417694297503 ], [ 19.1674144, 42.483354994297933 ], [ 19.1664048, 42.482766594297672 ], [ 19.1657398, 42.483565694298065 ], [ 19.1643565, 42.482871894297702 ], [ 19.1630025, 42.484761694298513 ], [ 19.1575625, 42.481289594297017 ], [ 19.1470669, 42.479225794296163 ], [ 19.1456122, 42.478409994295752 ], [ 19.1461826, 42.475883994294684 ], [ 19.1445455, 42.47635899429492 ], [ 19.1433236, 42.477991494295601 ], [ 19.1403399, 42.479248494296115 ], [ 19.1387378, 42.479267094296198 ], [ 19.1381409, 42.478704894295937 ], [ 19.1341271, 42.479708594296326 ], [ 19.1332299, 42.477758394295492 ], [ 19.1297697, 42.47837119429574 ], [ 19.1282793, 42.478050094295604 ], [ 19.126114, 42.476159494294798 ], [ 19.123401, 42.47560759429458 ], [ 19.1223663, 42.476392994294912 ], [ 19.1199824, 42.475183994294404 ], [ 19.1128697, 42.473811894293803 ], [ 19.1126872, 42.472893094293376 ], [ 19.1100686, 42.473533594293663 ], [ 19.1076244, 42.472748294293346 ], [ 19.1052243, 42.47388009429379 ], [ 19.0995843, 42.47244889429318 ], [ 19.0993681, 42.470694094292426 ], [ 19.0983737, 42.470419294292292 ], [ 19.0979325, 42.470839594292478 ], [ 19.09586, 42.469409594291882 ], [ 19.0883399, 42.4716003942928 ], [ 19.0869129, 42.471064294292582 ], [ 19.0881599, 42.470304594292259 ], [ 19.0854013, 42.470057194292202 ], [ 19.085299, 42.470621694292419 ], [ 19.0841634, 42.470821994292521 ], [ 19.0826499, 42.469880594292064 ], [ 19.0823042, 42.468825294291655 ], [ 19.0786378, 42.471122894292591 ], [ 19.0734551, 42.472694094293324 ], [ 19.0728924, 42.473515694293667 ], [ 19.0740552, 42.474063094293882 ], [ 19.0735422, 42.474457594294087 ], [ 19.0710068, 42.473833094293802 ], [ 19.0661629, 42.47475349429417 ], [ 19.0635079, 42.475854094294668 ], [ 19.0621308, 42.47526119429444 ], [ 19.0629951, 42.473786094293771 ], [ 19.0626698, 42.47275379429334 ], [ 19.0598434, 42.47191629429296 ], [ 19.0574714, 42.472441194293175 ], [ 19.0578011, 42.473417794293624 ], [ 19.0558826, 42.47364089429373 ], [ 19.0537751, 42.474690294294199 ], [ 19.0527672, 42.476142694294779 ], [ 19.0425891, 42.474630094294135 ], [ 19.04117, 42.475775294294685 ], [ 19.0372386, 42.475981194294697 ], [ 19.0350648, 42.477836794295563 ], [ 19.0317906, 42.478329894295733 ], [ 19.0305897, 42.478045794295653 ], [ 19.0293531, 42.478385694295746 ], [ 19.0289309, 42.479106594296049 ], [ 19.0281589, 42.478198394295696 ], [ 19.027099, 42.478310294295738 ], [ 19.0292162, 42.480651294296756 ], [ 19.0271077, 42.48213859429741 ], [ 19.0249297, 42.481295694297074 ], [ 19.0236423, 42.481355194297052 ], [ 19.0224072, 42.482517094297592 ], [ 19.0221545, 42.485234194298734 ], [ 19.0241856, 42.487594394299784 ], [ 19.026507, 42.487372594299707 ], [ 19.0311314, 42.485656794298954 ], [ 19.0345025, 42.487945194299897 ], [ 19.0347021, 42.490167994300847 ], [ 19.0324534, 42.49170499430155 ], [ 19.0317229, 42.495211494303049 ], [ 19.0304848, 42.495253594303087 ], [ 19.0298534, 42.496448194303632 ], [ 19.0282822, 42.496294394303533 ], [ 19.0265016, 42.494488594302744 ], [ 19.0219459, 42.494191194302644 ], [ 19.0195322, 42.497701594304168 ], [ 19.0183455, 42.501534894305777 ], [ 19.016625, 42.503534094306666 ], [ 19.0098469, 42.504663494307138 ], [ 19.005917, 42.507266094308299 ], [ 19.0045873, 42.509669094309324 ], [ 19.0051433, 42.510293994309606 ], [ 19.0043047, 42.511284894310016 ], [ 19.0041686, 42.513466894310994 ], [ 19.0055373, 42.515069194311664 ], [ 19.005331, 42.515781794311998 ], [ 19.0096044, 42.516483594312255 ], [ 19.010703, 42.519394294313557 ], [ 19.0126339, 42.520116594313883 ], [ 19.013891, 42.519903394313737 ], [ 19.0145767, 42.523159194315149 ], [ 19.0154299, 42.524008594315518 ], [ 19.0167732, 42.523566694315328 ], [ 19.0180486, 42.525910894316361 ], [ 19.0160426, 42.528780594317602 ], [ 19.0170449, 42.528700994317539 ], [ 19.0187787, 42.529644894317961 ], [ 19.0191605, 42.52903289431773 ], [ 19.0196185, 42.529289194317812 ], [ 19.0193322, 42.529980394318144 ], [ 19.0209421, 42.531880294318952 ], [ 19.0205514, 42.532584294319243 ], [ 19.0218951, 42.534371294320017 ], [ 19.0217026, 42.535239694320417 ], [ 19.0246985, 42.537775194321512 ], [ 19.0243904, 42.539507894322242 ], [ 19.0258826, 42.540176794322527 ], [ 19.0242611, 42.541124894322934 ], [ 19.0252154, 42.542024294323362 ], [ 19.0270131, 42.542396294323495 ], [ 19.034115, 42.548339394326035 ], [ 19.0310145, 42.549624394326592 ], [ 19.0284005, 42.549960294326794 ], [ 19.0269614, 42.551023894327216 ], [ 19.026962, 42.553188794328157 ], [ 19.0182489, 42.559624194330908 ], [ 19.0144318, 42.561194594331603 ], [ 19.0031314, 42.568148094334589 ], [ 18.9917676, 42.577911794338817 ], [ 18.9786647, 42.586457794342493 ], [ 18.9782658, 42.586930294342714 ], [ 18.979132, 42.587254594342859 ], [ 18.9778237, 42.587732394343071 ], [ 18.9782652, 42.58838629434333 ], [ 18.9773102, 42.587976994343158 ], [ 18.976077, 42.589146394343665 ], [ 18.9739445, 42.589144094343631 ], [ 18.9699351, 42.588154694343231 ], [ 18.9695641, 42.589430794343805 ], [ 18.967813, 42.590982394344444 ], [ 18.9696625, 42.591392894344686 ], [ 18.9710843, 42.593038894345362 ], [ 18.9696, 42.594167294345858 ], [ 18.9657329, 42.59537779434639 ], [ 18.9636151, 42.59853129434768 ], [ 18.9614552, 42.599912594348318 ], [ 18.9604011, 42.599887794348298 ], [ 18.9572408, 42.602840094349574 ] ] ] } },
{ "type": "Feature", "properties": { "admin_id": "2319531", "name_local": "Opština Kolašin", "name_en": "Kolašin Municipality" }, "geometry": { "type": "Polygon", "coordinates": [ [ [ 19.3660196, 42.938844194493214 ], [ 19.3643334, 42.935350494491722 ], [ 19.3633996, 42.934771194491454 ], [ 19.3623353, 42.935258694491658 ], [ 19.3622668, 42.934024594491198 ], [ 19.3601178, 42.930942794489859 ], [ 19.3616965, 42.929928294489429 ], [ 19.3653938, 42.924650394487159 ], [ 19.3640468, 42.922758994486408 ], [ 19.3629035, 42.922414094486221 ], [ 19.3636819, 42.919427294484947 ], [ 19.3616257, 42.9185505944846 ], [ 19.3543167, 42.920511394485423 ], [ 19.3529159, 42.920410494485395 ], [ 19.3515532, 42.921093494485689 ], [ 19.3520656, 42.922734194486374 ], [ 19.3515839, 42.922835094486437 ], [ 19.3499353, 42.922430094486238 ], [ 19.3485417, 42.921119394485686 ], [ 19.3458266, 42.920569794485445 ], [ 19.3429987, 42.920998794485627 ], [ 19.339519, 42.922442494486233 ], [ 19.3369939, 42.921534194485879 ], [ 19.338215, 42.920770294485536 ], [ 19.3380871, 42.919103394484821 ], [ 19.3322346, 42.919466694484974 ], [ 19.3301988, 42.917879994484331 ], [ 19.3265612, 42.916886994483896 ], [ 19.3266715, 42.916176594483552 ], [ 19.3237793, 42.915664094483361 ], [ 19.321413199999984, 42.91458719448292 ], [ 19.3176551, 42.911653394481689 ], [ 19.3109128, 42.909443394480739 ], [ 19.3104125, 42.908407194480262 ], [ 19.3071599, 42.907139594479737 ], [ 19.3019625, 42.909226294480625 ], [ 19.2916394, 42.910252194481068 ], [ 19.2918584, 42.909674494480811 ], [ 19.28691, 42.909691794480821 ], [ 19.2816441, 42.910804694481271 ], [ 19.2723188, 42.911009494481384 ], [ 19.2619819, 42.916776794483816 ], [ 19.2597015, 42.915572394483306 ], [ 19.2583655, 42.914088394482711 ], [ 19.2565319, 42.915051294483106 ], [ 19.2497804, 42.915177794483157 ], [ 19.244309, 42.916078094483538 ], [ 19.2428203, 42.91580869448341 ], [ 19.2377929, 42.919903194485151 ], [ 19.2365736, 42.919300794484911 ], [ 19.231219, 42.919702594485095 ], [ 19.2340329, 42.917713694484242 ], [ 19.2348856, 42.916376894483683 ], [ 19.2332275, 42.91316719448232 ], [ 19.231358, 42.912515094482011 ], [ 19.2298264, 42.913347194482363 ], [ 19.2291507, 42.913161694482305 ], [ 19.2275213, 42.911882594481732 ], [ 19.221116, 42.909661994480814 ], [ 19.219109, 42.904692694478726 ], [ 19.2135726, 42.89956129447652 ], [ 19.2123585, 42.896971894475463 ], [ 19.2136172, 42.891612794473197 ], [ 19.2106531, 42.88911879447209 ], [ 19.2071486, 42.887377794471355 ], [ 19.2047486, 42.887797494471528 ], [ 19.2000094, 42.887329994471308 ], [ 19.1994934, 42.886837394471144 ], [ 19.1995309, 42.883886294469853 ], [ 19.2009542, 42.882594094469354 ], [ 19.199007, 42.880589994468473 ], [ 19.2009794, 42.879779094468141 ], [ 19.1984771, 42.878240894467496 ], [ 19.2003393, 42.874818194466002 ], [ 19.2000041, 42.87376619446561 ], [ 19.1987693, 42.874031894465702 ], [ 19.1979336, 42.873001094465245 ], [ 19.2016599, 42.86608469446228 ], [ 19.2013484, 42.863388594461171 ], [ 19.1960126, 42.861999194460566 ], [ 19.1961972, 42.861397894460275 ], [ 19.1974691, 42.860706094460028 ], [ 19.2053714, 42.859382594459476 ], [ 19.2100632, 42.857405294458623 ], [ 19.2151197, 42.852166794456423 ], [ 19.2183847, 42.850223094455565 ], [ 19.2221367, 42.849408194455165 ], [ 19.2258835, 42.846872994454166 ], [ 19.2301092, 42.847331594454324 ], [ 19.2296629, 42.844029294452923 ], [ 19.2311403, 42.843006294452451 ], [ 19.2362181, 42.841720894451939 ], [ 19.2380116, 42.840268394451343 ], [ 19.241734399999988, 42.840707194451518 ], [ 19.2464534, 42.83988209445112 ], [ 19.2484102, 42.838525394450578 ], [ 19.2524942, 42.837557994450151 ], [ 19.2442268, 42.828442294446241 ], [ 19.2461404, 42.824905494444792 ], [ 19.2476458, 42.823648094444216 ], [ 19.2351779, 42.820148994442739 ], [ 19.230159, 42.817367194441566 ], [ 19.2278811, 42.812877194439658 ], [ 19.2264165, 42.812539394439469 ], [ 19.2262337, 42.811584594439125 ], [ 19.2213769, 42.806945894437114 ], [ 19.2174818, 42.805218494436367 ], [ 19.2164644, 42.804179594435929 ], [ 19.2153648, 42.800349994434299 ], [ 19.219117199999989, 42.798523394433516 ], [ 19.2184558, 42.798017594433318 ], [ 19.2206149, 42.796692794432751 ], [ 19.2230977, 42.795918494432414 ], [ 19.2238542, 42.79426529443171 ], [ 19.2222457, 42.792065894430749 ], [ 19.2195268, 42.790068194429892 ], [ 19.2188699, 42.785844594428099 ], [ 19.2173136, 42.785797294428079 ], [ 19.2173419, 42.781910394426447 ], [ 19.2122587, 42.781057394426078 ], [ 19.2084367, 42.77506869442351 ], [ 19.2085772, 42.773636494422874 ], [ 19.2132206, 42.768788294420808 ], [ 19.2160697, 42.767422494420266 ], [ 19.2170534, 42.766330494419762 ], [ 19.2197885, 42.765504394419359 ], [ 19.2212839, 42.763985794418723 ], [ 19.227606, 42.760436794417238 ], [ 19.2289539, 42.758446494416432 ], [ 19.2324859, 42.75698249441578 ], [ 19.2389919, 42.756177594415441 ], [ 19.2404226, 42.755267694415046 ], [ 19.2405823, 42.754546594414698 ], [ 19.2375285, 42.752463294413836 ], [ 19.2370063, 42.75056149441302 ], [ 19.2319938, 42.745800894411026 ], [ 19.2311552, 42.74407349441028 ], [ 19.2284127, 42.741278894409014 ], [ 19.2261938, 42.736478294406965 ], [ 19.2281721, 42.733273394405593 ], [ 19.235444, 42.729546594404034 ], [ 19.2444124, 42.726776094402815 ], [ 19.2480735, 42.723102094401249 ], [ 19.2550773, 42.718863394399435 ], [ 19.2632399, 42.708651494395085 ], [ 19.2725101, 42.702511394392424 ], [ 19.2759007, 42.698688194390797 ], [ 19.2799053, 42.693519694388556 ], [ 19.2785358, 42.689328694386781 ], [ 19.2813819, 42.686409894385555 ], [ 19.2852967, 42.683729994384358 ], [ 19.2848993, 42.680248294382892 ], [ 19.2907101, 42.677699494381763 ], [ 19.2927816, 42.675816494380975 ], [ 19.2933691, 42.667662594377489 ], [ 19.2921815, 42.665926294376753 ], [ 19.2920986, 42.663110794375548 ], [ 19.2965897, 42.655684994372358 ], [ 19.3023075, 42.648917694369395 ], [ 19.3064543, 42.645661994368027 ], [ 19.3090221, 42.644678194367607 ], [ 19.3120385, 42.643880494367224 ], [ 19.3162895, 42.644338094367434 ], [ 19.3203708, 42.651259794370382 ], [ 19.3204384, 42.6537242943715 ], [ 19.3213033, 42.654241994371716 ], [ 19.3239784, 42.65421739437167 ], [ 19.3267822, 42.65831659437346 ], [ 19.33176, 42.663790994375795 ], [ 19.3412072, 42.666355294376935 ], [ 19.3439681, 42.666434994376949 ], [ 19.3455796, 42.667551294377432 ], [ 19.3461954, 42.664644494376184 ], [ 19.3474676, 42.663500994375696 ], [ 19.35024, 42.663140694375521 ], [ 19.3577319, 42.664785094376235 ], [ 19.3593801, 42.666057094376761 ], [ 19.3630025, 42.665714094376625 ], [ 19.3650455, 42.667073994377191 ], [ 19.3692574, 42.668115794377677 ], [ 19.3708627, 42.666875894377128 ], [ 19.3708213, 42.665361794376473 ], [ 19.3717241, 42.664086394375936 ], [ 19.3771938, 42.658785194373642 ], [ 19.377849, 42.6544783943718 ], [ 19.3806204, 42.655163194372079 ], [ 19.3844021, 42.654194194371655 ], [ 19.3858891, 42.654564294371852 ], [ 19.3886195, 42.654240394371691 ], [ 19.3892272, 42.653415094371347 ], [ 19.3908971, 42.654403794371767 ], [ 19.393473, 42.654090894371649 ], [ 19.3948877, 42.654218794371673 ], [ 19.3955817, 42.654862594371963 ], [ 19.397841, 42.654848994371946 ], [ 19.4015431, 42.659433894373954 ], [ 19.4042403, 42.661262494374704 ], [ 19.4054467, 42.661259094374714 ], [ 19.4057911, 42.661542794374832 ], [ 19.4049059, 42.668051594377651 ], [ 19.4038762, 42.669844994378394 ], [ 19.4038168, 42.67394149438018 ], [ 19.4068739, 42.680786294383147 ], [ 19.4086063, 42.681018894383243 ], [ 19.4103604, 42.682016794383657 ], [ 19.4131291, 42.682321794383782 ], [ 19.4156111, 42.684401094384675 ], [ 19.4170478, 42.68271319438395 ], [ 19.4214104, 42.681764294383541 ], [ 19.4199518, 42.680474694382994 ], [ 19.4202491, 42.679276194382467 ], [ 19.424918, 42.679285394382461 ], [ 19.4259827, 42.679101194382376 ], [ 19.4259382, 42.678364494382059 ], [ 19.4283841, 42.67850059438215 ], [ 19.4288075, 42.679014094382353 ], [ 19.432183, 42.679578894382622 ], [ 19.4329744, 42.681596094383451 ], [ 19.436426, 42.681705594383516 ], [ 19.4372031, 42.684188594384551 ], [ 19.4346796, 42.684902794384868 ], [ 19.4357956, 42.686362394385533 ], [ 19.4361398, 42.685104394384943 ], [ 19.43673, 42.685305994385025 ], [ 19.43693510000001, 42.68475259438484 ], [ 19.4374767, 42.686494994385534 ], [ 19.4388253, 42.685048194384962 ], [ 19.4400548, 42.685238694385014 ], [ 19.440393, 42.683258194384187 ], [ 19.4419607, 42.68133089438335 ], [ 19.4435371, 42.68268529438393 ], [ 19.4437124, 42.683484394384266 ], [ 19.4426961, 42.684436294384646 ], [ 19.4437332, 42.685139294385003 ], [ 19.4461889, 42.685001594384893 ], [ 19.4462015, 42.68854889438645 ], [ 19.447398, 42.689447894386852 ], [ 19.447759, 42.691166094387562 ], [ 19.4468095, 42.691368994387638 ], [ 19.4459259, 42.693305294388487 ], [ 19.4481825, 42.693052594388377 ], [ 19.4481796, 42.697547494390328 ], [ 19.4491595, 42.700128594391401 ], [ 19.4476882, 42.702697294392529 ], [ 19.4502505, 42.70392129439302 ], [ 19.4505636, 42.705996994393949 ], [ 19.4540632, 42.702238094392307 ], [ 19.4521992, 42.706022594393943 ], [ 19.4530824, 42.707046894394388 ], [ 19.4520705, 42.710414594395814 ], [ 19.4544254, 42.711917894396485 ], [ 19.4637748, 42.706483894394175 ], [ 19.4668332, 42.707463394394559 ], [ 19.4684935, 42.71116939439618 ], [ 19.4707512, 42.71244299439671 ], [ 19.4733789, 42.710746694395944 ], [ 19.4774926, 42.710215594395763 ], [ 19.4830581, 42.712311694396668 ], [ 19.4872516, 42.712057794396515 ], [ 19.4896789, 42.713227794397028 ], [ 19.4905474, 42.709525994395399 ], [ 19.4935602, 42.709867094395605 ], [ 19.5014685, 42.70865609439506 ], [ 19.5039072, 42.710294694395721 ], [ 19.5041095, 42.711021994396077 ], [ 19.5079607, 42.708974594395208 ], [ 19.5079844, 42.707984694394753 ], [ 19.5087708, 42.707508794394577 ], [ 19.5114148, 42.70770509439464 ], [ 19.5156425, 42.70649499439412 ], [ 19.5184158, 42.707673994394618 ], [ 19.5207984, 42.707313094394515 ], [ 19.5214895, 42.705188494393624 ], [ 19.5201317, 42.702218394392332 ], [ 19.5204252, 42.701159894391836 ], [ 19.5230839, 42.701243594391848 ], [ 19.5259781, 42.703247694392758 ], [ 19.5291252, 42.703846094393 ], [ 19.5316705, 42.703045894392623 ], [ 19.5347417, 42.703238094392709 ], [ 19.5379028, 42.701153894391886 ], [ 19.5410717, 42.701342594391939 ], [ 19.5441912, 42.700769994391685 ], [ 19.5486846, 42.701740494392105 ], [ 19.5527662, 42.701782894392139 ], [ 19.5537378, 42.702644794392498 ], [ 19.5599709, 42.702953594392589 ], [ 19.5602039, 42.705558194393738 ], [ 19.563961, 42.704862394393444 ], [ 19.5667068, 42.703019694392616 ], [ 19.5755721, 42.702841794392555 ], [ 19.581534799999989, 42.700943894391735 ], [ 19.5913187, 42.703053594392699 ], [ 19.5940733, 42.704856294393451 ], [ 19.5992089, 42.706089294393941 ], [ 19.6139956, 42.694848694389165 ], [ 19.6174027, 42.693647294388597 ], [ 19.6219591, 42.689848894387033 ], [ 19.6284, 42.682989294384079 ], [ 19.6323719, 42.676271094381157 ], [ 19.6325473, 42.684172994384546 ], [ 19.6332802, 42.686373794385503 ], [ 19.6317758, 42.690726694387344 ], [ 19.6325962, 42.691717694387798 ], [ 19.6432458, 42.687126294385827 ], [ 19.6515884, 42.682811594383985 ], [ 19.654386, 42.683144494384116 ], [ 19.6561896, 42.684730294384785 ], [ 19.6585486, 42.689394194386843 ], [ 19.6663849, 42.696196694389748 ], [ 19.6727268, 42.697854494390398 ], [ 19.673953, 42.701046594391819 ], [ 19.676232, 42.703521594392903 ], [ 19.6806288, 42.716432494398404 ], [ 19.6850023, 42.717175794398706 ], [ 19.6896277, 42.719591794399783 ], [ 19.689884299999989, 42.721624894400662 ], [ 19.6880185, 42.728783394403678 ], [ 19.6847985, 42.733243494405578 ], [ 19.6843186, 42.73602429440681 ], [ 19.6848459, 42.738821194407961 ], [ 19.6810807, 42.747078594411526 ], [ 19.6763752, 42.750954194413239 ], [ 19.6723536, 42.757101594415801 ], [ 19.6691627, 42.759499894416869 ], [ 19.674665, 42.762444394418068 ], [ 19.68253, 42.768094194420492 ], [ 19.6806654, 42.775364894423646 ], [ 19.678532, 42.779436594425363 ], [ 19.676620899999989, 42.779936694425594 ], [ 19.6759695, 42.780685494425938 ], [ 19.6755289, 42.784159894427397 ], [ 19.6717368, 42.788603894429315 ], [ 19.6688242, 42.790195094429954 ], [ 19.6662144, 42.792761994431089 ], [ 19.6684983, 42.7982756944334 ], [ 19.6634669, 42.797744494433154 ], [ 19.6579778, 42.798603094433524 ], [ 19.6567248, 42.800010794434151 ], [ 19.6563023, 42.801743394434901 ], [ 19.6508428, 42.80656309443696 ], [ 19.6486119, 42.806824894437064 ], [ 19.6464819, 42.806381094436908 ], [ 19.6429017, 42.807401094437324 ], [ 19.6411621, 42.807276894437258 ], [ 19.6390322, 42.807930394437548 ], [ 19.6391609, 42.809328194438109 ], [ 19.6401978, 42.812509394439466 ], [ 19.6436543, 42.813527194439899 ], [ 19.6482381, 42.816408194441159 ], [ 19.6510911, 42.81961069444251 ], [ 19.6504565, 42.825454894445002 ], [ 19.6489721, 42.827624994445905 ], [ 19.6586486, 42.841661194451888 ], [ 19.6591468, 42.84916169445512 ], [ 19.660309, 42.848320094454778 ], [ 19.6627421, 42.848393594454777 ], [ 19.663757, 42.849557794455293 ], [ 19.6690972, 42.851569094456138 ], [ 19.6725748, 42.850871294455857 ], [ 19.677774, 42.851197194455999 ], [ 19.6743151, 42.855590894457862 ], [ 19.6718778, 42.861112694460175 ], [ 19.669699, 42.862559294460816 ], [ 19.6677336, 42.862617394460834 ], [ 19.665332, 42.86445739446161 ], [ 19.6630323, 42.86751839446292 ], [ 19.66006, 42.86856839446336 ], [ 19.6589654, 42.869946394463973 ], [ 19.6548973, 42.871847594464754 ], [ 19.6518611, 42.872446494465024 ], [ 19.6486896, 42.872791694465171 ], [ 19.6433232, 42.872205894464919 ], [ 19.6402758, 42.872471194465021 ], [ 19.6381099, 42.873836294465583 ], [ 19.6359453, 42.874310094465798 ], [ 19.6437923, 42.88121839446876 ], [ 19.6499339, 42.884427194470113 ], [ 19.6640581, 42.889933794472434 ], [ 19.6668253, 42.891882894473298 ], [ 19.6698984, 42.895162494474647 ], [ 19.6710238, 42.898812594476205 ], [ 19.6588816, 42.897294294475607 ], [ 19.6499167, 42.897336094475563 ], [ 19.6416327, 42.904531494478661 ], [ 19.6338659, 42.907976694480112 ], [ 19.6302107, 42.907685294479961 ], [ 19.6270446, 42.909074094480559 ], [ 19.6251518, 42.911576394481628 ], [ 19.6076877, 42.914542294482921 ], [ 19.5942748, 42.915156394483148 ], [ 19.582012, 42.918209294484456 ], [ 19.5774224, 42.918732194484697 ], [ 19.5744988, 42.915779594483411 ], [ 19.5743151, 42.913661794482522 ], [ 19.5714289, 42.915070494483111 ], [ 19.5687523, 42.918781794484715 ], [ 19.5650624, 42.919441994484991 ], [ 19.5638126, 42.918674594484678 ], [ 19.5593962, 42.918974494484793 ], [ 19.5579702, 42.916845494483873 ], [ 19.5556904, 42.914827194483024 ], [ 19.554485, 42.914528294482878 ], [ 19.5513405, 42.915438094483264 ], [ 19.5477332, 42.915455194483272 ], [ 19.5446874, 42.916591194483786 ], [ 19.5426677, 42.916025194483503 ], [ 19.5344051, 42.91234619448197 ], [ 19.5177854, 42.908749794480435 ], [ 19.5079009, 42.904853494478793 ], [ 19.50411, 42.901609394477404 ], [ 19.5028808, 42.901936094477549 ], [ 19.500075, 42.900744394477044 ], [ 19.4989384, 42.900990194477117 ], [ 19.4990102, 42.901883494477566 ], [ 19.4924035, 42.905932394479251 ], [ 19.4866419, 42.906995494479716 ], [ 19.4777733, 42.904774194478748 ], [ 19.4592022, 42.905874594479201 ], [ 19.4521465, 42.908134294480185 ], [ 19.4438777, 42.907891094480057 ], [ 19.4413191, 42.909905794480906 ], [ 19.4246822, 42.914038894482708 ], [ 19.4108952, 42.916723194483808 ], [ 19.4051433, 42.918874494484747 ], [ 19.4034193, 42.926098694487784 ], [ 19.3943896, 42.92647389448792 ], [ 19.3836998, 42.93220309449039 ], [ 19.3797447, 42.93354339449094 ], [ 19.3763375, 42.937159594492513 ], [ 19.3709929, 42.937679494492727 ], [ 19.3660196, 42.938844194493214 ] ] ] } },
{ "type": "Feature", "properties": { "admin_id": "2319532", "name_local": "Opština Kotor", "name_en": "Kotor Municipality" }, "geometry": { "type": "Polygon", "coordinates": [ [ [ 18.6868664, 42.478647994295883 ], [ 18.6849415, 42.47997529429648 ], [ 18.6745933, 42.484390094298355 ], [ 18.6714285, 42.484719394298516 ], [ 18.6676454, 42.486438794299282 ], [ 18.6653335, 42.48644419429931 ], [ 18.6619029, 42.487560594299751 ], [ 18.6596421, 42.487056694299525 ], [ 18.6581313, 42.487679394299825 ], [ 18.6565681, 42.487127894299576 ], [ 18.6529089, 42.487517194299741 ], [ 18.6525773, 42.488613294300173 ], [ 18.6505378, 42.488505294300154 ], [ 18.6492471, 42.489624594300622 ], [ 18.6505756, 42.490733494301111 ], [ 18.6504009, 42.491892294301593 ], [ 18.6519771, 42.493467494302315 ], [ 18.6520637, 42.494450094302728 ], [ 18.6539793, 42.494727994302899 ], [ 18.6555056, 42.49626509430356 ], [ 18.6569461, 42.496547494303634 ], [ 18.6581236, 42.496061194303458 ], [ 18.6586735, 42.49609649430343 ], [ 18.6592993, 42.496320694303549 ], [ 18.657706399999988, 42.496250894303543 ], [ 18.6586628, 42.496948194303805 ], [ 18.6585018, 42.4977322943042 ], [ 18.6614459, 42.500457994305322 ], [ 18.6634016, 42.500776494305498 ], [ 18.6678977, 42.504562294307178 ], [ 18.6694296, 42.504341094307001 ], [ 18.6725584, 42.505260494307443 ], [ 18.6748239, 42.504694594307161 ], [ 18.6763212, 42.505196194307409 ], [ 18.6796052, 42.510813694309832 ], [ 18.6817485, 42.511748494310268 ], [ 18.6820759, 42.513479994310963 ], [ 18.6833743, 42.513829594311133 ], [ 18.6845917, 42.515823194312027 ], [ 18.6881289, 42.517136194312556 ], [ 18.6902833, 42.517048694312528 ], [ 18.6910762, 42.515886494312021 ], [ 18.6927765, 42.515234194311759 ], [ 18.6944282, 42.516835094312405 ], [ 18.6933037, 42.515247094311739 ], [ 18.6947659, 42.513850294311133 ], [ 18.6951574, 42.513060394310799 ], [ 18.6942244, 42.513460994310954 ], [ 18.6963564, 42.509515594309271 ], [ 18.6956222, 42.507578994308481 ], [ 18.6927461, 42.505957294307706 ], [ 18.6943905, 42.503697594306743 ], [ 18.6937743, 42.502870194306382 ], [ 18.6919999, 42.5022349943061 ], [ 18.6924417, 42.500035694305147 ], [ 18.6908624, 42.495620894303215 ], [ 18.6926216, 42.490281094300933 ], [ 18.6948989, 42.488161294300014 ], [ 18.6968441, 42.487564794299729 ], [ 18.6975423, 42.486365794299211 ], [ 18.6997197, 42.485265894298777 ], [ 18.7008814, 42.48491159429858 ], [ 18.7030617, 42.485224294298753 ], [ 18.7044323, 42.484175594298286 ], [ 18.7066485, 42.484322394298374 ], [ 18.7082181, 42.483841194298108 ], [ 18.7163149, 42.483571994298032 ], [ 18.7290678, 42.484409794298372 ], [ 18.7330877, 42.483336994297879 ], [ 18.7431434, 42.485526494298867 ], [ 18.7439658, 42.486233494299135 ], [ 18.749986, 42.487981694299911 ], [ 18.753562099999989, 42.490060594300822 ], [ 18.7554948, 42.48952569430061 ], [ 18.7572375, 42.49000229430083 ], [ 18.7608288, 42.48949039430056 ], [ 18.7630857, 42.489936894300769 ], [ 18.7652527, 42.488148594299993 ], [ 18.7656693, 42.486114594299117 ], [ 18.7651265, 42.485358694298803 ], [ 18.7658258, 42.485458594298841 ], [ 18.7647543, 42.485084994298688 ], [ 18.7656842, 42.48492129429863 ], [ 18.7629548, 42.478922294295998 ], [ 18.7633459, 42.477221194295254 ], [ 18.7647427, 42.476032294294782 ], [ 18.7646217, 42.473402294293592 ], [ 18.7631642, 42.472878494293411 ], [ 18.7644847, 42.470148394292188 ], [ 18.7627381, 42.467353294291001 ], [ 18.7638279, 42.4643525942897 ], [ 18.7638646, 42.460480594288015 ], [ 18.7651307, 42.458683694287224 ], [ 18.7648293, 42.457184194286583 ], [ 18.7658439, 42.456287094286175 ], [ 18.7646917, 42.451965094284297 ], [ 18.7651942, 42.451382194284037 ], [ 18.7648401, 42.449610994283276 ], [ 18.7656353, 42.448711094282899 ], [ 18.765423, 42.446573294282018 ], [ 18.7636309, 42.443165294280455 ], [ 18.7616579, 42.441805794279873 ], [ 18.7643849, 42.437483294278003 ], [ 18.7635034, 42.436066694277407 ], [ 18.7658128, 42.43549989427715 ], [ 18.7671714, 42.433242794276204 ], [ 18.7675021, 42.429983294274777 ], [ 18.7689533, 42.42861019427415 ], [ 18.7683673, 42.428710194274174 ], [ 18.7673223, 42.427288894273616 ], [ 18.7678818, 42.42675319427336 ], [ 18.7673591, 42.425984894273029 ], [ 18.7662953, 42.426211594273127 ], [ 18.7711067, 42.423141894271787 ], [ 18.7708896, 42.422072794271308 ], [ 18.7694118, 42.422835494271645 ], [ 18.7679583, 42.422359794271429 ], [ 18.7665373, 42.42259339427153 ], [ 18.7665601, 42.421693994271138 ], [ 18.7662715, 42.422562594271533 ], [ 18.7656975, 42.421867494271204 ], [ 18.7654993, 42.422223694271395 ], [ 18.7633814, 42.421855094271244 ], [ 18.7621092, 42.422151994271381 ], [ 18.7618269, 42.42309859427175 ], [ 18.7605106, 42.423996794272149 ], [ 18.758989, 42.426141294273108 ], [ 18.7576559, 42.432380494275748 ], [ 18.757963, 42.433821694276425 ], [ 18.7537065, 42.439464794278905 ], [ 18.7549358, 42.442731494280295 ], [ 18.7533592, 42.444149694280917 ], [ 18.7536914, 42.443325294280548 ], [ 18.7522356, 42.444259094280973 ], [ 18.7528518, 42.445594394281549 ], [ 18.7547186, 42.446903494282083 ], [ 18.7543381, 42.448866294282929 ], [ 18.7504636, 42.450698694283773 ], [ 18.7476965, 42.455563094285914 ], [ 18.7427351, 42.457572994286735 ], [ 18.7417956, 42.458851694287311 ], [ 18.7382426, 42.46092259428822 ], [ 18.7342443, 42.465740394290279 ], [ 18.7315761, 42.465445594290159 ], [ 18.7285221, 42.467011894290827 ], [ 18.7274858, 42.467038894290845 ], [ 18.7253583, 42.468774194291605 ], [ 18.7222233, 42.469078394291742 ], [ 18.7196926, 42.470178294292232 ], [ 18.7169811, 42.470080294292195 ], [ 18.7143186, 42.472380394293161 ], [ 18.7093912, 42.472804594293343 ], [ 18.7063027, 42.471753394292897 ], [ 18.7049787, 42.472161294293052 ], [ 18.7037295, 42.473468794293659 ], [ 18.7024241, 42.473543594293652 ], [ 18.7010803, 42.474802494294217 ], [ 18.695688, 42.47620909429483 ], [ 18.6949071, 42.47479549429417 ], [ 18.6933466, 42.475304694294408 ], [ 18.6927178, 42.474937694294297 ], [ 18.692875, 42.473863694293826 ], [ 18.6939242, 42.472948294293424 ], [ 18.6931384, 42.471664494292888 ], [ 18.6942849, 42.469606894291978 ], [ 18.698259, 42.466748794290751 ], [ 18.7022622, 42.464901894289959 ], [ 18.7069936, 42.460838794288151 ], [ 18.7136764, 42.458833094287279 ], [ 18.7151797, 42.460209294287928 ], [ 18.7178436, 42.460412194287954 ], [ 18.7202128, 42.461510394288446 ], [ 18.7206652, 42.460669994288125 ], [ 18.7224353, 42.461236094288317 ], [ 18.7246011, 42.460742894288146 ], [ 18.7247237, 42.459186894287456 ], [ 18.7312027, 42.448439294282785 ], [ 18.7339368, 42.446402494281855 ], [ 18.736409, 42.44269089428029 ], [ 18.7446732, 42.435832694277302 ], [ 18.746015, 42.433154094276176 ], [ 18.7470794, 42.428223594274023 ], [ 18.7426704, 42.426058494273043 ], [ 18.7355955, 42.425259394272707 ], [ 18.7334488, 42.422950394271702 ], [ 18.7323201, 42.42272599427158 ], [ 18.7326527, 42.418889294269945 ], [ 18.7311393, 42.417213194269202 ], [ 18.7286795, 42.415839594268604 ], [ 18.7298311, 42.412476994267116 ], [ 18.7308911, 42.411778494266855 ], [ 18.7304394, 42.409945894266038 ], [ 18.7314308, 42.408493794265404 ], [ 18.7305302, 42.407182994264879 ], [ 18.7316831, 42.404452194263641 ], [ 18.7310555, 42.403404594263201 ], [ 18.7328942, 42.40346389426324 ], [ 18.7368238, 42.397645894260712 ], [ 18.7357933, 42.396733194260335 ], [ 18.7360208, 42.394387294259275 ], [ 18.737771, 42.392061694258288 ], [ 18.7372088, 42.387786394256388 ], [ 18.7386604, 42.385480194255393 ], [ 18.7367333, 42.384303794254876 ], [ 18.7374002, 42.383821994254667 ], [ 18.7363838, 42.383715694254619 ], [ 18.7371285, 42.382516894254131 ], [ 18.7333521, 42.37927989425269 ], [ 18.7324288, 42.379415594252755 ], [ 18.7326869, 42.378773694252466 ], [ 18.7318239, 42.378962094252557 ], [ 18.7310723, 42.378478594252371 ], [ 18.7261324, 42.382363594254024 ], [ 18.7251896, 42.382542294254108 ], [ 18.7247219, 42.3820732942539 ], [ 18.7227572, 42.383184194254397 ], [ 18.717012, 42.378772894252478 ], [ 18.7083681, 42.374474694250658 ], [ 18.7084695, 42.374069494250378 ], [ 18.7078458, 42.374441994250596 ], [ 18.7050485, 42.372487994249731 ], [ 18.6963503, 42.370595194248921 ], [ 18.6927174, 42.368778794248115 ], [ 18.6965899, 42.367966694247777 ], [ 18.6994257, 42.364492894246268 ], [ 18.7013868, 42.363306694245772 ], [ 18.7000915, 42.361557494244948 ], [ 18.7000819, 42.360207794244417 ], [ 18.7025053, 42.357384494243185 ], [ 18.7042717, 42.355965394242489 ], [ 18.7050503, 42.356053594242553 ], [ 18.7063179, 42.354607994241945 ], [ 18.7046185, 42.35310059424129 ], [ 18.6965715, 42.356773394242872 ], [ 18.6883783, 42.358261394243513 ], [ 18.6873252, 42.357039594242991 ], [ 18.6871774, 42.354916794242094 ], [ 18.6886646, 42.352848494241215 ], [ 18.6951859, 42.34957179423975 ], [ 18.6957124, 42.348957394239498 ], [ 18.6953706, 42.347844594238992 ], [ 18.6966731, 42.346096994238223 ], [ 18.6977353, 42.345707794238045 ], [ 18.6989915, 42.347141494238691 ], [ 18.7010144, 42.343823494237206 ], [ 18.7072143, 42.33994059423555 ], [ 18.7087877, 42.339870294235517 ], [ 18.7092408, 42.339048194235168 ], [ 18.7075106, 42.338286894234841 ], [ 18.7076068, 42.337495194234506 ], [ 18.7097286, 42.336176594233912 ], [ 18.7088456, 42.335922094233801 ], [ 18.7079645, 42.334377894233135 ], [ 18.7100574, 42.33213119423214 ], [ 18.7108593, 42.332142994232129 ], [ 18.7111159, 42.331004794231625 ], [ 18.714532, 42.328016994230325 ], [ 18.7136419, 42.326801594229842 ], [ 18.7105145, 42.326647494229725 ], [ 18.7093838, 42.325965694229438 ], [ 18.7088786, 42.324708794228854 ], [ 18.7074031, 42.324038794228592 ], [ 18.7070423, 42.322408394227857 ], [ 18.7092341, 42.321920494227662 ], [ 18.7106958, 42.320698094227119 ], [ 18.7120879, 42.31869999422625 ], [ 18.71535, 42.315986994225099 ], [ 18.7159033, 42.314314794224323 ], [ 18.7195359, 42.313787094224111 ], [ 18.7196642, 42.312547694223554 ], [ 18.7205623, 42.311770894223258 ], [ 18.7252615, 42.310294294222579 ], [ 18.7239223, 42.30882959422199 ], [ 18.7242678, 42.308571694221854 ], [ 18.7257185, 42.307910394221551 ], [ 18.7337514, 42.306945594221098 ], [ 18.7328079, 42.305737094220596 ], [ 18.7311662, 42.305006194220262 ], [ 18.7301466, 42.303238094219495 ], [ 18.7321636, 42.302984194219391 ], [ 18.7346098, 42.303507894219635 ], [ 18.7359437, 42.303075694219444 ], [ 18.7357754, 42.302098094219005 ], [ 18.7371134, 42.300241194218188 ], [ 18.7382499, 42.299104694217718 ], [ 18.7401206, 42.298599394217497 ], [ 18.7398868, 42.297391194216964 ], [ 18.7415741, 42.295667894216216 ], [ 18.744781, 42.294385794215628 ], [ 18.7460611, 42.292234494214739 ], [ 18.7505913, 42.290685994214058 ], [ 18.7520812, 42.290658894213983 ], [ 18.7493186, 42.289794694213633 ], [ 18.7493826, 42.288787594213247 ], [ 18.75734, 42.28398689421104 ], [ 18.7580995, 42.282939994210636 ], [ 18.7606036, 42.282628894210497 ], [ 18.7610757, 42.279783894209224 ], [ 18.7630257, 42.279922394209329 ], [ 18.7643572, 42.277424694208207 ], [ 18.7677516, 42.275606394207394 ], [ 18.7683843, 42.274547094206959 ], [ 18.7720104, 42.272776294206189 ], [ 18.7731511, 42.270059894205005 ], [ 18.7745148, 42.269050994204527 ], [ 18.7779212, 42.267465394203818 ], [ 18.780663, 42.267213494203716 ], [ 18.7825295, 42.268007894204061 ], [ 18.7832481, 42.26923069420463 ], [ 18.7871764, 42.270085794205002 ], [ 18.7864986, 42.271298894205536 ], [ 18.7871206, 42.272332894206002 ], [ 18.7851465, 42.274150894206784 ], [ 18.7856429, 42.276322494207726 ], [ 18.7847595, 42.276730594207891 ], [ 18.7862791, 42.278905794208853 ], [ 18.7860484, 42.280082594209368 ], [ 18.7848555, 42.280844394209737 ], [ 18.7851025, 42.281991794210214 ], [ 18.7903939, 42.279505194209122 ], [ 18.7924827, 42.279368394209087 ], [ 18.7940399, 42.278560394208704 ], [ 18.7962053, 42.275885994207549 ], [ 18.7998407, 42.275154194207268 ], [ 18.8045973, 42.272652794206159 ], [ 18.8051125, 42.273148294206329 ], [ 18.8032341, 42.275060194207164 ], [ 18.8029393, 42.276632094207834 ], [ 18.799338, 42.279928594209302 ], [ 18.7990743, 42.284934894211496 ], [ 18.7981274, 42.287151994212465 ], [ 18.7956675, 42.28800979421284 ], [ 18.7936864, 42.289893394213664 ], [ 18.7937726, 42.302367194219123 ], [ 18.8009772, 42.305393394220467 ], [ 18.7978503, 42.306876594221073 ], [ 18.8014642, 42.307033194221148 ], [ 18.804375, 42.308217794221669 ], [ 18.8048032, 42.307042794221132 ], [ 18.8106867, 42.309733194222318 ], [ 18.8119142, 42.309830994222381 ], [ 18.8128361, 42.310685994222759 ], [ 18.813883, 42.310180194222546 ], [ 18.8147346, 42.310563094222744 ], [ 18.8201608, 42.310492294222676 ], [ 18.821454, 42.311778794223223 ], [ 18.8209904, 42.313045194223825 ], [ 18.8221849, 42.314890194224617 ], [ 18.8121933, 42.319824494226765 ], [ 18.8097663, 42.321666294227548 ], [ 18.8088204, 42.323576694228422 ], [ 18.8071461, 42.324435894228792 ], [ 18.8080226, 42.327566294230152 ], [ 18.8076915, 42.329530594230988 ], [ 18.8030352, 42.335631394233673 ], [ 18.8025155, 42.339302794235259 ], [ 18.8006101, 42.342068594236508 ], [ 18.8013091, 42.344086594237339 ], [ 18.8009929, 42.345348494237925 ], [ 18.798069, 42.347620494238861 ], [ 18.7987455, 42.34989079423989 ], [ 18.80075, 42.351504794240611 ], [ 18.8015745, 42.354307794241812 ], [ 18.8056271, 42.354150594241752 ], [ 18.8092669, 42.354922494242068 ], [ 18.8096039, 42.356723794242853 ], [ 18.8110076, 42.355943194242556 ], [ 18.8110307, 42.356749494242877 ], [ 18.8153593, 42.352473794241014 ], [ 18.8164752, 42.352123394240849 ], [ 18.8153457, 42.35571839424243 ], [ 18.8134263, 42.358045394243447 ], [ 18.8138579, 42.358421394243607 ], [ 18.8120596, 42.359891494244245 ], [ 18.8116343, 42.361030594244724 ], [ 18.8096301, 42.361030094244761 ], [ 18.8090024, 42.36233559424533 ], [ 18.8089009, 42.363546794245842 ], [ 18.8097926, 42.364921494246474 ], [ 18.8089928, 42.373471394250181 ], [ 18.8044806, 42.374623194250667 ], [ 18.8109232, 42.380673294253306 ], [ 18.8044634, 42.387882194256434 ], [ 18.7990496, 42.387087294256069 ], [ 18.79273, 42.390624794257654 ], [ 18.7848634, 42.393557094258895 ], [ 18.779803, 42.396468694260172 ], [ 18.78392, 42.397661494260674 ], [ 18.7850331, 42.397394694260583 ], [ 18.7863547, 42.398822494261225 ], [ 18.7849776, 42.407400694264972 ], [ 18.7833822, 42.410066194266079 ], [ 18.7839458, 42.412473194267157 ], [ 18.7854204, 42.414288594267916 ], [ 18.7834204, 42.415656494268546 ], [ 18.7856429, 42.422312794271463 ], [ 18.7849286, 42.422700794271556 ], [ 18.7883391, 42.424925194272582 ], [ 18.7847686, 42.432215394275737 ], [ 18.7904845, 42.432959194276059 ], [ 18.7931129, 42.434389794276655 ], [ 18.7948579, 42.434032694276517 ], [ 18.8000959, 42.438497594278431 ], [ 18.7989287, 42.440295994279225 ], [ 18.8037392, 42.442137294280037 ], [ 18.8081689, 42.446714694282022 ], [ 18.8095493, 42.450066094283471 ], [ 18.8028288, 42.465502394290191 ], [ 18.7990145, 42.468346694291405 ], [ 18.7981125, 42.470412894292338 ], [ 18.798072300000012, 42.474066394293907 ], [ 18.8004325, 42.4768194942951 ], [ 18.8048977, 42.480065694296471 ], [ 18.7998234, 42.486891094299473 ], [ 18.7960764, 42.487101394299565 ], [ 18.7904971, 42.489856394300737 ], [ 18.7856547, 42.496200694303496 ], [ 18.7819166, 42.498151694304354 ], [ 18.7817822, 42.500141694305192 ], [ 18.7803278, 42.501140194305684 ], [ 18.7865684, 42.514776894311545 ], [ 18.7857641, 42.517236494312634 ], [ 18.7743822, 42.523050294315112 ], [ 18.7708144, 42.526960994316809 ], [ 18.7646668, 42.53614969432077 ], [ 18.7582571, 42.540219494322542 ], [ 18.7504152, 42.550879694327158 ], [ 18.7499275, 42.553636794328369 ], [ 18.741033, 42.556846694329735 ], [ 18.7415663, 42.560018694331156 ], [ 18.742277, 42.560487294331267 ], [ 18.7424168, 42.564216794332914 ], [ 18.7448018, 42.564012194332804 ], [ 18.7501554, 42.565683794333545 ], [ 18.7521894, 42.571333794335963 ], [ 18.7537732, 42.573064594336735 ], [ 18.751473, 42.575141894337612 ], [ 18.7441421, 42.573882494337099 ], [ 18.7402336, 42.575788294337919 ], [ 18.7322569, 42.577037894338467 ], [ 18.7271757, 42.578717894339164 ], [ 18.7239991, 42.583675894341312 ], [ 18.7243864, 42.584583894341691 ], [ 18.7212964, 42.58660999434256 ], [ 18.7209611, 42.589291994343775 ], [ 18.7190703, 42.591748994344755 ], [ 18.7215861, 42.594306794345918 ], [ 18.718431, 42.597234394347161 ], [ 18.7189399, 42.598268094347588 ], [ 18.7178872, 42.602984194349652 ], [ 18.7186953, 42.606065394350971 ], [ 18.7176614, 42.607800594351687 ], [ 18.7180907, 42.60852669435203 ], [ 18.7174373, 42.610009694352662 ], [ 18.7159094, 42.611243294353216 ], [ 18.7142629, 42.61154199435331 ], [ 18.7108467, 42.610719094352994 ], [ 18.7044163, 42.61432479435453 ], [ 18.7040517, 42.615360994354994 ], [ 18.7058865, 42.618431394356314 ], [ 18.7037649, 42.619631394356851 ], [ 18.7058237, 42.624670994358993 ], [ 18.7052264, 42.62823719436048 ], [ 18.702673, 42.629141194360933 ], [ 18.7023677, 42.630371694361443 ], [ 18.6940491, 42.630350294361435 ], [ 18.6861347, 42.632567694362379 ], [ 18.6808334, 42.634876094363349 ], [ 18.6617584, 42.630364294361421 ], [ 18.6500439, 42.625511094359354 ], [ 18.6488041, 42.624524294358913 ], [ 18.6489004, 42.622213494357929 ], [ 18.6431867, 42.621368694357571 ], [ 18.636023, 42.624247494358784 ], [ 18.6039608, 42.620157294357064 ], [ 18.6022805, 42.6151322943549 ], [ 18.5908399, 42.595728694346526 ], [ 18.5780659, 42.595016794346208 ], [ 18.5436033, 42.573342294336882 ], [ 18.5436638, 42.570296194335533 ], [ 18.5439999, 42.566417994333861 ], [ 18.5476774, 42.564284894332957 ], [ 18.5518086, 42.560564994331351 ], [ 18.5521653, 42.558842494330591 ], [ 18.5511132, 42.555522994329159 ], [ 18.5532258, 42.555674294329222 ], [ 18.5541924, 42.555197294328998 ], [ 18.554398599999988, 42.553947494328433 ], [ 18.557799, 42.552425094327802 ], [ 18.5626543, 42.546417894325231 ], [ 18.5666918, 42.544883794324605 ], [ 18.5706877, 42.545257994324722 ], [ 18.5777734, 42.542301294323444 ], [ 18.5883536, 42.540955294322849 ], [ 18.5895036, 42.539738294322312 ], [ 18.6054975, 42.538261394321694 ], [ 18.604731, 42.528056394317296 ], [ 18.6053866, 42.526167794316507 ], [ 18.6083963, 42.522148794314759 ], [ 18.6143859, 42.521314194314385 ], [ 18.6173361, 42.522697794314972 ], [ 18.6206736, 42.52315899431516 ], [ 18.6218655, 42.524257094315665 ], [ 18.6285704, 42.524740294315812 ], [ 18.6325337, 42.526013994316408 ], [ 18.6415926, 42.525157594316042 ], [ 18.6442745, 42.526387394316565 ], [ 18.6580863, 42.525193594316022 ], [ 18.6589374, 42.52087669431419 ], [ 18.6608397, 42.519253194313464 ], [ 18.662592, 42.51464059431148 ], [ 18.6665469, 42.511983594310323 ], [ 18.6646946, 42.512537194310575 ], [ 18.6614906, 42.512352694310486 ], [ 18.6582951, 42.51143529431009 ], [ 18.6574809, 42.510495894309713 ], [ 18.6546135, 42.509869594309443 ], [ 18.65145, 42.506914494308155 ], [ 18.650683, 42.504095994306937 ], [ 18.6459308, 42.505043394307293 ], [ 18.6446167, 42.502353694306144 ], [ 18.6414758, 42.499678194304998 ], [ 18.6377985, 42.499378394304841 ], [ 18.6342413, 42.497041194303861 ], [ 18.6257968, 42.496762794303727 ], [ 18.6179509, 42.498569294304524 ], [ 18.6089731, 42.496159294303482 ], [ 18.602464, 42.495276594303085 ], [ 18.5965169, 42.493471694302336 ], [ 18.5922882, 42.495633394303248 ], [ 18.5810971, 42.492588694301965 ], [ 18.584257699999988, 42.481150094296993 ], [ 18.5890921, 42.482448294297555 ], [ 18.5916782, 42.481311494297032 ], [ 18.5942178, 42.481458994297121 ], [ 18.5970687, 42.480726794296793 ], [ 18.6013231, 42.4774580942954 ], [ 18.604114599999988, 42.474010494293886 ], [ 18.6128213, 42.474447594294034 ], [ 18.61522, 42.475093194294374 ], [ 18.6189433, 42.474242194293986 ], [ 18.6214428, 42.473027094293471 ], [ 18.6315683, 42.474321594294011 ], [ 18.6351853, 42.475748694294616 ], [ 18.6371533, 42.477717694295478 ], [ 18.6389845, 42.477792294295504 ], [ 18.6406886, 42.476640194295051 ], [ 18.6410315, 42.475509694294509 ], [ 18.6431325, 42.474804794294215 ], [ 18.6495583, 42.474019694293922 ], [ 18.6512192, 42.474514694294058 ], [ 18.6547285, 42.473886294293841 ], [ 18.66025, 42.474517994294089 ], [ 18.6672981, 42.476424994294931 ], [ 18.6729968, 42.476423894294904 ], [ 18.6809962, 42.478693794295936 ], [ 18.6846688, 42.478102294295631 ], [ 18.6854284, 42.478716394295922 ], [ 18.6862281, 42.478266394295702 ], [ 18.6868664, 42.478647994295883 ] ] ] } },
{ "type": "Feature", "properties": { "admin_id": "2319533", "name_local": "Opština Mojkovac", "name_en": "Mojkovac Municipality" }, "geometry": { "type": "Polygon", "coordinates": [ [ [ 19.3365282, 42.993795794516465 ], [ 19.3273909, 43.002654194520211 ], [ 19.3269233, 43.006661194521925 ], [ 19.3298942, 43.010395394523464 ], [ 19.3315391, 43.014661194525253 ], [ 19.3369559, 43.017358394526404 ], [ 19.3424185, 43.017117794526342 ], [ 19.340532, 43.020879294527901 ], [ 19.3431571, 43.022902694528725 ], [ 19.347035, 43.028185194530977 ], [ 19.3523132, 43.030465994531951 ], [ 19.3572967, 43.029283494531462 ], [ 19.3706692, 43.033505194533184 ], [ 19.3771576, 43.038963994535557 ], [ 19.3807003, 43.042788894537154 ], [ 19.3842099, 43.045121694538125 ], [ 19.3886635, 43.045791994538412 ], [ 19.3877149, 43.047392294539065 ], [ 19.3880316, 43.050758694540527 ], [ 19.3871424, 43.056932094543107 ], [ 19.3844764, 43.060992594544821 ], [ 19.3835721, 43.06360349454588 ], [ 19.38646, 43.06645719454712 ], [ 19.3859948, 43.07107739454905 ], [ 19.3865787, 43.071147894549078 ], [ 19.3876248, 43.069866294548554 ], [ 19.4079957, 43.069911594548557 ], [ 19.4080719, 43.06822799454784 ], [ 19.4206818, 43.067651194547629 ], [ 19.4299684, 43.067282994547476 ], [ 19.4338896, 43.069206294548238 ], [ 19.4354577, 43.06752339454755 ], [ 19.4407598, 43.066305694547061 ], [ 19.4497789, 43.061320294544963 ], [ 19.4679964, 43.057833294543485 ], [ 19.4668446, 43.056767994543051 ], [ 19.4654213, 43.056650194542968 ], [ 19.465135, 43.055176794542341 ], [ 19.4669817, 43.053834394541802 ], [ 19.4733566, 43.052224094541089 ], [ 19.4744091, 43.050812694540546 ], [ 19.477481, 43.051086294540646 ], [ 19.4772684, 43.051992194541036 ], [ 19.4795073, 43.052021894541021 ], [ 19.4752894, 43.054968094542261 ], [ 19.4761118, 43.055675694542558 ], [ 19.4743648, 43.057325694543252 ], [ 19.4754225, 43.060038294544434 ], [ 19.4789574, 43.058488094543776 ], [ 19.4859211, 43.060578694544667 ], [ 19.4878883, 43.060759494544762 ], [ 19.4909326, 43.059664594544294 ], [ 19.4955043, 43.059908094544369 ], [ 19.4995077, 43.061474994545044 ], [ 19.5093484, 43.058619994543825 ], [ 19.5097367, 43.057808794543497 ], [ 19.5110681, 43.057547794543332 ], [ 19.5191039, 43.051719194540901 ], [ 19.5254516, 43.050631194540443 ], [ 19.5316046, 43.048231794539447 ], [ 19.5361865, 43.045417894538268 ], [ 19.5384524, 43.045139894538131 ], [ 19.5420157, 43.040864594536366 ], [ 19.5476929, 43.037144294534798 ], [ 19.5475728, 43.036397294534467 ], [ 19.5536365, 43.033251794533093 ], [ 19.5570226, 43.027390594530665 ], [ 19.5602218, 43.028068094530944 ], [ 19.5621091, 43.026060594530087 ], [ 19.5634501, 43.02617049453012 ], [ 19.5635346, 43.024716494529542 ], [ 19.568462, 43.024913694529623 ], [ 19.5714042, 43.022170894528422 ], [ 19.575092, 43.021661094528248 ], [ 19.5769002, 43.02215999452843 ], [ 19.5781434, 43.021564694528152 ], [ 19.5816842, 43.022610194528667 ], [ 19.5827472, 43.023921994529225 ], [ 19.5823411, 43.026417694530231 ], [ 19.5897585, 43.025514694529868 ], [ 19.5962236, 43.026444794530271 ], [ 19.5981201, 43.025965194530045 ], [ 19.6004861, 43.026202694530127 ], [ 19.6035924, 43.025150694529664 ], [ 19.606718, 43.021114894527983 ], [ 19.6087828, 43.021978694528343 ], [ 19.6142564, 43.022927494528794 ], [ 19.6207721, 43.022498094528579 ], [ 19.6210567, 43.023500994529009 ], [ 19.6227729, 43.023439794528983 ], [ 19.6241369, 43.025009094529629 ], [ 19.6219591, 43.026899794530486 ], [ 19.6227004, 43.02892409453127 ], [ 19.62309, 43.028303994531022 ], [ 19.624236, 43.029043094531353 ], [ 19.625182, 43.028953694531332 ], [ 19.6273399, 43.02748429453068 ], [ 19.6250112, 43.024929294529606 ], [ 19.6261777, 43.024764994529534 ], [ 19.6272003, 43.023859194529187 ], [ 19.6309717, 43.023825094529158 ], [ 19.6304062, 43.023036294528822 ], [ 19.6308046, 43.02255319452857 ], [ 19.6289405, 43.022223994528453 ], [ 19.6279518, 43.020585094527782 ], [ 19.6258229, 43.020047794527592 ], [ 19.6269777, 43.018292094526799 ], [ 19.6288693, 43.017022694526254 ], [ 19.628736, 43.016535094526063 ], [ 19.6347297, 43.015683694525677 ], [ 19.6366415, 43.014509994525199 ], [ 19.6400074, 43.014561294525237 ], [ 19.6411606, 43.015121194525499 ], [ 19.6417328, 43.013948894524951 ], [ 19.644284, 43.012718694524459 ], [ 19.6463059, 43.010392794523426 ], [ 19.6469822, 43.00892739452285 ], [ 19.645119, 43.008258994522606 ], [ 19.6465734, 43.005308794521333 ], [ 19.6466212, 43.000594994519318 ], [ 19.6474639, 42.999061394518662 ], [ 19.6478951, 42.994953494516963 ], [ 19.6487314, 42.994236294516668 ], [ 19.6483628, 42.990854594515177 ], [ 19.6457506, 42.986609794513392 ], [ 19.6457491, 42.985332794512892 ], [ 19.6464961, 42.984634894512581 ], [ 19.6443394, 42.981484094511252 ], [ 19.6421549, 42.979881894510577 ], [ 19.6405886, 42.97776239450971 ], [ 19.6396821, 42.97504649450854 ], [ 19.6404991, 42.974773794508408 ], [ 19.6387775, 42.973729594507958 ], [ 19.639452, 42.973230194507813 ], [ 19.6390485, 42.971590894507074 ], [ 19.6346805, 42.970229694506457 ], [ 19.6281609, 42.964277894504008 ], [ 19.6276779, 42.963282794503549 ], [ 19.6279363, 42.955433294500203 ], [ 19.6286425, 42.953957794499587 ], [ 19.6361704, 42.952316394498872 ], [ 19.6400157, 42.949703294497802 ], [ 19.6422212, 42.948925694497461 ], [ 19.6556626, 42.94623989449633 ], [ 19.6640571, 42.943370194495081 ], [ 19.6794915, 42.933078894490755 ], [ 19.6785048, 42.928059194488647 ], [ 19.6757082, 42.925058894487357 ], [ 19.676434, 42.922594094486286 ], [ 19.6758941, 42.920299994485333 ], [ 19.6781916, 42.917918194484344 ], [ 19.6750506, 42.91542559448326 ], [ 19.6734193, 42.912432294482002 ], [ 19.6727677, 42.908525894480327 ], [ 19.6738937, 42.905765094479158 ], [ 19.6722088, 42.904008294478416 ], [ 19.6722278, 42.899064994476348 ], [ 19.6588816, 42.897294294475607 ], [ 19.6499167, 42.897336094475563 ], [ 19.6416327, 42.904531494478661 ], [ 19.6338659, 42.907976694480112 ], [ 19.6302107, 42.907685294479961 ], [ 19.6270446, 42.909074094480559 ], [ 19.6251518, 42.911576394481628 ], [ 19.6076877, 42.914542294482921 ], [ 19.5942748, 42.915156394483148 ], [ 19.582012, 42.918209294484456 ], [ 19.5774224, 42.918732194484697 ], [ 19.5744988, 42.915779594483411 ], [ 19.5743151, 42.913661794482522 ], [ 19.5714289, 42.915070494483111 ], [ 19.5687523, 42.918781794484715 ], [ 19.5650624, 42.919441994484991 ], [ 19.5638126, 42.918674594484678 ], [ 19.5593962, 42.918974494484793 ], [ 19.5579702, 42.916845494483873 ], [ 19.5556904, 42.914827194483024 ], [ 19.554485, 42.914528294482878 ], [ 19.5513405, 42.915438094483264 ], [ 19.5477332, 42.915455194483272 ], [ 19.5446874, 42.916591194483786 ], [ 19.5366183, 42.91366579448254 ], [ 19.5344051, 42.91234619448197 ], [ 19.5177854, 42.908749794480435 ], [ 19.5079009, 42.904853494478793 ], [ 19.50411, 42.901609394477404 ], [ 19.5028808, 42.901936094477549 ], [ 19.500075, 42.900744394477044 ], [ 19.4989384, 42.900990194477117 ], [ 19.4990102, 42.901883494477566 ], [ 19.4924035, 42.905932394479251 ], [ 19.4887658, 42.906711594479567 ], [ 19.4853185, 42.90678259447963 ], [ 19.4777733, 42.904774194478748 ], [ 19.4592022, 42.905874594479201 ], [ 19.4521465, 42.908134294480185 ], [ 19.4438777, 42.907891094480057 ], [ 19.4413191, 42.909905794480906 ], [ 19.4246822, 42.914038894482708 ], [ 19.4108952, 42.916723194483808 ], [ 19.4051433, 42.918874494484747 ], [ 19.4034193, 42.926098694487784 ], [ 19.3943896, 42.92647389448792 ], [ 19.3836998, 42.93220309449039 ], [ 19.3797447, 42.93354339449094 ], [ 19.3763375, 42.937159594492513 ], [ 19.3709929, 42.937679494492727 ], [ 19.3660196, 42.938844194493214 ], [ 19.367275, 42.94255439449482 ], [ 19.3693411, 42.94509749449584 ], [ 19.3695715, 42.946293094496333 ], [ 19.3680481, 42.953779394499527 ], [ 19.3581364, 42.958754994501646 ], [ 19.3489632, 42.961602594502814 ], [ 19.3473625, 42.963012394503444 ], [ 19.3451295, 42.96616289450477 ], [ 19.3486494, 42.972562294507512 ], [ 19.3489446, 42.976731494509252 ], [ 19.3476497, 42.984150594512386 ], [ 19.3445067, 42.989708394514729 ], [ 19.3365282, 42.993795794516465 ] ] ] } },
{ "type": "Feature", "properties": { "admin_id": "2319534", "name_local": "Opština Nikšić", "name_en": "Nikšić Municipality" }, "geometry": { "type": "Polygon", "coordinates": [ [ [ 18.9572408, 42.602840094349574 ], [ 18.9554991, 42.603952294350059 ], [ 18.9525472, 42.604752194350382 ], [ 18.9510513, 42.605947594350894 ], [ 18.9499037, 42.607984194351765 ], [ 18.9499828, 42.609903994352649 ], [ 18.948639, 42.611688294353407 ], [ 18.9484566, 42.613829094354287 ], [ 18.9462543, 42.617095694355676 ], [ 18.944401, 42.618383094356311 ], [ 18.9429064, 42.618150494356186 ], [ 18.9412105, 42.619130394356596 ], [ 18.9415548, 42.620681894357261 ], [ 18.9388101, 42.622013094357818 ], [ 18.9388204, 42.6228659943582 ], [ 18.9373321, 42.623928394358693 ], [ 18.9384363, 42.625939494359557 ], [ 18.9407262, 42.626846094359934 ], [ 18.9433903, 42.626923494359943 ], [ 18.9439204, 42.627667094360284 ], [ 18.9399539, 42.627637494360272 ], [ 18.9391948, 42.629954294361283 ], [ 18.9372082, 42.631888494362116 ], [ 18.9373127, 42.634299294363153 ], [ 18.9347398, 42.634861494363385 ], [ 18.930493, 42.63485739436338 ], [ 18.9240545, 42.638638494364969 ], [ 18.9239153, 42.6396378943654 ], [ 18.9259832, 42.64052949436585 ], [ 18.9265063, 42.642373394366594 ], [ 18.9258202, 42.643369694367031 ], [ 18.9263747, 42.644448294367479 ], [ 18.92515, 42.645901294368137 ], [ 18.919743, 42.647178294368679 ], [ 18.9137739, 42.646881694368531 ], [ 18.910428, 42.650218794369962 ], [ 18.9089659, 42.653525994371392 ], [ 18.9061774, 42.656914494372877 ], [ 18.9054106, 42.656372394372639 ], [ 18.9051176, 42.657327194373046 ], [ 18.9035129, 42.658416694373528 ], [ 18.9039972, 42.658734394373596 ], [ 18.9006208, 42.660724494374534 ], [ 18.8993223, 42.663459594375695 ], [ 18.895288, 42.66627669437689 ], [ 18.8946728, 42.667445194377407 ], [ 18.8916779, 42.668705794377914 ], [ 18.8837307, 42.674776594380518 ], [ 18.8816402, 42.677428494381701 ], [ 18.8803097, 42.681065694383193 ], [ 18.8779231, 42.683387594384264 ], [ 18.8774565, 42.687094394385838 ], [ 18.8735384, 42.688263494386334 ], [ 18.8703531, 42.691824494387824 ], [ 18.8676695, 42.693276394388434 ], [ 18.8670397, 42.695567894389441 ], [ 18.8644071, 42.695717294389489 ], [ 18.8588368, 42.694916694389157 ], [ 18.8513762, 42.695084894389225 ], [ 18.848182, 42.695389494389374 ], [ 18.842417, 42.697061194390081 ], [ 18.8395988, 42.697025694390078 ], [ 18.8292934, 42.695190994389293 ], [ 18.8103799, 42.69470959438911 ], [ 18.803836, 42.692164794387992 ], [ 18.7991773, 42.692119794387949 ], [ 18.7875531, 42.694222694388856 ], [ 18.7772266, 42.69738999439025 ], [ 18.7648778, 42.703413694392786 ], [ 18.7636576, 42.705222894393572 ], [ 18.7633938, 42.708163294394851 ], [ 18.7579144, 42.708547294395011 ], [ 18.7488298, 42.711988094396482 ], [ 18.7459217, 42.712449494396687 ], [ 18.7427388, 42.711427494396233 ], [ 18.7423464, 42.710861294396011 ], [ 18.7458796, 42.708942494395195 ], [ 18.7431447, 42.705958494393933 ], [ 18.7439329, 42.70380469439295 ], [ 18.7507948, 42.700852894391694 ], [ 18.754361, 42.701714094392109 ], [ 18.7550426, 42.701393594391924 ], [ 18.7543131, 42.697764694390415 ], [ 18.7520846, 42.694145594388843 ], [ 18.7485989, 42.692809794388282 ], [ 18.7439552, 42.694925594389161 ], [ 18.7406572, 42.694946994389198 ], [ 18.7381284, 42.6984390943907 ], [ 18.7374055, 42.69888619439088 ], [ 18.7367596, 42.698605994390775 ], [ 18.7336311, 42.694865894389153 ], [ 18.7334021, 42.693603494388611 ], [ 18.7359338, 42.690364294387216 ], [ 18.7363848, 42.688655094386526 ], [ 18.7343633, 42.687941294386221 ], [ 18.7285767, 42.68756759438601 ], [ 18.7220232, 42.680152094382827 ], [ 18.7172621, 42.675789994380985 ], [ 18.7155126, 42.672609494379614 ], [ 18.7163392, 42.670013294378478 ], [ 18.718277, 42.667252094377311 ], [ 18.7239394, 42.660801994374509 ], [ 18.7243673, 42.65710229437294 ], [ 18.7229947, 42.649495894369672 ], [ 18.72438, 42.647148894368641 ], [ 18.7286832, 42.643233894366936 ], [ 18.7288981, 42.642094994366452 ], [ 18.7287305, 42.640993494365972 ], [ 18.7264277, 42.638037994364751 ], [ 18.7199904, 42.636498794364044 ], [ 18.7164625, 42.634877894363377 ], [ 18.7131569, 42.630221994361371 ], [ 18.7062626, 42.6297908943612 ], [ 18.7047183, 42.629452794361036 ], [ 18.7041563, 42.628950694360846 ], [ 18.7045885, 42.628463194360599 ], [ 18.702673, 42.629141194360933 ], [ 18.7023677, 42.630371694361443 ], [ 18.6940491, 42.630350294361435 ], [ 18.6801959, 42.63481889436337 ], [ 18.6617584, 42.630364294361421 ], [ 18.6500439, 42.625511094359354 ], [ 18.6488041, 42.624524294358913 ], [ 18.6489004, 42.622213494357929 ], [ 18.6431867, 42.621368694357571 ], [ 18.636023, 42.624247494358784 ], [ 18.6039608, 42.620157294357064 ], [ 18.6022805, 42.6151322943549 ], [ 18.5908399, 42.595728694346526 ], [ 18.5780659, 42.595016794346208 ], [ 18.5560986, 42.581166494340223 ], [ 18.5542346, 42.581797794340503 ], [ 18.5496514, 42.593489094345543 ], [ 18.5476808, 42.59537929434638 ], [ 18.5443767, 42.59647819434683 ], [ 18.5435841, 42.598019694347521 ], [ 18.5407341, 42.598775994347811 ], [ 18.5393407, 42.599635894348218 ], [ 18.5389642, 42.600617494348612 ], [ 18.5343513, 42.602616994349468 ], [ 18.5311317, 42.610792894353004 ], [ 18.5202943, 42.618395494356307 ], [ 18.5284716, 42.630895294361629 ], [ 18.5313428, 42.632717794362456 ], [ 18.5364237, 42.634633394363291 ], [ 18.5376201, 42.636818194364253 ], [ 18.5432639, 42.638019194364738 ], [ 18.5515961, 42.641239194366101 ], [ 18.5587382, 42.642718994366732 ], [ 18.5655151, 42.643547294367146 ], [ 18.5748957, 42.642750094366761 ], [ 18.5690618, 42.656114494372488 ], [ 18.5646635, 42.65672519437274 ], [ 18.5642835, 42.661856394374993 ], [ 18.5631294, 42.66185899437496 ], [ 18.5602441, 42.664058294375927 ], [ 18.5561665, 42.665937594376715 ], [ 18.555649, 42.666954794377205 ], [ 18.5538363, 42.667523794377409 ], [ 18.5524394, 42.669828994378392 ], [ 18.5488082, 42.671965994379292 ], [ 18.5506947, 42.675618494380899 ], [ 18.550426, 42.677389094381695 ], [ 18.5493412, 42.677659894381776 ], [ 18.5500596, 42.678803894382241 ], [ 18.5489969, 42.680004094382774 ], [ 18.5494262, 42.68126379438332 ], [ 18.5486275, 42.682427794383784 ], [ 18.5491869, 42.684533294384728 ], [ 18.5463861, 42.688618894386458 ], [ 18.5475965, 42.690134494387131 ], [ 18.5454496, 42.692151494387986 ], [ 18.5479828, 42.692172894388051 ], [ 18.5512217, 42.690169894387161 ], [ 18.551988, 42.69036919438728 ], [ 18.5547746, 42.698091694390513 ], [ 18.5579386, 42.699570494391182 ], [ 18.5614044, 42.702630794392469 ], [ 18.5616173, 42.704244294393156 ], [ 18.5606321, 42.705707794393817 ], [ 18.5611564, 42.70647319439415 ], [ 18.5610173, 42.709918794395634 ], [ 18.564662, 42.712057594396548 ], [ 18.5652239, 42.713708494397238 ], [ 18.5699214, 42.71971899439982 ], [ 18.5573772, 42.721905394400764 ], [ 18.5345624, 42.722556794401001 ], [ 18.5279756, 42.723880294401567 ], [ 18.5198546, 42.728718994403664 ], [ 18.5138588, 42.734715194406235 ], [ 18.5018814, 42.735148194406371 ], [ 18.4988062, 42.735949294406787 ], [ 18.4961398, 42.735878794406709 ], [ 18.4981804, 42.740288394408623 ], [ 18.4979367, 42.743481394410054 ], [ 18.4972644, 42.744225394410307 ], [ 18.49168, 42.747845594411842 ], [ 18.47558, 42.753924694414415 ], [ 18.4730484, 42.756130394415436 ], [ 18.4711047, 42.7595894944169 ], [ 18.4708026, 42.771869494422127 ], [ 18.4673662, 42.783215294427016 ], [ 18.4626678, 42.789603294429668 ], [ 18.4615183, 42.796165194432533 ], [ 18.4597202, 42.800677394434409 ], [ 18.4503926, 42.816785694441286 ], [ 18.4601977, 42.822036794443562 ], [ 18.4761138, 42.828351694446241 ], [ 18.4655224, 42.838561794450577 ], [ 18.4664, 42.840436694451384 ], [ 18.4654006, 42.844893194453277 ], [ 18.4666081, 42.845733894453637 ], [ 18.4660398, 42.84689069445416 ], [ 18.4675263, 42.848638894454886 ], [ 18.4681605, 42.852618694456552 ], [ 18.4693426, 42.85451919445736 ], [ 18.4747711, 42.85875899445918 ], [ 18.4766077, 42.861882794460527 ], [ 18.4780818, 42.862720094460904 ], [ 18.480123, 42.862475594460761 ], [ 18.482193, 42.860997694460153 ], [ 18.4864836, 42.861816394460504 ], [ 18.4913743, 42.864843394461765 ], [ 18.4911768, 42.877118994467018 ], [ 18.4889445, 42.880063494468224 ], [ 18.509238, 42.886635894471034 ], [ 18.5040835, 42.89267249447358 ], [ 18.4994565, 42.905576194479096 ], [ 18.4946977, 42.915378594483286 ], [ 18.4885757, 42.923499794486709 ], [ 18.4825489, 42.928354194488747 ], [ 18.4854449, 42.934441694491326 ], [ 18.4852404, 42.935245394491695 ], [ 18.4842897, 42.935526494491818 ], [ 18.4843209, 42.937087294492471 ], [ 18.4860903, 42.938583194493113 ], [ 18.4845695, 42.943055794494981 ], [ 18.4862031, 42.95848869450149 ], [ 18.4855633, 42.959073494501745 ], [ 18.486598, 42.961748994502926 ], [ 18.4859451, 42.963423994503614 ], [ 18.4929425, 42.97788009450975 ], [ 18.4941195, 42.986461094513366 ], [ 18.4982188, 42.995664294517262 ], [ 18.5104355, 42.999285794518798 ], [ 18.5120495, 43.006463594521783 ], [ 18.5132405, 43.007869794522371 ], [ 18.5187003, 43.019947194527489 ], [ 18.5352294, 43.028125494530961 ], [ 18.5358423, 43.033601494533258 ], [ 18.5437499, 43.032316194532768 ], [ 18.5921072, 43.03283149453295 ], [ 18.6136833, 43.029089394531375 ], [ 18.6230307, 43.029458694531499 ], [ 18.642862, 43.035265494533945 ], [ 18.6448015, 43.035113094533898 ], [ 18.6528147, 43.037873794535066 ], [ 18.6567995, 43.037462394534913 ], [ 18.6578065, 43.037992494535096 ], [ 18.6606944, 43.03733319453481 ], [ 18.6598212, 43.04301009453723 ], [ 18.6605151, 43.043611594537516 ], [ 18.6597217, 43.044059694537673 ], [ 18.6598836, 43.047432194539098 ], [ 18.6589793, 43.048617994539619 ], [ 18.6597556, 43.05042419454039 ], [ 18.6584823, 43.06109979454488 ], [ 18.659032, 43.064125794546101 ], [ 18.6584424, 43.064271094546235 ], [ 18.6585591, 43.065373194546652 ], [ 18.6595321, 43.067277994547453 ], [ 18.6571874, 43.07009549454861 ], [ 18.6600074, 43.071020594549019 ], [ 18.6585506, 43.072086294549493 ], [ 18.6587803, 43.073350894549982 ], [ 18.656882299999989, 43.074143094550358 ], [ 18.6578595, 43.075132694550739 ], [ 18.6567905, 43.08278439455399 ], [ 18.6562505, 43.092285994558011 ], [ 18.6567799, 43.092961294558251 ], [ 18.6555042, 43.095230694559227 ], [ 18.6561474, 43.102004894562107 ], [ 18.6539626, 43.10391309456287 ], [ 18.6549372, 43.10590159456369 ], [ 18.6537364, 43.106578394564004 ], [ 18.6520959, 43.117125394568426 ], [ 18.6522097, 43.120172394569693 ], [ 18.6531368, 43.120702594569927 ], [ 18.654745, 43.119465994569417 ], [ 18.6652213, 43.115738194567832 ], [ 18.668826, 43.115720994567845 ], [ 18.6711231, 43.113511294566877 ], [ 18.6780516, 43.109889594565409 ], [ 18.6857704, 43.108654494564867 ], [ 18.686584, 43.101912094562003 ], [ 18.6855307, 43.099396294560954 ], [ 18.6859883, 43.09865339456065 ], [ 18.6889243, 43.097823394560308 ], [ 18.6894449, 43.097210794560041 ], [ 18.6909077, 43.097463894560185 ], [ 18.6959416, 43.095994994559526 ], [ 18.7038667, 43.101062494561646 ], [ 18.7144832, 43.106601794563979 ], [ 18.722078, 43.108299894564709 ], [ 18.7292716, 43.104041394562877 ], [ 18.7308491, 43.102384994562208 ], [ 18.7349362, 43.101022894561659 ], [ 18.7375729, 43.096897794559943 ], [ 18.7377588, 43.095022194559135 ], [ 18.7397968, 43.093601694558522 ], [ 18.740725, 43.091984394557848 ], [ 18.7454052, 43.089036594556632 ], [ 18.748657, 43.085530894555141 ], [ 18.7493317, 43.082265694553776 ], [ 18.7508413, 43.081542094553484 ], [ 18.7520364, 43.080063094552848 ], [ 18.7547446, 43.079640494552656 ], [ 18.7566312, 43.078092894551993 ], [ 18.7588545, 43.073256794549977 ], [ 18.7597862, 43.067209194547431 ], [ 18.7650214, 43.065636294546749 ], [ 18.7707868, 43.057034794543114 ], [ 18.7788343, 43.038307394535273 ], [ 18.7823312, 43.034602894533705 ], [ 18.7823865, 43.032147194532655 ], [ 18.7857421, 43.026380394530243 ], [ 18.7879477, 43.013718994524893 ], [ 18.7937686, 43.005649394521441 ], [ 18.7972963, 43.005862194521576 ], [ 18.8033415, 43.003494994520544 ], [ 18.8061648, 43.0014089945197 ], [ 18.8077811, 42.994017194516573 ], [ 18.8103425, 42.990837194515215 ], [ 18.8136426, 42.989327694514557 ], [ 18.8155951, 42.986534294513405 ], [ 18.8221341, 42.979965094510618 ], [ 18.8419519, 42.970682494506683 ], [ 18.8465519, 42.969826894506319 ], [ 18.8511782, 42.967532394505355 ], [ 18.8558095, 42.963712094503762 ], [ 18.8579379, 42.96338969450359 ], [ 18.8665987, 42.957739594501199 ], [ 18.8699791, 42.956946694500857 ], [ 18.875874, 42.953784394499557 ], [ 18.8818504, 42.953171394499293 ], [ 18.8848672, 42.953933594499588 ], [ 18.8894461, 42.951846894498715 ], [ 18.8904887, 42.95050589449815 ], [ 18.8949357, 42.9516746944986 ], [ 18.8994577, 42.95461339449988 ], [ 18.9039766, 42.954876894500011 ], [ 18.9129673, 42.950873094498313 ], [ 18.9153654, 42.950585694498166 ], [ 18.9169163, 42.951315794498456 ], [ 18.9180838, 42.950813894498275 ], [ 18.9208507, 42.950839694498313 ], [ 18.9217331, 42.95132249449847 ], [ 18.922745, 42.950777794498244 ], [ 18.9246682, 42.952297394498906 ], [ 18.9279302, 42.953374294499362 ], [ 18.9291395, 42.954629194499873 ], [ 18.9331679, 42.953080594499255 ], [ 18.9315223, 42.952966694499167 ], [ 18.933892, 42.952475894499003 ], [ 18.9369517, 42.952708794499081 ], [ 18.9373283, 42.953948794499574 ], [ 18.9379901, 42.954042294499622 ], [ 18.9412569, 42.953174694499268 ], [ 18.9447955, 42.952976294499194 ], [ 18.948444, 42.949903894497929 ], [ 18.9523666, 42.949397594497711 ], [ 18.954315, 42.948219794497149 ], [ 18.9545254, 42.948701694497359 ], [ 18.9589415, 42.947100594496696 ], [ 18.9650564, 42.94716729449673 ], [ 18.9670283, 42.947869594497021 ], [ 18.9712259, 42.947157394496735 ], [ 18.9725098, 42.947574894496917 ], [ 18.9788474, 42.943626694495237 ], [ 18.9819482, 42.940746494494007 ], [ 18.9879284, 42.939218094493349 ], [ 18.997464, 42.935268294491678 ], [ 19.0038674, 42.937724794492738 ], [ 19.0094519, 42.936118694492073 ], [ 19.0169122, 42.936566494492233 ], [ 19.0183853, 42.933591494491004 ], [ 19.0218154, 42.931427194490034 ], [ 19.0228437, 42.927350494488309 ], [ 19.0261477, 42.923794794486817 ], [ 19.0342009, 42.920877994485586 ], [ 19.0364621, 42.921100894485676 ], [ 19.037926, 42.922331694486218 ], [ 19.0413647, 42.921790194485972 ], [ 19.0430492, 42.922727294486393 ], [ 19.0486248, 42.921011094485635 ], [ 19.0517534, 42.919055194484841 ], [ 19.0541285, 42.918772094484673 ], [ 19.0555211, 42.916792994483849 ], [ 19.0592291, 42.916340794483624 ], [ 19.0621616, 42.914622494482941 ], [ 19.0690984, 42.907318194479807 ], [ 19.077672, 42.904022994478439 ], [ 19.0876963, 42.897294594475596 ], [ 19.0942982, 42.894444094474366 ], [ 19.0944662, 42.893217294473843 ], [ 19.0985759, 42.892005594473318 ], [ 19.0998749, 42.892933494473709 ], [ 19.1015613, 42.891249094472997 ], [ 19.1014375, 42.890354494472625 ], [ 19.1059614, 42.888808694471955 ], [ 19.1068729, 42.886786394471102 ], [ 19.1087122, 42.886125194470821 ], [ 19.1129917, 42.886522194470984 ], [ 19.1116866, 42.884794394470241 ], [ 19.1210515, 42.878375894467545 ], [ 19.1226864, 42.877439594467177 ], [ 19.128487, 42.876063094466573 ], [ 19.1370353, 42.871664294464694 ], [ 19.1406783, 42.868891194463529 ], [ 19.1428736, 42.868149694463199 ], [ 19.1388367, 42.863821494461334 ], [ 19.1450991, 42.863307294461137 ], [ 19.1466728, 42.862538994460756 ], [ 19.1459353, 42.861320294460292 ], [ 19.1477501, 42.859545994459559 ], [ 19.1512216, 42.858542194459147 ], [ 19.1585609, 42.855112994457642 ], [ 19.161522699999988, 42.851563894456149 ], [ 19.1647183, 42.849139594455103 ], [ 19.1642607, 42.848999994455035 ], [ 19.1648405, 42.848191394454695 ], [ 19.1677454, 42.847220794454252 ], [ 19.1710946, 42.84791799445459 ], [ 19.17665, 42.852428394456489 ], [ 19.1845351, 42.854782594457546 ], [ 19.188415, 42.857756194458766 ], [ 19.1900499, 42.857914794458814 ], [ 19.1960087, 42.861999294460595 ], [ 19.1974691, 42.860706094460028 ], [ 19.2053714, 42.859382594459476 ], [ 19.2100632, 42.857405294458623 ], [ 19.2151197, 42.852166794456423 ], [ 19.2183847, 42.850223094455565 ], [ 19.2221367, 42.849408194455165 ], [ 19.2258835, 42.846872994454166 ], [ 19.2301092, 42.847331594454324 ], [ 19.2296629, 42.844029294452923 ], [ 19.2311403, 42.843006294452451 ], [ 19.2362181, 42.841720894451939 ], [ 19.2380116, 42.840268394451343 ], [ 19.241734399999988, 42.840707194451518 ], [ 19.2464534, 42.83988209445112 ], [ 19.2484102, 42.838525394450578 ], [ 19.2524942, 42.837557994450151 ], [ 19.2442268, 42.828442294446241 ], [ 19.2461404, 42.824905494444792 ], [ 19.2476458, 42.823648094444216 ], [ 19.2351779, 42.820148994442739 ], [ 19.230159, 42.817367194441566 ], [ 19.2278811, 42.812877194439658 ], [ 19.2264165, 42.812539394439469 ], [ 19.2262337, 42.811584594439125 ], [ 19.2213769, 42.806945894437114 ], [ 19.2174818, 42.805218494436367 ], [ 19.2164644, 42.804179594435929 ], [ 19.2153648, 42.800349994434299 ], [ 19.219117199999989, 42.798523394433516 ], [ 19.2184558, 42.798017594433318 ], [ 19.2206149, 42.796692794432751 ], [ 19.2230977, 42.795918494432414 ], [ 19.2238542, 42.79426529443171 ], [ 19.2222457, 42.792065894430749 ], [ 19.2195268, 42.790068194429892 ], [ 19.2188699, 42.785844594428099 ], [ 19.2173136, 42.785797294428079 ], [ 19.2173419, 42.781910394426447 ], [ 19.2122587, 42.781057394426078 ], [ 19.2084367, 42.77506869442351 ], [ 19.2085772, 42.773636494422874 ], [ 19.2132206, 42.768788294420808 ], [ 19.2160697, 42.767422494420266 ], [ 19.2170534, 42.766330494419762 ], [ 19.2197885, 42.765504394419359 ], [ 19.2228025, 42.763243194418472 ], [ 19.2232905, 42.75858689441646 ], [ 19.2200761, 42.756311194415495 ], [ 19.2127929, 42.74611539441112 ], [ 19.2074806, 42.742346994409544 ], [ 19.2028122, 42.737386494407346 ], [ 19.1996967, 42.732241994405186 ], [ 19.2001877, 42.724464294401805 ], [ 19.2022126, 42.723727094401518 ], [ 19.2036697, 42.723829294401561 ], [ 19.204457, 42.723198394401301 ], [ 19.2060603, 42.723595094401496 ], [ 19.2156062, 42.723030294401219 ], [ 19.2171915, 42.715220994397889 ], [ 19.2293617, 42.710086494395711 ], [ 19.236005, 42.703023794392635 ], [ 19.2365019, 42.697129394390153 ], [ 19.2335299, 42.695051594389263 ], [ 19.2254321, 42.691971594387944 ], [ 19.221498, 42.69192139438789 ], [ 19.2162483, 42.694905994389181 ], [ 19.2124509, 42.693688194388656 ], [ 19.2120952, 42.692328294388091 ], [ 19.2128137, 42.69167249438776 ], [ 19.2120498, 42.688792294386559 ], [ 19.2035017, 42.68501519438496 ], [ 19.1956384, 42.684058994384529 ], [ 19.1891339, 42.68459909438473 ], [ 19.1851696, 42.683667694384376 ], [ 19.1744425, 42.683296794384191 ], [ 19.1665664, 42.681962294383617 ], [ 19.1591747, 42.681442894383402 ], [ 19.1540065, 42.682505194383822 ], [ 19.150429, 42.681652194383496 ], [ 19.1444988, 42.677360094381619 ], [ 19.1467253, 42.674712094380531 ], [ 19.1466777, 42.673068494379784 ], [ 19.1471914, 42.672679594379645 ], [ 19.1479655, 42.673035394379781 ], [ 19.1498197, 42.66147539437484 ], [ 19.1526938, 42.659144594373849 ], [ 19.1548988, 42.653360794371324 ], [ 19.1532647, 42.651137694370341 ], [ 19.1419011, 42.646700394368452 ], [ 19.1403183, 42.644945094367699 ], [ 19.1389589, 42.638215394364856 ], [ 19.1381444, 42.640382594365718 ], [ 19.1312536, 42.643664994367178 ], [ 19.1264004, 42.647977294369028 ], [ 19.1222691, 42.6488694943694 ], [ 19.119907, 42.650109694369888 ], [ 19.1149686, 42.655040894372085 ], [ 19.1107905, 42.656537394372684 ], [ 19.1064424, 42.663822994375792 ], [ 19.1000531, 42.669687094378332 ], [ 19.0953069, 42.662885794375399 ], [ 19.0981473, 42.654556094371863 ], [ 19.0985284, 42.646362594368313 ], [ 19.0947921, 42.644104194367358 ], [ 19.0902168, 42.642735594366812 ], [ 19.091620899999988, 42.641889794366421 ], [ 19.0856926, 42.63617929436397 ], [ 19.0851066, 42.632495594362368 ], [ 19.0872407, 42.631923994362118 ], [ 19.0872491, 42.631257994361846 ], [ 19.0856987, 42.628497294360635 ], [ 19.0835755, 42.627481594360212 ], [ 19.085221, 42.623409594358463 ], [ 19.0846342, 42.622606994358094 ], [ 19.0838243, 42.624283894358783 ], [ 19.0814656, 42.624985894359099 ], [ 19.0814287, 42.627534694360214 ], [ 19.0823127, 42.628465194360629 ], [ 19.080454, 42.62950659436104 ], [ 19.0793968, 42.631506294361905 ], [ 19.0772088, 42.631598894361971 ], [ 19.0776619, 42.631978494362123 ], [ 19.0770298, 42.632429494362285 ], [ 19.0771163, 42.633734194362901 ], [ 19.070767, 42.635560994363672 ], [ 19.069758, 42.637219494364409 ], [ 19.0677358, 42.63648909436408 ], [ 19.0669235, 42.637316294364446 ], [ 19.0629856, 42.637664894364562 ], [ 19.0598654, 42.640287894365692 ], [ 19.0541364, 42.642514594366624 ], [ 19.0534587, 42.643367294367039 ], [ 19.0520744, 42.643547594367099 ], [ 19.0506357, 42.645959694368123 ], [ 19.0490694, 42.646246494368249 ], [ 19.0493599, 42.648419294369205 ], [ 19.0485528, 42.649315294369593 ], [ 19.0432956, 42.651691094370612 ], [ 19.0387515, 42.65163249437061 ], [ 19.0374431, 42.652127994370801 ], [ 19.0393084, 42.657068694372896 ], [ 19.04033, 42.657963994373318 ], [ 19.0386826, 42.658984194373751 ], [ 19.0378237, 42.660481394374393 ], [ 19.0380346, 42.661356194374783 ], [ 19.0399328, 42.662539894375278 ], [ 19.0392705, 42.662765194375375 ], [ 19.0396723, 42.66424429437599 ], [ 19.0389685, 42.666772694377087 ], [ 19.0353123, 42.671147994378984 ], [ 19.0332789, 42.674757894380548 ], [ 19.0314691, 42.675732794380941 ], [ 19.0259442, 42.681959594383592 ], [ 19.025195, 42.682046194383645 ], [ 19.0241425, 42.683706994384345 ], [ 19.0214477, 42.685832094385262 ], [ 19.0187828, 42.682528894383893 ], [ 19.0177719, 42.682143794383705 ], [ 19.019109, 42.679178894382439 ], [ 19.0183796, 42.678483194382082 ], [ 19.0155635, 42.677571794381741 ], [ 19.0145183, 42.678021094381926 ], [ 19.0135506, 42.677202294381537 ], [ 19.0120914, 42.678387894382105 ], [ 19.0090951, 42.675554694380871 ], [ 19.0093595, 42.674436194380391 ], [ 19.0073978, 42.67484179438059 ], [ 19.0056635, 42.673468794379936 ], [ 19.0066128, 42.67039919437866 ], [ 19.0055489, 42.670172894378545 ], [ 19.0021093, 42.671364294379046 ], [ 18.9991881, 42.669311194378231 ], [ 18.9998374, 42.668139694377686 ], [ 18.9966359, 42.66615879437682 ], [ 18.9994523, 42.663014894375507 ], [ 18.9993229, 42.660228294374292 ], [ 19.001458599999989, 42.65833229437348 ], [ 19.0039322, 42.657681494373172 ], [ 19.0055605, 42.656609894372721 ], [ 19.0060749, 42.65484329437195 ], [ 19.0056653, 42.65351839437141 ], [ 19.0085072, 42.649232194369581 ], [ 19.0110893, 42.646685294368474 ], [ 19.0124546, 42.646407694368342 ], [ 19.0150584, 42.64432039436744 ], [ 19.0148443, 42.64287399436683 ], [ 19.0160073, 42.641994994366442 ], [ 19.0155518, 42.640216094365648 ], [ 19.0164485, 42.639697794365475 ], [ 19.0185098, 42.639755394365437 ], [ 19.0198175, 42.63665229436414 ], [ 19.0179015, 42.633370194362712 ], [ 19.0177671, 42.63134869436189 ], [ 19.0203843, 42.629761994361175 ], [ 19.0231417, 42.629427894361001 ], [ 19.0244003, 42.628606294360679 ], [ 19.0225418, 42.625680194359418 ], [ 19.0200784, 42.625938894359493 ], [ 19.0207565, 42.624878194359091 ], [ 19.0201373, 42.624260594358788 ], [ 19.0160315, 42.623318094358375 ], [ 19.0147055, 42.625385194359289 ], [ 19.0107142, 42.624184294358749 ], [ 19.0130574, 42.620596094357218 ], [ 19.0162433, 42.61825069435622 ], [ 19.0191433, 42.614887694354778 ], [ 19.0144092, 42.61093389435306 ], [ 19.0125769, 42.610330094352818 ], [ 19.0094249, 42.610961294353054 ], [ 18.9948549, 42.609351094352391 ], [ 18.98323490000001, 42.609544094352465 ], [ 18.9791893, 42.609070394352266 ], [ 18.9707797, 42.607826394351711 ], [ 18.9572408, 42.602840094349574 ] ] ] } },
{ "type": "Feature", "properties": { "admin_id": "2319535", "name_local": "Opština Pljevlja", "name_en": "Pljevlja Municipality" }, "geometry": { "type": "Polygon", "coordinates": [ [ [ 19.5563242, 43.244046794621546 ], [ 19.5463244, 43.246671094622677 ], [ 19.5448469, 43.247562294623016 ], [ 19.5435625, 43.250332694624205 ], [ 19.5446344, 43.252813994625207 ], [ 19.5413376, 43.260177094628276 ], [ 19.5428414, 43.260944194628621 ], [ 19.5388608, 43.263594294629705 ], [ 19.5384456, 43.265427694630446 ], [ 19.535631, 43.267951994631531 ], [ 19.5335463, 43.271307194632918 ], [ 19.5295657, 43.273097094633663 ], [ 19.5290054, 43.276890994635224 ], [ 19.5272451, 43.279338194636225 ], [ 19.5278975, 43.2808138946369 ], [ 19.5274383, 43.285011894638622 ], [ 19.5316345, 43.291544594641366 ], [ 19.5317406, 43.29391819464233 ], [ 19.5358828, 43.299735194644761 ], [ 19.5362114, 43.30208059464573 ], [ 19.5376604, 43.304221294646617 ], [ 19.5355638, 43.309095994648622 ], [ 19.5326328, 43.309587194648856 ], [ 19.5280357, 43.31708539465194 ], [ 19.5252127, 43.31916879465286 ], [ 19.5213727, 43.320941294653558 ], [ 19.5170754, 43.320309294653285 ], [ 19.5066994, 43.323206194654524 ], [ 19.5001281, 43.324044394654869 ], [ 19.4993145, 43.325026894655245 ], [ 19.4975141, 43.324872294655201 ], [ 19.4852447, 43.327587194656282 ], [ 19.4820098, 43.333567994658829 ], [ 19.4765837, 43.336315994659927 ], [ 19.4755347, 43.337690594660543 ], [ 19.4719816, 43.340024894661482 ], [ 19.4686908, 43.340738294661776 ], [ 19.4611286, 43.34481229466347 ], [ 19.4609626, 43.345703294663835 ], [ 19.4620356, 43.347025194664383 ], [ 19.4612897, 43.347620294664601 ], [ 19.4615984, 43.348836694665103 ], [ 19.4632698, 43.352324694666585 ], [ 19.460118, 43.35448319466748 ], [ 19.4618302, 43.357516694668767 ], [ 19.4618798, 43.359064494669397 ], [ 19.4578937, 43.362936994670989 ], [ 19.457401, 43.36512639467189 ], [ 19.4504725, 43.367219294672786 ], [ 19.4507545, 43.37231059467485 ], [ 19.4500599, 43.377286194676934 ], [ 19.4509978, 43.382007694678904 ], [ 19.4485469, 43.388107494681392 ], [ 19.4440643, 43.389335194681919 ], [ 19.4443341, 43.390066294682228 ], [ 19.4393531, 43.391798194682941 ], [ 19.4374823, 43.390660294682476 ], [ 19.4358694, 43.391733994682902 ], [ 19.432753, 43.391619594682844 ], [ 19.4278266, 43.393148194683484 ], [ 19.426297, 43.391793494682965 ], [ 19.4246114, 43.391727994682917 ], [ 19.4203433, 43.392610694683256 ], [ 19.4190006, 43.39399759468386 ], [ 19.4120073, 43.392596294683287 ], [ 19.4103594, 43.393091794683478 ], [ 19.4064302, 43.395558994684514 ], [ 19.4058191, 43.396727694684969 ], [ 19.4027324, 43.398067194685517 ], [ 19.4005318, 43.398108894685535 ], [ 19.3997115, 43.400224094686422 ], [ 19.3947746, 43.401764094687074 ], [ 19.393497, 43.40104149468678 ], [ 19.3904939, 43.405263894688503 ], [ 19.3890696, 43.406640094689081 ], [ 19.3882036, 43.406485594688981 ], [ 19.3883912, 43.407245994689326 ], [ 19.3900188, 43.407887694689656 ], [ 19.388855, 43.409397894690272 ], [ 19.3876268, 43.409272294690183 ], [ 19.386758, 43.410855694690859 ], [ 19.3857892, 43.410707394690753 ], [ 19.3856664, 43.411638594691169 ], [ 19.3844882, 43.411556094691129 ], [ 19.3823945, 43.412688494691572 ], [ 19.3807383, 43.41206659469136 ], [ 19.3801638, 43.412100694691347 ], [ 19.3800822, 43.412911094691687 ], [ 19.3792737, 43.412749094691613 ], [ 19.3789319, 43.411962494691288 ], [ 19.3774975, 43.41384379469207 ], [ 19.3770744, 43.413043894691754 ], [ 19.3669099, 43.412995294691733 ], [ 19.3650956, 43.413400194691889 ], [ 19.3620435, 43.411731794691185 ], [ 19.359365, 43.411531294691073 ], [ 19.3563283, 43.41394139469211 ], [ 19.3514263, 43.41555929469272 ], [ 19.3500224, 43.416577594693202 ], [ 19.3491991, 43.416243794693074 ], [ 19.3493445, 43.415720494692849 ], [ 19.3463919, 43.419091394694227 ], [ 19.3459955, 43.420878694694984 ], [ 19.342933, 43.423144194695944 ], [ 19.3419191, 43.425814994697014 ], [ 19.338287, 43.428528194698146 ], [ 19.3338486, 43.434754494700712 ], [ 19.334274499999989, 43.436603194701476 ], [ 19.3321804, 43.43726849470174 ], [ 19.3291897, 43.437388394701792 ], [ 19.3261227, 43.439460494702651 ], [ 19.3218388, 43.441332994703437 ], [ 19.3188685, 43.441492194703457 ], [ 19.3174834, 43.440970494703294 ], [ 19.3147535, 43.441673494703586 ], [ 19.3123035, 43.440054294702861 ], [ 19.3080397, 43.440367494702997 ], [ 19.3036502, 43.442113694703735 ], [ 19.3022306, 43.44333729470425 ], [ 19.2984141, 43.444475894704702 ], [ 19.2931474, 43.445089394704958 ], [ 19.2911835, 43.444693394704828 ], [ 19.2870994, 43.446361194705503 ], [ 19.283452, 43.449408994706793 ], [ 19.2819738, 43.448842494706518 ], [ 19.2764849, 43.454345394708781 ], [ 19.2748441, 43.453876694708605 ], [ 19.2725057, 43.454119894708718 ], [ 19.2702917, 43.456244494709551 ], [ 19.2688695, 43.456332594709608 ], [ 19.2665547, 43.458052694710304 ], [ 19.2636616, 43.459235794710793 ], [ 19.2570722, 43.46109529471159 ], [ 19.2534224, 43.461386994711695 ], [ 19.2472411, 43.468838694714748 ], [ 19.2441813, 43.469811594715154 ], [ 19.2381228, 43.473280794716601 ], [ 19.2354798, 43.473980994716868 ], [ 19.2325094, 43.476679494717985 ], [ 19.2306965, 43.477019494718135 ], [ 19.2270484, 43.479039194719007 ], [ 19.2214317, 43.483172694720707 ], [ 19.222861, 43.484623894721274 ], [ 19.2258701, 43.485505794721639 ], [ 19.2261432, 43.486958294722214 ], [ 19.2246791, 43.48844399472285 ], [ 19.224098, 43.490323694723621 ], [ 19.2224382, 43.491237694723999 ], [ 19.2222155, 43.492523494724487 ], [ 19.2243665, 43.493260594724816 ], [ 19.2255635, 43.495510394725734 ], [ 19.2234165, 43.498529194726977 ], [ 19.2239964, 43.499773994727505 ], [ 19.2226045, 43.503843994729195 ], [ 19.2229649, 43.504497394729434 ], [ 19.224064, 43.504400094729384 ], [ 19.2251464, 43.505095694729668 ], [ 19.2258255, 43.509183694731377 ], [ 19.2274977, 43.512215194732633 ], [ 19.2250556, 43.516375994734332 ], [ 19.2257925, 43.517699694734901 ], [ 19.2255734, 43.519818194735784 ], [ 19.2227446, 43.523532794737335 ], [ 19.2226324, 43.527148894738758 ], [ 19.2248231, 43.52756249473893 ], [ 19.2255931, 43.528518194739313 ], [ 19.2223537, 43.528917894739486 ], [ 19.2161483, 43.531021894740348 ], [ 19.2125835, 43.529890094739862 ], [ 19.2090851, 43.530283394740067 ], [ 19.1995421, 43.532755494741046 ], [ 19.1976157, 43.535749194742323 ], [ 19.1903754, 43.533373494741333 ], [ 19.1806663, 43.533429694741351 ], [ 19.1791164, 43.532795694741104 ], [ 19.1769908, 43.534224294741691 ], [ 19.1760055, 43.533895194741511 ], [ 19.1744445, 43.534577394741831 ], [ 19.1725625, 43.534111894741599 ], [ 19.1722747, 43.533036394741202 ], [ 19.1710458, 43.532755494741046 ], [ 19.1694848, 43.533654394741447 ], [ 19.167005, 43.533140794741215 ], [ 19.1653886, 43.533975494741561 ], [ 19.1600857, 43.534176094741674 ], [ 19.1556463, 43.535347894742131 ], [ 19.1526461, 43.536776494742739 ], [ 19.151373, 43.535604694742226 ], [ 19.1501441, 43.535347894742124 ], [ 19.1485942, 43.533220994741271 ], [ 19.1388967, 43.528827994739466 ], [ 19.1368222, 43.526761994738628 ], [ 19.1368614, 43.52568359473819 ], [ 19.1319452, 43.526012794738321 ], [ 19.1276945, 43.523640194737304 ], [ 19.1266534, 43.52098939473624 ], [ 19.1247589, 43.520302494735972 ], [ 19.1193418, 43.519178594735486 ], [ 19.1168631, 43.519965094735831 ], [ 19.1161103, 43.52076779473613 ], [ 19.111062, 43.522164694736709 ], [ 19.1031796, 43.522044194736694 ], [ 19.1027091, 43.518154794735054 ], [ 19.0970575, 43.513337694733103 ], [ 19.0916826, 43.512811894732877 ], [ 19.0923911, 43.51327349473307 ], [ 19.0918985, 43.515248494733875 ], [ 19.090332, 43.516095494734223 ], [ 19.0868336, 43.516701694734486 ], [ 19.0751982, 43.511470994732349 ], [ 19.0680686, 43.510945094732122 ], [ 19.0658378, 43.511250194732227 ], [ 19.0638451, 43.51067219473201 ], [ 19.0627546, 43.509752794731583 ], [ 19.0617914, 43.505204094729713 ], [ 19.0570531, 43.503345194728922 ], [ 19.0551822, 43.503638294729093 ], [ 19.0513351, 43.501905194728366 ], [ 19.0478993, 43.502349394728547 ], [ 19.0460117, 43.503537794729056 ], [ 19.0440909, 43.50305599472884 ], [ 19.0421757, 43.503300894728994 ], [ 19.0420539, 43.507147194730507 ], [ 19.0428344, 43.510166194731774 ], [ 19.0439747, 43.511262194732204 ], [ 19.0438584, 43.513285394733053 ], [ 19.0399117, 43.518082394735032 ], [ 19.0403988, 43.519065794735489 ], [ 19.0400058, 43.521177094736309 ], [ 19.0435595, 43.524416194737633 ], [ 19.0360591, 43.5328883947411 ], [ 19.0292394, 43.535753594742324 ], [ 19.0276452, 43.537695794743122 ], [ 19.0254809, 43.538903594743587 ], [ 19.0241192, 43.542807794745229 ], [ 19.0221984, 43.545331494746215 ], [ 19.0189934, 43.542964294745275 ], [ 19.0155172, 43.543445794745431 ], [ 19.0139894, 43.541463594744656 ], [ 19.0114763, 43.542751594745162 ], [ 19.0110817, 43.548476194747515 ], [ 19.0081696, 43.550842094748511 ], [ 19.0077201, 43.554313394749883 ], [ 19.0050784, 43.558506094751671 ], [ 19.0011839, 43.55741549475119 ], [ 18.9966551, 43.557971594751443 ], [ 18.9882742, 43.555313794750369 ], [ 18.9872408, 43.550224694748209 ], [ 18.981571, 43.5439722947457 ], [ 18.9798606, 43.535875494742356 ], [ 18.981881, 43.53444279474175 ], [ 18.982357, 43.533010194741159 ], [ 18.9856617, 43.531196294740425 ], [ 18.9809953, 43.52959099473977 ], [ 18.9800598, 43.527307394738855 ], [ 18.975485, 43.525720194738192 ], [ 18.9664498, 43.525169194737941 ], [ 18.9598865, 43.523078694737094 ], [ 18.9533025, 43.52267379473691 ], [ 18.9467936, 43.519355894735547 ], [ 18.9446347, 43.517291294734711 ], [ 18.9427637, 43.517190994734655 ], [ 18.9423375, 43.515063494733823 ], [ 18.9347706, 43.513224894733028 ], [ 18.9301873, 43.511490694732309 ], [ 18.9296006, 43.511984494732488 ], [ 18.9274307, 43.511366294732277 ], [ 18.9238493, 43.504818294729603 ], [ 18.9175888, 43.504139794729284 ], [ 18.9149318, 43.502987494728835 ], [ 18.9142675, 43.503593694729055 ], [ 18.9124408, 43.503280494728969 ], [ 18.9132933, 43.502529694728601 ], [ 18.9125571, 43.502079994728469 ], [ 18.9214857, 43.490266494723635 ], [ 18.9298148, 43.492823994724667 ], [ 18.9357134, 43.49162649472418 ], [ 18.9342219, 43.498875394727186 ], [ 18.9363175, 43.502529594728649 ], [ 18.9499093, 43.503674194729101 ], [ 18.9511635, 43.494926194725544 ], [ 18.950544, 43.493304694724856 ], [ 18.9520717, 43.493602194724943 ], [ 18.9554105, 43.492375594724486 ], [ 18.9586357, 43.487911594722625 ], [ 18.9594577, 43.485318894721573 ], [ 18.9595672, 43.482811194720547 ], [ 18.9569604, 43.480442594719541 ], [ 18.9572188, 43.478167594718634 ], [ 18.9563303, 43.476088494717736 ], [ 18.9582482, 43.473912794716867 ], [ 18.9599665, 43.472992494716486 ], [ 18.9617474, 43.47006389471526 ], [ 18.9600683, 43.468686194714707 ], [ 18.9608159, 43.467368094714161 ], [ 18.9601779, 43.466081194713652 ], [ 18.9606867, 43.465387994713353 ], [ 18.9602483, 43.462967594712325 ], [ 18.961082, 43.460555594711366 ], [ 18.9588239, 43.458467794710508 ], [ 18.9559079, 43.457174994709987 ], [ 18.9555743, 43.453250594708337 ], [ 18.9563506, 43.45226559470796 ], [ 18.9586915, 43.453247494708343 ], [ 18.9630564, 43.450998094707401 ], [ 18.968154, 43.453089794708291 ], [ 18.9750677, 43.453355994708382 ], [ 18.97694, 43.455761894709333 ], [ 18.9778838, 43.45601909470949 ], [ 18.9798212, 43.453440394708387 ], [ 18.9817392, 43.454152594708724 ], [ 18.9832573, 43.452305194707918 ], [ 18.9877092, 43.452437794708011 ], [ 18.9877451, 43.451665194707715 ], [ 18.9857953, 43.451099894707461 ], [ 18.9880146, 43.44862209470643 ], [ 18.9886389, 43.445670994705168 ], [ 18.9896997, 43.445848594705247 ], [ 18.9900681, 43.446921394705733 ], [ 18.9924306, 43.448309094706289 ], [ 18.9943739, 43.446469294705537 ], [ 18.9980079, 43.444619594704754 ], [ 18.9983566, 43.440252894702944 ], [ 18.9997751, 43.43894959470245 ], [ 19.0042606, 43.442234594703784 ], [ 19.0034535, 43.445105594704955 ], [ 19.0049252, 43.446740694705639 ], [ 19.0065251, 43.446457794705545 ], [ 19.0056947, 43.444395994704678 ], [ 19.0066374, 43.443752494704434 ], [ 19.0088505, 43.446138994705386 ], [ 19.0109486, 43.445575994705152 ], [ 19.0072777, 43.443190294704145 ], [ 19.0069657, 43.441806194703631 ], [ 19.007713, 43.441132994703345 ], [ 19.0092255, 43.441861494703652 ], [ 19.0103395, 43.441302794703418 ], [ 19.010107, 43.437751794701931 ], [ 19.014403, 43.434339594700546 ], [ 19.0145261, 43.433074694699975 ], [ 19.01616, 43.432668394699846 ], [ 19.016553, 43.431779994699504 ], [ 19.0184627, 43.430787094699099 ], [ 19.0178871, 43.429621394698614 ], [ 19.0189775, 43.428905794698281 ], [ 19.0185305, 43.427144094697582 ], [ 19.0200914, 43.424840094696613 ], [ 19.0202206, 43.422719394695719 ], [ 19.0193751, 43.419791194694533 ], [ 19.019792, 43.418400994693954 ], [ 19.0188643, 43.416687994693234 ], [ 19.0214169, 43.411537894691108 ], [ 19.0205633, 43.408565694689905 ], [ 19.0310307, 43.400168594686392 ], [ 19.0353401, 43.398026894685529 ], [ 19.0427056, 43.396497694684875 ], [ 19.0429091, 43.392379294683202 ], [ 19.0412495, 43.387339094681096 ], [ 19.0433867, 43.385370694680269 ], [ 19.0412026, 43.380517594678238 ], [ 19.0352609, 43.378611594677473 ], [ 19.0369296, 43.375952794676408 ], [ 19.0401592, 43.374754794675873 ], [ 19.0412708, 43.370418794674052 ], [ 19.0399165, 43.365444994672046 ], [ 19.0482027, 43.358171394668993 ], [ 19.0615709, 43.352141794666508 ], [ 19.0612609, 43.344638694663388 ], [ 19.0708704, 43.339759494661337 ], [ 19.0752212, 43.335741494659679 ], [ 19.0750219, 43.327817594656423 ], [ 19.0833915, 43.319159594652817 ], [ 19.0799174, 43.308161594648269 ], [ 19.0770719, 43.304134094646606 ], [ 19.0775142, 43.302621594645949 ], [ 19.080249, 43.299779894644793 ], [ 19.0609847, 43.294123994642398 ], [ 19.0478568, 43.291776494641411 ], [ 19.0424185, 43.289351294640376 ], [ 19.0415798, 43.289808594640618 ], [ 19.0387386, 43.289760294640601 ], [ 19.0371965, 43.290569394640919 ], [ 19.0362962, 43.290124894640748 ], [ 19.0333528, 43.280896194636902 ], [ 19.0258889, 43.273943694633999 ], [ 19.0237615, 43.266027694630708 ], [ 19.0201605, 43.263623494629726 ], [ 19.0194384, 43.262350894629193 ], [ 19.0197437, 43.259613094628008 ], [ 19.0090249, 43.250855094624377 ], [ 19.0106067, 43.249389694623765 ], [ 19.0120157, 43.245437294622128 ], [ 19.0148405, 43.24102639462027 ], [ 19.0180101, 43.239028194619429 ], [ 19.0214499, 43.23799399461906 ], [ 19.0292752, 43.237774994618938 ], [ 19.0389475, 43.238542294619251 ], [ 19.0413208, 43.237639494618854 ], [ 19.0424589, 43.236704994618492 ], [ 19.0439878, 43.232914194616924 ], [ 19.0446965, 43.226157594614094 ], [ 19.0537671, 43.216873294610195 ], [ 19.0569731, 43.214834694609344 ], [ 19.0615631, 43.213425994608777 ], [ 19.0657867, 43.21306529460859 ], [ 19.0710933, 43.215339694609561 ], [ 19.0762862, 43.215426494609645 ], [ 19.0804694, 43.217827894610586 ], [ 19.0880329, 43.220874994611883 ], [ 19.0931372, 43.221165294611964 ], [ 19.0956083, 43.221096394611976 ], [ 19.1011203, 43.218286094610811 ], [ 19.1078174, 43.216096894609869 ], [ 19.1096174, 43.213118694608639 ], [ 19.1117994, 43.212464694608371 ], [ 19.126245, 43.216662494610148 ], [ 19.1290553, 43.218239394610784 ], [ 19.1345688, 43.223925394613147 ], [ 19.1377542, 43.225701694613939 ], [ 19.1406237, 43.225447094613777 ], [ 19.1499234, 43.221638094612231 ], [ 19.1531518, 43.221558294612151 ], [ 19.1578968, 43.223116394612774 ], [ 19.1666186, 43.223169394612839 ], [ 19.1699617, 43.222332094612469 ], [ 19.1894098, 43.209281794607044 ], [ 19.1957015, 43.204066894604821 ], [ 19.2099354, 43.199886994603069 ], [ 19.2138254, 43.195715594601374 ], [ 19.2156229, 43.194982594601051 ], [ 19.2207725, 43.194836194601024 ], [ 19.2229656, 43.193887894600586 ], [ 19.2323612, 43.187445194597899 ], [ 19.2384035, 43.180443594594948 ], [ 19.2435822, 43.177864694593879 ], [ 19.2505624, 43.176262694593206 ], [ 19.2547492, 43.177095294593585 ], [ 19.2555637, 43.176762694593421 ], [ 19.2598891, 43.172044994591438 ], [ 19.2640355, 43.165372194588635 ], [ 19.2718602, 43.162398894587376 ], [ 19.2756211, 43.158508394585773 ], [ 19.2822672, 43.15724979458524 ], [ 19.2855684, 43.155584494584545 ], [ 19.2896236, 43.156130894584749 ], [ 19.2911342, 43.155854794584656 ], [ 19.2968279, 43.149671294582078 ], [ 19.296703, 43.146537694580758 ], [ 19.2985606, 43.142866294579214 ], [ 19.3008685, 43.141079294578439 ], [ 19.3015951, 43.139396194577749 ], [ 19.3037783, 43.137266994576869 ], [ 19.3086433, 43.13441999457568 ], [ 19.3098385, 43.129982994573865 ], [ 19.3111583, 43.128636594573237 ], [ 19.3129607, 43.127928794572973 ], [ 19.3154841, 43.128028594572996 ], [ 19.3209808, 43.13006939457388 ], [ 19.3239713, 43.130077794573886 ], [ 19.3258844, 43.12906789457341 ], [ 19.3277695, 43.126769894572476 ], [ 19.3299085, 43.125370794571865 ], [ 19.3363969, 43.124479094571505 ], [ 19.3394275, 43.120965094570032 ], [ 19.3418769, 43.120378094569801 ], [ 19.3463975, 43.118005894568753 ], [ 19.3605638, 43.114445394567298 ], [ 19.3613518, 43.112975894566645 ], [ 19.3608859, 43.107828094564482 ], [ 19.3657507, 43.105193294563428 ], [ 19.3715805, 43.098552894560633 ], [ 19.3765167, 43.096457694559753 ], [ 19.3774936, 43.095359694559285 ], [ 19.3798126, 43.089812394556944 ], [ 19.3794586, 43.088319494556302 ], [ 19.377519899999989, 43.085818094555265 ], [ 19.3776869, 43.080766494553131 ], [ 19.378189, 43.079938394552762 ], [ 19.379737, 43.079956794552757 ], [ 19.3817576, 43.076878594551495 ], [ 19.3850216, 43.074020594550348 ], [ 19.3876248, 43.069866294548554 ], [ 19.4079957, 43.069911594548557 ], [ 19.4080719, 43.06822799454784 ], [ 19.4299684, 43.067282994547476 ], [ 19.4338896, 43.069206294548238 ], [ 19.4296953, 43.071679494549329 ], [ 19.4282888, 43.073913894550273 ], [ 19.4244966, 43.075609594550997 ], [ 19.4237029, 43.077039294551575 ], [ 19.4254558, 43.078585694552203 ], [ 19.4286657, 43.083472894554276 ], [ 19.4373525, 43.087021594555779 ], [ 19.4331909, 43.091379294557619 ], [ 19.43184, 43.094714694559002 ], [ 19.4311943, 43.093740094558576 ], [ 19.4285221, 43.094697794559032 ], [ 19.4277586, 43.096716594559844 ], [ 19.4285702, 43.097281994560085 ], [ 19.4290354, 43.099950094561208 ], [ 19.4283398, 43.10287259456242 ], [ 19.4238419, 43.104835594563284 ], [ 19.4270905, 43.109414594565195 ], [ 19.4269717, 43.110237294565529 ], [ 19.4250562, 43.111953394566292 ], [ 19.4246059, 43.114579594567353 ], [ 19.4279665, 43.120420394569791 ], [ 19.4300497, 43.122663294570749 ], [ 19.4308629, 43.121770894570389 ], [ 19.4330816, 43.121446094570224 ], [ 19.4339378, 43.121955694570431 ], [ 19.4330293, 43.116466794568126 ], [ 19.4305412, 43.113490094566863 ], [ 19.4320797, 43.11132999456597 ], [ 19.4337706, 43.111244294565928 ], [ 19.4348517, 43.112518394566479 ], [ 19.4382745, 43.113952894567078 ], [ 19.4376974, 43.115823794567859 ], [ 19.4399228, 43.115018594567552 ], [ 19.4405586, 43.114230694567219 ], [ 19.4422871, 43.115279594567639 ], [ 19.445899, 43.116023594567977 ], [ 19.4474879, 43.11562289456775 ], [ 19.4477578, 43.114871194567499 ], [ 19.4508855, 43.114548894567342 ], [ 19.4522085, 43.115870394567914 ], [ 19.4535015, 43.115489494567747 ], [ 19.4553458, 43.115844594567903 ], [ 19.4564266, 43.116804094568273 ], [ 19.4577478, 43.116445694568107 ], [ 19.4560762, 43.117386094568531 ], [ 19.4561467, 43.117874694568762 ], [ 19.4571052, 43.11937359456936 ], [ 19.4581648, 43.119433494569336 ], [ 19.4595004, 43.121619594570298 ], [ 19.464508, 43.124875494571661 ], [ 19.4685668, 43.124963194571698 ], [ 19.4702541, 43.126013994572141 ], [ 19.471291, 43.128598694573242 ], [ 19.4737362, 43.130141794573866 ], [ 19.4749872, 43.132695794574971 ], [ 19.4769185, 43.133407894575278 ], [ 19.4787638, 43.136234994576441 ], [ 19.4808882, 43.137298294576873 ], [ 19.4830899, 43.142204194578923 ], [ 19.4885756, 43.143828994579657 ], [ 19.4888307, 43.145101994580159 ], [ 19.4875363, 43.145253694580262 ], [ 19.4865229, 43.146582594580806 ], [ 19.4879156, 43.148740694581669 ], [ 19.4905211, 43.149131594581895 ], [ 19.4932848, 43.150802694582559 ], [ 19.4944114, 43.15342869458366 ], [ 19.4992192, 43.156110594584774 ], [ 19.5040075, 43.16167919458708 ], [ 19.5062079, 43.163097094587712 ], [ 19.5088331, 43.163599494587878 ], [ 19.5122151, 43.166296994589025 ], [ 19.5152579, 43.166419294589105 ], [ 19.5180853, 43.17151099459123 ], [ 19.5168364, 43.174792994592565 ], [ 19.5135546, 43.178390994594103 ], [ 19.5138532, 43.178999894594334 ], [ 19.5116711, 43.181681894595513 ], [ 19.5123223, 43.182012794595636 ], [ 19.5126109, 43.183597294596268 ], [ 19.5155251, 43.184979794596828 ], [ 19.5186898, 43.189204194598638 ], [ 19.5182487, 43.190045694599007 ], [ 19.5149018, 43.191442594599586 ], [ 19.5149983, 43.197392894602082 ], [ 19.5164218, 43.197467794602062 ], [ 19.5192156, 43.203462794604576 ], [ 19.5219705, 43.205543694605481 ], [ 19.5221129, 43.207787194606404 ], [ 19.523946, 43.208193694606571 ], [ 19.5244396, 43.20959759460716 ], [ 19.5251641, 43.209394294607044 ], [ 19.5264458, 43.21107009460782 ], [ 19.527202, 43.217107394610288 ], [ 19.5320685, 43.222356394612532 ], [ 19.5319243, 43.223290094612892 ], [ 19.5353009, 43.224077394613218 ], [ 19.5379665, 43.224017494613193 ], [ 19.5390145, 43.222579594612611 ], [ 19.5423209, 43.221327994612039 ], [ 19.5464778, 43.221875294612317 ], [ 19.5489875, 43.221626094612219 ], [ 19.551601, 43.222867294612676 ], [ 19.5527188, 43.22432909461331 ], [ 19.5525812, 43.230087994615715 ], [ 19.5533112, 43.231595894616298 ], [ 19.5561028, 43.234159894617427 ], [ 19.5562163, 43.23557599461801 ], [ 19.5571445, 43.236602994618409 ], [ 19.5591097, 43.237455894618805 ], [ 19.5588613, 43.239929994619835 ], [ 19.5564295, 43.24203449462069 ], [ 19.5563242, 43.244046794621546 ] ] ] } },
{ "type": "Feature", "properties": { "admin_id": "2319536", "name_local": "Opština Plužine", "name_en": "Plužine Municipality" }, "geometry": { "type": "Polygon", "coordinates": [ [ [ 18.9850289, 43.262541694629228 ], [ 18.9852008, 43.265331194630456 ], [ 18.9870701, 43.270399294632504 ], [ 18.9871105, 43.272958194633603 ], [ 18.9840606, 43.276428694635051 ], [ 18.9835556, 43.27870799463598 ], [ 18.9820408, 43.280575394636806 ], [ 18.97788, 43.282766294637682 ], [ 18.9741232, 43.283692594638048 ], [ 18.9675589, 43.286559694639294 ], [ 18.9644282, 43.286794994639358 ], [ 18.9612648, 43.288210994639932 ], [ 18.9554402, 43.287721194639737 ], [ 18.953784, 43.290514594640896 ], [ 18.9518652, 43.297012394643588 ], [ 18.9489971, 43.301245994645377 ], [ 18.9512794, 43.306669694647653 ], [ 18.9521075, 43.311343394649612 ], [ 18.9558239, 43.314650094650972 ], [ 18.9588536, 43.316031494651547 ], [ 18.9598635, 43.3173981946521 ], [ 18.9594343, 43.321201694653659 ], [ 18.9613178, 43.324069494654857 ], [ 18.9591162, 43.326332294655792 ], [ 18.9585507, 43.330475594657507 ], [ 18.9577427, 43.331254294657846 ], [ 18.9560865, 43.331577494657992 ], [ 18.953077, 43.331342394657902 ], [ 18.949320199999988, 43.330255194657461 ], [ 18.9474014, 43.330593094657566 ], [ 18.9451797, 43.333487394658761 ], [ 18.942049, 43.334295394659122 ], [ 18.940312, 43.336616594660079 ], [ 18.9384967, 43.337330394660356 ], [ 18.9366183, 43.340760494661744 ], [ 18.931185, 43.344307994663268 ], [ 18.929541, 43.346164494664023 ], [ 18.9280362, 43.349638194665509 ], [ 18.9229464, 43.351731194666307 ], [ 18.9209569, 43.354528994667504 ], [ 18.9189472, 43.355167794667736 ], [ 18.9156246, 43.357341294668657 ], [ 18.9144633, 43.359852494669703 ], [ 18.9108882, 43.360674894670041 ], [ 18.9083635, 43.36016819466986 ], [ 18.903102, 43.357833294668872 ], [ 18.9010923, 43.355667094667986 ], [ 18.8969408, 43.35429969466739 ], [ 18.8929467, 43.354584194667545 ], [ 18.8912551, 43.355872894668039 ], [ 18.8863748, 43.355347894667851 ], [ 18.8816788, 43.356463994668282 ], [ 18.8784471, 43.356447494668316 ], [ 18.8717843, 43.354114294667347 ], [ 18.8633012, 43.353899494667225 ], [ 18.8613345, 43.352019594666473 ], [ 18.8549469, 43.351112694666085 ], [ 18.8493293, 43.349392394665323 ], [ 18.8444793, 43.348597494665057 ], [ 18.8393845, 43.348516494664992 ], [ 18.8389191, 43.344238194663241 ], [ 18.8466205, 43.33923469466118 ], [ 18.8476844, 43.337650194660469 ], [ 18.8494204, 43.336550594660025 ], [ 18.8502993, 43.33080559465764 ], [ 18.8524074, 43.32867979465675 ], [ 18.8522852, 43.326412994655811 ], [ 18.8533837, 43.324869694655177 ], [ 18.8534557, 43.323079194654461 ], [ 18.8555894, 43.321689394653831 ], [ 18.8529941, 43.320590394653415 ], [ 18.8304471, 43.316030494651493 ], [ 18.8196751, 43.314816894651045 ], [ 18.8062675, 43.307357194647885 ], [ 18.7885842, 43.303939894646483 ], [ 18.769563, 43.294609594642587 ], [ 18.7531812, 43.288501394640093 ], [ 18.7483066, 43.28600279463906 ], [ 18.7354319, 43.278597894635922 ], [ 18.7166514, 43.263748394629729 ], [ 18.7061263, 43.2598093946281 ], [ 18.6881249, 43.254713694625998 ], [ 18.694083, 43.250496794624219 ], [ 18.705437, 43.236111494618257 ], [ 18.706955, 43.235932794618165 ], [ 18.7098874, 43.233868794617322 ], [ 18.712996, 43.232598894616757 ], [ 18.7171411, 43.231778694616388 ], [ 18.7038034, 43.226771694614335 ], [ 18.692387, 43.220680594611807 ], [ 18.6824438, 43.210619394607583 ], [ 18.6677313, 43.203913594604778 ], [ 18.6627709, 43.187095594597743 ], [ 18.6599112, 43.179207594594459 ], [ 18.6587152, 43.177899394593872 ], [ 18.654234, 43.161501994587034 ], [ 18.6483964, 43.147130694581037 ], [ 18.6531368, 43.120702594569927 ], [ 18.654745, 43.119465994569417 ], [ 18.6652213, 43.115738194567832 ], [ 18.668826, 43.115720994567845 ], [ 18.6711231, 43.113511294566877 ], [ 18.6780516, 43.109889594565409 ], [ 18.6857704, 43.108654494564867 ], [ 18.686584, 43.101912094562003 ], [ 18.685532, 43.099735194561134 ], [ 18.6859883, 43.09865339456065 ], [ 18.6889243, 43.097823394560308 ], [ 18.6894449, 43.097210794560041 ], [ 18.6909077, 43.097463894560185 ], [ 18.6959416, 43.095994994559526 ], [ 18.7038667, 43.101062494561646 ], [ 18.7144832, 43.106601794563979 ], [ 18.722078, 43.108299894564709 ], [ 18.7292716, 43.104041394562877 ], [ 18.7308491, 43.102384994562208 ], [ 18.7349362, 43.101022894561659 ], [ 18.7375729, 43.096897794559943 ], [ 18.7377588, 43.095022194559135 ], [ 18.7397968, 43.093601694558522 ], [ 18.740725, 43.091984394557848 ], [ 18.7454052, 43.089036594556632 ], [ 18.748657, 43.085530894555141 ], [ 18.7493317, 43.082265694553776 ], [ 18.7508413, 43.081542094553484 ], [ 18.7520364, 43.080063094552848 ], [ 18.7547446, 43.079640494552656 ], [ 18.7566312, 43.078092894551993 ], [ 18.7588545, 43.073256794549977 ], [ 18.7597862, 43.067209194547431 ], [ 18.7650214, 43.065636294546749 ], [ 18.7707868, 43.057034794543114 ], [ 18.7788343, 43.038307394535273 ], [ 18.7823312, 43.034602894533705 ], [ 18.7823865, 43.032147194532655 ], [ 18.7857421, 43.026380394530243 ], [ 18.7879477, 43.013718994524893 ], [ 18.7937686, 43.005649394521441 ], [ 18.7972963, 43.005862194521576 ], [ 18.8033415, 43.003494994520544 ], [ 18.8061648, 43.0014089945197 ], [ 18.8077811, 42.994017194516573 ], [ 18.8103425, 42.990837194515215 ], [ 18.8136426, 42.989327694514557 ], [ 18.8155951, 42.986534294513405 ], [ 18.8221341, 42.979965094510618 ], [ 18.8419519, 42.970682494506683 ], [ 18.8465519, 42.969826894506319 ], [ 18.8511782, 42.967532394505355 ], [ 18.8558095, 42.963712094503762 ], [ 18.8579379, 42.96338969450359 ], [ 18.8665987, 42.957739594501199 ], [ 18.8699791, 42.956946694500857 ], [ 18.875874, 42.953784394499557 ], [ 18.8818504, 42.953171394499293 ], [ 18.8848672, 42.953933594499588 ], [ 18.8894461, 42.951846894498715 ], [ 18.8904887, 42.95050589449815 ], [ 18.8949357, 42.9516746944986 ], [ 18.8994577, 42.95461339449988 ], [ 18.9039766, 42.954876894500011 ], [ 18.9129673, 42.950873094498313 ], [ 18.9153654, 42.950585694498166 ], [ 18.9169163, 42.951315794498456 ], [ 18.9180838, 42.950813894498275 ], [ 18.9208507, 42.950839694498313 ], [ 18.9217331, 42.95132249449847 ], [ 18.922745, 42.950777794498244 ], [ 18.9246682, 42.952297394498906 ], [ 18.9279302, 42.953374294499362 ], [ 18.9291395, 42.954629194499873 ], [ 18.9331679, 42.953080594499255 ], [ 18.9315223, 42.952966694499167 ], [ 18.933892, 42.952475894499003 ], [ 18.9369517, 42.952708794499081 ], [ 18.9373283, 42.953948794499574 ], [ 18.9379901, 42.954042294499622 ], [ 18.9412569, 42.953174694499268 ], [ 18.9447955, 42.952976294499194 ], [ 18.948444, 42.949903894497929 ], [ 18.9523666, 42.949397594497711 ], [ 18.954315, 42.948219794497149 ], [ 18.9545254, 42.948701694497359 ], [ 18.9589415, 42.947100594496696 ], [ 18.9650564, 42.94716729449673 ], [ 18.9670283, 42.947869594497021 ], [ 18.9712259, 42.947157394496735 ], [ 18.9725098, 42.947574894496917 ], [ 18.9788474, 42.943626694495237 ], [ 18.9819482, 42.940746494494007 ], [ 18.9879284, 42.939218094493349 ], [ 18.997464, 42.935268294491678 ], [ 19.0002914, 42.953866894499583 ], [ 19.0048598, 42.960131194502189 ], [ 19.004666, 42.962400394503199 ], [ 19.0118206, 42.972095594507309 ], [ 19.0182189, 42.974910294508469 ], [ 19.0150149, 42.976949294509318 ], [ 19.0121995, 42.977340794509523 ], [ 19.0074659, 42.979197394510308 ], [ 19.0069612, 42.981151394511095 ], [ 19.0026036, 42.982727594511758 ], [ 19.0007032, 42.986405494513328 ], [ 18.9963077, 42.987678694513868 ], [ 18.9933566, 42.990502894515089 ], [ 18.9918112, 42.990866294515193 ], [ 18.9866184, 42.990001394514884 ], [ 18.9810293, 42.990629394515118 ], [ 18.9789759, 42.989232394514524 ], [ 18.9759554, 42.989280894514543 ], [ 18.9703557, 42.991052794515305 ], [ 18.9664087, 42.993215694516238 ], [ 18.9661448, 42.995568294517227 ], [ 18.9611565, 42.997969294518228 ], [ 18.9575168, 42.998634894518517 ], [ 18.9520695, 43.003212394520446 ], [ 18.9494288, 43.003281294520491 ], [ 18.9487391, 43.004288994520891 ], [ 18.9472561, 43.004712194521069 ], [ 18.9419384, 43.00208449451992 ], [ 18.9408755, 43.003199494520423 ], [ 18.9380324, 43.004083494520827 ], [ 18.9360765, 43.008981494522843 ], [ 18.9374186, 43.009991894523331 ], [ 18.9405971, 43.010749494523587 ], [ 18.942505, 43.01334289452474 ], [ 18.9401949, 43.01947489452732 ], [ 18.9363118, 43.021406994528128 ], [ 18.9334603, 43.025852694529988 ], [ 18.9359825, 43.027721994530786 ], [ 18.935514, 43.030244094531845 ], [ 18.9373675, 43.033517594533201 ], [ 18.9386495, 43.033098394533077 ], [ 18.9419357, 43.033376594533145 ], [ 18.9411658, 43.036398394534437 ], [ 18.9426158, 43.037536294534917 ], [ 18.9434354, 43.036071794534323 ], [ 18.9436362, 43.037724694534987 ], [ 18.9451616, 43.039983894535958 ], [ 18.9512722, 43.044869194538045 ], [ 18.9519465, 43.046950094538886 ], [ 18.9508559, 43.047837694539275 ], [ 18.9523872, 43.0508044945405 ], [ 18.959733, 43.058322494543674 ], [ 18.9642028, 43.065830594546846 ], [ 18.9680369, 43.069658994548462 ], [ 18.9693718, 43.075107994550734 ], [ 18.9712083, 43.076484094551347 ], [ 18.9727199, 43.078793894552305 ], [ 18.9721761, 43.085586794555184 ], [ 18.9743816, 43.091289994557584 ], [ 18.9766788, 43.093943594558688 ], [ 18.9757958, 43.099608994561052 ], [ 18.975999, 43.103160394562558 ], [ 18.9781408, 43.109844994565378 ], [ 18.9827942, 43.113268294566787 ], [ 18.9927955, 43.115324594567667 ], [ 19.0014538, 43.126750694572451 ], [ 19.0135001, 43.124133694571384 ], [ 19.0120449, 43.120517294569865 ], [ 19.0152652, 43.117876494568719 ], [ 19.0231348, 43.114053194567134 ], [ 19.0310082, 43.12294539457087 ], [ 19.0347678, 43.128146194573034 ], [ 19.032987, 43.129921994573813 ], [ 19.0319308, 43.132509994574868 ], [ 19.0290495, 43.134931394575887 ], [ 19.0267805, 43.135729894576244 ], [ 19.0245605, 43.138640394577472 ], [ 19.0242165, 43.140570594578271 ], [ 19.0203171, 43.144558594579948 ], [ 19.0082013, 43.148859494581764 ], [ 18.9956576, 43.160226894586501 ], [ 18.9964268, 43.162304894587379 ], [ 18.9982214, 43.163233894587748 ], [ 18.9995798, 43.166643994589208 ], [ 18.9995661, 43.169911894590534 ], [ 18.9980233, 43.173538194592055 ], [ 18.9995778, 43.175202894592736 ], [ 18.9992399, 43.176772094593417 ], [ 19.0005286, 43.178531694594135 ], [ 19.0007117, 43.181055394595219 ], [ 18.9998773, 43.181204494595278 ], [ 18.999306, 43.183691794596307 ], [ 18.9990597, 43.189421194598722 ], [ 18.9973563, 43.191098394599436 ], [ 18.9969532, 43.194888494600988 ], [ 18.9974789, 43.195683494601354 ], [ 18.9962833, 43.199397894602932 ], [ 18.9946374, 43.200715294603469 ], [ 18.9948386, 43.203464894604636 ], [ 18.9908046, 43.215207694609539 ], [ 18.9907722, 43.222166394612415 ], [ 18.9901183, 43.224059294613177 ], [ 18.9889399, 43.225172894613678 ], [ 18.9886742, 43.228063294614884 ], [ 18.9854053, 43.232592294616758 ], [ 18.9884578, 43.239783894619784 ], [ 18.9860951, 43.241441594620433 ], [ 18.9840877, 43.244448894621684 ], [ 18.984439, 43.246518194622581 ], [ 18.9836, 43.250132394624082 ], [ 18.9852996, 43.252394094625025 ], [ 18.989258, 43.254446994625894 ], [ 18.992521, 43.255364894626254 ], [ 18.994609, 43.25726059462707 ], [ 18.9910322, 43.260053994628187 ], [ 18.9850289, 43.262541694629228 ] ] ] } },
{ "type": "Feature", "properties": { "admin_id": "2319537", "name_local": "Opština Tivat", "name_en": "Tivat Municipality" }, "geometry": { "type": "MultiPolygon", "coordinates": [ [ [ [ 18.6827311, 42.411085694266568 ], [ 18.684448, 42.410517294266306 ], [ 18.685943, 42.410989294266493 ], [ 18.6897638, 42.40898059426565 ], [ 18.6904141, 42.409305194265755 ], [ 18.6902465, 42.410069194266121 ], [ 18.6910181, 42.410237794266202 ], [ 18.6936219, 42.409361694265804 ], [ 18.6932827, 42.408133194265233 ], [ 18.6952543, 42.408880994265587 ], [ 18.6968147, 42.407483394264972 ], [ 18.7012101, 42.407449194264991 ], [ 18.7002352, 42.40852789426544 ], [ 18.6945244, 42.410764294266386 ], [ 18.6932601, 42.411474694266715 ], [ 18.6932165, 42.412105794266971 ], [ 18.6898589, 42.413400494267542 ], [ 18.6892349, 42.413447694267568 ], [ 18.690523, 42.412915994267351 ], [ 18.6902197, 42.412306894267076 ], [ 18.6885877, 42.411958194266951 ], [ 18.6844646, 42.412602094267214 ], [ 18.6843997, 42.411971394266949 ], [ 18.6827311, 42.411085694266568 ] ] ], [ [ [ 18.7059958, 42.405886794264291 ], [ 18.705552, 42.406552794264556 ], [ 18.7033799, 42.40721799426484 ], [ 18.7015472, 42.405796094264289 ], [ 18.704241, 42.404822694263807 ], [ 18.7059958, 42.405886794264291 ] ] ], [ [ [ 18.677460599999989, 42.411049894266498 ], [ 18.678429, 42.410334894266207 ], [ 18.6791806, 42.410692494266371 ], [ 18.6791821, 42.410825394266418 ], [ 18.677460599999989, 42.411049894266498 ] ] ], [ [ [ 18.6812843, 42.458002494286916 ], [ 18.6818646, 42.457405794286679 ], [ 18.6815895, 42.455734294285918 ], [ 18.6836934, 42.454132994285246 ], [ 18.6848418, 42.450216594283518 ], [ 18.6867486, 42.448089694282608 ], [ 18.686254, 42.447637494282404 ], [ 18.6868482, 42.446953394282133 ], [ 18.6869227, 42.441557694279766 ], [ 18.6843677, 42.439159394278725 ], [ 18.6888301, 42.439352494278801 ], [ 18.6913062, 42.438109694278289 ], [ 18.6905562, 42.437634594278066 ], [ 18.6918949, 42.437450494277996 ], [ 18.6910699, 42.436647194277661 ], [ 18.6920223, 42.436754594277716 ], [ 18.69214, 42.43627549427751 ], [ 18.6883157, 42.435808594277304 ], [ 18.687946, 42.436548294277635 ], [ 18.6886697, 42.433314094276199 ], [ 18.6891805, 42.433372994276226 ], [ 18.6882853, 42.435627194277238 ], [ 18.6905717, 42.435911794277352 ], [ 18.6910398, 42.433637594276377 ], [ 18.6913305, 42.433673094276365 ], [ 18.6907617, 42.435939894277347 ], [ 18.6924723, 42.436160994277465 ], [ 18.6930426, 42.433606094276342 ], [ 18.6920725, 42.433345494276217 ], [ 18.6940896, 42.43339349427621 ], [ 18.6942088, 42.432882394276021 ], [ 18.6933393, 42.433123194276135 ], [ 18.69351, 42.432068894275645 ], [ 18.6877903, 42.431226994275328 ], [ 18.6880705, 42.430468694274985 ], [ 18.6879846, 42.43108819427524 ], [ 18.6935839, 42.431819894275542 ], [ 18.6938858, 42.430913794275163 ], [ 18.6952653, 42.430523694274981 ], [ 18.6957462, 42.429191494274441 ], [ 18.697839, 42.428889294274292 ], [ 18.6997099, 42.426784594273379 ], [ 18.7005652, 42.428547194274145 ], [ 18.7013255, 42.428717694274241 ], [ 18.7014058, 42.427219594273559 ], [ 18.7002868, 42.426487594273254 ], [ 18.7014313, 42.425174094272691 ], [ 18.7037619, 42.424357794272339 ], [ 18.7035124, 42.423682694272031 ], [ 18.701936299999989, 42.423114494271786 ], [ 18.7045569, 42.422209994271398 ], [ 18.7052821, 42.420774094270783 ], [ 18.7070069, 42.420849394270796 ], [ 18.7068544, 42.420220294270507 ], [ 18.7079653, 42.419504694270238 ], [ 18.7078568, 42.418510194269771 ], [ 18.7086816, 42.417735694269417 ], [ 18.7097428, 42.41825499426966 ], [ 18.7109661, 42.417389494269287 ], [ 18.7118257, 42.417443494269278 ], [ 18.7131569, 42.416048794268697 ], [ 18.7130154, 42.414676694268131 ], [ 18.7117202, 42.413553694267634 ], [ 18.7122004, 42.413138894267441 ], [ 18.7114557, 42.41343169426758 ], [ 18.7143826, 42.409469294265818 ], [ 18.7133052, 42.407281894264877 ], [ 18.7118696, 42.406189194264414 ], [ 18.7091985, 42.406539094264559 ], [ 18.7065389, 42.406203594264433 ], [ 18.7059347, 42.405090394263944 ], [ 18.7098709, 42.404885794263834 ], [ 18.7104904, 42.402705194262921 ], [ 18.7061419, 42.402444694262755 ], [ 18.7090573, 42.401188194262218 ], [ 18.7129775, 42.398295994261005 ], [ 18.7107883, 42.399243194261381 ], [ 18.7095877, 42.399030094261335 ], [ 18.7053195, 42.393439994258863 ], [ 18.7091248, 42.39188889425818 ], [ 18.7064038, 42.39204809425825 ], [ 18.704956, 42.393472094258875 ], [ 18.7029026, 42.393233294258799 ], [ 18.7002998, 42.394991294259533 ], [ 18.6962329, 42.400333594261888 ], [ 18.693225, 42.402293694262688 ], [ 18.6857014, 42.404144794263551 ], [ 18.6802784, 42.404311994263615 ], [ 18.6784122, 42.405200694263996 ], [ 18.6749646, 42.403903594263461 ], [ 18.6698756, 42.404932594263862 ], [ 18.6696991, 42.405759594264225 ], [ 18.6688041, 42.405008094263891 ], [ 18.6671613, 42.405081594263955 ], [ 18.6668068, 42.4058766942643 ], [ 18.6659324, 42.405518694264103 ], [ 18.6659471, 42.406259394264424 ], [ 18.6651216, 42.406026094264355 ], [ 18.6654715, 42.405717694264183 ], [ 18.6653042, 42.405295294263986 ], [ 18.664201, 42.405363094264075 ], [ 18.6637491, 42.406347994264458 ], [ 18.665229, 42.406631194264627 ], [ 18.6637071, 42.407475594264959 ], [ 18.6505225, 42.409304494265776 ], [ 18.644849, 42.411801394266845 ], [ 18.6395891, 42.413702094267684 ], [ 18.6360984, 42.414366994267951 ], [ 18.6309225, 42.416590194268927 ], [ 18.6271921, 42.412076694267014 ], [ 18.6247416, 42.412698894267272 ], [ 18.6178794, 42.407811794265115 ], [ 18.6228227, 42.407725494265087 ], [ 18.6279746, 42.406029694264383 ], [ 18.6306184, 42.404122694263492 ], [ 18.6356502, 42.402232794262666 ], [ 18.6417893, 42.398751694261179 ], [ 18.6403794, 42.392079794258287 ], [ 18.6410944, 42.391747994258147 ], [ 18.6405567, 42.389658794257215 ], [ 18.6413743, 42.388973794256913 ], [ 18.6398925, 42.38192699425381 ], [ 18.6414432, 42.380781494253334 ], [ 18.639722, 42.378258094252203 ], [ 18.6442823, 42.374945494250795 ], [ 18.6479309, 42.373830894250354 ], [ 18.6467635, 42.370629194248934 ], [ 18.64757, 42.370073294248691 ], [ 18.6474162, 42.368275794247921 ], [ 18.6490222, 42.367525294247606 ], [ 18.6493457, 42.366155294247001 ], [ 18.6483071, 42.363497094245837 ], [ 18.6494741, 42.362933894245586 ], [ 18.6539256, 42.363412994245792 ], [ 18.6520869, 42.368536694247972 ], [ 18.6560829, 42.371855194249449 ], [ 18.6581275, 42.372173694249618 ], [ 18.6573728, 42.373143494250023 ], [ 18.6577071, 42.373679994250267 ], [ 18.6572488, 42.373336594250084 ], [ 18.6519285, 42.375971494251239 ], [ 18.6534089, 42.378685694252447 ], [ 18.6520546, 42.381656694253735 ], [ 18.6531087, 42.382896494254275 ], [ 18.65564, 42.383185394254404 ], [ 18.6553104, 42.384289994254914 ], [ 18.6569097, 42.385049494255242 ], [ 18.6597738, 42.385164594255244 ], [ 18.6635815, 42.383901594254702 ], [ 18.6646617, 42.384445394254918 ], [ 18.6626343, 42.384268394254896 ], [ 18.6608582, 42.384994794255206 ], [ 18.6608463, 42.385749594255557 ], [ 18.6612448, 42.385384194255302 ], [ 18.663714, 42.386322894255791 ], [ 18.6647217, 42.385529594255402 ], [ 18.6640576, 42.384757494255084 ], [ 18.665527, 42.385913394255589 ], [ 18.6679123, 42.386179794255717 ], [ 18.6750776, 42.383172494254396 ], [ 18.6802021, 42.38264289425419 ], [ 18.6816767, 42.383607294254567 ], [ 18.6812019, 42.385380394255364 ], [ 18.682796, 42.385846694255548 ], [ 18.6844305, 42.385458094255362 ], [ 18.6849383, 42.383531894254524 ], [ 18.6834118, 42.382042694253869 ], [ 18.6870238, 42.380468094253203 ], [ 18.6871313, 42.379226294252724 ], [ 18.6910939, 42.376578694251556 ], [ 18.6879626, 42.374886494250774 ], [ 18.6878698, 42.372501894249758 ], [ 18.6893574, 42.37142669424928 ], [ 18.6904566, 42.369556794248489 ], [ 18.6927174, 42.368778794248115 ], [ 18.6963503, 42.370595194248921 ], [ 18.7050485, 42.372487994249731 ], [ 18.7078458, 42.374441994250596 ], [ 18.7084695, 42.374069494250378 ], [ 18.7083681, 42.374474694250658 ], [ 18.717012, 42.378772894252478 ], [ 18.7227572, 42.383184194254397 ], [ 18.7247219, 42.3820732942539 ], [ 18.7251896, 42.382542294254108 ], [ 18.7261324, 42.382363594254024 ], [ 18.7310723, 42.378478594252371 ], [ 18.7318239, 42.378962094252557 ], [ 18.7326869, 42.378773694252466 ], [ 18.7324288, 42.379415594252755 ], [ 18.7333521, 42.37927989425269 ], [ 18.7371285, 42.382516894254131 ], [ 18.7363838, 42.383715694254619 ], [ 18.7374002, 42.383821994254667 ], [ 18.7367333, 42.384303794254876 ], [ 18.7386604, 42.385480194255393 ], [ 18.7372088, 42.387786394256388 ], [ 18.737771, 42.392061694258288 ], [ 18.7360208, 42.394387294259275 ], [ 18.7357933, 42.396733194260335 ], [ 18.7368238, 42.397645894260712 ], [ 18.7328942, 42.40346389426324 ], [ 18.7310555, 42.403404594263201 ], [ 18.7316831, 42.404452194263641 ], [ 18.7305302, 42.407182994264879 ], [ 18.7314308, 42.408493794265404 ], [ 18.7304394, 42.409945894266038 ], [ 18.7308911, 42.411778494266855 ], [ 18.7298311, 42.412476994267116 ], [ 18.7286795, 42.415839594268604 ], [ 18.7311393, 42.417213194269202 ], [ 18.7326527, 42.418889294269945 ], [ 18.7323201, 42.42272599427158 ], [ 18.7334488, 42.422950394271702 ], [ 18.7355955, 42.425259394272707 ], [ 18.7426704, 42.426058494273043 ], [ 18.7470794, 42.428223594274023 ], [ 18.746015, 42.433154094276176 ], [ 18.7446732, 42.435832694277302 ], [ 18.736409, 42.44269089428029 ], [ 18.7339368, 42.446402494281855 ], [ 18.7312027, 42.448439294282785 ], [ 18.7247237, 42.459186894287456 ], [ 18.7246011, 42.460742894288146 ], [ 18.7224353, 42.461236094288317 ], [ 18.7206652, 42.460669994288125 ], [ 18.7202128, 42.461510394288446 ], [ 18.7178436, 42.460412194287954 ], [ 18.7151797, 42.460209294287928 ], [ 18.7136764, 42.458833094287279 ], [ 18.7069936, 42.460838794288151 ], [ 18.7022622, 42.464901894289959 ], [ 18.698259, 42.466748794290751 ], [ 18.693694, 42.470245694292267 ], [ 18.6931384, 42.471664494292888 ], [ 18.6939242, 42.472948294293424 ], [ 18.692875, 42.473863694293826 ], [ 18.6927178, 42.474937694294297 ], [ 18.6933466, 42.475304694294408 ], [ 18.6949071, 42.47479549429417 ], [ 18.695688, 42.47620909429483 ], [ 18.6903027, 42.477561494295465 ], [ 18.6863735, 42.473343294293606 ], [ 18.686863, 42.470685294292423 ], [ 18.6852679, 42.468085694291318 ], [ 18.686392, 42.467163394290957 ], [ 18.6863792, 42.465994294290361 ], [ 18.6846808, 42.465670194290226 ], [ 18.6823061, 42.462402594288839 ], [ 18.6834444, 42.460884494288145 ], [ 18.6814502, 42.459581594287627 ], [ 18.6812843, 42.458002494286916 ] ] ] ] } },
{ "type": "Feature", "properties": { "admin_id": "2319538", "name_local": "Opština Ulcinj - Komuna e Ulqinit", "name_en": "Ulcinj Municipality" }, "geometry": { "type": "MultiPolygon", "coordinates": [ [ [ [ 19.1984447, 41.924045194052241 ], [ 19.198664, 41.924233794052363 ], [ 19.1985098, 41.924376594052347 ], [ 19.1984447, 41.924045194052241 ] ] ], [ [ [ 19.1943941, 41.925014294052666 ], [ 19.1941005, 41.92490509405259 ], [ 19.1944178, 41.924623194052501 ], [ 19.1943941, 41.925014294052666 ] ] ], [ [ [ 19.3715337, 41.850924294019613 ], [ 19.3727465, 41.85089999401962 ], [ 19.3726625, 41.856106994021992 ], [ 19.3749125, 41.864266194025596 ], [ 19.3745838, 41.875494594030613 ], [ 19.3814341, 41.883627494034236 ], [ 19.3815529, 41.885229394034958 ], [ 19.3801757, 41.886660494035603 ], [ 19.3787016, 41.887036794035744 ], [ 19.3735337, 41.887156394035785 ], [ 19.3696797, 41.887877894036144 ], [ 19.3685115, 41.888980494036637 ], [ 19.3673083, 41.895228194039412 ], [ 19.3653159, 41.898132294040686 ], [ 19.3510224, 41.900913494041944 ], [ 19.3433799, 41.904491094043536 ], [ 19.34175, 41.907753094045006 ], [ 19.3425551, 41.91064839404627 ], [ 19.3445107, 41.912642594047171 ], [ 19.3510483, 41.915187394048303 ], [ 19.36349610000001, 41.917347294049236 ], [ 19.3665261, 41.918514094049762 ], [ 19.3700015, 41.920680494050742 ], [ 19.3716621, 41.923392794051949 ], [ 19.3711233, 41.925978194053087 ], [ 19.368392, 41.9294061940546 ], [ 19.3566622, 41.935852994057456 ], [ 19.3518737, 41.939452594059112 ], [ 19.35043, 41.942072994060233 ], [ 19.3501829, 41.944204794061172 ], [ 19.3517167, 41.951498694064455 ], [ 19.3507772, 41.956027494066497 ], [ 19.3517693, 41.957840494067248 ], [ 19.3550132, 41.959331594067905 ], [ 19.3589746, 41.960219794068344 ], [ 19.3701335, 41.960460294068426 ], [ 19.3825602, 41.961456094068872 ], [ 19.3860772, 41.963375094069697 ], [ 19.3886361, 41.966362994071062 ], [ 19.386507, 41.968620194072059 ], [ 19.3763711, 41.974502494074684 ], [ 19.376906, 41.979003994076656 ], [ 19.3816264, 41.985384694079478 ], [ 19.3809596, 41.989332094081227 ], [ 19.3818454, 41.995123694083816 ], [ 19.3806084, 41.997259994084807 ], [ 19.3790422, 41.997518294084848 ], [ 19.3799936, 42.002009094086837 ], [ 19.3740133, 42.004753894088054 ], [ 19.3726655, 42.011934694091252 ], [ 19.3711843, 42.014087894092235 ], [ 19.3717164, 42.014661994092435 ], [ 19.371577399999989, 42.020162294094924 ], [ 19.3728621, 42.0210657940953 ], [ 19.3732242, 42.022714794096053 ], [ 19.3694675, 42.024573794096874 ], [ 19.3692713, 42.029382794098971 ], [ 19.3698702, 42.031073394099728 ], [ 19.3719173, 42.032866094100534 ], [ 19.37028, 42.035516494101749 ], [ 19.3705268, 42.037025094102376 ], [ 19.3735303, 42.042683494104864 ], [ 19.3745544, 42.046101794106384 ], [ 19.3754137, 42.046055894106388 ], [ 19.377012, 42.049156394107733 ], [ 19.379592, 42.052009394109028 ], [ 19.3784669, 42.053300094109574 ], [ 19.3767731, 42.059982094112513 ], [ 19.3785122, 42.064547394114534 ], [ 19.3668532, 42.064042694114349 ], [ 19.3643855, 42.064354094114485 ], [ 19.3583026, 42.063495894114091 ], [ 19.3510755, 42.063385794114069 ], [ 19.3494443, 42.062659094113712 ], [ 19.3432721, 42.061969094113373 ], [ 19.3281368, 42.058070294111715 ], [ 19.3255429, 42.057860394111614 ], [ 19.3226283, 42.056034994110775 ], [ 19.3212762, 42.055912794110711 ], [ 19.3186955, 42.056947294111197 ], [ 19.3168438, 42.056619894111051 ], [ 19.3136929, 42.054140694109954 ], [ 19.3059346, 42.051564594108825 ], [ 19.3039582, 42.051863994108921 ], [ 19.3022031, 42.052846594109383 ], [ 19.2986877, 42.051852094108959 ], [ 19.2952941, 42.052359494109183 ], [ 19.2931483, 42.053554394109696 ], [ 19.2896292, 42.057107294111255 ], [ 19.2879126, 42.057840194111549 ], [ 19.2856167, 42.057871994111558 ], [ 19.279469, 42.056812594111136 ], [ 19.2767002, 42.055561894110582 ], [ 19.2693187, 42.055689394110637 ], [ 19.265392, 42.053132194109494 ], [ 19.2648126, 42.05208859410903 ], [ 19.2553283, 42.055338894110506 ], [ 19.2561008, 42.056422194110937 ], [ 19.256487, 42.065343494114899 ], [ 19.2507793, 42.067971894116098 ], [ 19.2548243, 42.069823994116838 ], [ 19.2519945, 42.071414094117564 ], [ 19.248604, 42.072556694118113 ], [ 19.2432493, 42.071775294117728 ], [ 19.2403136, 42.069017394116564 ], [ 19.2373468, 42.071428394117589 ], [ 19.2315532, 42.074805094119093 ], [ 19.2293216, 42.077783494120403 ], [ 19.227605, 42.077687894120395 ], [ 19.2245366, 42.079137194120968 ], [ 19.2227556, 42.078531994120716 ], [ 19.2192365, 42.08033169412154 ], [ 19.2187859, 42.081653494122079 ], [ 19.2159749, 42.083819394123047 ], [ 19.2117839, 42.083432894122879 ], [ 19.2077761, 42.081875794122197 ], [ 19.2061374, 42.082224894122341 ], [ 19.2034518, 42.081132594121854 ], [ 19.2041801, 42.077877994120428 ], [ 19.2060312, 42.075985994119605 ], [ 19.2096879, 42.073981294118681 ], [ 19.2120852, 42.070737594117261 ], [ 19.2123431, 42.065421194114926 ], [ 19.2143156, 42.065466194114997 ], [ 19.2207034, 42.063900494114286 ], [ 19.2222564, 42.064634294114597 ], [ 19.2238341, 42.063115894113935 ], [ 19.2245427, 42.06135249411313 ], [ 19.2280543, 42.059233694112251 ], [ 19.2273435, 42.057886794111639 ], [ 19.2300522, 42.057006194111224 ], [ 19.2319416, 42.052227194109093 ], [ 19.23849, 42.04643129410654 ], [ 19.2404211, 42.041814394104527 ], [ 19.2385059, 42.038731694103163 ], [ 19.2243875, 42.042421794104776 ], [ 19.221736, 42.041714694104435 ], [ 19.2203351, 42.038539094103015 ], [ 19.2188277, 42.038244294102903 ], [ 19.2177729, 42.035073994101559 ], [ 19.2162321, 42.03407399410105 ], [ 19.2169026, 42.032395994100334 ], [ 19.2148276, 42.029536494099048 ], [ 19.2161632, 42.026413394097688 ], [ 19.2221158, 42.020794594095193 ], [ 19.2246855, 42.020061194094858 ], [ 19.2254631, 42.019218594094497 ], [ 19.2304866, 42.01843509409413 ], [ 19.231269799999989, 42.017618094093791 ], [ 19.2340332, 42.01715089409354 ], [ 19.236687, 42.01538779409281 ], [ 19.2396024, 42.015506294092809 ], [ 19.2427118, 42.012375494091479 ], [ 19.2471802, 42.011197394090971 ], [ 19.2502148, 42.009562694090214 ], [ 19.2489563, 42.006108394088649 ], [ 19.2528324, 42.004870694088098 ], [ 19.2518883, 42.001888994086833 ], [ 19.25103, 42.001872994086803 ], [ 19.2508798, 41.99846059408528 ], [ 19.2500215, 41.99775889408496 ], [ 19.2506866, 41.997328294084802 ], [ 19.2501073, 41.996243994084296 ], [ 19.2481976, 41.995733594084086 ], [ 19.249721, 41.993772094083205 ], [ 19.2558794, 41.992065694082491 ], [ 19.2556005, 41.989147094081162 ], [ 19.2564158, 41.985351194079506 ], [ 19.2611151, 41.984091094078934 ], [ 19.2644196, 41.984473894079109 ], [ 19.265106, 41.981862094077961 ], [ 19.2618581, 41.980004394077071 ], [ 19.2588358, 41.979394094076845 ], [ 19.2563818, 41.977616794076056 ], [ 19.256436, 41.973109594074018 ], [ 19.2580509, 41.972056494073577 ], [ 19.2516254, 41.968169794071876 ], [ 19.2498774, 41.968995094072234 ], [ 19.2465091, 41.972571294073802 ], [ 19.2428983, 41.970351594072824 ], [ 19.2416862, 41.96855869407203 ], [ 19.2437914, 41.964356094070183 ], [ 19.2349368, 41.967116794071387 ], [ 19.206204, 41.978209694076327 ], [ 19.1983309, 41.980498094077305 ], [ 19.1630537, 41.988400994080841 ], [ 19.1511705, 41.992900094082827 ], [ 19.1443607, 41.992875894082808 ], [ 19.1426951, 41.992009694082419 ], [ 19.1434894, 41.991563594082251 ], [ 19.1420283, 41.990987194081967 ], [ 19.1421878, 41.990068194081566 ], [ 19.1472563, 41.989375294081277 ], [ 19.1491768, 41.988557494080894 ], [ 19.1508713, 41.986907194080153 ], [ 19.1522488, 41.982543494078215 ], [ 19.151845, 41.981950994077977 ], [ 19.1501555, 41.98199089407796 ], [ 19.1506298, 41.981222694077651 ], [ 19.1500006, 41.980638394077388 ], [ 19.1442308, 41.981171994077592 ], [ 19.1418321, 41.980584294077381 ], [ 19.1407577, 41.97952839407688 ], [ 19.141675, 41.978363094076379 ], [ 19.1403676, 41.977640394076069 ], [ 19.1408472, 41.976459794075481 ], [ 19.1389724, 41.976548494075558 ], [ 19.1383247, 41.976158994075369 ], [ 19.1388104, 41.976361794075487 ], [ 19.1386514, 41.974735294074733 ], [ 19.1418282, 41.972821694073872 ], [ 19.1419625, 41.972219494073641 ], [ 19.143395, 41.9721088940736 ], [ 19.1422108, 41.971080494073135 ], [ 19.1447814, 41.96923339407234 ], [ 19.1442868, 41.968088194071797 ], [ 19.1457189, 41.966930694071308 ], [ 19.1489752, 41.964956294070426 ], [ 19.1494056, 41.965254694070588 ], [ 19.1492076, 41.964932694070413 ], [ 19.1515191, 41.964042694069981 ], [ 19.152639, 41.964281194070132 ], [ 19.1525916, 41.963183394069652 ], [ 19.1543549, 41.961024494068674 ], [ 19.1617867, 41.957921494067321 ], [ 19.163382, 41.954867894065927 ], [ 19.1656725, 41.952669194064939 ], [ 19.1652847, 41.951178294064313 ], [ 19.1641992, 41.950302994063897 ], [ 19.1625008, 41.951087694064299 ], [ 19.1567747, 41.951799294064585 ], [ 19.155694, 41.952511794064897 ], [ 19.1482384, 41.952995094065081 ], [ 19.1503043, 41.950873094064136 ], [ 19.1499294, 41.949910894063713 ], [ 19.1505674, 41.949019094063381 ], [ 19.1515541, 41.949026094063349 ], [ 19.1536484, 41.946623594062281 ], [ 19.1567717, 41.946818594062385 ], [ 19.1562234, 41.945405994061701 ], [ 19.1579875, 41.94470809406144 ], [ 19.1580399, 41.94394849406109 ], [ 19.1597701, 41.943013994060649 ], [ 19.159785, 41.942500794060464 ], [ 19.1619434, 41.942301394060379 ], [ 19.161433, 41.94168839406008 ], [ 19.162353, 41.940423494059523 ], [ 19.166438, 41.938787394058764 ], [ 19.1684094, 41.938927094058862 ], [ 19.1686186, 41.937851694058359 ], [ 19.169949, 41.937678094058327 ], [ 19.1715081, 41.936127894057634 ], [ 19.1745651, 41.937318894058116 ], [ 19.1748455, 41.936058694057557 ], [ 19.1768355, 41.935329194057225 ], [ 19.1786565, 41.933247594056326 ], [ 19.1795178, 41.933219094056312 ], [ 19.1805142, 41.934242194056765 ], [ 19.1814151, 41.93193439405573 ], [ 19.1834432, 41.930921894055309 ], [ 19.1851324, 41.93147969405554 ], [ 19.1845697, 41.929541094054663 ], [ 19.189065, 41.927599194053826 ], [ 19.1901219, 41.928643094054237 ], [ 19.1912077, 41.928754594054297 ], [ 19.1919941, 41.927393894053715 ], [ 19.1948611, 41.926228594053214 ], [ 19.1972515, 41.927050694053548 ], [ 19.1976629, 41.925781094053022 ], [ 19.1993772, 41.925555294052927 ], [ 19.2004501, 41.92456569405244 ], [ 19.2006492, 41.923967494052199 ], [ 19.1997834, 41.923229394051901 ], [ 19.2003231, 41.922408694051477 ], [ 19.2007522, 41.922263294051469 ], [ 19.2007528, 41.922787694051678 ], [ 19.2018276, 41.921896894051301 ], [ 19.202734, 41.924039194052213 ], [ 19.2040459, 41.923980094052212 ], [ 19.2056211, 41.922566494051559 ], [ 19.2043895, 41.921542494051117 ], [ 19.204529, 41.920645494050696 ], [ 19.2047187, 41.920964694050888 ], [ 19.2051236, 41.9205211940507 ], [ 19.2051496, 41.921084894050885 ], [ 19.2058949, 41.920519694050661 ], [ 19.2059308, 41.921138294050941 ], [ 19.206313, 41.920396694050609 ], [ 19.206763, 41.921841694051274 ], [ 19.2090128, 41.920459294050666 ], [ 19.2104581, 41.921085694050888 ], [ 19.2114005, 41.919377394050194 ], [ 19.212, 41.919855194050371 ], [ 19.21283, 41.919079894050029 ], [ 19.2129903, 41.919939394050374 ], [ 19.2136697, 41.919943694050389 ], [ 19.2135984, 41.919671394050297 ], [ 19.2138158, 41.91830969404969 ], [ 19.2151013, 41.918578594049798 ], [ 19.2152439, 41.917864294049451 ], [ 19.2159568, 41.91777769404947 ], [ 19.2167487, 41.918285394049676 ], [ 19.2170027, 41.917496094049326 ], [ 19.2185501, 41.917271094049234 ], [ 19.2192542, 41.916498694048862 ], [ 19.220118, 41.91711809404913 ], [ 19.2215628, 41.915521194048473 ], [ 19.2228307, 41.91572499404851 ], [ 19.2234927, 41.914751894048081 ], [ 19.2284339, 41.912395094047056 ], [ 19.235815, 41.905843494044127 ], [ 19.2351465, 41.909536994045773 ], [ 19.2390387, 41.909473094045765 ], [ 19.2630411, 41.903415894043015 ], [ 19.27148, 41.90070639404184 ], [ 19.2811173, 41.896718094040075 ], [ 19.2891544, 41.894362594039031 ], [ 19.3052679, 41.88776299403608 ], [ 19.3136435, 41.883625794034252 ], [ 19.3231455, 41.877453694031487 ], [ 19.3264105, 41.875933894030787 ], [ 19.3314997, 41.871902194028998 ], [ 19.3344859, 41.86843789402743 ], [ 19.3352668, 41.86850549402746 ], [ 19.3386515, 41.866465394026584 ], [ 19.3379485, 41.865580794026215 ], [ 19.3421462, 41.862502394024794 ], [ 19.3612993, 41.851184494019783 ], [ 19.3721262, 41.84651989401771 ], [ 19.372027, 41.847370794018055 ], [ 19.3707884, 41.847670794018178 ], [ 19.3703363, 41.848988194018773 ], [ 19.3701114, 41.847928194018316 ], [ 19.3693295, 41.848430994018528 ], [ 19.3715337, 41.850924294019613 ] ] ], [ [ [ 19.1382955, 41.992789094082788 ], [ 19.1394542, 41.992079694082463 ], [ 19.1407393, 41.992301094082571 ], [ 19.1400671, 41.992989494082842 ], [ 19.1382955, 41.992789094082788 ] ] ] ] } },
{ "type": "Feature", "properties": { "admin_id": "2319539", "name_local": "Opština Šavnik", "name_en": "Šavnik Municipality" }, "geometry": { "type": "Polygon", "coordinates": [ [ [ 19.0343298, 43.128821494573295 ], [ 19.0347678, 43.128146194573034 ], [ 19.0310082, 43.12294539457087 ], [ 19.0231348, 43.114053194567134 ], [ 19.0152652, 43.117876494568719 ], [ 19.0120449, 43.120517294569865 ], [ 19.0135001, 43.124133694571384 ], [ 19.0014538, 43.126750694572451 ], [ 18.9927955, 43.115324594567667 ], [ 18.9827942, 43.113268294566787 ], [ 18.9781408, 43.109844994565378 ], [ 18.975999, 43.103160394562558 ], [ 18.9757958, 43.099608994561052 ], [ 18.9766788, 43.093943594558688 ], [ 18.9743816, 43.091289994557584 ], [ 18.9721761, 43.085586794555184 ], [ 18.9727199, 43.078793894552305 ], [ 18.9712083, 43.076484094551347 ], [ 18.9693718, 43.075107994550734 ], [ 18.9680369, 43.069658994548462 ], [ 18.9642028, 43.065830594546846 ], [ 18.959733, 43.058322494543674 ], [ 18.9523872, 43.0508044945405 ], [ 18.9508559, 43.047837694539275 ], [ 18.9519465, 43.046950094538886 ], [ 18.9512722, 43.044869194538045 ], [ 18.9451616, 43.039983894535958 ], [ 18.9436362, 43.037724694534987 ], [ 18.9434354, 43.036071794534323 ], [ 18.9426158, 43.037536294534917 ], [ 18.9411658, 43.036398394534437 ], [ 18.9419357, 43.033376594533145 ], [ 18.9386495, 43.033098394533077 ], [ 18.9373675, 43.033517594533201 ], [ 18.935514, 43.030244094531845 ], [ 18.9359825, 43.027721994530786 ], [ 18.9334742, 43.025975394530029 ], [ 18.9363118, 43.021406994528128 ], [ 18.9401949, 43.01947489452732 ], [ 18.942505, 43.01334289452474 ], [ 18.9405971, 43.010749494523587 ], [ 18.9374186, 43.009991894523331 ], [ 18.9360765, 43.008981494522843 ], [ 18.9380324, 43.004083494520827 ], [ 18.9408755, 43.003199494520423 ], [ 18.9419384, 43.00208449451992 ], [ 18.9472561, 43.004712194521069 ], [ 18.9487391, 43.004288994520891 ], [ 18.9494288, 43.003281294520491 ], [ 18.9520695, 43.003212394520446 ], [ 18.9575168, 42.998634894518517 ], [ 18.9611565, 42.997969294518228 ], [ 18.9661448, 42.995568294517227 ], [ 18.9664087, 42.993215694516238 ], [ 18.9703557, 42.991052794515305 ], [ 18.9759554, 42.989280894514543 ], [ 18.9789759, 42.989232394514524 ], [ 18.9810293, 42.990629394515118 ], [ 18.9866184, 42.990001394514884 ], [ 18.9918112, 42.990866294515193 ], [ 18.9933566, 42.990502894515089 ], [ 18.9963077, 42.987678694513868 ], [ 19.0007032, 42.986405494513328 ], [ 19.0026036, 42.982727594511758 ], [ 19.0069612, 42.981151394511095 ], [ 19.0074659, 42.979197394510308 ], [ 19.0121995, 42.977340794509523 ], [ 19.0150149, 42.976949294509318 ], [ 19.0182189, 42.974910294508469 ], [ 19.0118206, 42.972095594507309 ], [ 19.004666, 42.962400394503199 ], [ 19.0048598, 42.960131194502189 ], [ 19.0002914, 42.953866894499583 ], [ 18.997464, 42.935268294491678 ], [ 19.0038674, 42.937724794492738 ], [ 19.0094519, 42.936118694492073 ], [ 19.0169122, 42.936566494492233 ], [ 19.0183853, 42.933591494491004 ], [ 19.0218154, 42.931427194490034 ], [ 19.0228437, 42.927350494488309 ], [ 19.0261477, 42.923794794486817 ], [ 19.0342009, 42.920877994485586 ], [ 19.0364621, 42.921100894485676 ], [ 19.037926, 42.922331694486218 ], [ 19.0413647, 42.921790194485972 ], [ 19.0430492, 42.922727294486393 ], [ 19.0486248, 42.921011094485635 ], [ 19.0517534, 42.919055194484841 ], [ 19.0541285, 42.918772094484673 ], [ 19.0555211, 42.916792994483849 ], [ 19.0592291, 42.916340794483624 ], [ 19.0621616, 42.914622494482941 ], [ 19.0690984, 42.907318194479807 ], [ 19.077672, 42.904022994478439 ], [ 19.0876963, 42.897294594475596 ], [ 19.0942982, 42.894444094474366 ], [ 19.0944662, 42.893217294473843 ], [ 19.0985759, 42.892005594473318 ], [ 19.0998749, 42.892933494473709 ], [ 19.1015613, 42.891249094472997 ], [ 19.1014375, 42.890354494472625 ], [ 19.1059614, 42.888808694471955 ], [ 19.1068729, 42.886786394471102 ], [ 19.1087122, 42.886125194470821 ], [ 19.1129917, 42.886522194470984 ], [ 19.1116866, 42.884794394470241 ], [ 19.1210515, 42.878375894467545 ], [ 19.1226864, 42.877439594467177 ], [ 19.128487, 42.876063094466573 ], [ 19.1370353, 42.871664294464694 ], [ 19.1406783, 42.868891194463529 ], [ 19.1428736, 42.868149694463199 ], [ 19.1388367, 42.863821494461334 ], [ 19.1450991, 42.863307294461137 ], [ 19.1466728, 42.862538994460756 ], [ 19.1459353, 42.861320294460292 ], [ 19.1477501, 42.859545994459559 ], [ 19.156798, 42.856227894458115 ], [ 19.1603387, 42.853604494456974 ], [ 19.161522699999988, 42.851563894456149 ], [ 19.1647183, 42.849139594455103 ], [ 19.1646578, 42.848293494454765 ], [ 19.1677454, 42.847220794454252 ], [ 19.1710946, 42.84791799445459 ], [ 19.17665, 42.852428394456489 ], [ 19.1845351, 42.854782594457546 ], [ 19.188415, 42.857756194458766 ], [ 19.1900499, 42.857914794458814 ], [ 19.1960087, 42.861999294460595 ], [ 19.1961972, 42.861397894460275 ], [ 19.1960126, 42.861999194460566 ], [ 19.2013484, 42.863388594461171 ], [ 19.2016599, 42.86608469446228 ], [ 19.1979336, 42.873001094465245 ], [ 19.1987693, 42.874031894465702 ], [ 19.2000041, 42.87376619446561 ], [ 19.2003393, 42.874818194466002 ], [ 19.1984771, 42.878240894467496 ], [ 19.2009794, 42.879779094468141 ], [ 19.199007, 42.880589994468473 ], [ 19.2009542, 42.882594094469354 ], [ 19.1995309, 42.883886294469853 ], [ 19.1994934, 42.886837394471144 ], [ 19.2000094, 42.887329994471308 ], [ 19.2047486, 42.887797494471528 ], [ 19.2071486, 42.887377794471355 ], [ 19.2106531, 42.88911879447209 ], [ 19.2136172, 42.891612794473197 ], [ 19.2123585, 42.896971894475463 ], [ 19.2135726, 42.89956129447652 ], [ 19.219109, 42.904692694478726 ], [ 19.221116, 42.909661994480814 ], [ 19.2275213, 42.911882594481732 ], [ 19.2291507, 42.913161694482305 ], [ 19.2298264, 42.913347194482363 ], [ 19.231358, 42.912515094482011 ], [ 19.2332275, 42.91316719448232 ], [ 19.2348856, 42.916376894483683 ], [ 19.2340329, 42.917713694484242 ], [ 19.231219, 42.919702594485095 ], [ 19.2365736, 42.919300794484911 ], [ 19.2377929, 42.919903194485151 ], [ 19.2428203, 42.91580869448341 ], [ 19.244309, 42.916078094483538 ], [ 19.2497804, 42.915177794483157 ], [ 19.2565319, 42.915051294483106 ], [ 19.2583655, 42.914088394482711 ], [ 19.2597015, 42.915572394483306 ], [ 19.2619819, 42.916776794483816 ], [ 19.2723188, 42.911009494481384 ], [ 19.2816441, 42.910804694481271 ], [ 19.28691, 42.909691794480821 ], [ 19.2918584, 42.909674494480811 ], [ 19.2916394, 42.910252194481068 ], [ 19.3019625, 42.909226294480625 ], [ 19.3071599, 42.907139594479737 ], [ 19.3104125, 42.908407194480262 ], [ 19.3109128, 42.909443394480739 ], [ 19.3176551, 42.911653394481689 ], [ 19.321413199999984, 42.91458719448292 ], [ 19.3237793, 42.915664094483361 ], [ 19.3266715, 42.916176594483552 ], [ 19.3265612, 42.916886994483896 ], [ 19.3301988, 42.917879994484331 ], [ 19.3322346, 42.919466694484974 ], [ 19.3380871, 42.919103394484821 ], [ 19.338215, 42.920770294485536 ], [ 19.3369939, 42.921534194485879 ], [ 19.339519, 42.922442494486233 ], [ 19.3429987, 42.920998794485627 ], [ 19.3458266, 42.920569794485445 ], [ 19.3485417, 42.921119394485686 ], [ 19.3499353, 42.922430094486238 ], [ 19.3515839, 42.922835094486437 ], [ 19.3520656, 42.922734194486374 ], [ 19.3515532, 42.921093494485689 ], [ 19.3529159, 42.920410494485395 ], [ 19.3543167, 42.920511394485423 ], [ 19.3616257, 42.9185505944846 ], [ 19.3636819, 42.919427294484947 ], [ 19.3629035, 42.922414094486221 ], [ 19.3640468, 42.922758994486408 ], [ 19.3653938, 42.924650394487159 ], [ 19.3616965, 42.929928294489429 ], [ 19.3601178, 42.930942794489859 ], [ 19.3622668, 42.934024594491198 ], [ 19.3623353, 42.935258694491658 ], [ 19.3633996, 42.934771194491454 ], [ 19.3645436, 42.935571394491781 ], [ 19.367275, 42.94255439449482 ], [ 19.3693411, 42.94509749449584 ], [ 19.3685247, 42.952939094499193 ], [ 19.3680481, 42.953779394499527 ], [ 19.3644398, 42.95527759450016 ], [ 19.3633027, 42.956553694500748 ], [ 19.3581364, 42.958754994501646 ], [ 19.3489632, 42.961602594502814 ], [ 19.3473625, 42.963012394503444 ], [ 19.3451295, 42.96616289450477 ], [ 19.3486494, 42.972562294507512 ], [ 19.3489446, 42.976731494509252 ], [ 19.3476497, 42.984150594512386 ], [ 19.3445067, 42.989708394514729 ], [ 19.3365282, 42.993795794516465 ], [ 19.3302037, 42.999838294519002 ], [ 19.3295722, 42.999376494518835 ], [ 19.3282102, 42.999603494518929 ], [ 19.325228, 43.001433494519688 ], [ 19.3224836, 43.000937194519452 ], [ 19.3196122, 43.001234394519614 ], [ 19.3155441, 43.002759894520231 ], [ 19.3122782, 43.004803994521112 ], [ 19.3050446, 43.006365294521785 ], [ 19.2997784, 43.0159300945258 ], [ 19.2975197, 43.018015094526689 ], [ 19.2961583, 43.018294594526814 ], [ 19.2847357, 43.015783294525747 ], [ 19.2794992, 43.016581294526056 ], [ 19.277376, 43.018294794526824 ], [ 19.2758596, 43.0180476945267 ], [ 19.2720792, 43.014824394525391 ], [ 19.2705964, 43.014732294525302 ], [ 19.268057, 43.016064494525878 ], [ 19.2651258, 43.01515519452547 ], [ 19.2626341, 43.016414294526022 ], [ 19.2575043, 43.016615794526125 ], [ 19.2523399, 43.019968794527529 ], [ 19.2460783, 43.020363194527683 ], [ 19.2441157, 43.020964194527934 ], [ 19.2400782, 43.023942194529205 ], [ 19.2431952, 43.027156194530548 ], [ 19.2466427, 43.033858894533346 ], [ 19.2496885, 43.036529594534521 ], [ 19.24993, 43.040524094536217 ], [ 19.2519796, 43.041481394536596 ], [ 19.2512502, 43.045016294538058 ], [ 19.2485888, 43.045515694538302 ], [ 19.2464783, 43.046831894538826 ], [ 19.2431192, 43.047181994539002 ], [ 19.2414296, 43.04817999453946 ], [ 19.2314045, 43.049189794539863 ], [ 19.2247414, 43.058039494543586 ], [ 19.2225867, 43.059865194544329 ], [ 19.2190882, 43.061313294544973 ], [ 19.2161053, 43.061815394545135 ], [ 19.2087292, 43.065494594546692 ], [ 19.2077076, 43.066598194547161 ], [ 19.2040624, 43.068203094547862 ], [ 19.2003475, 43.068788594548103 ], [ 19.1963699, 43.071198094549111 ], [ 19.1941834, 43.071184494549094 ], [ 19.1921728, 43.072553294549657 ], [ 19.1907012, 43.071763594549338 ], [ 19.1882674, 43.065467194546663 ], [ 19.18845, 43.061983694545248 ], [ 19.1845741, 43.055381394542415 ], [ 19.1828534, 43.05361259454169 ], [ 19.1755875, 43.052588194541286 ], [ 19.1748013, 43.050672194540468 ], [ 19.1721564, 43.049554094540007 ], [ 19.1687875, 43.049771794540064 ], [ 19.1654325, 43.050722294540478 ], [ 19.1624903, 43.050385794540347 ], [ 19.1602061, 43.055127494542326 ], [ 19.1540486, 43.05656419454295 ], [ 19.1459502, 43.061135094544845 ], [ 19.1395419, 43.062573494545489 ], [ 19.1358886, 43.064350694546278 ], [ 19.1362879, 43.065675194546785 ], [ 19.140852, 43.069202894548262 ], [ 19.1411916, 43.070665494548884 ], [ 19.1430417, 43.072708494549744 ], [ 19.1419305, 43.076796694551462 ], [ 19.1418762, 43.080599494553063 ], [ 19.145062299999989, 43.086990294555726 ], [ 19.1405191, 43.087855494556123 ], [ 19.1406531, 43.090286894557146 ], [ 19.1355456, 43.090376594557192 ], [ 19.1336221, 43.089142894556659 ], [ 19.1298274, 43.087912094556131 ], [ 19.1232143, 43.087916594556134 ], [ 19.1214166, 43.085712994555195 ], [ 19.1160277, 43.083249394554159 ], [ 19.1105727, 43.084196294554566 ], [ 19.1038589, 43.083900594554436 ], [ 19.0977751, 43.08445049455468 ], [ 19.0889973, 43.084121594554567 ], [ 19.0811601, 43.082367394553806 ], [ 19.076415, 43.082530194553904 ], [ 19.0683545, 43.081779994553564 ], [ 19.0642622, 43.082467094553856 ], [ 19.0584261, 43.084703794554777 ], [ 19.0537253, 43.087460694555965 ], [ 19.0456502, 43.090602294557272 ], [ 19.0455918, 43.091900494557848 ], [ 19.0484447, 43.093997894558711 ], [ 19.0498522, 43.096285494559673 ], [ 19.0526218, 43.107585594564434 ], [ 19.0523221, 43.10888609456498 ], [ 19.0457485, 43.119977094569592 ], [ 19.0432253, 43.123126494570919 ], [ 19.0343298, 43.128821494573295 ] ] ] } },
{ "type": "Feature", "properties": { "admin_id": "2319540", "name_local": "Opština Žabljak", "name_en": "Žabljak Municipality" }, "geometry": { "type": "Polygon", "coordinates": [ [ [ 18.994609, 43.25726059462707 ], [ 18.992521, 43.255364894626254 ], [ 18.989258, 43.254446994625894 ], [ 18.9852996, 43.252394094625025 ], [ 18.9836, 43.250132394624082 ], [ 18.984439, 43.246518194622581 ], [ 18.9840877, 43.244448894621684 ], [ 18.9860951, 43.241441594620433 ], [ 18.9884578, 43.239783894619784 ], [ 18.9854053, 43.232592294616758 ], [ 18.9886742, 43.228063294614884 ], [ 18.9889399, 43.225172894613678 ], [ 18.9901183, 43.224059294613177 ], [ 18.9907722, 43.222166394612415 ], [ 18.9908046, 43.215207694609539 ], [ 18.9948386, 43.203464894604636 ], [ 18.9946374, 43.200715294603469 ], [ 18.9962833, 43.199397894602932 ], [ 18.9974789, 43.195683494601354 ], [ 18.9969532, 43.194888494600988 ], [ 18.9973563, 43.191098394599436 ], [ 18.9990597, 43.189421194598722 ], [ 18.999306, 43.183691794596307 ], [ 18.9998773, 43.181204494595278 ], [ 19.0007117, 43.181055394595219 ], [ 19.0005286, 43.178531694594135 ], [ 18.9992399, 43.176772094593417 ], [ 18.9995778, 43.175202894592736 ], [ 18.9980233, 43.173538194592055 ], [ 18.9995661, 43.169911894590534 ], [ 18.9995798, 43.166643994589208 ], [ 18.9982214, 43.163233894587748 ], [ 18.9964268, 43.162304894587379 ], [ 18.9956576, 43.160226894586501 ], [ 19.0082013, 43.148859494581764 ], [ 19.0203171, 43.144558594579948 ], [ 19.0242165, 43.140570594578271 ], [ 19.0245605, 43.138640394577472 ], [ 19.0267805, 43.135729894576244 ], [ 19.0290495, 43.134931394575887 ], [ 19.0319308, 43.132509994574868 ], [ 19.0332644, 43.129638394573639 ], [ 19.0420336, 43.124081194571353 ], [ 19.0457485, 43.119977094569592 ], [ 19.0519358, 43.109833494565372 ], [ 19.0526218, 43.107585594564434 ], [ 19.0498522, 43.096285494559673 ], [ 19.0484447, 43.093997894558711 ], [ 19.0455918, 43.091900494557848 ], [ 19.0463644, 43.090005894557017 ], [ 19.052288, 43.088122794556249 ], [ 19.0617832, 43.083374994554227 ], [ 19.0683545, 43.081779994553564 ], [ 19.076415, 43.082530194553904 ], [ 19.0811601, 43.082367394553806 ], [ 19.0889973, 43.084121594554567 ], [ 19.0977751, 43.08445049455468 ], [ 19.1038589, 43.083900594554436 ], [ 19.1105727, 43.084196294554566 ], [ 19.1160277, 43.083249394554159 ], [ 19.1214166, 43.085712994555195 ], [ 19.1232143, 43.087916594556134 ], [ 19.1298274, 43.087912094556131 ], [ 19.1336221, 43.089142894556659 ], [ 19.1355456, 43.090376594557192 ], [ 19.1406531, 43.090286894557146 ], [ 19.1405191, 43.087855494556123 ], [ 19.145062299999989, 43.086990294555726 ], [ 19.1418762, 43.080599494553063 ], [ 19.1419305, 43.076796694551462 ], [ 19.1430417, 43.072708494549744 ], [ 19.1411916, 43.070665494548884 ], [ 19.140852, 43.069202894548262 ], [ 19.1362879, 43.065675194546785 ], [ 19.1358886, 43.064350694546278 ], [ 19.1395419, 43.062573494545489 ], [ 19.1459502, 43.061135094544845 ], [ 19.1540486, 43.05656419454295 ], [ 19.1602061, 43.055127494542326 ], [ 19.1624903, 43.050385794540347 ], [ 19.1654325, 43.050722294540478 ], [ 19.1687875, 43.049771794540064 ], [ 19.1721564, 43.049554094540007 ], [ 19.1748013, 43.050672194540468 ], [ 19.1755875, 43.052588194541286 ], [ 19.1828534, 43.05361259454169 ], [ 19.1845741, 43.055381394542415 ], [ 19.18845, 43.061983694545248 ], [ 19.1882674, 43.065467194546663 ], [ 19.1907012, 43.071763594549338 ], [ 19.1921728, 43.072553294549657 ], [ 19.1941834, 43.071184494549094 ], [ 19.1963699, 43.071198094549111 ], [ 19.2003475, 43.068788594548103 ], [ 19.2040624, 43.068203094547862 ], [ 19.2077076, 43.066598194547161 ], [ 19.2087292, 43.065494594546692 ], [ 19.2161053, 43.061815394545135 ], [ 19.2190882, 43.061313294544973 ], [ 19.2225867, 43.059865194544329 ], [ 19.2247414, 43.058039494543586 ], [ 19.2314045, 43.049189794539863 ], [ 19.2414296, 43.04817999453946 ], [ 19.2431192, 43.047181994539002 ], [ 19.2464783, 43.046831894538826 ], [ 19.2485888, 43.045515694538302 ], [ 19.2512502, 43.045016294538058 ], [ 19.2519796, 43.041481394536596 ], [ 19.24993, 43.040524094536217 ], [ 19.2496885, 43.036529594534521 ], [ 19.2466427, 43.033858894533346 ], [ 19.2431952, 43.027156194530548 ], [ 19.2400782, 43.023942194529205 ], [ 19.2441157, 43.020964194527934 ], [ 19.2460783, 43.020363194527683 ], [ 19.2523399, 43.019968794527529 ], [ 19.2575043, 43.016615794526125 ], [ 19.2626341, 43.016414294526022 ], [ 19.2651258, 43.01515519452547 ], [ 19.268057, 43.016064494525878 ], [ 19.2705964, 43.014732294525302 ], [ 19.2720792, 43.014824394525391 ], [ 19.2758596, 43.0180476945267 ], [ 19.277376, 43.018294794526824 ], [ 19.2794992, 43.016581294526056 ], [ 19.2847357, 43.015783294525747 ], [ 19.2961583, 43.018294594526814 ], [ 19.2975197, 43.018015094526689 ], [ 19.2997784, 43.0159300945258 ], [ 19.3050446, 43.006365294521785 ], [ 19.3122782, 43.004803994521112 ], [ 19.3155441, 43.002759894520231 ], [ 19.3196122, 43.001234394519614 ], [ 19.3224836, 43.000937194519452 ], [ 19.325228, 43.001433494519688 ], [ 19.3282102, 42.999603494518929 ], [ 19.3295722, 42.999376494518835 ], [ 19.3302037, 42.999838294519002 ], [ 19.3273909, 43.002654194520211 ], [ 19.3269233, 43.006661194521925 ], [ 19.3298942, 43.010395394523464 ], [ 19.3315391, 43.014661194525253 ], [ 19.3369559, 43.017358394526404 ], [ 19.3424185, 43.017117794526342 ], [ 19.340532, 43.020879294527901 ], [ 19.3431571, 43.022902694528725 ], [ 19.347035, 43.028185194530977 ], [ 19.3523132, 43.030465994531951 ], [ 19.3572967, 43.029283494531462 ], [ 19.3706692, 43.033505194533184 ], [ 19.3771576, 43.038963994535557 ], [ 19.3807003, 43.042788894537154 ], [ 19.3842099, 43.045121694538125 ], [ 19.3886635, 43.045791994538412 ], [ 19.3877149, 43.047392294539065 ], [ 19.3880316, 43.050758694540527 ], [ 19.3871424, 43.056932094543107 ], [ 19.3844764, 43.060992594544821 ], [ 19.3835721, 43.06360349454588 ], [ 19.38646, 43.06645719454712 ], [ 19.3859948, 43.07107739454905 ], [ 19.3865787, 43.071147894549078 ], [ 19.3850216, 43.074020594550348 ], [ 19.3817576, 43.076878594551495 ], [ 19.379737, 43.079956794552757 ], [ 19.378189, 43.079938394552762 ], [ 19.3776869, 43.080766494553131 ], [ 19.377519899999989, 43.085818094555265 ], [ 19.3797547, 43.089020494556635 ], [ 19.3790697, 43.092404894558072 ], [ 19.3765167, 43.096457694559753 ], [ 19.3715805, 43.098552894560633 ], [ 19.3657507, 43.105193294563428 ], [ 19.3608859, 43.107828094564482 ], [ 19.3613518, 43.112975894566645 ], [ 19.3605638, 43.114445394567298 ], [ 19.3463975, 43.118005894568753 ], [ 19.3418769, 43.120378094569801 ], [ 19.3394275, 43.120965094570032 ], [ 19.3363969, 43.124479094571505 ], [ 19.3299085, 43.125370794571865 ], [ 19.3277695, 43.126769894572476 ], [ 19.3258844, 43.12906789457341 ], [ 19.3239713, 43.130077794573886 ], [ 19.3209808, 43.13006939457388 ], [ 19.3154841, 43.128028594572996 ], [ 19.3129607, 43.127928794572973 ], [ 19.3111583, 43.128636594573237 ], [ 19.3098385, 43.129982994573865 ], [ 19.3086433, 43.13441999457568 ], [ 19.3037783, 43.137266994576869 ], [ 19.3015951, 43.139396194577749 ], [ 19.3008685, 43.141079294578439 ], [ 19.2985606, 43.142866294579214 ], [ 19.296703, 43.146537694580758 ], [ 19.2968279, 43.149671294582078 ], [ 19.2911342, 43.155854794584656 ], [ 19.2896236, 43.156130894584749 ], [ 19.2855684, 43.155584494584545 ], [ 19.2822672, 43.15724979458524 ], [ 19.2756211, 43.158508394585773 ], [ 19.2718602, 43.162398894587376 ], [ 19.2640355, 43.165372194588635 ], [ 19.2598891, 43.172044994591438 ], [ 19.2555637, 43.176762694593421 ], [ 19.2547492, 43.177095294593585 ], [ 19.2505624, 43.176262694593206 ], [ 19.2435822, 43.177864694593879 ], [ 19.2384035, 43.180443594594948 ], [ 19.2323612, 43.187445194597899 ], [ 19.2229656, 43.193887894600586 ], [ 19.2207725, 43.194836194601024 ], [ 19.2156229, 43.194982594601051 ], [ 19.2138254, 43.195715594601374 ], [ 19.2099354, 43.199886994603069 ], [ 19.1964876, 43.203648894604676 ], [ 19.1894098, 43.209281794607044 ], [ 19.1800292, 43.215142494609474 ], [ 19.1717492, 43.221227294612042 ], [ 19.1682287, 43.222916794612765 ], [ 19.1578968, 43.223116394612774 ], [ 19.155292, 43.222008994612359 ], [ 19.1514708, 43.221480694612097 ], [ 19.1466491, 43.222710294612611 ], [ 19.1406237, 43.225447094613777 ], [ 19.1377542, 43.225701694613939 ], [ 19.1345688, 43.223925394613147 ], [ 19.1290553, 43.218239394610784 ], [ 19.126245, 43.216662494610148 ], [ 19.1117994, 43.212464694608371 ], [ 19.1096174, 43.213118694608639 ], [ 19.1078174, 43.216096894609869 ], [ 19.1011203, 43.218286094610811 ], [ 19.0956083, 43.221096394611976 ], [ 19.0931372, 43.221165294611964 ], [ 19.0880329, 43.220874994611883 ], [ 19.0804694, 43.217827894610586 ], [ 19.0762862, 43.215426494609645 ], [ 19.0710933, 43.215339694609561 ], [ 19.066888, 43.213215694608699 ], [ 19.0597569, 43.21380439460895 ], [ 19.0558286, 43.215367594609567 ], [ 19.0537671, 43.216873294610195 ], [ 19.0446965, 43.226157594614094 ], [ 19.0439878, 43.232914194616924 ], [ 19.0424589, 43.236704994618492 ], [ 19.0413208, 43.237639494618854 ], [ 19.0389475, 43.238542294619251 ], [ 19.0292752, 43.237774994618938 ], [ 19.0214499, 43.23799399461906 ], [ 19.0180101, 43.239028194619429 ], [ 19.0148405, 43.24102639462027 ], [ 19.0120157, 43.245437294622128 ], [ 19.0106067, 43.249389694623765 ], [ 19.0091557, 43.250814894624369 ], [ 19.002469, 43.252360594624996 ], [ 18.994609, 43.25726059462707 ] ] ] } },
{ "type": "Feature", "properties": { "admin_id": "7460668", "name_local": "Opština Gusinje", "name_en": "Gusinje Municipality" }, "geometry": { "type": "Polygon", "coordinates": [ [ [ 19.7749374, 42.581864894340555 ], [ 19.7745291, 42.582886394340953 ], [ 19.7759664, 42.584296294341549 ], [ 19.7759609, 42.58642139434248 ], [ 19.7747498, 42.589194694343725 ], [ 19.7756175, 42.59109749434451 ], [ 19.7751953, 42.592298594345024 ], [ 19.7737298, 42.592821894345263 ], [ 19.7723927, 42.594851494346116 ], [ 19.7724107, 42.596148894346669 ], [ 19.7698776, 42.597705494347345 ], [ 19.7673733, 42.598333494347635 ], [ 19.7666039, 42.599156894347971 ], [ 19.7608372, 42.607892194351784 ], [ 19.7628062, 42.6082918943519 ], [ 19.7650396, 42.606002994350931 ], [ 19.7766692, 42.60205749434926 ], [ 19.7777438, 42.602768594349534 ], [ 19.7823185, 42.600880194348733 ], [ 19.7828239, 42.602268794349335 ], [ 19.7852303, 42.602855094349586 ], [ 19.7870719, 42.598758494347798 ], [ 19.8065184, 42.596323094346751 ], [ 19.8170183, 42.597204694347134 ], [ 19.8179002, 42.599198294347985 ], [ 19.8213782, 42.601045594348783 ], [ 19.821164, 42.606018094350965 ], [ 19.8234252, 42.612279094353639 ], [ 19.8227106, 42.613191494354034 ], [ 19.8266189, 42.62405879435871 ], [ 19.8241159, 42.627392094360154 ], [ 19.8196087, 42.628911994360799 ], [ 19.8182468, 42.629544994361105 ], [ 19.8183728, 42.62967169436115 ], [ 19.824407, 42.629013494360848 ], [ 19.8306095, 42.625993494359527 ], [ 19.8324007, 42.615652994355088 ], [ 19.8342015, 42.614274094354499 ], [ 19.8372074, 42.613163394354025 ], [ 19.8398917, 42.607777994351721 ], [ 19.8434275, 42.606373094351127 ], [ 19.8464699, 42.605852594350907 ], [ 19.8511462, 42.606876394351332 ], [ 19.8560644, 42.610125394352714 ], [ 19.866466, 42.607361694351567 ], [ 19.8731107, 42.607014694351399 ], [ 19.8750716, 42.605041794350512 ], [ 19.8771552, 42.605320394350628 ], [ 19.8823536, 42.603902994350044 ], [ 19.8863065, 42.604072394350162 ], [ 19.8877847, 42.603041094349642 ], [ 19.8910627, 42.602339394349379 ], [ 19.8920376, 42.599658894348181 ], [ 19.894339, 42.599555494348166 ], [ 19.9040975, 42.592935794345308 ], [ 19.9091206, 42.593500994345554 ], [ 19.9104638, 42.594255594345874 ], [ 19.9112319, 42.593645494345623 ], [ 19.9119966, 42.594041394345759 ], [ 19.9132526, 42.593192394345429 ], [ 19.9169552, 42.592207494345033 ], [ 19.9156424, 42.590097794344125 ], [ 19.917553, 42.590637894344304 ], [ 19.9187634, 42.589901994344032 ], [ 19.918345, 42.588240494343289 ], [ 19.917274, 42.587252494342863 ], [ 19.9173291, 42.58509709434194 ], [ 19.916768, 42.584272394341546 ], [ 19.9151832, 42.583949494341461 ], [ 19.9149138, 42.582437194340777 ], [ 19.9113519, 42.581599694340419 ], [ 19.911127, 42.57908669433936 ], [ 19.9097936, 42.57785879433883 ], [ 19.9073503, 42.577566794338644 ], [ 19.9048701, 42.578452594339019 ], [ 19.9030015, 42.5769585943384 ], [ 19.9003566, 42.578208494338966 ], [ 19.899309499999987, 42.577885494338823 ], [ 19.8989868, 42.57690949433843 ], [ 19.8981373, 42.57683949433833 ], [ 19.895263799999988, 42.578706094339175 ], [ 19.8938593, 42.577627294338683 ], [ 19.8925226, 42.577715994338767 ], [ 19.8927937, 42.576593894338224 ], [ 19.8915139, 42.576012394338001 ], [ 19.8909238, 42.574934894337531 ], [ 19.8925591, 42.571692594336149 ], [ 19.891352, 42.569361694335122 ], [ 19.8917045, 42.568091794334556 ], [ 19.8932478, 42.566617294333952 ], [ 19.8947048, 42.568155994334596 ], [ 19.8980269, 42.565282494333395 ], [ 19.898858, 42.561892694331924 ], [ 19.9014625, 42.562325894332098 ], [ 19.9016387, 42.561701394331841 ], [ 19.9002716, 42.558066094330258 ], [ 19.9005811, 42.557065694329808 ], [ 19.8991803, 42.555861594329308 ], [ 19.9000988, 42.555671094329206 ], [ 19.9007833, 42.553934694328511 ], [ 19.9001914, 42.553335594328196 ], [ 19.9007093, 42.550522194327002 ], [ 19.8978953, 42.546605994325311 ], [ 19.8973921, 42.544771694324524 ], [ 19.8975494, 42.54343819432394 ], [ 19.9012836, 42.540408394322633 ], [ 19.9017093, 42.539027994322062 ], [ 19.9004043, 42.532752794319322 ], [ 19.8995579, 42.531409694318718 ], [ 19.8965029, 42.53009479431816 ], [ 19.8952769, 42.527511794317029 ], [ 19.8934854, 42.52665399431671 ], [ 19.8927792, 42.524965994315949 ], [ 19.8971623, 42.519223094313489 ], [ 19.8971919, 42.517666794312831 ], [ 19.9025227, 42.514321194311343 ], [ 19.9033158, 42.510070594309497 ], [ 19.9064135, 42.507385394308358 ], [ 19.9065089, 42.506538494307954 ], [ 19.9035263, 42.500228694305271 ], [ 19.9046025, 42.499122994304756 ], [ 19.9054394, 42.495676094303256 ], [ 19.9019922, 42.494110194302614 ], [ 19.9018772, 42.492576094301945 ], [ 19.9028532, 42.490386794300996 ], [ 19.8998608, 42.488686494300239 ], [ 19.8987037, 42.484928094298652 ], [ 19.8953317, 42.485170794298718 ], [ 19.8927046, 42.487983994299924 ], [ 19.888432, 42.490025894300807 ], [ 19.885648, 42.493795494302439 ], [ 19.8801595, 42.495803094303326 ], [ 19.8779784, 42.495834194303328 ], [ 19.8755533, 42.494644294302852 ], [ 19.8754806, 42.490560494301072 ], [ 19.8728989, 42.489412694300555 ], [ 19.8727668, 42.487618094299791 ], [ 19.871935, 42.486742494299378 ], [ 19.8721504, 42.48471159429851 ], [ 19.8682473, 42.482938794297723 ], [ 19.8677874, 42.481553794297156 ], [ 19.8645657, 42.481161794296973 ], [ 19.8582807, 42.484183194298275 ], [ 19.8544839, 42.484188494298316 ], [ 19.8535114, 42.483900794298172 ], [ 19.8529936, 42.482106194297387 ], [ 19.8479082, 42.477010594295187 ], [ 19.8468922, 42.476797694295094 ], [ 19.8432267, 42.479094494296113 ], [ 19.8410761, 42.479692894296328 ], [ 19.8362857, 42.478701294295895 ], [ 19.8384111, 42.473645094293701 ], [ 19.8314213, 42.465832094290334 ], [ 19.8230836, 42.467874694291176 ], [ 19.8175454, 42.47020779429225 ], [ 19.8071075, 42.473509594293667 ], [ 19.8039317, 42.476007694294708 ], [ 19.8028968, 42.477902694295551 ], [ 19.7990293, 42.478840494295959 ], [ 19.7925163, 42.481455294297142 ], [ 19.7904322, 42.483155694297842 ], [ 19.7853118, 42.491227094301351 ], [ 19.7807156, 42.496745494303752 ], [ 19.7664698, 42.501628594305849 ], [ 19.7609309, 42.509202094309138 ], [ 19.7615766, 42.51370469431108 ], [ 19.7602927, 42.515694594311938 ], [ 19.7589833, 42.522101594314691 ], [ 19.7564724, 42.525974594316388 ], [ 19.7550897, 42.526538694316635 ], [ 19.7529228, 42.528652094317579 ], [ 19.7526231, 42.532493894319181 ], [ 19.7503324, 42.535344994320475 ], [ 19.7477707, 42.536727294321047 ], [ 19.7456975, 42.541758694323228 ], [ 19.7445234, 42.542598894323625 ], [ 19.7433901, 42.545138694324649 ], [ 19.744304, 42.547666194325792 ], [ 19.7484663, 42.549416194326518 ], [ 19.7496062, 42.550670494327072 ], [ 19.7489317, 42.5560889943294 ], [ 19.753986, 42.564266894332924 ], [ 19.7531127, 42.566071094333736 ], [ 19.7530176, 42.569145294335058 ], [ 19.747969, 42.57339589433689 ], [ 19.7481417, 42.575209594337672 ], [ 19.7532412, 42.577499594338661 ], [ 19.7515734, 42.57930079433941 ], [ 19.7515353, 42.581447194340356 ], [ 19.7558239, 42.581140894340251 ], [ 19.756992, 42.580339194339864 ], [ 19.7588708, 42.580106594339767 ], [ 19.760372, 42.580864094340072 ], [ 19.7623512, 42.583205394341121 ], [ 19.7637762, 42.583668994341302 ], [ 19.767756, 42.582969094341038 ], [ 19.7720754, 42.581281194340271 ], [ 19.7749374, 42.581864894340555 ] ] ] } },
{ "type": "Feature", "properties": { "admin_id": "7463938", "name_local": "Opština Petnjica", "name_en": "Petnjica Municipality" }, "geometry": { "type": "Polygon", "coordinates": [ [ [ 20.0738281, 42.996467894517579 ], [ 20.0784801, 42.997225194517952 ], [ 20.0788669, 42.995354794517127 ], [ 20.0800225, 42.99400989451653 ], [ 20.0826361, 42.993519794516345 ], [ 20.0867193, 42.995567294517208 ], [ 20.0878477, 42.994415094516711 ], [ 20.0871837, 42.992363194515882 ], [ 20.0900235, 42.991339294515456 ], [ 20.0935263, 42.988467094514213 ], [ 20.0962874, 42.987060194513596 ], [ 20.1022379, 42.981764994511387 ], [ 20.1016539, 42.980118094510665 ], [ 20.1024507, 42.980091994510666 ], [ 20.1020547, 42.979313394510314 ], [ 20.103473, 42.977777194509656 ], [ 20.1028468, 42.974464194508265 ], [ 20.1054414, 42.972290494507391 ], [ 20.1062251, 42.972470494507469 ], [ 20.1079891, 42.971282294506963 ], [ 20.1110485, 42.971656694507082 ], [ 20.1120143, 42.969610194506267 ], [ 20.1132119, 42.969590094506188 ], [ 20.1143274, 42.968300994505682 ], [ 20.1166151, 42.967351094505283 ], [ 20.117361, 42.965513494504478 ], [ 20.1193624, 42.965372894504448 ], [ 20.1250238, 42.961688494502852 ], [ 20.1199336, 42.960296894502299 ], [ 20.1094937, 42.958911894501689 ], [ 20.1062163, 42.954244494499733 ], [ 20.1028966, 42.952367794498954 ], [ 20.1087501, 42.944789094495725 ], [ 20.1065771, 42.940442294493863 ], [ 20.10338, 42.937307294492555 ], [ 20.1017098, 42.936961294492406 ], [ 20.1004674, 42.935403594491781 ], [ 20.0980093, 42.929532094489282 ], [ 20.0980441, 42.927912894488564 ], [ 20.0962839, 42.925989194487777 ], [ 20.0958983, 42.922596094486323 ], [ 20.0943937, 42.919478694484958 ], [ 20.09311, 42.918273094484505 ], [ 20.0923856, 42.915400794483268 ], [ 20.0891966, 42.914512294482854 ], [ 20.0862015, 42.910663594481235 ], [ 20.086825, 42.909044594480569 ], [ 20.0860962, 42.906361994479454 ], [ 20.082695, 42.902421894477726 ], [ 20.083403, 42.898909494476257 ], [ 20.0818996, 42.896677194475288 ], [ 20.0800949, 42.889103394472073 ], [ 20.0776817, 42.885541594470553 ], [ 20.0763786, 42.88524349447043 ], [ 20.07499, 42.885901794470726 ], [ 20.0723762, 42.885688194470632 ], [ 20.0729157, 42.882700594469355 ], [ 20.0752725, 42.880083894468243 ], [ 20.0752911, 42.879194594467869 ], [ 20.0745587, 42.878902494467738 ], [ 20.0736326, 42.875399694466303 ], [ 20.0720461, 42.874401494465815 ], [ 20.0718708, 42.876560894466792 ], [ 20.0692987, 42.877016094466953 ], [ 20.0685934, 42.875421594466268 ], [ 20.0676493, 42.874873694466075 ], [ 20.0649544, 42.870783694464286 ], [ 20.0664972, 42.869683894463869 ], [ 20.0666769, 42.867193094462799 ], [ 20.0566457, 42.860255794459846 ], [ 20.0529963, 42.858576394459114 ], [ 20.0494376, 42.858447394459063 ], [ 20.0484765, 42.858886294459211 ], [ 20.0463394, 42.856525394458245 ], [ 20.0430956, 42.854798594457513 ], [ 20.0305483, 42.854292194457315 ], [ 20.0273985, 42.853483894456964 ], [ 20.0247982, 42.850952794455885 ], [ 20.0259258, 42.844917094453287 ], [ 20.0200334, 42.84456089445316 ], [ 20.0116439, 42.847694094454475 ], [ 20.0107484, 42.848754794454941 ], [ 20.006105, 42.849279594455169 ], [ 20.002895, 42.852765594456635 ], [ 19.9969555, 42.853898194457123 ], [ 19.9962517, 42.85471619445746 ], [ 19.9963718, 42.856503094458212 ], [ 19.9950844, 42.857962794458849 ], [ 19.9950672, 42.859737094459597 ], [ 19.9926468, 42.862517894460815 ], [ 19.9866901, 42.864719794461735 ], [ 19.9832054, 42.867034894462684 ], [ 19.9811455, 42.870394094464167 ], [ 19.9793087, 42.872029594464863 ], [ 19.9766136, 42.873136694465316 ], [ 19.9753948, 42.874734394466003 ], [ 19.9613701, 42.881061794468678 ], [ 19.956821, 42.881502094468878 ], [ 19.9501091, 42.886797494471097 ], [ 19.9378353, 42.892935094473707 ], [ 19.9400726, 42.893952794474181 ], [ 19.9403848, 42.895935194475022 ], [ 19.939214, 42.896954994475415 ], [ 19.9390839, 42.898546494476101 ], [ 19.9375878, 42.901157794477221 ], [ 19.9381342, 42.902320394477684 ], [ 19.9368853, 42.904845694478759 ], [ 19.9379, 42.90659909447956 ], [ 19.9359876, 42.907046894479713 ], [ 19.935011899999985, 42.906665794479551 ], [ 19.9359226, 42.90924809448066 ], [ 19.9336459, 42.909324294480662 ], [ 19.9317075, 42.911534894481655 ], [ 19.9250336, 42.913221294482341 ], [ 19.9215991, 42.915174594483148 ], [ 19.9189061, 42.914393294482835 ], [ 19.9172539, 42.914774394483011 ], [ 19.9160961, 42.915946294483497 ], [ 19.914613, 42.916127294483545 ], [ 19.9138584, 42.915603294483333 ], [ 19.9120631, 42.91689899448393 ], [ 19.9043745, 42.919337994484927 ], [ 19.9022149, 42.921576794485837 ], [ 19.9003676, 42.921071894485678 ], [ 19.8988715, 42.921500594485842 ], [ 19.8972193, 42.92063369448551 ], [ 19.8966209, 42.921243394485749 ], [ 19.8928091, 42.922338894486209 ], [ 19.8894526, 42.921043294485649 ], [ 19.8862133, 42.923853594486836 ], [ 19.8901682, 42.923036394486502 ], [ 19.8905881, 42.923352994486628 ], [ 19.8957251, 42.931583194490145 ], [ 19.8969271, 42.931001094489865 ], [ 19.8984438, 42.931859394490267 ], [ 19.8991608, 42.934615994491416 ], [ 19.9010551, 42.93579039449191 ], [ 19.902079, 42.938049994492886 ], [ 19.9044272, 42.940040994493692 ], [ 19.9092535, 42.940916594494098 ], [ 19.9124049, 42.940821494494088 ], [ 19.9178383, 42.946528694496507 ], [ 19.9219176, 42.94694209449667 ], [ 19.9240871, 42.950043494497912 ], [ 19.9238907, 42.951541494498564 ], [ 19.9197238, 42.953689694499474 ], [ 19.9182498, 42.957644194501157 ], [ 19.9240423, 42.957511194501073 ], [ 19.9280781, 42.958017694501372 ], [ 19.9313613, 42.957735894501205 ], [ 19.9349149, 42.956581494500725 ], [ 19.9426858, 42.958687894501622 ], [ 19.947287, 42.961011294502605 ], [ 19.9485316, 42.960428994502344 ], [ 19.9490207, 42.961714594502887 ], [ 19.9503345, 42.962070394503058 ], [ 19.9566556, 42.960909394502522 ], [ 19.9589066, 42.961242394502698 ], [ 19.9649378, 42.964671694504155 ], [ 19.970743, 42.965643194504572 ], [ 19.9775759, 42.969578994506215 ], [ 19.978492, 42.973952594508056 ], [ 19.9805181, 42.977626594509616 ], [ 19.9821198, 42.978640794510056 ], [ 19.995472, 42.978581094510062 ], [ 19.9967845, 42.97643649450913 ], [ 19.9994941, 42.977428894509522 ], [ 20.002519, 42.977361494509509 ], [ 20.003259, 42.976367994509097 ], [ 20.0056986, 42.978263994509902 ], [ 20.0058227, 42.98113979451113 ], [ 20.0084855, 42.982412794511632 ], [ 20.0084646, 42.983331594512059 ], [ 20.0190223, 42.97961059451049 ], [ 20.0236512, 42.986173594513268 ], [ 20.0285567, 42.988433794514201 ], [ 20.0431261, 42.992558294515959 ], [ 20.0455122, 42.989765894514775 ], [ 20.0520974, 42.991931694515657 ], [ 20.0609862, 42.992879794516071 ], [ 20.0688402, 42.994662394516801 ], [ 20.0741004, 42.996142394517435 ], [ 20.0738281, 42.996467894517579 ] ] ] } },
{ "type": "Feature", "properties": { "admin_id": "10141812", "name_local": "Opština Tuzi", "name_en": "Tuzi Municipality" }, "geometry": { "type": "Polygon", "coordinates": [ [ [ 19.5975756, 42.529139794317786 ], [ 19.5618449, 42.513977894311168 ], [ 19.5628298, 42.501399194305741 ], [ 19.5617427, 42.499123694304778 ], [ 19.5549752, 42.489559794300632 ], [ 19.5526999, 42.487070594299539 ], [ 19.5502554, 42.486626794299369 ], [ 19.5467746, 42.480140194296524 ], [ 19.5409813, 42.474425194294056 ], [ 19.5383195, 42.469646694291995 ], [ 19.5388106, 42.467891694291225 ], [ 19.5377879, 42.465157994290003 ], [ 19.5343149, 42.463826394289455 ], [ 19.5311206, 42.458492794287167 ], [ 19.5236333, 42.453487494284943 ], [ 19.5211775, 42.451172494283988 ], [ 19.519595, 42.442736394280345 ], [ 19.5163831, 42.441121494279585 ], [ 19.5037316, 42.437536594278022 ], [ 19.50379, 42.435080194276978 ], [ 19.5030201, 42.433722094276419 ], [ 19.5011635, 42.432745494275991 ], [ 19.4995876, 42.432953394276005 ], [ 19.4965817, 42.430671194275078 ], [ 19.4978693, 42.423762194272065 ], [ 19.4958365, 42.423280194271875 ], [ 19.4940457, 42.423944594272122 ], [ 19.4893478, 42.416152394268714 ], [ 19.4873101, 42.410817094266434 ], [ 19.4827056, 42.406294294264477 ], [ 19.4788546, 42.403523994263253 ], [ 19.475528, 42.395565594259786 ], [ 19.4731007, 42.394257494259243 ], [ 19.4723567, 42.392007194258262 ], [ 19.4686033, 42.390451194257544 ], [ 19.4678517, 42.389383194257093 ], [ 19.4631225, 42.388557594256746 ], [ 19.4536099, 42.384310794254922 ], [ 19.4475209, 42.385206694255267 ], [ 19.4383109, 42.381478994253627 ], [ 19.4327526, 42.377700294252001 ], [ 19.4304986, 42.375059194250852 ], [ 19.4271152, 42.373410394250158 ], [ 19.4252797, 42.371755794249445 ], [ 19.424554, 42.368851994248111 ], [ 19.4224336, 42.366881994247272 ], [ 19.4226041, 42.362854294245551 ], [ 19.424266, 42.359398694244035 ], [ 19.4231478, 42.356470594242765 ], [ 19.4210712, 42.354687194241976 ], [ 19.4136129, 42.350912694240328 ], [ 19.416615, 42.334846594233348 ], [ 19.4172703, 42.332896394232463 ], [ 19.4199765, 42.329852894231145 ], [ 19.4158941, 42.327486194230069 ], [ 19.4137055, 42.327184794229943 ], [ 19.4036686, 42.320176594226929 ], [ 19.4006109, 42.319708494226688 ], [ 19.3959492, 42.316412294225273 ], [ 19.3955469, 42.314845494224627 ], [ 19.3908316, 42.310168494222523 ], [ 19.3891686, 42.307478794221367 ], [ 19.3861055, 42.306288594220845 ], [ 19.384287, 42.304741294220193 ], [ 19.3824577, 42.30520149422037 ], [ 19.3826991, 42.306407594220907 ], [ 19.3821573, 42.30685189422109 ], [ 19.3792347, 42.305898194220696 ], [ 19.3737782, 42.306538694220983 ], [ 19.3714037, 42.305876794220637 ], [ 19.3706819, 42.306325194220889 ], [ 19.3715047, 42.307825094221521 ], [ 19.3696859, 42.309084694222044 ], [ 19.3672825, 42.309218194222119 ], [ 19.3641862, 42.31088339422287 ], [ 19.3634428, 42.312148394223385 ], [ 19.3640058, 42.313669494224094 ], [ 19.3660628, 42.314368594224405 ], [ 19.3682857, 42.313173094223835 ], [ 19.3698303, 42.313632094224062 ], [ 19.3694435, 42.316778094225462 ], [ 19.3670401, 42.316517794225327 ], [ 19.3662875, 42.317635294225781 ], [ 19.3667245, 42.318577694226192 ], [ 19.3687455, 42.318398094226147 ], [ 19.3697288, 42.319977794226787 ], [ 19.3681781, 42.320511794227073 ], [ 19.3682175, 42.319708494226688 ], [ 19.3672161, 42.32020659422691 ], [ 19.3657413, 42.319748894226713 ], [ 19.3646671, 42.320565594227105 ], [ 19.3653529, 42.322907994228096 ], [ 19.3634168, 42.325133694229081 ], [ 19.359418, 42.324322494228717 ], [ 19.3581478, 42.323180194228229 ], [ 19.357607, 42.321612794227541 ], [ 19.3556672, 42.321688894227592 ], [ 19.3541309, 42.322469494227875 ], [ 19.3514272, 42.321726994227596 ], [ 19.3504573, 42.320901994227221 ], [ 19.3507406, 42.31808419422596 ], [ 19.3534614, 42.317144894225571 ], [ 19.3523284, 42.316497594225304 ], [ 19.3532726, 42.315869194225037 ], [ 19.3535581, 42.312331894223504 ], [ 19.3568513, 42.312255994223435 ], [ 19.3551569, 42.312022094223401 ], [ 19.3554836, 42.308172394221614 ], [ 19.3511762, 42.304798194220183 ], [ 19.3500942, 42.30294869421941 ], [ 19.3487163, 42.302759994219308 ], [ 19.3498799, 42.301974894218958 ], [ 19.3489102, 42.300917994218523 ], [ 19.3433984, 42.298947494217593 ], [ 19.3428472, 42.299415594217841 ], [ 19.3409896, 42.299121194217719 ], [ 19.3406527, 42.297799994217144 ], [ 19.3378968, 42.297256394216895 ], [ 19.337856, 42.297958494217227 ], [ 19.3343652, 42.297067694216828 ], [ 19.3316909, 42.294742294215801 ], [ 19.3296597, 42.294523294215686 ], [ 19.3299864, 42.293209594215092 ], [ 19.3288534, 42.292892494214982 ], [ 19.3291723, 42.290076694213738 ], [ 19.3300098, 42.289681594213583 ], [ 19.3324132, 42.284724794211392 ], [ 19.3303133, 42.284482394211324 ], [ 19.3295607, 42.283395794210854 ], [ 19.326599, 42.282991694210658 ], [ 19.3198986, 42.287194294212505 ], [ 19.3190854, 42.284042294211119 ], [ 19.3169854, 42.280144794209384 ], [ 19.3164514, 42.277764894208332 ], [ 19.3168641, 42.274836994207092 ], [ 19.3156381, 42.271468894205618 ], [ 19.3160508, 42.268361094204252 ], [ 19.3149425, 42.26808509420411 ], [ 19.31375, 42.269362194204653 ], [ 19.3126628, 42.273895394206669 ], [ 19.3113219, 42.27622439420773 ], [ 19.3048445, 42.280480794209545 ], [ 19.3036343, 42.281988994210217 ], [ 19.3029212, 42.284290294211218 ], [ 19.3002389, 42.28772739421273 ], [ 19.3007919, 42.289021294213285 ], [ 19.3001558, 42.289443194213447 ], [ 19.2997404, 42.293628594215278 ], [ 19.2976795, 42.294366094215626 ], [ 19.2969716, 42.295672694216222 ], [ 19.2961665, 42.295913494216329 ], [ 19.2947299, 42.29548619421606 ], [ 19.2898069, 42.295950594216322 ], [ 19.2846825, 42.297772394217134 ], [ 19.2838953, 42.300426894218276 ], [ 19.2858451, 42.3073039942213 ], [ 19.2876569, 42.310617594222691 ], [ 19.2887824, 42.31654279422532 ], [ 19.2870069, 42.320159294226926 ], [ 19.286792, 42.324316994228724 ], [ 19.2876611, 42.327517694230124 ], [ 19.2872469, 42.333800894232859 ], [ 19.2859415, 42.336479994234026 ], [ 19.2775936, 42.334004694232938 ], [ 19.2794591, 42.339596494235373 ], [ 19.2748775, 42.338563694234935 ], [ 19.2793948, 42.359181694243944 ], [ 19.2793374, 42.365374394246658 ], [ 19.2782601, 42.369867194248599 ], [ 19.2786608, 42.38190719425382 ], [ 19.2777063, 42.382722594254204 ], [ 19.2775411, 42.383933394254711 ], [ 19.2782242, 42.396450894260148 ], [ 19.2840072, 42.400901394262078 ], [ 19.2949514, 42.406746194264663 ], [ 19.3050799, 42.423942594272155 ], [ 19.3095088, 42.423285394271829 ], [ 19.309871499999989, 42.424430194272354 ], [ 19.3106307, 42.424241194272241 ], [ 19.3114891, 42.427590894273706 ], [ 19.3129172, 42.428281694274027 ], [ 19.3175053, 42.427317794273598 ], [ 19.3194058, 42.429283894274469 ], [ 19.3286653, 42.429681894274609 ], [ 19.34781, 42.428764294274238 ], [ 19.3565497, 42.423405494271897 ], [ 19.3618446, 42.420834194270775 ], [ 19.3669864, 42.420382094270565 ], [ 19.3710437, 42.421474694271026 ], [ 19.37969420000001, 42.419195394270062 ], [ 19.3955662, 42.421804394271227 ], [ 19.3987176, 42.426824194273358 ], [ 19.3988962, 42.429404694274538 ], [ 19.3958724, 42.438058594278246 ], [ 19.3917896, 42.438124594278285 ], [ 19.3901309, 42.438632994278549 ], [ 19.3890464, 42.439678194278969 ], [ 19.3864309, 42.440252594279258 ], [ 19.3869029, 42.441580194279844 ], [ 19.3879747, 42.442248694280124 ], [ 19.3868136, 42.442992494280425 ], [ 19.385895, 42.442898294280369 ], [ 19.3844277, 42.444075194280892 ], [ 19.382616, 42.447897694282581 ], [ 19.3823863, 42.452002294284355 ], [ 19.3779718, 42.450703194283776 ], [ 19.377219, 42.450994994283874 ], [ 19.3767087, 42.452717794284609 ], [ 19.3737614, 42.452312994284441 ], [ 19.3722176, 42.452868394284692 ], [ 19.3717455, 42.453875694285173 ], [ 19.3725493, 42.454986494285627 ], [ 19.3722558, 42.456332594286224 ], [ 19.3740293, 42.457471594286702 ], [ 19.3748969, 42.459071794287397 ], [ 19.3774997, 42.460163694287878 ], [ 19.3812125, 42.458591794287194 ], [ 19.3846574, 42.45938249428751 ], [ 19.383305, 42.461453294288418 ], [ 19.3838919, 42.461980394288659 ], [ 19.384836, 42.461923894288638 ], [ 19.3856781, 42.461010894288229 ], [ 19.3865202, 42.461387394288401 ], [ 19.3889699, 42.464747594289889 ], [ 19.388434, 42.46769349429114 ], [ 19.3893782, 42.468107594291304 ], [ 19.3915599, 42.467364094290971 ], [ 19.3925551, 42.467599394291099 ], [ 19.3937544, 42.47030049429226 ], [ 19.3978245, 42.471382794292722 ], [ 19.3997383, 42.470008694292126 ], [ 19.4010397, 42.470610994292386 ], [ 19.4005549, 42.471439194292749 ], [ 19.4049184, 42.473763694293758 ], [ 19.4044973, 42.474394194294064 ], [ 19.405007699999988, 42.474676494294179 ], [ 19.4068194, 42.47466709429419 ], [ 19.4077636, 42.474930594294293 ], [ 19.4077508, 42.47542939429453 ], [ 19.4113233, 42.475645794294593 ], [ 19.4142068, 42.476502194294945 ], [ 19.4141175, 42.470262794292275 ], [ 19.4153934, 42.46879469429161 ], [ 19.4260087, 42.468060594291295 ], [ 19.4270549, 42.468559394291496 ], [ 19.4396597, 42.467416294290992 ], [ 19.4481784, 42.462540994288887 ], [ 19.4563537, 42.461037094288265 ], [ 19.4639439, 42.460805094288133 ], [ 19.479093, 42.463812794289453 ], [ 19.4915814, 42.468244794291387 ], [ 19.5036817, 42.474062194293872 ], [ 19.5194745, 42.479933694296427 ], [ 19.5247102, 42.480962294296894 ], [ 19.5295382, 42.483889894298187 ], [ 19.5307613, 42.486769794299398 ], [ 19.5338512, 42.489617994300616 ], [ 19.534967, 42.49313059430218 ], [ 19.5353103, 42.497608094304091 ], [ 19.5342374, 42.500091894305186 ], [ 19.5362973, 42.503160894306497 ], [ 19.5399237, 42.5123513943105 ], [ 19.5520806, 42.528304694317406 ], [ 19.5705986, 42.547230094325577 ], [ 19.5722723, 42.54715099432552 ], [ 19.5794391, 42.541522994323088 ], [ 19.5944381, 42.533206494319543 ], [ 19.5975756, 42.529139794317786 ] ] ] } },
{ "type": "Feature", "properties": { "admin_id": "10147976", "name_local": "Opština Zeta", "name_en": "Zeta Municipality" }, "geometry": { "type": "Polygon", "coordinates": [ [ [ 19.1773241, 42.267766594203984 ], [ 19.1778287, 42.266436594203398 ], [ 19.1801479, 42.264661194202624 ], [ 19.1821097, 42.264577194202616 ], [ 19.1835808, 42.262995494201888 ], [ 19.184867, 42.262615294201694 ], [ 19.1862491, 42.264242294202433 ], [ 19.1885308, 42.265567394203039 ], [ 19.1915894, 42.2662098942033 ], [ 19.1933248, 42.266511194203439 ], [ 19.197805, 42.26553039420304 ], [ 19.2012836, 42.266787294203553 ], [ 19.2078544, 42.267333494203797 ], [ 19.2095772, 42.266518494203424 ], [ 19.2101384, 42.265194394202844 ], [ 19.2139517, 42.266066794203233 ], [ 19.2236187, 42.264913994202736 ], [ 19.223974, 42.265293094202889 ], [ 19.2295101, 42.265126394202831 ], [ 19.2304704, 42.264643994202586 ], [ 19.2317444, 42.264818694202688 ], [ 19.2332196, 42.263923494202317 ], [ 19.2369103, 42.264614294202573 ], [ 19.2384124, 42.264229194202443 ], [ 19.2399895, 42.265781394203117 ], [ 19.242117, 42.263600394202193 ], [ 19.2477572, 42.263709094202206 ], [ 19.2505789, 42.261958294201449 ], [ 19.2516947, 42.261946394201431 ], [ 19.2533576, 42.262986594201855 ], [ 19.2572307, 42.261763794201379 ], [ 19.2607284, 42.261660594201295 ], [ 19.2627427, 42.262131994201496 ], [ 19.2665863, 42.259381694200307 ], [ 19.2738926, 42.257396494199412 ], [ 19.2768002, 42.254795894198281 ], [ 19.276827, 42.253418094197698 ], [ 19.2777389, 42.25241349419727 ], [ 19.2824247, 42.250310994196319 ], [ 19.2850345, 42.250396394196358 ], [ 19.2883873, 42.249153494195845 ], [ 19.2895031, 42.248124994195365 ], [ 19.2940602, 42.246949594194859 ], [ 19.2938, 42.245883394194401 ], [ 19.2958224, 42.24461659419385 ], [ 19.2985529, 42.24406659419359 ], [ 19.3049204, 42.244817094193927 ], [ 19.3151235, 42.243363694193313 ], [ 19.3149425, 42.26808509420411 ], [ 19.31375, 42.269362194204653 ], [ 19.3122121, 42.274989494207162 ], [ 19.3113219, 42.27622439420773 ], [ 19.3048445, 42.280480794209545 ], [ 19.3036343, 42.281988994210217 ], [ 19.3029212, 42.284290294211218 ], [ 19.3002389, 42.28772739421273 ], [ 19.3007919, 42.289021294213285 ], [ 19.3001558, 42.289443194213447 ], [ 19.2997404, 42.293628594215278 ], [ 19.2976795, 42.294366094215626 ], [ 19.2969716, 42.295672694216222 ], [ 19.2961665, 42.295913494216329 ], [ 19.2947299, 42.29548619421606 ], [ 19.2898069, 42.295950594216322 ], [ 19.2846825, 42.297772394217134 ], [ 19.283843, 42.299773394217986 ], [ 19.2858451, 42.3073039942213 ], [ 19.2876569, 42.310617594222691 ], [ 19.2887824, 42.31654279422532 ], [ 19.2870069, 42.320159294226926 ], [ 19.286792, 42.324316994228724 ], [ 19.2876611, 42.327517694230124 ], [ 19.2872469, 42.333800894232859 ], [ 19.2859415, 42.336479994234026 ], [ 19.2775936, 42.334004694232938 ], [ 19.2794591, 42.339596494235373 ], [ 19.2748775, 42.338563694234935 ], [ 19.2793948, 42.359181694243944 ], [ 19.2793374, 42.365374394246658 ], [ 19.2782601, 42.369867194248599 ], [ 19.2782241, 42.381297394253551 ], [ 19.2759832, 42.379698794252889 ], [ 19.2678654, 42.378076094252151 ], [ 19.2654547, 42.378470194252337 ], [ 19.2600757, 42.377695994252051 ], [ 19.2552949, 42.378235394252243 ], [ 19.252302, 42.377125094251753 ], [ 19.2517211, 42.377824594252047 ], [ 19.2519623, 42.379064594252618 ], [ 19.2544605, 42.385100194255237 ], [ 19.2374766, 42.390074294257388 ], [ 19.2284258, 42.391610494258046 ], [ 19.2153163, 42.395388194259709 ], [ 19.2087205, 42.388911094256891 ], [ 19.2051713, 42.387980794256471 ], [ 19.1980646, 42.387738394256374 ], [ 19.1908515, 42.386695894255915 ], [ 19.1886679, 42.385140294255258 ], [ 19.1875854, 42.383632394254583 ], [ 19.1870096, 42.37668619425154 ], [ 19.1907928, 42.373101394250035 ], [ 19.1951238, 42.372963794249941 ], [ 19.1978565, 42.373746394250269 ], [ 19.1995387, 42.373436894250162 ], [ 19.2035911, 42.370737994248977 ], [ 19.209293, 42.363128294245641 ], [ 19.2096212, 42.361722494245015 ], [ 19.2089842, 42.359814194244208 ], [ 19.2061121, 42.358186294243502 ], [ 19.2039103, 42.356019694242576 ], [ 19.2053617, 42.35399329424164 ], [ 19.2031635, 42.350376394240115 ], [ 19.2023304, 42.349526794239722 ], [ 19.1922687, 42.348220094239153 ], [ 19.1887491, 42.346753694238487 ], [ 19.1846394, 42.346876694238574 ], [ 19.1812494, 42.347835894238962 ], [ 19.1786032, 42.350195394239975 ], [ 19.1772049, 42.349912994239844 ], [ 19.175819, 42.352665294241078 ], [ 19.1743963, 42.353017294241262 ], [ 19.1742118, 42.353582594241502 ], [ 19.1731002, 42.353540594241508 ], [ 19.1654316, 42.335229694233504 ], [ 19.1650078, 42.331905794232036 ], [ 19.1605369, 42.323272694228287 ], [ 19.161399, 42.322221594227834 ], [ 19.1649558, 42.321467694227451 ], [ 19.1669191, 42.318528594226208 ], [ 19.1648696, 42.315862494225016 ], [ 19.1645501, 42.31320599422385 ], [ 19.1600415, 42.313677394224037 ], [ 19.1595039, 42.312011594223364 ], [ 19.1544104, 42.310025894222463 ], [ 19.1540019, 42.308504194221825 ], [ 19.1549445, 42.307658494221435 ], [ 19.153195, 42.306168194220795 ], [ 19.1479147, 42.307915694221577 ], [ 19.1460722, 42.306344794220884 ], [ 19.1423329, 42.305092894220294 ], [ 19.1374037, 42.305223394220363 ], [ 19.1361403, 42.304121294219875 ], [ 19.1356444, 42.302489194219149 ], [ 19.1368526, 42.300263494218207 ], [ 19.1093656, 42.292854194214932 ], [ 19.1080931, 42.291280394214283 ], [ 19.10981, 42.280318294209465 ], [ 19.1141958, 42.268193794204159 ], [ 19.1216946, 42.261730694201361 ], [ 19.1436402, 42.260013294200554 ], [ 19.1466944, 42.26018079420065 ], [ 19.1477935, 42.259261994200251 ], [ 19.1491468, 42.259668894200409 ], [ 19.1507946, 42.261430194201239 ], [ 19.1495779, 42.26303859420193 ], [ 19.1504767, 42.266080294203221 ], [ 19.1489423, 42.266667294203486 ], [ 19.1496559, 42.268595094204365 ], [ 19.1607107, 42.268701094204395 ], [ 19.1773241, 42.267766594203984 ] ] ] } }
]
}
