Municipality_DOM_ID,Value_e,Value_sl,Value_sc,gefs_thunder,gefs_hail,gefs_large_hail,gefs_very_large_hail,gefs_cape,gefs_shear,gefs_rh700,gefs_grid_points,gefs_forecast_hour,gefs_valid_time,gefs_model_run,ecmwf_thunder,ecmwf_organised_thunder,ecmwf_mucape,ecmwf_rh700,ecmwf_tp3h,ecmwf_shear,ecmwf_grid_points,icon_thunder,icon_organised_thunder,icon_grid_points,icon_median_cape,icon_median_tp3h,icon_median_shear,ecmwf_hail,ecmwf_large_hail,ecmwf_very_large_hail,icon_hail,icon_large_hail,icon_very_large_hail,thunder_signal,thunder_models_available,thunder_model_spread,thunder_models_ge10,thunder_models_ge40,thunder_models_ge50,thunder_level,thunder_color,thunder_label_sr,thunder_label_en,thunder_confidence,thunder_dominant_model,thunder_source_models,hail_signal,hail_models_available,hail_model_spread,hail_models_ge10,hail_models_ge40,hail_models_ge50,hail_level,hail_color,hail_label_sr,hail_label_en,hail_confidence,hail_dominant_model,hail_source_models,large_hail_signal,large_hail_models_available,large_hail_model_spread,large_hail_models_ge10,large_hail_models_ge40,large_hail_models_ge50,large_hail_level,large_hail_color,large_hail_label_sr,large_hail_label_en,large_hail_confidence,large_hail_dominant_model,large_hail_source_models,very_large_hail_signal,very_large_hail_models_available,very_large_hail_model_spread,very_large_hail_models_ge10,very_large_hail_models_ge40,very_large_hail_models_ge50,very_large_hail_level,very_large_hail_color,very_large_hail_label_sr,very_large_hail_label_en,very_large_hail_confidence,very_large_hail_dominant_model,very_large_hail_source_models,storm_overview_level,storm_overview_color,storm_overview_label_sr,storm_overview_label_en,storm_dominant_hazard,storm_overview_confidence,forecast_hour,reference_run,valid_time,product_family,product_status,probability_status,data_source_status,institutional_status
90085,ĐAKOVICA,ĐAKOVICA,ЂАКОВИЦА,0.0,0.0,0.0,0.0,4.0,5.285729156522048,59.51604461669922,9,36,2026-08-21T12:00:00Z,2026-08-20T00:00:00Z,4.0,0.0,297.8,76.5,0.0,3.0,9,0.0,0.0,13,27.2,0.0,5.9,0.0,0.0,0.0,0.0,0.0,0.0,1.3,3,4.0,0,0,0,0,GREEN,БЕЗ ЗНАЧАЈНОГ РИЗИКА,NO SIGNIFICANT RISK,HIGH,ECMWF ENS,ECMWF ENS | ICON-EU EPS | GEFS,0.0,3,0.0,0,0,0,0,GREEN,БЕЗ ЗНАЧАЈНОГ РИЗИКА,NO SIGNIFICANT RISK,HIGH,ECMWF ENS,ECMWF ENS | ICON-EU EPS | GEFS,0.0,3,0.0,0,0,0,0,GREEN,БЕЗ ЗНАЧАЈНОГ РИЗИКА,NO SIGNIFICANT RISK,HIGH,ECMWF ENS,ECMWF ENS | ICON-EU EPS | GEFS,0.0,3,0.0,0,0,0,0,GREEN,БЕЗ ЗНАЧАЈНОГ РИЗИКА,NO SIGNIFICANT RISK,HIGH,ECMWF ENS,ECMWF ENS | ICON-EU EPS | GEFS,0,GREEN,БЕЗ ЗНАЧАЈНОГ РИЗИКА,NO SIGNIFICANT RISK,NONE,HIGH,6,2026-08-21T06:00:00+00:00,2026-08-21T12:00:00+00:00,STORMS,EXPERIMENTAL,DEVELOPMENTAL MULTIMODEL SIGNAL - NOT CALIBRATED PROBABILITY,PUBLIC OPEN-DATA SERVICES,INDEPENDENT PROJECT - NOT AN OFFICIAL RHMZ WARNING PRODUCT
71048,JAGODINA-GRAD,JAGODINA-GRAD,ЈАГОДИНА-ГРАД,0.0,0.0,0.0,0.0,0.0,10.182213850632897,67.92253875732422,10,36,2026-08-21T12:00:00Z,2026-08-20T00:00:00Z,0.0,0.0,0.0,22.5,0.0,5.2,10,0.0,0.0,10,24.1,0.0,7.6,0.0,0.0,0.0,0.0,0.0,0.0,0.0,3,0.0,0,0,0,0,GREEN,БЕЗ ЗНАЧАЈНОГ РИЗИКА,NO SIGNIFICANT RISK,HIGH,ECMWF ENS,ECMWF ENS | ICON-EU EPS | GEFS,0.0,3,0.0,0,0,0,0,GREEN,БЕЗ ЗНАЧАЈНОГ РИЗИКА,NO SIGNIFICANT RISK,HIGH,ECMWF ENS,ECMWF ENS | ICON-EU EPS | GEFS,0.0,3,0.0,0,0,0,0,GREEN,БЕЗ ЗНАЧАЈНОГ РИЗИКА,NO SIGNIFICANT RISK,HIGH,ECMWF ENS,ECMWF ENS | ICON-EU EPS | GEFS,0.0,3,0.0,0,0,0,0,GREEN,БЕЗ ЗНАЧАЈНОГ РИЗИКА,NO SIGNIFICANT RISK,HIGH,ECMWF ENS,ECMWF ENS | ICON-EU EPS | GEFS,0,GREEN,БЕЗ ЗНАЧАЈНОГ РИЗИКА,NO SIGNIFICANT RISK,NONE,HIGH,6,2026-08-21T06:00:00+00:00,2026-08-21T12:00:00+00:00,STORMS,EXPERIMENTAL,DEVELOPMENTAL MULTIMODEL SIGNAL - NOT CALIBRATED PROBABILITY,PUBLIC OPEN-DATA SERVICES,INDEPENDENT PROJECT - NOT AN OFFICIAL RHMZ WARNING PRODUCT
70769,LJIG,LJIG,ЉИГ,0.0,0.0,0.0,0.0,0.0,10.286389759297975,62.29999923706055,8,36,2026-08-21T12:00:00Z,2026-08-20T00:00:00Z,0.0,0.0,0.0,22.3,0.0,7.7,8,0.0,0.0,12,26.1,0.0,9.9,0.0,0.0,0.0,0.0,0.0,0.0,0.0,3,0.0,0,0,0,0,GREEN,БЕЗ ЗНАЧАЈНОГ РИЗИКА,NO SIGNIFICANT RISK,HIGH,ECMWF ENS,ECMWF ENS | ICON-EU EPS | GEFS,0.0,3,0.0,0,0,0,0,GREEN,БЕЗ ЗНАЧАЈНОГ РИЗИКА,NO SIGNIFICANT RISK,HIGH,ECMWF ENS,ECMWF ENS | ICON-EU EPS | GEFS,0.0,3,0.0,0,0,0,0,GREEN,БЕЗ ЗНАЧАЈНОГ РИЗИКА,NO SIGNIFICANT RISK,HIGH,ECMWF ENS,ECMWF ENS | ICON-EU EPS | GEFS,0.0,3,0.0,0,0,0,0,GREEN,БЕЗ ЗНАЧАЈНОГ РИЗИКА,NO SIGNIFICANT RISK,HIGH,ECMWF ENS,ECMWF ENS | ICON-EU EPS | GEFS,0,GREEN,БЕЗ ЗНАЧАЈНОГ РИЗИКА,NO SIGNIFICANT RISK,NONE,HIGH,6,2026-08-21T06:00:00+00:00,2026-08-21T12:00:00+00:00,STORMS,EXPERIMENTAL,DEVELOPMENTAL MULTIMODEL SIGNAL - NOT CALIBRATED PROBABILITY,PUBLIC OPEN-DATA SERVICES,INDEPENDENT PROJECT - NOT AN OFFICIAL RHMZ WARNING PRODUCT
70777,LJUBOVIJA,LJUBOVIJA,ЉУБОВИЈА,0.0,0.0,0.0,0.0,0.0,9.703771376913023,49.416046142578125,9,36,2026-08-21T12:00:00Z,2026-08-20T00:00:00Z,0.0,0.0,0.0,36.6,0.0,11.7,9,0.0,0.0,10,26.6,0.0,11.1,0.0,0.0,0.0,0.0,0.0,0.0,0.0,3,0.0,0,0,0,0,GREEN,БЕЗ ЗНАЧАЈНОГ РИЗИКА,NO SIGNIFICANT RISK,HIGH,ECMWF ENS,ECMWF ENS | ICON-EU EPS | GEFS,0.0,3,0.0,0,0,0,0,GREEN,БЕЗ ЗНАЧАЈНОГ РИЗИКА,NO SIGNIFICANT RISK,HIGH,ECMWF ENS,ECMWF ENS | ICON-EU EPS | GEFS,0.0,3,0.0,0,0,0,0,GREEN,БЕЗ ЗНАЧАЈНОГ РИЗИКА,NO SIGNIFICANT RISK,HIGH,ECMWF ENS,ECMWF ENS | ICON-EU EPS | GEFS,0.0,3,0.0,0,0,0,0,GREEN,БЕЗ ЗНАЧАЈНОГ РИЗИКА,NO SIGNIFICANT RISK,HIGH,ECMWF ENS,ECMWF ENS | ICON-EU EPS | GEFS,0,GREEN,БЕЗ ЗНАЧАЈНОГ РИЗИКА,NO SIGNIFICANT RISK,NONE,HIGH,6,2026-08-21T06:00:00+00:00,2026-08-21T12:00:00+00:00,STORMS,EXPERIMENTAL,DEVELOPMENTAL MULTIMODEL SIGNAL - NOT CALIBRATED PROBABILITY,PUBLIC OPEN-DATA SERVICES,INDEPENDENT PROJECT - NOT AN OFFICIAL RHMZ WARNING PRODUCT
71196,ĆIĆEVAC,ĆIĆEVAC,ЋИЋЕВАЦ,0.0,0.0,0.0,0.0,0.0,7.794969927507044,66.84338760375977,6,36,2026-08-21T12:00:00Z,2026-08-20T00:00:00Z,0.0,0.0,0.0,32.6,0.0,6.6,6,0.0,0.0,12,32.9,0.0,7.8,0.0,0.0,0.0,0.0,0.0,0.0,0.0,3,0.0,0,0,0,0,GREEN,БЕЗ ЗНАЧАЈНОГ РИЗИКА,NO SIGNIFICANT RISK,HIGH,ECMWF ENS,ECMWF ENS | ICON-EU EPS | GEFS,0.0,3,0.0,0,0,0,0,GREEN,БЕЗ ЗНАЧАЈНОГ РИЗИКА,NO SIGNIFICANT RISK,HIGH,ECMWF ENS,ECMWF ENS | ICON-EU EPS | GEFS,0.0,3,0.0,0,0,0,0,GREEN,БЕЗ ЗНАЧАЈНОГ РИЗИКА,NO SIGNIFICANT RISK,HIGH,ECMWF ENS,ECMWF ENS | ICON-EU EPS | GEFS,0.0,3,0.0,0,0,0,0,GREEN,БЕЗ ЗНАЧАЈНОГ РИЗИКА,NO SIGNIFICANT RISK,HIGH,ECMWF ENS,ECMWF ENS | ICON-EU EPS | GEFS,0,GREEN,БЕЗ ЗНАЧАЈНОГ РИЗИКА,NO SIGNIFICANT RISK,NONE,HIGH,6,2026-08-21T06:00:00+00:00,2026-08-21T12:00:00+00:00,STORMS,EXPERIMENTAL,DEVELOPMENTAL MULTIMODEL SIGNAL - NOT CALIBRATED PROBABILITY,PUBLIC OPEN-DATA SERVICES,INDEPENDENT PROJECT - NOT AN OFFICIAL RHMZ WARNING PRODUCT
71200,ĆUPRIJA,ĆUPRIJA,ЋУПРИЈА,0.0,0.0,0.0,0.0,0.0,9.87098917241338,67.92253875732422,8,36,2026-08-21T12:00:00Z,2026-08-20T00:00:00Z,0.0,0.0,0.0,26.8,0.0,5.9,8,0.0,0.0,10,29.1,0.0,7.5,0.0,0.0,0.0,0.0,0.0,0.0,0.0,3,0.0,0,0,0,0,GREEN,БЕЗ ЗНАЧАЈНОГ РИЗИКА,NO SIGNIFICANT RISK,HIGH,ECMWF ENS,ECMWF ENS | ICON-EU EPS | GEFS,0.0,3,0.0,0,0,0,0,GREEN,БЕЗ ЗНАЧАЈНОГ РИЗИКА,NO SIGNIFICANT RISK,HIGH,ECMWF ENS,ECMWF ENS | ICON-EU EPS | GEFS,0.0,3,0.0,0,0,0,0,GREEN,БЕЗ ЗНАЧАЈНОГ РИЗИКА,NO SIGNIFICANT RISK,HIGH,ECMWF ENS,ECMWF ENS | ICON-EU EPS | GEFS,0.0,3,0.0,0,0,0,0,GREEN,БЕЗ ЗНАЧАЈНОГ РИЗИКА,NO SIGNIFICANT RISK,HIGH,ECMWF ENS,ECMWF ENS | ICON-EU EPS | GEFS,0,GREEN,БЕЗ ЗНАЧАЈНОГ РИЗИКА,NO SIGNIFICANT RISK,NONE,HIGH,6,2026-08-21T06:00:00+00:00,2026-08-21T12:00:00+00:00,STORMS,EXPERIMENTAL,DEVELOPMENTAL MULTIMODEL SIGNAL - NOT CALIBRATED PROBABILITY,PUBLIC OPEN-DATA SERVICES,INDEPENDENT PROJECT - NOT AN OFFICIAL RHMZ WARNING PRODUCT
80012,ADA,ADA,АДА,0.0,0.0,0.0,0.0,0.0,11.641859570363318,75.04999923706055,6,36,2026-08-21T12:00:00Z,2026-08-20T00:00:00Z,0.0,0.0,3.1,59.4,0.0,11.6,6,0.0,0.0,11,30.5,0.0,14.2,0.0,0.0,0.0,0.0,0.0,0.0,0.0,3,0.0,0,0,0,0,GREEN,БЕЗ ЗНАЧАЈНОГ РИЗИКА,NO SIGNIFICANT RISK,HIGH,ECMWF ENS,ECMWF ENS | ICON-EU EPS | GEFS,0.0,3,0.0,0,0,0,0,GREEN,БЕЗ ЗНАЧАЈНОГ РИЗИКА,NO SIGNIFICANT RISK,HIGH,ECMWF ENS,ECMWF ENS | ICON-EU EPS | GEFS,0.0,3,0.0,0,0,0,0,GREEN,БЕЗ ЗНАЧАЈНОГ РИЗИКА,NO SIGNIFICANT RISK,HIGH,ECMWF ENS,ECMWF ENS | ICON-EU EPS | GEFS,0.0,3,0.0,0,0,0,0,GREEN,БЕЗ ЗНАЧАЈНОГ РИЗИКА,NO SIGNIFICANT RISK,HIGH,ECMWF ENS,ECMWF ENS | ICON-EU EPS | GEFS,0,GREEN,БЕЗ ЗНАЧАЈНОГ РИЗИКА,NO SIGNIFICANT RISK,NONE,HIGH,6,2026-08-21T06:00:00+00:00,2026-08-21T12:00:00+00:00,STORMS,EXPERIMENTAL,DEVELOPMENTAL MULTIMODEL SIGNAL - NOT CALIBRATED PROBABILITY,PUBLIC OPEN-DATA SERVICES,INDEPENDENT PROJECT - NOT AN OFFICIAL RHMZ WARNING PRODUCT
70017,ALEKSANDROVAC,ALEKSANDROVAC,АЛЕКСАНДРОВАЦ,0.0,0.0,0.0,0.0,38.0,8.356978227506346,67.30000305175781,11,36,2026-08-21T12:00:00Z,2026-08-20T00:00:00Z,0.0,0.0,0.0,23.2,0.0,8.6,11,0.0,0.0,12,41.0,0.0,8.2,0.0,0.0,0.0,0.0,0.0,0.0,0.0,3,0.0,0,0,0,0,GREEN,БЕЗ ЗНАЧАЈНОГ РИЗИКА,NO SIGNIFICANT RISK,HIGH,ECMWF ENS,ECMWF ENS | ICON-EU EPS | GEFS,0.0,3,0.0,0,0,0,0,GREEN,БЕЗ ЗНАЧАЈНОГ РИЗИКА,NO SIGNIFICANT RISK,HIGH,ECMWF ENS,ECMWF ENS | ICON-EU EPS | GEFS,0.0,3,0.0,0,0,0,0,GREEN,БЕЗ ЗНАЧАЈНОГ РИЗИКА,NO SIGNIFICANT RISK,HIGH,ECMWF ENS,ECMWF ENS | ICON-EU EPS | GEFS,0.0,3,0.0,0,0,0,0,GREEN,БЕЗ ЗНАЧАЈНОГ РИЗИКА,NO SIGNIFICANT RISK,HIGH,ECMWF ENS,ECMWF ENS | ICON-EU EPS | GEFS,0,GREEN,БЕЗ ЗНАЧАЈНОГ РИЗИКА,NO SIGNIFICANT RISK,NONE,HIGH,6,2026-08-21T06:00:00+00:00,2026-08-21T12:00:00+00:00,STORMS,EXPERIMENTAL,DEVELOPMENTAL MULTIMODEL SIGNAL - NOT CALIBRATED PROBABILITY,PUBLIC OPEN-DATA SERVICES,INDEPENDENT PROJECT - NOT AN OFFICIAL RHMZ WARNING PRODUCT
70025,ALEKSINAC,ALEKSINAC,АЛЕКСИНАЦ,0.0,0.0,0.0,0.0,0.0,7.452859005840298,66.84338760375977,11,36,2026-08-21T12:00:00Z,2026-08-20T00:00:00Z,0.0,0.0,29.6,43.3,0.0,6.5,11,0.0,0.0,10,37.0,0.0,6.6,0.0,0.0,0.0,0.0,0.0,0.0,0.0,3,0.0,0,0,0,0,GREEN,БЕЗ ЗНАЧАЈНОГ РИЗИКА,NO SIGNIFICANT RISK,HIGH,ECMWF ENS,ECMWF ENS | ICON-EU EPS | GEFS,0.0,3,0.0,0,0,0,0,GREEN,БЕЗ ЗНАЧАЈНОГ РИЗИКА,NO SIGNIFICANT RISK,HIGH,ECMWF ENS,ECMWF ENS | ICON-EU EPS | GEFS,0.0,3,0.0,0,0,0,0,GREEN,БЕЗ ЗНАЧАЈНОГ РИЗИКА,NO SIGNIFICANT RISK,HIGH,ECMWF ENS,ECMWF ENS | ICON-EU EPS | GEFS,0.0,3,0.0,0,0,0,0,GREEN,БЕЗ ЗНАЧАЈНОГ РИЗИКА,NO SIGNIFICANT RISK,HIGH,ECMWF ENS,ECMWF ENS | ICON-EU EPS | GEFS,0,GREEN,БЕЗ ЗНАЧАЈНОГ РИЗИКА,NO SIGNIFICANT RISK,NONE,HIGH,6,2026-08-21T06:00:00+00:00,2026-08-21T12:00:00+00:00,STORMS,EXPERIMENTAL,DEVELOPMENTAL MULTIMODEL SIGNAL - NOT CALIBRATED PROBABILITY,PUBLIC OPEN-DATA SERVICES,INDEPENDENT PROJECT - NOT AN OFFICIAL RHMZ WARNING PRODUCT
80039,ALIBUNAR,ALIBUNAR,АЛИБУНАР,0.0,0.0,0.0,0.0,0.0,11.7803055846385,65.2547550201416,9,36,2026-08-21T12:00:00Z,2026-08-20T00:00:00Z,0.0,0.0,0.0,29.1,0.0,8.1,9,0.0,0.0,12,23.2,0.0,11.8,0.0,0.0,0.0,0.0,0.0,0.0,0.0,3,0.0,0,0,0,0,GREEN,БЕЗ ЗНАЧАЈНОГ РИЗИКА,NO SIGNIFICANT RISK,HIGH,ECMWF ENS,ECMWF ENS | ICON-EU EPS | GEFS,0.0,3,0.0,0,0,0,0,GREEN,БЕЗ ЗНАЧАЈНОГ РИЗИКА,NO SIGNIFICANT RISK,HIGH,ECMWF ENS,ECMWF ENS | ICON-EU EPS | GEFS,0.0,3,0.0,0,0,0,0,GREEN,БЕЗ ЗНАЧАЈНОГ РИЗИКА,NO SIGNIFICANT RISK,HIGH,ECMWF ENS,ECMWF ENS | ICON-EU EPS | GEFS,0.0,3,0.0,0,0,0,0,GREEN,БЕЗ ЗНАЧАЈНОГ РИЗИКА,NO SIGNIFICANT RISK,HIGH,ECMWF ENS,ECMWF ENS | ICON-EU EPS | GEFS,0,GREEN,БЕЗ ЗНАЧАЈНОГ РИЗИКА,NO SIGNIFICANT RISK,NONE,HIGH,6,2026-08-21T06:00:00+00:00,2026-08-21T12:00:00+00:00,STORMS,EXPERIMENTAL,DEVELOPMENTAL MULTIMODEL SIGNAL - NOT CALIBRATED PROBABILITY,PUBLIC OPEN-DATA SERVICES,INDEPENDENT PROJECT - NOT AN OFFICIAL RHMZ WARNING PRODUCT
80047,APATIN,APATIN,АПАТИН,0.0,0.0,0.0,0.0,0.0,12.01225250338294,75.57500171661377,6,36,2026-08-21T12:00:00Z,2026-08-20T00:00:00Z,0.0,0.0,39.6,66.0,0.0,11.8,6,0.0,0.0,12,28.0,0.0,15.3,0.0,0.0,0.0,0.0,0.0,0.0,0.0,3,0.0,0,0,0,0,GREEN,БЕЗ ЗНАЧАЈНОГ РИЗИКА,NO SIGNIFICANT RISK,HIGH,ECMWF ENS,ECMWF ENS | ICON-EU EPS | GEFS,0.0,3,0.0,0,0,0,0,GREEN,БЕЗ ЗНАЧАЈНОГ РИЗИКА,NO SIGNIFICANT RISK,HIGH,ECMWF ENS,ECMWF ENS | ICON-EU EPS | GEFS,0.0,3,0.0,0,0,0,0,GREEN,БЕЗ ЗНАЧАЈНОГ РИЗИКА,NO SIGNIFICANT RISK,HIGH,ECMWF ENS,ECMWF ENS | ICON-EU EPS | GEFS,0.0,3,0.0,0,0,0,0,GREEN,БЕЗ ЗНАЧАЈНОГ РИЗИКА,NO SIGNIFICANT RISK,HIGH,ECMWF ENS,ECMWF ENS | ICON-EU EPS | GEFS,0,GREEN,БЕЗ ЗНАЧАЈНОГ РИЗИКА,NO SIGNIFICANT RISK,NONE,HIGH,6,2026-08-21T06:00:00+00:00,2026-08-21T12:00:00+00:00,STORMS,EXPERIMENTAL,DEVELOPMENTAL MULTIMODEL SIGNAL - NOT CALIBRATED PROBABILITY,PUBLIC OPEN-DATA SERVICES,INDEPENDENT PROJECT - NOT AN OFFICIAL RHMZ WARNING PRODUCT
70033,ARANĐELOVAC,ARANĐELOVAC,АРАНЂЕЛОВАЦ,0.0,0.0,0.0,0.0,0.0,10.518845496075132,64.09999942779541,7,36,2026-08-21T12:00:00Z,2026-08-20T00:00:00Z,0.0,0.0,0.0,22.3,0.0,7.7,7,0.0,0.0,13,26.1,0.0,9.4,0.0,0.0,0.0,0.0,0.0,0.0,0.0,3,0.0,0,0,0,0,GREEN,БЕЗ ЗНАЧАЈНОГ РИЗИКА,NO SIGNIFICANT RISK,HIGH,ECMWF ENS,ECMWF ENS | ICON-EU EPS | GEFS,0.0,3,0.0,0,0,0,0,GREEN,БЕЗ ЗНАЧАЈНОГ РИЗИКА,NO SIGNIFICANT RISK,HIGH,ECMWF ENS,ECMWF ENS | ICON-EU EPS | GEFS,0.0,3,0.0,0,0,0,0,GREEN,БЕЗ ЗНАЧАЈНОГ РИЗИКА,NO SIGNIFICANT RISK,HIGH,ECMWF ENS,ECMWF ENS | ICON-EU EPS | GEFS,0.0,3,0.0,0,0,0,0,GREEN,БЕЗ ЗНАЧАЈНОГ РИЗИКА,NO SIGNIFICANT RISK,HIGH,ECMWF ENS,ECMWF ENS | ICON-EU EPS | GEFS,0,GREEN,БЕЗ ЗНАЧАЈНОГ РИЗИКА,NO SIGNIFICANT RISK,NONE,HIGH,6,2026-08-21T06:00:00+00:00,2026-08-21T12:00:00+00:00,STORMS,EXPERIMENTAL,DEVELOPMENTAL MULTIMODEL SIGNAL - NOT CALIBRATED PROBABILITY,PUBLIC OPEN-DATA SERVICES,INDEPENDENT PROJECT - NOT AN OFFICIAL RHMZ WARNING PRODUCT
70041,ARILJE,ARILJE,АРИЉЕ,0.0,0.0,0.0,0.0,0.0,8.637044559543856,63.69999885559082,8,36,2026-08-21T12:00:00Z,2026-08-20T00:00:00Z,0.0,0.0,0.0,18.9,0.0,6.0,8,0.0,0.0,11,33.8,0.0,5.9,0.0,0.0,0.0,0.0,0.0,0.0,0.0,3,0.0,0,0,0,0,GREEN,БЕЗ ЗНАЧАЈНОГ РИЗИКА,NO SIGNIFICANT RISK,HIGH,ECMWF ENS,ECMWF ENS | ICON-EU EPS | GEFS,0.0,3,0.0,0,0,0,0,GREEN,БЕЗ ЗНАЧАЈНОГ РИЗИКА,NO SIGNIFICANT RISK,HIGH,ECMWF ENS,ECMWF ENS | ICON-EU EPS | GEFS,0.0,3,0.0,0,0,0,0,GREEN,БЕЗ ЗНАЧАЈНОГ РИЗИКА,NO SIGNIFICANT RISK,HIGH,ECMWF ENS,ECMWF ENS | ICON-EU EPS | GEFS,0.0,3,0.0,0,0,0,0,GREEN,БЕЗ ЗНАЧАЈНОГ РИЗИКА,NO SIGNIFICANT RISK,HIGH,ECMWF ENS,ECMWF ENS | ICON-EU EPS | GEFS,0,GREEN,БЕЗ ЗНАЧАЈНОГ РИЗИКА,NO SIGNIFICANT RISK,NONE,HIGH,6,2026-08-21T06:00:00+00:00,2026-08-21T12:00:00+00:00,STORMS,EXPERIMENTAL,DEVELOPMENTAL MULTIMODEL SIGNAL - NOT CALIBRATED PROBABILITY,PUBLIC OPEN-DATA SERVICES,INDEPENDENT PROJECT - NOT AN OFFICIAL RHMZ WARNING PRODUCT
70068,BAJINA BAŠTA,BAJINA BAŠTA,БАЈИНА БАШТА,0.0,0.0,0.0,0.0,0.0,9.141226422486518,51.0,10,36,2026-08-21T12:00:00Z,2026-08-20T00:00:00Z,0.0,0.0,0.0,25.2,0.0,8.1,10,0.0,0.0,11,19.0,0.0,9.2,0.0,0.0,0.0,0.0,0.0,0.0,0.0,3,0.0,0,0,0,0,GREEN,БЕЗ ЗНАЧАЈНОГ РИЗИКА,NO SIGNIFICANT RISK,HIGH,ECMWF ENS,ECMWF ENS | ICON-EU EPS | GEFS,0.0,3,0.0,0,0,0,0,GREEN,БЕЗ ЗНАЧАЈНОГ РИЗИКА,NO SIGNIFICANT RISK,HIGH,ECMWF ENS,ECMWF ENS | ICON-EU EPS | GEFS,0.0,3,0.0,0,0,0,0,GREEN,БЕЗ ЗНАЧАЈНОГ РИЗИКА,NO SIGNIFICANT RISK,HIGH,ECMWF ENS,ECMWF ENS | ICON-EU EPS | GEFS,0.0,3,0.0,0,0,0,0,GREEN,БЕЗ ЗНАЧАЈНОГ РИЗИКА,NO SIGNIFICANT RISK,HIGH,ECMWF ENS,ECMWF ENS | ICON-EU EPS | GEFS,0,GREEN,БЕЗ ЗНАЧАЈНОГ РИЗИКА,NO SIGNIFICANT RISK,NONE,HIGH,6,2026-08-21T06:00:00+00:00,2026-08-21T12:00:00+00:00,STORMS,EXPERIMENTAL,DEVELOPMENTAL MULTIMODEL SIGNAL - NOT CALIBRATED PROBABILITY,PUBLIC OPEN-DATA SERVICES,INDEPENDENT PROJECT - NOT AN OFFICIAL RHMZ WARNING PRODUCT
70050,BABUŠNICA,BABUŠNICA,БАБУШНИЦА,0.0,0.0,0.0,0.0,0.0,5.65837692677489,64.64338684082031,9,36,2026-08-21T12:00:00Z,2026-08-20T00:00:00Z,12.0,0.0,652.9,73.0,0.0,3.0,9,0.0,0.0,13,235.6,0.0,3.8,0.0,0.0,0.0,0.0,0.0,0.0,4.0,3,12.0,1,0,0,0,GREEN,БЕЗ ЗНАЧАЈНОГ РИЗИКА,NO SIGNIFICANT RISK,HIGH,ECMWF ENS,ECMWF ENS | ICON-EU EPS | GEFS,0.0,3,0.0,0,0,0,0,GREEN,БЕЗ ЗНАЧАЈНОГ РИЗИКА,NO SIGNIFICANT RISK,HIGH,ECMWF ENS,ECMWF ENS | ICON-EU EPS | GEFS,0.0,3,0.0,0,0,0,0,GREEN,БЕЗ ЗНАЧАЈНОГ РИЗИКА,NO SIGNIFICANT RISK,HIGH,ECMWF ENS,ECMWF ENS | ICON-EU EPS | GEFS,0.0,3,0.0,0,0,0,0,GREEN,БЕЗ ЗНАЧАЈНОГ РИЗИКА,NO SIGNIFICANT RISK,HIGH,ECMWF ENS,ECMWF ENS | ICON-EU EPS | GEFS,0,GREEN,БЕЗ ЗНАЧАЈНОГ РИЗИКА,NO SIGNIFICANT RISK,NONE,HIGH,6,2026-08-21T06:00:00+00:00,2026-08-21T12:00:00+00:00,STORMS,EXPERIMENTAL,DEVELOPMENTAL MULTIMODEL SIGNAL - NOT CALIBRATED PROBABILITY,PUBLIC OPEN-DATA SERVICES,INDEPENDENT PROJECT - NOT AN OFFICIAL RHMZ WARNING PRODUCT
70076,BATOČINA,BATOČINA,БАТОЧИНА,0.0,0.0,0.0,0.0,0.0,10.182213850632897,67.39999961853027,6,36,2026-08-21T12:00:00Z,2026-08-20T00:00:00Z,0.0,0.0,0.0,21.2,0.0,4.7,6,0.0,0.0,10,23.6,0.0,7.3,0.0,0.0,0.0,0.0,0.0,0.0,0.0,3,0.0,0,0,0,0,GREEN,БЕЗ ЗНАЧАЈНОГ РИЗИКА,NO SIGNIFICANT RISK,HIGH,ECMWF ENS,ECMWF ENS | ICON-EU EPS | GEFS,0.0,3,0.0,0,0,0,0,GREEN,БЕЗ ЗНАЧАЈНОГ РИЗИКА,NO SIGNIFICANT RISK,HIGH,ECMWF ENS,ECMWF ENS | ICON-EU EPS | GEFS,0.0,3,0.0,0,0,0,0,GREEN,БЕЗ ЗНАЧАЈНОГ РИЗИКА,NO SIGNIFICANT RISK,HIGH,ECMWF ENS,ECMWF ENS | ICON-EU EPS | GEFS,0.0,3,0.0,0,0,0,0,GREEN,БЕЗ ЗНАЧАЈНОГ РИЗИКА,NO SIGNIFICANT RISK,HIGH,ECMWF ENS,ECMWF ENS | ICON-EU EPS | GEFS,0,GREEN,БЕЗ ЗНАЧАЈНОГ РИЗИКА,NO SIGNIFICANT RISK,NONE,HIGH,6,2026-08-21T06:00:00+00:00,2026-08-21T12:00:00+00:00,STORMS,EXPERIMENTAL,DEVELOPMENTAL MULTIMODEL SIGNAL - NOT CALIBRATED PROBABILITY,PUBLIC OPEN-DATA SERVICES,INDEPENDENT PROJECT - NOT AN OFFICIAL RHMZ WARNING PRODUCT
80055,BAČ,BAČ,БАЧ,0.0,0.0,0.0,0.0,0.0,12.084717704766112,71.20000457763672,8,36,2026-08-21T12:00:00Z,2026-08-20T00:00:00Z,0.0,0.0,4.5,64.3,0.0,12.0,8,0.0,0.0,12,27.0,0.0,15.5,0.0,0.0,0.0,0.0,0.0,0.0,0.0,3,0.0,0,0,0,0,GREEN,БЕЗ ЗНАЧАЈНОГ РИЗИКА,NO SIGNIFICANT RISK,HIGH,ECMWF ENS,ECMWF ENS | ICON-EU EPS | GEFS,0.0,3,0.0,0,0,0,0,GREEN,БЕЗ ЗНАЧАЈНОГ РИЗИКА,NO SIGNIFICANT RISK,HIGH,ECMWF ENS,ECMWF ENS | ICON-EU EPS | GEFS,0.0,3,0.0,0,0,0,0,GREEN,БЕЗ ЗНАЧАЈНОГ РИЗИКА,NO SIGNIFICANT RISK,HIGH,ECMWF ENS,ECMWF ENS | ICON-EU EPS | GEFS,0.0,3,0.0,0,0,0,0,GREEN,БЕЗ ЗНАЧАЈНОГ РИЗИКА,NO SIGNIFICANT RISK,HIGH,ECMWF ENS,ECMWF ENS | ICON-EU EPS | GEFS,0,GREEN,БЕЗ ЗНАЧАЈНОГ РИЗИКА,NO SIGNIFICANT RISK,NONE,HIGH,6,2026-08-21T06:00:00+00:00,2026-08-21T12:00:00+00:00,STORMS,EXPERIMENTAL,DEVELOPMENTAL MULTIMODEL SIGNAL - NOT CALIBRATED PROBABILITY,PUBLIC OPEN-DATA SERVICES,INDEPENDENT PROJECT - NOT AN OFFICIAL RHMZ WARNING PRODUCT
80063,BAČKA PALANKA,BAČKA PALANKA,БАЧКА ПАЛАНКА,0.0,0.0,0.0,0.0,0.0,12.02299838569504,66.32993125915527,9,36,2026-08-21T12:00:00Z,2026-08-20T00:00:00Z,0.0,0.0,0.1,56.8,0.0,11.7,9,0.0,0.0,12,26.3,0.0,14.9,0.0,0.0,0.0,0.0,0.0,0.0,0.0,3,0.0,0,0,0,0,GREEN,БЕЗ ЗНАЧАЈНОГ РИЗИКА,NO SIGNIFICANT RISK,HIGH,ECMWF ENS,ECMWF ENS | ICON-EU EPS | GEFS,0.0,3,0.0,0,0,0,0,GREEN,БЕЗ ЗНАЧАЈНОГ РИЗИКА,NO SIGNIFICANT RISK,HIGH,ECMWF ENS,ECMWF ENS | ICON-EU EPS | GEFS,0.0,3,0.0,0,0,0,0,GREEN,БЕЗ ЗНАЧАЈНОГ РИЗИКА,NO SIGNIFICANT RISK,HIGH,ECMWF ENS,ECMWF ENS | ICON-EU EPS | GEFS,0.0,3,0.0,0,0,0,0,GREEN,БЕЗ ЗНАЧАЈНОГ РИЗИКА,NO SIGNIFICANT RISK,HIGH,ECMWF ENS,ECMWF ENS | ICON-EU EPS | GEFS,0,GREEN,БЕЗ ЗНАЧАЈНОГ РИЗИКА,NO SIGNIFICANT RISK,NONE,HIGH,6,2026-08-21T06:00:00+00:00,2026-08-21T12:00:00+00:00,STORMS,EXPERIMENTAL,DEVELOPMENTAL MULTIMODEL SIGNAL - NOT CALIBRATED PROBABILITY,PUBLIC OPEN-DATA SERVICES,INDEPENDENT PROJECT - NOT AN OFFICIAL RHMZ WARNING PRODUCT
80071,BAČKA TOPOLA,BAČKA TOPOLA,БАЧКА ТОПОЛА,0.0,0.0,0.0,0.0,0.0,11.745514838215447,79.0999984741211,8,36,2026-08-21T12:00:00Z,2026-08-20T00:00:00Z,0.0,0.0,65.4,65.8,0.0,12.3,8,0.0,0.0,10,29.8,0.0,14.9,0.0,0.0,0.0,0.0,0.0,0.0,0.0,3,0.0,0,0,0,0,GREEN,БЕЗ ЗНАЧАЈНОГ РИЗИКА,NO SIGNIFICANT RISK,HIGH,ECMWF ENS,ECMWF ENS | ICON-EU EPS | GEFS,0.0,3,0.0,0,0,0,0,GREEN,БЕЗ ЗНАЧАЈНОГ РИЗИКА,NO SIGNIFICANT RISK,HIGH,ECMWF ENS,ECMWF ENS | ICON-EU EPS | GEFS,0.0,3,0.0,0,0,0,0,GREEN,БЕЗ ЗНАЧАЈНОГ РИЗИКА,NO SIGNIFICANT RISK,HIGH,ECMWF ENS,ECMWF ENS | ICON-EU EPS | GEFS,0.0,3,0.0,0,0,0,0,GREEN,БЕЗ ЗНАЧАЈНОГ РИЗИКА,NO SIGNIFICANT RISK,HIGH,ECMWF ENS,ECMWF ENS | ICON-EU EPS | GEFS,0,GREEN,БЕЗ ЗНАЧАЈНОГ РИЗИКА,NO SIGNIFICANT RISK,NONE,HIGH,6,2026-08-21T06:00:00+00:00,2026-08-21T12:00:00+00:00,STORMS,EXPERIMENTAL,DEVELOPMENTAL MULTIMODEL SIGNAL - NOT CALIBRATED PROBABILITY,PUBLIC OPEN-DATA SERVICES,INDEPENDENT PROJECT - NOT AN OFFICIAL RHMZ WARNING PRODUCT
80080,BAČKI PETROVAC,BAČKI PETROVAC,БАЧКИ ПЕТРОВАЦ,0.0,0.0,0.0,0.0,0.0,11.794284614152136,66.32993125915527,6,36,2026-08-21T12:00:00Z,2026-08-20T00:00:00Z,0.0,0.0,0.1,56.8,0.0,11.7,6,0.0,0.0,10,25.9,0.0,14.8,0.0,0.0,0.0,0.0,0.0,0.0,0.0,3,0.0,0,0,0,0,GREEN,БЕЗ ЗНАЧАЈНОГ РИЗИКА,NO SIGNIFICANT RISK,HIGH,ECMWF ENS,ECMWF ENS | ICON-EU EPS | GEFS,0.0,3,0.0,0,0,0,0,GREEN,БЕЗ ЗНАЧАЈНОГ РИЗИКА,NO SIGNIFICANT RISK,HIGH,ECMWF ENS,ECMWF ENS | ICON-EU EPS | GEFS,0.0,3,0.0,0,0,0,0,GREEN,БЕЗ ЗНАЧАЈНОГ РИЗИКА,NO SIGNIFICANT RISK,HIGH,ECMWF ENS,ECMWF ENS | ICON-EU EPS | GEFS,0.0,3,0.0,0,0,0,0,GREEN,БЕЗ ЗНАЧАЈНОГ РИЗИКА,NO SIGNIFICANT RISK,HIGH,ECMWF ENS,ECMWF ENS | ICON-EU EPS | GEFS,0,GREEN,БЕЗ ЗНАЧАЈНОГ РИЗИКА,NO SIGNIFICANT RISK,NONE,HIGH,6,2026-08-21T06:00:00+00:00,2026-08-21T12:00:00+00:00,STORMS,EXPERIMENTAL,DEVELOPMENTAL MULTIMODEL SIGNAL - NOT CALIBRATED PROBABILITY,PUBLIC OPEN-DATA SERVICES,INDEPENDENT PROJECT - NOT AN OFFICIAL RHMZ WARNING PRODUCT
70084,BELA PALANKA,BELA PALANKA,БЕЛА ПАЛАНКА,0.0,0.0,0.0,0.0,0.0,7.082953113778994,66.0,10,36,2026-08-21T12:00:00Z,2026-08-20T00:00:00Z,12.0,0.0,652.9,73.0,0.0,3.0,10,0.0,0.0,11,177.2,0.0,4.0,0.0,0.0,0.0,0.0,0.0,0.0,4.0,3,12.0,1,0,0,0,GREEN,БЕЗ ЗНАЧАЈНОГ РИЗИКА,NO SIGNIFICANT RISK,HIGH,ECMWF ENS,ECMWF ENS | ICON-EU EPS | GEFS,0.0,3,0.0,0,0,0,0,GREEN,БЕЗ ЗНАЧАЈНОГ РИЗИКА,NO SIGNIFICANT RISK,HIGH,ECMWF ENS,ECMWF ENS | ICON-EU EPS | GEFS,0.0,3,0.0,0,0,0,0,GREEN,БЕЗ ЗНАЧАЈНОГ РИЗИКА,NO SIGNIFICANT RISK,HIGH,ECMWF ENS,ECMWF ENS | ICON-EU EPS | GEFS,0.0,3,0.0,0,0,0,0,GREEN,БЕЗ ЗНАЧАЈНОГ РИЗИКА,NO SIGNIFICANT RISK,HIGH,ECMWF ENS,ECMWF ENS | ICON-EU EPS | GEFS,0,GREEN,БЕЗ ЗНАЧАЈНОГ РИЗИКА,NO SIGNIFICANT RISK,NONE,HIGH,6,2026-08-21T06:00:00+00:00,2026-08-21T12:00:00+00:00,STORMS,EXPERIMENTAL,DEVELOPMENTAL MULTIMODEL SIGNAL - NOT CALIBRATED PROBABILITY,PUBLIC OPEN-DATA SERVICES,INDEPENDENT PROJECT - NOT AN OFFICIAL RHMZ WARNING PRODUCT
80098,BELA CRKVA,BELA CRKVA,БЕЛА ЦРКВА,0.0,0.0,0.0,0.0,0.0,11.909627316668988,66.69999694824219,8,36,2026-08-21T12:00:00Z,2026-08-20T00:00:00Z,0.0,0.0,0.0,21.4,0.0,6.1,8,0.0,0.0,10,25.6,0.0,9.7,0.0,0.0,0.0,0.0,0.0,0.0,0.0,3,0.0,0,0,0,0,GREEN,БЕЗ ЗНАЧАЈНОГ РИЗИКА,NO SIGNIFICANT RISK,HIGH,ECMWF ENS,ECMWF ENS | ICON-EU EPS | GEFS,0.0,3,0.0,0,0,0,0,GREEN,БЕЗ ЗНАЧАЈНОГ РИЗИКА,NO SIGNIFICANT RISK,HIGH,ECMWF ENS,ECMWF ENS | ICON-EU EPS | GEFS,0.0,3,0.0,0,0,0,0,GREEN,БЕЗ ЗНАЧАЈНОГ РИЗИКА,NO SIGNIFICANT RISK,HIGH,ECMWF ENS,ECMWF ENS | ICON-EU EPS | GEFS,0.0,3,0.0,0,0,0,0,GREEN,БЕЗ ЗНАЧАЈНОГ РИЗИКА,NO SIGNIFICANT RISK,HIGH,ECMWF ENS,ECMWF ENS | ICON-EU EPS | GEFS,0,GREEN,БЕЗ ЗНАЧАЈНОГ РИЗИКА,NO SIGNIFICANT RISK,NONE,HIGH,6,2026-08-21T06:00:00+00:00,2026-08-21T12:00:00+00:00,STORMS,EXPERIMENTAL,DEVELOPMENTAL MULTIMODEL SIGNAL - NOT CALIBRATED PROBABILITY,PUBLIC OPEN-DATA SERVICES,INDEPENDENT PROJECT - NOT AN OFFICIAL RHMZ WARNING PRODUCT
70092,BEOGRAD-BARAJEVO,BEOGRAD-BARAJEVO,БЕОГРАД-БАРАЈЕВО,0.0,0.0,0.0,0.0,0.0,10.68996423776772,62.0196533203125,7,36,2026-08-21T12:00:00Z,2026-08-20T00:00:00Z,0.0,0.0,0.0,26.3,0.0,7.6,7,0.0,0.0,12,26.1,0.0,11.5,0.0,0.0,0.0,0.0,0.0,0.0,0.0,3,0.0,0,0,0,0,GREEN,БЕЗ ЗНАЧАЈНОГ РИЗИКА,NO SIGNIFICANT RISK,HIGH,ECMWF ENS,ECMWF ENS | ICON-EU EPS | GEFS,0.0,3,0.0,0,0,0,0,GREEN,БЕЗ ЗНАЧАЈНОГ РИЗИКА,NO SIGNIFICANT RISK,HIGH,ECMWF ENS,ECMWF ENS | ICON-EU EPS | GEFS,0.0,3,0.0,0,0,0,0,GREEN,БЕЗ ЗНАЧАЈНОГ РИЗИКА,NO SIGNIFICANT RISK,HIGH,ECMWF ENS,ECMWF ENS | ICON-EU EPS | GEFS,0.0,3,0.0,0,0,0,0,GREEN,БЕЗ ЗНАЧАЈНОГ РИЗИКА,NO SIGNIFICANT RISK,HIGH,ECMWF ENS,ECMWF ENS | ICON-EU EPS | GEFS,0,GREEN,БЕЗ ЗНАЧАЈНОГ РИЗИКА,NO SIGNIFICANT RISK,NONE,HIGH,6,2026-08-21T06:00:00+00:00,2026-08-21T12:00:00+00:00,STORMS,EXPERIMENTAL,DEVELOPMENTAL MULTIMODEL SIGNAL - NOT CALIBRATED PROBABILITY,PUBLIC OPEN-DATA SERVICES,INDEPENDENT PROJECT - NOT AN OFFICIAL RHMZ WARNING PRODUCT
70106,BEOGRAD-VOŽDOVAC,BEOGRAD-VOŽDOVAC,БЕОГРАД-ВОЖДОВАЦ,0.0,0.0,0.0,0.0,0.0,11.025390980192126,62.0196533203125,7,36,2026-08-21T12:00:00Z,2026-08-20T00:00:00Z,0.0,0.0,0.0,26.0,0.0,7.3,7,0.0,0.0,10,24.0,0.0,11.4,0.0,0.0,0.0,0.0,0.0,0.0,0.0,3,0.0,0,0,0,0,GREEN,БЕЗ ЗНАЧАЈНОГ РИЗИКА,NO SIGNIFICANT RISK,HIGH,ECMWF ENS,ECMWF ENS | ICON-EU EPS | GEFS,0.0,3,0.0,0,0,0,0,GREEN,БЕЗ ЗНАЧАЈНОГ РИЗИКА,NO SIGNIFICANT RISK,HIGH,ECMWF ENS,ECMWF ENS | ICON-EU EPS | GEFS,0.0,3,0.0,0,0,0,0,GREEN,БЕЗ ЗНАЧАЈНОГ РИЗИКА,NO SIGNIFICANT RISK,HIGH,ECMWF ENS,ECMWF ENS | ICON-EU EPS | GEFS,0.0,3,0.0,0,0,0,0,GREEN,БЕЗ ЗНАЧАЈНОГ РИЗИКА,NO SIGNIFICANT RISK,HIGH,ECMWF ENS,ECMWF ENS | ICON-EU EPS | GEFS,0,GREEN,БЕЗ ЗНАЧАЈНОГ РИЗИКА,NO SIGNIFICANT RISK,NONE,HIGH,6,2026-08-21T06:00:00+00:00,2026-08-21T12:00:00+00:00,STORMS,EXPERIMENTAL,DEVELOPMENTAL MULTIMODEL SIGNAL - NOT CALIBRATED PROBABILITY,PUBLIC OPEN-DATA SERVICES,INDEPENDENT PROJECT - NOT AN OFFICIAL RHMZ WARNING PRODUCT
70114,BEOGRAD-VRAČAR,BEOGRAD-VRAČAR,БЕОГРАД-ВРАЧАР,0.0,0.0,0.0,0.0,0.0,11.025390980192126,60.572537422180176,4,36,2026-08-21T12:00:00Z,2026-08-20T00:00:00Z,0.0,0.0,0.0,26.0,0.0,7.3,4,0.0,0.0,11,20.2,0.0,11.8,0.0,0.0,0.0,0.0,0.0,0.0,0.0,3,0.0,0,0,0,0,GREEN,БЕЗ ЗНАЧАЈНОГ РИЗИКА,NO SIGNIFICANT RISK,HIGH,ECMWF ENS,ECMWF ENS | ICON-EU EPS | GEFS,0.0,3,0.0,0,0,0,0,GREEN,БЕЗ ЗНАЧАЈНОГ РИЗИКА,NO SIGNIFICANT RISK,HIGH,ECMWF ENS,ECMWF ENS | ICON-EU EPS | GEFS,0.0,3,0.0,0,0,0,0,GREEN,БЕЗ ЗНАЧАЈНОГ РИЗИКА,NO SIGNIFICANT RISK,HIGH,ECMWF ENS,ECMWF ENS | ICON-EU EPS | GEFS,0.0,3,0.0,0,0,0,0,GREEN,БЕЗ ЗНАЧАЈНОГ РИЗИКА,NO SIGNIFICANT RISK,HIGH,ECMWF ENS,ECMWF ENS | ICON-EU EPS | GEFS,0,GREEN,БЕЗ ЗНАЧАЈНОГ РИЗИКА,NO SIGNIFICANT RISK,NONE,HIGH,6,2026-08-21T06:00:00+00:00,2026-08-21T12:00:00+00:00,STORMS,EXPERIMENTAL,DEVELOPMENTAL MULTIMODEL SIGNAL - NOT CALIBRATED PROBABILITY,PUBLIC OPEN-DATA SERVICES,INDEPENDENT PROJECT - NOT AN OFFICIAL RHMZ WARNING PRODUCT
70122,BEOGRAD-GROCKA,BEOGRAD-GROCKA,БЕОГРАД-ГРОЦКА,0.0,0.0,0.0,0.0,0.0,11.379157110230391,67.0,9,36,2026-08-21T12:00:00Z,2026-08-20T00:00:00Z,0.0,0.0,0.0,26.0,0.0,7.3,9,0.0,0.0,10,23.3,0.0,11.1,0.0,0.0,0.0,0.0,0.0,0.0,0.0,3,0.0,0,0,0,0,GREEN,БЕЗ ЗНАЧАЈНОГ РИЗИКА,NO SIGNIFICANT RISK,HIGH,ECMWF ENS,ECMWF ENS | ICON-EU EPS | GEFS,0.0,3,0.0,0,0,0,0,GREEN,БЕЗ ЗНАЧАЈНОГ РИЗИКА,NO SIGNIFICANT RISK,HIGH,ECMWF ENS,ECMWF ENS | ICON-EU EPS | GEFS,0.0,3,0.0,0,0,0,0,GREEN,БЕЗ ЗНАЧАЈНОГ РИЗИКА,NO SIGNIFICANT RISK,HIGH,ECMWF ENS,ECMWF ENS | ICON-EU EPS | GEFS,0.0,3,0.0,0,0,0,0,GREEN,БЕЗ ЗНАЧАЈНОГ РИЗИКА,NO SIGNIFICANT RISK,HIGH,ECMWF ENS,ECMWF ENS | ICON-EU EPS | GEFS,0,GREEN,БЕЗ ЗНАЧАЈНОГ РИЗИКА,NO SIGNIFICANT RISK,NONE,HIGH,6,2026-08-21T06:00:00+00:00,2026-08-21T12:00:00+00:00,STORMS,EXPERIMENTAL,DEVELOPMENTAL MULTIMODEL SIGNAL - NOT CALIBRATED PROBABILITY,PUBLIC OPEN-DATA SERVICES,INDEPENDENT PROJECT - NOT AN OFFICIAL RHMZ WARNING PRODUCT
70149,BEOGRAD-ZVEZDARA,BEOGRAD-ZVEZDARA,БЕОГРАД-ЗВЕЗДАРА,0.0,0.0,0.0,0.0,0.0,11.025390980192126,60.572537422180176,4,36,2026-08-21T12:00:00Z,2026-08-20T00:00:00Z,0.0,0.0,0.0,26.0,0.0,7.3,4,0.0,0.0,10,20.4,0.0,11.7,0.0,0.0,0.0,0.0,0.0,0.0,0.0,3,0.0,0,0,0,0,GREEN,БЕЗ ЗНАЧАЈНОГ РИЗИКА,NO SIGNIFICANT RISK,HIGH,ECMWF ENS,ECMWF ENS | ICON-EU EPS | GEFS,0.0,3,0.0,0,0,0,0,GREEN,БЕЗ ЗНАЧАЈНОГ РИЗИКА,NO SIGNIFICANT RISK,HIGH,ECMWF ENS,ECMWF ENS | ICON-EU EPS | GEFS,0.0,3,0.0,0,0,0,0,GREEN,БЕЗ ЗНАЧАЈНОГ РИЗИКА,NO SIGNIFICANT RISK,HIGH,ECMWF ENS,ECMWF ENS | ICON-EU EPS | GEFS,0.0,3,0.0,0,0,0,0,GREEN,БЕЗ ЗНАЧАЈНОГ РИЗИКА,NO SIGNIFICANT RISK,HIGH,ECMWF ENS,ECMWF ENS | ICON-EU EPS | GEFS,0,GREEN,БЕЗ ЗНАЧАЈНОГ РИЗИКА,NO SIGNIFICANT RISK,NONE,HIGH,6,2026-08-21T06:00:00+00:00,2026-08-21T12:00:00+00:00,STORMS,EXPERIMENTAL,DEVELOPMENTAL MULTIMODEL SIGNAL - NOT CALIBRATED PROBABILITY,PUBLIC OPEN-DATA SERVICES,INDEPENDENT PROJECT - NOT AN OFFICIAL RHMZ WARNING PRODUCT
70157,BEOGRAD-ZEMUN,BEOGRAD-ZEMUN,БЕОГРАД-ЗЕМУН,0.0,0.0,0.0,0.0,0.0,11.091067570488734,56.89999961853027,6,36,2026-08-21T12:00:00Z,2026-08-20T00:00:00Z,0.0,0.0,0.0,33.5,0.0,8.3,6,0.0,0.0,13,20.0,0.0,12.0,0.0,0.0,0.0,0.0,0.0,0.0,0.0,3,0.0,0,0,0,0,GREEN,БЕЗ ЗНАЧАЈНОГ РИЗИКА,NO SIGNIFICANT RISK,HIGH,ECMWF ENS,ECMWF ENS | ICON-EU EPS | GEFS,0.0,3,0.0,0,0,0,0,GREEN,БЕЗ ЗНАЧАЈНОГ РИЗИКА,NO SIGNIFICANT RISK,HIGH,ECMWF ENS,ECMWF ENS | ICON-EU EPS | GEFS,0.0,3,0.0,0,0,0,0,GREEN,БЕЗ ЗНАЧАЈНОГ РИЗИКА,NO SIGNIFICANT RISK,HIGH,ECMWF ENS,ECMWF ENS | ICON-EU EPS | GEFS,0.0,3,0.0,0,0,0,0,GREEN,БЕЗ ЗНАЧАЈНОГ РИЗИКА,NO SIGNIFICANT RISK,HIGH,ECMWF ENS,ECMWF ENS | ICON-EU EPS | GEFS,0,GREEN,БЕЗ ЗНАЧАЈНОГ РИЗИКА,NO SIGNIFICANT RISK,NONE,HIGH,6,2026-08-21T06:00:00+00:00,2026-08-21T12:00:00+00:00,STORMS,EXPERIMENTAL,DEVELOPMENTAL MULTIMODEL SIGNAL - NOT CALIBRATED PROBABILITY,PUBLIC OPEN-DATA SERVICES,INDEPENDENT PROJECT - NOT AN OFFICIAL RHMZ WARNING PRODUCT
70165,BEOGRAD-LAZAREVAC,BEOGRAD-LAZAREVAC,БЕОГРАД-ЛАЗАРЕВАЦ,0.0,0.0,0.0,0.0,0.0,10.589530070859388,61.32341957092285,7,36,2026-08-21T12:00:00Z,2026-08-20T00:00:00Z,0.0,0.0,0.0,26.3,0.0,7.6,7,0.0,0.0,10,26.2,0.0,11.1,0.0,0.0,0.0,0.0,0.0,0.0,0.0,3,0.0,0,0,0,0,GREEN,БЕЗ ЗНАЧАЈНОГ РИЗИКА,NO SIGNIFICANT RISK,HIGH,ECMWF ENS,ECMWF ENS | ICON-EU EPS | GEFS,0.0,3,0.0,0,0,0,0,GREEN,БЕЗ ЗНАЧАЈНОГ РИЗИКА,NO SIGNIFICANT RISK,HIGH,ECMWF ENS,ECMWF ENS | ICON-EU EPS | GEFS,0.0,3,0.0,0,0,0,0,GREEN,БЕЗ ЗНАЧАЈНОГ РИЗИКА,NO SIGNIFICANT RISK,HIGH,ECMWF ENS,ECMWF ENS | ICON-EU EPS | GEFS,0.0,3,0.0,0,0,0,0,GREEN,БЕЗ ЗНАЧАЈНОГ РИЗИКА,NO SIGNIFICANT RISK,HIGH,ECMWF ENS,ECMWF ENS | ICON-EU EPS | GEFS,0,GREEN,БЕЗ ЗНАЧАЈНОГ РИЗИКА,NO SIGNIFICANT RISK,NONE,HIGH,6,2026-08-21T06:00:00+00:00,2026-08-21T12:00:00+00:00,STORMS,EXPERIMENTAL,DEVELOPMENTAL MULTIMODEL SIGNAL - NOT CALIBRATED PROBABILITY,PUBLIC OPEN-DATA SERVICES,INDEPENDENT PROJECT - NOT AN OFFICIAL RHMZ WARNING PRODUCT
70173,BEOGRAD-MLADENOVAC,BEOGRAD-MLADENOVAC,БЕОГРАД-МЛАДЕНОВАЦ,0.0,0.0,0.0,0.0,0.0,11.025390980192126,67.0,9,36,2026-08-21T12:00:00Z,2026-08-20T00:00:00Z,0.0,0.0,0.0,23.8,0.0,7.4,9,0.0,0.0,12,25.7,0.0,9.4,0.0,0.0,0.0,0.0,0.0,0.0,0.0,3,0.0,0,0,0,0,GREEN,БЕЗ ЗНАЧАЈНОГ РИЗИКА,NO SIGNIFICANT RISK,HIGH,ECMWF ENS,ECMWF ENS | ICON-EU EPS | GEFS,0.0,3,0.0,0,0,0,0,GREEN,БЕЗ ЗНАЧАЈНОГ РИЗИКА,NO SIGNIFICANT RISK,HIGH,ECMWF ENS,ECMWF ENS | ICON-EU EPS | GEFS,0.0,3,0.0,0,0,0,0,GREEN,БЕЗ ЗНАЧАЈНОГ РИЗИКА,NO SIGNIFICANT RISK,HIGH,ECMWF ENS,ECMWF ENS | ICON-EU EPS | GEFS,0.0,3,0.0,0,0,0,0,GREEN,БЕЗ ЗНАЧАЈНОГ РИЗИКА,NO SIGNIFICANT RISK,HIGH,ECMWF ENS,ECMWF ENS | ICON-EU EPS | GEFS,0,GREEN,БЕЗ ЗНАЧАЈНОГ РИЗИКА,NO SIGNIFICANT RISK,NONE,HIGH,6,2026-08-21T06:00:00+00:00,2026-08-21T12:00:00+00:00,STORMS,EXPERIMENTAL,DEVELOPMENTAL MULTIMODEL SIGNAL - NOT CALIBRATED PROBABILITY,PUBLIC OPEN-DATA SERVICES,INDEPENDENT PROJECT - NOT AN OFFICIAL RHMZ WARNING PRODUCT
70181,BEOGRAD-NOVI BEOGRAD,BEOGRAD-NOVI BEOGRAD,БЕОГРАД-НОВИ БЕОГРАД,0.0,0.0,0.0,0.0,0.0,11.025390980192126,60.572537422180176,5,36,2026-08-21T12:00:00Z,2026-08-20T00:00:00Z,0.0,0.0,0.0,29.0,0.0,7.7,5,0.0,0.0,13,20.5,0.0,12.0,0.0,0.0,0.0,0.0,0.0,0.0,0.0,3,0.0,0,0,0,0,GREEN,БЕЗ ЗНАЧАЈНОГ РИЗИКА,NO SIGNIFICANT RISK,HIGH,ECMWF ENS,ECMWF ENS | ICON-EU EPS | GEFS,0.0,3,0.0,0,0,0,0,GREEN,БЕЗ ЗНАЧАЈНОГ РИЗИКА,NO SIGNIFICANT RISK,HIGH,ECMWF ENS,ECMWF ENS | ICON-EU EPS | GEFS,0.0,3,0.0,0,0,0,0,GREEN,БЕЗ ЗНАЧАЈНОГ РИЗИКА,NO SIGNIFICANT RISK,HIGH,ECMWF ENS,ECMWF ENS | ICON-EU EPS | GEFS,0.0,3,0.0,0,0,0,0,GREEN,БЕЗ ЗНАЧАЈНОГ РИЗИКА,NO SIGNIFICANT RISK,HIGH,ECMWF ENS,ECMWF ENS | ICON-EU EPS | GEFS,0,GREEN,БЕЗ ЗНАЧАЈНОГ РИЗИКА,NO SIGNIFICANT RISK,NONE,HIGH,6,2026-08-21T06:00:00+00:00,2026-08-21T12:00:00+00:00,STORMS,EXPERIMENTAL,DEVELOPMENTAL MULTIMODEL SIGNAL - NOT CALIBRATED PROBABILITY,PUBLIC OPEN-DATA SERVICES,INDEPENDENT PROJECT - NOT AN OFFICIAL RHMZ WARNING PRODUCT
70190,BEOGRAD-OBRENOVAC,BEOGRAD-OBRENOVAC,БЕОГРАД-ОБРЕНОВАЦ,0.0,0.0,0.0,0.0,0.0,10.68996423776772,59.900001525878906,8,36,2026-08-21T12:00:00Z,2026-08-20T00:00:00Z,0.0,0.0,0.0,31.5,0.0,8.2,8,0.0,0.0,12,24.7,0.0,12.0,0.0,0.0,0.0,0.0,0.0,0.0,0.0,3,0.0,0,0,0,0,GREEN,БЕЗ ЗНАЧАЈНОГ РИЗИКА,NO SIGNIFICANT RISK,HIGH,ECMWF ENS,ECMWF ENS | ICON-EU EPS | GEFS,0.0,3,0.0,0,0,0,0,GREEN,БЕЗ ЗНАЧАЈНОГ РИЗИКА,NO SIGNIFICANT RISK,HIGH,ECMWF ENS,ECMWF ENS | ICON-EU EPS | GEFS,0.0,3,0.0,0,0,0,0,GREEN,БЕЗ ЗНАЧАЈНОГ РИЗИКА,NO SIGNIFICANT RISK,HIGH,ECMWF ENS,ECMWF ENS | ICON-EU EPS | GEFS,0.0,3,0.0,0,0,0,0,GREEN,БЕЗ ЗНАЧАЈНОГ РИЗИКА,NO SIGNIFICANT RISK,HIGH,ECMWF ENS,ECMWF ENS | ICON-EU EPS | GEFS,0,GREEN,БЕЗ ЗНАЧАЈНОГ РИЗИКА,NO SIGNIFICANT RISK,NONE,HIGH,6,2026-08-21T06:00:00+00:00,2026-08-21T12:00:00+00:00,STORMS,EXPERIMENTAL,DEVELOPMENTAL MULTIMODEL SIGNAL - NOT CALIBRATED PROBABILITY,PUBLIC OPEN-DATA SERVICES,INDEPENDENT PROJECT - NOT AN OFFICIAL RHMZ WARNING PRODUCT
70203,BEOGRAD-PALILULA,BEOGRAD-PALILULA,БЕОГРАД-ПАЛИЛУЛА,0.0,0.0,0.0,0.0,0.0,11.31595647608264,60.572537422180176,9,36,2026-08-21T12:00:00Z,2026-08-20T00:00:00Z,0.0,0.0,0.0,32.2,0.0,8.3,9,0.0,0.0,10,20.2,0.0,12.0,0.0,0.0,0.0,0.0,0.0,0.0,0.0,3,0.0,0,0,0,0,GREEN,БЕЗ ЗНАЧАЈНОГ РИЗИКА,NO SIGNIFICANT RISK,HIGH,ECMWF ENS,ECMWF ENS | ICON-EU EPS | GEFS,0.0,3,0.0,0,0,0,0,GREEN,БЕЗ ЗНАЧАЈНОГ РИЗИКА,NO SIGNIFICANT RISK,HIGH,ECMWF ENS,ECMWF ENS | ICON-EU EPS | GEFS,0.0,3,0.0,0,0,0,0,GREEN,БЕЗ ЗНАЧАЈНОГ РИЗИКА,NO SIGNIFICANT RISK,HIGH,ECMWF ENS,ECMWF ENS | ICON-EU EPS | GEFS,0.0,3,0.0,0,0,0,0,GREEN,БЕЗ ЗНАЧАЈНОГ РИЗИКА,NO SIGNIFICANT RISK,HIGH,ECMWF ENS,ECMWF ENS | ICON-EU EPS | GEFS,0,GREEN,БЕЗ ЗНАЧАЈНОГ РИЗИКА,NO SIGNIFICANT RISK,NONE,HIGH,6,2026-08-21T06:00:00+00:00,2026-08-21T12:00:00+00:00,STORMS,EXPERIMENTAL,DEVELOPMENTAL MULTIMODEL SIGNAL - NOT CALIBRATED PROBABILITY,PUBLIC OPEN-DATA SERVICES,INDEPENDENT PROJECT - NOT AN OFFICIAL RHMZ WARNING PRODUCT
70211,BEOGRAD-RAKOVICA,BEOGRAD-RAKOVICA,БЕОГРАД-РАКОВИЦА,0.0,0.0,0.0,0.0,0.0,11.025390980192126,60.572537422180176,4,36,2026-08-21T12:00:00Z,2026-08-20T00:00:00Z,0.0,0.0,0.0,26.3,0.0,7.6,4,0.0,0.0,10,20.4,0.0,11.5,0.0,0.0,0.0,0.0,0.0,0.0,0.0,3,0.0,0,0,0,0,GREEN,БЕЗ ЗНАЧАЈНОГ РИЗИКА,NO SIGNIFICANT RISK,HIGH,ECMWF ENS,ECMWF ENS | ICON-EU EPS | GEFS,0.0,3,0.0,0,0,0,0,GREEN,БЕЗ ЗНАЧАЈНОГ РИЗИКА,NO SIGNIFICANT RISK,HIGH,ECMWF ENS,ECMWF ENS | ICON-EU EPS | GEFS,0.0,3,0.0,0,0,0,0,GREEN,БЕЗ ЗНАЧАЈНОГ РИЗИКА,NO SIGNIFICANT RISK,HIGH,ECMWF ENS,ECMWF ENS | ICON-EU EPS | GEFS,0.0,3,0.0,0,0,0,0,GREEN,БЕЗ ЗНАЧАЈНОГ РИЗИКА,NO SIGNIFICANT RISK,HIGH,ECMWF ENS,ECMWF ENS | ICON-EU EPS | GEFS,0,GREEN,БЕЗ ЗНАЧАЈНОГ РИЗИКА,NO SIGNIFICANT RISK,NONE,HIGH,6,2026-08-21T06:00:00+00:00,2026-08-21T12:00:00+00:00,STORMS,EXPERIMENTAL,DEVELOPMENTAL MULTIMODEL SIGNAL - NOT CALIBRATED PROBABILITY,PUBLIC OPEN-DATA SERVICES,INDEPENDENT PROJECT - NOT AN OFFICIAL RHMZ WARNING PRODUCT
70220,BEOGRAD-SAVSKI VENAC,BEOGRAD-SAVSKI VENAC,БЕОГРАД-САВСКИ ВЕНАЦ,0.0,0.0,0.0,0.0,0.0,11.025390980192126,60.572537422180176,4,36,2026-08-21T12:00:00Z,2026-08-20T00:00:00Z,0.0,0.0,0.0,26.0,0.0,7.3,4,0.0,0.0,9,20.2,0.0,11.7,0.0,0.0,0.0,0.0,0.0,0.0,0.0,3,0.0,0,0,0,0,GREEN,БЕЗ ЗНАЧАЈНОГ РИЗИКА,NO SIGNIFICANT RISK,HIGH,ECMWF ENS,ECMWF ENS | ICON-EU EPS | GEFS,0.0,3,0.0,0,0,0,0,GREEN,БЕЗ ЗНАЧАЈНОГ РИЗИКА,NO SIGNIFICANT RISK,HIGH,ECMWF ENS,ECMWF ENS | ICON-EU EPS | GEFS,0.0,3,0.0,0,0,0,0,GREEN,БЕЗ ЗНАЧАЈНОГ РИЗИКА,NO SIGNIFICANT RISK,HIGH,ECMWF ENS,ECMWF ENS | ICON-EU EPS | GEFS,0.0,3,0.0,0,0,0,0,GREEN,БЕЗ ЗНАЧАЈНОГ РИЗИКА,NO SIGNIFICANT RISK,HIGH,ECMWF ENS,ECMWF ENS | ICON-EU EPS | GEFS,0,GREEN,БЕЗ ЗНАЧАЈНОГ РИЗИКА,NO SIGNIFICANT RISK,NONE,HIGH,6,2026-08-21T06:00:00+00:00,2026-08-21T12:00:00+00:00,STORMS,EXPERIMENTAL,DEVELOPMENTAL MULTIMODEL SIGNAL - NOT CALIBRATED PROBABILITY,PUBLIC OPEN-DATA SERVICES,INDEPENDENT PROJECT - NOT AN OFFICIAL RHMZ WARNING PRODUCT
70238,BEOGRAD-SOPOT,BEOGRAD-SOPOT,БЕОГРАД-СОПОТ,0.0,0.0,0.0,0.0,0.0,11.025390980192126,64.09999942779541,7,36,2026-08-21T12:00:00Z,2026-08-20T00:00:00Z,0.0,0.0,0.0,23.8,0.0,7.4,7,0.0,0.0,11,25.9,0.0,10.9,0.0,0.0,0.0,0.0,0.0,0.0,0.0,3,0.0,0,0,0,0,GREEN,БЕЗ ЗНАЧАЈНОГ РИЗИКА,NO SIGNIFICANT RISK,HIGH,ECMWF ENS,ECMWF ENS | ICON-EU EPS | GEFS,0.0,3,0.0,0,0,0,0,GREEN,БЕЗ ЗНАЧАЈНОГ РИЗИКА,NO SIGNIFICANT RISK,HIGH,ECMWF ENS,ECMWF ENS | ICON-EU EPS | GEFS,0.0,3,0.0,0,0,0,0,GREEN,БЕЗ ЗНАЧАЈНОГ РИЗИКА,NO SIGNIFICANT RISK,HIGH,ECMWF ENS,ECMWF ENS | ICON-EU EPS | GEFS,0.0,3,0.0,0,0,0,0,GREEN,БЕЗ ЗНАЧАЈНОГ РИЗИКА,NO SIGNIFICANT RISK,HIGH,ECMWF ENS,ECMWF ENS | ICON-EU EPS | GEFS,0,GREEN,БЕЗ ЗНАЧАЈНОГ РИЗИКА,NO SIGNIFICANT RISK,NONE,HIGH,6,2026-08-21T06:00:00+00:00,2026-08-21T12:00:00+00:00,STORMS,EXPERIMENTAL,DEVELOPMENTAL MULTIMODEL SIGNAL - NOT CALIBRATED PROBABILITY,PUBLIC OPEN-DATA SERVICES,INDEPENDENT PROJECT - NOT AN OFFICIAL RHMZ WARNING PRODUCT
70246,BEOGRAD-STARI GRAD,BEOGRAD-STARI GRAD,БЕОГРАД-СТАРИ ГРАД,0.0,0.0,0.0,0.0,0.0,11.025390980192126,60.572537422180176,5,36,2026-08-21T12:00:00Z,2026-08-20T00:00:00Z,0.0,0.0,0.0,29.0,0.0,7.7,5,0.0,0.0,10,20.2,0.0,11.8,0.0,0.0,0.0,0.0,0.0,0.0,0.0,3,0.0,0,0,0,0,GREEN,БЕЗ ЗНАЧАЈНОГ РИЗИКА,NO SIGNIFICANT RISK,HIGH,ECMWF ENS,ECMWF ENS | ICON-EU EPS | GEFS,0.0,3,0.0,0,0,0,0,GREEN,БЕЗ ЗНАЧАЈНОГ РИЗИКА,NO SIGNIFICANT RISK,HIGH,ECMWF ENS,ECMWF ENS | ICON-EU EPS | GEFS,0.0,3,0.0,0,0,0,0,GREEN,БЕЗ ЗНАЧАЈНОГ РИЗИКА,NO SIGNIFICANT RISK,HIGH,ECMWF ENS,ECMWF ENS | ICON-EU EPS | GEFS,0.0,3,0.0,0,0,0,0,GREEN,БЕЗ ЗНАЧАЈНОГ РИЗИКА,NO SIGNIFICANT RISK,HIGH,ECMWF ENS,ECMWF ENS | ICON-EU EPS | GEFS,0,GREEN,БЕЗ ЗНАЧАЈНОГ РИЗИКА,NO SIGNIFICANT RISK,NONE,HIGH,6,2026-08-21T06:00:00+00:00,2026-08-21T12:00:00+00:00,STORMS,EXPERIMENTAL,DEVELOPMENTAL MULTIMODEL SIGNAL - NOT CALIBRATED PROBABILITY,PUBLIC OPEN-DATA SERVICES,INDEPENDENT PROJECT - NOT AN OFFICIAL RHMZ WARNING PRODUCT
71293,BEOGRAD-SURČIN,BEOGRAD-SURČIN,БЕОГРАД-СУРЧИН,0.0,0.0,0.0,0.0,0.0,11.091067570488734,59.900001525878906,9,36,2026-08-21T12:00:00Z,2026-08-20T00:00:00Z,0.0,0.0,0.0,33.5,0.0,8.3,9,0.0,0.0,10,19.9,0.0,11.9,0.0,0.0,0.0,0.0,0.0,0.0,0.0,3,0.0,0,0,0,0,GREEN,БЕЗ ЗНАЧАЈНОГ РИЗИКА,NO SIGNIFICANT RISK,HIGH,ECMWF ENS,ECMWF ENS | ICON-EU EPS | GEFS,0.0,3,0.0,0,0,0,0,GREEN,БЕЗ ЗНАЧАЈНОГ РИЗИКА,NO SIGNIFICANT RISK,HIGH,ECMWF ENS,ECMWF ENS | ICON-EU EPS | GEFS,0.0,3,0.0,0,0,0,0,GREEN,БЕЗ ЗНАЧАЈНОГ РИЗИКА,NO SIGNIFICANT RISK,HIGH,ECMWF ENS,ECMWF ENS | ICON-EU EPS | GEFS,0.0,3,0.0,0,0,0,0,GREEN,БЕЗ ЗНАЧАЈНОГ РИЗИКА,NO SIGNIFICANT RISK,HIGH,ECMWF ENS,ECMWF ENS | ICON-EU EPS | GEFS,0,GREEN,БЕЗ ЗНАЧАЈНОГ РИЗИКА,NO SIGNIFICANT RISK,NONE,HIGH,6,2026-08-21T06:00:00+00:00,2026-08-21T12:00:00+00:00,STORMS,EXPERIMENTAL,DEVELOPMENTAL MULTIMODEL SIGNAL - NOT CALIBRATED PROBABILITY,PUBLIC OPEN-DATA SERVICES,INDEPENDENT PROJECT - NOT AN OFFICIAL RHMZ WARNING PRODUCT
70254,BEOGRAD-ČUKARICA,BEOGRAD-ČUKARICA,БЕОГРАД-ЧУКАРИЦА,0.0,0.0,0.0,0.0,0.0,11.025390980192126,60.572537422180176,7,36,2026-08-21T12:00:00Z,2026-08-20T00:00:00Z,0.0,0.0,0.0,26.0,0.0,7.3,7,0.0,0.0,12,20.5,0.0,11.8,0.0,0.0,0.0,0.0,0.0,0.0,0.0,3,0.0,0,0,0,0,GREEN,БЕЗ ЗНАЧАЈНОГ РИЗИКА,NO SIGNIFICANT RISK,HIGH,ECMWF ENS,ECMWF ENS | ICON-EU EPS | GEFS,0.0,3,0.0,0,0,0,0,GREEN,БЕЗ ЗНАЧАЈНОГ РИЗИКА,NO SIGNIFICANT RISK,HIGH,ECMWF ENS,ECMWF ENS | ICON-EU EPS | GEFS,0.0,3,0.0,0,0,0,0,GREEN,БЕЗ ЗНАЧАЈНОГ РИЗИКА,NO SIGNIFICANT RISK,HIGH,ECMWF ENS,ECMWF ENS | ICON-EU EPS | GEFS,0.0,3,0.0,0,0,0,0,GREEN,БЕЗ ЗНАЧАЈНОГ РИЗИКА,NO SIGNIFICANT RISK,HIGH,ECMWF ENS,ECMWF ENS | ICON-EU EPS | GEFS,0,GREEN,БЕЗ ЗНАЧАЈНОГ РИЗИКА,NO SIGNIFICANT RISK,NONE,HIGH,6,2026-08-21T06:00:00+00:00,2026-08-21T12:00:00+00:00,STORMS,EXPERIMENTAL,DEVELOPMENTAL MULTIMODEL SIGNAL - NOT CALIBRATED PROBABILITY,PUBLIC OPEN-DATA SERVICES,INDEPENDENT PROJECT - NOT AN OFFICIAL RHMZ WARNING PRODUCT
80101,BEOČIN,BEOČIN,БЕОЧИН,0.0,0.0,0.0,0.0,0.0,11.616807719208522,58.46913433074951,7,36,2026-08-21T12:00:00Z,2026-08-20T00:00:00Z,0.0,0.0,0.0,51.9,0.0,11.3,7,0.0,0.0,11,24.2,0.0,14.4,0.0,0.0,0.0,0.0,0.0,0.0,0.0,3,0.0,0,0,0,0,GREEN,БЕЗ ЗНАЧАЈНОГ РИЗИКА,NO SIGNIFICANT RISK,HIGH,ECMWF ENS,ECMWF ENS | ICON-EU EPS | GEFS,0.0,3,0.0,0,0,0,0,GREEN,БЕЗ ЗНАЧАЈНОГ РИЗИКА,NO SIGNIFICANT RISK,HIGH,ECMWF ENS,ECMWF ENS | ICON-EU EPS | GEFS,0.0,3,0.0,0,0,0,0,GREEN,БЕЗ ЗНАЧАЈНОГ РИЗИКА,NO SIGNIFICANT RISK,HIGH,ECMWF ENS,ECMWF ENS | ICON-EU EPS | GEFS,0.0,3,0.0,0,0,0,0,GREEN,БЕЗ ЗНАЧАЈНОГ РИЗИКА,NO SIGNIFICANT RISK,HIGH,ECMWF ENS,ECMWF ENS | ICON-EU EPS | GEFS,0,GREEN,БЕЗ ЗНАЧАЈНОГ РИЗИКА,NO SIGNIFICANT RISK,NONE,HIGH,6,2026-08-21T06:00:00+00:00,2026-08-21T12:00:00+00:00,STORMS,EXPERIMENTAL,DEVELOPMENTAL MULTIMODEL SIGNAL - NOT CALIBRATED PROBABILITY,PUBLIC OPEN-DATA SERVICES,INDEPENDENT PROJECT - NOT AN OFFICIAL RHMZ WARNING PRODUCT
80110,BEČEJ,BEČEJ,БЕЧЕЈ,0.0,0.0,0.0,0.0,0.0,11.57107102687271,69.1500015258789,7,36,2026-08-21T12:00:00Z,2026-08-20T00:00:00Z,0.0,0.0,0.1,58.9,0.0,12.0,7,0.0,0.0,12,28.6,0.0,14.5,0.0,0.0,0.0,0.0,0.0,0.0,0.0,3,0.0,0,0,0,0,GREEN,БЕЗ ЗНАЧАЈНОГ РИЗИКА,NO SIGNIFICANT RISK,HIGH,ECMWF ENS,ECMWF ENS | ICON-EU EPS | GEFS,0.0,3,0.0,0,0,0,0,GREEN,БЕЗ ЗНАЧАЈНОГ РИЗИКА,NO SIGNIFICANT RISK,HIGH,ECMWF ENS,ECMWF ENS | ICON-EU EPS | GEFS,0.0,3,0.0,0,0,0,0,GREEN,БЕЗ ЗНАЧАЈНОГ РИЗИКА,NO SIGNIFICANT RISK,HIGH,ECMWF ENS,ECMWF ENS | ICON-EU EPS | GEFS,0.0,3,0.0,0,0,0,0,GREEN,БЕЗ ЗНАЧАЈНОГ РИЗИКА,NO SIGNIFICANT RISK,HIGH,ECMWF ENS,ECMWF ENS | ICON-EU EPS | GEFS,0,GREEN,БЕЗ ЗНАЧАЈНОГ РИЗИКА,NO SIGNIFICANT RISK,NONE,HIGH,6,2026-08-21T06:00:00+00:00,2026-08-21T12:00:00+00:00,STORMS,EXPERIMENTAL,DEVELOPMENTAL MULTIMODEL SIGNAL - NOT CALIBRATED PROBABILITY,PUBLIC OPEN-DATA SERVICES,INDEPENDENT PROJECT - NOT AN OFFICIAL RHMZ WARNING PRODUCT
70262,BLACE,BLACE,БЛАЦЕ,0.0,0.0,0.0,0.0,0.0,7.250484235758766,67.30000305175781,7,36,2026-08-21T12:00:00Z,2026-08-20T00:00:00Z,0.0,0.0,57.4,38.0,0.0,5.6,7,0.0,0.0,11,39.0,0.0,5.7,0.0,0.0,0.0,0.0,0.0,0.0,0.0,3,0.0,0,0,0,0,GREEN,БЕЗ ЗНАЧАЈНОГ РИЗИКА,NO SIGNIFICANT RISK,HIGH,ECMWF ENS,ECMWF ENS | ICON-EU EPS | GEFS,0.0,3,0.0,0,0,0,0,GREEN,БЕЗ ЗНАЧАЈНОГ РИЗИКА,NO SIGNIFICANT RISK,HIGH,ECMWF ENS,ECMWF ENS | ICON-EU EPS | GEFS,0.0,3,0.0,0,0,0,0,GREEN,БЕЗ ЗНАЧАЈНОГ РИЗИКА,NO SIGNIFICANT RISK,HIGH,ECMWF ENS,ECMWF ENS | ICON-EU EPS | GEFS,0.0,3,0.0,0,0,0,0,GREEN,БЕЗ ЗНАЧАЈНОГ РИЗИКА,NO SIGNIFICANT RISK,HIGH,ECMWF ENS,ECMWF ENS | ICON-EU EPS | GEFS,0,GREEN,БЕЗ ЗНАЧАЈНОГ РИЗИКА,NO SIGNIFICANT RISK,NONE,HIGH,6,2026-08-21T06:00:00+00:00,2026-08-21T12:00:00+00:00,STORMS,EXPERIMENTAL,DEVELOPMENTAL MULTIMODEL SIGNAL - NOT CALIBRATED PROBABILITY,PUBLIC OPEN-DATA SERVICES,INDEPENDENT PROJECT - NOT AN OFFICIAL RHMZ WARNING PRODUCT
70297,BOJNIK,BOJNIK,БОЈНИК,0.0,0.0,0.0,0.0,0.0,5.411284259517312,65.05000114440918,9,36,2026-08-21T12:00:00Z,2026-08-20T00:00:00Z,4.0,0.0,578.1,64.7,0.0,2.4,9,0.0,0.0,11,161.2,0.0,2.3,0.0,0.0,0.0,0.0,0.0,0.0,1.3,3,4.0,0,0,0,0,GREEN,БЕЗ ЗНАЧАЈНОГ РИЗИКА,NO SIGNIFICANT RISK,HIGH,ECMWF ENS,ECMWF ENS | ICON-EU EPS | GEFS,0.0,3,0.0,0,0,0,0,GREEN,БЕЗ ЗНАЧАЈНОГ РИЗИКА,NO SIGNIFICANT RISK,HIGH,ECMWF ENS,ECMWF ENS | ICON-EU EPS | GEFS,0.0,3,0.0,0,0,0,0,GREEN,БЕЗ ЗНАЧАЈНОГ РИЗИКА,NO SIGNIFICANT RISK,HIGH,ECMWF ENS,ECMWF ENS | ICON-EU EPS | GEFS,0.0,3,0.0,0,0,0,0,GREEN,БЕЗ ЗНАЧАЈНОГ РИЗИКА,NO SIGNIFICANT RISK,HIGH,ECMWF ENS,ECMWF ENS | ICON-EU EPS | GEFS,0,GREEN,БЕЗ ЗНАЧАЈНОГ РИЗИКА,NO SIGNIFICANT RISK,NONE,HIGH,6,2026-08-21T06:00:00+00:00,2026-08-21T12:00:00+00:00,STORMS,EXPERIMENTAL,DEVELOPMENTAL MULTIMODEL SIGNAL - NOT CALIBRATED PROBABILITY,PUBLIC OPEN-DATA SERVICES,INDEPENDENT PROJECT - NOT AN OFFICIAL RHMZ WARNING PRODUCT
70319,BOLJEVAC,BOLJEVAC,БОЉЕВАЦ,0.0,0.0,0.0,0.0,0.0,8.792063357050784,67.92253875732422,9,36,2026-08-21T12:00:00Z,2026-08-20T00:00:00Z,0.0,0.0,7.5,38.6,0.0,6.7,9,0.0,0.0,10,41.5,0.0,7.4,0.0,0.0,0.0,0.0,0.0,0.0,0.0,3,0.0,0,0,0,0,GREEN,БЕЗ ЗНАЧАЈНОГ РИЗИКА,NO SIGNIFICANT RISK,HIGH,ECMWF ENS,ECMWF ENS | ICON-EU EPS | GEFS,0.0,3,0.0,0,0,0,0,GREEN,БЕЗ ЗНАЧАЈНОГ РИЗИКА,NO SIGNIFICANT RISK,HIGH,ECMWF ENS,ECMWF ENS | ICON-EU EPS | GEFS,0.0,3,0.0,0,0,0,0,GREEN,БЕЗ ЗНАЧАЈНОГ РИЗИКА,NO SIGNIFICANT RISK,HIGH,ECMWF ENS,ECMWF ENS | ICON-EU EPS | GEFS,0.0,3,0.0,0,0,0,0,GREEN,БЕЗ ЗНАЧАЈНОГ РИЗИКА,NO SIGNIFICANT RISK,HIGH,ECMWF ENS,ECMWF ENS | ICON-EU EPS | GEFS,0,GREEN,БЕЗ ЗНАЧАЈНОГ РИЗИКА,NO SIGNIFICANT RISK,NONE,HIGH,6,2026-08-21T06:00:00+00:00,2026-08-21T12:00:00+00:00,STORMS,EXPERIMENTAL,DEVELOPMENTAL MULTIMODEL SIGNAL - NOT CALIBRATED PROBABILITY,PUBLIC OPEN-DATA SERVICES,INDEPENDENT PROJECT - NOT AN OFFICIAL RHMZ WARNING PRODUCT
70289,BOGATIĆ,BOGATIĆ,БОГАТИЋ,0.0,0.0,0.0,0.0,0.0,11.768935123158975,55.85000038146973,7,36,2026-08-21T12:00:00Z,2026-08-20T00:00:00Z,0.0,0.0,0.0,46.4,0.0,10.5,7,0.0,0.0,11,21.8,0.0,13.3,0.0,0.0,0.0,0.0,0.0,0.0,0.0,3,0.0,0,0,0,0,GREEN,БЕЗ ЗНАЧАЈНОГ РИЗИКА,NO SIGNIFICANT RISK,HIGH,ECMWF ENS,ECMWF ENS | ICON-EU EPS | GEFS,0.0,3,0.0,0,0,0,0,GREEN,БЕЗ ЗНАЧАЈНОГ РИЗИКА,NO SIGNIFICANT RISK,HIGH,ECMWF ENS,ECMWF ENS | ICON-EU EPS | GEFS,0.0,3,0.0,0,0,0,0,GREEN,БЕЗ ЗНАЧАЈНОГ РИЗИКА,NO SIGNIFICANT RISK,HIGH,ECMWF ENS,ECMWF ENS | ICON-EU EPS | GEFS,0.0,3,0.0,0,0,0,0,GREEN,БЕЗ ЗНАЧАЈНОГ РИЗИКА,NO SIGNIFICANT RISK,HIGH,ECMWF ENS,ECMWF ENS | ICON-EU EPS | GEFS,0,GREEN,БЕЗ ЗНАЧАЈНОГ РИЗИКА,NO SIGNIFICANT RISK,NONE,HIGH,6,2026-08-21T06:00:00+00:00,2026-08-21T12:00:00+00:00,STORMS,EXPERIMENTAL,DEVELOPMENTAL MULTIMODEL SIGNAL - NOT CALIBRATED PROBABILITY,PUBLIC OPEN-DATA SERVICES,INDEPENDENT PROJECT - NOT AN OFFICIAL RHMZ WARNING PRODUCT
70327,BOR,BOR,БОР,0.0,0.0,0.0,0.0,0.0,11.578753148625896,67.92253875732422,12,36,2026-08-21T12:00:00Z,2026-08-20T00:00:00Z,0.0,0.0,131.6,46.7,0.0,7.7,12,0.0,0.0,10,39.7,0.0,8.9,0.0,0.0,0.0,0.0,0.0,0.0,0.0,3,0.0,0,0,0,0,GREEN,БЕЗ ЗНАЧАЈНОГ РИЗИКА,NO SIGNIFICANT RISK,HIGH,ECMWF ENS,ECMWF ENS | ICON-EU EPS | GEFS,0.0,3,0.0,0,0,0,0,GREEN,БЕЗ ЗНАЧАЈНОГ РИЗИКА,NO SIGNIFICANT RISK,HIGH,ECMWF ENS,ECMWF ENS | ICON-EU EPS | GEFS,0.0,3,0.0,0,0,0,0,GREEN,БЕЗ ЗНАЧАЈНОГ РИЗИКА,NO SIGNIFICANT RISK,HIGH,ECMWF ENS,ECMWF ENS | ICON-EU EPS | GEFS,0.0,3,0.0,0,0,0,0,GREEN,БЕЗ ЗНАЧАЈНОГ РИЗИКА,NO SIGNIFICANT RISK,HIGH,ECMWF ENS,ECMWF ENS | ICON-EU EPS | GEFS,0,GREEN,БЕЗ ЗНАЧАЈНОГ РИЗИКА,NO SIGNIFICANT RISK,NONE,HIGH,6,2026-08-21T06:00:00+00:00,2026-08-21T12:00:00+00:00,STORMS,EXPERIMENTAL,DEVELOPMENTAL MULTIMODEL SIGNAL - NOT CALIBRATED PROBABILITY,PUBLIC OPEN-DATA SERVICES,INDEPENDENT PROJECT - NOT AN OFFICIAL RHMZ WARNING PRODUCT
70335,BOSILEGRAD,BOSILEGRAD,БОСИЛЕГРАД,0.0,0.0,0.0,0.0,0.0,3.975883095907968,64.2225341796875,8,36,2026-08-21T12:00:00Z,2026-08-20T00:00:00Z,12.0,0.0,410.6,63.1,0.0,4.1,8,0.0,0.0,12,254.5,0.0,3.3,0.0,0.0,0.0,0.0,0.0,0.0,4.0,3,12.0,1,0,0,0,GREEN,БЕЗ ЗНАЧАЈНОГ РИЗИКА,NO SIGNIFICANT RISK,HIGH,ECMWF ENS,ECMWF ENS | ICON-EU EPS | GEFS,0.0,3,0.0,0,0,0,0,GREEN,БЕЗ ЗНАЧАЈНОГ РИЗИКА,NO SIGNIFICANT RISK,HIGH,ECMWF ENS,ECMWF ENS | ICON-EU EPS | GEFS,0.0,3,0.0,0,0,0,0,GREEN,БЕЗ ЗНАЧАЈНОГ РИЗИКА,NO SIGNIFICANT RISK,HIGH,ECMWF ENS,ECMWF ENS | ICON-EU EPS | GEFS,0.0,3,0.0,0,0,0,0,GREEN,БЕЗ ЗНАЧАЈНОГ РИЗИКА,NO SIGNIFICANT RISK,HIGH,ECMWF ENS,ECMWF ENS | ICON-EU EPS | GEFS,0,GREEN,БЕЗ ЗНАЧАЈНОГ РИЗИКА,NO SIGNIFICANT RISK,NONE,HIGH,6,2026-08-21T06:00:00+00:00,2026-08-21T12:00:00+00:00,STORMS,EXPERIMENTAL,DEVELOPMENTAL MULTIMODEL SIGNAL - NOT CALIBRATED PROBABILITY,PUBLIC OPEN-DATA SERVICES,INDEPENDENT PROJECT - NOT AN OFFICIAL RHMZ WARNING PRODUCT
70343,BRUS,BRUS,БРУС,0.0,0.0,0.0,0.0,38.0,7.635081180632617,67.30000305175781,8,36,2026-08-21T12:00:00Z,2026-08-20T00:00:00Z,0.0,0.0,0.0,37.7,0.0,6.8,8,0.0,0.0,12,41.0,0.0,6.3,0.0,0.0,0.0,0.0,0.0,0.0,0.0,3,0.0,0,0,0,0,GREEN,БЕЗ ЗНАЧАЈНОГ РИЗИКА,NO SIGNIFICANT RISK,HIGH,ECMWF ENS,ECMWF ENS | ICON-EU EPS | GEFS,0.0,3,0.0,0,0,0,0,GREEN,БЕЗ ЗНАЧАЈНОГ РИЗИКА,NO SIGNIFICANT RISK,HIGH,ECMWF ENS,ECMWF ENS | ICON-EU EPS | GEFS,0.0,3,0.0,0,0,0,0,GREEN,БЕЗ ЗНАЧАЈНОГ РИЗИКА,NO SIGNIFICANT RISK,HIGH,ECMWF ENS,ECMWF ENS | ICON-EU EPS | GEFS,0.0,3,0.0,0,0,0,0,GREEN,БЕЗ ЗНАЧАЈНОГ РИЗИКА,NO SIGNIFICANT RISK,HIGH,ECMWF ENS,ECMWF ENS | ICON-EU EPS | GEFS,0,GREEN,БЕЗ ЗНАЧАЈНОГ РИЗИКА,NO SIGNIFICANT RISK,NONE,HIGH,6,2026-08-21T06:00:00+00:00,2026-08-21T12:00:00+00:00,STORMS,EXPERIMENTAL,DEVELOPMENTAL MULTIMODEL SIGNAL - NOT CALIBRATED PROBABILITY,PUBLIC OPEN-DATA SERVICES,INDEPENDENT PROJECT - NOT AN OFFICIAL RHMZ WARNING PRODUCT
70351,BUJANOVAC,BUJANOVAC,БУЈАНОВАЦ,0.0,0.0,0.0,0.0,0.0,3.94411667464783,64.5,9,36,2026-08-21T12:00:00Z,2026-08-20T00:00:00Z,20.0,0.0,655.5,58.8,0.0,1.9,9,0.0,0.0,12,361.1,0.0,3.0,0.0,0.0,0.0,0.0,0.0,0.0,6.7,3,20.0,1,0,0,0,GREEN,БЕЗ ЗНАЧАЈНОГ РИЗИКА,NO SIGNIFICANT RISK,HIGH,ECMWF ENS,ECMWF ENS | ICON-EU EPS | GEFS,0.0,3,0.0,0,0,0,0,GREEN,БЕЗ ЗНАЧАЈНОГ РИЗИКА,NO SIGNIFICANT RISK,HIGH,ECMWF ENS,ECMWF ENS | ICON-EU EPS | GEFS,0.0,3,0.0,0,0,0,0,GREEN,БЕЗ ЗНАЧАЈНОГ РИЗИКА,NO SIGNIFICANT RISK,HIGH,ECMWF ENS,ECMWF ENS | ICON-EU EPS | GEFS,0.0,3,0.0,0,0,0,0,GREEN,БЕЗ ЗНАЧАЈНОГ РИЗИКА,NO SIGNIFICANT RISK,HIGH,ECMWF ENS,ECMWF ENS | ICON-EU EPS | GEFS,0,GREEN,БЕЗ ЗНАЧАЈНОГ РИЗИКА,NO SIGNIFICANT RISK,NONE,HIGH,6,2026-08-21T06:00:00+00:00,2026-08-21T12:00:00+00:00,STORMS,EXPERIMENTAL,DEVELOPMENTAL MULTIMODEL SIGNAL - NOT CALIBRATED PROBABILITY,PUBLIC OPEN-DATA SERVICES,INDEPENDENT PROJECT - NOT AN OFFICIAL RHMZ WARNING PRODUCT
70360,VALJEVO-GRAD,VALJEVO-GRAD,ВАЉЕВО-ГРАД,0.0,0.0,0.0,0.0,0.0,10.047660652584517,58.11965370178223,12,36,2026-08-21T12:00:00Z,2026-08-20T00:00:00Z,0.0,0.0,0.0,30.5,0.0,10.1,12,0.0,0.0,12,26.6,0.0,10.9,0.0,0.0,0.0,0.0,0.0,0.0,0.0,3,0.0,0,0,0,0,GREEN,БЕЗ ЗНАЧАЈНОГ РИЗИКА,NO SIGNIFICANT RISK,HIGH,ECMWF ENS,ECMWF ENS | ICON-EU EPS | GEFS,0.0,3,0.0,0,0,0,0,GREEN,БЕЗ ЗНАЧАЈНОГ РИЗИКА,NO SIGNIFICANT RISK,HIGH,ECMWF ENS,ECMWF ENS | ICON-EU EPS | GEFS,0.0,3,0.0,0,0,0,0,GREEN,БЕЗ ЗНАЧАЈНОГ РИЗИКА,NO SIGNIFICANT RISK,HIGH,ECMWF ENS,ECMWF ENS | ICON-EU EPS | GEFS,0.0,3,0.0,0,0,0,0,GREEN,БЕЗ ЗНАЧАЈНОГ РИЗИКА,NO SIGNIFICANT RISK,HIGH,ECMWF ENS,ECMWF ENS | ICON-EU EPS | GEFS,0,GREEN,БЕЗ ЗНАЧАЈНОГ РИЗИКА,NO SIGNIFICANT RISK,NONE,HIGH,6,2026-08-21T06:00:00+00:00,2026-08-21T12:00:00+00:00,STORMS,EXPERIMENTAL,DEVELOPMENTAL MULTIMODEL SIGNAL - NOT CALIBRATED PROBABILITY,PUBLIC OPEN-DATA SERVICES,INDEPENDENT PROJECT - NOT AN OFFICIAL RHMZ WARNING PRODUCT
70378,VARVARIN,VARVARIN,ВАРВАРИН,0.0,0.0,0.0,0.0,0.0,8.65766860529731,67.92253875732422,7,36,2026-08-21T12:00:00Z,2026-08-20T00:00:00Z,0.0,0.0,0.0,26.5,0.0,6.6,7,0.0,0.0,12,29.9,0.0,8.1,0.0,0.0,0.0,0.0,0.0,0.0,0.0,3,0.0,0,0,0,0,GREEN,БЕЗ ЗНАЧАЈНОГ РИЗИКА,NO SIGNIFICANT RISK,HIGH,ECMWF ENS,ECMWF ENS | ICON-EU EPS | GEFS,0.0,3,0.0,0,0,0,0,GREEN,БЕЗ ЗНАЧАЈНОГ РИЗИКА,NO SIGNIFICANT RISK,HIGH,ECMWF ENS,ECMWF ENS | ICON-EU EPS | GEFS,0.0,3,0.0,0,0,0,0,GREEN,БЕЗ ЗНАЧАЈНОГ РИЗИКА,NO SIGNIFICANT RISK,HIGH,ECMWF ENS,ECMWF ENS | ICON-EU EPS | GEFS,0.0,3,0.0,0,0,0,0,GREEN,БЕЗ ЗНАЧАЈНОГ РИЗИКА,NO SIGNIFICANT RISK,HIGH,ECMWF ENS,ECMWF ENS | ICON-EU EPS | GEFS,0,GREEN,БЕЗ ЗНАЧАЈНОГ РИЗИКА,NO SIGNIFICANT RISK,NONE,HIGH,6,2026-08-21T06:00:00+00:00,2026-08-21T12:00:00+00:00,STORMS,EXPERIMENTAL,DEVELOPMENTAL MULTIMODEL SIGNAL - NOT CALIBRATED PROBABILITY,PUBLIC OPEN-DATA SERVICES,INDEPENDENT PROJECT - NOT AN OFFICIAL RHMZ WARNING PRODUCT
70386,VELIKA PLANA,VELIKA PLANA,ВЕЛИКА ПЛАНА,0.0,0.0,0.0,0.0,0.0,11.08812431030544,67.39999961853027,7,36,2026-08-21T12:00:00Z,2026-08-20T00:00:00Z,0.0,0.0,0.0,20.5,0.0,5.7,7,0.0,0.0,10,21.1,0.0,7.8,0.0,0.0,0.0,0.0,0.0,0.0,0.0,3,0.0,0,0,0,0,GREEN,БЕЗ ЗНАЧАЈНОГ РИЗИКА,NO SIGNIFICANT RISK,HIGH,ECMWF ENS,ECMWF ENS | ICON-EU EPS | GEFS,0.0,3,0.0,0,0,0,0,GREEN,БЕЗ ЗНАЧАЈНОГ РИЗИКА,NO SIGNIFICANT RISK,HIGH,ECMWF ENS,ECMWF ENS | ICON-EU EPS | GEFS,0.0,3,0.0,0,0,0,0,GREEN,БЕЗ ЗНАЧАЈНОГ РИЗИКА,NO SIGNIFICANT RISK,HIGH,ECMWF ENS,ECMWF ENS | ICON-EU EPS | GEFS,0.0,3,0.0,0,0,0,0,GREEN,БЕЗ ЗНАЧАЈНОГ РИЗИКА,NO SIGNIFICANT RISK,HIGH,ECMWF ENS,ECMWF ENS | ICON-EU EPS | GEFS,0,GREEN,БЕЗ ЗНАЧАЈНОГ РИЗИКА,NO SIGNIFICANT RISK,NONE,HIGH,6,2026-08-21T06:00:00+00:00,2026-08-21T12:00:00+00:00,STORMS,EXPERIMENTAL,DEVELOPMENTAL MULTIMODEL SIGNAL - NOT CALIBRATED PROBABILITY,PUBLIC OPEN-DATA SERVICES,INDEPENDENT PROJECT - NOT AN OFFICIAL RHMZ WARNING PRODUCT
70394,VELIKO GRADIŠTE,VELIKO GRADIŠTE,ВЕЛИКО ГРАДИШТЕ,0.0,0.0,0.0,0.0,0.0,11.724979096687644,68.4000015258789,9,36,2026-08-21T12:00:00Z,2026-08-20T00:00:00Z,0.0,0.0,0.0,22.4,0.0,6.2,9,0.0,0.0,11,29.6,0.0,9.2,0.0,0.0,0.0,0.0,0.0,0.0,0.0,3,0.0,0,0,0,0,GREEN,БЕЗ ЗНАЧАЈНОГ РИЗИКА,NO SIGNIFICANT RISK,HIGH,ECMWF ENS,ECMWF ENS | ICON-EU EPS | GEFS,0.0,3,0.0,0,0,0,0,GREEN,БЕЗ ЗНАЧАЈНОГ РИЗИКА,NO SIGNIFICANT RISK,HIGH,ECMWF ENS,ECMWF ENS | ICON-EU EPS | GEFS,0.0,3,0.0,0,0,0,0,GREEN,БЕЗ ЗНАЧАЈНОГ РИЗИКА,NO SIGNIFICANT RISK,HIGH,ECMWF ENS,ECMWF ENS | ICON-EU EPS | GEFS,0.0,3,0.0,0,0,0,0,GREEN,БЕЗ ЗНАЧАЈНОГ РИЗИКА,NO SIGNIFICANT RISK,HIGH,ECMWF ENS,ECMWF ENS | ICON-EU EPS | GEFS,0,GREEN,БЕЗ ЗНАЧАЈНОГ РИЗИКА,NO SIGNIFICANT RISK,NONE,HIGH,6,2026-08-21T06:00:00+00:00,2026-08-21T12:00:00+00:00,STORMS,EXPERIMENTAL,DEVELOPMENTAL MULTIMODEL SIGNAL - NOT CALIBRATED PROBABILITY,PUBLIC OPEN-DATA SERVICES,INDEPENDENT PROJECT - NOT AN OFFICIAL RHMZ WARNING PRODUCT
90018,VITINA,VITINA,ВИТИНА,0.0,0.0,0.0,0.0,7.0,5.006075370509205,64.30000305175781,6,36,2026-08-21T12:00:00Z,2026-08-20T00:00:00Z,50.0,0.0,686.4,77.5,0.1,2.7,6,0.0,0.0,9,449.4,0.0,3.4,0.0,0.0,0.0,0.0,0.0,0.0,16.7,3,50.0,1,1,1,1,YELLOW,ПОВИШЕН,ELEVATED,LOW,ECMWF ENS,ECMWF ENS | ICON-EU EPS | GEFS,0.0,3,0.0,0,0,0,0,GREEN,БЕЗ ЗНАЧАЈНОГ РИЗИКА,NO SIGNIFICANT RISK,HIGH,ECMWF ENS,ECMWF ENS | ICON-EU EPS | GEFS,0.0,3,0.0,0,0,0,0,GREEN,БЕЗ ЗНАЧАЈНОГ РИЗИКА,NO SIGNIFICANT RISK,HIGH,ECMWF ENS,ECMWF ENS | ICON-EU EPS | GEFS,0.0,3,0.0,0,0,0,0,GREEN,БЕЗ ЗНАЧАЈНОГ РИЗИКА,NO SIGNIFICANT RISK,HIGH,ECMWF ENS,ECMWF ENS | ICON-EU EPS | GEFS,1,YELLOW,ПОВИШЕН,ELEVATED,THUNDER,LOW,6,2026-08-21T06:00:00+00:00,2026-08-21T12:00:00+00:00,STORMS,EXPERIMENTAL,DEVELOPMENTAL MULTIMODEL SIGNAL - NOT CALIBRATED PROBABILITY,PUBLIC OPEN-DATA SERVICES,INDEPENDENT PROJECT - NOT AN OFFICIAL RHMZ WARNING PRODUCT
70408,VLADIMIRCI,VLADIMIRCI,ВЛАДИМИРЦИ,0.0,0.0,0.0,0.0,0.0,10.65806302691916,54.69999885559082,8,36,2026-08-21T12:00:00Z,2026-08-20T00:00:00Z,0.0,0.0,0.0,35.6,0.0,9.3,8,0.0,0.0,10,26.5,0.0,12.4,0.0,0.0,0.0,0.0,0.0,0.0,0.0,3,0.0,0,0,0,0,GREEN,БЕЗ ЗНАЧАЈНОГ РИЗИКА,NO SIGNIFICANT RISK,HIGH,ECMWF ENS,ECMWF ENS | ICON-EU EPS | GEFS,0.0,3,0.0,0,0,0,0,GREEN,БЕЗ ЗНАЧАЈНОГ РИЗИКА,NO SIGNIFICANT RISK,HIGH,ECMWF ENS,ECMWF ENS | ICON-EU EPS | GEFS,0.0,3,0.0,0,0,0,0,GREEN,БЕЗ ЗНАЧАЈНОГ РИЗИКА,NO SIGNIFICANT RISK,HIGH,ECMWF ENS,ECMWF ENS | ICON-EU EPS | GEFS,0.0,3,0.0,0,0,0,0,GREEN,БЕЗ ЗНАЧАЈНОГ РИЗИКА,NO SIGNIFICANT RISK,HIGH,ECMWF ENS,ECMWF ENS | ICON-EU EPS | GEFS,0,GREEN,БЕЗ ЗНАЧАЈНОГ РИЗИКА,NO SIGNIFICANT RISK,NONE,HIGH,6,2026-08-21T06:00:00+00:00,2026-08-21T12:00:00+00:00,STORMS,EXPERIMENTAL,DEVELOPMENTAL MULTIMODEL SIGNAL - NOT CALIBRATED PROBABILITY,PUBLIC OPEN-DATA SERVICES,INDEPENDENT PROJECT - NOT AN OFFICIAL RHMZ WARNING PRODUCT
70416,VLADIČIN HAN,VLADIČIN HAN,ВЛАДИЧИН ХАН,0.0,0.0,0.0,0.0,0.0,4.53639150439077,64.64338684082031,9,36,2026-08-21T12:00:00Z,2026-08-20T00:00:00Z,12.0,0.0,652.9,73.0,0.0,3.0,9,0.0,0.0,10,268.3,0.0,3.5,0.0,0.0,0.0,0.0,0.0,0.0,4.0,3,12.0,1,0,0,0,GREEN,БЕЗ ЗНАЧАЈНОГ РИЗИКА,NO SIGNIFICANT RISK,HIGH,ECMWF ENS,ECMWF ENS | ICON-EU EPS | GEFS,0.0,3,0.0,0,0,0,0,GREEN,БЕЗ ЗНАЧАЈНОГ РИЗИКА,NO SIGNIFICANT RISK,HIGH,ECMWF ENS,ECMWF ENS | ICON-EU EPS | GEFS,0.0,3,0.0,0,0,0,0,GREEN,БЕЗ ЗНАЧАЈНОГ РИЗИКА,NO SIGNIFICANT RISK,HIGH,ECMWF ENS,ECMWF ENS | ICON-EU EPS | GEFS,0.0,3,0.0,0,0,0,0,GREEN,БЕЗ ЗНАЧАЈНОГ РИЗИКА,NO SIGNIFICANT RISK,HIGH,ECMWF ENS,ECMWF ENS | ICON-EU EPS | GEFS,0,GREEN,БЕЗ ЗНАЧАЈНОГ РИЗИКА,NO SIGNIFICANT RISK,NONE,HIGH,6,2026-08-21T06:00:00+00:00,2026-08-21T12:00:00+00:00,STORMS,EXPERIMENTAL,DEVELOPMENTAL MULTIMODEL SIGNAL - NOT CALIBRATED PROBABILITY,PUBLIC OPEN-DATA SERVICES,INDEPENDENT PROJECT - NOT AN OFFICIAL RHMZ WARNING PRODUCT
70424,VLASOTINCE,VLASOTINCE,ВЛАСОТИНЦЕ,0.0,0.0,0.0,0.0,0.0,5.393060566721484,65.04999923706055,9,36,2026-08-21T12:00:00Z,2026-08-20T00:00:00Z,12.0,0.0,652.9,73.0,0.0,3.0,9,0.0,0.0,12,243.8,0.0,3.4,0.0,0.0,0.0,0.0,0.0,0.0,4.0,3,12.0,1,0,0,0,GREEN,БЕЗ ЗНАЧАЈНОГ РИЗИКА,NO SIGNIFICANT RISK,HIGH,ECMWF ENS,ECMWF ENS | ICON-EU EPS | GEFS,0.0,3,0.0,0,0,0,0,GREEN,БЕЗ ЗНАЧАЈНОГ РИЗИКА,NO SIGNIFICANT RISK,HIGH,ECMWF ENS,ECMWF ENS | ICON-EU EPS | GEFS,0.0,3,0.0,0,0,0,0,GREEN,БЕЗ ЗНАЧАЈНОГ РИЗИКА,NO SIGNIFICANT RISK,HIGH,ECMWF ENS,ECMWF ENS | ICON-EU EPS | GEFS,0.0,3,0.0,0,0,0,0,GREEN,БЕЗ ЗНАЧАЈНОГ РИЗИКА,NO SIGNIFICANT RISK,HIGH,ECMWF ENS,ECMWF ENS | ICON-EU EPS | GEFS,0,GREEN,БЕЗ ЗНАЧАЈНОГ РИЗИКА,NO SIGNIFICANT RISK,NONE,HIGH,6,2026-08-21T06:00:00+00:00,2026-08-21T12:00:00+00:00,STORMS,EXPERIMENTAL,DEVELOPMENTAL MULTIMODEL SIGNAL - NOT CALIBRATED PROBABILITY,PUBLIC OPEN-DATA SERVICES,INDEPENDENT PROJECT - NOT AN OFFICIAL RHMZ WARNING PRODUCT
70459,VRNJAČKA BANJA,VRNJAČKA BANJA,ВРЊАЧКА БАЊА,0.0,0.0,0.0,0.0,2.0,8.637044559543856,67.30000305175781,7,36,2026-08-21T12:00:00Z,2026-08-20T00:00:00Z,0.0,0.0,109.4,24.0,0.0,6.5,7,0.0,0.0,11,40.5,0.0,8.2,0.0,0.0,0.0,0.0,0.0,0.0,0.0,3,0.0,0,0,0,0,GREEN,БЕЗ ЗНАЧАЈНОГ РИЗИКА,NO SIGNIFICANT RISK,HIGH,ECMWF ENS,ECMWF ENS | ICON-EU EPS | GEFS,0.0,3,0.0,0,0,0,0,GREEN,БЕЗ ЗНАЧАЈНОГ РИЗИКА,NO SIGNIFICANT RISK,HIGH,ECMWF ENS,ECMWF ENS | ICON-EU EPS | GEFS,0.0,3,0.0,0,0,0,0,GREEN,БЕЗ ЗНАЧАЈНОГ РИЗИКА,NO SIGNIFICANT RISK,HIGH,ECMWF ENS,ECMWF ENS | ICON-EU EPS | GEFS,0.0,3,0.0,0,0,0,0,GREEN,БЕЗ ЗНАЧАЈНОГ РИЗИКА,NO SIGNIFICANT RISK,HIGH,ECMWF ENS,ECMWF ENS | ICON-EU EPS | GEFS,0,GREEN,БЕЗ ЗНАЧАЈНОГ РИЗИКА,NO SIGNIFICANT RISK,NONE,HIGH,6,2026-08-21T06:00:00+00:00,2026-08-21T12:00:00+00:00,STORMS,EXPERIMENTAL,DEVELOPMENTAL MULTIMODEL SIGNAL - NOT CALIBRATED PROBABILITY,PUBLIC OPEN-DATA SERVICES,INDEPENDENT PROJECT - NOT AN OFFICIAL RHMZ WARNING PRODUCT
70432,VRANJE-GRAD,VRANJE-GRAD,ВРАЊЕ-ГРАД,0.0,0.0,0.0,0.0,0.0,4.516317977668884,64.64338684082031,14,36,2026-08-21T12:00:00Z,2026-08-20T00:00:00Z,20.0,0.0,655.5,58.8,0.0,1.9,14,0.0,0.0,11,271.7,0.0,3.4,0.0,0.0,0.0,0.0,0.0,0.0,6.7,3,20.0,1,0,0,0,GREEN,БЕЗ ЗНАЧАЈНОГ РИЗИКА,NO SIGNIFICANT RISK,HIGH,ECMWF ENS,ECMWF ENS | ICON-EU EPS | GEFS,0.0,3,0.0,0,0,0,0,GREEN,БЕЗ ЗНАЧАЈНОГ РИЗИКА,NO SIGNIFICANT RISK,HIGH,ECMWF ENS,ECMWF ENS | ICON-EU EPS | GEFS,0.0,3,0.0,0,0,0,0,GREEN,БЕЗ ЗНАЧАЈНОГ РИЗИКА,NO SIGNIFICANT RISK,HIGH,ECMWF ENS,ECMWF ENS | ICON-EU EPS | GEFS,0.0,3,0.0,0,0,0,0,GREEN,БЕЗ ЗНАЧАЈНОГ РИЗИКА,NO SIGNIFICANT RISK,HIGH,ECMWF ENS,ECMWF ENS | ICON-EU EPS | GEFS,0,GREEN,БЕЗ ЗНАЧАЈНОГ РИЗИКА,NO SIGNIFICANT RISK,NONE,HIGH,6,2026-08-21T06:00:00+00:00,2026-08-21T12:00:00+00:00,STORMS,EXPERIMENTAL,DEVELOPMENTAL MULTIMODEL SIGNAL - NOT CALIBRATED PROBABILITY,PUBLIC OPEN-DATA SERVICES,INDEPENDENT PROJECT - NOT AN OFFICIAL RHMZ WARNING PRODUCT
80462,VRBAS,VRBAS,ВРБАС,0.0,0.0,0.0,0.0,0.0,11.794284614152136,69.1500015258789,8,36,2026-08-21T12:00:00Z,2026-08-20T00:00:00Z,0.0,0.0,0.1,58.9,0.0,12.0,8,0.0,0.0,12,27.3,0.0,14.9,0.0,0.0,0.0,0.0,0.0,0.0,0.0,3,0.0,0,0,0,0,GREEN,БЕЗ ЗНАЧАЈНОГ РИЗИКА,NO SIGNIFICANT RISK,HIGH,ECMWF ENS,ECMWF ENS | ICON-EU EPS | GEFS,0.0,3,0.0,0,0,0,0,GREEN,БЕЗ ЗНАЧАЈНОГ РИЗИКА,NO SIGNIFICANT RISK,HIGH,ECMWF ENS,ECMWF ENS | ICON-EU EPS | GEFS,0.0,3,0.0,0,0,0,0,GREEN,БЕЗ ЗНАЧАЈНОГ РИЗИКА,NO SIGNIFICANT RISK,HIGH,ECMWF ENS,ECMWF ENS | ICON-EU EPS | GEFS,0.0,3,0.0,0,0,0,0,GREEN,БЕЗ ЗНАЧАЈНОГ РИЗИКА,NO SIGNIFICANT RISK,HIGH,ECMWF ENS,ECMWF ENS | ICON-EU EPS | GEFS,0,GREEN,БЕЗ ЗНАЧАЈНОГ РИЗИКА,NO SIGNIFICANT RISK,NONE,HIGH,6,2026-08-21T06:00:00+00:00,2026-08-21T12:00:00+00:00,STORMS,EXPERIMENTAL,DEVELOPMENTAL MULTIMODEL SIGNAL - NOT CALIBRATED PROBABILITY,PUBLIC OPEN-DATA SERVICES,INDEPENDENT PROJECT - NOT AN OFFICIAL RHMZ WARNING PRODUCT
80128,VRŠAC,VRŠAC,ВРШАЦ,0.0,0.0,0.0,0.0,0.0,11.909627316668988,66.30000114440918,10,36,2026-08-21T12:00:00Z,2026-08-20T00:00:00Z,0.0,0.0,0.0,23.5,0.0,7.2,10,0.0,0.0,10,25.7,0.0,10.5,0.0,0.0,0.0,0.0,0.0,0.0,0.0,3,0.0,0,0,0,0,GREEN,БЕЗ ЗНАЧАЈНОГ РИЗИКА,NO SIGNIFICANT RISK,HIGH,ECMWF ENS,ECMWF ENS | ICON-EU EPS | GEFS,0.0,3,0.0,0,0,0,0,GREEN,БЕЗ ЗНАЧАЈНОГ РИЗИКА,NO SIGNIFICANT RISK,HIGH,ECMWF ENS,ECMWF ENS | ICON-EU EPS | GEFS,0.0,3,0.0,0,0,0,0,GREEN,БЕЗ ЗНАЧАЈНОГ РИЗИКА,NO SIGNIFICANT RISK,HIGH,ECMWF ENS,ECMWF ENS | ICON-EU EPS | GEFS,0.0,3,0.0,0,0,0,0,GREEN,БЕЗ ЗНАЧАЈНОГ РИЗИКА,NO SIGNIFICANT RISK,HIGH,ECMWF ENS,ECMWF ENS | ICON-EU EPS | GEFS,0,GREEN,БЕЗ ЗНАЧАЈНОГ РИЗИКА,NO SIGNIFICANT RISK,NONE,HIGH,6,2026-08-21T06:00:00+00:00,2026-08-21T12:00:00+00:00,STORMS,EXPERIMENTAL,DEVELOPMENTAL MULTIMODEL SIGNAL - NOT CALIBRATED PROBABILITY,PUBLIC OPEN-DATA SERVICES,INDEPENDENT PROJECT - NOT AN OFFICIAL RHMZ WARNING PRODUCT
90026,VUČITRN,VUČITRN,ВУЧИТРН,0.0,0.0,0.0,0.0,5.0,5.937764632805897,63.70000076293945,7,36,2026-08-21T12:00:00Z,2026-08-20T00:00:00Z,0.0,0.0,0.0,40.0,0.0,5.9,7,0.0,0.0,10,85.6,0.0,4.3,0.0,0.0,0.0,0.0,0.0,0.0,0.0,3,0.0,0,0,0,0,GREEN,БЕЗ ЗНАЧАЈНОГ РИЗИКА,NO SIGNIFICANT RISK,HIGH,ECMWF ENS,ECMWF ENS | ICON-EU EPS | GEFS,0.0,3,0.0,0,0,0,0,GREEN,БЕЗ ЗНАЧАЈНОГ РИЗИКА,NO SIGNIFICANT RISK,HIGH,ECMWF ENS,ECMWF ENS | ICON-EU EPS | GEFS,0.0,3,0.0,0,0,0,0,GREEN,БЕЗ ЗНАЧАЈНОГ РИЗИКА,NO SIGNIFICANT RISK,HIGH,ECMWF ENS,ECMWF ENS | ICON-EU EPS | GEFS,0.0,3,0.0,0,0,0,0,GREEN,БЕЗ ЗНАЧАЈНОГ РИЗИКА,NO SIGNIFICANT RISK,HIGH,ECMWF ENS,ECMWF ENS | ICON-EU EPS | GEFS,0,GREEN,БЕЗ ЗНАЧАЈНОГ РИЗИКА,NO SIGNIFICANT RISK,NONE,HIGH,6,2026-08-21T06:00:00+00:00,2026-08-21T12:00:00+00:00,STORMS,EXPERIMENTAL,DEVELOPMENTAL MULTIMODEL SIGNAL - NOT CALIBRATED PROBABILITY,PUBLIC OPEN-DATA SERVICES,INDEPENDENT PROJECT - NOT AN OFFICIAL RHMZ WARNING PRODUCT
90042,GNJILANE,GNJILANE,ГЊИЛАНЕ,0.0,0.0,0.0,0.0,4.0,4.428223718344855,64.32253646850586,9,36,2026-08-21T12:00:00Z,2026-08-20T00:00:00Z,20.0,0.0,655.5,58.8,0.0,1.9,9,0.0,0.0,10,449.4,0.0,3.2,0.0,0.0,0.0,0.0,0.0,0.0,6.7,3,20.0,1,0,0,0,GREEN,БЕЗ ЗНАЧАЈНОГ РИЗИКА,NO SIGNIFICANT RISK,HIGH,ECMWF ENS,ECMWF ENS | ICON-EU EPS | GEFS,0.0,3,0.0,0,0,0,0,GREEN,БЕЗ ЗНАЧАЈНОГ РИЗИКА,NO SIGNIFICANT RISK,HIGH,ECMWF ENS,ECMWF ENS | ICON-EU EPS | GEFS,0.0,3,0.0,0,0,0,0,GREEN,БЕЗ ЗНАЧАЈНОГ РИЗИКА,NO SIGNIFICANT RISK,HIGH,ECMWF ENS,ECMWF ENS | ICON-EU EPS | GEFS,0.0,3,0.0,0,0,0,0,GREEN,БЕЗ ЗНАЧАЈНОГ РИЗИКА,NO SIGNIFICANT RISK,HIGH,ECMWF ENS,ECMWF ENS | ICON-EU EPS | GEFS,0,GREEN,БЕЗ ЗНАЧАЈНОГ РИЗИКА,NO SIGNIFICANT RISK,NONE,HIGH,6,2026-08-21T06:00:00+00:00,2026-08-21T12:00:00+00:00,STORMS,EXPERIMENTAL,DEVELOPMENTAL MULTIMODEL SIGNAL - NOT CALIBRATED PROBABILITY,PUBLIC OPEN-DATA SERVICES,INDEPENDENT PROJECT - NOT AN OFFICIAL RHMZ WARNING PRODUCT
70467,GADŽIN HAN,GADŽIN HAN,ГАЏИН ХАН,0.0,0.0,0.0,0.0,0.0,5.65837692677489,65.04999923706055,8,36,2026-08-21T12:00:00Z,2026-08-20T00:00:00Z,12.0,0.0,652.9,73.0,0.0,3.0,8,0.0,0.0,11,166.6,0.0,3.7,0.0,0.0,0.0,0.0,0.0,0.0,4.0,3,12.0,1,0,0,0,GREEN,БЕЗ ЗНАЧАЈНОГ РИЗИКА,NO SIGNIFICANT RISK,HIGH,ECMWF ENS,ECMWF ENS | ICON-EU EPS | GEFS,0.0,3,0.0,0,0,0,0,GREEN,БЕЗ ЗНАЧАЈНОГ РИЗИКА,NO SIGNIFICANT RISK,HIGH,ECMWF ENS,ECMWF ENS | ICON-EU EPS | GEFS,0.0,3,0.0,0,0,0,0,GREEN,БЕЗ ЗНАЧАЈНОГ РИЗИКА,NO SIGNIFICANT RISK,HIGH,ECMWF ENS,ECMWF ENS | ICON-EU EPS | GEFS,0.0,3,0.0,0,0,0,0,GREEN,БЕЗ ЗНАЧАЈНОГ РИЗИКА,NO SIGNIFICANT RISK,HIGH,ECMWF ENS,ECMWF ENS | ICON-EU EPS | GEFS,0,GREEN,БЕЗ ЗНАЧАЈНОГ РИЗИКА,NO SIGNIFICANT RISK,NONE,HIGH,6,2026-08-21T06:00:00+00:00,2026-08-21T12:00:00+00:00,STORMS,EXPERIMENTAL,DEVELOPMENTAL MULTIMODEL SIGNAL - NOT CALIBRATED PROBABILITY,PUBLIC OPEN-DATA SERVICES,INDEPENDENT PROJECT - NOT AN OFFICIAL RHMZ WARNING PRODUCT
90034,GLOGOVAC,GLOGOVAC,ГЛОГОВАЦ,0.0,0.0,0.0,0.0,0.0,5.285729156522048,63.70000076293945,8,36,2026-08-21T12:00:00Z,2026-08-20T00:00:00Z,0.0,0.0,0.0,45.3,0.0,5.0,8,0.0,0.0,11,136.6,0.0,3.6,0.0,0.0,0.0,0.0,0.0,0.0,0.0,3,0.0,0,0,0,0,GREEN,БЕЗ ЗНАЧАЈНОГ РИЗИКА,NO SIGNIFICANT RISK,HIGH,ECMWF ENS,ECMWF ENS | ICON-EU EPS | GEFS,0.0,3,0.0,0,0,0,0,GREEN,БЕЗ ЗНАЧАЈНОГ РИЗИКА,NO SIGNIFICANT RISK,HIGH,ECMWF ENS,ECMWF ENS | ICON-EU EPS | GEFS,0.0,3,0.0,0,0,0,0,GREEN,БЕЗ ЗНАЧАЈНОГ РИЗИКА,NO SIGNIFICANT RISK,HIGH,ECMWF ENS,ECMWF ENS | ICON-EU EPS | GEFS,0.0,3,0.0,0,0,0,0,GREEN,БЕЗ ЗНАЧАЈНОГ РИЗИКА,NO SIGNIFICANT RISK,HIGH,ECMWF ENS,ECMWF ENS | ICON-EU EPS | GEFS,0,GREEN,БЕЗ ЗНАЧАЈНОГ РИЗИКА,NO SIGNIFICANT RISK,NONE,HIGH,6,2026-08-21T06:00:00+00:00,2026-08-21T12:00:00+00:00,STORMS,EXPERIMENTAL,DEVELOPMENTAL MULTIMODEL SIGNAL - NOT CALIBRATED PROBABILITY,PUBLIC OPEN-DATA SERVICES,INDEPENDENT PROJECT - NOT AN OFFICIAL RHMZ WARNING PRODUCT
70475,GOLUBAC,GOLUBAC,ГОЛУБАЦ,0.0,0.0,0.0,0.0,0.0,12.112084929299591,68.4000015258789,10,36,2026-08-21T12:00:00Z,2026-08-20T00:00:00Z,0.0,0.0,0.0,24.1,0.0,6.1,10,0.0,0.0,12,41.1,0.0,10.6,0.0,0.0,0.0,0.0,0.0,0.0,0.0,3,0.0,0,0,0,0,GREEN,БЕЗ ЗНАЧАЈНОГ РИЗИКА,NO SIGNIFICANT RISK,HIGH,ECMWF ENS,ECMWF ENS | ICON-EU EPS | GEFS,0.0,3,0.0,0,0,0,0,GREEN,БЕЗ ЗНАЧАЈНОГ РИЗИКА,NO SIGNIFICANT RISK,HIGH,ECMWF ENS,ECMWF ENS | ICON-EU EPS | GEFS,0.0,3,0.0,0,0,0,0,GREEN,БЕЗ ЗНАЧАЈНОГ РИЗИКА,NO SIGNIFICANT RISK,HIGH,ECMWF ENS,ECMWF ENS | ICON-EU EPS | GEFS,0.0,3,0.0,0,0,0,0,GREEN,БЕЗ ЗНАЧАЈНОГ РИЗИКА,NO SIGNIFICANT RISK,HIGH,ECMWF ENS,ECMWF ENS | ICON-EU EPS | GEFS,0,GREEN,БЕЗ ЗНАЧАЈНОГ РИЗИКА,NO SIGNIFICANT RISK,NONE,HIGH,6,2026-08-21T06:00:00+00:00,2026-08-21T12:00:00+00:00,STORMS,EXPERIMENTAL,DEVELOPMENTAL MULTIMODEL SIGNAL - NOT CALIBRATED PROBABILITY,PUBLIC OPEN-DATA SERVICES,INDEPENDENT PROJECT - NOT AN OFFICIAL RHMZ WARNING PRODUCT
70483,GORNJI MILANOVAC,GORNJI MILANOVAC,ГОРЊИ МИЛАНОВАЦ,0.0,0.0,0.0,0.0,0.0,9.892226273681803,64.44999885559082,10,36,2026-08-21T12:00:00Z,2026-08-20T00:00:00Z,0.0,0.0,0.0,18.8,0.0,8.3,10,0.0,0.0,11,25.2,0.0,8.1,0.0,0.0,0.0,0.0,0.0,0.0,0.0,3,0.0,0,0,0,0,GREEN,БЕЗ ЗНАЧАЈНОГ РИЗИКА,NO SIGNIFICANT RISK,HIGH,ECMWF ENS,ECMWF ENS | ICON-EU EPS | GEFS,0.0,3,0.0,0,0,0,0,GREEN,БЕЗ ЗНАЧАЈНОГ РИЗИКА,NO SIGNIFICANT RISK,HIGH,ECMWF ENS,ECMWF ENS | ICON-EU EPS | GEFS,0.0,3,0.0,0,0,0,0,GREEN,БЕЗ ЗНАЧАЈНОГ РИЗИКА,NO SIGNIFICANT RISK,HIGH,ECMWF ENS,ECMWF ENS | ICON-EU EPS | GEFS,0.0,3,0.0,0,0,0,0,GREEN,БЕЗ ЗНАЧАЈНОГ РИЗИКА,NO SIGNIFICANT RISK,HIGH,ECMWF ENS,ECMWF ENS | ICON-EU EPS | GEFS,0,GREEN,БЕЗ ЗНАЧАЈНОГ РИЗИКА,NO SIGNIFICANT RISK,NONE,HIGH,6,2026-08-21T06:00:00+00:00,2026-08-21T12:00:00+00:00,STORMS,EXPERIMENTAL,DEVELOPMENTAL MULTIMODEL SIGNAL - NOT CALIBRATED PROBABILITY,PUBLIC OPEN-DATA SERVICES,INDEPENDENT PROJECT - NOT AN OFFICIAL RHMZ WARNING PRODUCT
90336,GORA,GORA,ГОРА,0.0,0.0,0.0,0.0,16.0,5.5231129694492855,61.0,7,36,2026-08-21T12:00:00Z,2026-08-20T00:00:00Z,26.0,0.0,453.2,75.5,0.0,2.5,7,0.0,0.0,10,202.6,0.0,5.2,0.0,0.0,0.0,0.0,0.0,0.0,8.7,3,26.0,1,0,0,0,GREEN,БЕЗ ЗНАЧАЈНОГ РИЗИКА,NO SIGNIFICANT RISK,MODERATE,ECMWF ENS,ECMWF ENS | ICON-EU EPS | GEFS,0.0,3,0.0,0,0,0,0,GREEN,БЕЗ ЗНАЧАЈНОГ РИЗИКА,NO SIGNIFICANT RISK,HIGH,ECMWF ENS,ECMWF ENS | ICON-EU EPS | GEFS,0.0,3,0.0,0,0,0,0,GREEN,БЕЗ ЗНАЧАЈНОГ РИЗИКА,NO SIGNIFICANT RISK,HIGH,ECMWF ENS,ECMWF ENS | ICON-EU EPS | GEFS,0.0,3,0.0,0,0,0,0,GREEN,БЕЗ ЗНАЧАЈНОГ РИЗИКА,NO SIGNIFICANT RISK,HIGH,ECMWF ENS,ECMWF ENS | ICON-EU EPS | GEFS,0,GREEN,БЕЗ ЗНАЧАЈНОГ РИЗИКА,NO SIGNIFICANT RISK,NONE,MODERATE,6,2026-08-21T06:00:00+00:00,2026-08-21T12:00:00+00:00,STORMS,EXPERIMENTAL,DEVELOPMENTAL MULTIMODEL SIGNAL - NOT CALIBRATED PROBABILITY,PUBLIC OPEN-DATA SERVICES,INDEPENDENT PROJECT - NOT AN OFFICIAL RHMZ WARNING PRODUCT
70491,DESPOTOVAC,DESPOTOVAC,ДЕСПОТОВАЦ,0.0,0.0,0.0,0.0,0.0,10.182213850632897,67.92253875732422,11,36,2026-08-21T12:00:00Z,2026-08-20T00:00:00Z,0.0,0.0,0.0,22.5,0.0,5.2,11,0.0,0.0,9,38.8,0.0,7.3,0.0,0.0,0.0,0.0,0.0,0.0,0.0,3,0.0,0,0,0,0,GREEN,БЕЗ ЗНАЧАЈНОГ РИЗИКА,NO SIGNIFICANT RISK,HIGH,ECMWF ENS,ECMWF ENS | ICON-EU EPS | GEFS,0.0,3,0.0,0,0,0,0,GREEN,БЕЗ ЗНАЧАЈНОГ РИЗИКА,NO SIGNIFICANT RISK,HIGH,ECMWF ENS,ECMWF ENS | ICON-EU EPS | GEFS,0.0,3,0.0,0,0,0,0,GREEN,БЕЗ ЗНАЧАЈНОГ РИЗИКА,NO SIGNIFICANT RISK,HIGH,ECMWF ENS,ECMWF ENS | ICON-EU EPS | GEFS,0.0,3,0.0,0,0,0,0,GREEN,БЕЗ ЗНАЧАЈНОГ РИЗИКА,NO SIGNIFICANT RISK,HIGH,ECMWF ENS,ECMWF ENS | ICON-EU EPS | GEFS,0,GREEN,БЕЗ ЗНАЧАЈНОГ РИЗИКА,NO SIGNIFICANT RISK,NONE,HIGH,6,2026-08-21T06:00:00+00:00,2026-08-21T12:00:00+00:00,STORMS,EXPERIMENTAL,DEVELOPMENTAL MULTIMODEL SIGNAL - NOT CALIBRATED PROBABILITY,PUBLIC OPEN-DATA SERVICES,INDEPENDENT PROJECT - NOT AN OFFICIAL RHMZ WARNING PRODUCT
90069,DEČANI,DEČANI,ДЕЧАНИ,0.0,0.0,0.0,0.0,1.0,5.285729156522048,59.51604461669922,9,36,2026-08-21T12:00:00Z,2026-08-20T00:00:00Z,0.0,0.0,0.0,43.7,0.0,2.7,9,0.0,0.0,11,28.4,0.0,6.6,0.0,0.0,0.0,0.0,0.0,0.0,0.0,3,0.0,0,0,0,0,GREEN,БЕЗ ЗНАЧАЈНОГ РИЗИКА,NO SIGNIFICANT RISK,HIGH,ECMWF ENS,ECMWF ENS | ICON-EU EPS | GEFS,0.0,3,0.0,0,0,0,0,GREEN,БЕЗ ЗНАЧАЈНОГ РИЗИКА,NO SIGNIFICANT RISK,HIGH,ECMWF ENS,ECMWF ENS | ICON-EU EPS | GEFS,0.0,3,0.0,0,0,0,0,GREEN,БЕЗ ЗНАЧАЈНОГ РИЗИКА,NO SIGNIFICANT RISK,HIGH,ECMWF ENS,ECMWF ENS | ICON-EU EPS | GEFS,0.0,3,0.0,0,0,0,0,GREEN,БЕЗ ЗНАЧАЈНОГ РИЗИКА,NO SIGNIFICANT RISK,HIGH,ECMWF ENS,ECMWF ENS | ICON-EU EPS | GEFS,0,GREEN,БЕЗ ЗНАЧАЈНОГ РИЗИКА,NO SIGNIFICANT RISK,NONE,HIGH,6,2026-08-21T06:00:00+00:00,2026-08-21T12:00:00+00:00,STORMS,EXPERIMENTAL,DEVELOPMENTAL MULTIMODEL SIGNAL - NOT CALIBRATED PROBABILITY,PUBLIC OPEN-DATA SERVICES,INDEPENDENT PROJECT - NOT AN OFFICIAL RHMZ WARNING PRODUCT
70505,DIMITROVGRAD,DIMITROVGRAD,ДИМИТРОВГРАД,0.0,0.0,0.0,0.0,0.0,6.19915411279427,64.57253646850586,10,36,2026-08-21T12:00:00Z,2026-08-20T00:00:00Z,12.0,0.0,985.9,52.5,0.0,2.5,10,0.0,0.0,12,44.4,0.0,3.3,0.0,0.0,0.0,0.0,0.0,0.0,4.0,3,12.0,1,0,0,0,GREEN,БЕЗ ЗНАЧАЈНОГ РИЗИКА,NO SIGNIFICANT RISK,HIGH,ECMWF ENS,ECMWF ENS | ICON-EU EPS | GEFS,0.0,3,0.0,0,0,0,0,GREEN,БЕЗ ЗНАЧАЈНОГ РИЗИКА,NO SIGNIFICANT RISK,HIGH,ECMWF ENS,ECMWF ENS | ICON-EU EPS | GEFS,0.0,3,0.0,0,0,0,0,GREEN,БЕЗ ЗНАЧАЈНОГ РИЗИКА,NO SIGNIFICANT RISK,HIGH,ECMWF ENS,ECMWF ENS | ICON-EU EPS | GEFS,0.0,3,0.0,0,0,0,0,GREEN,БЕЗ ЗНАЧАЈНОГ РИЗИКА,NO SIGNIFICANT RISK,HIGH,ECMWF ENS,ECMWF ENS | ICON-EU EPS | GEFS,0,GREEN,БЕЗ ЗНАЧАЈНОГ РИЗИКА,NO SIGNIFICANT RISK,NONE,HIGH,6,2026-08-21T06:00:00+00:00,2026-08-21T12:00:00+00:00,STORMS,EXPERIMENTAL,DEVELOPMENTAL MULTIMODEL SIGNAL - NOT CALIBRATED PROBABILITY,PUBLIC OPEN-DATA SERVICES,INDEPENDENT PROJECT - NOT AN OFFICIAL RHMZ WARNING PRODUCT
70513,DOLJEVAC,DOLJEVAC,ДОЉЕВАЦ,0.0,0.0,0.0,0.0,0.0,5.411284259517312,65.05000114440918,5,36,2026-08-21T12:00:00Z,2026-08-20T00:00:00Z,0.0,0.0,175.6,63.7,0.0,3.8,5,0.0,0.0,10,119.6,0.0,3.2,0.0,0.0,0.0,0.0,0.0,0.0,0.0,3,0.0,0,0,0,0,GREEN,БЕЗ ЗНАЧАЈНОГ РИЗИКА,NO SIGNIFICANT RISK,HIGH,ECMWF ENS,ECMWF ENS | ICON-EU EPS | GEFS,0.0,3,0.0,0,0,0,0,GREEN,БЕЗ ЗНАЧАЈНОГ РИЗИКА,NO SIGNIFICANT RISK,HIGH,ECMWF ENS,ECMWF ENS | ICON-EU EPS | GEFS,0.0,3,0.0,0,0,0,0,GREEN,БЕЗ ЗНАЧАЈНОГ РИЗИКА,NO SIGNIFICANT RISK,HIGH,ECMWF ENS,ECMWF ENS | ICON-EU EPS | GEFS,0.0,3,0.0,0,0,0,0,GREEN,БЕЗ ЗНАЧАЈНОГ РИЗИКА,NO SIGNIFICANT RISK,HIGH,ECMWF ENS,ECMWF ENS | ICON-EU EPS | GEFS,0,GREEN,БЕЗ ЗНАЧАЈНОГ РИЗИКА,NO SIGNIFICANT RISK,NONE,HIGH,6,2026-08-21T06:00:00+00:00,2026-08-21T12:00:00+00:00,STORMS,EXPERIMENTAL,DEVELOPMENTAL MULTIMODEL SIGNAL - NOT CALIBRATED PROBABILITY,PUBLIC OPEN-DATA SERVICES,INDEPENDENT PROJECT - NOT AN OFFICIAL RHMZ WARNING PRODUCT
80136,ŽABALJ,ŽABALJ,ЖАБАЉ,0.0,0.0,0.0,0.0,0.0,11.52523277966097,58.35000228881836,8,36,2026-08-21T12:00:00Z,2026-08-20T00:00:00Z,0.0,0.0,0.0,48.1,0.0,11.0,8,0.0,0.0,12,27.9,0.0,13.7,0.0,0.0,0.0,0.0,0.0,0.0,0.0,3,0.0,0,0,0,0,GREEN,БЕЗ ЗНАЧАЈНОГ РИЗИКА,NO SIGNIFICANT RISK,HIGH,ECMWF ENS,ECMWF ENS | ICON-EU EPS | GEFS,0.0,3,0.0,0,0,0,0,GREEN,БЕЗ ЗНАЧАЈНОГ РИЗИКА,NO SIGNIFICANT RISK,HIGH,ECMWF ENS,ECMWF ENS | ICON-EU EPS | GEFS,0.0,3,0.0,0,0,0,0,GREEN,БЕЗ ЗНАЧАЈНОГ РИЗИКА,NO SIGNIFICANT RISK,HIGH,ECMWF ENS,ECMWF ENS | ICON-EU EPS | GEFS,0.0,3,0.0,0,0,0,0,GREEN,БЕЗ ЗНАЧАЈНОГ РИЗИКА,NO SIGNIFICANT RISK,HIGH,ECMWF ENS,ECMWF ENS | ICON-EU EPS | GEFS,0,GREEN,БЕЗ ЗНАЧАЈНОГ РИЗИКА,NO SIGNIFICANT RISK,NONE,HIGH,6,2026-08-21T06:00:00+00:00,2026-08-21T12:00:00+00:00,STORMS,EXPERIMENTAL,DEVELOPMENTAL MULTIMODEL SIGNAL - NOT CALIBRATED PROBABILITY,PUBLIC OPEN-DATA SERVICES,INDEPENDENT PROJECT - NOT AN OFFICIAL RHMZ WARNING PRODUCT
70521,ŽABARI,ŽABARI,ЖАБАРИ,0.0,0.0,0.0,0.0,0.0,11.08812431030544,68.4000015258789,6,36,2026-08-21T12:00:00Z,2026-08-20T00:00:00Z,0.0,0.0,0.0,22.4,0.0,5.0,6,0.0,0.0,11,21.8,0.0,7.8,0.0,0.0,0.0,0.0,0.0,0.0,0.0,3,0.0,0,0,0,0,GREEN,БЕЗ ЗНАЧАЈНОГ РИЗИКА,NO SIGNIFICANT RISK,HIGH,ECMWF ENS,ECMWF ENS | ICON-EU EPS | GEFS,0.0,3,0.0,0,0,0,0,GREEN,БЕЗ ЗНАЧАЈНОГ РИЗИКА,NO SIGNIFICANT RISK,HIGH,ECMWF ENS,ECMWF ENS | ICON-EU EPS | GEFS,0.0,3,0.0,0,0,0,0,GREEN,БЕЗ ЗНАЧАЈНОГ РИЗИКА,NO SIGNIFICANT RISK,HIGH,ECMWF ENS,ECMWF ENS | ICON-EU EPS | GEFS,0.0,3,0.0,0,0,0,0,GREEN,БЕЗ ЗНАЧАЈНОГ РИЗИКА,NO SIGNIFICANT RISK,HIGH,ECMWF ENS,ECMWF ENS | ICON-EU EPS | GEFS,0,GREEN,БЕЗ ЗНАЧАЈНОГ РИЗИКА,NO SIGNIFICANT RISK,NONE,HIGH,6,2026-08-21T06:00:00+00:00,2026-08-21T12:00:00+00:00,STORMS,EXPERIMENTAL,DEVELOPMENTAL MULTIMODEL SIGNAL - NOT CALIBRATED PROBABILITY,PUBLIC OPEN-DATA SERVICES,INDEPENDENT PROJECT - NOT AN OFFICIAL RHMZ WARNING PRODUCT
70530,ŽAGUBICA,ŽAGUBICA,ЖАГУБИЦА,0.0,0.0,0.0,0.0,0.0,11.578753148625896,68.4000015258789,11,36,2026-08-21T12:00:00Z,2026-08-20T00:00:00Z,0.0,0.0,18.6,35.4,0.0,7.3,11,0.0,0.0,9,42.1,0.0,9.0,0.0,0.0,0.0,0.0,0.0,0.0,0.0,3,0.0,0,0,0,0,GREEN,БЕЗ ЗНАЧАЈНОГ РИЗИКА,NO SIGNIFICANT RISK,HIGH,ECMWF ENS,ECMWF ENS | ICON-EU EPS | GEFS,0.0,3,0.0,0,0,0,0,GREEN,БЕЗ ЗНАЧАЈНОГ РИЗИКА,NO SIGNIFICANT RISK,HIGH,ECMWF ENS,ECMWF ENS | ICON-EU EPS | GEFS,0.0,3,0.0,0,0,0,0,GREEN,БЕЗ ЗНАЧАЈНОГ РИЗИКА,NO SIGNIFICANT RISK,HIGH,ECMWF ENS,ECMWF ENS | ICON-EU EPS | GEFS,0.0,3,0.0,0,0,0,0,GREEN,БЕЗ ЗНАЧАЈНОГ РИЗИКА,NO SIGNIFICANT RISK,HIGH,ECMWF ENS,ECMWF ENS | ICON-EU EPS | GEFS,0,GREEN,БЕЗ ЗНАЧАЈНОГ РИЗИКА,NO SIGNIFICANT RISK,NONE,HIGH,6,2026-08-21T06:00:00+00:00,2026-08-21T12:00:00+00:00,STORMS,EXPERIMENTAL,DEVELOPMENTAL MULTIMODEL SIGNAL - NOT CALIBRATED PROBABILITY,PUBLIC OPEN-DATA SERVICES,INDEPENDENT PROJECT - NOT AN OFFICIAL RHMZ WARNING PRODUCT
80144,ŽITIŠTE,ŽITIŠTE,ЖИТИШТЕ,0.0,0.0,0.0,0.0,0.0,11.3637824276,61.09999847412109,10,36,2026-08-21T12:00:00Z,2026-08-20T00:00:00Z,0.0,0.0,0.0,39.7,0.0,8.8,10,0.0,0.0,11,26.1,0.0,13.1,0.0,0.0,0.0,0.0,0.0,0.0,0.0,3,0.0,0,0,0,0,GREEN,БЕЗ ЗНАЧАЈНОГ РИЗИКА,NO SIGNIFICANT RISK,HIGH,ECMWF ENS,ECMWF ENS | ICON-EU EPS | GEFS,0.0,3,0.0,0,0,0,0,GREEN,БЕЗ ЗНАЧАЈНОГ РИЗИКА,NO SIGNIFICANT RISK,HIGH,ECMWF ENS,ECMWF ENS | ICON-EU EPS | GEFS,0.0,3,0.0,0,0,0,0,GREEN,БЕЗ ЗНАЧАЈНОГ РИЗИКА,NO SIGNIFICANT RISK,HIGH,ECMWF ENS,ECMWF ENS | ICON-EU EPS | GEFS,0.0,3,0.0,0,0,0,0,GREEN,БЕЗ ЗНАЧАЈНОГ РИЗИКА,NO SIGNIFICANT RISK,HIGH,ECMWF ENS,ECMWF ENS | ICON-EU EPS | GEFS,0,GREEN,БЕЗ ЗНАЧАЈНОГ РИЗИКА,NO SIGNIFICANT RISK,NONE,HIGH,6,2026-08-21T06:00:00+00:00,2026-08-21T12:00:00+00:00,STORMS,EXPERIMENTAL,DEVELOPMENTAL MULTIMODEL SIGNAL - NOT CALIBRATED PROBABILITY,PUBLIC OPEN-DATA SERVICES,INDEPENDENT PROJECT - NOT AN OFFICIAL RHMZ WARNING PRODUCT
70548,ŽITORAĐA,ŽITORAĐA,ЖИТОРАЂА,0.0,0.0,0.0,0.0,0.0,5.411284259517312,65.05000114440918,6,36,2026-08-21T12:00:00Z,2026-08-20T00:00:00Z,4.0,0.0,578.1,64.7,0.0,2.4,6,0.0,0.0,13,113.9,0.0,3.3,0.0,0.0,0.0,0.0,0.0,0.0,1.3,3,4.0,0,0,0,0,GREEN,БЕЗ ЗНАЧАЈНОГ РИЗИКА,NO SIGNIFICANT RISK,HIGH,ECMWF ENS,ECMWF ENS | ICON-EU EPS | GEFS,0.0,3,0.0,0,0,0,0,GREEN,БЕЗ ЗНАЧАЈНОГ РИЗИКА,NO SIGNIFICANT RISK,HIGH,ECMWF ENS,ECMWF ENS | ICON-EU EPS | GEFS,0.0,3,0.0,0,0,0,0,GREEN,БЕЗ ЗНАЧАЈНОГ РИЗИКА,NO SIGNIFICANT RISK,HIGH,ECMWF ENS,ECMWF ENS | ICON-EU EPS | GEFS,0.0,3,0.0,0,0,0,0,GREEN,БЕЗ ЗНАЧАЈНОГ РИЗИКА,NO SIGNIFICANT RISK,HIGH,ECMWF ENS,ECMWF ENS | ICON-EU EPS | GEFS,0,GREEN,БЕЗ ЗНАЧАЈНОГ РИЗИКА,NO SIGNIFICANT RISK,NONE,HIGH,6,2026-08-21T06:00:00+00:00,2026-08-21T12:00:00+00:00,STORMS,EXPERIMENTAL,DEVELOPMENTAL MULTIMODEL SIGNAL - NOT CALIBRATED PROBABILITY,PUBLIC OPEN-DATA SERVICES,INDEPENDENT PROJECT - NOT AN OFFICIAL RHMZ WARNING PRODUCT
70556,ZAJEČAR-GRAD,ZAJEČAR-GRAD,ЗАЈЕЧАР-ГРАД,0.0,0.0,0.0,0.0,0.0,10.028905194145407,66.5,14,36,2026-08-21T12:00:00Z,2026-08-20T00:00:00Z,2.0,0.0,730.6,55.8,0.0,5.1,14,0.0,0.0,10,42.8,0.0,8.4,0.0,0.0,0.0,0.0,0.0,0.0,0.7,3,2.0,0,0,0,0,GREEN,БЕЗ ЗНАЧАЈНОГ РИЗИКА,NO SIGNIFICANT RISK,HIGH,ECMWF ENS,ECMWF ENS | ICON-EU EPS | GEFS,0.0,3,0.0,0,0,0,0,GREEN,БЕЗ ЗНАЧАЈНОГ РИЗИКА,NO SIGNIFICANT RISK,HIGH,ECMWF ENS,ECMWF ENS | ICON-EU EPS | GEFS,0.0,3,0.0,0,0,0,0,GREEN,БЕЗ ЗНАЧАЈНОГ РИЗИКА,NO SIGNIFICANT RISK,HIGH,ECMWF ENS,ECMWF ENS | ICON-EU EPS | GEFS,0.0,3,0.0,0,0,0,0,GREEN,БЕЗ ЗНАЧАЈНОГ РИЗИКА,NO SIGNIFICANT RISK,HIGH,ECMWF ENS,ECMWF ENS | ICON-EU EPS | GEFS,0,GREEN,БЕЗ ЗНАЧАЈНОГ РИЗИКА,NO SIGNIFICANT RISK,NONE,HIGH,6,2026-08-21T06:00:00+00:00,2026-08-21T12:00:00+00:00,STORMS,EXPERIMENTAL,DEVELOPMENTAL MULTIMODEL SIGNAL - NOT CALIBRATED PROBABILITY,PUBLIC OPEN-DATA SERVICES,INDEPENDENT PROJECT - NOT AN OFFICIAL RHMZ WARNING PRODUCT
90352,ZVEČAN,ZVEČAN,ЗВЕЧАН,0.0,0.0,0.0,0.0,38.0,6.935115455159625,62.09999942779541,6,36,2026-08-21T12:00:00Z,2026-08-20T00:00:00Z,0.0,0.0,0.0,40.7,0.0,5.9,6,0.0,0.0,11,25.5,0.0,5.9,0.0,0.0,0.0,0.0,0.0,0.0,0.0,3,0.0,0,0,0,0,GREEN,БЕЗ ЗНАЧАЈНОГ РИЗИКА,NO SIGNIFICANT RISK,HIGH,ECMWF ENS,ECMWF ENS | ICON-EU EPS | GEFS,0.0,3,0.0,0,0,0,0,GREEN,БЕЗ ЗНАЧАЈНОГ РИЗИКА,NO SIGNIFICANT RISK,HIGH,ECMWF ENS,ECMWF ENS | ICON-EU EPS | GEFS,0.0,3,0.0,0,0,0,0,GREEN,БЕЗ ЗНАЧАЈНОГ РИЗИКА,NO SIGNIFICANT RISK,HIGH,ECMWF ENS,ECMWF ENS | ICON-EU EPS | GEFS,0.0,3,0.0,0,0,0,0,GREEN,БЕЗ ЗНАЧАЈНОГ РИЗИКА,NO SIGNIFICANT RISK,HIGH,ECMWF ENS,ECMWF ENS | ICON-EU EPS | GEFS,0,GREEN,БЕЗ ЗНАЧАЈНОГ РИЗИКА,NO SIGNIFICANT RISK,NONE,HIGH,6,2026-08-21T06:00:00+00:00,2026-08-21T12:00:00+00:00,STORMS,EXPERIMENTAL,DEVELOPMENTAL MULTIMODEL SIGNAL - NOT CALIBRATED PROBABILITY,PUBLIC OPEN-DATA SERVICES,INDEPENDENT PROJECT - NOT AN OFFICIAL RHMZ WARNING PRODUCT
80152,ZRENJANIN-GRAD,ZRENJANIN-GRAD,ЗРЕЊАНИН-ГРАД,0.0,0.0,0.0,0.0,0.0,11.52523277966097,62.45475387573242,14,36,2026-08-21T12:00:00Z,2026-08-20T00:00:00Z,0.0,0.0,0.0,39.7,0.0,8.8,14,0.0,0.0,13,25.3,0.0,12.8,0.0,0.0,0.0,0.0,0.0,0.0,0.0,3,0.0,0,0,0,0,GREEN,БЕЗ ЗНАЧАЈНОГ РИЗИКА,NO SIGNIFICANT RISK,HIGH,ECMWF ENS,ECMWF ENS | ICON-EU EPS | GEFS,0.0,3,0.0,0,0,0,0,GREEN,БЕЗ ЗНАЧАЈНОГ РИЗИКА,NO SIGNIFICANT RISK,HIGH,ECMWF ENS,ECMWF ENS | ICON-EU EPS | GEFS,0.0,3,0.0,0,0,0,0,GREEN,БЕЗ ЗНАЧАЈНОГ РИЗИКА,NO SIGNIFICANT RISK,HIGH,ECMWF ENS,ECMWF ENS | ICON-EU EPS | GEFS,0.0,3,0.0,0,0,0,0,GREEN,БЕЗ ЗНАЧАЈНОГ РИЗИКА,NO SIGNIFICANT RISK,HIGH,ECMWF ENS,ECMWF ENS | ICON-EU EPS | GEFS,0,GREEN,БЕЗ ЗНАЧАЈНОГ РИЗИКА,NO SIGNIFICANT RISK,NONE,HIGH,6,2026-08-21T06:00:00+00:00,2026-08-21T12:00:00+00:00,STORMS,EXPERIMENTAL,DEVELOPMENTAL MULTIMODEL SIGNAL - NOT CALIBRATED PROBABILITY,PUBLIC OPEN-DATA SERVICES,INDEPENDENT PROJECT - NOT AN OFFICIAL RHMZ WARNING PRODUCT
90093,ZUBIN POTOK,ZUBIN POTOK,ЗУБИН ПОТОК,0.0,0.0,0.0,0.0,38.0,6.935115455159625,62.09999942779541,8,36,2026-08-21T12:00:00Z,2026-08-20T00:00:00Z,0.0,0.0,0.0,40.7,0.0,5.9,8,0.0,0.0,11,25.5,0.0,5.9,0.0,0.0,0.0,0.0,0.0,0.0,0.0,3,0.0,0,0,0,0,GREEN,БЕЗ ЗНАЧАЈНОГ РИЗИКА,NO SIGNIFICANT RISK,HIGH,ECMWF ENS,ECMWF ENS | ICON-EU EPS | GEFS,0.0,3,0.0,0,0,0,0,GREEN,БЕЗ ЗНАЧАЈНОГ РИЗИКА,NO SIGNIFICANT RISK,HIGH,ECMWF ENS,ECMWF ENS | ICON-EU EPS | GEFS,0.0,3,0.0,0,0,0,0,GREEN,БЕЗ ЗНАЧАЈНОГ РИЗИКА,NO SIGNIFICANT RISK,HIGH,ECMWF ENS,ECMWF ENS | ICON-EU EPS | GEFS,0.0,3,0.0,0,0,0,0,GREEN,БЕЗ ЗНАЧАЈНОГ РИЗИКА,NO SIGNIFICANT RISK,HIGH,ECMWF ENS,ECMWF ENS | ICON-EU EPS | GEFS,0,GREEN,БЕЗ ЗНАЧАЈНОГ РИЗИКА,NO SIGNIFICANT RISK,NONE,HIGH,6,2026-08-21T06:00:00+00:00,2026-08-21T12:00:00+00:00,STORMS,EXPERIMENTAL,DEVELOPMENTAL MULTIMODEL SIGNAL - NOT CALIBRATED PROBABILITY,PUBLIC OPEN-DATA SERVICES,INDEPENDENT PROJECT - NOT AN OFFICIAL RHMZ WARNING PRODUCT
70564,IVANJICA,IVANJICA,ИВАЊИЦА,0.0,0.0,0.0,0.0,37.0,8.637044559543856,66.19999694824219,11,36,2026-08-21T12:00:00Z,2026-08-20T00:00:00Z,0.0,0.0,0.0,19.7,0.0,6.3,11,0.0,0.0,11,34.2,0.0,5.7,0.0,0.0,0.0,0.0,0.0,0.0,0.0,3,0.0,0,0,0,0,GREEN,БЕЗ ЗНАЧАЈНОГ РИЗИКА,NO SIGNIFICANT RISK,HIGH,ECMWF ENS,ECMWF ENS | ICON-EU EPS | GEFS,0.0,3,0.0,0,0,0,0,GREEN,БЕЗ ЗНАЧАЈНОГ РИЗИКА,NO SIGNIFICANT RISK,HIGH,ECMWF ENS,ECMWF ENS | ICON-EU EPS | GEFS,0.0,3,0.0,0,0,0,0,GREEN,БЕЗ ЗНАЧАЈНОГ РИЗИКА,NO SIGNIFICANT RISK,HIGH,ECMWF ENS,ECMWF ENS | ICON-EU EPS | GEFS,0.0,3,0.0,0,0,0,0,GREEN,БЕЗ ЗНАЧАЈНОГ РИЗИКА,NO SIGNIFICANT RISK,HIGH,ECMWF ENS,ECMWF ENS | ICON-EU EPS | GEFS,0,GREEN,БЕЗ ЗНАЧАЈНОГ РИЗИКА,NO SIGNIFICANT RISK,NONE,HIGH,6,2026-08-21T06:00:00+00:00,2026-08-21T12:00:00+00:00,STORMS,EXPERIMENTAL,DEVELOPMENTAL MULTIMODEL SIGNAL - NOT CALIBRATED PROBABILITY,PUBLIC OPEN-DATA SERVICES,INDEPENDENT PROJECT - NOT AN OFFICIAL RHMZ WARNING PRODUCT
80179,INĐIJA,INĐIJA,ИНЂИЈА,0.0,0.0,0.0,0.0,0.0,11.380151197041751,53.85000038146973,8,36,2026-08-21T12:00:00Z,2026-08-20T00:00:00Z,0.0,0.0,0.0,42.4,0.0,10.2,8,0.0,0.0,10,22.8,0.0,12.8,0.0,0.0,0.0,0.0,0.0,0.0,0.0,3,0.0,0,0,0,0,GREEN,БЕЗ ЗНАЧАЈНОГ РИЗИКА,NO SIGNIFICANT RISK,HIGH,ECMWF ENS,ECMWF ENS | ICON-EU EPS | GEFS,0.0,3,0.0,0,0,0,0,GREEN,БЕЗ ЗНАЧАЈНОГ РИЗИКА,NO SIGNIFICANT RISK,HIGH,ECMWF ENS,ECMWF ENS | ICON-EU EPS | GEFS,0.0,3,0.0,0,0,0,0,GREEN,БЕЗ ЗНАЧАЈНОГ РИЗИКА,NO SIGNIFICANT RISK,HIGH,ECMWF ENS,ECMWF ENS | ICON-EU EPS | GEFS,0.0,3,0.0,0,0,0,0,GREEN,БЕЗ ЗНАЧАЈНОГ РИЗИКА,NO SIGNIFICANT RISK,HIGH,ECMWF ENS,ECMWF ENS | ICON-EU EPS | GEFS,0,GREEN,БЕЗ ЗНАЧАЈНОГ РИЗИКА,NO SIGNIFICANT RISK,NONE,HIGH,6,2026-08-21T06:00:00+00:00,2026-08-21T12:00:00+00:00,STORMS,EXPERIMENTAL,DEVELOPMENTAL MULTIMODEL SIGNAL - NOT CALIBRATED PROBABILITY,PUBLIC OPEN-DATA SERVICES,INDEPENDENT PROJECT - NOT AN OFFICIAL RHMZ WARNING PRODUCT
80187,IRIG,IRIG,ИРИГ,0.0,0.0,0.0,0.0,0.0,11.484136112286627,57.44999885559082,7,36,2026-08-21T12:00:00Z,2026-08-20T00:00:00Z,0.0,0.0,0.0,47.5,0.0,10.0,7,0.0,0.0,12,23.4,0.0,13.2,0.0,0.0,0.0,0.0,0.0,0.0,0.0,3,0.0,0,0,0,0,GREEN,БЕЗ ЗНАЧАЈНОГ РИЗИКА,NO SIGNIFICANT RISK,HIGH,ECMWF ENS,ECMWF ENS | ICON-EU EPS | GEFS,0.0,3,0.0,0,0,0,0,GREEN,БЕЗ ЗНАЧАЈНОГ РИЗИКА,NO SIGNIFICANT RISK,HIGH,ECMWF ENS,ECMWF ENS | ICON-EU EPS | GEFS,0.0,3,0.0,0,0,0,0,GREEN,БЕЗ ЗНАЧАЈНОГ РИЗИКА,NO SIGNIFICANT RISK,HIGH,ECMWF ENS,ECMWF ENS | ICON-EU EPS | GEFS,0.0,3,0.0,0,0,0,0,GREEN,БЕЗ ЗНАЧАЈНОГ РИЗИКА,NO SIGNIFICANT RISK,HIGH,ECMWF ENS,ECMWF ENS | ICON-EU EPS | GEFS,0,GREEN,БЕЗ ЗНАЧАЈНОГ РИЗИКА,NO SIGNIFICANT RISK,NONE,HIGH,6,2026-08-21T06:00:00+00:00,2026-08-21T12:00:00+00:00,STORMS,EXPERIMENTAL,DEVELOPMENTAL MULTIMODEL SIGNAL - NOT CALIBRATED PROBABILITY,PUBLIC OPEN-DATA SERVICES,INDEPENDENT PROJECT - NOT AN OFFICIAL RHMZ WARNING PRODUCT
90107,ISTOK,ISTOK,ИСТОК,0.0,0.0,0.0,0.0,5.0,6.888853971159707,59.51604461669922,9,36,2026-08-21T12:00:00Z,2026-08-20T00:00:00Z,0.0,0.0,0.0,53.7,0.0,4.8,9,0.0,0.0,11,29.6,0.0,6.6,0.0,0.0,0.0,0.0,0.0,0.0,0.0,3,0.0,0,0,0,0,GREEN,БЕЗ ЗНАЧАЈНОГ РИЗИКА,NO SIGNIFICANT RISK,HIGH,ECMWF ENS,ECMWF ENS | ICON-EU EPS | GEFS,0.0,3,0.0,0,0,0,0,GREEN,БЕЗ ЗНАЧАЈНОГ РИЗИКА,NO SIGNIFICANT RISK,HIGH,ECMWF ENS,ECMWF ENS | ICON-EU EPS | GEFS,0.0,3,0.0,0,0,0,0,GREEN,БЕЗ ЗНАЧАЈНОГ РИЗИКА,NO SIGNIFICANT RISK,HIGH,ECMWF ENS,ECMWF ENS | ICON-EU EPS | GEFS,0.0,3,0.0,0,0,0,0,GREEN,БЕЗ ЗНАЧАЈНОГ РИЗИКА,NO SIGNIFICANT RISK,HIGH,ECMWF ENS,ECMWF ENS | ICON-EU EPS | GEFS,0,GREEN,БЕЗ ЗНАЧАЈНОГ РИЗИКА,NO SIGNIFICANT RISK,NONE,HIGH,6,2026-08-21T06:00:00+00:00,2026-08-21T12:00:00+00:00,STORMS,EXPERIMENTAL,DEVELOPMENTAL MULTIMODEL SIGNAL - NOT CALIBRATED PROBABILITY,PUBLIC OPEN-DATA SERVICES,INDEPENDENT PROJECT - NOT AN OFFICIAL RHMZ WARNING PRODUCT
70602,KNJAŽEVAC,KNJAŽEVAC,КЊАЖЕВАЦ,0.0,0.0,0.0,0.0,0.0,7.481841658240886,66.07499885559082,13,36,2026-08-21T12:00:00Z,2026-08-20T00:00:00Z,28.0,0.0,785.9,56.7,0.0,3.8,13,0.0,0.0,13,51.9,0.0,6.8,0.0,0.0,0.0,0.0,0.0,0.0,9.3,3,28.0,1,0,0,0,GREEN,БЕЗ ЗНАЧАЈНОГ РИЗИКА,NO SIGNIFICANT RISK,MODERATE,ECMWF ENS,ECMWF ENS | ICON-EU EPS | GEFS,0.0,3,0.0,0,0,0,0,GREEN,БЕЗ ЗНАЧАЈНОГ РИЗИКА,NO SIGNIFICANT RISK,HIGH,ECMWF ENS,ECMWF ENS | ICON-EU EPS | GEFS,0.0,3,0.0,0,0,0,0,GREEN,БЕЗ ЗНАЧАЈНОГ РИЗИКА,NO SIGNIFICANT RISK,HIGH,ECMWF ENS,ECMWF ENS | ICON-EU EPS | GEFS,0.0,3,0.0,0,0,0,0,GREEN,БЕЗ ЗНАЧАЈНОГ РИЗИКА,NO SIGNIFICANT RISK,HIGH,ECMWF ENS,ECMWF ENS | ICON-EU EPS | GEFS,0,GREEN,БЕЗ ЗНАЧАЈНОГ РИЗИКА,NO SIGNIFICANT RISK,NONE,MODERATE,6,2026-08-21T06:00:00+00:00,2026-08-21T12:00:00+00:00,STORMS,EXPERIMENTAL,DEVELOPMENTAL MULTIMODEL SIGNAL - NOT CALIBRATED PROBABILITY,PUBLIC OPEN-DATA SERVICES,INDEPENDENT PROJECT - NOT AN OFFICIAL RHMZ WARNING PRODUCT
80195,KANJIŽA,KANJIŽA,КАЊИЖА,0.0,0.0,0.0,0.0,4.0,11.745514838215447,79.87499809265137,9,36,2026-08-21T12:00:00Z,2026-08-20T00:00:00Z,0.0,0.0,81.2,64.8,0.0,11.7,9,0.0,0.0,14,56.4,0.0,14.4,0.0,0.0,0.0,0.0,0.0,0.0,0.0,3,0.0,0,0,0,0,GREEN,БЕЗ ЗНАЧАЈНОГ РИЗИКА,NO SIGNIFICANT RISK,HIGH,ECMWF ENS,ECMWF ENS | ICON-EU EPS | GEFS,0.0,3,0.0,0,0,0,0,GREEN,БЕЗ ЗНАЧАЈНОГ РИЗИКА,NO SIGNIFICANT RISK,HIGH,ECMWF ENS,ECMWF ENS | ICON-EU EPS | GEFS,0.0,3,0.0,0,0,0,0,GREEN,БЕЗ ЗНАЧАЈНОГ РИЗИКА,NO SIGNIFICANT RISK,HIGH,ECMWF ENS,ECMWF ENS | ICON-EU EPS | GEFS,0.0,3,0.0,0,0,0,0,GREEN,БЕЗ ЗНАЧАЈНОГ РИЗИКА,NO SIGNIFICANT RISK,HIGH,ECMWF ENS,ECMWF ENS | ICON-EU EPS | GEFS,0,GREEN,БЕЗ ЗНАЧАЈНОГ РИЗИКА,NO SIGNIFICANT RISK,NONE,HIGH,6,2026-08-21T06:00:00+00:00,2026-08-21T12:00:00+00:00,STORMS,EXPERIMENTAL,DEVELOPMENTAL MULTIMODEL SIGNAL - NOT CALIBRATED PROBABILITY,PUBLIC OPEN-DATA SERVICES,INDEPENDENT PROJECT - NOT AN OFFICIAL RHMZ WARNING PRODUCT
90115,KAČANIK,KAČANIK,КАЧАНИК,0.0,0.0,0.0,0.0,12.0,5.5231129694492855,66.02253723144531,7,36,2026-08-21T12:00:00Z,2026-08-20T00:00:00Z,50.0,0.0,686.4,77.5,0.1,2.7,7,0.0,0.0,10,431.0,0.0,3.6,0.0,0.0,0.0,0.0,0.0,0.0,16.7,3,50.0,1,1,1,1,YELLOW,ПОВИШЕН,ELEVATED,LOW,ECMWF ENS,ECMWF ENS | ICON-EU EPS | GEFS,0.0,3,0.0,0,0,0,0,GREEN,БЕЗ ЗНАЧАЈНОГ РИЗИКА,NO SIGNIFICANT RISK,HIGH,ECMWF ENS,ECMWF ENS | ICON-EU EPS | GEFS,0.0,3,0.0,0,0,0,0,GREEN,БЕЗ ЗНАЧАЈНОГ РИЗИКА,NO SIGNIFICANT RISK,HIGH,ECMWF ENS,ECMWF ENS | ICON-EU EPS | GEFS,0.0,3,0.0,0,0,0,0,GREEN,БЕЗ ЗНАЧАЈНОГ РИЗИКА,NO SIGNIFICANT RISK,HIGH,ECMWF ENS,ECMWF ENS | ICON-EU EPS | GEFS,1,YELLOW,ПОВИШЕН,ELEVATED,THUNDER,LOW,6,2026-08-21T06:00:00+00:00,2026-08-21T12:00:00+00:00,STORMS,EXPERIMENTAL,DEVELOPMENTAL MULTIMODEL SIGNAL - NOT CALIBRATED PROBABILITY,PUBLIC OPEN-DATA SERVICES,INDEPENDENT PROJECT - NOT AN OFFICIAL RHMZ WARNING PRODUCT
80209,KIKINDA,KIKINDA,КИКИНДА,0.0,0.0,0.0,0.0,0.0,11.388110948962426,69.19999694824219,11,36,2026-08-21T12:00:00Z,2026-08-20T00:00:00Z,0.0,0.0,0.6,52.3,0.0,10.8,11,0.0,0.0,11,28.7,0.0,13.8,0.0,0.0,0.0,0.0,0.0,0.0,0.0,3,0.0,0,0,0,0,GREEN,БЕЗ ЗНАЧАЈНОГ РИЗИКА,NO SIGNIFICANT RISK,HIGH,ECMWF ENS,ECMWF ENS | ICON-EU EPS | GEFS,0.0,3,0.0,0,0,0,0,GREEN,БЕЗ ЗНАЧАЈНОГ РИЗИКА,NO SIGNIFICANT RISK,HIGH,ECMWF ENS,ECMWF ENS | ICON-EU EPS | GEFS,0.0,3,0.0,0,0,0,0,GREEN,БЕЗ ЗНАЧАЈНОГ РИЗИКА,NO SIGNIFICANT RISK,HIGH,ECMWF ENS,ECMWF ENS | ICON-EU EPS | GEFS,0.0,3,0.0,0,0,0,0,GREEN,БЕЗ ЗНАЧАЈНОГ РИЗИКА,NO SIGNIFICANT RISK,HIGH,ECMWF ENS,ECMWF ENS | ICON-EU EPS | GEFS,0,GREEN,БЕЗ ЗНАЧАЈНОГ РИЗИКА,NO SIGNIFICANT RISK,NONE,HIGH,6,2026-08-21T06:00:00+00:00,2026-08-21T12:00:00+00:00,STORMS,EXPERIMENTAL,DEVELOPMENTAL MULTIMODEL SIGNAL - NOT CALIBRATED PROBABILITY,PUBLIC OPEN-DATA SERVICES,INDEPENDENT PROJECT - NOT AN OFFICIAL RHMZ WARNING PRODUCT
70572,KLADOVO,KLADOVO,КЛАДОВО,0.0,0.0,0.0,0.0,0.0,12.12026332341748,63.29999923706055,10,36,2026-08-21T12:00:00Z,2026-08-20T00:00:00Z,0.0,0.0,33.2,54.3,0.0,8.3,10,0.0,0.0,11,13.5,0.0,9.1,0.0,0.0,0.0,0.0,0.0,0.0,0.0,3,0.0,0,0,0,0,GREEN,БЕЗ ЗНАЧАЈНОГ РИЗИКА,NO SIGNIFICANT RISK,HIGH,ECMWF ENS,ECMWF ENS | ICON-EU EPS | GEFS,0.0,3,0.0,0,0,0,0,GREEN,БЕЗ ЗНАЧАЈНОГ РИЗИКА,NO SIGNIFICANT RISK,HIGH,ECMWF ENS,ECMWF ENS | ICON-EU EPS | GEFS,0.0,3,0.0,0,0,0,0,GREEN,БЕЗ ЗНАЧАЈНОГ РИЗИКА,NO SIGNIFICANT RISK,HIGH,ECMWF ENS,ECMWF ENS | ICON-EU EPS | GEFS,0.0,3,0.0,0,0,0,0,GREEN,БЕЗ ЗНАЧАЈНОГ РИЗИКА,NO SIGNIFICANT RISK,HIGH,ECMWF ENS,ECMWF ENS | ICON-EU EPS | GEFS,0,GREEN,БЕЗ ЗНАЧАЈНОГ РИЗИКА,NO SIGNIFICANT RISK,NONE,HIGH,6,2026-08-21T06:00:00+00:00,2026-08-21T12:00:00+00:00,STORMS,EXPERIMENTAL,DEVELOPMENTAL MULTIMODEL SIGNAL - NOT CALIBRATED PROBABILITY,PUBLIC OPEN-DATA SERVICES,INDEPENDENT PROJECT - NOT AN OFFICIAL RHMZ WARNING PRODUCT
90123,KLINA,KLINA,КЛИНА,0.0,0.0,0.0,0.0,0.0,5.285729156522048,63.70000076293945,8,36,2026-08-21T12:00:00Z,2026-08-20T00:00:00Z,0.0,0.0,111.5,49.9,0.0,4.3,8,0.0,0.0,11,22.1,0.0,4.5,0.0,0.0,0.0,0.0,0.0,0.0,0.0,3,0.0,0,0,0,0,GREEN,БЕЗ ЗНАЧАЈНОГ РИЗИКА,NO SIGNIFICANT RISK,HIGH,ECMWF ENS,ECMWF ENS | ICON-EU EPS | GEFS,0.0,3,0.0,0,0,0,0,GREEN,БЕЗ ЗНАЧАЈНОГ РИЗИКА,NO SIGNIFICANT RISK,HIGH,ECMWF ENS,ECMWF ENS | ICON-EU EPS | GEFS,0.0,3,0.0,0,0,0,0,GREEN,БЕЗ ЗНАЧАЈНОГ РИЗИКА,NO SIGNIFICANT RISK,HIGH,ECMWF ENS,ECMWF ENS | ICON-EU EPS | GEFS,0.0,3,0.0,0,0,0,0,GREEN,БЕЗ ЗНАЧАЈНОГ РИЗИКА,NO SIGNIFICANT RISK,HIGH,ECMWF ENS,ECMWF ENS | ICON-EU EPS | GEFS,0,GREEN,БЕЗ ЗНАЧАЈНОГ РИЗИКА,NO SIGNIFICANT RISK,NONE,HIGH,6,2026-08-21T06:00:00+00:00,2026-08-21T12:00:00+00:00,STORMS,EXPERIMENTAL,DEVELOPMENTAL MULTIMODEL SIGNAL - NOT CALIBRATED PROBABILITY,PUBLIC OPEN-DATA SERVICES,INDEPENDENT PROJECT - NOT AN OFFICIAL RHMZ WARNING PRODUCT
70599,KNIĆ,KNIĆ,КНИЋ,0.0,0.0,0.0,0.0,0.0,9.892226273681803,65.50000190734863,9,36,2026-08-21T12:00:00Z,2026-08-20T00:00:00Z,0.0,0.0,0.0,20.4,0.0,4.5,9,0.0,0.0,10,23.6,0.0,7.1,0.0,0.0,0.0,0.0,0.0,0.0,0.0,3,0.0,0,0,0,0,GREEN,БЕЗ ЗНАЧАЈНОГ РИЗИКА,NO SIGNIFICANT RISK,HIGH,ECMWF ENS,ECMWF ENS | ICON-EU EPS | GEFS,0.0,3,0.0,0,0,0,0,GREEN,БЕЗ ЗНАЧАЈНОГ РИЗИКА,NO SIGNIFICANT RISK,HIGH,ECMWF ENS,ECMWF ENS | ICON-EU EPS | GEFS,0.0,3,0.0,0,0,0,0,GREEN,БЕЗ ЗНАЧАЈНОГ РИЗИКА,NO SIGNIFICANT RISK,HIGH,ECMWF ENS,ECMWF ENS | ICON-EU EPS | GEFS,0.0,3,0.0,0,0,0,0,GREEN,БЕЗ ЗНАЧАЈНОГ РИЗИКА,NO SIGNIFICANT RISK,HIGH,ECMWF ENS,ECMWF ENS | ICON-EU EPS | GEFS,0,GREEN,БЕЗ ЗНАЧАЈНОГ РИЗИКА,NO SIGNIFICANT RISK,NONE,HIGH,6,2026-08-21T06:00:00+00:00,2026-08-21T12:00:00+00:00,STORMS,EXPERIMENTAL,DEVELOPMENTAL MULTIMODEL SIGNAL - NOT CALIBRATED PROBABILITY,PUBLIC OPEN-DATA SERVICES,INDEPENDENT PROJECT - NOT AN OFFICIAL RHMZ WARNING PRODUCT
80217,KOVAČICA,KOVAČICA,КОВАЧИЦА,0.0,0.0,0.0,0.0,0.0,11.7803055846385,62.70475387573242,7,36,2026-08-21T12:00:00Z,2026-08-20T00:00:00Z,0.0,0.0,0.0,32.2,0.0,8.3,7,0.0,0.0,12,22.2,0.0,12.2,0.0,0.0,0.0,0.0,0.0,0.0,0.0,3,0.0,0,0,0,0,GREEN,БЕЗ ЗНАЧАЈНОГ РИЗИКА,NO SIGNIFICANT RISK,HIGH,ECMWF ENS,ECMWF ENS | ICON-EU EPS | GEFS,0.0,3,0.0,0,0,0,0,GREEN,БЕЗ ЗНАЧАЈНОГ РИЗИКА,NO SIGNIFICANT RISK,HIGH,ECMWF ENS,ECMWF ENS | ICON-EU EPS | GEFS,0.0,3,0.0,0,0,0,0,GREEN,БЕЗ ЗНАЧАЈНОГ РИЗИКА,NO SIGNIFICANT RISK,HIGH,ECMWF ENS,ECMWF ENS | ICON-EU EPS | GEFS,0.0,3,0.0,0,0,0,0,GREEN,БЕЗ ЗНАЧАЈНОГ РИЗИКА,NO SIGNIFICANT RISK,HIGH,ECMWF ENS,ECMWF ENS | ICON-EU EPS | GEFS,0,GREEN,БЕЗ ЗНАЧАЈНОГ РИЗИКА,NO SIGNIFICANT RISK,NONE,HIGH,6,2026-08-21T06:00:00+00:00,2026-08-21T12:00:00+00:00,STORMS,EXPERIMENTAL,DEVELOPMENTAL MULTIMODEL SIGNAL - NOT CALIBRATED PROBABILITY,PUBLIC OPEN-DATA SERVICES,INDEPENDENT PROJECT - NOT AN OFFICIAL RHMZ WARNING PRODUCT
80225,KOVIN,KOVIN,КОВИН,0.0,0.0,0.0,0.0,0.0,11.7803055846385,67.0,11,36,2026-08-21T12:00:00Z,2026-08-20T00:00:00Z,0.0,0.0,0.0,23.1,0.0,6.4,11,0.0,0.0,11,20.8,0.0,10.5,0.0,0.0,0.0,0.0,0.0,0.0,0.0,3,0.0,0,0,0,0,GREEN,БЕЗ ЗНАЧАЈНОГ РИЗИКА,NO SIGNIFICANT RISK,HIGH,ECMWF ENS,ECMWF ENS | ICON-EU EPS | GEFS,0.0,3,0.0,0,0,0,0,GREEN,БЕЗ ЗНАЧАЈНОГ РИЗИКА,NO SIGNIFICANT RISK,HIGH,ECMWF ENS,ECMWF ENS | ICON-EU EPS | GEFS,0.0,3,0.0,0,0,0,0,GREEN,БЕЗ ЗНАЧАЈНОГ РИЗИКА,NO SIGNIFICANT RISK,HIGH,ECMWF ENS,ECMWF ENS | ICON-EU EPS | GEFS,0.0,3,0.0,0,0,0,0,GREEN,БЕЗ ЗНАЧАЈНОГ РИЗИКА,NO SIGNIFICANT RISK,HIGH,ECMWF ENS,ECMWF ENS | ICON-EU EPS | GEFS,0,GREEN,БЕЗ ЗНАЧАЈНОГ РИЗИКА,NO SIGNIFICANT RISK,NONE,HIGH,6,2026-08-21T06:00:00+00:00,2026-08-21T12:00:00+00:00,STORMS,EXPERIMENTAL,DEVELOPMENTAL MULTIMODEL SIGNAL - NOT CALIBRATED PROBABILITY,PUBLIC OPEN-DATA SERVICES,INDEPENDENT PROJECT - NOT AN OFFICIAL RHMZ WARNING PRODUCT
70629,KOSJERIĆ,KOSJERIĆ,КОСЈЕРИЋ,0.0,0.0,0.0,0.0,0.0,9.141226422486518,58.11965370178223,9,36,2026-08-21T12:00:00Z,2026-08-20T00:00:00Z,0.0,0.0,0.0,25.2,0.0,8.1,9,0.0,0.0,11,23.6,0.0,9.1,0.0,0.0,0.0,0.0,0.0,0.0,0.0,3,0.0,0,0,0,0,GREEN,БЕЗ ЗНАЧАЈНОГ РИЗИКА,NO SIGNIFICANT RISK,HIGH,ECMWF ENS,ECMWF ENS | ICON-EU EPS | GEFS,0.0,3,0.0,0,0,0,0,GREEN,БЕЗ ЗНАЧАЈНОГ РИЗИКА,NO SIGNIFICANT RISK,HIGH,ECMWF ENS,ECMWF ENS | ICON-EU EPS | GEFS,0.0,3,0.0,0,0,0,0,GREEN,БЕЗ ЗНАЧАЈНОГ РИЗИКА,NO SIGNIFICANT RISK,HIGH,ECMWF ENS,ECMWF ENS | ICON-EU EPS | GEFS,0.0,3,0.0,0,0,0,0,GREEN,БЕЗ ЗНАЧАЈНОГ РИЗИКА,NO SIGNIFICANT RISK,HIGH,ECMWF ENS,ECMWF ENS | ICON-EU EPS | GEFS,0,GREEN,БЕЗ ЗНАЧАЈНОГ РИЗИКА,NO SIGNIFICANT RISK,NONE,HIGH,6,2026-08-21T06:00:00+00:00,2026-08-21T12:00:00+00:00,STORMS,EXPERIMENTAL,DEVELOPMENTAL MULTIMODEL SIGNAL - NOT CALIBRATED PROBABILITY,PUBLIC OPEN-DATA SERVICES,INDEPENDENT PROJECT - NOT AN OFFICIAL RHMZ WARNING PRODUCT
90131,KOSOVO POLJE,KOSOVO POLJE,КОСОВО ПОЉЕ,0.0,0.0,0.0,0.0,0.0,4.811485330037409,63.70000076293945,6,36,2026-08-21T12:00:00Z,2026-08-20T00:00:00Z,0.0,0.0,0.0,41.5,0.0,3.8,6,0.0,0.0,11,428.0,0.0,4.4,0.0,0.0,0.0,0.0,0.0,0.0,0.0,3,0.0,0,0,0,0,GREEN,БЕЗ ЗНАЧАЈНОГ РИЗИКА,NO SIGNIFICANT RISK,HIGH,ECMWF ENS,ECMWF ENS | ICON-EU EPS | GEFS,0.0,3,0.0,0,0,0,0,GREEN,БЕЗ ЗНАЧАЈНОГ РИЗИКА,NO SIGNIFICANT RISK,HIGH,ECMWF ENS,ECMWF ENS | ICON-EU EPS | GEFS,0.0,3,0.0,0,0,0,0,GREEN,БЕЗ ЗНАЧАЈНОГ РИЗИКА,NO SIGNIFICANT RISK,HIGH,ECMWF ENS,ECMWF ENS | ICON-EU EPS | GEFS,0.0,3,0.0,0,0,0,0,GREEN,БЕЗ ЗНАЧАЈНОГ РИЗИКА,NO SIGNIFICANT RISK,HIGH,ECMWF ENS,ECMWF ENS | ICON-EU EPS | GEFS,0,GREEN,БЕЗ ЗНАЧАЈНОГ РИЗИКА,NO SIGNIFICANT RISK,NONE,HIGH,6,2026-08-21T06:00:00+00:00,2026-08-21T12:00:00+00:00,STORMS,EXPERIMENTAL,DEVELOPMENTAL MULTIMODEL SIGNAL - NOT CALIBRATED PROBABILITY,PUBLIC OPEN-DATA SERVICES,INDEPENDENT PROJECT - NOT AN OFFICIAL RHMZ WARNING PRODUCT
90140,KOSOVSKA KAMENICA,KOSOVSKA KAMENICA,КОСОВСКА КАМЕНИЦА,0.0,0.0,0.0,0.0,0.0,4.156183785513747,64.5,8,36,2026-08-21T12:00:00Z,2026-08-20T00:00:00Z,20.0,0.0,655.5,58.8,0.0,1.9,8,0.0,0.0,10,350.2,0.0,2.5,0.0,0.0,0.0,0.0,0.0,0.0,6.7,3,20.0,1,0,0,0,GREEN,БЕЗ ЗНАЧАЈНОГ РИЗИКА,NO SIGNIFICANT RISK,HIGH,ECMWF ENS,ECMWF ENS | ICON-EU EPS | GEFS,0.0,3,0.0,0,0,0,0,GREEN,БЕЗ ЗНАЧАЈНОГ РИЗИКА,NO SIGNIFICANT RISK,HIGH,ECMWF ENS,ECMWF ENS | ICON-EU EPS | GEFS,0.0,3,0.0,0,0,0,0,GREEN,БЕЗ ЗНАЧАЈНОГ РИЗИКА,NO SIGNIFICANT RISK,HIGH,ECMWF ENS,ECMWF ENS | ICON-EU EPS | GEFS,0.0,3,0.0,0,0,0,0,GREEN,БЕЗ ЗНАЧАЈНОГ РИЗИКА,NO SIGNIFICANT RISK,HIGH,ECMWF ENS,ECMWF ENS | ICON-EU EPS | GEFS,0,GREEN,БЕЗ ЗНАЧАЈНОГ РИЗИКА,NO SIGNIFICANT RISK,NONE,HIGH,6,2026-08-21T06:00:00+00:00,2026-08-21T12:00:00+00:00,STORMS,EXPERIMENTAL,DEVELOPMENTAL MULTIMODEL SIGNAL - NOT CALIBRATED PROBABILITY,PUBLIC OPEN-DATA SERVICES,INDEPENDENT PROJECT - NOT AN OFFICIAL RHMZ WARNING PRODUCT
90298,KOSOVSKA MITROVICA,KOSOVSKA MITROVICA,КОСОВСКА МИТРОВИЦА,0.0,0.0,0.0,0.0,5.0,6.888853971159707,63.700002670288086,9,36,2026-08-21T12:00:00Z,2026-08-20T00:00:00Z,0.0,0.0,0.0,40.6,0.0,4.2,9,0.0,0.0,13,20.9,0.0,5.2,0.0,0.0,0.0,0.0,0.0,0.0,0.0,3,0.0,0,0,0,0,GREEN,БЕЗ ЗНАЧАЈНОГ РИЗИКА,NO SIGNIFICANT RISK,HIGH,ECMWF ENS,ECMWF ENS | ICON-EU EPS | GEFS,0.0,3,0.0,0,0,0,0,GREEN,БЕЗ ЗНАЧАЈНОГ РИЗИКА,NO SIGNIFICANT RISK,HIGH,ECMWF ENS,ECMWF ENS | ICON-EU EPS | GEFS,0.0,3,0.0,0,0,0,0,GREEN,БЕЗ ЗНАЧАЈНОГ РИЗИКА,NO SIGNIFICANT RISK,HIGH,ECMWF ENS,ECMWF ENS | ICON-EU EPS | GEFS,0.0,3,0.0,0,0,0,0,GREEN,БЕЗ ЗНАЧАЈНОГ РИЗИКА,NO SIGNIFICANT RISK,HIGH,ECMWF ENS,ECMWF ENS | ICON-EU EPS | GEFS,0,GREEN,БЕЗ ЗНАЧАЈНОГ РИЗИКА,NO SIGNIFICANT RISK,NONE,HIGH,6,2026-08-21T06:00:00+00:00,2026-08-21T12:00:00+00:00,STORMS,EXPERIMENTAL,DEVELOPMENTAL MULTIMODEL SIGNAL - NOT CALIBRATED PROBABILITY,PUBLIC OPEN-DATA SERVICES,INDEPENDENT PROJECT - NOT AN OFFICIAL RHMZ WARNING PRODUCT
70637,KOCELJEVA,KOCELJEVA,КОЦЕЉЕВА,0.0,0.0,0.0,0.0,0.0,10.65806302691916,49.95000076293945,8,36,2026-08-21T12:00:00Z,2026-08-20T00:00:00Z,0.0,0.0,0.0,31.5,0.0,8.2,8,0.0,0.0,12,29.6,0.0,12.2,0.0,0.0,0.0,0.0,0.0,0.0,0.0,3,0.0,0,0,0,0,GREEN,БЕЗ ЗНАЧАЈНОГ РИЗИКА,NO SIGNIFICANT RISK,HIGH,ECMWF ENS,ECMWF ENS | ICON-EU EPS | GEFS,0.0,3,0.0,0,0,0,0,GREEN,БЕЗ ЗНАЧАЈНОГ РИЗИКА,NO SIGNIFICANT RISK,HIGH,ECMWF ENS,ECMWF ENS | ICON-EU EPS | GEFS,0.0,3,0.0,0,0,0,0,GREEN,БЕЗ ЗНАЧАЈНОГ РИЗИКА,NO SIGNIFICANT RISK,HIGH,ECMWF ENS,ECMWF ENS | ICON-EU EPS | GEFS,0.0,3,0.0,0,0,0,0,GREEN,БЕЗ ЗНАЧАЈНОГ РИЗИКА,NO SIGNIFICANT RISK,HIGH,ECMWF ENS,ECMWF ENS | ICON-EU EPS | GEFS,0,GREEN,БЕЗ ЗНАЧАЈНОГ РИЗИКА,NO SIGNIFICANT RISK,NONE,HIGH,6,2026-08-21T06:00:00+00:00,2026-08-21T12:00:00+00:00,STORMS,EXPERIMENTAL,DEVELOPMENTAL MULTIMODEL SIGNAL - NOT CALIBRATED PROBABILITY,PUBLIC OPEN-DATA SERVICES,INDEPENDENT PROJECT - NOT AN OFFICIAL RHMZ WARNING PRODUCT
70653,KRALJEVO-GRAD,KRALJEVO-GRAD,КРАЉЕВО-ГРАД,0.0,0.0,0.0,0.0,38.0,9.136374801937333,67.30000305175781,15,36,2026-08-21T12:00:00Z,2026-08-20T00:00:00Z,0.0,0.0,0.0,18.4,0.0,4.2,15,0.0,0.0,11,33.8,0.0,7.3,0.0,0.0,0.0,0.0,0.0,0.0,0.0,3,0.0,0,0,0,0,GREEN,БЕЗ ЗНАЧАЈНОГ РИЗИКА,NO SIGNIFICANT RISK,HIGH,ECMWF ENS,ECMWF ENS | ICON-EU EPS | GEFS,0.0,3,0.0,0,0,0,0,GREEN,БЕЗ ЗНАЧАЈНОГ РИЗИКА,NO SIGNIFICANT RISK,HIGH,ECMWF ENS,ECMWF ENS | ICON-EU EPS | GEFS,0.0,3,0.0,0,0,0,0,GREEN,БЕЗ ЗНАЧАЈНОГ РИЗИКА,NO SIGNIFICANT RISK,HIGH,ECMWF ENS,ECMWF ENS | ICON-EU EPS | GEFS,0.0,3,0.0,0,0,0,0,GREEN,БЕЗ ЗНАЧАЈНОГ РИЗИКА,NO SIGNIFICANT RISK,HIGH,ECMWF ENS,ECMWF ENS | ICON-EU EPS | GEFS,0,GREEN,БЕЗ ЗНАЧАЈНОГ РИЗИКА,NO SIGNIFICANT RISK,NONE,HIGH,6,2026-08-21T06:00:00+00:00,2026-08-21T12:00:00+00:00,STORMS,EXPERIMENTAL,DEVELOPMENTAL MULTIMODEL SIGNAL - NOT CALIBRATED PROBABILITY,PUBLIC OPEN-DATA SERVICES,INDEPENDENT PROJECT - NOT AN OFFICIAL RHMZ WARNING PRODUCT
70645,KRAGUJEVAC-GRAD,KRAGUJEVAC-GRAD,КРАГУЈЕВАЦ-ГРАД,0.0,0.0,0.0,0.0,0.0,10.182213850632897,67.39999961853027,11,36,2026-08-21T12:00:00Z,2026-08-20T00:00:00Z,0.0,0.0,0.0,20.4,0.0,4.5,11,0.0,0.0,12,23.8,0.0,7.1,0.0,0.0,0.0,0.0,0.0,0.0,0.0,3,0.0,0,0,0,0,GREEN,БЕЗ ЗНАЧАЈНОГ РИЗИКА,NO SIGNIFICANT RISK,HIGH,ECMWF ENS,ECMWF ENS | ICON-EU EPS | GEFS,0.0,3,0.0,0,0,0,0,GREEN,БЕЗ ЗНАЧАЈНОГ РИЗИКА,NO SIGNIFICANT RISK,HIGH,ECMWF ENS,ECMWF ENS | ICON-EU EPS | GEFS,0.0,3,0.0,0,0,0,0,GREEN,БЕЗ ЗНАЧАЈНОГ РИЗИКА,NO SIGNIFICANT RISK,HIGH,ECMWF ENS,ECMWF ENS | ICON-EU EPS | GEFS,0.0,3,0.0,0,0,0,0,GREEN,БЕЗ ЗНАЧАЈНОГ РИЗИКА,NO SIGNIFICANT RISK,HIGH,ECMWF ENS,ECMWF ENS | ICON-EU EPS | GEFS,0,GREEN,БЕЗ ЗНАЧАЈНОГ РИЗИКА,NO SIGNIFICANT RISK,NONE,HIGH,6,2026-08-21T06:00:00+00:00,2026-08-21T12:00:00+00:00,STORMS,EXPERIMENTAL,DEVELOPMENTAL MULTIMODEL SIGNAL - NOT CALIBRATED PROBABILITY,PUBLIC OPEN-DATA SERVICES,INDEPENDENT PROJECT - NOT AN OFFICIAL RHMZ WARNING PRODUCT
70661,KRUPANJ,KRUPANJ,КРУПАЊ,0.0,0.0,0.0,0.0,0.0,9.900318181183572,51.0,8,36,2026-08-21T12:00:00Z,2026-08-20T00:00:00Z,0.0,0.0,16.2,44.9,0.0,12.0,8,0.0,0.0,10,29.1,0.0,12.2,0.0,0.0,0.0,0.0,0.0,0.0,0.0,3,0.0,0,0,0,0,GREEN,БЕЗ ЗНАЧАЈНОГ РИЗИКА,NO SIGNIFICANT RISK,HIGH,ECMWF ENS,ECMWF ENS | ICON-EU EPS | GEFS,0.0,3,0.0,0,0,0,0,GREEN,БЕЗ ЗНАЧАЈНОГ РИЗИКА,NO SIGNIFICANT RISK,HIGH,ECMWF ENS,ECMWF ENS | ICON-EU EPS | GEFS,0.0,3,0.0,0,0,0,0,GREEN,БЕЗ ЗНАЧАЈНОГ РИЗИКА,NO SIGNIFICANT RISK,HIGH,ECMWF ENS,ECMWF ENS | ICON-EU EPS | GEFS,0.0,3,0.0,0,0,0,0,GREEN,БЕЗ ЗНАЧАЈНОГ РИЗИКА,NO SIGNIFICANT RISK,HIGH,ECMWF ENS,ECMWF ENS | ICON-EU EPS | GEFS,0,GREEN,БЕЗ ЗНАЧАЈНОГ РИЗИКА,NO SIGNIFICANT RISK,NONE,HIGH,6,2026-08-21T06:00:00+00:00,2026-08-21T12:00:00+00:00,STORMS,EXPERIMENTAL,DEVELOPMENTAL MULTIMODEL SIGNAL - NOT CALIBRATED PROBABILITY,PUBLIC OPEN-DATA SERVICES,INDEPENDENT PROJECT - NOT AN OFFICIAL RHMZ WARNING PRODUCT
70670,KRUŠEVAC-GRAD,KRUŠEVAC-GRAD,КРУШЕВАЦ-ГРАД,0.0,0.0,0.0,0.0,0.0,8.15022233127265,67.30000305175781,12,36,2026-08-21T12:00:00Z,2026-08-20T00:00:00Z,0.0,0.0,0.0,27.8,0.0,8.1,12,0.0,0.0,11,34.6,0.0,8.0,0.0,0.0,0.0,0.0,0.0,0.0,0.0,3,0.0,0,0,0,0,GREEN,БЕЗ ЗНАЧАЈНОГ РИЗИКА,NO SIGNIFICANT RISK,HIGH,ECMWF ENS,ECMWF ENS | ICON-EU EPS | GEFS,0.0,3,0.0,0,0,0,0,GREEN,БЕЗ ЗНАЧАЈНОГ РИЗИКА,NO SIGNIFICANT RISK,HIGH,ECMWF ENS,ECMWF ENS | ICON-EU EPS | GEFS,0.0,3,0.0,0,0,0,0,GREEN,БЕЗ ЗНАЧАЈНОГ РИЗИКА,NO SIGNIFICANT RISK,HIGH,ECMWF ENS,ECMWF ENS | ICON-EU EPS | GEFS,0.0,3,0.0,0,0,0,0,GREEN,БЕЗ ЗНАЧАЈНОГ РИЗИКА,NO SIGNIFICANT RISK,HIGH,ECMWF ENS,ECMWF ENS | ICON-EU EPS | GEFS,0,GREEN,БЕЗ ЗНАЧАЈНОГ РИЗИКА,NO SIGNIFICANT RISK,NONE,HIGH,6,2026-08-21T06:00:00+00:00,2026-08-21T12:00:00+00:00,STORMS,EXPERIMENTAL,DEVELOPMENTAL MULTIMODEL SIGNAL - NOT CALIBRATED PROBABILITY,PUBLIC OPEN-DATA SERVICES,INDEPENDENT PROJECT - NOT AN OFFICIAL RHMZ WARNING PRODUCT
80233,KULA,KULA,КУЛА,0.0,0.0,0.0,0.0,0.0,11.836728537304367,79.0999984741211,8,36,2026-08-21T12:00:00Z,2026-08-20T00:00:00Z,0.0,0.0,21.4,64.5,0.0,12.2,8,0.0,0.0,11,27.8,0.0,15.0,0.0,0.0,0.0,0.0,0.0,0.0,0.0,3,0.0,0,0,0,0,GREEN,БЕЗ ЗНАЧАЈНОГ РИЗИКА,NO SIGNIFICANT RISK,HIGH,ECMWF ENS,ECMWF ENS | ICON-EU EPS | GEFS,0.0,3,0.0,0,0,0,0,GREEN,БЕЗ ЗНАЧАЈНОГ РИЗИКА,NO SIGNIFICANT RISK,HIGH,ECMWF ENS,ECMWF ENS | ICON-EU EPS | GEFS,0.0,3,0.0,0,0,0,0,GREEN,БЕЗ ЗНАЧАЈНОГ РИЗИКА,NO SIGNIFICANT RISK,HIGH,ECMWF ENS,ECMWF ENS | ICON-EU EPS | GEFS,0.0,3,0.0,0,0,0,0,GREEN,БЕЗ ЗНАЧАЈНОГ РИЗИКА,NO SIGNIFICANT RISK,HIGH,ECMWF ENS,ECMWF ENS | ICON-EU EPS | GEFS,0,GREEN,БЕЗ ЗНАЧАЈНОГ РИЗИКА,NO SIGNIFICANT RISK,NONE,HIGH,6,2026-08-21T06:00:00+00:00,2026-08-21T12:00:00+00:00,STORMS,EXPERIMENTAL,DEVELOPMENTAL MULTIMODEL SIGNAL - NOT CALIBRATED PROBABILITY,PUBLIC OPEN-DATA SERVICES,INDEPENDENT PROJECT - NOT AN OFFICIAL RHMZ WARNING PRODUCT
70688,KURŠUMLIJA,KURŠUMLIJA,КУРШУМЛИЈА,0.0,0.0,0.0,0.0,38.0,6.935115455159625,65.05000114440918,11,36,2026-08-21T12:00:00Z,2026-08-20T00:00:00Z,4.0,0.0,578.1,64.7,0.0,2.4,11,0.0,0.0,12,36.1,0.0,3.7,0.0,0.0,0.0,0.0,0.0,0.0,1.3,3,4.0,0,0,0,0,GREEN,БЕЗ ЗНАЧАЈНОГ РИЗИКА,NO SIGNIFICANT RISK,HIGH,ECMWF ENS,ECMWF ENS | ICON-EU EPS | GEFS,0.0,3,0.0,0,0,0,0,GREEN,БЕЗ ЗНАЧАЈНОГ РИЗИКА,NO SIGNIFICANT RISK,HIGH,ECMWF ENS,ECMWF ENS | ICON-EU EPS | GEFS,0.0,3,0.0,0,0,0,0,GREEN,БЕЗ ЗНАЧАЈНОГ РИЗИКА,NO SIGNIFICANT RISK,HIGH,ECMWF ENS,ECMWF ENS | ICON-EU EPS | GEFS,0.0,3,0.0,0,0,0,0,GREEN,БЕЗ ЗНАЧАЈНОГ РИЗИКА,NO SIGNIFICANT RISK,HIGH,ECMWF ENS,ECMWF ENS | ICON-EU EPS | GEFS,0,GREEN,БЕЗ ЗНАЧАЈНОГ РИЗИКА,NO SIGNIFICANT RISK,NONE,HIGH,6,2026-08-21T06:00:00+00:00,2026-08-21T12:00:00+00:00,STORMS,EXPERIMENTAL,DEVELOPMENTAL MULTIMODEL SIGNAL - NOT CALIBRATED PROBABILITY,PUBLIC OPEN-DATA SERVICES,INDEPENDENT PROJECT - NOT AN OFFICIAL RHMZ WARNING PRODUCT
70696,KUČEVO,KUČEVO,КУЧЕВО,0.0,0.0,0.0,0.0,0.0,12.112084929299591,68.4000015258789,11,36,2026-08-21T12:00:00Z,2026-08-20T00:00:00Z,0.0,0.0,14.1,26.7,0.0,7.3,11,0.0,0.0,11,45.9,0.0,10.6,0.0,0.0,0.0,0.0,0.0,0.0,0.0,3,0.0,0,0,0,0,GREEN,БЕЗ ЗНАЧАЈНОГ РИЗИКА,NO SIGNIFICANT RISK,HIGH,ECMWF ENS,ECMWF ENS | ICON-EU EPS | GEFS,0.0,3,0.0,0,0,0,0,GREEN,БЕЗ ЗНАЧАЈНОГ РИЗИКА,NO SIGNIFICANT RISK,HIGH,ECMWF ENS,ECMWF ENS | ICON-EU EPS | GEFS,0.0,3,0.0,0,0,0,0,GREEN,БЕЗ ЗНАЧАЈНОГ РИЗИКА,NO SIGNIFICANT RISK,HIGH,ECMWF ENS,ECMWF ENS | ICON-EU EPS | GEFS,0.0,3,0.0,0,0,0,0,GREEN,БЕЗ ЗНАЧАЈНОГ РИЗИКА,NO SIGNIFICANT RISK,HIGH,ECMWF ENS,ECMWF ENS | ICON-EU EPS | GEFS,0,GREEN,БЕЗ ЗНАЧАЈНОГ РИЗИКА,NO SIGNIFICANT RISK,NONE,HIGH,6,2026-08-21T06:00:00+00:00,2026-08-21T12:00:00+00:00,STORMS,EXPERIMENTAL,DEVELOPMENTAL MULTIMODEL SIGNAL - NOT CALIBRATED PROBABILITY,PUBLIC OPEN-DATA SERVICES,INDEPENDENT PROJECT - NOT AN OFFICIAL RHMZ WARNING PRODUCT
70700,LAJKOVAC,LAJKOVAC,ЛАЈКОВАЦ,0.0,0.0,0.0,0.0,0.0,10.286389759297975,61.32341957092285,6,36,2026-08-21T12:00:00Z,2026-08-20T00:00:00Z,0.0,0.0,0.0,23.0,0.0,8.4,6,0.0,0.0,11,26.3,0.0,11.4,0.0,0.0,0.0,0.0,0.0,0.0,0.0,3,0.0,0,0,0,0,GREEN,БЕЗ ЗНАЧАЈНОГ РИЗИКА,NO SIGNIFICANT RISK,HIGH,ECMWF ENS,ECMWF ENS | ICON-EU EPS | GEFS,0.0,3,0.0,0,0,0,0,GREEN,БЕЗ ЗНАЧАЈНОГ РИЗИКА,NO SIGNIFICANT RISK,HIGH,ECMWF ENS,ECMWF ENS | ICON-EU EPS | GEFS,0.0,3,0.0,0,0,0,0,GREEN,БЕЗ ЗНАЧАЈНОГ РИЗИКА,NO SIGNIFICANT RISK,HIGH,ECMWF ENS,ECMWF ENS | ICON-EU EPS | GEFS,0.0,3,0.0,0,0,0,0,GREEN,БЕЗ ЗНАЧАЈНОГ РИЗИКА,NO SIGNIFICANT RISK,HIGH,ECMWF ENS,ECMWF ENS | ICON-EU EPS | GEFS,0,GREEN,БЕЗ ЗНАЧАЈНОГ РИЗИКА,NO SIGNIFICANT RISK,NONE,HIGH,6,2026-08-21T06:00:00+00:00,2026-08-21T12:00:00+00:00,STORMS,EXPERIMENTAL,DEVELOPMENTAL MULTIMODEL SIGNAL - NOT CALIBRATED PROBABILITY,PUBLIC OPEN-DATA SERVICES,INDEPENDENT PROJECT - NOT AN OFFICIAL RHMZ WARNING PRODUCT
71277,LAPOVO,LAPOVO,ЛАПОВО,0.0,0.0,0.0,0.0,0.0,10.182213850632897,67.39999961853027,5,36,2026-08-21T12:00:00Z,2026-08-20T00:00:00Z,0.0,0.0,0.0,21.2,0.0,4.7,5,0.0,0.0,10,23.6,0.0,7.3,0.0,0.0,0.0,0.0,0.0,0.0,0.0,3,0.0,0,0,0,0,GREEN,БЕЗ ЗНАЧАЈНОГ РИЗИКА,NO SIGNIFICANT RISK,HIGH,ECMWF ENS,ECMWF ENS | ICON-EU EPS | GEFS,0.0,3,0.0,0,0,0,0,GREEN,БЕЗ ЗНАЧАЈНОГ РИЗИКА,NO SIGNIFICANT RISK,HIGH,ECMWF ENS,ECMWF ENS | ICON-EU EPS | GEFS,0.0,3,0.0,0,0,0,0,GREEN,БЕЗ ЗНАЧАЈНОГ РИЗИКА,NO SIGNIFICANT RISK,HIGH,ECMWF ENS,ECMWF ENS | ICON-EU EPS | GEFS,0.0,3,0.0,0,0,0,0,GREEN,БЕЗ ЗНАЧАЈНОГ РИЗИКА,NO SIGNIFICANT RISK,HIGH,ECMWF ENS,ECMWF ENS | ICON-EU EPS | GEFS,0,GREEN,БЕЗ ЗНАЧАЈНОГ РИЗИКА,NO SIGNIFICANT RISK,NONE,HIGH,6,2026-08-21T06:00:00+00:00,2026-08-21T12:00:00+00:00,STORMS,EXPERIMENTAL,DEVELOPMENTAL MULTIMODEL SIGNAL - NOT CALIBRATED PROBABILITY,PUBLIC OPEN-DATA SERVICES,INDEPENDENT PROJECT - NOT AN OFFICIAL RHMZ WARNING PRODUCT
70718,LEBANE,LEBANE,ЛЕБАНЕ,0.0,0.0,0.0,0.0,0.0,4.8300493323390725,64.64338684082031,8,36,2026-08-21T12:00:00Z,2026-08-20T00:00:00Z,4.0,0.0,578.1,64.7,0.0,2.4,8,0.0,0.0,11,174.5,0.0,2.7,0.0,0.0,0.0,0.0,0.0,0.0,1.3,3,4.0,0,0,0,0,GREEN,БЕЗ ЗНАЧАЈНОГ РИЗИКА,NO SIGNIFICANT RISK,HIGH,ECMWF ENS,ECMWF ENS | ICON-EU EPS | GEFS,0.0,3,0.0,0,0,0,0,GREEN,БЕЗ ЗНАЧАЈНОГ РИЗИКА,NO SIGNIFICANT RISK,HIGH,ECMWF ENS,ECMWF ENS | ICON-EU EPS | GEFS,0.0,3,0.0,0,0,0,0,GREEN,БЕЗ ЗНАЧАЈНОГ РИЗИКА,NO SIGNIFICANT RISK,HIGH,ECMWF ENS,ECMWF ENS | ICON-EU EPS | GEFS,0.0,3,0.0,0,0,0,0,GREEN,БЕЗ ЗНАЧАЈНОГ РИЗИКА,NO SIGNIFICANT RISK,HIGH,ECMWF ENS,ECMWF ENS | ICON-EU EPS | GEFS,0,GREEN,БЕЗ ЗНАЧАЈНОГ РИЗИКА,NO SIGNIFICANT RISK,NONE,HIGH,6,2026-08-21T06:00:00+00:00,2026-08-21T12:00:00+00:00,STORMS,EXPERIMENTAL,DEVELOPMENTAL MULTIMODEL SIGNAL - NOT CALIBRATED PROBABILITY,PUBLIC OPEN-DATA SERVICES,INDEPENDENT PROJECT - NOT AN OFFICIAL RHMZ WARNING PRODUCT
90158,LEPOSAVIĆ,LEPOSAVIĆ,ЛЕПОСАВИЋ,0.0,0.0,0.0,0.0,38.0,7.763089569517097,63.700002670288086,7,36,2026-08-21T12:00:00Z,2026-08-20T00:00:00Z,0.0,0.0,0.0,48.6,0.0,7.5,7,0.0,0.0,12,28.7,0.0,5.9,0.0,0.0,0.0,0.0,0.0,0.0,0.0,3,0.0,0,0,0,0,GREEN,БЕЗ ЗНАЧАЈНОГ РИЗИКА,NO SIGNIFICANT RISK,HIGH,ECMWF ENS,ECMWF ENS | ICON-EU EPS | GEFS,0.0,3,0.0,0,0,0,0,GREEN,БЕЗ ЗНАЧАЈНОГ РИЗИКА,NO SIGNIFICANT RISK,HIGH,ECMWF ENS,ECMWF ENS | ICON-EU EPS | GEFS,0.0,3,0.0,0,0,0,0,GREEN,БЕЗ ЗНАЧАЈНОГ РИЗИКА,NO SIGNIFICANT RISK,HIGH,ECMWF ENS,ECMWF ENS | ICON-EU EPS | GEFS,0.0,3,0.0,0,0,0,0,GREEN,БЕЗ ЗНАЧАЈНОГ РИЗИКА,NO SIGNIFICANT RISK,HIGH,ECMWF ENS,ECMWF ENS | ICON-EU EPS | GEFS,0,GREEN,БЕЗ ЗНАЧАЈНОГ РИЗИКА,NO SIGNIFICANT RISK,NONE,HIGH,6,2026-08-21T06:00:00+00:00,2026-08-21T12:00:00+00:00,STORMS,EXPERIMENTAL,DEVELOPMENTAL MULTIMODEL SIGNAL - NOT CALIBRATED PROBABILITY,PUBLIC OPEN-DATA SERVICES,INDEPENDENT PROJECT - NOT AN OFFICIAL RHMZ WARNING PRODUCT
70726,LESKOVAC-GRAD,LESKOVAC-GRAD,ЛЕСКОВАЦ-ГРАД,0.0,0.0,0.0,0.0,0.0,5.393060566721484,65.04999923706055,13,36,2026-08-21T12:00:00Z,2026-08-20T00:00:00Z,12.0,0.0,652.9,73.0,0.0,3.0,13,0.0,0.0,12,235.6,0.0,3.1,0.0,0.0,0.0,0.0,0.0,0.0,4.0,3,12.0,1,0,0,0,GREEN,БЕЗ ЗНАЧАЈНОГ РИЗИКА,NO SIGNIFICANT RISK,HIGH,ECMWF ENS,ECMWF ENS | ICON-EU EPS | GEFS,0.0,3,0.0,0,0,0,0,GREEN,БЕЗ ЗНАЧАЈНОГ РИЗИКА,NO SIGNIFICANT RISK,HIGH,ECMWF ENS,ECMWF ENS | ICON-EU EPS | GEFS,0.0,3,0.0,0,0,0,0,GREEN,БЕЗ ЗНАЧАЈНОГ РИЗИКА,NO SIGNIFICANT RISK,HIGH,ECMWF ENS,ECMWF ENS | ICON-EU EPS | GEFS,0.0,3,0.0,0,0,0,0,GREEN,БЕЗ ЗНАЧАЈНОГ РИЗИКА,NO SIGNIFICANT RISK,HIGH,ECMWF ENS,ECMWF ENS | ICON-EU EPS | GEFS,0,GREEN,БЕЗ ЗНАЧАЈНОГ РИЗИКА,NO SIGNIFICANT RISK,NONE,HIGH,6,2026-08-21T06:00:00+00:00,2026-08-21T12:00:00+00:00,STORMS,EXPERIMENTAL,DEVELOPMENTAL MULTIMODEL SIGNAL - NOT CALIBRATED PROBABILITY,PUBLIC OPEN-DATA SERVICES,INDEPENDENT PROJECT - NOT AN OFFICIAL RHMZ WARNING PRODUCT
90166,LIPLJAN,LIPLJAN,ЛИПЉАН,0.0,0.0,0.0,0.0,7.0,5.006075370509205,64.0,9,36,2026-08-21T12:00:00Z,2026-08-20T00:00:00Z,50.0,0.0,686.4,77.5,0.1,2.7,9,0.0,0.0,11,473.2,0.0,4.4,0.0,0.0,0.0,0.0,0.0,0.0,16.7,3,50.0,1,1,1,1,YELLOW,ПОВИШЕН,ELEVATED,LOW,ECMWF ENS,ECMWF ENS | ICON-EU EPS | GEFS,0.0,3,0.0,0,0,0,0,GREEN,БЕЗ ЗНАЧАЈНОГ РИЗИКА,NO SIGNIFICANT RISK,HIGH,ECMWF ENS,ECMWF ENS | ICON-EU EPS | GEFS,0.0,3,0.0,0,0,0,0,GREEN,БЕЗ ЗНАЧАЈНОГ РИЗИКА,NO SIGNIFICANT RISK,HIGH,ECMWF ENS,ECMWF ENS | ICON-EU EPS | GEFS,0.0,3,0.0,0,0,0,0,GREEN,БЕЗ ЗНАЧАЈНОГ РИЗИКА,NO SIGNIFICANT RISK,HIGH,ECMWF ENS,ECMWF ENS | ICON-EU EPS | GEFS,1,YELLOW,ПОВИШЕН,ELEVATED,THUNDER,LOW,6,2026-08-21T06:00:00+00:00,2026-08-21T12:00:00+00:00,STORMS,EXPERIMENTAL,DEVELOPMENTAL MULTIMODEL SIGNAL - NOT CALIBRATED PROBABILITY,PUBLIC OPEN-DATA SERVICES,INDEPENDENT PROJECT - NOT AN OFFICIAL RHMZ WARNING PRODUCT
70734,LOZNICA-GRAD,LOZNICA-GRAD,ЛОЗНИЦА-ГРАД,0.0,0.0,0.0,0.0,0.0,10.901557565632256,55.0,9,36,2026-08-21T12:00:00Z,2026-08-20T00:00:00Z,0.0,0.0,0.0,45.8,0.0,12.5,9,0.0,0.0,10,29.8,0.0,12.9,0.0,0.0,0.0,0.0,0.0,0.0,0.0,3,0.0,0,0,0,0,GREEN,БЕЗ ЗНАЧАЈНОГ РИЗИКА,NO SIGNIFICANT RISK,HIGH,ECMWF ENS,ECMWF ENS | ICON-EU EPS | GEFS,0.0,3,0.0,0,0,0,0,GREEN,БЕЗ ЗНАЧАЈНОГ РИЗИКА,NO SIGNIFICANT RISK,HIGH,ECMWF ENS,ECMWF ENS | ICON-EU EPS | GEFS,0.0,3,0.0,0,0,0,0,GREEN,БЕЗ ЗНАЧАЈНОГ РИЗИКА,NO SIGNIFICANT RISK,HIGH,ECMWF ENS,ECMWF ENS | ICON-EU EPS | GEFS,0.0,3,0.0,0,0,0,0,GREEN,БЕЗ ЗНАЧАЈНОГ РИЗИКА,NO SIGNIFICANT RISK,HIGH,ECMWF ENS,ECMWF ENS | ICON-EU EPS | GEFS,0,GREEN,БЕЗ ЗНАЧАЈНОГ РИЗИКА,NO SIGNIFICANT RISK,NONE,HIGH,6,2026-08-21T06:00:00+00:00,2026-08-21T12:00:00+00:00,STORMS,EXPERIMENTAL,DEVELOPMENTAL MULTIMODEL SIGNAL - NOT CALIBRATED PROBABILITY,PUBLIC OPEN-DATA SERVICES,INDEPENDENT PROJECT - NOT AN OFFICIAL RHMZ WARNING PRODUCT
70742,LUČANI,LUČANI,ЛУЧАНИ,0.0,0.0,0.0,0.0,2.0,9.06224661558278,66.19999694824219,10,36,2026-08-21T12:00:00Z,2026-08-20T00:00:00Z,0.0,0.0,0.0,18.9,0.0,6.0,10,0.0,0.0,10,34.4,0.0,6.5,0.0,0.0,0.0,0.0,0.0,0.0,0.0,3,0.0,0,0,0,0,GREEN,БЕЗ ЗНАЧАЈНОГ РИЗИКА,NO SIGNIFICANT RISK,HIGH,ECMWF ENS,ECMWF ENS | ICON-EU EPS | GEFS,0.0,3,0.0,0,0,0,0,GREEN,БЕЗ ЗНАЧАЈНОГ РИЗИКА,NO SIGNIFICANT RISK,HIGH,ECMWF ENS,ECMWF ENS | ICON-EU EPS | GEFS,0.0,3,0.0,0,0,0,0,GREEN,БЕЗ ЗНАЧАЈНОГ РИЗИКА,NO SIGNIFICANT RISK,HIGH,ECMWF ENS,ECMWF ENS | ICON-EU EPS | GEFS,0.0,3,0.0,0,0,0,0,GREEN,БЕЗ ЗНАЧАЈНОГ РИЗИКА,NO SIGNIFICANT RISK,HIGH,ECMWF ENS,ECMWF ENS | ICON-EU EPS | GEFS,0,GREEN,БЕЗ ЗНАЧАЈНОГ РИЗИКА,NO SIGNIFICANT RISK,NONE,HIGH,6,2026-08-21T06:00:00+00:00,2026-08-21T12:00:00+00:00,STORMS,EXPERIMENTAL,DEVELOPMENTAL MULTIMODEL SIGNAL - NOT CALIBRATED PROBABILITY,PUBLIC OPEN-DATA SERVICES,INDEPENDENT PROJECT - NOT AN OFFICIAL RHMZ WARNING PRODUCT
70785,MAJDANPEK,MAJDANPEK,МАЈДАНПЕК,0.0,0.0,0.0,0.0,0.0,12.12026332341748,66.5,12,36,2026-08-21T12:00:00Z,2026-08-20T00:00:00Z,0.0,0.0,62.9,37.8,0.0,8.2,12,0.0,0.0,12,41.8,0.0,10.6,0.0,0.0,0.0,0.0,0.0,0.0,0.0,3,0.0,0,0,0,0,GREEN,БЕЗ ЗНАЧАЈНОГ РИЗИКА,NO SIGNIFICANT RISK,HIGH,ECMWF ENS,ECMWF ENS | ICON-EU EPS | GEFS,0.0,3,0.0,0,0,0,0,GREEN,БЕЗ ЗНАЧАЈНОГ РИЗИКА,NO SIGNIFICANT RISK,HIGH,ECMWF ENS,ECMWF ENS | ICON-EU EPS | GEFS,0.0,3,0.0,0,0,0,0,GREEN,БЕЗ ЗНАЧАЈНОГ РИЗИКА,NO SIGNIFICANT RISK,HIGH,ECMWF ENS,ECMWF ENS | ICON-EU EPS | GEFS,0.0,3,0.0,0,0,0,0,GREEN,БЕЗ ЗНАЧАЈНОГ РИЗИКА,NO SIGNIFICANT RISK,HIGH,ECMWF ENS,ECMWF ENS | ICON-EU EPS | GEFS,0,GREEN,БЕЗ ЗНАЧАЈНОГ РИЗИКА,NO SIGNIFICANT RISK,NONE,HIGH,6,2026-08-21T06:00:00+00:00,2026-08-21T12:00:00+00:00,STORMS,EXPERIMENTAL,DEVELOPMENTAL MULTIMODEL SIGNAL - NOT CALIBRATED PROBABILITY,PUBLIC OPEN-DATA SERVICES,INDEPENDENT PROJECT - NOT AN OFFICIAL RHMZ WARNING PRODUCT
70793,MALI ZVORNIK,MALI ZVORNIK,МАЛИ ЗВОРНИК,0.0,0.0,0.0,0.0,0.0,9.900318181183572,51.0,6,36,2026-08-21T12:00:00Z,2026-08-20T00:00:00Z,0.0,0.0,16.2,44.9,0.0,12.0,6,0.0,0.0,12,26.9,0.0,12.8,0.0,0.0,0.0,0.0,0.0,0.0,0.0,3,0.0,0,0,0,0,GREEN,БЕЗ ЗНАЧАЈНОГ РИЗИКА,NO SIGNIFICANT RISK,HIGH,ECMWF ENS,ECMWF ENS | ICON-EU EPS | GEFS,0.0,3,0.0,0,0,0,0,GREEN,БЕЗ ЗНАЧАЈНОГ РИЗИКА,NO SIGNIFICANT RISK,HIGH,ECMWF ENS,ECMWF ENS | ICON-EU EPS | GEFS,0.0,3,0.0,0,0,0,0,GREEN,БЕЗ ЗНАЧАЈНОГ РИЗИКА,NO SIGNIFICANT RISK,HIGH,ECMWF ENS,ECMWF ENS | ICON-EU EPS | GEFS,0.0,3,0.0,0,0,0,0,GREEN,БЕЗ ЗНАЧАЈНОГ РИЗИКА,NO SIGNIFICANT RISK,HIGH,ECMWF ENS,ECMWF ENS | ICON-EU EPS | GEFS,0,GREEN,БЕЗ ЗНАЧАЈНОГ РИЗИКА,NO SIGNIFICANT RISK,NONE,HIGH,6,2026-08-21T06:00:00+00:00,2026-08-21T12:00:00+00:00,STORMS,EXPERIMENTAL,DEVELOPMENTAL MULTIMODEL SIGNAL - NOT CALIBRATED PROBABILITY,PUBLIC OPEN-DATA SERVICES,INDEPENDENT PROJECT - NOT AN OFFICIAL RHMZ WARNING PRODUCT
80241,MALI IĐOŠ,MALI IĐOŠ,МАЛИ ИЂОШ,0.0,0.0,0.0,0.0,0.0,11.794284614152136,69.1500015258789,6,36,2026-08-21T12:00:00Z,2026-08-20T00:00:00Z,0.0,0.0,0.1,58.9,0.0,12.0,6,0.0,0.0,11,28.4,0.0,14.7,0.0,0.0,0.0,0.0,0.0,0.0,0.0,3,0.0,0,0,0,0,GREEN,БЕЗ ЗНАЧАЈНОГ РИЗИКА,NO SIGNIFICANT RISK,HIGH,ECMWF ENS,ECMWF ENS | ICON-EU EPS | GEFS,0.0,3,0.0,0,0,0,0,GREEN,БЕЗ ЗНАЧАЈНОГ РИЗИКА,NO SIGNIFICANT RISK,HIGH,ECMWF ENS,ECMWF ENS | ICON-EU EPS | GEFS,0.0,3,0.0,0,0,0,0,GREEN,БЕЗ ЗНАЧАЈНОГ РИЗИКА,NO SIGNIFICANT RISK,HIGH,ECMWF ENS,ECMWF ENS | ICON-EU EPS | GEFS,0.0,3,0.0,0,0,0,0,GREEN,БЕЗ ЗНАЧАЈНОГ РИЗИКА,NO SIGNIFICANT RISK,HIGH,ECMWF ENS,ECMWF ENS | ICON-EU EPS | GEFS,0,GREEN,БЕЗ ЗНАЧАЈНОГ РИЗИКА,NO SIGNIFICANT RISK,NONE,HIGH,6,2026-08-21T06:00:00+00:00,2026-08-21T12:00:00+00:00,STORMS,EXPERIMENTAL,DEVELOPMENTAL MULTIMODEL SIGNAL - NOT CALIBRATED PROBABILITY,PUBLIC OPEN-DATA SERVICES,INDEPENDENT PROJECT - NOT AN OFFICIAL RHMZ WARNING PRODUCT
70807,MALO CRNIĆE,MALO CRNIĆE,МАЛО ЦРНИЋЕ,0.0,0.0,0.0,0.0,0.0,11.379157110230391,68.4000015258789,8,36,2026-08-21T12:00:00Z,2026-08-20T00:00:00Z,0.0,0.0,0.0,21.8,0.0,5.7,8,0.0,0.0,13,29.6,0.0,8.7,0.0,0.0,0.0,0.0,0.0,0.0,0.0,3,0.0,0,0,0,0,GREEN,БЕЗ ЗНАЧАЈНОГ РИЗИКА,NO SIGNIFICANT RISK,HIGH,ECMWF ENS,ECMWF ENS | ICON-EU EPS | GEFS,0.0,3,0.0,0,0,0,0,GREEN,БЕЗ ЗНАЧАЈНОГ РИЗИКА,NO SIGNIFICANT RISK,HIGH,ECMWF ENS,ECMWF ENS | ICON-EU EPS | GEFS,0.0,3,0.0,0,0,0,0,GREEN,БЕЗ ЗНАЧАЈНОГ РИЗИКА,NO SIGNIFICANT RISK,HIGH,ECMWF ENS,ECMWF ENS | ICON-EU EPS | GEFS,0.0,3,0.0,0,0,0,0,GREEN,БЕЗ ЗНАЧАЈНОГ РИЗИКА,NO SIGNIFICANT RISK,HIGH,ECMWF ENS,ECMWF ENS | ICON-EU EPS | GEFS,0,GREEN,БЕЗ ЗНАЧАЈНОГ РИЗИКА,NO SIGNIFICANT RISK,NONE,HIGH,6,2026-08-21T06:00:00+00:00,2026-08-21T12:00:00+00:00,STORMS,EXPERIMENTAL,DEVELOPMENTAL MULTIMODEL SIGNAL - NOT CALIBRATED PROBABILITY,PUBLIC OPEN-DATA SERVICES,INDEPENDENT PROJECT - NOT AN OFFICIAL RHMZ WARNING PRODUCT
70815,MEDVEĐA,MEDVEĐA,МЕДВЕЂА,0.0,0.0,0.0,0.0,0.0,4.8300493323390725,64.5,9,36,2026-08-21T12:00:00Z,2026-08-20T00:00:00Z,20.0,0.0,655.5,58.8,0.0,1.9,9,0.0,0.0,12,219.9,0.0,2.3,0.0,0.0,0.0,0.0,0.0,0.0,6.7,3,20.0,1,0,0,0,GREEN,БЕЗ ЗНАЧАЈНОГ РИЗИКА,NO SIGNIFICANT RISK,HIGH,ECMWF ENS,ECMWF ENS | ICON-EU EPS | GEFS,0.0,3,0.0,0,0,0,0,GREEN,БЕЗ ЗНАЧАЈНОГ РИЗИКА,NO SIGNIFICANT RISK,HIGH,ECMWF ENS,ECMWF ENS | ICON-EU EPS | GEFS,0.0,3,0.0,0,0,0,0,GREEN,БЕЗ ЗНАЧАЈНОГ РИЗИКА,NO SIGNIFICANT RISK,HIGH,ECMWF ENS,ECMWF ENS | ICON-EU EPS | GEFS,0.0,3,0.0,0,0,0,0,GREEN,БЕЗ ЗНАЧАЈНОГ РИЗИКА,NO SIGNIFICANT RISK,HIGH,ECMWF ENS,ECMWF ENS | ICON-EU EPS | GEFS,0,GREEN,БЕЗ ЗНАЧАЈНОГ РИЗИКА,NO SIGNIFICANT RISK,NONE,HIGH,6,2026-08-21T06:00:00+00:00,2026-08-21T12:00:00+00:00,STORMS,EXPERIMENTAL,DEVELOPMENTAL MULTIMODEL SIGNAL - NOT CALIBRATED PROBABILITY,PUBLIC OPEN-DATA SERVICES,INDEPENDENT PROJECT - NOT AN OFFICIAL RHMZ WARNING PRODUCT
70823,MEROŠINA,MEROŠINA,МЕРОШИНА,0.0,0.0,0.0,0.0,0.0,6.372191512456992,65.5,6,36,2026-08-21T12:00:00Z,2026-08-20T00:00:00Z,0.0,0.0,13.6,54.6,0.0,5.4,6,0.0,0.0,14,81.1,0.0,5.5,0.0,0.0,0.0,0.0,0.0,0.0,0.0,3,0.0,0,0,0,0,GREEN,БЕЗ ЗНАЧАЈНОГ РИЗИКА,NO SIGNIFICANT RISK,HIGH,ECMWF ENS,ECMWF ENS | ICON-EU EPS | GEFS,0.0,3,0.0,0,0,0,0,GREEN,БЕЗ ЗНАЧАЈНОГ РИЗИКА,NO SIGNIFICANT RISK,HIGH,ECMWF ENS,ECMWF ENS | ICON-EU EPS | GEFS,0.0,3,0.0,0,0,0,0,GREEN,БЕЗ ЗНАЧАЈНОГ РИЗИКА,NO SIGNIFICANT RISK,HIGH,ECMWF ENS,ECMWF ENS | ICON-EU EPS | GEFS,0.0,3,0.0,0,0,0,0,GREEN,БЕЗ ЗНАЧАЈНОГ РИЗИКА,NO SIGNIFICANT RISK,HIGH,ECMWF ENS,ECMWF ENS | ICON-EU EPS | GEFS,0,GREEN,БЕЗ ЗНАЧАЈНОГ РИЗИКА,NO SIGNIFICANT RISK,NONE,HIGH,6,2026-08-21T06:00:00+00:00,2026-08-21T12:00:00+00:00,STORMS,EXPERIMENTAL,DEVELOPMENTAL MULTIMODEL SIGNAL - NOT CALIBRATED PROBABILITY,PUBLIC OPEN-DATA SERVICES,INDEPENDENT PROJECT - NOT AN OFFICIAL RHMZ WARNING PRODUCT
70831,MIONICA,MIONICA,МИОНИЦА,0.0,0.0,0.0,0.0,0.0,10.047660652584517,61.32341957092285,9,36,2026-08-21T12:00:00Z,2026-08-20T00:00:00Z,0.0,0.0,0.0,23.0,0.0,8.4,9,0.0,0.0,13,26.1,0.0,10.1,0.0,0.0,0.0,0.0,0.0,0.0,0.0,3,0.0,0,0,0,0,GREEN,БЕЗ ЗНАЧАЈНОГ РИЗИКА,NO SIGNIFICANT RISK,HIGH,ECMWF ENS,ECMWF ENS | ICON-EU EPS | GEFS,0.0,3,0.0,0,0,0,0,GREEN,БЕЗ ЗНАЧАЈНОГ РИЗИКА,NO SIGNIFICANT RISK,HIGH,ECMWF ENS,ECMWF ENS | ICON-EU EPS | GEFS,0.0,3,0.0,0,0,0,0,GREEN,БЕЗ ЗНАЧАЈНОГ РИЗИКА,NO SIGNIFICANT RISK,HIGH,ECMWF ENS,ECMWF ENS | ICON-EU EPS | GEFS,0.0,3,0.0,0,0,0,0,GREEN,БЕЗ ЗНАЧАЈНОГ РИЗИКА,NO SIGNIFICANT RISK,HIGH,ECMWF ENS,ECMWF ENS | ICON-EU EPS | GEFS,0,GREEN,БЕЗ ЗНАЧАЈНОГ РИЗИКА,NO SIGNIFICANT RISK,NONE,HIGH,6,2026-08-21T06:00:00+00:00,2026-08-21T12:00:00+00:00,STORMS,EXPERIMENTAL,DEVELOPMENTAL MULTIMODEL SIGNAL - NOT CALIBRATED PROBABILITY,PUBLIC OPEN-DATA SERVICES,INDEPENDENT PROJECT - NOT AN OFFICIAL RHMZ WARNING PRODUCT
70840,NEGOTIN,NEGOTIN,НЕГОТИН,0.0,0.0,0.0,0.0,0.0,11.578753148625896,64.54999923706055,11,36,2026-08-21T12:00:00Z,2026-08-20T00:00:00Z,0.0,0.0,131.6,46.7,0.0,7.7,11,0.0,0.0,9,22.5,0.0,8.9,0.0,0.0,0.0,0.0,0.0,0.0,0.0,3,0.0,0,0,0,0,GREEN,БЕЗ ЗНАЧАЈНОГ РИЗИКА,NO SIGNIFICANT RISK,HIGH,ECMWF ENS,ECMWF ENS | ICON-EU EPS | GEFS,0.0,3,0.0,0,0,0,0,GREEN,БЕЗ ЗНАЧАЈНОГ РИЗИКА,NO SIGNIFICANT RISK,HIGH,ECMWF ENS,ECMWF ENS | ICON-EU EPS | GEFS,0.0,3,0.0,0,0,0,0,GREEN,БЕЗ ЗНАЧАЈНОГ РИЗИКА,NO SIGNIFICANT RISK,HIGH,ECMWF ENS,ECMWF ENS | ICON-EU EPS | GEFS,0.0,3,0.0,0,0,0,0,GREEN,БЕЗ ЗНАЧАЈНОГ РИЗИКА,NO SIGNIFICANT RISK,HIGH,ECMWF ENS,ECMWF ENS | ICON-EU EPS | GEFS,0,GREEN,БЕЗ ЗНАЧАЈНОГ РИЗИКА,NO SIGNIFICANT RISK,NONE,HIGH,6,2026-08-21T06:00:00+00:00,2026-08-21T12:00:00+00:00,STORMS,EXPERIMENTAL,DEVELOPMENTAL MULTIMODEL SIGNAL - NOT CALIBRATED PROBABILITY,PUBLIC OPEN-DATA SERVICES,INDEPENDENT PROJECT - NOT AN OFFICIAL RHMZ WARNING PRODUCT
71331,NIŠ-MEDIANA,NIŠ-MEDIANA,НИШ-МЕДИАНА,0.0,0.0,0.0,0.0,0.0,6.092131257726487,65.29999923706055,5,36,2026-08-21T12:00:00Z,2026-08-20T00:00:00Z,0.0,0.0,250.8,59.2,0.0,4.9,5,0.0,0.0,12,86.9,0.0,4.5,0.0,0.0,0.0,0.0,0.0,0.0,0.0,3,0.0,0,0,0,0,GREEN,БЕЗ ЗНАЧАЈНОГ РИЗИКА,NO SIGNIFICANT RISK,HIGH,ECMWF ENS,ECMWF ENS | ICON-EU EPS | GEFS,0.0,3,0.0,0,0,0,0,GREEN,БЕЗ ЗНАЧАЈНОГ РИЗИКА,NO SIGNIFICANT RISK,HIGH,ECMWF ENS,ECMWF ENS | ICON-EU EPS | GEFS,0.0,3,0.0,0,0,0,0,GREEN,БЕЗ ЗНАЧАЈНОГ РИЗИКА,NO SIGNIFICANT RISK,HIGH,ECMWF ENS,ECMWF ENS | ICON-EU EPS | GEFS,0.0,3,0.0,0,0,0,0,GREEN,БЕЗ ЗНАЧАЈНОГ РИЗИКА,NO SIGNIFICANT RISK,HIGH,ECMWF ENS,ECMWF ENS | ICON-EU EPS | GEFS,0,GREEN,БЕЗ ЗНАЧАЈНОГ РИЗИКА,NO SIGNIFICANT RISK,NONE,HIGH,6,2026-08-21T06:00:00+00:00,2026-08-21T12:00:00+00:00,STORMS,EXPERIMENTAL,DEVELOPMENTAL MULTIMODEL SIGNAL - NOT CALIBRATED PROBABILITY,PUBLIC OPEN-DATA SERVICES,INDEPENDENT PROJECT - NOT AN OFFICIAL RHMZ WARNING PRODUCT
71285,NIŠ-NIŠKA BANJA,NIŠ-NIŠKA BANJA,НИШ-НИШКА БАЊА,0.0,0.0,0.0,0.0,0.0,6.414806886629674,65.22253799438477,5,36,2026-08-21T12:00:00Z,2026-08-20T00:00:00Z,0.0,0.0,233.2,58.8,0.0,3.9,5,0.0,0.0,10,126.5,0.0,3.6,0.0,0.0,0.0,0.0,0.0,0.0,0.0,3,0.0,0,0,0,0,GREEN,БЕЗ ЗНАЧАЈНОГ РИЗИКА,NO SIGNIFICANT RISK,HIGH,ECMWF ENS,ECMWF ENS | ICON-EU EPS | GEFS,0.0,3,0.0,0,0,0,0,GREEN,БЕЗ ЗНАЧАЈНОГ РИЗИКА,NO SIGNIFICANT RISK,HIGH,ECMWF ENS,ECMWF ENS | ICON-EU EPS | GEFS,0.0,3,0.0,0,0,0,0,GREEN,БЕЗ ЗНАЧАЈНОГ РИЗИКА,NO SIGNIFICANT RISK,HIGH,ECMWF ENS,ECMWF ENS | ICON-EU EPS | GEFS,0.0,3,0.0,0,0,0,0,GREEN,БЕЗ ЗНАЧАЈНОГ РИЗИКА,NO SIGNIFICANT RISK,HIGH,ECMWF ENS,ECMWF ENS | ICON-EU EPS | GEFS,0,GREEN,БЕЗ ЗНАЧАЈНОГ РИЗИКА,NO SIGNIFICANT RISK,NONE,HIGH,6,2026-08-21T06:00:00+00:00,2026-08-21T12:00:00+00:00,STORMS,EXPERIMENTAL,DEVELOPMENTAL MULTIMODEL SIGNAL - NOT CALIBRATED PROBABILITY,PUBLIC OPEN-DATA SERVICES,INDEPENDENT PROJECT - NOT AN OFFICIAL RHMZ WARNING PRODUCT
71323,NIŠ-PALILULA,NIŠ-PALILULA,НИШ-ПАЛИЛУЛА,0.0,0.0,0.0,0.0,0.0,6.092131257726487,65.29999923706055,6,36,2026-08-21T12:00:00Z,2026-08-20T00:00:00Z,0.0,0.0,250.8,59.2,0.0,4.9,6,0.0,0.0,12,119.6,0.0,4.5,0.0,0.0,0.0,0.0,0.0,0.0,0.0,3,0.0,0,0,0,0,GREEN,БЕЗ ЗНАЧАЈНОГ РИЗИКА,NO SIGNIFICANT RISK,HIGH,ECMWF ENS,ECMWF ENS | ICON-EU EPS | GEFS,0.0,3,0.0,0,0,0,0,GREEN,БЕЗ ЗНАЧАЈНОГ РИЗИКА,NO SIGNIFICANT RISK,HIGH,ECMWF ENS,ECMWF ENS | ICON-EU EPS | GEFS,0.0,3,0.0,0,0,0,0,GREEN,БЕЗ ЗНАЧАЈНОГ РИЗИКА,NO SIGNIFICANT RISK,HIGH,ECMWF ENS,ECMWF ENS | ICON-EU EPS | GEFS,0.0,3,0.0,0,0,0,0,GREEN,БЕЗ ЗНАЧАЈНОГ РИЗИКА,NO SIGNIFICANT RISK,HIGH,ECMWF ENS,ECMWF ENS | ICON-EU EPS | GEFS,0,GREEN,БЕЗ ЗНАЧАЈНОГ РИЗИКА,NO SIGNIFICANT RISK,NONE,HIGH,6,2026-08-21T06:00:00+00:00,2026-08-21T12:00:00+00:00,STORMS,EXPERIMENTAL,DEVELOPMENTAL MULTIMODEL SIGNAL - NOT CALIBRATED PROBABILITY,PUBLIC OPEN-DATA SERVICES,INDEPENDENT PROJECT - NOT AN OFFICIAL RHMZ WARNING PRODUCT
71307,NIŠ-PANTELEJ,NIŠ-PANTELEJ,НИШ-ПАНТЕЛЕЈ,0.0,0.0,0.0,0.0,0.0,6.414806886629674,65.29999923706055,6,36,2026-08-21T12:00:00Z,2026-08-20T00:00:00Z,0.0,0.0,250.8,59.2,0.0,4.9,6,0.0,0.0,11,73.6,0.0,4.5,0.0,0.0,0.0,0.0,0.0,0.0,0.0,3,0.0,0,0,0,0,GREEN,БЕЗ ЗНАЧАЈНОГ РИЗИКА,NO SIGNIFICANT RISK,HIGH,ECMWF ENS,ECMWF ENS | ICON-EU EPS | GEFS,0.0,3,0.0,0,0,0,0,GREEN,БЕЗ ЗНАЧАЈНОГ РИЗИКА,NO SIGNIFICANT RISK,HIGH,ECMWF ENS,ECMWF ENS | ICON-EU EPS | GEFS,0.0,3,0.0,0,0,0,0,GREEN,БЕЗ ЗНАЧАЈНОГ РИЗИКА,NO SIGNIFICANT RISK,HIGH,ECMWF ENS,ECMWF ENS | ICON-EU EPS | GEFS,0.0,3,0.0,0,0,0,0,GREEN,БЕЗ ЗНАЧАЈНОГ РИЗИКА,NO SIGNIFICANT RISK,HIGH,ECMWF ENS,ECMWF ENS | ICON-EU EPS | GEFS,0,GREEN,БЕЗ ЗНАЧАЈНОГ РИЗИКА,NO SIGNIFICANT RISK,NONE,HIGH,6,2026-08-21T06:00:00+00:00,2026-08-21T12:00:00+00:00,STORMS,EXPERIMENTAL,DEVELOPMENTAL MULTIMODEL SIGNAL - NOT CALIBRATED PROBABILITY,PUBLIC OPEN-DATA SERVICES,INDEPENDENT PROJECT - NOT AN OFFICIAL RHMZ WARNING PRODUCT
71315,NIŠ-CRVENI KRST,NIŠ-CRVENI KRST,НИШ-ЦРВЕНИ КРСТ,0.0,0.0,0.0,0.0,0.0,6.372191512456992,65.5,6,36,2026-08-21T12:00:00Z,2026-08-20T00:00:00Z,0.0,0.0,13.6,54.6,0.0,5.4,6,0.0,0.0,10,43.5,0.0,5.5,0.0,0.0,0.0,0.0,0.0,0.0,0.0,3,0.0,0,0,0,0,GREEN,БЕЗ ЗНАЧАЈНОГ РИЗИКА,NO SIGNIFICANT RISK,HIGH,ECMWF ENS,ECMWF ENS | ICON-EU EPS | GEFS,0.0,3,0.0,0,0,0,0,GREEN,БЕЗ ЗНАЧАЈНОГ РИЗИКА,NO SIGNIFICANT RISK,HIGH,ECMWF ENS,ECMWF ENS | ICON-EU EPS | GEFS,0.0,3,0.0,0,0,0,0,GREEN,БЕЗ ЗНАЧАЈНОГ РИЗИКА,NO SIGNIFICANT RISK,HIGH,ECMWF ENS,ECMWF ENS | ICON-EU EPS | GEFS,0.0,3,0.0,0,0,0,0,GREEN,БЕЗ ЗНАЧАЈНОГ РИЗИКА,NO SIGNIFICANT RISK,HIGH,ECMWF ENS,ECMWF ENS | ICON-EU EPS | GEFS,0,GREEN,БЕЗ ЗНАЧАЈНОГ РИЗИКА,NO SIGNIFICANT RISK,NONE,HIGH,6,2026-08-21T06:00:00+00:00,2026-08-21T12:00:00+00:00,STORMS,EXPERIMENTAL,DEVELOPMENTAL MULTIMODEL SIGNAL - NOT CALIBRATED PROBABILITY,PUBLIC OPEN-DATA SERVICES,INDEPENDENT PROJECT - NOT AN OFFICIAL RHMZ WARNING PRODUCT
70866,NOVA VAROŠ,NOVA VAROŠ,НОВА ВАРОШ,0.0,0.0,0.0,0.0,0.0,8.226835622056429,58.69999885559082,9,36,2026-08-21T12:00:00Z,2026-08-20T00:00:00Z,0.0,0.0,29.9,24.7,0.0,7.7,9,0.0,0.0,12,22.9,0.0,6.1,0.0,0.0,0.0,0.0,0.0,0.0,0.0,3,0.0,0,0,0,0,GREEN,БЕЗ ЗНАЧАЈНОГ РИЗИКА,NO SIGNIFICANT RISK,HIGH,ECMWF ENS,ECMWF ENS | ICON-EU EPS | GEFS,0.0,3,0.0,0,0,0,0,GREEN,БЕЗ ЗНАЧАЈНОГ РИЗИКА,NO SIGNIFICANT RISK,HIGH,ECMWF ENS,ECMWF ENS | ICON-EU EPS | GEFS,0.0,3,0.0,0,0,0,0,GREEN,БЕЗ ЗНАЧАЈНОГ РИЗИКА,NO SIGNIFICANT RISK,HIGH,ECMWF ENS,ECMWF ENS | ICON-EU EPS | GEFS,0.0,3,0.0,0,0,0,0,GREEN,БЕЗ ЗНАЧАЈНОГ РИЗИКА,NO SIGNIFICANT RISK,HIGH,ECMWF ENS,ECMWF ENS | ICON-EU EPS | GEFS,0,GREEN,БЕЗ ЗНАЧАЈНОГ РИЗИКА,NO SIGNIFICANT RISK,NONE,HIGH,6,2026-08-21T06:00:00+00:00,2026-08-21T12:00:00+00:00,STORMS,EXPERIMENTAL,DEVELOPMENTAL MULTIMODEL SIGNAL - NOT CALIBRATED PROBABILITY,PUBLIC OPEN-DATA SERVICES,INDEPENDENT PROJECT - NOT AN OFFICIAL RHMZ WARNING PRODUCT
80250,NOVA CRNJA,NOVA CRNJA,НОВА ЦРЊА,0.0,0.0,0.0,0.0,0.0,11.13186148503016,59.59999942779541,7,36,2026-08-21T12:00:00Z,2026-08-20T00:00:00Z,0.0,0.0,0.0,36.9,0.0,9.1,7,0.0,0.0,12,26.8,0.0,13.2,0.0,0.0,0.0,0.0,0.0,0.0,0.0,3,0.0,0,0,0,0,GREEN,БЕЗ ЗНАЧАЈНОГ РИЗИКА,NO SIGNIFICANT RISK,HIGH,ECMWF ENS,ECMWF ENS | ICON-EU EPS | GEFS,0.0,3,0.0,0,0,0,0,GREEN,БЕЗ ЗНАЧАЈНОГ РИЗИКА,NO SIGNIFICANT RISK,HIGH,ECMWF ENS,ECMWF ENS | ICON-EU EPS | GEFS,0.0,3,0.0,0,0,0,0,GREEN,БЕЗ ЗНАЧАЈНОГ РИЗИКА,NO SIGNIFICANT RISK,HIGH,ECMWF ENS,ECMWF ENS | ICON-EU EPS | GEFS,0.0,3,0.0,0,0,0,0,GREEN,БЕЗ ЗНАЧАЈНОГ РИЗИКА,NO SIGNIFICANT RISK,HIGH,ECMWF ENS,ECMWF ENS | ICON-EU EPS | GEFS,0,GREEN,БЕЗ ЗНАЧАЈНОГ РИЗИКА,NO SIGNIFICANT RISK,NONE,HIGH,6,2026-08-21T06:00:00+00:00,2026-08-21T12:00:00+00:00,STORMS,EXPERIMENTAL,DEVELOPMENTAL MULTIMODEL SIGNAL - NOT CALIBRATED PROBABILITY,PUBLIC OPEN-DATA SERVICES,INDEPENDENT PROJECT - NOT AN OFFICIAL RHMZ WARNING PRODUCT
80268,NOVI BEČEJ,NOVI BEČEJ,НОВИ БЕЧЕЈ,0.0,0.0,0.0,0.0,0.0,11.52523277966097,64.94999885559082,9,36,2026-08-21T12:00:00Z,2026-08-20T00:00:00Z,0.0,0.0,0.0,45.6,0.0,10.0,9,0.0,0.0,10,29.2,0.0,13.9,0.0,0.0,0.0,0.0,0.0,0.0,0.0,3,0.0,0,0,0,0,GREEN,БЕЗ ЗНАЧАЈНОГ РИЗИКА,NO SIGNIFICANT RISK,HIGH,ECMWF ENS,ECMWF ENS | ICON-EU EPS | GEFS,0.0,3,0.0,0,0,0,0,GREEN,БЕЗ ЗНАЧАЈНОГ РИЗИКА,NO SIGNIFICANT RISK,HIGH,ECMWF ENS,ECMWF ENS | ICON-EU EPS | GEFS,0.0,3,0.0,0,0,0,0,GREEN,БЕЗ ЗНАЧАЈНОГ РИЗИКА,NO SIGNIFICANT RISK,HIGH,ECMWF ENS,ECMWF ENS | ICON-EU EPS | GEFS,0.0,3,0.0,0,0,0,0,GREEN,БЕЗ ЗНАЧАЈНОГ РИЗИКА,NO SIGNIFICANT RISK,HIGH,ECMWF ENS,ECMWF ENS | ICON-EU EPS | GEFS,0,GREEN,БЕЗ ЗНАЧАЈНОГ РИЗИКА,NO SIGNIFICANT RISK,NONE,HIGH,6,2026-08-21T06:00:00+00:00,2026-08-21T12:00:00+00:00,STORMS,EXPERIMENTAL,DEVELOPMENTAL MULTIMODEL SIGNAL - NOT CALIBRATED PROBABILITY,PUBLIC OPEN-DATA SERVICES,INDEPENDENT PROJECT - NOT AN OFFICIAL RHMZ WARNING PRODUCT
80276,NOVI KNEŽEVAC,NOVI KNEŽEVAC,НОВИ КНЕЖЕВАЦ,0.0,0.0,0.0,0.0,3.0,11.641859570363318,76.5999984741211,7,36,2026-08-21T12:00:00Z,2026-08-20T00:00:00Z,0.0,0.0,25.4,58.0,0.0,11.5,7,0.0,0.0,12,36.5,0.0,14.0,0.0,0.0,0.0,0.0,0.0,0.0,0.0,3,0.0,0,0,0,0,GREEN,БЕЗ ЗНАЧАЈНОГ РИЗИКА,NO SIGNIFICANT RISK,HIGH,ECMWF ENS,ECMWF ENS | ICON-EU EPS | GEFS,0.0,3,0.0,0,0,0,0,GREEN,БЕЗ ЗНАЧАЈНОГ РИЗИКА,NO SIGNIFICANT RISK,HIGH,ECMWF ENS,ECMWF ENS | ICON-EU EPS | GEFS,0.0,3,0.0,0,0,0,0,GREEN,БЕЗ ЗНАЧАЈНОГ РИЗИКА,NO SIGNIFICANT RISK,HIGH,ECMWF ENS,ECMWF ENS | ICON-EU EPS | GEFS,0.0,3,0.0,0,0,0,0,GREEN,БЕЗ ЗНАЧАЈНОГ РИЗИКА,NO SIGNIFICANT RISK,HIGH,ECMWF ENS,ECMWF ENS | ICON-EU EPS | GEFS,0,GREEN,БЕЗ ЗНАЧАЈНОГ РИЗИКА,NO SIGNIFICANT RISK,NONE,HIGH,6,2026-08-21T06:00:00+00:00,2026-08-21T12:00:00+00:00,STORMS,EXPERIMENTAL,DEVELOPMENTAL MULTIMODEL SIGNAL - NOT CALIBRATED PROBABILITY,PUBLIC OPEN-DATA SERVICES,INDEPENDENT PROJECT - NOT AN OFFICIAL RHMZ WARNING PRODUCT
70874,NOVI PAZAR-GRAD,NOVI PAZAR-GRAD,НОВИ ПАЗАР-ГРАД,0.0,0.0,0.0,0.0,38.0,8.15424606768974,66.19999694824219,10,36,2026-08-21T12:00:00Z,2026-08-20T00:00:00Z,0.0,0.0,0.0,42.3,0.0,4.6,10,0.0,0.0,10,35.0,0.0,6.2,0.0,0.0,0.0,0.0,0.0,0.0,0.0,3,0.0,0,0,0,0,GREEN,БЕЗ ЗНАЧАЈНОГ РИЗИКА,NO SIGNIFICANT RISK,HIGH,ECMWF ENS,ECMWF ENS | ICON-EU EPS | GEFS,0.0,3,0.0,0,0,0,0,GREEN,БЕЗ ЗНАЧАЈНОГ РИЗИКА,NO SIGNIFICANT RISK,HIGH,ECMWF ENS,ECMWF ENS | ICON-EU EPS | GEFS,0.0,3,0.0,0,0,0,0,GREEN,БЕЗ ЗНАЧАЈНОГ РИЗИКА,NO SIGNIFICANT RISK,HIGH,ECMWF ENS,ECMWF ENS | ICON-EU EPS | GEFS,0.0,3,0.0,0,0,0,0,GREEN,БЕЗ ЗНАЧАЈНОГ РИЗИКА,NO SIGNIFICANT RISK,HIGH,ECMWF ENS,ECMWF ENS | ICON-EU EPS | GEFS,0,GREEN,БЕЗ ЗНАЧАЈНОГ РИЗИКА,NO SIGNIFICANT RISK,NONE,HIGH,6,2026-08-21T06:00:00+00:00,2026-08-21T12:00:00+00:00,STORMS,EXPERIMENTAL,DEVELOPMENTAL MULTIMODEL SIGNAL - NOT CALIBRATED PROBABILITY,PUBLIC OPEN-DATA SERVICES,INDEPENDENT PROJECT - NOT AN OFFICIAL RHMZ WARNING PRODUCT
80284,NOVI SAD-GRAD,NOVI SAD-GRAD,НОВИ САД-ГРАД,0.0,0.0,0.0,0.0,0.0,11.794284614152136,60.21913528442383,12,36,2026-08-21T12:00:00Z,2026-08-20T00:00:00Z,0.0,0.0,0.0,52.7,0.0,11.2,12,0.0,0.0,11,25.9,0.0,14.0,0.0,0.0,0.0,0.0,0.0,0.0,0.0,3,0.0,0,0,0,0,GREEN,БЕЗ ЗНАЧАЈНОГ РИЗИКА,NO SIGNIFICANT RISK,HIGH,ECMWF ENS,ECMWF ENS | ICON-EU EPS | GEFS,0.0,3,0.0,0,0,0,0,GREEN,БЕЗ ЗНАЧАЈНОГ РИЗИКА,NO SIGNIFICANT RISK,HIGH,ECMWF ENS,ECMWF ENS | ICON-EU EPS | GEFS,0.0,3,0.0,0,0,0,0,GREEN,БЕЗ ЗНАЧАЈНОГ РИЗИКА,NO SIGNIFICANT RISK,HIGH,ECMWF ENS,ECMWF ENS | ICON-EU EPS | GEFS,0.0,3,0.0,0,0,0,0,GREEN,БЕЗ ЗНАЧАЈНОГ РИЗИКА,NO SIGNIFICANT RISK,HIGH,ECMWF ENS,ECMWF ENS | ICON-EU EPS | GEFS,0,GREEN,БЕЗ ЗНАЧАЈНОГ РИЗИКА,NO SIGNIFICANT RISK,NONE,HIGH,6,2026-08-21T06:00:00+00:00,2026-08-21T12:00:00+00:00,STORMS,EXPERIMENTAL,DEVELOPMENTAL MULTIMODEL SIGNAL - NOT CALIBRATED PROBABILITY,PUBLIC OPEN-DATA SERVICES,INDEPENDENT PROJECT - NOT AN OFFICIAL RHMZ WARNING PRODUCT
90182,NOVO BRDO,NOVO BRDO,НОВО БРДО,0.0,0.0,0.0,0.0,0.0,4.156183785513747,64.32253646850586,5,36,2026-08-21T12:00:00Z,2026-08-20T00:00:00Z,20.0,0.0,655.5,58.8,0.0,1.9,5,0.0,0.0,12,438.7,0.0,3.3,0.0,0.0,0.0,0.0,0.0,0.0,6.7,3,20.0,1,0,0,0,GREEN,БЕЗ ЗНАЧАЈНОГ РИЗИКА,NO SIGNIFICANT RISK,HIGH,ECMWF ENS,ECMWF ENS | ICON-EU EPS | GEFS,0.0,3,0.0,0,0,0,0,GREEN,БЕЗ ЗНАЧАЈНОГ РИЗИКА,NO SIGNIFICANT RISK,HIGH,ECMWF ENS,ECMWF ENS | ICON-EU EPS | GEFS,0.0,3,0.0,0,0,0,0,GREEN,БЕЗ ЗНАЧАЈНОГ РИЗИКА,NO SIGNIFICANT RISK,HIGH,ECMWF ENS,ECMWF ENS | ICON-EU EPS | GEFS,0.0,3,0.0,0,0,0,0,GREEN,БЕЗ ЗНАЧАЈНОГ РИЗИКА,NO SIGNIFICANT RISK,HIGH,ECMWF ENS,ECMWF ENS | ICON-EU EPS | GEFS,0,GREEN,БЕЗ ЗНАЧАЈНОГ РИЗИКА,NO SIGNIFICANT RISK,NONE,HIGH,6,2026-08-21T06:00:00+00:00,2026-08-21T12:00:00+00:00,STORMS,EXPERIMENTAL,DEVELOPMENTAL MULTIMODEL SIGNAL - NOT CALIBRATED PROBABILITY,PUBLIC OPEN-DATA SERVICES,INDEPENDENT PROJECT - NOT AN OFFICIAL RHMZ WARNING PRODUCT
80306,ODŽACI,ODŽACI,ОЏАЦИ,0.0,0.0,0.0,0.0,0.0,12.02299838569504,73.60000228881836,10,36,2026-08-21T12:00:00Z,2026-08-20T00:00:00Z,0.0,0.0,12.8,64.0,0.0,11.6,10,0.0,0.0,12,26.8,0.0,15.3,0.0,0.0,0.0,0.0,0.0,0.0,0.0,3,0.0,0,0,0,0,GREEN,БЕЗ ЗНАЧАЈНОГ РИЗИКА,NO SIGNIFICANT RISK,HIGH,ECMWF ENS,ECMWF ENS | ICON-EU EPS | GEFS,0.0,3,0.0,0,0,0,0,GREEN,БЕЗ ЗНАЧАЈНОГ РИЗИКА,NO SIGNIFICANT RISK,HIGH,ECMWF ENS,ECMWF ENS | ICON-EU EPS | GEFS,0.0,3,0.0,0,0,0,0,GREEN,БЕЗ ЗНАЧАЈНОГ РИЗИКА,NO SIGNIFICANT RISK,HIGH,ECMWF ENS,ECMWF ENS | ICON-EU EPS | GEFS,0.0,3,0.0,0,0,0,0,GREEN,БЕЗ ЗНАЧАЈНОГ РИЗИКА,NO SIGNIFICANT RISK,HIGH,ECMWF ENS,ECMWF ENS | ICON-EU EPS | GEFS,0,GREEN,БЕЗ ЗНАЧАЈНОГ РИЗИКА,NO SIGNIFICANT RISK,NONE,HIGH,6,2026-08-21T06:00:00+00:00,2026-08-21T12:00:00+00:00,STORMS,EXPERIMENTAL,DEVELOPMENTAL MULTIMODEL SIGNAL - NOT CALIBRATED PROBABILITY,PUBLIC OPEN-DATA SERVICES,INDEPENDENT PROJECT - NOT AN OFFICIAL RHMZ WARNING PRODUCT
90204,OBILIĆ,OBILIĆ,ОБИЛИЋ,0.0,0.0,0.0,0.0,0.0,5.361780564230409,63.70000076293945,8,36,2026-08-21T12:00:00Z,2026-08-20T00:00:00Z,0.0,0.0,0.0,42.1,0.0,3.9,8,0.0,0.0,10,226.9,0.0,2.9,0.0,0.0,0.0,0.0,0.0,0.0,0.0,3,0.0,0,0,0,0,GREEN,БЕЗ ЗНАЧАЈНОГ РИЗИКА,NO SIGNIFICANT RISK,HIGH,ECMWF ENS,ECMWF ENS | ICON-EU EPS | GEFS,0.0,3,0.0,0,0,0,0,GREEN,БЕЗ ЗНАЧАЈНОГ РИЗИКА,NO SIGNIFICANT RISK,HIGH,ECMWF ENS,ECMWF ENS | ICON-EU EPS | GEFS,0.0,3,0.0,0,0,0,0,GREEN,БЕЗ ЗНАЧАЈНОГ РИЗИКА,NO SIGNIFICANT RISK,HIGH,ECMWF ENS,ECMWF ENS | ICON-EU EPS | GEFS,0.0,3,0.0,0,0,0,0,GREEN,БЕЗ ЗНАЧАЈНОГ РИЗИКА,NO SIGNIFICANT RISK,HIGH,ECMWF ENS,ECMWF ENS | ICON-EU EPS | GEFS,0,GREEN,БЕЗ ЗНАЧАЈНОГ РИЗИКА,NO SIGNIFICANT RISK,NONE,HIGH,6,2026-08-21T06:00:00+00:00,2026-08-21T12:00:00+00:00,STORMS,EXPERIMENTAL,DEVELOPMENTAL MULTIMODEL SIGNAL - NOT CALIBRATED PROBABILITY,PUBLIC OPEN-DATA SERVICES,INDEPENDENT PROJECT - NOT AN OFFICIAL RHMZ WARNING PRODUCT
80292,OPOVO,OPOVO,ОПОВО,0.0,0.0,0.0,0.0,0.0,11.31595647608264,57.05000019073486,6,36,2026-08-21T12:00:00Z,2026-08-20T00:00:00Z,0.0,0.0,0.0,32.2,0.0,8.3,6,0.0,0.0,12,21.8,0.0,12.4,0.0,0.0,0.0,0.0,0.0,0.0,0.0,3,0.0,0,0,0,0,GREEN,БЕЗ ЗНАЧАЈНОГ РИЗИКА,NO SIGNIFICANT RISK,HIGH,ECMWF ENS,ECMWF ENS | ICON-EU EPS | GEFS,0.0,3,0.0,0,0,0,0,GREEN,БЕЗ ЗНАЧАЈНОГ РИЗИКА,NO SIGNIFICANT RISK,HIGH,ECMWF ENS,ECMWF ENS | ICON-EU EPS | GEFS,0.0,3,0.0,0,0,0,0,GREEN,БЕЗ ЗНАЧАЈНОГ РИЗИКА,NO SIGNIFICANT RISK,HIGH,ECMWF ENS,ECMWF ENS | ICON-EU EPS | GEFS,0.0,3,0.0,0,0,0,0,GREEN,БЕЗ ЗНАЧАЈНОГ РИЗИКА,NO SIGNIFICANT RISK,HIGH,ECMWF ENS,ECMWF ENS | ICON-EU EPS | GEFS,0,GREEN,БЕЗ ЗНАЧАЈНОГ РИЗИКА,NO SIGNIFICANT RISK,NONE,HIGH,6,2026-08-21T06:00:00+00:00,2026-08-21T12:00:00+00:00,STORMS,EXPERIMENTAL,DEVELOPMENTAL MULTIMODEL SIGNAL - NOT CALIBRATED PROBABILITY,PUBLIC OPEN-DATA SERVICES,INDEPENDENT PROJECT - NOT AN OFFICIAL RHMZ WARNING PRODUCT
90212,ORAHOVAC,ORAHOVAC,ОРАХОВАЦ,0.0,0.0,0.0,0.0,7.0,5.006075370509205,63.70000076293945,8,36,2026-08-21T12:00:00Z,2026-08-20T00:00:00Z,50.0,0.0,686.4,77.5,0.1,2.7,8,0.0,0.0,11,26.4,0.0,4.3,0.0,0.0,0.0,0.0,0.0,0.0,16.7,3,50.0,1,1,1,1,YELLOW,ПОВИШЕН,ELEVATED,LOW,ECMWF ENS,ECMWF ENS | ICON-EU EPS | GEFS,0.0,3,0.0,0,0,0,0,GREEN,БЕЗ ЗНАЧАЈНОГ РИЗИКА,NO SIGNIFICANT RISK,HIGH,ECMWF ENS,ECMWF ENS | ICON-EU EPS | GEFS,0.0,3,0.0,0,0,0,0,GREEN,БЕЗ ЗНАЧАЈНОГ РИЗИКА,NO SIGNIFICANT RISK,HIGH,ECMWF ENS,ECMWF ENS | ICON-EU EPS | GEFS,0.0,3,0.0,0,0,0,0,GREEN,БЕЗ ЗНАЧАЈНОГ РИЗИКА,NO SIGNIFICANT RISK,HIGH,ECMWF ENS,ECMWF ENS | ICON-EU EPS | GEFS,1,YELLOW,ПОВИШЕН,ELEVATED,THUNDER,LOW,6,2026-08-21T06:00:00+00:00,2026-08-21T12:00:00+00:00,STORMS,EXPERIMENTAL,DEVELOPMENTAL MULTIMODEL SIGNAL - NOT CALIBRATED PROBABILITY,PUBLIC OPEN-DATA SERVICES,INDEPENDENT PROJECT - NOT AN OFFICIAL RHMZ WARNING PRODUCT
70882,OSEČINA,OSEČINA,ОСЕЧИНА,0.0,0.0,0.0,0.0,0.0,9.821854909278905,49.95000076293945,7,36,2026-08-21T12:00:00Z,2026-08-20T00:00:00Z,0.0,0.0,0.0,36.6,0.0,11.7,7,0.0,0.0,13,29.6,0.0,11.8,0.0,0.0,0.0,0.0,0.0,0.0,0.0,3,0.0,0,0,0,0,GREEN,БЕЗ ЗНАЧАЈНОГ РИЗИКА,NO SIGNIFICANT RISK,HIGH,ECMWF ENS,ECMWF ENS | ICON-EU EPS | GEFS,0.0,3,0.0,0,0,0,0,GREEN,БЕЗ ЗНАЧАЈНОГ РИЗИКА,NO SIGNIFICANT RISK,HIGH,ECMWF ENS,ECMWF ENS | ICON-EU EPS | GEFS,0.0,3,0.0,0,0,0,0,GREEN,БЕЗ ЗНАЧАЈНОГ РИЗИКА,NO SIGNIFICANT RISK,HIGH,ECMWF ENS,ECMWF ENS | ICON-EU EPS | GEFS,0.0,3,0.0,0,0,0,0,GREEN,БЕЗ ЗНАЧАЈНОГ РИЗИКА,NO SIGNIFICANT RISK,HIGH,ECMWF ENS,ECMWF ENS | ICON-EU EPS | GEFS,0,GREEN,БЕЗ ЗНАЧАЈНОГ РИЗИКА,NO SIGNIFICANT RISK,NONE,HIGH,6,2026-08-21T06:00:00+00:00,2026-08-21T12:00:00+00:00,STORMS,EXPERIMENTAL,DEVELOPMENTAL MULTIMODEL SIGNAL - NOT CALIBRATED PROBABILITY,PUBLIC OPEN-DATA SERVICES,INDEPENDENT PROJECT - NOT AN OFFICIAL RHMZ WARNING PRODUCT
80314,PANČEVO-GRAD,PANČEVO-GRAD,ПАНЧЕВО-ГРАД,0.0,0.0,0.0,0.0,0.0,11.7803055846385,67.0,10,36,2026-08-21T12:00:00Z,2026-08-20T00:00:00Z,0.0,0.0,0.0,24.5,0.0,7.7,10,0.0,0.0,9,19.9,0.0,11.5,0.0,0.0,0.0,0.0,0.0,0.0,0.0,3,0.0,0,0,0,0,GREEN,БЕЗ ЗНАЧАЈНОГ РИЗИКА,NO SIGNIFICANT RISK,HIGH,ECMWF ENS,ECMWF ENS | ICON-EU EPS | GEFS,0.0,3,0.0,0,0,0,0,GREEN,БЕЗ ЗНАЧАЈНОГ РИЗИКА,NO SIGNIFICANT RISK,HIGH,ECMWF ENS,ECMWF ENS | ICON-EU EPS | GEFS,0.0,3,0.0,0,0,0,0,GREEN,БЕЗ ЗНАЧАЈНОГ РИЗИКА,NO SIGNIFICANT RISK,HIGH,ECMWF ENS,ECMWF ENS | ICON-EU EPS | GEFS,0.0,3,0.0,0,0,0,0,GREEN,БЕЗ ЗНАЧАЈНОГ РИЗИКА,NO SIGNIFICANT RISK,HIGH,ECMWF ENS,ECMWF ENS | ICON-EU EPS | GEFS,0,GREEN,БЕЗ ЗНАЧАЈНОГ РИЗИКА,NO SIGNIFICANT RISK,NONE,HIGH,6,2026-08-21T06:00:00+00:00,2026-08-21T12:00:00+00:00,STORMS,EXPERIMENTAL,DEVELOPMENTAL MULTIMODEL SIGNAL - NOT CALIBRATED PROBABILITY,PUBLIC OPEN-DATA SERVICES,INDEPENDENT PROJECT - NOT AN OFFICIAL RHMZ WARNING PRODUCT
70904,PARAĆIN,PARAĆIN,ПАРАЋИН,0.0,0.0,0.0,0.0,0.0,8.792063357050784,67.92253875732422,8,36,2026-08-21T12:00:00Z,2026-08-20T00:00:00Z,0.0,0.0,0.0,26.5,0.0,6.6,8,0.0,0.0,13,30.4,0.0,7.6,0.0,0.0,0.0,0.0,0.0,0.0,0.0,3,0.0,0,0,0,0,GREEN,БЕЗ ЗНАЧАЈНОГ РИЗИКА,NO SIGNIFICANT RISK,HIGH,ECMWF ENS,ECMWF ENS | ICON-EU EPS | GEFS,0.0,3,0.0,0,0,0,0,GREEN,БЕЗ ЗНАЧАЈНОГ РИЗИКА,NO SIGNIFICANT RISK,HIGH,ECMWF ENS,ECMWF ENS | ICON-EU EPS | GEFS,0.0,3,0.0,0,0,0,0,GREEN,БЕЗ ЗНАЧАЈНОГ РИЗИКА,NO SIGNIFICANT RISK,HIGH,ECMWF ENS,ECMWF ENS | ICON-EU EPS | GEFS,0.0,3,0.0,0,0,0,0,GREEN,БЕЗ ЗНАЧАЈНОГ РИЗИКА,NO SIGNIFICANT RISK,HIGH,ECMWF ENS,ECMWF ENS | ICON-EU EPS | GEFS,0,GREEN,БЕЗ ЗНАЧАЈНОГ РИЗИКА,NO SIGNIFICANT RISK,NONE,HIGH,6,2026-08-21T06:00:00+00:00,2026-08-21T12:00:00+00:00,STORMS,EXPERIMENTAL,DEVELOPMENTAL MULTIMODEL SIGNAL - NOT CALIBRATED PROBABILITY,PUBLIC OPEN-DATA SERVICES,INDEPENDENT PROJECT - NOT AN OFFICIAL RHMZ WARNING PRODUCT
90239,PEĆ,PEĆ,ПЕЋ,0.0,0.0,0.0,0.0,5.0,6.888853971159707,59.51604461669922,11,36,2026-08-21T12:00:00Z,2026-08-20T00:00:00Z,0.0,0.0,0.0,53.7,0.0,4.8,11,0.0,0.0,11,31.8,0.0,6.6,0.0,0.0,0.0,0.0,0.0,0.0,0.0,3,0.0,0,0,0,0,GREEN,БЕЗ ЗНАЧАЈНОГ РИЗИКА,NO SIGNIFICANT RISK,HIGH,ECMWF ENS,ECMWF ENS | ICON-EU EPS | GEFS,0.0,3,0.0,0,0,0,0,GREEN,БЕЗ ЗНАЧАЈНОГ РИЗИКА,NO SIGNIFICANT RISK,HIGH,ECMWF ENS,ECMWF ENS | ICON-EU EPS | GEFS,0.0,3,0.0,0,0,0,0,GREEN,БЕЗ ЗНАЧАЈНОГ РИЗИКА,NO SIGNIFICANT RISK,HIGH,ECMWF ENS,ECMWF ENS | ICON-EU EPS | GEFS,0.0,3,0.0,0,0,0,0,GREEN,БЕЗ ЗНАЧАЈНОГ РИЗИКА,NO SIGNIFICANT RISK,HIGH,ECMWF ENS,ECMWF ENS | ICON-EU EPS | GEFS,0,GREEN,БЕЗ ЗНАЧАЈНОГ РИЗИКА,NO SIGNIFICANT RISK,NONE,HIGH,6,2026-08-21T06:00:00+00:00,2026-08-21T12:00:00+00:00,STORMS,EXPERIMENTAL,DEVELOPMENTAL MULTIMODEL SIGNAL - NOT CALIBRATED PROBABILITY,PUBLIC OPEN-DATA SERVICES,INDEPENDENT PROJECT - NOT AN OFFICIAL RHMZ WARNING PRODUCT
80322,PEĆINCI,PEĆINCI,ПЕЋИНЦИ,0.0,0.0,0.0,0.0,0.0,11.33712541012928,54.69999885559082,9,36,2026-08-21T12:00:00Z,2026-08-20T00:00:00Z,0.0,0.0,0.0,36.8,0.0,8.6,9,0.0,0.0,10,19.1,0.0,12.4,0.0,0.0,0.0,0.0,0.0,0.0,0.0,3,0.0,0,0,0,0,GREEN,БЕЗ ЗНАЧАЈНОГ РИЗИКА,NO SIGNIFICANT RISK,HIGH,ECMWF ENS,ECMWF ENS | ICON-EU EPS | GEFS,0.0,3,0.0,0,0,0,0,GREEN,БЕЗ ЗНАЧАЈНОГ РИЗИКА,NO SIGNIFICANT RISK,HIGH,ECMWF ENS,ECMWF ENS | ICON-EU EPS | GEFS,0.0,3,0.0,0,0,0,0,GREEN,БЕЗ ЗНАЧАЈНОГ РИЗИКА,NO SIGNIFICANT RISK,HIGH,ECMWF ENS,ECMWF ENS | ICON-EU EPS | GEFS,0.0,3,0.0,0,0,0,0,GREEN,БЕЗ ЗНАЧАЈНОГ РИЗИКА,NO SIGNIFICANT RISK,HIGH,ECMWF ENS,ECMWF ENS | ICON-EU EPS | GEFS,0,GREEN,БЕЗ ЗНАЧАЈНОГ РИЗИКА,NO SIGNIFICANT RISK,NONE,HIGH,6,2026-08-21T06:00:00+00:00,2026-08-21T12:00:00+00:00,STORMS,EXPERIMENTAL,DEVELOPMENTAL MULTIMODEL SIGNAL - NOT CALIBRATED PROBABILITY,PUBLIC OPEN-DATA SERVICES,INDEPENDENT PROJECT - NOT AN OFFICIAL RHMZ WARNING PRODUCT
70912,PETROVAC NA MLAVI,PETROVAC NA MLAVI,ПЕТРОВАЦ НА МЛАВИ,0.0,0.0,0.0,0.0,0.0,11.285408670775748,68.4000015258789,10,36,2026-08-21T12:00:00Z,2026-08-20T00:00:00Z,0.0,0.0,0.0,22.4,0.0,5.0,10,0.0,0.0,10,40.5,0.0,7.6,0.0,0.0,0.0,0.0,0.0,0.0,0.0,3,0.0,0,0,0,0,GREEN,БЕЗ ЗНАЧАЈНОГ РИЗИКА,NO SIGNIFICANT RISK,HIGH,ECMWF ENS,ECMWF ENS | ICON-EU EPS | GEFS,0.0,3,0.0,0,0,0,0,GREEN,БЕЗ ЗНАЧАЈНОГ РИЗИКА,NO SIGNIFICANT RISK,HIGH,ECMWF ENS,ECMWF ENS | ICON-EU EPS | GEFS,0.0,3,0.0,0,0,0,0,GREEN,БЕЗ ЗНАЧАЈНОГ РИЗИКА,NO SIGNIFICANT RISK,HIGH,ECMWF ENS,ECMWF ENS | ICON-EU EPS | GEFS,0.0,3,0.0,0,0,0,0,GREEN,БЕЗ ЗНАЧАЈНОГ РИЗИКА,NO SIGNIFICANT RISK,HIGH,ECMWF ENS,ECMWF ENS | ICON-EU EPS | GEFS,0,GREEN,БЕЗ ЗНАЧАЈНОГ РИЗИКА,NO SIGNIFICANT RISK,NONE,HIGH,6,2026-08-21T06:00:00+00:00,2026-08-21T12:00:00+00:00,STORMS,EXPERIMENTAL,DEVELOPMENTAL MULTIMODEL SIGNAL - NOT CALIBRATED PROBABILITY,PUBLIC OPEN-DATA SERVICES,INDEPENDENT PROJECT - NOT AN OFFICIAL RHMZ WARNING PRODUCT
70939,PIROT,PIROT,ПИРОТ,0.0,0.0,0.0,0.0,0.0,7.250104359801318,66.0,12,36,2026-08-21T12:00:00Z,2026-08-20T00:00:00Z,28.0,0.0,785.9,56.7,0.0,3.8,12,0.0,0.0,11,50.6,0.0,3.7,0.0,0.0,0.0,0.0,0.0,0.0,9.3,3,28.0,1,0,0,0,GREEN,БЕЗ ЗНАЧАЈНОГ РИЗИКА,NO SIGNIFICANT RISK,MODERATE,ECMWF ENS,ECMWF ENS | ICON-EU EPS | GEFS,0.0,3,0.0,0,0,0,0,GREEN,БЕЗ ЗНАЧАЈНОГ РИЗИКА,NO SIGNIFICANT RISK,HIGH,ECMWF ENS,ECMWF ENS | ICON-EU EPS | GEFS,0.0,3,0.0,0,0,0,0,GREEN,БЕЗ ЗНАЧАЈНОГ РИЗИКА,NO SIGNIFICANT RISK,HIGH,ECMWF ENS,ECMWF ENS | ICON-EU EPS | GEFS,0.0,3,0.0,0,0,0,0,GREEN,БЕЗ ЗНАЧАЈНОГ РИЗИКА,NO SIGNIFICANT RISK,HIGH,ECMWF ENS,ECMWF ENS | ICON-EU EPS | GEFS,0,GREEN,БЕЗ ЗНАЧАЈНОГ РИЗИКА,NO SIGNIFICANT RISK,NONE,MODERATE,6,2026-08-21T06:00:00+00:00,2026-08-21T12:00:00+00:00,STORMS,EXPERIMENTAL,DEVELOPMENTAL MULTIMODEL SIGNAL - NOT CALIBRATED PROBABILITY,PUBLIC OPEN-DATA SERVICES,INDEPENDENT PROJECT - NOT AN OFFICIAL RHMZ WARNING PRODUCT
80349,PLANDIŠTE,PLANDIŠTE,ПЛАНДИШТЕ,0.0,0.0,0.0,0.0,0.0,11.7803055846385,66.05475425720215,9,36,2026-08-21T12:00:00Z,2026-08-20T00:00:00Z,0.0,0.0,0.0,27.3,0.0,8.2,9,0.0,0.0,12,24.6,0.0,11.6,0.0,0.0,0.0,0.0,0.0,0.0,0.0,3,0.0,0,0,0,0,GREEN,БЕЗ ЗНАЧАЈНОГ РИЗИКА,NO SIGNIFICANT RISK,HIGH,ECMWF ENS,ECMWF ENS | ICON-EU EPS | GEFS,0.0,3,0.0,0,0,0,0,GREEN,БЕЗ ЗНАЧАЈНОГ РИЗИКА,NO SIGNIFICANT RISK,HIGH,ECMWF ENS,ECMWF ENS | ICON-EU EPS | GEFS,0.0,3,0.0,0,0,0,0,GREEN,БЕЗ ЗНАЧАЈНОГ РИЗИКА,NO SIGNIFICANT RISK,HIGH,ECMWF ENS,ECMWF ENS | ICON-EU EPS | GEFS,0.0,3,0.0,0,0,0,0,GREEN,БЕЗ ЗНАЧАЈНОГ РИЗИКА,NO SIGNIFICANT RISK,HIGH,ECMWF ENS,ECMWF ENS | ICON-EU EPS | GEFS,0,GREEN,БЕЗ ЗНАЧАЈНОГ РИЗИКА,NO SIGNIFICANT RISK,NONE,HIGH,6,2026-08-21T06:00:00+00:00,2026-08-21T12:00:00+00:00,STORMS,EXPERIMENTAL,DEVELOPMENTAL MULTIMODEL SIGNAL - NOT CALIBRATED PROBABILITY,PUBLIC OPEN-DATA SERVICES,INDEPENDENT PROJECT - NOT AN OFFICIAL RHMZ WARNING PRODUCT
90247,PODUJEVO,PODUJEVO,ПОДУЈЕВО,0.0,0.0,0.0,0.0,38.0,6.935115455159625,63.82500076293945,10,36,2026-08-21T12:00:00Z,2026-08-20T00:00:00Z,4.0,0.0,578.1,64.7,0.0,2.4,10,0.0,0.0,11,118.5,0.0,3.1,0.0,0.0,0.0,0.0,0.0,0.0,1.3,3,4.0,0,0,0,0,GREEN,БЕЗ ЗНАЧАЈНОГ РИЗИКА,NO SIGNIFICANT RISK,HIGH,ECMWF ENS,ECMWF ENS | ICON-EU EPS | GEFS,0.0,3,0.0,0,0,0,0,GREEN,БЕЗ ЗНАЧАЈНОГ РИЗИКА,NO SIGNIFICANT RISK,HIGH,ECMWF ENS,ECMWF ENS | ICON-EU EPS | GEFS,0.0,3,0.0,0,0,0,0,GREEN,БЕЗ ЗНАЧАЈНОГ РИЗИКА,NO SIGNIFICANT RISK,HIGH,ECMWF ENS,ECMWF ENS | ICON-EU EPS | GEFS,0.0,3,0.0,0,0,0,0,GREEN,БЕЗ ЗНАЧАЈНОГ РИЗИКА,NO SIGNIFICANT RISK,HIGH,ECMWF ENS,ECMWF ENS | ICON-EU EPS | GEFS,0,GREEN,БЕЗ ЗНАЧАЈНОГ РИЗИКА,NO SIGNIFICANT RISK,NONE,HIGH,6,2026-08-21T06:00:00+00:00,2026-08-21T12:00:00+00:00,STORMS,EXPERIMENTAL,DEVELOPMENTAL MULTIMODEL SIGNAL - NOT CALIBRATED PROBABILITY,PUBLIC OPEN-DATA SERVICES,INDEPENDENT PROJECT - NOT AN OFFICIAL RHMZ WARNING PRODUCT
70947,POŽAREVAC-GRAD,POŽAREVAC-GRAD,ПОЖАРЕВАЦ-ГРАД,0.0,0.0,0.0,0.0,0.0,11.724979096687644,68.4000015258789,8,36,2026-08-21T12:00:00Z,2026-08-20T00:00:00Z,0.0,0.0,0.0,22.4,0.0,6.2,8,0.0,0.0,9,26.2,0.0,9.0,0.0,0.0,0.0,0.0,0.0,0.0,0.0,3,0.0,0,0,0,0,GREEN,БЕЗ ЗНАЧАЈНОГ РИЗИКА,NO SIGNIFICANT RISK,HIGH,ECMWF ENS,ECMWF ENS | ICON-EU EPS | GEFS,0.0,3,0.0,0,0,0,0,GREEN,БЕЗ ЗНАЧАЈНОГ РИЗИКА,NO SIGNIFICANT RISK,HIGH,ECMWF ENS,ECMWF ENS | ICON-EU EPS | GEFS,0.0,3,0.0,0,0,0,0,GREEN,БЕЗ ЗНАЧАЈНОГ РИЗИКА,NO SIGNIFICANT RISK,HIGH,ECMWF ENS,ECMWF ENS | ICON-EU EPS | GEFS,0.0,3,0.0,0,0,0,0,GREEN,БЕЗ ЗНАЧАЈНОГ РИЗИКА,NO SIGNIFICANT RISK,HIGH,ECMWF ENS,ECMWF ENS | ICON-EU EPS | GEFS,0,GREEN,БЕЗ ЗНАЧАЈНОГ РИЗИКА,NO SIGNIFICANT RISK,NONE,HIGH,6,2026-08-21T06:00:00+00:00,2026-08-21T12:00:00+00:00,STORMS,EXPERIMENTAL,DEVELOPMENTAL MULTIMODEL SIGNAL - NOT CALIBRATED PROBABILITY,PUBLIC OPEN-DATA SERVICES,INDEPENDENT PROJECT - NOT AN OFFICIAL RHMZ WARNING PRODUCT
70955,POŽEGA,POŽEGA,ПОЖЕГА,0.0,0.0,0.0,0.0,0.0,9.225421690591393,58.62500095367432,8,36,2026-08-21T12:00:00Z,2026-08-20T00:00:00Z,0.0,0.0,0.0,18.8,0.0,8.3,8,0.0,0.0,10,27.0,0.0,7.0,0.0,0.0,0.0,0.0,0.0,0.0,0.0,3,0.0,0,0,0,0,GREEN,БЕЗ ЗНАЧАЈНОГ РИЗИКА,NO SIGNIFICANT RISK,HIGH,ECMWF ENS,ECMWF ENS | ICON-EU EPS | GEFS,0.0,3,0.0,0,0,0,0,GREEN,БЕЗ ЗНАЧАЈНОГ РИЗИКА,NO SIGNIFICANT RISK,HIGH,ECMWF ENS,ECMWF ENS | ICON-EU EPS | GEFS,0.0,3,0.0,0,0,0,0,GREEN,БЕЗ ЗНАЧАЈНОГ РИЗИКА,NO SIGNIFICANT RISK,HIGH,ECMWF ENS,ECMWF ENS | ICON-EU EPS | GEFS,0.0,3,0.0,0,0,0,0,GREEN,БЕЗ ЗНАЧАЈНОГ РИЗИКА,NO SIGNIFICANT RISK,HIGH,ECMWF ENS,ECMWF ENS | ICON-EU EPS | GEFS,0,GREEN,БЕЗ ЗНАЧАЈНОГ РИЗИКА,NO SIGNIFICANT RISK,NONE,HIGH,6,2026-08-21T06:00:00+00:00,2026-08-21T12:00:00+00:00,STORMS,EXPERIMENTAL,DEVELOPMENTAL MULTIMODEL SIGNAL - NOT CALIBRATED PROBABILITY,PUBLIC OPEN-DATA SERVICES,INDEPENDENT PROJECT - NOT AN OFFICIAL RHMZ WARNING PRODUCT
70963,PREŠEVO,PREŠEVO,ПРЕШЕВО,0.0,0.0,0.0,0.0,4.0,4.428223718344855,64.32253646850586,7,36,2026-08-21T12:00:00Z,2026-08-20T00:00:00Z,20.0,0.0,655.5,58.8,0.0,1.9,7,0.0,0.0,11,413.6,0.0,2.8,0.0,0.0,0.0,0.0,0.0,0.0,6.7,3,20.0,1,0,0,0,GREEN,БЕЗ ЗНАЧАЈНОГ РИЗИКА,NO SIGNIFICANT RISK,HIGH,ECMWF ENS,ECMWF ENS | ICON-EU EPS | GEFS,0.0,3,0.0,0,0,0,0,GREEN,БЕЗ ЗНАЧАЈНОГ РИЗИКА,NO SIGNIFICANT RISK,HIGH,ECMWF ENS,ECMWF ENS | ICON-EU EPS | GEFS,0.0,3,0.0,0,0,0,0,GREEN,БЕЗ ЗНАЧАЈНОГ РИЗИКА,NO SIGNIFICANT RISK,HIGH,ECMWF ENS,ECMWF ENS | ICON-EU EPS | GEFS,0.0,3,0.0,0,0,0,0,GREEN,БЕЗ ЗНАЧАЈНОГ РИЗИКА,NO SIGNIFICANT RISK,HIGH,ECMWF ENS,ECMWF ENS | ICON-EU EPS | GEFS,0,GREEN,БЕЗ ЗНАЧАЈНОГ РИЗИКА,NO SIGNIFICANT RISK,NONE,HIGH,6,2026-08-21T06:00:00+00:00,2026-08-21T12:00:00+00:00,STORMS,EXPERIMENTAL,DEVELOPMENTAL MULTIMODEL SIGNAL - NOT CALIBRATED PROBABILITY,PUBLIC OPEN-DATA SERVICES,INDEPENDENT PROJECT - NOT AN OFFICIAL RHMZ WARNING PRODUCT
70980,PRIJEPOLJE,PRIJEPOLJE,ПРИЈЕПОЉЕ,0.0,0.0,0.0,0.0,0.0,8.144590848881595,56.09999847412109,11,36,2026-08-21T12:00:00Z,2026-08-20T00:00:00Z,0.0,0.0,81.9,41.6,0.0,6.1,11,0.0,0.0,14,23.2,0.0,6.1,0.0,0.0,0.0,0.0,0.0,0.0,0.0,3,0.0,0,0,0,0,GREEN,БЕЗ ЗНАЧАЈНОГ РИЗИКА,NO SIGNIFICANT RISK,HIGH,ECMWF ENS,ECMWF ENS | ICON-EU EPS | GEFS,0.0,3,0.0,0,0,0,0,GREEN,БЕЗ ЗНАЧАЈНОГ РИЗИКА,NO SIGNIFICANT RISK,HIGH,ECMWF ENS,ECMWF ENS | ICON-EU EPS | GEFS,0.0,3,0.0,0,0,0,0,GREEN,БЕЗ ЗНАЧАЈНОГ РИЗИКА,NO SIGNIFICANT RISK,HIGH,ECMWF ENS,ECMWF ENS | ICON-EU EPS | GEFS,0.0,3,0.0,0,0,0,0,GREEN,БЕЗ ЗНАЧАЈНОГ РИЗИКА,NO SIGNIFICANT RISK,HIGH,ECMWF ENS,ECMWF ENS | ICON-EU EPS | GEFS,0,GREEN,БЕЗ ЗНАЧАЈНОГ РИЗИКА,NO SIGNIFICANT RISK,NONE,HIGH,6,2026-08-21T06:00:00+00:00,2026-08-21T12:00:00+00:00,STORMS,EXPERIMENTAL,DEVELOPMENTAL MULTIMODEL SIGNAL - NOT CALIBRATED PROBABILITY,PUBLIC OPEN-DATA SERVICES,INDEPENDENT PROJECT - NOT AN OFFICIAL RHMZ WARNING PRODUCT
70971,PRIBOJ,PRIBOJ,ПРИБОЈ,0.0,0.0,0.0,0.0,0.0,8.372565170247046,52.59999847412109,10,36,2026-08-21T12:00:00Z,2026-08-20T00:00:00Z,0.0,0.0,116.9,28.5,0.0,7.0,10,0.0,0.0,12,21.8,0.0,7.8,0.0,0.0,0.0,0.0,0.0,0.0,0.0,3,0.0,0,0,0,0,GREEN,БЕЗ ЗНАЧАЈНОГ РИЗИКА,NO SIGNIFICANT RISK,HIGH,ECMWF ENS,ECMWF ENS | ICON-EU EPS | GEFS,0.0,3,0.0,0,0,0,0,GREEN,БЕЗ ЗНАЧАЈНОГ РИЗИКА,NO SIGNIFICANT RISK,HIGH,ECMWF ENS,ECMWF ENS | ICON-EU EPS | GEFS,0.0,3,0.0,0,0,0,0,GREEN,БЕЗ ЗНАЧАЈНОГ РИЗИКА,NO SIGNIFICANT RISK,HIGH,ECMWF ENS,ECMWF ENS | ICON-EU EPS | GEFS,0.0,3,0.0,0,0,0,0,GREEN,БЕЗ ЗНАЧАЈНОГ РИЗИКА,NO SIGNIFICANT RISK,HIGH,ECMWF ENS,ECMWF ENS | ICON-EU EPS | GEFS,0,GREEN,БЕЗ ЗНАЧАЈНОГ РИЗИКА,NO SIGNIFICANT RISK,NONE,HIGH,6,2026-08-21T06:00:00+00:00,2026-08-21T12:00:00+00:00,STORMS,EXPERIMENTAL,DEVELOPMENTAL MULTIMODEL SIGNAL - NOT CALIBRATED PROBABILITY,PUBLIC OPEN-DATA SERVICES,INDEPENDENT PROJECT - NOT AN OFFICIAL RHMZ WARNING PRODUCT
90255,PRIZREN,PRIZREN,ПРИЗРЕН,0.0,0.0,0.0,0.0,16.0,5.5231129694492855,63.69413471221924,10,36,2026-08-21T12:00:00Z,2026-08-20T00:00:00Z,50.0,0.0,686.4,77.5,0.1,2.7,10,0.0,0.0,12,149.3,0.0,5.2,0.0,0.0,0.0,0.0,0.0,0.0,16.7,3,50.0,1,1,1,1,YELLOW,ПОВИШЕН,ELEVATED,LOW,ECMWF ENS,ECMWF ENS | ICON-EU EPS | GEFS,0.0,3,0.0,0,0,0,0,GREEN,БЕЗ ЗНАЧАЈНОГ РИЗИКА,NO SIGNIFICANT RISK,HIGH,ECMWF ENS,ECMWF ENS | ICON-EU EPS | GEFS,0.0,3,0.0,0,0,0,0,GREEN,БЕЗ ЗНАЧАЈНОГ РИЗИКА,NO SIGNIFICANT RISK,HIGH,ECMWF ENS,ECMWF ENS | ICON-EU EPS | GEFS,0.0,3,0.0,0,0,0,0,GREEN,БЕЗ ЗНАЧАЈНОГ РИЗИКА,NO SIGNIFICANT RISK,HIGH,ECMWF ENS,ECMWF ENS | ICON-EU EPS | GEFS,1,YELLOW,ПОВИШЕН,ELEVATED,THUNDER,LOW,6,2026-08-21T06:00:00+00:00,2026-08-21T12:00:00+00:00,STORMS,EXPERIMENTAL,DEVELOPMENTAL MULTIMODEL SIGNAL - NOT CALIBRATED PROBABILITY,PUBLIC OPEN-DATA SERVICES,INDEPENDENT PROJECT - NOT AN OFFICIAL RHMZ WARNING PRODUCT
90263,PRIŠTINA-GRAD,PRIŠTINA-GRAD,ПРИШТИНА-ГРАД,0.0,0.0,0.0,0.0,0.0,4.8300493323390725,64.07500076293945,9,36,2026-08-21T12:00:00Z,2026-08-20T00:00:00Z,20.0,0.0,655.5,58.8,0.0,1.9,9,0.0,0.0,12,308.3,0.0,3.0,0.0,0.0,0.0,0.0,0.0,0.0,6.7,3,20.0,1,0,0,0,GREEN,БЕЗ ЗНАЧАЈНОГ РИЗИКА,NO SIGNIFICANT RISK,HIGH,ECMWF ENS,ECMWF ENS | ICON-EU EPS | GEFS,0.0,3,0.0,0,0,0,0,GREEN,БЕЗ ЗНАЧАЈНОГ РИЗИКА,NO SIGNIFICANT RISK,HIGH,ECMWF ENS,ECMWF ENS | ICON-EU EPS | GEFS,0.0,3,0.0,0,0,0,0,GREEN,БЕЗ ЗНАЧАЈНОГ РИЗИКА,NO SIGNIFICANT RISK,HIGH,ECMWF ENS,ECMWF ENS | ICON-EU EPS | GEFS,0.0,3,0.0,0,0,0,0,GREEN,БЕЗ ЗНАЧАЈНОГ РИЗИКА,NO SIGNIFICANT RISK,HIGH,ECMWF ENS,ECMWF ENS | ICON-EU EPS | GEFS,0,GREEN,БЕЗ ЗНАЧАЈНОГ РИЗИКА,NO SIGNIFICANT RISK,NONE,HIGH,6,2026-08-21T06:00:00+00:00,2026-08-21T12:00:00+00:00,STORMS,EXPERIMENTAL,DEVELOPMENTAL MULTIMODEL SIGNAL - NOT CALIBRATED PROBABILITY,PUBLIC OPEN-DATA SERVICES,INDEPENDENT PROJECT - NOT AN OFFICIAL RHMZ WARNING PRODUCT
70998,PROKUPLJE,PROKUPLJE,ПРОКУПЉЕ,0.0,0.0,0.0,0.0,0.0,6.758119322828181,66.84338760375977,9,36,2026-08-21T12:00:00Z,2026-08-20T00:00:00Z,4.0,0.0,578.1,64.7,0.0,2.4,9,0.0,0.0,12,40.8,0.0,4.3,0.0,0.0,0.0,0.0,0.0,0.0,1.3,3,4.0,0,0,0,0,GREEN,БЕЗ ЗНАЧАЈНОГ РИЗИКА,NO SIGNIFICANT RISK,HIGH,ECMWF ENS,ECMWF ENS | ICON-EU EPS | GEFS,0.0,3,0.0,0,0,0,0,GREEN,БЕЗ ЗНАЧАЈНОГ РИЗИКА,NO SIGNIFICANT RISK,HIGH,ECMWF ENS,ECMWF ENS | ICON-EU EPS | GEFS,0.0,3,0.0,0,0,0,0,GREEN,БЕЗ ЗНАЧАЈНОГ РИЗИКА,NO SIGNIFICANT RISK,HIGH,ECMWF ENS,ECMWF ENS | ICON-EU EPS | GEFS,0.0,3,0.0,0,0,0,0,GREEN,БЕЗ ЗНАЧАЈНОГ РИЗИКА,NO SIGNIFICANT RISK,HIGH,ECMWF ENS,ECMWF ENS | ICON-EU EPS | GEFS,0,GREEN,БЕЗ ЗНАЧАЈНОГ РИЗИКА,NO SIGNIFICANT RISK,NONE,HIGH,6,2026-08-21T06:00:00+00:00,2026-08-21T12:00:00+00:00,STORMS,EXPERIMENTAL,DEVELOPMENTAL MULTIMODEL SIGNAL - NOT CALIBRATED PROBABILITY,PUBLIC OPEN-DATA SERVICES,INDEPENDENT PROJECT - NOT AN OFFICIAL RHMZ WARNING PRODUCT
71005,RAŽANJ,RAŽANJ,РАЖАЊ,0.0,0.0,0.0,0.0,0.0,8.561692547558103,67.92253875732422,9,36,2026-08-21T12:00:00Z,2026-08-20T00:00:00Z,0.0,0.0,7.5,38.6,0.0,6.7,9,0.0,0.0,12,33.2,0.0,7.6,0.0,0.0,0.0,0.0,0.0,0.0,0.0,3,0.0,0,0,0,0,GREEN,БЕЗ ЗНАЧАЈНОГ РИЗИКА,NO SIGNIFICANT RISK,HIGH,ECMWF ENS,ECMWF ENS | ICON-EU EPS | GEFS,0.0,3,0.0,0,0,0,0,GREEN,БЕЗ ЗНАЧАЈНОГ РИЗИКА,NO SIGNIFICANT RISK,HIGH,ECMWF ENS,ECMWF ENS | ICON-EU EPS | GEFS,0.0,3,0.0,0,0,0,0,GREEN,БЕЗ ЗНАЧАЈНОГ РИЗИКА,NO SIGNIFICANT RISK,HIGH,ECMWF ENS,ECMWF ENS | ICON-EU EPS | GEFS,0.0,3,0.0,0,0,0,0,GREEN,БЕЗ ЗНАЧАЈНОГ РИЗИКА,NO SIGNIFICANT RISK,HIGH,ECMWF ENS,ECMWF ENS | ICON-EU EPS | GEFS,0,GREEN,БЕЗ ЗНАЧАЈНОГ РИЗИКА,NO SIGNIFICANT RISK,NONE,HIGH,6,2026-08-21T06:00:00+00:00,2026-08-21T12:00:00+00:00,STORMS,EXPERIMENTAL,DEVELOPMENTAL MULTIMODEL SIGNAL - NOT CALIBRATED PROBABILITY,PUBLIC OPEN-DATA SERVICES,INDEPENDENT PROJECT - NOT AN OFFICIAL RHMZ WARNING PRODUCT
71013,RAČA,RAČA,РАЧА,0.0,0.0,0.0,0.0,0.0,10.73579048082276,67.39999961853027,8,36,2026-08-21T12:00:00Z,2026-08-20T00:00:00Z,0.0,0.0,0.0,20.5,0.0,5.7,8,0.0,0.0,10,24.1,0.0,7.5,0.0,0.0,0.0,0.0,0.0,0.0,0.0,3,0.0,0,0,0,0,GREEN,БЕЗ ЗНАЧАЈНОГ РИЗИКА,NO SIGNIFICANT RISK,HIGH,ECMWF ENS,ECMWF ENS | ICON-EU EPS | GEFS,0.0,3,0.0,0,0,0,0,GREEN,БЕЗ ЗНАЧАЈНОГ РИЗИКА,NO SIGNIFICANT RISK,HIGH,ECMWF ENS,ECMWF ENS | ICON-EU EPS | GEFS,0.0,3,0.0,0,0,0,0,GREEN,БЕЗ ЗНАЧАЈНОГ РИЗИКА,NO SIGNIFICANT RISK,HIGH,ECMWF ENS,ECMWF ENS | ICON-EU EPS | GEFS,0.0,3,0.0,0,0,0,0,GREEN,БЕЗ ЗНАЧАЈНОГ РИЗИКА,NO SIGNIFICANT RISK,HIGH,ECMWF ENS,ECMWF ENS | ICON-EU EPS | GEFS,0,GREEN,БЕЗ ЗНАЧАЈНОГ РИЗИКА,NO SIGNIFICANT RISK,NONE,HIGH,6,2026-08-21T06:00:00+00:00,2026-08-21T12:00:00+00:00,STORMS,EXPERIMENTAL,DEVELOPMENTAL MULTIMODEL SIGNAL - NOT CALIBRATED PROBABILITY,PUBLIC OPEN-DATA SERVICES,INDEPENDENT PROJECT - NOT AN OFFICIAL RHMZ WARNING PRODUCT
71021,RAŠKA,RAŠKA,РАШКА,0.0,0.0,0.0,0.0,38.0,8.15424606768974,67.30000305175781,10,36,2026-08-21T12:00:00Z,2026-08-20T00:00:00Z,0.0,0.0,0.0,42.3,0.0,4.6,10,0.0,0.0,12,32.7,0.0,6.0,0.0,0.0,0.0,0.0,0.0,0.0,0.0,3,0.0,0,0,0,0,GREEN,БЕЗ ЗНАЧАЈНОГ РИЗИКА,NO SIGNIFICANT RISK,HIGH,ECMWF ENS,ECMWF ENS | ICON-EU EPS | GEFS,0.0,3,0.0,0,0,0,0,GREEN,БЕЗ ЗНАЧАЈНОГ РИЗИКА,NO SIGNIFICANT RISK,HIGH,ECMWF ENS,ECMWF ENS | ICON-EU EPS | GEFS,0.0,3,0.0,0,0,0,0,GREEN,БЕЗ ЗНАЧАЈНОГ РИЗИКА,NO SIGNIFICANT RISK,HIGH,ECMWF ENS,ECMWF ENS | ICON-EU EPS | GEFS,0.0,3,0.0,0,0,0,0,GREEN,БЕЗ ЗНАЧАЈНОГ РИЗИКА,NO SIGNIFICANT RISK,HIGH,ECMWF ENS,ECMWF ENS | ICON-EU EPS | GEFS,0,GREEN,БЕЗ ЗНАЧАЈНОГ РИЗИКА,NO SIGNIFICANT RISK,NONE,HIGH,6,2026-08-21T06:00:00+00:00,2026-08-21T12:00:00+00:00,STORMS,EXPERIMENTAL,DEVELOPMENTAL MULTIMODEL SIGNAL - NOT CALIBRATED PROBABILITY,PUBLIC OPEN-DATA SERVICES,INDEPENDENT PROJECT - NOT AN OFFICIAL RHMZ WARNING PRODUCT
71030,REKOVAC,REKOVAC,РЕКОВАЦ,0.0,0.0,0.0,0.0,0.0,9.136374801937333,66.9000015258789,7,36,2026-08-21T12:00:00Z,2026-08-20T00:00:00Z,0.0,0.0,0.0,20.7,0.0,6.3,7,0.0,0.0,11,24.8,0.0,8.1,0.0,0.0,0.0,0.0,0.0,0.0,0.0,3,0.0,0,0,0,0,GREEN,БЕЗ ЗНАЧАЈНОГ РИЗИКА,NO SIGNIFICANT RISK,HIGH,ECMWF ENS,ECMWF ENS | ICON-EU EPS | GEFS,0.0,3,0.0,0,0,0,0,GREEN,БЕЗ ЗНАЧАЈНОГ РИЗИКА,NO SIGNIFICANT RISK,HIGH,ECMWF ENS,ECMWF ENS | ICON-EU EPS | GEFS,0.0,3,0.0,0,0,0,0,GREEN,БЕЗ ЗНАЧАЈНОГ РИЗИКА,NO SIGNIFICANT RISK,HIGH,ECMWF ENS,ECMWF ENS | ICON-EU EPS | GEFS,0.0,3,0.0,0,0,0,0,GREEN,БЕЗ ЗНАЧАЈНОГ РИЗИКА,NO SIGNIFICANT RISK,HIGH,ECMWF ENS,ECMWF ENS | ICON-EU EPS | GEFS,0,GREEN,БЕЗ ЗНАЧАЈНОГ РИЗИКА,NO SIGNIFICANT RISK,NONE,HIGH,6,2026-08-21T06:00:00+00:00,2026-08-21T12:00:00+00:00,STORMS,EXPERIMENTAL,DEVELOPMENTAL MULTIMODEL SIGNAL - NOT CALIBRATED PROBABILITY,PUBLIC OPEN-DATA SERVICES,INDEPENDENT PROJECT - NOT AN OFFICIAL RHMZ WARNING PRODUCT
80357,RUMA,RUMA,РУМА,0.0,0.0,0.0,0.0,0.0,11.484136112286627,57.44999885559082,12,36,2026-08-21T12:00:00Z,2026-08-20T00:00:00Z,0.0,0.0,0.0,47.5,0.0,10.0,12,0.0,0.0,12,20.2,0.0,12.6,0.0,0.0,0.0,0.0,0.0,0.0,0.0,3,0.0,0,0,0,0,GREEN,БЕЗ ЗНАЧАЈНОГ РИЗИКА,NO SIGNIFICANT RISK,HIGH,ECMWF ENS,ECMWF ENS | ICON-EU EPS | GEFS,0.0,3,0.0,0,0,0,0,GREEN,БЕЗ ЗНАЧАЈНОГ РИЗИКА,NO SIGNIFICANT RISK,HIGH,ECMWF ENS,ECMWF ENS | ICON-EU EPS | GEFS,0.0,3,0.0,0,0,0,0,GREEN,БЕЗ ЗНАЧАЈНОГ РИЗИКА,NO SIGNIFICANT RISK,HIGH,ECMWF ENS,ECMWF ENS | ICON-EU EPS | GEFS,0.0,3,0.0,0,0,0,0,GREEN,БЕЗ ЗНАЧАЈНОГ РИЗИКА,NO SIGNIFICANT RISK,HIGH,ECMWF ENS,ECMWF ENS | ICON-EU EPS | GEFS,0,GREEN,БЕЗ ЗНАЧАЈНОГ РИЗИКА,NO SIGNIFICANT RISK,NONE,HIGH,6,2026-08-21T06:00:00+00:00,2026-08-21T12:00:00+00:00,STORMS,EXPERIMENTAL,DEVELOPMENTAL MULTIMODEL SIGNAL - NOT CALIBRATED PROBABILITY,PUBLIC OPEN-DATA SERVICES,INDEPENDENT PROJECT - NOT AN OFFICIAL RHMZ WARNING PRODUCT
71072,SJENICA,SJENICA,СЈЕНИЦА,0.0,0.0,0.0,0.0,37.0,7.879169605321007,61.94999885559082,11,36,2026-08-21T12:00:00Z,2026-08-20T00:00:00Z,0.0,0.0,0.0,23.5,0.0,5.5,11,0.0,0.0,9,27.5,0.0,4.5,0.0,0.0,0.0,0.0,0.0,0.0,0.0,3,0.0,0,0,0,0,GREEN,БЕЗ ЗНАЧАЈНОГ РИЗИКА,NO SIGNIFICANT RISK,HIGH,ECMWF ENS,ECMWF ENS | ICON-EU EPS | GEFS,0.0,3,0.0,0,0,0,0,GREEN,БЕЗ ЗНАЧАЈНОГ РИЗИКА,NO SIGNIFICANT RISK,HIGH,ECMWF ENS,ECMWF ENS | ICON-EU EPS | GEFS,0.0,3,0.0,0,0,0,0,GREEN,БЕЗ ЗНАЧАЈНОГ РИЗИКА,NO SIGNIFICANT RISK,HIGH,ECMWF ENS,ECMWF ENS | ICON-EU EPS | GEFS,0.0,3,0.0,0,0,0,0,GREEN,БЕЗ ЗНАЧАЈНОГ РИЗИКА,NO SIGNIFICANT RISK,HIGH,ECMWF ENS,ECMWF ENS | ICON-EU EPS | GEFS,0,GREEN,БЕЗ ЗНАЧАЈНОГ РИЗИКА,NO SIGNIFICANT RISK,NONE,HIGH,6,2026-08-21T06:00:00+00:00,2026-08-21T12:00:00+00:00,STORMS,EXPERIMENTAL,DEVELOPMENTAL MULTIMODEL SIGNAL - NOT CALIBRATED PROBABILITY,PUBLIC OPEN-DATA SERVICES,INDEPENDENT PROJECT - NOT AN OFFICIAL RHMZ WARNING PRODUCT
71056,SVILAJNAC,SVILAJNAC,СВИЛАЈНАЦ,0.0,0.0,0.0,0.0,0.0,11.08812431030544,67.92253875732422,8,36,2026-08-21T12:00:00Z,2026-08-20T00:00:00Z,0.0,0.0,0.0,22.4,0.0,5.0,8,0.0,0.0,12,24.5,0.0,7.5,0.0,0.0,0.0,0.0,0.0,0.0,0.0,3,0.0,0,0,0,0,GREEN,БЕЗ ЗНАЧАЈНОГ РИЗИКА,NO SIGNIFICANT RISK,HIGH,ECMWF ENS,ECMWF ENS | ICON-EU EPS | GEFS,0.0,3,0.0,0,0,0,0,GREEN,БЕЗ ЗНАЧАЈНОГ РИЗИКА,NO SIGNIFICANT RISK,HIGH,ECMWF ENS,ECMWF ENS | ICON-EU EPS | GEFS,0.0,3,0.0,0,0,0,0,GREEN,БЕЗ ЗНАЧАЈНОГ РИЗИКА,NO SIGNIFICANT RISK,HIGH,ECMWF ENS,ECMWF ENS | ICON-EU EPS | GEFS,0.0,3,0.0,0,0,0,0,GREEN,БЕЗ ЗНАЧАЈНОГ РИЗИКА,NO SIGNIFICANT RISK,HIGH,ECMWF ENS,ECMWF ENS | ICON-EU EPS | GEFS,0,GREEN,БЕЗ ЗНАЧАЈНОГ РИЗИКА,NO SIGNIFICANT RISK,NONE,HIGH,6,2026-08-21T06:00:00+00:00,2026-08-21T12:00:00+00:00,STORMS,EXPERIMENTAL,DEVELOPMENTAL MULTIMODEL SIGNAL - NOT CALIBRATED PROBABILITY,PUBLIC OPEN-DATA SERVICES,INDEPENDENT PROJECT - NOT AN OFFICIAL RHMZ WARNING PRODUCT
71064,SVRLJIG,SVRLJIG,СВРЉИГ,0.0,0.0,0.0,0.0,0.0,7.452859005840298,66.07499885559082,10,36,2026-08-21T12:00:00Z,2026-08-20T00:00:00Z,0.0,0.0,45.8,57.7,0.0,6.2,10,0.0,0.0,11,67.8,0.0,4.1,0.0,0.0,0.0,0.0,0.0,0.0,0.0,3,0.0,0,0,0,0,GREEN,БЕЗ ЗНАЧАЈНОГ РИЗИКА,NO SIGNIFICANT RISK,HIGH,ECMWF ENS,ECMWF ENS | ICON-EU EPS | GEFS,0.0,3,0.0,0,0,0,0,GREEN,БЕЗ ЗНАЧАЈНОГ РИЗИКА,NO SIGNIFICANT RISK,HIGH,ECMWF ENS,ECMWF ENS | ICON-EU EPS | GEFS,0.0,3,0.0,0,0,0,0,GREEN,БЕЗ ЗНАЧАЈНОГ РИЗИКА,NO SIGNIFICANT RISK,HIGH,ECMWF ENS,ECMWF ENS | ICON-EU EPS | GEFS,0.0,3,0.0,0,0,0,0,GREEN,БЕЗ ЗНАЧАЈНОГ РИЗИКА,NO SIGNIFICANT RISK,HIGH,ECMWF ENS,ECMWF ENS | ICON-EU EPS | GEFS,0,GREEN,БЕЗ ЗНАЧАЈНОГ РИЗИКА,NO SIGNIFICANT RISK,NONE,HIGH,6,2026-08-21T06:00:00+00:00,2026-08-21T12:00:00+00:00,STORMS,EXPERIMENTAL,DEVELOPMENTAL MULTIMODEL SIGNAL - NOT CALIBRATED PROBABILITY,PUBLIC OPEN-DATA SERVICES,INDEPENDENT PROJECT - NOT AN OFFICIAL RHMZ WARNING PRODUCT
80365,SENTA,SENTA,СЕНТА,0.0,0.0,0.0,0.0,0.0,11.641859570363318,75.04999923706055,6,36,2026-08-21T12:00:00Z,2026-08-20T00:00:00Z,0.0,0.0,3.1,59.4,0.0,11.6,6,0.0,0.0,12,33.2,0.0,14.3,0.0,0.0,0.0,0.0,0.0,0.0,0.0,3,0.0,0,0,0,0,GREEN,БЕЗ ЗНАЧАЈНОГ РИЗИКА,NO SIGNIFICANT RISK,HIGH,ECMWF ENS,ECMWF ENS | ICON-EU EPS | GEFS,0.0,3,0.0,0,0,0,0,GREEN,БЕЗ ЗНАЧАЈНОГ РИЗИКА,NO SIGNIFICANT RISK,HIGH,ECMWF ENS,ECMWF ENS | ICON-EU EPS | GEFS,0.0,3,0.0,0,0,0,0,GREEN,БЕЗ ЗНАЧАЈНОГ РИЗИКА,NO SIGNIFICANT RISK,HIGH,ECMWF ENS,ECMWF ENS | ICON-EU EPS | GEFS,0.0,3,0.0,0,0,0,0,GREEN,БЕЗ ЗНАЧАЈНОГ РИЗИКА,NO SIGNIFICANT RISK,HIGH,ECMWF ENS,ECMWF ENS | ICON-EU EPS | GEFS,0,GREEN,БЕЗ ЗНАЧАЈНОГ РИЗИКА,NO SIGNIFICANT RISK,NONE,HIGH,6,2026-08-21T06:00:00+00:00,2026-08-21T12:00:00+00:00,STORMS,EXPERIMENTAL,DEVELOPMENTAL MULTIMODEL SIGNAL - NOT CALIBRATED PROBABILITY,PUBLIC OPEN-DATA SERVICES,INDEPENDENT PROJECT - NOT AN OFFICIAL RHMZ WARNING PRODUCT
80373,SEČANJ,SEČANJ,СЕЧАЊ,0.0,0.0,0.0,0.0,0.0,11.31595647608264,64.32500076293945,8,36,2026-08-21T12:00:00Z,2026-08-20T00:00:00Z,0.0,0.0,0.0,31.9,0.0,8.2,8,0.0,0.0,11,23.2,0.0,12.7,0.0,0.0,0.0,0.0,0.0,0.0,0.0,3,0.0,0,0,0,0,GREEN,БЕЗ ЗНАЧАЈНОГ РИЗИКА,NO SIGNIFICANT RISK,HIGH,ECMWF ENS,ECMWF ENS | ICON-EU EPS | GEFS,0.0,3,0.0,0,0,0,0,GREEN,БЕЗ ЗНАЧАЈНОГ РИЗИКА,NO SIGNIFICANT RISK,HIGH,ECMWF ENS,ECMWF ENS | ICON-EU EPS | GEFS,0.0,3,0.0,0,0,0,0,GREEN,БЕЗ ЗНАЧАЈНОГ РИЗИКА,NO SIGNIFICANT RISK,HIGH,ECMWF ENS,ECMWF ENS | ICON-EU EPS | GEFS,0.0,3,0.0,0,0,0,0,GREEN,БЕЗ ЗНАЧАЈНОГ РИЗИКА,NO SIGNIFICANT RISK,HIGH,ECMWF ENS,ECMWF ENS | ICON-EU EPS | GEFS,0,GREEN,БЕЗ ЗНАЧАЈНОГ РИЗИКА,NO SIGNIFICANT RISK,NONE,HIGH,6,2026-08-21T06:00:00+00:00,2026-08-21T12:00:00+00:00,STORMS,EXPERIMENTAL,DEVELOPMENTAL MULTIMODEL SIGNAL - NOT CALIBRATED PROBABILITY,PUBLIC OPEN-DATA SERVICES,INDEPENDENT PROJECT - NOT AN OFFICIAL RHMZ WARNING PRODUCT
71099,SMEDEREVO-GRAD,SMEDEREVO-GRAD,СМЕДЕРЕВО-ГРАД,0.0,0.0,0.0,0.0,0.0,11.379157110230391,67.0,8,36,2026-08-21T12:00:00Z,2026-08-20T00:00:00Z,0.0,0.0,0.0,22.4,0.0,6.5,8,0.0,0.0,12,21.2,0.0,9.5,0.0,0.0,0.0,0.0,0.0,0.0,0.0,3,0.0,0,0,0,0,GREEN,БЕЗ ЗНАЧАЈНОГ РИЗИКА,NO SIGNIFICANT RISK,HIGH,ECMWF ENS,ECMWF ENS | ICON-EU EPS | GEFS,0.0,3,0.0,0,0,0,0,GREEN,БЕЗ ЗНАЧАЈНОГ РИЗИКА,NO SIGNIFICANT RISK,HIGH,ECMWF ENS,ECMWF ENS | ICON-EU EPS | GEFS,0.0,3,0.0,0,0,0,0,GREEN,БЕЗ ЗНАЧАЈНОГ РИЗИКА,NO SIGNIFICANT RISK,HIGH,ECMWF ENS,ECMWF ENS | ICON-EU EPS | GEFS,0.0,3,0.0,0,0,0,0,GREEN,БЕЗ ЗНАЧАЈНОГ РИЗИКА,NO SIGNIFICANT RISK,HIGH,ECMWF ENS,ECMWF ENS | ICON-EU EPS | GEFS,0,GREEN,БЕЗ ЗНАЧАЈНОГ РИЗИКА,NO SIGNIFICANT RISK,NONE,HIGH,6,2026-08-21T06:00:00+00:00,2026-08-21T12:00:00+00:00,STORMS,EXPERIMENTAL,DEVELOPMENTAL MULTIMODEL SIGNAL - NOT CALIBRATED PROBABILITY,PUBLIC OPEN-DATA SERVICES,INDEPENDENT PROJECT - NOT AN OFFICIAL RHMZ WARNING PRODUCT
71102,SMEDEREVSKA PALANKA,SMEDEREVSKA PALANKA,СМЕДЕРЕВСКА ПАЛАНКА,0.0,0.0,0.0,0.0,0.0,11.08812431030544,67.39999961853027,8,36,2026-08-21T12:00:00Z,2026-08-20T00:00:00Z,0.0,0.0,0.0,21.8,0.0,7.1,8,0.0,0.0,10,23.1,0.0,8.8,0.0,0.0,0.0,0.0,0.0,0.0,0.0,3,0.0,0,0,0,0,GREEN,БЕЗ ЗНАЧАЈНОГ РИЗИКА,NO SIGNIFICANT RISK,HIGH,ECMWF ENS,ECMWF ENS | ICON-EU EPS | GEFS,0.0,3,0.0,0,0,0,0,GREEN,БЕЗ ЗНАЧАЈНОГ РИЗИКА,NO SIGNIFICANT RISK,HIGH,ECMWF ENS,ECMWF ENS | ICON-EU EPS | GEFS,0.0,3,0.0,0,0,0,0,GREEN,БЕЗ ЗНАЧАЈНОГ РИЗИКА,NO SIGNIFICANT RISK,HIGH,ECMWF ENS,ECMWF ENS | ICON-EU EPS | GEFS,0.0,3,0.0,0,0,0,0,GREEN,БЕЗ ЗНАЧАЈНОГ РИЗИКА,NO SIGNIFICANT RISK,HIGH,ECMWF ENS,ECMWF ENS | ICON-EU EPS | GEFS,0,GREEN,БЕЗ ЗНАЧАЈНОГ РИЗИКА,NO SIGNIFICANT RISK,NONE,HIGH,6,2026-08-21T06:00:00+00:00,2026-08-21T12:00:00+00:00,STORMS,EXPERIMENTAL,DEVELOPMENTAL MULTIMODEL SIGNAL - NOT CALIBRATED PROBABILITY,PUBLIC OPEN-DATA SERVICES,INDEPENDENT PROJECT - NOT AN OFFICIAL RHMZ WARNING PRODUCT
71129,SOKOBANJA,SOKOBANJA,СОКОБАЊА,0.0,0.0,0.0,0.0,0.0,8.561692547558103,67.0,9,36,2026-08-21T12:00:00Z,2026-08-20T00:00:00Z,0.0,0.0,70.2,56.6,0.0,6.5,9,0.0,0.0,10,36.7,0.0,6.1,0.0,0.0,0.0,0.0,0.0,0.0,0.0,3,0.0,0,0,0,0,GREEN,БЕЗ ЗНАЧАЈНОГ РИЗИКА,NO SIGNIFICANT RISK,HIGH,ECMWF ENS,ECMWF ENS | ICON-EU EPS | GEFS,0.0,3,0.0,0,0,0,0,GREEN,БЕЗ ЗНАЧАЈНОГ РИЗИКА,NO SIGNIFICANT RISK,HIGH,ECMWF ENS,ECMWF ENS | ICON-EU EPS | GEFS,0.0,3,0.0,0,0,0,0,GREEN,БЕЗ ЗНАЧАЈНОГ РИЗИКА,NO SIGNIFICANT RISK,HIGH,ECMWF ENS,ECMWF ENS | ICON-EU EPS | GEFS,0.0,3,0.0,0,0,0,0,GREEN,БЕЗ ЗНАЧАЈНОГ РИЗИКА,NO SIGNIFICANT RISK,HIGH,ECMWF ENS,ECMWF ENS | ICON-EU EPS | GEFS,0,GREEN,БЕЗ ЗНАЧАЈНОГ РИЗИКА,NO SIGNIFICANT RISK,NONE,HIGH,6,2026-08-21T06:00:00+00:00,2026-08-21T12:00:00+00:00,STORMS,EXPERIMENTAL,DEVELOPMENTAL MULTIMODEL SIGNAL - NOT CALIBRATED PROBABILITY,PUBLIC OPEN-DATA SERVICES,INDEPENDENT PROJECT - NOT AN OFFICIAL RHMZ WARNING PRODUCT
80381,SOMBOR-GRAD,SOMBOR-GRAD,СОМБОР-ГРАД,0.0,0.0,0.0,0.0,10.0,11.94933053357325,81.35000228881836,12,36,2026-08-21T12:00:00Z,2026-08-20T00:00:00Z,0.0,0.0,224.2,68.1,0.0,12.0,12,0.0,0.0,12,29.7,0.0,15.0,0.0,0.0,0.0,0.0,0.0,0.0,0.0,3,0.0,0,0,0,0,GREEN,БЕЗ ЗНАЧАЈНОГ РИЗИКА,NO SIGNIFICANT RISK,HIGH,ECMWF ENS,ECMWF ENS | ICON-EU EPS | GEFS,0.0,3,0.0,0,0,0,0,GREEN,БЕЗ ЗНАЧАЈНОГ РИЗИКА,NO SIGNIFICANT RISK,HIGH,ECMWF ENS,ECMWF ENS | ICON-EU EPS | GEFS,0.0,3,0.0,0,0,0,0,GREEN,БЕЗ ЗНАЧАЈНОГ РИЗИКА,NO SIGNIFICANT RISK,HIGH,ECMWF ENS,ECMWF ENS | ICON-EU EPS | GEFS,0.0,3,0.0,0,0,0,0,GREEN,БЕЗ ЗНАЧАЈНОГ РИЗИКА,NO SIGNIFICANT RISK,HIGH,ECMWF ENS,ECMWF ENS | ICON-EU EPS | GEFS,0,GREEN,БЕЗ ЗНАЧАЈНОГ РИЗИКА,NO SIGNIFICANT RISK,NONE,HIGH,6,2026-08-21T06:00:00+00:00,2026-08-21T12:00:00+00:00,STORMS,EXPERIMENTAL,DEVELOPMENTAL MULTIMODEL SIGNAL - NOT CALIBRATED PROBABILITY,PUBLIC OPEN-DATA SERVICES,INDEPENDENT PROJECT - NOT AN OFFICIAL RHMZ WARNING PRODUCT
90271,SRBICA,SRBICA,СРБИЦА,0.0,0.0,0.0,0.0,5.0,6.888853971159707,63.70000076293945,10,36,2026-08-21T12:00:00Z,2026-08-20T00:00:00Z,0.0,0.0,0.0,50.6,0.0,6.9,10,0.0,0.0,11,20.9,0.0,5.0,0.0,0.0,0.0,0.0,0.0,0.0,0.0,3,0.0,0,0,0,0,GREEN,БЕЗ ЗНАЧАЈНОГ РИЗИКА,NO SIGNIFICANT RISK,HIGH,ECMWF ENS,ECMWF ENS | ICON-EU EPS | GEFS,0.0,3,0.0,0,0,0,0,GREEN,БЕЗ ЗНАЧАЈНОГ РИЗИКА,NO SIGNIFICANT RISK,HIGH,ECMWF ENS,ECMWF ENS | ICON-EU EPS | GEFS,0.0,3,0.0,0,0,0,0,GREEN,БЕЗ ЗНАЧАЈНОГ РИЗИКА,NO SIGNIFICANT RISK,HIGH,ECMWF ENS,ECMWF ENS | ICON-EU EPS | GEFS,0.0,3,0.0,0,0,0,0,GREEN,БЕЗ ЗНАЧАЈНОГ РИЗИКА,NO SIGNIFICANT RISK,HIGH,ECMWF ENS,ECMWF ENS | ICON-EU EPS | GEFS,0,GREEN,БЕЗ ЗНАЧАЈНОГ РИЗИКА,NO SIGNIFICANT RISK,NONE,HIGH,6,2026-08-21T06:00:00+00:00,2026-08-21T12:00:00+00:00,STORMS,EXPERIMENTAL,DEVELOPMENTAL MULTIMODEL SIGNAL - NOT CALIBRATED PROBABILITY,PUBLIC OPEN-DATA SERVICES,INDEPENDENT PROJECT - NOT AN OFFICIAL RHMZ WARNING PRODUCT
80390,SRBOBRAN,SRBOBRAN,СРБОБРАН,0.0,0.0,0.0,0.0,0.0,11.794284614152136,69.1500015258789,7,36,2026-08-21T12:00:00Z,2026-08-20T00:00:00Z,0.0,0.0,0.1,58.9,0.0,12.0,7,0.0,0.0,12,28.1,0.0,14.7,0.0,0.0,0.0,0.0,0.0,0.0,0.0,3,0.0,0,0,0,0,GREEN,БЕЗ ЗНАЧАЈНОГ РИЗИКА,NO SIGNIFICANT RISK,HIGH,ECMWF ENS,ECMWF ENS | ICON-EU EPS | GEFS,0.0,3,0.0,0,0,0,0,GREEN,БЕЗ ЗНАЧАЈНОГ РИЗИКА,NO SIGNIFICANT RISK,HIGH,ECMWF ENS,ECMWF ENS | ICON-EU EPS | GEFS,0.0,3,0.0,0,0,0,0,GREEN,БЕЗ ЗНАЧАЈНОГ РИЗИКА,NO SIGNIFICANT RISK,HIGH,ECMWF ENS,ECMWF ENS | ICON-EU EPS | GEFS,0.0,3,0.0,0,0,0,0,GREEN,БЕЗ ЗНАЧАЈНОГ РИЗИКА,NO SIGNIFICANT RISK,HIGH,ECMWF ENS,ECMWF ENS | ICON-EU EPS | GEFS,0,GREEN,БЕЗ ЗНАЧАЈНОГ РИЗИКА,NO SIGNIFICANT RISK,NONE,HIGH,6,2026-08-21T06:00:00+00:00,2026-08-21T12:00:00+00:00,STORMS,EXPERIMENTAL,DEVELOPMENTAL MULTIMODEL SIGNAL - NOT CALIBRATED PROBABILITY,PUBLIC OPEN-DATA SERVICES,INDEPENDENT PROJECT - NOT AN OFFICIAL RHMZ WARNING PRODUCT
80403,SREMSKA MITROVICA-GRAD,SREMSKA MITROVICA-GRAD,СРЕМСКА МИТРОВИЦА-ГРАД,0.0,0.0,0.0,0.0,0.0,11.768935123158975,59.0,14,36,2026-08-21T12:00:00Z,2026-08-20T00:00:00Z,0.0,0.0,0.0,51.9,0.0,11.3,14,0.0,0.0,13,23.7,0.0,14.0,0.0,0.0,0.0,0.0,0.0,0.0,0.0,3,0.0,0,0,0,0,GREEN,БЕЗ ЗНАЧАЈНОГ РИЗИКА,NO SIGNIFICANT RISK,HIGH,ECMWF ENS,ECMWF ENS | ICON-EU EPS | GEFS,0.0,3,0.0,0,0,0,0,GREEN,БЕЗ ЗНАЧАЈНОГ РИЗИКА,NO SIGNIFICANT RISK,HIGH,ECMWF ENS,ECMWF ENS | ICON-EU EPS | GEFS,0.0,3,0.0,0,0,0,0,GREEN,БЕЗ ЗНАЧАЈНОГ РИЗИКА,NO SIGNIFICANT RISK,HIGH,ECMWF ENS,ECMWF ENS | ICON-EU EPS | GEFS,0.0,3,0.0,0,0,0,0,GREEN,БЕЗ ЗНАЧАЈНОГ РИЗИКА,NO SIGNIFICANT RISK,HIGH,ECMWF ENS,ECMWF ENS | ICON-EU EPS | GEFS,0,GREEN,БЕЗ ЗНАЧАЈНОГ РИЗИКА,NO SIGNIFICANT RISK,NONE,HIGH,6,2026-08-21T06:00:00+00:00,2026-08-21T12:00:00+00:00,STORMS,EXPERIMENTAL,DEVELOPMENTAL MULTIMODEL SIGNAL - NOT CALIBRATED PROBABILITY,PUBLIC OPEN-DATA SERVICES,INDEPENDENT PROJECT - NOT AN OFFICIAL RHMZ WARNING PRODUCT
80411,SREMSKI KARLOVCI,SREMSKI KARLOVCI,СРЕМСКИ КАРЛОВЦИ,0.0,0.0,0.0,0.0,0.0,11.380151197041751,53.85000038146973,5,36,2026-08-21T12:00:00Z,2026-08-20T00:00:00Z,0.0,0.0,0.0,42.4,0.0,10.2,5,0.0,0.0,10,25.2,0.0,13.6,0.0,0.0,0.0,0.0,0.0,0.0,0.0,3,0.0,0,0,0,0,GREEN,БЕЗ ЗНАЧАЈНОГ РИЗИКА,NO SIGNIFICANT RISK,HIGH,ECMWF ENS,ECMWF ENS | ICON-EU EPS | GEFS,0.0,3,0.0,0,0,0,0,GREEN,БЕЗ ЗНАЧАЈНОГ РИЗИКА,NO SIGNIFICANT RISK,HIGH,ECMWF ENS,ECMWF ENS | ICON-EU EPS | GEFS,0.0,3,0.0,0,0,0,0,GREEN,БЕЗ ЗНАЧАЈНОГ РИЗИКА,NO SIGNIFICANT RISK,HIGH,ECMWF ENS,ECMWF ENS | ICON-EU EPS | GEFS,0.0,3,0.0,0,0,0,0,GREEN,БЕЗ ЗНАЧАЈНОГ РИЗИКА,NO SIGNIFICANT RISK,HIGH,ECMWF ENS,ECMWF ENS | ICON-EU EPS | GEFS,0,GREEN,БЕЗ ЗНАЧАЈНОГ РИЗИКА,NO SIGNIFICANT RISK,NONE,HIGH,6,2026-08-21T06:00:00+00:00,2026-08-21T12:00:00+00:00,STORMS,EXPERIMENTAL,DEVELOPMENTAL MULTIMODEL SIGNAL - NOT CALIBRATED PROBABILITY,PUBLIC OPEN-DATA SERVICES,INDEPENDENT PROJECT - NOT AN OFFICIAL RHMZ WARNING PRODUCT
80420,STARA PAZOVA,STARA PAZOVA,СТАРА ПАЗОВА,0.0,0.0,0.0,0.0,0.0,11.33712541012928,53.5,9,36,2026-08-21T12:00:00Z,2026-08-20T00:00:00Z,0.0,0.0,0.0,36.0,0.0,9.5,9,0.0,0.0,10,19.7,0.0,12.0,0.0,0.0,0.0,0.0,0.0,0.0,0.0,3,0.0,0,0,0,0,GREEN,БЕЗ ЗНАЧАЈНОГ РИЗИКА,NO SIGNIFICANT RISK,HIGH,ECMWF ENS,ECMWF ENS | ICON-EU EPS | GEFS,0.0,3,0.0,0,0,0,0,GREEN,БЕЗ ЗНАЧАЈНОГ РИЗИКА,NO SIGNIFICANT RISK,HIGH,ECMWF ENS,ECMWF ENS | ICON-EU EPS | GEFS,0.0,3,0.0,0,0,0,0,GREEN,БЕЗ ЗНАЧАЈНОГ РИЗИКА,NO SIGNIFICANT RISK,HIGH,ECMWF ENS,ECMWF ENS | ICON-EU EPS | GEFS,0.0,3,0.0,0,0,0,0,GREEN,БЕЗ ЗНАЧАЈНОГ РИЗИКА,NO SIGNIFICANT RISK,HIGH,ECMWF ENS,ECMWF ENS | ICON-EU EPS | GEFS,0,GREEN,БЕЗ ЗНАЧАЈНОГ РИЗИКА,NO SIGNIFICANT RISK,NONE,HIGH,6,2026-08-21T06:00:00+00:00,2026-08-21T12:00:00+00:00,STORMS,EXPERIMENTAL,DEVELOPMENTAL MULTIMODEL SIGNAL - NOT CALIBRATED PROBABILITY,PUBLIC OPEN-DATA SERVICES,INDEPENDENT PROJECT - NOT AN OFFICIAL RHMZ WARNING PRODUCT
80438,SUBOTICA-GRAD,SUBOTICA-GRAD,СУБОТИЦА-ГРАД,0.0,0.0,0.0,0.0,10.0,11.745514838215447,81.5999984741211,13,36,2026-08-21T12:00:00Z,2026-08-20T00:00:00Z,2.0,2.0,176.0,68.5,0.0,12.7,13,0.0,0.0,11,42.4,0.0,14.6,0.0,0.0,0.0,0.0,0.0,0.0,0.7,3,2.0,0,0,0,0,GREEN,БЕЗ ЗНАЧАЈНОГ РИЗИКА,NO SIGNIFICANT RISK,HIGH,ECMWF ENS,ECMWF ENS | ICON-EU EPS | GEFS,0.0,3,0.0,0,0,0,0,GREEN,БЕЗ ЗНАЧАЈНОГ РИЗИКА,NO SIGNIFICANT RISK,HIGH,ECMWF ENS,ECMWF ENS | ICON-EU EPS | GEFS,0.0,3,0.0,0,0,0,0,GREEN,БЕЗ ЗНАЧАЈНОГ РИЗИКА,NO SIGNIFICANT RISK,HIGH,ECMWF ENS,ECMWF ENS | ICON-EU EPS | GEFS,0.0,3,0.0,0,0,0,0,GREEN,БЕЗ ЗНАЧАЈНОГ РИЗИКА,NO SIGNIFICANT RISK,HIGH,ECMWF ENS,ECMWF ENS | ICON-EU EPS | GEFS,0,GREEN,БЕЗ ЗНАЧАЈНОГ РИЗИКА,NO SIGNIFICANT RISK,NONE,HIGH,6,2026-08-21T06:00:00+00:00,2026-08-21T12:00:00+00:00,STORMS,EXPERIMENTAL,DEVELOPMENTAL MULTIMODEL SIGNAL - NOT CALIBRATED PROBABILITY,PUBLIC OPEN-DATA SERVICES,INDEPENDENT PROJECT - NOT AN OFFICIAL RHMZ WARNING PRODUCT
90280,SUVA REKA,SUVA REKA,СУВА РЕКА,0.0,0.0,0.0,0.0,7.0,5.006075370509205,63.70000076293945,8,36,2026-08-21T12:00:00Z,2026-08-20T00:00:00Z,50.0,0.0,686.4,77.5,0.1,2.7,8,0.0,0.0,11,428.0,0.0,4.9,0.0,0.0,0.0,0.0,0.0,0.0,16.7,3,50.0,1,1,1,1,YELLOW,ПОВИШЕН,ELEVATED,LOW,ECMWF ENS,ECMWF ENS | ICON-EU EPS | GEFS,0.0,3,0.0,0,0,0,0,GREEN,БЕЗ ЗНАЧАЈНОГ РИЗИКА,NO SIGNIFICANT RISK,HIGH,ECMWF ENS,ECMWF ENS | ICON-EU EPS | GEFS,0.0,3,0.0,0,0,0,0,GREEN,БЕЗ ЗНАЧАЈНОГ РИЗИКА,NO SIGNIFICANT RISK,HIGH,ECMWF ENS,ECMWF ENS | ICON-EU EPS | GEFS,0.0,3,0.0,0,0,0,0,GREEN,БЕЗ ЗНАЧАЈНОГ РИЗИКА,NO SIGNIFICANT RISK,HIGH,ECMWF ENS,ECMWF ENS | ICON-EU EPS | GEFS,1,YELLOW,ПОВИШЕН,ELEVATED,THUNDER,LOW,6,2026-08-21T06:00:00+00:00,2026-08-21T12:00:00+00:00,STORMS,EXPERIMENTAL,DEVELOPMENTAL MULTIMODEL SIGNAL - NOT CALIBRATED PROBABILITY,PUBLIC OPEN-DATA SERVICES,INDEPENDENT PROJECT - NOT AN OFFICIAL RHMZ WARNING PRODUCT
71137,SURDULICA,SURDULICA,СУРДУЛИЦА,0.0,0.0,0.0,0.0,0.0,4.53639150439077,64.5,9,36,2026-08-21T12:00:00Z,2026-08-20T00:00:00Z,12.0,0.0,652.9,73.0,0.0,3.0,9,0.0,0.0,13,268.3,0.0,3.5,0.0,0.0,0.0,0.0,0.0,0.0,4.0,3,12.0,1,0,0,0,GREEN,БЕЗ ЗНАЧАЈНОГ РИЗИКА,NO SIGNIFICANT RISK,HIGH,ECMWF ENS,ECMWF ENS | ICON-EU EPS | GEFS,0.0,3,0.0,0,0,0,0,GREEN,БЕЗ ЗНАЧАЈНОГ РИЗИКА,NO SIGNIFICANT RISK,HIGH,ECMWF ENS,ECMWF ENS | ICON-EU EPS | GEFS,0.0,3,0.0,0,0,0,0,GREEN,БЕЗ ЗНАЧАЈНОГ РИЗИКА,NO SIGNIFICANT RISK,HIGH,ECMWF ENS,ECMWF ENS | ICON-EU EPS | GEFS,0.0,3,0.0,0,0,0,0,GREEN,БЕЗ ЗНАЧАЈНОГ РИЗИКА,NO SIGNIFICANT RISK,HIGH,ECMWF ENS,ECMWF ENS | ICON-EU EPS | GEFS,0,GREEN,БЕЗ ЗНАЧАЈНОГ РИЗИКА,NO SIGNIFICANT RISK,NONE,HIGH,6,2026-08-21T06:00:00+00:00,2026-08-21T12:00:00+00:00,STORMS,EXPERIMENTAL,DEVELOPMENTAL MULTIMODEL SIGNAL - NOT CALIBRATED PROBABILITY,PUBLIC OPEN-DATA SERVICES,INDEPENDENT PROJECT - NOT AN OFFICIAL RHMZ WARNING PRODUCT
80446,TEMERIN,TEMERIN,ТЕМЕРИН,0.0,0.0,0.0,0.0,0.0,11.794284614152136,60.21913528442383,6,36,2026-08-21T12:00:00Z,2026-08-20T00:00:00Z,0.0,0.0,0.0,52.7,0.0,11.2,6,0.0,0.0,13,28.1,0.0,14.3,0.0,0.0,0.0,0.0,0.0,0.0,0.0,3,0.0,0,0,0,0,GREEN,БЕЗ ЗНАЧАЈНОГ РИЗИКА,NO SIGNIFICANT RISK,HIGH,ECMWF ENS,ECMWF ENS | ICON-EU EPS | GEFS,0.0,3,0.0,0,0,0,0,GREEN,БЕЗ ЗНАЧАЈНОГ РИЗИКА,NO SIGNIFICANT RISK,HIGH,ECMWF ENS,ECMWF ENS | ICON-EU EPS | GEFS,0.0,3,0.0,0,0,0,0,GREEN,БЕЗ ЗНАЧАЈНОГ РИЗИКА,NO SIGNIFICANT RISK,HIGH,ECMWF ENS,ECMWF ENS | ICON-EU EPS | GEFS,0.0,3,0.0,0,0,0,0,GREEN,БЕЗ ЗНАЧАЈНОГ РИЗИКА,NO SIGNIFICANT RISK,HIGH,ECMWF ENS,ECMWF ENS | ICON-EU EPS | GEFS,0,GREEN,БЕЗ ЗНАЧАЈНОГ РИЗИКА,NO SIGNIFICANT RISK,NONE,HIGH,6,2026-08-21T06:00:00+00:00,2026-08-21T12:00:00+00:00,STORMS,EXPERIMENTAL,DEVELOPMENTAL MULTIMODEL SIGNAL - NOT CALIBRATED PROBABILITY,PUBLIC OPEN-DATA SERVICES,INDEPENDENT PROJECT - NOT AN OFFICIAL RHMZ WARNING PRODUCT
80454,TITEL,TITEL,ТИТЕЛ,0.0,0.0,0.0,0.0,0.0,11.52523277966097,53.85000038146973,9,36,2026-08-21T12:00:00Z,2026-08-20T00:00:00Z,0.0,0.0,0.0,41.3,0.0,10.0,9,0.0,0.0,12,25.3,0.0,13.1,0.0,0.0,0.0,0.0,0.0,0.0,0.0,3,0.0,0,0,0,0,GREEN,БЕЗ ЗНАЧАЈНОГ РИЗИКА,NO SIGNIFICANT RISK,HIGH,ECMWF ENS,ECMWF ENS | ICON-EU EPS | GEFS,0.0,3,0.0,0,0,0,0,GREEN,БЕЗ ЗНАЧАЈНОГ РИЗИКА,NO SIGNIFICANT RISK,HIGH,ECMWF ENS,ECMWF ENS | ICON-EU EPS | GEFS,0.0,3,0.0,0,0,0,0,GREEN,БЕЗ ЗНАЧАЈНОГ РИЗИКА,NO SIGNIFICANT RISK,HIGH,ECMWF ENS,ECMWF ENS | ICON-EU EPS | GEFS,0.0,3,0.0,0,0,0,0,GREEN,БЕЗ ЗНАЧАЈНОГ РИЗИКА,NO SIGNIFICANT RISK,HIGH,ECMWF ENS,ECMWF ENS | ICON-EU EPS | GEFS,0,GREEN,БЕЗ ЗНАЧАЈНОГ РИЗИКА,NO SIGNIFICANT RISK,NONE,HIGH,6,2026-08-21T06:00:00+00:00,2026-08-21T12:00:00+00:00,STORMS,EXPERIMENTAL,DEVELOPMENTAL MULTIMODEL SIGNAL - NOT CALIBRATED PROBABILITY,PUBLIC OPEN-DATA SERVICES,INDEPENDENT PROJECT - NOT AN OFFICIAL RHMZ WARNING PRODUCT
71153,TOPOLA,TOPOLA,ТОПОЛА,0.0,0.0,0.0,0.0,0.0,10.73579048082276,67.0,10,36,2026-08-21T12:00:00Z,2026-08-20T00:00:00Z,0.0,0.0,0.0,21.8,0.0,7.1,10,0.0,0.0,10,25.9,0.0,8.6,0.0,0.0,0.0,0.0,0.0,0.0,0.0,3,0.0,0,0,0,0,GREEN,БЕЗ ЗНАЧАЈНОГ РИЗИКА,NO SIGNIFICANT RISK,HIGH,ECMWF ENS,ECMWF ENS | ICON-EU EPS | GEFS,0.0,3,0.0,0,0,0,0,GREEN,БЕЗ ЗНАЧАЈНОГ РИЗИКА,NO SIGNIFICANT RISK,HIGH,ECMWF ENS,ECMWF ENS | ICON-EU EPS | GEFS,0.0,3,0.0,0,0,0,0,GREEN,БЕЗ ЗНАЧАЈНОГ РИЗИКА,NO SIGNIFICANT RISK,HIGH,ECMWF ENS,ECMWF ENS | ICON-EU EPS | GEFS,0.0,3,0.0,0,0,0,0,GREEN,БЕЗ ЗНАЧАЈНОГ РИЗИКА,NO SIGNIFICANT RISK,HIGH,ECMWF ENS,ECMWF ENS | ICON-EU EPS | GEFS,0,GREEN,БЕЗ ЗНАЧАЈНОГ РИЗИКА,NO SIGNIFICANT RISK,NONE,HIGH,6,2026-08-21T06:00:00+00:00,2026-08-21T12:00:00+00:00,STORMS,EXPERIMENTAL,DEVELOPMENTAL MULTIMODEL SIGNAL - NOT CALIBRATED PROBABILITY,PUBLIC OPEN-DATA SERVICES,INDEPENDENT PROJECT - NOT AN OFFICIAL RHMZ WARNING PRODUCT
71161,TRGOVIŠTE,TRGOVIŠTE,ТРГОВИШТЕ,0.0,0.0,0.0,0.0,0.0,3.4742867063613647,64.32253646850586,8,36,2026-08-21T12:00:00Z,2026-08-20T00:00:00Z,12.0,0.0,410.6,63.1,0.0,4.1,8,0.0,0.0,10,263.4,0.0,3.6,0.0,0.0,0.0,0.0,0.0,0.0,4.0,3,12.0,1,0,0,0,GREEN,БЕЗ ЗНАЧАЈНОГ РИЗИКА,NO SIGNIFICANT RISK,HIGH,ECMWF ENS,ECMWF ENS | ICON-EU EPS | GEFS,0.0,3,0.0,0,0,0,0,GREEN,БЕЗ ЗНАЧАЈНОГ РИЗИКА,NO SIGNIFICANT RISK,HIGH,ECMWF ENS,ECMWF ENS | ICON-EU EPS | GEFS,0.0,3,0.0,0,0,0,0,GREEN,БЕЗ ЗНАЧАЈНОГ РИЗИКА,NO SIGNIFICANT RISK,HIGH,ECMWF ENS,ECMWF ENS | ICON-EU EPS | GEFS,0.0,3,0.0,0,0,0,0,GREEN,БЕЗ ЗНАЧАЈНОГ РИЗИКА,NO SIGNIFICANT RISK,HIGH,ECMWF ENS,ECMWF ENS | ICON-EU EPS | GEFS,0,GREEN,БЕЗ ЗНАЧАЈНОГ РИЗИКА,NO SIGNIFICANT RISK,NONE,HIGH,6,2026-08-21T06:00:00+00:00,2026-08-21T12:00:00+00:00,STORMS,EXPERIMENTAL,DEVELOPMENTAL MULTIMODEL SIGNAL - NOT CALIBRATED PROBABILITY,PUBLIC OPEN-DATA SERVICES,INDEPENDENT PROJECT - NOT AN OFFICIAL RHMZ WARNING PRODUCT
71170,TRSTENIK,TRSTENIK,ТРСТЕНИК,0.0,0.0,0.0,0.0,0.0,8.356978227506346,67.30000305175781,6,36,2026-08-21T12:00:00Z,2026-08-20T00:00:00Z,0.0,0.0,0.0,23.2,0.0,8.6,6,0.0,0.0,10,40.5,0.0,8.2,0.0,0.0,0.0,0.0,0.0,0.0,0.0,3,0.0,0,0,0,0,GREEN,БЕЗ ЗНАЧАЈНОГ РИЗИКА,NO SIGNIFICANT RISK,HIGH,ECMWF ENS,ECMWF ENS | ICON-EU EPS | GEFS,0.0,3,0.0,0,0,0,0,GREEN,БЕЗ ЗНАЧАЈНОГ РИЗИКА,NO SIGNIFICANT RISK,HIGH,ECMWF ENS,ECMWF ENS | ICON-EU EPS | GEFS,0.0,3,0.0,0,0,0,0,GREEN,БЕЗ ЗНАЧАЈНОГ РИЗИКА,NO SIGNIFICANT RISK,HIGH,ECMWF ENS,ECMWF ENS | ICON-EU EPS | GEFS,0.0,3,0.0,0,0,0,0,GREEN,БЕЗ ЗНАЧАЈНОГ РИЗИКА,NO SIGNIFICANT RISK,HIGH,ECMWF ENS,ECMWF ENS | ICON-EU EPS | GEFS,0,GREEN,БЕЗ ЗНАЧАЈНОГ РИЗИКА,NO SIGNIFICANT RISK,NONE,HIGH,6,2026-08-21T06:00:00+00:00,2026-08-21T12:00:00+00:00,STORMS,EXPERIMENTAL,DEVELOPMENTAL MULTIMODEL SIGNAL - NOT CALIBRATED PROBABILITY,PUBLIC OPEN-DATA SERVICES,INDEPENDENT PROJECT - NOT AN OFFICIAL RHMZ WARNING PRODUCT
71188,TUTIN,TUTIN,ТУТИН,0.0,0.0,0.0,0.0,37.0,7.763089569517097,61.94999885559082,10,36,2026-08-21T12:00:00Z,2026-08-20T00:00:00Z,0.0,0.0,0.0,38.4,0.0,1.8,10,0.0,0.0,9,37.4,0.0,6.0,0.0,0.0,0.0,0.0,0.0,0.0,0.0,3,0.0,0,0,0,0,GREEN,БЕЗ ЗНАЧАЈНОГ РИЗИКА,NO SIGNIFICANT RISK,HIGH,ECMWF ENS,ECMWF ENS | ICON-EU EPS | GEFS,0.0,3,0.0,0,0,0,0,GREEN,БЕЗ ЗНАЧАЈНОГ РИЗИКА,NO SIGNIFICANT RISK,HIGH,ECMWF ENS,ECMWF ENS | ICON-EU EPS | GEFS,0.0,3,0.0,0,0,0,0,GREEN,БЕЗ ЗНАЧАЈНОГ РИЗИКА,NO SIGNIFICANT RISK,HIGH,ECMWF ENS,ECMWF ENS | ICON-EU EPS | GEFS,0.0,3,0.0,0,0,0,0,GREEN,БЕЗ ЗНАЧАЈНОГ РИЗИКА,NO SIGNIFICANT RISK,HIGH,ECMWF ENS,ECMWF ENS | ICON-EU EPS | GEFS,0,GREEN,БЕЗ ЗНАЧАЈНОГ РИЗИКА,NO SIGNIFICANT RISK,NONE,HIGH,6,2026-08-21T06:00:00+00:00,2026-08-21T12:00:00+00:00,STORMS,EXPERIMENTAL,DEVELOPMENTAL MULTIMODEL SIGNAL - NOT CALIBRATED PROBABILITY,PUBLIC OPEN-DATA SERVICES,INDEPENDENT PROJECT - NOT AN OFFICIAL RHMZ WARNING PRODUCT
71218,UB,UB,УБ,0.0,0.0,0.0,0.0,0.0,10.65806302691916,59.900001525878906,10,36,2026-08-21T12:00:00Z,2026-08-20T00:00:00Z,0.0,0.0,0.0,31.5,0.0,8.2,10,0.0,0.0,10,27.1,0.0,11.9,0.0,0.0,0.0,0.0,0.0,0.0,0.0,3,0.0,0,0,0,0,GREEN,БЕЗ ЗНАЧАЈНОГ РИЗИКА,NO SIGNIFICANT RISK,HIGH,ECMWF ENS,ECMWF ENS | ICON-EU EPS | GEFS,0.0,3,0.0,0,0,0,0,GREEN,БЕЗ ЗНАЧАЈНОГ РИЗИКА,NO SIGNIFICANT RISK,HIGH,ECMWF ENS,ECMWF ENS | ICON-EU EPS | GEFS,0.0,3,0.0,0,0,0,0,GREEN,БЕЗ ЗНАЧАЈНОГ РИЗИКА,NO SIGNIFICANT RISK,HIGH,ECMWF ENS,ECMWF ENS | ICON-EU EPS | GEFS,0.0,3,0.0,0,0,0,0,GREEN,БЕЗ ЗНАЧАЈНОГ РИЗИКА,NO SIGNIFICANT RISK,HIGH,ECMWF ENS,ECMWF ENS | ICON-EU EPS | GEFS,0,GREEN,БЕЗ ЗНАЧАЈНОГ РИЗИКА,NO SIGNIFICANT RISK,NONE,HIGH,6,2026-08-21T06:00:00+00:00,2026-08-21T12:00:00+00:00,STORMS,EXPERIMENTAL,DEVELOPMENTAL MULTIMODEL SIGNAL - NOT CALIBRATED PROBABILITY,PUBLIC OPEN-DATA SERVICES,INDEPENDENT PROJECT - NOT AN OFFICIAL RHMZ WARNING PRODUCT
71145,UŽICE-GRAD,UŽICE-GRAD,УЖИЦЕ-ГРАД,0.0,0.0,0.0,0.0,0.0,8.47503245362827,58.62500095367432,12,36,2026-08-21T12:00:00Z,2026-08-20T00:00:00Z,0.0,0.0,0.0,25.6,0.0,7.0,12,0.0,0.0,11,20.9,0.0,7.7,0.0,0.0,0.0,0.0,0.0,0.0,0.0,3,0.0,0,0,0,0,GREEN,БЕЗ ЗНАЧАЈНОГ РИЗИКА,NO SIGNIFICANT RISK,HIGH,ECMWF ENS,ECMWF ENS | ICON-EU EPS | GEFS,0.0,3,0.0,0,0,0,0,GREEN,БЕЗ ЗНАЧАЈНОГ РИЗИКА,NO SIGNIFICANT RISK,HIGH,ECMWF ENS,ECMWF ENS | ICON-EU EPS | GEFS,0.0,3,0.0,0,0,0,0,GREEN,БЕЗ ЗНАЧАЈНОГ РИЗИКА,NO SIGNIFICANT RISK,HIGH,ECMWF ENS,ECMWF ENS | ICON-EU EPS | GEFS,0.0,3,0.0,0,0,0,0,GREEN,БЕЗ ЗНАЧАЈНОГ РИЗИКА,NO SIGNIFICANT RISK,HIGH,ECMWF ENS,ECMWF ENS | ICON-EU EPS | GEFS,0,GREEN,БЕЗ ЗНАЧАЈНОГ РИЗИКА,NO SIGNIFICANT RISK,NONE,HIGH,6,2026-08-21T06:00:00+00:00,2026-08-21T12:00:00+00:00,STORMS,EXPERIMENTAL,DEVELOPMENTAL MULTIMODEL SIGNAL - NOT CALIBRATED PROBABILITY,PUBLIC OPEN-DATA SERVICES,INDEPENDENT PROJECT - NOT AN OFFICIAL RHMZ WARNING PRODUCT
90301,UROŠEVAC,UROŠEVAC,УРОШЕВАЦ,0.0,0.0,0.0,0.0,7.0,5.006075370509205,64.30000305175781,8,36,2026-08-21T12:00:00Z,2026-08-20T00:00:00Z,50.0,0.0,686.4,77.5,0.1,2.7,8,0.0,0.0,9,473.2,0.0,4.9,0.0,0.0,0.0,0.0,0.0,0.0,16.7,3,50.0,1,1,1,1,YELLOW,ПОВИШЕН,ELEVATED,LOW,ECMWF ENS,ECMWF ENS | ICON-EU EPS | GEFS,0.0,3,0.0,0,0,0,0,GREEN,БЕЗ ЗНАЧАЈНОГ РИЗИКА,NO SIGNIFICANT RISK,HIGH,ECMWF ENS,ECMWF ENS | ICON-EU EPS | GEFS,0.0,3,0.0,0,0,0,0,GREEN,БЕЗ ЗНАЧАЈНОГ РИЗИКА,NO SIGNIFICANT RISK,HIGH,ECMWF ENS,ECMWF ENS | ICON-EU EPS | GEFS,0.0,3,0.0,0,0,0,0,GREEN,БЕЗ ЗНАЧАЈНОГ РИЗИКА,NO SIGNIFICANT RISK,HIGH,ECMWF ENS,ECMWF ENS | ICON-EU EPS | GEFS,1,YELLOW,ПОВИШЕН,ELEVATED,THUNDER,LOW,6,2026-08-21T06:00:00+00:00,2026-08-21T12:00:00+00:00,STORMS,EXPERIMENTAL,DEVELOPMENTAL MULTIMODEL SIGNAL - NOT CALIBRATED PROBABILITY,PUBLIC OPEN-DATA SERVICES,INDEPENDENT PROJECT - NOT AN OFFICIAL RHMZ WARNING PRODUCT
71226,CRNA TRAVA,CRNA TRAVA,ЦРНА ТРАВА,0.0,0.0,0.0,0.0,0.0,4.821196816440661,64.64338684082031,8,36,2026-08-21T12:00:00Z,2026-08-20T00:00:00Z,12.0,0.0,652.9,73.0,0.0,3.0,8,0.0,0.0,12,268.3,0.0,3.2,0.0,0.0,0.0,0.0,0.0,0.0,4.0,3,12.0,1,0,0,0,GREEN,БЕЗ ЗНАЧАЈНОГ РИЗИКА,NO SIGNIFICANT RISK,HIGH,ECMWF ENS,ECMWF ENS | ICON-EU EPS | GEFS,0.0,3,0.0,0,0,0,0,GREEN,БЕЗ ЗНАЧАЈНОГ РИЗИКА,NO SIGNIFICANT RISK,HIGH,ECMWF ENS,ECMWF ENS | ICON-EU EPS | GEFS,0.0,3,0.0,0,0,0,0,GREEN,БЕЗ ЗНАЧАЈНОГ РИЗИКА,NO SIGNIFICANT RISK,HIGH,ECMWF ENS,ECMWF ENS | ICON-EU EPS | GEFS,0.0,3,0.0,0,0,0,0,GREEN,БЕЗ ЗНАЧАЈНОГ РИЗИКА,NO SIGNIFICANT RISK,HIGH,ECMWF ENS,ECMWF ENS | ICON-EU EPS | GEFS,0,GREEN,БЕЗ ЗНАЧАЈНОГ РИЗИКА,NO SIGNIFICANT RISK,NONE,HIGH,6,2026-08-21T06:00:00+00:00,2026-08-21T12:00:00+00:00,STORMS,EXPERIMENTAL,DEVELOPMENTAL MULTIMODEL SIGNAL - NOT CALIBRATED PROBABILITY,PUBLIC OPEN-DATA SERVICES,INDEPENDENT PROJECT - NOT AN OFFICIAL RHMZ WARNING PRODUCT
71234,ČAJETINA,ČAJETINA,ЧАЈЕТИНА,0.0,0.0,0.0,0.0,0.0,8.389461033207372,52.59999847412109,9,36,2026-08-21T12:00:00Z,2026-08-20T00:00:00Z,0.0,0.0,0.0,21.8,0.0,6.4,9,0.0,0.0,11,20.9,0.0,6.9,0.0,0.0,0.0,0.0,0.0,0.0,0.0,3,0.0,0,0,0,0,GREEN,БЕЗ ЗНАЧАЈНОГ РИЗИКА,NO SIGNIFICANT RISK,HIGH,ECMWF ENS,ECMWF ENS | ICON-EU EPS | GEFS,0.0,3,0.0,0,0,0,0,GREEN,БЕЗ ЗНАЧАЈНОГ РИЗИКА,NO SIGNIFICANT RISK,HIGH,ECMWF ENS,ECMWF ENS | ICON-EU EPS | GEFS,0.0,3,0.0,0,0,0,0,GREEN,БЕЗ ЗНАЧАЈНОГ РИЗИКА,NO SIGNIFICANT RISK,HIGH,ECMWF ENS,ECMWF ENS | ICON-EU EPS | GEFS,0.0,3,0.0,0,0,0,0,GREEN,БЕЗ ЗНАЧАЈНОГ РИЗИКА,NO SIGNIFICANT RISK,HIGH,ECMWF ENS,ECMWF ENS | ICON-EU EPS | GEFS,0,GREEN,БЕЗ ЗНАЧАЈНОГ РИЗИКА,NO SIGNIFICANT RISK,NONE,HIGH,6,2026-08-21T06:00:00+00:00,2026-08-21T12:00:00+00:00,STORMS,EXPERIMENTAL,DEVELOPMENTAL MULTIMODEL SIGNAL - NOT CALIBRATED PROBABILITY,PUBLIC OPEN-DATA SERVICES,INDEPENDENT PROJECT - NOT AN OFFICIAL RHMZ WARNING PRODUCT
71242,ČAČAK-GRAD,ČAČAK-GRAD,ЧАЧАК-ГРАД,0.0,0.0,0.0,0.0,0.0,9.06224661558278,65.40000057220459,8,36,2026-08-21T12:00:00Z,2026-08-20T00:00:00Z,0.0,0.0,0.0,18.9,0.0,6.0,8,0.0,0.0,12,34.4,0.0,6.7,0.0,0.0,0.0,0.0,0.0,0.0,0.0,3,0.0,0,0,0,0,GREEN,БЕЗ ЗНАЧАЈНОГ РИЗИКА,NO SIGNIFICANT RISK,HIGH,ECMWF ENS,ECMWF ENS | ICON-EU EPS | GEFS,0.0,3,0.0,0,0,0,0,GREEN,БЕЗ ЗНАЧАЈНОГ РИЗИКА,NO SIGNIFICANT RISK,HIGH,ECMWF ENS,ECMWF ENS | ICON-EU EPS | GEFS,0.0,3,0.0,0,0,0,0,GREEN,БЕЗ ЗНАЧАЈНОГ РИЗИКА,NO SIGNIFICANT RISK,HIGH,ECMWF ENS,ECMWF ENS | ICON-EU EPS | GEFS,0.0,3,0.0,0,0,0,0,GREEN,БЕЗ ЗНАЧАЈНОГ РИЗИКА,NO SIGNIFICANT RISK,HIGH,ECMWF ENS,ECMWF ENS | ICON-EU EPS | GEFS,0,GREEN,БЕЗ ЗНАЧАЈНОГ РИЗИКА,NO SIGNIFICANT RISK,NONE,HIGH,6,2026-08-21T06:00:00+00:00,2026-08-21T12:00:00+00:00,STORMS,EXPERIMENTAL,DEVELOPMENTAL MULTIMODEL SIGNAL - NOT CALIBRATED PROBABILITY,PUBLIC OPEN-DATA SERVICES,INDEPENDENT PROJECT - NOT AN OFFICIAL RHMZ WARNING PRODUCT
80489,ČOKA,ČOKA,ЧОКА,0.0,0.0,0.0,0.0,0.0,11.641859570363318,75.04999923706055,8,36,2026-08-21T12:00:00Z,2026-08-20T00:00:00Z,0.0,0.0,10.6,51.9,0.0,11.1,8,0.0,0.0,12,30.7,0.0,13.9,0.0,0.0,0.0,0.0,0.0,0.0,0.0,3,0.0,0,0,0,0,GREEN,БЕЗ ЗНАЧАЈНОГ РИЗИКА,NO SIGNIFICANT RISK,HIGH,ECMWF ENS,ECMWF ENS | ICON-EU EPS | GEFS,0.0,3,0.0,0,0,0,0,GREEN,БЕЗ ЗНАЧАЈНОГ РИЗИКА,NO SIGNIFICANT RISK,HIGH,ECMWF ENS,ECMWF ENS | ICON-EU EPS | GEFS,0.0,3,0.0,0,0,0,0,GREEN,БЕЗ ЗНАЧАЈНОГ РИЗИКА,NO SIGNIFICANT RISK,HIGH,ECMWF ENS,ECMWF ENS | ICON-EU EPS | GEFS,0.0,3,0.0,0,0,0,0,GREEN,БЕЗ ЗНАЧАЈНОГ РИЗИКА,NO SIGNIFICANT RISK,HIGH,ECMWF ENS,ECMWF ENS | ICON-EU EPS | GEFS,0,GREEN,БЕЗ ЗНАЧАЈНОГ РИЗИКА,NO SIGNIFICANT RISK,NONE,HIGH,6,2026-08-21T06:00:00+00:00,2026-08-21T12:00:00+00:00,STORMS,EXPERIMENTAL,DEVELOPMENTAL MULTIMODEL SIGNAL - NOT CALIBRATED PROBABILITY,PUBLIC OPEN-DATA SERVICES,INDEPENDENT PROJECT - NOT AN OFFICIAL RHMZ WARNING PRODUCT
71269,ŠABAC-GRAD,ŠABAC-GRAD,ШАБАЦ-ГРАД,0.0,0.0,0.0,0.0,0.0,11.350501132809445,55.0,12,36,2026-08-21T12:00:00Z,2026-08-20T00:00:00Z,0.0,0.0,0.0,42.0,0.0,8.6,12,0.0,0.0,9,25.5,0.0,12.7,0.0,0.0,0.0,0.0,0.0,0.0,0.0,3,0.0,0,0,0,0,GREEN,БЕЗ ЗНАЧАЈНОГ РИЗИКА,NO SIGNIFICANT RISK,HIGH,ECMWF ENS,ECMWF ENS | ICON-EU EPS | GEFS,0.0,3,0.0,0,0,0,0,GREEN,БЕЗ ЗНАЧАЈНОГ РИЗИКА,NO SIGNIFICANT RISK,HIGH,ECMWF ENS,ECMWF ENS | ICON-EU EPS | GEFS,0.0,3,0.0,0,0,0,0,GREEN,БЕЗ ЗНАЧАЈНОГ РИЗИКА,NO SIGNIFICANT RISK,HIGH,ECMWF ENS,ECMWF ENS | ICON-EU EPS | GEFS,0.0,3,0.0,0,0,0,0,GREEN,БЕЗ ЗНАЧАЈНОГ РИЗИКА,NO SIGNIFICANT RISK,HIGH,ECMWF ENS,ECMWF ENS | ICON-EU EPS | GEFS,0,GREEN,БЕЗ ЗНАЧАЈНОГ РИЗИКА,NO SIGNIFICANT RISK,NONE,HIGH,6,2026-08-21T06:00:00+00:00,2026-08-21T12:00:00+00:00,STORMS,EXPERIMENTAL,DEVELOPMENTAL MULTIMODEL SIGNAL - NOT CALIBRATED PROBABILITY,PUBLIC OPEN-DATA SERVICES,INDEPENDENT PROJECT - NOT AN OFFICIAL RHMZ WARNING PRODUCT
80497,ŠID,ŠID,ШИД,0.0,0.0,0.0,0.0,0.0,12.02299838569504,64.29338645935059,13,36,2026-08-21T12:00:00Z,2026-08-20T00:00:00Z,0.0,0.0,0.0,56.8,0.0,13.0,13,0.0,0.0,12,23.4,0.0,14.5,0.0,0.0,0.0,0.0,0.0,0.0,0.0,3,0.0,0,0,0,0,GREEN,БЕЗ ЗНАЧАЈНОГ РИЗИКА,NO SIGNIFICANT RISK,HIGH,ECMWF ENS,ECMWF ENS | ICON-EU EPS | GEFS,0.0,3,0.0,0,0,0,0,GREEN,БЕЗ ЗНАЧАЈНОГ РИЗИКА,NO SIGNIFICANT RISK,HIGH,ECMWF ENS,ECMWF ENS | ICON-EU EPS | GEFS,0.0,3,0.0,0,0,0,0,GREEN,БЕЗ ЗНАЧАЈНОГ РИЗИКА,NO SIGNIFICANT RISK,HIGH,ECMWF ENS,ECMWF ENS | ICON-EU EPS | GEFS,0.0,3,0.0,0,0,0,0,GREEN,БЕЗ ЗНАЧАЈНОГ РИЗИКА,NO SIGNIFICANT RISK,HIGH,ECMWF ENS,ECMWF ENS | ICON-EU EPS | GEFS,0,GREEN,БЕЗ ЗНАЧАЈНОГ РИЗИКА,NO SIGNIFICANT RISK,NONE,HIGH,6,2026-08-21T06:00:00+00:00,2026-08-21T12:00:00+00:00,STORMS,EXPERIMENTAL,DEVELOPMENTAL MULTIMODEL SIGNAL - NOT CALIBRATED PROBABILITY,PUBLIC OPEN-DATA SERVICES,INDEPENDENT PROJECT - NOT AN OFFICIAL RHMZ WARNING PRODUCT
90310,ŠTIMLJE,ŠTIMLJE,ШТИМЉЕ,0.0,0.0,0.0,0.0,7.0,5.006075370509205,63.70000076293945,6,36,2026-08-21T12:00:00Z,2026-08-20T00:00:00Z,50.0,0.0,686.4,77.5,0.1,2.7,6,0.0,0.0,13,457.1,0.0,4.9,0.0,0.0,0.0,0.0,0.0,0.0,16.7,3,50.0,1,1,1,1,YELLOW,ПОВИШЕН,ELEVATED,LOW,ECMWF ENS,ECMWF ENS | ICON-EU EPS | GEFS,0.0,3,0.0,0,0,0,0,GREEN,БЕЗ ЗНАЧАЈНОГ РИЗИКА,NO SIGNIFICANT RISK,HIGH,ECMWF ENS,ECMWF ENS | ICON-EU EPS | GEFS,0.0,3,0.0,0,0,0,0,GREEN,БЕЗ ЗНАЧАЈНОГ РИЗИКА,NO SIGNIFICANT RISK,HIGH,ECMWF ENS,ECMWF ENS | ICON-EU EPS | GEFS,0.0,3,0.0,0,0,0,0,GREEN,БЕЗ ЗНАЧАЈНОГ РИЗИКА,NO SIGNIFICANT RISK,HIGH,ECMWF ENS,ECMWF ENS | ICON-EU EPS | GEFS,1,YELLOW,ПОВИШЕН,ELEVATED,THUNDER,LOW,6,2026-08-21T06:00:00+00:00,2026-08-21T12:00:00+00:00,STORMS,EXPERIMENTAL,DEVELOPMENTAL MULTIMODEL SIGNAL - NOT CALIBRATED PROBABILITY,PUBLIC OPEN-DATA SERVICES,INDEPENDENT PROJECT - NOT AN OFFICIAL RHMZ WARNING PRODUCT
90328,ŠTRPCE,ŠTRPCE,ШТРПЦЕ,0.0,0.0,0.0,0.0,16.0,5.5231129694492855,64.02253723144531,7,36,2026-08-21T12:00:00Z,2026-08-20T00:00:00Z,50.0,0.0,686.4,77.5,0.1,2.7,7,0.0,0.0,10,433.3,0.0,4.9,0.0,0.0,0.0,0.0,0.0,0.0,16.7,3,50.0,1,1,1,1,YELLOW,ПОВИШЕН,ELEVATED,LOW,ECMWF ENS,ECMWF ENS | ICON-EU EPS | GEFS,0.0,3,0.0,0,0,0,0,GREEN,БЕЗ ЗНАЧАЈНОГ РИЗИКА,NO SIGNIFICANT RISK,HIGH,ECMWF ENS,ECMWF ENS | ICON-EU EPS | GEFS,0.0,3,0.0,0,0,0,0,GREEN,БЕЗ ЗНАЧАЈНОГ РИЗИКА,NO SIGNIFICANT RISK,HIGH,ECMWF ENS,ECMWF ENS | ICON-EU EPS | GEFS,0.0,3,0.0,0,0,0,0,GREEN,БЕЗ ЗНАЧАЈНОГ РИЗИКА,NO SIGNIFICANT RISK,HIGH,ECMWF ENS,ECMWF ENS | ICON-EU EPS | GEFS,1,YELLOW,ПОВИШЕН,ELEVATED,THUNDER,LOW,6,2026-08-21T06:00:00+00:00,2026-08-21T12:00:00+00:00,STORMS,EXPERIMENTAL,DEVELOPMENTAL MULTIMODEL SIGNAL - NOT CALIBRATED PROBABILITY,PUBLIC OPEN-DATA SERVICES,INDEPENDENT PROJECT - NOT AN OFFICIAL RHMZ WARNING PRODUCT
