Municipality_DOM_ID,Value_e,Value_sl,Value_sc,gefs_thunder,gefs_hail,gefs_large_hail,gefs_very_large_hail,gefs_cape,gefs_shear,gefs_rh700,gefs_grid_points,gefs_forecast_hour,gefs_valid_time,gefs_model_run,ecmwf_thunder,ecmwf_organised_thunder,ecmwf_mucape,ecmwf_rh700,ecmwf_tp3h,ecmwf_shear,ecmwf_grid_points,icon_thunder,ecmwf_hail,ecmwf_large_hail,ecmwf_very_large_hail,icon_hail,icon_large_hail,icon_very_large_hail,thunder_signal,thunder_models_available,thunder_model_spread,thunder_models_ge10,thunder_models_ge40,thunder_models_ge50,thunder_level,thunder_color,thunder_label_sr,thunder_label_en,thunder_confidence,thunder_dominant_model,thunder_source_models,hail_signal,hail_models_available,hail_model_spread,hail_models_ge10,hail_models_ge40,hail_models_ge50,hail_level,hail_color,hail_label_sr,hail_label_en,hail_confidence,hail_dominant_model,hail_source_models,large_hail_signal,large_hail_models_available,large_hail_model_spread,large_hail_models_ge10,large_hail_models_ge40,large_hail_models_ge50,large_hail_level,large_hail_color,large_hail_label_sr,large_hail_label_en,large_hail_confidence,large_hail_dominant_model,large_hail_source_models,very_large_hail_signal,very_large_hail_models_available,very_large_hail_model_spread,very_large_hail_models_ge10,very_large_hail_models_ge40,very_large_hail_models_ge50,very_large_hail_level,very_large_hail_color,very_large_hail_label_sr,very_large_hail_label_en,very_large_hail_confidence,very_large_hail_dominant_model,very_large_hail_source_models,storm_overview_level,storm_overview_color,storm_overview_label_sr,storm_overview_label_en,storm_dominant_hazard,storm_overview_confidence,forecast_hour,reference_run,valid_time,product_family,product_status,probability_status,data_source_status,institutional_status
90085,ĐAKOVICA,ĐAKOVICA,ЂАКОВИЦА,0.0,0.0,0.0,0.0,0.0,5.181513262994579,58.60910987854004,9,45,2026-08-21T21:00:00Z,2026-08-20T00:00:00Z,0.0,0.0,0.0,31.0,0.0,3.3,9,,0.0,0.0,0.0,,,,0.0,2,0.0,0,0,0,0,GREEN,БЕЗ ЗНАЧАЈНОГ РИЗИКА,NO SIGNIFICANT RISK,MODERATE,ECMWF ENS,ECMWF ENS | GEFS,0.0,2,0.0,0,0,0,0,GREEN,БЕЗ ЗНАЧАЈНОГ РИЗИКА,NO SIGNIFICANT RISK,MODERATE,ECMWF ENS,ECMWF ENS | GEFS,0.0,2,0.0,0,0,0,0,GREEN,БЕЗ ЗНАЧАЈНОГ РИЗИКА,NO SIGNIFICANT RISK,MODERATE,ECMWF ENS,ECMWF ENS | GEFS,0.0,2,0.0,0,0,0,0,GREEN,БЕЗ ЗНАЧАЈНОГ РИЗИКА,NO SIGNIFICANT RISK,MODERATE,ECMWF ENS,ECMWF ENS | GEFS,0,GREEN,БЕЗ ЗНАЧАЈНОГ РИЗИКА,NO SIGNIFICANT RISK,NONE,MODERATE,15,2026-08-21T06:00:00+00:00,2026-08-21T21:00:00+00:00,STORMS,EXPERIMENTAL,DEVELOPMENTAL MULTIMODEL SIGNAL - NOT CALIBRATED PROBABILITY,PUBLIC OPEN-DATA SERVICES,INDEPENDENT PROJECT - NOT AN OFFICIAL RHMZ WARNING PRODUCT
71048,JAGODINA-GRAD,JAGODINA-GRAD,ЈАГОДИНА-ГРАД,0.0,0.0,0.0,0.0,0.0,8.731519865377043,59.15674781799317,10,45,2026-08-21T21:00:00Z,2026-08-20T00:00:00Z,0.0,0.0,0.0,51.4,0.0,5.8,10,,0.0,0.0,0.0,,,,0.0,2,0.0,0,0,0,0,GREEN,БЕЗ ЗНАЧАЈНОГ РИЗИКА,NO SIGNIFICANT RISK,MODERATE,ECMWF ENS,ECMWF ENS | GEFS,0.0,2,0.0,0,0,0,0,GREEN,БЕЗ ЗНАЧАЈНОГ РИЗИКА,NO SIGNIFICANT RISK,MODERATE,ECMWF ENS,ECMWF ENS | GEFS,0.0,2,0.0,0,0,0,0,GREEN,БЕЗ ЗНАЧАЈНОГ РИЗИКА,NO SIGNIFICANT RISK,MODERATE,ECMWF ENS,ECMWF ENS | GEFS,0.0,2,0.0,0,0,0,0,GREEN,БЕЗ ЗНАЧАЈНОГ РИЗИКА,NO SIGNIFICANT RISK,MODERATE,ECMWF ENS,ECMWF ENS | GEFS,0,GREEN,БЕЗ ЗНАЧАЈНОГ РИЗИКА,NO SIGNIFICANT RISK,NONE,MODERATE,15,2026-08-21T06:00:00+00:00,2026-08-21T21:00:00+00:00,STORMS,EXPERIMENTAL,DEVELOPMENTAL MULTIMODEL SIGNAL - NOT CALIBRATED PROBABILITY,PUBLIC OPEN-DATA SERVICES,INDEPENDENT PROJECT - NOT AN OFFICIAL RHMZ WARNING PRODUCT
70769,LJIG,LJIG,ЉИГ,0.0,0.0,0.0,0.0,0.0,12.235123983257152,53.45951461791992,8,45,2026-08-21T21:00:00Z,2026-08-20T00:00:00Z,0.0,0.0,0.0,47.7,0.0,9.3,8,,0.0,0.0,0.0,,,,0.0,2,0.0,0,0,0,0,GREEN,БЕЗ ЗНАЧАЈНОГ РИЗИКА,NO SIGNIFICANT RISK,MODERATE,ECMWF ENS,ECMWF ENS | GEFS,0.0,2,0.0,0,0,0,0,GREEN,БЕЗ ЗНАЧАЈНОГ РИЗИКА,NO SIGNIFICANT RISK,MODERATE,ECMWF ENS,ECMWF ENS | GEFS,0.0,2,0.0,0,0,0,0,GREEN,БЕЗ ЗНАЧАЈНОГ РИЗИКА,NO SIGNIFICANT RISK,MODERATE,ECMWF ENS,ECMWF ENS | GEFS,0.0,2,0.0,0,0,0,0,GREEN,БЕЗ ЗНАЧАЈНОГ РИЗИКА,NO SIGNIFICANT RISK,MODERATE,ECMWF ENS,ECMWF ENS | GEFS,0,GREEN,БЕЗ ЗНАЧАЈНОГ РИЗИКА,NO SIGNIFICANT RISK,NONE,MODERATE,15,2026-08-21T06:00:00+00:00,2026-08-21T21:00:00+00:00,STORMS,EXPERIMENTAL,DEVELOPMENTAL MULTIMODEL SIGNAL - NOT CALIBRATED PROBABILITY,PUBLIC OPEN-DATA SERVICES,INDEPENDENT PROJECT - NOT AN OFFICIAL RHMZ WARNING PRODUCT
70777,LJUBOVIJA,LJUBOVIJA,ЉУБОВИЈА,0.0,0.0,0.0,0.0,0.0,13.799793925541762,51.79999923706055,9,45,2026-08-21T21:00:00Z,2026-08-20T00:00:00Z,0.0,0.0,63.1,59.4,0.0,12.2,9,,0.0,0.0,0.0,,,,0.0,2,0.0,0,0,0,0,GREEN,БЕЗ ЗНАЧАЈНОГ РИЗИКА,NO SIGNIFICANT RISK,MODERATE,ECMWF ENS,ECMWF ENS | GEFS,0.0,2,0.0,0,0,0,0,GREEN,БЕЗ ЗНАЧАЈНОГ РИЗИКА,NO SIGNIFICANT RISK,MODERATE,ECMWF ENS,ECMWF ENS | GEFS,0.0,2,0.0,0,0,0,0,GREEN,БЕЗ ЗНАЧАЈНОГ РИЗИКА,NO SIGNIFICANT RISK,MODERATE,ECMWF ENS,ECMWF ENS | GEFS,0.0,2,0.0,0,0,0,0,GREEN,БЕЗ ЗНАЧАЈНОГ РИЗИКА,NO SIGNIFICANT RISK,MODERATE,ECMWF ENS,ECMWF ENS | GEFS,0,GREEN,БЕЗ ЗНАЧАЈНОГ РИЗИКА,NO SIGNIFICANT RISK,NONE,MODERATE,15,2026-08-21T06:00:00+00:00,2026-08-21T21:00:00+00:00,STORMS,EXPERIMENTAL,DEVELOPMENTAL MULTIMODEL SIGNAL - NOT CALIBRATED PROBABILITY,PUBLIC OPEN-DATA SERVICES,INDEPENDENT PROJECT - NOT AN OFFICIAL RHMZ WARNING PRODUCT
71196,ĆIĆEVAC,ĆIĆEVAC,ЋИЋЕВАЦ,0.0,0.0,0.0,0.0,0.0,6.640761116120469,58.05674743652344,6,45,2026-08-21T21:00:00Z,2026-08-20T00:00:00Z,0.0,0.0,0.0,50.6,0.0,5.9,6,,0.0,0.0,0.0,,,,0.0,2,0.0,0,0,0,0,GREEN,БЕЗ ЗНАЧАЈНОГ РИЗИКА,NO SIGNIFICANT RISK,MODERATE,ECMWF ENS,ECMWF ENS | GEFS,0.0,2,0.0,0,0,0,0,GREEN,БЕЗ ЗНАЧАЈНОГ РИЗИКА,NO SIGNIFICANT RISK,MODERATE,ECMWF ENS,ECMWF ENS | GEFS,0.0,2,0.0,0,0,0,0,GREEN,БЕЗ ЗНАЧАЈНОГ РИЗИКА,NO SIGNIFICANT RISK,MODERATE,ECMWF ENS,ECMWF ENS | GEFS,0.0,2,0.0,0,0,0,0,GREEN,БЕЗ ЗНАЧАЈНОГ РИЗИКА,NO SIGNIFICANT RISK,MODERATE,ECMWF ENS,ECMWF ENS | GEFS,0,GREEN,БЕЗ ЗНАЧАЈНОГ РИЗИКА,NO SIGNIFICANT RISK,NONE,MODERATE,15,2026-08-21T06:00:00+00:00,2026-08-21T21:00:00+00:00,STORMS,EXPERIMENTAL,DEVELOPMENTAL MULTIMODEL SIGNAL - NOT CALIBRATED PROBABILITY,PUBLIC OPEN-DATA SERVICES,INDEPENDENT PROJECT - NOT AN OFFICIAL RHMZ WARNING PRODUCT
71200,ĆUPRIJA,ĆUPRIJA,ЋУПРИЈА,0.0,0.0,0.0,0.0,0.0,8.731519865377043,59.15674781799317,8,45,2026-08-21T21:00:00Z,2026-08-20T00:00:00Z,0.0,0.0,13.2,57.5,0.0,5.5,8,,0.0,0.0,0.0,,,,0.0,2,0.0,0,0,0,0,GREEN,БЕЗ ЗНАЧАЈНОГ РИЗИКА,NO SIGNIFICANT RISK,MODERATE,ECMWF ENS,ECMWF ENS | GEFS,0.0,2,0.0,0,0,0,0,GREEN,БЕЗ ЗНАЧАЈНОГ РИЗИКА,NO SIGNIFICANT RISK,MODERATE,ECMWF ENS,ECMWF ENS | GEFS,0.0,2,0.0,0,0,0,0,GREEN,БЕЗ ЗНАЧАЈНОГ РИЗИКА,NO SIGNIFICANT RISK,MODERATE,ECMWF ENS,ECMWF ENS | GEFS,0.0,2,0.0,0,0,0,0,GREEN,БЕЗ ЗНАЧАЈНОГ РИЗИКА,NO SIGNIFICANT RISK,MODERATE,ECMWF ENS,ECMWF ENS | GEFS,0,GREEN,БЕЗ ЗНАЧАЈНОГ РИЗИКА,NO SIGNIFICANT RISK,NONE,MODERATE,15,2026-08-21T06:00:00+00:00,2026-08-21T21:00:00+00:00,STORMS,EXPERIMENTAL,DEVELOPMENTAL MULTIMODEL SIGNAL - NOT CALIBRATED PROBABILITY,PUBLIC OPEN-DATA SERVICES,INDEPENDENT PROJECT - NOT AN OFFICIAL RHMZ WARNING PRODUCT
80012,ADA,ADA,АДА,0.0,0.0,0.0,0.0,6.0,12.960455385689889,63.5,6,45,2026-08-21T21:00:00Z,2026-08-20T00:00:00Z,0.0,0.0,75.6,78.1,0.0,10.9,6,,0.0,0.0,0.0,,,,0.0,2,0.0,0,0,0,0,GREEN,БЕЗ ЗНАЧАЈНОГ РИЗИКА,NO SIGNIFICANT RISK,MODERATE,ECMWF ENS,ECMWF ENS | GEFS,0.0,2,0.0,0,0,0,0,GREEN,БЕЗ ЗНАЧАЈНОГ РИЗИКА,NO SIGNIFICANT RISK,MODERATE,ECMWF ENS,ECMWF ENS | GEFS,0.0,2,0.0,0,0,0,0,GREEN,БЕЗ ЗНАЧАЈНОГ РИЗИКА,NO SIGNIFICANT RISK,MODERATE,ECMWF ENS,ECMWF ENS | GEFS,0.0,2,0.0,0,0,0,0,GREEN,БЕЗ ЗНАЧАЈНОГ РИЗИКА,NO SIGNIFICANT RISK,MODERATE,ECMWF ENS,ECMWF ENS | GEFS,0,GREEN,БЕЗ ЗНАЧАЈНОГ РИЗИКА,NO SIGNIFICANT RISK,NONE,MODERATE,15,2026-08-21T06:00:00+00:00,2026-08-21T21:00:00+00:00,STORMS,EXPERIMENTAL,DEVELOPMENTAL MULTIMODEL SIGNAL - NOT CALIBRATED PROBABILITY,PUBLIC OPEN-DATA SERVICES,INDEPENDENT PROJECT - NOT AN OFFICIAL RHMZ WARNING PRODUCT
70017,ALEKSANDROVAC,ALEKSANDROVAC,АЛЕКСАНДРОВАЦ,0.0,0.0,0.0,0.0,0.0,7.483130875312696,57.33018493652344,11,45,2026-08-21T21:00:00Z,2026-08-20T00:00:00Z,0.0,0.0,19.1,37.7,0.0,6.0,11,,0.0,0.0,0.0,,,,0.0,2,0.0,0,0,0,0,GREEN,БЕЗ ЗНАЧАЈНОГ РИЗИКА,NO SIGNIFICANT RISK,MODERATE,ECMWF ENS,ECMWF ENS | GEFS,0.0,2,0.0,0,0,0,0,GREEN,БЕЗ ЗНАЧАЈНОГ РИЗИКА,NO SIGNIFICANT RISK,MODERATE,ECMWF ENS,ECMWF ENS | GEFS,0.0,2,0.0,0,0,0,0,GREEN,БЕЗ ЗНАЧАЈНОГ РИЗИКА,NO SIGNIFICANT RISK,MODERATE,ECMWF ENS,ECMWF ENS | GEFS,0.0,2,0.0,0,0,0,0,GREEN,БЕЗ ЗНАЧАЈНОГ РИЗИКА,NO SIGNIFICANT RISK,MODERATE,ECMWF ENS,ECMWF ENS | GEFS,0,GREEN,БЕЗ ЗНАЧАЈНОГ РИЗИКА,NO SIGNIFICANT RISK,NONE,MODERATE,15,2026-08-21T06:00:00+00:00,2026-08-21T21:00:00+00:00,STORMS,EXPERIMENTAL,DEVELOPMENTAL MULTIMODEL SIGNAL - NOT CALIBRATED PROBABILITY,PUBLIC OPEN-DATA SERVICES,INDEPENDENT PROJECT - NOT AN OFFICIAL RHMZ WARNING PRODUCT
70025,ALEKSINAC,ALEKSINAC,АЛЕКСИНАЦ,0.0,0.0,0.0,0.0,0.0,6.640761116120469,58.05674743652344,11,45,2026-08-21T21:00:00Z,2026-08-20T00:00:00Z,0.0,0.0,89.9,52.8,0.0,4.9,11,,0.0,0.0,0.0,,,,0.0,2,0.0,0,0,0,0,GREEN,БЕЗ ЗНАЧАЈНОГ РИЗИКА,NO SIGNIFICANT RISK,MODERATE,ECMWF ENS,ECMWF ENS | GEFS,0.0,2,0.0,0,0,0,0,GREEN,БЕЗ ЗНАЧАЈНОГ РИЗИКА,NO SIGNIFICANT RISK,MODERATE,ECMWF ENS,ECMWF ENS | GEFS,0.0,2,0.0,0,0,0,0,GREEN,БЕЗ ЗНАЧАЈНОГ РИЗИКА,NO SIGNIFICANT RISK,MODERATE,ECMWF ENS,ECMWF ENS | GEFS,0.0,2,0.0,0,0,0,0,GREEN,БЕЗ ЗНАЧАЈНОГ РИЗИКА,NO SIGNIFICANT RISK,MODERATE,ECMWF ENS,ECMWF ENS | GEFS,0,GREEN,БЕЗ ЗНАЧАЈНОГ РИЗИКА,NO SIGNIFICANT RISK,NONE,MODERATE,15,2026-08-21T06:00:00+00:00,2026-08-21T21:00:00+00:00,STORMS,EXPERIMENTAL,DEVELOPMENTAL MULTIMODEL SIGNAL - NOT CALIBRATED PROBABILITY,PUBLIC OPEN-DATA SERVICES,INDEPENDENT PROJECT - NOT AN OFFICIAL RHMZ WARNING PRODUCT
80039,ALIBUNAR,ALIBUNAR,АЛИБУНАР,0.0,0.0,0.0,0.0,0.0,11.180164299694225,58.5,9,45,2026-08-21T21:00:00Z,2026-08-20T00:00:00Z,0.0,0.0,0.0,62.3,0.0,8.7,9,,0.0,0.0,0.0,,,,0.0,2,0.0,0,0,0,0,GREEN,БЕЗ ЗНАЧАЈНОГ РИЗИКА,NO SIGNIFICANT RISK,MODERATE,ECMWF ENS,ECMWF ENS | GEFS,0.0,2,0.0,0,0,0,0,GREEN,БЕЗ ЗНАЧАЈНОГ РИЗИКА,NO SIGNIFICANT RISK,MODERATE,ECMWF ENS,ECMWF ENS | GEFS,0.0,2,0.0,0,0,0,0,GREEN,БЕЗ ЗНАЧАЈНОГ РИЗИКА,NO SIGNIFICANT RISK,MODERATE,ECMWF ENS,ECMWF ENS | GEFS,0.0,2,0.0,0,0,0,0,GREEN,БЕЗ ЗНАЧАЈНОГ РИЗИКА,NO SIGNIFICANT RISK,MODERATE,ECMWF ENS,ECMWF ENS | GEFS,0,GREEN,БЕЗ ЗНАЧАЈНОГ РИЗИКА,NO SIGNIFICANT RISK,NONE,MODERATE,15,2026-08-21T06:00:00+00:00,2026-08-21T21:00:00+00:00,STORMS,EXPERIMENTAL,DEVELOPMENTAL MULTIMODEL SIGNAL - NOT CALIBRATED PROBABILITY,PUBLIC OPEN-DATA SERVICES,INDEPENDENT PROJECT - NOT AN OFFICIAL RHMZ WARNING PRODUCT
80047,APATIN,APATIN,АПАТИН,0.0,0.0,0.0,0.0,28.0,14.011237771183852,64.35000133514404,6,45,2026-08-21T21:00:00Z,2026-08-20T00:00:00Z,4.0,4.0,738.6,65.9,0.0,10.5,6,,6.0,0.0,0.0,,,,2.0,2,4.0,0,0,0,0,GREEN,БЕЗ ЗНАЧАЈНОГ РИЗИКА,NO SIGNIFICANT RISK,MODERATE,ECMWF ENS,ECMWF ENS | GEFS,3.0,2,6.0,0,0,0,0,GREEN,БЕЗ ЗНАЧАЈНОГ РИЗИКА,NO SIGNIFICANT RISK,MODERATE,ECMWF ENS,ECMWF ENS | GEFS,0.0,2,0.0,0,0,0,0,GREEN,БЕЗ ЗНАЧАЈНОГ РИЗИКА,NO SIGNIFICANT RISK,MODERATE,ECMWF ENS,ECMWF ENS | GEFS,0.0,2,0.0,0,0,0,0,GREEN,БЕЗ ЗНАЧАЈНОГ РИЗИКА,NO SIGNIFICANT RISK,MODERATE,ECMWF ENS,ECMWF ENS | GEFS,0,GREEN,БЕЗ ЗНАЧАЈНОГ РИЗИКА,NO SIGNIFICANT RISK,NONE,MODERATE,15,2026-08-21T06:00:00+00:00,2026-08-21T21:00:00+00:00,STORMS,EXPERIMENTAL,DEVELOPMENTAL MULTIMODEL SIGNAL - NOT CALIBRATED PROBABILITY,PUBLIC OPEN-DATA SERVICES,INDEPENDENT PROJECT - NOT AN OFFICIAL RHMZ WARNING PRODUCT
70033,ARANĐELOVAC,ARANĐELOVAC,АРАНЂЕЛОВАЦ,0.0,0.0,0.0,0.0,0.0,12.235123983257152,54.950002670288086,7,45,2026-08-21T21:00:00Z,2026-08-20T00:00:00Z,0.0,0.0,0.0,47.7,0.0,9.3,7,,0.0,0.0,0.0,,,,0.0,2,0.0,0,0,0,0,GREEN,БЕЗ ЗНАЧАЈНОГ РИЗИКА,NO SIGNIFICANT RISK,MODERATE,ECMWF ENS,ECMWF ENS | GEFS,0.0,2,0.0,0,0,0,0,GREEN,БЕЗ ЗНАЧАЈНОГ РИЗИКА,NO SIGNIFICANT RISK,MODERATE,ECMWF ENS,ECMWF ENS | GEFS,0.0,2,0.0,0,0,0,0,GREEN,БЕЗ ЗНАЧАЈНОГ РИЗИКА,NO SIGNIFICANT RISK,MODERATE,ECMWF ENS,ECMWF ENS | GEFS,0.0,2,0.0,0,0,0,0,GREEN,БЕЗ ЗНАЧАЈНОГ РИЗИКА,NO SIGNIFICANT RISK,MODERATE,ECMWF ENS,ECMWF ENS | GEFS,0,GREEN,БЕЗ ЗНАЧАЈНОГ РИЗИКА,NO SIGNIFICANT RISK,NONE,MODERATE,15,2026-08-21T06:00:00+00:00,2026-08-21T21:00:00+00:00,STORMS,EXPERIMENTAL,DEVELOPMENTAL MULTIMODEL SIGNAL - NOT CALIBRATED PROBABILITY,PUBLIC OPEN-DATA SERVICES,INDEPENDENT PROJECT - NOT AN OFFICIAL RHMZ WARNING PRODUCT
70041,ARILJE,ARILJE,АРИЉЕ,0.0,0.0,0.0,0.0,0.0,8.384008348373374,52.10684967041016,8,45,2026-08-21T21:00:00Z,2026-08-20T00:00:00Z,0.0,0.0,0.0,46.8,0.0,5.6,8,,0.0,0.0,0.0,,,,0.0,2,0.0,0,0,0,0,GREEN,БЕЗ ЗНАЧАЈНОГ РИЗИКА,NO SIGNIFICANT RISK,MODERATE,ECMWF ENS,ECMWF ENS | GEFS,0.0,2,0.0,0,0,0,0,GREEN,БЕЗ ЗНАЧАЈНОГ РИЗИКА,NO SIGNIFICANT RISK,MODERATE,ECMWF ENS,ECMWF ENS | GEFS,0.0,2,0.0,0,0,0,0,GREEN,БЕЗ ЗНАЧАЈНОГ РИЗИКА,NO SIGNIFICANT RISK,MODERATE,ECMWF ENS,ECMWF ENS | GEFS,0.0,2,0.0,0,0,0,0,GREEN,БЕЗ ЗНАЧАЈНОГ РИЗИКА,NO SIGNIFICANT RISK,MODERATE,ECMWF ENS,ECMWF ENS | GEFS,0,GREEN,БЕЗ ЗНАЧАЈНОГ РИЗИКА,NO SIGNIFICANT RISK,NONE,MODERATE,15,2026-08-21T06:00:00+00:00,2026-08-21T21:00:00+00:00,STORMS,EXPERIMENTAL,DEVELOPMENTAL MULTIMODEL SIGNAL - NOT CALIBRATED PROBABILITY,PUBLIC OPEN-DATA SERVICES,INDEPENDENT PROJECT - NOT AN OFFICIAL RHMZ WARNING PRODUCT
70068,BAJINA BAŠTA,BAJINA BAŠTA,БАЈИНА БАШТА,0.0,0.0,0.0,0.0,0.0,11.042759937041684,49.400001525878906,10,45,2026-08-21T21:00:00Z,2026-08-20T00:00:00Z,0.0,0.0,0.0,55.5,0.0,9.2,10,,0.0,0.0,0.0,,,,0.0,2,0.0,0,0,0,0,GREEN,БЕЗ ЗНАЧАЈНОГ РИЗИКА,NO SIGNIFICANT RISK,MODERATE,ECMWF ENS,ECMWF ENS | GEFS,0.0,2,0.0,0,0,0,0,GREEN,БЕЗ ЗНАЧАЈНОГ РИЗИКА,NO SIGNIFICANT RISK,MODERATE,ECMWF ENS,ECMWF ENS | GEFS,0.0,2,0.0,0,0,0,0,GREEN,БЕЗ ЗНАЧАЈНОГ РИЗИКА,NO SIGNIFICANT RISK,MODERATE,ECMWF ENS,ECMWF ENS | GEFS,0.0,2,0.0,0,0,0,0,GREEN,БЕЗ ЗНАЧАЈНОГ РИЗИКА,NO SIGNIFICANT RISK,MODERATE,ECMWF ENS,ECMWF ENS | GEFS,0,GREEN,БЕЗ ЗНАЧАЈНОГ РИЗИКА,NO SIGNIFICANT RISK,NONE,MODERATE,15,2026-08-21T06:00:00+00:00,2026-08-21T21:00:00+00:00,STORMS,EXPERIMENTAL,DEVELOPMENTAL MULTIMODEL SIGNAL - NOT CALIBRATED PROBABILITY,PUBLIC OPEN-DATA SERVICES,INDEPENDENT PROJECT - NOT AN OFFICIAL RHMZ WARNING PRODUCT
70050,BABUŠNICA,BABUŠNICA,БАБУШНИЦА,0.0,0.0,0.0,0.0,0.0,4.727792974503873,58.856746673583984,9,45,2026-08-21T21:00:00Z,2026-08-20T00:00:00Z,0.0,0.0,348.9,68.1,0.0,1.5,9,,0.0,0.0,0.0,,,,0.0,2,0.0,0,0,0,0,GREEN,БЕЗ ЗНАЧАЈНОГ РИЗИКА,NO SIGNIFICANT RISK,MODERATE,ECMWF ENS,ECMWF ENS | GEFS,0.0,2,0.0,0,0,0,0,GREEN,БЕЗ ЗНАЧАЈНОГ РИЗИКА,NO SIGNIFICANT RISK,MODERATE,ECMWF ENS,ECMWF ENS | GEFS,0.0,2,0.0,0,0,0,0,GREEN,БЕЗ ЗНАЧАЈНОГ РИЗИКА,NO SIGNIFICANT RISK,MODERATE,ECMWF ENS,ECMWF ENS | GEFS,0.0,2,0.0,0,0,0,0,GREEN,БЕЗ ЗНАЧАЈНОГ РИЗИКА,NO SIGNIFICANT RISK,MODERATE,ECMWF ENS,ECMWF ENS | GEFS,0,GREEN,БЕЗ ЗНАЧАЈНОГ РИЗИКА,NO SIGNIFICANT RISK,NONE,MODERATE,15,2026-08-21T06:00:00+00:00,2026-08-21T21:00:00+00:00,STORMS,EXPERIMENTAL,DEVELOPMENTAL MULTIMODEL SIGNAL - NOT CALIBRATED PROBABILITY,PUBLIC OPEN-DATA SERVICES,INDEPENDENT PROJECT - NOT AN OFFICIAL RHMZ WARNING PRODUCT
70076,BATOČINA,BATOČINA,БАТОЧИНА,0.0,0.0,0.0,0.0,0.0,8.86090112882545,58.54999923706055,6,45,2026-08-21T21:00:00Z,2026-08-20T00:00:00Z,0.0,0.0,0.0,47.0,0.0,5.7,6,,0.0,0.0,0.0,,,,0.0,2,0.0,0,0,0,0,GREEN,БЕЗ ЗНАЧАЈНОГ РИЗИКА,NO SIGNIFICANT RISK,MODERATE,ECMWF ENS,ECMWF ENS | GEFS,0.0,2,0.0,0,0,0,0,GREEN,БЕЗ ЗНАЧАЈНОГ РИЗИКА,NO SIGNIFICANT RISK,MODERATE,ECMWF ENS,ECMWF ENS | GEFS,0.0,2,0.0,0,0,0,0,GREEN,БЕЗ ЗНАЧАЈНОГ РИЗИКА,NO SIGNIFICANT RISK,MODERATE,ECMWF ENS,ECMWF ENS | GEFS,0.0,2,0.0,0,0,0,0,GREEN,БЕЗ ЗНАЧАЈНОГ РИЗИКА,NO SIGNIFICANT RISK,MODERATE,ECMWF ENS,ECMWF ENS | GEFS,0,GREEN,БЕЗ ЗНАЧАЈНОГ РИЗИКА,NO SIGNIFICANT RISK,NONE,MODERATE,15,2026-08-21T06:00:00+00:00,2026-08-21T21:00:00+00:00,STORMS,EXPERIMENTAL,DEVELOPMENTAL MULTIMODEL SIGNAL - NOT CALIBRATED PROBABILITY,PUBLIC OPEN-DATA SERVICES,INDEPENDENT PROJECT - NOT AN OFFICIAL RHMZ WARNING PRODUCT
80055,BAČ,BAČ,БАЧ,0.0,0.0,0.0,0.0,12.0,14.055250609214186,61.70674896240234,8,45,2026-08-21T21:00:00Z,2026-08-20T00:00:00Z,4.0,2.0,726.8,65.1,0.0,10.4,8,,4.0,0.0,0.0,,,,2.0,2,4.0,0,0,0,0,GREEN,БЕЗ ЗНАЧАЈНОГ РИЗИКА,NO SIGNIFICANT RISK,MODERATE,ECMWF ENS,ECMWF ENS | GEFS,2.0,2,4.0,0,0,0,0,GREEN,БЕЗ ЗНАЧАЈНОГ РИЗИКА,NO SIGNIFICANT RISK,MODERATE,ECMWF ENS,ECMWF ENS | GEFS,0.0,2,0.0,0,0,0,0,GREEN,БЕЗ ЗНАЧАЈНОГ РИЗИКА,NO SIGNIFICANT RISK,MODERATE,ECMWF ENS,ECMWF ENS | GEFS,0.0,2,0.0,0,0,0,0,GREEN,БЕЗ ЗНАЧАЈНОГ РИЗИКА,NO SIGNIFICANT RISK,MODERATE,ECMWF ENS,ECMWF ENS | GEFS,0,GREEN,БЕЗ ЗНАЧАЈНОГ РИЗИКА,NO SIGNIFICANT RISK,NONE,MODERATE,15,2026-08-21T06:00:00+00:00,2026-08-21T21:00:00+00:00,STORMS,EXPERIMENTAL,DEVELOPMENTAL MULTIMODEL SIGNAL - NOT CALIBRATED PROBABILITY,PUBLIC OPEN-DATA SERVICES,INDEPENDENT PROJECT - NOT AN OFFICIAL RHMZ WARNING PRODUCT
80063,BAČKA PALANKA,BAČKA PALANKA,БАЧКА ПАЛАНКА,0.0,0.0,0.0,0.0,1.0,14.594201487624302,60.0,9,45,2026-08-21T21:00:00Z,2026-08-20T00:00:00Z,2.0,2.0,567.6,64.1,0.0,12.0,9,,0.0,0.0,0.0,,,,1.0,2,2.0,0,0,0,0,GREEN,БЕЗ ЗНАЧАЈНОГ РИЗИКА,NO SIGNIFICANT RISK,MODERATE,ECMWF ENS,ECMWF ENS | GEFS,0.0,2,0.0,0,0,0,0,GREEN,БЕЗ ЗНАЧАЈНОГ РИЗИКА,NO SIGNIFICANT RISK,MODERATE,ECMWF ENS,ECMWF ENS | GEFS,0.0,2,0.0,0,0,0,0,GREEN,БЕЗ ЗНАЧАЈНОГ РИЗИКА,NO SIGNIFICANT RISK,MODERATE,ECMWF ENS,ECMWF ENS | GEFS,0.0,2,0.0,0,0,0,0,GREEN,БЕЗ ЗНАЧАЈНОГ РИЗИКА,NO SIGNIFICANT RISK,MODERATE,ECMWF ENS,ECMWF ENS | GEFS,0,GREEN,БЕЗ ЗНАЧАЈНОГ РИЗИКА,NO SIGNIFICANT RISK,NONE,MODERATE,15,2026-08-21T06:00:00+00:00,2026-08-21T21:00:00+00:00,STORMS,EXPERIMENTAL,DEVELOPMENTAL MULTIMODEL SIGNAL - NOT CALIBRATED PROBABILITY,PUBLIC OPEN-DATA SERVICES,INDEPENDENT PROJECT - NOT AN OFFICIAL RHMZ WARNING PRODUCT
80071,BAČKA TOPOLA,BAČKA TOPOLA,БАЧКА ТОПОЛА,0.0,0.0,0.0,0.0,23.0,13.783900194496018,65.80911254882812,8,45,2026-08-21T21:00:00Z,2026-08-20T00:00:00Z,0.0,0.0,432.8,71.4,0.0,11.4,8,,0.0,0.0,0.0,,,,0.0,2,0.0,0,0,0,0,GREEN,БЕЗ ЗНАЧАЈНОГ РИЗИКА,NO SIGNIFICANT RISK,MODERATE,ECMWF ENS,ECMWF ENS | GEFS,0.0,2,0.0,0,0,0,0,GREEN,БЕЗ ЗНАЧАЈНОГ РИЗИКА,NO SIGNIFICANT RISK,MODERATE,ECMWF ENS,ECMWF ENS | GEFS,0.0,2,0.0,0,0,0,0,GREEN,БЕЗ ЗНАЧАЈНОГ РИЗИКА,NO SIGNIFICANT RISK,MODERATE,ECMWF ENS,ECMWF ENS | GEFS,0.0,2,0.0,0,0,0,0,GREEN,БЕЗ ЗНАЧАЈНОГ РИЗИКА,NO SIGNIFICANT RISK,MODERATE,ECMWF ENS,ECMWF ENS | GEFS,0,GREEN,БЕЗ ЗНАЧАЈНОГ РИЗИКА,NO SIGNIFICANT RISK,NONE,MODERATE,15,2026-08-21T06:00:00+00:00,2026-08-21T21:00:00+00:00,STORMS,EXPERIMENTAL,DEVELOPMENTAL MULTIMODEL SIGNAL - NOT CALIBRATED PROBABILITY,PUBLIC OPEN-DATA SERVICES,INDEPENDENT PROJECT - NOT AN OFFICIAL RHMZ WARNING PRODUCT
80080,BAČKI PETROVAC,BAČKI PETROVAC,БАЧКИ ПЕТРОВАЦ,0.0,0.0,0.0,0.0,1.0,14.055250609214186,60.0,6,45,2026-08-21T21:00:00Z,2026-08-20T00:00:00Z,0.0,0.0,264.2,66.4,0.0,12.3,6,,0.0,0.0,0.0,,,,0.0,2,0.0,0,0,0,0,GREEN,БЕЗ ЗНАЧАЈНОГ РИЗИКА,NO SIGNIFICANT RISK,MODERATE,ECMWF ENS,ECMWF ENS | GEFS,0.0,2,0.0,0,0,0,0,GREEN,БЕЗ ЗНАЧАЈНОГ РИЗИКА,NO SIGNIFICANT RISK,MODERATE,ECMWF ENS,ECMWF ENS | GEFS,0.0,2,0.0,0,0,0,0,GREEN,БЕЗ ЗНАЧАЈНОГ РИЗИКА,NO SIGNIFICANT RISK,MODERATE,ECMWF ENS,ECMWF ENS | GEFS,0.0,2,0.0,0,0,0,0,GREEN,БЕЗ ЗНАЧАЈНОГ РИЗИКА,NO SIGNIFICANT RISK,MODERATE,ECMWF ENS,ECMWF ENS | GEFS,0,GREEN,БЕЗ ЗНАЧАЈНОГ РИЗИКА,NO SIGNIFICANT RISK,NONE,MODERATE,15,2026-08-21T06:00:00+00:00,2026-08-21T21:00:00+00:00,STORMS,EXPERIMENTAL,DEVELOPMENTAL MULTIMODEL SIGNAL - NOT CALIBRATED PROBABILITY,PUBLIC OPEN-DATA SERVICES,INDEPENDENT PROJECT - NOT AN OFFICIAL RHMZ WARNING PRODUCT
70084,BELA PALANKA,BELA PALANKA,БЕЛА ПАЛАНКА,0.0,0.0,0.0,0.0,0.0,4.727792974503873,58.77429962158203,10,45,2026-08-21T21:00:00Z,2026-08-20T00:00:00Z,0.0,0.0,472.8,59.5,0.0,1.6,10,,0.0,0.0,0.0,,,,0.0,2,0.0,0,0,0,0,GREEN,БЕЗ ЗНАЧАЈНОГ РИЗИКА,NO SIGNIFICANT RISK,MODERATE,ECMWF ENS,ECMWF ENS | GEFS,0.0,2,0.0,0,0,0,0,GREEN,БЕЗ ЗНАЧАЈНОГ РИЗИКА,NO SIGNIFICANT RISK,MODERATE,ECMWF ENS,ECMWF ENS | GEFS,0.0,2,0.0,0,0,0,0,GREEN,БЕЗ ЗНАЧАЈНОГ РИЗИКА,NO SIGNIFICANT RISK,MODERATE,ECMWF ENS,ECMWF ENS | GEFS,0.0,2,0.0,0,0,0,0,GREEN,БЕЗ ЗНАЧАЈНОГ РИЗИКА,NO SIGNIFICANT RISK,MODERATE,ECMWF ENS,ECMWF ENS | GEFS,0,GREEN,БЕЗ ЗНАЧАЈНОГ РИЗИКА,NO SIGNIFICANT RISK,NONE,MODERATE,15,2026-08-21T06:00:00+00:00,2026-08-21T21:00:00+00:00,STORMS,EXPERIMENTAL,DEVELOPMENTAL MULTIMODEL SIGNAL - NOT CALIBRATED PROBABILITY,PUBLIC OPEN-DATA SERVICES,INDEPENDENT PROJECT - NOT AN OFFICIAL RHMZ WARNING PRODUCT
80098,BELA CRKVA,BELA CRKVA,БЕЛА ЦРКВА,0.0,0.0,0.0,0.0,0.0,10.887088227386537,60.55000114440918,8,45,2026-08-21T21:00:00Z,2026-08-20T00:00:00Z,0.0,0.0,128.5,55.3,0.0,5.5,8,,0.0,0.0,0.0,,,,0.0,2,0.0,0,0,0,0,GREEN,БЕЗ ЗНАЧАЈНОГ РИЗИКА,NO SIGNIFICANT RISK,MODERATE,ECMWF ENS,ECMWF ENS | GEFS,0.0,2,0.0,0,0,0,0,GREEN,БЕЗ ЗНАЧАЈНОГ РИЗИКА,NO SIGNIFICANT RISK,MODERATE,ECMWF ENS,ECMWF ENS | GEFS,0.0,2,0.0,0,0,0,0,GREEN,БЕЗ ЗНАЧАЈНОГ РИЗИКА,NO SIGNIFICANT RISK,MODERATE,ECMWF ENS,ECMWF ENS | GEFS,0.0,2,0.0,0,0,0,0,GREEN,БЕЗ ЗНАЧАЈНОГ РИЗИКА,NO SIGNIFICANT RISK,MODERATE,ECMWF ENS,ECMWF ENS | GEFS,0,GREEN,БЕЗ ЗНАЧАЈНОГ РИЗИКА,NO SIGNIFICANT RISK,NONE,MODERATE,15,2026-08-21T06:00:00+00:00,2026-08-21T21:00:00+00:00,STORMS,EXPERIMENTAL,DEVELOPMENTAL MULTIMODEL SIGNAL - NOT CALIBRATED PROBABILITY,PUBLIC OPEN-DATA SERVICES,INDEPENDENT PROJECT - NOT AN OFFICIAL RHMZ WARNING PRODUCT
70092,BEOGRAD-BARAJEVO,BEOGRAD-BARAJEVO,БЕОГРАД-БАРАЈЕВО,0.0,0.0,0.0,0.0,0.0,12.445383533092835,54.950002670288086,7,45,2026-08-21T21:00:00Z,2026-08-20T00:00:00Z,0.0,0.0,0.0,51.4,0.0,9.7,7,,0.0,0.0,0.0,,,,0.0,2,0.0,0,0,0,0,GREEN,БЕЗ ЗНАЧАЈНОГ РИЗИКА,NO SIGNIFICANT RISK,MODERATE,ECMWF ENS,ECMWF ENS | GEFS,0.0,2,0.0,0,0,0,0,GREEN,БЕЗ ЗНАЧАЈНОГ РИЗИКА,NO SIGNIFICANT RISK,MODERATE,ECMWF ENS,ECMWF ENS | GEFS,0.0,2,0.0,0,0,0,0,GREEN,БЕЗ ЗНАЧАЈНОГ РИЗИКА,NO SIGNIFICANT RISK,MODERATE,ECMWF ENS,ECMWF ENS | GEFS,0.0,2,0.0,0,0,0,0,GREEN,БЕЗ ЗНАЧАЈНОГ РИЗИКА,NO SIGNIFICANT RISK,MODERATE,ECMWF ENS,ECMWF ENS | GEFS,0,GREEN,БЕЗ ЗНАЧАЈНОГ РИЗИКА,NO SIGNIFICANT RISK,NONE,MODERATE,15,2026-08-21T06:00:00+00:00,2026-08-21T21:00:00+00:00,STORMS,EXPERIMENTAL,DEVELOPMENTAL MULTIMODEL SIGNAL - NOT CALIBRATED PROBABILITY,PUBLIC OPEN-DATA SERVICES,INDEPENDENT PROJECT - NOT AN OFFICIAL RHMZ WARNING PRODUCT
70106,BEOGRAD-VOŽDOVAC,BEOGRAD-VOŽDOVAC,БЕОГРАД-ВОЖДОВАЦ,0.0,0.0,0.0,0.0,0.0,12.235123983257152,55.309515953063965,7,45,2026-08-21T21:00:00Z,2026-08-20T00:00:00Z,0.0,0.0,0.0,54.2,0.0,8.4,7,,0.0,0.0,0.0,,,,0.0,2,0.0,0,0,0,0,GREEN,БЕЗ ЗНАЧАЈНОГ РИЗИКА,NO SIGNIFICANT RISK,MODERATE,ECMWF ENS,ECMWF ENS | GEFS,0.0,2,0.0,0,0,0,0,GREEN,БЕЗ ЗНАЧАЈНОГ РИЗИКА,NO SIGNIFICANT RISK,MODERATE,ECMWF ENS,ECMWF ENS | GEFS,0.0,2,0.0,0,0,0,0,GREEN,БЕЗ ЗНАЧАЈНОГ РИЗИКА,NO SIGNIFICANT RISK,MODERATE,ECMWF ENS,ECMWF ENS | GEFS,0.0,2,0.0,0,0,0,0,GREEN,БЕЗ ЗНАЧАЈНОГ РИЗИКА,NO SIGNIFICANT RISK,MODERATE,ECMWF ENS,ECMWF ENS | GEFS,0,GREEN,БЕЗ ЗНАЧАЈНОГ РИЗИКА,NO SIGNIFICANT RISK,NONE,MODERATE,15,2026-08-21T06:00:00+00:00,2026-08-21T21:00:00+00:00,STORMS,EXPERIMENTAL,DEVELOPMENTAL MULTIMODEL SIGNAL - NOT CALIBRATED PROBABILITY,PUBLIC OPEN-DATA SERVICES,INDEPENDENT PROJECT - NOT AN OFFICIAL RHMZ WARNING PRODUCT
70114,BEOGRAD-VRAČAR,BEOGRAD-VRAČAR,БЕОГРАД-ВРАЧАР,0.0,0.0,0.0,0.0,0.0,12.120174271212752,55.309515953063965,4,45,2026-08-21T21:00:00Z,2026-08-20T00:00:00Z,0.0,0.0,0.0,54.2,0.0,8.4,4,,0.0,0.0,0.0,,,,0.0,2,0.0,0,0,0,0,GREEN,БЕЗ ЗНАЧАЈНОГ РИЗИКА,NO SIGNIFICANT RISK,MODERATE,ECMWF ENS,ECMWF ENS | GEFS,0.0,2,0.0,0,0,0,0,GREEN,БЕЗ ЗНАЧАЈНОГ РИЗИКА,NO SIGNIFICANT RISK,MODERATE,ECMWF ENS,ECMWF ENS | GEFS,0.0,2,0.0,0,0,0,0,GREEN,БЕЗ ЗНАЧАЈНОГ РИЗИКА,NO SIGNIFICANT RISK,MODERATE,ECMWF ENS,ECMWF ENS | GEFS,0.0,2,0.0,0,0,0,0,GREEN,БЕЗ ЗНАЧАЈНОГ РИЗИКА,NO SIGNIFICANT RISK,MODERATE,ECMWF ENS,ECMWF ENS | GEFS,0,GREEN,БЕЗ ЗНАЧАЈНОГ РИЗИКА,NO SIGNIFICANT RISK,NONE,MODERATE,15,2026-08-21T06:00:00+00:00,2026-08-21T21:00:00+00:00,STORMS,EXPERIMENTAL,DEVELOPMENTAL MULTIMODEL SIGNAL - NOT CALIBRATED PROBABILITY,PUBLIC OPEN-DATA SERVICES,INDEPENDENT PROJECT - NOT AN OFFICIAL RHMZ WARNING PRODUCT
70122,BEOGRAD-GROCKA,BEOGRAD-GROCKA,БЕОГРАД-ГРОЦКА,0.0,0.0,0.0,0.0,0.0,12.120174271212752,57.30000305175781,9,45,2026-08-21T21:00:00Z,2026-08-20T00:00:00Z,0.0,0.0,0.0,54.2,0.0,8.4,9,,0.0,0.0,0.0,,,,0.0,2,0.0,0,0,0,0,GREEN,БЕЗ ЗНАЧАЈНОГ РИЗИКА,NO SIGNIFICANT RISK,MODERATE,ECMWF ENS,ECMWF ENS | GEFS,0.0,2,0.0,0,0,0,0,GREEN,БЕЗ ЗНАЧАЈНОГ РИЗИКА,NO SIGNIFICANT RISK,MODERATE,ECMWF ENS,ECMWF ENS | GEFS,0.0,2,0.0,0,0,0,0,GREEN,БЕЗ ЗНАЧАЈНОГ РИЗИКА,NO SIGNIFICANT RISK,MODERATE,ECMWF ENS,ECMWF ENS | GEFS,0.0,2,0.0,0,0,0,0,GREEN,БЕЗ ЗНАЧАЈНОГ РИЗИКА,NO SIGNIFICANT RISK,MODERATE,ECMWF ENS,ECMWF ENS | GEFS,0,GREEN,БЕЗ ЗНАЧАЈНОГ РИЗИКА,NO SIGNIFICANT RISK,NONE,MODERATE,15,2026-08-21T06:00:00+00:00,2026-08-21T21:00:00+00:00,STORMS,EXPERIMENTAL,DEVELOPMENTAL MULTIMODEL SIGNAL - NOT CALIBRATED PROBABILITY,PUBLIC OPEN-DATA SERVICES,INDEPENDENT PROJECT - NOT AN OFFICIAL RHMZ WARNING PRODUCT
70149,BEOGRAD-ZVEZDARA,BEOGRAD-ZVEZDARA,БЕОГРАД-ЗВЕЗДАРА,0.0,0.0,0.0,0.0,0.0,12.120174271212752,55.309515953063965,4,45,2026-08-21T21:00:00Z,2026-08-20T00:00:00Z,0.0,0.0,0.0,54.2,0.0,8.4,4,,0.0,0.0,0.0,,,,0.0,2,0.0,0,0,0,0,GREEN,БЕЗ ЗНАЧАЈНОГ РИЗИКА,NO SIGNIFICANT RISK,MODERATE,ECMWF ENS,ECMWF ENS | GEFS,0.0,2,0.0,0,0,0,0,GREEN,БЕЗ ЗНАЧАЈНОГ РИЗИКА,NO SIGNIFICANT RISK,MODERATE,ECMWF ENS,ECMWF ENS | GEFS,0.0,2,0.0,0,0,0,0,GREEN,БЕЗ ЗНАЧАЈНОГ РИЗИКА,NO SIGNIFICANT RISK,MODERATE,ECMWF ENS,ECMWF ENS | GEFS,0.0,2,0.0,0,0,0,0,GREEN,БЕЗ ЗНАЧАЈНОГ РИЗИКА,NO SIGNIFICANT RISK,MODERATE,ECMWF ENS,ECMWF ENS | GEFS,0,GREEN,БЕЗ ЗНАЧАЈНОГ РИЗИКА,NO SIGNIFICANT RISK,NONE,MODERATE,15,2026-08-21T06:00:00+00:00,2026-08-21T21:00:00+00:00,STORMS,EXPERIMENTAL,DEVELOPMENTAL MULTIMODEL SIGNAL - NOT CALIBRATED PROBABILITY,PUBLIC OPEN-DATA SERVICES,INDEPENDENT PROJECT - NOT AN OFFICIAL RHMZ WARNING PRODUCT
70157,BEOGRAD-ZEMUN,BEOGRAD-ZEMUN,БЕОГРАД-ЗЕМУН,0.0,0.0,0.0,0.0,0.0,13.823822885318354,56.70000076293945,6,45,2026-08-21T21:00:00Z,2026-08-20T00:00:00Z,0.0,0.0,0.0,56.9,0.0,10.1,6,,0.0,0.0,0.0,,,,0.0,2,0.0,0,0,0,0,GREEN,БЕЗ ЗНАЧАЈНОГ РИЗИКА,NO SIGNIFICANT RISK,MODERATE,ECMWF ENS,ECMWF ENS | GEFS,0.0,2,0.0,0,0,0,0,GREEN,БЕЗ ЗНАЧАЈНОГ РИЗИКА,NO SIGNIFICANT RISK,MODERATE,ECMWF ENS,ECMWF ENS | GEFS,0.0,2,0.0,0,0,0,0,GREEN,БЕЗ ЗНАЧАЈНОГ РИЗИКА,NO SIGNIFICANT RISK,MODERATE,ECMWF ENS,ECMWF ENS | GEFS,0.0,2,0.0,0,0,0,0,GREEN,БЕЗ ЗНАЧАЈНОГ РИЗИКА,NO SIGNIFICANT RISK,MODERATE,ECMWF ENS,ECMWF ENS | GEFS,0,GREEN,БЕЗ ЗНАЧАЈНОГ РИЗИКА,NO SIGNIFICANT RISK,NONE,MODERATE,15,2026-08-21T06:00:00+00:00,2026-08-21T21:00:00+00:00,STORMS,EXPERIMENTAL,DEVELOPMENTAL MULTIMODEL SIGNAL - NOT CALIBRATED PROBABILITY,PUBLIC OPEN-DATA SERVICES,INDEPENDENT PROJECT - NOT AN OFFICIAL RHMZ WARNING PRODUCT
70165,BEOGRAD-LAZAREVAC,BEOGRAD-LAZAREVAC,БЕОГРАД-ЛАЗАРЕВАЦ,0.0,0.0,0.0,0.0,0.0,12.445383533092835,54.57499980926514,7,45,2026-08-21T21:00:00Z,2026-08-20T00:00:00Z,0.0,0.0,0.0,51.4,0.0,9.7,7,,0.0,0.0,0.0,,,,0.0,2,0.0,0,0,0,0,GREEN,БЕЗ ЗНАЧАЈНОГ РИЗИКА,NO SIGNIFICANT RISK,MODERATE,ECMWF ENS,ECMWF ENS | GEFS,0.0,2,0.0,0,0,0,0,GREEN,БЕЗ ЗНАЧАЈНОГ РИЗИКА,NO SIGNIFICANT RISK,MODERATE,ECMWF ENS,ECMWF ENS | GEFS,0.0,2,0.0,0,0,0,0,GREEN,БЕЗ ЗНАЧАЈНОГ РИЗИКА,NO SIGNIFICANT RISK,MODERATE,ECMWF ENS,ECMWF ENS | GEFS,0.0,2,0.0,0,0,0,0,GREEN,БЕЗ ЗНАЧАЈНОГ РИЗИКА,NO SIGNIFICANT RISK,MODERATE,ECMWF ENS,ECMWF ENS | GEFS,0,GREEN,БЕЗ ЗНАЧАЈНОГ РИЗИКА,NO SIGNIFICANT RISK,NONE,MODERATE,15,2026-08-21T06:00:00+00:00,2026-08-21T21:00:00+00:00,STORMS,EXPERIMENTAL,DEVELOPMENTAL MULTIMODEL SIGNAL - NOT CALIBRATED PROBABILITY,PUBLIC OPEN-DATA SERVICES,INDEPENDENT PROJECT - NOT AN OFFICIAL RHMZ WARNING PRODUCT
70173,BEOGRAD-MLADENOVAC,BEOGRAD-MLADENOVAC,БЕОГРАД-МЛАДЕНОВАЦ,0.0,0.0,0.0,0.0,0.0,12.235123983257152,57.30000305175781,9,45,2026-08-21T21:00:00Z,2026-08-20T00:00:00Z,0.0,0.0,0.0,50.1,0.0,7.0,9,,0.0,0.0,0.0,,,,0.0,2,0.0,0,0,0,0,GREEN,БЕЗ ЗНАЧАЈНОГ РИЗИКА,NO SIGNIFICANT RISK,MODERATE,ECMWF ENS,ECMWF ENS | GEFS,0.0,2,0.0,0,0,0,0,GREEN,БЕЗ ЗНАЧАЈНОГ РИЗИКА,NO SIGNIFICANT RISK,MODERATE,ECMWF ENS,ECMWF ENS | GEFS,0.0,2,0.0,0,0,0,0,GREEN,БЕЗ ЗНАЧАЈНОГ РИЗИКА,NO SIGNIFICANT RISK,MODERATE,ECMWF ENS,ECMWF ENS | GEFS,0.0,2,0.0,0,0,0,0,GREEN,БЕЗ ЗНАЧАЈНОГ РИЗИКА,NO SIGNIFICANT RISK,MODERATE,ECMWF ENS,ECMWF ENS | GEFS,0,GREEN,БЕЗ ЗНАЧАЈНОГ РИЗИКА,NO SIGNIFICANT RISK,NONE,MODERATE,15,2026-08-21T06:00:00+00:00,2026-08-21T21:00:00+00:00,STORMS,EXPERIMENTAL,DEVELOPMENTAL MULTIMODEL SIGNAL - NOT CALIBRATED PROBABILITY,PUBLIC OPEN-DATA SERVICES,INDEPENDENT PROJECT - NOT AN OFFICIAL RHMZ WARNING PRODUCT
70181,BEOGRAD-NOVI BEOGRAD,BEOGRAD-NOVI BEOGRAD,БЕОГРАД-НОВИ БЕОГРАД,0.0,0.0,0.0,0.0,0.0,12.120174271212752,55.54999923706055,5,45,2026-08-21T21:00:00Z,2026-08-20T00:00:00Z,0.0,0.0,0.0,56.4,0.0,9.9,5,,0.0,0.0,0.0,,,,0.0,2,0.0,0,0,0,0,GREEN,БЕЗ ЗНАЧАЈНОГ РИЗИКА,NO SIGNIFICANT RISK,MODERATE,ECMWF ENS,ECMWF ENS | GEFS,0.0,2,0.0,0,0,0,0,GREEN,БЕЗ ЗНАЧАЈНОГ РИЗИКА,NO SIGNIFICANT RISK,MODERATE,ECMWF ENS,ECMWF ENS | GEFS,0.0,2,0.0,0,0,0,0,GREEN,БЕЗ ЗНАЧАЈНОГ РИЗИКА,NO SIGNIFICANT RISK,MODERATE,ECMWF ENS,ECMWF ENS | GEFS,0.0,2,0.0,0,0,0,0,GREEN,БЕЗ ЗНАЧАЈНОГ РИЗИКА,NO SIGNIFICANT RISK,MODERATE,ECMWF ENS,ECMWF ENS | GEFS,0,GREEN,БЕЗ ЗНАЧАЈНОГ РИЗИКА,NO SIGNIFICANT RISK,NONE,MODERATE,15,2026-08-21T06:00:00+00:00,2026-08-21T21:00:00+00:00,STORMS,EXPERIMENTAL,DEVELOPMENTAL MULTIMODEL SIGNAL - NOT CALIBRATED PROBABILITY,PUBLIC OPEN-DATA SERVICES,INDEPENDENT PROJECT - NOT AN OFFICIAL RHMZ WARNING PRODUCT
70190,BEOGRAD-OBRENOVAC,BEOGRAD-OBRENOVAC,БЕОГРАД-ОБРЕНОВАЦ,0.0,0.0,0.0,0.0,0.0,13.458172444418103,54.57499980926514,8,45,2026-08-21T21:00:00Z,2026-08-20T00:00:00Z,0.0,0.0,0.0,56.2,0.0,10.7,8,,0.0,0.0,0.0,,,,0.0,2,0.0,0,0,0,0,GREEN,БЕЗ ЗНАЧАЈНОГ РИЗИКА,NO SIGNIFICANT RISK,MODERATE,ECMWF ENS,ECMWF ENS | GEFS,0.0,2,0.0,0,0,0,0,GREEN,БЕЗ ЗНАЧАЈНОГ РИЗИКА,NO SIGNIFICANT RISK,MODERATE,ECMWF ENS,ECMWF ENS | GEFS,0.0,2,0.0,0,0,0,0,GREEN,БЕЗ ЗНАЧАЈНОГ РИЗИКА,NO SIGNIFICANT RISK,MODERATE,ECMWF ENS,ECMWF ENS | GEFS,0.0,2,0.0,0,0,0,0,GREEN,БЕЗ ЗНАЧАЈНОГ РИЗИКА,NO SIGNIFICANT RISK,MODERATE,ECMWF ENS,ECMWF ENS | GEFS,0,GREEN,БЕЗ ЗНАЧАЈНОГ РИЗИКА,NO SIGNIFICANT RISK,NONE,MODERATE,15,2026-08-21T06:00:00+00:00,2026-08-21T21:00:00+00:00,STORMS,EXPERIMENTAL,DEVELOPMENTAL MULTIMODEL SIGNAL - NOT CALIBRATED PROBABILITY,PUBLIC OPEN-DATA SERVICES,INDEPENDENT PROJECT - NOT AN OFFICIAL RHMZ WARNING PRODUCT
70203,BEOGRAD-PALILULA,BEOGRAD-PALILULA,БЕОГРАД-ПАЛИЛУЛА,0.0,0.0,0.0,0.0,0.0,13.823822885318354,56.70000076293945,9,45,2026-08-21T21:00:00Z,2026-08-20T00:00:00Z,0.0,0.0,0.0,63.7,0.0,9.6,9,,0.0,0.0,0.0,,,,0.0,2,0.0,0,0,0,0,GREEN,БЕЗ ЗНАЧАЈНОГ РИЗИКА,NO SIGNIFICANT RISK,MODERATE,ECMWF ENS,ECMWF ENS | GEFS,0.0,2,0.0,0,0,0,0,GREEN,БЕЗ ЗНАЧАЈНОГ РИЗИКА,NO SIGNIFICANT RISK,MODERATE,ECMWF ENS,ECMWF ENS | GEFS,0.0,2,0.0,0,0,0,0,GREEN,БЕЗ ЗНАЧАЈНОГ РИЗИКА,NO SIGNIFICANT RISK,MODERATE,ECMWF ENS,ECMWF ENS | GEFS,0.0,2,0.0,0,0,0,0,GREEN,БЕЗ ЗНАЧАЈНОГ РИЗИКА,NO SIGNIFICANT RISK,MODERATE,ECMWF ENS,ECMWF ENS | GEFS,0,GREEN,БЕЗ ЗНАЧАЈНОГ РИЗИКА,NO SIGNIFICANT RISK,NONE,MODERATE,15,2026-08-21T06:00:00+00:00,2026-08-21T21:00:00+00:00,STORMS,EXPERIMENTAL,DEVELOPMENTAL MULTIMODEL SIGNAL - NOT CALIBRATED PROBABILITY,PUBLIC OPEN-DATA SERVICES,INDEPENDENT PROJECT - NOT AN OFFICIAL RHMZ WARNING PRODUCT
70211,BEOGRAD-RAKOVICA,BEOGRAD-RAKOVICA,БЕОГРАД-РАКОВИЦА,0.0,0.0,0.0,0.0,0.0,12.120174271212752,55.309515953063965,4,45,2026-08-21T21:00:00Z,2026-08-20T00:00:00Z,0.0,0.0,0.0,51.4,0.0,9.7,4,,0.0,0.0,0.0,,,,0.0,2,0.0,0,0,0,0,GREEN,БЕЗ ЗНАЧАЈНОГ РИЗИКА,NO SIGNIFICANT RISK,MODERATE,ECMWF ENS,ECMWF ENS | GEFS,0.0,2,0.0,0,0,0,0,GREEN,БЕЗ ЗНАЧАЈНОГ РИЗИКА,NO SIGNIFICANT RISK,MODERATE,ECMWF ENS,ECMWF ENS | GEFS,0.0,2,0.0,0,0,0,0,GREEN,БЕЗ ЗНАЧАЈНОГ РИЗИКА,NO SIGNIFICANT RISK,MODERATE,ECMWF ENS,ECMWF ENS | GEFS,0.0,2,0.0,0,0,0,0,GREEN,БЕЗ ЗНАЧАЈНОГ РИЗИКА,NO SIGNIFICANT RISK,MODERATE,ECMWF ENS,ECMWF ENS | GEFS,0,GREEN,БЕЗ ЗНАЧАЈНОГ РИЗИКА,NO SIGNIFICANT RISK,NONE,MODERATE,15,2026-08-21T06:00:00+00:00,2026-08-21T21:00:00+00:00,STORMS,EXPERIMENTAL,DEVELOPMENTAL MULTIMODEL SIGNAL - NOT CALIBRATED PROBABILITY,PUBLIC OPEN-DATA SERVICES,INDEPENDENT PROJECT - NOT AN OFFICIAL RHMZ WARNING PRODUCT
70220,BEOGRAD-SAVSKI VENAC,BEOGRAD-SAVSKI VENAC,БЕОГРАД-САВСКИ ВЕНАЦ,0.0,0.0,0.0,0.0,0.0,12.120174271212752,55.309515953063965,4,45,2026-08-21T21:00:00Z,2026-08-20T00:00:00Z,0.0,0.0,0.0,54.2,0.0,8.4,4,,0.0,0.0,0.0,,,,0.0,2,0.0,0,0,0,0,GREEN,БЕЗ ЗНАЧАЈНОГ РИЗИКА,NO SIGNIFICANT RISK,MODERATE,ECMWF ENS,ECMWF ENS | GEFS,0.0,2,0.0,0,0,0,0,GREEN,БЕЗ ЗНАЧАЈНОГ РИЗИКА,NO SIGNIFICANT RISK,MODERATE,ECMWF ENS,ECMWF ENS | GEFS,0.0,2,0.0,0,0,0,0,GREEN,БЕЗ ЗНАЧАЈНОГ РИЗИКА,NO SIGNIFICANT RISK,MODERATE,ECMWF ENS,ECMWF ENS | GEFS,0.0,2,0.0,0,0,0,0,GREEN,БЕЗ ЗНАЧАЈНОГ РИЗИКА,NO SIGNIFICANT RISK,MODERATE,ECMWF ENS,ECMWF ENS | GEFS,0,GREEN,БЕЗ ЗНАЧАЈНОГ РИЗИКА,NO SIGNIFICANT RISK,NONE,MODERATE,15,2026-08-21T06:00:00+00:00,2026-08-21T21:00:00+00:00,STORMS,EXPERIMENTAL,DEVELOPMENTAL MULTIMODEL SIGNAL - NOT CALIBRATED PROBABILITY,PUBLIC OPEN-DATA SERVICES,INDEPENDENT PROJECT - NOT AN OFFICIAL RHMZ WARNING PRODUCT
70238,BEOGRAD-SOPOT,BEOGRAD-SOPOT,БЕОГРАД-СОПОТ,0.0,0.0,0.0,0.0,0.0,12.235123983257152,55.309515953063965,7,45,2026-08-21T21:00:00Z,2026-08-20T00:00:00Z,0.0,0.0,0.0,50.1,0.0,7.0,7,,0.0,0.0,0.0,,,,0.0,2,0.0,0,0,0,0,GREEN,БЕЗ ЗНАЧАЈНОГ РИЗИКА,NO SIGNIFICANT RISK,MODERATE,ECMWF ENS,ECMWF ENS | GEFS,0.0,2,0.0,0,0,0,0,GREEN,БЕЗ ЗНАЧАЈНОГ РИЗИКА,NO SIGNIFICANT RISK,MODERATE,ECMWF ENS,ECMWF ENS | GEFS,0.0,2,0.0,0,0,0,0,GREEN,БЕЗ ЗНАЧАЈНОГ РИЗИКА,NO SIGNIFICANT RISK,MODERATE,ECMWF ENS,ECMWF ENS | GEFS,0.0,2,0.0,0,0,0,0,GREEN,БЕЗ ЗНАЧАЈНОГ РИЗИКА,NO SIGNIFICANT RISK,MODERATE,ECMWF ENS,ECMWF ENS | GEFS,0,GREEN,БЕЗ ЗНАЧАЈНОГ РИЗИКА,NO SIGNIFICANT RISK,NONE,MODERATE,15,2026-08-21T06:00:00+00:00,2026-08-21T21:00:00+00:00,STORMS,EXPERIMENTAL,DEVELOPMENTAL MULTIMODEL SIGNAL - NOT CALIBRATED PROBABILITY,PUBLIC OPEN-DATA SERVICES,INDEPENDENT PROJECT - NOT AN OFFICIAL RHMZ WARNING PRODUCT
70246,BEOGRAD-STARI GRAD,BEOGRAD-STARI GRAD,БЕОГРАД-СТАРИ ГРАД,0.0,0.0,0.0,0.0,0.0,12.120174271212752,55.54999923706055,5,45,2026-08-21T21:00:00Z,2026-08-20T00:00:00Z,0.0,0.0,0.0,56.4,0.0,9.9,5,,0.0,0.0,0.0,,,,0.0,2,0.0,0,0,0,0,GREEN,БЕЗ ЗНАЧАЈНОГ РИЗИКА,NO SIGNIFICANT RISK,MODERATE,ECMWF ENS,ECMWF ENS | GEFS,0.0,2,0.0,0,0,0,0,GREEN,БЕЗ ЗНАЧАЈНОГ РИЗИКА,NO SIGNIFICANT RISK,MODERATE,ECMWF ENS,ECMWF ENS | GEFS,0.0,2,0.0,0,0,0,0,GREEN,БЕЗ ЗНАЧАЈНОГ РИЗИКА,NO SIGNIFICANT RISK,MODERATE,ECMWF ENS,ECMWF ENS | GEFS,0.0,2,0.0,0,0,0,0,GREEN,БЕЗ ЗНАЧАЈНОГ РИЗИКА,NO SIGNIFICANT RISK,MODERATE,ECMWF ENS,ECMWF ENS | GEFS,0,GREEN,БЕЗ ЗНАЧАЈНОГ РИЗИКА,NO SIGNIFICANT RISK,NONE,MODERATE,15,2026-08-21T06:00:00+00:00,2026-08-21T21:00:00+00:00,STORMS,EXPERIMENTAL,DEVELOPMENTAL MULTIMODEL SIGNAL - NOT CALIBRATED PROBABILITY,PUBLIC OPEN-DATA SERVICES,INDEPENDENT PROJECT - NOT AN OFFICIAL RHMZ WARNING PRODUCT
71293,BEOGRAD-SURČIN,BEOGRAD-SURČIN,БЕОГРАД-СУРЧИН,0.0,0.0,0.0,0.0,0.0,13.823822885318354,56.70000076293945,9,45,2026-08-21T21:00:00Z,2026-08-20T00:00:00Z,0.0,0.0,0.0,56.9,0.0,10.1,9,,0.0,0.0,0.0,,,,0.0,2,0.0,0,0,0,0,GREEN,БЕЗ ЗНАЧАЈНОГ РИЗИКА,NO SIGNIFICANT RISK,MODERATE,ECMWF ENS,ECMWF ENS | GEFS,0.0,2,0.0,0,0,0,0,GREEN,БЕЗ ЗНАЧАЈНОГ РИЗИКА,NO SIGNIFICANT RISK,MODERATE,ECMWF ENS,ECMWF ENS | GEFS,0.0,2,0.0,0,0,0,0,GREEN,БЕЗ ЗНАЧАЈНОГ РИЗИКА,NO SIGNIFICANT RISK,MODERATE,ECMWF ENS,ECMWF ENS | GEFS,0.0,2,0.0,0,0,0,0,GREEN,БЕЗ ЗНАЧАЈНОГ РИЗИКА,NO SIGNIFICANT RISK,MODERATE,ECMWF ENS,ECMWF ENS | GEFS,0,GREEN,БЕЗ ЗНАЧАЈНОГ РИЗИКА,NO SIGNIFICANT RISK,NONE,MODERATE,15,2026-08-21T06:00:00+00:00,2026-08-21T21:00:00+00:00,STORMS,EXPERIMENTAL,DEVELOPMENTAL MULTIMODEL SIGNAL - NOT CALIBRATED PROBABILITY,PUBLIC OPEN-DATA SERVICES,INDEPENDENT PROJECT - NOT AN OFFICIAL RHMZ WARNING PRODUCT
70254,BEOGRAD-ČUKARICA,BEOGRAD-ČUKARICA,БЕОГРАД-ЧУКАРИЦА,0.0,0.0,0.0,0.0,0.0,12.99769713347752,55.309515953063965,7,45,2026-08-21T21:00:00Z,2026-08-20T00:00:00Z,0.0,0.0,0.0,54.2,0.0,8.4,7,,0.0,0.0,0.0,,,,0.0,2,0.0,0,0,0,0,GREEN,БЕЗ ЗНАЧАЈНОГ РИЗИКА,NO SIGNIFICANT RISK,MODERATE,ECMWF ENS,ECMWF ENS | GEFS,0.0,2,0.0,0,0,0,0,GREEN,БЕЗ ЗНАЧАЈНОГ РИЗИКА,NO SIGNIFICANT RISK,MODERATE,ECMWF ENS,ECMWF ENS | GEFS,0.0,2,0.0,0,0,0,0,GREEN,БЕЗ ЗНАЧАЈНОГ РИЗИКА,NO SIGNIFICANT RISK,MODERATE,ECMWF ENS,ECMWF ENS | GEFS,0.0,2,0.0,0,0,0,0,GREEN,БЕЗ ЗНАЧАЈНОГ РИЗИКА,NO SIGNIFICANT RISK,MODERATE,ECMWF ENS,ECMWF ENS | GEFS,0,GREEN,БЕЗ ЗНАЧАЈНОГ РИЗИКА,NO SIGNIFICANT RISK,NONE,MODERATE,15,2026-08-21T06:00:00+00:00,2026-08-21T21:00:00+00:00,STORMS,EXPERIMENTAL,DEVELOPMENTAL MULTIMODEL SIGNAL - NOT CALIBRATED PROBABILITY,PUBLIC OPEN-DATA SERVICES,INDEPENDENT PROJECT - NOT AN OFFICIAL RHMZ WARNING PRODUCT
80101,BEOČIN,BEOČIN,БЕОЧИН,0.0,0.0,0.0,0.0,0.0,14.594201487624302,58.375,7,45,2026-08-21T21:00:00Z,2026-08-20T00:00:00Z,0.0,0.0,213.8,63.5,0.0,12.5,7,,0.0,0.0,0.0,,,,0.0,2,0.0,0,0,0,0,GREEN,БЕЗ ЗНАЧАЈНОГ РИЗИКА,NO SIGNIFICANT RISK,MODERATE,ECMWF ENS,ECMWF ENS | GEFS,0.0,2,0.0,0,0,0,0,GREEN,БЕЗ ЗНАЧАЈНОГ РИЗИКА,NO SIGNIFICANT RISK,MODERATE,ECMWF ENS,ECMWF ENS | GEFS,0.0,2,0.0,0,0,0,0,GREEN,БЕЗ ЗНАЧАЈНОГ РИЗИКА,NO SIGNIFICANT RISK,MODERATE,ECMWF ENS,ECMWF ENS | GEFS,0.0,2,0.0,0,0,0,0,GREEN,БЕЗ ЗНАЧАЈНОГ РИЗИКА,NO SIGNIFICANT RISK,MODERATE,ECMWF ENS,ECMWF ENS | GEFS,0,GREEN,БЕЗ ЗНАЧАЈНОГ РИЗИКА,NO SIGNIFICANT RISK,NONE,MODERATE,15,2026-08-21T06:00:00+00:00,2026-08-21T21:00:00+00:00,STORMS,EXPERIMENTAL,DEVELOPMENTAL MULTIMODEL SIGNAL - NOT CALIBRATED PROBABILITY,PUBLIC OPEN-DATA SERVICES,INDEPENDENT PROJECT - NOT AN OFFICIAL RHMZ WARNING PRODUCT
80110,BEČEJ,BEČEJ,БЕЧЕЈ,0.0,0.0,0.0,0.0,3.0,13.783900194496018,62.54999923706055,7,45,2026-08-21T21:00:00Z,2026-08-20T00:00:00Z,0.0,0.0,102.9,71.7,0.0,11.7,7,,0.0,0.0,0.0,,,,0.0,2,0.0,0,0,0,0,GREEN,БЕЗ ЗНАЧАЈНОГ РИЗИКА,NO SIGNIFICANT RISK,MODERATE,ECMWF ENS,ECMWF ENS | GEFS,0.0,2,0.0,0,0,0,0,GREEN,БЕЗ ЗНАЧАЈНОГ РИЗИКА,NO SIGNIFICANT RISK,MODERATE,ECMWF ENS,ECMWF ENS | GEFS,0.0,2,0.0,0,0,0,0,GREEN,БЕЗ ЗНАЧАЈНОГ РИЗИКА,NO SIGNIFICANT RISK,MODERATE,ECMWF ENS,ECMWF ENS | GEFS,0.0,2,0.0,0,0,0,0,GREEN,БЕЗ ЗНАЧАЈНОГ РИЗИКА,NO SIGNIFICANT RISK,MODERATE,ECMWF ENS,ECMWF ENS | GEFS,0,GREEN,БЕЗ ЗНАЧАЈНОГ РИЗИКА,NO SIGNIFICANT RISK,NONE,MODERATE,15,2026-08-21T06:00:00+00:00,2026-08-21T21:00:00+00:00,STORMS,EXPERIMENTAL,DEVELOPMENTAL MULTIMODEL SIGNAL - NOT CALIBRATED PROBABILITY,PUBLIC OPEN-DATA SERVICES,INDEPENDENT PROJECT - NOT AN OFFICIAL RHMZ WARNING PRODUCT
70262,BLACE,BLACE,БЛАЦЕ,0.0,0.0,0.0,0.0,0.0,7.416077063962382,57.33018493652344,7,45,2026-08-21T21:00:00Z,2026-08-20T00:00:00Z,0.0,0.0,0.0,46.3,0.0,5.3,7,,0.0,0.0,0.0,,,,0.0,2,0.0,0,0,0,0,GREEN,БЕЗ ЗНАЧАЈНОГ РИЗИКА,NO SIGNIFICANT RISK,MODERATE,ECMWF ENS,ECMWF ENS | GEFS,0.0,2,0.0,0,0,0,0,GREEN,БЕЗ ЗНАЧАЈНОГ РИЗИКА,NO SIGNIFICANT RISK,MODERATE,ECMWF ENS,ECMWF ENS | GEFS,0.0,2,0.0,0,0,0,0,GREEN,БЕЗ ЗНАЧАЈНОГ РИЗИКА,NO SIGNIFICANT RISK,MODERATE,ECMWF ENS,ECMWF ENS | GEFS,0.0,2,0.0,0,0,0,0,GREEN,БЕЗ ЗНАЧАЈНОГ РИЗИКА,NO SIGNIFICANT RISK,MODERATE,ECMWF ENS,ECMWF ENS | GEFS,0,GREEN,БЕЗ ЗНАЧАЈНОГ РИЗИКА,NO SIGNIFICANT RISK,NONE,MODERATE,15,2026-08-21T06:00:00+00:00,2026-08-21T21:00:00+00:00,STORMS,EXPERIMENTAL,DEVELOPMENTAL MULTIMODEL SIGNAL - NOT CALIBRATED PROBABILITY,PUBLIC OPEN-DATA SERVICES,INDEPENDENT PROJECT - NOT AN OFFICIAL RHMZ WARNING PRODUCT
70297,BOJNIK,BOJNIK,БОЈНИК,0.0,0.0,0.0,0.0,0.0,6.635847973815743,56.70090293884277,9,45,2026-08-21T21:00:00Z,2026-08-20T00:00:00Z,0.0,0.0,0.0,53.1,0.0,4.0,9,,0.0,0.0,0.0,,,,0.0,2,0.0,0,0,0,0,GREEN,БЕЗ ЗНАЧАЈНОГ РИЗИКА,NO SIGNIFICANT RISK,MODERATE,ECMWF ENS,ECMWF ENS | GEFS,0.0,2,0.0,0,0,0,0,GREEN,БЕЗ ЗНАЧАЈНОГ РИЗИКА,NO SIGNIFICANT RISK,MODERATE,ECMWF ENS,ECMWF ENS | GEFS,0.0,2,0.0,0,0,0,0,GREEN,БЕЗ ЗНАЧАЈНОГ РИЗИКА,NO SIGNIFICANT RISK,MODERATE,ECMWF ENS,ECMWF ENS | GEFS,0.0,2,0.0,0,0,0,0,GREEN,БЕЗ ЗНАЧАЈНОГ РИЗИКА,NO SIGNIFICANT RISK,MODERATE,ECMWF ENS,ECMWF ENS | GEFS,0,GREEN,БЕЗ ЗНАЧАЈНОГ РИЗИКА,NO SIGNIFICANT RISK,NONE,MODERATE,15,2026-08-21T06:00:00+00:00,2026-08-21T21:00:00+00:00,STORMS,EXPERIMENTAL,DEVELOPMENTAL MULTIMODEL SIGNAL - NOT CALIBRATED PROBABILITY,PUBLIC OPEN-DATA SERVICES,INDEPENDENT PROJECT - NOT AN OFFICIAL RHMZ WARNING PRODUCT
70319,BOLJEVAC,BOLJEVAC,БОЉЕВАЦ,0.0,0.0,0.0,0.0,0.0,9.113066955835968,59.0,9,45,2026-08-21T21:00:00Z,2026-08-20T00:00:00Z,0.0,0.0,153.5,54.2,0.0,5.3,9,,0.0,0.0,0.0,,,,0.0,2,0.0,0,0,0,0,GREEN,БЕЗ ЗНАЧАЈНОГ РИЗИКА,NO SIGNIFICANT RISK,MODERATE,ECMWF ENS,ECMWF ENS | GEFS,0.0,2,0.0,0,0,0,0,GREEN,БЕЗ ЗНАЧАЈНОГ РИЗИКА,NO SIGNIFICANT RISK,MODERATE,ECMWF ENS,ECMWF ENS | GEFS,0.0,2,0.0,0,0,0,0,GREEN,БЕЗ ЗНАЧАЈНОГ РИЗИКА,NO SIGNIFICANT RISK,MODERATE,ECMWF ENS,ECMWF ENS | GEFS,0.0,2,0.0,0,0,0,0,GREEN,БЕЗ ЗНАЧАЈНОГ РИЗИКА,NO SIGNIFICANT RISK,MODERATE,ECMWF ENS,ECMWF ENS | GEFS,0,GREEN,БЕЗ ЗНАЧАЈНОГ РИЗИКА,NO SIGNIFICANT RISK,NONE,MODERATE,15,2026-08-21T06:00:00+00:00,2026-08-21T21:00:00+00:00,STORMS,EXPERIMENTAL,DEVELOPMENTAL MULTIMODEL SIGNAL - NOT CALIBRATED PROBABILITY,PUBLIC OPEN-DATA SERVICES,INDEPENDENT PROJECT - NOT AN OFFICIAL RHMZ WARNING PRODUCT
70289,BOGATIĆ,BOGATIĆ,БОГАТИЋ,0.0,0.0,0.0,0.0,0.0,14.594201487624302,57.27493667602539,7,45,2026-08-21T21:00:00Z,2026-08-20T00:00:00Z,0.0,0.0,124.8,62.7,0.0,13.1,7,,0.0,0.0,0.0,,,,0.0,2,0.0,0,0,0,0,GREEN,БЕЗ ЗНАЧАЈНОГ РИЗИКА,NO SIGNIFICANT RISK,MODERATE,ECMWF ENS,ECMWF ENS | GEFS,0.0,2,0.0,0,0,0,0,GREEN,БЕЗ ЗНАЧАЈНОГ РИЗИКА,NO SIGNIFICANT RISK,MODERATE,ECMWF ENS,ECMWF ENS | GEFS,0.0,2,0.0,0,0,0,0,GREEN,БЕЗ ЗНАЧАЈНОГ РИЗИКА,NO SIGNIFICANT RISK,MODERATE,ECMWF ENS,ECMWF ENS | GEFS,0.0,2,0.0,0,0,0,0,GREEN,БЕЗ ЗНАЧАЈНОГ РИЗИКА,NO SIGNIFICANT RISK,MODERATE,ECMWF ENS,ECMWF ENS | GEFS,0,GREEN,БЕЗ ЗНАЧАЈНОГ РИЗИКА,NO SIGNIFICANT RISK,NONE,MODERATE,15,2026-08-21T06:00:00+00:00,2026-08-21T21:00:00+00:00,STORMS,EXPERIMENTAL,DEVELOPMENTAL MULTIMODEL SIGNAL - NOT CALIBRATED PROBABILITY,PUBLIC OPEN-DATA SERVICES,INDEPENDENT PROJECT - NOT AN OFFICIAL RHMZ WARNING PRODUCT
70327,BOR,BOR,БОР,0.0,0.0,0.0,0.0,0.0,11.885052910763752,59.09999847412109,12,45,2026-08-21T21:00:00Z,2026-08-20T00:00:00Z,0.0,0.0,241.9,58.7,0.0,11.2,12,,0.0,0.0,0.0,,,,0.0,2,0.0,0,0,0,0,GREEN,БЕЗ ЗНАЧАЈНОГ РИЗИКА,NO SIGNIFICANT RISK,MODERATE,ECMWF ENS,ECMWF ENS | GEFS,0.0,2,0.0,0,0,0,0,GREEN,БЕЗ ЗНАЧАЈНОГ РИЗИКА,NO SIGNIFICANT RISK,MODERATE,ECMWF ENS,ECMWF ENS | GEFS,0.0,2,0.0,0,0,0,0,GREEN,БЕЗ ЗНАЧАЈНОГ РИЗИКА,NO SIGNIFICANT RISK,MODERATE,ECMWF ENS,ECMWF ENS | GEFS,0.0,2,0.0,0,0,0,0,GREEN,БЕЗ ЗНАЧАЈНОГ РИЗИКА,NO SIGNIFICANT RISK,MODERATE,ECMWF ENS,ECMWF ENS | GEFS,0,GREEN,БЕЗ ЗНАЧАЈНОГ РИЗИКА,NO SIGNIFICANT RISK,NONE,MODERATE,15,2026-08-21T06:00:00+00:00,2026-08-21T21:00:00+00:00,STORMS,EXPERIMENTAL,DEVELOPMENTAL MULTIMODEL SIGNAL - NOT CALIBRATED PROBABILITY,PUBLIC OPEN-DATA SERVICES,INDEPENDENT PROJECT - NOT AN OFFICIAL RHMZ WARNING PRODUCT
70335,BOSILEGRAD,BOSILEGRAD,БОСИЛЕГРАД,0.0,0.0,0.0,0.0,0.0,8.562852639574086,59.40090370178223,8,45,2026-08-21T21:00:00Z,2026-08-20T00:00:00Z,0.0,0.0,82.8,67.1,0.0,3.5,8,,0.0,0.0,0.0,,,,0.0,2,0.0,0,0,0,0,GREEN,БЕЗ ЗНАЧАЈНОГ РИЗИКА,NO SIGNIFICANT RISK,MODERATE,ECMWF ENS,ECMWF ENS | GEFS,0.0,2,0.0,0,0,0,0,GREEN,БЕЗ ЗНАЧАЈНОГ РИЗИКА,NO SIGNIFICANT RISK,MODERATE,ECMWF ENS,ECMWF ENS | GEFS,0.0,2,0.0,0,0,0,0,GREEN,БЕЗ ЗНАЧАЈНОГ РИЗИКА,NO SIGNIFICANT RISK,MODERATE,ECMWF ENS,ECMWF ENS | GEFS,0.0,2,0.0,0,0,0,0,GREEN,БЕЗ ЗНАЧАЈНОГ РИЗИКА,NO SIGNIFICANT RISK,MODERATE,ECMWF ENS,ECMWF ENS | GEFS,0,GREEN,БЕЗ ЗНАЧАЈНОГ РИЗИКА,NO SIGNIFICANT RISK,NONE,MODERATE,15,2026-08-21T06:00:00+00:00,2026-08-21T21:00:00+00:00,STORMS,EXPERIMENTAL,DEVELOPMENTAL MULTIMODEL SIGNAL - NOT CALIBRATED PROBABILITY,PUBLIC OPEN-DATA SERVICES,INDEPENDENT PROJECT - NOT AN OFFICIAL RHMZ WARNING PRODUCT
70343,BRUS,BRUS,БРУС,0.0,0.0,0.0,0.0,0.0,7.416077063962382,57.33018493652344,8,45,2026-08-21T21:00:00Z,2026-08-20T00:00:00Z,0.0,0.0,0.0,37.5,0.0,5.2,8,,0.0,0.0,0.0,,,,0.0,2,0.0,0,0,0,0,GREEN,БЕЗ ЗНАЧАЈНОГ РИЗИКА,NO SIGNIFICANT RISK,MODERATE,ECMWF ENS,ECMWF ENS | GEFS,0.0,2,0.0,0,0,0,0,GREEN,БЕЗ ЗНАЧАЈНОГ РИЗИКА,NO SIGNIFICANT RISK,MODERATE,ECMWF ENS,ECMWF ENS | GEFS,0.0,2,0.0,0,0,0,0,GREEN,БЕЗ ЗНАЧАЈНОГ РИЗИКА,NO SIGNIFICANT RISK,MODERATE,ECMWF ENS,ECMWF ENS | GEFS,0.0,2,0.0,0,0,0,0,GREEN,БЕЗ ЗНАЧАЈНОГ РИЗИКА,NO SIGNIFICANT RISK,MODERATE,ECMWF ENS,ECMWF ENS | GEFS,0,GREEN,БЕЗ ЗНАЧАЈНОГ РИЗИКА,NO SIGNIFICANT RISK,NONE,MODERATE,15,2026-08-21T06:00:00+00:00,2026-08-21T21:00:00+00:00,STORMS,EXPERIMENTAL,DEVELOPMENTAL MULTIMODEL SIGNAL - NOT CALIBRATED PROBABILITY,PUBLIC OPEN-DATA SERVICES,INDEPENDENT PROJECT - NOT AN OFFICIAL RHMZ WARNING PRODUCT
70351,BUJANOVAC,BUJANOVAC,БУЈАНОВАЦ,0.0,0.0,0.0,0.0,0.0,8.893037821745361,58.19813537597656,9,45,2026-08-21T21:00:00Z,2026-08-20T00:00:00Z,4.0,0.0,595.4,75.9,0.0,2.2,9,,0.0,0.0,0.0,,,,2.0,2,4.0,0,0,0,0,GREEN,БЕЗ ЗНАЧАЈНОГ РИЗИКА,NO SIGNIFICANT RISK,MODERATE,ECMWF ENS,ECMWF ENS | GEFS,0.0,2,0.0,0,0,0,0,GREEN,БЕЗ ЗНАЧАЈНОГ РИЗИКА,NO SIGNIFICANT RISK,MODERATE,ECMWF ENS,ECMWF ENS | GEFS,0.0,2,0.0,0,0,0,0,GREEN,БЕЗ ЗНАЧАЈНОГ РИЗИКА,NO SIGNIFICANT RISK,MODERATE,ECMWF ENS,ECMWF ENS | GEFS,0.0,2,0.0,0,0,0,0,GREEN,БЕЗ ЗНАЧАЈНОГ РИЗИКА,NO SIGNIFICANT RISK,MODERATE,ECMWF ENS,ECMWF ENS | GEFS,0,GREEN,БЕЗ ЗНАЧАЈНОГ РИЗИКА,NO SIGNIFICANT RISK,NONE,MODERATE,15,2026-08-21T06:00:00+00:00,2026-08-21T21:00:00+00:00,STORMS,EXPERIMENTAL,DEVELOPMENTAL MULTIMODEL SIGNAL - NOT CALIBRATED PROBABILITY,PUBLIC OPEN-DATA SERVICES,INDEPENDENT PROJECT - NOT AN OFFICIAL RHMZ WARNING PRODUCT
70360,VALJEVO-GRAD,VALJEVO-GRAD,ВАЉЕВО-ГРАД,0.0,0.0,0.0,0.0,0.0,13.359666270268196,53.174936294555664,12,45,2026-08-21T21:00:00Z,2026-08-20T00:00:00Z,0.0,0.0,0.2,56.8,0.0,10.8,12,,0.0,0.0,0.0,,,,0.0,2,0.0,0,0,0,0,GREEN,БЕЗ ЗНАЧАЈНОГ РИЗИКА,NO SIGNIFICANT RISK,MODERATE,ECMWF ENS,ECMWF ENS | GEFS,0.0,2,0.0,0,0,0,0,GREEN,БЕЗ ЗНАЧАЈНОГ РИЗИКА,NO SIGNIFICANT RISK,MODERATE,ECMWF ENS,ECMWF ENS | GEFS,0.0,2,0.0,0,0,0,0,GREEN,БЕЗ ЗНАЧАЈНОГ РИЗИКА,NO SIGNIFICANT RISK,MODERATE,ECMWF ENS,ECMWF ENS | GEFS,0.0,2,0.0,0,0,0,0,GREEN,БЕЗ ЗНАЧАЈНОГ РИЗИКА,NO SIGNIFICANT RISK,MODERATE,ECMWF ENS,ECMWF ENS | GEFS,0,GREEN,БЕЗ ЗНАЧАЈНОГ РИЗИКА,NO SIGNIFICANT RISK,NONE,MODERATE,15,2026-08-21T06:00:00+00:00,2026-08-21T21:00:00+00:00,STORMS,EXPERIMENTAL,DEVELOPMENTAL MULTIMODEL SIGNAL - NOT CALIBRATED PROBABILITY,PUBLIC OPEN-DATA SERVICES,INDEPENDENT PROJECT - NOT AN OFFICIAL RHMZ WARNING PRODUCT
70378,VARVARIN,VARVARIN,ВАРВАРИН,0.0,0.0,0.0,0.0,0.0,7.261811959985034,59.0,7,45,2026-08-21T21:00:00Z,2026-08-20T00:00:00Z,0.0,0.0,0.0,54.3,0.0,5.2,7,,0.0,0.0,0.0,,,,0.0,2,0.0,0,0,0,0,GREEN,БЕЗ ЗНАЧАЈНОГ РИЗИКА,NO SIGNIFICANT RISK,MODERATE,ECMWF ENS,ECMWF ENS | GEFS,0.0,2,0.0,0,0,0,0,GREEN,БЕЗ ЗНАЧАЈНОГ РИЗИКА,NO SIGNIFICANT RISK,MODERATE,ECMWF ENS,ECMWF ENS | GEFS,0.0,2,0.0,0,0,0,0,GREEN,БЕЗ ЗНАЧАЈНОГ РИЗИКА,NO SIGNIFICANT RISK,MODERATE,ECMWF ENS,ECMWF ENS | GEFS,0.0,2,0.0,0,0,0,0,GREEN,БЕЗ ЗНАЧАЈНОГ РИЗИКА,NO SIGNIFICANT RISK,MODERATE,ECMWF ENS,ECMWF ENS | GEFS,0,GREEN,БЕЗ ЗНАЧАЈНОГ РИЗИКА,NO SIGNIFICANT RISK,NONE,MODERATE,15,2026-08-21T06:00:00+00:00,2026-08-21T21:00:00+00:00,STORMS,EXPERIMENTAL,DEVELOPMENTAL MULTIMODEL SIGNAL - NOT CALIBRATED PROBABILITY,PUBLIC OPEN-DATA SERVICES,INDEPENDENT PROJECT - NOT AN OFFICIAL RHMZ WARNING PRODUCT
70386,VELIKA PLANA,VELIKA PLANA,ВЕЛИКА ПЛАНА,0.0,0.0,0.0,0.0,0.0,8.86090112882545,59.19999885559082,7,45,2026-08-21T21:00:00Z,2026-08-20T00:00:00Z,0.0,0.0,0.0,48.8,0.0,5.0,7,,0.0,0.0,0.0,,,,0.0,2,0.0,0,0,0,0,GREEN,БЕЗ ЗНАЧАЈНОГ РИЗИКА,NO SIGNIFICANT RISK,MODERATE,ECMWF ENS,ECMWF ENS | GEFS,0.0,2,0.0,0,0,0,0,GREEN,БЕЗ ЗНАЧАЈНОГ РИЗИКА,NO SIGNIFICANT RISK,MODERATE,ECMWF ENS,ECMWF ENS | GEFS,0.0,2,0.0,0,0,0,0,GREEN,БЕЗ ЗНАЧАЈНОГ РИЗИКА,NO SIGNIFICANT RISK,MODERATE,ECMWF ENS,ECMWF ENS | GEFS,0.0,2,0.0,0,0,0,0,GREEN,БЕЗ ЗНАЧАЈНОГ РИЗИКА,NO SIGNIFICANT RISK,MODERATE,ECMWF ENS,ECMWF ENS | GEFS,0,GREEN,БЕЗ ЗНАЧАЈНОГ РИЗИКА,NO SIGNIFICANT RISK,NONE,MODERATE,15,2026-08-21T06:00:00+00:00,2026-08-21T21:00:00+00:00,STORMS,EXPERIMENTAL,DEVELOPMENTAL MULTIMODEL SIGNAL - NOT CALIBRATED PROBABILITY,PUBLIC OPEN-DATA SERVICES,INDEPENDENT PROJECT - NOT AN OFFICIAL RHMZ WARNING PRODUCT
70394,VELIKO GRADIŠTE,VELIKO GRADIŠTE,ВЕЛИКО ГРАДИШТЕ,0.0,0.0,0.0,0.0,0.0,9.864002060714618,60.55000114440918,9,45,2026-08-21T21:00:00Z,2026-08-20T00:00:00Z,0.0,0.0,102.8,59.8,0.0,5.6,9,,0.0,0.0,0.0,,,,0.0,2,0.0,0,0,0,0,GREEN,БЕЗ ЗНАЧАЈНОГ РИЗИКА,NO SIGNIFICANT RISK,MODERATE,ECMWF ENS,ECMWF ENS | GEFS,0.0,2,0.0,0,0,0,0,GREEN,БЕЗ ЗНАЧАЈНОГ РИЗИКА,NO SIGNIFICANT RISK,MODERATE,ECMWF ENS,ECMWF ENS | GEFS,0.0,2,0.0,0,0,0,0,GREEN,БЕЗ ЗНАЧАЈНОГ РИЗИКА,NO SIGNIFICANT RISK,MODERATE,ECMWF ENS,ECMWF ENS | GEFS,0.0,2,0.0,0,0,0,0,GREEN,БЕЗ ЗНАЧАЈНОГ РИЗИКА,NO SIGNIFICANT RISK,MODERATE,ECMWF ENS,ECMWF ENS | GEFS,0,GREEN,БЕЗ ЗНАЧАЈНОГ РИЗИКА,NO SIGNIFICANT RISK,NONE,MODERATE,15,2026-08-21T06:00:00+00:00,2026-08-21T21:00:00+00:00,STORMS,EXPERIMENTAL,DEVELOPMENTAL MULTIMODEL SIGNAL - NOT CALIBRATED PROBABILITY,PUBLIC OPEN-DATA SERVICES,INDEPENDENT PROJECT - NOT AN OFFICIAL RHMZ WARNING PRODUCT
90018,VITINA,VITINA,ВИТИНА,0.0,0.0,0.0,0.0,0.0,8.893037821745361,59.624298095703125,6,45,2026-08-21T21:00:00Z,2026-08-20T00:00:00Z,4.0,0.0,595.4,75.9,0.0,2.2,6,,0.0,0.0,0.0,,,,2.0,2,4.0,0,0,0,0,GREEN,БЕЗ ЗНАЧАЈНОГ РИЗИКА,NO SIGNIFICANT RISK,MODERATE,ECMWF ENS,ECMWF ENS | GEFS,0.0,2,0.0,0,0,0,0,GREEN,БЕЗ ЗНАЧАЈНОГ РИЗИКА,NO SIGNIFICANT RISK,MODERATE,ECMWF ENS,ECMWF ENS | GEFS,0.0,2,0.0,0,0,0,0,GREEN,БЕЗ ЗНАЧАЈНОГ РИЗИКА,NO SIGNIFICANT RISK,MODERATE,ECMWF ENS,ECMWF ENS | GEFS,0.0,2,0.0,0,0,0,0,GREEN,БЕЗ ЗНАЧАЈНОГ РИЗИКА,NO SIGNIFICANT RISK,MODERATE,ECMWF ENS,ECMWF ENS | GEFS,0,GREEN,БЕЗ ЗНАЧАЈНОГ РИЗИКА,NO SIGNIFICANT RISK,NONE,MODERATE,15,2026-08-21T06:00:00+00:00,2026-08-21T21:00:00+00:00,STORMS,EXPERIMENTAL,DEVELOPMENTAL MULTIMODEL SIGNAL - NOT CALIBRATED PROBABILITY,PUBLIC OPEN-DATA SERVICES,INDEPENDENT PROJECT - NOT AN OFFICIAL RHMZ WARNING PRODUCT
70408,VLADIMIRCI,VLADIMIRCI,ВЛАДИМИРЦИ,0.0,0.0,0.0,0.0,0.0,14.047826487548706,54.57499980926514,8,45,2026-08-21T21:00:00Z,2026-08-20T00:00:00Z,0.0,0.0,28.5,59.1,0.0,11.4,8,,0.0,0.0,0.0,,,,0.0,2,0.0,0,0,0,0,GREEN,БЕЗ ЗНАЧАЈНОГ РИЗИКА,NO SIGNIFICANT RISK,MODERATE,ECMWF ENS,ECMWF ENS | GEFS,0.0,2,0.0,0,0,0,0,GREEN,БЕЗ ЗНАЧАЈНОГ РИЗИКА,NO SIGNIFICANT RISK,MODERATE,ECMWF ENS,ECMWF ENS | GEFS,0.0,2,0.0,0,0,0,0,GREEN,БЕЗ ЗНАЧАЈНОГ РИЗИКА,NO SIGNIFICANT RISK,MODERATE,ECMWF ENS,ECMWF ENS | GEFS,0.0,2,0.0,0,0,0,0,GREEN,БЕЗ ЗНАЧАЈНОГ РИЗИКА,NO SIGNIFICANT RISK,MODERATE,ECMWF ENS,ECMWF ENS | GEFS,0,GREEN,БЕЗ ЗНАЧАЈНОГ РИЗИКА,NO SIGNIFICANT RISK,NONE,MODERATE,15,2026-08-21T06:00:00+00:00,2026-08-21T21:00:00+00:00,STORMS,EXPERIMENTAL,DEVELOPMENTAL MULTIMODEL SIGNAL - NOT CALIBRATED PROBABILITY,PUBLIC OPEN-DATA SERVICES,INDEPENDENT PROJECT - NOT AN OFFICIAL RHMZ WARNING PRODUCT
70416,VLADIČIN HAN,VLADIČIN HAN,ВЛАДИЧИН ХАН,0.0,0.0,0.0,0.0,0.0,8.562852639574086,58.856746673583984,9,45,2026-08-21T21:00:00Z,2026-08-20T00:00:00Z,0.0,0.0,0.0,62.2,0.0,2.1,9,,0.0,0.0,0.0,,,,0.0,2,0.0,0,0,0,0,GREEN,БЕЗ ЗНАЧАЈНОГ РИЗИКА,NO SIGNIFICANT RISK,MODERATE,ECMWF ENS,ECMWF ENS | GEFS,0.0,2,0.0,0,0,0,0,GREEN,БЕЗ ЗНАЧАЈНОГ РИЗИКА,NO SIGNIFICANT RISK,MODERATE,ECMWF ENS,ECMWF ENS | GEFS,0.0,2,0.0,0,0,0,0,GREEN,БЕЗ ЗНАЧАЈНОГ РИЗИКА,NO SIGNIFICANT RISK,MODERATE,ECMWF ENS,ECMWF ENS | GEFS,0.0,2,0.0,0,0,0,0,GREEN,БЕЗ ЗНАЧАЈНОГ РИЗИКА,NO SIGNIFICANT RISK,MODERATE,ECMWF ENS,ECMWF ENS | GEFS,0,GREEN,БЕЗ ЗНАЧАЈНОГ РИЗИКА,NO SIGNIFICANT RISK,NONE,MODERATE,15,2026-08-21T06:00:00+00:00,2026-08-21T21:00:00+00:00,STORMS,EXPERIMENTAL,DEVELOPMENTAL MULTIMODEL SIGNAL - NOT CALIBRATED PROBABILITY,PUBLIC OPEN-DATA SERVICES,INDEPENDENT PROJECT - NOT AN OFFICIAL RHMZ WARNING PRODUCT
70424,VLASOTINCE,VLASOTINCE,ВЛАСОТИНЦЕ,0.0,0.0,0.0,0.0,0.0,5.448874343775236,58.856746673583984,9,45,2026-08-21T21:00:00Z,2026-08-20T00:00:00Z,0.0,0.0,123.1,61.4,0.0,1.5,9,,0.0,0.0,0.0,,,,0.0,2,0.0,0,0,0,0,GREEN,БЕЗ ЗНАЧАЈНОГ РИЗИКА,NO SIGNIFICANT RISK,MODERATE,ECMWF ENS,ECMWF ENS | GEFS,0.0,2,0.0,0,0,0,0,GREEN,БЕЗ ЗНАЧАЈНОГ РИЗИКА,NO SIGNIFICANT RISK,MODERATE,ECMWF ENS,ECMWF ENS | GEFS,0.0,2,0.0,0,0,0,0,GREEN,БЕЗ ЗНАЧАЈНОГ РИЗИКА,NO SIGNIFICANT RISK,MODERATE,ECMWF ENS,ECMWF ENS | GEFS,0.0,2,0.0,0,0,0,0,GREEN,БЕЗ ЗНАЧАЈНОГ РИЗИКА,NO SIGNIFICANT RISK,MODERATE,ECMWF ENS,ECMWF ENS | GEFS,0,GREEN,БЕЗ ЗНАЧАЈНОГ РИЗИКА,NO SIGNIFICANT RISK,NONE,MODERATE,15,2026-08-21T06:00:00+00:00,2026-08-21T21:00:00+00:00,STORMS,EXPERIMENTAL,DEVELOPMENTAL MULTIMODEL SIGNAL - NOT CALIBRATED PROBABILITY,PUBLIC OPEN-DATA SERVICES,INDEPENDENT PROJECT - NOT AN OFFICIAL RHMZ WARNING PRODUCT
70459,VRNJAČKA BANJA,VRNJAČKA BANJA,ВРЊАЧКА БАЊА,0.0,0.0,0.0,0.0,0.0,7.483130875312696,57.33018493652344,7,45,2026-08-21T21:00:00Z,2026-08-20T00:00:00Z,0.0,0.0,0.0,37.9,0.0,6.4,7,,0.0,0.0,0.0,,,,0.0,2,0.0,0,0,0,0,GREEN,БЕЗ ЗНАЧАЈНОГ РИЗИКА,NO SIGNIFICANT RISK,MODERATE,ECMWF ENS,ECMWF ENS | GEFS,0.0,2,0.0,0,0,0,0,GREEN,БЕЗ ЗНАЧАЈНОГ РИЗИКА,NO SIGNIFICANT RISK,MODERATE,ECMWF ENS,ECMWF ENS | GEFS,0.0,2,0.0,0,0,0,0,GREEN,БЕЗ ЗНАЧАЈНОГ РИЗИКА,NO SIGNIFICANT RISK,MODERATE,ECMWF ENS,ECMWF ENS | GEFS,0.0,2,0.0,0,0,0,0,GREEN,БЕЗ ЗНАЧАЈНОГ РИЗИКА,NO SIGNIFICANT RISK,MODERATE,ECMWF ENS,ECMWF ENS | GEFS,0,GREEN,БЕЗ ЗНАЧАЈНОГ РИЗИКА,NO SIGNIFICANT RISK,NONE,MODERATE,15,2026-08-21T06:00:00+00:00,2026-08-21T21:00:00+00:00,STORMS,EXPERIMENTAL,DEVELOPMENTAL MULTIMODEL SIGNAL - NOT CALIBRATED PROBABILITY,PUBLIC OPEN-DATA SERVICES,INDEPENDENT PROJECT - NOT AN OFFICIAL RHMZ WARNING PRODUCT
70432,VRANJE-GRAD,VRANJE-GRAD,ВРАЊЕ-ГРАД,0.0,0.0,0.0,0.0,0.0,8.893037821745361,59.10000228881836,14,45,2026-08-21T21:00:00Z,2026-08-20T00:00:00Z,0.0,0.0,0.0,58.1,0.0,1.9,14,,0.0,0.0,0.0,,,,0.0,2,0.0,0,0,0,0,GREEN,БЕЗ ЗНАЧАЈНОГ РИЗИКА,NO SIGNIFICANT RISK,MODERATE,ECMWF ENS,ECMWF ENS | GEFS,0.0,2,0.0,0,0,0,0,GREEN,БЕЗ ЗНАЧАЈНОГ РИЗИКА,NO SIGNIFICANT RISK,MODERATE,ECMWF ENS,ECMWF ENS | GEFS,0.0,2,0.0,0,0,0,0,GREEN,БЕЗ ЗНАЧАЈНОГ РИЗИКА,NO SIGNIFICANT RISK,MODERATE,ECMWF ENS,ECMWF ENS | GEFS,0.0,2,0.0,0,0,0,0,GREEN,БЕЗ ЗНАЧАЈНОГ РИЗИКА,NO SIGNIFICANT RISK,MODERATE,ECMWF ENS,ECMWF ENS | GEFS,0,GREEN,БЕЗ ЗНАЧАЈНОГ РИЗИКА,NO SIGNIFICANT RISK,NONE,MODERATE,15,2026-08-21T06:00:00+00:00,2026-08-21T21:00:00+00:00,STORMS,EXPERIMENTAL,DEVELOPMENTAL MULTIMODEL SIGNAL - NOT CALIBRATED PROBABILITY,PUBLIC OPEN-DATA SERVICES,INDEPENDENT PROJECT - NOT AN OFFICIAL RHMZ WARNING PRODUCT
80462,VRBAS,VRBAS,ВРБАС,0.0,0.0,0.0,0.0,3.0,13.984367371580293,62.54999923706055,8,45,2026-08-21T21:00:00Z,2026-08-20T00:00:00Z,0.0,0.0,102.9,71.7,0.0,11.7,8,,0.0,0.0,0.0,,,,0.0,2,0.0,0,0,0,0,GREEN,БЕЗ ЗНАЧАЈНОГ РИЗИКА,NO SIGNIFICANT RISK,MODERATE,ECMWF ENS,ECMWF ENS | GEFS,0.0,2,0.0,0,0,0,0,GREEN,БЕЗ ЗНАЧАЈНОГ РИЗИКА,NO SIGNIFICANT RISK,MODERATE,ECMWF ENS,ECMWF ENS | GEFS,0.0,2,0.0,0,0,0,0,GREEN,БЕЗ ЗНАЧАЈНОГ РИЗИКА,NO SIGNIFICANT RISK,MODERATE,ECMWF ENS,ECMWF ENS | GEFS,0.0,2,0.0,0,0,0,0,GREEN,БЕЗ ЗНАЧАЈНОГ РИЗИКА,NO SIGNIFICANT RISK,MODERATE,ECMWF ENS,ECMWF ENS | GEFS,0,GREEN,БЕЗ ЗНАЧАЈНОГ РИЗИКА,NO SIGNIFICANT RISK,NONE,MODERATE,15,2026-08-21T06:00:00+00:00,2026-08-21T21:00:00+00:00,STORMS,EXPERIMENTAL,DEVELOPMENTAL MULTIMODEL SIGNAL - NOT CALIBRATED PROBABILITY,PUBLIC OPEN-DATA SERVICES,INDEPENDENT PROJECT - NOT AN OFFICIAL RHMZ WARNING PRODUCT
80128,VRŠAC,VRŠAC,ВРШАЦ,0.0,0.0,0.0,0.0,0.0,10.887088227386537,60.5,10,45,2026-08-21T21:00:00Z,2026-08-20T00:00:00Z,0.0,0.0,24.9,59.0,0.0,6.5,10,,0.0,0.0,0.0,,,,0.0,2,0.0,0,0,0,0,GREEN,БЕЗ ЗНАЧАЈНОГ РИЗИКА,NO SIGNIFICANT RISK,MODERATE,ECMWF ENS,ECMWF ENS | GEFS,0.0,2,0.0,0,0,0,0,GREEN,БЕЗ ЗНАЧАЈНОГ РИЗИКА,NO SIGNIFICANT RISK,MODERATE,ECMWF ENS,ECMWF ENS | GEFS,0.0,2,0.0,0,0,0,0,GREEN,БЕЗ ЗНАЧАЈНОГ РИЗИКА,NO SIGNIFICANT RISK,MODERATE,ECMWF ENS,ECMWF ENS | GEFS,0.0,2,0.0,0,0,0,0,GREEN,БЕЗ ЗНАЧАЈНОГ РИЗИКА,NO SIGNIFICANT RISK,MODERATE,ECMWF ENS,ECMWF ENS | GEFS,0,GREEN,БЕЗ ЗНАЧАЈНОГ РИЗИКА,NO SIGNIFICANT RISK,NONE,MODERATE,15,2026-08-21T06:00:00+00:00,2026-08-21T21:00:00+00:00,STORMS,EXPERIMENTAL,DEVELOPMENTAL MULTIMODEL SIGNAL - NOT CALIBRATED PROBABILITY,PUBLIC OPEN-DATA SERVICES,INDEPENDENT PROJECT - NOT AN OFFICIAL RHMZ WARNING PRODUCT
90026,VUČITRN,VUČITRN,ВУЧИТРН,0.0,0.0,0.0,0.0,0.0,7.388690751433886,56.97429656982422,7,45,2026-08-21T21:00:00Z,2026-08-20T00:00:00Z,0.0,0.0,0.0,35.7,0.0,4.0,7,,0.0,0.0,0.0,,,,0.0,2,0.0,0,0,0,0,GREEN,БЕЗ ЗНАЧАЈНОГ РИЗИКА,NO SIGNIFICANT RISK,MODERATE,ECMWF ENS,ECMWF ENS | GEFS,0.0,2,0.0,0,0,0,0,GREEN,БЕЗ ЗНАЧАЈНОГ РИЗИКА,NO SIGNIFICANT RISK,MODERATE,ECMWF ENS,ECMWF ENS | GEFS,0.0,2,0.0,0,0,0,0,GREEN,БЕЗ ЗНАЧАЈНОГ РИЗИКА,NO SIGNIFICANT RISK,MODERATE,ECMWF ENS,ECMWF ENS | GEFS,0.0,2,0.0,0,0,0,0,GREEN,БЕЗ ЗНАЧАЈНОГ РИЗИКА,NO SIGNIFICANT RISK,MODERATE,ECMWF ENS,ECMWF ENS | GEFS,0,GREEN,БЕЗ ЗНАЧАЈНОГ РИЗИКА,NO SIGNIFICANT RISK,NONE,MODERATE,15,2026-08-21T06:00:00+00:00,2026-08-21T21:00:00+00:00,STORMS,EXPERIMENTAL,DEVELOPMENTAL MULTIMODEL SIGNAL - NOT CALIBRATED PROBABILITY,PUBLIC OPEN-DATA SERVICES,INDEPENDENT PROJECT - NOT AN OFFICIAL RHMZ WARNING PRODUCT
90042,GNJILANE,GNJILANE,ГЊИЛАНЕ,0.0,0.0,0.0,0.0,0.0,8.893037821745361,58.739624977111816,9,45,2026-08-21T21:00:00Z,2026-08-20T00:00:00Z,4.0,0.0,595.4,75.9,0.0,2.2,9,,0.0,0.0,0.0,,,,2.0,2,4.0,0,0,0,0,GREEN,БЕЗ ЗНАЧАЈНОГ РИЗИКА,NO SIGNIFICANT RISK,MODERATE,ECMWF ENS,ECMWF ENS | GEFS,0.0,2,0.0,0,0,0,0,GREEN,БЕЗ ЗНАЧАЈНОГ РИЗИКА,NO SIGNIFICANT RISK,MODERATE,ECMWF ENS,ECMWF ENS | GEFS,0.0,2,0.0,0,0,0,0,GREEN,БЕЗ ЗНАЧАЈНОГ РИЗИКА,NO SIGNIFICANT RISK,MODERATE,ECMWF ENS,ECMWF ENS | GEFS,0.0,2,0.0,0,0,0,0,GREEN,БЕЗ ЗНАЧАЈНОГ РИЗИКА,NO SIGNIFICANT RISK,MODERATE,ECMWF ENS,ECMWF ENS | GEFS,0,GREEN,БЕЗ ЗНАЧАЈНОГ РИЗИКА,NO SIGNIFICANT RISK,NONE,MODERATE,15,2026-08-21T06:00:00+00:00,2026-08-21T21:00:00+00:00,STORMS,EXPERIMENTAL,DEVELOPMENTAL MULTIMODEL SIGNAL - NOT CALIBRATED PROBABILITY,PUBLIC OPEN-DATA SERVICES,INDEPENDENT PROJECT - NOT AN OFFICIAL RHMZ WARNING PRODUCT
70467,GADŽIN HAN,GADŽIN HAN,ГАЏИН ХАН,0.0,0.0,0.0,0.0,0.0,4.778040507246401,58.77429962158203,8,45,2026-08-21T21:00:00Z,2026-08-20T00:00:00Z,0.0,0.0,10.9,58.9,0.0,2.2,8,,0.0,0.0,0.0,,,,0.0,2,0.0,0,0,0,0,GREEN,БЕЗ ЗНАЧАЈНОГ РИЗИКА,NO SIGNIFICANT RISK,MODERATE,ECMWF ENS,ECMWF ENS | GEFS,0.0,2,0.0,0,0,0,0,GREEN,БЕЗ ЗНАЧАЈНОГ РИЗИКА,NO SIGNIFICANT RISK,MODERATE,ECMWF ENS,ECMWF ENS | GEFS,0.0,2,0.0,0,0,0,0,GREEN,БЕЗ ЗНАЧАЈНОГ РИЗИКА,NO SIGNIFICANT RISK,MODERATE,ECMWF ENS,ECMWF ENS | GEFS,0.0,2,0.0,0,0,0,0,GREEN,БЕЗ ЗНАЧАЈНОГ РИЗИКА,NO SIGNIFICANT RISK,MODERATE,ECMWF ENS,ECMWF ENS | GEFS,0,GREEN,БЕЗ ЗНАЧАЈНОГ РИЗИКА,NO SIGNIFICANT RISK,NONE,MODERATE,15,2026-08-21T06:00:00+00:00,2026-08-21T21:00:00+00:00,STORMS,EXPERIMENTAL,DEVELOPMENTAL MULTIMODEL SIGNAL - NOT CALIBRATED PROBABILITY,PUBLIC OPEN-DATA SERVICES,INDEPENDENT PROJECT - NOT AN OFFICIAL RHMZ WARNING PRODUCT
90034,GLOGOVAC,GLOGOVAC,ГЛОГОВАЦ,0.0,0.0,0.0,0.0,0.0,8.123866585310243,57.2742977142334,8,45,2026-08-21T21:00:00Z,2026-08-20T00:00:00Z,0.0,0.0,0.0,31.0,0.0,3.3,8,,0.0,0.0,0.0,,,,0.0,2,0.0,0,0,0,0,GREEN,БЕЗ ЗНАЧАЈНОГ РИЗИКА,NO SIGNIFICANT RISK,MODERATE,ECMWF ENS,ECMWF ENS | GEFS,0.0,2,0.0,0,0,0,0,GREEN,БЕЗ ЗНАЧАЈНОГ РИЗИКА,NO SIGNIFICANT RISK,MODERATE,ECMWF ENS,ECMWF ENS | GEFS,0.0,2,0.0,0,0,0,0,GREEN,БЕЗ ЗНАЧАЈНОГ РИЗИКА,NO SIGNIFICANT RISK,MODERATE,ECMWF ENS,ECMWF ENS | GEFS,0.0,2,0.0,0,0,0,0,GREEN,БЕЗ ЗНАЧАЈНОГ РИЗИКА,NO SIGNIFICANT RISK,MODERATE,ECMWF ENS,ECMWF ENS | GEFS,0,GREEN,БЕЗ ЗНАЧАЈНОГ РИЗИКА,NO SIGNIFICANT RISK,NONE,MODERATE,15,2026-08-21T06:00:00+00:00,2026-08-21T21:00:00+00:00,STORMS,EXPERIMENTAL,DEVELOPMENTAL MULTIMODEL SIGNAL - NOT CALIBRATED PROBABILITY,PUBLIC OPEN-DATA SERVICES,INDEPENDENT PROJECT - NOT AN OFFICIAL RHMZ WARNING PRODUCT
70475,GOLUBAC,GOLUBAC,ГОЛУБАЦ,0.0,0.0,0.0,0.0,0.0,12.10426912326728,60.55000114440918,10,45,2026-08-21T21:00:00Z,2026-08-20T00:00:00Z,0.0,0.0,124.5,61.6,0.0,5.8,10,,0.0,0.0,0.0,,,,0.0,2,0.0,0,0,0,0,GREEN,БЕЗ ЗНАЧАЈНОГ РИЗИКА,NO SIGNIFICANT RISK,MODERATE,ECMWF ENS,ECMWF ENS | GEFS,0.0,2,0.0,0,0,0,0,GREEN,БЕЗ ЗНАЧАЈНОГ РИЗИКА,NO SIGNIFICANT RISK,MODERATE,ECMWF ENS,ECMWF ENS | GEFS,0.0,2,0.0,0,0,0,0,GREEN,БЕЗ ЗНАЧАЈНОГ РИЗИКА,NO SIGNIFICANT RISK,MODERATE,ECMWF ENS,ECMWF ENS | GEFS,0.0,2,0.0,0,0,0,0,GREEN,БЕЗ ЗНАЧАЈНОГ РИЗИКА,NO SIGNIFICANT RISK,MODERATE,ECMWF ENS,ECMWF ENS | GEFS,0,GREEN,БЕЗ ЗНАЧАЈНОГ РИЗИКА,NO SIGNIFICANT RISK,NONE,MODERATE,15,2026-08-21T06:00:00+00:00,2026-08-21T21:00:00+00:00,STORMS,EXPERIMENTAL,DEVELOPMENTAL MULTIMODEL SIGNAL - NOT CALIBRATED PROBABILITY,PUBLIC OPEN-DATA SERVICES,INDEPENDENT PROJECT - NOT AN OFFICIAL RHMZ WARNING PRODUCT
70483,GORNJI MILANOVAC,GORNJI MILANOVAC,ГОРЊИ МИЛАНОВАЦ,0.0,0.0,0.0,0.0,0.0,10.748571236569475,53.46647071838379,10,45,2026-08-21T21:00:00Z,2026-08-20T00:00:00Z,0.0,0.0,0.0,48.1,0.0,7.3,10,,0.0,0.0,0.0,,,,0.0,2,0.0,0,0,0,0,GREEN,БЕЗ ЗНАЧАЈНОГ РИЗИКА,NO SIGNIFICANT RISK,MODERATE,ECMWF ENS,ECMWF ENS | GEFS,0.0,2,0.0,0,0,0,0,GREEN,БЕЗ ЗНАЧАЈНОГ РИЗИКА,NO SIGNIFICANT RISK,MODERATE,ECMWF ENS,ECMWF ENS | GEFS,0.0,2,0.0,0,0,0,0,GREEN,БЕЗ ЗНАЧАЈНОГ РИЗИКА,NO SIGNIFICANT RISK,MODERATE,ECMWF ENS,ECMWF ENS | GEFS,0.0,2,0.0,0,0,0,0,GREEN,БЕЗ ЗНАЧАЈНОГ РИЗИКА,NO SIGNIFICANT RISK,MODERATE,ECMWF ENS,ECMWF ENS | GEFS,0,GREEN,БЕЗ ЗНАЧАЈНОГ РИЗИКА,NO SIGNIFICANT RISK,NONE,MODERATE,15,2026-08-21T06:00:00+00:00,2026-08-21T21:00:00+00:00,STORMS,EXPERIMENTAL,DEVELOPMENTAL MULTIMODEL SIGNAL - NOT CALIBRATED PROBABILITY,PUBLIC OPEN-DATA SERVICES,INDEPENDENT PROJECT - NOT AN OFFICIAL RHMZ WARNING PRODUCT
90336,GORA,GORA,ГОРА,0.0,0.0,0.0,0.0,0.0,4.105249043108668,61.10090255737305,7,45,2026-08-21T21:00:00Z,2026-08-20T00:00:00Z,0.0,0.0,0.0,25.6,0.0,3.1,7,,0.0,0.0,0.0,,,,0.0,2,0.0,0,0,0,0,GREEN,БЕЗ ЗНАЧАЈНОГ РИЗИКА,NO SIGNIFICANT RISK,MODERATE,ECMWF ENS,ECMWF ENS | GEFS,0.0,2,0.0,0,0,0,0,GREEN,БЕЗ ЗНАЧАЈНОГ РИЗИКА,NO SIGNIFICANT RISK,MODERATE,ECMWF ENS,ECMWF ENS | GEFS,0.0,2,0.0,0,0,0,0,GREEN,БЕЗ ЗНАЧАЈНОГ РИЗИКА,NO SIGNIFICANT RISK,MODERATE,ECMWF ENS,ECMWF ENS | GEFS,0.0,2,0.0,0,0,0,0,GREEN,БЕЗ ЗНАЧАЈНОГ РИЗИКА,NO SIGNIFICANT RISK,MODERATE,ECMWF ENS,ECMWF ENS | GEFS,0,GREEN,БЕЗ ЗНАЧАЈНОГ РИЗИКА,NO SIGNIFICANT RISK,NONE,MODERATE,15,2026-08-21T06:00:00+00:00,2026-08-21T21:00:00+00:00,STORMS,EXPERIMENTAL,DEVELOPMENTAL MULTIMODEL SIGNAL - NOT CALIBRATED PROBABILITY,PUBLIC OPEN-DATA SERVICES,INDEPENDENT PROJECT - NOT AN OFFICIAL RHMZ WARNING PRODUCT
70491,DESPOTOVAC,DESPOTOVAC,ДЕСПОТОВАЦ,0.0,0.0,0.0,0.0,0.0,10.189956026448016,59.15674781799317,11,45,2026-08-21T21:00:00Z,2026-08-20T00:00:00Z,0.0,0.0,0.0,51.4,0.0,5.8,11,,0.0,0.0,0.0,,,,0.0,2,0.0,0,0,0,0,GREEN,БЕЗ ЗНАЧАЈНОГ РИЗИКА,NO SIGNIFICANT RISK,MODERATE,ECMWF ENS,ECMWF ENS | GEFS,0.0,2,0.0,0,0,0,0,GREEN,БЕЗ ЗНАЧАЈНОГ РИЗИКА,NO SIGNIFICANT RISK,MODERATE,ECMWF ENS,ECMWF ENS | GEFS,0.0,2,0.0,0,0,0,0,GREEN,БЕЗ ЗНАЧАЈНОГ РИЗИКА,NO SIGNIFICANT RISK,MODERATE,ECMWF ENS,ECMWF ENS | GEFS,0.0,2,0.0,0,0,0,0,GREEN,БЕЗ ЗНАЧАЈНОГ РИЗИКА,NO SIGNIFICANT RISK,MODERATE,ECMWF ENS,ECMWF ENS | GEFS,0,GREEN,БЕЗ ЗНАЧАЈНОГ РИЗИКА,NO SIGNIFICANT RISK,NONE,MODERATE,15,2026-08-21T06:00:00+00:00,2026-08-21T21:00:00+00:00,STORMS,EXPERIMENTAL,DEVELOPMENTAL MULTIMODEL SIGNAL - NOT CALIBRATED PROBABILITY,PUBLIC OPEN-DATA SERVICES,INDEPENDENT PROJECT - NOT AN OFFICIAL RHMZ WARNING PRODUCT
90069,DEČANI,DEČANI,ДЕЧАНИ,0.0,0.0,0.0,0.0,0.0,5.181513262994579,57.2742977142334,9,45,2026-08-21T21:00:00Z,2026-08-20T00:00:00Z,0.0,0.0,0.0,40.0,0.0,3.3,9,,0.0,0.0,0.0,,,,0.0,2,0.0,0,0,0,0,GREEN,БЕЗ ЗНАЧАЈНОГ РИЗИКА,NO SIGNIFICANT RISK,MODERATE,ECMWF ENS,ECMWF ENS | GEFS,0.0,2,0.0,0,0,0,0,GREEN,БЕЗ ЗНАЧАЈНОГ РИЗИКА,NO SIGNIFICANT RISK,MODERATE,ECMWF ENS,ECMWF ENS | GEFS,0.0,2,0.0,0,0,0,0,GREEN,БЕЗ ЗНАЧАЈНОГ РИЗИКА,NO SIGNIFICANT RISK,MODERATE,ECMWF ENS,ECMWF ENS | GEFS,0.0,2,0.0,0,0,0,0,GREEN,БЕЗ ЗНАЧАЈНОГ РИЗИКА,NO SIGNIFICANT RISK,MODERATE,ECMWF ENS,ECMWF ENS | GEFS,0,GREEN,БЕЗ ЗНАЧАЈНОГ РИЗИКА,NO SIGNIFICANT RISK,NONE,MODERATE,15,2026-08-21T06:00:00+00:00,2026-08-21T21:00:00+00:00,STORMS,EXPERIMENTAL,DEVELOPMENTAL MULTIMODEL SIGNAL - NOT CALIBRATED PROBABILITY,PUBLIC OPEN-DATA SERVICES,INDEPENDENT PROJECT - NOT AN OFFICIAL RHMZ WARNING PRODUCT
70505,DIMITROVGRAD,DIMITROVGRAD,ДИМИТРОВГРАД,0.0,0.0,0.0,0.0,0.0,3.208781670696254,58.856746673583984,10,45,2026-08-21T21:00:00Z,2026-08-20T00:00:00Z,0.0,0.0,779.2,77.1,0.0,2.7,10,,0.0,0.0,0.0,,,,0.0,2,0.0,0,0,0,0,GREEN,БЕЗ ЗНАЧАЈНОГ РИЗИКА,NO SIGNIFICANT RISK,MODERATE,ECMWF ENS,ECMWF ENS | GEFS,0.0,2,0.0,0,0,0,0,GREEN,БЕЗ ЗНАЧАЈНОГ РИЗИКА,NO SIGNIFICANT RISK,MODERATE,ECMWF ENS,ECMWF ENS | GEFS,0.0,2,0.0,0,0,0,0,GREEN,БЕЗ ЗНАЧАЈНОГ РИЗИКА,NO SIGNIFICANT RISK,MODERATE,ECMWF ENS,ECMWF ENS | GEFS,0.0,2,0.0,0,0,0,0,GREEN,БЕЗ ЗНАЧАЈНОГ РИЗИКА,NO SIGNIFICANT RISK,MODERATE,ECMWF ENS,ECMWF ENS | GEFS,0,GREEN,БЕЗ ЗНАЧАЈНОГ РИЗИКА,NO SIGNIFICANT RISK,NONE,MODERATE,15,2026-08-21T06:00:00+00:00,2026-08-21T21:00:00+00:00,STORMS,EXPERIMENTAL,DEVELOPMENTAL MULTIMODEL SIGNAL - NOT CALIBRATED PROBABILITY,PUBLIC OPEN-DATA SERVICES,INDEPENDENT PROJECT - NOT AN OFFICIAL RHMZ WARNING PRODUCT
70513,DOLJEVAC,DOLJEVAC,ДОЉЕВАЦ,0.0,0.0,0.0,0.0,0.0,6.108302678765383,56.70090293884277,5,45,2026-08-21T21:00:00Z,2026-08-20T00:00:00Z,0.0,0.0,0.0,53.1,0.0,4.0,5,,0.0,0.0,0.0,,,,0.0,2,0.0,0,0,0,0,GREEN,БЕЗ ЗНАЧАЈНОГ РИЗИКА,NO SIGNIFICANT RISK,MODERATE,ECMWF ENS,ECMWF ENS | GEFS,0.0,2,0.0,0,0,0,0,GREEN,БЕЗ ЗНАЧАЈНОГ РИЗИКА,NO SIGNIFICANT RISK,MODERATE,ECMWF ENS,ECMWF ENS | GEFS,0.0,2,0.0,0,0,0,0,GREEN,БЕЗ ЗНАЧАЈНОГ РИЗИКА,NO SIGNIFICANT RISK,MODERATE,ECMWF ENS,ECMWF ENS | GEFS,0.0,2,0.0,0,0,0,0,GREEN,БЕЗ ЗНАЧАЈНОГ РИЗИКА,NO SIGNIFICANT RISK,MODERATE,ECMWF ENS,ECMWF ENS | GEFS,0,GREEN,БЕЗ ЗНАЧАЈНОГ РИЗИКА,NO SIGNIFICANT RISK,NONE,MODERATE,15,2026-08-21T06:00:00+00:00,2026-08-21T21:00:00+00:00,STORMS,EXPERIMENTAL,DEVELOPMENTAL MULTIMODEL SIGNAL - NOT CALIBRATED PROBABILITY,PUBLIC OPEN-DATA SERVICES,INDEPENDENT PROJECT - NOT AN OFFICIAL RHMZ WARNING PRODUCT
80136,ŽABALJ,ŽABALJ,ЖАБАЉ,0.0,0.0,0.0,0.0,0.0,13.331466632149857,58.10000228881836,8,45,2026-08-21T21:00:00Z,2026-08-20T00:00:00Z,0.0,0.0,0.0,65.8,0.0,11.3,8,,0.0,0.0,0.0,,,,0.0,2,0.0,0,0,0,0,GREEN,БЕЗ ЗНАЧАЈНОГ РИЗИКА,NO SIGNIFICANT RISK,MODERATE,ECMWF ENS,ECMWF ENS | GEFS,0.0,2,0.0,0,0,0,0,GREEN,БЕЗ ЗНАЧАЈНОГ РИЗИКА,NO SIGNIFICANT RISK,MODERATE,ECMWF ENS,ECMWF ENS | GEFS,0.0,2,0.0,0,0,0,0,GREEN,БЕЗ ЗНАЧАЈНОГ РИЗИКА,NO SIGNIFICANT RISK,MODERATE,ECMWF ENS,ECMWF ENS | GEFS,0.0,2,0.0,0,0,0,0,GREEN,БЕЗ ЗНАЧАЈНОГ РИЗИКА,NO SIGNIFICANT RISK,MODERATE,ECMWF ENS,ECMWF ENS | GEFS,0,GREEN,БЕЗ ЗНАЧАЈНОГ РИЗИКА,NO SIGNIFICANT RISK,NONE,MODERATE,15,2026-08-21T06:00:00+00:00,2026-08-21T21:00:00+00:00,STORMS,EXPERIMENTAL,DEVELOPMENTAL MULTIMODEL SIGNAL - NOT CALIBRATED PROBABILITY,PUBLIC OPEN-DATA SERVICES,INDEPENDENT PROJECT - NOT AN OFFICIAL RHMZ WARNING PRODUCT
70521,ŽABARI,ŽABARI,ЖАБАРИ,0.0,0.0,0.0,0.0,0.0,8.012475639412603,59.85661315917969,6,45,2026-08-21T21:00:00Z,2026-08-20T00:00:00Z,0.0,0.0,12.6,55.3,0.0,6.0,6,,0.0,0.0,0.0,,,,0.0,2,0.0,0,0,0,0,GREEN,БЕЗ ЗНАЧАЈНОГ РИЗИКА,NO SIGNIFICANT RISK,MODERATE,ECMWF ENS,ECMWF ENS | GEFS,0.0,2,0.0,0,0,0,0,GREEN,БЕЗ ЗНАЧАЈНОГ РИЗИКА,NO SIGNIFICANT RISK,MODERATE,ECMWF ENS,ECMWF ENS | GEFS,0.0,2,0.0,0,0,0,0,GREEN,БЕЗ ЗНАЧАЈНОГ РИЗИКА,NO SIGNIFICANT RISK,MODERATE,ECMWF ENS,ECMWF ENS | GEFS,0.0,2,0.0,0,0,0,0,GREEN,БЕЗ ЗНАЧАЈНОГ РИЗИКА,NO SIGNIFICANT RISK,MODERATE,ECMWF ENS,ECMWF ENS | GEFS,0,GREEN,БЕЗ ЗНАЧАЈНОГ РИЗИКА,NO SIGNIFICANT RISK,NONE,MODERATE,15,2026-08-21T06:00:00+00:00,2026-08-21T21:00:00+00:00,STORMS,EXPERIMENTAL,DEVELOPMENTAL MULTIMODEL SIGNAL - NOT CALIBRATED PROBABILITY,PUBLIC OPEN-DATA SERVICES,INDEPENDENT PROJECT - NOT AN OFFICIAL RHMZ WARNING PRODUCT
70530,ŽAGUBICA,ŽAGUBICA,ЖАГУБИЦА,0.0,0.0,0.0,0.0,0.0,11.885052910763752,59.85661315917969,11,45,2026-08-21T21:00:00Z,2026-08-20T00:00:00Z,0.0,0.0,79.9,61.2,0.0,4.9,11,,0.0,0.0,0.0,,,,0.0,2,0.0,0,0,0,0,GREEN,БЕЗ ЗНАЧАЈНОГ РИЗИКА,NO SIGNIFICANT RISK,MODERATE,ECMWF ENS,ECMWF ENS | GEFS,0.0,2,0.0,0,0,0,0,GREEN,БЕЗ ЗНАЧАЈНОГ РИЗИКА,NO SIGNIFICANT RISK,MODERATE,ECMWF ENS,ECMWF ENS | GEFS,0.0,2,0.0,0,0,0,0,GREEN,БЕЗ ЗНАЧАЈНОГ РИЗИКА,NO SIGNIFICANT RISK,MODERATE,ECMWF ENS,ECMWF ENS | GEFS,0.0,2,0.0,0,0,0,0,GREEN,БЕЗ ЗНАЧАЈНОГ РИЗИКА,NO SIGNIFICANT RISK,MODERATE,ECMWF ENS,ECMWF ENS | GEFS,0,GREEN,БЕЗ ЗНАЧАЈНОГ РИЗИКА,NO SIGNIFICANT RISK,NONE,MODERATE,15,2026-08-21T06:00:00+00:00,2026-08-21T21:00:00+00:00,STORMS,EXPERIMENTAL,DEVELOPMENTAL MULTIMODEL SIGNAL - NOT CALIBRATED PROBABILITY,PUBLIC OPEN-DATA SERVICES,INDEPENDENT PROJECT - NOT AN OFFICIAL RHMZ WARNING PRODUCT
80144,ŽITIŠTE,ŽITIŠTE,ЖИТИШТЕ,0.0,0.0,0.0,0.0,0.0,11.148989022631811,55.71047019958496,10,45,2026-08-21T21:00:00Z,2026-08-20T00:00:00Z,0.0,0.0,0.0,68.2,0.0,9.8,10,,0.0,0.0,0.0,,,,0.0,2,0.0,0,0,0,0,GREEN,БЕЗ ЗНАЧАЈНОГ РИЗИКА,NO SIGNIFICANT RISK,MODERATE,ECMWF ENS,ECMWF ENS | GEFS,0.0,2,0.0,0,0,0,0,GREEN,БЕЗ ЗНАЧАЈНОГ РИЗИКА,NO SIGNIFICANT RISK,MODERATE,ECMWF ENS,ECMWF ENS | GEFS,0.0,2,0.0,0,0,0,0,GREEN,БЕЗ ЗНАЧАЈНОГ РИЗИКА,NO SIGNIFICANT RISK,MODERATE,ECMWF ENS,ECMWF ENS | GEFS,0.0,2,0.0,0,0,0,0,GREEN,БЕЗ ЗНАЧАЈНОГ РИЗИКА,NO SIGNIFICANT RISK,MODERATE,ECMWF ENS,ECMWF ENS | GEFS,0,GREEN,БЕЗ ЗНАЧАЈНОГ РИЗИКА,NO SIGNIFICANT RISK,NONE,MODERATE,15,2026-08-21T06:00:00+00:00,2026-08-21T21:00:00+00:00,STORMS,EXPERIMENTAL,DEVELOPMENTAL MULTIMODEL SIGNAL - NOT CALIBRATED PROBABILITY,PUBLIC OPEN-DATA SERVICES,INDEPENDENT PROJECT - NOT AN OFFICIAL RHMZ WARNING PRODUCT
70548,ŽITORAĐA,ŽITORAĐA,ЖИТОРАЂА,0.0,0.0,0.0,0.0,0.0,6.342111876910428,56.70090293884277,6,45,2026-08-21T21:00:00Z,2026-08-20T00:00:00Z,0.0,0.0,0.0,53.1,0.0,4.0,6,,0.0,0.0,0.0,,,,0.0,2,0.0,0,0,0,0,GREEN,БЕЗ ЗНАЧАЈНОГ РИЗИКА,NO SIGNIFICANT RISK,MODERATE,ECMWF ENS,ECMWF ENS | GEFS,0.0,2,0.0,0,0,0,0,GREEN,БЕЗ ЗНАЧАЈНОГ РИЗИКА,NO SIGNIFICANT RISK,MODERATE,ECMWF ENS,ECMWF ENS | GEFS,0.0,2,0.0,0,0,0,0,GREEN,БЕЗ ЗНАЧАЈНОГ РИЗИКА,NO SIGNIFICANT RISK,MODERATE,ECMWF ENS,ECMWF ENS | GEFS,0.0,2,0.0,0,0,0,0,GREEN,БЕЗ ЗНАЧАЈНОГ РИЗИКА,NO SIGNIFICANT RISK,MODERATE,ECMWF ENS,ECMWF ENS | GEFS,0,GREEN,БЕЗ ЗНАЧАЈНОГ РИЗИКА,NO SIGNIFICANT RISK,NONE,MODERATE,15,2026-08-21T06:00:00+00:00,2026-08-21T21:00:00+00:00,STORMS,EXPERIMENTAL,DEVELOPMENTAL MULTIMODEL SIGNAL - NOT CALIBRATED PROBABILITY,PUBLIC OPEN-DATA SERVICES,INDEPENDENT PROJECT - NOT AN OFFICIAL RHMZ WARNING PRODUCT
70556,ZAJEČAR-GRAD,ZAJEČAR-GRAD,ЗАЈЕЧАР-ГРАД,0.0,0.0,0.0,0.0,0.0,10.189956026448016,58.78018379211426,14,45,2026-08-21T21:00:00Z,2026-08-20T00:00:00Z,0.0,0.0,165.6,59.7,0.0,10.2,14,,0.0,0.0,0.0,,,,0.0,2,0.0,0,0,0,0,GREEN,БЕЗ ЗНАЧАЈНОГ РИЗИКА,NO SIGNIFICANT RISK,MODERATE,ECMWF ENS,ECMWF ENS | GEFS,0.0,2,0.0,0,0,0,0,GREEN,БЕЗ ЗНАЧАЈНОГ РИЗИКА,NO SIGNIFICANT RISK,MODERATE,ECMWF ENS,ECMWF ENS | GEFS,0.0,2,0.0,0,0,0,0,GREEN,БЕЗ ЗНАЧАЈНОГ РИЗИКА,NO SIGNIFICANT RISK,MODERATE,ECMWF ENS,ECMWF ENS | GEFS,0.0,2,0.0,0,0,0,0,GREEN,БЕЗ ЗНАЧАЈНОГ РИЗИКА,NO SIGNIFICANT RISK,MODERATE,ECMWF ENS,ECMWF ENS | GEFS,0,GREEN,БЕЗ ЗНАЧАЈНОГ РИЗИКА,NO SIGNIFICANT RISK,NONE,MODERATE,15,2026-08-21T06:00:00+00:00,2026-08-21T21:00:00+00:00,STORMS,EXPERIMENTAL,DEVELOPMENTAL MULTIMODEL SIGNAL - NOT CALIBRATED PROBABILITY,PUBLIC OPEN-DATA SERVICES,INDEPENDENT PROJECT - NOT AN OFFICIAL RHMZ WARNING PRODUCT
90352,ZVEČAN,ZVEČAN,ЗВЕЧАН,0.0,0.0,0.0,0.0,0.0,6.707748458314869,56.88547134399414,6,45,2026-08-21T21:00:00Z,2026-08-20T00:00:00Z,0.0,0.0,0.0,38.1,0.0,4.0,6,,0.0,0.0,0.0,,,,0.0,2,0.0,0,0,0,0,GREEN,БЕЗ ЗНАЧАЈНОГ РИЗИКА,NO SIGNIFICANT RISK,MODERATE,ECMWF ENS,ECMWF ENS | GEFS,0.0,2,0.0,0,0,0,0,GREEN,БЕЗ ЗНАЧАЈНОГ РИЗИКА,NO SIGNIFICANT RISK,MODERATE,ECMWF ENS,ECMWF ENS | GEFS,0.0,2,0.0,0,0,0,0,GREEN,БЕЗ ЗНАЧАЈНОГ РИЗИКА,NO SIGNIFICANT RISK,MODERATE,ECMWF ENS,ECMWF ENS | GEFS,0.0,2,0.0,0,0,0,0,GREEN,БЕЗ ЗНАЧАЈНОГ РИЗИКА,NO SIGNIFICANT RISK,MODERATE,ECMWF ENS,ECMWF ENS | GEFS,0,GREEN,БЕЗ ЗНАЧАЈНОГ РИЗИКА,NO SIGNIFICANT RISK,NONE,MODERATE,15,2026-08-21T06:00:00+00:00,2026-08-21T21:00:00+00:00,STORMS,EXPERIMENTAL,DEVELOPMENTAL MULTIMODEL SIGNAL - NOT CALIBRATED PROBABILITY,PUBLIC OPEN-DATA SERVICES,INDEPENDENT PROJECT - NOT AN OFFICIAL RHMZ WARNING PRODUCT
80152,ZRENJANIN-GRAD,ZRENJANIN-GRAD,ЗРЕЊАНИН-ГРАД,0.0,0.0,0.0,0.0,0.0,13.331466632149857,56.7331428527832,14,45,2026-08-21T21:00:00Z,2026-08-20T00:00:00Z,0.0,0.0,0.0,68.2,0.0,9.8,14,,0.0,0.0,0.0,,,,0.0,2,0.0,0,0,0,0,GREEN,БЕЗ ЗНАЧАЈНОГ РИЗИКА,NO SIGNIFICANT RISK,MODERATE,ECMWF ENS,ECMWF ENS | GEFS,0.0,2,0.0,0,0,0,0,GREEN,БЕЗ ЗНАЧАЈНОГ РИЗИКА,NO SIGNIFICANT RISK,MODERATE,ECMWF ENS,ECMWF ENS | GEFS,0.0,2,0.0,0,0,0,0,GREEN,БЕЗ ЗНАЧАЈНОГ РИЗИКА,NO SIGNIFICANT RISK,MODERATE,ECMWF ENS,ECMWF ENS | GEFS,0.0,2,0.0,0,0,0,0,GREEN,БЕЗ ЗНАЧАЈНОГ РИЗИКА,NO SIGNIFICANT RISK,MODERATE,ECMWF ENS,ECMWF ENS | GEFS,0,GREEN,БЕЗ ЗНАЧАЈНОГ РИЗИКА,NO SIGNIFICANT RISK,NONE,MODERATE,15,2026-08-21T06:00:00+00:00,2026-08-21T21:00:00+00:00,STORMS,EXPERIMENTAL,DEVELOPMENTAL MULTIMODEL SIGNAL - NOT CALIBRATED PROBABILITY,PUBLIC OPEN-DATA SERVICES,INDEPENDENT PROJECT - NOT AN OFFICIAL RHMZ WARNING PRODUCT
90093,ZUBIN POTOK,ZUBIN POTOK,ЗУБИН ПОТОК,0.0,0.0,0.0,0.0,0.0,6.707748458314869,56.88547134399414,8,45,2026-08-21T21:00:00Z,2026-08-20T00:00:00Z,0.0,0.0,0.0,38.1,0.0,4.0,8,,0.0,0.0,0.0,,,,0.0,2,0.0,0,0,0,0,GREEN,БЕЗ ЗНАЧАЈНОГ РИЗИКА,NO SIGNIFICANT RISK,MODERATE,ECMWF ENS,ECMWF ENS | GEFS,0.0,2,0.0,0,0,0,0,GREEN,БЕЗ ЗНАЧАЈНОГ РИЗИКА,NO SIGNIFICANT RISK,MODERATE,ECMWF ENS,ECMWF ENS | GEFS,0.0,2,0.0,0,0,0,0,GREEN,БЕЗ ЗНАЧАЈНОГ РИЗИКА,NO SIGNIFICANT RISK,MODERATE,ECMWF ENS,ECMWF ENS | GEFS,0.0,2,0.0,0,0,0,0,GREEN,БЕЗ ЗНАЧАЈНОГ РИЗИКА,NO SIGNIFICANT RISK,MODERATE,ECMWF ENS,ECMWF ENS | GEFS,0,GREEN,БЕЗ ЗНАЧАЈНОГ РИЗИКА,NO SIGNIFICANT RISK,NONE,MODERATE,15,2026-08-21T06:00:00+00:00,2026-08-21T21:00:00+00:00,STORMS,EXPERIMENTAL,DEVELOPMENTAL MULTIMODEL SIGNAL - NOT CALIBRATED PROBABILITY,PUBLIC OPEN-DATA SERVICES,INDEPENDENT PROJECT - NOT AN OFFICIAL RHMZ WARNING PRODUCT
70564,IVANJICA,IVANJICA,ИВАЊИЦА,0.0,0.0,0.0,0.0,0.0,6.973267699991145,55.25,11,45,2026-08-21T21:00:00Z,2026-08-20T00:00:00Z,0.0,0.0,0.0,50.5,0.0,4.7,11,,0.0,0.0,0.0,,,,0.0,2,0.0,0,0,0,0,GREEN,БЕЗ ЗНАЧАЈНОГ РИЗИКА,NO SIGNIFICANT RISK,MODERATE,ECMWF ENS,ECMWF ENS | GEFS,0.0,2,0.0,0,0,0,0,GREEN,БЕЗ ЗНАЧАЈНОГ РИЗИКА,NO SIGNIFICANT RISK,MODERATE,ECMWF ENS,ECMWF ENS | GEFS,0.0,2,0.0,0,0,0,0,GREEN,БЕЗ ЗНАЧАЈНОГ РИЗИКА,NO SIGNIFICANT RISK,MODERATE,ECMWF ENS,ECMWF ENS | GEFS,0.0,2,0.0,0,0,0,0,GREEN,БЕЗ ЗНАЧАЈНОГ РИЗИКА,NO SIGNIFICANT RISK,MODERATE,ECMWF ENS,ECMWF ENS | GEFS,0,GREEN,БЕЗ ЗНАЧАЈНОГ РИЗИКА,NO SIGNIFICANT RISK,NONE,MODERATE,15,2026-08-21T06:00:00+00:00,2026-08-21T21:00:00+00:00,STORMS,EXPERIMENTAL,DEVELOPMENTAL MULTIMODEL SIGNAL - NOT CALIBRATED PROBABILITY,PUBLIC OPEN-DATA SERVICES,INDEPENDENT PROJECT - NOT AN OFFICIAL RHMZ WARNING PRODUCT
80179,INĐIJA,INĐIJA,ИНЂИЈА,0.0,0.0,0.0,0.0,0.0,14.287856587511946,57.69999980926514,8,45,2026-08-21T21:00:00Z,2026-08-20T00:00:00Z,0.0,0.0,0.0,61.7,0.0,11.2,8,,0.0,0.0,0.0,,,,0.0,2,0.0,0,0,0,0,GREEN,БЕЗ ЗНАЧАЈНОГ РИЗИКА,NO SIGNIFICANT RISK,MODERATE,ECMWF ENS,ECMWF ENS | GEFS,0.0,2,0.0,0,0,0,0,GREEN,БЕЗ ЗНАЧАЈНОГ РИЗИКА,NO SIGNIFICANT RISK,MODERATE,ECMWF ENS,ECMWF ENS | GEFS,0.0,2,0.0,0,0,0,0,GREEN,БЕЗ ЗНАЧАЈНОГ РИЗИКА,NO SIGNIFICANT RISK,MODERATE,ECMWF ENS,ECMWF ENS | GEFS,0.0,2,0.0,0,0,0,0,GREEN,БЕЗ ЗНАЧАЈНОГ РИЗИКА,NO SIGNIFICANT RISK,MODERATE,ECMWF ENS,ECMWF ENS | GEFS,0,GREEN,БЕЗ ЗНАЧАЈНОГ РИЗИКА,NO SIGNIFICANT RISK,NONE,MODERATE,15,2026-08-21T06:00:00+00:00,2026-08-21T21:00:00+00:00,STORMS,EXPERIMENTAL,DEVELOPMENTAL MULTIMODEL SIGNAL - NOT CALIBRATED PROBABILITY,PUBLIC OPEN-DATA SERVICES,INDEPENDENT PROJECT - NOT AN OFFICIAL RHMZ WARNING PRODUCT
80187,IRIG,IRIG,ИРИГ,0.0,0.0,0.0,0.0,0.0,14.594201487624302,57.69999980926514,7,45,2026-08-21T21:00:00Z,2026-08-20T00:00:00Z,0.0,0.0,0.2,63.3,0.0,12.7,7,,0.0,0.0,0.0,,,,0.0,2,0.0,0,0,0,0,GREEN,БЕЗ ЗНАЧАЈНОГ РИЗИКА,NO SIGNIFICANT RISK,MODERATE,ECMWF ENS,ECMWF ENS | GEFS,0.0,2,0.0,0,0,0,0,GREEN,БЕЗ ЗНАЧАЈНОГ РИЗИКА,NO SIGNIFICANT RISK,MODERATE,ECMWF ENS,ECMWF ENS | GEFS,0.0,2,0.0,0,0,0,0,GREEN,БЕЗ ЗНАЧАЈНОГ РИЗИКА,NO SIGNIFICANT RISK,MODERATE,ECMWF ENS,ECMWF ENS | GEFS,0.0,2,0.0,0,0,0,0,GREEN,БЕЗ ЗНАЧАЈНОГ РИЗИКА,NO SIGNIFICANT RISK,MODERATE,ECMWF ENS,ECMWF ENS | GEFS,0,GREEN,БЕЗ ЗНАЧАЈНОГ РИЗИКА,NO SIGNIFICANT RISK,NONE,MODERATE,15,2026-08-21T06:00:00+00:00,2026-08-21T21:00:00+00:00,STORMS,EXPERIMENTAL,DEVELOPMENTAL MULTIMODEL SIGNAL - NOT CALIBRATED PROBABILITY,PUBLIC OPEN-DATA SERVICES,INDEPENDENT PROJECT - NOT AN OFFICIAL RHMZ WARNING PRODUCT
90107,ISTOK,ISTOK,ИСТОК,0.0,0.0,0.0,0.0,0.0,6.288983084885392,57.2742977142334,9,45,2026-08-21T21:00:00Z,2026-08-20T00:00:00Z,0.0,0.0,0.0,33.2,0.0,2.9,9,,0.0,0.0,0.0,,,,0.0,2,0.0,0,0,0,0,GREEN,БЕЗ ЗНАЧАЈНОГ РИЗИКА,NO SIGNIFICANT RISK,MODERATE,ECMWF ENS,ECMWF ENS | GEFS,0.0,2,0.0,0,0,0,0,GREEN,БЕЗ ЗНАЧАЈНОГ РИЗИКА,NO SIGNIFICANT RISK,MODERATE,ECMWF ENS,ECMWF ENS | GEFS,0.0,2,0.0,0,0,0,0,GREEN,БЕЗ ЗНАЧАЈНОГ РИЗИКА,NO SIGNIFICANT RISK,MODERATE,ECMWF ENS,ECMWF ENS | GEFS,0.0,2,0.0,0,0,0,0,GREEN,БЕЗ ЗНАЧАЈНОГ РИЗИКА,NO SIGNIFICANT RISK,MODERATE,ECMWF ENS,ECMWF ENS | GEFS,0,GREEN,БЕЗ ЗНАЧАЈНОГ РИЗИКА,NO SIGNIFICANT RISK,NONE,MODERATE,15,2026-08-21T06:00:00+00:00,2026-08-21T21:00:00+00:00,STORMS,EXPERIMENTAL,DEVELOPMENTAL MULTIMODEL SIGNAL - NOT CALIBRATED PROBABILITY,PUBLIC OPEN-DATA SERVICES,INDEPENDENT PROJECT - NOT AN OFFICIAL RHMZ WARNING PRODUCT
70602,KNJAŽEVAC,KNJAŽEVAC,КЊАЖЕВАЦ,0.0,0.0,0.0,0.0,0.0,6.170723415718231,58.275001525878906,13,45,2026-08-21T21:00:00Z,2026-08-20T00:00:00Z,0.0,0.0,305.6,55.2,0.0,4.6,13,,0.0,0.0,0.0,,,,0.0,2,0.0,0,0,0,0,GREEN,БЕЗ ЗНАЧАЈНОГ РИЗИКА,NO SIGNIFICANT RISK,MODERATE,ECMWF ENS,ECMWF ENS | GEFS,0.0,2,0.0,0,0,0,0,GREEN,БЕЗ ЗНАЧАЈНОГ РИЗИКА,NO SIGNIFICANT RISK,MODERATE,ECMWF ENS,ECMWF ENS | GEFS,0.0,2,0.0,0,0,0,0,GREEN,БЕЗ ЗНАЧАЈНОГ РИЗИКА,NO SIGNIFICANT RISK,MODERATE,ECMWF ENS,ECMWF ENS | GEFS,0.0,2,0.0,0,0,0,0,GREEN,БЕЗ ЗНАЧАЈНОГ РИЗИКА,NO SIGNIFICANT RISK,MODERATE,ECMWF ENS,ECMWF ENS | GEFS,0,GREEN,БЕЗ ЗНАЧАЈНОГ РИЗИКА,NO SIGNIFICANT RISK,NONE,MODERATE,15,2026-08-21T06:00:00+00:00,2026-08-21T21:00:00+00:00,STORMS,EXPERIMENTAL,DEVELOPMENTAL MULTIMODEL SIGNAL - NOT CALIBRATED PROBABILITY,PUBLIC OPEN-DATA SERVICES,INDEPENDENT PROJECT - NOT AN OFFICIAL RHMZ WARNING PRODUCT
80195,KANJIŽA,KANJIŽA,КАЊИЖА,0.0,0.0,0.0,0.0,20.0,13.716518295364212,65.80911254882812,9,45,2026-08-21T21:00:00Z,2026-08-20T00:00:00Z,0.0,0.0,107.0,83.9,0.0,11.1,9,,0.0,0.0,0.0,,,,0.0,2,0.0,0,0,0,0,GREEN,БЕЗ ЗНАЧАЈНОГ РИЗИКА,NO SIGNIFICANT RISK,MODERATE,ECMWF ENS,ECMWF ENS | GEFS,0.0,2,0.0,0,0,0,0,GREEN,БЕЗ ЗНАЧАЈНОГ РИЗИКА,NO SIGNIFICANT RISK,MODERATE,ECMWF ENS,ECMWF ENS | GEFS,0.0,2,0.0,0,0,0,0,GREEN,БЕЗ ЗНАЧАЈНОГ РИЗИКА,NO SIGNIFICANT RISK,MODERATE,ECMWF ENS,ECMWF ENS | GEFS,0.0,2,0.0,0,0,0,0,GREEN,БЕЗ ЗНАЧАЈНОГ РИЗИКА,NO SIGNIFICANT RISK,MODERATE,ECMWF ENS,ECMWF ENS | GEFS,0,GREEN,БЕЗ ЗНАЧАЈНОГ РИЗИКА,NO SIGNIFICANT RISK,NONE,MODERATE,15,2026-08-21T06:00:00+00:00,2026-08-21T21:00:00+00:00,STORMS,EXPERIMENTAL,DEVELOPMENTAL MULTIMODEL SIGNAL - NOT CALIBRATED PROBABILITY,PUBLIC OPEN-DATA SERVICES,INDEPENDENT PROJECT - NOT AN OFFICIAL RHMZ WARNING PRODUCT
90115,KAČANIK,KAČANIK,КАЧАНИК,0.0,0.0,0.0,0.0,0.0,8.123866585310243,61.10090255737305,7,45,2026-08-21T21:00:00Z,2026-08-20T00:00:00Z,4.0,0.0,595.4,75.9,0.0,2.2,7,,0.0,0.0,0.0,,,,2.0,2,4.0,0,0,0,0,GREEN,БЕЗ ЗНАЧАЈНОГ РИЗИКА,NO SIGNIFICANT RISK,MODERATE,ECMWF ENS,ECMWF ENS | GEFS,0.0,2,0.0,0,0,0,0,GREEN,БЕЗ ЗНАЧАЈНОГ РИЗИКА,NO SIGNIFICANT RISK,MODERATE,ECMWF ENS,ECMWF ENS | GEFS,0.0,2,0.0,0,0,0,0,GREEN,БЕЗ ЗНАЧАЈНОГ РИЗИКА,NO SIGNIFICANT RISK,MODERATE,ECMWF ENS,ECMWF ENS | GEFS,0.0,2,0.0,0,0,0,0,GREEN,БЕЗ ЗНАЧАЈНОГ РИЗИКА,NO SIGNIFICANT RISK,MODERATE,ECMWF ENS,ECMWF ENS | GEFS,0,GREEN,БЕЗ ЗНАЧАЈНОГ РИЗИКА,NO SIGNIFICANT RISK,NONE,MODERATE,15,2026-08-21T06:00:00+00:00,2026-08-21T21:00:00+00:00,STORMS,EXPERIMENTAL,DEVELOPMENTAL MULTIMODEL SIGNAL - NOT CALIBRATED PROBABILITY,PUBLIC OPEN-DATA SERVICES,INDEPENDENT PROJECT - NOT AN OFFICIAL RHMZ WARNING PRODUCT
80209,KIKINDA,KIKINDA,КИКИНДА,0.0,0.0,0.0,0.0,0.0,12.827765205017949,57.75,11,45,2026-08-21T21:00:00Z,2026-08-20T00:00:00Z,0.0,0.0,0.0,74.7,0.0,10.2,11,,0.0,0.0,0.0,,,,0.0,2,0.0,0,0,0,0,GREEN,БЕЗ ЗНАЧАЈНОГ РИЗИКА,NO SIGNIFICANT RISK,MODERATE,ECMWF ENS,ECMWF ENS | GEFS,0.0,2,0.0,0,0,0,0,GREEN,БЕЗ ЗНАЧАЈНОГ РИЗИКА,NO SIGNIFICANT RISK,MODERATE,ECMWF ENS,ECMWF ENS | GEFS,0.0,2,0.0,0,0,0,0,GREEN,БЕЗ ЗНАЧАЈНОГ РИЗИКА,NO SIGNIFICANT RISK,MODERATE,ECMWF ENS,ECMWF ENS | GEFS,0.0,2,0.0,0,0,0,0,GREEN,БЕЗ ЗНАЧАЈНОГ РИЗИКА,NO SIGNIFICANT RISK,MODERATE,ECMWF ENS,ECMWF ENS | GEFS,0,GREEN,БЕЗ ЗНАЧАЈНОГ РИЗИКА,NO SIGNIFICANT RISK,NONE,MODERATE,15,2026-08-21T06:00:00+00:00,2026-08-21T21:00:00+00:00,STORMS,EXPERIMENTAL,DEVELOPMENTAL MULTIMODEL SIGNAL - NOT CALIBRATED PROBABILITY,PUBLIC OPEN-DATA SERVICES,INDEPENDENT PROJECT - NOT AN OFFICIAL RHMZ WARNING PRODUCT
70572,KLADOVO,KLADOVO,КЛАДОВО,0.0,0.0,0.0,0.0,0.0,11.885052910763752,60.09999847412109,10,45,2026-08-21T21:00:00Z,2026-08-20T00:00:00Z,0.0,0.0,112.0,62.6,0.0,11.7,10,,0.0,0.0,0.0,,,,0.0,2,0.0,0,0,0,0,GREEN,БЕЗ ЗНАЧАЈНОГ РИЗИКА,NO SIGNIFICANT RISK,MODERATE,ECMWF ENS,ECMWF ENS | GEFS,0.0,2,0.0,0,0,0,0,GREEN,БЕЗ ЗНАЧАЈНОГ РИЗИКА,NO SIGNIFICANT RISK,MODERATE,ECMWF ENS,ECMWF ENS | GEFS,0.0,2,0.0,0,0,0,0,GREEN,БЕЗ ЗНАЧАЈНОГ РИЗИКА,NO SIGNIFICANT RISK,MODERATE,ECMWF ENS,ECMWF ENS | GEFS,0.0,2,0.0,0,0,0,0,GREEN,БЕЗ ЗНАЧАЈНОГ РИЗИКА,NO SIGNIFICANT RISK,MODERATE,ECMWF ENS,ECMWF ENS | GEFS,0,GREEN,БЕЗ ЗНАЧАЈНОГ РИЗИКА,NO SIGNIFICANT RISK,NONE,MODERATE,15,2026-08-21T06:00:00+00:00,2026-08-21T21:00:00+00:00,STORMS,EXPERIMENTAL,DEVELOPMENTAL MULTIMODEL SIGNAL - NOT CALIBRATED PROBABILITY,PUBLIC OPEN-DATA SERVICES,INDEPENDENT PROJECT - NOT AN OFFICIAL RHMZ WARNING PRODUCT
90123,KLINA,KLINA,КЛИНА,0.0,0.0,0.0,0.0,0.0,7.388690751433886,57.2742977142334,8,45,2026-08-21T21:00:00Z,2026-08-20T00:00:00Z,0.0,0.0,0.0,33.4,0.0,3.1,8,,0.0,0.0,0.0,,,,0.0,2,0.0,0,0,0,0,GREEN,БЕЗ ЗНАЧАЈНОГ РИЗИКА,NO SIGNIFICANT RISK,MODERATE,ECMWF ENS,ECMWF ENS | GEFS,0.0,2,0.0,0,0,0,0,GREEN,БЕЗ ЗНАЧАЈНОГ РИЗИКА,NO SIGNIFICANT RISK,MODERATE,ECMWF ENS,ECMWF ENS | GEFS,0.0,2,0.0,0,0,0,0,GREEN,БЕЗ ЗНАЧАЈНОГ РИЗИКА,NO SIGNIFICANT RISK,MODERATE,ECMWF ENS,ECMWF ENS | GEFS,0.0,2,0.0,0,0,0,0,GREEN,БЕЗ ЗНАЧАЈНОГ РИЗИКА,NO SIGNIFICANT RISK,MODERATE,ECMWF ENS,ECMWF ENS | GEFS,0,GREEN,БЕЗ ЗНАЧАЈНОГ РИЗИКА,NO SIGNIFICANT RISK,NONE,MODERATE,15,2026-08-21T06:00:00+00:00,2026-08-21T21:00:00+00:00,STORMS,EXPERIMENTAL,DEVELOPMENTAL MULTIMODEL SIGNAL - NOT CALIBRATED PROBABILITY,PUBLIC OPEN-DATA SERVICES,INDEPENDENT PROJECT - NOT AN OFFICIAL RHMZ WARNING PRODUCT
70599,KNIĆ,KNIĆ,КНИЋ,0.0,0.0,0.0,0.0,0.0,9.929272906420463,56.148136138916016,9,45,2026-08-21T21:00:00Z,2026-08-20T00:00:00Z,0.0,0.0,0.0,47.3,0.0,7.0,9,,0.0,0.0,0.0,,,,0.0,2,0.0,0,0,0,0,GREEN,БЕЗ ЗНАЧАЈНОГ РИЗИКА,NO SIGNIFICANT RISK,MODERATE,ECMWF ENS,ECMWF ENS | GEFS,0.0,2,0.0,0,0,0,0,GREEN,БЕЗ ЗНАЧАЈНОГ РИЗИКА,NO SIGNIFICANT RISK,MODERATE,ECMWF ENS,ECMWF ENS | GEFS,0.0,2,0.0,0,0,0,0,GREEN,БЕЗ ЗНАЧАЈНОГ РИЗИКА,NO SIGNIFICANT RISK,MODERATE,ECMWF ENS,ECMWF ENS | GEFS,0.0,2,0.0,0,0,0,0,GREEN,БЕЗ ЗНАЧАЈНОГ РИЗИКА,NO SIGNIFICANT RISK,MODERATE,ECMWF ENS,ECMWF ENS | GEFS,0,GREEN,БЕЗ ЗНАЧАЈНОГ РИЗИКА,NO SIGNIFICANT RISK,NONE,MODERATE,15,2026-08-21T06:00:00+00:00,2026-08-21T21:00:00+00:00,STORMS,EXPERIMENTAL,DEVELOPMENTAL MULTIMODEL SIGNAL - NOT CALIBRATED PROBABILITY,PUBLIC OPEN-DATA SERVICES,INDEPENDENT PROJECT - NOT AN OFFICIAL RHMZ WARNING PRODUCT
80217,KOVAČICA,KOVAČICA,КОВАЧИЦА,0.0,0.0,0.0,0.0,0.0,12.120563788704109,56.506614685058594,7,45,2026-08-21T21:00:00Z,2026-08-20T00:00:00Z,0.0,0.0,0.0,63.7,0.0,9.6,7,,0.0,0.0,0.0,,,,0.0,2,0.0,0,0,0,0,GREEN,БЕЗ ЗНАЧАЈНОГ РИЗИКА,NO SIGNIFICANT RISK,MODERATE,ECMWF ENS,ECMWF ENS | GEFS,0.0,2,0.0,0,0,0,0,GREEN,БЕЗ ЗНАЧАЈНОГ РИЗИКА,NO SIGNIFICANT RISK,MODERATE,ECMWF ENS,ECMWF ENS | GEFS,0.0,2,0.0,0,0,0,0,GREEN,БЕЗ ЗНАЧАЈНОГ РИЗИКА,NO SIGNIFICANT RISK,MODERATE,ECMWF ENS,ECMWF ENS | GEFS,0.0,2,0.0,0,0,0,0,GREEN,БЕЗ ЗНАЧАЈНОГ РИЗИКА,NO SIGNIFICANT RISK,MODERATE,ECMWF ENS,ECMWF ENS | GEFS,0,GREEN,БЕЗ ЗНАЧАЈНОГ РИЗИКА,NO SIGNIFICANT RISK,NONE,MODERATE,15,2026-08-21T06:00:00+00:00,2026-08-21T21:00:00+00:00,STORMS,EXPERIMENTAL,DEVELOPMENTAL MULTIMODEL SIGNAL - NOT CALIBRATED PROBABILITY,PUBLIC OPEN-DATA SERVICES,INDEPENDENT PROJECT - NOT AN OFFICIAL RHMZ WARNING PRODUCT
80225,KOVIN,KOVIN,КОВИН,0.0,0.0,0.0,0.0,0.0,10.937112544403831,60.55000114440918,11,45,2026-08-21T21:00:00Z,2026-08-20T00:00:00Z,0.0,0.0,49.6,53.0,0.0,5.9,11,,0.0,0.0,0.0,,,,0.0,2,0.0,0,0,0,0,GREEN,БЕЗ ЗНАЧАЈНОГ РИЗИКА,NO SIGNIFICANT RISK,MODERATE,ECMWF ENS,ECMWF ENS | GEFS,0.0,2,0.0,0,0,0,0,GREEN,БЕЗ ЗНАЧАЈНОГ РИЗИКА,NO SIGNIFICANT RISK,MODERATE,ECMWF ENS,ECMWF ENS | GEFS,0.0,2,0.0,0,0,0,0,GREEN,БЕЗ ЗНАЧАЈНОГ РИЗИКА,NO SIGNIFICANT RISK,MODERATE,ECMWF ENS,ECMWF ENS | GEFS,0.0,2,0.0,0,0,0,0,GREEN,БЕЗ ЗНАЧАЈНОГ РИЗИКА,NO SIGNIFICANT RISK,MODERATE,ECMWF ENS,ECMWF ENS | GEFS,0,GREEN,БЕЗ ЗНАЧАЈНОГ РИЗИКА,NO SIGNIFICANT RISK,NONE,MODERATE,15,2026-08-21T06:00:00+00:00,2026-08-21T21:00:00+00:00,STORMS,EXPERIMENTAL,DEVELOPMENTAL MULTIMODEL SIGNAL - NOT CALIBRATED PROBABILITY,PUBLIC OPEN-DATA SERVICES,INDEPENDENT PROJECT - NOT AN OFFICIAL RHMZ WARNING PRODUCT
70629,KOSJERIĆ,KOSJERIĆ,КОСЈЕРИЋ,0.0,0.0,0.0,0.0,0.0,11.042759937041684,49.75910949707031,9,45,2026-08-21T21:00:00Z,2026-08-20T00:00:00Z,0.0,0.0,0.0,55.5,0.0,9.2,9,,0.0,0.0,0.0,,,,0.0,2,0.0,0,0,0,0,GREEN,БЕЗ ЗНАЧАЈНОГ РИЗИКА,NO SIGNIFICANT RISK,MODERATE,ECMWF ENS,ECMWF ENS | GEFS,0.0,2,0.0,0,0,0,0,GREEN,БЕЗ ЗНАЧАЈНОГ РИЗИКА,NO SIGNIFICANT RISK,MODERATE,ECMWF ENS,ECMWF ENS | GEFS,0.0,2,0.0,0,0,0,0,GREEN,БЕЗ ЗНАЧАЈНОГ РИЗИКА,NO SIGNIFICANT RISK,MODERATE,ECMWF ENS,ECMWF ENS | GEFS,0.0,2,0.0,0,0,0,0,GREEN,БЕЗ ЗНАЧАЈНОГ РИЗИКА,NO SIGNIFICANT RISK,MODERATE,ECMWF ENS,ECMWF ENS | GEFS,0,GREEN,БЕЗ ЗНАЧАЈНОГ РИЗИКА,NO SIGNIFICANT RISK,NONE,MODERATE,15,2026-08-21T06:00:00+00:00,2026-08-21T21:00:00+00:00,STORMS,EXPERIMENTAL,DEVELOPMENTAL MULTIMODEL SIGNAL - NOT CALIBRATED PROBABILITY,PUBLIC OPEN-DATA SERVICES,INDEPENDENT PROJECT - NOT AN OFFICIAL RHMZ WARNING PRODUCT
90131,KOSOVO POLJE,KOSOVO POLJE,КОСОВО ПОЉЕ,0.0,0.0,0.0,0.0,0.0,8.123866585310243,57.2742977142334,6,45,2026-08-21T21:00:00Z,2026-08-20T00:00:00Z,0.0,0.0,0.0,30.7,0.0,2.5,6,,0.0,0.0,0.0,,,,0.0,2,0.0,0,0,0,0,GREEN,БЕЗ ЗНАЧАЈНОГ РИЗИКА,NO SIGNIFICANT RISK,MODERATE,ECMWF ENS,ECMWF ENS | GEFS,0.0,2,0.0,0,0,0,0,GREEN,БЕЗ ЗНАЧАЈНОГ РИЗИКА,NO SIGNIFICANT RISK,MODERATE,ECMWF ENS,ECMWF ENS | GEFS,0.0,2,0.0,0,0,0,0,GREEN,БЕЗ ЗНАЧАЈНОГ РИЗИКА,NO SIGNIFICANT RISK,MODERATE,ECMWF ENS,ECMWF ENS | GEFS,0.0,2,0.0,0,0,0,0,GREEN,БЕЗ ЗНАЧАЈНОГ РИЗИКА,NO SIGNIFICANT RISK,MODERATE,ECMWF ENS,ECMWF ENS | GEFS,0,GREEN,БЕЗ ЗНАЧАЈНОГ РИЗИКА,NO SIGNIFICANT RISK,NONE,MODERATE,15,2026-08-21T06:00:00+00:00,2026-08-21T21:00:00+00:00,STORMS,EXPERIMENTAL,DEVELOPMENTAL MULTIMODEL SIGNAL - NOT CALIBRATED PROBABILITY,PUBLIC OPEN-DATA SERVICES,INDEPENDENT PROJECT - NOT AN OFFICIAL RHMZ WARNING PRODUCT
90140,KOSOVSKA KAMENICA,KOSOVSKA KAMENICA,КОСОВСКА КАМЕНИЦА,0.0,0.0,0.0,0.0,0.0,8.893037821745361,57.25,8,45,2026-08-21T21:00:00Z,2026-08-20T00:00:00Z,0.0,0.0,0.0,51.6,0.0,4.9,8,,0.0,0.0,0.0,,,,0.0,2,0.0,0,0,0,0,GREEN,БЕЗ ЗНАЧАЈНОГ РИЗИКА,NO SIGNIFICANT RISK,MODERATE,ECMWF ENS,ECMWF ENS | GEFS,0.0,2,0.0,0,0,0,0,GREEN,БЕЗ ЗНАЧАЈНОГ РИЗИКА,NO SIGNIFICANT RISK,MODERATE,ECMWF ENS,ECMWF ENS | GEFS,0.0,2,0.0,0,0,0,0,GREEN,БЕЗ ЗНАЧАЈНОГ РИЗИКА,NO SIGNIFICANT RISK,MODERATE,ECMWF ENS,ECMWF ENS | GEFS,0.0,2,0.0,0,0,0,0,GREEN,БЕЗ ЗНАЧАЈНОГ РИЗИКА,NO SIGNIFICANT RISK,MODERATE,ECMWF ENS,ECMWF ENS | GEFS,0,GREEN,БЕЗ ЗНАЧАЈНОГ РИЗИКА,NO SIGNIFICANT RISK,NONE,MODERATE,15,2026-08-21T06:00:00+00:00,2026-08-21T21:00:00+00:00,STORMS,EXPERIMENTAL,DEVELOPMENTAL MULTIMODEL SIGNAL - NOT CALIBRATED PROBABILITY,PUBLIC OPEN-DATA SERVICES,INDEPENDENT PROJECT - NOT AN OFFICIAL RHMZ WARNING PRODUCT
90298,KOSOVSKA MITROVICA,KOSOVSKA MITROVICA,КОСОВСКА МИТРОВИЦА,0.0,0.0,0.0,0.0,0.0,7.118683107830157,56.88547134399414,9,45,2026-08-21T21:00:00Z,2026-08-20T00:00:00Z,0.0,0.0,0.0,46.5,0.0,3.8,9,,0.0,0.0,0.0,,,,0.0,2,0.0,0,0,0,0,GREEN,БЕЗ ЗНАЧАЈНОГ РИЗИКА,NO SIGNIFICANT RISK,MODERATE,ECMWF ENS,ECMWF ENS | GEFS,0.0,2,0.0,0,0,0,0,GREEN,БЕЗ ЗНАЧАЈНОГ РИЗИКА,NO SIGNIFICANT RISK,MODERATE,ECMWF ENS,ECMWF ENS | GEFS,0.0,2,0.0,0,0,0,0,GREEN,БЕЗ ЗНАЧАЈНОГ РИЗИКА,NO SIGNIFICANT RISK,MODERATE,ECMWF ENS,ECMWF ENS | GEFS,0.0,2,0.0,0,0,0,0,GREEN,БЕЗ ЗНАЧАЈНОГ РИЗИКА,NO SIGNIFICANT RISK,MODERATE,ECMWF ENS,ECMWF ENS | GEFS,0,GREEN,БЕЗ ЗНАЧАЈНОГ РИЗИКА,NO SIGNIFICANT RISK,NONE,MODERATE,15,2026-08-21T06:00:00+00:00,2026-08-21T21:00:00+00:00,STORMS,EXPERIMENTAL,DEVELOPMENTAL MULTIMODEL SIGNAL - NOT CALIBRATED PROBABILITY,PUBLIC OPEN-DATA SERVICES,INDEPENDENT PROJECT - NOT AN OFFICIAL RHMZ WARNING PRODUCT
70637,KOCELJEVA,KOCELJEVA,КОЦЕЉЕВА,0.0,0.0,0.0,0.0,0.0,13.458172444418103,54.541470527648926,8,45,2026-08-21T21:00:00Z,2026-08-20T00:00:00Z,0.0,0.0,0.0,56.2,0.0,10.7,8,,0.0,0.0,0.0,,,,0.0,2,0.0,0,0,0,0,GREEN,БЕЗ ЗНАЧАЈНОГ РИЗИКА,NO SIGNIFICANT RISK,MODERATE,ECMWF ENS,ECMWF ENS | GEFS,0.0,2,0.0,0,0,0,0,GREEN,БЕЗ ЗНАЧАЈНОГ РИЗИКА,NO SIGNIFICANT RISK,MODERATE,ECMWF ENS,ECMWF ENS | GEFS,0.0,2,0.0,0,0,0,0,GREEN,БЕЗ ЗНАЧАЈНОГ РИЗИКА,NO SIGNIFICANT RISK,MODERATE,ECMWF ENS,ECMWF ENS | GEFS,0.0,2,0.0,0,0,0,0,GREEN,БЕЗ ЗНАЧАЈНОГ РИЗИКА,NO SIGNIFICANT RISK,MODERATE,ECMWF ENS,ECMWF ENS | GEFS,0,GREEN,БЕЗ ЗНАЧАЈНОГ РИЗИКА,NO SIGNIFICANT RISK,NONE,MODERATE,15,2026-08-21T06:00:00+00:00,2026-08-21T21:00:00+00:00,STORMS,EXPERIMENTAL,DEVELOPMENTAL MULTIMODEL SIGNAL - NOT CALIBRATED PROBABILITY,PUBLIC OPEN-DATA SERVICES,INDEPENDENT PROJECT - NOT AN OFFICIAL RHMZ WARNING PRODUCT
70653,KRALJEVO-GRAD,KRALJEVO-GRAD,КРАЉЕВО-ГРАД,0.0,0.0,0.0,0.0,0.0,8.768778799403128,57.17500019073486,15,45,2026-08-21T21:00:00Z,2026-08-20T00:00:00Z,0.0,0.0,0.0,41.9,0.0,6.5,15,,0.0,0.0,0.0,,,,0.0,2,0.0,0,0,0,0,GREEN,БЕЗ ЗНАЧАЈНОГ РИЗИКА,NO SIGNIFICANT RISK,MODERATE,ECMWF ENS,ECMWF ENS | GEFS,0.0,2,0.0,0,0,0,0,GREEN,БЕЗ ЗНАЧАЈНОГ РИЗИКА,NO SIGNIFICANT RISK,MODERATE,ECMWF ENS,ECMWF ENS | GEFS,0.0,2,0.0,0,0,0,0,GREEN,БЕЗ ЗНАЧАЈНОГ РИЗИКА,NO SIGNIFICANT RISK,MODERATE,ECMWF ENS,ECMWF ENS | GEFS,0.0,2,0.0,0,0,0,0,GREEN,БЕЗ ЗНАЧАЈНОГ РИЗИКА,NO SIGNIFICANT RISK,MODERATE,ECMWF ENS,ECMWF ENS | GEFS,0,GREEN,БЕЗ ЗНАЧАЈНОГ РИЗИКА,NO SIGNIFICANT RISK,NONE,MODERATE,15,2026-08-21T06:00:00+00:00,2026-08-21T21:00:00+00:00,STORMS,EXPERIMENTAL,DEVELOPMENTAL MULTIMODEL SIGNAL - NOT CALIBRATED PROBABILITY,PUBLIC OPEN-DATA SERVICES,INDEPENDENT PROJECT - NOT AN OFFICIAL RHMZ WARNING PRODUCT
70645,KRAGUJEVAC-GRAD,KRAGUJEVAC-GRAD,КРАГУЈЕВАЦ-ГРАД,0.0,0.0,0.0,0.0,0.0,9.929272906420463,58.54999923706055,11,45,2026-08-21T21:00:00Z,2026-08-20T00:00:00Z,0.0,0.0,0.0,47.3,0.0,7.0,11,,0.0,0.0,0.0,,,,0.0,2,0.0,0,0,0,0,GREEN,БЕЗ ЗНАЧАЈНОГ РИЗИКА,NO SIGNIFICANT RISK,MODERATE,ECMWF ENS,ECMWF ENS | GEFS,0.0,2,0.0,0,0,0,0,GREEN,БЕЗ ЗНАЧАЈНОГ РИЗИКА,NO SIGNIFICANT RISK,MODERATE,ECMWF ENS,ECMWF ENS | GEFS,0.0,2,0.0,0,0,0,0,GREEN,БЕЗ ЗНАЧАЈНОГ РИЗИКА,NO SIGNIFICANT RISK,MODERATE,ECMWF ENS,ECMWF ENS | GEFS,0.0,2,0.0,0,0,0,0,GREEN,БЕЗ ЗНАЧАЈНОГ РИЗИКА,NO SIGNIFICANT RISK,MODERATE,ECMWF ENS,ECMWF ENS | GEFS,0,GREEN,БЕЗ ЗНАЧАЈНОГ РИЗИКА,NO SIGNIFICANT RISK,NONE,MODERATE,15,2026-08-21T06:00:00+00:00,2026-08-21T21:00:00+00:00,STORMS,EXPERIMENTAL,DEVELOPMENTAL MULTIMODEL SIGNAL - NOT CALIBRATED PROBABILITY,PUBLIC OPEN-DATA SERVICES,INDEPENDENT PROJECT - NOT AN OFFICIAL RHMZ WARNING PRODUCT
70661,KRUPANJ,KRUPANJ,КРУПАЊ,0.0,0.0,0.0,0.0,0.0,13.799793925541762,51.79999923706055,8,45,2026-08-21T21:00:00Z,2026-08-20T00:00:00Z,0.0,0.0,3.2,60.1,0.0,13.4,8,,0.0,0.0,0.0,,,,0.0,2,0.0,0,0,0,0,GREEN,БЕЗ ЗНАЧАЈНОГ РИЗИКА,NO SIGNIFICANT RISK,MODERATE,ECMWF ENS,ECMWF ENS | GEFS,0.0,2,0.0,0,0,0,0,GREEN,БЕЗ ЗНАЧАЈНОГ РИЗИКА,NO SIGNIFICANT RISK,MODERATE,ECMWF ENS,ECMWF ENS | GEFS,0.0,2,0.0,0,0,0,0,GREEN,БЕЗ ЗНАЧАЈНОГ РИЗИКА,NO SIGNIFICANT RISK,MODERATE,ECMWF ENS,ECMWF ENS | GEFS,0.0,2,0.0,0,0,0,0,GREEN,БЕЗ ЗНАЧАЈНОГ РИЗИКА,NO SIGNIFICANT RISK,MODERATE,ECMWF ENS,ECMWF ENS | GEFS,0,GREEN,БЕЗ ЗНАЧАЈНОГ РИЗИКА,NO SIGNIFICANT RISK,NONE,MODERATE,15,2026-08-21T06:00:00+00:00,2026-08-21T21:00:00+00:00,STORMS,EXPERIMENTAL,DEVELOPMENTAL MULTIMODEL SIGNAL - NOT CALIBRATED PROBABILITY,PUBLIC OPEN-DATA SERVICES,INDEPENDENT PROJECT - NOT AN OFFICIAL RHMZ WARNING PRODUCT
70670,KRUŠEVAC-GRAD,KRUŠEVAC-GRAD,КРУШЕВАЦ-ГРАД,0.0,0.0,0.0,0.0,0.0,7.416077063962382,58.05674743652344,12,45,2026-08-21T21:00:00Z,2026-08-20T00:00:00Z,0.0,0.0,0.0,43.7,0.0,6.0,12,,0.0,0.0,0.0,,,,0.0,2,0.0,0,0,0,0,GREEN,БЕЗ ЗНАЧАЈНОГ РИЗИКА,NO SIGNIFICANT RISK,MODERATE,ECMWF ENS,ECMWF ENS | GEFS,0.0,2,0.0,0,0,0,0,GREEN,БЕЗ ЗНАЧАЈНОГ РИЗИКА,NO SIGNIFICANT RISK,MODERATE,ECMWF ENS,ECMWF ENS | GEFS,0.0,2,0.0,0,0,0,0,GREEN,БЕЗ ЗНАЧАЈНОГ РИЗИКА,NO SIGNIFICANT RISK,MODERATE,ECMWF ENS,ECMWF ENS | GEFS,0.0,2,0.0,0,0,0,0,GREEN,БЕЗ ЗНАЧАЈНОГ РИЗИКА,NO SIGNIFICANT RISK,MODERATE,ECMWF ENS,ECMWF ENS | GEFS,0,GREEN,БЕЗ ЗНАЧАЈНОГ РИЗИКА,NO SIGNIFICANT RISK,NONE,MODERATE,15,2026-08-21T06:00:00+00:00,2026-08-21T21:00:00+00:00,STORMS,EXPERIMENTAL,DEVELOPMENTAL MULTIMODEL SIGNAL - NOT CALIBRATED PROBABILITY,PUBLIC OPEN-DATA SERVICES,INDEPENDENT PROJECT - NOT AN OFFICIAL RHMZ WARNING PRODUCT
80233,KULA,KULA,КУЛА,0.0,0.0,0.0,0.0,11.0,13.984367371580293,65.80911254882812,8,45,2026-08-21T21:00:00Z,2026-08-20T00:00:00Z,2.0,2.0,527.8,68.8,0.0,11.5,8,,0.0,0.0,0.0,,,,1.0,2,2.0,0,0,0,0,GREEN,БЕЗ ЗНАЧАЈНОГ РИЗИКА,NO SIGNIFICANT RISK,MODERATE,ECMWF ENS,ECMWF ENS | GEFS,0.0,2,0.0,0,0,0,0,GREEN,БЕЗ ЗНАЧАЈНОГ РИЗИКА,NO SIGNIFICANT RISK,MODERATE,ECMWF ENS,ECMWF ENS | GEFS,0.0,2,0.0,0,0,0,0,GREEN,БЕЗ ЗНАЧАЈНОГ РИЗИКА,NO SIGNIFICANT RISK,MODERATE,ECMWF ENS,ECMWF ENS | GEFS,0.0,2,0.0,0,0,0,0,GREEN,БЕЗ ЗНАЧАЈНОГ РИЗИКА,NO SIGNIFICANT RISK,MODERATE,ECMWF ENS,ECMWF ENS | GEFS,0,GREEN,БЕЗ ЗНАЧАЈНОГ РИЗИКА,NO SIGNIFICANT RISK,NONE,MODERATE,15,2026-08-21T06:00:00+00:00,2026-08-21T21:00:00+00:00,STORMS,EXPERIMENTAL,DEVELOPMENTAL MULTIMODEL SIGNAL - NOT CALIBRATED PROBABILITY,PUBLIC OPEN-DATA SERVICES,INDEPENDENT PROJECT - NOT AN OFFICIAL RHMZ WARNING PRODUCT
70688,KURŠUMLIJA,KURŠUMLIJA,КУРШУМЛИЈА,0.0,0.0,0.0,0.0,0.0,7.118683107830157,56.65814208984375,11,45,2026-08-21T21:00:00Z,2026-08-20T00:00:00Z,0.0,0.0,0.0,38.1,0.0,4.0,11,,0.0,0.0,0.0,,,,0.0,2,0.0,0,0,0,0,GREEN,БЕЗ ЗНАЧАЈНОГ РИЗИКА,NO SIGNIFICANT RISK,MODERATE,ECMWF ENS,ECMWF ENS | GEFS,0.0,2,0.0,0,0,0,0,GREEN,БЕЗ ЗНАЧАЈНОГ РИЗИКА,NO SIGNIFICANT RISK,MODERATE,ECMWF ENS,ECMWF ENS | GEFS,0.0,2,0.0,0,0,0,0,GREEN,БЕЗ ЗНАЧАЈНОГ РИЗИКА,NO SIGNIFICANT RISK,MODERATE,ECMWF ENS,ECMWF ENS | GEFS,0.0,2,0.0,0,0,0,0,GREEN,БЕЗ ЗНАЧАЈНОГ РИЗИКА,NO SIGNIFICANT RISK,MODERATE,ECMWF ENS,ECMWF ENS | GEFS,0,GREEN,БЕЗ ЗНАЧАЈНОГ РИЗИКА,NO SIGNIFICANT RISK,NONE,MODERATE,15,2026-08-21T06:00:00+00:00,2026-08-21T21:00:00+00:00,STORMS,EXPERIMENTAL,DEVELOPMENTAL MULTIMODEL SIGNAL - NOT CALIBRATED PROBABILITY,PUBLIC OPEN-DATA SERVICES,INDEPENDENT PROJECT - NOT AN OFFICIAL RHMZ WARNING PRODUCT
70696,KUČEVO,KUČEVO,КУЧЕВО,0.0,0.0,0.0,0.0,0.0,12.10426912326728,60.55000114440918,11,45,2026-08-21T21:00:00Z,2026-08-20T00:00:00Z,0.0,0.0,176.1,61.5,0.0,5.3,11,,0.0,0.0,0.0,,,,0.0,2,0.0,0,0,0,0,GREEN,БЕЗ ЗНАЧАЈНОГ РИЗИКА,NO SIGNIFICANT RISK,MODERATE,ECMWF ENS,ECMWF ENS | GEFS,0.0,2,0.0,0,0,0,0,GREEN,БЕЗ ЗНАЧАЈНОГ РИЗИКА,NO SIGNIFICANT RISK,MODERATE,ECMWF ENS,ECMWF ENS | GEFS,0.0,2,0.0,0,0,0,0,GREEN,БЕЗ ЗНАЧАЈНОГ РИЗИКА,NO SIGNIFICANT RISK,MODERATE,ECMWF ENS,ECMWF ENS | GEFS,0.0,2,0.0,0,0,0,0,GREEN,БЕЗ ЗНАЧАЈНОГ РИЗИКА,NO SIGNIFICANT RISK,MODERATE,ECMWF ENS,ECMWF ENS | GEFS,0,GREEN,БЕЗ ЗНАЧАЈНОГ РИЗИКА,NO SIGNIFICANT RISK,NONE,MODERATE,15,2026-08-21T06:00:00+00:00,2026-08-21T21:00:00+00:00,STORMS,EXPERIMENTAL,DEVELOPMENTAL MULTIMODEL SIGNAL - NOT CALIBRATED PROBABILITY,PUBLIC OPEN-DATA SERVICES,INDEPENDENT PROJECT - NOT AN OFFICIAL RHMZ WARNING PRODUCT
70700,LAJKOVAC,LAJKOVAC,ЛАЈКОВАЦ,0.0,0.0,0.0,0.0,0.0,12.445383533092835,53.45951461791992,6,45,2026-08-21T21:00:00Z,2026-08-20T00:00:00Z,0.0,0.0,0.0,48.8,0.0,9.8,6,,0.0,0.0,0.0,,,,0.0,2,0.0,0,0,0,0,GREEN,БЕЗ ЗНАЧАЈНОГ РИЗИКА,NO SIGNIFICANT RISK,MODERATE,ECMWF ENS,ECMWF ENS | GEFS,0.0,2,0.0,0,0,0,0,GREEN,БЕЗ ЗНАЧАЈНОГ РИЗИКА,NO SIGNIFICANT RISK,MODERATE,ECMWF ENS,ECMWF ENS | GEFS,0.0,2,0.0,0,0,0,0,GREEN,БЕЗ ЗНАЧАЈНОГ РИЗИКА,NO SIGNIFICANT RISK,MODERATE,ECMWF ENS,ECMWF ENS | GEFS,0.0,2,0.0,0,0,0,0,GREEN,БЕЗ ЗНАЧАЈНОГ РИЗИКА,NO SIGNIFICANT RISK,MODERATE,ECMWF ENS,ECMWF ENS | GEFS,0,GREEN,БЕЗ ЗНАЧАЈНОГ РИЗИКА,NO SIGNIFICANT RISK,NONE,MODERATE,15,2026-08-21T06:00:00+00:00,2026-08-21T21:00:00+00:00,STORMS,EXPERIMENTAL,DEVELOPMENTAL MULTIMODEL SIGNAL - NOT CALIBRATED PROBABILITY,PUBLIC OPEN-DATA SERVICES,INDEPENDENT PROJECT - NOT AN OFFICIAL RHMZ WARNING PRODUCT
71277,LAPOVO,LAPOVO,ЛАПОВО,0.0,0.0,0.0,0.0,0.0,8.86090112882545,58.54999923706055,5,45,2026-08-21T21:00:00Z,2026-08-20T00:00:00Z,0.0,0.0,0.0,47.0,0.0,5.7,5,,0.0,0.0,0.0,,,,0.0,2,0.0,0,0,0,0,GREEN,БЕЗ ЗНАЧАЈНОГ РИЗИКА,NO SIGNIFICANT RISK,MODERATE,ECMWF ENS,ECMWF ENS | GEFS,0.0,2,0.0,0,0,0,0,GREEN,БЕЗ ЗНАЧАЈНОГ РИЗИКА,NO SIGNIFICANT RISK,MODERATE,ECMWF ENS,ECMWF ENS | GEFS,0.0,2,0.0,0,0,0,0,GREEN,БЕЗ ЗНАЧАЈНОГ РИЗИКА,NO SIGNIFICANT RISK,MODERATE,ECMWF ENS,ECMWF ENS | GEFS,0.0,2,0.0,0,0,0,0,GREEN,БЕЗ ЗНАЧАЈНОГ РИЗИКА,NO SIGNIFICANT RISK,MODERATE,ECMWF ENS,ECMWF ENS | GEFS,0,GREEN,БЕЗ ЗНАЧАЈНОГ РИЗИКА,NO SIGNIFICANT RISK,NONE,MODERATE,15,2026-08-21T06:00:00+00:00,2026-08-21T21:00:00+00:00,STORMS,EXPERIMENTAL,DEVELOPMENTAL MULTIMODEL SIGNAL - NOT CALIBRATED PROBABILITY,PUBLIC OPEN-DATA SERVICES,INDEPENDENT PROJECT - NOT AN OFFICIAL RHMZ WARNING PRODUCT
70718,LEBANE,LEBANE,ЛЕБАНЕ,0.0,0.0,0.0,0.0,0.0,8.46426202102692,57.25,8,45,2026-08-21T21:00:00Z,2026-08-20T00:00:00Z,0.0,0.0,0.0,48.1,0.0,3.6,8,,0.0,0.0,0.0,,,,0.0,2,0.0,0,0,0,0,GREEN,БЕЗ ЗНАЧАЈНОГ РИЗИКА,NO SIGNIFICANT RISK,MODERATE,ECMWF ENS,ECMWF ENS | GEFS,0.0,2,0.0,0,0,0,0,GREEN,БЕЗ ЗНАЧАЈНОГ РИЗИКА,NO SIGNIFICANT RISK,MODERATE,ECMWF ENS,ECMWF ENS | GEFS,0.0,2,0.0,0,0,0,0,GREEN,БЕЗ ЗНАЧАЈНОГ РИЗИКА,NO SIGNIFICANT RISK,MODERATE,ECMWF ENS,ECMWF ENS | GEFS,0.0,2,0.0,0,0,0,0,GREEN,БЕЗ ЗНАЧАЈНОГ РИЗИКА,NO SIGNIFICANT RISK,MODERATE,ECMWF ENS,ECMWF ENS | GEFS,0,GREEN,БЕЗ ЗНАЧАЈНОГ РИЗИКА,NO SIGNIFICANT RISK,NONE,MODERATE,15,2026-08-21T06:00:00+00:00,2026-08-21T21:00:00+00:00,STORMS,EXPERIMENTAL,DEVELOPMENTAL MULTIMODEL SIGNAL - NOT CALIBRATED PROBABILITY,PUBLIC OPEN-DATA SERVICES,INDEPENDENT PROJECT - NOT AN OFFICIAL RHMZ WARNING PRODUCT
90158,LEPOSAVIĆ,LEPOSAVIĆ,ЛЕПОСАВИЋ,0.0,0.0,0.0,0.0,0.0,7.118683107830157,56.65814208984375,7,45,2026-08-21T21:00:00Z,2026-08-20T00:00:00Z,0.0,0.0,0.0,31.9,0.0,4.1,7,,0.0,0.0,0.0,,,,0.0,2,0.0,0,0,0,0,GREEN,БЕЗ ЗНАЧАЈНОГ РИЗИКА,NO SIGNIFICANT RISK,MODERATE,ECMWF ENS,ECMWF ENS | GEFS,0.0,2,0.0,0,0,0,0,GREEN,БЕЗ ЗНАЧАЈНОГ РИЗИКА,NO SIGNIFICANT RISK,MODERATE,ECMWF ENS,ECMWF ENS | GEFS,0.0,2,0.0,0,0,0,0,GREEN,БЕЗ ЗНАЧАЈНОГ РИЗИКА,NO SIGNIFICANT RISK,MODERATE,ECMWF ENS,ECMWF ENS | GEFS,0.0,2,0.0,0,0,0,0,GREEN,БЕЗ ЗНАЧАЈНОГ РИЗИКА,NO SIGNIFICANT RISK,MODERATE,ECMWF ENS,ECMWF ENS | GEFS,0,GREEN,БЕЗ ЗНАЧАЈНОГ РИЗИКА,NO SIGNIFICANT RISK,NONE,MODERATE,15,2026-08-21T06:00:00+00:00,2026-08-21T21:00:00+00:00,STORMS,EXPERIMENTAL,DEVELOPMENTAL MULTIMODEL SIGNAL - NOT CALIBRATED PROBABILITY,PUBLIC OPEN-DATA SERVICES,INDEPENDENT PROJECT - NOT AN OFFICIAL RHMZ WARNING PRODUCT
70726,LESKOVAC-GRAD,LESKOVAC-GRAD,ЛЕСКОВАЦ-ГРАД,0.0,0.0,0.0,0.0,0.0,8.46426202102692,58.856746673583984,13,45,2026-08-21T21:00:00Z,2026-08-20T00:00:00Z,0.0,0.0,10.9,58.9,0.0,2.2,13,,0.0,0.0,0.0,,,,0.0,2,0.0,0,0,0,0,GREEN,БЕЗ ЗНАЧАЈНОГ РИЗИКА,NO SIGNIFICANT RISK,MODERATE,ECMWF ENS,ECMWF ENS | GEFS,0.0,2,0.0,0,0,0,0,GREEN,БЕЗ ЗНАЧАЈНОГ РИЗИКА,NO SIGNIFICANT RISK,MODERATE,ECMWF ENS,ECMWF ENS | GEFS,0.0,2,0.0,0,0,0,0,GREEN,БЕЗ ЗНАЧАЈНОГ РИЗИКА,NO SIGNIFICANT RISK,MODERATE,ECMWF ENS,ECMWF ENS | GEFS,0.0,2,0.0,0,0,0,0,GREEN,БЕЗ ЗНАЧАЈНОГ РИЗИКА,NO SIGNIFICANT RISK,MODERATE,ECMWF ENS,ECMWF ENS | GEFS,0,GREEN,БЕЗ ЗНАЧАЈНОГ РИЗИКА,NO SIGNIFICANT RISK,NONE,MODERATE,15,2026-08-21T06:00:00+00:00,2026-08-21T21:00:00+00:00,STORMS,EXPERIMENTAL,DEVELOPMENTAL MULTIMODEL SIGNAL - NOT CALIBRATED PROBABILITY,PUBLIC OPEN-DATA SERVICES,INDEPENDENT PROJECT - NOT AN OFFICIAL RHMZ WARNING PRODUCT
90166,LIPLJAN,LIPLJAN,ЛИПЉАН,0.0,0.0,0.0,0.0,0.0,8.893037821745361,59.624298095703125,9,45,2026-08-21T21:00:00Z,2026-08-20T00:00:00Z,2.0,0.0,577.8,79.6,0.0,1.4,9,,0.0,0.0,0.0,,,,1.0,2,2.0,0,0,0,0,GREEN,БЕЗ ЗНАЧАЈНОГ РИЗИКА,NO SIGNIFICANT RISK,MODERATE,ECMWF ENS,ECMWF ENS | GEFS,0.0,2,0.0,0,0,0,0,GREEN,БЕЗ ЗНАЧАЈНОГ РИЗИКА,NO SIGNIFICANT RISK,MODERATE,ECMWF ENS,ECMWF ENS | GEFS,0.0,2,0.0,0,0,0,0,GREEN,БЕЗ ЗНАЧАЈНОГ РИЗИКА,NO SIGNIFICANT RISK,MODERATE,ECMWF ENS,ECMWF ENS | GEFS,0.0,2,0.0,0,0,0,0,GREEN,БЕЗ ЗНАЧАЈНОГ РИЗИКА,NO SIGNIFICANT RISK,MODERATE,ECMWF ENS,ECMWF ENS | GEFS,0,GREEN,БЕЗ ЗНАЧАЈНОГ РИЗИКА,NO SIGNIFICANT RISK,NONE,MODERATE,15,2026-08-21T06:00:00+00:00,2026-08-21T21:00:00+00:00,STORMS,EXPERIMENTAL,DEVELOPMENTAL MULTIMODEL SIGNAL - NOT CALIBRATED PROBABILITY,PUBLIC OPEN-DATA SERVICES,INDEPENDENT PROJECT - NOT AN OFFICIAL RHMZ WARNING PRODUCT
70734,LOZNICA-GRAD,LOZNICA-GRAD,ЛОЗНИЦА-ГРАД,0.0,0.0,0.0,0.0,0.0,14.065180157442434,53.80661392211914,9,45,2026-08-21T21:00:00Z,2026-08-20T00:00:00Z,0.0,0.0,11.4,61.3,0.0,13.1,9,,0.0,0.0,0.0,,,,0.0,2,0.0,0,0,0,0,GREEN,БЕЗ ЗНАЧАЈНОГ РИЗИКА,NO SIGNIFICANT RISK,MODERATE,ECMWF ENS,ECMWF ENS | GEFS,0.0,2,0.0,0,0,0,0,GREEN,БЕЗ ЗНАЧАЈНОГ РИЗИКА,NO SIGNIFICANT RISK,MODERATE,ECMWF ENS,ECMWF ENS | GEFS,0.0,2,0.0,0,0,0,0,GREEN,БЕЗ ЗНАЧАЈНОГ РИЗИКА,NO SIGNIFICANT RISK,MODERATE,ECMWF ENS,ECMWF ENS | GEFS,0.0,2,0.0,0,0,0,0,GREEN,БЕЗ ЗНАЧАЈНОГ РИЗИКА,NO SIGNIFICANT RISK,MODERATE,ECMWF ENS,ECMWF ENS | GEFS,0,GREEN,БЕЗ ЗНАЧАЈНОГ РИЗИКА,NO SIGNIFICANT RISK,NONE,MODERATE,15,2026-08-21T06:00:00+00:00,2026-08-21T21:00:00+00:00,STORMS,EXPERIMENTAL,DEVELOPMENTAL MULTIMODEL SIGNAL - NOT CALIBRATED PROBABILITY,PUBLIC OPEN-DATA SERVICES,INDEPENDENT PROJECT - NOT AN OFFICIAL RHMZ WARNING PRODUCT
70742,LUČANI,LUČANI,ЛУЧАНИ,0.0,0.0,0.0,0.0,0.0,8.768778799403128,54.80000305175781,10,45,2026-08-21T21:00:00Z,2026-08-20T00:00:00Z,0.0,0.0,0.0,46.8,0.0,5.6,10,,0.0,0.0,0.0,,,,0.0,2,0.0,0,0,0,0,GREEN,БЕЗ ЗНАЧАЈНОГ РИЗИКА,NO SIGNIFICANT RISK,MODERATE,ECMWF ENS,ECMWF ENS | GEFS,0.0,2,0.0,0,0,0,0,GREEN,БЕЗ ЗНАЧАЈНОГ РИЗИКА,NO SIGNIFICANT RISK,MODERATE,ECMWF ENS,ECMWF ENS | GEFS,0.0,2,0.0,0,0,0,0,GREEN,БЕЗ ЗНАЧАЈНОГ РИЗИКА,NO SIGNIFICANT RISK,MODERATE,ECMWF ENS,ECMWF ENS | GEFS,0.0,2,0.0,0,0,0,0,GREEN,БЕЗ ЗНАЧАЈНОГ РИЗИКА,NO SIGNIFICANT RISK,MODERATE,ECMWF ENS,ECMWF ENS | GEFS,0,GREEN,БЕЗ ЗНАЧАЈНОГ РИЗИКА,NO SIGNIFICANT RISK,NONE,MODERATE,15,2026-08-21T06:00:00+00:00,2026-08-21T21:00:00+00:00,STORMS,EXPERIMENTAL,DEVELOPMENTAL MULTIMODEL SIGNAL - NOT CALIBRATED PROBABILITY,PUBLIC OPEN-DATA SERVICES,INDEPENDENT PROJECT - NOT AN OFFICIAL RHMZ WARNING PRODUCT
70785,MAJDANPEK,MAJDANPEK,МАЈДАНПЕК,0.0,0.0,0.0,0.0,0.0,12.10426912326728,60.08547115325928,12,45,2026-08-21T21:00:00Z,2026-08-20T00:00:00Z,0.0,0.0,124.4,60.2,0.0,12.4,12,,0.0,0.0,0.0,,,,0.0,2,0.0,0,0,0,0,GREEN,БЕЗ ЗНАЧАЈНОГ РИЗИКА,NO SIGNIFICANT RISK,MODERATE,ECMWF ENS,ECMWF ENS | GEFS,0.0,2,0.0,0,0,0,0,GREEN,БЕЗ ЗНАЧАЈНОГ РИЗИКА,NO SIGNIFICANT RISK,MODERATE,ECMWF ENS,ECMWF ENS | GEFS,0.0,2,0.0,0,0,0,0,GREEN,БЕЗ ЗНАЧАЈНОГ РИЗИКА,NO SIGNIFICANT RISK,MODERATE,ECMWF ENS,ECMWF ENS | GEFS,0.0,2,0.0,0,0,0,0,GREEN,БЕЗ ЗНАЧАЈНОГ РИЗИКА,NO SIGNIFICANT RISK,MODERATE,ECMWF ENS,ECMWF ENS | GEFS,0,GREEN,БЕЗ ЗНАЧАЈНОГ РИЗИКА,NO SIGNIFICANT RISK,NONE,MODERATE,15,2026-08-21T06:00:00+00:00,2026-08-21T21:00:00+00:00,STORMS,EXPERIMENTAL,DEVELOPMENTAL MULTIMODEL SIGNAL - NOT CALIBRATED PROBABILITY,PUBLIC OPEN-DATA SERVICES,INDEPENDENT PROJECT - NOT AN OFFICIAL RHMZ WARNING PRODUCT
70793,MALI ZVORNIK,MALI ZVORNIK,МАЛИ ЗВОРНИК,0.0,0.0,0.0,0.0,0.0,13.799793925541762,51.79999923706055,6,45,2026-08-21T21:00:00Z,2026-08-20T00:00:00Z,0.0,0.0,3.2,60.1,0.0,13.4,6,,0.0,0.0,0.0,,,,0.0,2,0.0,0,0,0,0,GREEN,БЕЗ ЗНАЧАЈНОГ РИЗИКА,NO SIGNIFICANT RISK,MODERATE,ECMWF ENS,ECMWF ENS | GEFS,0.0,2,0.0,0,0,0,0,GREEN,БЕЗ ЗНАЧАЈНОГ РИЗИКА,NO SIGNIFICANT RISK,MODERATE,ECMWF ENS,ECMWF ENS | GEFS,0.0,2,0.0,0,0,0,0,GREEN,БЕЗ ЗНАЧАЈНОГ РИЗИКА,NO SIGNIFICANT RISK,MODERATE,ECMWF ENS,ECMWF ENS | GEFS,0.0,2,0.0,0,0,0,0,GREEN,БЕЗ ЗНАЧАЈНОГ РИЗИКА,NO SIGNIFICANT RISK,MODERATE,ECMWF ENS,ECMWF ENS | GEFS,0,GREEN,БЕЗ ЗНАЧАЈНОГ РИЗИКА,NO SIGNIFICANT RISK,NONE,MODERATE,15,2026-08-21T06:00:00+00:00,2026-08-21T21:00:00+00:00,STORMS,EXPERIMENTAL,DEVELOPMENTAL MULTIMODEL SIGNAL - NOT CALIBRATED PROBABILITY,PUBLIC OPEN-DATA SERVICES,INDEPENDENT PROJECT - NOT AN OFFICIAL RHMZ WARNING PRODUCT
80241,MALI IĐOŠ,MALI IĐOŠ,МАЛИ ИЂОШ,0.0,0.0,0.0,0.0,3.0,13.947812704794377,62.54999923706055,6,45,2026-08-21T21:00:00Z,2026-08-20T00:00:00Z,0.0,0.0,102.9,71.7,0.0,11.7,6,,0.0,0.0,0.0,,,,0.0,2,0.0,0,0,0,0,GREEN,БЕЗ ЗНАЧАЈНОГ РИЗИКА,NO SIGNIFICANT RISK,MODERATE,ECMWF ENS,ECMWF ENS | GEFS,0.0,2,0.0,0,0,0,0,GREEN,БЕЗ ЗНАЧАЈНОГ РИЗИКА,NO SIGNIFICANT RISK,MODERATE,ECMWF ENS,ECMWF ENS | GEFS,0.0,2,0.0,0,0,0,0,GREEN,БЕЗ ЗНАЧАЈНОГ РИЗИКА,NO SIGNIFICANT RISK,MODERATE,ECMWF ENS,ECMWF ENS | GEFS,0.0,2,0.0,0,0,0,0,GREEN,БЕЗ ЗНАЧАЈНОГ РИЗИКА,NO SIGNIFICANT RISK,MODERATE,ECMWF ENS,ECMWF ENS | GEFS,0,GREEN,БЕЗ ЗНАЧАЈНОГ РИЗИКА,NO SIGNIFICANT RISK,NONE,MODERATE,15,2026-08-21T06:00:00+00:00,2026-08-21T21:00:00+00:00,STORMS,EXPERIMENTAL,DEVELOPMENTAL MULTIMODEL SIGNAL - NOT CALIBRATED PROBABILITY,PUBLIC OPEN-DATA SERVICES,INDEPENDENT PROJECT - NOT AN OFFICIAL RHMZ WARNING PRODUCT
70807,MALO CRNIĆE,MALO CRNIĆE,МАЛО ЦРНИЋЕ,0.0,0.0,0.0,0.0,0.0,9.864002060714618,60.55000114440918,8,45,2026-08-21T21:00:00Z,2026-08-20T00:00:00Z,0.0,0.0,86.6,54.7,0.0,5.4,8,,0.0,0.0,0.0,,,,0.0,2,0.0,0,0,0,0,GREEN,БЕЗ ЗНАЧАЈНОГ РИЗИКА,NO SIGNIFICANT RISK,MODERATE,ECMWF ENS,ECMWF ENS | GEFS,0.0,2,0.0,0,0,0,0,GREEN,БЕЗ ЗНАЧАЈНОГ РИЗИКА,NO SIGNIFICANT RISK,MODERATE,ECMWF ENS,ECMWF ENS | GEFS,0.0,2,0.0,0,0,0,0,GREEN,БЕЗ ЗНАЧАЈНОГ РИЗИКА,NO SIGNIFICANT RISK,MODERATE,ECMWF ENS,ECMWF ENS | GEFS,0.0,2,0.0,0,0,0,0,GREEN,БЕЗ ЗНАЧАЈНОГ РИЗИКА,NO SIGNIFICANT RISK,MODERATE,ECMWF ENS,ECMWF ENS | GEFS,0,GREEN,БЕЗ ЗНАЧАЈНОГ РИЗИКА,NO SIGNIFICANT RISK,NONE,MODERATE,15,2026-08-21T06:00:00+00:00,2026-08-21T21:00:00+00:00,STORMS,EXPERIMENTAL,DEVELOPMENTAL MULTIMODEL SIGNAL - NOT CALIBRATED PROBABILITY,PUBLIC OPEN-DATA SERVICES,INDEPENDENT PROJECT - NOT AN OFFICIAL RHMZ WARNING PRODUCT
70815,MEDVEĐA,MEDVEĐA,МЕДВЕЂА,0.0,0.0,0.0,0.0,0.0,8.893037821745361,57.25,9,45,2026-08-21T21:00:00Z,2026-08-20T00:00:00Z,0.0,0.0,0.0,48.1,0.0,3.6,9,,0.0,0.0,0.0,,,,0.0,2,0.0,0,0,0,0,GREEN,БЕЗ ЗНАЧАЈНОГ РИЗИКА,NO SIGNIFICANT RISK,MODERATE,ECMWF ENS,ECMWF ENS | GEFS,0.0,2,0.0,0,0,0,0,GREEN,БЕЗ ЗНАЧАЈНОГ РИЗИКА,NO SIGNIFICANT RISK,MODERATE,ECMWF ENS,ECMWF ENS | GEFS,0.0,2,0.0,0,0,0,0,GREEN,БЕЗ ЗНАЧАЈНОГ РИЗИКА,NO SIGNIFICANT RISK,MODERATE,ECMWF ENS,ECMWF ENS | GEFS,0.0,2,0.0,0,0,0,0,GREEN,БЕЗ ЗНАЧАЈНОГ РИЗИКА,NO SIGNIFICANT RISK,MODERATE,ECMWF ENS,ECMWF ENS | GEFS,0,GREEN,БЕЗ ЗНАЧАЈНОГ РИЗИКА,NO SIGNIFICANT RISK,NONE,MODERATE,15,2026-08-21T06:00:00+00:00,2026-08-21T21:00:00+00:00,STORMS,EXPERIMENTAL,DEVELOPMENTAL MULTIMODEL SIGNAL - NOT CALIBRATED PROBABILITY,PUBLIC OPEN-DATA SERVICES,INDEPENDENT PROJECT - NOT AN OFFICIAL RHMZ WARNING PRODUCT
70823,MEROŠINA,MEROŠINA,МЕРОШИНА,0.0,0.0,0.0,0.0,0.0,6.108302678765383,57.150001525878906,6,45,2026-08-21T21:00:00Z,2026-08-20T00:00:00Z,0.0,0.0,0.0,52.5,0.0,4.7,6,,0.0,0.0,0.0,,,,0.0,2,0.0,0,0,0,0,GREEN,БЕЗ ЗНАЧАЈНОГ РИЗИКА,NO SIGNIFICANT RISK,MODERATE,ECMWF ENS,ECMWF ENS | GEFS,0.0,2,0.0,0,0,0,0,GREEN,БЕЗ ЗНАЧАЈНОГ РИЗИКА,NO SIGNIFICANT RISK,MODERATE,ECMWF ENS,ECMWF ENS | GEFS,0.0,2,0.0,0,0,0,0,GREEN,БЕЗ ЗНАЧАЈНОГ РИЗИКА,NO SIGNIFICANT RISK,MODERATE,ECMWF ENS,ECMWF ENS | GEFS,0.0,2,0.0,0,0,0,0,GREEN,БЕЗ ЗНАЧАЈНОГ РИЗИКА,NO SIGNIFICANT RISK,MODERATE,ECMWF ENS,ECMWF ENS | GEFS,0,GREEN,БЕЗ ЗНАЧАЈНОГ РИЗИКА,NO SIGNIFICANT RISK,NONE,MODERATE,15,2026-08-21T06:00:00+00:00,2026-08-21T21:00:00+00:00,STORMS,EXPERIMENTAL,DEVELOPMENTAL MULTIMODEL SIGNAL - NOT CALIBRATED PROBABILITY,PUBLIC OPEN-DATA SERVICES,INDEPENDENT PROJECT - NOT AN OFFICIAL RHMZ WARNING PRODUCT
70831,MIONICA,MIONICA,МИОНИЦА,0.0,0.0,0.0,0.0,0.0,12.445383533092835,53.174936294555664,9,45,2026-08-21T21:00:00Z,2026-08-20T00:00:00Z,0.0,0.0,0.0,48.8,0.0,9.8,9,,0.0,0.0,0.0,,,,0.0,2,0.0,0,0,0,0,GREEN,БЕЗ ЗНАЧАЈНОГ РИЗИКА,NO SIGNIFICANT RISK,MODERATE,ECMWF ENS,ECMWF ENS | GEFS,0.0,2,0.0,0,0,0,0,GREEN,БЕЗ ЗНАЧАЈНОГ РИЗИКА,NO SIGNIFICANT RISK,MODERATE,ECMWF ENS,ECMWF ENS | GEFS,0.0,2,0.0,0,0,0,0,GREEN,БЕЗ ЗНАЧАЈНОГ РИЗИКА,NO SIGNIFICANT RISK,MODERATE,ECMWF ENS,ECMWF ENS | GEFS,0.0,2,0.0,0,0,0,0,GREEN,БЕЗ ЗНАЧАЈНОГ РИЗИКА,NO SIGNIFICANT RISK,MODERATE,ECMWF ENS,ECMWF ENS | GEFS,0,GREEN,БЕЗ ЗНАЧАЈНОГ РИЗИКА,NO SIGNIFICANT RISK,NONE,MODERATE,15,2026-08-21T06:00:00+00:00,2026-08-21T21:00:00+00:00,STORMS,EXPERIMENTAL,DEVELOPMENTAL MULTIMODEL SIGNAL - NOT CALIBRATED PROBABILITY,PUBLIC OPEN-DATA SERVICES,INDEPENDENT PROJECT - NOT AN OFFICIAL RHMZ WARNING PRODUCT
70840,NEGOTIN,NEGOTIN,НЕГОТИН,0.0,0.0,0.0,0.0,0.0,11.885052910763752,59.45409965515137,11,45,2026-08-21T21:00:00Z,2026-08-20T00:00:00Z,0.0,0.0,241.9,58.7,0.0,11.2,11,,0.0,0.0,0.0,,,,0.0,2,0.0,0,0,0,0,GREEN,БЕЗ ЗНАЧАЈНОГ РИЗИКА,NO SIGNIFICANT RISK,MODERATE,ECMWF ENS,ECMWF ENS | GEFS,0.0,2,0.0,0,0,0,0,GREEN,БЕЗ ЗНАЧАЈНОГ РИЗИКА,NO SIGNIFICANT RISK,MODERATE,ECMWF ENS,ECMWF ENS | GEFS,0.0,2,0.0,0,0,0,0,GREEN,БЕЗ ЗНАЧАЈНОГ РИЗИКА,NO SIGNIFICANT RISK,MODERATE,ECMWF ENS,ECMWF ENS | GEFS,0.0,2,0.0,0,0,0,0,GREEN,БЕЗ ЗНАЧАЈНОГ РИЗИКА,NO SIGNIFICANT RISK,MODERATE,ECMWF ENS,ECMWF ENS | GEFS,0,GREEN,БЕЗ ЗНАЧАЈНОГ РИЗИКА,NO SIGNIFICANT RISK,NONE,MODERATE,15,2026-08-21T06:00:00+00:00,2026-08-21T21:00:00+00:00,STORMS,EXPERIMENTAL,DEVELOPMENTAL MULTIMODEL SIGNAL - NOT CALIBRATED PROBABILITY,PUBLIC OPEN-DATA SERVICES,INDEPENDENT PROJECT - NOT AN OFFICIAL RHMZ WARNING PRODUCT
71331,NIŠ-MEDIANA,NIŠ-MEDIANA,НИШ-МЕДИАНА,0.0,0.0,0.0,0.0,0.0,4.332866585076335,57.434109687805176,5,45,2026-08-21T21:00:00Z,2026-08-20T00:00:00Z,0.0,0.0,63.6,58.6,0.0,2.5,5,,0.0,0.0,0.0,,,,0.0,2,0.0,0,0,0,0,GREEN,БЕЗ ЗНАЧАЈНОГ РИЗИКА,NO SIGNIFICANT RISK,MODERATE,ECMWF ENS,ECMWF ENS | GEFS,0.0,2,0.0,0,0,0,0,GREEN,БЕЗ ЗНАЧАЈНОГ РИЗИКА,NO SIGNIFICANT RISK,MODERATE,ECMWF ENS,ECMWF ENS | GEFS,0.0,2,0.0,0,0,0,0,GREEN,БЕЗ ЗНАЧАЈНОГ РИЗИКА,NO SIGNIFICANT RISK,MODERATE,ECMWF ENS,ECMWF ENS | GEFS,0.0,2,0.0,0,0,0,0,GREEN,БЕЗ ЗНАЧАЈНОГ РИЗИКА,NO SIGNIFICANT RISK,MODERATE,ECMWF ENS,ECMWF ENS | GEFS,0,GREEN,БЕЗ ЗНАЧАЈНОГ РИЗИКА,NO SIGNIFICANT RISK,NONE,MODERATE,15,2026-08-21T06:00:00+00:00,2026-08-21T21:00:00+00:00,STORMS,EXPERIMENTAL,DEVELOPMENTAL MULTIMODEL SIGNAL - NOT CALIBRATED PROBABILITY,PUBLIC OPEN-DATA SERVICES,INDEPENDENT PROJECT - NOT AN OFFICIAL RHMZ WARNING PRODUCT
71285,NIŠ-NIŠKA BANJA,NIŠ-NIŠKA BANJA,НИШ-НИШКА БАЊА,0.0,0.0,0.0,0.0,0.0,3.899483452622452,57.434109687805176,5,45,2026-08-21T21:00:00Z,2026-08-20T00:00:00Z,0.0,0.0,472.8,59.5,0.0,1.6,5,,0.0,0.0,0.0,,,,0.0,2,0.0,0,0,0,0,GREEN,БЕЗ ЗНАЧАЈНОГ РИЗИКА,NO SIGNIFICANT RISK,MODERATE,ECMWF ENS,ECMWF ENS | GEFS,0.0,2,0.0,0,0,0,0,GREEN,БЕЗ ЗНАЧАЈНОГ РИЗИКА,NO SIGNIFICANT RISK,MODERATE,ECMWF ENS,ECMWF ENS | GEFS,0.0,2,0.0,0,0,0,0,GREEN,БЕЗ ЗНАЧАЈНОГ РИЗИКА,NO SIGNIFICANT RISK,MODERATE,ECMWF ENS,ECMWF ENS | GEFS,0.0,2,0.0,0,0,0,0,GREEN,БЕЗ ЗНАЧАЈНОГ РИЗИКА,NO SIGNIFICANT RISK,MODERATE,ECMWF ENS,ECMWF ENS | GEFS,0,GREEN,БЕЗ ЗНАЧАЈНОГ РИЗИКА,NO SIGNIFICANT RISK,NONE,MODERATE,15,2026-08-21T06:00:00+00:00,2026-08-21T21:00:00+00:00,STORMS,EXPERIMENTAL,DEVELOPMENTAL MULTIMODEL SIGNAL - NOT CALIBRATED PROBABILITY,PUBLIC OPEN-DATA SERVICES,INDEPENDENT PROJECT - NOT AN OFFICIAL RHMZ WARNING PRODUCT
71323,NIŠ-PALILULA,NIŠ-PALILULA,НИШ-ПАЛИЛУЛА,0.0,0.0,0.0,0.0,0.0,6.108302678765383,57.434109687805176,6,45,2026-08-21T21:00:00Z,2026-08-20T00:00:00Z,0.0,0.0,63.6,58.6,0.0,2.5,6,,0.0,0.0,0.0,,,,0.0,2,0.0,0,0,0,0,GREEN,БЕЗ ЗНАЧАЈНОГ РИЗИКА,NO SIGNIFICANT RISK,MODERATE,ECMWF ENS,ECMWF ENS | GEFS,0.0,2,0.0,0,0,0,0,GREEN,БЕЗ ЗНАЧАЈНОГ РИЗИКА,NO SIGNIFICANT RISK,MODERATE,ECMWF ENS,ECMWF ENS | GEFS,0.0,2,0.0,0,0,0,0,GREEN,БЕЗ ЗНАЧАЈНОГ РИЗИКА,NO SIGNIFICANT RISK,MODERATE,ECMWF ENS,ECMWF ENS | GEFS,0.0,2,0.0,0,0,0,0,GREEN,БЕЗ ЗНАЧАЈНОГ РИЗИКА,NO SIGNIFICANT RISK,MODERATE,ECMWF ENS,ECMWF ENS | GEFS,0,GREEN,БЕЗ ЗНАЧАЈНОГ РИЗИКА,NO SIGNIFICANT RISK,NONE,MODERATE,15,2026-08-21T06:00:00+00:00,2026-08-21T21:00:00+00:00,STORMS,EXPERIMENTAL,DEVELOPMENTAL MULTIMODEL SIGNAL - NOT CALIBRATED PROBABILITY,PUBLIC OPEN-DATA SERVICES,INDEPENDENT PROJECT - NOT AN OFFICIAL RHMZ WARNING PRODUCT
71307,NIŠ-PANTELEJ,NIŠ-PANTELEJ,НИШ-ПАНТЕЛЕЈ,0.0,0.0,0.0,0.0,0.0,4.332866585076335,57.434109687805176,6,45,2026-08-21T21:00:00Z,2026-08-20T00:00:00Z,0.0,0.0,63.6,58.6,0.0,2.5,6,,0.0,0.0,0.0,,,,0.0,2,0.0,0,0,0,0,GREEN,БЕЗ ЗНАЧАЈНОГ РИЗИКА,NO SIGNIFICANT RISK,MODERATE,ECMWF ENS,ECMWF ENS | GEFS,0.0,2,0.0,0,0,0,0,GREEN,БЕЗ ЗНАЧАЈНОГ РИЗИКА,NO SIGNIFICANT RISK,MODERATE,ECMWF ENS,ECMWF ENS | GEFS,0.0,2,0.0,0,0,0,0,GREEN,БЕЗ ЗНАЧАЈНОГ РИЗИКА,NO SIGNIFICANT RISK,MODERATE,ECMWF ENS,ECMWF ENS | GEFS,0.0,2,0.0,0,0,0,0,GREEN,БЕЗ ЗНАЧАЈНОГ РИЗИКА,NO SIGNIFICANT RISK,MODERATE,ECMWF ENS,ECMWF ENS | GEFS,0,GREEN,БЕЗ ЗНАЧАЈНОГ РИЗИКА,NO SIGNIFICANT RISK,NONE,MODERATE,15,2026-08-21T06:00:00+00:00,2026-08-21T21:00:00+00:00,STORMS,EXPERIMENTAL,DEVELOPMENTAL MULTIMODEL SIGNAL - NOT CALIBRATED PROBABILITY,PUBLIC OPEN-DATA SERVICES,INDEPENDENT PROJECT - NOT AN OFFICIAL RHMZ WARNING PRODUCT
71315,NIŠ-CRVENI KRST,NIŠ-CRVENI KRST,НИШ-ЦРВЕНИ КРСТ,0.0,0.0,0.0,0.0,0.0,6.108302678765383,57.150001525878906,6,45,2026-08-21T21:00:00Z,2026-08-20T00:00:00Z,0.0,0.0,0.0,52.5,0.0,4.7,6,,0.0,0.0,0.0,,,,0.0,2,0.0,0,0,0,0,GREEN,БЕЗ ЗНАЧАЈНОГ РИЗИКА,NO SIGNIFICANT RISK,MODERATE,ECMWF ENS,ECMWF ENS | GEFS,0.0,2,0.0,0,0,0,0,GREEN,БЕЗ ЗНАЧАЈНОГ РИЗИКА,NO SIGNIFICANT RISK,MODERATE,ECMWF ENS,ECMWF ENS | GEFS,0.0,2,0.0,0,0,0,0,GREEN,БЕЗ ЗНАЧАЈНОГ РИЗИКА,NO SIGNIFICANT RISK,MODERATE,ECMWF ENS,ECMWF ENS | GEFS,0.0,2,0.0,0,0,0,0,GREEN,БЕЗ ЗНАЧАЈНОГ РИЗИКА,NO SIGNIFICANT RISK,MODERATE,ECMWF ENS,ECMWF ENS | GEFS,0,GREEN,БЕЗ ЗНАЧАЈНОГ РИЗИКА,NO SIGNIFICANT RISK,NONE,MODERATE,15,2026-08-21T06:00:00+00:00,2026-08-21T21:00:00+00:00,STORMS,EXPERIMENTAL,DEVELOPMENTAL MULTIMODEL SIGNAL - NOT CALIBRATED PROBABILITY,PUBLIC OPEN-DATA SERVICES,INDEPENDENT PROJECT - NOT AN OFFICIAL RHMZ WARNING PRODUCT
70866,NOVA VAROŠ,NOVA VAROŠ,НОВА ВАРОШ,0.0,0.0,0.0,0.0,0.0,6.908574567218881,46.70000076293945,9,45,2026-08-21T21:00:00Z,2026-08-20T00:00:00Z,0.0,0.0,0.0,52.8,0.0,4.8,9,,0.0,0.0,0.0,,,,0.0,2,0.0,0,0,0,0,GREEN,БЕЗ ЗНАЧАЈНОГ РИЗИКА,NO SIGNIFICANT RISK,MODERATE,ECMWF ENS,ECMWF ENS | GEFS,0.0,2,0.0,0,0,0,0,GREEN,БЕЗ ЗНАЧАЈНОГ РИЗИКА,NO SIGNIFICANT RISK,MODERATE,ECMWF ENS,ECMWF ENS | GEFS,0.0,2,0.0,0,0,0,0,GREEN,БЕЗ ЗНАЧАЈНОГ РИЗИКА,NO SIGNIFICANT RISK,MODERATE,ECMWF ENS,ECMWF ENS | GEFS,0.0,2,0.0,0,0,0,0,GREEN,БЕЗ ЗНАЧАЈНОГ РИЗИКА,NO SIGNIFICANT RISK,MODERATE,ECMWF ENS,ECMWF ENS | GEFS,0,GREEN,БЕЗ ЗНАЧАЈНОГ РИЗИКА,NO SIGNIFICANT RISK,NONE,MODERATE,15,2026-08-21T06:00:00+00:00,2026-08-21T21:00:00+00:00,STORMS,EXPERIMENTAL,DEVELOPMENTAL MULTIMODEL SIGNAL - NOT CALIBRATED PROBABILITY,PUBLIC OPEN-DATA SERVICES,INDEPENDENT PROJECT - NOT AN OFFICIAL RHMZ WARNING PRODUCT
80250,NOVA CRNJA,NOVA CRNJA,НОВА ЦРЊА,0.0,0.0,0.0,0.0,0.0,11.13186101602965,56.75,7,45,2026-08-21T21:00:00Z,2026-08-20T00:00:00Z,0.0,0.0,0.0,66.1,0.0,9.3,7,,0.0,0.0,0.0,,,,0.0,2,0.0,0,0,0,0,GREEN,БЕЗ ЗНАЧАЈНОГ РИЗИКА,NO SIGNIFICANT RISK,MODERATE,ECMWF ENS,ECMWF ENS | GEFS,0.0,2,0.0,0,0,0,0,GREEN,БЕЗ ЗНАЧАЈНОГ РИЗИКА,NO SIGNIFICANT RISK,MODERATE,ECMWF ENS,ECMWF ENS | GEFS,0.0,2,0.0,0,0,0,0,GREEN,БЕЗ ЗНАЧАЈНОГ РИЗИКА,NO SIGNIFICANT RISK,MODERATE,ECMWF ENS,ECMWF ENS | GEFS,0.0,2,0.0,0,0,0,0,GREEN,БЕЗ ЗНАЧАЈНОГ РИЗИКА,NO SIGNIFICANT RISK,MODERATE,ECMWF ENS,ECMWF ENS | GEFS,0,GREEN,БЕЗ ЗНАЧАЈНОГ РИЗИКА,NO SIGNIFICANT RISK,NONE,MODERATE,15,2026-08-21T06:00:00+00:00,2026-08-21T21:00:00+00:00,STORMS,EXPERIMENTAL,DEVELOPMENTAL MULTIMODEL SIGNAL - NOT CALIBRATED PROBABILITY,PUBLIC OPEN-DATA SERVICES,INDEPENDENT PROJECT - NOT AN OFFICIAL RHMZ WARNING PRODUCT
80268,NOVI BEČEJ,NOVI BEČEJ,НОВИ БЕЧЕЈ,0.0,0.0,0.0,0.0,0.0,12.960455385689889,60.499298095703125,9,45,2026-08-21T21:00:00Z,2026-08-20T00:00:00Z,0.0,0.0,0.0,72.8,0.0,10.4,9,,0.0,0.0,0.0,,,,0.0,2,0.0,0,0,0,0,GREEN,БЕЗ ЗНАЧАЈНОГ РИЗИКА,NO SIGNIFICANT RISK,MODERATE,ECMWF ENS,ECMWF ENS | GEFS,0.0,2,0.0,0,0,0,0,GREEN,БЕЗ ЗНАЧАЈНОГ РИЗИКА,NO SIGNIFICANT RISK,MODERATE,ECMWF ENS,ECMWF ENS | GEFS,0.0,2,0.0,0,0,0,0,GREEN,БЕЗ ЗНАЧАЈНОГ РИЗИКА,NO SIGNIFICANT RISK,MODERATE,ECMWF ENS,ECMWF ENS | GEFS,0.0,2,0.0,0,0,0,0,GREEN,БЕЗ ЗНАЧАЈНОГ РИЗИКА,NO SIGNIFICANT RISK,MODERATE,ECMWF ENS,ECMWF ENS | GEFS,0,GREEN,БЕЗ ЗНАЧАЈНОГ РИЗИКА,NO SIGNIFICANT RISK,NONE,MODERATE,15,2026-08-21T06:00:00+00:00,2026-08-21T21:00:00+00:00,STORMS,EXPERIMENTAL,DEVELOPMENTAL MULTIMODEL SIGNAL - NOT CALIBRATED PROBABILITY,PUBLIC OPEN-DATA SERVICES,INDEPENDENT PROJECT - NOT AN OFFICIAL RHMZ WARNING PRODUCT
80276,NOVI KNEŽEVAC,NOVI KNEŽEVAC,НОВИ КНЕЖЕВАЦ,0.0,0.0,0.0,0.0,9.0,12.827765205017949,63.5,7,45,2026-08-21T21:00:00Z,2026-08-20T00:00:00Z,0.0,0.0,5.6,80.7,0.0,11.0,7,,0.0,0.0,0.0,,,,0.0,2,0.0,0,0,0,0,GREEN,БЕЗ ЗНАЧАЈНОГ РИЗИКА,NO SIGNIFICANT RISK,MODERATE,ECMWF ENS,ECMWF ENS | GEFS,0.0,2,0.0,0,0,0,0,GREEN,БЕЗ ЗНАЧАЈНОГ РИЗИКА,NO SIGNIFICANT RISK,MODERATE,ECMWF ENS,ECMWF ENS | GEFS,0.0,2,0.0,0,0,0,0,GREEN,БЕЗ ЗНАЧАЈНОГ РИЗИКА,NO SIGNIFICANT RISK,MODERATE,ECMWF ENS,ECMWF ENS | GEFS,0.0,2,0.0,0,0,0,0,GREEN,БЕЗ ЗНАЧАЈНОГ РИЗИКА,NO SIGNIFICANT RISK,MODERATE,ECMWF ENS,ECMWF ENS | GEFS,0,GREEN,БЕЗ ЗНАЧАЈНОГ РИЗИКА,NO SIGNIFICANT RISK,NONE,MODERATE,15,2026-08-21T06:00:00+00:00,2026-08-21T21:00:00+00:00,STORMS,EXPERIMENTAL,DEVELOPMENTAL MULTIMODEL SIGNAL - NOT CALIBRATED PROBABILITY,PUBLIC OPEN-DATA SERVICES,INDEPENDENT PROJECT - NOT AN OFFICIAL RHMZ WARNING PRODUCT
70874,NOVI PAZAR-GRAD,NOVI PAZAR-GRAD,НОВИ ПАЗАР-ГРАД,0.0,0.0,0.0,0.0,0.0,6.345668303343263,56.65814208984375,10,45,2026-08-21T21:00:00Z,2026-08-20T00:00:00Z,0.0,0.0,0.0,38.9,0.0,5.0,10,,0.0,0.0,0.0,,,,0.0,2,0.0,0,0,0,0,GREEN,БЕЗ ЗНАЧАЈНОГ РИЗИКА,NO SIGNIFICANT RISK,MODERATE,ECMWF ENS,ECMWF ENS | GEFS,0.0,2,0.0,0,0,0,0,GREEN,БЕЗ ЗНАЧАЈНОГ РИЗИКА,NO SIGNIFICANT RISK,MODERATE,ECMWF ENS,ECMWF ENS | GEFS,0.0,2,0.0,0,0,0,0,GREEN,БЕЗ ЗНАЧАЈНОГ РИЗИКА,NO SIGNIFICANT RISK,MODERATE,ECMWF ENS,ECMWF ENS | GEFS,0.0,2,0.0,0,0,0,0,GREEN,БЕЗ ЗНАЧАЈНОГ РИЗИКА,NO SIGNIFICANT RISK,MODERATE,ECMWF ENS,ECMWF ENS | GEFS,0,GREEN,БЕЗ ЗНАЧАЈНОГ РИЗИКА,NO SIGNIFICANT RISK,NONE,MODERATE,15,2026-08-21T06:00:00+00:00,2026-08-21T21:00:00+00:00,STORMS,EXPERIMENTAL,DEVELOPMENTAL MULTIMODEL SIGNAL - NOT CALIBRATED PROBABILITY,PUBLIC OPEN-DATA SERVICES,INDEPENDENT PROJECT - NOT AN OFFICIAL RHMZ WARNING PRODUCT
80284,NOVI SAD-GRAD,NOVI SAD-GRAD,НОВИ САД-ГРАД,0.0,0.0,0.0,0.0,1.0,14.594201487624302,60.0,12,45,2026-08-21T21:00:00Z,2026-08-20T00:00:00Z,0.0,0.0,43.6,66.2,0.0,11.9,12,,0.0,0.0,0.0,,,,0.0,2,0.0,0,0,0,0,GREEN,БЕЗ ЗНАЧАЈНОГ РИЗИКА,NO SIGNIFICANT RISK,MODERATE,ECMWF ENS,ECMWF ENS | GEFS,0.0,2,0.0,0,0,0,0,GREEN,БЕЗ ЗНАЧАЈНОГ РИЗИКА,NO SIGNIFICANT RISK,MODERATE,ECMWF ENS,ECMWF ENS | GEFS,0.0,2,0.0,0,0,0,0,GREEN,БЕЗ ЗНАЧАЈНОГ РИЗИКА,NO SIGNIFICANT RISK,MODERATE,ECMWF ENS,ECMWF ENS | GEFS,0.0,2,0.0,0,0,0,0,GREEN,БЕЗ ЗНАЧАЈНОГ РИЗИКА,NO SIGNIFICANT RISK,MODERATE,ECMWF ENS,ECMWF ENS | GEFS,0,GREEN,БЕЗ ЗНАЧАЈНОГ РИЗИКА,NO SIGNIFICANT RISK,NONE,MODERATE,15,2026-08-21T06:00:00+00:00,2026-08-21T21:00:00+00:00,STORMS,EXPERIMENTAL,DEVELOPMENTAL MULTIMODEL SIGNAL - NOT CALIBRATED PROBABILITY,PUBLIC OPEN-DATA SERVICES,INDEPENDENT PROJECT - NOT AN OFFICIAL RHMZ WARNING PRODUCT
90182,NOVO BRDO,NOVO BRDO,НОВО БРДО,0.0,0.0,0.0,0.0,0.0,8.893037821745361,56.95000076293945,5,45,2026-08-21T21:00:00Z,2026-08-20T00:00:00Z,0.0,0.0,0.0,51.6,0.0,4.9,5,,0.0,0.0,0.0,,,,0.0,2,0.0,0,0,0,0,GREEN,БЕЗ ЗНАЧАЈНОГ РИЗИКА,NO SIGNIFICANT RISK,MODERATE,ECMWF ENS,ECMWF ENS | GEFS,0.0,2,0.0,0,0,0,0,GREEN,БЕЗ ЗНАЧАЈНОГ РИЗИКА,NO SIGNIFICANT RISK,MODERATE,ECMWF ENS,ECMWF ENS | GEFS,0.0,2,0.0,0,0,0,0,GREEN,БЕЗ ЗНАЧАЈНОГ РИЗИКА,NO SIGNIFICANT RISK,MODERATE,ECMWF ENS,ECMWF ENS | GEFS,0.0,2,0.0,0,0,0,0,GREEN,БЕЗ ЗНАЧАЈНОГ РИЗИКА,NO SIGNIFICANT RISK,MODERATE,ECMWF ENS,ECMWF ENS | GEFS,0,GREEN,БЕЗ ЗНАЧАЈНОГ РИЗИКА,NO SIGNIFICANT RISK,NONE,MODERATE,15,2026-08-21T06:00:00+00:00,2026-08-21T21:00:00+00:00,STORMS,EXPERIMENTAL,DEVELOPMENTAL MULTIMODEL SIGNAL - NOT CALIBRATED PROBABILITY,PUBLIC OPEN-DATA SERVICES,INDEPENDENT PROJECT - NOT AN OFFICIAL RHMZ WARNING PRODUCT
80306,ODŽACI,ODŽACI,ОЏАЦИ,0.0,0.0,0.0,0.0,12.0,14.055250609214186,64.17493438720703,10,45,2026-08-21T21:00:00Z,2026-08-20T00:00:00Z,4.0,2.0,726.8,65.1,0.0,10.4,10,,2.0,0.0,0.0,,,,2.0,2,4.0,0,0,0,0,GREEN,БЕЗ ЗНАЧАЈНОГ РИЗИКА,NO SIGNIFICANT RISK,MODERATE,ECMWF ENS,ECMWF ENS | GEFS,1.0,2,2.0,0,0,0,0,GREEN,БЕЗ ЗНАЧАЈНОГ РИЗИКА,NO SIGNIFICANT RISK,MODERATE,ECMWF ENS,ECMWF ENS | GEFS,0.0,2,0.0,0,0,0,0,GREEN,БЕЗ ЗНАЧАЈНОГ РИЗИКА,NO SIGNIFICANT RISK,MODERATE,ECMWF ENS,ECMWF ENS | GEFS,0.0,2,0.0,0,0,0,0,GREEN,БЕЗ ЗНАЧАЈНОГ РИЗИКА,NO SIGNIFICANT RISK,MODERATE,ECMWF ENS,ECMWF ENS | GEFS,0,GREEN,БЕЗ ЗНАЧАЈНОГ РИЗИКА,NO SIGNIFICANT RISK,NONE,MODERATE,15,2026-08-21T06:00:00+00:00,2026-08-21T21:00:00+00:00,STORMS,EXPERIMENTAL,DEVELOPMENTAL MULTIMODEL SIGNAL - NOT CALIBRATED PROBABILITY,PUBLIC OPEN-DATA SERVICES,INDEPENDENT PROJECT - NOT AN OFFICIAL RHMZ WARNING PRODUCT
90204,OBILIĆ,OBILIĆ,ОБИЛИЋ,0.0,0.0,0.0,0.0,0.0,8.123866585310243,57.2742977142334,8,45,2026-08-21T21:00:00Z,2026-08-20T00:00:00Z,0.0,0.0,0.0,42.3,0.0,3.4,8,,0.0,0.0,0.0,,,,0.0,2,0.0,0,0,0,0,GREEN,БЕЗ ЗНАЧАЈНОГ РИЗИКА,NO SIGNIFICANT RISK,MODERATE,ECMWF ENS,ECMWF ENS | GEFS,0.0,2,0.0,0,0,0,0,GREEN,БЕЗ ЗНАЧАЈНОГ РИЗИКА,NO SIGNIFICANT RISK,MODERATE,ECMWF ENS,ECMWF ENS | GEFS,0.0,2,0.0,0,0,0,0,GREEN,БЕЗ ЗНАЧАЈНОГ РИЗИКА,NO SIGNIFICANT RISK,MODERATE,ECMWF ENS,ECMWF ENS | GEFS,0.0,2,0.0,0,0,0,0,GREEN,БЕЗ ЗНАЧАЈНОГ РИЗИКА,NO SIGNIFICANT RISK,MODERATE,ECMWF ENS,ECMWF ENS | GEFS,0,GREEN,БЕЗ ЗНАЧАЈНОГ РИЗИКА,NO SIGNIFICANT RISK,NONE,MODERATE,15,2026-08-21T06:00:00+00:00,2026-08-21T21:00:00+00:00,STORMS,EXPERIMENTAL,DEVELOPMENTAL MULTIMODEL SIGNAL - NOT CALIBRATED PROBABILITY,PUBLIC OPEN-DATA SERVICES,INDEPENDENT PROJECT - NOT AN OFFICIAL RHMZ WARNING PRODUCT
80292,OPOVO,OPOVO,ОПОВО,0.0,0.0,0.0,0.0,0.0,12.120563788704109,56.506614685058594,6,45,2026-08-21T21:00:00Z,2026-08-20T00:00:00Z,0.0,0.0,0.0,63.7,0.0,9.6,6,,0.0,0.0,0.0,,,,0.0,2,0.0,0,0,0,0,GREEN,БЕЗ ЗНАЧАЈНОГ РИЗИКА,NO SIGNIFICANT RISK,MODERATE,ECMWF ENS,ECMWF ENS | GEFS,0.0,2,0.0,0,0,0,0,GREEN,БЕЗ ЗНАЧАЈНОГ РИЗИКА,NO SIGNIFICANT RISK,MODERATE,ECMWF ENS,ECMWF ENS | GEFS,0.0,2,0.0,0,0,0,0,GREEN,БЕЗ ЗНАЧАЈНОГ РИЗИКА,NO SIGNIFICANT RISK,MODERATE,ECMWF ENS,ECMWF ENS | GEFS,0.0,2,0.0,0,0,0,0,GREEN,БЕЗ ЗНАЧАЈНОГ РИЗИКА,NO SIGNIFICANT RISK,MODERATE,ECMWF ENS,ECMWF ENS | GEFS,0,GREEN,БЕЗ ЗНАЧАЈНОГ РИЗИКА,NO SIGNIFICANT RISK,NONE,MODERATE,15,2026-08-21T06:00:00+00:00,2026-08-21T21:00:00+00:00,STORMS,EXPERIMENTAL,DEVELOPMENTAL MULTIMODEL SIGNAL - NOT CALIBRATED PROBABILITY,PUBLIC OPEN-DATA SERVICES,INDEPENDENT PROJECT - NOT AN OFFICIAL RHMZ WARNING PRODUCT
90212,ORAHOVAC,ORAHOVAC,ОРАХОВАЦ,0.0,0.0,0.0,0.0,0.0,7.388690751433886,59.624298095703125,8,45,2026-08-21T21:00:00Z,2026-08-20T00:00:00Z,0.0,0.0,0.0,30.7,0.0,2.5,8,,0.0,0.0,0.0,,,,0.0,2,0.0,0,0,0,0,GREEN,БЕЗ ЗНАЧАЈНОГ РИЗИКА,NO SIGNIFICANT RISK,MODERATE,ECMWF ENS,ECMWF ENS | GEFS,0.0,2,0.0,0,0,0,0,GREEN,БЕЗ ЗНАЧАЈНОГ РИЗИКА,NO SIGNIFICANT RISK,MODERATE,ECMWF ENS,ECMWF ENS | GEFS,0.0,2,0.0,0,0,0,0,GREEN,БЕЗ ЗНАЧАЈНОГ РИЗИКА,NO SIGNIFICANT RISK,MODERATE,ECMWF ENS,ECMWF ENS | GEFS,0.0,2,0.0,0,0,0,0,GREEN,БЕЗ ЗНАЧАЈНОГ РИЗИКА,NO SIGNIFICANT RISK,MODERATE,ECMWF ENS,ECMWF ENS | GEFS,0,GREEN,БЕЗ ЗНАЧАЈНОГ РИЗИКА,NO SIGNIFICANT RISK,NONE,MODERATE,15,2026-08-21T06:00:00+00:00,2026-08-21T21:00:00+00:00,STORMS,EXPERIMENTAL,DEVELOPMENTAL MULTIMODEL SIGNAL - NOT CALIBRATED PROBABILITY,PUBLIC OPEN-DATA SERVICES,INDEPENDENT PROJECT - NOT AN OFFICIAL RHMZ WARNING PRODUCT
70882,OSEČINA,OSEČINA,ОСЕЧИНА,0.0,0.0,0.0,0.0,0.0,13.799793925541762,51.79999923706055,7,45,2026-08-21T21:00:00Z,2026-08-20T00:00:00Z,0.0,0.0,63.1,59.4,0.0,12.2,7,,0.0,0.0,0.0,,,,0.0,2,0.0,0,0,0,0,GREEN,БЕЗ ЗНАЧАЈНОГ РИЗИКА,NO SIGNIFICANT RISK,MODERATE,ECMWF ENS,ECMWF ENS | GEFS,0.0,2,0.0,0,0,0,0,GREEN,БЕЗ ЗНАЧАЈНОГ РИЗИКА,NO SIGNIFICANT RISK,MODERATE,ECMWF ENS,ECMWF ENS | GEFS,0.0,2,0.0,0,0,0,0,GREEN,БЕЗ ЗНАЧАЈНОГ РИЗИКА,NO SIGNIFICANT RISK,MODERATE,ECMWF ENS,ECMWF ENS | GEFS,0.0,2,0.0,0,0,0,0,GREEN,БЕЗ ЗНАЧАЈНОГ РИЗИКА,NO SIGNIFICANT RISK,MODERATE,ECMWF ENS,ECMWF ENS | GEFS,0,GREEN,БЕЗ ЗНАЧАЈНОГ РИЗИКА,NO SIGNIFICANT RISK,NONE,MODERATE,15,2026-08-21T06:00:00+00:00,2026-08-21T21:00:00+00:00,STORMS,EXPERIMENTAL,DEVELOPMENTAL MULTIMODEL SIGNAL - NOT CALIBRATED PROBABILITY,PUBLIC OPEN-DATA SERVICES,INDEPENDENT PROJECT - NOT AN OFFICIAL RHMZ WARNING PRODUCT
80314,PANČEVO-GRAD,PANČEVO-GRAD,ПАНЧЕВО-ГРАД,0.0,0.0,0.0,0.0,0.0,11.983525794423354,57.30000305175781,10,45,2026-08-21T21:00:00Z,2026-08-20T00:00:00Z,0.0,0.0,0.0,58.5,0.0,7.2,10,,0.0,0.0,0.0,,,,0.0,2,0.0,0,0,0,0,GREEN,БЕЗ ЗНАЧАЈНОГ РИЗИКА,NO SIGNIFICANT RISK,MODERATE,ECMWF ENS,ECMWF ENS | GEFS,0.0,2,0.0,0,0,0,0,GREEN,БЕЗ ЗНАЧАЈНОГ РИЗИКА,NO SIGNIFICANT RISK,MODERATE,ECMWF ENS,ECMWF ENS | GEFS,0.0,2,0.0,0,0,0,0,GREEN,БЕЗ ЗНАЧАЈНОГ РИЗИКА,NO SIGNIFICANT RISK,MODERATE,ECMWF ENS,ECMWF ENS | GEFS,0.0,2,0.0,0,0,0,0,GREEN,БЕЗ ЗНАЧАЈНОГ РИЗИКА,NO SIGNIFICANT RISK,MODERATE,ECMWF ENS,ECMWF ENS | GEFS,0,GREEN,БЕЗ ЗНАЧАЈНОГ РИЗИКА,NO SIGNIFICANT RISK,NONE,MODERATE,15,2026-08-21T06:00:00+00:00,2026-08-21T21:00:00+00:00,STORMS,EXPERIMENTAL,DEVELOPMENTAL MULTIMODEL SIGNAL - NOT CALIBRATED PROBABILITY,PUBLIC OPEN-DATA SERVICES,INDEPENDENT PROJECT - NOT AN OFFICIAL RHMZ WARNING PRODUCT
70904,PARAĆIN,PARAĆIN,ПАРАЋИН,0.0,0.0,0.0,0.0,0.0,9.113066955835968,59.0,8,45,2026-08-21T21:00:00Z,2026-08-20T00:00:00Z,0.0,0.0,0.0,54.3,0.0,5.2,8,,0.0,0.0,0.0,,,,0.0,2,0.0,0,0,0,0,GREEN,БЕЗ ЗНАЧАЈНОГ РИЗИКА,NO SIGNIFICANT RISK,MODERATE,ECMWF ENS,ECMWF ENS | GEFS,0.0,2,0.0,0,0,0,0,GREEN,БЕЗ ЗНАЧАЈНОГ РИЗИКА,NO SIGNIFICANT RISK,MODERATE,ECMWF ENS,ECMWF ENS | GEFS,0.0,2,0.0,0,0,0,0,GREEN,БЕЗ ЗНАЧАЈНОГ РИЗИКА,NO SIGNIFICANT RISK,MODERATE,ECMWF ENS,ECMWF ENS | GEFS,0.0,2,0.0,0,0,0,0,GREEN,БЕЗ ЗНАЧАЈНОГ РИЗИКА,NO SIGNIFICANT RISK,MODERATE,ECMWF ENS,ECMWF ENS | GEFS,0,GREEN,БЕЗ ЗНАЧАЈНОГ РИЗИКА,NO SIGNIFICANT RISK,NONE,MODERATE,15,2026-08-21T06:00:00+00:00,2026-08-21T21:00:00+00:00,STORMS,EXPERIMENTAL,DEVELOPMENTAL MULTIMODEL SIGNAL - NOT CALIBRATED PROBABILITY,PUBLIC OPEN-DATA SERVICES,INDEPENDENT PROJECT - NOT AN OFFICIAL RHMZ WARNING PRODUCT
90239,PEĆ,PEĆ,ПЕЋ,0.0,0.0,0.0,0.0,0.0,6.286357574429111,57.2742977142334,11,45,2026-08-21T21:00:00Z,2026-08-20T00:00:00Z,0.0,0.0,0.0,33.2,0.0,2.9,11,,0.0,0.0,0.0,,,,0.0,2,0.0,0,0,0,0,GREEN,БЕЗ ЗНАЧАЈНОГ РИЗИКА,NO SIGNIFICANT RISK,MODERATE,ECMWF ENS,ECMWF ENS | GEFS,0.0,2,0.0,0,0,0,0,GREEN,БЕЗ ЗНАЧАЈНОГ РИЗИКА,NO SIGNIFICANT RISK,MODERATE,ECMWF ENS,ECMWF ENS | GEFS,0.0,2,0.0,0,0,0,0,GREEN,БЕЗ ЗНАЧАЈНОГ РИЗИКА,NO SIGNIFICANT RISK,MODERATE,ECMWF ENS,ECMWF ENS | GEFS,0.0,2,0.0,0,0,0,0,GREEN,БЕЗ ЗНАЧАЈНОГ РИЗИКА,NO SIGNIFICANT RISK,MODERATE,ECMWF ENS,ECMWF ENS | GEFS,0,GREEN,БЕЗ ЗНАЧАЈНОГ РИЗИКА,NO SIGNIFICANT RISK,NONE,MODERATE,15,2026-08-21T06:00:00+00:00,2026-08-21T21:00:00+00:00,STORMS,EXPERIMENTAL,DEVELOPMENTAL MULTIMODEL SIGNAL - NOT CALIBRATED PROBABILITY,PUBLIC OPEN-DATA SERVICES,INDEPENDENT PROJECT - NOT AN OFFICIAL RHMZ WARNING PRODUCT
80322,PEĆINCI,PEĆINCI,ПЕЋИНЦИ,0.0,0.0,0.0,0.0,0.0,14.287856587511946,56.83962440490723,9,45,2026-08-21T21:00:00Z,2026-08-20T00:00:00Z,0.0,0.0,0.0,59.1,0.0,10.9,9,,0.0,0.0,0.0,,,,0.0,2,0.0,0,0,0,0,GREEN,БЕЗ ЗНАЧАЈНОГ РИЗИКА,NO SIGNIFICANT RISK,MODERATE,ECMWF ENS,ECMWF ENS | GEFS,0.0,2,0.0,0,0,0,0,GREEN,БЕЗ ЗНАЧАЈНОГ РИЗИКА,NO SIGNIFICANT RISK,MODERATE,ECMWF ENS,ECMWF ENS | GEFS,0.0,2,0.0,0,0,0,0,GREEN,БЕЗ ЗНАЧАЈНОГ РИЗИКА,NO SIGNIFICANT RISK,MODERATE,ECMWF ENS,ECMWF ENS | GEFS,0.0,2,0.0,0,0,0,0,GREEN,БЕЗ ЗНАЧАЈНОГ РИЗИКА,NO SIGNIFICANT RISK,MODERATE,ECMWF ENS,ECMWF ENS | GEFS,0,GREEN,БЕЗ ЗНАЧАЈНОГ РИЗИКА,NO SIGNIFICANT RISK,NONE,MODERATE,15,2026-08-21T06:00:00+00:00,2026-08-21T21:00:00+00:00,STORMS,EXPERIMENTAL,DEVELOPMENTAL MULTIMODEL SIGNAL - NOT CALIBRATED PROBABILITY,PUBLIC OPEN-DATA SERVICES,INDEPENDENT PROJECT - NOT AN OFFICIAL RHMZ WARNING PRODUCT
70912,PETROVAC NA MLAVI,PETROVAC NA MLAVI,ПЕТРОВАЦ НА МЛАВИ,0.0,0.0,0.0,0.0,0.0,9.864002060714618,59.85661315917969,10,45,2026-08-21T21:00:00Z,2026-08-20T00:00:00Z,0.0,0.0,12.6,55.3,0.0,6.0,10,,0.0,0.0,0.0,,,,0.0,2,0.0,0,0,0,0,GREEN,БЕЗ ЗНАЧАЈНОГ РИЗИКА,NO SIGNIFICANT RISK,MODERATE,ECMWF ENS,ECMWF ENS | GEFS,0.0,2,0.0,0,0,0,0,GREEN,БЕЗ ЗНАЧАЈНОГ РИЗИКА,NO SIGNIFICANT RISK,MODERATE,ECMWF ENS,ECMWF ENS | GEFS,0.0,2,0.0,0,0,0,0,GREEN,БЕЗ ЗНАЧАЈНОГ РИЗИКА,NO SIGNIFICANT RISK,MODERATE,ECMWF ENS,ECMWF ENS | GEFS,0.0,2,0.0,0,0,0,0,GREEN,БЕЗ ЗНАЧАЈНОГ РИЗИКА,NO SIGNIFICANT RISK,MODERATE,ECMWF ENS,ECMWF ENS | GEFS,0,GREEN,БЕЗ ЗНАЧАЈНОГ РИЗИКА,NO SIGNIFICANT RISK,NONE,MODERATE,15,2026-08-21T06:00:00+00:00,2026-08-21T21:00:00+00:00,STORMS,EXPERIMENTAL,DEVELOPMENTAL MULTIMODEL SIGNAL - NOT CALIBRATED PROBABILITY,PUBLIC OPEN-DATA SERVICES,INDEPENDENT PROJECT - NOT AN OFFICIAL RHMZ WARNING PRODUCT
70939,PIROT,PIROT,ПИРОТ,0.0,0.0,0.0,0.0,0.0,3.5661524808424416,58.77429962158203,12,45,2026-08-21T21:00:00Z,2026-08-20T00:00:00Z,0.0,0.0,639.1,66.5,0.0,1.5,12,,0.0,0.0,0.0,,,,0.0,2,0.0,0,0,0,0,GREEN,БЕЗ ЗНАЧАЈНОГ РИЗИКА,NO SIGNIFICANT RISK,MODERATE,ECMWF ENS,ECMWF ENS | GEFS,0.0,2,0.0,0,0,0,0,GREEN,БЕЗ ЗНАЧАЈНОГ РИЗИКА,NO SIGNIFICANT RISK,MODERATE,ECMWF ENS,ECMWF ENS | GEFS,0.0,2,0.0,0,0,0,0,GREEN,БЕЗ ЗНАЧАЈНОГ РИЗИКА,NO SIGNIFICANT RISK,MODERATE,ECMWF ENS,ECMWF ENS | GEFS,0.0,2,0.0,0,0,0,0,GREEN,БЕЗ ЗНАЧАЈНОГ РИЗИКА,NO SIGNIFICANT RISK,MODERATE,ECMWF ENS,ECMWF ENS | GEFS,0,GREEN,БЕЗ ЗНАЧАЈНОГ РИЗИКА,NO SIGNIFICANT RISK,NONE,MODERATE,15,2026-08-21T06:00:00+00:00,2026-08-21T21:00:00+00:00,STORMS,EXPERIMENTAL,DEVELOPMENTAL MULTIMODEL SIGNAL - NOT CALIBRATED PROBABILITY,PUBLIC OPEN-DATA SERVICES,INDEPENDENT PROJECT - NOT AN OFFICIAL RHMZ WARNING PRODUCT
80349,PLANDIŠTE,PLANDIŠTE,ПЛАНДИШТЕ,0.0,0.0,0.0,0.0,0.0,8.085135186929199,58.5,9,45,2026-08-21T21:00:00Z,2026-08-20T00:00:00Z,0.0,0.0,0.0,62.7,0.0,8.1,9,,0.0,0.0,0.0,,,,0.0,2,0.0,0,0,0,0,GREEN,БЕЗ ЗНАЧАЈНОГ РИЗИКА,NO SIGNIFICANT RISK,MODERATE,ECMWF ENS,ECMWF ENS | GEFS,0.0,2,0.0,0,0,0,0,GREEN,БЕЗ ЗНАЧАЈНОГ РИЗИКА,NO SIGNIFICANT RISK,MODERATE,ECMWF ENS,ECMWF ENS | GEFS,0.0,2,0.0,0,0,0,0,GREEN,БЕЗ ЗНАЧАЈНОГ РИЗИКА,NO SIGNIFICANT RISK,MODERATE,ECMWF ENS,ECMWF ENS | GEFS,0.0,2,0.0,0,0,0,0,GREEN,БЕЗ ЗНАЧАЈНОГ РИЗИКА,NO SIGNIFICANT RISK,MODERATE,ECMWF ENS,ECMWF ENS | GEFS,0,GREEN,БЕЗ ЗНАЧАЈНОГ РИЗИКА,NO SIGNIFICANT RISK,NONE,MODERATE,15,2026-08-21T06:00:00+00:00,2026-08-21T21:00:00+00:00,STORMS,EXPERIMENTAL,DEVELOPMENTAL MULTIMODEL SIGNAL - NOT CALIBRATED PROBABILITY,PUBLIC OPEN-DATA SERVICES,INDEPENDENT PROJECT - NOT AN OFFICIAL RHMZ WARNING PRODUCT
90247,PODUJEVO,PODUJEVO,ПОДУЈЕВО,0.0,0.0,0.0,0.0,0.0,7.118683107830157,56.88547134399414,10,45,2026-08-21T21:00:00Z,2026-08-20T00:00:00Z,0.0,0.0,0.0,38.1,0.0,4.0,10,,0.0,0.0,0.0,,,,0.0,2,0.0,0,0,0,0,GREEN,БЕЗ ЗНАЧАЈНОГ РИЗИКА,NO SIGNIFICANT RISK,MODERATE,ECMWF ENS,ECMWF ENS | GEFS,0.0,2,0.0,0,0,0,0,GREEN,БЕЗ ЗНАЧАЈНОГ РИЗИКА,NO SIGNIFICANT RISK,MODERATE,ECMWF ENS,ECMWF ENS | GEFS,0.0,2,0.0,0,0,0,0,GREEN,БЕЗ ЗНАЧАЈНОГ РИЗИКА,NO SIGNIFICANT RISK,MODERATE,ECMWF ENS,ECMWF ENS | GEFS,0.0,2,0.0,0,0,0,0,GREEN,БЕЗ ЗНАЧАЈНОГ РИЗИКА,NO SIGNIFICANT RISK,MODERATE,ECMWF ENS,ECMWF ENS | GEFS,0,GREEN,БЕЗ ЗНАЧАЈНОГ РИЗИКА,NO SIGNIFICANT RISK,NONE,MODERATE,15,2026-08-21T06:00:00+00:00,2026-08-21T21:00:00+00:00,STORMS,EXPERIMENTAL,DEVELOPMENTAL MULTIMODEL SIGNAL - NOT CALIBRATED PROBABILITY,PUBLIC OPEN-DATA SERVICES,INDEPENDENT PROJECT - NOT AN OFFICIAL RHMZ WARNING PRODUCT
70947,POŽAREVAC-GRAD,POŽAREVAC-GRAD,ПОЖАРЕВАЦ-ГРАД,0.0,0.0,0.0,0.0,0.0,8.012475639412603,60.55000114440918,8,45,2026-08-21T21:00:00Z,2026-08-20T00:00:00Z,0.0,0.0,102.8,59.8,0.0,5.6,8,,0.0,0.0,0.0,,,,0.0,2,0.0,0,0,0,0,GREEN,БЕЗ ЗНАЧАЈНОГ РИЗИКА,NO SIGNIFICANT RISK,MODERATE,ECMWF ENS,ECMWF ENS | GEFS,0.0,2,0.0,0,0,0,0,GREEN,БЕЗ ЗНАЧАЈНОГ РИЗИКА,NO SIGNIFICANT RISK,MODERATE,ECMWF ENS,ECMWF ENS | GEFS,0.0,2,0.0,0,0,0,0,GREEN,БЕЗ ЗНАЧАЈНОГ РИЗИКА,NO SIGNIFICANT RISK,MODERATE,ECMWF ENS,ECMWF ENS | GEFS,0.0,2,0.0,0,0,0,0,GREEN,БЕЗ ЗНАЧАЈНОГ РИЗИКА,NO SIGNIFICANT RISK,MODERATE,ECMWF ENS,ECMWF ENS | GEFS,0,GREEN,БЕЗ ЗНАЧАЈНОГ РИЗИКА,NO SIGNIFICANT RISK,NONE,MODERATE,15,2026-08-21T06:00:00+00:00,2026-08-21T21:00:00+00:00,STORMS,EXPERIMENTAL,DEVELOPMENTAL MULTIMODEL SIGNAL - NOT CALIBRATED PROBABILITY,PUBLIC OPEN-DATA SERVICES,INDEPENDENT PROJECT - NOT AN OFFICIAL RHMZ WARNING PRODUCT
70955,POŽEGA,POŽEGA,ПОЖЕГА,0.0,0.0,0.0,0.0,0.0,10.748571236569475,51.72429847717285,8,45,2026-08-21T21:00:00Z,2026-08-20T00:00:00Z,0.0,0.0,0.0,48.1,0.0,7.3,8,,0.0,0.0,0.0,,,,0.0,2,0.0,0,0,0,0,GREEN,БЕЗ ЗНАЧАЈНОГ РИЗИКА,NO SIGNIFICANT RISK,MODERATE,ECMWF ENS,ECMWF ENS | GEFS,0.0,2,0.0,0,0,0,0,GREEN,БЕЗ ЗНАЧАЈНОГ РИЗИКА,NO SIGNIFICANT RISK,MODERATE,ECMWF ENS,ECMWF ENS | GEFS,0.0,2,0.0,0,0,0,0,GREEN,БЕЗ ЗНАЧАЈНОГ РИЗИКА,NO SIGNIFICANT RISK,MODERATE,ECMWF ENS,ECMWF ENS | GEFS,0.0,2,0.0,0,0,0,0,GREEN,БЕЗ ЗНАЧАЈНОГ РИЗИКА,NO SIGNIFICANT RISK,MODERATE,ECMWF ENS,ECMWF ENS | GEFS,0,GREEN,БЕЗ ЗНАЧАЈНОГ РИЗИКА,NO SIGNIFICANT RISK,NONE,MODERATE,15,2026-08-21T06:00:00+00:00,2026-08-21T21:00:00+00:00,STORMS,EXPERIMENTAL,DEVELOPMENTAL MULTIMODEL SIGNAL - NOT CALIBRATED PROBABILITY,PUBLIC OPEN-DATA SERVICES,INDEPENDENT PROJECT - NOT AN OFFICIAL RHMZ WARNING PRODUCT
70963,PREŠEVO,PREŠEVO,ПРЕШЕВО,0.0,0.0,0.0,0.0,0.0,8.893037821745361,58.739624977111816,7,45,2026-08-21T21:00:00Z,2026-08-20T00:00:00Z,4.0,0.0,595.4,75.9,0.0,2.2,7,,0.0,0.0,0.0,,,,2.0,2,4.0,0,0,0,0,GREEN,БЕЗ ЗНАЧАЈНОГ РИЗИКА,NO SIGNIFICANT RISK,MODERATE,ECMWF ENS,ECMWF ENS | GEFS,0.0,2,0.0,0,0,0,0,GREEN,БЕЗ ЗНАЧАЈНОГ РИЗИКА,NO SIGNIFICANT RISK,MODERATE,ECMWF ENS,ECMWF ENS | GEFS,0.0,2,0.0,0,0,0,0,GREEN,БЕЗ ЗНАЧАЈНОГ РИЗИКА,NO SIGNIFICANT RISK,MODERATE,ECMWF ENS,ECMWF ENS | GEFS,0.0,2,0.0,0,0,0,0,GREEN,БЕЗ ЗНАЧАЈНОГ РИЗИКА,NO SIGNIFICANT RISK,MODERATE,ECMWF ENS,ECMWF ENS | GEFS,0,GREEN,БЕЗ ЗНАЧАЈНОГ РИЗИКА,NO SIGNIFICANT RISK,NONE,MODERATE,15,2026-08-21T06:00:00+00:00,2026-08-21T21:00:00+00:00,STORMS,EXPERIMENTAL,DEVELOPMENTAL MULTIMODEL SIGNAL - NOT CALIBRATED PROBABILITY,PUBLIC OPEN-DATA SERVICES,INDEPENDENT PROJECT - NOT AN OFFICIAL RHMZ WARNING PRODUCT
70980,PRIJEPOLJE,PRIJEPOLJE,ПРИЈЕПОЉЕ,0.0,0.0,0.0,0.0,0.0,6.98971032597214,43.12499904632568,11,45,2026-08-21T21:00:00Z,2026-08-20T00:00:00Z,0.0,0.0,0.0,54.1,0.0,6.3,11,,0.0,0.0,0.0,,,,0.0,2,0.0,0,0,0,0,GREEN,БЕЗ ЗНАЧАЈНОГ РИЗИКА,NO SIGNIFICANT RISK,MODERATE,ECMWF ENS,ECMWF ENS | GEFS,0.0,2,0.0,0,0,0,0,GREEN,БЕЗ ЗНАЧАЈНОГ РИЗИКА,NO SIGNIFICANT RISK,MODERATE,ECMWF ENS,ECMWF ENS | GEFS,0.0,2,0.0,0,0,0,0,GREEN,БЕЗ ЗНАЧАЈНОГ РИЗИКА,NO SIGNIFICANT RISK,MODERATE,ECMWF ENS,ECMWF ENS | GEFS,0.0,2,0.0,0,0,0,0,GREEN,БЕЗ ЗНАЧАЈНОГ РИЗИКА,NO SIGNIFICANT RISK,MODERATE,ECMWF ENS,ECMWF ENS | GEFS,0,GREEN,БЕЗ ЗНАЧАЈНОГ РИЗИКА,NO SIGNIFICANT RISK,NONE,MODERATE,15,2026-08-21T06:00:00+00:00,2026-08-21T21:00:00+00:00,STORMS,EXPERIMENTAL,DEVELOPMENTAL MULTIMODEL SIGNAL - NOT CALIBRATED PROBABILITY,PUBLIC OPEN-DATA SERVICES,INDEPENDENT PROJECT - NOT AN OFFICIAL RHMZ WARNING PRODUCT
70971,PRIBOJ,PRIBOJ,ПРИБОЈ,0.0,0.0,0.0,0.0,0.0,7.429652307076255,43.12499904632568,10,45,2026-08-21T21:00:00Z,2026-08-20T00:00:00Z,0.0,0.0,0.0,54.8,0.0,5.1,10,,0.0,0.0,0.0,,,,0.0,2,0.0,0,0,0,0,GREEN,БЕЗ ЗНАЧАЈНОГ РИЗИКА,NO SIGNIFICANT RISK,MODERATE,ECMWF ENS,ECMWF ENS | GEFS,0.0,2,0.0,0,0,0,0,GREEN,БЕЗ ЗНАЧАЈНОГ РИЗИКА,NO SIGNIFICANT RISK,MODERATE,ECMWF ENS,ECMWF ENS | GEFS,0.0,2,0.0,0,0,0,0,GREEN,БЕЗ ЗНАЧАЈНОГ РИЗИКА,NO SIGNIFICANT RISK,MODERATE,ECMWF ENS,ECMWF ENS | GEFS,0.0,2,0.0,0,0,0,0,GREEN,БЕЗ ЗНАЧАЈНОГ РИЗИКА,NO SIGNIFICANT RISK,MODERATE,ECMWF ENS,ECMWF ENS | GEFS,0,GREEN,БЕЗ ЗНАЧАЈНОГ РИЗИКА,NO SIGNIFICANT RISK,NONE,MODERATE,15,2026-08-21T06:00:00+00:00,2026-08-21T21:00:00+00:00,STORMS,EXPERIMENTAL,DEVELOPMENTAL MULTIMODEL SIGNAL - NOT CALIBRATED PROBABILITY,PUBLIC OPEN-DATA SERVICES,INDEPENDENT PROJECT - NOT AN OFFICIAL RHMZ WARNING PRODUCT
90255,PRIZREN,PRIZREN,ПРИЗРЕН,0.0,0.0,0.0,0.0,0.0,5.181513262994579,61.10090255737305,10,45,2026-08-21T21:00:00Z,2026-08-20T00:00:00Z,2.0,0.0,577.8,79.6,0.0,1.4,10,,0.0,0.0,0.0,,,,1.0,2,2.0,0,0,0,0,GREEN,БЕЗ ЗНАЧАЈНОГ РИЗИКА,NO SIGNIFICANT RISK,MODERATE,ECMWF ENS,ECMWF ENS | GEFS,0.0,2,0.0,0,0,0,0,GREEN,БЕЗ ЗНАЧАЈНОГ РИЗИКА,NO SIGNIFICANT RISK,MODERATE,ECMWF ENS,ECMWF ENS | GEFS,0.0,2,0.0,0,0,0,0,GREEN,БЕЗ ЗНАЧАЈНОГ РИЗИКА,NO SIGNIFICANT RISK,MODERATE,ECMWF ENS,ECMWF ENS | GEFS,0.0,2,0.0,0,0,0,0,GREEN,БЕЗ ЗНАЧАЈНОГ РИЗИКА,NO SIGNIFICANT RISK,MODERATE,ECMWF ENS,ECMWF ENS | GEFS,0,GREEN,БЕЗ ЗНАЧАЈНОГ РИЗИКА,NO SIGNIFICANT RISK,NONE,MODERATE,15,2026-08-21T06:00:00+00:00,2026-08-21T21:00:00+00:00,STORMS,EXPERIMENTAL,DEVELOPMENTAL MULTIMODEL SIGNAL - NOT CALIBRATED PROBABILITY,PUBLIC OPEN-DATA SERVICES,INDEPENDENT PROJECT - NOT AN OFFICIAL RHMZ WARNING PRODUCT
90263,PRIŠTINA-GRAD,PRIŠTINA-GRAD,ПРИШТИНА-ГРАД,0.0,0.0,0.0,0.0,0.0,8.893037821745361,56.97429656982422,9,45,2026-08-21T21:00:00Z,2026-08-20T00:00:00Z,0.0,0.0,0.0,48.1,0.0,3.6,9,,0.0,0.0,0.0,,,,0.0,2,0.0,0,0,0,0,GREEN,БЕЗ ЗНАЧАЈНОГ РИЗИКА,NO SIGNIFICANT RISK,MODERATE,ECMWF ENS,ECMWF ENS | GEFS,0.0,2,0.0,0,0,0,0,GREEN,БЕЗ ЗНАЧАЈНОГ РИЗИКА,NO SIGNIFICANT RISK,MODERATE,ECMWF ENS,ECMWF ENS | GEFS,0.0,2,0.0,0,0,0,0,GREEN,БЕЗ ЗНАЧАЈНОГ РИЗИКА,NO SIGNIFICANT RISK,MODERATE,ECMWF ENS,ECMWF ENS | GEFS,0.0,2,0.0,0,0,0,0,GREEN,БЕЗ ЗНАЧАЈНОГ РИЗИКА,NO SIGNIFICANT RISK,MODERATE,ECMWF ENS,ECMWF ENS | GEFS,0,GREEN,БЕЗ ЗНАЧАЈНОГ РИЗИКА,NO SIGNIFICANT RISK,NONE,MODERATE,15,2026-08-21T06:00:00+00:00,2026-08-21T21:00:00+00:00,STORMS,EXPERIMENTAL,DEVELOPMENTAL MULTIMODEL SIGNAL - NOT CALIBRATED PROBABILITY,PUBLIC OPEN-DATA SERVICES,INDEPENDENT PROJECT - NOT AN OFFICIAL RHMZ WARNING PRODUCT
70998,PROKUPLJE,PROKUPLJE,ПРОКУПЉЕ,0.0,0.0,0.0,0.0,0.0,6.640761116120469,57.33018493652344,9,45,2026-08-21T21:00:00Z,2026-08-20T00:00:00Z,0.0,0.0,0.0,49.7,0.0,6.0,9,,0.0,0.0,0.0,,,,0.0,2,0.0,0,0,0,0,GREEN,БЕЗ ЗНАЧАЈНОГ РИЗИКА,NO SIGNIFICANT RISK,MODERATE,ECMWF ENS,ECMWF ENS | GEFS,0.0,2,0.0,0,0,0,0,GREEN,БЕЗ ЗНАЧАЈНОГ РИЗИКА,NO SIGNIFICANT RISK,MODERATE,ECMWF ENS,ECMWF ENS | GEFS,0.0,2,0.0,0,0,0,0,GREEN,БЕЗ ЗНАЧАЈНОГ РИЗИКА,NO SIGNIFICANT RISK,MODERATE,ECMWF ENS,ECMWF ENS | GEFS,0.0,2,0.0,0,0,0,0,GREEN,БЕЗ ЗНАЧАЈНОГ РИЗИКА,NO SIGNIFICANT RISK,MODERATE,ECMWF ENS,ECMWF ENS | GEFS,0,GREEN,БЕЗ ЗНАЧАЈНОГ РИЗИКА,NO SIGNIFICANT RISK,NONE,MODERATE,15,2026-08-21T06:00:00+00:00,2026-08-21T21:00:00+00:00,STORMS,EXPERIMENTAL,DEVELOPMENTAL MULTIMODEL SIGNAL - NOT CALIBRATED PROBABILITY,PUBLIC OPEN-DATA SERVICES,INDEPENDENT PROJECT - NOT AN OFFICIAL RHMZ WARNING PRODUCT
71005,RAŽANJ,RAŽANJ,РАЖАЊ,0.0,0.0,0.0,0.0,0.0,7.261811959985034,59.0,9,45,2026-08-21T21:00:00Z,2026-08-20T00:00:00Z,0.0,0.0,153.5,54.2,0.0,5.3,9,,0.0,0.0,0.0,,,,0.0,2,0.0,0,0,0,0,GREEN,БЕЗ ЗНАЧАЈНОГ РИЗИКА,NO SIGNIFICANT RISK,MODERATE,ECMWF ENS,ECMWF ENS | GEFS,0.0,2,0.0,0,0,0,0,GREEN,БЕЗ ЗНАЧАЈНОГ РИЗИКА,NO SIGNIFICANT RISK,MODERATE,ECMWF ENS,ECMWF ENS | GEFS,0.0,2,0.0,0,0,0,0,GREEN,БЕЗ ЗНАЧАЈНОГ РИЗИКА,NO SIGNIFICANT RISK,MODERATE,ECMWF ENS,ECMWF ENS | GEFS,0.0,2,0.0,0,0,0,0,GREEN,БЕЗ ЗНАЧАЈНОГ РИЗИКА,NO SIGNIFICANT RISK,MODERATE,ECMWF ENS,ECMWF ENS | GEFS,0,GREEN,БЕЗ ЗНАЧАЈНОГ РИЗИКА,NO SIGNIFICANT RISK,NONE,MODERATE,15,2026-08-21T06:00:00+00:00,2026-08-21T21:00:00+00:00,STORMS,EXPERIMENTAL,DEVELOPMENTAL MULTIMODEL SIGNAL - NOT CALIBRATED PROBABILITY,PUBLIC OPEN-DATA SERVICES,INDEPENDENT PROJECT - NOT AN OFFICIAL RHMZ WARNING PRODUCT
71013,RAČA,RAČA,РАЧА,0.0,0.0,0.0,0.0,0.0,9.929272906420463,58.54999923706055,8,45,2026-08-21T21:00:00Z,2026-08-20T00:00:00Z,0.0,0.0,0.0,48.8,0.0,5.0,8,,0.0,0.0,0.0,,,,0.0,2,0.0,0,0,0,0,GREEN,БЕЗ ЗНАЧАЈНОГ РИЗИКА,NO SIGNIFICANT RISK,MODERATE,ECMWF ENS,ECMWF ENS | GEFS,0.0,2,0.0,0,0,0,0,GREEN,БЕЗ ЗНАЧАЈНОГ РИЗИКА,NO SIGNIFICANT RISK,MODERATE,ECMWF ENS,ECMWF ENS | GEFS,0.0,2,0.0,0,0,0,0,GREEN,БЕЗ ЗНАЧАЈНОГ РИЗИКА,NO SIGNIFICANT RISK,MODERATE,ECMWF ENS,ECMWF ENS | GEFS,0.0,2,0.0,0,0,0,0,GREEN,БЕЗ ЗНАЧАЈНОГ РИЗИКА,NO SIGNIFICANT RISK,MODERATE,ECMWF ENS,ECMWF ENS | GEFS,0,GREEN,БЕЗ ЗНАЧАЈНОГ РИЗИКА,NO SIGNIFICANT RISK,NONE,MODERATE,15,2026-08-21T06:00:00+00:00,2026-08-21T21:00:00+00:00,STORMS,EXPERIMENTAL,DEVELOPMENTAL MULTIMODEL SIGNAL - NOT CALIBRATED PROBABILITY,PUBLIC OPEN-DATA SERVICES,INDEPENDENT PROJECT - NOT AN OFFICIAL RHMZ WARNING PRODUCT
71021,RAŠKA,RAŠKA,РАШКА,0.0,0.0,0.0,0.0,0.0,7.416077063962382,57.10684967041016,10,45,2026-08-21T21:00:00Z,2026-08-20T00:00:00Z,0.0,0.0,0.0,38.9,0.0,5.0,10,,0.0,0.0,0.0,,,,0.0,2,0.0,0,0,0,0,GREEN,БЕЗ ЗНАЧАЈНОГ РИЗИКА,NO SIGNIFICANT RISK,MODERATE,ECMWF ENS,ECMWF ENS | GEFS,0.0,2,0.0,0,0,0,0,GREEN,БЕЗ ЗНАЧАЈНОГ РИЗИКА,NO SIGNIFICANT RISK,MODERATE,ECMWF ENS,ECMWF ENS | GEFS,0.0,2,0.0,0,0,0,0,GREEN,БЕЗ ЗНАЧАЈНОГ РИЗИКА,NO SIGNIFICANT RISK,MODERATE,ECMWF ENS,ECMWF ENS | GEFS,0.0,2,0.0,0,0,0,0,GREEN,БЕЗ ЗНАЧАЈНОГ РИЗИКА,NO SIGNIFICANT RISK,MODERATE,ECMWF ENS,ECMWF ENS | GEFS,0,GREEN,БЕЗ ЗНАЧАЈНОГ РИЗИКА,NO SIGNIFICANT RISK,NONE,MODERATE,15,2026-08-21T06:00:00+00:00,2026-08-21T21:00:00+00:00,STORMS,EXPERIMENTAL,DEVELOPMENTAL MULTIMODEL SIGNAL - NOT CALIBRATED PROBABILITY,PUBLIC OPEN-DATA SERVICES,INDEPENDENT PROJECT - NOT AN OFFICIAL RHMZ WARNING PRODUCT
71030,REKOVAC,REKOVAC,РЕКОВАЦ,0.0,0.0,0.0,0.0,0.0,8.731519865377043,58.05674743652344,7,45,2026-08-21T21:00:00Z,2026-08-20T00:00:00Z,0.0,0.0,0.0,41.8,0.0,6.2,7,,0.0,0.0,0.0,,,,0.0,2,0.0,0,0,0,0,GREEN,БЕЗ ЗНАЧАЈНОГ РИЗИКА,NO SIGNIFICANT RISK,MODERATE,ECMWF ENS,ECMWF ENS | GEFS,0.0,2,0.0,0,0,0,0,GREEN,БЕЗ ЗНАЧАЈНОГ РИЗИКА,NO SIGNIFICANT RISK,MODERATE,ECMWF ENS,ECMWF ENS | GEFS,0.0,2,0.0,0,0,0,0,GREEN,БЕЗ ЗНАЧАЈНОГ РИЗИКА,NO SIGNIFICANT RISK,MODERATE,ECMWF ENS,ECMWF ENS | GEFS,0.0,2,0.0,0,0,0,0,GREEN,БЕЗ ЗНАЧАЈНОГ РИЗИКА,NO SIGNIFICANT RISK,MODERATE,ECMWF ENS,ECMWF ENS | GEFS,0,GREEN,БЕЗ ЗНАЧАЈНОГ РИЗИКА,NO SIGNIFICANT RISK,NONE,MODERATE,15,2026-08-21T06:00:00+00:00,2026-08-21T21:00:00+00:00,STORMS,EXPERIMENTAL,DEVELOPMENTAL MULTIMODEL SIGNAL - NOT CALIBRATED PROBABILITY,PUBLIC OPEN-DATA SERVICES,INDEPENDENT PROJECT - NOT AN OFFICIAL RHMZ WARNING PRODUCT
80357,RUMA,RUMA,РУМА,0.0,0.0,0.0,0.0,0.0,14.594201487624302,57.69999980926514,12,45,2026-08-21T21:00:00Z,2026-08-20T00:00:00Z,0.0,0.0,0.2,63.3,0.0,12.7,12,,0.0,0.0,0.0,,,,0.0,2,0.0,0,0,0,0,GREEN,БЕЗ ЗНАЧАЈНОГ РИЗИКА,NO SIGNIFICANT RISK,MODERATE,ECMWF ENS,ECMWF ENS | GEFS,0.0,2,0.0,0,0,0,0,GREEN,БЕЗ ЗНАЧАЈНОГ РИЗИКА,NO SIGNIFICANT RISK,MODERATE,ECMWF ENS,ECMWF ENS | GEFS,0.0,2,0.0,0,0,0,0,GREEN,БЕЗ ЗНАЧАЈНОГ РИЗИКА,NO SIGNIFICANT RISK,MODERATE,ECMWF ENS,ECMWF ENS | GEFS,0.0,2,0.0,0,0,0,0,GREEN,БЕЗ ЗНАЧАЈНОГ РИЗИКА,NO SIGNIFICANT RISK,MODERATE,ECMWF ENS,ECMWF ENS | GEFS,0,GREEN,БЕЗ ЗНАЧАЈНОГ РИЗИКА,NO SIGNIFICANT RISK,NONE,MODERATE,15,2026-08-21T06:00:00+00:00,2026-08-21T21:00:00+00:00,STORMS,EXPERIMENTAL,DEVELOPMENTAL MULTIMODEL SIGNAL - NOT CALIBRATED PROBABILITY,PUBLIC OPEN-DATA SERVICES,INDEPENDENT PROJECT - NOT AN OFFICIAL RHMZ WARNING PRODUCT
71072,SJENICA,SJENICA,СЈЕНИЦА,0.0,0.0,0.0,0.0,0.0,6.328749086498762,55.25,11,45,2026-08-21T21:00:00Z,2026-08-20T00:00:00Z,0.0,0.0,0.0,49.3,0.0,4.1,11,,0.0,0.0,0.0,,,,0.0,2,0.0,0,0,0,0,GREEN,БЕЗ ЗНАЧАЈНОГ РИЗИКА,NO SIGNIFICANT RISK,MODERATE,ECMWF ENS,ECMWF ENS | GEFS,0.0,2,0.0,0,0,0,0,GREEN,БЕЗ ЗНАЧАЈНОГ РИЗИКА,NO SIGNIFICANT RISK,MODERATE,ECMWF ENS,ECMWF ENS | GEFS,0.0,2,0.0,0,0,0,0,GREEN,БЕЗ ЗНАЧАЈНОГ РИЗИКА,NO SIGNIFICANT RISK,MODERATE,ECMWF ENS,ECMWF ENS | GEFS,0.0,2,0.0,0,0,0,0,GREEN,БЕЗ ЗНАЧАЈНОГ РИЗИКА,NO SIGNIFICANT RISK,MODERATE,ECMWF ENS,ECMWF ENS | GEFS,0,GREEN,БЕЗ ЗНАЧАЈНОГ РИЗИКА,NO SIGNIFICANT RISK,NONE,MODERATE,15,2026-08-21T06:00:00+00:00,2026-08-21T21:00:00+00:00,STORMS,EXPERIMENTAL,DEVELOPMENTAL MULTIMODEL SIGNAL - NOT CALIBRATED PROBABILITY,PUBLIC OPEN-DATA SERVICES,INDEPENDENT PROJECT - NOT AN OFFICIAL RHMZ WARNING PRODUCT
71056,SVILAJNAC,SVILAJNAC,СВИЛАЈНАЦ,0.0,0.0,0.0,0.0,0.0,8.731519865377043,59.19999885559082,8,45,2026-08-21T21:00:00Z,2026-08-20T00:00:00Z,0.0,0.0,12.6,55.3,0.0,6.0,8,,0.0,0.0,0.0,,,,0.0,2,0.0,0,0,0,0,GREEN,БЕЗ ЗНАЧАЈНОГ РИЗИКА,NO SIGNIFICANT RISK,MODERATE,ECMWF ENS,ECMWF ENS | GEFS,0.0,2,0.0,0,0,0,0,GREEN,БЕЗ ЗНАЧАЈНОГ РИЗИКА,NO SIGNIFICANT RISK,MODERATE,ECMWF ENS,ECMWF ENS | GEFS,0.0,2,0.0,0,0,0,0,GREEN,БЕЗ ЗНАЧАЈНОГ РИЗИКА,NO SIGNIFICANT RISK,MODERATE,ECMWF ENS,ECMWF ENS | GEFS,0.0,2,0.0,0,0,0,0,GREEN,БЕЗ ЗНАЧАЈНОГ РИЗИКА,NO SIGNIFICANT RISK,MODERATE,ECMWF ENS,ECMWF ENS | GEFS,0,GREEN,БЕЗ ЗНАЧАЈНОГ РИЗИКА,NO SIGNIFICANT RISK,NONE,MODERATE,15,2026-08-21T06:00:00+00:00,2026-08-21T21:00:00+00:00,STORMS,EXPERIMENTAL,DEVELOPMENTAL MULTIMODEL SIGNAL - NOT CALIBRATED PROBABILITY,PUBLIC OPEN-DATA SERVICES,INDEPENDENT PROJECT - NOT AN OFFICIAL RHMZ WARNING PRODUCT
71064,SVRLJIG,SVRLJIG,СВРЉИГ,0.0,0.0,0.0,0.0,0.0,6.170723415718231,58.209110260009766,10,45,2026-08-21T21:00:00Z,2026-08-20T00:00:00Z,0.0,0.0,305.6,55.2,0.0,4.6,10,,0.0,0.0,0.0,,,,0.0,2,0.0,0,0,0,0,GREEN,БЕЗ ЗНАЧАЈНОГ РИЗИКА,NO SIGNIFICANT RISK,MODERATE,ECMWF ENS,ECMWF ENS | GEFS,0.0,2,0.0,0,0,0,0,GREEN,БЕЗ ЗНАЧАЈНОГ РИЗИКА,NO SIGNIFICANT RISK,MODERATE,ECMWF ENS,ECMWF ENS | GEFS,0.0,2,0.0,0,0,0,0,GREEN,БЕЗ ЗНАЧАЈНОГ РИЗИКА,NO SIGNIFICANT RISK,MODERATE,ECMWF ENS,ECMWF ENS | GEFS,0.0,2,0.0,0,0,0,0,GREEN,БЕЗ ЗНАЧАЈНОГ РИЗИКА,NO SIGNIFICANT RISK,MODERATE,ECMWF ENS,ECMWF ENS | GEFS,0,GREEN,БЕЗ ЗНАЧАЈНОГ РИЗИКА,NO SIGNIFICANT RISK,NONE,MODERATE,15,2026-08-21T06:00:00+00:00,2026-08-21T21:00:00+00:00,STORMS,EXPERIMENTAL,DEVELOPMENTAL MULTIMODEL SIGNAL - NOT CALIBRATED PROBABILITY,PUBLIC OPEN-DATA SERVICES,INDEPENDENT PROJECT - NOT AN OFFICIAL RHMZ WARNING PRODUCT
80365,SENTA,SENTA,СЕНТА,0.0,0.0,0.0,0.0,6.0,12.960455385689889,63.5,6,45,2026-08-21T21:00:00Z,2026-08-20T00:00:00Z,0.0,0.0,75.6,78.1,0.0,10.9,6,,0.0,0.0,0.0,,,,0.0,2,0.0,0,0,0,0,GREEN,БЕЗ ЗНАЧАЈНОГ РИЗИКА,NO SIGNIFICANT RISK,MODERATE,ECMWF ENS,ECMWF ENS | GEFS,0.0,2,0.0,0,0,0,0,GREEN,БЕЗ ЗНАЧАЈНОГ РИЗИКА,NO SIGNIFICANT RISK,MODERATE,ECMWF ENS,ECMWF ENS | GEFS,0.0,2,0.0,0,0,0,0,GREEN,БЕЗ ЗНАЧАЈНОГ РИЗИКА,NO SIGNIFICANT RISK,MODERATE,ECMWF ENS,ECMWF ENS | GEFS,0.0,2,0.0,0,0,0,0,GREEN,БЕЗ ЗНАЧАЈНОГ РИЗИКА,NO SIGNIFICANT RISK,MODERATE,ECMWF ENS,ECMWF ENS | GEFS,0,GREEN,БЕЗ ЗНАЧАЈНОГ РИЗИКА,NO SIGNIFICANT RISK,NONE,MODERATE,15,2026-08-21T06:00:00+00:00,2026-08-21T21:00:00+00:00,STORMS,EXPERIMENTAL,DEVELOPMENTAL MULTIMODEL SIGNAL - NOT CALIBRATED PROBABILITY,PUBLIC OPEN-DATA SERVICES,INDEPENDENT PROJECT - NOT AN OFFICIAL RHMZ WARNING PRODUCT
80373,SEČANJ,SEČANJ,СЕЧАЊ,0.0,0.0,0.0,0.0,0.0,10.219029604895209,56.506614685058594,8,45,2026-08-21T21:00:00Z,2026-08-20T00:00:00Z,0.0,0.0,0.0,65.2,0.0,9.2,8,,0.0,0.0,0.0,,,,0.0,2,0.0,0,0,0,0,GREEN,БЕЗ ЗНАЧАЈНОГ РИЗИКА,NO SIGNIFICANT RISK,MODERATE,ECMWF ENS,ECMWF ENS | GEFS,0.0,2,0.0,0,0,0,0,GREEN,БЕЗ ЗНАЧАЈНОГ РИЗИКА,NO SIGNIFICANT RISK,MODERATE,ECMWF ENS,ECMWF ENS | GEFS,0.0,2,0.0,0,0,0,0,GREEN,БЕЗ ЗНАЧАЈНОГ РИЗИКА,NO SIGNIFICANT RISK,MODERATE,ECMWF ENS,ECMWF ENS | GEFS,0.0,2,0.0,0,0,0,0,GREEN,БЕЗ ЗНАЧАЈНОГ РИЗИКА,NO SIGNIFICANT RISK,MODERATE,ECMWF ENS,ECMWF ENS | GEFS,0,GREEN,БЕЗ ЗНАЧАЈНОГ РИЗИКА,NO SIGNIFICANT RISK,NONE,MODERATE,15,2026-08-21T06:00:00+00:00,2026-08-21T21:00:00+00:00,STORMS,EXPERIMENTAL,DEVELOPMENTAL MULTIMODEL SIGNAL - NOT CALIBRATED PROBABILITY,PUBLIC OPEN-DATA SERVICES,INDEPENDENT PROJECT - NOT AN OFFICIAL RHMZ WARNING PRODUCT
71099,SMEDEREVO-GRAD,SMEDEREVO-GRAD,СМЕДЕРЕВО-ГРАД,0.0,0.0,0.0,0.0,0.0,11.976047618631464,59.700002670288086,8,45,2026-08-21T21:00:00Z,2026-08-20T00:00:00Z,0.0,0.0,10.9,50.0,0.0,5.0,8,,0.0,0.0,0.0,,,,0.0,2,0.0,0,0,0,0,GREEN,БЕЗ ЗНАЧАЈНОГ РИЗИКА,NO SIGNIFICANT RISK,MODERATE,ECMWF ENS,ECMWF ENS | GEFS,0.0,2,0.0,0,0,0,0,GREEN,БЕЗ ЗНАЧАЈНОГ РИЗИКА,NO SIGNIFICANT RISK,MODERATE,ECMWF ENS,ECMWF ENS | GEFS,0.0,2,0.0,0,0,0,0,GREEN,БЕЗ ЗНАЧАЈНОГ РИЗИКА,NO SIGNIFICANT RISK,MODERATE,ECMWF ENS,ECMWF ENS | GEFS,0.0,2,0.0,0,0,0,0,GREEN,БЕЗ ЗНАЧАЈНОГ РИЗИКА,NO SIGNIFICANT RISK,MODERATE,ECMWF ENS,ECMWF ENS | GEFS,0,GREEN,БЕЗ ЗНАЧАЈНОГ РИЗИКА,NO SIGNIFICANT RISK,NONE,MODERATE,15,2026-08-21T06:00:00+00:00,2026-08-21T21:00:00+00:00,STORMS,EXPERIMENTAL,DEVELOPMENTAL MULTIMODEL SIGNAL - NOT CALIBRATED PROBABILITY,PUBLIC OPEN-DATA SERVICES,INDEPENDENT PROJECT - NOT AN OFFICIAL RHMZ WARNING PRODUCT
71102,SMEDEREVSKA PALANKA,SMEDEREVSKA PALANKA,СМЕДЕРЕВСКА ПАЛАНКА,0.0,0.0,0.0,0.0,0.0,11.976047618631464,59.19999885559082,8,45,2026-08-21T21:00:00Z,2026-08-20T00:00:00Z,0.0,0.0,0.0,48.4,0.0,6.8,8,,0.0,0.0,0.0,,,,0.0,2,0.0,0,0,0,0,GREEN,БЕЗ ЗНАЧАЈНОГ РИЗИКА,NO SIGNIFICANT RISK,MODERATE,ECMWF ENS,ECMWF ENS | GEFS,0.0,2,0.0,0,0,0,0,GREEN,БЕЗ ЗНАЧАЈНОГ РИЗИКА,NO SIGNIFICANT RISK,MODERATE,ECMWF ENS,ECMWF ENS | GEFS,0.0,2,0.0,0,0,0,0,GREEN,БЕЗ ЗНАЧАЈНОГ РИЗИКА,NO SIGNIFICANT RISK,MODERATE,ECMWF ENS,ECMWF ENS | GEFS,0.0,2,0.0,0,0,0,0,GREEN,БЕЗ ЗНАЧАЈНОГ РИЗИКА,NO SIGNIFICANT RISK,MODERATE,ECMWF ENS,ECMWF ENS | GEFS,0,GREEN,БЕЗ ЗНАЧАЈНОГ РИЗИКА,NO SIGNIFICANT RISK,NONE,MODERATE,15,2026-08-21T06:00:00+00:00,2026-08-21T21:00:00+00:00,STORMS,EXPERIMENTAL,DEVELOPMENTAL MULTIMODEL SIGNAL - NOT CALIBRATED PROBABILITY,PUBLIC OPEN-DATA SERVICES,INDEPENDENT PROJECT - NOT AN OFFICIAL RHMZ WARNING PRODUCT
71129,SOKOBANJA,SOKOBANJA,СОКОБАЊА,0.0,0.0,0.0,0.0,0.0,6.586455060483229,58.39999961853027,9,45,2026-08-21T21:00:00Z,2026-08-20T00:00:00Z,0.0,0.0,268.2,53.4,0.0,6.5,9,,0.0,0.0,0.0,,,,0.0,2,0.0,0,0,0,0,GREEN,БЕЗ ЗНАЧАЈНОГ РИЗИКА,NO SIGNIFICANT RISK,MODERATE,ECMWF ENS,ECMWF ENS | GEFS,0.0,2,0.0,0,0,0,0,GREEN,БЕЗ ЗНАЧАЈНОГ РИЗИКА,NO SIGNIFICANT RISK,MODERATE,ECMWF ENS,ECMWF ENS | GEFS,0.0,2,0.0,0,0,0,0,GREEN,БЕЗ ЗНАЧАЈНОГ РИЗИКА,NO SIGNIFICANT RISK,MODERATE,ECMWF ENS,ECMWF ENS | GEFS,0.0,2,0.0,0,0,0,0,GREEN,БЕЗ ЗНАЧАЈНОГ РИЗИКА,NO SIGNIFICANT RISK,MODERATE,ECMWF ENS,ECMWF ENS | GEFS,0,GREEN,БЕЗ ЗНАЧАЈНОГ РИЗИКА,NO SIGNIFICANT RISK,NONE,MODERATE,15,2026-08-21T06:00:00+00:00,2026-08-21T21:00:00+00:00,STORMS,EXPERIMENTAL,DEVELOPMENTAL MULTIMODEL SIGNAL - NOT CALIBRATED PROBABILITY,PUBLIC OPEN-DATA SERVICES,INDEPENDENT PROJECT - NOT AN OFFICIAL RHMZ WARNING PRODUCT
80381,SOMBOR-GRAD,SOMBOR-GRAD,СОМБОР-ГРАД,0.0,0.0,0.0,0.0,48.0,14.011237771183852,67.19813537597656,12,45,2026-08-21T21:00:00Z,2026-08-20T00:00:00Z,10.0,10.0,761.5,66.4,0.0,10.0,12,,6.0,0.0,0.0,,,,5.0,2,10.0,1,0,0,0,GREEN,БЕЗ ЗНАЧАЈНОГ РИЗИКА,NO SIGNIFICANT RISK,MODERATE,ECMWF ENS,ECMWF ENS | GEFS,3.0,2,6.0,0,0,0,0,GREEN,БЕЗ ЗНАЧАЈНОГ РИЗИКА,NO SIGNIFICANT RISK,MODERATE,ECMWF ENS,ECMWF ENS | GEFS,0.0,2,0.0,0,0,0,0,GREEN,БЕЗ ЗНАЧАЈНОГ РИЗИКА,NO SIGNIFICANT RISK,MODERATE,ECMWF ENS,ECMWF ENS | GEFS,0.0,2,0.0,0,0,0,0,GREEN,БЕЗ ЗНАЧАЈНОГ РИЗИКА,NO SIGNIFICANT RISK,MODERATE,ECMWF ENS,ECMWF ENS | GEFS,0,GREEN,БЕЗ ЗНАЧАЈНОГ РИЗИКА,NO SIGNIFICANT RISK,NONE,MODERATE,15,2026-08-21T06:00:00+00:00,2026-08-21T21:00:00+00:00,STORMS,EXPERIMENTAL,DEVELOPMENTAL MULTIMODEL SIGNAL - NOT CALIBRATED PROBABILITY,PUBLIC OPEN-DATA SERVICES,INDEPENDENT PROJECT - NOT AN OFFICIAL RHMZ WARNING PRODUCT
90271,SRBICA,SRBICA,СРБИЦА,0.0,0.0,0.0,0.0,0.0,7.388690751433886,57.2742977142334,10,45,2026-08-21T21:00:00Z,2026-08-20T00:00:00Z,0.0,0.0,0.0,32.7,0.0,3.4,10,,0.0,0.0,0.0,,,,0.0,2,0.0,0,0,0,0,GREEN,БЕЗ ЗНАЧАЈНОГ РИЗИКА,NO SIGNIFICANT RISK,MODERATE,ECMWF ENS,ECMWF ENS | GEFS,0.0,2,0.0,0,0,0,0,GREEN,БЕЗ ЗНАЧАЈНОГ РИЗИКА,NO SIGNIFICANT RISK,MODERATE,ECMWF ENS,ECMWF ENS | GEFS,0.0,2,0.0,0,0,0,0,GREEN,БЕЗ ЗНАЧАЈНОГ РИЗИКА,NO SIGNIFICANT RISK,MODERATE,ECMWF ENS,ECMWF ENS | GEFS,0.0,2,0.0,0,0,0,0,GREEN,БЕЗ ЗНАЧАЈНОГ РИЗИКА,NO SIGNIFICANT RISK,MODERATE,ECMWF ENS,ECMWF ENS | GEFS,0,GREEN,БЕЗ ЗНАЧАЈНОГ РИЗИКА,NO SIGNIFICANT RISK,NONE,MODERATE,15,2026-08-21T06:00:00+00:00,2026-08-21T21:00:00+00:00,STORMS,EXPERIMENTAL,DEVELOPMENTAL MULTIMODEL SIGNAL - NOT CALIBRATED PROBABILITY,PUBLIC OPEN-DATA SERVICES,INDEPENDENT PROJECT - NOT AN OFFICIAL RHMZ WARNING PRODUCT
80390,SRBOBRAN,SRBOBRAN,СРБОБРАН,0.0,0.0,0.0,0.0,3.0,13.947812704794377,62.54999923706055,7,45,2026-08-21T21:00:00Z,2026-08-20T00:00:00Z,0.0,0.0,102.9,71.7,0.0,11.7,7,,0.0,0.0,0.0,,,,0.0,2,0.0,0,0,0,0,GREEN,БЕЗ ЗНАЧАЈНОГ РИЗИКА,NO SIGNIFICANT RISK,MODERATE,ECMWF ENS,ECMWF ENS | GEFS,0.0,2,0.0,0,0,0,0,GREEN,БЕЗ ЗНАЧАЈНОГ РИЗИКА,NO SIGNIFICANT RISK,MODERATE,ECMWF ENS,ECMWF ENS | GEFS,0.0,2,0.0,0,0,0,0,GREEN,БЕЗ ЗНАЧАЈНОГ РИЗИКА,NO SIGNIFICANT RISK,MODERATE,ECMWF ENS,ECMWF ENS | GEFS,0.0,2,0.0,0,0,0,0,GREEN,БЕЗ ЗНАЧАЈНОГ РИЗИКА,NO SIGNIFICANT RISK,MODERATE,ECMWF ENS,ECMWF ENS | GEFS,0,GREEN,БЕЗ ЗНАЧАЈНОГ РИЗИКА,NO SIGNIFICANT RISK,NONE,MODERATE,15,2026-08-21T06:00:00+00:00,2026-08-21T21:00:00+00:00,STORMS,EXPERIMENTAL,DEVELOPMENTAL MULTIMODEL SIGNAL - NOT CALIBRATED PROBABILITY,PUBLIC OPEN-DATA SERVICES,INDEPENDENT PROJECT - NOT AN OFFICIAL RHMZ WARNING PRODUCT
80403,SREMSKA MITROVICA-GRAD,SREMSKA MITROVICA-GRAD,СРЕМСКА МИТРОВИЦА-ГРАД,0.0,0.0,0.0,0.0,0.0,14.594201487624302,58.375,14,45,2026-08-21T21:00:00Z,2026-08-20T00:00:00Z,0.0,0.0,213.8,63.5,0.0,12.5,14,,0.0,0.0,0.0,,,,0.0,2,0.0,0,0,0,0,GREEN,БЕЗ ЗНАЧАЈНОГ РИЗИКА,NO SIGNIFICANT RISK,MODERATE,ECMWF ENS,ECMWF ENS | GEFS,0.0,2,0.0,0,0,0,0,GREEN,БЕЗ ЗНАЧАЈНОГ РИЗИКА,NO SIGNIFICANT RISK,MODERATE,ECMWF ENS,ECMWF ENS | GEFS,0.0,2,0.0,0,0,0,0,GREEN,БЕЗ ЗНАЧАЈНОГ РИЗИКА,NO SIGNIFICANT RISK,MODERATE,ECMWF ENS,ECMWF ENS | GEFS,0.0,2,0.0,0,0,0,0,GREEN,БЕЗ ЗНАЧАЈНОГ РИЗИКА,NO SIGNIFICANT RISK,MODERATE,ECMWF ENS,ECMWF ENS | GEFS,0,GREEN,БЕЗ ЗНАЧАЈНОГ РИЗИКА,NO SIGNIFICANT RISK,NONE,MODERATE,15,2026-08-21T06:00:00+00:00,2026-08-21T21:00:00+00:00,STORMS,EXPERIMENTAL,DEVELOPMENTAL MULTIMODEL SIGNAL - NOT CALIBRATED PROBABILITY,PUBLIC OPEN-DATA SERVICES,INDEPENDENT PROJECT - NOT AN OFFICIAL RHMZ WARNING PRODUCT
80411,SREMSKI KARLOVCI,SREMSKI KARLOVCI,СРЕМСКИ КАРЛОВЦИ,0.0,0.0,0.0,0.0,0.0,14.287856587511946,57.69999980926514,5,45,2026-08-21T21:00:00Z,2026-08-20T00:00:00Z,0.0,0.0,0.0,61.7,0.0,11.2,5,,0.0,0.0,0.0,,,,0.0,2,0.0,0,0,0,0,GREEN,БЕЗ ЗНАЧАЈНОГ РИЗИКА,NO SIGNIFICANT RISK,MODERATE,ECMWF ENS,ECMWF ENS | GEFS,0.0,2,0.0,0,0,0,0,GREEN,БЕЗ ЗНАЧАЈНОГ РИЗИКА,NO SIGNIFICANT RISK,MODERATE,ECMWF ENS,ECMWF ENS | GEFS,0.0,2,0.0,0,0,0,0,GREEN,БЕЗ ЗНАЧАЈНОГ РИЗИКА,NO SIGNIFICANT RISK,MODERATE,ECMWF ENS,ECMWF ENS | GEFS,0.0,2,0.0,0,0,0,0,GREEN,БЕЗ ЗНАЧАЈНОГ РИЗИКА,NO SIGNIFICANT RISK,MODERATE,ECMWF ENS,ECMWF ENS | GEFS,0,GREEN,БЕЗ ЗНАЧАЈНОГ РИЗИКА,NO SIGNIFICANT RISK,NONE,MODERATE,15,2026-08-21T06:00:00+00:00,2026-08-21T21:00:00+00:00,STORMS,EXPERIMENTAL,DEVELOPMENTAL MULTIMODEL SIGNAL - NOT CALIBRATED PROBABILITY,PUBLIC OPEN-DATA SERVICES,INDEPENDENT PROJECT - NOT AN OFFICIAL RHMZ WARNING PRODUCT
80420,STARA PAZOVA,STARA PAZOVA,СТАРА ПАЗОВА,0.0,0.0,0.0,0.0,0.0,14.287856587511946,56.83962440490723,9,45,2026-08-21T21:00:00Z,2026-08-20T00:00:00Z,0.0,0.0,0.0,61.7,0.0,10.4,9,,0.0,0.0,0.0,,,,0.0,2,0.0,0,0,0,0,GREEN,БЕЗ ЗНАЧАЈНОГ РИЗИКА,NO SIGNIFICANT RISK,MODERATE,ECMWF ENS,ECMWF ENS | GEFS,0.0,2,0.0,0,0,0,0,GREEN,БЕЗ ЗНАЧАЈНОГ РИЗИКА,NO SIGNIFICANT RISK,MODERATE,ECMWF ENS,ECMWF ENS | GEFS,0.0,2,0.0,0,0,0,0,GREEN,БЕЗ ЗНАЧАЈНОГ РИЗИКА,NO SIGNIFICANT RISK,MODERATE,ECMWF ENS,ECMWF ENS | GEFS,0.0,2,0.0,0,0,0,0,GREEN,БЕЗ ЗНАЧАЈНОГ РИЗИКА,NO SIGNIFICANT RISK,MODERATE,ECMWF ENS,ECMWF ENS | GEFS,0,GREEN,БЕЗ ЗНАЧАЈНОГ РИЗИКА,NO SIGNIFICANT RISK,NONE,MODERATE,15,2026-08-21T06:00:00+00:00,2026-08-21T21:00:00+00:00,STORMS,EXPERIMENTAL,DEVELOPMENTAL MULTIMODEL SIGNAL - NOT CALIBRATED PROBABILITY,PUBLIC OPEN-DATA SERVICES,INDEPENDENT PROJECT - NOT AN OFFICIAL RHMZ WARNING PRODUCT
80438,SUBOTICA-GRAD,SUBOTICA-GRAD,СУБОТИЦА-ГРАД,0.0,0.0,0.0,0.0,30.0,13.783900194496018,68.10661506652832,13,45,2026-08-21T21:00:00Z,2026-08-20T00:00:00Z,6.0,6.0,631.5,70.7,0.0,11.1,13,,0.0,0.0,0.0,,,,3.0,2,6.0,0,0,0,0,GREEN,БЕЗ ЗНАЧАЈНОГ РИЗИКА,NO SIGNIFICANT RISK,MODERATE,ECMWF ENS,ECMWF ENS | GEFS,0.0,2,0.0,0,0,0,0,GREEN,БЕЗ ЗНАЧАЈНОГ РИЗИКА,NO SIGNIFICANT RISK,MODERATE,ECMWF ENS,ECMWF ENS | GEFS,0.0,2,0.0,0,0,0,0,GREEN,БЕЗ ЗНАЧАЈНОГ РИЗИКА,NO SIGNIFICANT RISK,MODERATE,ECMWF ENS,ECMWF ENS | GEFS,0.0,2,0.0,0,0,0,0,GREEN,БЕЗ ЗНАЧАЈНОГ РИЗИКА,NO SIGNIFICANT RISK,MODERATE,ECMWF ENS,ECMWF ENS | GEFS,0,GREEN,БЕЗ ЗНАЧАЈНОГ РИЗИКА,NO SIGNIFICANT RISK,NONE,MODERATE,15,2026-08-21T06:00:00+00:00,2026-08-21T21:00:00+00:00,STORMS,EXPERIMENTAL,DEVELOPMENTAL MULTIMODEL SIGNAL - NOT CALIBRATED PROBABILITY,PUBLIC OPEN-DATA SERVICES,INDEPENDENT PROJECT - NOT AN OFFICIAL RHMZ WARNING PRODUCT
90280,SUVA REKA,SUVA REKA,СУВА РЕКА,0.0,0.0,0.0,0.0,0.0,8.123866585310243,59.624298095703125,8,45,2026-08-21T21:00:00Z,2026-08-20T00:00:00Z,2.0,0.0,577.8,79.6,0.0,1.4,8,,0.0,0.0,0.0,,,,1.0,2,2.0,0,0,0,0,GREEN,БЕЗ ЗНАЧАЈНОГ РИЗИКА,NO SIGNIFICANT RISK,MODERATE,ECMWF ENS,ECMWF ENS | GEFS,0.0,2,0.0,0,0,0,0,GREEN,БЕЗ ЗНАЧАЈНОГ РИЗИКА,NO SIGNIFICANT RISK,MODERATE,ECMWF ENS,ECMWF ENS | GEFS,0.0,2,0.0,0,0,0,0,GREEN,БЕЗ ЗНАЧАЈНОГ РИЗИКА,NO SIGNIFICANT RISK,MODERATE,ECMWF ENS,ECMWF ENS | GEFS,0.0,2,0.0,0,0,0,0,GREEN,БЕЗ ЗНАЧАЈНОГ РИЗИКА,NO SIGNIFICANT RISK,MODERATE,ECMWF ENS,ECMWF ENS | GEFS,0,GREEN,БЕЗ ЗНАЧАЈНОГ РИЗИКА,NO SIGNIFICANT RISK,NONE,MODERATE,15,2026-08-21T06:00:00+00:00,2026-08-21T21:00:00+00:00,STORMS,EXPERIMENTAL,DEVELOPMENTAL MULTIMODEL SIGNAL - NOT CALIBRATED PROBABILITY,PUBLIC OPEN-DATA SERVICES,INDEPENDENT PROJECT - NOT AN OFFICIAL RHMZ WARNING PRODUCT
71137,SURDULICA,SURDULICA,СУРДУЛИЦА,0.0,0.0,0.0,0.0,0.0,8.562852639574086,59.10000228881836,9,45,2026-08-21T21:00:00Z,2026-08-20T00:00:00Z,0.0,0.0,83.8,66.5,0.0,2.2,9,,0.0,0.0,0.0,,,,0.0,2,0.0,0,0,0,0,GREEN,БЕЗ ЗНАЧАЈНОГ РИЗИКА,NO SIGNIFICANT RISK,MODERATE,ECMWF ENS,ECMWF ENS | GEFS,0.0,2,0.0,0,0,0,0,GREEN,БЕЗ ЗНАЧАЈНОГ РИЗИКА,NO SIGNIFICANT RISK,MODERATE,ECMWF ENS,ECMWF ENS | GEFS,0.0,2,0.0,0,0,0,0,GREEN,БЕЗ ЗНАЧАЈНОГ РИЗИКА,NO SIGNIFICANT RISK,MODERATE,ECMWF ENS,ECMWF ENS | GEFS,0.0,2,0.0,0,0,0,0,GREEN,БЕЗ ЗНАЧАЈНОГ РИЗИКА,NO SIGNIFICANT RISK,MODERATE,ECMWF ENS,ECMWF ENS | GEFS,0,GREEN,БЕЗ ЗНАЧАЈНОГ РИЗИКА,NO SIGNIFICANT RISK,NONE,MODERATE,15,2026-08-21T06:00:00+00:00,2026-08-21T21:00:00+00:00,STORMS,EXPERIMENTAL,DEVELOPMENTAL MULTIMODEL SIGNAL - NOT CALIBRATED PROBABILITY,PUBLIC OPEN-DATA SERVICES,INDEPENDENT PROJECT - NOT AN OFFICIAL RHMZ WARNING PRODUCT
80446,TEMERIN,TEMERIN,ТЕМЕРИН,0.0,0.0,0.0,0.0,1.0,13.947812704794377,60.0,6,45,2026-08-21T21:00:00Z,2026-08-20T00:00:00Z,0.0,0.0,43.6,66.2,0.0,11.9,6,,0.0,0.0,0.0,,,,0.0,2,0.0,0,0,0,0,GREEN,БЕЗ ЗНАЧАЈНОГ РИЗИКА,NO SIGNIFICANT RISK,MODERATE,ECMWF ENS,ECMWF ENS | GEFS,0.0,2,0.0,0,0,0,0,GREEN,БЕЗ ЗНАЧАЈНОГ РИЗИКА,NO SIGNIFICANT RISK,MODERATE,ECMWF ENS,ECMWF ENS | GEFS,0.0,2,0.0,0,0,0,0,GREEN,БЕЗ ЗНАЧАЈНОГ РИЗИКА,NO SIGNIFICANT RISK,MODERATE,ECMWF ENS,ECMWF ENS | GEFS,0.0,2,0.0,0,0,0,0,GREEN,БЕЗ ЗНАЧАЈНОГ РИЗИКА,NO SIGNIFICANT RISK,MODERATE,ECMWF ENS,ECMWF ENS | GEFS,0,GREEN,БЕЗ ЗНАЧАЈНОГ РИЗИКА,NO SIGNIFICANT RISK,NONE,MODERATE,15,2026-08-21T06:00:00+00:00,2026-08-21T21:00:00+00:00,STORMS,EXPERIMENTAL,DEVELOPMENTAL MULTIMODEL SIGNAL - NOT CALIBRATED PROBABILITY,PUBLIC OPEN-DATA SERVICES,INDEPENDENT PROJECT - NOT AN OFFICIAL RHMZ WARNING PRODUCT
80454,TITEL,TITEL,ТИТЕЛ,0.0,0.0,0.0,0.0,0.0,13.823822885318354,57.69999980926514,9,45,2026-08-21T21:00:00Z,2026-08-20T00:00:00Z,0.0,0.0,0.0,65.3,0.0,10.1,9,,0.0,0.0,0.0,,,,0.0,2,0.0,0,0,0,0,GREEN,БЕЗ ЗНАЧАЈНОГ РИЗИКА,NO SIGNIFICANT RISK,MODERATE,ECMWF ENS,ECMWF ENS | GEFS,0.0,2,0.0,0,0,0,0,GREEN,БЕЗ ЗНАЧАЈНОГ РИЗИКА,NO SIGNIFICANT RISK,MODERATE,ECMWF ENS,ECMWF ENS | GEFS,0.0,2,0.0,0,0,0,0,GREEN,БЕЗ ЗНАЧАЈНОГ РИЗИКА,NO SIGNIFICANT RISK,MODERATE,ECMWF ENS,ECMWF ENS | GEFS,0.0,2,0.0,0,0,0,0,GREEN,БЕЗ ЗНАЧАЈНОГ РИЗИКА,NO SIGNIFICANT RISK,MODERATE,ECMWF ENS,ECMWF ENS | GEFS,0,GREEN,БЕЗ ЗНАЧАЈНОГ РИЗИКА,NO SIGNIFICANT RISK,NONE,MODERATE,15,2026-08-21T06:00:00+00:00,2026-08-21T21:00:00+00:00,STORMS,EXPERIMENTAL,DEVELOPMENTAL MULTIMODEL SIGNAL - NOT CALIBRATED PROBABILITY,PUBLIC OPEN-DATA SERVICES,INDEPENDENT PROJECT - NOT AN OFFICIAL RHMZ WARNING PRODUCT
71153,TOPOLA,TOPOLA,ТОПОЛА,0.0,0.0,0.0,0.0,0.0,11.976047618631464,57.30000305175781,10,45,2026-08-21T21:00:00Z,2026-08-20T00:00:00Z,0.0,0.0,0.0,48.4,0.0,6.8,10,,0.0,0.0,0.0,,,,0.0,2,0.0,0,0,0,0,GREEN,БЕЗ ЗНАЧАЈНОГ РИЗИКА,NO SIGNIFICANT RISK,MODERATE,ECMWF ENS,ECMWF ENS | GEFS,0.0,2,0.0,0,0,0,0,GREEN,БЕЗ ЗНАЧАЈНОГ РИЗИКА,NO SIGNIFICANT RISK,MODERATE,ECMWF ENS,ECMWF ENS | GEFS,0.0,2,0.0,0,0,0,0,GREEN,БЕЗ ЗНАЧАЈНОГ РИЗИКА,NO SIGNIFICANT RISK,MODERATE,ECMWF ENS,ECMWF ENS | GEFS,0.0,2,0.0,0,0,0,0,GREEN,БЕЗ ЗНАЧАЈНОГ РИЗИКА,NO SIGNIFICANT RISK,MODERATE,ECMWF ENS,ECMWF ENS | GEFS,0,GREEN,БЕЗ ЗНАЧАЈНОГ РИЗИКА,NO SIGNIFICANT RISK,NONE,MODERATE,15,2026-08-21T06:00:00+00:00,2026-08-21T21:00:00+00:00,STORMS,EXPERIMENTAL,DEVELOPMENTAL MULTIMODEL SIGNAL - NOT CALIBRATED PROBABILITY,PUBLIC OPEN-DATA SERVICES,INDEPENDENT PROJECT - NOT AN OFFICIAL RHMZ WARNING PRODUCT
71161,TRGOVIŠTE,TRGOVIŠTE,ТРГОВИШТЕ,0.0,0.0,0.0,0.0,0.0,8.562852639574086,59.10000228881836,8,45,2026-08-21T21:00:00Z,2026-08-20T00:00:00Z,0.0,0.0,402.4,66.4,0.0,2.2,8,,0.0,0.0,0.0,,,,0.0,2,0.0,0,0,0,0,GREEN,БЕЗ ЗНАЧАЈНОГ РИЗИКА,NO SIGNIFICANT RISK,MODERATE,ECMWF ENS,ECMWF ENS | GEFS,0.0,2,0.0,0,0,0,0,GREEN,БЕЗ ЗНАЧАЈНОГ РИЗИКА,NO SIGNIFICANT RISK,MODERATE,ECMWF ENS,ECMWF ENS | GEFS,0.0,2,0.0,0,0,0,0,GREEN,БЕЗ ЗНАЧАЈНОГ РИЗИКА,NO SIGNIFICANT RISK,MODERATE,ECMWF ENS,ECMWF ENS | GEFS,0.0,2,0.0,0,0,0,0,GREEN,БЕЗ ЗНАЧАЈНОГ РИЗИКА,NO SIGNIFICANT RISK,MODERATE,ECMWF ENS,ECMWF ENS | GEFS,0,GREEN,БЕЗ ЗНАЧАЈНОГ РИЗИКА,NO SIGNIFICANT RISK,NONE,MODERATE,15,2026-08-21T06:00:00+00:00,2026-08-21T21:00:00+00:00,STORMS,EXPERIMENTAL,DEVELOPMENTAL MULTIMODEL SIGNAL - NOT CALIBRATED PROBABILITY,PUBLIC OPEN-DATA SERVICES,INDEPENDENT PROJECT - NOT AN OFFICIAL RHMZ WARNING PRODUCT
71170,TRSTENIK,TRSTENIK,ТРСТЕНИК,0.0,0.0,0.0,0.0,0.0,7.483130875312696,57.33018493652344,6,45,2026-08-21T21:00:00Z,2026-08-20T00:00:00Z,0.0,0.0,19.1,37.7,0.0,6.0,6,,0.0,0.0,0.0,,,,0.0,2,0.0,0,0,0,0,GREEN,БЕЗ ЗНАЧАЈНОГ РИЗИКА,NO SIGNIFICANT RISK,MODERATE,ECMWF ENS,ECMWF ENS | GEFS,0.0,2,0.0,0,0,0,0,GREEN,БЕЗ ЗНАЧАЈНОГ РИЗИКА,NO SIGNIFICANT RISK,MODERATE,ECMWF ENS,ECMWF ENS | GEFS,0.0,2,0.0,0,0,0,0,GREEN,БЕЗ ЗНАЧАЈНОГ РИЗИКА,NO SIGNIFICANT RISK,MODERATE,ECMWF ENS,ECMWF ENS | GEFS,0.0,2,0.0,0,0,0,0,GREEN,БЕЗ ЗНАЧАЈНОГ РИЗИКА,NO SIGNIFICANT RISK,MODERATE,ECMWF ENS,ECMWF ENS | GEFS,0,GREEN,БЕЗ ЗНАЧАЈНОГ РИЗИКА,NO SIGNIFICANT RISK,NONE,MODERATE,15,2026-08-21T06:00:00+00:00,2026-08-21T21:00:00+00:00,STORMS,EXPERIMENTAL,DEVELOPMENTAL MULTIMODEL SIGNAL - NOT CALIBRATED PROBABILITY,PUBLIC OPEN-DATA SERVICES,INDEPENDENT PROJECT - NOT AN OFFICIAL RHMZ WARNING PRODUCT
71188,TUTIN,TUTIN,ТУТИН,0.0,0.0,0.0,0.0,0.0,6.288983084885392,56.82500171661377,10,45,2026-08-21T21:00:00Z,2026-08-20T00:00:00Z,0.0,0.0,0.0,42.7,0.0,3.4,10,,0.0,0.0,0.0,,,,0.0,2,0.0,0,0,0,0,GREEN,БЕЗ ЗНАЧАЈНОГ РИЗИКА,NO SIGNIFICANT RISK,MODERATE,ECMWF ENS,ECMWF ENS | GEFS,0.0,2,0.0,0,0,0,0,GREEN,БЕЗ ЗНАЧАЈНОГ РИЗИКА,NO SIGNIFICANT RISK,MODERATE,ECMWF ENS,ECMWF ENS | GEFS,0.0,2,0.0,0,0,0,0,GREEN,БЕЗ ЗНАЧАЈНОГ РИЗИКА,NO SIGNIFICANT RISK,MODERATE,ECMWF ENS,ECMWF ENS | GEFS,0.0,2,0.0,0,0,0,0,GREEN,БЕЗ ЗНАЧАЈНОГ РИЗИКА,NO SIGNIFICANT RISK,MODERATE,ECMWF ENS,ECMWF ENS | GEFS,0,GREEN,БЕЗ ЗНАЧАЈНОГ РИЗИКА,NO SIGNIFICANT RISK,NONE,MODERATE,15,2026-08-21T06:00:00+00:00,2026-08-21T21:00:00+00:00,STORMS,EXPERIMENTAL,DEVELOPMENTAL MULTIMODEL SIGNAL - NOT CALIBRATED PROBABILITY,PUBLIC OPEN-DATA SERVICES,INDEPENDENT PROJECT - NOT AN OFFICIAL RHMZ WARNING PRODUCT
71218,UB,UB,УБ,0.0,0.0,0.0,0.0,0.0,13.458172444418103,54.57499980926514,10,45,2026-08-21T21:00:00Z,2026-08-20T00:00:00Z,0.0,0.0,0.0,56.2,0.0,10.7,10,,0.0,0.0,0.0,,,,0.0,2,0.0,0,0,0,0,GREEN,БЕЗ ЗНАЧАЈНОГ РИЗИКА,NO SIGNIFICANT RISK,MODERATE,ECMWF ENS,ECMWF ENS | GEFS,0.0,2,0.0,0,0,0,0,GREEN,БЕЗ ЗНАЧАЈНОГ РИЗИКА,NO SIGNIFICANT RISK,MODERATE,ECMWF ENS,ECMWF ENS | GEFS,0.0,2,0.0,0,0,0,0,GREEN,БЕЗ ЗНАЧАЈНОГ РИЗИКА,NO SIGNIFICANT RISK,MODERATE,ECMWF ENS,ECMWF ENS | GEFS,0.0,2,0.0,0,0,0,0,GREEN,БЕЗ ЗНАЧАЈНОГ РИЗИКА,NO SIGNIFICANT RISK,MODERATE,ECMWF ENS,ECMWF ENS | GEFS,0,GREEN,БЕЗ ЗНАЧАЈНОГ РИЗИКА,NO SIGNIFICANT RISK,NONE,MODERATE,15,2026-08-21T06:00:00+00:00,2026-08-21T21:00:00+00:00,STORMS,EXPERIMENTAL,DEVELOPMENTAL MULTIMODEL SIGNAL - NOT CALIBRATED PROBABILITY,PUBLIC OPEN-DATA SERVICES,INDEPENDENT PROJECT - NOT AN OFFICIAL RHMZ WARNING PRODUCT
71145,UŽICE-GRAD,UŽICE-GRAD,УЖИЦЕ-ГРАД,0.0,0.0,0.0,0.0,0.0,8.403115304085766,49.75000190734863,12,45,2026-08-21T21:00:00Z,2026-08-20T00:00:00Z,0.0,0.0,0.0,56.4,0.0,6.4,12,,0.0,0.0,0.0,,,,0.0,2,0.0,0,0,0,0,GREEN,БЕЗ ЗНАЧАЈНОГ РИЗИКА,NO SIGNIFICANT RISK,MODERATE,ECMWF ENS,ECMWF ENS | GEFS,0.0,2,0.0,0,0,0,0,GREEN,БЕЗ ЗНАЧАЈНОГ РИЗИКА,NO SIGNIFICANT RISK,MODERATE,ECMWF ENS,ECMWF ENS | GEFS,0.0,2,0.0,0,0,0,0,GREEN,БЕЗ ЗНАЧАЈНОГ РИЗИКА,NO SIGNIFICANT RISK,MODERATE,ECMWF ENS,ECMWF ENS | GEFS,0.0,2,0.0,0,0,0,0,GREEN,БЕЗ ЗНАЧАЈНОГ РИЗИКА,NO SIGNIFICANT RISK,MODERATE,ECMWF ENS,ECMWF ENS | GEFS,0,GREEN,БЕЗ ЗНАЧАЈНОГ РИЗИКА,NO SIGNIFICANT RISK,NONE,MODERATE,15,2026-08-21T06:00:00+00:00,2026-08-21T21:00:00+00:00,STORMS,EXPERIMENTAL,DEVELOPMENTAL MULTIMODEL SIGNAL - NOT CALIBRATED PROBABILITY,PUBLIC OPEN-DATA SERVICES,INDEPENDENT PROJECT - NOT AN OFFICIAL RHMZ WARNING PRODUCT
90301,UROŠEVAC,UROŠEVAC,УРОШЕВАЦ,0.0,0.0,0.0,0.0,0.0,8.893037821745361,59.624298095703125,8,45,2026-08-21T21:00:00Z,2026-08-20T00:00:00Z,4.0,0.0,595.4,75.9,0.0,2.2,8,,0.0,0.0,0.0,,,,2.0,2,4.0,0,0,0,0,GREEN,БЕЗ ЗНАЧАЈНОГ РИЗИКА,NO SIGNIFICANT RISK,MODERATE,ECMWF ENS,ECMWF ENS | GEFS,0.0,2,0.0,0,0,0,0,GREEN,БЕЗ ЗНАЧАЈНОГ РИЗИКА,NO SIGNIFICANT RISK,MODERATE,ECMWF ENS,ECMWF ENS | GEFS,0.0,2,0.0,0,0,0,0,GREEN,БЕЗ ЗНАЧАЈНОГ РИЗИКА,NO SIGNIFICANT RISK,MODERATE,ECMWF ENS,ECMWF ENS | GEFS,0.0,2,0.0,0,0,0,0,GREEN,БЕЗ ЗНАЧАЈНОГ РИЗИКА,NO SIGNIFICANT RISK,MODERATE,ECMWF ENS,ECMWF ENS | GEFS,0,GREEN,БЕЗ ЗНАЧАЈНОГ РИЗИКА,NO SIGNIFICANT RISK,NONE,MODERATE,15,2026-08-21T06:00:00+00:00,2026-08-21T21:00:00+00:00,STORMS,EXPERIMENTAL,DEVELOPMENTAL MULTIMODEL SIGNAL - NOT CALIBRATED PROBABILITY,PUBLIC OPEN-DATA SERVICES,INDEPENDENT PROJECT - NOT AN OFFICIAL RHMZ WARNING PRODUCT
71226,CRNA TRAVA,CRNA TRAVA,ЦРНА ТРАВА,0.0,0.0,0.0,0.0,0.0,5.448874343775236,58.856746673583984,8,45,2026-08-21T21:00:00Z,2026-08-20T00:00:00Z,0.0,0.0,0.0,62.2,0.0,2.1,8,,0.0,0.0,0.0,,,,0.0,2,0.0,0,0,0,0,GREEN,БЕЗ ЗНАЧАЈНОГ РИЗИКА,NO SIGNIFICANT RISK,MODERATE,ECMWF ENS,ECMWF ENS | GEFS,0.0,2,0.0,0,0,0,0,GREEN,БЕЗ ЗНАЧАЈНОГ РИЗИКА,NO SIGNIFICANT RISK,MODERATE,ECMWF ENS,ECMWF ENS | GEFS,0.0,2,0.0,0,0,0,0,GREEN,БЕЗ ЗНАЧАЈНОГ РИЗИКА,NO SIGNIFICANT RISK,MODERATE,ECMWF ENS,ECMWF ENS | GEFS,0.0,2,0.0,0,0,0,0,GREEN,БЕЗ ЗНАЧАЈНОГ РИЗИКА,NO SIGNIFICANT RISK,MODERATE,ECMWF ENS,ECMWF ENS | GEFS,0,GREEN,БЕЗ ЗНАЧАЈНОГ РИЗИКА,NO SIGNIFICANT RISK,NONE,MODERATE,15,2026-08-21T06:00:00+00:00,2026-08-21T21:00:00+00:00,STORMS,EXPERIMENTAL,DEVELOPMENTAL MULTIMODEL SIGNAL - NOT CALIBRATED PROBABILITY,PUBLIC OPEN-DATA SERVICES,INDEPENDENT PROJECT - NOT AN OFFICIAL RHMZ WARNING PRODUCT
71234,ČAJETINA,ČAJETINA,ЧАЈЕТИНА,0.0,0.0,0.0,0.0,0.0,8.1053612091614,44.85090446472168,9,45,2026-08-21T21:00:00Z,2026-08-20T00:00:00Z,0.0,0.0,0.0,54.6,0.0,6.0,9,,0.0,0.0,0.0,,,,0.0,2,0.0,0,0,0,0,GREEN,БЕЗ ЗНАЧАЈНОГ РИЗИКА,NO SIGNIFICANT RISK,MODERATE,ECMWF ENS,ECMWF ENS | GEFS,0.0,2,0.0,0,0,0,0,GREEN,БЕЗ ЗНАЧАЈНОГ РИЗИКА,NO SIGNIFICANT RISK,MODERATE,ECMWF ENS,ECMWF ENS | GEFS,0.0,2,0.0,0,0,0,0,GREEN,БЕЗ ЗНАЧАЈНОГ РИЗИКА,NO SIGNIFICANT RISK,MODERATE,ECMWF ENS,ECMWF ENS | GEFS,0.0,2,0.0,0,0,0,0,GREEN,БЕЗ ЗНАЧАЈНОГ РИЗИКА,NO SIGNIFICANT RISK,MODERATE,ECMWF ENS,ECMWF ENS | GEFS,0,GREEN,БЕЗ ЗНАЧАЈНОГ РИЗИКА,NO SIGNIFICANT RISK,NONE,MODERATE,15,2026-08-21T06:00:00+00:00,2026-08-21T21:00:00+00:00,STORMS,EXPERIMENTAL,DEVELOPMENTAL MULTIMODEL SIGNAL - NOT CALIBRATED PROBABILITY,PUBLIC OPEN-DATA SERVICES,INDEPENDENT PROJECT - NOT AN OFFICIAL RHMZ WARNING PRODUCT
71242,ČAČAK-GRAD,ČAČAK-GRAD,ЧАЧАК-ГРАД,0.0,0.0,0.0,0.0,0.0,8.768778799403128,54.6249361038208,8,45,2026-08-21T21:00:00Z,2026-08-20T00:00:00Z,0.0,0.0,0.0,46.8,0.0,5.6,8,,0.0,0.0,0.0,,,,0.0,2,0.0,0,0,0,0,GREEN,БЕЗ ЗНАЧАЈНОГ РИЗИКА,NO SIGNIFICANT RISK,MODERATE,ECMWF ENS,ECMWF ENS | GEFS,0.0,2,0.0,0,0,0,0,GREEN,БЕЗ ЗНАЧАЈНОГ РИЗИКА,NO SIGNIFICANT RISK,MODERATE,ECMWF ENS,ECMWF ENS | GEFS,0.0,2,0.0,0,0,0,0,GREEN,БЕЗ ЗНАЧАЈНОГ РИЗИКА,NO SIGNIFICANT RISK,MODERATE,ECMWF ENS,ECMWF ENS | GEFS,0.0,2,0.0,0,0,0,0,GREEN,БЕЗ ЗНАЧАЈНОГ РИЗИКА,NO SIGNIFICANT RISK,MODERATE,ECMWF ENS,ECMWF ENS | GEFS,0,GREEN,БЕЗ ЗНАЧАЈНОГ РИЗИКА,NO SIGNIFICANT RISK,NONE,MODERATE,15,2026-08-21T06:00:00+00:00,2026-08-21T21:00:00+00:00,STORMS,EXPERIMENTAL,DEVELOPMENTAL MULTIMODEL SIGNAL - NOT CALIBRATED PROBABILITY,PUBLIC OPEN-DATA SERVICES,INDEPENDENT PROJECT - NOT AN OFFICIAL RHMZ WARNING PRODUCT
80489,ČOKA,ČOKA,ЧОКА,0.0,0.0,0.0,0.0,6.0,12.827765205017949,63.5,8,45,2026-08-21T21:00:00Z,2026-08-20T00:00:00Z,0.0,0.0,0.0,76.8,0.0,11.0,8,,0.0,0.0,0.0,,,,0.0,2,0.0,0,0,0,0,GREEN,БЕЗ ЗНАЧАЈНОГ РИЗИКА,NO SIGNIFICANT RISK,MODERATE,ECMWF ENS,ECMWF ENS | GEFS,0.0,2,0.0,0,0,0,0,GREEN,БЕЗ ЗНАЧАЈНОГ РИЗИКА,NO SIGNIFICANT RISK,MODERATE,ECMWF ENS,ECMWF ENS | GEFS,0.0,2,0.0,0,0,0,0,GREEN,БЕЗ ЗНАЧАЈНОГ РИЗИКА,NO SIGNIFICANT RISK,MODERATE,ECMWF ENS,ECMWF ENS | GEFS,0.0,2,0.0,0,0,0,0,GREEN,БЕЗ ЗНАЧАЈНОГ РИЗИКА,NO SIGNIFICANT RISK,MODERATE,ECMWF ENS,ECMWF ENS | GEFS,0,GREEN,БЕЗ ЗНАЧАЈНОГ РИЗИКА,NO SIGNIFICANT RISK,NONE,MODERATE,15,2026-08-21T06:00:00+00:00,2026-08-21T21:00:00+00:00,STORMS,EXPERIMENTAL,DEVELOPMENTAL MULTIMODEL SIGNAL - NOT CALIBRATED PROBABILITY,PUBLIC OPEN-DATA SERVICES,INDEPENDENT PROJECT - NOT AN OFFICIAL RHMZ WARNING PRODUCT
71269,ŠABAC-GRAD,ŠABAC-GRAD,ШАБАЦ-ГРАД,0.0,0.0,0.0,0.0,0.0,14.594201487624302,56.83962440490723,12,45,2026-08-21T21:00:00Z,2026-08-20T00:00:00Z,0.0,0.0,0.0,61.6,0.0,12.1,12,,0.0,0.0,0.0,,,,0.0,2,0.0,0,0,0,0,GREEN,БЕЗ ЗНАЧАЈНОГ РИЗИКА,NO SIGNIFICANT RISK,MODERATE,ECMWF ENS,ECMWF ENS | GEFS,0.0,2,0.0,0,0,0,0,GREEN,БЕЗ ЗНАЧАЈНОГ РИЗИКА,NO SIGNIFICANT RISK,MODERATE,ECMWF ENS,ECMWF ENS | GEFS,0.0,2,0.0,0,0,0,0,GREEN,БЕЗ ЗНАЧАЈНОГ РИЗИКА,NO SIGNIFICANT RISK,MODERATE,ECMWF ENS,ECMWF ENS | GEFS,0.0,2,0.0,0,0,0,0,GREEN,БЕЗ ЗНАЧАЈНОГ РИЗИКА,NO SIGNIFICANT RISK,MODERATE,ECMWF ENS,ECMWF ENS | GEFS,0,GREEN,БЕЗ ЗНАЧАЈНОГ РИЗИКА,NO SIGNIFICANT RISK,NONE,MODERATE,15,2026-08-21T06:00:00+00:00,2026-08-21T21:00:00+00:00,STORMS,EXPERIMENTAL,DEVELOPMENTAL MULTIMODEL SIGNAL - NOT CALIBRATED PROBABILITY,PUBLIC OPEN-DATA SERVICES,INDEPENDENT PROJECT - NOT AN OFFICIAL RHMZ WARNING PRODUCT
80497,ŠID,ŠID,ШИД,0.0,0.0,0.0,0.0,0.0,14.594201487624302,58.375,13,45,2026-08-21T21:00:00Z,2026-08-20T00:00:00Z,2.0,2.0,567.6,64.1,0.0,12.0,13,,0.0,0.0,0.0,,,,1.0,2,2.0,0,0,0,0,GREEN,БЕЗ ЗНАЧАЈНОГ РИЗИКА,NO SIGNIFICANT RISK,MODERATE,ECMWF ENS,ECMWF ENS | GEFS,0.0,2,0.0,0,0,0,0,GREEN,БЕЗ ЗНАЧАЈНОГ РИЗИКА,NO SIGNIFICANT RISK,MODERATE,ECMWF ENS,ECMWF ENS | GEFS,0.0,2,0.0,0,0,0,0,GREEN,БЕЗ ЗНАЧАЈНОГ РИЗИКА,NO SIGNIFICANT RISK,MODERATE,ECMWF ENS,ECMWF ENS | GEFS,0.0,2,0.0,0,0,0,0,GREEN,БЕЗ ЗНАЧАЈНОГ РИЗИКА,NO SIGNIFICANT RISK,MODERATE,ECMWF ENS,ECMWF ENS | GEFS,0,GREEN,БЕЗ ЗНАЧАЈНОГ РИЗИКА,NO SIGNIFICANT RISK,NONE,MODERATE,15,2026-08-21T06:00:00+00:00,2026-08-21T21:00:00+00:00,STORMS,EXPERIMENTAL,DEVELOPMENTAL MULTIMODEL SIGNAL - NOT CALIBRATED PROBABILITY,PUBLIC OPEN-DATA SERVICES,INDEPENDENT PROJECT - NOT AN OFFICIAL RHMZ WARNING PRODUCT
90310,ŠTIMLJE,ŠTIMLJE,ШТИМЉЕ,0.0,0.0,0.0,0.0,0.0,8.123866585310243,59.624298095703125,6,45,2026-08-21T21:00:00Z,2026-08-20T00:00:00Z,2.0,0.0,577.8,79.6,0.0,1.4,6,,0.0,0.0,0.0,,,,1.0,2,2.0,0,0,0,0,GREEN,БЕЗ ЗНАЧАЈНОГ РИЗИКА,NO SIGNIFICANT RISK,MODERATE,ECMWF ENS,ECMWF ENS | GEFS,0.0,2,0.0,0,0,0,0,GREEN,БЕЗ ЗНАЧАЈНОГ РИЗИКА,NO SIGNIFICANT RISK,MODERATE,ECMWF ENS,ECMWF ENS | GEFS,0.0,2,0.0,0,0,0,0,GREEN,БЕЗ ЗНАЧАЈНОГ РИЗИКА,NO SIGNIFICANT RISK,MODERATE,ECMWF ENS,ECMWF ENS | GEFS,0.0,2,0.0,0,0,0,0,GREEN,БЕЗ ЗНАЧАЈНОГ РИЗИКА,NO SIGNIFICANT RISK,MODERATE,ECMWF ENS,ECMWF ENS | GEFS,0,GREEN,БЕЗ ЗНАЧАЈНОГ РИЗИКА,NO SIGNIFICANT RISK,NONE,MODERATE,15,2026-08-21T06:00:00+00:00,2026-08-21T21:00:00+00:00,STORMS,EXPERIMENTAL,DEVELOPMENTAL MULTIMODEL SIGNAL - NOT CALIBRATED PROBABILITY,PUBLIC OPEN-DATA SERVICES,INDEPENDENT PROJECT - NOT AN OFFICIAL RHMZ WARNING PRODUCT
90328,ŠTRPCE,ŠTRPCE,ШТРПЦЕ,0.0,0.0,0.0,0.0,0.0,7.388690751433886,61.10090255737305,7,45,2026-08-21T21:00:00Z,2026-08-20T00:00:00Z,4.0,0.0,872.2,77.7,0.0,2.3,7,,0.0,0.0,0.0,,,,2.0,2,4.0,0,0,0,0,GREEN,БЕЗ ЗНАЧАЈНОГ РИЗИКА,NO SIGNIFICANT RISK,MODERATE,ECMWF ENS,ECMWF ENS | GEFS,0.0,2,0.0,0,0,0,0,GREEN,БЕЗ ЗНАЧАЈНОГ РИЗИКА,NO SIGNIFICANT RISK,MODERATE,ECMWF ENS,ECMWF ENS | GEFS,0.0,2,0.0,0,0,0,0,GREEN,БЕЗ ЗНАЧАЈНОГ РИЗИКА,NO SIGNIFICANT RISK,MODERATE,ECMWF ENS,ECMWF ENS | GEFS,0.0,2,0.0,0,0,0,0,GREEN,БЕЗ ЗНАЧАЈНОГ РИЗИКА,NO SIGNIFICANT RISK,MODERATE,ECMWF ENS,ECMWF ENS | GEFS,0,GREEN,БЕЗ ЗНАЧАЈНОГ РИЗИКА,NO SIGNIFICANT RISK,NONE,MODERATE,15,2026-08-21T06:00:00+00:00,2026-08-21T21:00:00+00:00,STORMS,EXPERIMENTAL,DEVELOPMENTAL MULTIMODEL SIGNAL - NOT CALIBRATED PROBABILITY,PUBLIC OPEN-DATA SERVICES,INDEPENDENT PROJECT - NOT AN OFFICIAL RHMZ WARNING PRODUCT
