Municipality_DOM_ID,Value_e,Value_sl,Value_sc,gefs_thunder,gefs_hail,gefs_large_hail,gefs_very_large_hail,gefs_cape,gefs_shear,gefs_rh700,gefs_grid_points,gefs_forecast_hour,gefs_valid_time,gefs_model_run,ecmwf_thunder,ecmwf_organised_thunder,ecmwf_mucape,ecmwf_rh700,ecmwf_tp3h,ecmwf_shear,ecmwf_grid_points,icon_thunder,ecmwf_hail,ecmwf_large_hail,ecmwf_very_large_hail,icon_hail,icon_large_hail,icon_very_large_hail,thunder_signal,thunder_models_available,thunder_model_spread,thunder_models_ge10,thunder_models_ge40,thunder_models_ge50,thunder_level,thunder_color,thunder_label_sr,thunder_label_en,thunder_confidence,thunder_dominant_model,thunder_source_models,hail_signal,hail_models_available,hail_model_spread,hail_models_ge10,hail_models_ge40,hail_models_ge50,hail_level,hail_color,hail_label_sr,hail_label_en,hail_confidence,hail_dominant_model,hail_source_models,large_hail_signal,large_hail_models_available,large_hail_model_spread,large_hail_models_ge10,large_hail_models_ge40,large_hail_models_ge50,large_hail_level,large_hail_color,large_hail_label_sr,large_hail_label_en,large_hail_confidence,large_hail_dominant_model,large_hail_source_models,very_large_hail_signal,very_large_hail_models_available,very_large_hail_model_spread,very_large_hail_models_ge10,very_large_hail_models_ge40,very_large_hail_models_ge50,very_large_hail_level,very_large_hail_color,very_large_hail_label_sr,very_large_hail_label_en,very_large_hail_confidence,very_large_hail_dominant_model,very_large_hail_source_models,storm_overview_level,storm_overview_color,storm_overview_label_sr,storm_overview_label_en,storm_dominant_hazard,storm_overview_confidence,forecast_hour,reference_run,valid_time,product_family,product_status,probability_status,data_source_status,institutional_status
90085,ĐAKOVICA,ĐAKOVICA,ЂАКОВИЦА,0.0,0.0,0.0,0.0,0.0,5.631063798169654,64.75,9,33,2026-08-21T09:00:00Z,2026-08-20T00:00:00Z,0.0,0.0,0.0,39.3,0.0,5.2,9,,0.0,0.0,0.0,,,,0.0,2,0.0,0,0,0,0,GREEN,БЕЗ ЗНАЧАЈНОГ РИЗИКА,NO SIGNIFICANT RISK,MODERATE,ECMWF ENS,ECMWF ENS | GEFS,0.0,2,0.0,0,0,0,0,GREEN,БЕЗ ЗНАЧАЈНОГ РИЗИКА,NO SIGNIFICANT RISK,MODERATE,ECMWF ENS,ECMWF ENS | GEFS,0.0,2,0.0,0,0,0,0,GREEN,БЕЗ ЗНАЧАЈНОГ РИЗИКА,NO SIGNIFICANT RISK,MODERATE,ECMWF ENS,ECMWF ENS | GEFS,0.0,2,0.0,0,0,0,0,GREEN,БЕЗ ЗНАЧАЈНОГ РИЗИКА,NO SIGNIFICANT RISK,MODERATE,ECMWF ENS,ECMWF ENS | GEFS,0,GREEN,БЕЗ ЗНАЧАЈНОГ РИЗИКА,NO SIGNIFICANT RISK,NONE,MODERATE,3,2026-08-21T06:00:00+00:00,2026-08-21T09:00:00+00:00,STORMS,EXPERIMENTAL,DEVELOPMENTAL MULTIMODEL SIGNAL - NOT CALIBRATED PROBABILITY,PUBLIC OPEN-DATA SERVICES,INDEPENDENT PROJECT - NOT AN OFFICIAL RHMZ WARNING PRODUCT
71048,JAGODINA-GRAD,JAGODINA-GRAD,ЈАГОДИНА-ГРАД,0.0,0.0,0.0,0.0,0.0,9.61370783556337,65.79999923706055,10,33,2026-08-21T09:00:00Z,2026-08-20T00:00:00Z,0.0,0.0,0.0,23.7,0.0,8.1,10,,0.0,0.0,0.0,,,,0.0,2,0.0,0,0,0,0,GREEN,БЕЗ ЗНАЧАЈНОГ РИЗИКА,NO SIGNIFICANT RISK,MODERATE,ECMWF ENS,ECMWF ENS | GEFS,0.0,2,0.0,0,0,0,0,GREEN,БЕЗ ЗНАЧАЈНОГ РИЗИКА,NO SIGNIFICANT RISK,MODERATE,ECMWF ENS,ECMWF ENS | GEFS,0.0,2,0.0,0,0,0,0,GREEN,БЕЗ ЗНАЧАЈНОГ РИЗИКА,NO SIGNIFICANT RISK,MODERATE,ECMWF ENS,ECMWF ENS | GEFS,0.0,2,0.0,0,0,0,0,GREEN,БЕЗ ЗНАЧАЈНОГ РИЗИКА,NO SIGNIFICANT RISK,MODERATE,ECMWF ENS,ECMWF ENS | GEFS,0,GREEN,БЕЗ ЗНАЧАЈНОГ РИЗИКА,NO SIGNIFICANT RISK,NONE,MODERATE,3,2026-08-21T06:00:00+00:00,2026-08-21T09:00:00+00:00,STORMS,EXPERIMENTAL,DEVELOPMENTAL MULTIMODEL SIGNAL - NOT CALIBRATED PROBABILITY,PUBLIC OPEN-DATA SERVICES,INDEPENDENT PROJECT - NOT AN OFFICIAL RHMZ WARNING PRODUCT
70769,LJIG,LJIG,ЉИГ,0.0,0.0,0.0,0.0,0.0,11.133843581233029,58.5,8,33,2026-08-21T09:00:00Z,2026-08-20T00:00:00Z,0.0,0.0,0.0,18.1,0.0,9.7,8,,0.0,0.0,0.0,,,,0.0,2,0.0,0,0,0,0,GREEN,БЕЗ ЗНАЧАЈНОГ РИЗИКА,NO SIGNIFICANT RISK,MODERATE,ECMWF ENS,ECMWF ENS | GEFS,0.0,2,0.0,0,0,0,0,GREEN,БЕЗ ЗНАЧАЈНОГ РИЗИКА,NO SIGNIFICANT RISK,MODERATE,ECMWF ENS,ECMWF ENS | GEFS,0.0,2,0.0,0,0,0,0,GREEN,БЕЗ ЗНАЧАЈНОГ РИЗИКА,NO SIGNIFICANT RISK,MODERATE,ECMWF ENS,ECMWF ENS | GEFS,0.0,2,0.0,0,0,0,0,GREEN,БЕЗ ЗНАЧАЈНОГ РИЗИКА,NO SIGNIFICANT RISK,MODERATE,ECMWF ENS,ECMWF ENS | GEFS,0,GREEN,БЕЗ ЗНАЧАЈНОГ РИЗИКА,NO SIGNIFICANT RISK,NONE,MODERATE,3,2026-08-21T06:00:00+00:00,2026-08-21T09:00:00+00:00,STORMS,EXPERIMENTAL,DEVELOPMENTAL MULTIMODEL SIGNAL - NOT CALIBRATED PROBABILITY,PUBLIC OPEN-DATA SERVICES,INDEPENDENT PROJECT - NOT AN OFFICIAL RHMZ WARNING PRODUCT
70777,LJUBOVIJA,LJUBOVIJA,ЉУБОВИЈА,0.0,0.0,0.0,0.0,0.0,12.921064936303535,38.52499961853027,9,33,2026-08-21T09:00:00Z,2026-08-20T00:00:00Z,0.0,0.0,0.0,31.7,0.0,8.8,9,,0.0,0.0,0.0,,,,0.0,2,0.0,0,0,0,0,GREEN,БЕЗ ЗНАЧАЈНОГ РИЗИКА,NO SIGNIFICANT RISK,MODERATE,ECMWF ENS,ECMWF ENS | GEFS,0.0,2,0.0,0,0,0,0,GREEN,БЕЗ ЗНАЧАЈНОГ РИЗИКА,NO SIGNIFICANT RISK,MODERATE,ECMWF ENS,ECMWF ENS | GEFS,0.0,2,0.0,0,0,0,0,GREEN,БЕЗ ЗНАЧАЈНОГ РИЗИКА,NO SIGNIFICANT RISK,MODERATE,ECMWF ENS,ECMWF ENS | GEFS,0.0,2,0.0,0,0,0,0,GREEN,БЕЗ ЗНАЧАЈНОГ РИЗИКА,NO SIGNIFICANT RISK,MODERATE,ECMWF ENS,ECMWF ENS | GEFS,0,GREEN,БЕЗ ЗНАЧАЈНОГ РИЗИКА,NO SIGNIFICANT RISK,NONE,MODERATE,3,2026-08-21T06:00:00+00:00,2026-08-21T09:00:00+00:00,STORMS,EXPERIMENTAL,DEVELOPMENTAL MULTIMODEL SIGNAL - NOT CALIBRATED PROBABILITY,PUBLIC OPEN-DATA SERVICES,INDEPENDENT PROJECT - NOT AN OFFICIAL RHMZ WARNING PRODUCT
71196,ĆIĆEVAC,ĆIĆEVAC,ЋИЋЕВАЦ,0.0,0.0,0.0,0.0,0.0,7.710235622541011,65.14999771118164,6,33,2026-08-21T09:00:00Z,2026-08-20T00:00:00Z,0.0,0.0,0.0,38.5,0.0,6.4,6,,0.0,0.0,0.0,,,,0.0,2,0.0,0,0,0,0,GREEN,БЕЗ ЗНАЧАЈНОГ РИЗИКА,NO SIGNIFICANT RISK,MODERATE,ECMWF ENS,ECMWF ENS | GEFS,0.0,2,0.0,0,0,0,0,GREEN,БЕЗ ЗНАЧАЈНОГ РИЗИКА,NO SIGNIFICANT RISK,MODERATE,ECMWF ENS,ECMWF ENS | GEFS,0.0,2,0.0,0,0,0,0,GREEN,БЕЗ ЗНАЧАЈНОГ РИЗИКА,NO SIGNIFICANT RISK,MODERATE,ECMWF ENS,ECMWF ENS | GEFS,0.0,2,0.0,0,0,0,0,GREEN,БЕЗ ЗНАЧАЈНОГ РИЗИКА,NO SIGNIFICANT RISK,MODERATE,ECMWF ENS,ECMWF ENS | GEFS,0,GREEN,БЕЗ ЗНАЧАЈНОГ РИЗИКА,NO SIGNIFICANT RISK,NONE,MODERATE,3,2026-08-21T06:00:00+00:00,2026-08-21T09:00:00+00:00,STORMS,EXPERIMENTAL,DEVELOPMENTAL MULTIMODEL SIGNAL - NOT CALIBRATED PROBABILITY,PUBLIC OPEN-DATA SERVICES,INDEPENDENT PROJECT - NOT AN OFFICIAL RHMZ WARNING PRODUCT
71200,ĆUPRIJA,ĆUPRIJA,ЋУПРИЈА,0.0,0.0,0.0,0.0,0.0,9.61370783556337,65.30000305175781,8,33,2026-08-21T09:00:00Z,2026-08-20T00:00:00Z,0.0,0.0,0.0,27.9,0.0,8.9,8,,0.0,0.0,0.0,,,,0.0,2,0.0,0,0,0,0,GREEN,БЕЗ ЗНАЧАЈНОГ РИЗИКА,NO SIGNIFICANT RISK,MODERATE,ECMWF ENS,ECMWF ENS | GEFS,0.0,2,0.0,0,0,0,0,GREEN,БЕЗ ЗНАЧАЈНОГ РИЗИКА,NO SIGNIFICANT RISK,MODERATE,ECMWF ENS,ECMWF ENS | GEFS,0.0,2,0.0,0,0,0,0,GREEN,БЕЗ ЗНАЧАЈНОГ РИЗИКА,NO SIGNIFICANT RISK,MODERATE,ECMWF ENS,ECMWF ENS | GEFS,0.0,2,0.0,0,0,0,0,GREEN,БЕЗ ЗНАЧАЈНОГ РИЗИКА,NO SIGNIFICANT RISK,MODERATE,ECMWF ENS,ECMWF ENS | GEFS,0,GREEN,БЕЗ ЗНАЧАЈНОГ РИЗИКА,NO SIGNIFICANT RISK,NONE,MODERATE,3,2026-08-21T06:00:00+00:00,2026-08-21T09:00:00+00:00,STORMS,EXPERIMENTAL,DEVELOPMENTAL MULTIMODEL SIGNAL - NOT CALIBRATED PROBABILITY,PUBLIC OPEN-DATA SERVICES,INDEPENDENT PROJECT - NOT AN OFFICIAL RHMZ WARNING PRODUCT
80012,ADA,ADA,АДА,0.0,0.0,0.0,0.0,0.0,11.86061972019953,59.79820442199707,6,33,2026-08-21T09:00:00Z,2026-08-20T00:00:00Z,0.0,0.0,129.1,49.4,0.0,9.0,6,,0.0,0.0,0.0,,,,0.0,2,0.0,0,0,0,0,GREEN,БЕЗ ЗНАЧАЈНОГ РИЗИКА,NO SIGNIFICANT RISK,MODERATE,ECMWF ENS,ECMWF ENS | GEFS,0.0,2,0.0,0,0,0,0,GREEN,БЕЗ ЗНАЧАЈНОГ РИЗИКА,NO SIGNIFICANT RISK,MODERATE,ECMWF ENS,ECMWF ENS | GEFS,0.0,2,0.0,0,0,0,0,GREEN,БЕЗ ЗНАЧАЈНОГ РИЗИКА,NO SIGNIFICANT RISK,MODERATE,ECMWF ENS,ECMWF ENS | GEFS,0.0,2,0.0,0,0,0,0,GREEN,БЕЗ ЗНАЧАЈНОГ РИЗИКА,NO SIGNIFICANT RISK,MODERATE,ECMWF ENS,ECMWF ENS | GEFS,0,GREEN,БЕЗ ЗНАЧАЈНОГ РИЗИКА,NO SIGNIFICANT RISK,NONE,MODERATE,3,2026-08-21T06:00:00+00:00,2026-08-21T09:00:00+00:00,STORMS,EXPERIMENTAL,DEVELOPMENTAL MULTIMODEL SIGNAL - NOT CALIBRATED PROBABILITY,PUBLIC OPEN-DATA SERVICES,INDEPENDENT PROJECT - NOT AN OFFICIAL RHMZ WARNING PRODUCT
70017,ALEKSANDROVAC,ALEKSANDROVAC,АЛЕКСАНДРОВАЦ,0.0,0.0,0.0,0.0,0.0,8.189187038705407,66.30000305175781,11,33,2026-08-21T09:00:00Z,2026-08-20T00:00:00Z,0.0,0.0,0.0,26.2,0.0,6.3,11,,0.0,0.0,0.0,,,,0.0,2,0.0,0,0,0,0,GREEN,БЕЗ ЗНАЧАЈНОГ РИЗИКА,NO SIGNIFICANT RISK,MODERATE,ECMWF ENS,ECMWF ENS | GEFS,0.0,2,0.0,0,0,0,0,GREEN,БЕЗ ЗНАЧАЈНОГ РИЗИКА,NO SIGNIFICANT RISK,MODERATE,ECMWF ENS,ECMWF ENS | GEFS,0.0,2,0.0,0,0,0,0,GREEN,БЕЗ ЗНАЧАЈНОГ РИЗИКА,NO SIGNIFICANT RISK,MODERATE,ECMWF ENS,ECMWF ENS | GEFS,0.0,2,0.0,0,0,0,0,GREEN,БЕЗ ЗНАЧАЈНОГ РИЗИКА,NO SIGNIFICANT RISK,MODERATE,ECMWF ENS,ECMWF ENS | GEFS,0,GREEN,БЕЗ ЗНАЧАЈНОГ РИЗИКА,NO SIGNIFICANT RISK,NONE,MODERATE,3,2026-08-21T06:00:00+00:00,2026-08-21T09:00:00+00:00,STORMS,EXPERIMENTAL,DEVELOPMENTAL MULTIMODEL SIGNAL - NOT CALIBRATED PROBABILITY,PUBLIC OPEN-DATA SERVICES,INDEPENDENT PROJECT - NOT AN OFFICIAL RHMZ WARNING PRODUCT
70025,ALEKSINAC,ALEKSINAC,АЛЕКСИНАЦ,0.0,0.0,0.0,0.0,0.0,7.293561612277167,65.14999771118164,11,33,2026-08-21T09:00:00Z,2026-08-20T00:00:00Z,0.0,0.0,0.0,47.4,0.0,7.4,11,,0.0,0.0,0.0,,,,0.0,2,0.0,0,0,0,0,GREEN,БЕЗ ЗНАЧАЈНОГ РИЗИКА,NO SIGNIFICANT RISK,MODERATE,ECMWF ENS,ECMWF ENS | GEFS,0.0,2,0.0,0,0,0,0,GREEN,БЕЗ ЗНАЧАЈНОГ РИЗИКА,NO SIGNIFICANT RISK,MODERATE,ECMWF ENS,ECMWF ENS | GEFS,0.0,2,0.0,0,0,0,0,GREEN,БЕЗ ЗНАЧАЈНОГ РИЗИКА,NO SIGNIFICANT RISK,MODERATE,ECMWF ENS,ECMWF ENS | GEFS,0.0,2,0.0,0,0,0,0,GREEN,БЕЗ ЗНАЧАЈНОГ РИЗИКА,NO SIGNIFICANT RISK,MODERATE,ECMWF ENS,ECMWF ENS | GEFS,0,GREEN,БЕЗ ЗНАЧАЈНОГ РИЗИКА,NO SIGNIFICANT RISK,NONE,MODERATE,3,2026-08-21T06:00:00+00:00,2026-08-21T09:00:00+00:00,STORMS,EXPERIMENTAL,DEVELOPMENTAL MULTIMODEL SIGNAL - NOT CALIBRATED PROBABILITY,PUBLIC OPEN-DATA SERVICES,INDEPENDENT PROJECT - NOT AN OFFICIAL RHMZ WARNING PRODUCT
80039,ALIBUNAR,ALIBUNAR,АЛИБУНАР,0.0,0.0,0.0,0.0,0.0,11.9203473502745,59.48038864135742,9,33,2026-08-21T09:00:00Z,2026-08-20T00:00:00Z,0.0,0.0,0.0,23.6,0.0,11.8,9,,0.0,0.0,0.0,,,,0.0,2,0.0,0,0,0,0,GREEN,БЕЗ ЗНАЧАЈНОГ РИЗИКА,NO SIGNIFICANT RISK,MODERATE,ECMWF ENS,ECMWF ENS | GEFS,0.0,2,0.0,0,0,0,0,GREEN,БЕЗ ЗНАЧАЈНОГ РИЗИКА,NO SIGNIFICANT RISK,MODERATE,ECMWF ENS,ECMWF ENS | GEFS,0.0,2,0.0,0,0,0,0,GREEN,БЕЗ ЗНАЧАЈНОГ РИЗИКА,NO SIGNIFICANT RISK,MODERATE,ECMWF ENS,ECMWF ENS | GEFS,0.0,2,0.0,0,0,0,0,GREEN,БЕЗ ЗНАЧАЈНОГ РИЗИКА,NO SIGNIFICANT RISK,MODERATE,ECMWF ENS,ECMWF ENS | GEFS,0,GREEN,БЕЗ ЗНАЧАЈНОГ РИЗИКА,NO SIGNIFICANT RISK,NONE,MODERATE,3,2026-08-21T06:00:00+00:00,2026-08-21T09:00:00+00:00,STORMS,EXPERIMENTAL,DEVELOPMENTAL MULTIMODEL SIGNAL - NOT CALIBRATED PROBABILITY,PUBLIC OPEN-DATA SERVICES,INDEPENDENT PROJECT - NOT AN OFFICIAL RHMZ WARNING PRODUCT
80047,APATIN,APATIN,АПАТИН,0.0,0.0,0.0,0.0,0.0,11.801722086427333,66.75,6,33,2026-08-21T09:00:00Z,2026-08-20T00:00:00Z,2.0,0.0,99.6,70.6,0.0,7.8,6,,0.0,0.0,0.0,,,,1.0,2,2.0,0,0,0,0,GREEN,БЕЗ ЗНАЧАЈНОГ РИЗИКА,NO SIGNIFICANT RISK,MODERATE,ECMWF ENS,ECMWF ENS | GEFS,0.0,2,0.0,0,0,0,0,GREEN,БЕЗ ЗНАЧАЈНОГ РИЗИКА,NO SIGNIFICANT RISK,MODERATE,ECMWF ENS,ECMWF ENS | GEFS,0.0,2,0.0,0,0,0,0,GREEN,БЕЗ ЗНАЧАЈНОГ РИЗИКА,NO SIGNIFICANT RISK,MODERATE,ECMWF ENS,ECMWF ENS | GEFS,0.0,2,0.0,0,0,0,0,GREEN,БЕЗ ЗНАЧАЈНОГ РИЗИКА,NO SIGNIFICANT RISK,MODERATE,ECMWF ENS,ECMWF ENS | GEFS,0,GREEN,БЕЗ ЗНАЧАЈНОГ РИЗИКА,NO SIGNIFICANT RISK,NONE,MODERATE,3,2026-08-21T06:00:00+00:00,2026-08-21T09:00:00+00:00,STORMS,EXPERIMENTAL,DEVELOPMENTAL MULTIMODEL SIGNAL - NOT CALIBRATED PROBABILITY,PUBLIC OPEN-DATA SERVICES,INDEPENDENT PROJECT - NOT AN OFFICIAL RHMZ WARNING PRODUCT
70033,ARANĐELOVAC,ARANĐELOVAC,АРАНЂЕЛОВАЦ,0.0,0.0,0.0,0.0,0.0,10.838879575615644,60.625,7,33,2026-08-21T09:00:00Z,2026-08-20T00:00:00Z,0.0,0.0,0.0,18.1,0.0,9.7,7,,0.0,0.0,0.0,,,,0.0,2,0.0,0,0,0,0,GREEN,БЕЗ ЗНАЧАЈНОГ РИЗИКА,NO SIGNIFICANT RISK,MODERATE,ECMWF ENS,ECMWF ENS | GEFS,0.0,2,0.0,0,0,0,0,GREEN,БЕЗ ЗНАЧАЈНОГ РИЗИКА,NO SIGNIFICANT RISK,MODERATE,ECMWF ENS,ECMWF ENS | GEFS,0.0,2,0.0,0,0,0,0,GREEN,БЕЗ ЗНАЧАЈНОГ РИЗИКА,NO SIGNIFICANT RISK,MODERATE,ECMWF ENS,ECMWF ENS | GEFS,0.0,2,0.0,0,0,0,0,GREEN,БЕЗ ЗНАЧАЈНОГ РИЗИКА,NO SIGNIFICANT RISK,MODERATE,ECMWF ENS,ECMWF ENS | GEFS,0,GREEN,БЕЗ ЗНАЧАЈНОГ РИЗИКА,NO SIGNIFICANT RISK,NONE,MODERATE,3,2026-08-21T06:00:00+00:00,2026-08-21T09:00:00+00:00,STORMS,EXPERIMENTAL,DEVELOPMENTAL MULTIMODEL SIGNAL - NOT CALIBRATED PROBABILITY,PUBLIC OPEN-DATA SERVICES,INDEPENDENT PROJECT - NOT AN OFFICIAL RHMZ WARNING PRODUCT
70041,ARILJE,ARILJE,АРИЉЕ,0.0,0.0,0.0,0.0,0.0,9.75390417542403,60.78314208984375,8,33,2026-08-21T09:00:00Z,2026-08-20T00:00:00Z,0.0,0.0,0.0,17.6,0.0,8.1,8,,0.0,0.0,0.0,,,,0.0,2,0.0,0,0,0,0,GREEN,БЕЗ ЗНАЧАЈНОГ РИЗИКА,NO SIGNIFICANT RISK,MODERATE,ECMWF ENS,ECMWF ENS | GEFS,0.0,2,0.0,0,0,0,0,GREEN,БЕЗ ЗНАЧАЈНОГ РИЗИКА,NO SIGNIFICANT RISK,MODERATE,ECMWF ENS,ECMWF ENS | GEFS,0.0,2,0.0,0,0,0,0,GREEN,БЕЗ ЗНАЧАЈНОГ РИЗИКА,NO SIGNIFICANT RISK,MODERATE,ECMWF ENS,ECMWF ENS | GEFS,0.0,2,0.0,0,0,0,0,GREEN,БЕЗ ЗНАЧАЈНОГ РИЗИКА,NO SIGNIFICANT RISK,MODERATE,ECMWF ENS,ECMWF ENS | GEFS,0,GREEN,БЕЗ ЗНАЧАЈНОГ РИЗИКА,NO SIGNIFICANT RISK,NONE,MODERATE,3,2026-08-21T06:00:00+00:00,2026-08-21T09:00:00+00:00,STORMS,EXPERIMENTAL,DEVELOPMENTAL MULTIMODEL SIGNAL - NOT CALIBRATED PROBABILITY,PUBLIC OPEN-DATA SERVICES,INDEPENDENT PROJECT - NOT AN OFFICIAL RHMZ WARNING PRODUCT
70068,BAJINA BAŠTA,BAJINA BAŠTA,БАЈИНА БАШТА,0.0,0.0,0.0,0.0,0.0,11.563500325251823,38.625,10,33,2026-08-21T09:00:00Z,2026-08-20T00:00:00Z,0.0,0.0,0.0,24.5,0.0,8.7,10,,0.0,0.0,0.0,,,,0.0,2,0.0,0,0,0,0,GREEN,БЕЗ ЗНАЧАЈНОГ РИЗИКА,NO SIGNIFICANT RISK,MODERATE,ECMWF ENS,ECMWF ENS | GEFS,0.0,2,0.0,0,0,0,0,GREEN,БЕЗ ЗНАЧАЈНОГ РИЗИКА,NO SIGNIFICANT RISK,MODERATE,ECMWF ENS,ECMWF ENS | GEFS,0.0,2,0.0,0,0,0,0,GREEN,БЕЗ ЗНАЧАЈНОГ РИЗИКА,NO SIGNIFICANT RISK,MODERATE,ECMWF ENS,ECMWF ENS | GEFS,0.0,2,0.0,0,0,0,0,GREEN,БЕЗ ЗНАЧАЈНОГ РИЗИКА,NO SIGNIFICANT RISK,MODERATE,ECMWF ENS,ECMWF ENS | GEFS,0,GREEN,БЕЗ ЗНАЧАЈНОГ РИЗИКА,NO SIGNIFICANT RISK,NONE,MODERATE,3,2026-08-21T06:00:00+00:00,2026-08-21T09:00:00+00:00,STORMS,EXPERIMENTAL,DEVELOPMENTAL MULTIMODEL SIGNAL - NOT CALIBRATED PROBABILITY,PUBLIC OPEN-DATA SERVICES,INDEPENDENT PROJECT - NOT AN OFFICIAL RHMZ WARNING PRODUCT
70050,BABUŠNICA,BABUŠNICA,БАБУШНИЦА,0.0,0.0,0.0,0.0,0.0,4.589603992682194,61.043190002441406,9,33,2026-08-21T09:00:00Z,2026-08-20T00:00:00Z,0.0,0.0,398.8,66.9,0.0,3.2,9,,0.0,0.0,0.0,,,,0.0,2,0.0,0,0,0,0,GREEN,БЕЗ ЗНАЧАЈНОГ РИЗИКА,NO SIGNIFICANT RISK,MODERATE,ECMWF ENS,ECMWF ENS | GEFS,0.0,2,0.0,0,0,0,0,GREEN,БЕЗ ЗНАЧАЈНОГ РИЗИКА,NO SIGNIFICANT RISK,MODERATE,ECMWF ENS,ECMWF ENS | GEFS,0.0,2,0.0,0,0,0,0,GREEN,БЕЗ ЗНАЧАЈНОГ РИЗИКА,NO SIGNIFICANT RISK,MODERATE,ECMWF ENS,ECMWF ENS | GEFS,0.0,2,0.0,0,0,0,0,GREEN,БЕЗ ЗНАЧАЈНОГ РИЗИКА,NO SIGNIFICANT RISK,MODERATE,ECMWF ENS,ECMWF ENS | GEFS,0,GREEN,БЕЗ ЗНАЧАЈНОГ РИЗИКА,NO SIGNIFICANT RISK,NONE,MODERATE,3,2026-08-21T06:00:00+00:00,2026-08-21T09:00:00+00:00,STORMS,EXPERIMENTAL,DEVELOPMENTAL MULTIMODEL SIGNAL - NOT CALIBRATED PROBABILITY,PUBLIC OPEN-DATA SERVICES,INDEPENDENT PROJECT - NOT AN OFFICIAL RHMZ WARNING PRODUCT
70076,BATOČINA,BATOČINA,БАТОЧИНА,0.0,0.0,0.0,0.0,0.0,9.637053310224992,65.30000305175781,6,33,2026-08-21T09:00:00Z,2026-08-20T00:00:00Z,0.0,0.0,0.0,20.4,0.0,8.1,6,,0.0,0.0,0.0,,,,0.0,2,0.0,0,0,0,0,GREEN,БЕЗ ЗНАЧАЈНОГ РИЗИКА,NO SIGNIFICANT RISK,MODERATE,ECMWF ENS,ECMWF ENS | GEFS,0.0,2,0.0,0,0,0,0,GREEN,БЕЗ ЗНАЧАЈНОГ РИЗИКА,NO SIGNIFICANT RISK,MODERATE,ECMWF ENS,ECMWF ENS | GEFS,0.0,2,0.0,0,0,0,0,GREEN,БЕЗ ЗНАЧАЈНОГ РИЗИКА,NO SIGNIFICANT RISK,MODERATE,ECMWF ENS,ECMWF ENS | GEFS,0.0,2,0.0,0,0,0,0,GREEN,БЕЗ ЗНАЧАЈНОГ РИЗИКА,NO SIGNIFICANT RISK,MODERATE,ECMWF ENS,ECMWF ENS | GEFS,0,GREEN,БЕЗ ЗНАЧАЈНОГ РИЗИКА,NO SIGNIFICANT RISK,NONE,MODERATE,3,2026-08-21T06:00:00+00:00,2026-08-21T09:00:00+00:00,STORMS,EXPERIMENTAL,DEVELOPMENTAL MULTIMODEL SIGNAL - NOT CALIBRATED PROBABILITY,PUBLIC OPEN-DATA SERVICES,INDEPENDENT PROJECT - NOT AN OFFICIAL RHMZ WARNING PRODUCT
80055,BAČ,BAČ,БАЧ,0.0,0.0,0.0,0.0,0.0,12.325359241500976,63.69999885559082,8,33,2026-08-21T09:00:00Z,2026-08-20T00:00:00Z,0.0,0.0,0.0,65.4,0.0,7.8,8,,0.0,0.0,0.0,,,,0.0,2,0.0,0,0,0,0,GREEN,БЕЗ ЗНАЧАЈНОГ РИЗИКА,NO SIGNIFICANT RISK,MODERATE,ECMWF ENS,ECMWF ENS | GEFS,0.0,2,0.0,0,0,0,0,GREEN,БЕЗ ЗНАЧАЈНОГ РИЗИКА,NO SIGNIFICANT RISK,MODERATE,ECMWF ENS,ECMWF ENS | GEFS,0.0,2,0.0,0,0,0,0,GREEN,БЕЗ ЗНАЧАЈНОГ РИЗИКА,NO SIGNIFICANT RISK,MODERATE,ECMWF ENS,ECMWF ENS | GEFS,0.0,2,0.0,0,0,0,0,GREEN,БЕЗ ЗНАЧАЈНОГ РИЗИКА,NO SIGNIFICANT RISK,MODERATE,ECMWF ENS,ECMWF ENS | GEFS,0,GREEN,БЕЗ ЗНАЧАЈНОГ РИЗИКА,NO SIGNIFICANT RISK,NONE,MODERATE,3,2026-08-21T06:00:00+00:00,2026-08-21T09:00:00+00:00,STORMS,EXPERIMENTAL,DEVELOPMENTAL MULTIMODEL SIGNAL - NOT CALIBRATED PROBABILITY,PUBLIC OPEN-DATA SERVICES,INDEPENDENT PROJECT - NOT AN OFFICIAL RHMZ WARNING PRODUCT
80063,BAČKA PALANKA,BAČKA PALANKA,БАЧКА ПАЛАНКА,0.0,0.0,0.0,0.0,0.0,13.44525310278542,56.59820556640625,9,33,2026-08-21T09:00:00Z,2026-08-20T00:00:00Z,0.0,0.0,0.0,54.5,0.0,8.1,9,,0.0,0.0,0.0,,,,0.0,2,0.0,0,0,0,0,GREEN,БЕЗ ЗНАЧАЈНОГ РИЗИКА,NO SIGNIFICANT RISK,MODERATE,ECMWF ENS,ECMWF ENS | GEFS,0.0,2,0.0,0,0,0,0,GREEN,БЕЗ ЗНАЧАЈНОГ РИЗИКА,NO SIGNIFICANT RISK,MODERATE,ECMWF ENS,ECMWF ENS | GEFS,0.0,2,0.0,0,0,0,0,GREEN,БЕЗ ЗНАЧАЈНОГ РИЗИКА,NO SIGNIFICANT RISK,MODERATE,ECMWF ENS,ECMWF ENS | GEFS,0.0,2,0.0,0,0,0,0,GREEN,БЕЗ ЗНАЧАЈНОГ РИЗИКА,NO SIGNIFICANT RISK,MODERATE,ECMWF ENS,ECMWF ENS | GEFS,0,GREEN,БЕЗ ЗНАЧАЈНОГ РИЗИКА,NO SIGNIFICANT RISK,NONE,MODERATE,3,2026-08-21T06:00:00+00:00,2026-08-21T09:00:00+00:00,STORMS,EXPERIMENTAL,DEVELOPMENTAL MULTIMODEL SIGNAL - NOT CALIBRATED PROBABILITY,PUBLIC OPEN-DATA SERVICES,INDEPENDENT PROJECT - NOT AN OFFICIAL RHMZ WARNING PRODUCT
80071,BAČKA TOPOLA,BAČKA TOPOLA,БАЧКА ТОПОЛА,0.0,0.0,0.0,0.0,0.0,11.86061972019953,68.04999923706055,8,33,2026-08-21T09:00:00Z,2026-08-20T00:00:00Z,2.0,0.0,223.6,67.7,0.0,9.3,8,,0.0,0.0,0.0,,,,1.0,2,2.0,0,0,0,0,GREEN,БЕЗ ЗНАЧАЈНОГ РИЗИКА,NO SIGNIFICANT RISK,MODERATE,ECMWF ENS,ECMWF ENS | GEFS,0.0,2,0.0,0,0,0,0,GREEN,БЕЗ ЗНАЧАЈНОГ РИЗИКА,NO SIGNIFICANT RISK,MODERATE,ECMWF ENS,ECMWF ENS | GEFS,0.0,2,0.0,0,0,0,0,GREEN,БЕЗ ЗНАЧАЈНОГ РИЗИКА,NO SIGNIFICANT RISK,MODERATE,ECMWF ENS,ECMWF ENS | GEFS,0.0,2,0.0,0,0,0,0,GREEN,БЕЗ ЗНАЧАЈНОГ РИЗИКА,NO SIGNIFICANT RISK,MODERATE,ECMWF ENS,ECMWF ENS | GEFS,0,GREEN,БЕЗ ЗНАЧАЈНОГ РИЗИКА,NO SIGNIFICANT RISK,NONE,MODERATE,3,2026-08-21T06:00:00+00:00,2026-08-21T09:00:00+00:00,STORMS,EXPERIMENTAL,DEVELOPMENTAL MULTIMODEL SIGNAL - NOT CALIBRATED PROBABILITY,PUBLIC OPEN-DATA SERVICES,INDEPENDENT PROJECT - NOT AN OFFICIAL RHMZ WARNING PRODUCT
80080,BAČKI PETROVAC,BAČKI PETROVAC,БАЧКИ ПЕТРОВАЦ,0.0,0.0,0.0,0.0,0.0,12.115460886567467,56.59820556640625,6,33,2026-08-21T09:00:00Z,2026-08-20T00:00:00Z,0.0,0.0,0.0,54.5,0.0,8.1,6,,0.0,0.0,0.0,,,,0.0,2,0.0,0,0,0,0,GREEN,БЕЗ ЗНАЧАЈНОГ РИЗИКА,NO SIGNIFICANT RISK,MODERATE,ECMWF ENS,ECMWF ENS | GEFS,0.0,2,0.0,0,0,0,0,GREEN,БЕЗ ЗНАЧАЈНОГ РИЗИКА,NO SIGNIFICANT RISK,MODERATE,ECMWF ENS,ECMWF ENS | GEFS,0.0,2,0.0,0,0,0,0,GREEN,БЕЗ ЗНАЧАЈНОГ РИЗИКА,NO SIGNIFICANT RISK,MODERATE,ECMWF ENS,ECMWF ENS | GEFS,0.0,2,0.0,0,0,0,0,GREEN,БЕЗ ЗНАЧАЈНОГ РИЗИКА,NO SIGNIFICANT RISK,MODERATE,ECMWF ENS,ECMWF ENS | GEFS,0,GREEN,БЕЗ ЗНАЧАЈНОГ РИЗИКА,NO SIGNIFICANT RISK,NONE,MODERATE,3,2026-08-21T06:00:00+00:00,2026-08-21T09:00:00+00:00,STORMS,EXPERIMENTAL,DEVELOPMENTAL MULTIMODEL SIGNAL - NOT CALIBRATED PROBABILITY,PUBLIC OPEN-DATA SERVICES,INDEPENDENT PROJECT - NOT AN OFFICIAL RHMZ WARNING PRODUCT
70084,BELA PALANKA,BELA PALANKA,БЕЛА ПАЛАНКА,0.0,0.0,0.0,0.0,0.0,5.128819840445504,61.853515625,10,33,2026-08-21T09:00:00Z,2026-08-20T00:00:00Z,0.0,0.0,41.4,64.2,0.0,3.8,10,,0.0,0.0,0.0,,,,0.0,2,0.0,0,0,0,0,GREEN,БЕЗ ЗНАЧАЈНОГ РИЗИКА,NO SIGNIFICANT RISK,MODERATE,ECMWF ENS,ECMWF ENS | GEFS,0.0,2,0.0,0,0,0,0,GREEN,БЕЗ ЗНАЧАЈНОГ РИЗИКА,NO SIGNIFICANT RISK,MODERATE,ECMWF ENS,ECMWF ENS | GEFS,0.0,2,0.0,0,0,0,0,GREEN,БЕЗ ЗНАЧАЈНОГ РИЗИКА,NO SIGNIFICANT RISK,MODERATE,ECMWF ENS,ECMWF ENS | GEFS,0.0,2,0.0,0,0,0,0,GREEN,БЕЗ ЗНАЧАЈНОГ РИЗИКА,NO SIGNIFICANT RISK,MODERATE,ECMWF ENS,ECMWF ENS | GEFS,0,GREEN,БЕЗ ЗНАЧАЈНОГ РИЗИКА,NO SIGNIFICANT RISK,NONE,MODERATE,3,2026-08-21T06:00:00+00:00,2026-08-21T09:00:00+00:00,STORMS,EXPERIMENTAL,DEVELOPMENTAL MULTIMODEL SIGNAL - NOT CALIBRATED PROBABILITY,PUBLIC OPEN-DATA SERVICES,INDEPENDENT PROJECT - NOT AN OFFICIAL RHMZ WARNING PRODUCT
80098,BELA CRKVA,BELA CRKVA,БЕЛА ЦРКВА,0.0,0.0,0.0,0.0,0.0,12.129127554711056,62.70000076293945,8,33,2026-08-21T09:00:00Z,2026-08-20T00:00:00Z,0.0,0.0,0.0,18.7,0.0,11.6,8,,0.0,0.0,0.0,,,,0.0,2,0.0,0,0,0,0,GREEN,БЕЗ ЗНАЧАЈНОГ РИЗИКА,NO SIGNIFICANT RISK,MODERATE,ECMWF ENS,ECMWF ENS | GEFS,0.0,2,0.0,0,0,0,0,GREEN,БЕЗ ЗНАЧАЈНОГ РИЗИКА,NO SIGNIFICANT RISK,MODERATE,ECMWF ENS,ECMWF ENS | GEFS,0.0,2,0.0,0,0,0,0,GREEN,БЕЗ ЗНАЧАЈНОГ РИЗИКА,NO SIGNIFICANT RISK,MODERATE,ECMWF ENS,ECMWF ENS | GEFS,0.0,2,0.0,0,0,0,0,GREEN,БЕЗ ЗНАЧАЈНОГ РИЗИКА,NO SIGNIFICANT RISK,MODERATE,ECMWF ENS,ECMWF ENS | GEFS,0,GREEN,БЕЗ ЗНАЧАЈНОГ РИЗИКА,NO SIGNIFICANT RISK,NONE,MODERATE,3,2026-08-21T06:00:00+00:00,2026-08-21T09:00:00+00:00,STORMS,EXPERIMENTAL,DEVELOPMENTAL MULTIMODEL SIGNAL - NOT CALIBRATED PROBABILITY,PUBLIC OPEN-DATA SERVICES,INDEPENDENT PROJECT - NOT AN OFFICIAL RHMZ WARNING PRODUCT
70092,BEOGRAD-BARAJEVO,BEOGRAD-BARAJEVO,БЕОГРАД-БАРАЈЕВО,0.0,0.0,0.0,0.0,0.0,11.477676014671903,57.59999847412109,7,33,2026-08-21T09:00:00Z,2026-08-20T00:00:00Z,0.0,0.0,0.0,20.4,0.0,10.3,7,,0.0,0.0,0.0,,,,0.0,2,0.0,0,0,0,0,GREEN,БЕЗ ЗНАЧАЈНОГ РИЗИКА,NO SIGNIFICANT RISK,MODERATE,ECMWF ENS,ECMWF ENS | GEFS,0.0,2,0.0,0,0,0,0,GREEN,БЕЗ ЗНАЧАЈНОГ РИЗИКА,NO SIGNIFICANT RISK,MODERATE,ECMWF ENS,ECMWF ENS | GEFS,0.0,2,0.0,0,0,0,0,GREEN,БЕЗ ЗНАЧАЈНОГ РИЗИКА,NO SIGNIFICANT RISK,MODERATE,ECMWF ENS,ECMWF ENS | GEFS,0.0,2,0.0,0,0,0,0,GREEN,БЕЗ ЗНАЧАЈНОГ РИЗИКА,NO SIGNIFICANT RISK,MODERATE,ECMWF ENS,ECMWF ENS | GEFS,0,GREEN,БЕЗ ЗНАЧАЈНОГ РИЗИКА,NO SIGNIFICANT RISK,NONE,MODERATE,3,2026-08-21T06:00:00+00:00,2026-08-21T09:00:00+00:00,STORMS,EXPERIMENTAL,DEVELOPMENTAL MULTIMODEL SIGNAL - NOT CALIBRATED PROBABILITY,PUBLIC OPEN-DATA SERVICES,INDEPENDENT PROJECT - NOT AN OFFICIAL RHMZ WARNING PRODUCT
70106,BEOGRAD-VOŽDOVAC,BEOGRAD-VOŽDOVAC,БЕОГРАД-ВОЖДОВАЦ,0.0,0.0,0.0,0.0,0.0,11.9203473502745,57.59999847412109,7,33,2026-08-21T09:00:00Z,2026-08-20T00:00:00Z,0.0,0.0,0.0,20.6,0.0,10.8,7,,0.0,0.0,0.0,,,,0.0,2,0.0,0,0,0,0,GREEN,БЕЗ ЗНАЧАЈНОГ РИЗИКА,NO SIGNIFICANT RISK,MODERATE,ECMWF ENS,ECMWF ENS | GEFS,0.0,2,0.0,0,0,0,0,GREEN,БЕЗ ЗНАЧАЈНОГ РИЗИКА,NO SIGNIFICANT RISK,MODERATE,ECMWF ENS,ECMWF ENS | GEFS,0.0,2,0.0,0,0,0,0,GREEN,БЕЗ ЗНАЧАЈНОГ РИЗИКА,NO SIGNIFICANT RISK,MODERATE,ECMWF ENS,ECMWF ENS | GEFS,0.0,2,0.0,0,0,0,0,GREEN,БЕЗ ЗНАЧАЈНОГ РИЗИКА,NO SIGNIFICANT RISK,MODERATE,ECMWF ENS,ECMWF ENS | GEFS,0,GREEN,БЕЗ ЗНАЧАЈНОГ РИЗИКА,NO SIGNIFICANT RISK,NONE,MODERATE,3,2026-08-21T06:00:00+00:00,2026-08-21T09:00:00+00:00,STORMS,EXPERIMENTAL,DEVELOPMENTAL MULTIMODEL SIGNAL - NOT CALIBRATED PROBABILITY,PUBLIC OPEN-DATA SERVICES,INDEPENDENT PROJECT - NOT AN OFFICIAL RHMZ WARNING PRODUCT
70114,BEOGRAD-VRAČAR,BEOGRAD-VRAČAR,БЕОГРАД-ВРАЧАР,0.0,0.0,0.0,0.0,0.0,11.9203473502745,52.69194507598877,4,33,2026-08-21T09:00:00Z,2026-08-20T00:00:00Z,0.0,0.0,0.0,20.6,0.0,10.8,4,,0.0,0.0,0.0,,,,0.0,2,0.0,0,0,0,0,GREEN,БЕЗ ЗНАЧАЈНОГ РИЗИКА,NO SIGNIFICANT RISK,MODERATE,ECMWF ENS,ECMWF ENS | GEFS,0.0,2,0.0,0,0,0,0,GREEN,БЕЗ ЗНАЧАЈНОГ РИЗИКА,NO SIGNIFICANT RISK,MODERATE,ECMWF ENS,ECMWF ENS | GEFS,0.0,2,0.0,0,0,0,0,GREEN,БЕЗ ЗНАЧАЈНОГ РИЗИКА,NO SIGNIFICANT RISK,MODERATE,ECMWF ENS,ECMWF ENS | GEFS,0.0,2,0.0,0,0,0,0,GREEN,БЕЗ ЗНАЧАЈНОГ РИЗИКА,NO SIGNIFICANT RISK,MODERATE,ECMWF ENS,ECMWF ENS | GEFS,0,GREEN,БЕЗ ЗНАЧАЈНОГ РИЗИКА,NO SIGNIFICANT RISK,NONE,MODERATE,3,2026-08-21T06:00:00+00:00,2026-08-21T09:00:00+00:00,STORMS,EXPERIMENTAL,DEVELOPMENTAL MULTIMODEL SIGNAL - NOT CALIBRATED PROBABILITY,PUBLIC OPEN-DATA SERVICES,INDEPENDENT PROJECT - NOT AN OFFICIAL RHMZ WARNING PRODUCT
70122,BEOGRAD-GROCKA,BEOGRAD-GROCKA,БЕОГРАД-ГРОЦКА,0.0,0.0,0.0,0.0,0.0,11.9203473502745,64.5999984741211,9,33,2026-08-21T09:00:00Z,2026-08-20T00:00:00Z,0.0,0.0,0.0,20.6,0.0,10.8,9,,0.0,0.0,0.0,,,,0.0,2,0.0,0,0,0,0,GREEN,БЕЗ ЗНАЧАЈНОГ РИЗИКА,NO SIGNIFICANT RISK,MODERATE,ECMWF ENS,ECMWF ENS | GEFS,0.0,2,0.0,0,0,0,0,GREEN,БЕЗ ЗНАЧАЈНОГ РИЗИКА,NO SIGNIFICANT RISK,MODERATE,ECMWF ENS,ECMWF ENS | GEFS,0.0,2,0.0,0,0,0,0,GREEN,БЕЗ ЗНАЧАЈНОГ РИЗИКА,NO SIGNIFICANT RISK,MODERATE,ECMWF ENS,ECMWF ENS | GEFS,0.0,2,0.0,0,0,0,0,GREEN,БЕЗ ЗНАЧАЈНОГ РИЗИКА,NO SIGNIFICANT RISK,MODERATE,ECMWF ENS,ECMWF ENS | GEFS,0,GREEN,БЕЗ ЗНАЧАЈНОГ РИЗИКА,NO SIGNIFICANT RISK,NONE,MODERATE,3,2026-08-21T06:00:00+00:00,2026-08-21T09:00:00+00:00,STORMS,EXPERIMENTAL,DEVELOPMENTAL MULTIMODEL SIGNAL - NOT CALIBRATED PROBABILITY,PUBLIC OPEN-DATA SERVICES,INDEPENDENT PROJECT - NOT AN OFFICIAL RHMZ WARNING PRODUCT
70149,BEOGRAD-ZVEZDARA,BEOGRAD-ZVEZDARA,БЕОГРАД-ЗВЕЗДАРА,0.0,0.0,0.0,0.0,0.0,11.9203473502745,52.69194507598877,4,33,2026-08-21T09:00:00Z,2026-08-20T00:00:00Z,0.0,0.0,0.0,20.6,0.0,10.8,4,,0.0,0.0,0.0,,,,0.0,2,0.0,0,0,0,0,GREEN,БЕЗ ЗНАЧАЈНОГ РИЗИКА,NO SIGNIFICANT RISK,MODERATE,ECMWF ENS,ECMWF ENS | GEFS,0.0,2,0.0,0,0,0,0,GREEN,БЕЗ ЗНАЧАЈНОГ РИЗИКА,NO SIGNIFICANT RISK,MODERATE,ECMWF ENS,ECMWF ENS | GEFS,0.0,2,0.0,0,0,0,0,GREEN,БЕЗ ЗНАЧАЈНОГ РИЗИКА,NO SIGNIFICANT RISK,MODERATE,ECMWF ENS,ECMWF ENS | GEFS,0.0,2,0.0,0,0,0,0,GREEN,БЕЗ ЗНАЧАЈНОГ РИЗИКА,NO SIGNIFICANT RISK,MODERATE,ECMWF ENS,ECMWF ENS | GEFS,0,GREEN,БЕЗ ЗНАЧАЈНОГ РИЗИКА,NO SIGNIFICANT RISK,NONE,MODERATE,3,2026-08-21T06:00:00+00:00,2026-08-21T09:00:00+00:00,STORMS,EXPERIMENTAL,DEVELOPMENTAL MULTIMODEL SIGNAL - NOT CALIBRATED PROBABILITY,PUBLIC OPEN-DATA SERVICES,INDEPENDENT PROJECT - NOT AN OFFICIAL RHMZ WARNING PRODUCT
70157,BEOGRAD-ZEMUN,BEOGRAD-ZEMUN,БЕОГРАД-ЗЕМУН,0.0,0.0,0.0,0.0,0.0,12.562130471782895,45.58038902282715,6,33,2026-08-21T09:00:00Z,2026-08-20T00:00:00Z,0.0,0.0,0.0,25.9,0.0,9.9,6,,0.0,0.0,0.0,,,,0.0,2,0.0,0,0,0,0,GREEN,БЕЗ ЗНАЧАЈНОГ РИЗИКА,NO SIGNIFICANT RISK,MODERATE,ECMWF ENS,ECMWF ENS | GEFS,0.0,2,0.0,0,0,0,0,GREEN,БЕЗ ЗНАЧАЈНОГ РИЗИКА,NO SIGNIFICANT RISK,MODERATE,ECMWF ENS,ECMWF ENS | GEFS,0.0,2,0.0,0,0,0,0,GREEN,БЕЗ ЗНАЧАЈНОГ РИЗИКА,NO SIGNIFICANT RISK,MODERATE,ECMWF ENS,ECMWF ENS | GEFS,0.0,2,0.0,0,0,0,0,GREEN,БЕЗ ЗНАЧАЈНОГ РИЗИКА,NO SIGNIFICANT RISK,MODERATE,ECMWF ENS,ECMWF ENS | GEFS,0,GREEN,БЕЗ ЗНАЧАЈНОГ РИЗИКА,NO SIGNIFICANT RISK,NONE,MODERATE,3,2026-08-21T06:00:00+00:00,2026-08-21T09:00:00+00:00,STORMS,EXPERIMENTAL,DEVELOPMENTAL MULTIMODEL SIGNAL - NOT CALIBRATED PROBABILITY,PUBLIC OPEN-DATA SERVICES,INDEPENDENT PROJECT - NOT AN OFFICIAL RHMZ WARNING PRODUCT
70165,BEOGRAD-LAZAREVAC,BEOGRAD-LAZAREVAC,БЕОГРАД-ЛАЗАРЕВАЦ,0.0,0.0,0.0,0.0,0.0,11.477676014671903,52.01694488525391,7,33,2026-08-21T09:00:00Z,2026-08-20T00:00:00Z,0.0,0.0,0.0,20.4,0.0,10.3,7,,0.0,0.0,0.0,,,,0.0,2,0.0,0,0,0,0,GREEN,БЕЗ ЗНАЧАЈНОГ РИЗИКА,NO SIGNIFICANT RISK,MODERATE,ECMWF ENS,ECMWF ENS | GEFS,0.0,2,0.0,0,0,0,0,GREEN,БЕЗ ЗНАЧАЈНОГ РИЗИКА,NO SIGNIFICANT RISK,MODERATE,ECMWF ENS,ECMWF ENS | GEFS,0.0,2,0.0,0,0,0,0,GREEN,БЕЗ ЗНАЧАЈНОГ РИЗИКА,NO SIGNIFICANT RISK,MODERATE,ECMWF ENS,ECMWF ENS | GEFS,0.0,2,0.0,0,0,0,0,GREEN,БЕЗ ЗНАЧАЈНОГ РИЗИКА,NO SIGNIFICANT RISK,MODERATE,ECMWF ENS,ECMWF ENS | GEFS,0,GREEN,БЕЗ ЗНАЧАЈНОГ РИЗИКА,NO SIGNIFICANT RISK,NONE,MODERATE,3,2026-08-21T06:00:00+00:00,2026-08-21T09:00:00+00:00,STORMS,EXPERIMENTAL,DEVELOPMENTAL MULTIMODEL SIGNAL - NOT CALIBRATED PROBABILITY,PUBLIC OPEN-DATA SERVICES,INDEPENDENT PROJECT - NOT AN OFFICIAL RHMZ WARNING PRODUCT
70173,BEOGRAD-MLADENOVAC,BEOGRAD-MLADENOVAC,БЕОГРАД-МЛАДЕНОВАЦ,0.0,0.0,0.0,0.0,0.0,10.838879575615644,64.5999984741211,9,33,2026-08-21T09:00:00Z,2026-08-20T00:00:00Z,0.0,0.0,0.0,18.3,0.0,10.4,9,,0.0,0.0,0.0,,,,0.0,2,0.0,0,0,0,0,GREEN,БЕЗ ЗНАЧАЈНОГ РИЗИКА,NO SIGNIFICANT RISK,MODERATE,ECMWF ENS,ECMWF ENS | GEFS,0.0,2,0.0,0,0,0,0,GREEN,БЕЗ ЗНАЧАЈНОГ РИЗИКА,NO SIGNIFICANT RISK,MODERATE,ECMWF ENS,ECMWF ENS | GEFS,0.0,2,0.0,0,0,0,0,GREEN,БЕЗ ЗНАЧАЈНОГ РИЗИКА,NO SIGNIFICANT RISK,MODERATE,ECMWF ENS,ECMWF ENS | GEFS,0.0,2,0.0,0,0,0,0,GREEN,БЕЗ ЗНАЧАЈНОГ РИЗИКА,NO SIGNIFICANT RISK,MODERATE,ECMWF ENS,ECMWF ENS | GEFS,0,GREEN,БЕЗ ЗНАЧАЈНОГ РИЗИКА,NO SIGNIFICANT RISK,NONE,MODERATE,3,2026-08-21T06:00:00+00:00,2026-08-21T09:00:00+00:00,STORMS,EXPERIMENTAL,DEVELOPMENTAL MULTIMODEL SIGNAL - NOT CALIBRATED PROBABILITY,PUBLIC OPEN-DATA SERVICES,INDEPENDENT PROJECT - NOT AN OFFICIAL RHMZ WARNING PRODUCT
70181,BEOGRAD-NOVI BEOGRAD,BEOGRAD-NOVI BEOGRAD,БЕОГРАД-НОВИ БЕОГРАД,0.0,0.0,0.0,0.0,0.0,12.354285327638348,52.69194507598877,5,33,2026-08-21T09:00:00Z,2026-08-20T00:00:00Z,0.0,0.0,0.0,23.5,0.0,10.5,5,,0.0,0.0,0.0,,,,0.0,2,0.0,0,0,0,0,GREEN,БЕЗ ЗНАЧАЈНОГ РИЗИКА,NO SIGNIFICANT RISK,MODERATE,ECMWF ENS,ECMWF ENS | GEFS,0.0,2,0.0,0,0,0,0,GREEN,БЕЗ ЗНАЧАЈНОГ РИЗИКА,NO SIGNIFICANT RISK,MODERATE,ECMWF ENS,ECMWF ENS | GEFS,0.0,2,0.0,0,0,0,0,GREEN,БЕЗ ЗНАЧАЈНОГ РИЗИКА,NO SIGNIFICANT RISK,MODERATE,ECMWF ENS,ECMWF ENS | GEFS,0.0,2,0.0,0,0,0,0,GREEN,БЕЗ ЗНАЧАЈНОГ РИЗИКА,NO SIGNIFICANT RISK,MODERATE,ECMWF ENS,ECMWF ENS | GEFS,0,GREEN,БЕЗ ЗНАЧАЈНОГ РИЗИКА,NO SIGNIFICANT RISK,NONE,MODERATE,3,2026-08-21T06:00:00+00:00,2026-08-21T09:00:00+00:00,STORMS,EXPERIMENTAL,DEVELOPMENTAL MULTIMODEL SIGNAL - NOT CALIBRATED PROBABILITY,PUBLIC OPEN-DATA SERVICES,INDEPENDENT PROJECT - NOT AN OFFICIAL RHMZ WARNING PRODUCT
70190,BEOGRAD-OBRENOVAC,BEOGRAD-OBRENOVAC,БЕОГРАД-ОБРЕНОВАЦ,0.0,0.0,0.0,0.0,0.0,12.127557546445242,47.37333679199219,8,33,2026-08-21T09:00:00Z,2026-08-20T00:00:00Z,0.0,0.0,0.0,26.2,0.0,8.6,8,,0.0,0.0,0.0,,,,0.0,2,0.0,0,0,0,0,GREEN,БЕЗ ЗНАЧАЈНОГ РИЗИКА,NO SIGNIFICANT RISK,MODERATE,ECMWF ENS,ECMWF ENS | GEFS,0.0,2,0.0,0,0,0,0,GREEN,БЕЗ ЗНАЧАЈНОГ РИЗИКА,NO SIGNIFICANT RISK,MODERATE,ECMWF ENS,ECMWF ENS | GEFS,0.0,2,0.0,0,0,0,0,GREEN,БЕЗ ЗНАЧАЈНОГ РИЗИКА,NO SIGNIFICANT RISK,MODERATE,ECMWF ENS,ECMWF ENS | GEFS,0.0,2,0.0,0,0,0,0,GREEN,БЕЗ ЗНАЧАЈНОГ РИЗИКА,NO SIGNIFICANT RISK,MODERATE,ECMWF ENS,ECMWF ENS | GEFS,0,GREEN,БЕЗ ЗНАЧАЈНОГ РИЗИКА,NO SIGNIFICANT RISK,NONE,MODERATE,3,2026-08-21T06:00:00+00:00,2026-08-21T09:00:00+00:00,STORMS,EXPERIMENTAL,DEVELOPMENTAL MULTIMODEL SIGNAL - NOT CALIBRATED PROBABILITY,PUBLIC OPEN-DATA SERVICES,INDEPENDENT PROJECT - NOT AN OFFICIAL RHMZ WARNING PRODUCT
70203,BEOGRAD-PALILULA,BEOGRAD-PALILULA,БЕОГРАД-ПАЛИЛУЛА,0.0,0.0,0.0,0.0,0.0,12.562130471782895,52.69194507598877,9,33,2026-08-21T09:00:00Z,2026-08-20T00:00:00Z,0.0,0.0,0.0,27.3,0.0,11.5,9,,0.0,0.0,0.0,,,,0.0,2,0.0,0,0,0,0,GREEN,БЕЗ ЗНАЧАЈНОГ РИЗИКА,NO SIGNIFICANT RISK,MODERATE,ECMWF ENS,ECMWF ENS | GEFS,0.0,2,0.0,0,0,0,0,GREEN,БЕЗ ЗНАЧАЈНОГ РИЗИКА,NO SIGNIFICANT RISK,MODERATE,ECMWF ENS,ECMWF ENS | GEFS,0.0,2,0.0,0,0,0,0,GREEN,БЕЗ ЗНАЧАЈНОГ РИЗИКА,NO SIGNIFICANT RISK,MODERATE,ECMWF ENS,ECMWF ENS | GEFS,0.0,2,0.0,0,0,0,0,GREEN,БЕЗ ЗНАЧАЈНОГ РИЗИКА,NO SIGNIFICANT RISK,MODERATE,ECMWF ENS,ECMWF ENS | GEFS,0,GREEN,БЕЗ ЗНАЧАЈНОГ РИЗИКА,NO SIGNIFICANT RISK,NONE,MODERATE,3,2026-08-21T06:00:00+00:00,2026-08-21T09:00:00+00:00,STORMS,EXPERIMENTAL,DEVELOPMENTAL MULTIMODEL SIGNAL - NOT CALIBRATED PROBABILITY,PUBLIC OPEN-DATA SERVICES,INDEPENDENT PROJECT - NOT AN OFFICIAL RHMZ WARNING PRODUCT
70211,BEOGRAD-RAKOVICA,BEOGRAD-RAKOVICA,БЕОГРАД-РАКОВИЦА,0.0,0.0,0.0,0.0,0.0,11.25368982565787,52.69194507598877,4,33,2026-08-21T09:00:00Z,2026-08-20T00:00:00Z,0.0,0.0,0.0,20.4,0.0,10.3,4,,0.0,0.0,0.0,,,,0.0,2,0.0,0,0,0,0,GREEN,БЕЗ ЗНАЧАЈНОГ РИЗИКА,NO SIGNIFICANT RISK,MODERATE,ECMWF ENS,ECMWF ENS | GEFS,0.0,2,0.0,0,0,0,0,GREEN,БЕЗ ЗНАЧАЈНОГ РИЗИКА,NO SIGNIFICANT RISK,MODERATE,ECMWF ENS,ECMWF ENS | GEFS,0.0,2,0.0,0,0,0,0,GREEN,БЕЗ ЗНАЧАЈНОГ РИЗИКА,NO SIGNIFICANT RISK,MODERATE,ECMWF ENS,ECMWF ENS | GEFS,0.0,2,0.0,0,0,0,0,GREEN,БЕЗ ЗНАЧАЈНОГ РИЗИКА,NO SIGNIFICANT RISK,MODERATE,ECMWF ENS,ECMWF ENS | GEFS,0,GREEN,БЕЗ ЗНАЧАЈНОГ РИЗИКА,NO SIGNIFICANT RISK,NONE,MODERATE,3,2026-08-21T06:00:00+00:00,2026-08-21T09:00:00+00:00,STORMS,EXPERIMENTAL,DEVELOPMENTAL MULTIMODEL SIGNAL - NOT CALIBRATED PROBABILITY,PUBLIC OPEN-DATA SERVICES,INDEPENDENT PROJECT - NOT AN OFFICIAL RHMZ WARNING PRODUCT
70220,BEOGRAD-SAVSKI VENAC,BEOGRAD-SAVSKI VENAC,БЕОГРАД-САВСКИ ВЕНАЦ,0.0,0.0,0.0,0.0,0.0,11.9203473502745,52.69194507598877,4,33,2026-08-21T09:00:00Z,2026-08-20T00:00:00Z,0.0,0.0,0.0,20.6,0.0,10.8,4,,0.0,0.0,0.0,,,,0.0,2,0.0,0,0,0,0,GREEN,БЕЗ ЗНАЧАЈНОГ РИЗИКА,NO SIGNIFICANT RISK,MODERATE,ECMWF ENS,ECMWF ENS | GEFS,0.0,2,0.0,0,0,0,0,GREEN,БЕЗ ЗНАЧАЈНОГ РИЗИКА,NO SIGNIFICANT RISK,MODERATE,ECMWF ENS,ECMWF ENS | GEFS,0.0,2,0.0,0,0,0,0,GREEN,БЕЗ ЗНАЧАЈНОГ РИЗИКА,NO SIGNIFICANT RISK,MODERATE,ECMWF ENS,ECMWF ENS | GEFS,0.0,2,0.0,0,0,0,0,GREEN,БЕЗ ЗНАЧАЈНОГ РИЗИКА,NO SIGNIFICANT RISK,MODERATE,ECMWF ENS,ECMWF ENS | GEFS,0,GREEN,БЕЗ ЗНАЧАЈНОГ РИЗИКА,NO SIGNIFICANT RISK,NONE,MODERATE,3,2026-08-21T06:00:00+00:00,2026-08-21T09:00:00+00:00,STORMS,EXPERIMENTAL,DEVELOPMENTAL MULTIMODEL SIGNAL - NOT CALIBRATED PROBABILITY,PUBLIC OPEN-DATA SERVICES,INDEPENDENT PROJECT - NOT AN OFFICIAL RHMZ WARNING PRODUCT
70238,BEOGRAD-SOPOT,BEOGRAD-SOPOT,БЕОГРАД-СОПОТ,0.0,0.0,0.0,0.0,0.0,10.838879575615644,60.625,7,33,2026-08-21T09:00:00Z,2026-08-20T00:00:00Z,0.0,0.0,0.0,18.3,0.0,10.4,7,,0.0,0.0,0.0,,,,0.0,2,0.0,0,0,0,0,GREEN,БЕЗ ЗНАЧАЈНОГ РИЗИКА,NO SIGNIFICANT RISK,MODERATE,ECMWF ENS,ECMWF ENS | GEFS,0.0,2,0.0,0,0,0,0,GREEN,БЕЗ ЗНАЧАЈНОГ РИЗИКА,NO SIGNIFICANT RISK,MODERATE,ECMWF ENS,ECMWF ENS | GEFS,0.0,2,0.0,0,0,0,0,GREEN,БЕЗ ЗНАЧАЈНОГ РИЗИКА,NO SIGNIFICANT RISK,MODERATE,ECMWF ENS,ECMWF ENS | GEFS,0.0,2,0.0,0,0,0,0,GREEN,БЕЗ ЗНАЧАЈНОГ РИЗИКА,NO SIGNIFICANT RISK,MODERATE,ECMWF ENS,ECMWF ENS | GEFS,0,GREEN,БЕЗ ЗНАЧАЈНОГ РИЗИКА,NO SIGNIFICANT RISK,NONE,MODERATE,3,2026-08-21T06:00:00+00:00,2026-08-21T09:00:00+00:00,STORMS,EXPERIMENTAL,DEVELOPMENTAL MULTIMODEL SIGNAL - NOT CALIBRATED PROBABILITY,PUBLIC OPEN-DATA SERVICES,INDEPENDENT PROJECT - NOT AN OFFICIAL RHMZ WARNING PRODUCT
70246,BEOGRAD-STARI GRAD,BEOGRAD-STARI GRAD,БЕОГРАД-СТАРИ ГРАД,0.0,0.0,0.0,0.0,0.0,12.354285327638348,52.69194507598877,5,33,2026-08-21T09:00:00Z,2026-08-20T00:00:00Z,0.0,0.0,0.0,23.5,0.0,10.5,5,,0.0,0.0,0.0,,,,0.0,2,0.0,0,0,0,0,GREEN,БЕЗ ЗНАЧАЈНОГ РИЗИКА,NO SIGNIFICANT RISK,MODERATE,ECMWF ENS,ECMWF ENS | GEFS,0.0,2,0.0,0,0,0,0,GREEN,БЕЗ ЗНАЧАЈНОГ РИЗИКА,NO SIGNIFICANT RISK,MODERATE,ECMWF ENS,ECMWF ENS | GEFS,0.0,2,0.0,0,0,0,0,GREEN,БЕЗ ЗНАЧАЈНОГ РИЗИКА,NO SIGNIFICANT RISK,MODERATE,ECMWF ENS,ECMWF ENS | GEFS,0.0,2,0.0,0,0,0,0,GREEN,БЕЗ ЗНАЧАЈНОГ РИЗИКА,NO SIGNIFICANT RISK,MODERATE,ECMWF ENS,ECMWF ENS | GEFS,0,GREEN,БЕЗ ЗНАЧАЈНОГ РИЗИКА,NO SIGNIFICANT RISK,NONE,MODERATE,3,2026-08-21T06:00:00+00:00,2026-08-21T09:00:00+00:00,STORMS,EXPERIMENTAL,DEVELOPMENTAL MULTIMODEL SIGNAL - NOT CALIBRATED PROBABILITY,PUBLIC OPEN-DATA SERVICES,INDEPENDENT PROJECT - NOT AN OFFICIAL RHMZ WARNING PRODUCT
71293,BEOGRAD-SURČIN,BEOGRAD-SURČIN,БЕОГРАД-СУРЧИН,0.0,0.0,0.0,0.0,0.0,12.562130471782895,47.37333679199219,9,33,2026-08-21T09:00:00Z,2026-08-20T00:00:00Z,0.0,0.0,0.0,25.9,0.0,9.9,9,,0.0,0.0,0.0,,,,0.0,2,0.0,0,0,0,0,GREEN,БЕЗ ЗНАЧАЈНОГ РИЗИКА,NO SIGNIFICANT RISK,MODERATE,ECMWF ENS,ECMWF ENS | GEFS,0.0,2,0.0,0,0,0,0,GREEN,БЕЗ ЗНАЧАЈНОГ РИЗИКА,NO SIGNIFICANT RISK,MODERATE,ECMWF ENS,ECMWF ENS | GEFS,0.0,2,0.0,0,0,0,0,GREEN,БЕЗ ЗНАЧАЈНОГ РИЗИКА,NO SIGNIFICANT RISK,MODERATE,ECMWF ENS,ECMWF ENS | GEFS,0.0,2,0.0,0,0,0,0,GREEN,БЕЗ ЗНАЧАЈНОГ РИЗИКА,NO SIGNIFICANT RISK,MODERATE,ECMWF ENS,ECMWF ENS | GEFS,0,GREEN,БЕЗ ЗНАЧАЈНОГ РИЗИКА,NO SIGNIFICANT RISK,NONE,MODERATE,3,2026-08-21T06:00:00+00:00,2026-08-21T09:00:00+00:00,STORMS,EXPERIMENTAL,DEVELOPMENTAL MULTIMODEL SIGNAL - NOT CALIBRATED PROBABILITY,PUBLIC OPEN-DATA SERVICES,INDEPENDENT PROJECT - NOT AN OFFICIAL RHMZ WARNING PRODUCT
70254,BEOGRAD-ČUKARICA,BEOGRAD-ČUKARICA,БЕОГРАД-ЧУКАРИЦА,0.0,0.0,0.0,0.0,0.0,12.111070060857964,52.69194507598877,7,33,2026-08-21T09:00:00Z,2026-08-20T00:00:00Z,0.0,0.0,0.0,20.6,0.0,10.8,7,,0.0,0.0,0.0,,,,0.0,2,0.0,0,0,0,0,GREEN,БЕЗ ЗНАЧАЈНОГ РИЗИКА,NO SIGNIFICANT RISK,MODERATE,ECMWF ENS,ECMWF ENS | GEFS,0.0,2,0.0,0,0,0,0,GREEN,БЕЗ ЗНАЧАЈНОГ РИЗИКА,NO SIGNIFICANT RISK,MODERATE,ECMWF ENS,ECMWF ENS | GEFS,0.0,2,0.0,0,0,0,0,GREEN,БЕЗ ЗНАЧАЈНОГ РИЗИКА,NO SIGNIFICANT RISK,MODERATE,ECMWF ENS,ECMWF ENS | GEFS,0.0,2,0.0,0,0,0,0,GREEN,БЕЗ ЗНАЧАЈНОГ РИЗИКА,NO SIGNIFICANT RISK,MODERATE,ECMWF ENS,ECMWF ENS | GEFS,0,GREEN,БЕЗ ЗНАЧАЈНОГ РИЗИКА,NO SIGNIFICANT RISK,NONE,MODERATE,3,2026-08-21T06:00:00+00:00,2026-08-21T09:00:00+00:00,STORMS,EXPERIMENTAL,DEVELOPMENTAL MULTIMODEL SIGNAL - NOT CALIBRATED PROBABILITY,PUBLIC OPEN-DATA SERVICES,INDEPENDENT PROJECT - NOT AN OFFICIAL RHMZ WARNING PRODUCT
80101,BEOČIN,BEOČIN,БЕОЧИН,0.0,0.0,0.0,0.0,0.0,13.18255937322712,50.19999980926514,7,33,2026-08-21T09:00:00Z,2026-08-20T00:00:00Z,0.0,0.0,0.0,48.1,0.0,8.2,7,,0.0,0.0,0.0,,,,0.0,2,0.0,0,0,0,0,GREEN,БЕЗ ЗНАЧАЈНОГ РИЗИКА,NO SIGNIFICANT RISK,MODERATE,ECMWF ENS,ECMWF ENS | GEFS,0.0,2,0.0,0,0,0,0,GREEN,БЕЗ ЗНАЧАЈНОГ РИЗИКА,NO SIGNIFICANT RISK,MODERATE,ECMWF ENS,ECMWF ENS | GEFS,0.0,2,0.0,0,0,0,0,GREEN,БЕЗ ЗНАЧАЈНОГ РИЗИКА,NO SIGNIFICANT RISK,MODERATE,ECMWF ENS,ECMWF ENS | GEFS,0.0,2,0.0,0,0,0,0,GREEN,БЕЗ ЗНАЧАЈНОГ РИЗИКА,NO SIGNIFICANT RISK,MODERATE,ECMWF ENS,ECMWF ENS | GEFS,0,GREEN,БЕЗ ЗНАЧАЈНОГ РИЗИКА,NO SIGNIFICANT RISK,NONE,MODERATE,3,2026-08-21T06:00:00+00:00,2026-08-21T09:00:00+00:00,STORMS,EXPERIMENTAL,DEVELOPMENTAL MULTIMODEL SIGNAL - NOT CALIBRATED PROBABILITY,PUBLIC OPEN-DATA SERVICES,INDEPENDENT PROJECT - NOT AN OFFICIAL RHMZ WARNING PRODUCT
80110,BEČEJ,BEČEJ,БЕЧЕЈ,0.0,0.0,0.0,0.0,0.0,11.867402323105289,58.400001525878906,7,33,2026-08-21T09:00:00Z,2026-08-20T00:00:00Z,0.0,0.0,28.5,53.4,0.0,8.4,7,,0.0,0.0,0.0,,,,0.0,2,0.0,0,0,0,0,GREEN,БЕЗ ЗНАЧАЈНОГ РИЗИКА,NO SIGNIFICANT RISK,MODERATE,ECMWF ENS,ECMWF ENS | GEFS,0.0,2,0.0,0,0,0,0,GREEN,БЕЗ ЗНАЧАЈНОГ РИЗИКА,NO SIGNIFICANT RISK,MODERATE,ECMWF ENS,ECMWF ENS | GEFS,0.0,2,0.0,0,0,0,0,GREEN,БЕЗ ЗНАЧАЈНОГ РИЗИКА,NO SIGNIFICANT RISK,MODERATE,ECMWF ENS,ECMWF ENS | GEFS,0.0,2,0.0,0,0,0,0,GREEN,БЕЗ ЗНАЧАЈНОГ РИЗИКА,NO SIGNIFICANT RISK,MODERATE,ECMWF ENS,ECMWF ENS | GEFS,0,GREEN,БЕЗ ЗНАЧАЈНОГ РИЗИКА,NO SIGNIFICANT RISK,NONE,MODERATE,3,2026-08-21T06:00:00+00:00,2026-08-21T09:00:00+00:00,STORMS,EXPERIMENTAL,DEVELOPMENTAL MULTIMODEL SIGNAL - NOT CALIBRATED PROBABILITY,PUBLIC OPEN-DATA SERVICES,INDEPENDENT PROJECT - NOT AN OFFICIAL RHMZ WARNING PRODUCT
70262,BLACE,BLACE,БЛАЦЕ,0.0,0.0,0.0,0.0,0.0,7.307479985435392,65.7098159790039,7,33,2026-08-21T09:00:00Z,2026-08-20T00:00:00Z,0.0,0.0,107.2,37.6,0.0,6.0,7,,0.0,0.0,0.0,,,,0.0,2,0.0,0,0,0,0,GREEN,БЕЗ ЗНАЧАЈНОГ РИЗИКА,NO SIGNIFICANT RISK,MODERATE,ECMWF ENS,ECMWF ENS | GEFS,0.0,2,0.0,0,0,0,0,GREEN,БЕЗ ЗНАЧАЈНОГ РИЗИКА,NO SIGNIFICANT RISK,MODERATE,ECMWF ENS,ECMWF ENS | GEFS,0.0,2,0.0,0,0,0,0,GREEN,БЕЗ ЗНАЧАЈНОГ РИЗИКА,NO SIGNIFICANT RISK,MODERATE,ECMWF ENS,ECMWF ENS | GEFS,0.0,2,0.0,0,0,0,0,GREEN,БЕЗ ЗНАЧАЈНОГ РИЗИКА,NO SIGNIFICANT RISK,MODERATE,ECMWF ENS,ECMWF ENS | GEFS,0,GREEN,БЕЗ ЗНАЧАЈНОГ РИЗИКА,NO SIGNIFICANT RISK,NONE,MODERATE,3,2026-08-21T06:00:00+00:00,2026-08-21T09:00:00+00:00,STORMS,EXPERIMENTAL,DEVELOPMENTAL MULTIMODEL SIGNAL - NOT CALIBRATED PROBABILITY,PUBLIC OPEN-DATA SERVICES,INDEPENDENT PROJECT - NOT AN OFFICIAL RHMZ WARNING PRODUCT
70297,BOJNIK,BOJNIK,БОЈНИК,0.0,0.0,0.0,0.0,0.0,4.334643801282663,65.0999984741211,9,33,2026-08-21T09:00:00Z,2026-08-20T00:00:00Z,0.0,0.0,0.0,65.5,0.0,2.8,9,,0.0,0.0,0.0,,,,0.0,2,0.0,0,0,0,0,GREEN,БЕЗ ЗНАЧАЈНОГ РИЗИКА,NO SIGNIFICANT RISK,MODERATE,ECMWF ENS,ECMWF ENS | GEFS,0.0,2,0.0,0,0,0,0,GREEN,БЕЗ ЗНАЧАЈНОГ РИЗИКА,NO SIGNIFICANT RISK,MODERATE,ECMWF ENS,ECMWF ENS | GEFS,0.0,2,0.0,0,0,0,0,GREEN,БЕЗ ЗНАЧАЈНОГ РИЗИКА,NO SIGNIFICANT RISK,MODERATE,ECMWF ENS,ECMWF ENS | GEFS,0.0,2,0.0,0,0,0,0,GREEN,БЕЗ ЗНАЧАЈНОГ РИЗИКА,NO SIGNIFICANT RISK,MODERATE,ECMWF ENS,ECMWF ENS | GEFS,0,GREEN,БЕЗ ЗНАЧАЈНОГ РИЗИКА,NO SIGNIFICANT RISK,NONE,MODERATE,3,2026-08-21T06:00:00+00:00,2026-08-21T09:00:00+00:00,STORMS,EXPERIMENTAL,DEVELOPMENTAL MULTIMODEL SIGNAL - NOT CALIBRATED PROBABILITY,PUBLIC OPEN-DATA SERVICES,INDEPENDENT PROJECT - NOT AN OFFICIAL RHMZ WARNING PRODUCT
70319,BOLJEVAC,BOLJEVAC,БОЉЕВАЦ,0.0,0.0,0.0,0.0,0.0,8.901981886134605,65.14999771118164,9,33,2026-08-21T09:00:00Z,2026-08-20T00:00:00Z,0.0,0.0,0.0,42.2,0.0,9.1,9,,0.0,0.0,0.0,,,,0.0,2,0.0,0,0,0,0,GREEN,БЕЗ ЗНАЧАЈНОГ РИЗИКА,NO SIGNIFICANT RISK,MODERATE,ECMWF ENS,ECMWF ENS | GEFS,0.0,2,0.0,0,0,0,0,GREEN,БЕЗ ЗНАЧАЈНОГ РИЗИКА,NO SIGNIFICANT RISK,MODERATE,ECMWF ENS,ECMWF ENS | GEFS,0.0,2,0.0,0,0,0,0,GREEN,БЕЗ ЗНАЧАЈНОГ РИЗИКА,NO SIGNIFICANT RISK,MODERATE,ECMWF ENS,ECMWF ENS | GEFS,0.0,2,0.0,0,0,0,0,GREEN,БЕЗ ЗНАЧАЈНОГ РИЗИКА,NO SIGNIFICANT RISK,MODERATE,ECMWF ENS,ECMWF ENS | GEFS,0,GREEN,БЕЗ ЗНАЧАЈНОГ РИЗИКА,NO SIGNIFICANT RISK,NONE,MODERATE,3,2026-08-21T06:00:00+00:00,2026-08-21T09:00:00+00:00,STORMS,EXPERIMENTAL,DEVELOPMENTAL MULTIMODEL SIGNAL - NOT CALIBRATED PROBABILITY,PUBLIC OPEN-DATA SERVICES,INDEPENDENT PROJECT - NOT AN OFFICIAL RHMZ WARNING PRODUCT
70289,BOGATIĆ,BOGATIĆ,БОГАТИЋ,0.0,0.0,0.0,0.0,0.0,13.44525310278542,42.630388259887695,7,33,2026-08-21T09:00:00Z,2026-08-20T00:00:00Z,0.0,0.0,0.0,42.8,0.0,8.0,7,,0.0,0.0,0.0,,,,0.0,2,0.0,0,0,0,0,GREEN,БЕЗ ЗНАЧАЈНОГ РИЗИКА,NO SIGNIFICANT RISK,MODERATE,ECMWF ENS,ECMWF ENS | GEFS,0.0,2,0.0,0,0,0,0,GREEN,БЕЗ ЗНАЧАЈНОГ РИЗИКА,NO SIGNIFICANT RISK,MODERATE,ECMWF ENS,ECMWF ENS | GEFS,0.0,2,0.0,0,0,0,0,GREEN,БЕЗ ЗНАЧАЈНОГ РИЗИКА,NO SIGNIFICANT RISK,MODERATE,ECMWF ENS,ECMWF ENS | GEFS,0.0,2,0.0,0,0,0,0,GREEN,БЕЗ ЗНАЧАЈНОГ РИЗИКА,NO SIGNIFICANT RISK,MODERATE,ECMWF ENS,ECMWF ENS | GEFS,0,GREEN,БЕЗ ЗНАЧАЈНОГ РИЗИКА,NO SIGNIFICANT RISK,NONE,MODERATE,3,2026-08-21T06:00:00+00:00,2026-08-21T09:00:00+00:00,STORMS,EXPERIMENTAL,DEVELOPMENTAL MULTIMODEL SIGNAL - NOT CALIBRATED PROBABILITY,PUBLIC OPEN-DATA SERVICES,INDEPENDENT PROJECT - NOT AN OFFICIAL RHMZ WARNING PRODUCT
70327,BOR,BOR,БОР,0.0,0.0,0.0,0.0,0.0,9.767059002100622,65.0999984741211,12,33,2026-08-21T09:00:00Z,2026-08-20T00:00:00Z,0.0,0.0,0.0,52.4,0.0,10.6,12,,0.0,0.0,0.0,,,,0.0,2,0.0,0,0,0,0,GREEN,БЕЗ ЗНАЧАЈНОГ РИЗИКА,NO SIGNIFICANT RISK,MODERATE,ECMWF ENS,ECMWF ENS | GEFS,0.0,2,0.0,0,0,0,0,GREEN,БЕЗ ЗНАЧАЈНОГ РИЗИКА,NO SIGNIFICANT RISK,MODERATE,ECMWF ENS,ECMWF ENS | GEFS,0.0,2,0.0,0,0,0,0,GREEN,БЕЗ ЗНАЧАЈНОГ РИЗИКА,NO SIGNIFICANT RISK,MODERATE,ECMWF ENS,ECMWF ENS | GEFS,0.0,2,0.0,0,0,0,0,GREEN,БЕЗ ЗНАЧАЈНОГ РИЗИКА,NO SIGNIFICANT RISK,MODERATE,ECMWF ENS,ECMWF ENS | GEFS,0,GREEN,БЕЗ ЗНАЧАЈНОГ РИЗИКА,NO SIGNIFICANT RISK,NONE,MODERATE,3,2026-08-21T06:00:00+00:00,2026-08-21T09:00:00+00:00,STORMS,EXPERIMENTAL,DEVELOPMENTAL MULTIMODEL SIGNAL - NOT CALIBRATED PROBABILITY,PUBLIC OPEN-DATA SERVICES,INDEPENDENT PROJECT - NOT AN OFFICIAL RHMZ WARNING PRODUCT
70335,BOSILEGRAD,BOSILEGRAD,БОСИЛЕГРАД,0.0,0.0,0.0,0.0,0.0,4.254051839894742,60.404823303222656,8,33,2026-08-21T09:00:00Z,2026-08-20T00:00:00Z,0.0,0.0,524.4,66.6,0.0,2.5,8,,0.0,0.0,0.0,,,,0.0,2,0.0,0,0,0,0,GREEN,БЕЗ ЗНАЧАЈНОГ РИЗИКА,NO SIGNIFICANT RISK,MODERATE,ECMWF ENS,ECMWF ENS | GEFS,0.0,2,0.0,0,0,0,0,GREEN,БЕЗ ЗНАЧАЈНОГ РИЗИКА,NO SIGNIFICANT RISK,MODERATE,ECMWF ENS,ECMWF ENS | GEFS,0.0,2,0.0,0,0,0,0,GREEN,БЕЗ ЗНАЧАЈНОГ РИЗИКА,NO SIGNIFICANT RISK,MODERATE,ECMWF ENS,ECMWF ENS | GEFS,0.0,2,0.0,0,0,0,0,GREEN,БЕЗ ЗНАЧАЈНОГ РИЗИКА,NO SIGNIFICANT RISK,MODERATE,ECMWF ENS,ECMWF ENS | GEFS,0,GREEN,БЕЗ ЗНАЧАЈНОГ РИЗИКА,NO SIGNIFICANT RISK,NONE,MODERATE,3,2026-08-21T06:00:00+00:00,2026-08-21T09:00:00+00:00,STORMS,EXPERIMENTAL,DEVELOPMENTAL MULTIMODEL SIGNAL - NOT CALIBRATED PROBABILITY,PUBLIC OPEN-DATA SERVICES,INDEPENDENT PROJECT - NOT AN OFFICIAL RHMZ WARNING PRODUCT
70343,BRUS,BRUS,БРУС,0.0,0.0,0.0,0.0,0.0,7.601530556846449,65.7098159790039,8,33,2026-08-21T09:00:00Z,2026-08-20T00:00:00Z,0.0,0.0,0.0,30.5,0.0,6.0,8,,0.0,0.0,0.0,,,,0.0,2,0.0,0,0,0,0,GREEN,БЕЗ ЗНАЧАЈНОГ РИЗИКА,NO SIGNIFICANT RISK,MODERATE,ECMWF ENS,ECMWF ENS | GEFS,0.0,2,0.0,0,0,0,0,GREEN,БЕЗ ЗНАЧАЈНОГ РИЗИКА,NO SIGNIFICANT RISK,MODERATE,ECMWF ENS,ECMWF ENS | GEFS,0.0,2,0.0,0,0,0,0,GREEN,БЕЗ ЗНАЧАЈНОГ РИЗИКА,NO SIGNIFICANT RISK,MODERATE,ECMWF ENS,ECMWF ENS | GEFS,0.0,2,0.0,0,0,0,0,GREEN,БЕЗ ЗНАЧАЈНОГ РИЗИКА,NO SIGNIFICANT RISK,MODERATE,ECMWF ENS,ECMWF ENS | GEFS,0,GREEN,БЕЗ ЗНАЧАЈНОГ РИЗИКА,NO SIGNIFICANT RISK,NONE,MODERATE,3,2026-08-21T06:00:00+00:00,2026-08-21T09:00:00+00:00,STORMS,EXPERIMENTAL,DEVELOPMENTAL MULTIMODEL SIGNAL - NOT CALIBRATED PROBABILITY,PUBLIC OPEN-DATA SERVICES,INDEPENDENT PROJECT - NOT AN OFFICIAL RHMZ WARNING PRODUCT
70351,BUJANOVAC,BUJANOVAC,БУЈАНОВАЦ,0.0,0.0,0.0,0.0,0.0,3.786006330527791,63.256784439086914,9,33,2026-08-21T09:00:00Z,2026-08-20T00:00:00Z,0.0,0.0,305.9,64.0,0.0,3.2,9,,0.0,0.0,0.0,,,,0.0,2,0.0,0,0,0,0,GREEN,БЕЗ ЗНАЧАЈНОГ РИЗИКА,NO SIGNIFICANT RISK,MODERATE,ECMWF ENS,ECMWF ENS | GEFS,0.0,2,0.0,0,0,0,0,GREEN,БЕЗ ЗНАЧАЈНОГ РИЗИКА,NO SIGNIFICANT RISK,MODERATE,ECMWF ENS,ECMWF ENS | GEFS,0.0,2,0.0,0,0,0,0,GREEN,БЕЗ ЗНАЧАЈНОГ РИЗИКА,NO SIGNIFICANT RISK,MODERATE,ECMWF ENS,ECMWF ENS | GEFS,0.0,2,0.0,0,0,0,0,GREEN,БЕЗ ЗНАЧАЈНОГ РИЗИКА,NO SIGNIFICANT RISK,MODERATE,ECMWF ENS,ECMWF ENS | GEFS,0,GREEN,БЕЗ ЗНАЧАЈНОГ РИЗИКА,NO SIGNIFICANT RISK,NONE,MODERATE,3,2026-08-21T06:00:00+00:00,2026-08-21T09:00:00+00:00,STORMS,EXPERIMENTAL,DEVELOPMENTAL MULTIMODEL SIGNAL - NOT CALIBRATED PROBABILITY,PUBLIC OPEN-DATA SERVICES,INDEPENDENT PROJECT - NOT AN OFFICIAL RHMZ WARNING PRODUCT
70360,VALJEVO-GRAD,VALJEVO-GRAD,ВАЉЕВО-ГРАД,0.0,0.0,0.0,0.0,0.0,12.505340027396224,46.85000038146973,12,33,2026-08-21T09:00:00Z,2026-08-20T00:00:00Z,0.0,0.0,0.0,27.4,0.0,8.6,12,,0.0,0.0,0.0,,,,0.0,2,0.0,0,0,0,0,GREEN,БЕЗ ЗНАЧАЈНОГ РИЗИКА,NO SIGNIFICANT RISK,MODERATE,ECMWF ENS,ECMWF ENS | GEFS,0.0,2,0.0,0,0,0,0,GREEN,БЕЗ ЗНАЧАЈНОГ РИЗИКА,NO SIGNIFICANT RISK,MODERATE,ECMWF ENS,ECMWF ENS | GEFS,0.0,2,0.0,0,0,0,0,GREEN,БЕЗ ЗНАЧАЈНОГ РИЗИКА,NO SIGNIFICANT RISK,MODERATE,ECMWF ENS,ECMWF ENS | GEFS,0.0,2,0.0,0,0,0,0,GREEN,БЕЗ ЗНАЧАЈНОГ РИЗИКА,NO SIGNIFICANT RISK,MODERATE,ECMWF ENS,ECMWF ENS | GEFS,0,GREEN,БЕЗ ЗНАЧАЈНОГ РИЗИКА,NO SIGNIFICANT RISK,NONE,MODERATE,3,2026-08-21T06:00:00+00:00,2026-08-21T09:00:00+00:00,STORMS,EXPERIMENTAL,DEVELOPMENTAL MULTIMODEL SIGNAL - NOT CALIBRATED PROBABILITY,PUBLIC OPEN-DATA SERVICES,INDEPENDENT PROJECT - NOT AN OFFICIAL RHMZ WARNING PRODUCT
70378,VARVARIN,VARVARIN,ВАРВАРИН,0.0,0.0,0.0,0.0,0.0,8.901981886134605,65.79999923706055,7,33,2026-08-21T09:00:00Z,2026-08-20T00:00:00Z,0.0,0.0,0.0,32.7,0.0,7.5,7,,0.0,0.0,0.0,,,,0.0,2,0.0,0,0,0,0,GREEN,БЕЗ ЗНАЧАЈНОГ РИЗИКА,NO SIGNIFICANT RISK,MODERATE,ECMWF ENS,ECMWF ENS | GEFS,0.0,2,0.0,0,0,0,0,GREEN,БЕЗ ЗНАЧАЈНОГ РИЗИКА,NO SIGNIFICANT RISK,MODERATE,ECMWF ENS,ECMWF ENS | GEFS,0.0,2,0.0,0,0,0,0,GREEN,БЕЗ ЗНАЧАЈНОГ РИЗИКА,NO SIGNIFICANT RISK,MODERATE,ECMWF ENS,ECMWF ENS | GEFS,0.0,2,0.0,0,0,0,0,GREEN,БЕЗ ЗНАЧАЈНОГ РИЗИКА,NO SIGNIFICANT RISK,MODERATE,ECMWF ENS,ECMWF ENS | GEFS,0,GREEN,БЕЗ ЗНАЧАЈНОГ РИЗИКА,NO SIGNIFICANT RISK,NONE,MODERATE,3,2026-08-21T06:00:00+00:00,2026-08-21T09:00:00+00:00,STORMS,EXPERIMENTAL,DEVELOPMENTAL MULTIMODEL SIGNAL - NOT CALIBRATED PROBABILITY,PUBLIC OPEN-DATA SERVICES,INDEPENDENT PROJECT - NOT AN OFFICIAL RHMZ WARNING PRODUCT
70386,VELIKA PLANA,VELIKA PLANA,ВЕЛИКА ПЛАНА,0.0,0.0,0.0,0.0,0.0,10.173891621511851,65.14999961853027,7,33,2026-08-21T09:00:00Z,2026-08-20T00:00:00Z,0.0,0.0,0.0,19.6,0.0,8.9,7,,0.0,0.0,0.0,,,,0.0,2,0.0,0,0,0,0,GREEN,БЕЗ ЗНАЧАЈНОГ РИЗИКА,NO SIGNIFICANT RISK,MODERATE,ECMWF ENS,ECMWF ENS | GEFS,0.0,2,0.0,0,0,0,0,GREEN,БЕЗ ЗНАЧАЈНОГ РИЗИКА,NO SIGNIFICANT RISK,MODERATE,ECMWF ENS,ECMWF ENS | GEFS,0.0,2,0.0,0,0,0,0,GREEN,БЕЗ ЗНАЧАЈНОГ РИЗИКА,NO SIGNIFICANT RISK,MODERATE,ECMWF ENS,ECMWF ENS | GEFS,0.0,2,0.0,0,0,0,0,GREEN,БЕЗ ЗНАЧАЈНОГ РИЗИКА,NO SIGNIFICANT RISK,MODERATE,ECMWF ENS,ECMWF ENS | GEFS,0,GREEN,БЕЗ ЗНАЧАЈНОГ РИЗИКА,NO SIGNIFICANT RISK,NONE,MODERATE,3,2026-08-21T06:00:00+00:00,2026-08-21T09:00:00+00:00,STORMS,EXPERIMENTAL,DEVELOPMENTAL MULTIMODEL SIGNAL - NOT CALIBRATED PROBABILITY,PUBLIC OPEN-DATA SERVICES,INDEPENDENT PROJECT - NOT AN OFFICIAL RHMZ WARNING PRODUCT
70394,VELIKO GRADIŠTE,VELIKO GRADIŠTE,ВЕЛИКО ГРАДИШТЕ,0.0,0.0,0.0,0.0,0.0,11.888596622538644,63.40810394287109,9,33,2026-08-21T09:00:00Z,2026-08-20T00:00:00Z,0.0,0.0,0.0,20.7,0.0,11.8,9,,0.0,0.0,0.0,,,,0.0,2,0.0,0,0,0,0,GREEN,БЕЗ ЗНАЧАЈНОГ РИЗИКА,NO SIGNIFICANT RISK,MODERATE,ECMWF ENS,ECMWF ENS | GEFS,0.0,2,0.0,0,0,0,0,GREEN,БЕЗ ЗНАЧАЈНОГ РИЗИКА,NO SIGNIFICANT RISK,MODERATE,ECMWF ENS,ECMWF ENS | GEFS,0.0,2,0.0,0,0,0,0,GREEN,БЕЗ ЗНАЧАЈНОГ РИЗИКА,NO SIGNIFICANT RISK,MODERATE,ECMWF ENS,ECMWF ENS | GEFS,0.0,2,0.0,0,0,0,0,GREEN,БЕЗ ЗНАЧАЈНОГ РИЗИКА,NO SIGNIFICANT RISK,MODERATE,ECMWF ENS,ECMWF ENS | GEFS,0,GREEN,БЕЗ ЗНАЧАЈНОГ РИЗИКА,NO SIGNIFICANT RISK,NONE,MODERATE,3,2026-08-21T06:00:00+00:00,2026-08-21T09:00:00+00:00,STORMS,EXPERIMENTAL,DEVELOPMENTAL MULTIMODEL SIGNAL - NOT CALIBRATED PROBABILITY,PUBLIC OPEN-DATA SERVICES,INDEPENDENT PROJECT - NOT AN OFFICIAL RHMZ WARNING PRODUCT
90018,VITINA,VITINA,ВИТИНА,0.0,0.0,0.0,0.0,0.0,3.9714875819941615,67.04999923706055,6,33,2026-08-21T09:00:00Z,2026-08-20T00:00:00Z,6.0,0.0,677.8,65.8,0.0,5.3,6,,0.0,0.0,0.0,,,,3.0,2,6.0,0,0,0,0,GREEN,БЕЗ ЗНАЧАЈНОГ РИЗИКА,NO SIGNIFICANT RISK,MODERATE,ECMWF ENS,ECMWF ENS | GEFS,0.0,2,0.0,0,0,0,0,GREEN,БЕЗ ЗНАЧАЈНОГ РИЗИКА,NO SIGNIFICANT RISK,MODERATE,ECMWF ENS,ECMWF ENS | GEFS,0.0,2,0.0,0,0,0,0,GREEN,БЕЗ ЗНАЧАЈНОГ РИЗИКА,NO SIGNIFICANT RISK,MODERATE,ECMWF ENS,ECMWF ENS | GEFS,0.0,2,0.0,0,0,0,0,GREEN,БЕЗ ЗНАЧАЈНОГ РИЗИКА,NO SIGNIFICANT RISK,MODERATE,ECMWF ENS,ECMWF ENS | GEFS,0,GREEN,БЕЗ ЗНАЧАЈНОГ РИЗИКА,NO SIGNIFICANT RISK,NONE,MODERATE,3,2026-08-21T06:00:00+00:00,2026-08-21T09:00:00+00:00,STORMS,EXPERIMENTAL,DEVELOPMENTAL MULTIMODEL SIGNAL - NOT CALIBRATED PROBABILITY,PUBLIC OPEN-DATA SERVICES,INDEPENDENT PROJECT - NOT AN OFFICIAL RHMZ WARNING PRODUCT
70408,VLADIMIRCI,VLADIMIRCI,ВЛАДИМИРЦИ,0.0,0.0,0.0,0.0,0.0,13.034336274761849,44.33038902282715,8,33,2026-08-21T09:00:00Z,2026-08-20T00:00:00Z,0.0,0.0,0.0,31.7,0.0,8.1,8,,0.0,0.0,0.0,,,,0.0,2,0.0,0,0,0,0,GREEN,БЕЗ ЗНАЧАЈНОГ РИЗИКА,NO SIGNIFICANT RISK,MODERATE,ECMWF ENS,ECMWF ENS | GEFS,0.0,2,0.0,0,0,0,0,GREEN,БЕЗ ЗНАЧАЈНОГ РИЗИКА,NO SIGNIFICANT RISK,MODERATE,ECMWF ENS,ECMWF ENS | GEFS,0.0,2,0.0,0,0,0,0,GREEN,БЕЗ ЗНАЧАЈНОГ РИЗИКА,NO SIGNIFICANT RISK,MODERATE,ECMWF ENS,ECMWF ENS | GEFS,0.0,2,0.0,0,0,0,0,GREEN,БЕЗ ЗНАЧАЈНОГ РИЗИКА,NO SIGNIFICANT RISK,MODERATE,ECMWF ENS,ECMWF ENS | GEFS,0,GREEN,БЕЗ ЗНАЧАЈНОГ РИЗИКА,NO SIGNIFICANT RISK,NONE,MODERATE,3,2026-08-21T06:00:00+00:00,2026-08-21T09:00:00+00:00,STORMS,EXPERIMENTAL,DEVELOPMENTAL MULTIMODEL SIGNAL - NOT CALIBRATED PROBABILITY,PUBLIC OPEN-DATA SERVICES,INDEPENDENT PROJECT - NOT AN OFFICIAL RHMZ WARNING PRODUCT
70416,VLADIČIN HAN,VLADIČIN HAN,ВЛАДИЧИН ХАН,0.0,0.0,0.0,0.0,0.0,4.254051839894742,62.2435188293457,9,33,2026-08-21T09:00:00Z,2026-08-20T00:00:00Z,0.0,0.0,114.9,59.6,0.0,3.3,9,,0.0,0.0,0.0,,,,0.0,2,0.0,0,0,0,0,GREEN,БЕЗ ЗНАЧАЈНОГ РИЗИКА,NO SIGNIFICANT RISK,MODERATE,ECMWF ENS,ECMWF ENS | GEFS,0.0,2,0.0,0,0,0,0,GREEN,БЕЗ ЗНАЧАЈНОГ РИЗИКА,NO SIGNIFICANT RISK,MODERATE,ECMWF ENS,ECMWF ENS | GEFS,0.0,2,0.0,0,0,0,0,GREEN,БЕЗ ЗНАЧАЈНОГ РИЗИКА,NO SIGNIFICANT RISK,MODERATE,ECMWF ENS,ECMWF ENS | GEFS,0.0,2,0.0,0,0,0,0,GREEN,БЕЗ ЗНАЧАЈНОГ РИЗИКА,NO SIGNIFICANT RISK,MODERATE,ECMWF ENS,ECMWF ENS | GEFS,0,GREEN,БЕЗ ЗНАЧАЈНОГ РИЗИКА,NO SIGNIFICANT RISK,NONE,MODERATE,3,2026-08-21T06:00:00+00:00,2026-08-21T09:00:00+00:00,STORMS,EXPERIMENTAL,DEVELOPMENTAL MULTIMODEL SIGNAL - NOT CALIBRATED PROBABILITY,PUBLIC OPEN-DATA SERVICES,INDEPENDENT PROJECT - NOT AN OFFICIAL RHMZ WARNING PRODUCT
70424,VLASOTINCE,VLASOTINCE,ВЛАСОТИНЦЕ,0.0,0.0,0.0,0.0,0.0,4.430600673521946,63.41694641113281,9,33,2026-08-21T09:00:00Z,2026-08-20T00:00:00Z,0.0,0.0,115.9,62.3,0.0,3.2,9,,0.0,0.0,0.0,,,,0.0,2,0.0,0,0,0,0,GREEN,БЕЗ ЗНАЧАЈНОГ РИЗИКА,NO SIGNIFICANT RISK,MODERATE,ECMWF ENS,ECMWF ENS | GEFS,0.0,2,0.0,0,0,0,0,GREEN,БЕЗ ЗНАЧАЈНОГ РИЗИКА,NO SIGNIFICANT RISK,MODERATE,ECMWF ENS,ECMWF ENS | GEFS,0.0,2,0.0,0,0,0,0,GREEN,БЕЗ ЗНАЧАЈНОГ РИЗИКА,NO SIGNIFICANT RISK,MODERATE,ECMWF ENS,ECMWF ENS | GEFS,0.0,2,0.0,0,0,0,0,GREEN,БЕЗ ЗНАЧАЈНОГ РИЗИКА,NO SIGNIFICANT RISK,MODERATE,ECMWF ENS,ECMWF ENS | GEFS,0,GREEN,БЕЗ ЗНАЧАЈНОГ РИЗИКА,NO SIGNIFICANT RISK,NONE,MODERATE,3,2026-08-21T06:00:00+00:00,2026-08-21T09:00:00+00:00,STORMS,EXPERIMENTAL,DEVELOPMENTAL MULTIMODEL SIGNAL - NOT CALIBRATED PROBABILITY,PUBLIC OPEN-DATA SERVICES,INDEPENDENT PROJECT - NOT AN OFFICIAL RHMZ WARNING PRODUCT
70459,VRNJAČKA BANJA,VRNJAČKA BANJA,ВРЊАЧКА БАЊА,0.0,0.0,0.0,0.0,0.0,8.594800018954718,66.30000305175781,7,33,2026-08-21T09:00:00Z,2026-08-20T00:00:00Z,0.0,0.0,457.2,21.5,0.0,6.7,7,,0.0,0.0,0.0,,,,0.0,2,0.0,0,0,0,0,GREEN,БЕЗ ЗНАЧАЈНОГ РИЗИКА,NO SIGNIFICANT RISK,MODERATE,ECMWF ENS,ECMWF ENS | GEFS,0.0,2,0.0,0,0,0,0,GREEN,БЕЗ ЗНАЧАЈНОГ РИЗИКА,NO SIGNIFICANT RISK,MODERATE,ECMWF ENS,ECMWF ENS | GEFS,0.0,2,0.0,0,0,0,0,GREEN,БЕЗ ЗНАЧАЈНОГ РИЗИКА,NO SIGNIFICANT RISK,MODERATE,ECMWF ENS,ECMWF ENS | GEFS,0.0,2,0.0,0,0,0,0,GREEN,БЕЗ ЗНАЧАЈНОГ РИЗИКА,NO SIGNIFICANT RISK,MODERATE,ECMWF ENS,ECMWF ENS | GEFS,0,GREEN,БЕЗ ЗНАЧАЈНОГ РИЗИКА,NO SIGNIFICANT RISK,NONE,MODERATE,3,2026-08-21T06:00:00+00:00,2026-08-21T09:00:00+00:00,STORMS,EXPERIMENTAL,DEVELOPMENTAL MULTIMODEL SIGNAL - NOT CALIBRATED PROBABILITY,PUBLIC OPEN-DATA SERVICES,INDEPENDENT PROJECT - NOT AN OFFICIAL RHMZ WARNING PRODUCT
70432,VRANJE-GRAD,VRANJE-GRAD,ВРАЊЕ-ГРАД,0.0,0.0,0.0,0.0,0.0,3.786006330527791,63.41694641113281,14,33,2026-08-21T09:00:00Z,2026-08-20T00:00:00Z,0.0,0.0,232.4,60.4,0.0,3.4,14,,0.0,0.0,0.0,,,,0.0,2,0.0,0,0,0,0,GREEN,БЕЗ ЗНАЧАЈНОГ РИЗИКА,NO SIGNIFICANT RISK,MODERATE,ECMWF ENS,ECMWF ENS | GEFS,0.0,2,0.0,0,0,0,0,GREEN,БЕЗ ЗНАЧАЈНОГ РИЗИКА,NO SIGNIFICANT RISK,MODERATE,ECMWF ENS,ECMWF ENS | GEFS,0.0,2,0.0,0,0,0,0,GREEN,БЕЗ ЗНАЧАЈНОГ РИЗИКА,NO SIGNIFICANT RISK,MODERATE,ECMWF ENS,ECMWF ENS | GEFS,0.0,2,0.0,0,0,0,0,GREEN,БЕЗ ЗНАЧАЈНОГ РИЗИКА,NO SIGNIFICANT RISK,MODERATE,ECMWF ENS,ECMWF ENS | GEFS,0,GREEN,БЕЗ ЗНАЧАЈНОГ РИЗИКА,NO SIGNIFICANT RISK,NONE,MODERATE,3,2026-08-21T06:00:00+00:00,2026-08-21T09:00:00+00:00,STORMS,EXPERIMENTAL,DEVELOPMENTAL MULTIMODEL SIGNAL - NOT CALIBRATED PROBABILITY,PUBLIC OPEN-DATA SERVICES,INDEPENDENT PROJECT - NOT AN OFFICIAL RHMZ WARNING PRODUCT
80462,VRBAS,VRBAS,ВРБАС,0.0,0.0,0.0,0.0,0.0,12.115460886567467,58.400001525878906,8,33,2026-08-21T09:00:00Z,2026-08-20T00:00:00Z,0.0,0.0,28.5,53.4,0.0,8.4,8,,0.0,0.0,0.0,,,,0.0,2,0.0,0,0,0,0,GREEN,БЕЗ ЗНАЧАЈНОГ РИЗИКА,NO SIGNIFICANT RISK,MODERATE,ECMWF ENS,ECMWF ENS | GEFS,0.0,2,0.0,0,0,0,0,GREEN,БЕЗ ЗНАЧАЈНОГ РИЗИКА,NO SIGNIFICANT RISK,MODERATE,ECMWF ENS,ECMWF ENS | GEFS,0.0,2,0.0,0,0,0,0,GREEN,БЕЗ ЗНАЧАЈНОГ РИЗИКА,NO SIGNIFICANT RISK,MODERATE,ECMWF ENS,ECMWF ENS | GEFS,0.0,2,0.0,0,0,0,0,GREEN,БЕЗ ЗНАЧАЈНОГ РИЗИКА,NO SIGNIFICANT RISK,MODERATE,ECMWF ENS,ECMWF ENS | GEFS,0,GREEN,БЕЗ ЗНАЧАЈНОГ РИЗИКА,NO SIGNIFICANT RISK,NONE,MODERATE,3,2026-08-21T06:00:00+00:00,2026-08-21T09:00:00+00:00,STORMS,EXPERIMENTAL,DEVELOPMENTAL MULTIMODEL SIGNAL - NOT CALIBRATED PROBABILITY,PUBLIC OPEN-DATA SERVICES,INDEPENDENT PROJECT - NOT AN OFFICIAL RHMZ WARNING PRODUCT
80128,VRŠAC,VRŠAC,ВРШАЦ,0.0,0.0,0.0,0.0,0.0,12.482172960181108,62.70000076293945,10,33,2026-08-21T09:00:00Z,2026-08-20T00:00:00Z,0.0,0.0,0.0,19.6,0.0,12.4,10,,0.0,0.0,0.0,,,,0.0,2,0.0,0,0,0,0,GREEN,БЕЗ ЗНАЧАЈНОГ РИЗИКА,NO SIGNIFICANT RISK,MODERATE,ECMWF ENS,ECMWF ENS | GEFS,0.0,2,0.0,0,0,0,0,GREEN,БЕЗ ЗНАЧАЈНОГ РИЗИКА,NO SIGNIFICANT RISK,MODERATE,ECMWF ENS,ECMWF ENS | GEFS,0.0,2,0.0,0,0,0,0,GREEN,БЕЗ ЗНАЧАЈНОГ РИЗИКА,NO SIGNIFICANT RISK,MODERATE,ECMWF ENS,ECMWF ENS | GEFS,0.0,2,0.0,0,0,0,0,GREEN,БЕЗ ЗНАЧАЈНОГ РИЗИКА,NO SIGNIFICANT RISK,MODERATE,ECMWF ENS,ECMWF ENS | GEFS,0,GREEN,БЕЗ ЗНАЧАЈНОГ РИЗИКА,NO SIGNIFICANT RISK,NONE,MODERATE,3,2026-08-21T06:00:00+00:00,2026-08-21T09:00:00+00:00,STORMS,EXPERIMENTAL,DEVELOPMENTAL MULTIMODEL SIGNAL - NOT CALIBRATED PROBABILITY,PUBLIC OPEN-DATA SERVICES,INDEPENDENT PROJECT - NOT AN OFFICIAL RHMZ WARNING PRODUCT
90026,VUČITRN,VUČITRN,ВУЧИТРН,0.0,0.0,0.0,0.0,0.0,6.301901585371583,65.15678405761719,7,33,2026-08-21T09:00:00Z,2026-08-20T00:00:00Z,0.0,0.0,0.0,39.8,0.0,5.7,7,,0.0,0.0,0.0,,,,0.0,2,0.0,0,0,0,0,GREEN,БЕЗ ЗНАЧАЈНОГ РИЗИКА,NO SIGNIFICANT RISK,MODERATE,ECMWF ENS,ECMWF ENS | GEFS,0.0,2,0.0,0,0,0,0,GREEN,БЕЗ ЗНАЧАЈНОГ РИЗИКА,NO SIGNIFICANT RISK,MODERATE,ECMWF ENS,ECMWF ENS | GEFS,0.0,2,0.0,0,0,0,0,GREEN,БЕЗ ЗНАЧАЈНОГ РИЗИКА,NO SIGNIFICANT RISK,MODERATE,ECMWF ENS,ECMWF ENS | GEFS,0.0,2,0.0,0,0,0,0,GREEN,БЕЗ ЗНАЧАЈНОГ РИЗИКА,NO SIGNIFICANT RISK,MODERATE,ECMWF ENS,ECMWF ENS | GEFS,0,GREEN,БЕЗ ЗНАЧАЈНОГ РИЗИКА,NO SIGNIFICANT RISK,NONE,MODERATE,3,2026-08-21T06:00:00+00:00,2026-08-21T09:00:00+00:00,STORMS,EXPERIMENTAL,DEVELOPMENTAL MULTIMODEL SIGNAL - NOT CALIBRATED PROBABILITY,PUBLIC OPEN-DATA SERVICES,INDEPENDENT PROJECT - NOT AN OFFICIAL RHMZ WARNING PRODUCT
90042,GNJILANE,GNJILANE,ГЊИЛАНЕ,0.0,0.0,0.0,0.0,0.0,3.786006330527791,64.4295597076416,9,33,2026-08-21T09:00:00Z,2026-08-20T00:00:00Z,0.0,0.0,79.3,65.4,0.0,2.8,9,,0.0,0.0,0.0,,,,0.0,2,0.0,0,0,0,0,GREEN,БЕЗ ЗНАЧАЈНОГ РИЗИКА,NO SIGNIFICANT RISK,MODERATE,ECMWF ENS,ECMWF ENS | GEFS,0.0,2,0.0,0,0,0,0,GREEN,БЕЗ ЗНАЧАЈНОГ РИЗИКА,NO SIGNIFICANT RISK,MODERATE,ECMWF ENS,ECMWF ENS | GEFS,0.0,2,0.0,0,0,0,0,GREEN,БЕЗ ЗНАЧАЈНОГ РИЗИКА,NO SIGNIFICANT RISK,MODERATE,ECMWF ENS,ECMWF ENS | GEFS,0.0,2,0.0,0,0,0,0,GREEN,БЕЗ ЗНАЧАЈНОГ РИЗИКА,NO SIGNIFICANT RISK,MODERATE,ECMWF ENS,ECMWF ENS | GEFS,0,GREEN,БЕЗ ЗНАЧАЈНОГ РИЗИКА,NO SIGNIFICANT RISK,NONE,MODERATE,3,2026-08-21T06:00:00+00:00,2026-08-21T09:00:00+00:00,STORMS,EXPERIMENTAL,DEVELOPMENTAL MULTIMODEL SIGNAL - NOT CALIBRATED PROBABILITY,PUBLIC OPEN-DATA SERVICES,INDEPENDENT PROJECT - NOT AN OFFICIAL RHMZ WARNING PRODUCT
70467,GADŽIN HAN,GADŽIN HAN,ГАЏИН ХАН,0.0,0.0,0.0,0.0,0.0,4.589603992682194,63.41694641113281,8,33,2026-08-21T09:00:00Z,2026-08-20T00:00:00Z,0.0,0.0,84.4,63.0,0.0,3.1,8,,0.0,0.0,0.0,,,,0.0,2,0.0,0,0,0,0,GREEN,БЕЗ ЗНАЧАЈНОГ РИЗИКА,NO SIGNIFICANT RISK,MODERATE,ECMWF ENS,ECMWF ENS | GEFS,0.0,2,0.0,0,0,0,0,GREEN,БЕЗ ЗНАЧАЈНОГ РИЗИКА,NO SIGNIFICANT RISK,MODERATE,ECMWF ENS,ECMWF ENS | GEFS,0.0,2,0.0,0,0,0,0,GREEN,БЕЗ ЗНАЧАЈНОГ РИЗИКА,NO SIGNIFICANT RISK,MODERATE,ECMWF ENS,ECMWF ENS | GEFS,0.0,2,0.0,0,0,0,0,GREEN,БЕЗ ЗНАЧАЈНОГ РИЗИКА,NO SIGNIFICANT RISK,MODERATE,ECMWF ENS,ECMWF ENS | GEFS,0,GREEN,БЕЗ ЗНАЧАЈНОГ РИЗИКА,NO SIGNIFICANT RISK,NONE,MODERATE,3,2026-08-21T06:00:00+00:00,2026-08-21T09:00:00+00:00,STORMS,EXPERIMENTAL,DEVELOPMENTAL MULTIMODEL SIGNAL - NOT CALIBRATED PROBABILITY,PUBLIC OPEN-DATA SERVICES,INDEPENDENT PROJECT - NOT AN OFFICIAL RHMZ WARNING PRODUCT
90034,GLOGOVAC,GLOGOVAC,ГЛОГОВАЦ,0.0,0.0,0.0,0.0,0.0,5.631063798169654,64.5,8,33,2026-08-21T09:00:00Z,2026-08-20T00:00:00Z,0.0,0.0,0.0,39.3,0.0,5.2,8,,0.0,0.0,0.0,,,,0.0,2,0.0,0,0,0,0,GREEN,БЕЗ ЗНАЧАЈНОГ РИЗИКА,NO SIGNIFICANT RISK,MODERATE,ECMWF ENS,ECMWF ENS | GEFS,0.0,2,0.0,0,0,0,0,GREEN,БЕЗ ЗНАЧАЈНОГ РИЗИКА,NO SIGNIFICANT RISK,MODERATE,ECMWF ENS,ECMWF ENS | GEFS,0.0,2,0.0,0,0,0,0,GREEN,БЕЗ ЗНАЧАЈНОГ РИЗИКА,NO SIGNIFICANT RISK,MODERATE,ECMWF ENS,ECMWF ENS | GEFS,0.0,2,0.0,0,0,0,0,GREEN,БЕЗ ЗНАЧАЈНОГ РИЗИКА,NO SIGNIFICANT RISK,MODERATE,ECMWF ENS,ECMWF ENS | GEFS,0,GREEN,БЕЗ ЗНАЧАЈНОГ РИЗИКА,NO SIGNIFICANT RISK,NONE,MODERATE,3,2026-08-21T06:00:00+00:00,2026-08-21T09:00:00+00:00,STORMS,EXPERIMENTAL,DEVELOPMENTAL MULTIMODEL SIGNAL - NOT CALIBRATED PROBABILITY,PUBLIC OPEN-DATA SERVICES,INDEPENDENT PROJECT - NOT AN OFFICIAL RHMZ WARNING PRODUCT
70475,GOLUBAC,GOLUBAC,ГОЛУБАЦ,0.0,0.0,0.0,0.0,0.0,11.050070955233792,63.40810394287109,10,33,2026-08-21T09:00:00Z,2026-08-20T00:00:00Z,0.0,0.0,0.0,23.1,0.0,10.8,10,,0.0,0.0,0.0,,,,0.0,2,0.0,0,0,0,0,GREEN,БЕЗ ЗНАЧАЈНОГ РИЗИКА,NO SIGNIFICANT RISK,MODERATE,ECMWF ENS,ECMWF ENS | GEFS,0.0,2,0.0,0,0,0,0,GREEN,БЕЗ ЗНАЧАЈНОГ РИЗИКА,NO SIGNIFICANT RISK,MODERATE,ECMWF ENS,ECMWF ENS | GEFS,0.0,2,0.0,0,0,0,0,GREEN,БЕЗ ЗНАЧАЈНОГ РИЗИКА,NO SIGNIFICANT RISK,MODERATE,ECMWF ENS,ECMWF ENS | GEFS,0.0,2,0.0,0,0,0,0,GREEN,БЕЗ ЗНАЧАЈНОГ РИЗИКА,NO SIGNIFICANT RISK,MODERATE,ECMWF ENS,ECMWF ENS | GEFS,0,GREEN,БЕЗ ЗНАЧАЈНОГ РИЗИКА,NO SIGNIFICANT RISK,NONE,MODERATE,3,2026-08-21T06:00:00+00:00,2026-08-21T09:00:00+00:00,STORMS,EXPERIMENTAL,DEVELOPMENTAL MULTIMODEL SIGNAL - NOT CALIBRATED PROBABILITY,PUBLIC OPEN-DATA SERVICES,INDEPENDENT PROJECT - NOT AN OFFICIAL RHMZ WARNING PRODUCT
70483,GORNJI MILANOVAC,GORNJI MILANOVAC,ГОРЊИ МИЛАНОВАЦ,0.0,0.0,0.0,0.0,0.0,11.133843581233029,63.64999961853027,10,33,2026-08-21T09:00:00Z,2026-08-20T00:00:00Z,0.0,0.0,0.0,17.9,0.0,8.4,10,,0.0,0.0,0.0,,,,0.0,2,0.0,0,0,0,0,GREEN,БЕЗ ЗНАЧАЈНОГ РИЗИКА,NO SIGNIFICANT RISK,MODERATE,ECMWF ENS,ECMWF ENS | GEFS,0.0,2,0.0,0,0,0,0,GREEN,БЕЗ ЗНАЧАЈНОГ РИЗИКА,NO SIGNIFICANT RISK,MODERATE,ECMWF ENS,ECMWF ENS | GEFS,0.0,2,0.0,0,0,0,0,GREEN,БЕЗ ЗНАЧАЈНОГ РИЗИКА,NO SIGNIFICANT RISK,MODERATE,ECMWF ENS,ECMWF ENS | GEFS,0.0,2,0.0,0,0,0,0,GREEN,БЕЗ ЗНАЧАЈНОГ РИЗИКА,NO SIGNIFICANT RISK,MODERATE,ECMWF ENS,ECMWF ENS | GEFS,0,GREEN,БЕЗ ЗНАЧАЈНОГ РИЗИКА,NO SIGNIFICANT RISK,NONE,MODERATE,3,2026-08-21T06:00:00+00:00,2026-08-21T09:00:00+00:00,STORMS,EXPERIMENTAL,DEVELOPMENTAL MULTIMODEL SIGNAL - NOT CALIBRATED PROBABILITY,PUBLIC OPEN-DATA SERVICES,INDEPENDENT PROJECT - NOT AN OFFICIAL RHMZ WARNING PRODUCT
90336,GORA,GORA,ГОРА,0.0,0.0,0.0,0.0,0.0,4.700517872023094,70.0,7,33,2026-08-21T09:00:00Z,2026-08-20T00:00:00Z,8.0,0.0,420.3,68.4,0.0,4.3,7,,0.0,0.0,0.0,,,,4.0,2,8.0,0,0,0,0,GREEN,БЕЗ ЗНАЧАЈНОГ РИЗИКА,NO SIGNIFICANT RISK,MODERATE,ECMWF ENS,ECMWF ENS | GEFS,0.0,2,0.0,0,0,0,0,GREEN,БЕЗ ЗНАЧАЈНОГ РИЗИКА,NO SIGNIFICANT RISK,MODERATE,ECMWF ENS,ECMWF ENS | GEFS,0.0,2,0.0,0,0,0,0,GREEN,БЕЗ ЗНАЧАЈНОГ РИЗИКА,NO SIGNIFICANT RISK,MODERATE,ECMWF ENS,ECMWF ENS | GEFS,0.0,2,0.0,0,0,0,0,GREEN,БЕЗ ЗНАЧАЈНОГ РИЗИКА,NO SIGNIFICANT RISK,MODERATE,ECMWF ENS,ECMWF ENS | GEFS,0,GREEN,БЕЗ ЗНАЧАЈНОГ РИЗИКА,NO SIGNIFICANT RISK,NONE,MODERATE,3,2026-08-21T06:00:00+00:00,2026-08-21T09:00:00+00:00,STORMS,EXPERIMENTAL,DEVELOPMENTAL MULTIMODEL SIGNAL - NOT CALIBRATED PROBABILITY,PUBLIC OPEN-DATA SERVICES,INDEPENDENT PROJECT - NOT AN OFFICIAL RHMZ WARNING PRODUCT
70491,DESPOTOVAC,DESPOTOVAC,ДЕСПОТОВАЦ,0.0,0.0,0.0,0.0,0.0,9.61370783556337,65.30000305175781,11,33,2026-08-21T09:00:00Z,2026-08-20T00:00:00Z,0.0,0.0,0.0,23.7,0.0,8.1,11,,0.0,0.0,0.0,,,,0.0,2,0.0,0,0,0,0,GREEN,БЕЗ ЗНАЧАЈНОГ РИЗИКА,NO SIGNIFICANT RISK,MODERATE,ECMWF ENS,ECMWF ENS | GEFS,0.0,2,0.0,0,0,0,0,GREEN,БЕЗ ЗНАЧАЈНОГ РИЗИКА,NO SIGNIFICANT RISK,MODERATE,ECMWF ENS,ECMWF ENS | GEFS,0.0,2,0.0,0,0,0,0,GREEN,БЕЗ ЗНАЧАЈНОГ РИЗИКА,NO SIGNIFICANT RISK,MODERATE,ECMWF ENS,ECMWF ENS | GEFS,0.0,2,0.0,0,0,0,0,GREEN,БЕЗ ЗНАЧАЈНОГ РИЗИКА,NO SIGNIFICANT RISK,MODERATE,ECMWF ENS,ECMWF ENS | GEFS,0,GREEN,БЕЗ ЗНАЧАЈНОГ РИЗИКА,NO SIGNIFICANT RISK,NONE,MODERATE,3,2026-08-21T06:00:00+00:00,2026-08-21T09:00:00+00:00,STORMS,EXPERIMENTAL,DEVELOPMENTAL MULTIMODEL SIGNAL - NOT CALIBRATED PROBABILITY,PUBLIC OPEN-DATA SERVICES,INDEPENDENT PROJECT - NOT AN OFFICIAL RHMZ WARNING PRODUCT
90069,DEČANI,DEČANI,ДЕЧАНИ,0.0,0.0,0.0,0.0,0.0,6.0154550428079325,62.69351959228516,9,33,2026-08-21T09:00:00Z,2026-08-20T00:00:00Z,0.0,0.0,0.0,30.3,0.0,5.6,9,,0.0,0.0,0.0,,,,0.0,2,0.0,0,0,0,0,GREEN,БЕЗ ЗНАЧАЈНОГ РИЗИКА,NO SIGNIFICANT RISK,MODERATE,ECMWF ENS,ECMWF ENS | GEFS,0.0,2,0.0,0,0,0,0,GREEN,БЕЗ ЗНАЧАЈНОГ РИЗИКА,NO SIGNIFICANT RISK,MODERATE,ECMWF ENS,ECMWF ENS | GEFS,0.0,2,0.0,0,0,0,0,GREEN,БЕЗ ЗНАЧАЈНОГ РИЗИКА,NO SIGNIFICANT RISK,MODERATE,ECMWF ENS,ECMWF ENS | GEFS,0.0,2,0.0,0,0,0,0,GREEN,БЕЗ ЗНАЧАЈНОГ РИЗИКА,NO SIGNIFICANT RISK,MODERATE,ECMWF ENS,ECMWF ENS | GEFS,0,GREEN,БЕЗ ЗНАЧАЈНОГ РИЗИКА,NO SIGNIFICANT RISK,NONE,MODERATE,3,2026-08-21T06:00:00+00:00,2026-08-21T09:00:00+00:00,STORMS,EXPERIMENTAL,DEVELOPMENTAL MULTIMODEL SIGNAL - NOT CALIBRATED PROBABILITY,PUBLIC OPEN-DATA SERVICES,INDEPENDENT PROJECT - NOT AN OFFICIAL RHMZ WARNING PRODUCT
70505,DIMITROVGRAD,DIMITROVGRAD,ДИМИТРОВГРАД,0.0,0.0,0.0,0.0,0.0,4.900659577105276,60.40678405761719,10,33,2026-08-21T09:00:00Z,2026-08-20T00:00:00Z,0.0,0.0,280.5,68.9,0.0,3.4,10,,0.0,0.0,0.0,,,,0.0,2,0.0,0,0,0,0,GREEN,БЕЗ ЗНАЧАЈНОГ РИЗИКА,NO SIGNIFICANT RISK,MODERATE,ECMWF ENS,ECMWF ENS | GEFS,0.0,2,0.0,0,0,0,0,GREEN,БЕЗ ЗНАЧАЈНОГ РИЗИКА,NO SIGNIFICANT RISK,MODERATE,ECMWF ENS,ECMWF ENS | GEFS,0.0,2,0.0,0,0,0,0,GREEN,БЕЗ ЗНАЧАЈНОГ РИЗИКА,NO SIGNIFICANT RISK,MODERATE,ECMWF ENS,ECMWF ENS | GEFS,0.0,2,0.0,0,0,0,0,GREEN,БЕЗ ЗНАЧАЈНОГ РИЗИКА,NO SIGNIFICANT RISK,MODERATE,ECMWF ENS,ECMWF ENS | GEFS,0,GREEN,БЕЗ ЗНАЧАЈНОГ РИЗИКА,NO SIGNIFICANT RISK,NONE,MODERATE,3,2026-08-21T06:00:00+00:00,2026-08-21T09:00:00+00:00,STORMS,EXPERIMENTAL,DEVELOPMENTAL MULTIMODEL SIGNAL - NOT CALIBRATED PROBABILITY,PUBLIC OPEN-DATA SERVICES,INDEPENDENT PROJECT - NOT AN OFFICIAL RHMZ WARNING PRODUCT
70513,DOLJEVAC,DOLJEVAC,ДОЉЕВАЦ,0.0,0.0,0.0,0.0,0.0,4.334643801282663,64.3499984741211,5,33,2026-08-21T09:00:00Z,2026-08-20T00:00:00Z,0.0,0.0,0.0,65.5,0.0,2.8,5,,0.0,0.0,0.0,,,,0.0,2,0.0,0,0,0,0,GREEN,БЕЗ ЗНАЧАЈНОГ РИЗИКА,NO SIGNIFICANT RISK,MODERATE,ECMWF ENS,ECMWF ENS | GEFS,0.0,2,0.0,0,0,0,0,GREEN,БЕЗ ЗНАЧАЈНОГ РИЗИКА,NO SIGNIFICANT RISK,MODERATE,ECMWF ENS,ECMWF ENS | GEFS,0.0,2,0.0,0,0,0,0,GREEN,БЕЗ ЗНАЧАЈНОГ РИЗИКА,NO SIGNIFICANT RISK,MODERATE,ECMWF ENS,ECMWF ENS | GEFS,0.0,2,0.0,0,0,0,0,GREEN,БЕЗ ЗНАЧАЈНОГ РИЗИКА,NO SIGNIFICANT RISK,MODERATE,ECMWF ENS,ECMWF ENS | GEFS,0,GREEN,БЕЗ ЗНАЧАЈНОГ РИЗИКА,NO SIGNIFICANT RISK,NONE,MODERATE,3,2026-08-21T06:00:00+00:00,2026-08-21T09:00:00+00:00,STORMS,EXPERIMENTAL,DEVELOPMENTAL MULTIMODEL SIGNAL - NOT CALIBRATED PROBABILITY,PUBLIC OPEN-DATA SERVICES,INDEPENDENT PROJECT - NOT AN OFFICIAL RHMZ WARNING PRODUCT
80136,ŽABALJ,ŽABALJ,ЖАБАЉ,0.0,0.0,0.0,0.0,0.0,11.966936076868642,47.111328125,8,33,2026-08-21T09:00:00Z,2026-08-20T00:00:00Z,0.0,0.0,0.0,40.5,0.0,9.1,8,,0.0,0.0,0.0,,,,0.0,2,0.0,0,0,0,0,GREEN,БЕЗ ЗНАЧАЈНОГ РИЗИКА,NO SIGNIFICANT RISK,MODERATE,ECMWF ENS,ECMWF ENS | GEFS,0.0,2,0.0,0,0,0,0,GREEN,БЕЗ ЗНАЧАЈНОГ РИЗИКА,NO SIGNIFICANT RISK,MODERATE,ECMWF ENS,ECMWF ENS | GEFS,0.0,2,0.0,0,0,0,0,GREEN,БЕЗ ЗНАЧАЈНОГ РИЗИКА,NO SIGNIFICANT RISK,MODERATE,ECMWF ENS,ECMWF ENS | GEFS,0.0,2,0.0,0,0,0,0,GREEN,БЕЗ ЗНАЧАЈНОГ РИЗИКА,NO SIGNIFICANT RISK,MODERATE,ECMWF ENS,ECMWF ENS | GEFS,0,GREEN,БЕЗ ЗНАЧАЈНОГ РИЗИКА,NO SIGNIFICANT RISK,NONE,MODERATE,3,2026-08-21T06:00:00+00:00,2026-08-21T09:00:00+00:00,STORMS,EXPERIMENTAL,DEVELOPMENTAL MULTIMODEL SIGNAL - NOT CALIBRATED PROBABILITY,PUBLIC OPEN-DATA SERVICES,INDEPENDENT PROJECT - NOT AN OFFICIAL RHMZ WARNING PRODUCT
70521,ŽABARI,ŽABARI,ЖАБАРИ,0.0,0.0,0.0,0.0,0.0,10.173891621511851,64.5999984741211,6,33,2026-08-21T09:00:00Z,2026-08-20T00:00:00Z,0.0,0.0,0.0,22.5,0.0,9.2,6,,0.0,0.0,0.0,,,,0.0,2,0.0,0,0,0,0,GREEN,БЕЗ ЗНАЧАЈНОГ РИЗИКА,NO SIGNIFICANT RISK,MODERATE,ECMWF ENS,ECMWF ENS | GEFS,0.0,2,0.0,0,0,0,0,GREEN,БЕЗ ЗНАЧАЈНОГ РИЗИКА,NO SIGNIFICANT RISK,MODERATE,ECMWF ENS,ECMWF ENS | GEFS,0.0,2,0.0,0,0,0,0,GREEN,БЕЗ ЗНАЧАЈНОГ РИЗИКА,NO SIGNIFICANT RISK,MODERATE,ECMWF ENS,ECMWF ENS | GEFS,0.0,2,0.0,0,0,0,0,GREEN,БЕЗ ЗНАЧАЈНОГ РИЗИКА,NO SIGNIFICANT RISK,MODERATE,ECMWF ENS,ECMWF ENS | GEFS,0,GREEN,БЕЗ ЗНАЧАЈНОГ РИЗИКА,NO SIGNIFICANT RISK,NONE,MODERATE,3,2026-08-21T06:00:00+00:00,2026-08-21T09:00:00+00:00,STORMS,EXPERIMENTAL,DEVELOPMENTAL MULTIMODEL SIGNAL - NOT CALIBRATED PROBABILITY,PUBLIC OPEN-DATA SERVICES,INDEPENDENT PROJECT - NOT AN OFFICIAL RHMZ WARNING PRODUCT
70530,ŽAGUBICA,ŽAGUBICA,ЖАГУБИЦА,0.0,0.0,0.0,0.0,0.0,10.060563570437605,65.0999984741211,11,33,2026-08-21T09:00:00Z,2026-08-20T00:00:00Z,0.0,0.0,0.0,30.6,0.0,9.9,11,,0.0,0.0,0.0,,,,0.0,2,0.0,0,0,0,0,GREEN,БЕЗ ЗНАЧАЈНОГ РИЗИКА,NO SIGNIFICANT RISK,MODERATE,ECMWF ENS,ECMWF ENS | GEFS,0.0,2,0.0,0,0,0,0,GREEN,БЕЗ ЗНАЧАЈНОГ РИЗИКА,NO SIGNIFICANT RISK,MODERATE,ECMWF ENS,ECMWF ENS | GEFS,0.0,2,0.0,0,0,0,0,GREEN,БЕЗ ЗНАЧАЈНОГ РИЗИКА,NO SIGNIFICANT RISK,MODERATE,ECMWF ENS,ECMWF ENS | GEFS,0.0,2,0.0,0,0,0,0,GREEN,БЕЗ ЗНАЧАЈНОГ РИЗИКА,NO SIGNIFICANT RISK,MODERATE,ECMWF ENS,ECMWF ENS | GEFS,0,GREEN,БЕЗ ЗНАЧАЈНОГ РИЗИКА,NO SIGNIFICANT RISK,NONE,MODERATE,3,2026-08-21T06:00:00+00:00,2026-08-21T09:00:00+00:00,STORMS,EXPERIMENTAL,DEVELOPMENTAL MULTIMODEL SIGNAL - NOT CALIBRATED PROBABILITY,PUBLIC OPEN-DATA SERVICES,INDEPENDENT PROJECT - NOT AN OFFICIAL RHMZ WARNING PRODUCT
80144,ŽITIŠTE,ŽITIŠTE,ЖИТИШТЕ,0.0,0.0,0.0,0.0,0.0,11.613591559218072,52.29999923706055,10,33,2026-08-21T09:00:00Z,2026-08-20T00:00:00Z,0.0,0.0,147.9,35.4,0.0,10.2,10,,0.0,0.0,0.0,,,,0.0,2,0.0,0,0,0,0,GREEN,БЕЗ ЗНАЧАЈНОГ РИЗИКА,NO SIGNIFICANT RISK,MODERATE,ECMWF ENS,ECMWF ENS | GEFS,0.0,2,0.0,0,0,0,0,GREEN,БЕЗ ЗНАЧАЈНОГ РИЗИКА,NO SIGNIFICANT RISK,MODERATE,ECMWF ENS,ECMWF ENS | GEFS,0.0,2,0.0,0,0,0,0,GREEN,БЕЗ ЗНАЧАЈНОГ РИЗИКА,NO SIGNIFICANT RISK,MODERATE,ECMWF ENS,ECMWF ENS | GEFS,0.0,2,0.0,0,0,0,0,GREEN,БЕЗ ЗНАЧАЈНОГ РИЗИКА,NO SIGNIFICANT RISK,MODERATE,ECMWF ENS,ECMWF ENS | GEFS,0,GREEN,БЕЗ ЗНАЧАЈНОГ РИЗИКА,NO SIGNIFICANT RISK,NONE,MODERATE,3,2026-08-21T06:00:00+00:00,2026-08-21T09:00:00+00:00,STORMS,EXPERIMENTAL,DEVELOPMENTAL MULTIMODEL SIGNAL - NOT CALIBRATED PROBABILITY,PUBLIC OPEN-DATA SERVICES,INDEPENDENT PROJECT - NOT AN OFFICIAL RHMZ WARNING PRODUCT
70548,ŽITORAĐA,ŽITORAĐA,ЖИТОРАЂА,0.0,0.0,0.0,0.0,0.0,4.334643801282663,65.0999984741211,6,33,2026-08-21T09:00:00Z,2026-08-20T00:00:00Z,0.0,0.0,0.0,65.5,0.0,2.8,6,,0.0,0.0,0.0,,,,0.0,2,0.0,0,0,0,0,GREEN,БЕЗ ЗНАЧАЈНОГ РИЗИКА,NO SIGNIFICANT RISK,MODERATE,ECMWF ENS,ECMWF ENS | GEFS,0.0,2,0.0,0,0,0,0,GREEN,БЕЗ ЗНАЧАЈНОГ РИЗИКА,NO SIGNIFICANT RISK,MODERATE,ECMWF ENS,ECMWF ENS | GEFS,0.0,2,0.0,0,0,0,0,GREEN,БЕЗ ЗНАЧАЈНОГ РИЗИКА,NO SIGNIFICANT RISK,MODERATE,ECMWF ENS,ECMWF ENS | GEFS,0.0,2,0.0,0,0,0,0,GREEN,БЕЗ ЗНАЧАЈНОГ РИЗИКА,NO SIGNIFICANT RISK,MODERATE,ECMWF ENS,ECMWF ENS | GEFS,0,GREEN,БЕЗ ЗНАЧАЈНОГ РИЗИКА,NO SIGNIFICANT RISK,NONE,MODERATE,3,2026-08-21T06:00:00+00:00,2026-08-21T09:00:00+00:00,STORMS,EXPERIMENTAL,DEVELOPMENTAL MULTIMODEL SIGNAL - NOT CALIBRATED PROBABILITY,PUBLIC OPEN-DATA SERVICES,INDEPENDENT PROJECT - NOT AN OFFICIAL RHMZ WARNING PRODUCT
70556,ZAJEČAR-GRAD,ZAJEČAR-GRAD,ЗАЈЕЧАР-ГРАД,0.0,0.0,0.0,0.0,0.0,8.302185202521988,63.27956008911133,14,33,2026-08-21T09:00:00Z,2026-08-20T00:00:00Z,0.0,0.0,0.0,58.4,0.0,8.8,14,,0.0,0.0,0.0,,,,0.0,2,0.0,0,0,0,0,GREEN,БЕЗ ЗНАЧАЈНОГ РИЗИКА,NO SIGNIFICANT RISK,MODERATE,ECMWF ENS,ECMWF ENS | GEFS,0.0,2,0.0,0,0,0,0,GREEN,БЕЗ ЗНАЧАЈНОГ РИЗИКА,NO SIGNIFICANT RISK,MODERATE,ECMWF ENS,ECMWF ENS | GEFS,0.0,2,0.0,0,0,0,0,GREEN,БЕЗ ЗНАЧАЈНОГ РИЗИКА,NO SIGNIFICANT RISK,MODERATE,ECMWF ENS,ECMWF ENS | GEFS,0.0,2,0.0,0,0,0,0,GREEN,БЕЗ ЗНАЧАЈНОГ РИЗИКА,NO SIGNIFICANT RISK,MODERATE,ECMWF ENS,ECMWF ENS | GEFS,0,GREEN,БЕЗ ЗНАЧАЈНОГ РИЗИКА,NO SIGNIFICANT RISK,NONE,MODERATE,3,2026-08-21T06:00:00+00:00,2026-08-21T09:00:00+00:00,STORMS,EXPERIMENTAL,DEVELOPMENTAL MULTIMODEL SIGNAL - NOT CALIBRATED PROBABILITY,PUBLIC OPEN-DATA SERVICES,INDEPENDENT PROJECT - NOT AN OFFICIAL RHMZ WARNING PRODUCT
90352,ZVEČAN,ZVEČAN,ЗВЕЧАН,0.0,0.0,0.0,0.0,0.0,7.324550361992955,65.15678405761719,6,33,2026-08-21T09:00:00Z,2026-08-20T00:00:00Z,0.0,0.0,0.0,36.5,0.0,6.1,6,,0.0,0.0,0.0,,,,0.0,2,0.0,0,0,0,0,GREEN,БЕЗ ЗНАЧАЈНОГ РИЗИКА,NO SIGNIFICANT RISK,MODERATE,ECMWF ENS,ECMWF ENS | GEFS,0.0,2,0.0,0,0,0,0,GREEN,БЕЗ ЗНАЧАЈНОГ РИЗИКА,NO SIGNIFICANT RISK,MODERATE,ECMWF ENS,ECMWF ENS | GEFS,0.0,2,0.0,0,0,0,0,GREEN,БЕЗ ЗНАЧАЈНОГ РИЗИКА,NO SIGNIFICANT RISK,MODERATE,ECMWF ENS,ECMWF ENS | GEFS,0.0,2,0.0,0,0,0,0,GREEN,БЕЗ ЗНАЧАЈНОГ РИЗИКА,NO SIGNIFICANT RISK,MODERATE,ECMWF ENS,ECMWF ENS | GEFS,0,GREEN,БЕЗ ЗНАЧАЈНОГ РИЗИКА,NO SIGNIFICANT RISK,NONE,MODERATE,3,2026-08-21T06:00:00+00:00,2026-08-21T09:00:00+00:00,STORMS,EXPERIMENTAL,DEVELOPMENTAL MULTIMODEL SIGNAL - NOT CALIBRATED PROBABILITY,PUBLIC OPEN-DATA SERVICES,INDEPENDENT PROJECT - NOT AN OFFICIAL RHMZ WARNING PRODUCT
80152,ZRENJANIN-GRAD,ZRENJANIN-GRAD,ЗРЕЊАНИН-ГРАД,0.0,0.0,0.0,0.0,0.0,12.354285327638348,51.70000076293945,14,33,2026-08-21T09:00:00Z,2026-08-20T00:00:00Z,0.0,0.0,147.9,35.4,0.0,10.2,14,,0.0,0.0,0.0,,,,0.0,2,0.0,0,0,0,0,GREEN,БЕЗ ЗНАЧАЈНОГ РИЗИКА,NO SIGNIFICANT RISK,MODERATE,ECMWF ENS,ECMWF ENS | GEFS,0.0,2,0.0,0,0,0,0,GREEN,БЕЗ ЗНАЧАЈНОГ РИЗИКА,NO SIGNIFICANT RISK,MODERATE,ECMWF ENS,ECMWF ENS | GEFS,0.0,2,0.0,0,0,0,0,GREEN,БЕЗ ЗНАЧАЈНОГ РИЗИКА,NO SIGNIFICANT RISK,MODERATE,ECMWF ENS,ECMWF ENS | GEFS,0.0,2,0.0,0,0,0,0,GREEN,БЕЗ ЗНАЧАЈНОГ РИЗИКА,NO SIGNIFICANT RISK,MODERATE,ECMWF ENS,ECMWF ENS | GEFS,0,GREEN,БЕЗ ЗНАЧАЈНОГ РИЗИКА,NO SIGNIFICANT RISK,NONE,MODERATE,3,2026-08-21T06:00:00+00:00,2026-08-21T09:00:00+00:00,STORMS,EXPERIMENTAL,DEVELOPMENTAL MULTIMODEL SIGNAL - NOT CALIBRATED PROBABILITY,PUBLIC OPEN-DATA SERVICES,INDEPENDENT PROJECT - NOT AN OFFICIAL RHMZ WARNING PRODUCT
90093,ZUBIN POTOK,ZUBIN POTOK,ЗУБИН ПОТОК,0.0,0.0,0.0,0.0,0.0,7.324550361992955,65.15678405761719,8,33,2026-08-21T09:00:00Z,2026-08-20T00:00:00Z,0.0,0.0,0.0,36.5,0.0,6.1,8,,0.0,0.0,0.0,,,,0.0,2,0.0,0,0,0,0,GREEN,БЕЗ ЗНАЧАЈНОГ РИЗИКА,NO SIGNIFICANT RISK,MODERATE,ECMWF ENS,ECMWF ENS | GEFS,0.0,2,0.0,0,0,0,0,GREEN,БЕЗ ЗНАЧАЈНОГ РИЗИКА,NO SIGNIFICANT RISK,MODERATE,ECMWF ENS,ECMWF ENS | GEFS,0.0,2,0.0,0,0,0,0,GREEN,БЕЗ ЗНАЧАЈНОГ РИЗИКА,NO SIGNIFICANT RISK,MODERATE,ECMWF ENS,ECMWF ENS | GEFS,0.0,2,0.0,0,0,0,0,GREEN,БЕЗ ЗНАЧАЈНОГ РИЗИКА,NO SIGNIFICANT RISK,MODERATE,ECMWF ENS,ECMWF ENS | GEFS,0,GREEN,БЕЗ ЗНАЧАЈНОГ РИЗИКА,NO SIGNIFICANT RISK,NONE,MODERATE,3,2026-08-21T06:00:00+00:00,2026-08-21T09:00:00+00:00,STORMS,EXPERIMENTAL,DEVELOPMENTAL MULTIMODEL SIGNAL - NOT CALIBRATED PROBABILITY,PUBLIC OPEN-DATA SERVICES,INDEPENDENT PROJECT - NOT AN OFFICIAL RHMZ WARNING PRODUCT
70564,IVANJICA,IVANJICA,ИВАЊИЦА,0.0,0.0,0.0,0.0,0.0,9.73058364337786,66.30000305175781,11,33,2026-08-21T09:00:00Z,2026-08-20T00:00:00Z,0.0,0.0,0.0,21.0,0.0,5.5,11,,0.0,0.0,0.0,,,,0.0,2,0.0,0,0,0,0,GREEN,БЕЗ ЗНАЧАЈНОГ РИЗИКА,NO SIGNIFICANT RISK,MODERATE,ECMWF ENS,ECMWF ENS | GEFS,0.0,2,0.0,0,0,0,0,GREEN,БЕЗ ЗНАЧАЈНОГ РИЗИКА,NO SIGNIFICANT RISK,MODERATE,ECMWF ENS,ECMWF ENS | GEFS,0.0,2,0.0,0,0,0,0,GREEN,БЕЗ ЗНАЧАЈНОГ РИЗИКА,NO SIGNIFICANT RISK,MODERATE,ECMWF ENS,ECMWF ENS | GEFS,0.0,2,0.0,0,0,0,0,GREEN,БЕЗ ЗНАЧАЈНОГ РИЗИКА,NO SIGNIFICANT RISK,MODERATE,ECMWF ENS,ECMWF ENS | GEFS,0,GREEN,БЕЗ ЗНАЧАЈНОГ РИЗИКА,NO SIGNIFICANT RISK,NONE,MODERATE,3,2026-08-21T06:00:00+00:00,2026-08-21T09:00:00+00:00,STORMS,EXPERIMENTAL,DEVELOPMENTAL MULTIMODEL SIGNAL - NOT CALIBRATED PROBABILITY,PUBLIC OPEN-DATA SERVICES,INDEPENDENT PROJECT - NOT AN OFFICIAL RHMZ WARNING PRODUCT
80179,INĐIJA,INĐIJA,ИНЂИЈА,0.0,0.0,0.0,0.0,0.0,12.604511171984642,47.111328125,8,33,2026-08-21T09:00:00Z,2026-08-20T00:00:00Z,0.0,0.0,0.0,35.3,0.0,9.1,8,,0.0,0.0,0.0,,,,0.0,2,0.0,0,0,0,0,GREEN,БЕЗ ЗНАЧАЈНОГ РИЗИКА,NO SIGNIFICANT RISK,MODERATE,ECMWF ENS,ECMWF ENS | GEFS,0.0,2,0.0,0,0,0,0,GREEN,БЕЗ ЗНАЧАЈНОГ РИЗИКА,NO SIGNIFICANT RISK,MODERATE,ECMWF ENS,ECMWF ENS | GEFS,0.0,2,0.0,0,0,0,0,GREEN,БЕЗ ЗНАЧАЈНОГ РИЗИКА,NO SIGNIFICANT RISK,MODERATE,ECMWF ENS,ECMWF ENS | GEFS,0.0,2,0.0,0,0,0,0,GREEN,БЕЗ ЗНАЧАЈНОГ РИЗИКА,NO SIGNIFICANT RISK,MODERATE,ECMWF ENS,ECMWF ENS | GEFS,0,GREEN,БЕЗ ЗНАЧАЈНОГ РИЗИКА,NO SIGNIFICANT RISK,NONE,MODERATE,3,2026-08-21T06:00:00+00:00,2026-08-21T09:00:00+00:00,STORMS,EXPERIMENTAL,DEVELOPMENTAL MULTIMODEL SIGNAL - NOT CALIBRATED PROBABILITY,PUBLIC OPEN-DATA SERVICES,INDEPENDENT PROJECT - NOT AN OFFICIAL RHMZ WARNING PRODUCT
80187,IRIG,IRIG,ИРИГ,0.0,0.0,0.0,0.0,0.0,13.18255937322712,44.81132698059082,7,33,2026-08-21T09:00:00Z,2026-08-20T00:00:00Z,0.0,0.0,0.0,41.5,0.0,8.4,7,,0.0,0.0,0.0,,,,0.0,2,0.0,0,0,0,0,GREEN,БЕЗ ЗНАЧАЈНОГ РИЗИКА,NO SIGNIFICANT RISK,MODERATE,ECMWF ENS,ECMWF ENS | GEFS,0.0,2,0.0,0,0,0,0,GREEN,БЕЗ ЗНАЧАЈНОГ РИЗИКА,NO SIGNIFICANT RISK,MODERATE,ECMWF ENS,ECMWF ENS | GEFS,0.0,2,0.0,0,0,0,0,GREEN,БЕЗ ЗНАЧАЈНОГ РИЗИКА,NO SIGNIFICANT RISK,MODERATE,ECMWF ENS,ECMWF ENS | GEFS,0.0,2,0.0,0,0,0,0,GREEN,БЕЗ ЗНАЧАЈНОГ РИЗИКА,NO SIGNIFICANT RISK,MODERATE,ECMWF ENS,ECMWF ENS | GEFS,0,GREEN,БЕЗ ЗНАЧАЈНОГ РИЗИКА,NO SIGNIFICANT RISK,NONE,MODERATE,3,2026-08-21T06:00:00+00:00,2026-08-21T09:00:00+00:00,STORMS,EXPERIMENTAL,DEVELOPMENTAL MULTIMODEL SIGNAL - NOT CALIBRATED PROBABILITY,PUBLIC OPEN-DATA SERVICES,INDEPENDENT PROJECT - NOT AN OFFICIAL RHMZ WARNING PRODUCT
90107,ISTOK,ISTOK,ИСТОК,0.0,0.0,0.0,0.0,0.0,7.324550361992955,62.30810356140137,9,33,2026-08-21T09:00:00Z,2026-08-20T00:00:00Z,0.0,0.0,0.0,29.5,0.0,6.6,9,,0.0,0.0,0.0,,,,0.0,2,0.0,0,0,0,0,GREEN,БЕЗ ЗНАЧАЈНОГ РИЗИКА,NO SIGNIFICANT RISK,MODERATE,ECMWF ENS,ECMWF ENS | GEFS,0.0,2,0.0,0,0,0,0,GREEN,БЕЗ ЗНАЧАЈНОГ РИЗИКА,NO SIGNIFICANT RISK,MODERATE,ECMWF ENS,ECMWF ENS | GEFS,0.0,2,0.0,0,0,0,0,GREEN,БЕЗ ЗНАЧАЈНОГ РИЗИКА,NO SIGNIFICANT RISK,MODERATE,ECMWF ENS,ECMWF ENS | GEFS,0.0,2,0.0,0,0,0,0,GREEN,БЕЗ ЗНАЧАЈНОГ РИЗИКА,NO SIGNIFICANT RISK,MODERATE,ECMWF ENS,ECMWF ENS | GEFS,0,GREEN,БЕЗ ЗНАЧАЈНОГ РИЗИКА,NO SIGNIFICANT RISK,NONE,MODERATE,3,2026-08-21T06:00:00+00:00,2026-08-21T09:00:00+00:00,STORMS,EXPERIMENTAL,DEVELOPMENTAL MULTIMODEL SIGNAL - NOT CALIBRATED PROBABILITY,PUBLIC OPEN-DATA SERVICES,INDEPENDENT PROJECT - NOT AN OFFICIAL RHMZ WARNING PRODUCT
70602,KNJAŽEVAC,KNJAŽEVAC,КЊАЖЕВАЦ,0.0,0.0,0.0,0.0,0.0,6.811677554722999,63.27956008911133,13,33,2026-08-21T09:00:00Z,2026-08-20T00:00:00Z,8.0,0.0,653.3,67.9,0.0,4.6,13,,0.0,0.0,0.0,,,,4.0,2,8.0,0,0,0,0,GREEN,БЕЗ ЗНАЧАЈНОГ РИЗИКА,NO SIGNIFICANT RISK,MODERATE,ECMWF ENS,ECMWF ENS | GEFS,0.0,2,0.0,0,0,0,0,GREEN,БЕЗ ЗНАЧАЈНОГ РИЗИКА,NO SIGNIFICANT RISK,MODERATE,ECMWF ENS,ECMWF ENS | GEFS,0.0,2,0.0,0,0,0,0,GREEN,БЕЗ ЗНАЧАЈНОГ РИЗИКА,NO SIGNIFICANT RISK,MODERATE,ECMWF ENS,ECMWF ENS | GEFS,0.0,2,0.0,0,0,0,0,GREEN,БЕЗ ЗНАЧАЈНОГ РИЗИКА,NO SIGNIFICANT RISK,MODERATE,ECMWF ENS,ECMWF ENS | GEFS,0,GREEN,БЕЗ ЗНАЧАЈНОГ РИЗИКА,NO SIGNIFICANT RISK,NONE,MODERATE,3,2026-08-21T06:00:00+00:00,2026-08-21T09:00:00+00:00,STORMS,EXPERIMENTAL,DEVELOPMENTAL MULTIMODEL SIGNAL - NOT CALIBRATED PROBABILITY,PUBLIC OPEN-DATA SERVICES,INDEPENDENT PROJECT - NOT AN OFFICIAL RHMZ WARNING PRODUCT
80195,KANJIŽA,KANJIŽA,КАЊИЖА,0.0,0.0,0.0,0.0,0.0,11.86061972019953,67.19820404052734,9,33,2026-08-21T09:00:00Z,2026-08-20T00:00:00Z,0.0,0.0,184.1,53.9,0.0,10.3,9,,0.0,0.0,0.0,,,,0.0,2,0.0,0,0,0,0,GREEN,БЕЗ ЗНАЧАЈНОГ РИЗИКА,NO SIGNIFICANT RISK,MODERATE,ECMWF ENS,ECMWF ENS | GEFS,0.0,2,0.0,0,0,0,0,GREEN,БЕЗ ЗНАЧАЈНОГ РИЗИКА,NO SIGNIFICANT RISK,MODERATE,ECMWF ENS,ECMWF ENS | GEFS,0.0,2,0.0,0,0,0,0,GREEN,БЕЗ ЗНАЧАЈНОГ РИЗИКА,NO SIGNIFICANT RISK,MODERATE,ECMWF ENS,ECMWF ENS | GEFS,0.0,2,0.0,0,0,0,0,GREEN,БЕЗ ЗНАЧАЈНОГ РИЗИКА,NO SIGNIFICANT RISK,MODERATE,ECMWF ENS,ECMWF ENS | GEFS,0,GREEN,БЕЗ ЗНАЧАЈНОГ РИЗИКА,NO SIGNIFICANT RISK,NONE,MODERATE,3,2026-08-21T06:00:00+00:00,2026-08-21T09:00:00+00:00,STORMS,EXPERIMENTAL,DEVELOPMENTAL MULTIMODEL SIGNAL - NOT CALIBRATED PROBABILITY,PUBLIC OPEN-DATA SERVICES,INDEPENDENT PROJECT - NOT AN OFFICIAL RHMZ WARNING PRODUCT
90115,KAČANIK,KAČANIK,КАЧАНИК,0.0,0.0,0.0,0.0,0.0,4.5550618028420296,69.361328125,7,33,2026-08-21T09:00:00Z,2026-08-20T00:00:00Z,6.0,0.0,677.8,65.8,0.0,5.3,7,,0.0,0.0,0.0,,,,3.0,2,6.0,0,0,0,0,GREEN,БЕЗ ЗНАЧАЈНОГ РИЗИКА,NO SIGNIFICANT RISK,MODERATE,ECMWF ENS,ECMWF ENS | GEFS,0.0,2,0.0,0,0,0,0,GREEN,БЕЗ ЗНАЧАЈНОГ РИЗИКА,NO SIGNIFICANT RISK,MODERATE,ECMWF ENS,ECMWF ENS | GEFS,0.0,2,0.0,0,0,0,0,GREEN,БЕЗ ЗНАЧАЈНОГ РИЗИКА,NO SIGNIFICANT RISK,MODERATE,ECMWF ENS,ECMWF ENS | GEFS,0.0,2,0.0,0,0,0,0,GREEN,БЕЗ ЗНАЧАЈНОГ РИЗИКА,NO SIGNIFICANT RISK,MODERATE,ECMWF ENS,ECMWF ENS | GEFS,0,GREEN,БЕЗ ЗНАЧАЈНОГ РИЗИКА,NO SIGNIFICANT RISK,NONE,MODERATE,3,2026-08-21T06:00:00+00:00,2026-08-21T09:00:00+00:00,STORMS,EXPERIMENTAL,DEVELOPMENTAL MULTIMODEL SIGNAL - NOT CALIBRATED PROBABILITY,PUBLIC OPEN-DATA SERVICES,INDEPENDENT PROJECT - NOT AN OFFICIAL RHMZ WARNING PRODUCT
80209,KIKINDA,KIKINDA,КИКИНДА,0.0,0.0,0.0,0.0,0.0,11.613591559218072,53.34454345703125,11,33,2026-08-21T09:00:00Z,2026-08-20T00:00:00Z,0.0,0.0,163.3,44.5,0.0,9.2,11,,0.0,0.0,0.0,,,,0.0,2,0.0,0,0,0,0,GREEN,БЕЗ ЗНАЧАЈНОГ РИЗИКА,NO SIGNIFICANT RISK,MODERATE,ECMWF ENS,ECMWF ENS | GEFS,0.0,2,0.0,0,0,0,0,GREEN,БЕЗ ЗНАЧАЈНОГ РИЗИКА,NO SIGNIFICANT RISK,MODERATE,ECMWF ENS,ECMWF ENS | GEFS,0.0,2,0.0,0,0,0,0,GREEN,БЕЗ ЗНАЧАЈНОГ РИЗИКА,NO SIGNIFICANT RISK,MODERATE,ECMWF ENS,ECMWF ENS | GEFS,0.0,2,0.0,0,0,0,0,GREEN,БЕЗ ЗНАЧАЈНОГ РИЗИКА,NO SIGNIFICANT RISK,MODERATE,ECMWF ENS,ECMWF ENS | GEFS,0,GREEN,БЕЗ ЗНАЧАЈНОГ РИЗИКА,NO SIGNIFICANT RISK,NONE,MODERATE,3,2026-08-21T06:00:00+00:00,2026-08-21T09:00:00+00:00,STORMS,EXPERIMENTAL,DEVELOPMENTAL MULTIMODEL SIGNAL - NOT CALIBRATED PROBABILITY,PUBLIC OPEN-DATA SERVICES,INDEPENDENT PROJECT - NOT AN OFFICIAL RHMZ WARNING PRODUCT
70572,KLADOVO,KLADOVO,КЛАДОВО,0.0,0.0,0.0,0.0,0.0,11.00761749678366,62.0,10,33,2026-08-21T09:00:00Z,2026-08-20T00:00:00Z,0.0,0.0,0.0,59.8,0.0,12.3,10,,0.0,0.0,0.0,,,,0.0,2,0.0,0,0,0,0,GREEN,БЕЗ ЗНАЧАЈНОГ РИЗИКА,NO SIGNIFICANT RISK,MODERATE,ECMWF ENS,ECMWF ENS | GEFS,0.0,2,0.0,0,0,0,0,GREEN,БЕЗ ЗНАЧАЈНОГ РИЗИКА,NO SIGNIFICANT RISK,MODERATE,ECMWF ENS,ECMWF ENS | GEFS,0.0,2,0.0,0,0,0,0,GREEN,БЕЗ ЗНАЧАЈНОГ РИЗИКА,NO SIGNIFICANT RISK,MODERATE,ECMWF ENS,ECMWF ENS | GEFS,0.0,2,0.0,0,0,0,0,GREEN,БЕЗ ЗНАЧАЈНОГ РИЗИКА,NO SIGNIFICANT RISK,MODERATE,ECMWF ENS,ECMWF ENS | GEFS,0,GREEN,БЕЗ ЗНАЧАЈНОГ РИЗИКА,NO SIGNIFICANT RISK,NONE,MODERATE,3,2026-08-21T06:00:00+00:00,2026-08-21T09:00:00+00:00,STORMS,EXPERIMENTAL,DEVELOPMENTAL MULTIMODEL SIGNAL - NOT CALIBRATED PROBABILITY,PUBLIC OPEN-DATA SERVICES,INDEPENDENT PROJECT - NOT AN OFFICIAL RHMZ WARNING PRODUCT
90123,KLINA,KLINA,КЛИНА,0.0,0.0,0.0,0.0,0.0,5.933582193293827,64.5,8,33,2026-08-21T09:00:00Z,2026-08-20T00:00:00Z,0.0,0.0,4.2,36.5,0.0,6.7,8,,0.0,0.0,0.0,,,,0.0,2,0.0,0,0,0,0,GREEN,БЕЗ ЗНАЧАЈНОГ РИЗИКА,NO SIGNIFICANT RISK,MODERATE,ECMWF ENS,ECMWF ENS | GEFS,0.0,2,0.0,0,0,0,0,GREEN,БЕЗ ЗНАЧАЈНОГ РИЗИКА,NO SIGNIFICANT RISK,MODERATE,ECMWF ENS,ECMWF ENS | GEFS,0.0,2,0.0,0,0,0,0,GREEN,БЕЗ ЗНАЧАЈНОГ РИЗИКА,NO SIGNIFICANT RISK,MODERATE,ECMWF ENS,ECMWF ENS | GEFS,0.0,2,0.0,0,0,0,0,GREEN,БЕЗ ЗНАЧАЈНОГ РИЗИКА,NO SIGNIFICANT RISK,MODERATE,ECMWF ENS,ECMWF ENS | GEFS,0,GREEN,БЕЗ ЗНАЧАЈНОГ РИЗИКА,NO SIGNIFICANT RISK,NONE,MODERATE,3,2026-08-21T06:00:00+00:00,2026-08-21T09:00:00+00:00,STORMS,EXPERIMENTAL,DEVELOPMENTAL MULTIMODEL SIGNAL - NOT CALIBRATED PROBABILITY,PUBLIC OPEN-DATA SERVICES,INDEPENDENT PROJECT - NOT AN OFFICIAL RHMZ WARNING PRODUCT
70599,KNIĆ,KNIĆ,КНИЋ,0.0,0.0,0.0,0.0,0.0,10.151038702370313,65.79999923706055,9,33,2026-08-21T09:00:00Z,2026-08-20T00:00:00Z,0.0,0.0,0.0,18.6,0.0,8.5,9,,0.0,0.0,0.0,,,,0.0,2,0.0,0,0,0,0,GREEN,БЕЗ ЗНАЧАЈНОГ РИЗИКА,NO SIGNIFICANT RISK,MODERATE,ECMWF ENS,ECMWF ENS | GEFS,0.0,2,0.0,0,0,0,0,GREEN,БЕЗ ЗНАЧАЈНОГ РИЗИКА,NO SIGNIFICANT RISK,MODERATE,ECMWF ENS,ECMWF ENS | GEFS,0.0,2,0.0,0,0,0,0,GREEN,БЕЗ ЗНАЧАЈНОГ РИЗИКА,NO SIGNIFICANT RISK,MODERATE,ECMWF ENS,ECMWF ENS | GEFS,0.0,2,0.0,0,0,0,0,GREEN,БЕЗ ЗНАЧАЈНОГ РИЗИКА,NO SIGNIFICANT RISK,MODERATE,ECMWF ENS,ECMWF ENS | GEFS,0,GREEN,БЕЗ ЗНАЧАЈНОГ РИЗИКА,NO SIGNIFICANT RISK,NONE,MODERATE,3,2026-08-21T06:00:00+00:00,2026-08-21T09:00:00+00:00,STORMS,EXPERIMENTAL,DEVELOPMENTAL MULTIMODEL SIGNAL - NOT CALIBRATED PROBABILITY,PUBLIC OPEN-DATA SERVICES,INDEPENDENT PROJECT - NOT AN OFFICIAL RHMZ WARNING PRODUCT
80217,KOVAČICA,KOVAČICA,КОВАЧИЦА,0.0,0.0,0.0,0.0,0.0,11.9203473502745,56.900001525878906,7,33,2026-08-21T09:00:00Z,2026-08-20T00:00:00Z,0.0,0.0,0.0,27.3,0.0,11.5,7,,0.0,0.0,0.0,,,,0.0,2,0.0,0,0,0,0,GREEN,БЕЗ ЗНАЧАЈНОГ РИЗИКА,NO SIGNIFICANT RISK,MODERATE,ECMWF ENS,ECMWF ENS | GEFS,0.0,2,0.0,0,0,0,0,GREEN,БЕЗ ЗНАЧАЈНОГ РИЗИКА,NO SIGNIFICANT RISK,MODERATE,ECMWF ENS,ECMWF ENS | GEFS,0.0,2,0.0,0,0,0,0,GREEN,БЕЗ ЗНАЧАЈНОГ РИЗИКА,NO SIGNIFICANT RISK,MODERATE,ECMWF ENS,ECMWF ENS | GEFS,0.0,2,0.0,0,0,0,0,GREEN,БЕЗ ЗНАЧАЈНОГ РИЗИКА,NO SIGNIFICANT RISK,MODERATE,ECMWF ENS,ECMWF ENS | GEFS,0,GREEN,БЕЗ ЗНАЧАЈНОГ РИЗИКА,NO SIGNIFICANT RISK,NONE,MODERATE,3,2026-08-21T06:00:00+00:00,2026-08-21T09:00:00+00:00,STORMS,EXPERIMENTAL,DEVELOPMENTAL MULTIMODEL SIGNAL - NOT CALIBRATED PROBABILITY,PUBLIC OPEN-DATA SERVICES,INDEPENDENT PROJECT - NOT AN OFFICIAL RHMZ WARNING PRODUCT
80225,KOVIN,KOVIN,КОВИН,0.0,0.0,0.0,0.0,0.0,11.888596622538644,64.5999984741211,11,33,2026-08-21T09:00:00Z,2026-08-20T00:00:00Z,0.0,0.0,0.0,18.5,0.0,11.3,11,,0.0,0.0,0.0,,,,0.0,2,0.0,0,0,0,0,GREEN,БЕЗ ЗНАЧАЈНОГ РИЗИКА,NO SIGNIFICANT RISK,MODERATE,ECMWF ENS,ECMWF ENS | GEFS,0.0,2,0.0,0,0,0,0,GREEN,БЕЗ ЗНАЧАЈНОГ РИЗИКА,NO SIGNIFICANT RISK,MODERATE,ECMWF ENS,ECMWF ENS | GEFS,0.0,2,0.0,0,0,0,0,GREEN,БЕЗ ЗНАЧАЈНОГ РИЗИКА,NO SIGNIFICANT RISK,MODERATE,ECMWF ENS,ECMWF ENS | GEFS,0.0,2,0.0,0,0,0,0,GREEN,БЕЗ ЗНАЧАЈНОГ РИЗИКА,NO SIGNIFICANT RISK,MODERATE,ECMWF ENS,ECMWF ENS | GEFS,0,GREEN,БЕЗ ЗНАЧАЈНОГ РИЗИКА,NO SIGNIFICANT RISK,NONE,MODERATE,3,2026-08-21T06:00:00+00:00,2026-08-21T09:00:00+00:00,STORMS,EXPERIMENTAL,DEVELOPMENTAL MULTIMODEL SIGNAL - NOT CALIBRATED PROBABILITY,PUBLIC OPEN-DATA SERVICES,INDEPENDENT PROJECT - NOT AN OFFICIAL RHMZ WARNING PRODUCT
70629,KOSJERIĆ,KOSJERIĆ,КОСЈЕРИЋ,0.0,0.0,0.0,0.0,0.0,11.563500325251823,46.85000038146973,9,33,2026-08-21T09:00:00Z,2026-08-20T00:00:00Z,0.0,0.0,0.0,24.5,0.0,8.7,9,,0.0,0.0,0.0,,,,0.0,2,0.0,0,0,0,0,GREEN,БЕЗ ЗНАЧАЈНОГ РИЗИКА,NO SIGNIFICANT RISK,MODERATE,ECMWF ENS,ECMWF ENS | GEFS,0.0,2,0.0,0,0,0,0,GREEN,БЕЗ ЗНАЧАЈНОГ РИЗИКА,NO SIGNIFICANT RISK,MODERATE,ECMWF ENS,ECMWF ENS | GEFS,0.0,2,0.0,0,0,0,0,GREEN,БЕЗ ЗНАЧАЈНОГ РИЗИКА,NO SIGNIFICANT RISK,MODERATE,ECMWF ENS,ECMWF ENS | GEFS,0.0,2,0.0,0,0,0,0,GREEN,БЕЗ ЗНАЧАЈНОГ РИЗИКА,NO SIGNIFICANT RISK,MODERATE,ECMWF ENS,ECMWF ENS | GEFS,0,GREEN,БЕЗ ЗНАЧАЈНОГ РИЗИКА,NO SIGNIFICANT RISK,NONE,MODERATE,3,2026-08-21T06:00:00+00:00,2026-08-21T09:00:00+00:00,STORMS,EXPERIMENTAL,DEVELOPMENTAL MULTIMODEL SIGNAL - NOT CALIBRATED PROBABILITY,PUBLIC OPEN-DATA SERVICES,INDEPENDENT PROJECT - NOT AN OFFICIAL RHMZ WARNING PRODUCT
90131,KOSOVO POLJE,KOSOVO POLJE,КОСОВО ПОЉЕ,0.0,0.0,0.0,0.0,0.0,4.970419491838845,64.5,6,33,2026-08-21T09:00:00Z,2026-08-20T00:00:00Z,0.0,0.0,0.0,43.6,0.0,3.7,6,,0.0,0.0,0.0,,,,0.0,2,0.0,0,0,0,0,GREEN,БЕЗ ЗНАЧАЈНОГ РИЗИКА,NO SIGNIFICANT RISK,MODERATE,ECMWF ENS,ECMWF ENS | GEFS,0.0,2,0.0,0,0,0,0,GREEN,БЕЗ ЗНАЧАЈНОГ РИЗИКА,NO SIGNIFICANT RISK,MODERATE,ECMWF ENS,ECMWF ENS | GEFS,0.0,2,0.0,0,0,0,0,GREEN,БЕЗ ЗНАЧАЈНОГ РИЗИКА,NO SIGNIFICANT RISK,MODERATE,ECMWF ENS,ECMWF ENS | GEFS,0.0,2,0.0,0,0,0,0,GREEN,БЕЗ ЗНАЧАЈНОГ РИЗИКА,NO SIGNIFICANT RISK,MODERATE,ECMWF ENS,ECMWF ENS | GEFS,0,GREEN,БЕЗ ЗНАЧАЈНОГ РИЗИКА,NO SIGNIFICANT RISK,NONE,MODERATE,3,2026-08-21T06:00:00+00:00,2026-08-21T09:00:00+00:00,STORMS,EXPERIMENTAL,DEVELOPMENTAL MULTIMODEL SIGNAL - NOT CALIBRATED PROBABILITY,PUBLIC OPEN-DATA SERVICES,INDEPENDENT PROJECT - NOT AN OFFICIAL RHMZ WARNING PRODUCT
90140,KOSOVSKA KAMENICA,KOSOVSKA KAMENICA,КОСОВСКА КАМЕНИЦА,0.0,0.0,0.0,0.0,0.0,3.786006330527791,63.88632583618164,8,33,2026-08-21T09:00:00Z,2026-08-20T00:00:00Z,0.0,0.0,79.3,65.4,0.0,2.8,8,,0.0,0.0,0.0,,,,0.0,2,0.0,0,0,0,0,GREEN,БЕЗ ЗНАЧАЈНОГ РИЗИКА,NO SIGNIFICANT RISK,MODERATE,ECMWF ENS,ECMWF ENS | GEFS,0.0,2,0.0,0,0,0,0,GREEN,БЕЗ ЗНАЧАЈНОГ РИЗИКА,NO SIGNIFICANT RISK,MODERATE,ECMWF ENS,ECMWF ENS | GEFS,0.0,2,0.0,0,0,0,0,GREEN,БЕЗ ЗНАЧАЈНОГ РИЗИКА,NO SIGNIFICANT RISK,MODERATE,ECMWF ENS,ECMWF ENS | GEFS,0.0,2,0.0,0,0,0,0,GREEN,БЕЗ ЗНАЧАЈНОГ РИЗИКА,NO SIGNIFICANT RISK,MODERATE,ECMWF ENS,ECMWF ENS | GEFS,0,GREEN,БЕЗ ЗНАЧАЈНОГ РИЗИКА,NO SIGNIFICANT RISK,NONE,MODERATE,3,2026-08-21T06:00:00+00:00,2026-08-21T09:00:00+00:00,STORMS,EXPERIMENTAL,DEVELOPMENTAL MULTIMODEL SIGNAL - NOT CALIBRATED PROBABILITY,PUBLIC OPEN-DATA SERVICES,INDEPENDENT PROJECT - NOT AN OFFICIAL RHMZ WARNING PRODUCT
90298,KOSOVSKA MITROVICA,KOSOVSKA MITROVICA,КОСОВСКА МИТРОВИЦА,0.0,0.0,0.0,0.0,0.0,7.324550361992955,65.7098159790039,9,33,2026-08-21T09:00:00Z,2026-08-20T00:00:00Z,0.0,0.0,0.0,44.0,0.0,5.2,9,,0.0,0.0,0.0,,,,0.0,2,0.0,0,0,0,0,GREEN,БЕЗ ЗНАЧАЈНОГ РИЗИКА,NO SIGNIFICANT RISK,MODERATE,ECMWF ENS,ECMWF ENS | GEFS,0.0,2,0.0,0,0,0,0,GREEN,БЕЗ ЗНАЧАЈНОГ РИЗИКА,NO SIGNIFICANT RISK,MODERATE,ECMWF ENS,ECMWF ENS | GEFS,0.0,2,0.0,0,0,0,0,GREEN,БЕЗ ЗНАЧАЈНОГ РИЗИКА,NO SIGNIFICANT RISK,MODERATE,ECMWF ENS,ECMWF ENS | GEFS,0.0,2,0.0,0,0,0,0,GREEN,БЕЗ ЗНАЧАЈНОГ РИЗИКА,NO SIGNIFICANT RISK,MODERATE,ECMWF ENS,ECMWF ENS | GEFS,0,GREEN,БЕЗ ЗНАЧАЈНОГ РИЗИКА,NO SIGNIFICANT RISK,NONE,MODERATE,3,2026-08-21T06:00:00+00:00,2026-08-21T09:00:00+00:00,STORMS,EXPERIMENTAL,DEVELOPMENTAL MULTIMODEL SIGNAL - NOT CALIBRATED PROBABILITY,PUBLIC OPEN-DATA SERVICES,INDEPENDENT PROJECT - NOT AN OFFICIAL RHMZ WARNING PRODUCT
70637,KOCELJEVA,KOCELJEVA,КОЦЕЉЕВА,0.0,0.0,0.0,0.0,0.0,12.505340027396224,41.20000076293945,8,33,2026-08-21T09:00:00Z,2026-08-20T00:00:00Z,0.0,0.0,0.0,26.2,0.0,8.6,8,,0.0,0.0,0.0,,,,0.0,2,0.0,0,0,0,0,GREEN,БЕЗ ЗНАЧАЈНОГ РИЗИКА,NO SIGNIFICANT RISK,MODERATE,ECMWF ENS,ECMWF ENS | GEFS,0.0,2,0.0,0,0,0,0,GREEN,БЕЗ ЗНАЧАЈНОГ РИЗИКА,NO SIGNIFICANT RISK,MODERATE,ECMWF ENS,ECMWF ENS | GEFS,0.0,2,0.0,0,0,0,0,GREEN,БЕЗ ЗНАЧАЈНОГ РИЗИКА,NO SIGNIFICANT RISK,MODERATE,ECMWF ENS,ECMWF ENS | GEFS,0.0,2,0.0,0,0,0,0,GREEN,БЕЗ ЗНАЧАЈНОГ РИЗИКА,NO SIGNIFICANT RISK,MODERATE,ECMWF ENS,ECMWF ENS | GEFS,0,GREEN,БЕЗ ЗНАЧАЈНОГ РИЗИКА,NO SIGNIFICANT RISK,NONE,MODERATE,3,2026-08-21T06:00:00+00:00,2026-08-21T09:00:00+00:00,STORMS,EXPERIMENTAL,DEVELOPMENTAL MULTIMODEL SIGNAL - NOT CALIBRATED PROBABILITY,PUBLIC OPEN-DATA SERVICES,INDEPENDENT PROJECT - NOT AN OFFICIAL RHMZ WARNING PRODUCT
70653,KRALJEVO-GRAD,KRALJEVO-GRAD,КРАЉЕВО-ГРАД,0.0,0.0,0.0,0.0,0.0,8.972589519185162,66.30000305175781,15,33,2026-08-21T09:00:00Z,2026-08-20T00:00:00Z,0.0,0.0,0.0,19.3,0.0,7.5,15,,0.0,0.0,0.0,,,,0.0,2,0.0,0,0,0,0,GREEN,БЕЗ ЗНАЧАЈНОГ РИЗИКА,NO SIGNIFICANT RISK,MODERATE,ECMWF ENS,ECMWF ENS | GEFS,0.0,2,0.0,0,0,0,0,GREEN,БЕЗ ЗНАЧАЈНОГ РИЗИКА,NO SIGNIFICANT RISK,MODERATE,ECMWF ENS,ECMWF ENS | GEFS,0.0,2,0.0,0,0,0,0,GREEN,БЕЗ ЗНАЧАЈНОГ РИЗИКА,NO SIGNIFICANT RISK,MODERATE,ECMWF ENS,ECMWF ENS | GEFS,0.0,2,0.0,0,0,0,0,GREEN,БЕЗ ЗНАЧАЈНОГ РИЗИКА,NO SIGNIFICANT RISK,MODERATE,ECMWF ENS,ECMWF ENS | GEFS,0,GREEN,БЕЗ ЗНАЧАЈНОГ РИЗИКА,NO SIGNIFICANT RISK,NONE,MODERATE,3,2026-08-21T06:00:00+00:00,2026-08-21T09:00:00+00:00,STORMS,EXPERIMENTAL,DEVELOPMENTAL MULTIMODEL SIGNAL - NOT CALIBRATED PROBABILITY,PUBLIC OPEN-DATA SERVICES,INDEPENDENT PROJECT - NOT AN OFFICIAL RHMZ WARNING PRODUCT
70645,KRAGUJEVAC-GRAD,KRAGUJEVAC-GRAD,КРАГУЈЕВАЦ-ГРАД,0.0,0.0,0.0,0.0,0.0,10.151038702370313,65.79999923706055,11,33,2026-08-21T09:00:00Z,2026-08-20T00:00:00Z,0.0,0.0,0.0,18.6,0.0,8.5,11,,0.0,0.0,0.0,,,,0.0,2,0.0,0,0,0,0,GREEN,БЕЗ ЗНАЧАЈНОГ РИЗИКА,NO SIGNIFICANT RISK,MODERATE,ECMWF ENS,ECMWF ENS | GEFS,0.0,2,0.0,0,0,0,0,GREEN,БЕЗ ЗНАЧАЈНОГ РИЗИКА,NO SIGNIFICANT RISK,MODERATE,ECMWF ENS,ECMWF ENS | GEFS,0.0,2,0.0,0,0,0,0,GREEN,БЕЗ ЗНАЧАЈНОГ РИЗИКА,NO SIGNIFICANT RISK,MODERATE,ECMWF ENS,ECMWF ENS | GEFS,0.0,2,0.0,0,0,0,0,GREEN,БЕЗ ЗНАЧАЈНОГ РИЗИКА,NO SIGNIFICANT RISK,MODERATE,ECMWF ENS,ECMWF ENS | GEFS,0,GREEN,БЕЗ ЗНАЧАЈНОГ РИЗИКА,NO SIGNIFICANT RISK,NONE,MODERATE,3,2026-08-21T06:00:00+00:00,2026-08-21T09:00:00+00:00,STORMS,EXPERIMENTAL,DEVELOPMENTAL MULTIMODEL SIGNAL - NOT CALIBRATED PROBABILITY,PUBLIC OPEN-DATA SERVICES,INDEPENDENT PROJECT - NOT AN OFFICIAL RHMZ WARNING PRODUCT
70661,KRUPANJ,KRUPANJ,КРУПАЊ,0.0,0.0,0.0,0.0,0.0,13.564903962696883,38.52499961853027,8,33,2026-08-21T09:00:00Z,2026-08-20T00:00:00Z,0.0,0.0,0.0,37.3,0.0,8.8,8,,0.0,0.0,0.0,,,,0.0,2,0.0,0,0,0,0,GREEN,БЕЗ ЗНАЧАЈНОГ РИЗИКА,NO SIGNIFICANT RISK,MODERATE,ECMWF ENS,ECMWF ENS | GEFS,0.0,2,0.0,0,0,0,0,GREEN,БЕЗ ЗНАЧАЈНОГ РИЗИКА,NO SIGNIFICANT RISK,MODERATE,ECMWF ENS,ECMWF ENS | GEFS,0.0,2,0.0,0,0,0,0,GREEN,БЕЗ ЗНАЧАЈНОГ РИЗИКА,NO SIGNIFICANT RISK,MODERATE,ECMWF ENS,ECMWF ENS | GEFS,0.0,2,0.0,0,0,0,0,GREEN,БЕЗ ЗНАЧАЈНОГ РИЗИКА,NO SIGNIFICANT RISK,MODERATE,ECMWF ENS,ECMWF ENS | GEFS,0,GREEN,БЕЗ ЗНАЧАЈНОГ РИЗИКА,NO SIGNIFICANT RISK,NONE,MODERATE,3,2026-08-21T06:00:00+00:00,2026-08-21T09:00:00+00:00,STORMS,EXPERIMENTAL,DEVELOPMENTAL MULTIMODEL SIGNAL - NOT CALIBRATED PROBABILITY,PUBLIC OPEN-DATA SERVICES,INDEPENDENT PROJECT - NOT AN OFFICIAL RHMZ WARNING PRODUCT
70670,KRUŠEVAC-GRAD,KRUŠEVAC-GRAD,КРУШЕВАЦ-ГРАД,0.0,0.0,0.0,0.0,0.0,7.972976146554021,65.79999923706055,12,33,2026-08-21T09:00:00Z,2026-08-20T00:00:00Z,0.0,0.0,0.0,31.3,0.0,5.8,12,,0.0,0.0,0.0,,,,0.0,2,0.0,0,0,0,0,GREEN,БЕЗ ЗНАЧАЈНОГ РИЗИКА,NO SIGNIFICANT RISK,MODERATE,ECMWF ENS,ECMWF ENS | GEFS,0.0,2,0.0,0,0,0,0,GREEN,БЕЗ ЗНАЧАЈНОГ РИЗИКА,NO SIGNIFICANT RISK,MODERATE,ECMWF ENS,ECMWF ENS | GEFS,0.0,2,0.0,0,0,0,0,GREEN,БЕЗ ЗНАЧАЈНОГ РИЗИКА,NO SIGNIFICANT RISK,MODERATE,ECMWF ENS,ECMWF ENS | GEFS,0.0,2,0.0,0,0,0,0,GREEN,БЕЗ ЗНАЧАЈНОГ РИЗИКА,NO SIGNIFICANT RISK,MODERATE,ECMWF ENS,ECMWF ENS | GEFS,0,GREEN,БЕЗ ЗНАЧАЈНОГ РИЗИКА,NO SIGNIFICANT RISK,NONE,MODERATE,3,2026-08-21T06:00:00+00:00,2026-08-21T09:00:00+00:00,STORMS,EXPERIMENTAL,DEVELOPMENTAL MULTIMODEL SIGNAL - NOT CALIBRATED PROBABILITY,PUBLIC OPEN-DATA SERVICES,INDEPENDENT PROJECT - NOT AN OFFICIAL RHMZ WARNING PRODUCT
80233,KULA,KULA,КУЛА,0.0,0.0,0.0,0.0,0.0,11.958637779525148,67.19820404052734,8,33,2026-08-21T09:00:00Z,2026-08-20T00:00:00Z,0.0,0.0,189.6,58.2,0.0,9.5,8,,0.0,0.0,0.0,,,,0.0,2,0.0,0,0,0,0,GREEN,БЕЗ ЗНАЧАЈНОГ РИЗИКА,NO SIGNIFICANT RISK,MODERATE,ECMWF ENS,ECMWF ENS | GEFS,0.0,2,0.0,0,0,0,0,GREEN,БЕЗ ЗНАЧАЈНОГ РИЗИКА,NO SIGNIFICANT RISK,MODERATE,ECMWF ENS,ECMWF ENS | GEFS,0.0,2,0.0,0,0,0,0,GREEN,БЕЗ ЗНАЧАЈНОГ РИЗИКА,NO SIGNIFICANT RISK,MODERATE,ECMWF ENS,ECMWF ENS | GEFS,0.0,2,0.0,0,0,0,0,GREEN,БЕЗ ЗНАЧАЈНОГ РИЗИКА,NO SIGNIFICANT RISK,MODERATE,ECMWF ENS,ECMWF ENS | GEFS,0,GREEN,БЕЗ ЗНАЧАЈНОГ РИЗИКА,NO SIGNIFICANT RISK,NONE,MODERATE,3,2026-08-21T06:00:00+00:00,2026-08-21T09:00:00+00:00,STORMS,EXPERIMENTAL,DEVELOPMENTAL MULTIMODEL SIGNAL - NOT CALIBRATED PROBABILITY,PUBLIC OPEN-DATA SERVICES,INDEPENDENT PROJECT - NOT AN OFFICIAL RHMZ WARNING PRODUCT
70688,KURŠUMLIJA,KURŠUMLIJA,КУРШУМЛИЈА,0.0,0.0,0.0,0.0,0.0,7.048326308687042,65.7098159790039,11,33,2026-08-21T09:00:00Z,2026-08-20T00:00:00Z,0.0,0.0,0.0,36.5,0.0,6.1,11,,0.0,0.0,0.0,,,,0.0,2,0.0,0,0,0,0,GREEN,БЕЗ ЗНАЧАЈНОГ РИЗИКА,NO SIGNIFICANT RISK,MODERATE,ECMWF ENS,ECMWF ENS | GEFS,0.0,2,0.0,0,0,0,0,GREEN,БЕЗ ЗНАЧАЈНОГ РИЗИКА,NO SIGNIFICANT RISK,MODERATE,ECMWF ENS,ECMWF ENS | GEFS,0.0,2,0.0,0,0,0,0,GREEN,БЕЗ ЗНАЧАЈНОГ РИЗИКА,NO SIGNIFICANT RISK,MODERATE,ECMWF ENS,ECMWF ENS | GEFS,0.0,2,0.0,0,0,0,0,GREEN,БЕЗ ЗНАЧАЈНОГ РИЗИКА,NO SIGNIFICANT RISK,MODERATE,ECMWF ENS,ECMWF ENS | GEFS,0,GREEN,БЕЗ ЗНАЧАЈНОГ РИЗИКА,NO SIGNIFICANT RISK,NONE,MODERATE,3,2026-08-21T06:00:00+00:00,2026-08-21T09:00:00+00:00,STORMS,EXPERIMENTAL,DEVELOPMENTAL MULTIMODEL SIGNAL - NOT CALIBRATED PROBABILITY,PUBLIC OPEN-DATA SERVICES,INDEPENDENT PROJECT - NOT AN OFFICIAL RHMZ WARNING PRODUCT
70696,KUČEVO,KUČEVO,КУЧЕВО,0.0,0.0,0.0,0.0,0.0,11.050070955233792,63.52500057220459,11,33,2026-08-21T09:00:00Z,2026-08-20T00:00:00Z,0.0,0.0,0.0,27.1,0.0,11.0,11,,0.0,0.0,0.0,,,,0.0,2,0.0,0,0,0,0,GREEN,БЕЗ ЗНАЧАЈНОГ РИЗИКА,NO SIGNIFICANT RISK,MODERATE,ECMWF ENS,ECMWF ENS | GEFS,0.0,2,0.0,0,0,0,0,GREEN,БЕЗ ЗНАЧАЈНОГ РИЗИКА,NO SIGNIFICANT RISK,MODERATE,ECMWF ENS,ECMWF ENS | GEFS,0.0,2,0.0,0,0,0,0,GREEN,БЕЗ ЗНАЧАЈНОГ РИЗИКА,NO SIGNIFICANT RISK,MODERATE,ECMWF ENS,ECMWF ENS | GEFS,0.0,2,0.0,0,0,0,0,GREEN,БЕЗ ЗНАЧАЈНОГ РИЗИКА,NO SIGNIFICANT RISK,MODERATE,ECMWF ENS,ECMWF ENS | GEFS,0,GREEN,БЕЗ ЗНАЧАЈНОГ РИЗИКА,NO SIGNIFICANT RISK,NONE,MODERATE,3,2026-08-21T06:00:00+00:00,2026-08-21T09:00:00+00:00,STORMS,EXPERIMENTAL,DEVELOPMENTAL MULTIMODEL SIGNAL - NOT CALIBRATED PROBABILITY,PUBLIC OPEN-DATA SERVICES,INDEPENDENT PROJECT - NOT AN OFFICIAL RHMZ WARNING PRODUCT
70700,LAJKOVAC,LAJKOVAC,ЛАЈКОВАЦ,0.0,0.0,0.0,0.0,0.0,11.477676014671903,52.01694488525391,6,33,2026-08-21T09:00:00Z,2026-08-20T00:00:00Z,0.0,0.0,0.0,20.5,0.0,9.0,6,,0.0,0.0,0.0,,,,0.0,2,0.0,0,0,0,0,GREEN,БЕЗ ЗНАЧАЈНОГ РИЗИКА,NO SIGNIFICANT RISK,MODERATE,ECMWF ENS,ECMWF ENS | GEFS,0.0,2,0.0,0,0,0,0,GREEN,БЕЗ ЗНАЧАЈНОГ РИЗИКА,NO SIGNIFICANT RISK,MODERATE,ECMWF ENS,ECMWF ENS | GEFS,0.0,2,0.0,0,0,0,0,GREEN,БЕЗ ЗНАЧАЈНОГ РИЗИКА,NO SIGNIFICANT RISK,MODERATE,ECMWF ENS,ECMWF ENS | GEFS,0.0,2,0.0,0,0,0,0,GREEN,БЕЗ ЗНАЧАЈНОГ РИЗИКА,NO SIGNIFICANT RISK,MODERATE,ECMWF ENS,ECMWF ENS | GEFS,0,GREEN,БЕЗ ЗНАЧАЈНОГ РИЗИКА,NO SIGNIFICANT RISK,NONE,MODERATE,3,2026-08-21T06:00:00+00:00,2026-08-21T09:00:00+00:00,STORMS,EXPERIMENTAL,DEVELOPMENTAL MULTIMODEL SIGNAL - NOT CALIBRATED PROBABILITY,PUBLIC OPEN-DATA SERVICES,INDEPENDENT PROJECT - NOT AN OFFICIAL RHMZ WARNING PRODUCT
71277,LAPOVO,LAPOVO,ЛАПОВО,0.0,0.0,0.0,0.0,0.0,9.637053310224992,65.30000305175781,5,33,2026-08-21T09:00:00Z,2026-08-20T00:00:00Z,0.0,0.0,0.0,20.4,0.0,8.1,5,,0.0,0.0,0.0,,,,0.0,2,0.0,0,0,0,0,GREEN,БЕЗ ЗНАЧАЈНОГ РИЗИКА,NO SIGNIFICANT RISK,MODERATE,ECMWF ENS,ECMWF ENS | GEFS,0.0,2,0.0,0,0,0,0,GREEN,БЕЗ ЗНАЧАЈНОГ РИЗИКА,NO SIGNIFICANT RISK,MODERATE,ECMWF ENS,ECMWF ENS | GEFS,0.0,2,0.0,0,0,0,0,GREEN,БЕЗ ЗНАЧАЈНОГ РИЗИКА,NO SIGNIFICANT RISK,MODERATE,ECMWF ENS,ECMWF ENS | GEFS,0.0,2,0.0,0,0,0,0,GREEN,БЕЗ ЗНАЧАЈНОГ РИЗИКА,NO SIGNIFICANT RISK,MODERATE,ECMWF ENS,ECMWF ENS | GEFS,0,GREEN,БЕЗ ЗНАЧАЈНОГ РИЗИКА,NO SIGNIFICANT RISK,NONE,MODERATE,3,2026-08-21T06:00:00+00:00,2026-08-21T09:00:00+00:00,STORMS,EXPERIMENTAL,DEVELOPMENTAL MULTIMODEL SIGNAL - NOT CALIBRATED PROBABILITY,PUBLIC OPEN-DATA SERVICES,INDEPENDENT PROJECT - NOT AN OFFICIAL RHMZ WARNING PRODUCT
70718,LEBANE,LEBANE,ЛЕБАНЕ,0.0,0.0,0.0,0.0,0.0,4.024413048984713,65.0999984741211,8,33,2026-08-21T09:00:00Z,2026-08-20T00:00:00Z,0.0,0.0,0.0,60.8,0.0,2.3,8,,0.0,0.0,0.0,,,,0.0,2,0.0,0,0,0,0,GREEN,БЕЗ ЗНАЧАЈНОГ РИЗИКА,NO SIGNIFICANT RISK,MODERATE,ECMWF ENS,ECMWF ENS | GEFS,0.0,2,0.0,0,0,0,0,GREEN,БЕЗ ЗНАЧАЈНОГ РИЗИКА,NO SIGNIFICANT RISK,MODERATE,ECMWF ENS,ECMWF ENS | GEFS,0.0,2,0.0,0,0,0,0,GREEN,БЕЗ ЗНАЧАЈНОГ РИЗИКА,NO SIGNIFICANT RISK,MODERATE,ECMWF ENS,ECMWF ENS | GEFS,0.0,2,0.0,0,0,0,0,GREEN,БЕЗ ЗНАЧАЈНОГ РИЗИКА,NO SIGNIFICANT RISK,MODERATE,ECMWF ENS,ECMWF ENS | GEFS,0,GREEN,БЕЗ ЗНАЧАЈНОГ РИЗИКА,NO SIGNIFICANT RISK,NONE,MODERATE,3,2026-08-21T06:00:00+00:00,2026-08-21T09:00:00+00:00,STORMS,EXPERIMENTAL,DEVELOPMENTAL MULTIMODEL SIGNAL - NOT CALIBRATED PROBABILITY,PUBLIC OPEN-DATA SERVICES,INDEPENDENT PROJECT - NOT AN OFFICIAL RHMZ WARNING PRODUCT
90158,LEPOSAVIĆ,LEPOSAVIĆ,ЛЕПОСАВИЋ,0.0,0.0,0.0,0.0,0.0,7.664183175845105,65.7098159790039,7,33,2026-08-21T09:00:00Z,2026-08-20T00:00:00Z,0.0,0.0,0.0,29.7,0.0,6.4,7,,0.0,0.0,0.0,,,,0.0,2,0.0,0,0,0,0,GREEN,БЕЗ ЗНАЧАЈНОГ РИЗИКА,NO SIGNIFICANT RISK,MODERATE,ECMWF ENS,ECMWF ENS | GEFS,0.0,2,0.0,0,0,0,0,GREEN,БЕЗ ЗНАЧАЈНОГ РИЗИКА,NO SIGNIFICANT RISK,MODERATE,ECMWF ENS,ECMWF ENS | GEFS,0.0,2,0.0,0,0,0,0,GREEN,БЕЗ ЗНАЧАЈНОГ РИЗИКА,NO SIGNIFICANT RISK,MODERATE,ECMWF ENS,ECMWF ENS | GEFS,0.0,2,0.0,0,0,0,0,GREEN,БЕЗ ЗНАЧАЈНОГ РИЗИКА,NO SIGNIFICANT RISK,MODERATE,ECMWF ENS,ECMWF ENS | GEFS,0,GREEN,БЕЗ ЗНАЧАЈНОГ РИЗИКА,NO SIGNIFICANT RISK,NONE,MODERATE,3,2026-08-21T06:00:00+00:00,2026-08-21T09:00:00+00:00,STORMS,EXPERIMENTAL,DEVELOPMENTAL MULTIMODEL SIGNAL - NOT CALIBRATED PROBABILITY,PUBLIC OPEN-DATA SERVICES,INDEPENDENT PROJECT - NOT AN OFFICIAL RHMZ WARNING PRODUCT
70726,LESKOVAC-GRAD,LESKOVAC-GRAD,ЛЕСКОВАЦ-ГРАД,0.0,0.0,0.0,0.0,0.0,4.334643801282663,65.0999984741211,13,33,2026-08-21T09:00:00Z,2026-08-20T00:00:00Z,0.0,0.0,84.4,63.0,0.0,3.1,13,,0.0,0.0,0.0,,,,0.0,2,0.0,0,0,0,0,GREEN,БЕЗ ЗНАЧАЈНОГ РИЗИКА,NO SIGNIFICANT RISK,MODERATE,ECMWF ENS,ECMWF ENS | GEFS,0.0,2,0.0,0,0,0,0,GREEN,БЕЗ ЗНАЧАЈНОГ РИЗИКА,NO SIGNIFICANT RISK,MODERATE,ECMWF ENS,ECMWF ENS | GEFS,0.0,2,0.0,0,0,0,0,GREEN,БЕЗ ЗНАЧАЈНОГ РИЗИКА,NO SIGNIFICANT RISK,MODERATE,ECMWF ENS,ECMWF ENS | GEFS,0.0,2,0.0,0,0,0,0,GREEN,БЕЗ ЗНАЧАЈНОГ РИЗИКА,NO SIGNIFICANT RISK,MODERATE,ECMWF ENS,ECMWF ENS | GEFS,0,GREEN,БЕЗ ЗНАЧАЈНОГ РИЗИКА,NO SIGNIFICANT RISK,NONE,MODERATE,3,2026-08-21T06:00:00+00:00,2026-08-21T09:00:00+00:00,STORMS,EXPERIMENTAL,DEVELOPMENTAL MULTIMODEL SIGNAL - NOT CALIBRATED PROBABILITY,PUBLIC OPEN-DATA SERVICES,INDEPENDENT PROJECT - NOT AN OFFICIAL RHMZ WARNING PRODUCT
90166,LIPLJAN,LIPLJAN,ЛИПЉАН,0.0,0.0,0.0,0.0,0.0,4.319408622233984,67.04999923706055,9,33,2026-08-21T09:00:00Z,2026-08-20T00:00:00Z,6.0,0.0,677.8,65.8,0.0,5.3,9,,0.0,0.0,0.0,,,,3.0,2,6.0,0,0,0,0,GREEN,БЕЗ ЗНАЧАЈНОГ РИЗИКА,NO SIGNIFICANT RISK,MODERATE,ECMWF ENS,ECMWF ENS | GEFS,0.0,2,0.0,0,0,0,0,GREEN,БЕЗ ЗНАЧАЈНОГ РИЗИКА,NO SIGNIFICANT RISK,MODERATE,ECMWF ENS,ECMWF ENS | GEFS,0.0,2,0.0,0,0,0,0,GREEN,БЕЗ ЗНАЧАЈНОГ РИЗИКА,NO SIGNIFICANT RISK,MODERATE,ECMWF ENS,ECMWF ENS | GEFS,0.0,2,0.0,0,0,0,0,GREEN,БЕЗ ЗНАЧАЈНОГ РИЗИКА,NO SIGNIFICANT RISK,MODERATE,ECMWF ENS,ECMWF ENS | GEFS,0,GREEN,БЕЗ ЗНАЧАЈНОГ РИЗИКА,NO SIGNIFICANT RISK,NONE,MODERATE,3,2026-08-21T06:00:00+00:00,2026-08-21T09:00:00+00:00,STORMS,EXPERIMENTAL,DEVELOPMENTAL MULTIMODEL SIGNAL - NOT CALIBRATED PROBABILITY,PUBLIC OPEN-DATA SERVICES,INDEPENDENT PROJECT - NOT AN OFFICIAL RHMZ WARNING PRODUCT
70734,LOZNICA-GRAD,LOZNICA-GRAD,ЛОЗНИЦА-ГРАД,0.0,0.0,0.0,0.0,0.0,13.564903962696883,41.70000076293945,9,33,2026-08-21T09:00:00Z,2026-08-20T00:00:00Z,0.0,0.0,0.0,43.1,0.0,8.2,9,,0.0,0.0,0.0,,,,0.0,2,0.0,0,0,0,0,GREEN,БЕЗ ЗНАЧАЈНОГ РИЗИКА,NO SIGNIFICANT RISK,MODERATE,ECMWF ENS,ECMWF ENS | GEFS,0.0,2,0.0,0,0,0,0,GREEN,БЕЗ ЗНАЧАЈНОГ РИЗИКА,NO SIGNIFICANT RISK,MODERATE,ECMWF ENS,ECMWF ENS | GEFS,0.0,2,0.0,0,0,0,0,GREEN,БЕЗ ЗНАЧАЈНОГ РИЗИКА,NO SIGNIFICANT RISK,MODERATE,ECMWF ENS,ECMWF ENS | GEFS,0.0,2,0.0,0,0,0,0,GREEN,БЕЗ ЗНАЧАЈНОГ РИЗИКА,NO SIGNIFICANT RISK,MODERATE,ECMWF ENS,ECMWF ENS | GEFS,0,GREEN,БЕЗ ЗНАЧАЈНОГ РИЗИКА,NO SIGNIFICANT RISK,NONE,MODERATE,3,2026-08-21T06:00:00+00:00,2026-08-21T09:00:00+00:00,STORMS,EXPERIMENTAL,DEVELOPMENTAL MULTIMODEL SIGNAL - NOT CALIBRATED PROBABILITY,PUBLIC OPEN-DATA SERVICES,INDEPENDENT PROJECT - NOT AN OFFICIAL RHMZ WARNING PRODUCT
70742,LUČANI,LUČANI,ЛУЧАНИ,0.0,0.0,0.0,0.0,0.0,9.75390417542403,66.30000305175781,10,33,2026-08-21T09:00:00Z,2026-08-20T00:00:00Z,0.0,0.0,0.0,17.6,0.0,8.1,10,,0.0,0.0,0.0,,,,0.0,2,0.0,0,0,0,0,GREEN,БЕЗ ЗНАЧАЈНОГ РИЗИКА,NO SIGNIFICANT RISK,MODERATE,ECMWF ENS,ECMWF ENS | GEFS,0.0,2,0.0,0,0,0,0,GREEN,БЕЗ ЗНАЧАЈНОГ РИЗИКА,NO SIGNIFICANT RISK,MODERATE,ECMWF ENS,ECMWF ENS | GEFS,0.0,2,0.0,0,0,0,0,GREEN,БЕЗ ЗНАЧАЈНОГ РИЗИКА,NO SIGNIFICANT RISK,MODERATE,ECMWF ENS,ECMWF ENS | GEFS,0.0,2,0.0,0,0,0,0,GREEN,БЕЗ ЗНАЧАЈНОГ РИЗИКА,NO SIGNIFICANT RISK,MODERATE,ECMWF ENS,ECMWF ENS | GEFS,0,GREEN,БЕЗ ЗНАЧАЈНОГ РИЗИКА,NO SIGNIFICANT RISK,NONE,MODERATE,3,2026-08-21T06:00:00+00:00,2026-08-21T09:00:00+00:00,STORMS,EXPERIMENTAL,DEVELOPMENTAL MULTIMODEL SIGNAL - NOT CALIBRATED PROBABILITY,PUBLIC OPEN-DATA SERVICES,INDEPENDENT PROJECT - NOT AN OFFICIAL RHMZ WARNING PRODUCT
70785,MAJDANPEK,MAJDANPEK,МАЈДАНПЕК,0.0,0.0,0.0,0.0,0.0,11.050070955233792,63.52500057220459,12,33,2026-08-21T09:00:00Z,2026-08-20T00:00:00Z,0.0,0.0,0.0,47.8,0.0,12.3,12,,0.0,0.0,0.0,,,,0.0,2,0.0,0,0,0,0,GREEN,БЕЗ ЗНАЧАЈНОГ РИЗИКА,NO SIGNIFICANT RISK,MODERATE,ECMWF ENS,ECMWF ENS | GEFS,0.0,2,0.0,0,0,0,0,GREEN,БЕЗ ЗНАЧАЈНОГ РИЗИКА,NO SIGNIFICANT RISK,MODERATE,ECMWF ENS,ECMWF ENS | GEFS,0.0,2,0.0,0,0,0,0,GREEN,БЕЗ ЗНАЧАЈНОГ РИЗИКА,NO SIGNIFICANT RISK,MODERATE,ECMWF ENS,ECMWF ENS | GEFS,0.0,2,0.0,0,0,0,0,GREEN,БЕЗ ЗНАЧАЈНОГ РИЗИКА,NO SIGNIFICANT RISK,MODERATE,ECMWF ENS,ECMWF ENS | GEFS,0,GREEN,БЕЗ ЗНАЧАЈНОГ РИЗИКА,NO SIGNIFICANT RISK,NONE,MODERATE,3,2026-08-21T06:00:00+00:00,2026-08-21T09:00:00+00:00,STORMS,EXPERIMENTAL,DEVELOPMENTAL MULTIMODEL SIGNAL - NOT CALIBRATED PROBABILITY,PUBLIC OPEN-DATA SERVICES,INDEPENDENT PROJECT - NOT AN OFFICIAL RHMZ WARNING PRODUCT
70793,MALI ZVORNIK,MALI ZVORNIK,МАЛИ ЗВОРНИК,0.0,0.0,0.0,0.0,0.0,13.564903962696883,37.0,6,33,2026-08-21T09:00:00Z,2026-08-20T00:00:00Z,0.0,0.0,0.0,37.3,0.0,8.8,6,,0.0,0.0,0.0,,,,0.0,2,0.0,0,0,0,0,GREEN,БЕЗ ЗНАЧАЈНОГ РИЗИКА,NO SIGNIFICANT RISK,MODERATE,ECMWF ENS,ECMWF ENS | GEFS,0.0,2,0.0,0,0,0,0,GREEN,БЕЗ ЗНАЧАЈНОГ РИЗИКА,NO SIGNIFICANT RISK,MODERATE,ECMWF ENS,ECMWF ENS | GEFS,0.0,2,0.0,0,0,0,0,GREEN,БЕЗ ЗНАЧАЈНОГ РИЗИКА,NO SIGNIFICANT RISK,MODERATE,ECMWF ENS,ECMWF ENS | GEFS,0.0,2,0.0,0,0,0,0,GREEN,БЕЗ ЗНАЧАЈНОГ РИЗИКА,NO SIGNIFICANT RISK,MODERATE,ECMWF ENS,ECMWF ENS | GEFS,0,GREEN,БЕЗ ЗНАЧАЈНОГ РИЗИКА,NO SIGNIFICANT RISK,NONE,MODERATE,3,2026-08-21T06:00:00+00:00,2026-08-21T09:00:00+00:00,STORMS,EXPERIMENTAL,DEVELOPMENTAL MULTIMODEL SIGNAL - NOT CALIBRATED PROBABILITY,PUBLIC OPEN-DATA SERVICES,INDEPENDENT PROJECT - NOT AN OFFICIAL RHMZ WARNING PRODUCT
80241,MALI IĐOŠ,MALI IĐOŠ,МАЛИ ИЂОШ,0.0,0.0,0.0,0.0,0.0,11.958637779525148,58.400001525878906,6,33,2026-08-21T09:00:00Z,2026-08-20T00:00:00Z,0.0,0.0,28.5,53.4,0.0,8.4,6,,0.0,0.0,0.0,,,,0.0,2,0.0,0,0,0,0,GREEN,БЕЗ ЗНАЧАЈНОГ РИЗИКА,NO SIGNIFICANT RISK,MODERATE,ECMWF ENS,ECMWF ENS | GEFS,0.0,2,0.0,0,0,0,0,GREEN,БЕЗ ЗНАЧАЈНОГ РИЗИКА,NO SIGNIFICANT RISK,MODERATE,ECMWF ENS,ECMWF ENS | GEFS,0.0,2,0.0,0,0,0,0,GREEN,БЕЗ ЗНАЧАЈНОГ РИЗИКА,NO SIGNIFICANT RISK,MODERATE,ECMWF ENS,ECMWF ENS | GEFS,0.0,2,0.0,0,0,0,0,GREEN,БЕЗ ЗНАЧАЈНОГ РИЗИКА,NO SIGNIFICANT RISK,MODERATE,ECMWF ENS,ECMWF ENS | GEFS,0,GREEN,БЕЗ ЗНАЧАЈНОГ РИЗИКА,NO SIGNIFICANT RISK,NONE,MODERATE,3,2026-08-21T06:00:00+00:00,2026-08-21T09:00:00+00:00,STORMS,EXPERIMENTAL,DEVELOPMENTAL MULTIMODEL SIGNAL - NOT CALIBRATED PROBABILITY,PUBLIC OPEN-DATA SERVICES,INDEPENDENT PROJECT - NOT AN OFFICIAL RHMZ WARNING PRODUCT
70807,MALO CRNIĆE,MALO CRNIĆE,МАЛО ЦРНИЋЕ,0.0,0.0,0.0,0.0,0.0,10.989549932358848,64.5999984741211,8,33,2026-08-21T09:00:00Z,2026-08-20T00:00:00Z,0.0,0.0,0.0,20.6,0.0,10.6,8,,0.0,0.0,0.0,,,,0.0,2,0.0,0,0,0,0,GREEN,БЕЗ ЗНАЧАЈНОГ РИЗИКА,NO SIGNIFICANT RISK,MODERATE,ECMWF ENS,ECMWF ENS | GEFS,0.0,2,0.0,0,0,0,0,GREEN,БЕЗ ЗНАЧАЈНОГ РИЗИКА,NO SIGNIFICANT RISK,MODERATE,ECMWF ENS,ECMWF ENS | GEFS,0.0,2,0.0,0,0,0,0,GREEN,БЕЗ ЗНАЧАЈНОГ РИЗИКА,NO SIGNIFICANT RISK,MODERATE,ECMWF ENS,ECMWF ENS | GEFS,0.0,2,0.0,0,0,0,0,GREEN,БЕЗ ЗНАЧАЈНОГ РИЗИКА,NO SIGNIFICANT RISK,MODERATE,ECMWF ENS,ECMWF ENS | GEFS,0,GREEN,БЕЗ ЗНАЧАЈНОГ РИЗИКА,NO SIGNIFICANT RISK,NONE,MODERATE,3,2026-08-21T06:00:00+00:00,2026-08-21T09:00:00+00:00,STORMS,EXPERIMENTAL,DEVELOPMENTAL MULTIMODEL SIGNAL - NOT CALIBRATED PROBABILITY,PUBLIC OPEN-DATA SERVICES,INDEPENDENT PROJECT - NOT AN OFFICIAL RHMZ WARNING PRODUCT
70815,MEDVEĐA,MEDVEĐA,МЕДВЕЂА,0.0,0.0,0.0,0.0,0.0,4.024413048984713,65.0999984741211,9,33,2026-08-21T09:00:00Z,2026-08-20T00:00:00Z,0.0,0.0,0.0,60.8,0.0,2.3,9,,0.0,0.0,0.0,,,,0.0,2,0.0,0,0,0,0,GREEN,БЕЗ ЗНАЧАЈНОГ РИЗИКА,NO SIGNIFICANT RISK,MODERATE,ECMWF ENS,ECMWF ENS | GEFS,0.0,2,0.0,0,0,0,0,GREEN,БЕЗ ЗНАЧАЈНОГ РИЗИКА,NO SIGNIFICANT RISK,MODERATE,ECMWF ENS,ECMWF ENS | GEFS,0.0,2,0.0,0,0,0,0,GREEN,БЕЗ ЗНАЧАЈНОГ РИЗИКА,NO SIGNIFICANT RISK,MODERATE,ECMWF ENS,ECMWF ENS | GEFS,0.0,2,0.0,0,0,0,0,GREEN,БЕЗ ЗНАЧАЈНОГ РИЗИКА,NO SIGNIFICANT RISK,MODERATE,ECMWF ENS,ECMWF ENS | GEFS,0,GREEN,БЕЗ ЗНАЧАЈНОГ РИЗИКА,NO SIGNIFICANT RISK,NONE,MODERATE,3,2026-08-21T06:00:00+00:00,2026-08-21T09:00:00+00:00,STORMS,EXPERIMENTAL,DEVELOPMENTAL MULTIMODEL SIGNAL - NOT CALIBRATED PROBABILITY,PUBLIC OPEN-DATA SERVICES,INDEPENDENT PROJECT - NOT AN OFFICIAL RHMZ WARNING PRODUCT
70823,MEROŠINA,MEROŠINA,МЕРОШИНА,0.0,0.0,0.0,0.0,0.0,5.691348743027402,64.3499984741211,6,33,2026-08-21T09:00:00Z,2026-08-20T00:00:00Z,0.0,0.0,0.0,58.1,0.0,5.0,6,,0.0,0.0,0.0,,,,0.0,2,0.0,0,0,0,0,GREEN,БЕЗ ЗНАЧАЈНОГ РИЗИКА,NO SIGNIFICANT RISK,MODERATE,ECMWF ENS,ECMWF ENS | GEFS,0.0,2,0.0,0,0,0,0,GREEN,БЕЗ ЗНАЧАЈНОГ РИЗИКА,NO SIGNIFICANT RISK,MODERATE,ECMWF ENS,ECMWF ENS | GEFS,0.0,2,0.0,0,0,0,0,GREEN,БЕЗ ЗНАЧАЈНОГ РИЗИКА,NO SIGNIFICANT RISK,MODERATE,ECMWF ENS,ECMWF ENS | GEFS,0.0,2,0.0,0,0,0,0,GREEN,БЕЗ ЗНАЧАЈНОГ РИЗИКА,NO SIGNIFICANT RISK,MODERATE,ECMWF ENS,ECMWF ENS | GEFS,0,GREEN,БЕЗ ЗНАЧАЈНОГ РИЗИКА,NO SIGNIFICANT RISK,NONE,MODERATE,3,2026-08-21T06:00:00+00:00,2026-08-21T09:00:00+00:00,STORMS,EXPERIMENTAL,DEVELOPMENTAL MULTIMODEL SIGNAL - NOT CALIBRATED PROBABILITY,PUBLIC OPEN-DATA SERVICES,INDEPENDENT PROJECT - NOT AN OFFICIAL RHMZ WARNING PRODUCT
70831,MIONICA,MIONICA,МИОНИЦА,0.0,0.0,0.0,0.0,0.0,11.5564215440079,52.01694488525391,9,33,2026-08-21T09:00:00Z,2026-08-20T00:00:00Z,0.0,0.0,0.0,20.5,0.0,9.0,9,,0.0,0.0,0.0,,,,0.0,2,0.0,0,0,0,0,GREEN,БЕЗ ЗНАЧАЈНОГ РИЗИКА,NO SIGNIFICANT RISK,MODERATE,ECMWF ENS,ECMWF ENS | GEFS,0.0,2,0.0,0,0,0,0,GREEN,БЕЗ ЗНАЧАЈНОГ РИЗИКА,NO SIGNIFICANT RISK,MODERATE,ECMWF ENS,ECMWF ENS | GEFS,0.0,2,0.0,0,0,0,0,GREEN,БЕЗ ЗНАЧАЈНОГ РИЗИКА,NO SIGNIFICANT RISK,MODERATE,ECMWF ENS,ECMWF ENS | GEFS,0.0,2,0.0,0,0,0,0,GREEN,БЕЗ ЗНАЧАЈНОГ РИЗИКА,NO SIGNIFICANT RISK,MODERATE,ECMWF ENS,ECMWF ENS | GEFS,0,GREEN,БЕЗ ЗНАЧАЈНОГ РИЗИКА,NO SIGNIFICANT RISK,NONE,MODERATE,3,2026-08-21T06:00:00+00:00,2026-08-21T09:00:00+00:00,STORMS,EXPERIMENTAL,DEVELOPMENTAL MULTIMODEL SIGNAL - NOT CALIBRATED PROBABILITY,PUBLIC OPEN-DATA SERVICES,INDEPENDENT PROJECT - NOT AN OFFICIAL RHMZ WARNING PRODUCT
70840,NEGOTIN,NEGOTIN,НЕГОТИН,0.0,0.0,0.0,0.0,0.0,9.767059002100622,62.0,11,33,2026-08-21T09:00:00Z,2026-08-20T00:00:00Z,0.0,0.0,0.0,52.4,0.0,10.6,11,,0.0,0.0,0.0,,,,0.0,2,0.0,0,0,0,0,GREEN,БЕЗ ЗНАЧАЈНОГ РИЗИКА,NO SIGNIFICANT RISK,MODERATE,ECMWF ENS,ECMWF ENS | GEFS,0.0,2,0.0,0,0,0,0,GREEN,БЕЗ ЗНАЧАЈНОГ РИЗИКА,NO SIGNIFICANT RISK,MODERATE,ECMWF ENS,ECMWF ENS | GEFS,0.0,2,0.0,0,0,0,0,GREEN,БЕЗ ЗНАЧАЈНОГ РИЗИКА,NO SIGNIFICANT RISK,MODERATE,ECMWF ENS,ECMWF ENS | GEFS,0.0,2,0.0,0,0,0,0,GREEN,БЕЗ ЗНАЧАЈНОГ РИЗИКА,NO SIGNIFICANT RISK,MODERATE,ECMWF ENS,ECMWF ENS | GEFS,0,GREEN,БЕЗ ЗНАЧАЈНОГ РИЗИКА,NO SIGNIFICANT RISK,NONE,MODERATE,3,2026-08-21T06:00:00+00:00,2026-08-21T09:00:00+00:00,STORMS,EXPERIMENTAL,DEVELOPMENTAL MULTIMODEL SIGNAL - NOT CALIBRATED PROBABILITY,PUBLIC OPEN-DATA SERVICES,INDEPENDENT PROJECT - NOT AN OFFICIAL RHMZ WARNING PRODUCT
71331,NIŠ-MEDIANA,NIŠ-MEDIANA,НИШ-МЕДИАНА,0.0,0.0,0.0,0.0,0.0,5.287018283287702,62.79999923706055,5,33,2026-08-21T09:00:00Z,2026-08-20T00:00:00Z,0.0,0.0,6.8,60.8,0.0,4.7,5,,0.0,0.0,0.0,,,,0.0,2,0.0,0,0,0,0,GREEN,БЕЗ ЗНАЧАЈНОГ РИЗИКА,NO SIGNIFICANT RISK,MODERATE,ECMWF ENS,ECMWF ENS | GEFS,0.0,2,0.0,0,0,0,0,GREEN,БЕЗ ЗНАЧАЈНОГ РИЗИКА,NO SIGNIFICANT RISK,MODERATE,ECMWF ENS,ECMWF ENS | GEFS,0.0,2,0.0,0,0,0,0,GREEN,БЕЗ ЗНАЧАЈНОГ РИЗИКА,NO SIGNIFICANT RISK,MODERATE,ECMWF ENS,ECMWF ENS | GEFS,0.0,2,0.0,0,0,0,0,GREEN,БЕЗ ЗНАЧАЈНОГ РИЗИКА,NO SIGNIFICANT RISK,MODERATE,ECMWF ENS,ECMWF ENS | GEFS,0,GREEN,БЕЗ ЗНАЧАЈНОГ РИЗИКА,NO SIGNIFICANT RISK,NONE,MODERATE,3,2026-08-21T06:00:00+00:00,2026-08-21T09:00:00+00:00,STORMS,EXPERIMENTAL,DEVELOPMENTAL MULTIMODEL SIGNAL - NOT CALIBRATED PROBABILITY,PUBLIC OPEN-DATA SERVICES,INDEPENDENT PROJECT - NOT AN OFFICIAL RHMZ WARNING PRODUCT
71285,NIŠ-NIŠKA BANJA,NIŠ-NIŠKA BANJA,НИШ-НИШКА БАЊА,0.0,0.0,0.0,0.0,0.0,5.016800234428729,62.79999923706055,5,33,2026-08-21T09:00:00Z,2026-08-20T00:00:00Z,0.0,0.0,41.4,64.2,0.0,3.8,5,,0.0,0.0,0.0,,,,0.0,2,0.0,0,0,0,0,GREEN,БЕЗ ЗНАЧАЈНОГ РИЗИКА,NO SIGNIFICANT RISK,MODERATE,ECMWF ENS,ECMWF ENS | GEFS,0.0,2,0.0,0,0,0,0,GREEN,БЕЗ ЗНАЧАЈНОГ РИЗИКА,NO SIGNIFICANT RISK,MODERATE,ECMWF ENS,ECMWF ENS | GEFS,0.0,2,0.0,0,0,0,0,GREEN,БЕЗ ЗНАЧАЈНОГ РИЗИКА,NO SIGNIFICANT RISK,MODERATE,ECMWF ENS,ECMWF ENS | GEFS,0.0,2,0.0,0,0,0,0,GREEN,БЕЗ ЗНАЧАЈНОГ РИЗИКА,NO SIGNIFICANT RISK,MODERATE,ECMWF ENS,ECMWF ENS | GEFS,0,GREEN,БЕЗ ЗНАЧАЈНОГ РИЗИКА,NO SIGNIFICANT RISK,NONE,MODERATE,3,2026-08-21T06:00:00+00:00,2026-08-21T09:00:00+00:00,STORMS,EXPERIMENTAL,DEVELOPMENTAL MULTIMODEL SIGNAL - NOT CALIBRATED PROBABILITY,PUBLIC OPEN-DATA SERVICES,INDEPENDENT PROJECT - NOT AN OFFICIAL RHMZ WARNING PRODUCT
71323,NIŠ-PALILULA,NIŠ-PALILULA,НИШ-ПАЛИЛУЛА,0.0,0.0,0.0,0.0,0.0,5.287018283287702,64.3499984741211,6,33,2026-08-21T09:00:00Z,2026-08-20T00:00:00Z,0.0,0.0,6.8,60.8,0.0,4.7,6,,0.0,0.0,0.0,,,,0.0,2,0.0,0,0,0,0,GREEN,БЕЗ ЗНАЧАЈНОГ РИЗИКА,NO SIGNIFICANT RISK,MODERATE,ECMWF ENS,ECMWF ENS | GEFS,0.0,2,0.0,0,0,0,0,GREEN,БЕЗ ЗНАЧАЈНОГ РИЗИКА,NO SIGNIFICANT RISK,MODERATE,ECMWF ENS,ECMWF ENS | GEFS,0.0,2,0.0,0,0,0,0,GREEN,БЕЗ ЗНАЧАЈНОГ РИЗИКА,NO SIGNIFICANT RISK,MODERATE,ECMWF ENS,ECMWF ENS | GEFS,0.0,2,0.0,0,0,0,0,GREEN,БЕЗ ЗНАЧАЈНОГ РИЗИКА,NO SIGNIFICANT RISK,MODERATE,ECMWF ENS,ECMWF ENS | GEFS,0,GREEN,БЕЗ ЗНАЧАЈНОГ РИЗИКА,NO SIGNIFICANT RISK,NONE,MODERATE,3,2026-08-21T06:00:00+00:00,2026-08-21T09:00:00+00:00,STORMS,EXPERIMENTAL,DEVELOPMENTAL MULTIMODEL SIGNAL - NOT CALIBRATED PROBABILITY,PUBLIC OPEN-DATA SERVICES,INDEPENDENT PROJECT - NOT AN OFFICIAL RHMZ WARNING PRODUCT
71307,NIŠ-PANTELEJ,NIŠ-PANTELEJ,НИШ-ПАНТЕЛЕЈ,0.0,0.0,0.0,0.0,0.0,5.287018283287702,62.79999923706055,6,33,2026-08-21T09:00:00Z,2026-08-20T00:00:00Z,0.0,0.0,6.8,60.8,0.0,4.7,6,,0.0,0.0,0.0,,,,0.0,2,0.0,0,0,0,0,GREEN,БЕЗ ЗНАЧАЈНОГ РИЗИКА,NO SIGNIFICANT RISK,MODERATE,ECMWF ENS,ECMWF ENS | GEFS,0.0,2,0.0,0,0,0,0,GREEN,БЕЗ ЗНАЧАЈНОГ РИЗИКА,NO SIGNIFICANT RISK,MODERATE,ECMWF ENS,ECMWF ENS | GEFS,0.0,2,0.0,0,0,0,0,GREEN,БЕЗ ЗНАЧАЈНОГ РИЗИКА,NO SIGNIFICANT RISK,MODERATE,ECMWF ENS,ECMWF ENS | GEFS,0.0,2,0.0,0,0,0,0,GREEN,БЕЗ ЗНАЧАЈНОГ РИЗИКА,NO SIGNIFICANT RISK,MODERATE,ECMWF ENS,ECMWF ENS | GEFS,0,GREEN,БЕЗ ЗНАЧАЈНОГ РИЗИКА,NO SIGNIFICANT RISK,NONE,MODERATE,3,2026-08-21T06:00:00+00:00,2026-08-21T09:00:00+00:00,STORMS,EXPERIMENTAL,DEVELOPMENTAL MULTIMODEL SIGNAL - NOT CALIBRATED PROBABILITY,PUBLIC OPEN-DATA SERVICES,INDEPENDENT PROJECT - NOT AN OFFICIAL RHMZ WARNING PRODUCT
71315,NIŠ-CRVENI KRST,NIŠ-CRVENI KRST,НИШ-ЦРВЕНИ КРСТ,0.0,0.0,0.0,0.0,0.0,5.691348743027402,64.3499984741211,6,33,2026-08-21T09:00:00Z,2026-08-20T00:00:00Z,0.0,0.0,0.0,58.1,0.0,5.0,6,,0.0,0.0,0.0,,,,0.0,2,0.0,0,0,0,0,GREEN,БЕЗ ЗНАЧАЈНОГ РИЗИКА,NO SIGNIFICANT RISK,MODERATE,ECMWF ENS,ECMWF ENS | GEFS,0.0,2,0.0,0,0,0,0,GREEN,БЕЗ ЗНАЧАЈНОГ РИЗИКА,NO SIGNIFICANT RISK,MODERATE,ECMWF ENS,ECMWF ENS | GEFS,0.0,2,0.0,0,0,0,0,GREEN,БЕЗ ЗНАЧАЈНОГ РИЗИКА,NO SIGNIFICANT RISK,MODERATE,ECMWF ENS,ECMWF ENS | GEFS,0.0,2,0.0,0,0,0,0,GREEN,БЕЗ ЗНАЧАЈНОГ РИЗИКА,NO SIGNIFICANT RISK,MODERATE,ECMWF ENS,ECMWF ENS | GEFS,0,GREEN,БЕЗ ЗНАЧАЈНОГ РИЗИКА,NO SIGNIFICANT RISK,NONE,MODERATE,3,2026-08-21T06:00:00+00:00,2026-08-21T09:00:00+00:00,STORMS,EXPERIMENTAL,DEVELOPMENTAL MULTIMODEL SIGNAL - NOT CALIBRATED PROBABILITY,PUBLIC OPEN-DATA SERVICES,INDEPENDENT PROJECT - NOT AN OFFICIAL RHMZ WARNING PRODUCT
70866,NOVA VAROŠ,NOVA VAROŠ,НОВА ВАРОШ,0.0,0.0,0.0,0.0,0.0,10.341145685961248,55.70000076293945,9,33,2026-08-21T09:00:00Z,2026-08-20T00:00:00Z,0.0,0.0,0.0,23.9,0.0,5.7,9,,0.0,0.0,0.0,,,,0.0,2,0.0,0,0,0,0,GREEN,БЕЗ ЗНАЧАЈНОГ РИЗИКА,NO SIGNIFICANT RISK,MODERATE,ECMWF ENS,ECMWF ENS | GEFS,0.0,2,0.0,0,0,0,0,GREEN,БЕЗ ЗНАЧАЈНОГ РИЗИКА,NO SIGNIFICANT RISK,MODERATE,ECMWF ENS,ECMWF ENS | GEFS,0.0,2,0.0,0,0,0,0,GREEN,БЕЗ ЗНАЧАЈНОГ РИЗИКА,NO SIGNIFICANT RISK,MODERATE,ECMWF ENS,ECMWF ENS | GEFS,0.0,2,0.0,0,0,0,0,GREEN,БЕЗ ЗНАЧАЈНОГ РИЗИКА,NO SIGNIFICANT RISK,MODERATE,ECMWF ENS,ECMWF ENS | GEFS,0,GREEN,БЕЗ ЗНАЧАЈНОГ РИЗИКА,NO SIGNIFICANT RISK,NONE,MODERATE,3,2026-08-21T06:00:00+00:00,2026-08-21T09:00:00+00:00,STORMS,EXPERIMENTAL,DEVELOPMENTAL MULTIMODEL SIGNAL - NOT CALIBRATED PROBABILITY,PUBLIC OPEN-DATA SERVICES,INDEPENDENT PROJECT - NOT AN OFFICIAL RHMZ WARNING PRODUCT
80250,NOVA CRNJA,NOVA CRNJA,НОВА ЦРЊА,0.0,0.0,0.0,0.0,0.0,11.613591559218072,50.28314208984375,7,33,2026-08-21T09:00:00Z,2026-08-20T00:00:00Z,0.0,0.0,44.9,34.2,0.0,11.8,7,,0.0,0.0,0.0,,,,0.0,2,0.0,0,0,0,0,GREEN,БЕЗ ЗНАЧАЈНОГ РИЗИКА,NO SIGNIFICANT RISK,MODERATE,ECMWF ENS,ECMWF ENS | GEFS,0.0,2,0.0,0,0,0,0,GREEN,БЕЗ ЗНАЧАЈНОГ РИЗИКА,NO SIGNIFICANT RISK,MODERATE,ECMWF ENS,ECMWF ENS | GEFS,0.0,2,0.0,0,0,0,0,GREEN,БЕЗ ЗНАЧАЈНОГ РИЗИКА,NO SIGNIFICANT RISK,MODERATE,ECMWF ENS,ECMWF ENS | GEFS,0.0,2,0.0,0,0,0,0,GREEN,БЕЗ ЗНАЧАЈНОГ РИЗИКА,NO SIGNIFICANT RISK,MODERATE,ECMWF ENS,ECMWF ENS | GEFS,0,GREEN,БЕЗ ЗНАЧАЈНОГ РИЗИКА,NO SIGNIFICANT RISK,NONE,MODERATE,3,2026-08-21T06:00:00+00:00,2026-08-21T09:00:00+00:00,STORMS,EXPERIMENTAL,DEVELOPMENTAL MULTIMODEL SIGNAL - NOT CALIBRATED PROBABILITY,PUBLIC OPEN-DATA SERVICES,INDEPENDENT PROJECT - NOT AN OFFICIAL RHMZ WARNING PRODUCT
80268,NOVI BEČEJ,NOVI BEČEJ,НОВИ БЕЧЕЈ,0.0,0.0,0.0,0.0,0.0,11.867402323105289,52.62320518493652,9,33,2026-08-21T09:00:00Z,2026-08-20T00:00:00Z,0.0,0.0,208.1,41.0,0.0,9.8,9,,0.0,0.0,0.0,,,,0.0,2,0.0,0,0,0,0,GREEN,БЕЗ ЗНАЧАЈНОГ РИЗИКА,NO SIGNIFICANT RISK,MODERATE,ECMWF ENS,ECMWF ENS | GEFS,0.0,2,0.0,0,0,0,0,GREEN,БЕЗ ЗНАЧАЈНОГ РИЗИКА,NO SIGNIFICANT RISK,MODERATE,ECMWF ENS,ECMWF ENS | GEFS,0.0,2,0.0,0,0,0,0,GREEN,БЕЗ ЗНАЧАЈНОГ РИЗИКА,NO SIGNIFICANT RISK,MODERATE,ECMWF ENS,ECMWF ENS | GEFS,0.0,2,0.0,0,0,0,0,GREEN,БЕЗ ЗНАЧАЈНОГ РИЗИКА,NO SIGNIFICANT RISK,MODERATE,ECMWF ENS,ECMWF ENS | GEFS,0,GREEN,БЕЗ ЗНАЧАЈНОГ РИЗИКА,NO SIGNIFICANT RISK,NONE,MODERATE,3,2026-08-21T06:00:00+00:00,2026-08-21T09:00:00+00:00,STORMS,EXPERIMENTAL,DEVELOPMENTAL MULTIMODEL SIGNAL - NOT CALIBRATED PROBABILITY,PUBLIC OPEN-DATA SERVICES,INDEPENDENT PROJECT - NOT AN OFFICIAL RHMZ WARNING PRODUCT
80276,NOVI KNEŽEVAC,NOVI KNEŽEVAC,НОВИ КНЕЖЕВАЦ,0.0,0.0,0.0,0.0,0.0,11.465958823641625,59.79820442199707,7,33,2026-08-21T09:00:00Z,2026-08-20T00:00:00Z,0.0,0.0,110.9,48.5,0.0,10.2,7,,0.0,0.0,0.0,,,,0.0,2,0.0,0,0,0,0,GREEN,БЕЗ ЗНАЧАЈНОГ РИЗИКА,NO SIGNIFICANT RISK,MODERATE,ECMWF ENS,ECMWF ENS | GEFS,0.0,2,0.0,0,0,0,0,GREEN,БЕЗ ЗНАЧАЈНОГ РИЗИКА,NO SIGNIFICANT RISK,MODERATE,ECMWF ENS,ECMWF ENS | GEFS,0.0,2,0.0,0,0,0,0,GREEN,БЕЗ ЗНАЧАЈНОГ РИЗИКА,NO SIGNIFICANT RISK,MODERATE,ECMWF ENS,ECMWF ENS | GEFS,0.0,2,0.0,0,0,0,0,GREEN,БЕЗ ЗНАЧАЈНОГ РИЗИКА,NO SIGNIFICANT RISK,MODERATE,ECMWF ENS,ECMWF ENS | GEFS,0,GREEN,БЕЗ ЗНАЧАЈНОГ РИЗИКА,NO SIGNIFICANT RISK,NONE,MODERATE,3,2026-08-21T06:00:00+00:00,2026-08-21T09:00:00+00:00,STORMS,EXPERIMENTAL,DEVELOPMENTAL MULTIMODEL SIGNAL - NOT CALIBRATED PROBABILITY,PUBLIC OPEN-DATA SERVICES,INDEPENDENT PROJECT - NOT AN OFFICIAL RHMZ WARNING PRODUCT
70874,NOVI PAZAR-GRAD,NOVI PAZAR-GRAD,НОВИ ПАЗАР-ГРАД,0.0,0.0,0.0,0.0,0.0,8.19045118623927,66.30000305175781,10,33,2026-08-21T09:00:00Z,2026-08-20T00:00:00Z,0.0,0.0,0.0,23.6,0.0,6.2,10,,0.0,0.0,0.0,,,,0.0,2,0.0,0,0,0,0,GREEN,БЕЗ ЗНАЧАЈНОГ РИЗИКА,NO SIGNIFICANT RISK,MODERATE,ECMWF ENS,ECMWF ENS | GEFS,0.0,2,0.0,0,0,0,0,GREEN,БЕЗ ЗНАЧАЈНОГ РИЗИКА,NO SIGNIFICANT RISK,MODERATE,ECMWF ENS,ECMWF ENS | GEFS,0.0,2,0.0,0,0,0,0,GREEN,БЕЗ ЗНАЧАЈНОГ РИЗИКА,NO SIGNIFICANT RISK,MODERATE,ECMWF ENS,ECMWF ENS | GEFS,0.0,2,0.0,0,0,0,0,GREEN,БЕЗ ЗНАЧАЈНОГ РИЗИКА,NO SIGNIFICANT RISK,MODERATE,ECMWF ENS,ECMWF ENS | GEFS,0,GREEN,БЕЗ ЗНАЧАЈНОГ РИЗИКА,NO SIGNIFICANT RISK,NONE,MODERATE,3,2026-08-21T06:00:00+00:00,2026-08-21T09:00:00+00:00,STORMS,EXPERIMENTAL,DEVELOPMENTAL MULTIMODEL SIGNAL - NOT CALIBRATED PROBABILITY,PUBLIC OPEN-DATA SERVICES,INDEPENDENT PROJECT - NOT AN OFFICIAL RHMZ WARNING PRODUCT
80284,NOVI SAD-GRAD,NOVI SAD-GRAD,НОВИ САД-ГРАД,0.0,0.0,0.0,0.0,0.0,13.18255937322712,51.2982063293457,12,33,2026-08-21T09:00:00Z,2026-08-20T00:00:00Z,0.0,0.0,0.0,46.6,0.0,8.5,12,,0.0,0.0,0.0,,,,0.0,2,0.0,0,0,0,0,GREEN,БЕЗ ЗНАЧАЈНОГ РИЗИКА,NO SIGNIFICANT RISK,MODERATE,ECMWF ENS,ECMWF ENS | GEFS,0.0,2,0.0,0,0,0,0,GREEN,БЕЗ ЗНАЧАЈНОГ РИЗИКА,NO SIGNIFICANT RISK,MODERATE,ECMWF ENS,ECMWF ENS | GEFS,0.0,2,0.0,0,0,0,0,GREEN,БЕЗ ЗНАЧАЈНОГ РИЗИКА,NO SIGNIFICANT RISK,MODERATE,ECMWF ENS,ECMWF ENS | GEFS,0.0,2,0.0,0,0,0,0,GREEN,БЕЗ ЗНАЧАЈНОГ РИЗИКА,NO SIGNIFICANT RISK,MODERATE,ECMWF ENS,ECMWF ENS | GEFS,0,GREEN,БЕЗ ЗНАЧАЈНОГ РИЗИКА,NO SIGNIFICANT RISK,NONE,MODERATE,3,2026-08-21T06:00:00+00:00,2026-08-21T09:00:00+00:00,STORMS,EXPERIMENTAL,DEVELOPMENTAL MULTIMODEL SIGNAL - NOT CALIBRATED PROBABILITY,PUBLIC OPEN-DATA SERVICES,INDEPENDENT PROJECT - NOT AN OFFICIAL RHMZ WARNING PRODUCT
90182,NOVO BRDO,NOVO BRDO,НОВО БРДО,0.0,0.0,0.0,0.0,0.0,3.786006330527791,63.88632583618164,5,33,2026-08-21T09:00:00Z,2026-08-20T00:00:00Z,0.0,0.0,79.3,65.4,0.0,2.8,5,,0.0,0.0,0.0,,,,0.0,2,0.0,0,0,0,0,GREEN,БЕЗ ЗНАЧАЈНОГ РИЗИКА,NO SIGNIFICANT RISK,MODERATE,ECMWF ENS,ECMWF ENS | GEFS,0.0,2,0.0,0,0,0,0,GREEN,БЕЗ ЗНАЧАЈНОГ РИЗИКА,NO SIGNIFICANT RISK,MODERATE,ECMWF ENS,ECMWF ENS | GEFS,0.0,2,0.0,0,0,0,0,GREEN,БЕЗ ЗНАЧАЈНОГ РИЗИКА,NO SIGNIFICANT RISK,MODERATE,ECMWF ENS,ECMWF ENS | GEFS,0.0,2,0.0,0,0,0,0,GREEN,БЕЗ ЗНАЧАЈНОГ РИЗИКА,NO SIGNIFICANT RISK,MODERATE,ECMWF ENS,ECMWF ENS | GEFS,0,GREEN,БЕЗ ЗНАЧАЈНОГ РИЗИКА,NO SIGNIFICANT RISK,NONE,MODERATE,3,2026-08-21T06:00:00+00:00,2026-08-21T09:00:00+00:00,STORMS,EXPERIMENTAL,DEVELOPMENTAL MULTIMODEL SIGNAL - NOT CALIBRATED PROBABILITY,PUBLIC OPEN-DATA SERVICES,INDEPENDENT PROJECT - NOT AN OFFICIAL RHMZ WARNING PRODUCT
80306,ODŽACI,ODŽACI,ОЏАЦИ,0.0,0.0,0.0,0.0,0.0,12.325359241500976,66.75,10,33,2026-08-21T09:00:00Z,2026-08-20T00:00:00Z,0.0,0.0,118.5,68.5,0.0,7.9,10,,0.0,0.0,0.0,,,,0.0,2,0.0,0,0,0,0,GREEN,БЕЗ ЗНАЧАЈНОГ РИЗИКА,NO SIGNIFICANT RISK,MODERATE,ECMWF ENS,ECMWF ENS | GEFS,0.0,2,0.0,0,0,0,0,GREEN,БЕЗ ЗНАЧАЈНОГ РИЗИКА,NO SIGNIFICANT RISK,MODERATE,ECMWF ENS,ECMWF ENS | GEFS,0.0,2,0.0,0,0,0,0,GREEN,БЕЗ ЗНАЧАЈНОГ РИЗИКА,NO SIGNIFICANT RISK,MODERATE,ECMWF ENS,ECMWF ENS | GEFS,0.0,2,0.0,0,0,0,0,GREEN,БЕЗ ЗНАЧАЈНОГ РИЗИКА,NO SIGNIFICANT RISK,MODERATE,ECMWF ENS,ECMWF ENS | GEFS,0,GREEN,БЕЗ ЗНАЧАЈНОГ РИЗИКА,NO SIGNIFICANT RISK,NONE,MODERATE,3,2026-08-21T06:00:00+00:00,2026-08-21T09:00:00+00:00,STORMS,EXPERIMENTAL,DEVELOPMENTAL MULTIMODEL SIGNAL - NOT CALIBRATED PROBABILITY,PUBLIC OPEN-DATA SERVICES,INDEPENDENT PROJECT - NOT AN OFFICIAL RHMZ WARNING PRODUCT
90204,OBILIĆ,OBILIĆ,ОБИЛИЋ,0.0,0.0,0.0,0.0,0.0,4.99985821343621,65.15678405761719,8,33,2026-08-21T09:00:00Z,2026-08-20T00:00:00Z,0.0,0.0,0.0,48.5,0.0,3.5,8,,0.0,0.0,0.0,,,,0.0,2,0.0,0,0,0,0,GREEN,БЕЗ ЗНАЧАЈНОГ РИЗИКА,NO SIGNIFICANT RISK,MODERATE,ECMWF ENS,ECMWF ENS | GEFS,0.0,2,0.0,0,0,0,0,GREEN,БЕЗ ЗНАЧАЈНОГ РИЗИКА,NO SIGNIFICANT RISK,MODERATE,ECMWF ENS,ECMWF ENS | GEFS,0.0,2,0.0,0,0,0,0,GREEN,БЕЗ ЗНАЧАЈНОГ РИЗИКА,NO SIGNIFICANT RISK,MODERATE,ECMWF ENS,ECMWF ENS | GEFS,0.0,2,0.0,0,0,0,0,GREEN,БЕЗ ЗНАЧАЈНОГ РИЗИКА,NO SIGNIFICANT RISK,MODERATE,ECMWF ENS,ECMWF ENS | GEFS,0,GREEN,БЕЗ ЗНАЧАЈНОГ РИЗИКА,NO SIGNIFICANT RISK,NONE,MODERATE,3,2026-08-21T06:00:00+00:00,2026-08-21T09:00:00+00:00,STORMS,EXPERIMENTAL,DEVELOPMENTAL MULTIMODEL SIGNAL - NOT CALIBRATED PROBABILITY,PUBLIC OPEN-DATA SERVICES,INDEPENDENT PROJECT - NOT AN OFFICIAL RHMZ WARNING PRODUCT
80292,OPOVO,OPOVO,ОПОВО,0.0,0.0,0.0,0.0,0.0,12.354285327638348,50.47499942779541,6,33,2026-08-21T09:00:00Z,2026-08-20T00:00:00Z,0.0,0.0,0.0,27.3,0.0,11.5,6,,0.0,0.0,0.0,,,,0.0,2,0.0,0,0,0,0,GREEN,БЕЗ ЗНАЧАЈНОГ РИЗИКА,NO SIGNIFICANT RISK,MODERATE,ECMWF ENS,ECMWF ENS | GEFS,0.0,2,0.0,0,0,0,0,GREEN,БЕЗ ЗНАЧАЈНОГ РИЗИКА,NO SIGNIFICANT RISK,MODERATE,ECMWF ENS,ECMWF ENS | GEFS,0.0,2,0.0,0,0,0,0,GREEN,БЕЗ ЗНАЧАЈНОГ РИЗИКА,NO SIGNIFICANT RISK,MODERATE,ECMWF ENS,ECMWF ENS | GEFS,0.0,2,0.0,0,0,0,0,GREEN,БЕЗ ЗНАЧАЈНОГ РИЗИКА,NO SIGNIFICANT RISK,MODERATE,ECMWF ENS,ECMWF ENS | GEFS,0,GREEN,БЕЗ ЗНАЧАЈНОГ РИЗИКА,NO SIGNIFICANT RISK,NONE,MODERATE,3,2026-08-21T06:00:00+00:00,2026-08-21T09:00:00+00:00,STORMS,EXPERIMENTAL,DEVELOPMENTAL MULTIMODEL SIGNAL - NOT CALIBRATED PROBABILITY,PUBLIC OPEN-DATA SERVICES,INDEPENDENT PROJECT - NOT AN OFFICIAL RHMZ WARNING PRODUCT
90212,ORAHOVAC,ORAHOVAC,ОРАХОВАЦ,0.0,0.0,0.0,0.0,0.0,4.970419491838845,67.04999923706055,8,33,2026-08-21T09:00:00Z,2026-08-20T00:00:00Z,6.0,0.0,677.8,65.8,0.0,5.3,8,,0.0,0.0,0.0,,,,3.0,2,6.0,0,0,0,0,GREEN,БЕЗ ЗНАЧАЈНОГ РИЗИКА,NO SIGNIFICANT RISK,MODERATE,ECMWF ENS,ECMWF ENS | GEFS,0.0,2,0.0,0,0,0,0,GREEN,БЕЗ ЗНАЧАЈНОГ РИЗИКА,NO SIGNIFICANT RISK,MODERATE,ECMWF ENS,ECMWF ENS | GEFS,0.0,2,0.0,0,0,0,0,GREEN,БЕЗ ЗНАЧАЈНОГ РИЗИКА,NO SIGNIFICANT RISK,MODERATE,ECMWF ENS,ECMWF ENS | GEFS,0.0,2,0.0,0,0,0,0,GREEN,БЕЗ ЗНАЧАЈНОГ РИЗИКА,NO SIGNIFICANT RISK,MODERATE,ECMWF ENS,ECMWF ENS | GEFS,0,GREEN,БЕЗ ЗНАЧАЈНОГ РИЗИКА,NO SIGNIFICANT RISK,NONE,MODERATE,3,2026-08-21T06:00:00+00:00,2026-08-21T09:00:00+00:00,STORMS,EXPERIMENTAL,DEVELOPMENTAL MULTIMODEL SIGNAL - NOT CALIBRATED PROBABILITY,PUBLIC OPEN-DATA SERVICES,INDEPENDENT PROJECT - NOT AN OFFICIAL RHMZ WARNING PRODUCT
70882,OSEČINA,OSEČINA,ОСЕЧИНА,0.0,0.0,0.0,0.0,0.0,12.921064936303535,38.52499961853027,7,33,2026-08-21T09:00:00Z,2026-08-20T00:00:00Z,0.0,0.0,0.0,31.7,0.0,8.8,7,,0.0,0.0,0.0,,,,0.0,2,0.0,0,0,0,0,GREEN,БЕЗ ЗНАЧАЈНОГ РИЗИКА,NO SIGNIFICANT RISK,MODERATE,ECMWF ENS,ECMWF ENS | GEFS,0.0,2,0.0,0,0,0,0,GREEN,БЕЗ ЗНАЧАЈНОГ РИЗИКА,NO SIGNIFICANT RISK,MODERATE,ECMWF ENS,ECMWF ENS | GEFS,0.0,2,0.0,0,0,0,0,GREEN,БЕЗ ЗНАЧАЈНОГ РИЗИКА,NO SIGNIFICANT RISK,MODERATE,ECMWF ENS,ECMWF ENS | GEFS,0.0,2,0.0,0,0,0,0,GREEN,БЕЗ ЗНАЧАЈНОГ РИЗИКА,NO SIGNIFICANT RISK,MODERATE,ECMWF ENS,ECMWF ENS | GEFS,0,GREEN,БЕЗ ЗНАЧАЈНОГ РИЗИКА,NO SIGNIFICANT RISK,NONE,MODERATE,3,2026-08-21T06:00:00+00:00,2026-08-21T09:00:00+00:00,STORMS,EXPERIMENTAL,DEVELOPMENTAL MULTIMODEL SIGNAL - NOT CALIBRATED PROBABILITY,PUBLIC OPEN-DATA SERVICES,INDEPENDENT PROJECT - NOT AN OFFICIAL RHMZ WARNING PRODUCT
80314,PANČEVO-GRAD,PANČEVO-GRAD,ПАНЧЕВО-ГРАД,0.0,0.0,0.0,0.0,0.0,12.354285327638348,64.5999984741211,10,33,2026-08-21T09:00:00Z,2026-08-20T00:00:00Z,0.0,0.0,0.0,20.7,0.0,12.2,10,,0.0,0.0,0.0,,,,0.0,2,0.0,0,0,0,0,GREEN,БЕЗ ЗНАЧАЈНОГ РИЗИКА,NO SIGNIFICANT RISK,MODERATE,ECMWF ENS,ECMWF ENS | GEFS,0.0,2,0.0,0,0,0,0,GREEN,БЕЗ ЗНАЧАЈНОГ РИЗИКА,NO SIGNIFICANT RISK,MODERATE,ECMWF ENS,ECMWF ENS | GEFS,0.0,2,0.0,0,0,0,0,GREEN,БЕЗ ЗНАЧАЈНОГ РИЗИКА,NO SIGNIFICANT RISK,MODERATE,ECMWF ENS,ECMWF ENS | GEFS,0.0,2,0.0,0,0,0,0,GREEN,БЕЗ ЗНАЧАЈНОГ РИЗИКА,NO SIGNIFICANT RISK,MODERATE,ECMWF ENS,ECMWF ENS | GEFS,0,GREEN,БЕЗ ЗНАЧАЈНОГ РИЗИКА,NO SIGNIFICANT RISK,NONE,MODERATE,3,2026-08-21T06:00:00+00:00,2026-08-21T09:00:00+00:00,STORMS,EXPERIMENTAL,DEVELOPMENTAL MULTIMODEL SIGNAL - NOT CALIBRATED PROBABILITY,PUBLIC OPEN-DATA SERVICES,INDEPENDENT PROJECT - NOT AN OFFICIAL RHMZ WARNING PRODUCT
70904,PARAĆIN,PARAĆIN,ПАРАЋИН,0.0,0.0,0.0,0.0,0.0,8.901981886134605,65.79999923706055,8,33,2026-08-21T09:00:00Z,2026-08-20T00:00:00Z,0.0,0.0,0.0,32.7,0.0,7.5,8,,0.0,0.0,0.0,,,,0.0,2,0.0,0,0,0,0,GREEN,БЕЗ ЗНАЧАЈНОГ РИЗИКА,NO SIGNIFICANT RISK,MODERATE,ECMWF ENS,ECMWF ENS | GEFS,0.0,2,0.0,0,0,0,0,GREEN,БЕЗ ЗНАЧАЈНОГ РИЗИКА,NO SIGNIFICANT RISK,MODERATE,ECMWF ENS,ECMWF ENS | GEFS,0.0,2,0.0,0,0,0,0,GREEN,БЕЗ ЗНАЧАЈНОГ РИЗИКА,NO SIGNIFICANT RISK,MODERATE,ECMWF ENS,ECMWF ENS | GEFS,0.0,2,0.0,0,0,0,0,GREEN,БЕЗ ЗНАЧАЈНОГ РИЗИКА,NO SIGNIFICANT RISK,MODERATE,ECMWF ENS,ECMWF ENS | GEFS,0,GREEN,БЕЗ ЗНАЧАЈНОГ РИЗИКА,NO SIGNIFICANT RISK,NONE,MODERATE,3,2026-08-21T06:00:00+00:00,2026-08-21T09:00:00+00:00,STORMS,EXPERIMENTAL,DEVELOPMENTAL MULTIMODEL SIGNAL - NOT CALIBRATED PROBABILITY,PUBLIC OPEN-DATA SERVICES,INDEPENDENT PROJECT - NOT AN OFFICIAL RHMZ WARNING PRODUCT
90239,PEĆ,PEĆ,ПЕЋ,0.0,0.0,0.0,0.0,0.0,7.324550361992955,62.09999847412109,11,33,2026-08-21T09:00:00Z,2026-08-20T00:00:00Z,0.0,0.0,0.0,29.5,0.0,6.6,11,,0.0,0.0,0.0,,,,0.0,2,0.0,0,0,0,0,GREEN,БЕЗ ЗНАЧАЈНОГ РИЗИКА,NO SIGNIFICANT RISK,MODERATE,ECMWF ENS,ECMWF ENS | GEFS,0.0,2,0.0,0,0,0,0,GREEN,БЕЗ ЗНАЧАЈНОГ РИЗИКА,NO SIGNIFICANT RISK,MODERATE,ECMWF ENS,ECMWF ENS | GEFS,0.0,2,0.0,0,0,0,0,GREEN,БЕЗ ЗНАЧАЈНОГ РИЗИКА,NO SIGNIFICANT RISK,MODERATE,ECMWF ENS,ECMWF ENS | GEFS,0.0,2,0.0,0,0,0,0,GREEN,БЕЗ ЗНАЧАЈНОГ РИЗИКА,NO SIGNIFICANT RISK,MODERATE,ECMWF ENS,ECMWF ENS | GEFS,0,GREEN,БЕЗ ЗНАЧАЈНОГ РИЗИКА,NO SIGNIFICANT RISK,NONE,MODERATE,3,2026-08-21T06:00:00+00:00,2026-08-21T09:00:00+00:00,STORMS,EXPERIMENTAL,DEVELOPMENTAL MULTIMODEL SIGNAL - NOT CALIBRATED PROBABILITY,PUBLIC OPEN-DATA SERVICES,INDEPENDENT PROJECT - NOT AN OFFICIAL RHMZ WARNING PRODUCT
80322,PEĆINCI,PEĆINCI,ПЕЋИНЦИ,0.0,0.0,0.0,0.0,0.0,12.604511171984642,44.81132698059082,9,33,2026-08-21T09:00:00Z,2026-08-20T00:00:00Z,0.0,0.0,0.0,30.3,0.0,8.9,9,,0.0,0.0,0.0,,,,0.0,2,0.0,0,0,0,0,GREEN,БЕЗ ЗНАЧАЈНОГ РИЗИКА,NO SIGNIFICANT RISK,MODERATE,ECMWF ENS,ECMWF ENS | GEFS,0.0,2,0.0,0,0,0,0,GREEN,БЕЗ ЗНАЧАЈНОГ РИЗИКА,NO SIGNIFICANT RISK,MODERATE,ECMWF ENS,ECMWF ENS | GEFS,0.0,2,0.0,0,0,0,0,GREEN,БЕЗ ЗНАЧАЈНОГ РИЗИКА,NO SIGNIFICANT RISK,MODERATE,ECMWF ENS,ECMWF ENS | GEFS,0.0,2,0.0,0,0,0,0,GREEN,БЕЗ ЗНАЧАЈНОГ РИЗИКА,NO SIGNIFICANT RISK,MODERATE,ECMWF ENS,ECMWF ENS | GEFS,0,GREEN,БЕЗ ЗНАЧАЈНОГ РИЗИКА,NO SIGNIFICANT RISK,NONE,MODERATE,3,2026-08-21T06:00:00+00:00,2026-08-21T09:00:00+00:00,STORMS,EXPERIMENTAL,DEVELOPMENTAL MULTIMODEL SIGNAL - NOT CALIBRATED PROBABILITY,PUBLIC OPEN-DATA SERVICES,INDEPENDENT PROJECT - NOT AN OFFICIAL RHMZ WARNING PRODUCT
70912,PETROVAC NA MLAVI,PETROVAC NA MLAVI,ПЕТРОВАЦ НА МЛАВИ,0.0,0.0,0.0,0.0,0.0,10.173891621511851,65.14999961853027,10,33,2026-08-21T09:00:00Z,2026-08-20T00:00:00Z,0.0,0.0,0.0,22.5,0.0,9.2,10,,0.0,0.0,0.0,,,,0.0,2,0.0,0,0,0,0,GREEN,БЕЗ ЗНАЧАЈНОГ РИЗИКА,NO SIGNIFICANT RISK,MODERATE,ECMWF ENS,ECMWF ENS | GEFS,0.0,2,0.0,0,0,0,0,GREEN,БЕЗ ЗНАЧАЈНОГ РИЗИКА,NO SIGNIFICANT RISK,MODERATE,ECMWF ENS,ECMWF ENS | GEFS,0.0,2,0.0,0,0,0,0,GREEN,БЕЗ ЗНАЧАЈНОГ РИЗИКА,NO SIGNIFICANT RISK,MODERATE,ECMWF ENS,ECMWF ENS | GEFS,0.0,2,0.0,0,0,0,0,GREEN,БЕЗ ЗНАЧАЈНОГ РИЗИКА,NO SIGNIFICANT RISK,MODERATE,ECMWF ENS,ECMWF ENS | GEFS,0,GREEN,БЕЗ ЗНАЧАЈНОГ РИЗИКА,NO SIGNIFICANT RISK,NONE,MODERATE,3,2026-08-21T06:00:00+00:00,2026-08-21T09:00:00+00:00,STORMS,EXPERIMENTAL,DEVELOPMENTAL MULTIMODEL SIGNAL - NOT CALIBRATED PROBABILITY,PUBLIC OPEN-DATA SERVICES,INDEPENDENT PROJECT - NOT AN OFFICIAL RHMZ WARNING PRODUCT
70939,PIROT,PIROT,ПИРОТ,0.0,0.0,0.0,0.0,0.0,5.128819840445504,61.09999847412109,12,33,2026-08-21T09:00:00Z,2026-08-20T00:00:00Z,8.0,0.0,653.3,67.9,0.0,4.6,12,,0.0,0.0,0.0,,,,4.0,2,8.0,0,0,0,0,GREEN,БЕЗ ЗНАЧАЈНОГ РИЗИКА,NO SIGNIFICANT RISK,MODERATE,ECMWF ENS,ECMWF ENS | GEFS,0.0,2,0.0,0,0,0,0,GREEN,БЕЗ ЗНАЧАЈНОГ РИЗИКА,NO SIGNIFICANT RISK,MODERATE,ECMWF ENS,ECMWF ENS | GEFS,0.0,2,0.0,0,0,0,0,GREEN,БЕЗ ЗНАЧАЈНОГ РИЗИКА,NO SIGNIFICANT RISK,MODERATE,ECMWF ENS,ECMWF ENS | GEFS,0.0,2,0.0,0,0,0,0,GREEN,БЕЗ ЗНАЧАЈНОГ РИЗИКА,NO SIGNIFICANT RISK,MODERATE,ECMWF ENS,ECMWF ENS | GEFS,0,GREEN,БЕЗ ЗНАЧАЈНОГ РИЗИКА,NO SIGNIFICANT RISK,NONE,MODERATE,3,2026-08-21T06:00:00+00:00,2026-08-21T09:00:00+00:00,STORMS,EXPERIMENTAL,DEVELOPMENTAL MULTIMODEL SIGNAL - NOT CALIBRATED PROBABILITY,PUBLIC OPEN-DATA SERVICES,INDEPENDENT PROJECT - NOT AN OFFICIAL RHMZ WARNING PRODUCT
80349,PLANDIŠTE,PLANDIŠTE,ПЛАНДИШТЕ,0.0,0.0,0.0,0.0,0.0,12.482172960181108,62.5831413269043,9,33,2026-08-21T09:00:00Z,2026-08-20T00:00:00Z,0.0,0.0,5.7,24.3,0.0,12.4,9,,0.0,0.0,0.0,,,,0.0,2,0.0,0,0,0,0,GREEN,БЕЗ ЗНАЧАЈНОГ РИЗИКА,NO SIGNIFICANT RISK,MODERATE,ECMWF ENS,ECMWF ENS | GEFS,0.0,2,0.0,0,0,0,0,GREEN,БЕЗ ЗНАЧАЈНОГ РИЗИКА,NO SIGNIFICANT RISK,MODERATE,ECMWF ENS,ECMWF ENS | GEFS,0.0,2,0.0,0,0,0,0,GREEN,БЕЗ ЗНАЧАЈНОГ РИЗИКА,NO SIGNIFICANT RISK,MODERATE,ECMWF ENS,ECMWF ENS | GEFS,0.0,2,0.0,0,0,0,0,GREEN,БЕЗ ЗНАЧАЈНОГ РИЗИКА,NO SIGNIFICANT RISK,MODERATE,ECMWF ENS,ECMWF ENS | GEFS,0,GREEN,БЕЗ ЗНАЧАЈНОГ РИЗИКА,NO SIGNIFICANT RISK,NONE,MODERATE,3,2026-08-21T06:00:00+00:00,2026-08-21T09:00:00+00:00,STORMS,EXPERIMENTAL,DEVELOPMENTAL MULTIMODEL SIGNAL - NOT CALIBRATED PROBABILITY,PUBLIC OPEN-DATA SERVICES,INDEPENDENT PROJECT - NOT AN OFFICIAL RHMZ WARNING PRODUCT
90247,PODUJEVO,PODUJEVO,ПОДУЈЕВО,0.0,0.0,0.0,0.0,0.0,7.048326308687042,65.7098159790039,10,33,2026-08-21T09:00:00Z,2026-08-20T00:00:00Z,0.0,0.0,0.0,36.5,0.0,6.1,10,,0.0,0.0,0.0,,,,0.0,2,0.0,0,0,0,0,GREEN,БЕЗ ЗНАЧАЈНОГ РИЗИКА,NO SIGNIFICANT RISK,MODERATE,ECMWF ENS,ECMWF ENS | GEFS,0.0,2,0.0,0,0,0,0,GREEN,БЕЗ ЗНАЧАЈНОГ РИЗИКА,NO SIGNIFICANT RISK,MODERATE,ECMWF ENS,ECMWF ENS | GEFS,0.0,2,0.0,0,0,0,0,GREEN,БЕЗ ЗНАЧАЈНОГ РИЗИКА,NO SIGNIFICANT RISK,MODERATE,ECMWF ENS,ECMWF ENS | GEFS,0.0,2,0.0,0,0,0,0,GREEN,БЕЗ ЗНАЧАЈНОГ РИЗИКА,NO SIGNIFICANT RISK,MODERATE,ECMWF ENS,ECMWF ENS | GEFS,0,GREEN,БЕЗ ЗНАЧАЈНОГ РИЗИКА,NO SIGNIFICANT RISK,NONE,MODERATE,3,2026-08-21T06:00:00+00:00,2026-08-21T09:00:00+00:00,STORMS,EXPERIMENTAL,DEVELOPMENTAL MULTIMODEL SIGNAL - NOT CALIBRATED PROBABILITY,PUBLIC OPEN-DATA SERVICES,INDEPENDENT PROJECT - NOT AN OFFICIAL RHMZ WARNING PRODUCT
70947,POŽAREVAC-GRAD,POŽAREVAC-GRAD,ПОЖАРЕВАЦ-ГРАД,0.0,0.0,0.0,0.0,0.0,11.709390927929652,64.5999984741211,8,33,2026-08-21T09:00:00Z,2026-08-20T00:00:00Z,0.0,0.0,0.0,20.7,0.0,11.8,8,,0.0,0.0,0.0,,,,0.0,2,0.0,0,0,0,0,GREEN,БЕЗ ЗНАЧАЈНОГ РИЗИКА,NO SIGNIFICANT RISK,MODERATE,ECMWF ENS,ECMWF ENS | GEFS,0.0,2,0.0,0,0,0,0,GREEN,БЕЗ ЗНАЧАЈНОГ РИЗИКА,NO SIGNIFICANT RISK,MODERATE,ECMWF ENS,ECMWF ENS | GEFS,0.0,2,0.0,0,0,0,0,GREEN,БЕЗ ЗНАЧАЈНОГ РИЗИКА,NO SIGNIFICANT RISK,MODERATE,ECMWF ENS,ECMWF ENS | GEFS,0.0,2,0.0,0,0,0,0,GREEN,БЕЗ ЗНАЧАЈНОГ РИЗИКА,NO SIGNIFICANT RISK,MODERATE,ECMWF ENS,ECMWF ENS | GEFS,0,GREEN,БЕЗ ЗНАЧАЈНОГ РИЗИКА,NO SIGNIFICANT RISK,NONE,MODERATE,3,2026-08-21T06:00:00+00:00,2026-08-21T09:00:00+00:00,STORMS,EXPERIMENTAL,DEVELOPMENTAL MULTIMODEL SIGNAL - NOT CALIBRATED PROBABILITY,PUBLIC OPEN-DATA SERVICES,INDEPENDENT PROJECT - NOT AN OFFICIAL RHMZ WARNING PRODUCT
70955,POŽEGA,POŽEGA,ПОЖЕГА,0.0,0.0,0.0,0.0,0.0,11.133843581233029,50.17500019073486,8,33,2026-08-21T09:00:00Z,2026-08-20T00:00:00Z,0.0,0.0,0.0,17.9,0.0,8.4,8,,0.0,0.0,0.0,,,,0.0,2,0.0,0,0,0,0,GREEN,БЕЗ ЗНАЧАЈНОГ РИЗИКА,NO SIGNIFICANT RISK,MODERATE,ECMWF ENS,ECMWF ENS | GEFS,0.0,2,0.0,0,0,0,0,GREEN,БЕЗ ЗНАЧАЈНОГ РИЗИКА,NO SIGNIFICANT RISK,MODERATE,ECMWF ENS,ECMWF ENS | GEFS,0.0,2,0.0,0,0,0,0,GREEN,БЕЗ ЗНАЧАЈНОГ РИЗИКА,NO SIGNIFICANT RISK,MODERATE,ECMWF ENS,ECMWF ENS | GEFS,0.0,2,0.0,0,0,0,0,GREEN,БЕЗ ЗНАЧАЈНОГ РИЗИКА,NO SIGNIFICANT RISK,MODERATE,ECMWF ENS,ECMWF ENS | GEFS,0,GREEN,БЕЗ ЗНАЧАЈНОГ РИЗИКА,NO SIGNIFICANT RISK,NONE,MODERATE,3,2026-08-21T06:00:00+00:00,2026-08-21T09:00:00+00:00,STORMS,EXPERIMENTAL,DEVELOPMENTAL MULTIMODEL SIGNAL - NOT CALIBRATED PROBABILITY,PUBLIC OPEN-DATA SERVICES,INDEPENDENT PROJECT - NOT AN OFFICIAL RHMZ WARNING PRODUCT
70963,PREŠEVO,PREŠEVO,ПРЕШЕВО,0.0,0.0,0.0,0.0,0.0,3.786006330527791,64.4295597076416,7,33,2026-08-21T09:00:00Z,2026-08-20T00:00:00Z,0.0,0.0,296.4,63.3,0.0,3.5,7,,0.0,0.0,0.0,,,,0.0,2,0.0,0,0,0,0,GREEN,БЕЗ ЗНАЧАЈНОГ РИЗИКА,NO SIGNIFICANT RISK,MODERATE,ECMWF ENS,ECMWF ENS | GEFS,0.0,2,0.0,0,0,0,0,GREEN,БЕЗ ЗНАЧАЈНОГ РИЗИКА,NO SIGNIFICANT RISK,MODERATE,ECMWF ENS,ECMWF ENS | GEFS,0.0,2,0.0,0,0,0,0,GREEN,БЕЗ ЗНАЧАЈНОГ РИЗИКА,NO SIGNIFICANT RISK,MODERATE,ECMWF ENS,ECMWF ENS | GEFS,0.0,2,0.0,0,0,0,0,GREEN,БЕЗ ЗНАЧАЈНОГ РИЗИКА,NO SIGNIFICANT RISK,MODERATE,ECMWF ENS,ECMWF ENS | GEFS,0,GREEN,БЕЗ ЗНАЧАЈНОГ РИЗИКА,NO SIGNIFICANT RISK,NONE,MODERATE,3,2026-08-21T06:00:00+00:00,2026-08-21T09:00:00+00:00,STORMS,EXPERIMENTAL,DEVELOPMENTAL MULTIMODEL SIGNAL - NOT CALIBRATED PROBABILITY,PUBLIC OPEN-DATA SERVICES,INDEPENDENT PROJECT - NOT AN OFFICIAL RHMZ WARNING PRODUCT
70980,PRIJEPOLJE,PRIJEPOLJE,ПРИЈЕПОЉЕ,0.0,0.0,0.0,0.0,0.0,10.208490713553784,58.59999847412109,11,33,2026-08-21T09:00:00Z,2026-08-20T00:00:00Z,0.0,0.0,0.0,25.3,0.0,8.0,11,,0.0,0.0,0.0,,,,0.0,2,0.0,0,0,0,0,GREEN,БЕЗ ЗНАЧАЈНОГ РИЗИКА,NO SIGNIFICANT RISK,MODERATE,ECMWF ENS,ECMWF ENS | GEFS,0.0,2,0.0,0,0,0,0,GREEN,БЕЗ ЗНАЧАЈНОГ РИЗИКА,NO SIGNIFICANT RISK,MODERATE,ECMWF ENS,ECMWF ENS | GEFS,0.0,2,0.0,0,0,0,0,GREEN,БЕЗ ЗНАЧАЈНОГ РИЗИКА,NO SIGNIFICANT RISK,MODERATE,ECMWF ENS,ECMWF ENS | GEFS,0.0,2,0.0,0,0,0,0,GREEN,БЕЗ ЗНАЧАЈНОГ РИЗИКА,NO SIGNIFICANT RISK,MODERATE,ECMWF ENS,ECMWF ENS | GEFS,0,GREEN,БЕЗ ЗНАЧАЈНОГ РИЗИКА,NO SIGNIFICANT RISK,NONE,MODERATE,3,2026-08-21T06:00:00+00:00,2026-08-21T09:00:00+00:00,STORMS,EXPERIMENTAL,DEVELOPMENTAL MULTIMODEL SIGNAL - NOT CALIBRATED PROBABILITY,PUBLIC OPEN-DATA SERVICES,INDEPENDENT PROJECT - NOT AN OFFICIAL RHMZ WARNING PRODUCT
70971,PRIBOJ,PRIBOJ,ПРИБОЈ,0.0,0.0,0.0,0.0,0.0,10.502255484864673,45.09999847412109,10,33,2026-08-21T09:00:00Z,2026-08-20T00:00:00Z,0.0,0.0,0.0,25.3,0.0,6.3,10,,0.0,0.0,0.0,,,,0.0,2,0.0,0,0,0,0,GREEN,БЕЗ ЗНАЧАЈНОГ РИЗИКА,NO SIGNIFICANT RISK,MODERATE,ECMWF ENS,ECMWF ENS | GEFS,0.0,2,0.0,0,0,0,0,GREEN,БЕЗ ЗНАЧАЈНОГ РИЗИКА,NO SIGNIFICANT RISK,MODERATE,ECMWF ENS,ECMWF ENS | GEFS,0.0,2,0.0,0,0,0,0,GREEN,БЕЗ ЗНАЧАЈНОГ РИЗИКА,NO SIGNIFICANT RISK,MODERATE,ECMWF ENS,ECMWF ENS | GEFS,0.0,2,0.0,0,0,0,0,GREEN,БЕЗ ЗНАЧАЈНОГ РИЗИКА,NO SIGNIFICANT RISK,MODERATE,ECMWF ENS,ECMWF ENS | GEFS,0,GREEN,БЕЗ ЗНАЧАЈНОГ РИЗИКА,NO SIGNIFICANT RISK,NONE,MODERATE,3,2026-08-21T06:00:00+00:00,2026-08-21T09:00:00+00:00,STORMS,EXPERIMENTAL,DEVELOPMENTAL MULTIMODEL SIGNAL - NOT CALIBRATED PROBABILITY,PUBLIC OPEN-DATA SERVICES,INDEPENDENT PROJECT - NOT AN OFFICIAL RHMZ WARNING PRODUCT
90255,PRIZREN,PRIZREN,ПРИЗРЕН,0.0,0.0,0.0,0.0,0.0,4.700517872023094,69.80000305175781,10,33,2026-08-21T09:00:00Z,2026-08-20T00:00:00Z,8.0,0.0,420.3,68.4,0.0,4.3,10,,0.0,0.0,0.0,,,,4.0,2,8.0,0,0,0,0,GREEN,БЕЗ ЗНАЧАЈНОГ РИЗИКА,NO SIGNIFICANT RISK,MODERATE,ECMWF ENS,ECMWF ENS | GEFS,0.0,2,0.0,0,0,0,0,GREEN,БЕЗ ЗНАЧАЈНОГ РИЗИКА,NO SIGNIFICANT RISK,MODERATE,ECMWF ENS,ECMWF ENS | GEFS,0.0,2,0.0,0,0,0,0,GREEN,БЕЗ ЗНАЧАЈНОГ РИЗИКА,NO SIGNIFICANT RISK,MODERATE,ECMWF ENS,ECMWF ENS | GEFS,0.0,2,0.0,0,0,0,0,GREEN,БЕЗ ЗНАЧАЈНОГ РИЗИКА,NO SIGNIFICANT RISK,MODERATE,ECMWF ENS,ECMWF ENS | GEFS,0,GREEN,БЕЗ ЗНАЧАЈНОГ РИЗИКА,NO SIGNIFICANT RISK,NONE,MODERATE,3,2026-08-21T06:00:00+00:00,2026-08-21T09:00:00+00:00,STORMS,EXPERIMENTAL,DEVELOPMENTAL MULTIMODEL SIGNAL - NOT CALIBRATED PROBABILITY,PUBLIC OPEN-DATA SERVICES,INDEPENDENT PROJECT - NOT AN OFFICIAL RHMZ WARNING PRODUCT
90263,PRIŠTINA-GRAD,PRIŠTINA-GRAD,ПРИШТИНА-ГРАД,0.0,0.0,0.0,0.0,0.0,4.319408622233984,65.0999984741211,9,33,2026-08-21T09:00:00Z,2026-08-20T00:00:00Z,0.0,0.0,0.0,60.8,0.0,2.3,9,,0.0,0.0,0.0,,,,0.0,2,0.0,0,0,0,0,GREEN,БЕЗ ЗНАЧАЈНОГ РИЗИКА,NO SIGNIFICANT RISK,MODERATE,ECMWF ENS,ECMWF ENS | GEFS,0.0,2,0.0,0,0,0,0,GREEN,БЕЗ ЗНАЧАЈНОГ РИЗИКА,NO SIGNIFICANT RISK,MODERATE,ECMWF ENS,ECMWF ENS | GEFS,0.0,2,0.0,0,0,0,0,GREEN,БЕЗ ЗНАЧАЈНОГ РИЗИКА,NO SIGNIFICANT RISK,MODERATE,ECMWF ENS,ECMWF ENS | GEFS,0.0,2,0.0,0,0,0,0,GREEN,БЕЗ ЗНАЧАЈНОГ РИЗИКА,NO SIGNIFICANT RISK,MODERATE,ECMWF ENS,ECMWF ENS | GEFS,0,GREEN,БЕЗ ЗНАЧАЈНОГ РИЗИКА,NO SIGNIFICANT RISK,NONE,MODERATE,3,2026-08-21T06:00:00+00:00,2026-08-21T09:00:00+00:00,STORMS,EXPERIMENTAL,DEVELOPMENTAL MULTIMODEL SIGNAL - NOT CALIBRATED PROBABILITY,PUBLIC OPEN-DATA SERVICES,INDEPENDENT PROJECT - NOT AN OFFICIAL RHMZ WARNING PRODUCT
70998,PROKUPLJE,PROKUPLJE,ПРОКУПЉЕ,0.0,0.0,0.0,0.0,0.0,6.399700726225256,65.0999984741211,9,33,2026-08-21T09:00:00Z,2026-08-20T00:00:00Z,0.0,0.0,3.1,48.6,0.0,5.6,9,,0.0,0.0,0.0,,,,0.0,2,0.0,0,0,0,0,GREEN,БЕЗ ЗНАЧАЈНОГ РИЗИКА,NO SIGNIFICANT RISK,MODERATE,ECMWF ENS,ECMWF ENS | GEFS,0.0,2,0.0,0,0,0,0,GREEN,БЕЗ ЗНАЧАЈНОГ РИЗИКА,NO SIGNIFICANT RISK,MODERATE,ECMWF ENS,ECMWF ENS | GEFS,0.0,2,0.0,0,0,0,0,GREEN,БЕЗ ЗНАЧАЈНОГ РИЗИКА,NO SIGNIFICANT RISK,MODERATE,ECMWF ENS,ECMWF ENS | GEFS,0.0,2,0.0,0,0,0,0,GREEN,БЕЗ ЗНАЧАЈНОГ РИЗИКА,NO SIGNIFICANT RISK,MODERATE,ECMWF ENS,ECMWF ENS | GEFS,0,GREEN,БЕЗ ЗНАЧАЈНОГ РИЗИКА,NO SIGNIFICANT RISK,NONE,MODERATE,3,2026-08-21T06:00:00+00:00,2026-08-21T09:00:00+00:00,STORMS,EXPERIMENTAL,DEVELOPMENTAL MULTIMODEL SIGNAL - NOT CALIBRATED PROBABILITY,PUBLIC OPEN-DATA SERVICES,INDEPENDENT PROJECT - NOT AN OFFICIAL RHMZ WARNING PRODUCT
71005,RAŽANJ,RAŽANJ,РАЖАЊ,0.0,0.0,0.0,0.0,0.0,8.901981886134605,65.14999771118164,9,33,2026-08-21T09:00:00Z,2026-08-20T00:00:00Z,0.0,0.0,0.0,42.2,0.0,9.1,9,,0.0,0.0,0.0,,,,0.0,2,0.0,0,0,0,0,GREEN,БЕЗ ЗНАЧАЈНОГ РИЗИКА,NO SIGNIFICANT RISK,MODERATE,ECMWF ENS,ECMWF ENS | GEFS,0.0,2,0.0,0,0,0,0,GREEN,БЕЗ ЗНАЧАЈНОГ РИЗИКА,NO SIGNIFICANT RISK,MODERATE,ECMWF ENS,ECMWF ENS | GEFS,0.0,2,0.0,0,0,0,0,GREEN,БЕЗ ЗНАЧАЈНОГ РИЗИКА,NO SIGNIFICANT RISK,MODERATE,ECMWF ENS,ECMWF ENS | GEFS,0.0,2,0.0,0,0,0,0,GREEN,БЕЗ ЗНАЧАЈНОГ РИЗИКА,NO SIGNIFICANT RISK,MODERATE,ECMWF ENS,ECMWF ENS | GEFS,0,GREEN,БЕЗ ЗНАЧАЈНОГ РИЗИКА,NO SIGNIFICANT RISK,NONE,MODERATE,3,2026-08-21T06:00:00+00:00,2026-08-21T09:00:00+00:00,STORMS,EXPERIMENTAL,DEVELOPMENTAL MULTIMODEL SIGNAL - NOT CALIBRATED PROBABILITY,PUBLIC OPEN-DATA SERVICES,INDEPENDENT PROJECT - NOT AN OFFICIAL RHMZ WARNING PRODUCT
71013,RAČA,RAČA,РАЧА,0.0,0.0,0.0,0.0,0.0,10.151038702370313,65.30000305175781,8,33,2026-08-21T09:00:00Z,2026-08-20T00:00:00Z,0.0,0.0,0.0,19.6,0.0,8.9,8,,0.0,0.0,0.0,,,,0.0,2,0.0,0,0,0,0,GREEN,БЕЗ ЗНАЧАЈНОГ РИЗИКА,NO SIGNIFICANT RISK,MODERATE,ECMWF ENS,ECMWF ENS | GEFS,0.0,2,0.0,0,0,0,0,GREEN,БЕЗ ЗНАЧАЈНОГ РИЗИКА,NO SIGNIFICANT RISK,MODERATE,ECMWF ENS,ECMWF ENS | GEFS,0.0,2,0.0,0,0,0,0,GREEN,БЕЗ ЗНАЧАЈНОГ РИЗИКА,NO SIGNIFICANT RISK,MODERATE,ECMWF ENS,ECMWF ENS | GEFS,0.0,2,0.0,0,0,0,0,GREEN,БЕЗ ЗНАЧАЈНОГ РИЗИКА,NO SIGNIFICANT RISK,MODERATE,ECMWF ENS,ECMWF ENS | GEFS,0,GREEN,БЕЗ ЗНАЧАЈНОГ РИЗИКА,NO SIGNIFICANT RISK,NONE,MODERATE,3,2026-08-21T06:00:00+00:00,2026-08-21T09:00:00+00:00,STORMS,EXPERIMENTAL,DEVELOPMENTAL MULTIMODEL SIGNAL - NOT CALIBRATED PROBABILITY,PUBLIC OPEN-DATA SERVICES,INDEPENDENT PROJECT - NOT AN OFFICIAL RHMZ WARNING PRODUCT
71021,RAŠKA,RAŠKA,РАШКА,0.0,0.0,0.0,0.0,0.0,8.19045118623927,66.30000305175781,10,33,2026-08-21T09:00:00Z,2026-08-20T00:00:00Z,0.0,0.0,0.0,23.6,0.0,6.2,10,,0.0,0.0,0.0,,,,0.0,2,0.0,0,0,0,0,GREEN,БЕЗ ЗНАЧАЈНОГ РИЗИКА,NO SIGNIFICANT RISK,MODERATE,ECMWF ENS,ECMWF ENS | GEFS,0.0,2,0.0,0,0,0,0,GREEN,БЕЗ ЗНАЧАЈНОГ РИЗИКА,NO SIGNIFICANT RISK,MODERATE,ECMWF ENS,ECMWF ENS | GEFS,0.0,2,0.0,0,0,0,0,GREEN,БЕЗ ЗНАЧАЈНОГ РИЗИКА,NO SIGNIFICANT RISK,MODERATE,ECMWF ENS,ECMWF ENS | GEFS,0.0,2,0.0,0,0,0,0,GREEN,БЕЗ ЗНАЧАЈНОГ РИЗИКА,NO SIGNIFICANT RISK,MODERATE,ECMWF ENS,ECMWF ENS | GEFS,0,GREEN,БЕЗ ЗНАЧАЈНОГ РИЗИКА,NO SIGNIFICANT RISK,NONE,MODERATE,3,2026-08-21T06:00:00+00:00,2026-08-21T09:00:00+00:00,STORMS,EXPERIMENTAL,DEVELOPMENTAL MULTIMODEL SIGNAL - NOT CALIBRATED PROBABILITY,PUBLIC OPEN-DATA SERVICES,INDEPENDENT PROJECT - NOT AN OFFICIAL RHMZ WARNING PRODUCT
71030,REKOVAC,REKOVAC,РЕКОВАЦ,0.0,0.0,0.0,0.0,0.0,8.956085034961461,65.79999923706055,7,33,2026-08-21T09:00:00Z,2026-08-20T00:00:00Z,0.0,0.0,0.0,22.5,0.0,7.1,7,,0.0,0.0,0.0,,,,0.0,2,0.0,0,0,0,0,GREEN,БЕЗ ЗНАЧАЈНОГ РИЗИКА,NO SIGNIFICANT RISK,MODERATE,ECMWF ENS,ECMWF ENS | GEFS,0.0,2,0.0,0,0,0,0,GREEN,БЕЗ ЗНАЧАЈНОГ РИЗИКА,NO SIGNIFICANT RISK,MODERATE,ECMWF ENS,ECMWF ENS | GEFS,0.0,2,0.0,0,0,0,0,GREEN,БЕЗ ЗНАЧАЈНОГ РИЗИКА,NO SIGNIFICANT RISK,MODERATE,ECMWF ENS,ECMWF ENS | GEFS,0.0,2,0.0,0,0,0,0,GREEN,БЕЗ ЗНАЧАЈНОГ РИЗИКА,NO SIGNIFICANT RISK,MODERATE,ECMWF ENS,ECMWF ENS | GEFS,0,GREEN,БЕЗ ЗНАЧАЈНОГ РИЗИКА,NO SIGNIFICANT RISK,NONE,MODERATE,3,2026-08-21T06:00:00+00:00,2026-08-21T09:00:00+00:00,STORMS,EXPERIMENTAL,DEVELOPMENTAL MULTIMODEL SIGNAL - NOT CALIBRATED PROBABILITY,PUBLIC OPEN-DATA SERVICES,INDEPENDENT PROJECT - NOT AN OFFICIAL RHMZ WARNING PRODUCT
80357,RUMA,RUMA,РУМА,0.0,0.0,0.0,0.0,0.0,13.18255937322712,44.81132698059082,12,33,2026-08-21T09:00:00Z,2026-08-20T00:00:00Z,0.0,0.0,0.0,41.5,0.0,8.4,12,,0.0,0.0,0.0,,,,0.0,2,0.0,0,0,0,0,GREEN,БЕЗ ЗНАЧАЈНОГ РИЗИКА,NO SIGNIFICANT RISK,MODERATE,ECMWF ENS,ECMWF ENS | GEFS,0.0,2,0.0,0,0,0,0,GREEN,БЕЗ ЗНАЧАЈНОГ РИЗИКА,NO SIGNIFICANT RISK,MODERATE,ECMWF ENS,ECMWF ENS | GEFS,0.0,2,0.0,0,0,0,0,GREEN,БЕЗ ЗНАЧАЈНОГ РИЗИКА,NO SIGNIFICANT RISK,MODERATE,ECMWF ENS,ECMWF ENS | GEFS,0.0,2,0.0,0,0,0,0,GREEN,БЕЗ ЗНАЧАЈНОГ РИЗИКА,NO SIGNIFICANT RISK,MODERATE,ECMWF ENS,ECMWF ENS | GEFS,0,GREEN,БЕЗ ЗНАЧАЈНОГ РИЗИКА,NO SIGNIFICANT RISK,NONE,MODERATE,3,2026-08-21T06:00:00+00:00,2026-08-21T09:00:00+00:00,STORMS,EXPERIMENTAL,DEVELOPMENTAL MULTIMODEL SIGNAL - NOT CALIBRATED PROBABILITY,PUBLIC OPEN-DATA SERVICES,INDEPENDENT PROJECT - NOT AN OFFICIAL RHMZ WARNING PRODUCT
71072,SJENICA,SJENICA,СЈЕНИЦА,0.0,0.0,0.0,0.0,0.0,9.084536743520136,64.25,11,33,2026-08-21T09:00:00Z,2026-08-20T00:00:00Z,0.0,0.0,0.0,24.8,0.0,5.4,11,,0.0,0.0,0.0,,,,0.0,2,0.0,0,0,0,0,GREEN,БЕЗ ЗНАЧАЈНОГ РИЗИКА,NO SIGNIFICANT RISK,MODERATE,ECMWF ENS,ECMWF ENS | GEFS,0.0,2,0.0,0,0,0,0,GREEN,БЕЗ ЗНАЧАЈНОГ РИЗИКА,NO SIGNIFICANT RISK,MODERATE,ECMWF ENS,ECMWF ENS | GEFS,0.0,2,0.0,0,0,0,0,GREEN,БЕЗ ЗНАЧАЈНОГ РИЗИКА,NO SIGNIFICANT RISK,MODERATE,ECMWF ENS,ECMWF ENS | GEFS,0.0,2,0.0,0,0,0,0,GREEN,БЕЗ ЗНАЧАЈНОГ РИЗИКА,NO SIGNIFICANT RISK,MODERATE,ECMWF ENS,ECMWF ENS | GEFS,0,GREEN,БЕЗ ЗНАЧАЈНОГ РИЗИКА,NO SIGNIFICANT RISK,NONE,MODERATE,3,2026-08-21T06:00:00+00:00,2026-08-21T09:00:00+00:00,STORMS,EXPERIMENTAL,DEVELOPMENTAL MULTIMODEL SIGNAL - NOT CALIBRATED PROBABILITY,PUBLIC OPEN-DATA SERVICES,INDEPENDENT PROJECT - NOT AN OFFICIAL RHMZ WARNING PRODUCT
71056,SVILAJNAC,SVILAJNAC,СВИЛАЈНАЦ,0.0,0.0,0.0,0.0,0.0,10.173891621511851,65.30000305175781,8,33,2026-08-21T09:00:00Z,2026-08-20T00:00:00Z,0.0,0.0,0.0,22.5,0.0,9.2,8,,0.0,0.0,0.0,,,,0.0,2,0.0,0,0,0,0,GREEN,БЕЗ ЗНАЧАЈНОГ РИЗИКА,NO SIGNIFICANT RISK,MODERATE,ECMWF ENS,ECMWF ENS | GEFS,0.0,2,0.0,0,0,0,0,GREEN,БЕЗ ЗНАЧАЈНОГ РИЗИКА,NO SIGNIFICANT RISK,MODERATE,ECMWF ENS,ECMWF ENS | GEFS,0.0,2,0.0,0,0,0,0,GREEN,БЕЗ ЗНАЧАЈНОГ РИЗИКА,NO SIGNIFICANT RISK,MODERATE,ECMWF ENS,ECMWF ENS | GEFS,0.0,2,0.0,0,0,0,0,GREEN,БЕЗ ЗНАЧАЈНОГ РИЗИКА,NO SIGNIFICANT RISK,MODERATE,ECMWF ENS,ECMWF ENS | GEFS,0,GREEN,БЕЗ ЗНАЧАЈНОГ РИЗИКА,NO SIGNIFICANT RISK,NONE,MODERATE,3,2026-08-21T06:00:00+00:00,2026-08-21T09:00:00+00:00,STORMS,EXPERIMENTAL,DEVELOPMENTAL MULTIMODEL SIGNAL - NOT CALIBRATED PROBABILITY,PUBLIC OPEN-DATA SERVICES,INDEPENDENT PROJECT - NOT AN OFFICIAL RHMZ WARNING PRODUCT
71064,SVRLJIG,SVRLJIG,СВРЉИГ,0.0,0.0,0.0,0.0,0.0,6.811677554722999,63.27956008911133,10,33,2026-08-21T09:00:00Z,2026-08-20T00:00:00Z,0.0,0.0,0.0,58.1,0.0,7.2,10,,0.0,0.0,0.0,,,,0.0,2,0.0,0,0,0,0,GREEN,БЕЗ ЗНАЧАЈНОГ РИЗИКА,NO SIGNIFICANT RISK,MODERATE,ECMWF ENS,ECMWF ENS | GEFS,0.0,2,0.0,0,0,0,0,GREEN,БЕЗ ЗНАЧАЈНОГ РИЗИКА,NO SIGNIFICANT RISK,MODERATE,ECMWF ENS,ECMWF ENS | GEFS,0.0,2,0.0,0,0,0,0,GREEN,БЕЗ ЗНАЧАЈНОГ РИЗИКА,NO SIGNIFICANT RISK,MODERATE,ECMWF ENS,ECMWF ENS | GEFS,0.0,2,0.0,0,0,0,0,GREEN,БЕЗ ЗНАЧАЈНОГ РИЗИКА,NO SIGNIFICANT RISK,MODERATE,ECMWF ENS,ECMWF ENS | GEFS,0,GREEN,БЕЗ ЗНАЧАЈНОГ РИЗИКА,NO SIGNIFICANT RISK,NONE,MODERATE,3,2026-08-21T06:00:00+00:00,2026-08-21T09:00:00+00:00,STORMS,EXPERIMENTAL,DEVELOPMENTAL MULTIMODEL SIGNAL - NOT CALIBRATED PROBABILITY,PUBLIC OPEN-DATA SERVICES,INDEPENDENT PROJECT - NOT AN OFFICIAL RHMZ WARNING PRODUCT
80365,SENTA,SENTA,СЕНТА,0.0,0.0,0.0,0.0,0.0,11.86061972019953,59.79820442199707,6,33,2026-08-21T09:00:00Z,2026-08-20T00:00:00Z,0.0,0.0,129.1,49.4,0.0,9.0,6,,0.0,0.0,0.0,,,,0.0,2,0.0,0,0,0,0,GREEN,БЕЗ ЗНАЧАЈНОГ РИЗИКА,NO SIGNIFICANT RISK,MODERATE,ECMWF ENS,ECMWF ENS | GEFS,0.0,2,0.0,0,0,0,0,GREEN,БЕЗ ЗНАЧАЈНОГ РИЗИКА,NO SIGNIFICANT RISK,MODERATE,ECMWF ENS,ECMWF ENS | GEFS,0.0,2,0.0,0,0,0,0,GREEN,БЕЗ ЗНАЧАЈНОГ РИЗИКА,NO SIGNIFICANT RISK,MODERATE,ECMWF ENS,ECMWF ENS | GEFS,0.0,2,0.0,0,0,0,0,GREEN,БЕЗ ЗНАЧАЈНОГ РИЗИКА,NO SIGNIFICANT RISK,MODERATE,ECMWF ENS,ECMWF ENS | GEFS,0,GREEN,БЕЗ ЗНАЧАЈНОГ РИЗИКА,NO SIGNIFICANT RISK,NONE,MODERATE,3,2026-08-21T06:00:00+00:00,2026-08-21T09:00:00+00:00,STORMS,EXPERIMENTAL,DEVELOPMENTAL MULTIMODEL SIGNAL - NOT CALIBRATED PROBABILITY,PUBLIC OPEN-DATA SERVICES,INDEPENDENT PROJECT - NOT AN OFFICIAL RHMZ WARNING PRODUCT
80373,SEČANJ,SEČANJ,СЕЧАЊ,0.0,0.0,0.0,0.0,0.0,11.80065763193358,56.07982540130615,8,33,2026-08-21T09:00:00Z,2026-08-20T00:00:00Z,0.0,0.0,52.1,27.3,0.0,11.9,8,,0.0,0.0,0.0,,,,0.0,2,0.0,0,0,0,0,GREEN,БЕЗ ЗНАЧАЈНОГ РИЗИКА,NO SIGNIFICANT RISK,MODERATE,ECMWF ENS,ECMWF ENS | GEFS,0.0,2,0.0,0,0,0,0,GREEN,БЕЗ ЗНАЧАЈНОГ РИЗИКА,NO SIGNIFICANT RISK,MODERATE,ECMWF ENS,ECMWF ENS | GEFS,0.0,2,0.0,0,0,0,0,GREEN,БЕЗ ЗНАЧАЈНОГ РИЗИКА,NO SIGNIFICANT RISK,MODERATE,ECMWF ENS,ECMWF ENS | GEFS,0.0,2,0.0,0,0,0,0,GREEN,БЕЗ ЗНАЧАЈНОГ РИЗИКА,NO SIGNIFICANT RISK,MODERATE,ECMWF ENS,ECMWF ENS | GEFS,0,GREEN,БЕЗ ЗНАЧАЈНОГ РИЗИКА,NO SIGNIFICANT RISK,NONE,MODERATE,3,2026-08-21T06:00:00+00:00,2026-08-21T09:00:00+00:00,STORMS,EXPERIMENTAL,DEVELOPMENTAL MULTIMODEL SIGNAL - NOT CALIBRATED PROBABILITY,PUBLIC OPEN-DATA SERVICES,INDEPENDENT PROJECT - NOT AN OFFICIAL RHMZ WARNING PRODUCT
71099,SMEDEREVO-GRAD,SMEDEREVO-GRAD,СМЕДЕРЕВО-ГРАД,0.0,0.0,0.0,0.0,0.0,10.985330389856584,64.5999984741211,8,33,2026-08-21T09:00:00Z,2026-08-20T00:00:00Z,0.0,0.0,0.0,18.6,0.0,10.1,8,,0.0,0.0,0.0,,,,0.0,2,0.0,0,0,0,0,GREEN,БЕЗ ЗНАЧАЈНОГ РИЗИКА,NO SIGNIFICANT RISK,MODERATE,ECMWF ENS,ECMWF ENS | GEFS,0.0,2,0.0,0,0,0,0,GREEN,БЕЗ ЗНАЧАЈНОГ РИЗИКА,NO SIGNIFICANT RISK,MODERATE,ECMWF ENS,ECMWF ENS | GEFS,0.0,2,0.0,0,0,0,0,GREEN,БЕЗ ЗНАЧАЈНОГ РИЗИКА,NO SIGNIFICANT RISK,MODERATE,ECMWF ENS,ECMWF ENS | GEFS,0.0,2,0.0,0,0,0,0,GREEN,БЕЗ ЗНАЧАЈНОГ РИЗИКА,NO SIGNIFICANT RISK,MODERATE,ECMWF ENS,ECMWF ENS | GEFS,0,GREEN,БЕЗ ЗНАЧАЈНОГ РИЗИКА,NO SIGNIFICANT RISK,NONE,MODERATE,3,2026-08-21T06:00:00+00:00,2026-08-21T09:00:00+00:00,STORMS,EXPERIMENTAL,DEVELOPMENTAL MULTIMODEL SIGNAL - NOT CALIBRATED PROBABILITY,PUBLIC OPEN-DATA SERVICES,INDEPENDENT PROJECT - NOT AN OFFICIAL RHMZ WARNING PRODUCT
71102,SMEDEREVSKA PALANKA,SMEDEREVSKA PALANKA,СМЕДЕРЕВСКА ПАЛАНКА,0.0,0.0,0.0,0.0,0.0,10.173891621511851,64.5999984741211,8,33,2026-08-21T09:00:00Z,2026-08-20T00:00:00Z,0.0,0.0,0.0,17.8,0.0,9.1,8,,0.0,0.0,0.0,,,,0.0,2,0.0,0,0,0,0,GREEN,БЕЗ ЗНАЧАЈНОГ РИЗИКА,NO SIGNIFICANT RISK,MODERATE,ECMWF ENS,ECMWF ENS | GEFS,0.0,2,0.0,0,0,0,0,GREEN,БЕЗ ЗНАЧАЈНОГ РИЗИКА,NO SIGNIFICANT RISK,MODERATE,ECMWF ENS,ECMWF ENS | GEFS,0.0,2,0.0,0,0,0,0,GREEN,БЕЗ ЗНАЧАЈНОГ РИЗИКА,NO SIGNIFICANT RISK,MODERATE,ECMWF ENS,ECMWF ENS | GEFS,0.0,2,0.0,0,0,0,0,GREEN,БЕЗ ЗНАЧАЈНОГ РИЗИКА,NO SIGNIFICANT RISK,MODERATE,ECMWF ENS,ECMWF ENS | GEFS,0,GREEN,БЕЗ ЗНАЧАЈНОГ РИЗИКА,NO SIGNIFICANT RISK,NONE,MODERATE,3,2026-08-21T06:00:00+00:00,2026-08-21T09:00:00+00:00,STORMS,EXPERIMENTAL,DEVELOPMENTAL MULTIMODEL SIGNAL - NOT CALIBRATED PROBABILITY,PUBLIC OPEN-DATA SERVICES,INDEPENDENT PROJECT - NOT AN OFFICIAL RHMZ WARNING PRODUCT
71129,SOKOBANJA,SOKOBANJA,СОКОБАЊА,0.0,0.0,0.0,0.0,0.0,7.758397199298817,65.14999771118164,9,33,2026-08-21T09:00:00Z,2026-08-20T00:00:00Z,0.0,0.0,24.6,56.2,0.0,8.8,9,,0.0,0.0,0.0,,,,0.0,2,0.0,0,0,0,0,GREEN,БЕЗ ЗНАЧАЈНОГ РИЗИКА,NO SIGNIFICANT RISK,MODERATE,ECMWF ENS,ECMWF ENS | GEFS,0.0,2,0.0,0,0,0,0,GREEN,БЕЗ ЗНАЧАЈНОГ РИЗИКА,NO SIGNIFICANT RISK,MODERATE,ECMWF ENS,ECMWF ENS | GEFS,0.0,2,0.0,0,0,0,0,GREEN,БЕЗ ЗНАЧАЈНОГ РИЗИКА,NO SIGNIFICANT RISK,MODERATE,ECMWF ENS,ECMWF ENS | GEFS,0.0,2,0.0,0,0,0,0,GREEN,БЕЗ ЗНАЧАЈНОГ РИЗИКА,NO SIGNIFICANT RISK,MODERATE,ECMWF ENS,ECMWF ENS | GEFS,0,GREEN,БЕЗ ЗНАЧАЈНОГ РИЗИКА,NO SIGNIFICANT RISK,NONE,MODERATE,3,2026-08-21T06:00:00+00:00,2026-08-21T09:00:00+00:00,STORMS,EXPERIMENTAL,DEVELOPMENTAL MULTIMODEL SIGNAL - NOT CALIBRATED PROBABILITY,PUBLIC OPEN-DATA SERVICES,INDEPENDENT PROJECT - NOT AN OFFICIAL RHMZ WARNING PRODUCT
80381,SOMBOR-GRAD,SOMBOR-GRAD,СОМБОР-ГРАД,0.0,0.0,0.0,0.0,6.0,11.958637779525148,69.80455780029297,12,33,2026-08-21T09:00:00Z,2026-08-20T00:00:00Z,2.0,0.0,258.1,77.3,0.0,10.4,12,,0.0,0.0,0.0,,,,1.0,2,2.0,0,0,0,0,GREEN,БЕЗ ЗНАЧАЈНОГ РИЗИКА,NO SIGNIFICANT RISK,MODERATE,ECMWF ENS,ECMWF ENS | GEFS,0.0,2,0.0,0,0,0,0,GREEN,БЕЗ ЗНАЧАЈНОГ РИЗИКА,NO SIGNIFICANT RISK,MODERATE,ECMWF ENS,ECMWF ENS | GEFS,0.0,2,0.0,0,0,0,0,GREEN,БЕЗ ЗНАЧАЈНОГ РИЗИКА,NO SIGNIFICANT RISK,MODERATE,ECMWF ENS,ECMWF ENS | GEFS,0.0,2,0.0,0,0,0,0,GREEN,БЕЗ ЗНАЧАЈНОГ РИЗИКА,NO SIGNIFICANT RISK,MODERATE,ECMWF ENS,ECMWF ENS | GEFS,0,GREEN,БЕЗ ЗНАЧАЈНОГ РИЗИКА,NO SIGNIFICANT RISK,NONE,MODERATE,3,2026-08-21T06:00:00+00:00,2026-08-21T09:00:00+00:00,STORMS,EXPERIMENTAL,DEVELOPMENTAL MULTIMODEL SIGNAL - NOT CALIBRATED PROBABILITY,PUBLIC OPEN-DATA SERVICES,INDEPENDENT PROJECT - NOT AN OFFICIAL RHMZ WARNING PRODUCT
90271,SRBICA,SRBICA,СРБИЦА,0.0,0.0,0.0,0.0,0.0,7.324550361992955,65.15678405761719,10,33,2026-08-21T09:00:00Z,2026-08-20T00:00:00Z,0.0,0.0,8.8,34.1,0.0,7.2,10,,0.0,0.0,0.0,,,,0.0,2,0.0,0,0,0,0,GREEN,БЕЗ ЗНАЧАЈНОГ РИЗИКА,NO SIGNIFICANT RISK,MODERATE,ECMWF ENS,ECMWF ENS | GEFS,0.0,2,0.0,0,0,0,0,GREEN,БЕЗ ЗНАЧАЈНОГ РИЗИКА,NO SIGNIFICANT RISK,MODERATE,ECMWF ENS,ECMWF ENS | GEFS,0.0,2,0.0,0,0,0,0,GREEN,БЕЗ ЗНАЧАЈНОГ РИЗИКА,NO SIGNIFICANT RISK,MODERATE,ECMWF ENS,ECMWF ENS | GEFS,0.0,2,0.0,0,0,0,0,GREEN,БЕЗ ЗНАЧАЈНОГ РИЗИКА,NO SIGNIFICANT RISK,MODERATE,ECMWF ENS,ECMWF ENS | GEFS,0,GREEN,БЕЗ ЗНАЧАЈНОГ РИЗИКА,NO SIGNIFICANT RISK,NONE,MODERATE,3,2026-08-21T06:00:00+00:00,2026-08-21T09:00:00+00:00,STORMS,EXPERIMENTAL,DEVELOPMENTAL MULTIMODEL SIGNAL - NOT CALIBRATED PROBABILITY,PUBLIC OPEN-DATA SERVICES,INDEPENDENT PROJECT - NOT AN OFFICIAL RHMZ WARNING PRODUCT
80390,SRBOBRAN,SRBOBRAN,СРБОБРАН,0.0,0.0,0.0,0.0,0.0,11.958637779525148,58.400001525878906,7,33,2026-08-21T09:00:00Z,2026-08-20T00:00:00Z,0.0,0.0,28.5,53.4,0.0,8.4,7,,0.0,0.0,0.0,,,,0.0,2,0.0,0,0,0,0,GREEN,БЕЗ ЗНАЧАЈНОГ РИЗИКА,NO SIGNIFICANT RISK,MODERATE,ECMWF ENS,ECMWF ENS | GEFS,0.0,2,0.0,0,0,0,0,GREEN,БЕЗ ЗНАЧАЈНОГ РИЗИКА,NO SIGNIFICANT RISK,MODERATE,ECMWF ENS,ECMWF ENS | GEFS,0.0,2,0.0,0,0,0,0,GREEN,БЕЗ ЗНАЧАЈНОГ РИЗИКА,NO SIGNIFICANT RISK,MODERATE,ECMWF ENS,ECMWF ENS | GEFS,0.0,2,0.0,0,0,0,0,GREEN,БЕЗ ЗНАЧАЈНОГ РИЗИКА,NO SIGNIFICANT RISK,MODERATE,ECMWF ENS,ECMWF ENS | GEFS,0,GREEN,БЕЗ ЗНАЧАЈНОГ РИЗИКА,NO SIGNIFICANT RISK,NONE,MODERATE,3,2026-08-21T06:00:00+00:00,2026-08-21T09:00:00+00:00,STORMS,EXPERIMENTAL,DEVELOPMENTAL MULTIMODEL SIGNAL - NOT CALIBRATED PROBABILITY,PUBLIC OPEN-DATA SERVICES,INDEPENDENT PROJECT - NOT AN OFFICIAL RHMZ WARNING PRODUCT
80403,SREMSKA MITROVICA-GRAD,SREMSKA MITROVICA-GRAD,СРЕМСКА МИТРОВИЦА-ГРАД,0.0,0.0,0.0,0.0,0.0,13.44525310278542,50.19999980926514,14,33,2026-08-21T09:00:00Z,2026-08-20T00:00:00Z,0.0,0.0,0.0,48.1,0.0,8.2,14,,0.0,0.0,0.0,,,,0.0,2,0.0,0,0,0,0,GREEN,БЕЗ ЗНАЧАЈНОГ РИЗИКА,NO SIGNIFICANT RISK,MODERATE,ECMWF ENS,ECMWF ENS | GEFS,0.0,2,0.0,0,0,0,0,GREEN,БЕЗ ЗНАЧАЈНОГ РИЗИКА,NO SIGNIFICANT RISK,MODERATE,ECMWF ENS,ECMWF ENS | GEFS,0.0,2,0.0,0,0,0,0,GREEN,БЕЗ ЗНАЧАЈНОГ РИЗИКА,NO SIGNIFICANT RISK,MODERATE,ECMWF ENS,ECMWF ENS | GEFS,0.0,2,0.0,0,0,0,0,GREEN,БЕЗ ЗНАЧАЈНОГ РИЗИКА,NO SIGNIFICANT RISK,MODERATE,ECMWF ENS,ECMWF ENS | GEFS,0,GREEN,БЕЗ ЗНАЧАЈНОГ РИЗИКА,NO SIGNIFICANT RISK,NONE,MODERATE,3,2026-08-21T06:00:00+00:00,2026-08-21T09:00:00+00:00,STORMS,EXPERIMENTAL,DEVELOPMENTAL MULTIMODEL SIGNAL - NOT CALIBRATED PROBABILITY,PUBLIC OPEN-DATA SERVICES,INDEPENDENT PROJECT - NOT AN OFFICIAL RHMZ WARNING PRODUCT
80411,SREMSKI KARLOVCI,SREMSKI KARLOVCI,СРЕМСКИ КАРЛОВЦИ,0.0,0.0,0.0,0.0,0.0,12.604511171984642,44.679558753967285,5,33,2026-08-21T09:00:00Z,2026-08-20T00:00:00Z,0.0,0.0,0.0,35.3,0.0,9.1,5,,0.0,0.0,0.0,,,,0.0,2,0.0,0,0,0,0,GREEN,БЕЗ ЗНАЧАЈНОГ РИЗИКА,NO SIGNIFICANT RISK,MODERATE,ECMWF ENS,ECMWF ENS | GEFS,0.0,2,0.0,0,0,0,0,GREEN,БЕЗ ЗНАЧАЈНОГ РИЗИКА,NO SIGNIFICANT RISK,MODERATE,ECMWF ENS,ECMWF ENS | GEFS,0.0,2,0.0,0,0,0,0,GREEN,БЕЗ ЗНАЧАЈНОГ РИЗИКА,NO SIGNIFICANT RISK,MODERATE,ECMWF ENS,ECMWF ENS | GEFS,0.0,2,0.0,0,0,0,0,GREEN,БЕЗ ЗНАЧАЈНОГ РИЗИКА,NO SIGNIFICANT RISK,MODERATE,ECMWF ENS,ECMWF ENS | GEFS,0,GREEN,БЕЗ ЗНАЧАЈНОГ РИЗИКА,NO SIGNIFICANT RISK,NONE,MODERATE,3,2026-08-21T06:00:00+00:00,2026-08-21T09:00:00+00:00,STORMS,EXPERIMENTAL,DEVELOPMENTAL MULTIMODEL SIGNAL - NOT CALIBRATED PROBABILITY,PUBLIC OPEN-DATA SERVICES,INDEPENDENT PROJECT - NOT AN OFFICIAL RHMZ WARNING PRODUCT
80420,STARA PAZOVA,STARA PAZOVA,СТАРА ПАЗОВА,0.0,0.0,0.0,0.0,0.0,12.604511171984642,47.111328125,9,33,2026-08-21T09:00:00Z,2026-08-20T00:00:00Z,0.0,0.0,0.0,30.2,0.0,10.3,9,,0.0,0.0,0.0,,,,0.0,2,0.0,0,0,0,0,GREEN,БЕЗ ЗНАЧАЈНОГ РИЗИКА,NO SIGNIFICANT RISK,MODERATE,ECMWF ENS,ECMWF ENS | GEFS,0.0,2,0.0,0,0,0,0,GREEN,БЕЗ ЗНАЧАЈНОГ РИЗИКА,NO SIGNIFICANT RISK,MODERATE,ECMWF ENS,ECMWF ENS | GEFS,0.0,2,0.0,0,0,0,0,GREEN,БЕЗ ЗНАЧАЈНОГ РИЗИКА,NO SIGNIFICANT RISK,MODERATE,ECMWF ENS,ECMWF ENS | GEFS,0.0,2,0.0,0,0,0,0,GREEN,БЕЗ ЗНАЧАЈНОГ РИЗИКА,NO SIGNIFICANT RISK,MODERATE,ECMWF ENS,ECMWF ENS | GEFS,0,GREEN,БЕЗ ЗНАЧАЈНОГ РИЗИКА,NO SIGNIFICANT RISK,NONE,MODERATE,3,2026-08-21T06:00:00+00:00,2026-08-21T09:00:00+00:00,STORMS,EXPERIMENTAL,DEVELOPMENTAL MULTIMODEL SIGNAL - NOT CALIBRATED PROBABILITY,PUBLIC OPEN-DATA SERVICES,INDEPENDENT PROJECT - NOT AN OFFICIAL RHMZ WARNING PRODUCT
80438,SUBOTICA-GRAD,SUBOTICA-GRAD,СУБОТИЦА-ГРАД,0.0,0.0,0.0,0.0,0.0,11.86061972019953,69.74820327758789,13,33,2026-08-21T09:00:00Z,2026-08-20T00:00:00Z,4.0,0.0,244.2,71.8,0.0,11.0,13,,0.0,0.0,0.0,,,,2.0,2,4.0,0,0,0,0,GREEN,БЕЗ ЗНАЧАЈНОГ РИЗИКА,NO SIGNIFICANT RISK,MODERATE,ECMWF ENS,ECMWF ENS | GEFS,0.0,2,0.0,0,0,0,0,GREEN,БЕЗ ЗНАЧАЈНОГ РИЗИКА,NO SIGNIFICANT RISK,MODERATE,ECMWF ENS,ECMWF ENS | GEFS,0.0,2,0.0,0,0,0,0,GREEN,БЕЗ ЗНАЧАЈНОГ РИЗИКА,NO SIGNIFICANT RISK,MODERATE,ECMWF ENS,ECMWF ENS | GEFS,0.0,2,0.0,0,0,0,0,GREEN,БЕЗ ЗНАЧАЈНОГ РИЗИКА,NO SIGNIFICANT RISK,MODERATE,ECMWF ENS,ECMWF ENS | GEFS,0,GREEN,БЕЗ ЗНАЧАЈНОГ РИЗИКА,NO SIGNIFICANT RISK,NONE,MODERATE,3,2026-08-21T06:00:00+00:00,2026-08-21T09:00:00+00:00,STORMS,EXPERIMENTAL,DEVELOPMENTAL MULTIMODEL SIGNAL - NOT CALIBRATED PROBABILITY,PUBLIC OPEN-DATA SERVICES,INDEPENDENT PROJECT - NOT AN OFFICIAL RHMZ WARNING PRODUCT
90280,SUVA REKA,SUVA REKA,СУВА РЕКА,0.0,0.0,0.0,0.0,0.0,4.396445947972182,67.04999923706055,8,33,2026-08-21T09:00:00Z,2026-08-20T00:00:00Z,6.0,0.0,677.8,65.8,0.0,5.3,8,,0.0,0.0,0.0,,,,3.0,2,6.0,0,0,0,0,GREEN,БЕЗ ЗНАЧАЈНОГ РИЗИКА,NO SIGNIFICANT RISK,MODERATE,ECMWF ENS,ECMWF ENS | GEFS,0.0,2,0.0,0,0,0,0,GREEN,БЕЗ ЗНАЧАЈНОГ РИЗИКА,NO SIGNIFICANT RISK,MODERATE,ECMWF ENS,ECMWF ENS | GEFS,0.0,2,0.0,0,0,0,0,GREEN,БЕЗ ЗНАЧАЈНОГ РИЗИКА,NO SIGNIFICANT RISK,MODERATE,ECMWF ENS,ECMWF ENS | GEFS,0.0,2,0.0,0,0,0,0,GREEN,БЕЗ ЗНАЧАЈНОГ РИЗИКА,NO SIGNIFICANT RISK,MODERATE,ECMWF ENS,ECMWF ENS | GEFS,0,GREEN,БЕЗ ЗНАЧАЈНОГ РИЗИКА,NO SIGNIFICANT RISK,NONE,MODERATE,3,2026-08-21T06:00:00+00:00,2026-08-21T09:00:00+00:00,STORMS,EXPERIMENTAL,DEVELOPMENTAL MULTIMODEL SIGNAL - NOT CALIBRATED PROBABILITY,PUBLIC OPEN-DATA SERVICES,INDEPENDENT PROJECT - NOT AN OFFICIAL RHMZ WARNING PRODUCT
71137,SURDULICA,SURDULICA,СУРДУЛИЦА,0.0,0.0,0.0,0.0,0.0,4.430600673521946,60.40678405761719,9,33,2026-08-21T09:00:00Z,2026-08-20T00:00:00Z,0.0,0.0,342.4,67.2,0.0,3.0,9,,0.0,0.0,0.0,,,,0.0,2,0.0,0,0,0,0,GREEN,БЕЗ ЗНАЧАЈНОГ РИЗИКА,NO SIGNIFICANT RISK,MODERATE,ECMWF ENS,ECMWF ENS | GEFS,0.0,2,0.0,0,0,0,0,GREEN,БЕЗ ЗНАЧАЈНОГ РИЗИКА,NO SIGNIFICANT RISK,MODERATE,ECMWF ENS,ECMWF ENS | GEFS,0.0,2,0.0,0,0,0,0,GREEN,БЕЗ ЗНАЧАЈНОГ РИЗИКА,NO SIGNIFICANT RISK,MODERATE,ECMWF ENS,ECMWF ENS | GEFS,0.0,2,0.0,0,0,0,0,GREEN,БЕЗ ЗНАЧАЈНОГ РИЗИКА,NO SIGNIFICANT RISK,MODERATE,ECMWF ENS,ECMWF ENS | GEFS,0,GREEN,БЕЗ ЗНАЧАЈНОГ РИЗИКА,NO SIGNIFICANT RISK,NONE,MODERATE,3,2026-08-21T06:00:00+00:00,2026-08-21T09:00:00+00:00,STORMS,EXPERIMENTAL,DEVELOPMENTAL MULTIMODEL SIGNAL - NOT CALIBRATED PROBABILITY,PUBLIC OPEN-DATA SERVICES,INDEPENDENT PROJECT - NOT AN OFFICIAL RHMZ WARNING PRODUCT
80446,TEMERIN,TEMERIN,ТЕМЕРИН,0.0,0.0,0.0,0.0,0.0,11.966936076868642,51.2982063293457,6,33,2026-08-21T09:00:00Z,2026-08-20T00:00:00Z,0.0,0.0,0.0,46.6,0.0,8.5,6,,0.0,0.0,0.0,,,,0.0,2,0.0,0,0,0,0,GREEN,БЕЗ ЗНАЧАЈНОГ РИЗИКА,NO SIGNIFICANT RISK,MODERATE,ECMWF ENS,ECMWF ENS | GEFS,0.0,2,0.0,0,0,0,0,GREEN,БЕЗ ЗНАЧАЈНОГ РИЗИКА,NO SIGNIFICANT RISK,MODERATE,ECMWF ENS,ECMWF ENS | GEFS,0.0,2,0.0,0,0,0,0,GREEN,БЕЗ ЗНАЧАЈНОГ РИЗИКА,NO SIGNIFICANT RISK,MODERATE,ECMWF ENS,ECMWF ENS | GEFS,0.0,2,0.0,0,0,0,0,GREEN,БЕЗ ЗНАЧАЈНОГ РИЗИКА,NO SIGNIFICANT RISK,MODERATE,ECMWF ENS,ECMWF ENS | GEFS,0,GREEN,БЕЗ ЗНАЧАЈНОГ РИЗИКА,NO SIGNIFICANT RISK,NONE,MODERATE,3,2026-08-21T06:00:00+00:00,2026-08-21T09:00:00+00:00,STORMS,EXPERIMENTAL,DEVELOPMENTAL MULTIMODEL SIGNAL - NOT CALIBRATED PROBABILITY,PUBLIC OPEN-DATA SERVICES,INDEPENDENT PROJECT - NOT AN OFFICIAL RHMZ WARNING PRODUCT
80454,TITEL,TITEL,ТИТЕЛ,0.0,0.0,0.0,0.0,0.0,12.562130471782895,47.111328125,9,33,2026-08-21T09:00:00Z,2026-08-20T00:00:00Z,0.0,0.0,22.6,35.3,0.0,9.8,9,,0.0,0.0,0.0,,,,0.0,2,0.0,0,0,0,0,GREEN,БЕЗ ЗНАЧАЈНОГ РИЗИКА,NO SIGNIFICANT RISK,MODERATE,ECMWF ENS,ECMWF ENS | GEFS,0.0,2,0.0,0,0,0,0,GREEN,БЕЗ ЗНАЧАЈНОГ РИЗИКА,NO SIGNIFICANT RISK,MODERATE,ECMWF ENS,ECMWF ENS | GEFS,0.0,2,0.0,0,0,0,0,GREEN,БЕЗ ЗНАЧАЈНОГ РИЗИКА,NO SIGNIFICANT RISK,MODERATE,ECMWF ENS,ECMWF ENS | GEFS,0.0,2,0.0,0,0,0,0,GREEN,БЕЗ ЗНАЧАЈНОГ РИЗИКА,NO SIGNIFICANT RISK,MODERATE,ECMWF ENS,ECMWF ENS | GEFS,0,GREEN,БЕЗ ЗНАЧАЈНОГ РИЗИКА,NO SIGNIFICANT RISK,NONE,MODERATE,3,2026-08-21T06:00:00+00:00,2026-08-21T09:00:00+00:00,STORMS,EXPERIMENTAL,DEVELOPMENTAL MULTIMODEL SIGNAL - NOT CALIBRATED PROBABILITY,PUBLIC OPEN-DATA SERVICES,INDEPENDENT PROJECT - NOT AN OFFICIAL RHMZ WARNING PRODUCT
71153,TOPOLA,TOPOLA,ТОПОЛА,0.0,0.0,0.0,0.0,0.0,10.366915376296229,65.30000305175781,10,33,2026-08-21T09:00:00Z,2026-08-20T00:00:00Z,0.0,0.0,0.0,17.8,0.0,9.1,10,,0.0,0.0,0.0,,,,0.0,2,0.0,0,0,0,0,GREEN,БЕЗ ЗНАЧАЈНОГ РИЗИКА,NO SIGNIFICANT RISK,MODERATE,ECMWF ENS,ECMWF ENS | GEFS,0.0,2,0.0,0,0,0,0,GREEN,БЕЗ ЗНАЧАЈНОГ РИЗИКА,NO SIGNIFICANT RISK,MODERATE,ECMWF ENS,ECMWF ENS | GEFS,0.0,2,0.0,0,0,0,0,GREEN,БЕЗ ЗНАЧАЈНОГ РИЗИКА,NO SIGNIFICANT RISK,MODERATE,ECMWF ENS,ECMWF ENS | GEFS,0.0,2,0.0,0,0,0,0,GREEN,БЕЗ ЗНАЧАЈНОГ РИЗИКА,NO SIGNIFICANT RISK,MODERATE,ECMWF ENS,ECMWF ENS | GEFS,0,GREEN,БЕЗ ЗНАЧАЈНОГ РИЗИКА,NO SIGNIFICANT RISK,NONE,MODERATE,3,2026-08-21T06:00:00+00:00,2026-08-21T09:00:00+00:00,STORMS,EXPERIMENTAL,DEVELOPMENTAL MULTIMODEL SIGNAL - NOT CALIBRATED PROBABILITY,PUBLIC OPEN-DATA SERVICES,INDEPENDENT PROJECT - NOT AN OFFICIAL RHMZ WARNING PRODUCT
71161,TRGOVIŠTE,TRGOVIŠTE,ТРГОВИШТЕ,0.0,0.0,0.0,0.0,0.0,3.733409806154815,61.65981674194336,8,33,2026-08-21T09:00:00Z,2026-08-20T00:00:00Z,0.0,0.0,220.6,56.6,0.0,3.2,8,,0.0,0.0,0.0,,,,0.0,2,0.0,0,0,0,0,GREEN,БЕЗ ЗНАЧАЈНОГ РИЗИКА,NO SIGNIFICANT RISK,MODERATE,ECMWF ENS,ECMWF ENS | GEFS,0.0,2,0.0,0,0,0,0,GREEN,БЕЗ ЗНАЧАЈНОГ РИЗИКА,NO SIGNIFICANT RISK,MODERATE,ECMWF ENS,ECMWF ENS | GEFS,0.0,2,0.0,0,0,0,0,GREEN,БЕЗ ЗНАЧАЈНОГ РИЗИКА,NO SIGNIFICANT RISK,MODERATE,ECMWF ENS,ECMWF ENS | GEFS,0.0,2,0.0,0,0,0,0,GREEN,БЕЗ ЗНАЧАЈНОГ РИЗИКА,NO SIGNIFICANT RISK,MODERATE,ECMWF ENS,ECMWF ENS | GEFS,0,GREEN,БЕЗ ЗНАЧАЈНОГ РИЗИКА,NO SIGNIFICANT RISK,NONE,MODERATE,3,2026-08-21T06:00:00+00:00,2026-08-21T09:00:00+00:00,STORMS,EXPERIMENTAL,DEVELOPMENTAL MULTIMODEL SIGNAL - NOT CALIBRATED PROBABILITY,PUBLIC OPEN-DATA SERVICES,INDEPENDENT PROJECT - NOT AN OFFICIAL RHMZ WARNING PRODUCT
71170,TRSTENIK,TRSTENIK,ТРСТЕНИК,0.0,0.0,0.0,0.0,0.0,8.189187038705407,65.79999923706055,6,33,2026-08-21T09:00:00Z,2026-08-20T00:00:00Z,0.0,0.0,0.0,26.2,0.0,6.3,6,,0.0,0.0,0.0,,,,0.0,2,0.0,0,0,0,0,GREEN,БЕЗ ЗНАЧАЈНОГ РИЗИКА,NO SIGNIFICANT RISK,MODERATE,ECMWF ENS,ECMWF ENS | GEFS,0.0,2,0.0,0,0,0,0,GREEN,БЕЗ ЗНАЧАЈНОГ РИЗИКА,NO SIGNIFICANT RISK,MODERATE,ECMWF ENS,ECMWF ENS | GEFS,0.0,2,0.0,0,0,0,0,GREEN,БЕЗ ЗНАЧАЈНОГ РИЗИКА,NO SIGNIFICANT RISK,MODERATE,ECMWF ENS,ECMWF ENS | GEFS,0.0,2,0.0,0,0,0,0,GREEN,БЕЗ ЗНАЧАЈНОГ РИЗИКА,NO SIGNIFICANT RISK,MODERATE,ECMWF ENS,ECMWF ENS | GEFS,0,GREEN,БЕЗ ЗНАЧАЈНОГ РИЗИКА,NO SIGNIFICANT RISK,NONE,MODERATE,3,2026-08-21T06:00:00+00:00,2026-08-21T09:00:00+00:00,STORMS,EXPERIMENTAL,DEVELOPMENTAL MULTIMODEL SIGNAL - NOT CALIBRATED PROBABILITY,PUBLIC OPEN-DATA SERVICES,INDEPENDENT PROJECT - NOT AN OFFICIAL RHMZ WARNING PRODUCT
71188,TUTIN,TUTIN,ТУТИН,0.0,0.0,0.0,0.0,0.0,7.833278862951179,64.25,10,33,2026-08-21T09:00:00Z,2026-08-20T00:00:00Z,0.0,0.0,0.0,26.1,0.0,5.3,10,,0.0,0.0,0.0,,,,0.0,2,0.0,0,0,0,0,GREEN,БЕЗ ЗНАЧАЈНОГ РИЗИКА,NO SIGNIFICANT RISK,MODERATE,ECMWF ENS,ECMWF ENS | GEFS,0.0,2,0.0,0,0,0,0,GREEN,БЕЗ ЗНАЧАЈНОГ РИЗИКА,NO SIGNIFICANT RISK,MODERATE,ECMWF ENS,ECMWF ENS | GEFS,0.0,2,0.0,0,0,0,0,GREEN,БЕЗ ЗНАЧАЈНОГ РИЗИКА,NO SIGNIFICANT RISK,MODERATE,ECMWF ENS,ECMWF ENS | GEFS,0.0,2,0.0,0,0,0,0,GREEN,БЕЗ ЗНАЧАЈНОГ РИЗИКА,NO SIGNIFICANT RISK,MODERATE,ECMWF ENS,ECMWF ENS | GEFS,0,GREEN,БЕЗ ЗНАЧАЈНОГ РИЗИКА,NO SIGNIFICANT RISK,NONE,MODERATE,3,2026-08-21T06:00:00+00:00,2026-08-21T09:00:00+00:00,STORMS,EXPERIMENTAL,DEVELOPMENTAL MULTIMODEL SIGNAL - NOT CALIBRATED PROBABILITY,PUBLIC OPEN-DATA SERVICES,INDEPENDENT PROJECT - NOT AN OFFICIAL RHMZ WARNING PRODUCT
71218,UB,UB,УБ,0.0,0.0,0.0,0.0,0.0,12.127557546445242,47.37333679199219,10,33,2026-08-21T09:00:00Z,2026-08-20T00:00:00Z,0.0,0.0,0.0,26.2,0.0,8.6,10,,0.0,0.0,0.0,,,,0.0,2,0.0,0,0,0,0,GREEN,БЕЗ ЗНАЧАЈНОГ РИЗИКА,NO SIGNIFICANT RISK,MODERATE,ECMWF ENS,ECMWF ENS | GEFS,0.0,2,0.0,0,0,0,0,GREEN,БЕЗ ЗНАЧАЈНОГ РИЗИКА,NO SIGNIFICANT RISK,MODERATE,ECMWF ENS,ECMWF ENS | GEFS,0.0,2,0.0,0,0,0,0,GREEN,БЕЗ ЗНАЧАЈНОГ РИЗИКА,NO SIGNIFICANT RISK,MODERATE,ECMWF ENS,ECMWF ENS | GEFS,0.0,2,0.0,0,0,0,0,GREEN,БЕЗ ЗНАЧАЈНОГ РИЗИКА,NO SIGNIFICANT RISK,MODERATE,ECMWF ENS,ECMWF ENS | GEFS,0,GREEN,БЕЗ ЗНАЧАЈНОГ РИЗИКА,NO SIGNIFICANT RISK,NONE,MODERATE,3,2026-08-21T06:00:00+00:00,2026-08-21T09:00:00+00:00,STORMS,EXPERIMENTAL,DEVELOPMENTAL MULTIMODEL SIGNAL - NOT CALIBRATED PROBABILITY,PUBLIC OPEN-DATA SERVICES,INDEPENDENT PROJECT - NOT AN OFFICIAL RHMZ WARNING PRODUCT
71145,UŽICE-GRAD,UŽICE-GRAD,УЖИЦЕ-ГРАД,0.0,0.0,0.0,0.0,0.0,10.865043265601887,50.17500019073486,12,33,2026-08-21T09:00:00Z,2026-08-20T00:00:00Z,0.0,0.0,0.0,26.2,0.0,6.5,12,,0.0,0.0,0.0,,,,0.0,2,0.0,0,0,0,0,GREEN,БЕЗ ЗНАЧАЈНОГ РИЗИКА,NO SIGNIFICANT RISK,MODERATE,ECMWF ENS,ECMWF ENS | GEFS,0.0,2,0.0,0,0,0,0,GREEN,БЕЗ ЗНАЧАЈНОГ РИЗИКА,NO SIGNIFICANT RISK,MODERATE,ECMWF ENS,ECMWF ENS | GEFS,0.0,2,0.0,0,0,0,0,GREEN,БЕЗ ЗНАЧАЈНОГ РИЗИКА,NO SIGNIFICANT RISK,MODERATE,ECMWF ENS,ECMWF ENS | GEFS,0.0,2,0.0,0,0,0,0,GREEN,БЕЗ ЗНАЧАЈНОГ РИЗИКА,NO SIGNIFICANT RISK,MODERATE,ECMWF ENS,ECMWF ENS | GEFS,0,GREEN,БЕЗ ЗНАЧАЈНОГ РИЗИКА,NO SIGNIFICANT RISK,NONE,MODERATE,3,2026-08-21T06:00:00+00:00,2026-08-21T09:00:00+00:00,STORMS,EXPERIMENTAL,DEVELOPMENTAL MULTIMODEL SIGNAL - NOT CALIBRATED PROBABILITY,PUBLIC OPEN-DATA SERVICES,INDEPENDENT PROJECT - NOT AN OFFICIAL RHMZ WARNING PRODUCT
90301,UROŠEVAC,UROŠEVAC,УРОШЕВАЦ,0.0,0.0,0.0,0.0,0.0,4.232861620869003,67.04999923706055,8,33,2026-08-21T09:00:00Z,2026-08-20T00:00:00Z,6.0,0.0,677.8,65.8,0.0,5.3,8,,0.0,0.0,0.0,,,,3.0,2,6.0,0,0,0,0,GREEN,БЕЗ ЗНАЧАЈНОГ РИЗИКА,NO SIGNIFICANT RISK,MODERATE,ECMWF ENS,ECMWF ENS | GEFS,0.0,2,0.0,0,0,0,0,GREEN,БЕЗ ЗНАЧАЈНОГ РИЗИКА,NO SIGNIFICANT RISK,MODERATE,ECMWF ENS,ECMWF ENS | GEFS,0.0,2,0.0,0,0,0,0,GREEN,БЕЗ ЗНАЧАЈНОГ РИЗИКА,NO SIGNIFICANT RISK,MODERATE,ECMWF ENS,ECMWF ENS | GEFS,0.0,2,0.0,0,0,0,0,GREEN,БЕЗ ЗНАЧАЈНОГ РИЗИКА,NO SIGNIFICANT RISK,MODERATE,ECMWF ENS,ECMWF ENS | GEFS,0,GREEN,БЕЗ ЗНАЧАЈНОГ РИЗИКА,NO SIGNIFICANT RISK,NONE,MODERATE,3,2026-08-21T06:00:00+00:00,2026-08-21T09:00:00+00:00,STORMS,EXPERIMENTAL,DEVELOPMENTAL MULTIMODEL SIGNAL - NOT CALIBRATED PROBABILITY,PUBLIC OPEN-DATA SERVICES,INDEPENDENT PROJECT - NOT AN OFFICIAL RHMZ WARNING PRODUCT
71226,CRNA TRAVA,CRNA TRAVA,ЦРНА ТРАВА,0.0,0.0,0.0,0.0,0.0,4.430600673521946,60.40678405761719,8,33,2026-08-21T09:00:00Z,2026-08-20T00:00:00Z,0.0,0.0,114.9,59.6,0.0,3.3,8,,0.0,0.0,0.0,,,,0.0,2,0.0,0,0,0,0,GREEN,БЕЗ ЗНАЧАЈНОГ РИЗИКА,NO SIGNIFICANT RISK,MODERATE,ECMWF ENS,ECMWF ENS | GEFS,0.0,2,0.0,0,0,0,0,GREEN,БЕЗ ЗНАЧАЈНОГ РИЗИКА,NO SIGNIFICANT RISK,MODERATE,ECMWF ENS,ECMWF ENS | GEFS,0.0,2,0.0,0,0,0,0,GREEN,БЕЗ ЗНАЧАЈНОГ РИЗИКА,NO SIGNIFICANT RISK,MODERATE,ECMWF ENS,ECMWF ENS | GEFS,0.0,2,0.0,0,0,0,0,GREEN,БЕЗ ЗНАЧАЈНОГ РИЗИКА,NO SIGNIFICANT RISK,MODERATE,ECMWF ENS,ECMWF ENS | GEFS,0,GREEN,БЕЗ ЗНАЧАЈНОГ РИЗИКА,NO SIGNIFICANT RISK,NONE,MODERATE,3,2026-08-21T06:00:00+00:00,2026-08-21T09:00:00+00:00,STORMS,EXPERIMENTAL,DEVELOPMENTAL MULTIMODEL SIGNAL - NOT CALIBRATED PROBABILITY,PUBLIC OPEN-DATA SERVICES,INDEPENDENT PROJECT - NOT AN OFFICIAL RHMZ WARNING PRODUCT
71234,ČAJETINA,ČAJETINA,ЧАЈЕТИНА,0.0,0.0,0.0,0.0,0.0,10.865043265601887,45.09999847412109,9,33,2026-08-21T09:00:00Z,2026-08-20T00:00:00Z,0.0,0.0,21.1,22.6,0.0,7.4,9,,0.0,0.0,0.0,,,,0.0,2,0.0,0,0,0,0,GREEN,БЕЗ ЗНАЧАЈНОГ РИЗИКА,NO SIGNIFICANT RISK,MODERATE,ECMWF ENS,ECMWF ENS | GEFS,0.0,2,0.0,0,0,0,0,GREEN,БЕЗ ЗНАЧАЈНОГ РИЗИКА,NO SIGNIFICANT RISK,MODERATE,ECMWF ENS,ECMWF ENS | GEFS,0.0,2,0.0,0,0,0,0,GREEN,БЕЗ ЗНАЧАЈНОГ РИЗИКА,NO SIGNIFICANT RISK,MODERATE,ECMWF ENS,ECMWF ENS | GEFS,0.0,2,0.0,0,0,0,0,GREEN,БЕЗ ЗНАЧАЈНОГ РИЗИКА,NO SIGNIFICANT RISK,MODERATE,ECMWF ENS,ECMWF ENS | GEFS,0,GREEN,БЕЗ ЗНАЧАЈНОГ РИЗИКА,NO SIGNIFICANT RISK,NONE,MODERATE,3,2026-08-21T06:00:00+00:00,2026-08-21T09:00:00+00:00,STORMS,EXPERIMENTAL,DEVELOPMENTAL MULTIMODEL SIGNAL - NOT CALIBRATED PROBABILITY,PUBLIC OPEN-DATA SERVICES,INDEPENDENT PROJECT - NOT AN OFFICIAL RHMZ WARNING PRODUCT
71242,ČAČAK-GRAD,ČAČAK-GRAD,ЧАЧАК-ГРАД,0.0,0.0,0.0,0.0,0.0,9.75390417542403,64.42333698272705,8,33,2026-08-21T09:00:00Z,2026-08-20T00:00:00Z,0.0,0.0,0.0,17.6,0.0,8.1,8,,0.0,0.0,0.0,,,,0.0,2,0.0,0,0,0,0,GREEN,БЕЗ ЗНАЧАЈНОГ РИЗИКА,NO SIGNIFICANT RISK,MODERATE,ECMWF ENS,ECMWF ENS | GEFS,0.0,2,0.0,0,0,0,0,GREEN,БЕЗ ЗНАЧАЈНОГ РИЗИКА,NO SIGNIFICANT RISK,MODERATE,ECMWF ENS,ECMWF ENS | GEFS,0.0,2,0.0,0,0,0,0,GREEN,БЕЗ ЗНАЧАЈНОГ РИЗИКА,NO SIGNIFICANT RISK,MODERATE,ECMWF ENS,ECMWF ENS | GEFS,0.0,2,0.0,0,0,0,0,GREEN,БЕЗ ЗНАЧАЈНОГ РИЗИКА,NO SIGNIFICANT RISK,MODERATE,ECMWF ENS,ECMWF ENS | GEFS,0,GREEN,БЕЗ ЗНАЧАЈНОГ РИЗИКА,NO SIGNIFICANT RISK,NONE,MODERATE,3,2026-08-21T06:00:00+00:00,2026-08-21T09:00:00+00:00,STORMS,EXPERIMENTAL,DEVELOPMENTAL MULTIMODEL SIGNAL - NOT CALIBRATED PROBABILITY,PUBLIC OPEN-DATA SERVICES,INDEPENDENT PROJECT - NOT AN OFFICIAL RHMZ WARNING PRODUCT
80489,ČOKA,ČOKA,ЧОКА,0.0,0.0,0.0,0.0,0.0,11.51436244951194,59.79820442199707,8,33,2026-08-21T09:00:00Z,2026-08-20T00:00:00Z,0.0,0.0,110.8,44.6,0.0,10.0,8,,0.0,0.0,0.0,,,,0.0,2,0.0,0,0,0,0,GREEN,БЕЗ ЗНАЧАЈНОГ РИЗИКА,NO SIGNIFICANT RISK,MODERATE,ECMWF ENS,ECMWF ENS | GEFS,0.0,2,0.0,0,0,0,0,GREEN,БЕЗ ЗНАЧАЈНОГ РИЗИКА,NO SIGNIFICANT RISK,MODERATE,ECMWF ENS,ECMWF ENS | GEFS,0.0,2,0.0,0,0,0,0,GREEN,БЕЗ ЗНАЧАЈНОГ РИЗИКА,NO SIGNIFICANT RISK,MODERATE,ECMWF ENS,ECMWF ENS | GEFS,0.0,2,0.0,0,0,0,0,GREEN,БЕЗ ЗНАЧАЈНОГ РИЗИКА,NO SIGNIFICANT RISK,MODERATE,ECMWF ENS,ECMWF ENS | GEFS,0,GREEN,БЕЗ ЗНАЧАЈНОГ РИЗИКА,NO SIGNIFICANT RISK,NONE,MODERATE,3,2026-08-21T06:00:00+00:00,2026-08-21T09:00:00+00:00,STORMS,EXPERIMENTAL,DEVELOPMENTAL MULTIMODEL SIGNAL - NOT CALIBRATED PROBABILITY,PUBLIC OPEN-DATA SERVICES,INDEPENDENT PROJECT - NOT AN OFFICIAL RHMZ WARNING PRODUCT
71269,ŠABAC-GRAD,ŠABAC-GRAD,ШАБАЦ-ГРАД,0.0,0.0,0.0,0.0,0.0,13.218875194922791,41.70000076293945,12,33,2026-08-21T09:00:00Z,2026-08-20T00:00:00Z,0.0,0.0,0.0,36.5,0.0,8.3,12,,0.0,0.0,0.0,,,,0.0,2,0.0,0,0,0,0,GREEN,БЕЗ ЗНАЧАЈНОГ РИЗИКА,NO SIGNIFICANT RISK,MODERATE,ECMWF ENS,ECMWF ENS | GEFS,0.0,2,0.0,0,0,0,0,GREEN,БЕЗ ЗНАЧАЈНОГ РИЗИКА,NO SIGNIFICANT RISK,MODERATE,ECMWF ENS,ECMWF ENS | GEFS,0.0,2,0.0,0,0,0,0,GREEN,БЕЗ ЗНАЧАЈНОГ РИЗИКА,NO SIGNIFICANT RISK,MODERATE,ECMWF ENS,ECMWF ENS | GEFS,0.0,2,0.0,0,0,0,0,GREEN,БЕЗ ЗНАЧАЈНОГ РИЗИКА,NO SIGNIFICANT RISK,MODERATE,ECMWF ENS,ECMWF ENS | GEFS,0,GREEN,БЕЗ ЗНАЧАЈНОГ РИЗИКА,NO SIGNIFICANT RISK,NONE,MODERATE,3,2026-08-21T06:00:00+00:00,2026-08-21T09:00:00+00:00,STORMS,EXPERIMENTAL,DEVELOPMENTAL MULTIMODEL SIGNAL - NOT CALIBRATED PROBABILITY,PUBLIC OPEN-DATA SERVICES,INDEPENDENT PROJECT - NOT AN OFFICIAL RHMZ WARNING PRODUCT
80497,ŠID,ŠID,ШИД,0.0,0.0,0.0,0.0,0.0,13.44525310278542,55.05351638793945,13,33,2026-08-21T09:00:00Z,2026-08-20T00:00:00Z,0.0,0.0,0.0,55.2,0.0,8.4,13,,0.0,0.0,0.0,,,,0.0,2,0.0,0,0,0,0,GREEN,БЕЗ ЗНАЧАЈНОГ РИЗИКА,NO SIGNIFICANT RISK,MODERATE,ECMWF ENS,ECMWF ENS | GEFS,0.0,2,0.0,0,0,0,0,GREEN,БЕЗ ЗНАЧАЈНОГ РИЗИКА,NO SIGNIFICANT RISK,MODERATE,ECMWF ENS,ECMWF ENS | GEFS,0.0,2,0.0,0,0,0,0,GREEN,БЕЗ ЗНАЧАЈНОГ РИЗИКА,NO SIGNIFICANT RISK,MODERATE,ECMWF ENS,ECMWF ENS | GEFS,0.0,2,0.0,0,0,0,0,GREEN,БЕЗ ЗНАЧАЈНОГ РИЗИКА,NO SIGNIFICANT RISK,MODERATE,ECMWF ENS,ECMWF ENS | GEFS,0,GREEN,БЕЗ ЗНАЧАЈНОГ РИЗИКА,NO SIGNIFICANT RISK,NONE,MODERATE,3,2026-08-21T06:00:00+00:00,2026-08-21T09:00:00+00:00,STORMS,EXPERIMENTAL,DEVELOPMENTAL MULTIMODEL SIGNAL - NOT CALIBRATED PROBABILITY,PUBLIC OPEN-DATA SERVICES,INDEPENDENT PROJECT - NOT AN OFFICIAL RHMZ WARNING PRODUCT
90310,ŠTIMLJE,ŠTIMLJE,ШТИМЉЕ,0.0,0.0,0.0,0.0,0.0,4.232861620869003,67.04999923706055,6,33,2026-08-21T09:00:00Z,2026-08-20T00:00:00Z,6.0,0.0,677.8,65.8,0.0,5.3,6,,0.0,0.0,0.0,,,,3.0,2,6.0,0,0,0,0,GREEN,БЕЗ ЗНАЧАЈНОГ РИЗИКА,NO SIGNIFICANT RISK,MODERATE,ECMWF ENS,ECMWF ENS | GEFS,0.0,2,0.0,0,0,0,0,GREEN,БЕЗ ЗНАЧАЈНОГ РИЗИКА,NO SIGNIFICANT RISK,MODERATE,ECMWF ENS,ECMWF ENS | GEFS,0.0,2,0.0,0,0,0,0,GREEN,БЕЗ ЗНАЧАЈНОГ РИЗИКА,NO SIGNIFICANT RISK,MODERATE,ECMWF ENS,ECMWF ENS | GEFS,0.0,2,0.0,0,0,0,0,GREEN,БЕЗ ЗНАЧАЈНОГ РИЗИКА,NO SIGNIFICANT RISK,MODERATE,ECMWF ENS,ECMWF ENS | GEFS,0,GREEN,БЕЗ ЗНАЧАЈНОГ РИЗИКА,NO SIGNIFICANT RISK,NONE,MODERATE,3,2026-08-21T06:00:00+00:00,2026-08-21T09:00:00+00:00,STORMS,EXPERIMENTAL,DEVELOPMENTAL MULTIMODEL SIGNAL - NOT CALIBRATED PROBABILITY,PUBLIC OPEN-DATA SERVICES,INDEPENDENT PROJECT - NOT AN OFFICIAL RHMZ WARNING PRODUCT
90328,ŠTRPCE,ŠTRPCE,ШТРПЦЕ,0.0,0.0,0.0,0.0,0.0,4.613822730527459,69.361328125,7,33,2026-08-21T09:00:00Z,2026-08-20T00:00:00Z,8.0,0.0,420.3,68.4,0.0,4.3,7,,0.0,0.0,0.0,,,,4.0,2,8.0,0,0,0,0,GREEN,БЕЗ ЗНАЧАЈНОГ РИЗИКА,NO SIGNIFICANT RISK,MODERATE,ECMWF ENS,ECMWF ENS | GEFS,0.0,2,0.0,0,0,0,0,GREEN,БЕЗ ЗНАЧАЈНОГ РИЗИКА,NO SIGNIFICANT RISK,MODERATE,ECMWF ENS,ECMWF ENS | GEFS,0.0,2,0.0,0,0,0,0,GREEN,БЕЗ ЗНАЧАЈНОГ РИЗИКА,NO SIGNIFICANT RISK,MODERATE,ECMWF ENS,ECMWF ENS | GEFS,0.0,2,0.0,0,0,0,0,GREEN,БЕЗ ЗНАЧАЈНОГ РИЗИКА,NO SIGNIFICANT RISK,MODERATE,ECMWF ENS,ECMWF ENS | GEFS,0,GREEN,БЕЗ ЗНАЧАЈНОГ РИЗИКА,NO SIGNIFICANT RISK,NONE,MODERATE,3,2026-08-21T06:00:00+00:00,2026-08-21T09:00:00+00:00,STORMS,EXPERIMENTAL,DEVELOPMENTAL MULTIMODEL SIGNAL - NOT CALIBRATED PROBABILITY,PUBLIC OPEN-DATA SERVICES,INDEPENDENT PROJECT - NOT AN OFFICIAL RHMZ WARNING PRODUCT
