Municipality_DOM_ID,Value_e,Value_sl,Value_sc,gefs_thunder,gefs_hail,gefs_large_hail,gefs_very_large_hail,gefs_cape,gefs_shear,gefs_rh700,gefs_grid_points,gefs_forecast_hour,gefs_valid_time,gefs_model_run,ecmwf_thunder,ecmwf_organised_thunder,ecmwf_mucape,ecmwf_rh700,ecmwf_tp3h,ecmwf_shear,ecmwf_grid_points,icon_thunder,ecmwf_hail,ecmwf_large_hail,ecmwf_very_large_hail,icon_hail,icon_large_hail,icon_very_large_hail,thunder_signal,thunder_models_available,thunder_model_spread,thunder_models_ge10,thunder_models_ge40,thunder_models_ge50,thunder_level,thunder_color,thunder_label_sr,thunder_label_en,thunder_confidence,thunder_dominant_model,thunder_source_models,hail_signal,hail_models_available,hail_model_spread,hail_models_ge10,hail_models_ge40,hail_models_ge50,hail_level,hail_color,hail_label_sr,hail_label_en,hail_confidence,hail_dominant_model,hail_source_models,large_hail_signal,large_hail_models_available,large_hail_model_spread,large_hail_models_ge10,large_hail_models_ge40,large_hail_models_ge50,large_hail_level,large_hail_color,large_hail_label_sr,large_hail_label_en,large_hail_confidence,large_hail_dominant_model,large_hail_source_models,very_large_hail_signal,very_large_hail_models_available,very_large_hail_model_spread,very_large_hail_models_ge10,very_large_hail_models_ge40,very_large_hail_models_ge50,very_large_hail_level,very_large_hail_color,very_large_hail_label_sr,very_large_hail_label_en,very_large_hail_confidence,very_large_hail_dominant_model,very_large_hail_source_models,storm_overview_level,storm_overview_color,storm_overview_label_sr,storm_overview_label_en,storm_dominant_hazard,storm_overview_confidence,forecast_hour,reference_run,valid_time,product_family,product_status,probability_status,data_source_status,institutional_status
90085,ĐAKOVICA,ĐAKOVICA,ЂАКОВИЦА,0.0,0.0,0.0,0.0,0.0,8.32577850034911,53.75,9,51,2026-08-22T03:00:00Z,2026-08-20T00:00:00Z,0.0,0.0,0.0,54.1,0.0,6.4,9,,0.0,0.0,0.0,,,,0.0,2,0.0,0,0,0,0,GREEN,БЕЗ ЗНАЧАЈНОГ РИЗИКА,NO SIGNIFICANT RISK,MODERATE,ECMWF ENS,ECMWF ENS | GEFS,0.0,2,0.0,0,0,0,0,GREEN,БЕЗ ЗНАЧАЈНОГ РИЗИКА,NO SIGNIFICANT RISK,MODERATE,ECMWF ENS,ECMWF ENS | GEFS,0.0,2,0.0,0,0,0,0,GREEN,БЕЗ ЗНАЧАЈНОГ РИЗИКА,NO SIGNIFICANT RISK,MODERATE,ECMWF ENS,ECMWF ENS | GEFS,0.0,2,0.0,0,0,0,0,GREEN,БЕЗ ЗНАЧАЈНОГ РИЗИКА,NO SIGNIFICANT RISK,MODERATE,ECMWF ENS,ECMWF ENS | GEFS,0,GREEN,БЕЗ ЗНАЧАЈНОГ РИЗИКА,NO SIGNIFICANT RISK,NONE,MODERATE,21,2026-08-21T06:00:00+00:00,2026-08-22T03:00:00+00:00,STORMS,EXPERIMENTAL,DEVELOPMENTAL MULTIMODEL SIGNAL - NOT CALIBRATED PROBABILITY,PUBLIC OPEN-DATA SERVICES,INDEPENDENT PROJECT - NOT AN OFFICIAL RHMZ WARNING PRODUCT
71048,JAGODINA-GRAD,JAGODINA-GRAD,ЈАГОДИНА-ГРАД,0.0,0.0,0.0,0.0,0.0,15.82838650751095,59.79708480834961,10,51,2026-08-22T03:00:00Z,2026-08-20T00:00:00Z,0.0,0.0,0.0,59.9,0.0,12.9,10,,0.0,0.0,0.0,,,,0.0,2,0.0,0,0,0,0,GREEN,БЕЗ ЗНАЧАЈНОГ РИЗИКА,NO SIGNIFICANT RISK,MODERATE,ECMWF ENS,ECMWF ENS | GEFS,0.0,2,0.0,0,0,0,0,GREEN,БЕЗ ЗНАЧАЈНОГ РИЗИКА,NO SIGNIFICANT RISK,MODERATE,ECMWF ENS,ECMWF ENS | GEFS,0.0,2,0.0,0,0,0,0,GREEN,БЕЗ ЗНАЧАЈНОГ РИЗИКА,NO SIGNIFICANT RISK,MODERATE,ECMWF ENS,ECMWF ENS | GEFS,0.0,2,0.0,0,0,0,0,GREEN,БЕЗ ЗНАЧАЈНОГ РИЗИКА,NO SIGNIFICANT RISK,MODERATE,ECMWF ENS,ECMWF ENS | GEFS,0,GREEN,БЕЗ ЗНАЧАЈНОГ РИЗИКА,NO SIGNIFICANT RISK,NONE,MODERATE,21,2026-08-21T06:00:00+00:00,2026-08-22T03:00:00+00:00,STORMS,EXPERIMENTAL,DEVELOPMENTAL MULTIMODEL SIGNAL - NOT CALIBRATED PROBABILITY,PUBLIC OPEN-DATA SERVICES,INDEPENDENT PROJECT - NOT AN OFFICIAL RHMZ WARNING PRODUCT
70769,LJIG,LJIG,ЉИГ,0.0,0.0,0.0,0.0,0.0,14.715003604414658,60.88008880615234,8,51,2026-08-22T03:00:00Z,2026-08-20T00:00:00Z,0.0,0.0,0.0,61.9,0.0,11.8,8,,0.0,0.0,0.0,,,,0.0,2,0.0,0,0,0,0,GREEN,БЕЗ ЗНАЧАЈНОГ РИЗИКА,NO SIGNIFICANT RISK,MODERATE,ECMWF ENS,ECMWF ENS | GEFS,0.0,2,0.0,0,0,0,0,GREEN,БЕЗ ЗНАЧАЈНОГ РИЗИКА,NO SIGNIFICANT RISK,MODERATE,ECMWF ENS,ECMWF ENS | GEFS,0.0,2,0.0,0,0,0,0,GREEN,БЕЗ ЗНАЧАЈНОГ РИЗИКА,NO SIGNIFICANT RISK,MODERATE,ECMWF ENS,ECMWF ENS | GEFS,0.0,2,0.0,0,0,0,0,GREEN,БЕЗ ЗНАЧАЈНОГ РИЗИКА,NO SIGNIFICANT RISK,MODERATE,ECMWF ENS,ECMWF ENS | GEFS,0,GREEN,БЕЗ ЗНАЧАЈНОГ РИЗИКА,NO SIGNIFICANT RISK,NONE,MODERATE,21,2026-08-21T06:00:00+00:00,2026-08-22T03:00:00+00:00,STORMS,EXPERIMENTAL,DEVELOPMENTAL MULTIMODEL SIGNAL - NOT CALIBRATED PROBABILITY,PUBLIC OPEN-DATA SERVICES,INDEPENDENT PROJECT - NOT AN OFFICIAL RHMZ WARNING PRODUCT
70777,LJUBOVIJA,LJUBOVIJA,ЉУБОВИЈА,0.0,0.0,0.0,0.0,0.0,13.072802965996033,67.11431121826172,9,51,2026-08-22T03:00:00Z,2026-08-20T00:00:00Z,0.0,0.0,0.0,58.0,0.0,7.9,9,,0.0,0.0,0.0,,,,0.0,2,0.0,0,0,0,0,GREEN,БЕЗ ЗНАЧАЈНОГ РИЗИКА,NO SIGNIFICANT RISK,MODERATE,ECMWF ENS,ECMWF ENS | GEFS,0.0,2,0.0,0,0,0,0,GREEN,БЕЗ ЗНАЧАЈНОГ РИЗИКА,NO SIGNIFICANT RISK,MODERATE,ECMWF ENS,ECMWF ENS | GEFS,0.0,2,0.0,0,0,0,0,GREEN,БЕЗ ЗНАЧАЈНОГ РИЗИКА,NO SIGNIFICANT RISK,MODERATE,ECMWF ENS,ECMWF ENS | GEFS,0.0,2,0.0,0,0,0,0,GREEN,БЕЗ ЗНАЧАЈНОГ РИЗИКА,NO SIGNIFICANT RISK,MODERATE,ECMWF ENS,ECMWF ENS | GEFS,0,GREEN,БЕЗ ЗНАЧАЈНОГ РИЗИКА,NO SIGNIFICANT RISK,NONE,MODERATE,21,2026-08-21T06:00:00+00:00,2026-08-22T03:00:00+00:00,STORMS,EXPERIMENTAL,DEVELOPMENTAL MULTIMODEL SIGNAL - NOT CALIBRATED PROBABILITY,PUBLIC OPEN-DATA SERVICES,INDEPENDENT PROJECT - NOT AN OFFICIAL RHMZ WARNING PRODUCT
71196,ĆIĆEVAC,ĆIĆEVAC,ЋИЋЕВАЦ,0.0,0.0,0.0,0.0,0.0,14.30885594971457,60.09999847412109,6,51,2026-08-22T03:00:00Z,2026-08-20T00:00:00Z,0.0,0.0,0.0,49.9,0.0,9.9,6,,0.0,0.0,0.0,,,,0.0,2,0.0,0,0,0,0,GREEN,БЕЗ ЗНАЧАЈНОГ РИЗИКА,NO SIGNIFICANT RISK,MODERATE,ECMWF ENS,ECMWF ENS | GEFS,0.0,2,0.0,0,0,0,0,GREEN,БЕЗ ЗНАЧАЈНОГ РИЗИКА,NO SIGNIFICANT RISK,MODERATE,ECMWF ENS,ECMWF ENS | GEFS,0.0,2,0.0,0,0,0,0,GREEN,БЕЗ ЗНАЧАЈНОГ РИЗИКА,NO SIGNIFICANT RISK,MODERATE,ECMWF ENS,ECMWF ENS | GEFS,0.0,2,0.0,0,0,0,0,GREEN,БЕЗ ЗНАЧАЈНОГ РИЗИКА,NO SIGNIFICANT RISK,MODERATE,ECMWF ENS,ECMWF ENS | GEFS,0,GREEN,БЕЗ ЗНАЧАЈНОГ РИЗИКА,NO SIGNIFICANT RISK,NONE,MODERATE,21,2026-08-21T06:00:00+00:00,2026-08-22T03:00:00+00:00,STORMS,EXPERIMENTAL,DEVELOPMENTAL MULTIMODEL SIGNAL - NOT CALIBRATED PROBABILITY,PUBLIC OPEN-DATA SERVICES,INDEPENDENT PROJECT - NOT AN OFFICIAL RHMZ WARNING PRODUCT
71200,ĆUPRIJA,ĆUPRIJA,ЋУПРИЈА,0.0,0.0,0.0,0.0,0.0,15.712321017300342,59.79708480834961,8,51,2026-08-22T03:00:00Z,2026-08-20T00:00:00Z,0.0,0.0,0.0,56.0,0.0,12.1,8,,0.0,0.0,0.0,,,,0.0,2,0.0,0,0,0,0,GREEN,БЕЗ ЗНАЧАЈНОГ РИЗИКА,NO SIGNIFICANT RISK,MODERATE,ECMWF ENS,ECMWF ENS | GEFS,0.0,2,0.0,0,0,0,0,GREEN,БЕЗ ЗНАЧАЈНОГ РИЗИКА,NO SIGNIFICANT RISK,MODERATE,ECMWF ENS,ECMWF ENS | GEFS,0.0,2,0.0,0,0,0,0,GREEN,БЕЗ ЗНАЧАЈНОГ РИЗИКА,NO SIGNIFICANT RISK,MODERATE,ECMWF ENS,ECMWF ENS | GEFS,0.0,2,0.0,0,0,0,0,GREEN,БЕЗ ЗНАЧАЈНОГ РИЗИКА,NO SIGNIFICANT RISK,MODERATE,ECMWF ENS,ECMWF ENS | GEFS,0,GREEN,БЕЗ ЗНАЧАЈНОГ РИЗИКА,NO SIGNIFICANT RISK,NONE,MODERATE,21,2026-08-21T06:00:00+00:00,2026-08-22T03:00:00+00:00,STORMS,EXPERIMENTAL,DEVELOPMENTAL MULTIMODEL SIGNAL - NOT CALIBRATED PROBABILITY,PUBLIC OPEN-DATA SERVICES,INDEPENDENT PROJECT - NOT AN OFFICIAL RHMZ WARNING PRODUCT
80012,ADA,ADA,АДА,0.0,0.0,0.0,0.0,0.0,12.706718205672455,65.27500343322754,6,51,2026-08-22T03:00:00Z,2026-08-20T00:00:00Z,0.0,0.0,283.8,59.3,0.0,9.6,6,,0.0,0.0,0.0,,,,0.0,2,0.0,0,0,0,0,GREEN,БЕЗ ЗНАЧАЈНОГ РИЗИКА,NO SIGNIFICANT RISK,MODERATE,ECMWF ENS,ECMWF ENS | GEFS,0.0,2,0.0,0,0,0,0,GREEN,БЕЗ ЗНАЧАЈНОГ РИЗИКА,NO SIGNIFICANT RISK,MODERATE,ECMWF ENS,ECMWF ENS | GEFS,0.0,2,0.0,0,0,0,0,GREEN,БЕЗ ЗНАЧАЈНОГ РИЗИКА,NO SIGNIFICANT RISK,MODERATE,ECMWF ENS,ECMWF ENS | GEFS,0.0,2,0.0,0,0,0,0,GREEN,БЕЗ ЗНАЧАЈНОГ РИЗИКА,NO SIGNIFICANT RISK,MODERATE,ECMWF ENS,ECMWF ENS | GEFS,0,GREEN,БЕЗ ЗНАЧАЈНОГ РИЗИКА,NO SIGNIFICANT RISK,NONE,MODERATE,21,2026-08-21T06:00:00+00:00,2026-08-22T03:00:00+00:00,STORMS,EXPERIMENTAL,DEVELOPMENTAL MULTIMODEL SIGNAL - NOT CALIBRATED PROBABILITY,PUBLIC OPEN-DATA SERVICES,INDEPENDENT PROJECT - NOT AN OFFICIAL RHMZ WARNING PRODUCT
70017,ALEKSANDROVAC,ALEKSANDROVAC,АЛЕКСАНДРОВАЦ,0.0,0.0,0.0,0.0,0.0,14.467735369219582,60.09999847412109,11,51,2026-08-22T03:00:00Z,2026-08-20T00:00:00Z,0.0,0.0,0.0,55.8,0.0,9.8,11,,0.0,0.0,0.0,,,,0.0,2,0.0,0,0,0,0,GREEN,БЕЗ ЗНАЧАЈНОГ РИЗИКА,NO SIGNIFICANT RISK,MODERATE,ECMWF ENS,ECMWF ENS | GEFS,0.0,2,0.0,0,0,0,0,GREEN,БЕЗ ЗНАЧАЈНОГ РИЗИКА,NO SIGNIFICANT RISK,MODERATE,ECMWF ENS,ECMWF ENS | GEFS,0.0,2,0.0,0,0,0,0,GREEN,БЕЗ ЗНАЧАЈНОГ РИЗИКА,NO SIGNIFICANT RISK,MODERATE,ECMWF ENS,ECMWF ENS | GEFS,0.0,2,0.0,0,0,0,0,GREEN,БЕЗ ЗНАЧАЈНОГ РИЗИКА,NO SIGNIFICANT RISK,MODERATE,ECMWF ENS,ECMWF ENS | GEFS,0,GREEN,БЕЗ ЗНАЧАЈНОГ РИЗИКА,NO SIGNIFICANT RISK,NONE,MODERATE,21,2026-08-21T06:00:00+00:00,2026-08-22T03:00:00+00:00,STORMS,EXPERIMENTAL,DEVELOPMENTAL MULTIMODEL SIGNAL - NOT CALIBRATED PROBABILITY,PUBLIC OPEN-DATA SERVICES,INDEPENDENT PROJECT - NOT AN OFFICIAL RHMZ WARNING PRODUCT
70025,ALEKSINAC,ALEKSINAC,АЛЕКСИНАЦ,0.0,0.0,0.0,0.0,0.0,14.30885594971457,60.70684814453125,11,51,2026-08-22T03:00:00Z,2026-08-20T00:00:00Z,0.0,0.0,0.0,49.6,0.0,9.6,11,,0.0,0.0,0.0,,,,0.0,2,0.0,0,0,0,0,GREEN,БЕЗ ЗНАЧАЈНОГ РИЗИКА,NO SIGNIFICANT RISK,MODERATE,ECMWF ENS,ECMWF ENS | GEFS,0.0,2,0.0,0,0,0,0,GREEN,БЕЗ ЗНАЧАЈНОГ РИЗИКА,NO SIGNIFICANT RISK,MODERATE,ECMWF ENS,ECMWF ENS | GEFS,0.0,2,0.0,0,0,0,0,GREEN,БЕЗ ЗНАЧАЈНОГ РИЗИКА,NO SIGNIFICANT RISK,MODERATE,ECMWF ENS,ECMWF ENS | GEFS,0.0,2,0.0,0,0,0,0,GREEN,БЕЗ ЗНАЧАЈНОГ РИЗИКА,NO SIGNIFICANT RISK,MODERATE,ECMWF ENS,ECMWF ENS | GEFS,0,GREEN,БЕЗ ЗНАЧАЈНОГ РИЗИКА,NO SIGNIFICANT RISK,NONE,MODERATE,21,2026-08-21T06:00:00+00:00,2026-08-22T03:00:00+00:00,STORMS,EXPERIMENTAL,DEVELOPMENTAL MULTIMODEL SIGNAL - NOT CALIBRATED PROBABILITY,PUBLIC OPEN-DATA SERVICES,INDEPENDENT PROJECT - NOT AN OFFICIAL RHMZ WARNING PRODUCT
80039,ALIBUNAR,ALIBUNAR,АЛИБУНАР,0.0,0.0,0.0,0.0,0.0,15.28020094566169,63.90000057220459,9,51,2026-08-22T03:00:00Z,2026-08-20T00:00:00Z,0.0,0.0,0.1,65.0,0.0,10.3,9,,0.0,0.0,0.0,,,,0.0,2,0.0,0,0,0,0,GREEN,БЕЗ ЗНАЧАЈНОГ РИЗИКА,NO SIGNIFICANT RISK,MODERATE,ECMWF ENS,ECMWF ENS | GEFS,0.0,2,0.0,0,0,0,0,GREEN,БЕЗ ЗНАЧАЈНОГ РИЗИКА,NO SIGNIFICANT RISK,MODERATE,ECMWF ENS,ECMWF ENS | GEFS,0.0,2,0.0,0,0,0,0,GREEN,БЕЗ ЗНАЧАЈНОГ РИЗИКА,NO SIGNIFICANT RISK,MODERATE,ECMWF ENS,ECMWF ENS | GEFS,0.0,2,0.0,0,0,0,0,GREEN,БЕЗ ЗНАЧАЈНОГ РИЗИКА,NO SIGNIFICANT RISK,MODERATE,ECMWF ENS,ECMWF ENS | GEFS,0,GREEN,БЕЗ ЗНАЧАЈНОГ РИЗИКА,NO SIGNIFICANT RISK,NONE,MODERATE,21,2026-08-21T06:00:00+00:00,2026-08-22T03:00:00+00:00,STORMS,EXPERIMENTAL,DEVELOPMENTAL MULTIMODEL SIGNAL - NOT CALIBRATED PROBABILITY,PUBLIC OPEN-DATA SERVICES,INDEPENDENT PROJECT - NOT AN OFFICIAL RHMZ WARNING PRODUCT
80047,APATIN,APATIN,АПАТИН,0.0,0.0,0.0,0.0,0.0,11.815428069775855,71.69999694824219,6,51,2026-08-22T03:00:00Z,2026-08-20T00:00:00Z,0.0,0.0,544.6,64.3,0.0,9.8,6,,0.0,0.0,0.0,,,,0.0,2,0.0,0,0,0,0,GREEN,БЕЗ ЗНАЧАЈНОГ РИЗИКА,NO SIGNIFICANT RISK,MODERATE,ECMWF ENS,ECMWF ENS | GEFS,0.0,2,0.0,0,0,0,0,GREEN,БЕЗ ЗНАЧАЈНОГ РИЗИКА,NO SIGNIFICANT RISK,MODERATE,ECMWF ENS,ECMWF ENS | GEFS,0.0,2,0.0,0,0,0,0,GREEN,БЕЗ ЗНАЧАЈНОГ РИЗИКА,NO SIGNIFICANT RISK,MODERATE,ECMWF ENS,ECMWF ENS | GEFS,0.0,2,0.0,0,0,0,0,GREEN,БЕЗ ЗНАЧАЈНОГ РИЗИКА,NO SIGNIFICANT RISK,MODERATE,ECMWF ENS,ECMWF ENS | GEFS,0,GREEN,БЕЗ ЗНАЧАЈНОГ РИЗИКА,NO SIGNIFICANT RISK,NONE,MODERATE,21,2026-08-21T06:00:00+00:00,2026-08-22T03:00:00+00:00,STORMS,EXPERIMENTAL,DEVELOPMENTAL MULTIMODEL SIGNAL - NOT CALIBRATED PROBABILITY,PUBLIC OPEN-DATA SERVICES,INDEPENDENT PROJECT - NOT AN OFFICIAL RHMZ WARNING PRODUCT
70033,ARANĐELOVAC,ARANĐELOVAC,АРАНЂЕЛОВАЦ,0.0,0.0,0.0,0.0,0.0,15.017941303273949,61.20000076293945,7,51,2026-08-22T03:00:00Z,2026-08-20T00:00:00Z,0.0,0.0,0.0,61.9,0.0,11.8,7,,0.0,0.0,0.0,,,,0.0,2,0.0,0,0,0,0,GREEN,БЕЗ ЗНАЧАЈНОГ РИЗИКА,NO SIGNIFICANT RISK,MODERATE,ECMWF ENS,ECMWF ENS | GEFS,0.0,2,0.0,0,0,0,0,GREEN,БЕЗ ЗНАЧАЈНОГ РИЗИКА,NO SIGNIFICANT RISK,MODERATE,ECMWF ENS,ECMWF ENS | GEFS,0.0,2,0.0,0,0,0,0,GREEN,БЕЗ ЗНАЧАЈНОГ РИЗИКА,NO SIGNIFICANT RISK,MODERATE,ECMWF ENS,ECMWF ENS | GEFS,0.0,2,0.0,0,0,0,0,GREEN,БЕЗ ЗНАЧАЈНОГ РИЗИКА,NO SIGNIFICANT RISK,MODERATE,ECMWF ENS,ECMWF ENS | GEFS,0,GREEN,БЕЗ ЗНАЧАЈНОГ РИЗИКА,NO SIGNIFICANT RISK,NONE,MODERATE,21,2026-08-21T06:00:00+00:00,2026-08-22T03:00:00+00:00,STORMS,EXPERIMENTAL,DEVELOPMENTAL MULTIMODEL SIGNAL - NOT CALIBRATED PROBABILITY,PUBLIC OPEN-DATA SERVICES,INDEPENDENT PROJECT - NOT AN OFFICIAL RHMZ WARNING PRODUCT
70041,ARILJE,ARILJE,АРИЉЕ,0.0,0.0,0.0,0.0,0.0,13.992372950758844,58.9068489074707,8,51,2026-08-22T03:00:00Z,2026-08-20T00:00:00Z,0.0,0.0,0.0,59.2,0.0,11.8,8,,0.0,0.0,0.0,,,,0.0,2,0.0,0,0,0,0,GREEN,БЕЗ ЗНАЧАЈНОГ РИЗИКА,NO SIGNIFICANT RISK,MODERATE,ECMWF ENS,ECMWF ENS | GEFS,0.0,2,0.0,0,0,0,0,GREEN,БЕЗ ЗНАЧАЈНОГ РИЗИКА,NO SIGNIFICANT RISK,MODERATE,ECMWF ENS,ECMWF ENS | GEFS,0.0,2,0.0,0,0,0,0,GREEN,БЕЗ ЗНАЧАЈНОГ РИЗИКА,NO SIGNIFICANT RISK,MODERATE,ECMWF ENS,ECMWF ENS | GEFS,0.0,2,0.0,0,0,0,0,GREEN,БЕЗ ЗНАЧАЈНОГ РИЗИКА,NO SIGNIFICANT RISK,MODERATE,ECMWF ENS,ECMWF ENS | GEFS,0,GREEN,БЕЗ ЗНАЧАЈНОГ РИЗИКА,NO SIGNIFICANT RISK,NONE,MODERATE,21,2026-08-21T06:00:00+00:00,2026-08-22T03:00:00+00:00,STORMS,EXPERIMENTAL,DEVELOPMENTAL MULTIMODEL SIGNAL - NOT CALIBRATED PROBABILITY,PUBLIC OPEN-DATA SERVICES,INDEPENDENT PROJECT - NOT AN OFFICIAL RHMZ WARNING PRODUCT
70068,BAJINA BAŠTA,BAJINA BAŠTA,БАЈИНА БАШТА,0.0,0.0,0.0,0.0,0.0,13.624761681471806,62.107852935791016,10,51,2026-08-22T03:00:00Z,2026-08-20T00:00:00Z,2.0,0.0,0.0,51.1,0.0,4.7,10,,0.0,0.0,0.0,,,,1.0,2,2.0,0,0,0,0,GREEN,БЕЗ ЗНАЧАЈНОГ РИЗИКА,NO SIGNIFICANT RISK,MODERATE,ECMWF ENS,ECMWF ENS | GEFS,0.0,2,0.0,0,0,0,0,GREEN,БЕЗ ЗНАЧАЈНОГ РИЗИКА,NO SIGNIFICANT RISK,MODERATE,ECMWF ENS,ECMWF ENS | GEFS,0.0,2,0.0,0,0,0,0,GREEN,БЕЗ ЗНАЧАЈНОГ РИЗИКА,NO SIGNIFICANT RISK,MODERATE,ECMWF ENS,ECMWF ENS | GEFS,0.0,2,0.0,0,0,0,0,GREEN,БЕЗ ЗНАЧАЈНОГ РИЗИКА,NO SIGNIFICANT RISK,MODERATE,ECMWF ENS,ECMWF ENS | GEFS,0,GREEN,БЕЗ ЗНАЧАЈНОГ РИЗИКА,NO SIGNIFICANT RISK,NONE,MODERATE,21,2026-08-21T06:00:00+00:00,2026-08-22T03:00:00+00:00,STORMS,EXPERIMENTAL,DEVELOPMENTAL MULTIMODEL SIGNAL - NOT CALIBRATED PROBABILITY,PUBLIC OPEN-DATA SERVICES,INDEPENDENT PROJECT - NOT AN OFFICIAL RHMZ WARNING PRODUCT
70050,BABUŠNICA,BABUŠNICA,БАБУШНИЦА,0.0,0.0,0.0,0.0,0.0,9.225774676104054,60.01339340209961,9,51,2026-08-22T03:00:00Z,2026-08-20T00:00:00Z,0.0,0.0,0.0,49.5,0.0,3.9,9,,0.0,0.0,0.0,,,,0.0,2,0.0,0,0,0,0,GREEN,БЕЗ ЗНАЧАЈНОГ РИЗИКА,NO SIGNIFICANT RISK,MODERATE,ECMWF ENS,ECMWF ENS | GEFS,0.0,2,0.0,0,0,0,0,GREEN,БЕЗ ЗНАЧАЈНОГ РИЗИКА,NO SIGNIFICANT RISK,MODERATE,ECMWF ENS,ECMWF ENS | GEFS,0.0,2,0.0,0,0,0,0,GREEN,БЕЗ ЗНАЧАЈНОГ РИЗИКА,NO SIGNIFICANT RISK,MODERATE,ECMWF ENS,ECMWF ENS | GEFS,0.0,2,0.0,0,0,0,0,GREEN,БЕЗ ЗНАЧАЈНОГ РИЗИКА,NO SIGNIFICANT RISK,MODERATE,ECMWF ENS,ECMWF ENS | GEFS,0,GREEN,БЕЗ ЗНАЧАЈНОГ РИЗИКА,NO SIGNIFICANT RISK,NONE,MODERATE,21,2026-08-21T06:00:00+00:00,2026-08-22T03:00:00+00:00,STORMS,EXPERIMENTAL,DEVELOPMENTAL MULTIMODEL SIGNAL - NOT CALIBRATED PROBABILITY,PUBLIC OPEN-DATA SERVICES,INDEPENDENT PROJECT - NOT AN OFFICIAL RHMZ WARNING PRODUCT
70076,BATOČINA,BATOČINA,БАТОЧИНА,0.0,0.0,0.0,0.0,0.0,15.82838650751095,59.75,6,51,2026-08-22T03:00:00Z,2026-08-20T00:00:00Z,0.0,0.0,0.0,61.9,0.0,13.2,6,,0.0,0.0,0.0,,,,0.0,2,0.0,0,0,0,0,GREEN,БЕЗ ЗНАЧАЈНОГ РИЗИКА,NO SIGNIFICANT RISK,MODERATE,ECMWF ENS,ECMWF ENS | GEFS,0.0,2,0.0,0,0,0,0,GREEN,БЕЗ ЗНАЧАЈНОГ РИЗИКА,NO SIGNIFICANT RISK,MODERATE,ECMWF ENS,ECMWF ENS | GEFS,0.0,2,0.0,0,0,0,0,GREEN,БЕЗ ЗНАЧАЈНОГ РИЗИКА,NO SIGNIFICANT RISK,MODERATE,ECMWF ENS,ECMWF ENS | GEFS,0.0,2,0.0,0,0,0,0,GREEN,БЕЗ ЗНАЧАЈНОГ РИЗИКА,NO SIGNIFICANT RISK,MODERATE,ECMWF ENS,ECMWF ENS | GEFS,0,GREEN,БЕЗ ЗНАЧАЈНОГ РИЗИКА,NO SIGNIFICANT RISK,NONE,MODERATE,21,2026-08-21T06:00:00+00:00,2026-08-22T03:00:00+00:00,STORMS,EXPERIMENTAL,DEVELOPMENTAL MULTIMODEL SIGNAL - NOT CALIBRATED PROBABILITY,PUBLIC OPEN-DATA SERVICES,INDEPENDENT PROJECT - NOT AN OFFICIAL RHMZ WARNING PRODUCT
80055,BAČ,BAČ,БАЧ,0.0,0.0,0.0,0.0,0.0,12.658773754353623,71.69999694824219,8,51,2026-08-22T03:00:00Z,2026-08-20T00:00:00Z,0.0,0.0,280.9,62.8,0.0,9.5,8,,0.0,0.0,0.0,,,,0.0,2,0.0,0,0,0,0,GREEN,БЕЗ ЗНАЧАЈНОГ РИЗИКА,NO SIGNIFICANT RISK,MODERATE,ECMWF ENS,ECMWF ENS | GEFS,0.0,2,0.0,0,0,0,0,GREEN,БЕЗ ЗНАЧАЈНОГ РИЗИКА,NO SIGNIFICANT RISK,MODERATE,ECMWF ENS,ECMWF ENS | GEFS,0.0,2,0.0,0,0,0,0,GREEN,БЕЗ ЗНАЧАЈНОГ РИЗИКА,NO SIGNIFICANT RISK,MODERATE,ECMWF ENS,ECMWF ENS | GEFS,0.0,2,0.0,0,0,0,0,GREEN,БЕЗ ЗНАЧАЈНОГ РИЗИКА,NO SIGNIFICANT RISK,MODERATE,ECMWF ENS,ECMWF ENS | GEFS,0,GREEN,БЕЗ ЗНАЧАЈНОГ РИЗИКА,NO SIGNIFICANT RISK,NONE,MODERATE,21,2026-08-21T06:00:00+00:00,2026-08-22T03:00:00+00:00,STORMS,EXPERIMENTAL,DEVELOPMENTAL MULTIMODEL SIGNAL - NOT CALIBRATED PROBABILITY,PUBLIC OPEN-DATA SERVICES,INDEPENDENT PROJECT - NOT AN OFFICIAL RHMZ WARNING PRODUCT
80063,BAČKA PALANKA,BAČKA PALANKA,БАЧКА ПАЛАНКА,0.0,0.0,0.0,0.0,0.0,13.023340042744035,69.0999984741211,9,51,2026-08-22T03:00:00Z,2026-08-20T00:00:00Z,0.0,0.0,258.4,60.8,0.0,8.9,9,,0.0,0.0,0.0,,,,0.0,2,0.0,0,0,0,0,GREEN,БЕЗ ЗНАЧАЈНОГ РИЗИКА,NO SIGNIFICANT RISK,MODERATE,ECMWF ENS,ECMWF ENS | GEFS,0.0,2,0.0,0,0,0,0,GREEN,БЕЗ ЗНАЧАЈНОГ РИЗИКА,NO SIGNIFICANT RISK,MODERATE,ECMWF ENS,ECMWF ENS | GEFS,0.0,2,0.0,0,0,0,0,GREEN,БЕЗ ЗНАЧАЈНОГ РИЗИКА,NO SIGNIFICANT RISK,MODERATE,ECMWF ENS,ECMWF ENS | GEFS,0.0,2,0.0,0,0,0,0,GREEN,БЕЗ ЗНАЧАЈНОГ РИЗИКА,NO SIGNIFICANT RISK,MODERATE,ECMWF ENS,ECMWF ENS | GEFS,0,GREEN,БЕЗ ЗНАЧАЈНОГ РИЗИКА,NO SIGNIFICANT RISK,NONE,MODERATE,21,2026-08-21T06:00:00+00:00,2026-08-22T03:00:00+00:00,STORMS,EXPERIMENTAL,DEVELOPMENTAL MULTIMODEL SIGNAL - NOT CALIBRATED PROBABILITY,PUBLIC OPEN-DATA SERVICES,INDEPENDENT PROJECT - NOT AN OFFICIAL RHMZ WARNING PRODUCT
80071,BAČKA TOPOLA,BAČKA TOPOLA,БАЧКА ТОПОЛА,0.0,0.0,0.0,0.0,0.0,12.706718205672455,68.01339340209961,8,51,2026-08-22T03:00:00Z,2026-08-20T00:00:00Z,0.0,0.0,410.9,66.0,0.0,9.4,8,,0.0,0.0,0.0,,,,0.0,2,0.0,0,0,0,0,GREEN,БЕЗ ЗНАЧАЈНОГ РИЗИКА,NO SIGNIFICANT RISK,MODERATE,ECMWF ENS,ECMWF ENS | GEFS,0.0,2,0.0,0,0,0,0,GREEN,БЕЗ ЗНАЧАЈНОГ РИЗИКА,NO SIGNIFICANT RISK,MODERATE,ECMWF ENS,ECMWF ENS | GEFS,0.0,2,0.0,0,0,0,0,GREEN,БЕЗ ЗНАЧАЈНОГ РИЗИКА,NO SIGNIFICANT RISK,MODERATE,ECMWF ENS,ECMWF ENS | GEFS,0.0,2,0.0,0,0,0,0,GREEN,БЕЗ ЗНАЧАЈНОГ РИЗИКА,NO SIGNIFICANT RISK,MODERATE,ECMWF ENS,ECMWF ENS | GEFS,0,GREEN,БЕЗ ЗНАЧАЈНОГ РИЗИКА,NO SIGNIFICANT RISK,NONE,MODERATE,21,2026-08-21T06:00:00+00:00,2026-08-22T03:00:00+00:00,STORMS,EXPERIMENTAL,DEVELOPMENTAL MULTIMODEL SIGNAL - NOT CALIBRATED PROBABILITY,PUBLIC OPEN-DATA SERVICES,INDEPENDENT PROJECT - NOT AN OFFICIAL RHMZ WARNING PRODUCT
80080,BAČKI PETROVAC,BAČKI PETROVAC,БАЧКИ ПЕТРОВАЦ,0.0,0.0,0.0,0.0,0.0,12.658773754353623,69.0999984741211,6,51,2026-08-22T03:00:00Z,2026-08-20T00:00:00Z,0.0,0.0,258.4,60.8,0.0,8.9,6,,0.0,0.0,0.0,,,,0.0,2,0.0,0,0,0,0,GREEN,БЕЗ ЗНАЧАЈНОГ РИЗИКА,NO SIGNIFICANT RISK,MODERATE,ECMWF ENS,ECMWF ENS | GEFS,0.0,2,0.0,0,0,0,0,GREEN,БЕЗ ЗНАЧАЈНОГ РИЗИКА,NO SIGNIFICANT RISK,MODERATE,ECMWF ENS,ECMWF ENS | GEFS,0.0,2,0.0,0,0,0,0,GREEN,БЕЗ ЗНАЧАЈНОГ РИЗИКА,NO SIGNIFICANT RISK,MODERATE,ECMWF ENS,ECMWF ENS | GEFS,0.0,2,0.0,0,0,0,0,GREEN,БЕЗ ЗНАЧАЈНОГ РИЗИКА,NO SIGNIFICANT RISK,MODERATE,ECMWF ENS,ECMWF ENS | GEFS,0,GREEN,БЕЗ ЗНАЧАЈНОГ РИЗИКА,NO SIGNIFICANT RISK,NONE,MODERATE,21,2026-08-21T06:00:00+00:00,2026-08-22T03:00:00+00:00,STORMS,EXPERIMENTAL,DEVELOPMENTAL MULTIMODEL SIGNAL - NOT CALIBRATED PROBABILITY,PUBLIC OPEN-DATA SERVICES,INDEPENDENT PROJECT - NOT AN OFFICIAL RHMZ WARNING PRODUCT
70084,BELA PALANKA,BELA PALANKA,БЕЛА ПАЛАНКА,0.0,0.0,0.0,0.0,0.0,11.12477859258186,60.21431350708008,10,51,2026-08-22T03:00:00Z,2026-08-20T00:00:00Z,0.0,0.0,0.0,52.6,0.0,8.4,10,,0.0,0.0,0.0,,,,0.0,2,0.0,0,0,0,0,GREEN,БЕЗ ЗНАЧАЈНОГ РИЗИКА,NO SIGNIFICANT RISK,MODERATE,ECMWF ENS,ECMWF ENS | GEFS,0.0,2,0.0,0,0,0,0,GREEN,БЕЗ ЗНАЧАЈНОГ РИЗИКА,NO SIGNIFICANT RISK,MODERATE,ECMWF ENS,ECMWF ENS | GEFS,0.0,2,0.0,0,0,0,0,GREEN,БЕЗ ЗНАЧАЈНОГ РИЗИКА,NO SIGNIFICANT RISK,MODERATE,ECMWF ENS,ECMWF ENS | GEFS,0.0,2,0.0,0,0,0,0,GREEN,БЕЗ ЗНАЧАЈНОГ РИЗИКА,NO SIGNIFICANT RISK,MODERATE,ECMWF ENS,ECMWF ENS | GEFS,0,GREEN,БЕЗ ЗНАЧАЈНОГ РИЗИКА,NO SIGNIFICANT RISK,NONE,MODERATE,21,2026-08-21T06:00:00+00:00,2026-08-22T03:00:00+00:00,STORMS,EXPERIMENTAL,DEVELOPMENTAL MULTIMODEL SIGNAL - NOT CALIBRATED PROBABILITY,PUBLIC OPEN-DATA SERVICES,INDEPENDENT PROJECT - NOT AN OFFICIAL RHMZ WARNING PRODUCT
80098,BELA CRKVA,BELA CRKVA,БЕЛА ЦРКВА,0.0,0.0,0.0,0.0,0.0,15.28020094566169,62.66298294067383,8,51,2026-08-22T03:00:00Z,2026-08-20T00:00:00Z,0.0,0.0,0.0,65.5,0.0,12.7,8,,0.0,0.0,0.0,,,,0.0,2,0.0,0,0,0,0,GREEN,БЕЗ ЗНАЧАЈНОГ РИЗИКА,NO SIGNIFICANT RISK,MODERATE,ECMWF ENS,ECMWF ENS | GEFS,0.0,2,0.0,0,0,0,0,GREEN,БЕЗ ЗНАЧАЈНОГ РИЗИКА,NO SIGNIFICANT RISK,MODERATE,ECMWF ENS,ECMWF ENS | GEFS,0.0,2,0.0,0,0,0,0,GREEN,БЕЗ ЗНАЧАЈНОГ РИЗИКА,NO SIGNIFICANT RISK,MODERATE,ECMWF ENS,ECMWF ENS | GEFS,0.0,2,0.0,0,0,0,0,GREEN,БЕЗ ЗНАЧАЈНОГ РИЗИКА,NO SIGNIFICANT RISK,MODERATE,ECMWF ENS,ECMWF ENS | GEFS,0,GREEN,БЕЗ ЗНАЧАЈНОГ РИЗИКА,NO SIGNIFICANT RISK,NONE,MODERATE,21,2026-08-21T06:00:00+00:00,2026-08-22T03:00:00+00:00,STORMS,EXPERIMENTAL,DEVELOPMENTAL MULTIMODEL SIGNAL - NOT CALIBRATED PROBABILITY,PUBLIC OPEN-DATA SERVICES,INDEPENDENT PROJECT - NOT AN OFFICIAL RHMZ WARNING PRODUCT
70092,BEOGRAD-BARAJEVO,BEOGRAD-BARAJEVO,БЕОГРАД-БАРАЈЕВО,0.0,0.0,0.0,0.0,0.0,14.841814574132597,61.20000076293945,7,51,2026-08-22T03:00:00Z,2026-08-20T00:00:00Z,0.0,0.0,0.0,63.0,0.0,10.1,7,,0.0,0.0,0.0,,,,0.0,2,0.0,0,0,0,0,GREEN,БЕЗ ЗНАЧАЈНОГ РИЗИКА,NO SIGNIFICANT RISK,MODERATE,ECMWF ENS,ECMWF ENS | GEFS,0.0,2,0.0,0,0,0,0,GREEN,БЕЗ ЗНАЧАЈНОГ РИЗИКА,NO SIGNIFICANT RISK,MODERATE,ECMWF ENS,ECMWF ENS | GEFS,0.0,2,0.0,0,0,0,0,GREEN,БЕЗ ЗНАЧАЈНОГ РИЗИКА,NO SIGNIFICANT RISK,MODERATE,ECMWF ENS,ECMWF ENS | GEFS,0.0,2,0.0,0,0,0,0,GREEN,БЕЗ ЗНАЧАЈНОГ РИЗИКА,NO SIGNIFICANT RISK,MODERATE,ECMWF ENS,ECMWF ENS | GEFS,0,GREEN,БЕЗ ЗНАЧАЈНОГ РИЗИКА,NO SIGNIFICANT RISK,NONE,MODERATE,21,2026-08-21T06:00:00+00:00,2026-08-22T03:00:00+00:00,STORMS,EXPERIMENTAL,DEVELOPMENTAL MULTIMODEL SIGNAL - NOT CALIBRATED PROBABILITY,PUBLIC OPEN-DATA SERVICES,INDEPENDENT PROJECT - NOT AN OFFICIAL RHMZ WARNING PRODUCT
70106,BEOGRAD-VOŽDOVAC,BEOGRAD-VOŽDOVAC,БЕОГРАД-ВОЖДОВАЦ,0.0,0.0,0.0,0.0,0.0,14.841814574132597,62.15000057220459,7,51,2026-08-22T03:00:00Z,2026-08-20T00:00:00Z,0.0,0.0,0.0,64.1,0.0,11.0,7,,0.0,0.0,0.0,,,,0.0,2,0.0,0,0,0,0,GREEN,БЕЗ ЗНАЧАЈНОГ РИЗИКА,NO SIGNIFICANT RISK,MODERATE,ECMWF ENS,ECMWF ENS | GEFS,0.0,2,0.0,0,0,0,0,GREEN,БЕЗ ЗНАЧАЈНОГ РИЗИКА,NO SIGNIFICANT RISK,MODERATE,ECMWF ENS,ECMWF ENS | GEFS,0.0,2,0.0,0,0,0,0,GREEN,БЕЗ ЗНАЧАЈНОГ РИЗИКА,NO SIGNIFICANT RISK,MODERATE,ECMWF ENS,ECMWF ENS | GEFS,0.0,2,0.0,0,0,0,0,GREEN,БЕЗ ЗНАЧАЈНОГ РИЗИКА,NO SIGNIFICANT RISK,MODERATE,ECMWF ENS,ECMWF ENS | GEFS,0,GREEN,БЕЗ ЗНАЧАЈНОГ РИЗИКА,NO SIGNIFICANT RISK,NONE,MODERATE,21,2026-08-21T06:00:00+00:00,2026-08-22T03:00:00+00:00,STORMS,EXPERIMENTAL,DEVELOPMENTAL MULTIMODEL SIGNAL - NOT CALIBRATED PROBABILITY,PUBLIC OPEN-DATA SERVICES,INDEPENDENT PROJECT - NOT AN OFFICIAL RHMZ WARNING PRODUCT
70114,BEOGRAD-VRAČAR,BEOGRAD-VRAČAR,БЕОГРАД-ВРАЧАР,0.0,0.0,0.0,0.0,0.0,14.122307920665508,62.15000057220459,4,51,2026-08-22T03:00:00Z,2026-08-20T00:00:00Z,0.0,0.0,0.0,64.1,0.0,11.0,4,,0.0,0.0,0.0,,,,0.0,2,0.0,0,0,0,0,GREEN,БЕЗ ЗНАЧАЈНОГ РИЗИКА,NO SIGNIFICANT RISK,MODERATE,ECMWF ENS,ECMWF ENS | GEFS,0.0,2,0.0,0,0,0,0,GREEN,БЕЗ ЗНАЧАЈНОГ РИЗИКА,NO SIGNIFICANT RISK,MODERATE,ECMWF ENS,ECMWF ENS | GEFS,0.0,2,0.0,0,0,0,0,GREEN,БЕЗ ЗНАЧАЈНОГ РИЗИКА,NO SIGNIFICANT RISK,MODERATE,ECMWF ENS,ECMWF ENS | GEFS,0.0,2,0.0,0,0,0,0,GREEN,БЕЗ ЗНАЧАЈНОГ РИЗИКА,NO SIGNIFICANT RISK,MODERATE,ECMWF ENS,ECMWF ENS | GEFS,0,GREEN,БЕЗ ЗНАЧАЈНОГ РИЗИКА,NO SIGNIFICANT RISK,NONE,MODERATE,21,2026-08-21T06:00:00+00:00,2026-08-22T03:00:00+00:00,STORMS,EXPERIMENTAL,DEVELOPMENTAL MULTIMODEL SIGNAL - NOT CALIBRATED PROBABILITY,PUBLIC OPEN-DATA SERVICES,INDEPENDENT PROJECT - NOT AN OFFICIAL RHMZ WARNING PRODUCT
70122,BEOGRAD-GROCKA,BEOGRAD-GROCKA,БЕОГРАД-ГРОЦКА,0.0,0.0,0.0,0.0,0.0,15.890411413664731,62.15000057220459,9,51,2026-08-22T03:00:00Z,2026-08-20T00:00:00Z,0.0,0.0,0.0,64.1,0.0,11.0,9,,0.0,0.0,0.0,,,,0.0,2,0.0,0,0,0,0,GREEN,БЕЗ ЗНАЧАЈНОГ РИЗИКА,NO SIGNIFICANT RISK,MODERATE,ECMWF ENS,ECMWF ENS | GEFS,0.0,2,0.0,0,0,0,0,GREEN,БЕЗ ЗНАЧАЈНОГ РИЗИКА,NO SIGNIFICANT RISK,MODERATE,ECMWF ENS,ECMWF ENS | GEFS,0.0,2,0.0,0,0,0,0,GREEN,БЕЗ ЗНАЧАЈНОГ РИЗИКА,NO SIGNIFICANT RISK,MODERATE,ECMWF ENS,ECMWF ENS | GEFS,0.0,2,0.0,0,0,0,0,GREEN,БЕЗ ЗНАЧАЈНОГ РИЗИКА,NO SIGNIFICANT RISK,MODERATE,ECMWF ENS,ECMWF ENS | GEFS,0,GREEN,БЕЗ ЗНАЧАЈНОГ РИЗИКА,NO SIGNIFICANT RISK,NONE,MODERATE,21,2026-08-21T06:00:00+00:00,2026-08-22T03:00:00+00:00,STORMS,EXPERIMENTAL,DEVELOPMENTAL MULTIMODEL SIGNAL - NOT CALIBRATED PROBABILITY,PUBLIC OPEN-DATA SERVICES,INDEPENDENT PROJECT - NOT AN OFFICIAL RHMZ WARNING PRODUCT
70149,BEOGRAD-ZVEZDARA,BEOGRAD-ZVEZDARA,БЕОГРАД-ЗВЕЗДАРА,0.0,0.0,0.0,0.0,0.0,14.122307920665508,62.15000057220459,4,51,2026-08-22T03:00:00Z,2026-08-20T00:00:00Z,0.0,0.0,0.0,64.1,0.0,11.0,4,,0.0,0.0,0.0,,,,0.0,2,0.0,0,0,0,0,GREEN,БЕЗ ЗНАЧАЈНОГ РИЗИКА,NO SIGNIFICANT RISK,MODERATE,ECMWF ENS,ECMWF ENS | GEFS,0.0,2,0.0,0,0,0,0,GREEN,БЕЗ ЗНАЧАЈНОГ РИЗИКА,NO SIGNIFICANT RISK,MODERATE,ECMWF ENS,ECMWF ENS | GEFS,0.0,2,0.0,0,0,0,0,GREEN,БЕЗ ЗНАЧАЈНОГ РИЗИКА,NO SIGNIFICANT RISK,MODERATE,ECMWF ENS,ECMWF ENS | GEFS,0.0,2,0.0,0,0,0,0,GREEN,БЕЗ ЗНАЧАЈНОГ РИЗИКА,NO SIGNIFICANT RISK,MODERATE,ECMWF ENS,ECMWF ENS | GEFS,0,GREEN,БЕЗ ЗНАЧАЈНОГ РИЗИКА,NO SIGNIFICANT RISK,NONE,MODERATE,21,2026-08-21T06:00:00+00:00,2026-08-22T03:00:00+00:00,STORMS,EXPERIMENTAL,DEVELOPMENTAL MULTIMODEL SIGNAL - NOT CALIBRATED PROBABILITY,PUBLIC OPEN-DATA SERVICES,INDEPENDENT PROJECT - NOT AN OFFICIAL RHMZ WARNING PRODUCT
70157,BEOGRAD-ZEMUN,BEOGRAD-ZEMUN,БЕОГРАД-ЗЕМУН,0.0,0.0,0.0,0.0,0.0,13.676971580618403,63.70000076293945,6,51,2026-08-22T03:00:00Z,2026-08-20T00:00:00Z,0.0,0.0,0.0,59.2,0.0,9.0,6,,0.0,0.0,0.0,,,,0.0,2,0.0,0,0,0,0,GREEN,БЕЗ ЗНАЧАЈНОГ РИЗИКА,NO SIGNIFICANT RISK,MODERATE,ECMWF ENS,ECMWF ENS | GEFS,0.0,2,0.0,0,0,0,0,GREEN,БЕЗ ЗНАЧАЈНОГ РИЗИКА,NO SIGNIFICANT RISK,MODERATE,ECMWF ENS,ECMWF ENS | GEFS,0.0,2,0.0,0,0,0,0,GREEN,БЕЗ ЗНАЧАЈНОГ РИЗИКА,NO SIGNIFICANT RISK,MODERATE,ECMWF ENS,ECMWF ENS | GEFS,0.0,2,0.0,0,0,0,0,GREEN,БЕЗ ЗНАЧАЈНОГ РИЗИКА,NO SIGNIFICANT RISK,MODERATE,ECMWF ENS,ECMWF ENS | GEFS,0,GREEN,БЕЗ ЗНАЧАЈНОГ РИЗИКА,NO SIGNIFICANT RISK,NONE,MODERATE,21,2026-08-21T06:00:00+00:00,2026-08-22T03:00:00+00:00,STORMS,EXPERIMENTAL,DEVELOPMENTAL MULTIMODEL SIGNAL - NOT CALIBRATED PROBABILITY,PUBLIC OPEN-DATA SERVICES,INDEPENDENT PROJECT - NOT AN OFFICIAL RHMZ WARNING PRODUCT
70165,BEOGRAD-LAZAREVAC,BEOGRAD-LAZAREVAC,БЕОГРАД-ЛАЗАРЕВАЦ,0.0,0.0,0.0,0.0,0.0,14.549343118700165,60.88008880615234,7,51,2026-08-22T03:00:00Z,2026-08-20T00:00:00Z,0.0,0.0,0.0,63.0,0.0,10.1,7,,0.0,0.0,0.0,,,,0.0,2,0.0,0,0,0,0,GREEN,БЕЗ ЗНАЧАЈНОГ РИЗИКА,NO SIGNIFICANT RISK,MODERATE,ECMWF ENS,ECMWF ENS | GEFS,0.0,2,0.0,0,0,0,0,GREEN,БЕЗ ЗНАЧАЈНОГ РИЗИКА,NO SIGNIFICANT RISK,MODERATE,ECMWF ENS,ECMWF ENS | GEFS,0.0,2,0.0,0,0,0,0,GREEN,БЕЗ ЗНАЧАЈНОГ РИЗИКА,NO SIGNIFICANT RISK,MODERATE,ECMWF ENS,ECMWF ENS | GEFS,0.0,2,0.0,0,0,0,0,GREEN,БЕЗ ЗНАЧАЈНОГ РИЗИКА,NO SIGNIFICANT RISK,MODERATE,ECMWF ENS,ECMWF ENS | GEFS,0,GREEN,БЕЗ ЗНАЧАЈНОГ РИЗИКА,NO SIGNIFICANT RISK,NONE,MODERATE,21,2026-08-21T06:00:00+00:00,2026-08-22T03:00:00+00:00,STORMS,EXPERIMENTAL,DEVELOPMENTAL MULTIMODEL SIGNAL - NOT CALIBRATED PROBABILITY,PUBLIC OPEN-DATA SERVICES,INDEPENDENT PROJECT - NOT AN OFFICIAL RHMZ WARNING PRODUCT
70173,BEOGRAD-MLADENOVAC,BEOGRAD-MLADENOVAC,БЕОГРАД-МЛАДЕНОВАЦ,0.0,0.0,0.0,0.0,0.0,15.890411413664731,62.15000057220459,9,51,2026-08-22T03:00:00Z,2026-08-20T00:00:00Z,0.0,0.0,0.0,64.4,0.0,11.7,9,,0.0,0.0,0.0,,,,0.0,2,0.0,0,0,0,0,GREEN,БЕЗ ЗНАЧАЈНОГ РИЗИКА,NO SIGNIFICANT RISK,MODERATE,ECMWF ENS,ECMWF ENS | GEFS,0.0,2,0.0,0,0,0,0,GREEN,БЕЗ ЗНАЧАЈНОГ РИЗИКА,NO SIGNIFICANT RISK,MODERATE,ECMWF ENS,ECMWF ENS | GEFS,0.0,2,0.0,0,0,0,0,GREEN,БЕЗ ЗНАЧАЈНОГ РИЗИКА,NO SIGNIFICANT RISK,MODERATE,ECMWF ENS,ECMWF ENS | GEFS,0.0,2,0.0,0,0,0,0,GREEN,БЕЗ ЗНАЧАЈНОГ РИЗИКА,NO SIGNIFICANT RISK,MODERATE,ECMWF ENS,ECMWF ENS | GEFS,0,GREEN,БЕЗ ЗНАЧАЈНОГ РИЗИКА,NO SIGNIFICANT RISK,NONE,MODERATE,21,2026-08-21T06:00:00+00:00,2026-08-22T03:00:00+00:00,STORMS,EXPERIMENTAL,DEVELOPMENTAL MULTIMODEL SIGNAL - NOT CALIBRATED PROBABILITY,PUBLIC OPEN-DATA SERVICES,INDEPENDENT PROJECT - NOT AN OFFICIAL RHMZ WARNING PRODUCT
70181,BEOGRAD-NOVI BEOGRAD,BEOGRAD-NOVI BEOGRAD,БЕОГРАД-НОВИ БЕОГРАД,0.0,0.0,0.0,0.0,0.0,14.122307920665508,62.15000057220459,5,51,2026-08-22T03:00:00Z,2026-08-20T00:00:00Z,0.0,0.0,0.0,64.1,0.0,9.6,5,,0.0,0.0,0.0,,,,0.0,2,0.0,0,0,0,0,GREEN,БЕЗ ЗНАЧАЈНОГ РИЗИКА,NO SIGNIFICANT RISK,MODERATE,ECMWF ENS,ECMWF ENS | GEFS,0.0,2,0.0,0,0,0,0,GREEN,БЕЗ ЗНАЧАЈНОГ РИЗИКА,NO SIGNIFICANT RISK,MODERATE,ECMWF ENS,ECMWF ENS | GEFS,0.0,2,0.0,0,0,0,0,GREEN,БЕЗ ЗНАЧАЈНОГ РИЗИКА,NO SIGNIFICANT RISK,MODERATE,ECMWF ENS,ECMWF ENS | GEFS,0.0,2,0.0,0,0,0,0,GREEN,БЕЗ ЗНАЧАЈНОГ РИЗИКА,NO SIGNIFICANT RISK,MODERATE,ECMWF ENS,ECMWF ENS | GEFS,0,GREEN,БЕЗ ЗНАЧАЈНОГ РИЗИКА,NO SIGNIFICANT RISK,NONE,MODERATE,21,2026-08-21T06:00:00+00:00,2026-08-22T03:00:00+00:00,STORMS,EXPERIMENTAL,DEVELOPMENTAL MULTIMODEL SIGNAL - NOT CALIBRATED PROBABILITY,PUBLIC OPEN-DATA SERVICES,INDEPENDENT PROJECT - NOT AN OFFICIAL RHMZ WARNING PRODUCT
70190,BEOGRAD-OBRENOVAC,BEOGRAD-OBRENOVAC,БЕОГРАД-ОБРЕНОВАЦ,0.0,0.0,0.0,0.0,0.0,14.177907395143915,63.400001525878906,8,51,2026-08-22T03:00:00Z,2026-08-20T00:00:00Z,0.0,0.0,0.0,58.1,0.0,8.7,8,,0.0,0.0,0.0,,,,0.0,2,0.0,0,0,0,0,GREEN,БЕЗ ЗНАЧАЈНОГ РИЗИКА,NO SIGNIFICANT RISK,MODERATE,ECMWF ENS,ECMWF ENS | GEFS,0.0,2,0.0,0,0,0,0,GREEN,БЕЗ ЗНАЧАЈНОГ РИЗИКА,NO SIGNIFICANT RISK,MODERATE,ECMWF ENS,ECMWF ENS | GEFS,0.0,2,0.0,0,0,0,0,GREEN,БЕЗ ЗНАЧАЈНОГ РИЗИКА,NO SIGNIFICANT RISK,MODERATE,ECMWF ENS,ECMWF ENS | GEFS,0.0,2,0.0,0,0,0,0,GREEN,БЕЗ ЗНАЧАЈНОГ РИЗИКА,NO SIGNIFICANT RISK,MODERATE,ECMWF ENS,ECMWF ENS | GEFS,0,GREEN,БЕЗ ЗНАЧАЈНОГ РИЗИКА,NO SIGNIFICANT RISK,NONE,MODERATE,21,2026-08-21T06:00:00+00:00,2026-08-22T03:00:00+00:00,STORMS,EXPERIMENTAL,DEVELOPMENTAL MULTIMODEL SIGNAL - NOT CALIBRATED PROBABILITY,PUBLIC OPEN-DATA SERVICES,INDEPENDENT PROJECT - NOT AN OFFICIAL RHMZ WARNING PRODUCT
70203,BEOGRAD-PALILULA,BEOGRAD-PALILULA,БЕОГРАД-ПАЛИЛУЛА,0.0,0.0,0.0,0.0,0.0,14.122307920665508,63.70000076293945,9,51,2026-08-22T03:00:00Z,2026-08-20T00:00:00Z,0.0,0.0,0.0,62.8,0.0,9.1,9,,0.0,0.0,0.0,,,,0.0,2,0.0,0,0,0,0,GREEN,БЕЗ ЗНАЧАЈНОГ РИЗИКА,NO SIGNIFICANT RISK,MODERATE,ECMWF ENS,ECMWF ENS | GEFS,0.0,2,0.0,0,0,0,0,GREEN,БЕЗ ЗНАЧАЈНОГ РИЗИКА,NO SIGNIFICANT RISK,MODERATE,ECMWF ENS,ECMWF ENS | GEFS,0.0,2,0.0,0,0,0,0,GREEN,БЕЗ ЗНАЧАЈНОГ РИЗИКА,NO SIGNIFICANT RISK,MODERATE,ECMWF ENS,ECMWF ENS | GEFS,0.0,2,0.0,0,0,0,0,GREEN,БЕЗ ЗНАЧАЈНОГ РИЗИКА,NO SIGNIFICANT RISK,MODERATE,ECMWF ENS,ECMWF ENS | GEFS,0,GREEN,БЕЗ ЗНАЧАЈНОГ РИЗИКА,NO SIGNIFICANT RISK,NONE,MODERATE,21,2026-08-21T06:00:00+00:00,2026-08-22T03:00:00+00:00,STORMS,EXPERIMENTAL,DEVELOPMENTAL MULTIMODEL SIGNAL - NOT CALIBRATED PROBABILITY,PUBLIC OPEN-DATA SERVICES,INDEPENDENT PROJECT - NOT AN OFFICIAL RHMZ WARNING PRODUCT
70211,BEOGRAD-RAKOVICA,BEOGRAD-RAKOVICA,БЕОГРАД-РАКОВИЦА,0.0,0.0,0.0,0.0,0.0,14.177907395143915,62.15000057220459,4,51,2026-08-22T03:00:00Z,2026-08-20T00:00:00Z,0.0,0.0,0.0,63.0,0.0,10.1,4,,0.0,0.0,0.0,,,,0.0,2,0.0,0,0,0,0,GREEN,БЕЗ ЗНАЧАЈНОГ РИЗИКА,NO SIGNIFICANT RISK,MODERATE,ECMWF ENS,ECMWF ENS | GEFS,0.0,2,0.0,0,0,0,0,GREEN,БЕЗ ЗНАЧАЈНОГ РИЗИКА,NO SIGNIFICANT RISK,MODERATE,ECMWF ENS,ECMWF ENS | GEFS,0.0,2,0.0,0,0,0,0,GREEN,БЕЗ ЗНАЧАЈНОГ РИЗИКА,NO SIGNIFICANT RISK,MODERATE,ECMWF ENS,ECMWF ENS | GEFS,0.0,2,0.0,0,0,0,0,GREEN,БЕЗ ЗНАЧАЈНОГ РИЗИКА,NO SIGNIFICANT RISK,MODERATE,ECMWF ENS,ECMWF ENS | GEFS,0,GREEN,БЕЗ ЗНАЧАЈНОГ РИЗИКА,NO SIGNIFICANT RISK,NONE,MODERATE,21,2026-08-21T06:00:00+00:00,2026-08-22T03:00:00+00:00,STORMS,EXPERIMENTAL,DEVELOPMENTAL MULTIMODEL SIGNAL - NOT CALIBRATED PROBABILITY,PUBLIC OPEN-DATA SERVICES,INDEPENDENT PROJECT - NOT AN OFFICIAL RHMZ WARNING PRODUCT
70220,BEOGRAD-SAVSKI VENAC,BEOGRAD-SAVSKI VENAC,БЕОГРАД-САВСКИ ВЕНАЦ,0.0,0.0,0.0,0.0,0.0,14.122307920665508,62.15000057220459,4,51,2026-08-22T03:00:00Z,2026-08-20T00:00:00Z,0.0,0.0,0.0,64.1,0.0,11.0,4,,0.0,0.0,0.0,,,,0.0,2,0.0,0,0,0,0,GREEN,БЕЗ ЗНАЧАЈНОГ РИЗИКА,NO SIGNIFICANT RISK,MODERATE,ECMWF ENS,ECMWF ENS | GEFS,0.0,2,0.0,0,0,0,0,GREEN,БЕЗ ЗНАЧАЈНОГ РИЗИКА,NO SIGNIFICANT RISK,MODERATE,ECMWF ENS,ECMWF ENS | GEFS,0.0,2,0.0,0,0,0,0,GREEN,БЕЗ ЗНАЧАЈНОГ РИЗИКА,NO SIGNIFICANT RISK,MODERATE,ECMWF ENS,ECMWF ENS | GEFS,0.0,2,0.0,0,0,0,0,GREEN,БЕЗ ЗНАЧАЈНОГ РИЗИКА,NO SIGNIFICANT RISK,MODERATE,ECMWF ENS,ECMWF ENS | GEFS,0,GREEN,БЕЗ ЗНАЧАЈНОГ РИЗИКА,NO SIGNIFICANT RISK,NONE,MODERATE,21,2026-08-21T06:00:00+00:00,2026-08-22T03:00:00+00:00,STORMS,EXPERIMENTAL,DEVELOPMENTAL MULTIMODEL SIGNAL - NOT CALIBRATED PROBABILITY,PUBLIC OPEN-DATA SERVICES,INDEPENDENT PROJECT - NOT AN OFFICIAL RHMZ WARNING PRODUCT
70238,BEOGRAD-SOPOT,BEOGRAD-SOPOT,БЕОГРАД-СОПОТ,0.0,0.0,0.0,0.0,0.0,15.017941303273949,62.15000057220459,7,51,2026-08-22T03:00:00Z,2026-08-20T00:00:00Z,0.0,0.0,0.0,64.4,0.0,11.7,7,,0.0,0.0,0.0,,,,0.0,2,0.0,0,0,0,0,GREEN,БЕЗ ЗНАЧАЈНОГ РИЗИКА,NO SIGNIFICANT RISK,MODERATE,ECMWF ENS,ECMWF ENS | GEFS,0.0,2,0.0,0,0,0,0,GREEN,БЕЗ ЗНАЧАЈНОГ РИЗИКА,NO SIGNIFICANT RISK,MODERATE,ECMWF ENS,ECMWF ENS | GEFS,0.0,2,0.0,0,0,0,0,GREEN,БЕЗ ЗНАЧАЈНОГ РИЗИКА,NO SIGNIFICANT RISK,MODERATE,ECMWF ENS,ECMWF ENS | GEFS,0.0,2,0.0,0,0,0,0,GREEN,БЕЗ ЗНАЧАЈНОГ РИЗИКА,NO SIGNIFICANT RISK,MODERATE,ECMWF ENS,ECMWF ENS | GEFS,0,GREEN,БЕЗ ЗНАЧАЈНОГ РИЗИКА,NO SIGNIFICANT RISK,NONE,MODERATE,21,2026-08-21T06:00:00+00:00,2026-08-22T03:00:00+00:00,STORMS,EXPERIMENTAL,DEVELOPMENTAL MULTIMODEL SIGNAL - NOT CALIBRATED PROBABILITY,PUBLIC OPEN-DATA SERVICES,INDEPENDENT PROJECT - NOT AN OFFICIAL RHMZ WARNING PRODUCT
70246,BEOGRAD-STARI GRAD,BEOGRAD-STARI GRAD,БЕОГРАД-СТАРИ ГРАД,0.0,0.0,0.0,0.0,0.0,14.122307920665508,62.15000057220459,5,51,2026-08-22T03:00:00Z,2026-08-20T00:00:00Z,0.0,0.0,0.0,64.1,0.0,9.6,5,,0.0,0.0,0.0,,,,0.0,2,0.0,0,0,0,0,GREEN,БЕЗ ЗНАЧАЈНОГ РИЗИКА,NO SIGNIFICANT RISK,MODERATE,ECMWF ENS,ECMWF ENS | GEFS,0.0,2,0.0,0,0,0,0,GREEN,БЕЗ ЗНАЧАЈНОГ РИЗИКА,NO SIGNIFICANT RISK,MODERATE,ECMWF ENS,ECMWF ENS | GEFS,0.0,2,0.0,0,0,0,0,GREEN,БЕЗ ЗНАЧАЈНОГ РИЗИКА,NO SIGNIFICANT RISK,MODERATE,ECMWF ENS,ECMWF ENS | GEFS,0.0,2,0.0,0,0,0,0,GREEN,БЕЗ ЗНАЧАЈНОГ РИЗИКА,NO SIGNIFICANT RISK,MODERATE,ECMWF ENS,ECMWF ENS | GEFS,0,GREEN,БЕЗ ЗНАЧАЈНОГ РИЗИКА,NO SIGNIFICANT RISK,NONE,MODERATE,21,2026-08-21T06:00:00+00:00,2026-08-22T03:00:00+00:00,STORMS,EXPERIMENTAL,DEVELOPMENTAL MULTIMODEL SIGNAL - NOT CALIBRATED PROBABILITY,PUBLIC OPEN-DATA SERVICES,INDEPENDENT PROJECT - NOT AN OFFICIAL RHMZ WARNING PRODUCT
71293,BEOGRAD-SURČIN,BEOGRAD-SURČIN,БЕОГРАД-СУРЧИН,0.0,0.0,0.0,0.0,0.0,14.177907395143915,63.70000076293945,9,51,2026-08-22T03:00:00Z,2026-08-20T00:00:00Z,0.0,0.0,0.0,59.2,0.0,9.0,9,,0.0,0.0,0.0,,,,0.0,2,0.0,0,0,0,0,GREEN,БЕЗ ЗНАЧАЈНОГ РИЗИКА,NO SIGNIFICANT RISK,MODERATE,ECMWF ENS,ECMWF ENS | GEFS,0.0,2,0.0,0,0,0,0,GREEN,БЕЗ ЗНАЧАЈНОГ РИЗИКА,NO SIGNIFICANT RISK,MODERATE,ECMWF ENS,ECMWF ENS | GEFS,0.0,2,0.0,0,0,0,0,GREEN,БЕЗ ЗНАЧАЈНОГ РИЗИКА,NO SIGNIFICANT RISK,MODERATE,ECMWF ENS,ECMWF ENS | GEFS,0.0,2,0.0,0,0,0,0,GREEN,БЕЗ ЗНАЧАЈНОГ РИЗИКА,NO SIGNIFICANT RISK,MODERATE,ECMWF ENS,ECMWF ENS | GEFS,0,GREEN,БЕЗ ЗНАЧАЈНОГ РИЗИКА,NO SIGNIFICANT RISK,NONE,MODERATE,21,2026-08-21T06:00:00+00:00,2026-08-22T03:00:00+00:00,STORMS,EXPERIMENTAL,DEVELOPMENTAL MULTIMODEL SIGNAL - NOT CALIBRATED PROBABILITY,PUBLIC OPEN-DATA SERVICES,INDEPENDENT PROJECT - NOT AN OFFICIAL RHMZ WARNING PRODUCT
70254,BEOGRAD-ČUKARICA,BEOGRAD-ČUKARICA,БЕОГРАД-ЧУКАРИЦА,0.0,0.0,0.0,0.0,0.0,14.177907395143915,63.400001525878906,7,51,2026-08-22T03:00:00Z,2026-08-20T00:00:00Z,0.0,0.0,0.0,64.1,0.0,11.0,7,,0.0,0.0,0.0,,,,0.0,2,0.0,0,0,0,0,GREEN,БЕЗ ЗНАЧАЈНОГ РИЗИКА,NO SIGNIFICANT RISK,MODERATE,ECMWF ENS,ECMWF ENS | GEFS,0.0,2,0.0,0,0,0,0,GREEN,БЕЗ ЗНАЧАЈНОГ РИЗИКА,NO SIGNIFICANT RISK,MODERATE,ECMWF ENS,ECMWF ENS | GEFS,0.0,2,0.0,0,0,0,0,GREEN,БЕЗ ЗНАЧАЈНОГ РИЗИКА,NO SIGNIFICANT RISK,MODERATE,ECMWF ENS,ECMWF ENS | GEFS,0.0,2,0.0,0,0,0,0,GREEN,БЕЗ ЗНАЧАЈНОГ РИЗИКА,NO SIGNIFICANT RISK,MODERATE,ECMWF ENS,ECMWF ENS | GEFS,0,GREEN,БЕЗ ЗНАЧАЈНОГ РИЗИКА,NO SIGNIFICANT RISK,NONE,MODERATE,21,2026-08-21T06:00:00+00:00,2026-08-22T03:00:00+00:00,STORMS,EXPERIMENTAL,DEVELOPMENTAL MULTIMODEL SIGNAL - NOT CALIBRATED PROBABILITY,PUBLIC OPEN-DATA SERVICES,INDEPENDENT PROJECT - NOT AN OFFICIAL RHMZ WARNING PRODUCT
80101,BEOČIN,BEOČIN,БЕОЧИН,0.0,0.0,0.0,0.0,0.0,13.378525247145337,68.61298370361328,7,51,2026-08-22T03:00:00Z,2026-08-20T00:00:00Z,0.0,0.0,117.4,58.5,0.0,8.4,7,,0.0,0.0,0.0,,,,0.0,2,0.0,0,0,0,0,GREEN,БЕЗ ЗНАЧАЈНОГ РИЗИКА,NO SIGNIFICANT RISK,MODERATE,ECMWF ENS,ECMWF ENS | GEFS,0.0,2,0.0,0,0,0,0,GREEN,БЕЗ ЗНАЧАЈНОГ РИЗИКА,NO SIGNIFICANT RISK,MODERATE,ECMWF ENS,ECMWF ENS | GEFS,0.0,2,0.0,0,0,0,0,GREEN,БЕЗ ЗНАЧАЈНОГ РИЗИКА,NO SIGNIFICANT RISK,MODERATE,ECMWF ENS,ECMWF ENS | GEFS,0.0,2,0.0,0,0,0,0,GREEN,БЕЗ ЗНАЧАЈНОГ РИЗИКА,NO SIGNIFICANT RISK,MODERATE,ECMWF ENS,ECMWF ENS | GEFS,0,GREEN,БЕЗ ЗНАЧАЈНОГ РИЗИКА,NO SIGNIFICANT RISK,NONE,MODERATE,21,2026-08-21T06:00:00+00:00,2026-08-22T03:00:00+00:00,STORMS,EXPERIMENTAL,DEVELOPMENTAL MULTIMODEL SIGNAL - NOT CALIBRATED PROBABILITY,PUBLIC OPEN-DATA SERVICES,INDEPENDENT PROJECT - NOT AN OFFICIAL RHMZ WARNING PRODUCT
80110,BEČEJ,BEČEJ,БЕЧЕЈ,0.0,0.0,0.0,0.0,0.0,12.814842353102406,68.01339340209961,7,51,2026-08-22T03:00:00Z,2026-08-20T00:00:00Z,0.0,0.0,224.9,59.3,0.0,8.9,7,,0.0,0.0,0.0,,,,0.0,2,0.0,0,0,0,0,GREEN,БЕЗ ЗНАЧАЈНОГ РИЗИКА,NO SIGNIFICANT RISK,MODERATE,ECMWF ENS,ECMWF ENS | GEFS,0.0,2,0.0,0,0,0,0,GREEN,БЕЗ ЗНАЧАЈНОГ РИЗИКА,NO SIGNIFICANT RISK,MODERATE,ECMWF ENS,ECMWF ENS | GEFS,0.0,2,0.0,0,0,0,0,GREEN,БЕЗ ЗНАЧАЈНОГ РИЗИКА,NO SIGNIFICANT RISK,MODERATE,ECMWF ENS,ECMWF ENS | GEFS,0.0,2,0.0,0,0,0,0,GREEN,БЕЗ ЗНАЧАЈНОГ РИЗИКА,NO SIGNIFICANT RISK,MODERATE,ECMWF ENS,ECMWF ENS | GEFS,0,GREEN,БЕЗ ЗНАЧАЈНОГ РИЗИКА,NO SIGNIFICANT RISK,NONE,MODERATE,21,2026-08-21T06:00:00+00:00,2026-08-22T03:00:00+00:00,STORMS,EXPERIMENTAL,DEVELOPMENTAL MULTIMODEL SIGNAL - NOT CALIBRATED PROBABILITY,PUBLIC OPEN-DATA SERVICES,INDEPENDENT PROJECT - NOT AN OFFICIAL RHMZ WARNING PRODUCT
70262,BLACE,BLACE,БЛАЦЕ,0.0,0.0,0.0,0.0,0.0,14.056469978786671,60.70684814453125,7,51,2026-08-22T03:00:00Z,2026-08-20T00:00:00Z,0.0,0.0,0.0,49.7,0.0,8.6,7,,0.0,0.0,0.0,,,,0.0,2,0.0,0,0,0,0,GREEN,БЕЗ ЗНАЧАЈНОГ РИЗИКА,NO SIGNIFICANT RISK,MODERATE,ECMWF ENS,ECMWF ENS | GEFS,0.0,2,0.0,0,0,0,0,GREEN,БЕЗ ЗНАЧАЈНОГ РИЗИКА,NO SIGNIFICANT RISK,MODERATE,ECMWF ENS,ECMWF ENS | GEFS,0.0,2,0.0,0,0,0,0,GREEN,БЕЗ ЗНАЧАЈНОГ РИЗИКА,NO SIGNIFICANT RISK,MODERATE,ECMWF ENS,ECMWF ENS | GEFS,0.0,2,0.0,0,0,0,0,GREEN,БЕЗ ЗНАЧАЈНОГ РИЗИКА,NO SIGNIFICANT RISK,MODERATE,ECMWF ENS,ECMWF ENS | GEFS,0,GREEN,БЕЗ ЗНАЧАЈНОГ РИЗИКА,NO SIGNIFICANT RISK,NONE,MODERATE,21,2026-08-21T06:00:00+00:00,2026-08-22T03:00:00+00:00,STORMS,EXPERIMENTAL,DEVELOPMENTAL MULTIMODEL SIGNAL - NOT CALIBRATED PROBABILITY,PUBLIC OPEN-DATA SERVICES,INDEPENDENT PROJECT - NOT AN OFFICIAL RHMZ WARNING PRODUCT
70297,BOJNIK,BOJNIK,БОЈНИК,0.0,0.0,0.0,0.0,0.0,12.510166594859076,60.70684814453125,9,51,2026-08-22T03:00:00Z,2026-08-20T00:00:00Z,0.0,0.0,0.0,44.6,0.0,9.1,9,,0.0,0.0,0.0,,,,0.0,2,0.0,0,0,0,0,GREEN,БЕЗ ЗНАЧАЈНОГ РИЗИКА,NO SIGNIFICANT RISK,MODERATE,ECMWF ENS,ECMWF ENS | GEFS,0.0,2,0.0,0,0,0,0,GREEN,БЕЗ ЗНАЧАЈНОГ РИЗИКА,NO SIGNIFICANT RISK,MODERATE,ECMWF ENS,ECMWF ENS | GEFS,0.0,2,0.0,0,0,0,0,GREEN,БЕЗ ЗНАЧАЈНОГ РИЗИКА,NO SIGNIFICANT RISK,MODERATE,ECMWF ENS,ECMWF ENS | GEFS,0.0,2,0.0,0,0,0,0,GREEN,БЕЗ ЗНАЧАЈНОГ РИЗИКА,NO SIGNIFICANT RISK,MODERATE,ECMWF ENS,ECMWF ENS | GEFS,0,GREEN,БЕЗ ЗНАЧАЈНОГ РИЗИКА,NO SIGNIFICANT RISK,NONE,MODERATE,21,2026-08-21T06:00:00+00:00,2026-08-22T03:00:00+00:00,STORMS,EXPERIMENTAL,DEVELOPMENTAL MULTIMODEL SIGNAL - NOT CALIBRATED PROBABILITY,PUBLIC OPEN-DATA SERVICES,INDEPENDENT PROJECT - NOT AN OFFICIAL RHMZ WARNING PRODUCT
70319,BOLJEVAC,BOLJEVAC,БОЉЕВАЦ,0.0,0.0,0.0,0.0,0.0,14.747581028728822,60.20684814453125,9,51,2026-08-22T03:00:00Z,2026-08-20T00:00:00Z,0.0,0.0,0.0,50.3,0.0,10.5,9,,0.0,0.0,0.0,,,,0.0,2,0.0,0,0,0,0,GREEN,БЕЗ ЗНАЧАЈНОГ РИЗИКА,NO SIGNIFICANT RISK,MODERATE,ECMWF ENS,ECMWF ENS | GEFS,0.0,2,0.0,0,0,0,0,GREEN,БЕЗ ЗНАЧАЈНОГ РИЗИКА,NO SIGNIFICANT RISK,MODERATE,ECMWF ENS,ECMWF ENS | GEFS,0.0,2,0.0,0,0,0,0,GREEN,БЕЗ ЗНАЧАЈНОГ РИЗИКА,NO SIGNIFICANT RISK,MODERATE,ECMWF ENS,ECMWF ENS | GEFS,0.0,2,0.0,0,0,0,0,GREEN,БЕЗ ЗНАЧАЈНОГ РИЗИКА,NO SIGNIFICANT RISK,MODERATE,ECMWF ENS,ECMWF ENS | GEFS,0,GREEN,БЕЗ ЗНАЧАЈНОГ РИЗИКА,NO SIGNIFICANT RISK,NONE,MODERATE,21,2026-08-21T06:00:00+00:00,2026-08-22T03:00:00+00:00,STORMS,EXPERIMENTAL,DEVELOPMENTAL MULTIMODEL SIGNAL - NOT CALIBRATED PROBABILITY,PUBLIC OPEN-DATA SERVICES,INDEPENDENT PROJECT - NOT AN OFFICIAL RHMZ WARNING PRODUCT
70289,BOGATIĆ,BOGATIĆ,БОГАТИЋ,0.0,0.0,0.0,0.0,0.0,13.09517561621047,68.61298370361328,7,51,2026-08-22T03:00:00Z,2026-08-20T00:00:00Z,0.0,0.0,0.0,57.0,0.0,8.1,7,,0.0,0.0,0.0,,,,0.0,2,0.0,0,0,0,0,GREEN,БЕЗ ЗНАЧАЈНОГ РИЗИКА,NO SIGNIFICANT RISK,MODERATE,ECMWF ENS,ECMWF ENS | GEFS,0.0,2,0.0,0,0,0,0,GREEN,БЕЗ ЗНАЧАЈНОГ РИЗИКА,NO SIGNIFICANT RISK,MODERATE,ECMWF ENS,ECMWF ENS | GEFS,0.0,2,0.0,0,0,0,0,GREEN,БЕЗ ЗНАЧАЈНОГ РИЗИКА,NO SIGNIFICANT RISK,MODERATE,ECMWF ENS,ECMWF ENS | GEFS,0.0,2,0.0,0,0,0,0,GREEN,БЕЗ ЗНАЧАЈНОГ РИЗИКА,NO SIGNIFICANT RISK,MODERATE,ECMWF ENS,ECMWF ENS | GEFS,0,GREEN,БЕЗ ЗНАЧАЈНОГ РИЗИКА,NO SIGNIFICANT RISK,NONE,MODERATE,21,2026-08-21T06:00:00+00:00,2026-08-22T03:00:00+00:00,STORMS,EXPERIMENTAL,DEVELOPMENTAL MULTIMODEL SIGNAL - NOT CALIBRATED PROBABILITY,PUBLIC OPEN-DATA SERVICES,INDEPENDENT PROJECT - NOT AN OFFICIAL RHMZ WARNING PRODUCT
70327,BOR,BOR,БОР,0.0,0.0,0.0,0.0,0.0,14.747581028728822,60.71431350708008,12,51,2026-08-22T03:00:00Z,2026-08-20T00:00:00Z,0.0,0.0,0.0,55.5,0.0,7.5,12,,0.0,0.0,0.0,,,,0.0,2,0.0,0,0,0,0,GREEN,БЕЗ ЗНАЧАЈНОГ РИЗИКА,NO SIGNIFICANT RISK,MODERATE,ECMWF ENS,ECMWF ENS | GEFS,0.0,2,0.0,0,0,0,0,GREEN,БЕЗ ЗНАЧАЈНОГ РИЗИКА,NO SIGNIFICANT RISK,MODERATE,ECMWF ENS,ECMWF ENS | GEFS,0.0,2,0.0,0,0,0,0,GREEN,БЕЗ ЗНАЧАЈНОГ РИЗИКА,NO SIGNIFICANT RISK,MODERATE,ECMWF ENS,ECMWF ENS | GEFS,0.0,2,0.0,0,0,0,0,GREEN,БЕЗ ЗНАЧАЈНОГ РИЗИКА,NO SIGNIFICANT RISK,MODERATE,ECMWF ENS,ECMWF ENS | GEFS,0,GREEN,БЕЗ ЗНАЧАЈНОГ РИЗИКА,NO SIGNIFICANT RISK,NONE,MODERATE,21,2026-08-21T06:00:00+00:00,2026-08-22T03:00:00+00:00,STORMS,EXPERIMENTAL,DEVELOPMENTAL MULTIMODEL SIGNAL - NOT CALIBRATED PROBABILITY,PUBLIC OPEN-DATA SERVICES,INDEPENDENT PROJECT - NOT AN OFFICIAL RHMZ WARNING PRODUCT
70335,BOSILEGRAD,BOSILEGRAD,БОСИЛЕГРАД,0.0,0.0,0.0,0.0,0.0,4.774260258233123,59.45000076293945,8,51,2026-08-22T03:00:00Z,2026-08-20T00:00:00Z,0.0,0.0,0.0,57.6,0.0,1.8,8,,0.0,0.0,0.0,,,,0.0,2,0.0,0,0,0,0,GREEN,БЕЗ ЗНАЧАЈНОГ РИЗИКА,NO SIGNIFICANT RISK,MODERATE,ECMWF ENS,ECMWF ENS | GEFS,0.0,2,0.0,0,0,0,0,GREEN,БЕЗ ЗНАЧАЈНОГ РИЗИКА,NO SIGNIFICANT RISK,MODERATE,ECMWF ENS,ECMWF ENS | GEFS,0.0,2,0.0,0,0,0,0,GREEN,БЕЗ ЗНАЧАЈНОГ РИЗИКА,NO SIGNIFICANT RISK,MODERATE,ECMWF ENS,ECMWF ENS | GEFS,0.0,2,0.0,0,0,0,0,GREEN,БЕЗ ЗНАЧАЈНОГ РИЗИКА,NO SIGNIFICANT RISK,MODERATE,ECMWF ENS,ECMWF ENS | GEFS,0,GREEN,БЕЗ ЗНАЧАЈНОГ РИЗИКА,NO SIGNIFICANT RISK,NONE,MODERATE,21,2026-08-21T06:00:00+00:00,2026-08-22T03:00:00+00:00,STORMS,EXPERIMENTAL,DEVELOPMENTAL MULTIMODEL SIGNAL - NOT CALIBRATED PROBABILITY,PUBLIC OPEN-DATA SERVICES,INDEPENDENT PROJECT - NOT AN OFFICIAL RHMZ WARNING PRODUCT
70343,BRUS,BRUS,БРУС,0.0,0.0,0.0,0.0,0.0,13.458048964853766,59.875,8,51,2026-08-22T03:00:00Z,2026-08-20T00:00:00Z,0.0,0.0,0.0,53.9,0.0,8.1,8,,0.0,0.0,0.0,,,,0.0,2,0.0,0,0,0,0,GREEN,БЕЗ ЗНАЧАЈНОГ РИЗИКА,NO SIGNIFICANT RISK,MODERATE,ECMWF ENS,ECMWF ENS | GEFS,0.0,2,0.0,0,0,0,0,GREEN,БЕЗ ЗНАЧАЈНОГ РИЗИКА,NO SIGNIFICANT RISK,MODERATE,ECMWF ENS,ECMWF ENS | GEFS,0.0,2,0.0,0,0,0,0,GREEN,БЕЗ ЗНАЧАЈНОГ РИЗИКА,NO SIGNIFICANT RISK,MODERATE,ECMWF ENS,ECMWF ENS | GEFS,0.0,2,0.0,0,0,0,0,GREEN,БЕЗ ЗНАЧАЈНОГ РИЗИКА,NO SIGNIFICANT RISK,MODERATE,ECMWF ENS,ECMWF ENS | GEFS,0,GREEN,БЕЗ ЗНАЧАЈНОГ РИЗИКА,NO SIGNIFICANT RISK,NONE,MODERATE,21,2026-08-21T06:00:00+00:00,2026-08-22T03:00:00+00:00,STORMS,EXPERIMENTAL,DEVELOPMENTAL MULTIMODEL SIGNAL - NOT CALIBRATED PROBABILITY,PUBLIC OPEN-DATA SERVICES,INDEPENDENT PROJECT - NOT AN OFFICIAL RHMZ WARNING PRODUCT
70351,BUJANOVAC,BUJANOVAC,БУЈАНОВАЦ,0.0,0.0,0.0,0.0,0.0,8.043860149273412,60.14470481872559,9,51,2026-08-22T03:00:00Z,2026-08-20T00:00:00Z,0.0,0.0,0.0,43.4,0.0,4.5,9,,0.0,0.0,0.0,,,,0.0,2,0.0,0,0,0,0,GREEN,БЕЗ ЗНАЧАЈНОГ РИЗИКА,NO SIGNIFICANT RISK,MODERATE,ECMWF ENS,ECMWF ENS | GEFS,0.0,2,0.0,0,0,0,0,GREEN,БЕЗ ЗНАЧАЈНОГ РИЗИКА,NO SIGNIFICANT RISK,MODERATE,ECMWF ENS,ECMWF ENS | GEFS,0.0,2,0.0,0,0,0,0,GREEN,БЕЗ ЗНАЧАЈНОГ РИЗИКА,NO SIGNIFICANT RISK,MODERATE,ECMWF ENS,ECMWF ENS | GEFS,0.0,2,0.0,0,0,0,0,GREEN,БЕЗ ЗНАЧАЈНОГ РИЗИКА,NO SIGNIFICANT RISK,MODERATE,ECMWF ENS,ECMWF ENS | GEFS,0,GREEN,БЕЗ ЗНАЧАЈНОГ РИЗИКА,NO SIGNIFICANT RISK,NONE,MODERATE,21,2026-08-21T06:00:00+00:00,2026-08-22T03:00:00+00:00,STORMS,EXPERIMENTAL,DEVELOPMENTAL MULTIMODEL SIGNAL - NOT CALIBRATED PROBABILITY,PUBLIC OPEN-DATA SERVICES,INDEPENDENT PROJECT - NOT AN OFFICIAL RHMZ WARNING PRODUCT
70360,VALJEVO-GRAD,VALJEVO-GRAD,ВАЉЕВО-ГРАД,0.0,0.0,0.0,0.0,0.0,13.81667516180787,67.11431121826172,12,51,2026-08-22T03:00:00Z,2026-08-20T00:00:00Z,0.0,0.0,0.0,58.7,0.0,8.8,12,,0.0,0.0,0.0,,,,0.0,2,0.0,0,0,0,0,GREEN,БЕЗ ЗНАЧАЈНОГ РИЗИКА,NO SIGNIFICANT RISK,MODERATE,ECMWF ENS,ECMWF ENS | GEFS,0.0,2,0.0,0,0,0,0,GREEN,БЕЗ ЗНАЧАЈНОГ РИЗИКА,NO SIGNIFICANT RISK,MODERATE,ECMWF ENS,ECMWF ENS | GEFS,0.0,2,0.0,0,0,0,0,GREEN,БЕЗ ЗНАЧАЈНОГ РИЗИКА,NO SIGNIFICANT RISK,MODERATE,ECMWF ENS,ECMWF ENS | GEFS,0.0,2,0.0,0,0,0,0,GREEN,БЕЗ ЗНАЧАЈНОГ РИЗИКА,NO SIGNIFICANT RISK,MODERATE,ECMWF ENS,ECMWF ENS | GEFS,0,GREEN,БЕЗ ЗНАЧАЈНОГ РИЗИКА,NO SIGNIFICANT RISK,NONE,MODERATE,21,2026-08-21T06:00:00+00:00,2026-08-22T03:00:00+00:00,STORMS,EXPERIMENTAL,DEVELOPMENTAL MULTIMODEL SIGNAL - NOT CALIBRATED PROBABILITY,PUBLIC OPEN-DATA SERVICES,INDEPENDENT PROJECT - NOT AN OFFICIAL RHMZ WARNING PRODUCT
70378,VARVARIN,VARVARIN,ВАРВАРИН,0.0,0.0,0.0,0.0,0.0,14.836652889361147,60.09999847412109,7,51,2026-08-22T03:00:00Z,2026-08-20T00:00:00Z,0.0,0.0,0.0,53.1,0.0,11.3,7,,0.0,0.0,0.0,,,,0.0,2,0.0,0,0,0,0,GREEN,БЕЗ ЗНАЧАЈНОГ РИЗИКА,NO SIGNIFICANT RISK,MODERATE,ECMWF ENS,ECMWF ENS | GEFS,0.0,2,0.0,0,0,0,0,GREEN,БЕЗ ЗНАЧАЈНОГ РИЗИКА,NO SIGNIFICANT RISK,MODERATE,ECMWF ENS,ECMWF ENS | GEFS,0.0,2,0.0,0,0,0,0,GREEN,БЕЗ ЗНАЧАЈНОГ РИЗИКА,NO SIGNIFICANT RISK,MODERATE,ECMWF ENS,ECMWF ENS | GEFS,0.0,2,0.0,0,0,0,0,GREEN,БЕЗ ЗНАЧАЈНОГ РИЗИКА,NO SIGNIFICANT RISK,MODERATE,ECMWF ENS,ECMWF ENS | GEFS,0,GREEN,БЕЗ ЗНАЧАЈНОГ РИЗИКА,NO SIGNIFICANT RISK,NONE,MODERATE,21,2026-08-21T06:00:00+00:00,2026-08-22T03:00:00+00:00,STORMS,EXPERIMENTAL,DEVELOPMENTAL MULTIMODEL SIGNAL - NOT CALIBRATED PROBABILITY,PUBLIC OPEN-DATA SERVICES,INDEPENDENT PROJECT - NOT AN OFFICIAL RHMZ WARNING PRODUCT
70386,VELIKA PLANA,VELIKA PLANA,ВЕЛИКА ПЛАНА,0.0,0.0,0.0,0.0,0.0,15.890411413664731,61.20000076293945,7,51,2026-08-22T03:00:00Z,2026-08-20T00:00:00Z,0.0,0.0,0.0,63.9,0.0,12.7,7,,0.0,0.0,0.0,,,,0.0,2,0.0,0,0,0,0,GREEN,БЕЗ ЗНАЧАЈНОГ РИЗИКА,NO SIGNIFICANT RISK,MODERATE,ECMWF ENS,ECMWF ENS | GEFS,0.0,2,0.0,0,0,0,0,GREEN,БЕЗ ЗНАЧАЈНОГ РИЗИКА,NO SIGNIFICANT RISK,MODERATE,ECMWF ENS,ECMWF ENS | GEFS,0.0,2,0.0,0,0,0,0,GREEN,БЕЗ ЗНАЧАЈНОГ РИЗИКА,NO SIGNIFICANT RISK,MODERATE,ECMWF ENS,ECMWF ENS | GEFS,0.0,2,0.0,0,0,0,0,GREEN,БЕЗ ЗНАЧАЈНОГ РИЗИКА,NO SIGNIFICANT RISK,MODERATE,ECMWF ENS,ECMWF ENS | GEFS,0,GREEN,БЕЗ ЗНАЧАЈНОГ РИЗИКА,NO SIGNIFICANT RISK,NONE,MODERATE,21,2026-08-21T06:00:00+00:00,2026-08-22T03:00:00+00:00,STORMS,EXPERIMENTAL,DEVELOPMENTAL MULTIMODEL SIGNAL - NOT CALIBRATED PROBABILITY,PUBLIC OPEN-DATA SERVICES,INDEPENDENT PROJECT - NOT AN OFFICIAL RHMZ WARNING PRODUCT
70394,VELIKO GRADIŠTE,VELIKO GRADIŠTE,ВЕЛИКО ГРАДИШТЕ,0.0,0.0,0.0,0.0,0.0,15.28020094566169,62.66298294067383,9,51,2026-08-22T03:00:00Z,2026-08-20T00:00:00Z,0.0,0.0,0.0,64.2,0.0,13.7,9,,0.0,0.0,0.0,,,,0.0,2,0.0,0,0,0,0,GREEN,БЕЗ ЗНАЧАЈНОГ РИЗИКА,NO SIGNIFICANT RISK,MODERATE,ECMWF ENS,ECMWF ENS | GEFS,0.0,2,0.0,0,0,0,0,GREEN,БЕЗ ЗНАЧАЈНОГ РИЗИКА,NO SIGNIFICANT RISK,MODERATE,ECMWF ENS,ECMWF ENS | GEFS,0.0,2,0.0,0,0,0,0,GREEN,БЕЗ ЗНАЧАЈНОГ РИЗИКА,NO SIGNIFICANT RISK,MODERATE,ECMWF ENS,ECMWF ENS | GEFS,0.0,2,0.0,0,0,0,0,GREEN,БЕЗ ЗНАЧАЈНОГ РИЗИКА,NO SIGNIFICANT RISK,MODERATE,ECMWF ENS,ECMWF ENS | GEFS,0,GREEN,БЕЗ ЗНАЧАЈНОГ РИЗИКА,NO SIGNIFICANT RISK,NONE,MODERATE,21,2026-08-21T06:00:00+00:00,2026-08-22T03:00:00+00:00,STORMS,EXPERIMENTAL,DEVELOPMENTAL MULTIMODEL SIGNAL - NOT CALIBRATED PROBABILITY,PUBLIC OPEN-DATA SERVICES,INDEPENDENT PROJECT - NOT AN OFFICIAL RHMZ WARNING PRODUCT
90018,VITINA,VITINA,ВИТИНА,0.0,0.0,0.0,0.0,0.0,6.156417375969236,60.08269119262695,6,51,2026-08-22T03:00:00Z,2026-08-20T00:00:00Z,0.0,0.0,0.0,33.8,0.0,2.5,6,,0.0,0.0,0.0,,,,0.0,2,0.0,0,0,0,0,GREEN,БЕЗ ЗНАЧАЈНОГ РИЗИКА,NO SIGNIFICANT RISK,MODERATE,ECMWF ENS,ECMWF ENS | GEFS,0.0,2,0.0,0,0,0,0,GREEN,БЕЗ ЗНАЧАЈНОГ РИЗИКА,NO SIGNIFICANT RISK,MODERATE,ECMWF ENS,ECMWF ENS | GEFS,0.0,2,0.0,0,0,0,0,GREEN,БЕЗ ЗНАЧАЈНОГ РИЗИКА,NO SIGNIFICANT RISK,MODERATE,ECMWF ENS,ECMWF ENS | GEFS,0.0,2,0.0,0,0,0,0,GREEN,БЕЗ ЗНАЧАЈНОГ РИЗИКА,NO SIGNIFICANT RISK,MODERATE,ECMWF ENS,ECMWF ENS | GEFS,0,GREEN,БЕЗ ЗНАЧАЈНОГ РИЗИКА,NO SIGNIFICANT RISK,NONE,MODERATE,21,2026-08-21T06:00:00+00:00,2026-08-22T03:00:00+00:00,STORMS,EXPERIMENTAL,DEVELOPMENTAL MULTIMODEL SIGNAL - NOT CALIBRATED PROBABILITY,PUBLIC OPEN-DATA SERVICES,INDEPENDENT PROJECT - NOT AN OFFICIAL RHMZ WARNING PRODUCT
70408,VLADIMIRCI,VLADIMIRCI,ВЛАДИМИРЦИ,0.0,0.0,0.0,0.0,0.0,13.237555151010843,67.11431121826172,8,51,2026-08-22T03:00:00Z,2026-08-20T00:00:00Z,0.0,0.0,0.0,57.6,0.0,8.1,8,,0.0,0.0,0.0,,,,0.0,2,0.0,0,0,0,0,GREEN,БЕЗ ЗНАЧАЈНОГ РИЗИКА,NO SIGNIFICANT RISK,MODERATE,ECMWF ENS,ECMWF ENS | GEFS,0.0,2,0.0,0,0,0,0,GREEN,БЕЗ ЗНАЧАЈНОГ РИЗИКА,NO SIGNIFICANT RISK,MODERATE,ECMWF ENS,ECMWF ENS | GEFS,0.0,2,0.0,0,0,0,0,GREEN,БЕЗ ЗНАЧАЈНОГ РИЗИКА,NO SIGNIFICANT RISK,MODERATE,ECMWF ENS,ECMWF ENS | GEFS,0.0,2,0.0,0,0,0,0,GREEN,БЕЗ ЗНАЧАЈНОГ РИЗИКА,NO SIGNIFICANT RISK,MODERATE,ECMWF ENS,ECMWF ENS | GEFS,0,GREEN,БЕЗ ЗНАЧАЈНОГ РИЗИКА,NO SIGNIFICANT RISK,NONE,MODERATE,21,2026-08-21T06:00:00+00:00,2026-08-22T03:00:00+00:00,STORMS,EXPERIMENTAL,DEVELOPMENTAL MULTIMODEL SIGNAL - NOT CALIBRATED PROBABILITY,PUBLIC OPEN-DATA SERVICES,INDEPENDENT PROJECT - NOT AN OFFICIAL RHMZ WARNING PRODUCT
70416,VLADIČIN HAN,VLADIČIN HAN,ВЛАДИЧИН ХАН,0.0,0.0,0.0,0.0,0.0,9.225774676104054,59.54999923706055,9,51,2026-08-22T03:00:00Z,2026-08-20T00:00:00Z,0.0,0.0,0.0,51.8,0.0,3.9,9,,0.0,0.0,0.0,,,,0.0,2,0.0,0,0,0,0,GREEN,БЕЗ ЗНАЧАЈНОГ РИЗИКА,NO SIGNIFICANT RISK,MODERATE,ECMWF ENS,ECMWF ENS | GEFS,0.0,2,0.0,0,0,0,0,GREEN,БЕЗ ЗНАЧАЈНОГ РИЗИКА,NO SIGNIFICANT RISK,MODERATE,ECMWF ENS,ECMWF ENS | GEFS,0.0,2,0.0,0,0,0,0,GREEN,БЕЗ ЗНАЧАЈНОГ РИЗИКА,NO SIGNIFICANT RISK,MODERATE,ECMWF ENS,ECMWF ENS | GEFS,0.0,2,0.0,0,0,0,0,GREEN,БЕЗ ЗНАЧАЈНОГ РИЗИКА,NO SIGNIFICANT RISK,MODERATE,ECMWF ENS,ECMWF ENS | GEFS,0,GREEN,БЕЗ ЗНАЧАЈНОГ РИЗИКА,NO SIGNIFICANT RISK,NONE,MODERATE,21,2026-08-21T06:00:00+00:00,2026-08-22T03:00:00+00:00,STORMS,EXPERIMENTAL,DEVELOPMENTAL MULTIMODEL SIGNAL - NOT CALIBRATED PROBABILITY,PUBLIC OPEN-DATA SERVICES,INDEPENDENT PROJECT - NOT AN OFFICIAL RHMZ WARNING PRODUCT
70424,VLASOTINCE,VLASOTINCE,ВЛАСОТИНЦЕ,0.0,0.0,0.0,0.0,0.0,10.03879751393505,59.54999923706055,9,51,2026-08-22T03:00:00Z,2026-08-20T00:00:00Z,0.0,0.0,0.0,49.9,0.0,6.6,9,,0.0,0.0,0.0,,,,0.0,2,0.0,0,0,0,0,GREEN,БЕЗ ЗНАЧАЈНОГ РИЗИКА,NO SIGNIFICANT RISK,MODERATE,ECMWF ENS,ECMWF ENS | GEFS,0.0,2,0.0,0,0,0,0,GREEN,БЕЗ ЗНАЧАЈНОГ РИЗИКА,NO SIGNIFICANT RISK,MODERATE,ECMWF ENS,ECMWF ENS | GEFS,0.0,2,0.0,0,0,0,0,GREEN,БЕЗ ЗНАЧАЈНОГ РИЗИКА,NO SIGNIFICANT RISK,MODERATE,ECMWF ENS,ECMWF ENS | GEFS,0.0,2,0.0,0,0,0,0,GREEN,БЕЗ ЗНАЧАЈНОГ РИЗИКА,NO SIGNIFICANT RISK,MODERATE,ECMWF ENS,ECMWF ENS | GEFS,0,GREEN,БЕЗ ЗНАЧАЈНОГ РИЗИКА,NO SIGNIFICANT RISK,NONE,MODERATE,21,2026-08-21T06:00:00+00:00,2026-08-22T03:00:00+00:00,STORMS,EXPERIMENTAL,DEVELOPMENTAL MULTIMODEL SIGNAL - NOT CALIBRATED PROBABILITY,PUBLIC OPEN-DATA SERVICES,INDEPENDENT PROJECT - NOT AN OFFICIAL RHMZ WARNING PRODUCT
70459,VRNJAČKA BANJA,VRNJAČKA BANJA,ВРЊАЧКА БАЊА,0.0,0.0,0.0,0.0,0.0,14.467735369219582,59.34999847412109,7,51,2026-08-22T03:00:00Z,2026-08-20T00:00:00Z,0.0,0.0,0.0,58.8,0.0,9.3,7,,0.0,0.0,0.0,,,,0.0,2,0.0,0,0,0,0,GREEN,БЕЗ ЗНАЧАЈНОГ РИЗИКА,NO SIGNIFICANT RISK,MODERATE,ECMWF ENS,ECMWF ENS | GEFS,0.0,2,0.0,0,0,0,0,GREEN,БЕЗ ЗНАЧАЈНОГ РИЗИКА,NO SIGNIFICANT RISK,MODERATE,ECMWF ENS,ECMWF ENS | GEFS,0.0,2,0.0,0,0,0,0,GREEN,БЕЗ ЗНАЧАЈНОГ РИЗИКА,NO SIGNIFICANT RISK,MODERATE,ECMWF ENS,ECMWF ENS | GEFS,0.0,2,0.0,0,0,0,0,GREEN,БЕЗ ЗНАЧАЈНОГ РИЗИКА,NO SIGNIFICANT RISK,MODERATE,ECMWF ENS,ECMWF ENS | GEFS,0,GREEN,БЕЗ ЗНАЧАЈНОГ РИЗИКА,NO SIGNIFICANT RISK,NONE,MODERATE,21,2026-08-21T06:00:00+00:00,2026-08-22T03:00:00+00:00,STORMS,EXPERIMENTAL,DEVELOPMENTAL MULTIMODEL SIGNAL - NOT CALIBRATED PROBABILITY,PUBLIC OPEN-DATA SERVICES,INDEPENDENT PROJECT - NOT AN OFFICIAL RHMZ WARNING PRODUCT
70432,VRANJE-GRAD,VRANJE-GRAD,ВРАЊЕ-ГРАД,0.0,0.0,0.0,0.0,0.0,10.03879751393505,60.14470481872559,14,51,2026-08-22T03:00:00Z,2026-08-20T00:00:00Z,0.0,0.0,0.0,51.8,0.0,6.4,14,,0.0,0.0,0.0,,,,0.0,2,0.0,0,0,0,0,GREEN,БЕЗ ЗНАЧАЈНОГ РИЗИКА,NO SIGNIFICANT RISK,MODERATE,ECMWF ENS,ECMWF ENS | GEFS,0.0,2,0.0,0,0,0,0,GREEN,БЕЗ ЗНАЧАЈНОГ РИЗИКА,NO SIGNIFICANT RISK,MODERATE,ECMWF ENS,ECMWF ENS | GEFS,0.0,2,0.0,0,0,0,0,GREEN,БЕЗ ЗНАЧАЈНОГ РИЗИКА,NO SIGNIFICANT RISK,MODERATE,ECMWF ENS,ECMWF ENS | GEFS,0.0,2,0.0,0,0,0,0,GREEN,БЕЗ ЗНАЧАЈНОГ РИЗИКА,NO SIGNIFICANT RISK,MODERATE,ECMWF ENS,ECMWF ENS | GEFS,0,GREEN,БЕЗ ЗНАЧАЈНОГ РИЗИКА,NO SIGNIFICANT RISK,NONE,MODERATE,21,2026-08-21T06:00:00+00:00,2026-08-22T03:00:00+00:00,STORMS,EXPERIMENTAL,DEVELOPMENTAL MULTIMODEL SIGNAL - NOT CALIBRATED PROBABILITY,PUBLIC OPEN-DATA SERVICES,INDEPENDENT PROJECT - NOT AN OFFICIAL RHMZ WARNING PRODUCT
80462,VRBAS,VRBAS,ВРБАС,0.0,0.0,0.0,0.0,0.0,12.714142356264286,69.0999984741211,8,51,2026-08-22T03:00:00Z,2026-08-20T00:00:00Z,0.0,0.0,224.9,59.3,0.0,8.9,8,,0.0,0.0,0.0,,,,0.0,2,0.0,0,0,0,0,GREEN,БЕЗ ЗНАЧАЈНОГ РИЗИКА,NO SIGNIFICANT RISK,MODERATE,ECMWF ENS,ECMWF ENS | GEFS,0.0,2,0.0,0,0,0,0,GREEN,БЕЗ ЗНАЧАЈНОГ РИЗИКА,NO SIGNIFICANT RISK,MODERATE,ECMWF ENS,ECMWF ENS | GEFS,0.0,2,0.0,0,0,0,0,GREEN,БЕЗ ЗНАЧАЈНОГ РИЗИКА,NO SIGNIFICANT RISK,MODERATE,ECMWF ENS,ECMWF ENS | GEFS,0.0,2,0.0,0,0,0,0,GREEN,БЕЗ ЗНАЧАЈНОГ РИЗИКА,NO SIGNIFICANT RISK,MODERATE,ECMWF ENS,ECMWF ENS | GEFS,0,GREEN,БЕЗ ЗНАЧАЈНОГ РИЗИКА,NO SIGNIFICANT RISK,NONE,MODERATE,21,2026-08-21T06:00:00+00:00,2026-08-22T03:00:00+00:00,STORMS,EXPERIMENTAL,DEVELOPMENTAL MULTIMODEL SIGNAL - NOT CALIBRATED PROBABILITY,PUBLIC OPEN-DATA SERVICES,INDEPENDENT PROJECT - NOT AN OFFICIAL RHMZ WARNING PRODUCT
80128,VRŠAC,VRŠAC,ВРШАЦ,0.0,0.0,0.0,0.0,0.0,15.28020094566169,63.90000057220459,10,51,2026-08-22T03:00:00Z,2026-08-20T00:00:00Z,0.0,0.0,0.0,65.7,0.0,11.9,10,,0.0,0.0,0.0,,,,0.0,2,0.0,0,0,0,0,GREEN,БЕЗ ЗНАЧАЈНОГ РИЗИКА,NO SIGNIFICANT RISK,MODERATE,ECMWF ENS,ECMWF ENS | GEFS,0.0,2,0.0,0,0,0,0,GREEN,БЕЗ ЗНАЧАЈНОГ РИЗИКА,NO SIGNIFICANT RISK,MODERATE,ECMWF ENS,ECMWF ENS | GEFS,0.0,2,0.0,0,0,0,0,GREEN,БЕЗ ЗНАЧАЈНОГ РИЗИКА,NO SIGNIFICANT RISK,MODERATE,ECMWF ENS,ECMWF ENS | GEFS,0.0,2,0.0,0,0,0,0,GREEN,БЕЗ ЗНАЧАЈНОГ РИЗИКА,NO SIGNIFICANT RISK,MODERATE,ECMWF ENS,ECMWF ENS | GEFS,0,GREEN,БЕЗ ЗНАЧАЈНОГ РИЗИКА,NO SIGNIFICANT RISK,NONE,MODERATE,21,2026-08-21T06:00:00+00:00,2026-08-22T03:00:00+00:00,STORMS,EXPERIMENTAL,DEVELOPMENTAL MULTIMODEL SIGNAL - NOT CALIBRATED PROBABILITY,PUBLIC OPEN-DATA SERVICES,INDEPENDENT PROJECT - NOT AN OFFICIAL RHMZ WARNING PRODUCT
90026,VUČITRN,VUČITRN,ВУЧИТРН,0.0,0.0,0.0,0.0,0.0,11.398033016381085,58.93008804321289,7,51,2026-08-22T03:00:00Z,2026-08-20T00:00:00Z,0.0,0.0,0.0,51.9,0.0,6.7,7,,0.0,0.0,0.0,,,,0.0,2,0.0,0,0,0,0,GREEN,БЕЗ ЗНАЧАЈНОГ РИЗИКА,NO SIGNIFICANT RISK,MODERATE,ECMWF ENS,ECMWF ENS | GEFS,0.0,2,0.0,0,0,0,0,GREEN,БЕЗ ЗНАЧАЈНОГ РИЗИКА,NO SIGNIFICANT RISK,MODERATE,ECMWF ENS,ECMWF ENS | GEFS,0.0,2,0.0,0,0,0,0,GREEN,БЕЗ ЗНАЧАЈНОГ РИЗИКА,NO SIGNIFICANT RISK,MODERATE,ECMWF ENS,ECMWF ENS | GEFS,0.0,2,0.0,0,0,0,0,GREEN,БЕЗ ЗНАЧАЈНОГ РИЗИКА,NO SIGNIFICANT RISK,MODERATE,ECMWF ENS,ECMWF ENS | GEFS,0,GREEN,БЕЗ ЗНАЧАЈНОГ РИЗИКА,NO SIGNIFICANT RISK,NONE,MODERATE,21,2026-08-21T06:00:00+00:00,2026-08-22T03:00:00+00:00,STORMS,EXPERIMENTAL,DEVELOPMENTAL MULTIMODEL SIGNAL - NOT CALIBRATED PROBABILITY,PUBLIC OPEN-DATA SERVICES,INDEPENDENT PROJECT - NOT AN OFFICIAL RHMZ WARNING PRODUCT
90042,GNJILANE,GNJILANE,ГЊИЛАНЕ,0.0,0.0,0.0,0.0,0.0,8.066454308098464,60.08269119262695,9,51,2026-08-22T03:00:00Z,2026-08-20T00:00:00Z,0.0,0.0,0.0,35.3,0.0,4.3,9,,0.0,0.0,0.0,,,,0.0,2,0.0,0,0,0,0,GREEN,БЕЗ ЗНАЧАЈНОГ РИЗИКА,NO SIGNIFICANT RISK,MODERATE,ECMWF ENS,ECMWF ENS | GEFS,0.0,2,0.0,0,0,0,0,GREEN,БЕЗ ЗНАЧАЈНОГ РИЗИКА,NO SIGNIFICANT RISK,MODERATE,ECMWF ENS,ECMWF ENS | GEFS,0.0,2,0.0,0,0,0,0,GREEN,БЕЗ ЗНАЧАЈНОГ РИЗИКА,NO SIGNIFICANT RISK,MODERATE,ECMWF ENS,ECMWF ENS | GEFS,0.0,2,0.0,0,0,0,0,GREEN,БЕЗ ЗНАЧАЈНОГ РИЗИКА,NO SIGNIFICANT RISK,MODERATE,ECMWF ENS,ECMWF ENS | GEFS,0,GREEN,БЕЗ ЗНАЧАЈНОГ РИЗИКА,NO SIGNIFICANT RISK,NONE,MODERATE,21,2026-08-21T06:00:00+00:00,2026-08-22T03:00:00+00:00,STORMS,EXPERIMENTAL,DEVELOPMENTAL MULTIMODEL SIGNAL - NOT CALIBRATED PROBABILITY,PUBLIC OPEN-DATA SERVICES,INDEPENDENT PROJECT - NOT AN OFFICIAL RHMZ WARNING PRODUCT
70467,GADŽIN HAN,GADŽIN HAN,ГАЏИН ХАН,0.0,0.0,0.0,0.0,0.0,11.439943540103709,60.138394355773926,8,51,2026-08-22T03:00:00Z,2026-08-20T00:00:00Z,0.0,0.0,0.0,49.6,0.0,8.6,8,,0.0,0.0,0.0,,,,0.0,2,0.0,0,0,0,0,GREEN,БЕЗ ЗНАЧАЈНОГ РИЗИКА,NO SIGNIFICANT RISK,MODERATE,ECMWF ENS,ECMWF ENS | GEFS,0.0,2,0.0,0,0,0,0,GREEN,БЕЗ ЗНАЧАЈНОГ РИЗИКА,NO SIGNIFICANT RISK,MODERATE,ECMWF ENS,ECMWF ENS | GEFS,0.0,2,0.0,0,0,0,0,GREEN,БЕЗ ЗНАЧАЈНОГ РИЗИКА,NO SIGNIFICANT RISK,MODERATE,ECMWF ENS,ECMWF ENS | GEFS,0.0,2,0.0,0,0,0,0,GREEN,БЕЗ ЗНАЧАЈНОГ РИЗИКА,NO SIGNIFICANT RISK,MODERATE,ECMWF ENS,ECMWF ENS | GEFS,0,GREEN,БЕЗ ЗНАЧАЈНОГ РИЗИКА,NO SIGNIFICANT RISK,NONE,MODERATE,21,2026-08-21T06:00:00+00:00,2026-08-22T03:00:00+00:00,STORMS,EXPERIMENTAL,DEVELOPMENTAL MULTIMODEL SIGNAL - NOT CALIBRATED PROBABILITY,PUBLIC OPEN-DATA SERVICES,INDEPENDENT PROJECT - NOT AN OFFICIAL RHMZ WARNING PRODUCT
90034,GLOGOVAC,GLOGOVAC,ГЛОГОВАЦ,0.0,0.0,0.0,0.0,0.0,8.32577850034911,58.84470653533936,8,51,2026-08-22T03:00:00Z,2026-08-20T00:00:00Z,0.0,0.0,0.0,54.1,0.0,6.4,8,,0.0,0.0,0.0,,,,0.0,2,0.0,0,0,0,0,GREEN,БЕЗ ЗНАЧАЈНОГ РИЗИКА,NO SIGNIFICANT RISK,MODERATE,ECMWF ENS,ECMWF ENS | GEFS,0.0,2,0.0,0,0,0,0,GREEN,БЕЗ ЗНАЧАЈНОГ РИЗИКА,NO SIGNIFICANT RISK,MODERATE,ECMWF ENS,ECMWF ENS | GEFS,0.0,2,0.0,0,0,0,0,GREEN,БЕЗ ЗНАЧАЈНОГ РИЗИКА,NO SIGNIFICANT RISK,MODERATE,ECMWF ENS,ECMWF ENS | GEFS,0.0,2,0.0,0,0,0,0,GREEN,БЕЗ ЗНАЧАЈНОГ РИЗИКА,NO SIGNIFICANT RISK,MODERATE,ECMWF ENS,ECMWF ENS | GEFS,0,GREEN,БЕЗ ЗНАЧАЈНОГ РИЗИКА,NO SIGNIFICANT RISK,NONE,MODERATE,21,2026-08-21T06:00:00+00:00,2026-08-22T03:00:00+00:00,STORMS,EXPERIMENTAL,DEVELOPMENTAL MULTIMODEL SIGNAL - NOT CALIBRATED PROBABILITY,PUBLIC OPEN-DATA SERVICES,INDEPENDENT PROJECT - NOT AN OFFICIAL RHMZ WARNING PRODUCT
70475,GOLUBAC,GOLUBAC,ГОЛУБАЦ,0.0,0.0,0.0,0.0,0.0,15.071476597012683,62.16298294067383,10,51,2026-08-22T03:00:00Z,2026-08-20T00:00:00Z,0.0,0.0,0.0,61.0,0.0,13.5,10,,0.0,0.0,0.0,,,,0.0,2,0.0,0,0,0,0,GREEN,БЕЗ ЗНАЧАЈНОГ РИЗИКА,NO SIGNIFICANT RISK,MODERATE,ECMWF ENS,ECMWF ENS | GEFS,0.0,2,0.0,0,0,0,0,GREEN,БЕЗ ЗНАЧАЈНОГ РИЗИКА,NO SIGNIFICANT RISK,MODERATE,ECMWF ENS,ECMWF ENS | GEFS,0.0,2,0.0,0,0,0,0,GREEN,БЕЗ ЗНАЧАЈНОГ РИЗИКА,NO SIGNIFICANT RISK,MODERATE,ECMWF ENS,ECMWF ENS | GEFS,0.0,2,0.0,0,0,0,0,GREEN,БЕЗ ЗНАЧАЈНОГ РИЗИКА,NO SIGNIFICANT RISK,MODERATE,ECMWF ENS,ECMWF ENS | GEFS,0,GREEN,БЕЗ ЗНАЧАЈНОГ РИЗИКА,NO SIGNIFICANT RISK,NONE,MODERATE,21,2026-08-21T06:00:00+00:00,2026-08-22T03:00:00+00:00,STORMS,EXPERIMENTAL,DEVELOPMENTAL MULTIMODEL SIGNAL - NOT CALIBRATED PROBABILITY,PUBLIC OPEN-DATA SERVICES,INDEPENDENT PROJECT - NOT AN OFFICIAL RHMZ WARNING PRODUCT
70483,GORNJI MILANOVAC,GORNJI MILANOVAC,ГОРЊИ МИЛАНОВАЦ,0.0,0.0,0.0,0.0,0.0,15.151422589276237,60.25,10,51,2026-08-22T03:00:00Z,2026-08-20T00:00:00Z,0.0,0.0,0.0,61.2,0.0,12.1,10,,0.0,0.0,0.0,,,,0.0,2,0.0,0,0,0,0,GREEN,БЕЗ ЗНАЧАЈНОГ РИЗИКА,NO SIGNIFICANT RISK,MODERATE,ECMWF ENS,ECMWF ENS | GEFS,0.0,2,0.0,0,0,0,0,GREEN,БЕЗ ЗНАЧАЈНОГ РИЗИКА,NO SIGNIFICANT RISK,MODERATE,ECMWF ENS,ECMWF ENS | GEFS,0.0,2,0.0,0,0,0,0,GREEN,БЕЗ ЗНАЧАЈНОГ РИЗИКА,NO SIGNIFICANT RISK,MODERATE,ECMWF ENS,ECMWF ENS | GEFS,0.0,2,0.0,0,0,0,0,GREEN,БЕЗ ЗНАЧАЈНОГ РИЗИКА,NO SIGNIFICANT RISK,MODERATE,ECMWF ENS,ECMWF ENS | GEFS,0,GREEN,БЕЗ ЗНАЧАЈНОГ РИЗИКА,NO SIGNIFICANT RISK,NONE,MODERATE,21,2026-08-21T06:00:00+00:00,2026-08-22T03:00:00+00:00,STORMS,EXPERIMENTAL,DEVELOPMENTAL MULTIMODEL SIGNAL - NOT CALIBRATED PROBABILITY,PUBLIC OPEN-DATA SERVICES,INDEPENDENT PROJECT - NOT AN OFFICIAL RHMZ WARNING PRODUCT
90336,GORA,GORA,ГОРА,0.0,0.0,0.0,0.0,0.0,4.573711463466543,60.76020050048828,7,51,2026-08-22T03:00:00Z,2026-08-20T00:00:00Z,0.0,0.0,0.0,51.4,0.0,1.6,7,,0.0,0.0,0.0,,,,0.0,2,0.0,0,0,0,0,GREEN,БЕЗ ЗНАЧАЈНОГ РИЗИКА,NO SIGNIFICANT RISK,MODERATE,ECMWF ENS,ECMWF ENS | GEFS,0.0,2,0.0,0,0,0,0,GREEN,БЕЗ ЗНАЧАЈНОГ РИЗИКА,NO SIGNIFICANT RISK,MODERATE,ECMWF ENS,ECMWF ENS | GEFS,0.0,2,0.0,0,0,0,0,GREEN,БЕЗ ЗНАЧАЈНОГ РИЗИКА,NO SIGNIFICANT RISK,MODERATE,ECMWF ENS,ECMWF ENS | GEFS,0.0,2,0.0,0,0,0,0,GREEN,БЕЗ ЗНАЧАЈНОГ РИЗИКА,NO SIGNIFICANT RISK,MODERATE,ECMWF ENS,ECMWF ENS | GEFS,0,GREEN,БЕЗ ЗНАЧАЈНОГ РИЗИКА,NO SIGNIFICANT RISK,NONE,MODERATE,21,2026-08-21T06:00:00+00:00,2026-08-22T03:00:00+00:00,STORMS,EXPERIMENTAL,DEVELOPMENTAL MULTIMODEL SIGNAL - NOT CALIBRATED PROBABILITY,PUBLIC OPEN-DATA SERVICES,INDEPENDENT PROJECT - NOT AN OFFICIAL RHMZ WARNING PRODUCT
70491,DESPOTOVAC,DESPOTOVAC,ДЕСПОТОВАЦ,0.0,0.0,0.0,0.0,0.0,15.82838650751095,60.01431274414063,11,51,2026-08-22T03:00:00Z,2026-08-20T00:00:00Z,0.0,0.0,0.0,59.9,0.0,12.9,11,,0.0,0.0,0.0,,,,0.0,2,0.0,0,0,0,0,GREEN,БЕЗ ЗНАЧАЈНОГ РИЗИКА,NO SIGNIFICANT RISK,MODERATE,ECMWF ENS,ECMWF ENS | GEFS,0.0,2,0.0,0,0,0,0,GREEN,БЕЗ ЗНАЧАЈНОГ РИЗИКА,NO SIGNIFICANT RISK,MODERATE,ECMWF ENS,ECMWF ENS | GEFS,0.0,2,0.0,0,0,0,0,GREEN,БЕЗ ЗНАЧАЈНОГ РИЗИКА,NO SIGNIFICANT RISK,MODERATE,ECMWF ENS,ECMWF ENS | GEFS,0.0,2,0.0,0,0,0,0,GREEN,БЕЗ ЗНАЧАЈНОГ РИЗИКА,NO SIGNIFICANT RISK,MODERATE,ECMWF ENS,ECMWF ENS | GEFS,0,GREEN,БЕЗ ЗНАЧАЈНОГ РИЗИКА,NO SIGNIFICANT RISK,NONE,MODERATE,21,2026-08-21T06:00:00+00:00,2026-08-22T03:00:00+00:00,STORMS,EXPERIMENTAL,DEVELOPMENTAL MULTIMODEL SIGNAL - NOT CALIBRATED PROBABILITY,PUBLIC OPEN-DATA SERVICES,INDEPENDENT PROJECT - NOT AN OFFICIAL RHMZ WARNING PRODUCT
90069,DEČANI,DEČANI,ДЕЧАНИ,0.0,0.0,0.0,0.0,0.0,8.32577850034911,52.68269157409668,9,51,2026-08-22T03:00:00Z,2026-08-20T00:00:00Z,0.0,0.0,0.0,53.2,0.0,8.5,9,,0.0,0.0,0.0,,,,0.0,2,0.0,0,0,0,0,GREEN,БЕЗ ЗНАЧАЈНОГ РИЗИКА,NO SIGNIFICANT RISK,MODERATE,ECMWF ENS,ECMWF ENS | GEFS,0.0,2,0.0,0,0,0,0,GREEN,БЕЗ ЗНАЧАЈНОГ РИЗИКА,NO SIGNIFICANT RISK,MODERATE,ECMWF ENS,ECMWF ENS | GEFS,0.0,2,0.0,0,0,0,0,GREEN,БЕЗ ЗНАЧАЈНОГ РИЗИКА,NO SIGNIFICANT RISK,MODERATE,ECMWF ENS,ECMWF ENS | GEFS,0.0,2,0.0,0,0,0,0,GREEN,БЕЗ ЗНАЧАЈНОГ РИЗИКА,NO SIGNIFICANT RISK,MODERATE,ECMWF ENS,ECMWF ENS | GEFS,0,GREEN,БЕЗ ЗНАЧАЈНОГ РИЗИКА,NO SIGNIFICANT RISK,NONE,MODERATE,21,2026-08-21T06:00:00+00:00,2026-08-22T03:00:00+00:00,STORMS,EXPERIMENTAL,DEVELOPMENTAL MULTIMODEL SIGNAL - NOT CALIBRATED PROBABILITY,PUBLIC OPEN-DATA SERVICES,INDEPENDENT PROJECT - NOT AN OFFICIAL RHMZ WARNING PRODUCT
70505,DIMITROVGRAD,DIMITROVGRAD,ДИМИТРОВГРАД,0.0,0.0,0.0,0.0,0.0,6.778673784818217,60.375,10,51,2026-08-22T03:00:00Z,2026-08-20T00:00:00Z,0.0,0.0,0.0,49.9,0.0,2.0,10,,0.0,0.0,0.0,,,,0.0,2,0.0,0,0,0,0,GREEN,БЕЗ ЗНАЧАЈНОГ РИЗИКА,NO SIGNIFICANT RISK,MODERATE,ECMWF ENS,ECMWF ENS | GEFS,0.0,2,0.0,0,0,0,0,GREEN,БЕЗ ЗНАЧАЈНОГ РИЗИКА,NO SIGNIFICANT RISK,MODERATE,ECMWF ENS,ECMWF ENS | GEFS,0.0,2,0.0,0,0,0,0,GREEN,БЕЗ ЗНАЧАЈНОГ РИЗИКА,NO SIGNIFICANT RISK,MODERATE,ECMWF ENS,ECMWF ENS | GEFS,0.0,2,0.0,0,0,0,0,GREEN,БЕЗ ЗНАЧАЈНОГ РИЗИКА,NO SIGNIFICANT RISK,MODERATE,ECMWF ENS,ECMWF ENS | GEFS,0,GREEN,БЕЗ ЗНАЧАЈНОГ РИЗИКА,NO SIGNIFICANT RISK,NONE,MODERATE,21,2026-08-21T06:00:00+00:00,2026-08-22T03:00:00+00:00,STORMS,EXPERIMENTAL,DEVELOPMENTAL MULTIMODEL SIGNAL - NOT CALIBRATED PROBABILITY,PUBLIC OPEN-DATA SERVICES,INDEPENDENT PROJECT - NOT AN OFFICIAL RHMZ WARNING PRODUCT
70513,DOLJEVAC,DOLJEVAC,ДОЉЕВАЦ,0.0,0.0,0.0,0.0,0.0,12.510166594859076,60.70684814453125,5,51,2026-08-22T03:00:00Z,2026-08-20T00:00:00Z,0.0,0.0,0.0,44.6,0.0,9.1,5,,0.0,0.0,0.0,,,,0.0,2,0.0,0,0,0,0,GREEN,БЕЗ ЗНАЧАЈНОГ РИЗИКА,NO SIGNIFICANT RISK,MODERATE,ECMWF ENS,ECMWF ENS | GEFS,0.0,2,0.0,0,0,0,0,GREEN,БЕЗ ЗНАЧАЈНОГ РИЗИКА,NO SIGNIFICANT RISK,MODERATE,ECMWF ENS,ECMWF ENS | GEFS,0.0,2,0.0,0,0,0,0,GREEN,БЕЗ ЗНАЧАЈНОГ РИЗИКА,NO SIGNIFICANT RISK,MODERATE,ECMWF ENS,ECMWF ENS | GEFS,0.0,2,0.0,0,0,0,0,GREEN,БЕЗ ЗНАЧАЈНОГ РИЗИКА,NO SIGNIFICANT RISK,MODERATE,ECMWF ENS,ECMWF ENS | GEFS,0,GREEN,БЕЗ ЗНАЧАЈНОГ РИЗИКА,NO SIGNIFICANT RISK,NONE,MODERATE,21,2026-08-21T06:00:00+00:00,2026-08-22T03:00:00+00:00,STORMS,EXPERIMENTAL,DEVELOPMENTAL MULTIMODEL SIGNAL - NOT CALIBRATED PROBABILITY,PUBLIC OPEN-DATA SERVICES,INDEPENDENT PROJECT - NOT AN OFFICIAL RHMZ WARNING PRODUCT
80136,ŽABALJ,ŽABALJ,ЖАБАЉ,0.0,0.0,0.0,0.0,0.0,13.174162482689754,65.26339530944824,8,51,2026-08-22T03:00:00Z,2026-08-20T00:00:00Z,0.0,0.0,110.2,54.6,0.0,8.8,8,,0.0,0.0,0.0,,,,0.0,2,0.0,0,0,0,0,GREEN,БЕЗ ЗНАЧАЈНОГ РИЗИКА,NO SIGNIFICANT RISK,MODERATE,ECMWF ENS,ECMWF ENS | GEFS,0.0,2,0.0,0,0,0,0,GREEN,БЕЗ ЗНАЧАЈНОГ РИЗИКА,NO SIGNIFICANT RISK,MODERATE,ECMWF ENS,ECMWF ENS | GEFS,0.0,2,0.0,0,0,0,0,GREEN,БЕЗ ЗНАЧАЈНОГ РИЗИКА,NO SIGNIFICANT RISK,MODERATE,ECMWF ENS,ECMWF ENS | GEFS,0.0,2,0.0,0,0,0,0,GREEN,БЕЗ ЗНАЧАЈНОГ РИЗИКА,NO SIGNIFICANT RISK,MODERATE,ECMWF ENS,ECMWF ENS | GEFS,0,GREEN,БЕЗ ЗНАЧАЈНОГ РИЗИКА,NO SIGNIFICANT RISK,NONE,MODERATE,21,2026-08-21T06:00:00+00:00,2026-08-22T03:00:00+00:00,STORMS,EXPERIMENTAL,DEVELOPMENTAL MULTIMODEL SIGNAL - NOT CALIBRATED PROBABILITY,PUBLIC OPEN-DATA SERVICES,INDEPENDENT PROJECT - NOT AN OFFICIAL RHMZ WARNING PRODUCT
70521,ŽABARI,ŽABARI,ЖАБАРИ,0.0,0.0,0.0,0.0,0.0,15.890411413664731,61.09999847412109,6,51,2026-08-22T03:00:00Z,2026-08-20T00:00:00Z,0.0,0.0,0.0,62.0,0.0,13.1,6,,0.0,0.0,0.0,,,,0.0,2,0.0,0,0,0,0,GREEN,БЕЗ ЗНАЧАЈНОГ РИЗИКА,NO SIGNIFICANT RISK,MODERATE,ECMWF ENS,ECMWF ENS | GEFS,0.0,2,0.0,0,0,0,0,GREEN,БЕЗ ЗНАЧАЈНОГ РИЗИКА,NO SIGNIFICANT RISK,MODERATE,ECMWF ENS,ECMWF ENS | GEFS,0.0,2,0.0,0,0,0,0,GREEN,БЕЗ ЗНАЧАЈНОГ РИЗИКА,NO SIGNIFICANT RISK,MODERATE,ECMWF ENS,ECMWF ENS | GEFS,0.0,2,0.0,0,0,0,0,GREEN,БЕЗ ЗНАЧАЈНОГ РИЗИКА,NO SIGNIFICANT RISK,MODERATE,ECMWF ENS,ECMWF ENS | GEFS,0,GREEN,БЕЗ ЗНАЧАЈНОГ РИЗИКА,NO SIGNIFICANT RISK,NONE,MODERATE,21,2026-08-21T06:00:00+00:00,2026-08-22T03:00:00+00:00,STORMS,EXPERIMENTAL,DEVELOPMENTAL MULTIMODEL SIGNAL - NOT CALIBRATED PROBABILITY,PUBLIC OPEN-DATA SERVICES,INDEPENDENT PROJECT - NOT AN OFFICIAL RHMZ WARNING PRODUCT
70530,ŽAGUBICA,ŽAGUBICA,ЖАГУБИЦА,0.0,0.0,0.0,0.0,0.0,15.103139371457102,60.29999923706055,11,51,2026-08-22T03:00:00Z,2026-08-20T00:00:00Z,0.0,0.0,0.0,55.6,0.0,12.0,11,,0.0,0.0,0.0,,,,0.0,2,0.0,0,0,0,0,GREEN,БЕЗ ЗНАЧАЈНОГ РИЗИКА,NO SIGNIFICANT RISK,MODERATE,ECMWF ENS,ECMWF ENS | GEFS,0.0,2,0.0,0,0,0,0,GREEN,БЕЗ ЗНАЧАЈНОГ РИЗИКА,NO SIGNIFICANT RISK,MODERATE,ECMWF ENS,ECMWF ENS | GEFS,0.0,2,0.0,0,0,0,0,GREEN,БЕЗ ЗНАЧАЈНОГ РИЗИКА,NO SIGNIFICANT RISK,MODERATE,ECMWF ENS,ECMWF ENS | GEFS,0.0,2,0.0,0,0,0,0,GREEN,БЕЗ ЗНАЧАЈНОГ РИЗИКА,NO SIGNIFICANT RISK,MODERATE,ECMWF ENS,ECMWF ENS | GEFS,0,GREEN,БЕЗ ЗНАЧАЈНОГ РИЗИКА,NO SIGNIFICANT RISK,NONE,MODERATE,21,2026-08-21T06:00:00+00:00,2026-08-22T03:00:00+00:00,STORMS,EXPERIMENTAL,DEVELOPMENTAL MULTIMODEL SIGNAL - NOT CALIBRATED PROBABILITY,PUBLIC OPEN-DATA SERVICES,INDEPENDENT PROJECT - NOT AN OFFICIAL RHMZ WARNING PRODUCT
80144,ŽITIŠTE,ŽITIŠTE,ЖИТИШТЕ,0.0,0.0,0.0,0.0,0.0,13.043397736091896,65.95684814453125,10,51,2026-08-22T03:00:00Z,2026-08-20T00:00:00Z,0.0,0.0,55.9,61.6,0.0,9.4,10,,0.0,0.0,0.0,,,,0.0,2,0.0,0,0,0,0,GREEN,БЕЗ ЗНАЧАЈНОГ РИЗИКА,NO SIGNIFICANT RISK,MODERATE,ECMWF ENS,ECMWF ENS | GEFS,0.0,2,0.0,0,0,0,0,GREEN,БЕЗ ЗНАЧАЈНОГ РИЗИКА,NO SIGNIFICANT RISK,MODERATE,ECMWF ENS,ECMWF ENS | GEFS,0.0,2,0.0,0,0,0,0,GREEN,БЕЗ ЗНАЧАЈНОГ РИЗИКА,NO SIGNIFICANT RISK,MODERATE,ECMWF ENS,ECMWF ENS | GEFS,0.0,2,0.0,0,0,0,0,GREEN,БЕЗ ЗНАЧАЈНОГ РИЗИКА,NO SIGNIFICANT RISK,MODERATE,ECMWF ENS,ECMWF ENS | GEFS,0,GREEN,БЕЗ ЗНАЧАЈНОГ РИЗИКА,NO SIGNIFICANT RISK,NONE,MODERATE,21,2026-08-21T06:00:00+00:00,2026-08-22T03:00:00+00:00,STORMS,EXPERIMENTAL,DEVELOPMENTAL MULTIMODEL SIGNAL - NOT CALIBRATED PROBABILITY,PUBLIC OPEN-DATA SERVICES,INDEPENDENT PROJECT - NOT AN OFFICIAL RHMZ WARNING PRODUCT
70548,ŽITORAĐA,ŽITORAĐA,ЖИТОРАЂА,0.0,0.0,0.0,0.0,0.0,12.510166594859076,60.70684814453125,6,51,2026-08-22T03:00:00Z,2026-08-20T00:00:00Z,0.0,0.0,0.0,44.6,0.0,9.1,6,,0.0,0.0,0.0,,,,0.0,2,0.0,0,0,0,0,GREEN,БЕЗ ЗНАЧАЈНОГ РИЗИКА,NO SIGNIFICANT RISK,MODERATE,ECMWF ENS,ECMWF ENS | GEFS,0.0,2,0.0,0,0,0,0,GREEN,БЕЗ ЗНАЧАЈНОГ РИЗИКА,NO SIGNIFICANT RISK,MODERATE,ECMWF ENS,ECMWF ENS | GEFS,0.0,2,0.0,0,0,0,0,GREEN,БЕЗ ЗНАЧАЈНОГ РИЗИКА,NO SIGNIFICANT RISK,MODERATE,ECMWF ENS,ECMWF ENS | GEFS,0.0,2,0.0,0,0,0,0,GREEN,БЕЗ ЗНАЧАЈНОГ РИЗИКА,NO SIGNIFICANT RISK,MODERATE,ECMWF ENS,ECMWF ENS | GEFS,0,GREEN,БЕЗ ЗНАЧАЈНОГ РИЗИКА,NO SIGNIFICANT RISK,NONE,MODERATE,21,2026-08-21T06:00:00+00:00,2026-08-22T03:00:00+00:00,STORMS,EXPERIMENTAL,DEVELOPMENTAL MULTIMODEL SIGNAL - NOT CALIBRATED PROBABILITY,PUBLIC OPEN-DATA SERVICES,INDEPENDENT PROJECT - NOT AN OFFICIAL RHMZ WARNING PRODUCT
70556,ZAJEČAR-GRAD,ZAJEČAR-GRAD,ЗАЈЕЧАР-ГРАД,0.0,0.0,0.0,0.0,0.0,12.574410527578513,60.71431350708008,14,51,2026-08-22T03:00:00Z,2026-08-20T00:00:00Z,0.0,0.0,0.0,55.5,0.0,8.1,14,,0.0,0.0,0.0,,,,0.0,2,0.0,0,0,0,0,GREEN,БЕЗ ЗНАЧАЈНОГ РИЗИКА,NO SIGNIFICANT RISK,MODERATE,ECMWF ENS,ECMWF ENS | GEFS,0.0,2,0.0,0,0,0,0,GREEN,БЕЗ ЗНАЧАЈНОГ РИЗИКА,NO SIGNIFICANT RISK,MODERATE,ECMWF ENS,ECMWF ENS | GEFS,0.0,2,0.0,0,0,0,0,GREEN,БЕЗ ЗНАЧАЈНОГ РИЗИКА,NO SIGNIFICANT RISK,MODERATE,ECMWF ENS,ECMWF ENS | GEFS,0.0,2,0.0,0,0,0,0,GREEN,БЕЗ ЗНАЧАЈНОГ РИЗИКА,NO SIGNIFICANT RISK,MODERATE,ECMWF ENS,ECMWF ENS | GEFS,0,GREEN,БЕЗ ЗНАЧАЈНОГ РИЗИКА,NO SIGNIFICANT RISK,NONE,MODERATE,21,2026-08-21T06:00:00+00:00,2026-08-22T03:00:00+00:00,STORMS,EXPERIMENTAL,DEVELOPMENTAL MULTIMODEL SIGNAL - NOT CALIBRATED PROBABILITY,PUBLIC OPEN-DATA SERVICES,INDEPENDENT PROJECT - NOT AN OFFICIAL RHMZ WARNING PRODUCT
90352,ZVEČAN,ZVEČAN,ЗВЕЧАН,0.0,0.0,0.0,0.0,0.0,12.113803752016825,57.80648422241211,6,51,2026-08-22T03:00:00Z,2026-08-20T00:00:00Z,0.0,0.0,0.0,53.3,0.0,7.5,6,,0.0,0.0,0.0,,,,0.0,2,0.0,0,0,0,0,GREEN,БЕЗ ЗНАЧАЈНОГ РИЗИКА,NO SIGNIFICANT RISK,MODERATE,ECMWF ENS,ECMWF ENS | GEFS,0.0,2,0.0,0,0,0,0,GREEN,БЕЗ ЗНАЧАЈНОГ РИЗИКА,NO SIGNIFICANT RISK,MODERATE,ECMWF ENS,ECMWF ENS | GEFS,0.0,2,0.0,0,0,0,0,GREEN,БЕЗ ЗНАЧАЈНОГ РИЗИКА,NO SIGNIFICANT RISK,MODERATE,ECMWF ENS,ECMWF ENS | GEFS,0.0,2,0.0,0,0,0,0,GREEN,БЕЗ ЗНАЧАЈНОГ РИЗИКА,NO SIGNIFICANT RISK,MODERATE,ECMWF ENS,ECMWF ENS | GEFS,0,GREEN,БЕЗ ЗНАЧАЈНОГ РИЗИКА,NO SIGNIFICANT RISK,NONE,MODERATE,21,2026-08-21T06:00:00+00:00,2026-08-22T03:00:00+00:00,STORMS,EXPERIMENTAL,DEVELOPMENTAL MULTIMODEL SIGNAL - NOT CALIBRATED PROBABILITY,PUBLIC OPEN-DATA SERVICES,INDEPENDENT PROJECT - NOT AN OFFICIAL RHMZ WARNING PRODUCT
80152,ZRENJANIN-GRAD,ZRENJANIN-GRAD,ЗРЕЊАНИН-ГРАД,0.0,0.0,0.0,0.0,0.0,13.942370227113893,65.95684814453125,14,51,2026-08-22T03:00:00Z,2026-08-20T00:00:00Z,0.0,0.0,55.9,61.6,0.0,9.4,14,,0.0,0.0,0.0,,,,0.0,2,0.0,0,0,0,0,GREEN,БЕЗ ЗНАЧАЈНОГ РИЗИКА,NO SIGNIFICANT RISK,MODERATE,ECMWF ENS,ECMWF ENS | GEFS,0.0,2,0.0,0,0,0,0,GREEN,БЕЗ ЗНАЧАЈНОГ РИЗИКА,NO SIGNIFICANT RISK,MODERATE,ECMWF ENS,ECMWF ENS | GEFS,0.0,2,0.0,0,0,0,0,GREEN,БЕЗ ЗНАЧАЈНОГ РИЗИКА,NO SIGNIFICANT RISK,MODERATE,ECMWF ENS,ECMWF ENS | GEFS,0.0,2,0.0,0,0,0,0,GREEN,БЕЗ ЗНАЧАЈНОГ РИЗИКА,NO SIGNIFICANT RISK,MODERATE,ECMWF ENS,ECMWF ENS | GEFS,0,GREEN,БЕЗ ЗНАЧАЈНОГ РИЗИКА,NO SIGNIFICANT RISK,NONE,MODERATE,21,2026-08-21T06:00:00+00:00,2026-08-22T03:00:00+00:00,STORMS,EXPERIMENTAL,DEVELOPMENTAL MULTIMODEL SIGNAL - NOT CALIBRATED PROBABILITY,PUBLIC OPEN-DATA SERVICES,INDEPENDENT PROJECT - NOT AN OFFICIAL RHMZ WARNING PRODUCT
90093,ZUBIN POTOK,ZUBIN POTOK,ЗУБИН ПОТОК,0.0,0.0,0.0,0.0,0.0,12.113803752016825,57.80648422241211,8,51,2026-08-22T03:00:00Z,2026-08-20T00:00:00Z,0.0,0.0,0.0,53.3,0.0,7.5,8,,0.0,0.0,0.0,,,,0.0,2,0.0,0,0,0,0,GREEN,БЕЗ ЗНАЧАЈНОГ РИЗИКА,NO SIGNIFICANT RISK,MODERATE,ECMWF ENS,ECMWF ENS | GEFS,0.0,2,0.0,0,0,0,0,GREEN,БЕЗ ЗНАЧАЈНОГ РИЗИКА,NO SIGNIFICANT RISK,MODERATE,ECMWF ENS,ECMWF ENS | GEFS,0.0,2,0.0,0,0,0,0,GREEN,БЕЗ ЗНАЧАЈНОГ РИЗИКА,NO SIGNIFICANT RISK,MODERATE,ECMWF ENS,ECMWF ENS | GEFS,0.0,2,0.0,0,0,0,0,GREEN,БЕЗ ЗНАЧАЈНОГ РИЗИКА,NO SIGNIFICANT RISK,MODERATE,ECMWF ENS,ECMWF ENS | GEFS,0,GREEN,БЕЗ ЗНАЧАЈНОГ РИЗИКА,NO SIGNIFICANT RISK,NONE,MODERATE,21,2026-08-21T06:00:00+00:00,2026-08-22T03:00:00+00:00,STORMS,EXPERIMENTAL,DEVELOPMENTAL MULTIMODEL SIGNAL - NOT CALIBRATED PROBABILITY,PUBLIC OPEN-DATA SERVICES,INDEPENDENT PROJECT - NOT AN OFFICIAL RHMZ WARNING PRODUCT
70564,IVANJICA,IVANJICA,ИВАЊИЦА,0.0,0.0,0.0,0.0,0.0,13.992372950758844,56.79708480834961,11,51,2026-08-22T03:00:00Z,2026-08-20T00:00:00Z,0.0,0.0,0.0,51.2,0.0,7.4,11,,0.0,0.0,0.0,,,,0.0,2,0.0,0,0,0,0,GREEN,БЕЗ ЗНАЧАЈНОГ РИЗИКА,NO SIGNIFICANT RISK,MODERATE,ECMWF ENS,ECMWF ENS | GEFS,0.0,2,0.0,0,0,0,0,GREEN,БЕЗ ЗНАЧАЈНОГ РИЗИКА,NO SIGNIFICANT RISK,MODERATE,ECMWF ENS,ECMWF ENS | GEFS,0.0,2,0.0,0,0,0,0,GREEN,БЕЗ ЗНАЧАЈНОГ РИЗИКА,NO SIGNIFICANT RISK,MODERATE,ECMWF ENS,ECMWF ENS | GEFS,0.0,2,0.0,0,0,0,0,GREEN,БЕЗ ЗНАЧАЈНОГ РИЗИКА,NO SIGNIFICANT RISK,MODERATE,ECMWF ENS,ECMWF ENS | GEFS,0,GREEN,БЕЗ ЗНАЧАЈНОГ РИЗИКА,NO SIGNIFICANT RISK,NONE,MODERATE,21,2026-08-21T06:00:00+00:00,2026-08-22T03:00:00+00:00,STORMS,EXPERIMENTAL,DEVELOPMENTAL MULTIMODEL SIGNAL - NOT CALIBRATED PROBABILITY,PUBLIC OPEN-DATA SERVICES,INDEPENDENT PROJECT - NOT AN OFFICIAL RHMZ WARNING PRODUCT
80179,INĐIJA,INĐIJA,ИНЂИЈА,0.0,0.0,0.0,0.0,0.0,13.378525247145337,65.18798351287842,8,51,2026-08-22T03:00:00Z,2026-08-20T00:00:00Z,0.0,0.0,26.9,55.8,0.0,8.7,8,,0.0,0.0,0.0,,,,0.0,2,0.0,0,0,0,0,GREEN,БЕЗ ЗНАЧАЈНОГ РИЗИКА,NO SIGNIFICANT RISK,MODERATE,ECMWF ENS,ECMWF ENS | GEFS,0.0,2,0.0,0,0,0,0,GREEN,БЕЗ ЗНАЧАЈНОГ РИЗИКА,NO SIGNIFICANT RISK,MODERATE,ECMWF ENS,ECMWF ENS | GEFS,0.0,2,0.0,0,0,0,0,GREEN,БЕЗ ЗНАЧАЈНОГ РИЗИКА,NO SIGNIFICANT RISK,MODERATE,ECMWF ENS,ECMWF ENS | GEFS,0.0,2,0.0,0,0,0,0,GREEN,БЕЗ ЗНАЧАЈНОГ РИЗИКА,NO SIGNIFICANT RISK,MODERATE,ECMWF ENS,ECMWF ENS | GEFS,0,GREEN,БЕЗ ЗНАЧАЈНОГ РИЗИКА,NO SIGNIFICANT RISK,NONE,MODERATE,21,2026-08-21T06:00:00+00:00,2026-08-22T03:00:00+00:00,STORMS,EXPERIMENTAL,DEVELOPMENTAL MULTIMODEL SIGNAL - NOT CALIBRATED PROBABILITY,PUBLIC OPEN-DATA SERVICES,INDEPENDENT PROJECT - NOT AN OFFICIAL RHMZ WARNING PRODUCT
80187,IRIG,IRIG,ИРИГ,0.0,0.0,0.0,0.0,0.0,13.378525247145337,68.61298370361328,7,51,2026-08-22T03:00:00Z,2026-08-20T00:00:00Z,0.0,0.0,59.2,56.1,0.0,8.5,7,,0.0,0.0,0.0,,,,0.0,2,0.0,0,0,0,0,GREEN,БЕЗ ЗНАЧАЈНОГ РИЗИКА,NO SIGNIFICANT RISK,MODERATE,ECMWF ENS,ECMWF ENS | GEFS,0.0,2,0.0,0,0,0,0,GREEN,БЕЗ ЗНАЧАЈНОГ РИЗИКА,NO SIGNIFICANT RISK,MODERATE,ECMWF ENS,ECMWF ENS | GEFS,0.0,2,0.0,0,0,0,0,GREEN,БЕЗ ЗНАЧАЈНОГ РИЗИКА,NO SIGNIFICANT RISK,MODERATE,ECMWF ENS,ECMWF ENS | GEFS,0.0,2,0.0,0,0,0,0,GREEN,БЕЗ ЗНАЧАЈНОГ РИЗИКА,NO SIGNIFICANT RISK,MODERATE,ECMWF ENS,ECMWF ENS | GEFS,0,GREEN,БЕЗ ЗНАЧАЈНОГ РИЗИКА,NO SIGNIFICANT RISK,NONE,MODERATE,21,2026-08-21T06:00:00+00:00,2026-08-22T03:00:00+00:00,STORMS,EXPERIMENTAL,DEVELOPMENTAL MULTIMODEL SIGNAL - NOT CALIBRATED PROBABILITY,PUBLIC OPEN-DATA SERVICES,INDEPENDENT PROJECT - NOT AN OFFICIAL RHMZ WARNING PRODUCT
90107,ISTOK,ISTOK,ИСТОК,0.0,0.0,0.0,0.0,0.0,10.890022833187633,57.45661163330078,9,51,2026-08-22T03:00:00Z,2026-08-20T00:00:00Z,0.0,0.0,0.0,55.8,0.0,5.4,9,,0.0,0.0,0.0,,,,0.0,2,0.0,0,0,0,0,GREEN,БЕЗ ЗНАЧАЈНОГ РИЗИКА,NO SIGNIFICANT RISK,MODERATE,ECMWF ENS,ECMWF ENS | GEFS,0.0,2,0.0,0,0,0,0,GREEN,БЕЗ ЗНАЧАЈНОГ РИЗИКА,NO SIGNIFICANT RISK,MODERATE,ECMWF ENS,ECMWF ENS | GEFS,0.0,2,0.0,0,0,0,0,GREEN,БЕЗ ЗНАЧАЈНОГ РИЗИКА,NO SIGNIFICANT RISK,MODERATE,ECMWF ENS,ECMWF ENS | GEFS,0.0,2,0.0,0,0,0,0,GREEN,БЕЗ ЗНАЧАЈНОГ РИЗИКА,NO SIGNIFICANT RISK,MODERATE,ECMWF ENS,ECMWF ENS | GEFS,0,GREEN,БЕЗ ЗНАЧАЈНОГ РИЗИКА,NO SIGNIFICANT RISK,NONE,MODERATE,21,2026-08-21T06:00:00+00:00,2026-08-22T03:00:00+00:00,STORMS,EXPERIMENTAL,DEVELOPMENTAL MULTIMODEL SIGNAL - NOT CALIBRATED PROBABILITY,PUBLIC OPEN-DATA SERVICES,INDEPENDENT PROJECT - NOT AN OFFICIAL RHMZ WARNING PRODUCT
70602,KNJAŽEVAC,KNJAŽEVAC,КЊАЖЕВАЦ,0.0,0.0,0.0,0.0,0.0,12.574410527578513,60.363393783569336,13,51,2026-08-22T03:00:00Z,2026-08-20T00:00:00Z,0.0,0.0,0.0,53.8,0.0,9.4,13,,0.0,0.0,0.0,,,,0.0,2,0.0,0,0,0,0,GREEN,БЕЗ ЗНАЧАЈНОГ РИЗИКА,NO SIGNIFICANT RISK,MODERATE,ECMWF ENS,ECMWF ENS | GEFS,0.0,2,0.0,0,0,0,0,GREEN,БЕЗ ЗНАЧАЈНОГ РИЗИКА,NO SIGNIFICANT RISK,MODERATE,ECMWF ENS,ECMWF ENS | GEFS,0.0,2,0.0,0,0,0,0,GREEN,БЕЗ ЗНАЧАЈНОГ РИЗИКА,NO SIGNIFICANT RISK,MODERATE,ECMWF ENS,ECMWF ENS | GEFS,0.0,2,0.0,0,0,0,0,GREEN,БЕЗ ЗНАЧАЈНОГ РИЗИКА,NO SIGNIFICANT RISK,MODERATE,ECMWF ENS,ECMWF ENS | GEFS,0,GREEN,БЕЗ ЗНАЧАЈНОГ РИЗИКА,NO SIGNIFICANT RISK,NONE,MODERATE,21,2026-08-21T06:00:00+00:00,2026-08-22T03:00:00+00:00,STORMS,EXPERIMENTAL,DEVELOPMENTAL MULTIMODEL SIGNAL - NOT CALIBRATED PROBABILITY,PUBLIC OPEN-DATA SERVICES,INDEPENDENT PROJECT - NOT AN OFFICIAL RHMZ WARNING PRODUCT
80195,KANJIŽA,KANJIŽA,КАЊИЖА,0.0,0.0,0.0,0.0,0.0,12.706718205672455,65.10000228881836,9,51,2026-08-22T03:00:00Z,2026-08-20T00:00:00Z,0.0,0.0,379.5,61.1,0.0,9.4,9,,0.0,0.0,0.0,,,,0.0,2,0.0,0,0,0,0,GREEN,БЕЗ ЗНАЧАЈНОГ РИЗИКА,NO SIGNIFICANT RISK,MODERATE,ECMWF ENS,ECMWF ENS | GEFS,0.0,2,0.0,0,0,0,0,GREEN,БЕЗ ЗНАЧАЈНОГ РИЗИКА,NO SIGNIFICANT RISK,MODERATE,ECMWF ENS,ECMWF ENS | GEFS,0.0,2,0.0,0,0,0,0,GREEN,БЕЗ ЗНАЧАЈНОГ РИЗИКА,NO SIGNIFICANT RISK,MODERATE,ECMWF ENS,ECMWF ENS | GEFS,0.0,2,0.0,0,0,0,0,GREEN,БЕЗ ЗНАЧАЈНОГ РИЗИКА,NO SIGNIFICANT RISK,MODERATE,ECMWF ENS,ECMWF ENS | GEFS,0,GREEN,БЕЗ ЗНАЧАЈНОГ РИЗИКА,NO SIGNIFICANT RISK,NONE,MODERATE,21,2026-08-21T06:00:00+00:00,2026-08-22T03:00:00+00:00,STORMS,EXPERIMENTAL,DEVELOPMENTAL MULTIMODEL SIGNAL - NOT CALIBRATED PROBABILITY,PUBLIC OPEN-DATA SERVICES,INDEPENDENT PROJECT - NOT AN OFFICIAL RHMZ WARNING PRODUCT
90115,KAČANIK,KAČANIK,КАЧАНИК,0.0,0.0,0.0,0.0,0.0,5.683268942368329,60.76020050048828,7,51,2026-08-22T03:00:00Z,2026-08-20T00:00:00Z,0.0,0.0,0.0,33.8,0.0,2.5,7,,0.0,0.0,0.0,,,,0.0,2,0.0,0,0,0,0,GREEN,БЕЗ ЗНАЧАЈНОГ РИЗИКА,NO SIGNIFICANT RISK,MODERATE,ECMWF ENS,ECMWF ENS | GEFS,0.0,2,0.0,0,0,0,0,GREEN,БЕЗ ЗНАЧАЈНОГ РИЗИКА,NO SIGNIFICANT RISK,MODERATE,ECMWF ENS,ECMWF ENS | GEFS,0.0,2,0.0,0,0,0,0,GREEN,БЕЗ ЗНАЧАЈНОГ РИЗИКА,NO SIGNIFICANT RISK,MODERATE,ECMWF ENS,ECMWF ENS | GEFS,0.0,2,0.0,0,0,0,0,GREEN,БЕЗ ЗНАЧАЈНОГ РИЗИКА,NO SIGNIFICANT RISK,MODERATE,ECMWF ENS,ECMWF ENS | GEFS,0,GREEN,БЕЗ ЗНАЧАЈНОГ РИЗИКА,NO SIGNIFICANT RISK,NONE,MODERATE,21,2026-08-21T06:00:00+00:00,2026-08-22T03:00:00+00:00,STORMS,EXPERIMENTAL,DEVELOPMENTAL MULTIMODEL SIGNAL - NOT CALIBRATED PROBABILITY,PUBLIC OPEN-DATA SERVICES,INDEPENDENT PROJECT - NOT AN OFFICIAL RHMZ WARNING PRODUCT
80209,KIKINDA,KIKINDA,КИКИНДА,0.0,0.0,0.0,0.0,0.0,12.814842353102406,66.9000015258789,11,51,2026-08-22T03:00:00Z,2026-08-20T00:00:00Z,0.0,0.0,181.1,57.4,0.0,9.5,11,,0.0,0.0,0.0,,,,0.0,2,0.0,0,0,0,0,GREEN,БЕЗ ЗНАЧАЈНОГ РИЗИКА,NO SIGNIFICANT RISK,MODERATE,ECMWF ENS,ECMWF ENS | GEFS,0.0,2,0.0,0,0,0,0,GREEN,БЕЗ ЗНАЧАЈНОГ РИЗИКА,NO SIGNIFICANT RISK,MODERATE,ECMWF ENS,ECMWF ENS | GEFS,0.0,2,0.0,0,0,0,0,GREEN,БЕЗ ЗНАЧАЈНОГ РИЗИКА,NO SIGNIFICANT RISK,MODERATE,ECMWF ENS,ECMWF ENS | GEFS,0.0,2,0.0,0,0,0,0,GREEN,БЕЗ ЗНАЧАЈНОГ РИЗИКА,NO SIGNIFICANT RISK,MODERATE,ECMWF ENS,ECMWF ENS | GEFS,0,GREEN,БЕЗ ЗНАЧАЈНОГ РИЗИКА,NO SIGNIFICANT RISK,NONE,MODERATE,21,2026-08-21T06:00:00+00:00,2026-08-22T03:00:00+00:00,STORMS,EXPERIMENTAL,DEVELOPMENTAL MULTIMODEL SIGNAL - NOT CALIBRATED PROBABILITY,PUBLIC OPEN-DATA SERVICES,INDEPENDENT PROJECT - NOT AN OFFICIAL RHMZ WARNING PRODUCT
70572,KLADOVO,KLADOVO,КЛАДОВО,0.0,0.0,0.0,0.0,0.0,10.95758998339624,61.5,10,51,2026-08-22T03:00:00Z,2026-08-20T00:00:00Z,0.0,0.0,0.0,56.9,0.0,6.5,10,,0.0,0.0,0.0,,,,0.0,2,0.0,0,0,0,0,GREEN,БЕЗ ЗНАЧАЈНОГ РИЗИКА,NO SIGNIFICANT RISK,MODERATE,ECMWF ENS,ECMWF ENS | GEFS,0.0,2,0.0,0,0,0,0,GREEN,БЕЗ ЗНАЧАЈНОГ РИЗИКА,NO SIGNIFICANT RISK,MODERATE,ECMWF ENS,ECMWF ENS | GEFS,0.0,2,0.0,0,0,0,0,GREEN,БЕЗ ЗНАЧАЈНОГ РИЗИКА,NO SIGNIFICANT RISK,MODERATE,ECMWF ENS,ECMWF ENS | GEFS,0.0,2,0.0,0,0,0,0,GREEN,БЕЗ ЗНАЧАЈНОГ РИЗИКА,NO SIGNIFICANT RISK,MODERATE,ECMWF ENS,ECMWF ENS | GEFS,0,GREEN,БЕЗ ЗНАЧАЈНОГ РИЗИКА,NO SIGNIFICANT RISK,NONE,MODERATE,21,2026-08-21T06:00:00+00:00,2026-08-22T03:00:00+00:00,STORMS,EXPERIMENTAL,DEVELOPMENTAL MULTIMODEL SIGNAL - NOT CALIBRATED PROBABILITY,PUBLIC OPEN-DATA SERVICES,INDEPENDENT PROJECT - NOT AN OFFICIAL RHMZ WARNING PRODUCT
90123,KLINA,KLINA,КЛИНА,0.0,0.0,0.0,0.0,0.0,8.32577850034911,57.2331428527832,8,51,2026-08-22T03:00:00Z,2026-08-20T00:00:00Z,0.0,0.0,0.0,55.2,0.0,6.8,8,,0.0,0.0,0.0,,,,0.0,2,0.0,0,0,0,0,GREEN,БЕЗ ЗНАЧАЈНОГ РИЗИКА,NO SIGNIFICANT RISK,MODERATE,ECMWF ENS,ECMWF ENS | GEFS,0.0,2,0.0,0,0,0,0,GREEN,БЕЗ ЗНАЧАЈНОГ РИЗИКА,NO SIGNIFICANT RISK,MODERATE,ECMWF ENS,ECMWF ENS | GEFS,0.0,2,0.0,0,0,0,0,GREEN,БЕЗ ЗНАЧАЈНОГ РИЗИКА,NO SIGNIFICANT RISK,MODERATE,ECMWF ENS,ECMWF ENS | GEFS,0.0,2,0.0,0,0,0,0,GREEN,БЕЗ ЗНАЧАЈНОГ РИЗИКА,NO SIGNIFICANT RISK,MODERATE,ECMWF ENS,ECMWF ENS | GEFS,0,GREEN,БЕЗ ЗНАЧАЈНОГ РИЗИКА,NO SIGNIFICANT RISK,NONE,MODERATE,21,2026-08-21T06:00:00+00:00,2026-08-22T03:00:00+00:00,STORMS,EXPERIMENTAL,DEVELOPMENTAL MULTIMODEL SIGNAL - NOT CALIBRATED PROBABILITY,PUBLIC OPEN-DATA SERVICES,INDEPENDENT PROJECT - NOT AN OFFICIAL RHMZ WARNING PRODUCT
70599,KNIĆ,KNIĆ,КНИЋ,0.0,0.0,0.0,0.0,0.0,15.712321017300342,59.35489082336426,9,51,2026-08-22T03:00:00Z,2026-08-20T00:00:00Z,0.0,0.0,0.0,61.4,0.0,12.7,9,,0.0,0.0,0.0,,,,0.0,2,0.0,0,0,0,0,GREEN,БЕЗ ЗНАЧАЈНОГ РИЗИКА,NO SIGNIFICANT RISK,MODERATE,ECMWF ENS,ECMWF ENS | GEFS,0.0,2,0.0,0,0,0,0,GREEN,БЕЗ ЗНАЧАЈНОГ РИЗИКА,NO SIGNIFICANT RISK,MODERATE,ECMWF ENS,ECMWF ENS | GEFS,0.0,2,0.0,0,0,0,0,GREEN,БЕЗ ЗНАЧАЈНОГ РИЗИКА,NO SIGNIFICANT RISK,MODERATE,ECMWF ENS,ECMWF ENS | GEFS,0.0,2,0.0,0,0,0,0,GREEN,БЕЗ ЗНАЧАЈНОГ РИЗИКА,NO SIGNIFICANT RISK,MODERATE,ECMWF ENS,ECMWF ENS | GEFS,0,GREEN,БЕЗ ЗНАЧАЈНОГ РИЗИКА,NO SIGNIFICANT RISK,NONE,MODERATE,21,2026-08-21T06:00:00+00:00,2026-08-22T03:00:00+00:00,STORMS,EXPERIMENTAL,DEVELOPMENTAL MULTIMODEL SIGNAL - NOT CALIBRATED PROBABILITY,PUBLIC OPEN-DATA SERVICES,INDEPENDENT PROJECT - NOT AN OFFICIAL RHMZ WARNING PRODUCT
80217,KOVAČICA,KOVAČICA,КОВАЧИЦА,0.0,0.0,0.0,0.0,0.0,14.181854819485451,63.28008842468262,7,51,2026-08-22T03:00:00Z,2026-08-20T00:00:00Z,0.0,0.0,0.0,62.8,0.0,9.1,7,,0.0,0.0,0.0,,,,0.0,2,0.0,0,0,0,0,GREEN,БЕЗ ЗНАЧАЈНОГ РИЗИКА,NO SIGNIFICANT RISK,MODERATE,ECMWF ENS,ECMWF ENS | GEFS,0.0,2,0.0,0,0,0,0,GREEN,БЕЗ ЗНАЧАЈНОГ РИЗИКА,NO SIGNIFICANT RISK,MODERATE,ECMWF ENS,ECMWF ENS | GEFS,0.0,2,0.0,0,0,0,0,GREEN,БЕЗ ЗНАЧАЈНОГ РИЗИКА,NO SIGNIFICANT RISK,MODERATE,ECMWF ENS,ECMWF ENS | GEFS,0.0,2,0.0,0,0,0,0,GREEN,БЕЗ ЗНАЧАЈНОГ РИЗИКА,NO SIGNIFICANT RISK,MODERATE,ECMWF ENS,ECMWF ENS | GEFS,0,GREEN,БЕЗ ЗНАЧАЈНОГ РИЗИКА,NO SIGNIFICANT RISK,NONE,MODERATE,21,2026-08-21T06:00:00+00:00,2026-08-22T03:00:00+00:00,STORMS,EXPERIMENTAL,DEVELOPMENTAL MULTIMODEL SIGNAL - NOT CALIBRATED PROBABILITY,PUBLIC OPEN-DATA SERVICES,INDEPENDENT PROJECT - NOT AN OFFICIAL RHMZ WARNING PRODUCT
80225,KOVIN,KOVIN,КОВИН,0.0,0.0,0.0,0.0,0.0,15.890411413664731,62.66298294067383,11,51,2026-08-22T03:00:00Z,2026-08-20T00:00:00Z,0.0,0.0,0.0,64.6,0.0,11.9,11,,0.0,0.0,0.0,,,,0.0,2,0.0,0,0,0,0,GREEN,БЕЗ ЗНАЧАЈНОГ РИЗИКА,NO SIGNIFICANT RISK,MODERATE,ECMWF ENS,ECMWF ENS | GEFS,0.0,2,0.0,0,0,0,0,GREEN,БЕЗ ЗНАЧАЈНОГ РИЗИКА,NO SIGNIFICANT RISK,MODERATE,ECMWF ENS,ECMWF ENS | GEFS,0.0,2,0.0,0,0,0,0,GREEN,БЕЗ ЗНАЧАЈНОГ РИЗИКА,NO SIGNIFICANT RISK,MODERATE,ECMWF ENS,ECMWF ENS | GEFS,0.0,2,0.0,0,0,0,0,GREEN,БЕЗ ЗНАЧАЈНОГ РИЗИКА,NO SIGNIFICANT RISK,MODERATE,ECMWF ENS,ECMWF ENS | GEFS,0,GREEN,БЕЗ ЗНАЧАЈНОГ РИЗИКА,NO SIGNIFICANT RISK,NONE,MODERATE,21,2026-08-21T06:00:00+00:00,2026-08-22T03:00:00+00:00,STORMS,EXPERIMENTAL,DEVELOPMENTAL MULTIMODEL SIGNAL - NOT CALIBRATED PROBABILITY,PUBLIC OPEN-DATA SERVICES,INDEPENDENT PROJECT - NOT AN OFFICIAL RHMZ WARNING PRODUCT
70629,KOSJERIĆ,KOSJERIĆ,КОСЈЕРИЋ,0.0,0.0,0.0,0.0,0.0,13.81667516180787,62.107852935791016,9,51,2026-08-22T03:00:00Z,2026-08-20T00:00:00Z,0.0,0.0,0.0,57.7,0.0,9.1,9,,0.0,0.0,0.0,,,,0.0,2,0.0,0,0,0,0,GREEN,БЕЗ ЗНАЧАЈНОГ РИЗИКА,NO SIGNIFICANT RISK,MODERATE,ECMWF ENS,ECMWF ENS | GEFS,0.0,2,0.0,0,0,0,0,GREEN,БЕЗ ЗНАЧАЈНОГ РИЗИКА,NO SIGNIFICANT RISK,MODERATE,ECMWF ENS,ECMWF ENS | GEFS,0.0,2,0.0,0,0,0,0,GREEN,БЕЗ ЗНАЧАЈНОГ РИЗИКА,NO SIGNIFICANT RISK,MODERATE,ECMWF ENS,ECMWF ENS | GEFS,0.0,2,0.0,0,0,0,0,GREEN,БЕЗ ЗНАЧАЈНОГ РИЗИКА,NO SIGNIFICANT RISK,MODERATE,ECMWF ENS,ECMWF ENS | GEFS,0,GREEN,БЕЗ ЗНАЧАЈНОГ РИЗИКА,NO SIGNIFICANT RISK,NONE,MODERATE,21,2026-08-21T06:00:00+00:00,2026-08-22T03:00:00+00:00,STORMS,EXPERIMENTAL,DEVELOPMENTAL MULTIMODEL SIGNAL - NOT CALIBRATED PROBABILITY,PUBLIC OPEN-DATA SERVICES,INDEPENDENT PROJECT - NOT AN OFFICIAL RHMZ WARNING PRODUCT
90131,KOSOVO POLJE,KOSOVO POLJE,КОСОВО ПОЉЕ,0.0,0.0,0.0,0.0,0.0,8.277347105119777,58.84470653533936,6,51,2026-08-22T03:00:00Z,2026-08-20T00:00:00Z,0.0,0.0,0.0,49.1,0.0,6.0,6,,0.0,0.0,0.0,,,,0.0,2,0.0,0,0,0,0,GREEN,БЕЗ ЗНАЧАЈНОГ РИЗИКА,NO SIGNIFICANT RISK,MODERATE,ECMWF ENS,ECMWF ENS | GEFS,0.0,2,0.0,0,0,0,0,GREEN,БЕЗ ЗНАЧАЈНОГ РИЗИКА,NO SIGNIFICANT RISK,MODERATE,ECMWF ENS,ECMWF ENS | GEFS,0.0,2,0.0,0,0,0,0,GREEN,БЕЗ ЗНАЧАЈНОГ РИЗИКА,NO SIGNIFICANT RISK,MODERATE,ECMWF ENS,ECMWF ENS | GEFS,0.0,2,0.0,0,0,0,0,GREEN,БЕЗ ЗНАЧАЈНОГ РИЗИКА,NO SIGNIFICANT RISK,MODERATE,ECMWF ENS,ECMWF ENS | GEFS,0,GREEN,БЕЗ ЗНАЧАЈНОГ РИЗИКА,NO SIGNIFICANT RISK,NONE,MODERATE,21,2026-08-21T06:00:00+00:00,2026-08-22T03:00:00+00:00,STORMS,EXPERIMENTAL,DEVELOPMENTAL MULTIMODEL SIGNAL - NOT CALIBRATED PROBABILITY,PUBLIC OPEN-DATA SERVICES,INDEPENDENT PROJECT - NOT AN OFFICIAL RHMZ WARNING PRODUCT
90140,KOSOVSKA KAMENICA,KOSOVSKA KAMENICA,КОСОВСКА КАМЕНИЦА,0.0,0.0,0.0,0.0,0.0,8.066454308098464,59.54999923706055,8,51,2026-08-22T03:00:00Z,2026-08-20T00:00:00Z,0.0,0.0,0.0,35.3,0.0,4.3,8,,0.0,0.0,0.0,,,,0.0,2,0.0,0,0,0,0,GREEN,БЕЗ ЗНАЧАЈНОГ РИЗИКА,NO SIGNIFICANT RISK,MODERATE,ECMWF ENS,ECMWF ENS | GEFS,0.0,2,0.0,0,0,0,0,GREEN,БЕЗ ЗНАЧАЈНОГ РИЗИКА,NO SIGNIFICANT RISK,MODERATE,ECMWF ENS,ECMWF ENS | GEFS,0.0,2,0.0,0,0,0,0,GREEN,БЕЗ ЗНАЧАЈНОГ РИЗИКА,NO SIGNIFICANT RISK,MODERATE,ECMWF ENS,ECMWF ENS | GEFS,0.0,2,0.0,0,0,0,0,GREEN,БЕЗ ЗНАЧАЈНОГ РИЗИКА,NO SIGNIFICANT RISK,MODERATE,ECMWF ENS,ECMWF ENS | GEFS,0,GREEN,БЕЗ ЗНАЧАЈНОГ РИЗИКА,NO SIGNIFICANT RISK,NONE,MODERATE,21,2026-08-21T06:00:00+00:00,2026-08-22T03:00:00+00:00,STORMS,EXPERIMENTAL,DEVELOPMENTAL MULTIMODEL SIGNAL - NOT CALIBRATED PROBABILITY,PUBLIC OPEN-DATA SERVICES,INDEPENDENT PROJECT - NOT AN OFFICIAL RHMZ WARNING PRODUCT
90298,KOSOVSKA MITROVICA,KOSOVSKA MITROVICA,КОСОВСКА МИТРОВИЦА,0.0,0.0,0.0,0.0,0.0,12.27126706749197,58.93008804321289,9,51,2026-08-22T03:00:00Z,2026-08-20T00:00:00Z,0.0,0.0,0.0,46.2,0.0,8.0,9,,0.0,0.0,0.0,,,,0.0,2,0.0,0,0,0,0,GREEN,БЕЗ ЗНАЧАЈНОГ РИЗИКА,NO SIGNIFICANT RISK,MODERATE,ECMWF ENS,ECMWF ENS | GEFS,0.0,2,0.0,0,0,0,0,GREEN,БЕЗ ЗНАЧАЈНОГ РИЗИКА,NO SIGNIFICANT RISK,MODERATE,ECMWF ENS,ECMWF ENS | GEFS,0.0,2,0.0,0,0,0,0,GREEN,БЕЗ ЗНАЧАЈНОГ РИЗИКА,NO SIGNIFICANT RISK,MODERATE,ECMWF ENS,ECMWF ENS | GEFS,0.0,2,0.0,0,0,0,0,GREEN,БЕЗ ЗНАЧАЈНОГ РИЗИКА,NO SIGNIFICANT RISK,MODERATE,ECMWF ENS,ECMWF ENS | GEFS,0,GREEN,БЕЗ ЗНАЧАЈНОГ РИЗИКА,NO SIGNIFICANT RISK,NONE,MODERATE,21,2026-08-21T06:00:00+00:00,2026-08-22T03:00:00+00:00,STORMS,EXPERIMENTAL,DEVELOPMENTAL MULTIMODEL SIGNAL - NOT CALIBRATED PROBABILITY,PUBLIC OPEN-DATA SERVICES,INDEPENDENT PROJECT - NOT AN OFFICIAL RHMZ WARNING PRODUCT
70637,KOCELJEVA,KOCELJEVA,КОЦЕЉЕВА,0.0,0.0,0.0,0.0,0.0,13.287353347368416,67.11431121826172,8,51,2026-08-22T03:00:00Z,2026-08-20T00:00:00Z,0.0,0.0,0.0,58.1,0.0,8.7,8,,0.0,0.0,0.0,,,,0.0,2,0.0,0,0,0,0,GREEN,БЕЗ ЗНАЧАЈНОГ РИЗИКА,NO SIGNIFICANT RISK,MODERATE,ECMWF ENS,ECMWF ENS | GEFS,0.0,2,0.0,0,0,0,0,GREEN,БЕЗ ЗНАЧАЈНОГ РИЗИКА,NO SIGNIFICANT RISK,MODERATE,ECMWF ENS,ECMWF ENS | GEFS,0.0,2,0.0,0,0,0,0,GREEN,БЕЗ ЗНАЧАЈНОГ РИЗИКА,NO SIGNIFICANT RISK,MODERATE,ECMWF ENS,ECMWF ENS | GEFS,0.0,2,0.0,0,0,0,0,GREEN,БЕЗ ЗНАЧАЈНОГ РИЗИКА,NO SIGNIFICANT RISK,MODERATE,ECMWF ENS,ECMWF ENS | GEFS,0,GREEN,БЕЗ ЗНАЧАЈНОГ РИЗИКА,NO SIGNIFICANT RISK,NONE,MODERATE,21,2026-08-21T06:00:00+00:00,2026-08-22T03:00:00+00:00,STORMS,EXPERIMENTAL,DEVELOPMENTAL MULTIMODEL SIGNAL - NOT CALIBRATED PROBABILITY,PUBLIC OPEN-DATA SERVICES,INDEPENDENT PROJECT - NOT AN OFFICIAL RHMZ WARNING PRODUCT
70653,KRALJEVO-GRAD,KRALJEVO-GRAD,КРАЉЕВО-ГРАД,0.0,0.0,0.0,0.0,0.0,15.712321017300342,59.20000076293945,15,51,2026-08-22T03:00:00Z,2026-08-20T00:00:00Z,0.0,0.0,0.0,60.2,0.0,11.7,15,,0.0,0.0,0.0,,,,0.0,2,0.0,0,0,0,0,GREEN,БЕЗ ЗНАЧАЈНОГ РИЗИКА,NO SIGNIFICANT RISK,MODERATE,ECMWF ENS,ECMWF ENS | GEFS,0.0,2,0.0,0,0,0,0,GREEN,БЕЗ ЗНАЧАЈНОГ РИЗИКА,NO SIGNIFICANT RISK,MODERATE,ECMWF ENS,ECMWF ENS | GEFS,0.0,2,0.0,0,0,0,0,GREEN,БЕЗ ЗНАЧАЈНОГ РИЗИКА,NO SIGNIFICANT RISK,MODERATE,ECMWF ENS,ECMWF ENS | GEFS,0.0,2,0.0,0,0,0,0,GREEN,БЕЗ ЗНАЧАЈНОГ РИЗИКА,NO SIGNIFICANT RISK,MODERATE,ECMWF ENS,ECMWF ENS | GEFS,0,GREEN,БЕЗ ЗНАЧАЈНОГ РИЗИКА,NO SIGNIFICANT RISK,NONE,MODERATE,21,2026-08-21T06:00:00+00:00,2026-08-22T03:00:00+00:00,STORMS,EXPERIMENTAL,DEVELOPMENTAL MULTIMODEL SIGNAL - NOT CALIBRATED PROBABILITY,PUBLIC OPEN-DATA SERVICES,INDEPENDENT PROJECT - NOT AN OFFICIAL RHMZ WARNING PRODUCT
70645,KRAGUJEVAC-GRAD,KRAGUJEVAC-GRAD,КРАГУЈЕВАЦ-ГРАД,0.0,0.0,0.0,0.0,0.0,15.82838650751095,59.75,11,51,2026-08-22T03:00:00Z,2026-08-20T00:00:00Z,0.0,0.0,0.0,61.4,0.0,12.7,11,,0.0,0.0,0.0,,,,0.0,2,0.0,0,0,0,0,GREEN,БЕЗ ЗНАЧАЈНОГ РИЗИКА,NO SIGNIFICANT RISK,MODERATE,ECMWF ENS,ECMWF ENS | GEFS,0.0,2,0.0,0,0,0,0,GREEN,БЕЗ ЗНАЧАЈНОГ РИЗИКА,NO SIGNIFICANT RISK,MODERATE,ECMWF ENS,ECMWF ENS | GEFS,0.0,2,0.0,0,0,0,0,GREEN,БЕЗ ЗНАЧАЈНОГ РИЗИКА,NO SIGNIFICANT RISK,MODERATE,ECMWF ENS,ECMWF ENS | GEFS,0.0,2,0.0,0,0,0,0,GREEN,БЕЗ ЗНАЧАЈНОГ РИЗИКА,NO SIGNIFICANT RISK,MODERATE,ECMWF ENS,ECMWF ENS | GEFS,0,GREEN,БЕЗ ЗНАЧАЈНОГ РИЗИКА,NO SIGNIFICANT RISK,NONE,MODERATE,21,2026-08-21T06:00:00+00:00,2026-08-22T03:00:00+00:00,STORMS,EXPERIMENTAL,DEVELOPMENTAL MULTIMODEL SIGNAL - NOT CALIBRATED PROBABILITY,PUBLIC OPEN-DATA SERVICES,INDEPENDENT PROJECT - NOT AN OFFICIAL RHMZ WARNING PRODUCT
70661,KRUPANJ,KRUPANJ,КРУПАЊ,0.0,0.0,0.0,0.0,0.0,12.902994264797323,67.11431121826172,8,51,2026-08-22T03:00:00Z,2026-08-20T00:00:00Z,0.0,0.0,0.0,58.0,0.0,7.3,8,,0.0,0.0,0.0,,,,0.0,2,0.0,0,0,0,0,GREEN,БЕЗ ЗНАЧАЈНОГ РИЗИКА,NO SIGNIFICANT RISK,MODERATE,ECMWF ENS,ECMWF ENS | GEFS,0.0,2,0.0,0,0,0,0,GREEN,БЕЗ ЗНАЧАЈНОГ РИЗИКА,NO SIGNIFICANT RISK,MODERATE,ECMWF ENS,ECMWF ENS | GEFS,0.0,2,0.0,0,0,0,0,GREEN,БЕЗ ЗНАЧАЈНОГ РИЗИКА,NO SIGNIFICANT RISK,MODERATE,ECMWF ENS,ECMWF ENS | GEFS,0.0,2,0.0,0,0,0,0,GREEN,БЕЗ ЗНАЧАЈНОГ РИЗИКА,NO SIGNIFICANT RISK,MODERATE,ECMWF ENS,ECMWF ENS | GEFS,0,GREEN,БЕЗ ЗНАЧАЈНОГ РИЗИКА,NO SIGNIFICANT RISK,NONE,MODERATE,21,2026-08-21T06:00:00+00:00,2026-08-22T03:00:00+00:00,STORMS,EXPERIMENTAL,DEVELOPMENTAL MULTIMODEL SIGNAL - NOT CALIBRATED PROBABILITY,PUBLIC OPEN-DATA SERVICES,INDEPENDENT PROJECT - NOT AN OFFICIAL RHMZ WARNING PRODUCT
70670,KRUŠEVAC-GRAD,KRUŠEVAC-GRAD,КРУШЕВАЦ-ГРАД,0.0,0.0,0.0,0.0,0.0,14.467735369219582,60.70684814453125,12,51,2026-08-22T03:00:00Z,2026-08-20T00:00:00Z,0.0,0.0,0.0,53.4,0.0,10.2,12,,0.0,0.0,0.0,,,,0.0,2,0.0,0,0,0,0,GREEN,БЕЗ ЗНАЧАЈНОГ РИЗИКА,NO SIGNIFICANT RISK,MODERATE,ECMWF ENS,ECMWF ENS | GEFS,0.0,2,0.0,0,0,0,0,GREEN,БЕЗ ЗНАЧАЈНОГ РИЗИКА,NO SIGNIFICANT RISK,MODERATE,ECMWF ENS,ECMWF ENS | GEFS,0.0,2,0.0,0,0,0,0,GREEN,БЕЗ ЗНАЧАЈНОГ РИЗИКА,NO SIGNIFICANT RISK,MODERATE,ECMWF ENS,ECMWF ENS | GEFS,0.0,2,0.0,0,0,0,0,GREEN,БЕЗ ЗНАЧАЈНОГ РИЗИКА,NO SIGNIFICANT RISK,MODERATE,ECMWF ENS,ECMWF ENS | GEFS,0,GREEN,БЕЗ ЗНАЧАЈНОГ РИЗИКА,NO SIGNIFICANT RISK,NONE,MODERATE,21,2026-08-21T06:00:00+00:00,2026-08-22T03:00:00+00:00,STORMS,EXPERIMENTAL,DEVELOPMENTAL MULTIMODEL SIGNAL - NOT CALIBRATED PROBABILITY,PUBLIC OPEN-DATA SERVICES,INDEPENDENT PROJECT - NOT AN OFFICIAL RHMZ WARNING PRODUCT
80233,KULA,KULA,КУЛА,0.0,0.0,0.0,0.0,0.0,12.4172828756936,69.0999984741211,8,51,2026-08-22T03:00:00Z,2026-08-20T00:00:00Z,0.0,0.0,285.8,62.3,0.0,9.5,8,,0.0,0.0,0.0,,,,0.0,2,0.0,0,0,0,0,GREEN,БЕЗ ЗНАЧАЈНОГ РИЗИКА,NO SIGNIFICANT RISK,MODERATE,ECMWF ENS,ECMWF ENS | GEFS,0.0,2,0.0,0,0,0,0,GREEN,БЕЗ ЗНАЧАЈНОГ РИЗИКА,NO SIGNIFICANT RISK,MODERATE,ECMWF ENS,ECMWF ENS | GEFS,0.0,2,0.0,0,0,0,0,GREEN,БЕЗ ЗНАЧАЈНОГ РИЗИКА,NO SIGNIFICANT RISK,MODERATE,ECMWF ENS,ECMWF ENS | GEFS,0.0,2,0.0,0,0,0,0,GREEN,БЕЗ ЗНАЧАЈНОГ РИЗИКА,NO SIGNIFICANT RISK,MODERATE,ECMWF ENS,ECMWF ENS | GEFS,0,GREEN,БЕЗ ЗНАЧАЈНОГ РИЗИКА,NO SIGNIFICANT RISK,NONE,MODERATE,21,2026-08-21T06:00:00+00:00,2026-08-22T03:00:00+00:00,STORMS,EXPERIMENTAL,DEVELOPMENTAL MULTIMODEL SIGNAL - NOT CALIBRATED PROBABILITY,PUBLIC OPEN-DATA SERVICES,INDEPENDENT PROJECT - NOT AN OFFICIAL RHMZ WARNING PRODUCT
70688,KURŠUMLIJA,KURŠUMLIJA,КУРШУМЛИЈА,0.0,0.0,0.0,0.0,0.0,12.510166594859076,60.70684814453125,11,51,2026-08-22T03:00:00Z,2026-08-20T00:00:00Z,0.0,0.0,0.0,53.3,0.0,7.5,11,,0.0,0.0,0.0,,,,0.0,2,0.0,0,0,0,0,GREEN,БЕЗ ЗНАЧАЈНОГ РИЗИКА,NO SIGNIFICANT RISK,MODERATE,ECMWF ENS,ECMWF ENS | GEFS,0.0,2,0.0,0,0,0,0,GREEN,БЕЗ ЗНАЧАЈНОГ РИЗИКА,NO SIGNIFICANT RISK,MODERATE,ECMWF ENS,ECMWF ENS | GEFS,0.0,2,0.0,0,0,0,0,GREEN,БЕЗ ЗНАЧАЈНОГ РИЗИКА,NO SIGNIFICANT RISK,MODERATE,ECMWF ENS,ECMWF ENS | GEFS,0.0,2,0.0,0,0,0,0,GREEN,БЕЗ ЗНАЧАЈНОГ РИЗИКА,NO SIGNIFICANT RISK,MODERATE,ECMWF ENS,ECMWF ENS | GEFS,0,GREEN,БЕЗ ЗНАЧАЈНОГ РИЗИКА,NO SIGNIFICANT RISK,NONE,MODERATE,21,2026-08-21T06:00:00+00:00,2026-08-22T03:00:00+00:00,STORMS,EXPERIMENTAL,DEVELOPMENTAL MULTIMODEL SIGNAL - NOT CALIBRATED PROBABILITY,PUBLIC OPEN-DATA SERVICES,INDEPENDENT PROJECT - NOT AN OFFICIAL RHMZ WARNING PRODUCT
70696,KUČEVO,KUČEVO,КУЧЕВО,0.0,0.0,0.0,0.0,0.0,15.103139371457102,60.5,11,51,2026-08-22T03:00:00Z,2026-08-20T00:00:00Z,0.0,0.0,0.0,57.8,0.0,13.1,11,,0.0,0.0,0.0,,,,0.0,2,0.0,0,0,0,0,GREEN,БЕЗ ЗНАЧАЈНОГ РИЗИКА,NO SIGNIFICANT RISK,MODERATE,ECMWF ENS,ECMWF ENS | GEFS,0.0,2,0.0,0,0,0,0,GREEN,БЕЗ ЗНАЧАЈНОГ РИЗИКА,NO SIGNIFICANT RISK,MODERATE,ECMWF ENS,ECMWF ENS | GEFS,0.0,2,0.0,0,0,0,0,GREEN,БЕЗ ЗНАЧАЈНОГ РИЗИКА,NO SIGNIFICANT RISK,MODERATE,ECMWF ENS,ECMWF ENS | GEFS,0.0,2,0.0,0,0,0,0,GREEN,БЕЗ ЗНАЧАЈНОГ РИЗИКА,NO SIGNIFICANT RISK,MODERATE,ECMWF ENS,ECMWF ENS | GEFS,0,GREEN,БЕЗ ЗНАЧАЈНОГ РИЗИКА,NO SIGNIFICANT RISK,NONE,MODERATE,21,2026-08-21T06:00:00+00:00,2026-08-22T03:00:00+00:00,STORMS,EXPERIMENTAL,DEVELOPMENTAL MULTIMODEL SIGNAL - NOT CALIBRATED PROBABILITY,PUBLIC OPEN-DATA SERVICES,INDEPENDENT PROJECT - NOT AN OFFICIAL RHMZ WARNING PRODUCT
70700,LAJKOVAC,LAJKOVAC,ЛАЈКОВАЦ,0.0,0.0,0.0,0.0,0.0,14.549343118700165,60.88008880615234,6,51,2026-08-22T03:00:00Z,2026-08-20T00:00:00Z,0.0,0.0,0.0,62.4,0.0,11.3,6,,0.0,0.0,0.0,,,,0.0,2,0.0,0,0,0,0,GREEN,БЕЗ ЗНАЧАЈНОГ РИЗИКА,NO SIGNIFICANT RISK,MODERATE,ECMWF ENS,ECMWF ENS | GEFS,0.0,2,0.0,0,0,0,0,GREEN,БЕЗ ЗНАЧАЈНОГ РИЗИКА,NO SIGNIFICANT RISK,MODERATE,ECMWF ENS,ECMWF ENS | GEFS,0.0,2,0.0,0,0,0,0,GREEN,БЕЗ ЗНАЧАЈНОГ РИЗИКА,NO SIGNIFICANT RISK,MODERATE,ECMWF ENS,ECMWF ENS | GEFS,0.0,2,0.0,0,0,0,0,GREEN,БЕЗ ЗНАЧАЈНОГ РИЗИКА,NO SIGNIFICANT RISK,MODERATE,ECMWF ENS,ECMWF ENS | GEFS,0,GREEN,БЕЗ ЗНАЧАЈНОГ РИЗИКА,NO SIGNIFICANT RISK,NONE,MODERATE,21,2026-08-21T06:00:00+00:00,2026-08-22T03:00:00+00:00,STORMS,EXPERIMENTAL,DEVELOPMENTAL MULTIMODEL SIGNAL - NOT CALIBRATED PROBABILITY,PUBLIC OPEN-DATA SERVICES,INDEPENDENT PROJECT - NOT AN OFFICIAL RHMZ WARNING PRODUCT
71277,LAPOVO,LAPOVO,ЛАПОВО,0.0,0.0,0.0,0.0,0.0,15.82838650751095,59.75,5,51,2026-08-22T03:00:00Z,2026-08-20T00:00:00Z,0.0,0.0,0.0,61.9,0.0,13.2,5,,0.0,0.0,0.0,,,,0.0,2,0.0,0,0,0,0,GREEN,БЕЗ ЗНАЧАЈНОГ РИЗИКА,NO SIGNIFICANT RISK,MODERATE,ECMWF ENS,ECMWF ENS | GEFS,0.0,2,0.0,0,0,0,0,GREEN,БЕЗ ЗНАЧАЈНОГ РИЗИКА,NO SIGNIFICANT RISK,MODERATE,ECMWF ENS,ECMWF ENS | GEFS,0.0,2,0.0,0,0,0,0,GREEN,БЕЗ ЗНАЧАЈНОГ РИЗИКА,NO SIGNIFICANT RISK,MODERATE,ECMWF ENS,ECMWF ENS | GEFS,0.0,2,0.0,0,0,0,0,GREEN,БЕЗ ЗНАЧАЈНОГ РИЗИКА,NO SIGNIFICANT RISK,MODERATE,ECMWF ENS,ECMWF ENS | GEFS,0,GREEN,БЕЗ ЗНАЧАЈНОГ РИЗИКА,NO SIGNIFICANT RISK,NONE,MODERATE,21,2026-08-21T06:00:00+00:00,2026-08-22T03:00:00+00:00,STORMS,EXPERIMENTAL,DEVELOPMENTAL MULTIMODEL SIGNAL - NOT CALIBRATED PROBABILITY,PUBLIC OPEN-DATA SERVICES,INDEPENDENT PROJECT - NOT AN OFFICIAL RHMZ WARNING PRODUCT
70718,LEBANE,LEBANE,ЛЕБАНЕ,0.0,0.0,0.0,0.0,0.0,11.157446687166686,59.59999847412109,8,51,2026-08-22T03:00:00Z,2026-08-20T00:00:00Z,0.0,0.0,0.0,38.0,0.0,6.5,8,,0.0,0.0,0.0,,,,0.0,2,0.0,0,0,0,0,GREEN,БЕЗ ЗНАЧАЈНОГ РИЗИКА,NO SIGNIFICANT RISK,MODERATE,ECMWF ENS,ECMWF ENS | GEFS,0.0,2,0.0,0,0,0,0,GREEN,БЕЗ ЗНАЧАЈНОГ РИЗИКА,NO SIGNIFICANT RISK,MODERATE,ECMWF ENS,ECMWF ENS | GEFS,0.0,2,0.0,0,0,0,0,GREEN,БЕЗ ЗНАЧАЈНОГ РИЗИКА,NO SIGNIFICANT RISK,MODERATE,ECMWF ENS,ECMWF ENS | GEFS,0.0,2,0.0,0,0,0,0,GREEN,БЕЗ ЗНАЧАЈНОГ РИЗИКА,NO SIGNIFICANT RISK,MODERATE,ECMWF ENS,ECMWF ENS | GEFS,0,GREEN,БЕЗ ЗНАЧАЈНОГ РИЗИКА,NO SIGNIFICANT RISK,NONE,MODERATE,21,2026-08-21T06:00:00+00:00,2026-08-22T03:00:00+00:00,STORMS,EXPERIMENTAL,DEVELOPMENTAL MULTIMODEL SIGNAL - NOT CALIBRATED PROBABILITY,PUBLIC OPEN-DATA SERVICES,INDEPENDENT PROJECT - NOT AN OFFICIAL RHMZ WARNING PRODUCT
90158,LEPOSAVIĆ,LEPOSAVIĆ,ЛЕПОСАВИЋ,0.0,0.0,0.0,0.0,0.0,12.27126706749197,58.93008804321289,7,51,2026-08-22T03:00:00Z,2026-08-20T00:00:00Z,0.0,0.0,0.0,58.1,0.0,6.9,7,,0.0,0.0,0.0,,,,0.0,2,0.0,0,0,0,0,GREEN,БЕЗ ЗНАЧАЈНОГ РИЗИКА,NO SIGNIFICANT RISK,MODERATE,ECMWF ENS,ECMWF ENS | GEFS,0.0,2,0.0,0,0,0,0,GREEN,БЕЗ ЗНАЧАЈНОГ РИЗИКА,NO SIGNIFICANT RISK,MODERATE,ECMWF ENS,ECMWF ENS | GEFS,0.0,2,0.0,0,0,0,0,GREEN,БЕЗ ЗНАЧАЈНОГ РИЗИКА,NO SIGNIFICANT RISK,MODERATE,ECMWF ENS,ECMWF ENS | GEFS,0.0,2,0.0,0,0,0,0,GREEN,БЕЗ ЗНАЧАЈНОГ РИЗИКА,NO SIGNIFICANT RISK,MODERATE,ECMWF ENS,ECMWF ENS | GEFS,0,GREEN,БЕЗ ЗНАЧАЈНОГ РИЗИКА,NO SIGNIFICANT RISK,NONE,MODERATE,21,2026-08-21T06:00:00+00:00,2026-08-22T03:00:00+00:00,STORMS,EXPERIMENTAL,DEVELOPMENTAL MULTIMODEL SIGNAL - NOT CALIBRATED PROBABILITY,PUBLIC OPEN-DATA SERVICES,INDEPENDENT PROJECT - NOT AN OFFICIAL RHMZ WARNING PRODUCT
70726,LESKOVAC-GRAD,LESKOVAC-GRAD,ЛЕСКОВАЦ-ГРАД,0.0,0.0,0.0,0.0,0.0,11.439943540103709,60.138394355773926,13,51,2026-08-22T03:00:00Z,2026-08-20T00:00:00Z,0.0,0.0,0.0,49.6,0.0,8.6,13,,0.0,0.0,0.0,,,,0.0,2,0.0,0,0,0,0,GREEN,БЕЗ ЗНАЧАЈНОГ РИЗИКА,NO SIGNIFICANT RISK,MODERATE,ECMWF ENS,ECMWF ENS | GEFS,0.0,2,0.0,0,0,0,0,GREEN,БЕЗ ЗНАЧАЈНОГ РИЗИКА,NO SIGNIFICANT RISK,MODERATE,ECMWF ENS,ECMWF ENS | GEFS,0.0,2,0.0,0,0,0,0,GREEN,БЕЗ ЗНАЧАЈНОГ РИЗИКА,NO SIGNIFICANT RISK,MODERATE,ECMWF ENS,ECMWF ENS | GEFS,0.0,2,0.0,0,0,0,0,GREEN,БЕЗ ЗНАЧАЈНОГ РИЗИКА,NO SIGNIFICANT RISK,MODERATE,ECMWF ENS,ECMWF ENS | GEFS,0,GREEN,БЕЗ ЗНАЧАЈНОГ РИЗИКА,NO SIGNIFICANT RISK,NONE,MODERATE,21,2026-08-21T06:00:00+00:00,2026-08-22T03:00:00+00:00,STORMS,EXPERIMENTAL,DEVELOPMENTAL MULTIMODEL SIGNAL - NOT CALIBRATED PROBABILITY,PUBLIC OPEN-DATA SERVICES,INDEPENDENT PROJECT - NOT AN OFFICIAL RHMZ WARNING PRODUCT
90166,LIPLJAN,LIPLJAN,ЛИПЉАН,0.0,0.0,0.0,0.0,0.0,8.106900547519079,59.10000038146973,9,51,2026-08-22T03:00:00Z,2026-08-20T00:00:00Z,0.0,0.0,0.0,43.0,0.0,4.7,9,,0.0,0.0,0.0,,,,0.0,2,0.0,0,0,0,0,GREEN,БЕЗ ЗНАЧАЈНОГ РИЗИКА,NO SIGNIFICANT RISK,MODERATE,ECMWF ENS,ECMWF ENS | GEFS,0.0,2,0.0,0,0,0,0,GREEN,БЕЗ ЗНАЧАЈНОГ РИЗИКА,NO SIGNIFICANT RISK,MODERATE,ECMWF ENS,ECMWF ENS | GEFS,0.0,2,0.0,0,0,0,0,GREEN,БЕЗ ЗНАЧАЈНОГ РИЗИКА,NO SIGNIFICANT RISK,MODERATE,ECMWF ENS,ECMWF ENS | GEFS,0.0,2,0.0,0,0,0,0,GREEN,БЕЗ ЗНАЧАЈНОГ РИЗИКА,NO SIGNIFICANT RISK,MODERATE,ECMWF ENS,ECMWF ENS | GEFS,0,GREEN,БЕЗ ЗНАЧАЈНОГ РИЗИКА,NO SIGNIFICANT RISK,NONE,MODERATE,21,2026-08-21T06:00:00+00:00,2026-08-22T03:00:00+00:00,STORMS,EXPERIMENTAL,DEVELOPMENTAL MULTIMODEL SIGNAL - NOT CALIBRATED PROBABILITY,PUBLIC OPEN-DATA SERVICES,INDEPENDENT PROJECT - NOT AN OFFICIAL RHMZ WARNING PRODUCT
70734,LOZNICA-GRAD,LOZNICA-GRAD,ЛОЗНИЦА-ГРАД,0.0,0.0,0.0,0.0,0.0,12.665500588734876,67.11431121826172,9,51,2026-08-22T03:00:00Z,2026-08-20T00:00:00Z,0.0,0.0,0.0,58.1,0.0,8.2,9,,0.0,0.0,0.0,,,,0.0,2,0.0,0,0,0,0,GREEN,БЕЗ ЗНАЧАЈНОГ РИЗИКА,NO SIGNIFICANT RISK,MODERATE,ECMWF ENS,ECMWF ENS | GEFS,0.0,2,0.0,0,0,0,0,GREEN,БЕЗ ЗНАЧАЈНОГ РИЗИКА,NO SIGNIFICANT RISK,MODERATE,ECMWF ENS,ECMWF ENS | GEFS,0.0,2,0.0,0,0,0,0,GREEN,БЕЗ ЗНАЧАЈНОГ РИЗИКА,NO SIGNIFICANT RISK,MODERATE,ECMWF ENS,ECMWF ENS | GEFS,0.0,2,0.0,0,0,0,0,GREEN,БЕЗ ЗНАЧАЈНОГ РИЗИКА,NO SIGNIFICANT RISK,MODERATE,ECMWF ENS,ECMWF ENS | GEFS,0,GREEN,БЕЗ ЗНАЧАЈНОГ РИЗИКА,NO SIGNIFICANT RISK,NONE,MODERATE,21,2026-08-21T06:00:00+00:00,2026-08-22T03:00:00+00:00,STORMS,EXPERIMENTAL,DEVELOPMENTAL MULTIMODEL SIGNAL - NOT CALIBRATED PROBABILITY,PUBLIC OPEN-DATA SERVICES,INDEPENDENT PROJECT - NOT AN OFFICIAL RHMZ WARNING PRODUCT
70742,LUČANI,LUČANI,ЛУЧАНИ,0.0,0.0,0.0,0.0,0.0,14.715003604414658,59.35489082336426,10,51,2026-08-22T03:00:00Z,2026-08-20T00:00:00Z,0.0,0.0,0.0,59.2,0.0,11.8,10,,0.0,0.0,0.0,,,,0.0,2,0.0,0,0,0,0,GREEN,БЕЗ ЗНАЧАЈНОГ РИЗИКА,NO SIGNIFICANT RISK,MODERATE,ECMWF ENS,ECMWF ENS | GEFS,0.0,2,0.0,0,0,0,0,GREEN,БЕЗ ЗНАЧАЈНОГ РИЗИКА,NO SIGNIFICANT RISK,MODERATE,ECMWF ENS,ECMWF ENS | GEFS,0.0,2,0.0,0,0,0,0,GREEN,БЕЗ ЗНАЧАЈНОГ РИЗИКА,NO SIGNIFICANT RISK,MODERATE,ECMWF ENS,ECMWF ENS | GEFS,0.0,2,0.0,0,0,0,0,GREEN,БЕЗ ЗНАЧАЈНОГ РИЗИКА,NO SIGNIFICANT RISK,MODERATE,ECMWF ENS,ECMWF ENS | GEFS,0,GREEN,БЕЗ ЗНАЧАЈНОГ РИЗИКА,NO SIGNIFICANT RISK,NONE,MODERATE,21,2026-08-21T06:00:00+00:00,2026-08-22T03:00:00+00:00,STORMS,EXPERIMENTAL,DEVELOPMENTAL MULTIMODEL SIGNAL - NOT CALIBRATED PROBABILITY,PUBLIC OPEN-DATA SERVICES,INDEPENDENT PROJECT - NOT AN OFFICIAL RHMZ WARNING PRODUCT
70785,MAJDANPEK,MAJDANPEK,МАЈДАНПЕК,0.0,0.0,0.0,0.0,0.0,12.954661101095772,61.20000076293945,12,51,2026-08-22T03:00:00Z,2026-08-20T00:00:00Z,0.0,0.0,0.0,58.8,0.0,6.3,12,,0.0,0.0,0.0,,,,0.0,2,0.0,0,0,0,0,GREEN,БЕЗ ЗНАЧАЈНОГ РИЗИКА,NO SIGNIFICANT RISK,MODERATE,ECMWF ENS,ECMWF ENS | GEFS,0.0,2,0.0,0,0,0,0,GREEN,БЕЗ ЗНАЧАЈНОГ РИЗИКА,NO SIGNIFICANT RISK,MODERATE,ECMWF ENS,ECMWF ENS | GEFS,0.0,2,0.0,0,0,0,0,GREEN,БЕЗ ЗНАЧАЈНОГ РИЗИКА,NO SIGNIFICANT RISK,MODERATE,ECMWF ENS,ECMWF ENS | GEFS,0.0,2,0.0,0,0,0,0,GREEN,БЕЗ ЗНАЧАЈНОГ РИЗИКА,NO SIGNIFICANT RISK,MODERATE,ECMWF ENS,ECMWF ENS | GEFS,0,GREEN,БЕЗ ЗНАЧАЈНОГ РИЗИКА,NO SIGNIFICANT RISK,NONE,MODERATE,21,2026-08-21T06:00:00+00:00,2026-08-22T03:00:00+00:00,STORMS,EXPERIMENTAL,DEVELOPMENTAL MULTIMODEL SIGNAL - NOT CALIBRATED PROBABILITY,PUBLIC OPEN-DATA SERVICES,INDEPENDENT PROJECT - NOT AN OFFICIAL RHMZ WARNING PRODUCT
70793,MALI ZVORNIK,MALI ZVORNIK,МАЛИ ЗВОРНИК,0.0,0.0,0.0,0.0,0.0,12.665500588734876,67.11431121826172,6,51,2026-08-22T03:00:00Z,2026-08-20T00:00:00Z,0.0,0.0,0.0,58.0,0.0,7.3,6,,0.0,0.0,0.0,,,,0.0,2,0.0,0,0,0,0,GREEN,БЕЗ ЗНАЧАЈНОГ РИЗИКА,NO SIGNIFICANT RISK,MODERATE,ECMWF ENS,ECMWF ENS | GEFS,0.0,2,0.0,0,0,0,0,GREEN,БЕЗ ЗНАЧАЈНОГ РИЗИКА,NO SIGNIFICANT RISK,MODERATE,ECMWF ENS,ECMWF ENS | GEFS,0.0,2,0.0,0,0,0,0,GREEN,БЕЗ ЗНАЧАЈНОГ РИЗИКА,NO SIGNIFICANT RISK,MODERATE,ECMWF ENS,ECMWF ENS | GEFS,0.0,2,0.0,0,0,0,0,GREEN,БЕЗ ЗНАЧАЈНОГ РИЗИКА,NO SIGNIFICANT RISK,MODERATE,ECMWF ENS,ECMWF ENS | GEFS,0,GREEN,БЕЗ ЗНАЧАЈНОГ РИЗИКА,NO SIGNIFICANT RISK,NONE,MODERATE,21,2026-08-21T06:00:00+00:00,2026-08-22T03:00:00+00:00,STORMS,EXPERIMENTAL,DEVELOPMENTAL MULTIMODEL SIGNAL - NOT CALIBRATED PROBABILITY,PUBLIC OPEN-DATA SERVICES,INDEPENDENT PROJECT - NOT AN OFFICIAL RHMZ WARNING PRODUCT
80241,MALI IĐOŠ,MALI IĐOŠ,МАЛИ ИЂОШ,0.0,0.0,0.0,0.0,0.0,12.714142356264286,69.0999984741211,6,51,2026-08-22T03:00:00Z,2026-08-20T00:00:00Z,0.0,0.0,224.9,59.3,0.0,8.9,6,,0.0,0.0,0.0,,,,0.0,2,0.0,0,0,0,0,GREEN,БЕЗ ЗНАЧАЈНОГ РИЗИКА,NO SIGNIFICANT RISK,MODERATE,ECMWF ENS,ECMWF ENS | GEFS,0.0,2,0.0,0,0,0,0,GREEN,БЕЗ ЗНАЧАЈНОГ РИЗИКА,NO SIGNIFICANT RISK,MODERATE,ECMWF ENS,ECMWF ENS | GEFS,0.0,2,0.0,0,0,0,0,GREEN,БЕЗ ЗНАЧАЈНОГ РИЗИКА,NO SIGNIFICANT RISK,MODERATE,ECMWF ENS,ECMWF ENS | GEFS,0.0,2,0.0,0,0,0,0,GREEN,БЕЗ ЗНАЧАЈНОГ РИЗИКА,NO SIGNIFICANT RISK,MODERATE,ECMWF ENS,ECMWF ENS | GEFS,0,GREEN,БЕЗ ЗНАЧАЈНОГ РИЗИКА,NO SIGNIFICANT RISK,NONE,MODERATE,21,2026-08-21T06:00:00+00:00,2026-08-22T03:00:00+00:00,STORMS,EXPERIMENTAL,DEVELOPMENTAL MULTIMODEL SIGNAL - NOT CALIBRATED PROBABILITY,PUBLIC OPEN-DATA SERVICES,INDEPENDENT PROJECT - NOT AN OFFICIAL RHMZ WARNING PRODUCT
70807,MALO CRNIĆE,MALO CRNIĆE,МАЛО ЦРНИЋЕ,0.0,0.0,0.0,0.0,0.0,15.890411413664731,62.16298294067383,8,51,2026-08-22T03:00:00Z,2026-08-20T00:00:00Z,0.0,0.0,0.0,64.4,0.0,13.1,8,,0.0,0.0,0.0,,,,0.0,2,0.0,0,0,0,0,GREEN,БЕЗ ЗНАЧАЈНОГ РИЗИКА,NO SIGNIFICANT RISK,MODERATE,ECMWF ENS,ECMWF ENS | GEFS,0.0,2,0.0,0,0,0,0,GREEN,БЕЗ ЗНАЧАЈНОГ РИЗИКА,NO SIGNIFICANT RISK,MODERATE,ECMWF ENS,ECMWF ENS | GEFS,0.0,2,0.0,0,0,0,0,GREEN,БЕЗ ЗНАЧАЈНОГ РИЗИКА,NO SIGNIFICANT RISK,MODERATE,ECMWF ENS,ECMWF ENS | GEFS,0.0,2,0.0,0,0,0,0,GREEN,БЕЗ ЗНАЧАЈНОГ РИЗИКА,NO SIGNIFICANT RISK,MODERATE,ECMWF ENS,ECMWF ENS | GEFS,0,GREEN,БЕЗ ЗНАЧАЈНОГ РИЗИКА,NO SIGNIFICANT RISK,NONE,MODERATE,21,2026-08-21T06:00:00+00:00,2026-08-22T03:00:00+00:00,STORMS,EXPERIMENTAL,DEVELOPMENTAL MULTIMODEL SIGNAL - NOT CALIBRATED PROBABILITY,PUBLIC OPEN-DATA SERVICES,INDEPENDENT PROJECT - NOT AN OFFICIAL RHMZ WARNING PRODUCT
70815,MEDVEĐA,MEDVEĐA,МЕДВЕЂА,0.0,0.0,0.0,0.0,0.0,11.157446687166686,59.59999847412109,9,51,2026-08-22T03:00:00Z,2026-08-20T00:00:00Z,0.0,0.0,0.0,38.0,0.0,6.5,9,,0.0,0.0,0.0,,,,0.0,2,0.0,0,0,0,0,GREEN,БЕЗ ЗНАЧАЈНОГ РИЗИКА,NO SIGNIFICANT RISK,MODERATE,ECMWF ENS,ECMWF ENS | GEFS,0.0,2,0.0,0,0,0,0,GREEN,БЕЗ ЗНАЧАЈНОГ РИЗИКА,NO SIGNIFICANT RISK,MODERATE,ECMWF ENS,ECMWF ENS | GEFS,0.0,2,0.0,0,0,0,0,GREEN,БЕЗ ЗНАЧАЈНОГ РИЗИКА,NO SIGNIFICANT RISK,MODERATE,ECMWF ENS,ECMWF ENS | GEFS,0.0,2,0.0,0,0,0,0,GREEN,БЕЗ ЗНАЧАЈНОГ РИЗИКА,NO SIGNIFICANT RISK,MODERATE,ECMWF ENS,ECMWF ENS | GEFS,0,GREEN,БЕЗ ЗНАЧАЈНОГ РИЗИКА,NO SIGNIFICANT RISK,NONE,MODERATE,21,2026-08-21T06:00:00+00:00,2026-08-22T03:00:00+00:00,STORMS,EXPERIMENTAL,DEVELOPMENTAL MULTIMODEL SIGNAL - NOT CALIBRATED PROBABILITY,PUBLIC OPEN-DATA SERVICES,INDEPENDENT PROJECT - NOT AN OFFICIAL RHMZ WARNING PRODUCT
70823,MEROŠINA,MEROŠINA,МЕРОШИНА,0.0,0.0,0.0,0.0,0.0,14.056469978786671,60.70684814453125,6,51,2026-08-22T03:00:00Z,2026-08-20T00:00:00Z,0.0,0.0,0.0,48.8,0.0,9.5,6,,0.0,0.0,0.0,,,,0.0,2,0.0,0,0,0,0,GREEN,БЕЗ ЗНАЧАЈНОГ РИЗИКА,NO SIGNIFICANT RISK,MODERATE,ECMWF ENS,ECMWF ENS | GEFS,0.0,2,0.0,0,0,0,0,GREEN,БЕЗ ЗНАЧАЈНОГ РИЗИКА,NO SIGNIFICANT RISK,MODERATE,ECMWF ENS,ECMWF ENS | GEFS,0.0,2,0.0,0,0,0,0,GREEN,БЕЗ ЗНАЧАЈНОГ РИЗИКА,NO SIGNIFICANT RISK,MODERATE,ECMWF ENS,ECMWF ENS | GEFS,0.0,2,0.0,0,0,0,0,GREEN,БЕЗ ЗНАЧАЈНОГ РИЗИКА,NO SIGNIFICANT RISK,MODERATE,ECMWF ENS,ECMWF ENS | GEFS,0,GREEN,БЕЗ ЗНАЧАЈНОГ РИЗИКА,NO SIGNIFICANT RISK,NONE,MODERATE,21,2026-08-21T06:00:00+00:00,2026-08-22T03:00:00+00:00,STORMS,EXPERIMENTAL,DEVELOPMENTAL MULTIMODEL SIGNAL - NOT CALIBRATED PROBABILITY,PUBLIC OPEN-DATA SERVICES,INDEPENDENT PROJECT - NOT AN OFFICIAL RHMZ WARNING PRODUCT
70831,MIONICA,MIONICA,МИОНИЦА,0.0,0.0,0.0,0.0,0.0,14.549343118700165,60.84708404541016,9,51,2026-08-22T03:00:00Z,2026-08-20T00:00:00Z,0.0,0.0,0.0,62.4,0.0,11.3,9,,0.0,0.0,0.0,,,,0.0,2,0.0,0,0,0,0,GREEN,БЕЗ ЗНАЧАЈНОГ РИЗИКА,NO SIGNIFICANT RISK,MODERATE,ECMWF ENS,ECMWF ENS | GEFS,0.0,2,0.0,0,0,0,0,GREEN,БЕЗ ЗНАЧАЈНОГ РИЗИКА,NO SIGNIFICANT RISK,MODERATE,ECMWF ENS,ECMWF ENS | GEFS,0.0,2,0.0,0,0,0,0,GREEN,БЕЗ ЗНАЧАЈНОГ РИЗИКА,NO SIGNIFICANT RISK,MODERATE,ECMWF ENS,ECMWF ENS | GEFS,0.0,2,0.0,0,0,0,0,GREEN,БЕЗ ЗНАЧАЈНОГ РИЗИКА,NO SIGNIFICANT RISK,MODERATE,ECMWF ENS,ECMWF ENS | GEFS,0,GREEN,БЕЗ ЗНАЧАЈНОГ РИЗИКА,NO SIGNIFICANT RISK,NONE,MODERATE,21,2026-08-21T06:00:00+00:00,2026-08-22T03:00:00+00:00,STORMS,EXPERIMENTAL,DEVELOPMENTAL MULTIMODEL SIGNAL - NOT CALIBRATED PROBABILITY,PUBLIC OPEN-DATA SERVICES,INDEPENDENT PROJECT - NOT AN OFFICIAL RHMZ WARNING PRODUCT
70840,NEGOTIN,NEGOTIN,НЕГОТИН,0.0,0.0,0.0,0.0,0.0,10.95758998339624,61.40684700012207,11,51,2026-08-22T03:00:00Z,2026-08-20T00:00:00Z,0.0,0.0,0.0,55.5,0.0,7.5,11,,0.0,0.0,0.0,,,,0.0,2,0.0,0,0,0,0,GREEN,БЕЗ ЗНАЧАЈНОГ РИЗИКА,NO SIGNIFICANT RISK,MODERATE,ECMWF ENS,ECMWF ENS | GEFS,0.0,2,0.0,0,0,0,0,GREEN,БЕЗ ЗНАЧАЈНОГ РИЗИКА,NO SIGNIFICANT RISK,MODERATE,ECMWF ENS,ECMWF ENS | GEFS,0.0,2,0.0,0,0,0,0,GREEN,БЕЗ ЗНАЧАЈНОГ РИЗИКА,NO SIGNIFICANT RISK,MODERATE,ECMWF ENS,ECMWF ENS | GEFS,0.0,2,0.0,0,0,0,0,GREEN,БЕЗ ЗНАЧАЈНОГ РИЗИКА,NO SIGNIFICANT RISK,MODERATE,ECMWF ENS,ECMWF ENS | GEFS,0,GREEN,БЕЗ ЗНАЧАЈНОГ РИЗИКА,NO SIGNIFICANT RISK,NONE,MODERATE,21,2026-08-21T06:00:00+00:00,2026-08-22T03:00:00+00:00,STORMS,EXPERIMENTAL,DEVELOPMENTAL MULTIMODEL SIGNAL - NOT CALIBRATED PROBABILITY,PUBLIC OPEN-DATA SERVICES,INDEPENDENT PROJECT - NOT AN OFFICIAL RHMZ WARNING PRODUCT
71331,NIŠ-MEDIANA,NIŠ-MEDIANA,НИШ-МЕДИАНА,0.0,0.0,0.0,0.0,0.0,12.46001757555301,60.138394355773926,5,51,2026-08-22T03:00:00Z,2026-08-20T00:00:00Z,0.0,0.0,0.0,52.9,0.0,9.4,5,,0.0,0.0,0.0,,,,0.0,2,0.0,0,0,0,0,GREEN,БЕЗ ЗНАЧАЈНОГ РИЗИКА,NO SIGNIFICANT RISK,MODERATE,ECMWF ENS,ECMWF ENS | GEFS,0.0,2,0.0,0,0,0,0,GREEN,БЕЗ ЗНАЧАЈНОГ РИЗИКА,NO SIGNIFICANT RISK,MODERATE,ECMWF ENS,ECMWF ENS | GEFS,0.0,2,0.0,0,0,0,0,GREEN,БЕЗ ЗНАЧАЈНОГ РИЗИКА,NO SIGNIFICANT RISK,MODERATE,ECMWF ENS,ECMWF ENS | GEFS,0.0,2,0.0,0,0,0,0,GREEN,БЕЗ ЗНАЧАЈНОГ РИЗИКА,NO SIGNIFICANT RISK,MODERATE,ECMWF ENS,ECMWF ENS | GEFS,0,GREEN,БЕЗ ЗНАЧАЈНОГ РИЗИКА,NO SIGNIFICANT RISK,NONE,MODERATE,21,2026-08-21T06:00:00+00:00,2026-08-22T03:00:00+00:00,STORMS,EXPERIMENTAL,DEVELOPMENTAL MULTIMODEL SIGNAL - NOT CALIBRATED PROBABILITY,PUBLIC OPEN-DATA SERVICES,INDEPENDENT PROJECT - NOT AN OFFICIAL RHMZ WARNING PRODUCT
71285,NIŠ-NIŠKA BANJA,NIŠ-NIŠKA BANJA,НИШ-НИШКА БАЊА,0.0,0.0,0.0,0.0,0.0,11.439943540103709,60.138394355773926,5,51,2026-08-22T03:00:00Z,2026-08-20T00:00:00Z,0.0,0.0,0.0,52.6,0.0,8.4,5,,0.0,0.0,0.0,,,,0.0,2,0.0,0,0,0,0,GREEN,БЕЗ ЗНАЧАЈНОГ РИЗИКА,NO SIGNIFICANT RISK,MODERATE,ECMWF ENS,ECMWF ENS | GEFS,0.0,2,0.0,0,0,0,0,GREEN,БЕЗ ЗНАЧАЈНОГ РИЗИКА,NO SIGNIFICANT RISK,MODERATE,ECMWF ENS,ECMWF ENS | GEFS,0.0,2,0.0,0,0,0,0,GREEN,БЕЗ ЗНАЧАЈНОГ РИЗИКА,NO SIGNIFICANT RISK,MODERATE,ECMWF ENS,ECMWF ENS | GEFS,0.0,2,0.0,0,0,0,0,GREEN,БЕЗ ЗНАЧАЈНОГ РИЗИКА,NO SIGNIFICANT RISK,MODERATE,ECMWF ENS,ECMWF ENS | GEFS,0,GREEN,БЕЗ ЗНАЧАЈНОГ РИЗИКА,NO SIGNIFICANT RISK,NONE,MODERATE,21,2026-08-21T06:00:00+00:00,2026-08-22T03:00:00+00:00,STORMS,EXPERIMENTAL,DEVELOPMENTAL MULTIMODEL SIGNAL - NOT CALIBRATED PROBABILITY,PUBLIC OPEN-DATA SERVICES,INDEPENDENT PROJECT - NOT AN OFFICIAL RHMZ WARNING PRODUCT
71323,NIŠ-PALILULA,NIŠ-PALILULA,НИШ-ПАЛИЛУЛА,0.0,0.0,0.0,0.0,0.0,12.510166594859076,60.70684814453125,6,51,2026-08-22T03:00:00Z,2026-08-20T00:00:00Z,0.0,0.0,0.0,52.9,0.0,9.4,6,,0.0,0.0,0.0,,,,0.0,2,0.0,0,0,0,0,GREEN,БЕЗ ЗНАЧАЈНОГ РИЗИКА,NO SIGNIFICANT RISK,MODERATE,ECMWF ENS,ECMWF ENS | GEFS,0.0,2,0.0,0,0,0,0,GREEN,БЕЗ ЗНАЧАЈНОГ РИЗИКА,NO SIGNIFICANT RISK,MODERATE,ECMWF ENS,ECMWF ENS | GEFS,0.0,2,0.0,0,0,0,0,GREEN,БЕЗ ЗНАЧАЈНОГ РИЗИКА,NO SIGNIFICANT RISK,MODERATE,ECMWF ENS,ECMWF ENS | GEFS,0.0,2,0.0,0,0,0,0,GREEN,БЕЗ ЗНАЧАЈНОГ РИЗИКА,NO SIGNIFICANT RISK,MODERATE,ECMWF ENS,ECMWF ENS | GEFS,0,GREEN,БЕЗ ЗНАЧАЈНОГ РИЗИКА,NO SIGNIFICANT RISK,NONE,MODERATE,21,2026-08-21T06:00:00+00:00,2026-08-22T03:00:00+00:00,STORMS,EXPERIMENTAL,DEVELOPMENTAL MULTIMODEL SIGNAL - NOT CALIBRATED PROBABILITY,PUBLIC OPEN-DATA SERVICES,INDEPENDENT PROJECT - NOT AN OFFICIAL RHMZ WARNING PRODUCT
71307,NIŠ-PANTELEJ,NIŠ-PANTELEJ,НИШ-ПАНТЕЛЕЈ,0.0,0.0,0.0,0.0,0.0,12.46001757555301,60.138394355773926,6,51,2026-08-22T03:00:00Z,2026-08-20T00:00:00Z,0.0,0.0,0.0,52.9,0.0,9.4,6,,0.0,0.0,0.0,,,,0.0,2,0.0,0,0,0,0,GREEN,БЕЗ ЗНАЧАЈНОГ РИЗИКА,NO SIGNIFICANT RISK,MODERATE,ECMWF ENS,ECMWF ENS | GEFS,0.0,2,0.0,0,0,0,0,GREEN,БЕЗ ЗНАЧАЈНОГ РИЗИКА,NO SIGNIFICANT RISK,MODERATE,ECMWF ENS,ECMWF ENS | GEFS,0.0,2,0.0,0,0,0,0,GREEN,БЕЗ ЗНАЧАЈНОГ РИЗИКА,NO SIGNIFICANT RISK,MODERATE,ECMWF ENS,ECMWF ENS | GEFS,0.0,2,0.0,0,0,0,0,GREEN,БЕЗ ЗНАЧАЈНОГ РИЗИКА,NO SIGNIFICANT RISK,MODERATE,ECMWF ENS,ECMWF ENS | GEFS,0,GREEN,БЕЗ ЗНАЧАЈНОГ РИЗИКА,NO SIGNIFICANT RISK,NONE,MODERATE,21,2026-08-21T06:00:00+00:00,2026-08-22T03:00:00+00:00,STORMS,EXPERIMENTAL,DEVELOPMENTAL MULTIMODEL SIGNAL - NOT CALIBRATED PROBABILITY,PUBLIC OPEN-DATA SERVICES,INDEPENDENT PROJECT - NOT AN OFFICIAL RHMZ WARNING PRODUCT
71315,NIŠ-CRVENI KRST,NIŠ-CRVENI KRST,НИШ-ЦРВЕНИ КРСТ,0.0,0.0,0.0,0.0,0.0,14.056469978786671,60.70684814453125,6,51,2026-08-22T03:00:00Z,2026-08-20T00:00:00Z,0.0,0.0,0.0,48.8,0.0,9.5,6,,0.0,0.0,0.0,,,,0.0,2,0.0,0,0,0,0,GREEN,БЕЗ ЗНАЧАЈНОГ РИЗИКА,NO SIGNIFICANT RISK,MODERATE,ECMWF ENS,ECMWF ENS | GEFS,0.0,2,0.0,0,0,0,0,GREEN,БЕЗ ЗНАЧАЈНОГ РИЗИКА,NO SIGNIFICANT RISK,MODERATE,ECMWF ENS,ECMWF ENS | GEFS,0.0,2,0.0,0,0,0,0,GREEN,БЕЗ ЗНАЧАЈНОГ РИЗИКА,NO SIGNIFICANT RISK,MODERATE,ECMWF ENS,ECMWF ENS | GEFS,0.0,2,0.0,0,0,0,0,GREEN,БЕЗ ЗНАЧАЈНОГ РИЗИКА,NO SIGNIFICANT RISK,MODERATE,ECMWF ENS,ECMWF ENS | GEFS,0,GREEN,БЕЗ ЗНАЧАЈНОГ РИЗИКА,NO SIGNIFICANT RISK,NONE,MODERATE,21,2026-08-21T06:00:00+00:00,2026-08-22T03:00:00+00:00,STORMS,EXPERIMENTAL,DEVELOPMENTAL MULTIMODEL SIGNAL - NOT CALIBRATED PROBABILITY,PUBLIC OPEN-DATA SERVICES,INDEPENDENT PROJECT - NOT AN OFFICIAL RHMZ WARNING PRODUCT
70866,NOVA VAROŠ,NOVA VAROŠ,НОВА ВАРОШ,0.0,0.0,0.0,0.0,0.0,12.50566232799552,56.33314323425293,9,51,2026-08-22T03:00:00Z,2026-08-20T00:00:00Z,0.0,0.0,0.0,50.1,0.0,5.7,9,,0.0,0.0,0.0,,,,0.0,2,0.0,0,0,0,0,GREEN,БЕЗ ЗНАЧАЈНОГ РИЗИКА,NO SIGNIFICANT RISK,MODERATE,ECMWF ENS,ECMWF ENS | GEFS,0.0,2,0.0,0,0,0,0,GREEN,БЕЗ ЗНАЧАЈНОГ РИЗИКА,NO SIGNIFICANT RISK,MODERATE,ECMWF ENS,ECMWF ENS | GEFS,0.0,2,0.0,0,0,0,0,GREEN,БЕЗ ЗНАЧАЈНОГ РИЗИКА,NO SIGNIFICANT RISK,MODERATE,ECMWF ENS,ECMWF ENS | GEFS,0.0,2,0.0,0,0,0,0,GREEN,БЕЗ ЗНАЧАЈНОГ РИЗИКА,NO SIGNIFICANT RISK,MODERATE,ECMWF ENS,ECMWF ENS | GEFS,0,GREEN,БЕЗ ЗНАЧАЈНОГ РИЗИКА,NO SIGNIFICANT RISK,NONE,MODERATE,21,2026-08-21T06:00:00+00:00,2026-08-22T03:00:00+00:00,STORMS,EXPERIMENTAL,DEVELOPMENTAL MULTIMODEL SIGNAL - NOT CALIBRATED PROBABILITY,PUBLIC OPEN-DATA SERVICES,INDEPENDENT PROJECT - NOT AN OFFICIAL RHMZ WARNING PRODUCT
80250,NOVA CRNJA,NOVA CRNJA,НОВА ЦРЊА,0.0,0.0,0.0,0.0,0.0,12.793487801245789,66.1500015258789,7,51,2026-08-22T03:00:00Z,2026-08-20T00:00:00Z,0.0,0.0,8.4,67.6,0.0,10.4,7,,0.0,0.0,0.0,,,,0.0,2,0.0,0,0,0,0,GREEN,БЕЗ ЗНАЧАЈНОГ РИЗИКА,NO SIGNIFICANT RISK,MODERATE,ECMWF ENS,ECMWF ENS | GEFS,0.0,2,0.0,0,0,0,0,GREEN,БЕЗ ЗНАЧАЈНОГ РИЗИКА,NO SIGNIFICANT RISK,MODERATE,ECMWF ENS,ECMWF ENS | GEFS,0.0,2,0.0,0,0,0,0,GREEN,БЕЗ ЗНАЧАЈНОГ РИЗИКА,NO SIGNIFICANT RISK,MODERATE,ECMWF ENS,ECMWF ENS | GEFS,0.0,2,0.0,0,0,0,0,GREEN,БЕЗ ЗНАЧАЈНОГ РИЗИКА,NO SIGNIFICANT RISK,MODERATE,ECMWF ENS,ECMWF ENS | GEFS,0,GREEN,БЕЗ ЗНАЧАЈНОГ РИЗИКА,NO SIGNIFICANT RISK,NONE,MODERATE,21,2026-08-21T06:00:00+00:00,2026-08-22T03:00:00+00:00,STORMS,EXPERIMENTAL,DEVELOPMENTAL MULTIMODEL SIGNAL - NOT CALIBRATED PROBABILITY,PUBLIC OPEN-DATA SERVICES,INDEPENDENT PROJECT - NOT AN OFFICIAL RHMZ WARNING PRODUCT
80268,NOVI BEČEJ,NOVI BEČEJ,НОВИ БЕЧЕЈ,0.0,0.0,0.0,0.0,0.0,12.814842353102406,65.95684814453125,9,51,2026-08-22T03:00:00Z,2026-08-20T00:00:00Z,0.0,0.0,131.2,60.7,0.0,10.0,9,,0.0,0.0,0.0,,,,0.0,2,0.0,0,0,0,0,GREEN,БЕЗ ЗНАЧАЈНОГ РИЗИКА,NO SIGNIFICANT RISK,MODERATE,ECMWF ENS,ECMWF ENS | GEFS,0.0,2,0.0,0,0,0,0,GREEN,БЕЗ ЗНАЧАЈНОГ РИЗИКА,NO SIGNIFICANT RISK,MODERATE,ECMWF ENS,ECMWF ENS | GEFS,0.0,2,0.0,0,0,0,0,GREEN,БЕЗ ЗНАЧАЈНОГ РИЗИКА,NO SIGNIFICANT RISK,MODERATE,ECMWF ENS,ECMWF ENS | GEFS,0.0,2,0.0,0,0,0,0,GREEN,БЕЗ ЗНАЧАЈНОГ РИЗИКА,NO SIGNIFICANT RISK,MODERATE,ECMWF ENS,ECMWF ENS | GEFS,0,GREEN,БЕЗ ЗНАЧАЈНОГ РИЗИКА,NO SIGNIFICANT RISK,NONE,MODERATE,21,2026-08-21T06:00:00+00:00,2026-08-22T03:00:00+00:00,STORMS,EXPERIMENTAL,DEVELOPMENTAL MULTIMODEL SIGNAL - NOT CALIBRATED PROBABILITY,PUBLIC OPEN-DATA SERVICES,INDEPENDENT PROJECT - NOT AN OFFICIAL RHMZ WARNING PRODUCT
80276,NOVI KNEŽEVAC,NOVI KNEŽEVAC,НОВИ КНЕЖЕВАЦ,0.0,0.0,0.0,0.0,0.0,12.654221759992424,66.9000015258789,7,51,2026-08-22T03:00:00Z,2026-08-20T00:00:00Z,0.0,0.0,379.5,59.4,0.0,9.2,7,,0.0,0.0,0.0,,,,0.0,2,0.0,0,0,0,0,GREEN,БЕЗ ЗНАЧАЈНОГ РИЗИКА,NO SIGNIFICANT RISK,MODERATE,ECMWF ENS,ECMWF ENS | GEFS,0.0,2,0.0,0,0,0,0,GREEN,БЕЗ ЗНАЧАЈНОГ РИЗИКА,NO SIGNIFICANT RISK,MODERATE,ECMWF ENS,ECMWF ENS | GEFS,0.0,2,0.0,0,0,0,0,GREEN,БЕЗ ЗНАЧАЈНОГ РИЗИКА,NO SIGNIFICANT RISK,MODERATE,ECMWF ENS,ECMWF ENS | GEFS,0.0,2,0.0,0,0,0,0,GREEN,БЕЗ ЗНАЧАЈНОГ РИЗИКА,NO SIGNIFICANT RISK,MODERATE,ECMWF ENS,ECMWF ENS | GEFS,0,GREEN,БЕЗ ЗНАЧАЈНОГ РИЗИКА,NO SIGNIFICANT RISK,NONE,MODERATE,21,2026-08-21T06:00:00+00:00,2026-08-22T03:00:00+00:00,STORMS,EXPERIMENTAL,DEVELOPMENTAL MULTIMODEL SIGNAL - NOT CALIBRATED PROBABILITY,PUBLIC OPEN-DATA SERVICES,INDEPENDENT PROJECT - NOT AN OFFICIAL RHMZ WARNING PRODUCT
70874,NOVI PAZAR-GRAD,NOVI PAZAR-GRAD,НОВИ ПАЗАР-ГРАД,0.0,0.0,0.0,0.0,0.0,12.96693376408144,57.45661163330078,10,51,2026-08-22T03:00:00Z,2026-08-20T00:00:00Z,0.0,0.0,0.0,59.8,0.0,7.8,10,,0.0,0.0,0.0,,,,0.0,2,0.0,0,0,0,0,GREEN,БЕЗ ЗНАЧАЈНОГ РИЗИКА,NO SIGNIFICANT RISK,MODERATE,ECMWF ENS,ECMWF ENS | GEFS,0.0,2,0.0,0,0,0,0,GREEN,БЕЗ ЗНАЧАЈНОГ РИЗИКА,NO SIGNIFICANT RISK,MODERATE,ECMWF ENS,ECMWF ENS | GEFS,0.0,2,0.0,0,0,0,0,GREEN,БЕЗ ЗНАЧАЈНОГ РИЗИКА,NO SIGNIFICANT RISK,MODERATE,ECMWF ENS,ECMWF ENS | GEFS,0.0,2,0.0,0,0,0,0,GREEN,БЕЗ ЗНАЧАЈНОГ РИЗИКА,NO SIGNIFICANT RISK,MODERATE,ECMWF ENS,ECMWF ENS | GEFS,0,GREEN,БЕЗ ЗНАЧАЈНОГ РИЗИКА,NO SIGNIFICANT RISK,NONE,MODERATE,21,2026-08-21T06:00:00+00:00,2026-08-22T03:00:00+00:00,STORMS,EXPERIMENTAL,DEVELOPMENTAL MULTIMODEL SIGNAL - NOT CALIBRATED PROBABILITY,PUBLIC OPEN-DATA SERVICES,INDEPENDENT PROJECT - NOT AN OFFICIAL RHMZ WARNING PRODUCT
80284,NOVI SAD-GRAD,NOVI SAD-GRAD,НОВИ САД-ГРАД,0.0,0.0,0.0,0.0,0.0,13.378525247145337,69.0999984741211,12,51,2026-08-22T03:00:00Z,2026-08-20T00:00:00Z,0.0,0.0,197.8,57.6,0.0,8.7,12,,0.0,0.0,0.0,,,,0.0,2,0.0,0,0,0,0,GREEN,БЕЗ ЗНАЧАЈНОГ РИЗИКА,NO SIGNIFICANT RISK,MODERATE,ECMWF ENS,ECMWF ENS | GEFS,0.0,2,0.0,0,0,0,0,GREEN,БЕЗ ЗНАЧАЈНОГ РИЗИКА,NO SIGNIFICANT RISK,MODERATE,ECMWF ENS,ECMWF ENS | GEFS,0.0,2,0.0,0,0,0,0,GREEN,БЕЗ ЗНАЧАЈНОГ РИЗИКА,NO SIGNIFICANT RISK,MODERATE,ECMWF ENS,ECMWF ENS | GEFS,0.0,2,0.0,0,0,0,0,GREEN,БЕЗ ЗНАЧАЈНОГ РИЗИКА,NO SIGNIFICANT RISK,MODERATE,ECMWF ENS,ECMWF ENS | GEFS,0,GREEN,БЕЗ ЗНАЧАЈНОГ РИЗИКА,NO SIGNIFICANT RISK,NONE,MODERATE,21,2026-08-21T06:00:00+00:00,2026-08-22T03:00:00+00:00,STORMS,EXPERIMENTAL,DEVELOPMENTAL MULTIMODEL SIGNAL - NOT CALIBRATED PROBABILITY,PUBLIC OPEN-DATA SERVICES,INDEPENDENT PROJECT - NOT AN OFFICIAL RHMZ WARNING PRODUCT
90182,NOVO BRDO,NOVO BRDO,НОВО БРДО,0.0,0.0,0.0,0.0,0.0,8.066454308098464,59.10000038146973,5,51,2026-08-22T03:00:00Z,2026-08-20T00:00:00Z,0.0,0.0,0.0,35.3,0.0,4.3,5,,0.0,0.0,0.0,,,,0.0,2,0.0,0,0,0,0,GREEN,БЕЗ ЗНАЧАЈНОГ РИЗИКА,NO SIGNIFICANT RISK,MODERATE,ECMWF ENS,ECMWF ENS | GEFS,0.0,2,0.0,0,0,0,0,GREEN,БЕЗ ЗНАЧАЈНОГ РИЗИКА,NO SIGNIFICANT RISK,MODERATE,ECMWF ENS,ECMWF ENS | GEFS,0.0,2,0.0,0,0,0,0,GREEN,БЕЗ ЗНАЧАЈНОГ РИЗИКА,NO SIGNIFICANT RISK,MODERATE,ECMWF ENS,ECMWF ENS | GEFS,0.0,2,0.0,0,0,0,0,GREEN,БЕЗ ЗНАЧАЈНОГ РИЗИКА,NO SIGNIFICANT RISK,MODERATE,ECMWF ENS,ECMWF ENS | GEFS,0,GREEN,БЕЗ ЗНАЧАЈНОГ РИЗИКА,NO SIGNIFICANT RISK,NONE,MODERATE,21,2026-08-21T06:00:00+00:00,2026-08-22T03:00:00+00:00,STORMS,EXPERIMENTAL,DEVELOPMENTAL MULTIMODEL SIGNAL - NOT CALIBRATED PROBABILITY,PUBLIC OPEN-DATA SERVICES,INDEPENDENT PROJECT - NOT AN OFFICIAL RHMZ WARNING PRODUCT
80306,ODŽACI,ODŽACI,ОЏАЦИ,0.0,0.0,0.0,0.0,0.0,12.658773754353623,71.69999694824219,10,51,2026-08-22T03:00:00Z,2026-08-20T00:00:00Z,0.0,0.0,525.4,64.4,0.0,9.5,10,,0.0,0.0,0.0,,,,0.0,2,0.0,0,0,0,0,GREEN,БЕЗ ЗНАЧАЈНОГ РИЗИКА,NO SIGNIFICANT RISK,MODERATE,ECMWF ENS,ECMWF ENS | GEFS,0.0,2,0.0,0,0,0,0,GREEN,БЕЗ ЗНАЧАЈНОГ РИЗИКА,NO SIGNIFICANT RISK,MODERATE,ECMWF ENS,ECMWF ENS | GEFS,0.0,2,0.0,0,0,0,0,GREEN,БЕЗ ЗНАЧАЈНОГ РИЗИКА,NO SIGNIFICANT RISK,MODERATE,ECMWF ENS,ECMWF ENS | GEFS,0.0,2,0.0,0,0,0,0,GREEN,БЕЗ ЗНАЧАЈНОГ РИЗИКА,NO SIGNIFICANT RISK,MODERATE,ECMWF ENS,ECMWF ENS | GEFS,0,GREEN,БЕЗ ЗНАЧАЈНОГ РИЗИКА,NO SIGNIFICANT RISK,NONE,MODERATE,21,2026-08-21T06:00:00+00:00,2026-08-22T03:00:00+00:00,STORMS,EXPERIMENTAL,DEVELOPMENTAL MULTIMODEL SIGNAL - NOT CALIBRATED PROBABILITY,PUBLIC OPEN-DATA SERVICES,INDEPENDENT PROJECT - NOT AN OFFICIAL RHMZ WARNING PRODUCT
90204,OBILIĆ,OBILIĆ,ОБИЛИЋ,0.0,0.0,0.0,0.0,0.0,11.398033016381085,58.93008804321289,8,51,2026-08-22T03:00:00Z,2026-08-20T00:00:00Z,0.0,0.0,0.0,43.2,0.0,6.7,8,,0.0,0.0,0.0,,,,0.0,2,0.0,0,0,0,0,GREEN,БЕЗ ЗНАЧАЈНОГ РИЗИКА,NO SIGNIFICANT RISK,MODERATE,ECMWF ENS,ECMWF ENS | GEFS,0.0,2,0.0,0,0,0,0,GREEN,БЕЗ ЗНАЧАЈНОГ РИЗИКА,NO SIGNIFICANT RISK,MODERATE,ECMWF ENS,ECMWF ENS | GEFS,0.0,2,0.0,0,0,0,0,GREEN,БЕЗ ЗНАЧАЈНОГ РИЗИКА,NO SIGNIFICANT RISK,MODERATE,ECMWF ENS,ECMWF ENS | GEFS,0.0,2,0.0,0,0,0,0,GREEN,БЕЗ ЗНАЧАЈНОГ РИЗИКА,NO SIGNIFICANT RISK,MODERATE,ECMWF ENS,ECMWF ENS | GEFS,0,GREEN,БЕЗ ЗНАЧАЈНОГ РИЗИКА,NO SIGNIFICANT RISK,NONE,MODERATE,21,2026-08-21T06:00:00+00:00,2026-08-22T03:00:00+00:00,STORMS,EXPERIMENTAL,DEVELOPMENTAL MULTIMODEL SIGNAL - NOT CALIBRATED PROBABILITY,PUBLIC OPEN-DATA SERVICES,INDEPENDENT PROJECT - NOT AN OFFICIAL RHMZ WARNING PRODUCT
80292,OPOVO,OPOVO,ОПОВО,0.0,0.0,0.0,0.0,0.0,13.942370227113893,63.28008842468262,6,51,2026-08-22T03:00:00Z,2026-08-20T00:00:00Z,0.0,0.0,0.0,62.8,0.0,9.1,6,,0.0,0.0,0.0,,,,0.0,2,0.0,0,0,0,0,GREEN,БЕЗ ЗНАЧАЈНОГ РИЗИКА,NO SIGNIFICANT RISK,MODERATE,ECMWF ENS,ECMWF ENS | GEFS,0.0,2,0.0,0,0,0,0,GREEN,БЕЗ ЗНАЧАЈНОГ РИЗИКА,NO SIGNIFICANT RISK,MODERATE,ECMWF ENS,ECMWF ENS | GEFS,0.0,2,0.0,0,0,0,0,GREEN,БЕЗ ЗНАЧАЈНОГ РИЗИКА,NO SIGNIFICANT RISK,MODERATE,ECMWF ENS,ECMWF ENS | GEFS,0.0,2,0.0,0,0,0,0,GREEN,БЕЗ ЗНАЧАЈНОГ РИЗИКА,NO SIGNIFICANT RISK,MODERATE,ECMWF ENS,ECMWF ENS | GEFS,0,GREEN,БЕЗ ЗНАЧАЈНОГ РИЗИКА,NO SIGNIFICANT RISK,NONE,MODERATE,21,2026-08-21T06:00:00+00:00,2026-08-22T03:00:00+00:00,STORMS,EXPERIMENTAL,DEVELOPMENTAL MULTIMODEL SIGNAL - NOT CALIBRATED PROBABILITY,PUBLIC OPEN-DATA SERVICES,INDEPENDENT PROJECT - NOT AN OFFICIAL RHMZ WARNING PRODUCT
90212,ORAHOVAC,ORAHOVAC,ОРАХОВАЦ,0.0,0.0,0.0,0.0,0.0,8.277347105119777,57.89999961853027,8,51,2026-08-22T03:00:00Z,2026-08-20T00:00:00Z,0.0,0.0,0.0,49.1,0.0,6.0,8,,0.0,0.0,0.0,,,,0.0,2,0.0,0,0,0,0,GREEN,БЕЗ ЗНАЧАЈНОГ РИЗИКА,NO SIGNIFICANT RISK,MODERATE,ECMWF ENS,ECMWF ENS | GEFS,0.0,2,0.0,0,0,0,0,GREEN,БЕЗ ЗНАЧАЈНОГ РИЗИКА,NO SIGNIFICANT RISK,MODERATE,ECMWF ENS,ECMWF ENS | GEFS,0.0,2,0.0,0,0,0,0,GREEN,БЕЗ ЗНАЧАЈНОГ РИЗИКА,NO SIGNIFICANT RISK,MODERATE,ECMWF ENS,ECMWF ENS | GEFS,0.0,2,0.0,0,0,0,0,GREEN,БЕЗ ЗНАЧАЈНОГ РИЗИКА,NO SIGNIFICANT RISK,MODERATE,ECMWF ENS,ECMWF ENS | GEFS,0,GREEN,БЕЗ ЗНАЧАЈНОГ РИЗИКА,NO SIGNIFICANT RISK,NONE,MODERATE,21,2026-08-21T06:00:00+00:00,2026-08-22T03:00:00+00:00,STORMS,EXPERIMENTAL,DEVELOPMENTAL MULTIMODEL SIGNAL - NOT CALIBRATED PROBABILITY,PUBLIC OPEN-DATA SERVICES,INDEPENDENT PROJECT - NOT AN OFFICIAL RHMZ WARNING PRODUCT
70882,OSEČINA,OSEČINA,ОСЕЧИНА,0.0,0.0,0.0,0.0,0.0,12.902994264797323,67.11431121826172,7,51,2026-08-22T03:00:00Z,2026-08-20T00:00:00Z,0.0,0.0,0.0,58.0,0.0,7.9,7,,0.0,0.0,0.0,,,,0.0,2,0.0,0,0,0,0,GREEN,БЕЗ ЗНАЧАЈНОГ РИЗИКА,NO SIGNIFICANT RISK,MODERATE,ECMWF ENS,ECMWF ENS | GEFS,0.0,2,0.0,0,0,0,0,GREEN,БЕЗ ЗНАЧАЈНОГ РИЗИКА,NO SIGNIFICANT RISK,MODERATE,ECMWF ENS,ECMWF ENS | GEFS,0.0,2,0.0,0,0,0,0,GREEN,БЕЗ ЗНАЧАЈНОГ РИЗИКА,NO SIGNIFICANT RISK,MODERATE,ECMWF ENS,ECMWF ENS | GEFS,0.0,2,0.0,0,0,0,0,GREEN,БЕЗ ЗНАЧАЈНОГ РИЗИКА,NO SIGNIFICANT RISK,MODERATE,ECMWF ENS,ECMWF ENS | GEFS,0,GREEN,БЕЗ ЗНАЧАЈНОГ РИЗИКА,NO SIGNIFICANT RISK,NONE,MODERATE,21,2026-08-21T06:00:00+00:00,2026-08-22T03:00:00+00:00,STORMS,EXPERIMENTAL,DEVELOPMENTAL MULTIMODEL SIGNAL - NOT CALIBRATED PROBABILITY,PUBLIC OPEN-DATA SERVICES,INDEPENDENT PROJECT - NOT AN OFFICIAL RHMZ WARNING PRODUCT
80314,PANČEVO-GRAD,PANČEVO-GRAD,ПАНЧЕВО-ГРАД,0.0,0.0,0.0,0.0,0.0,15.890411413664731,62.90684795379639,10,51,2026-08-22T03:00:00Z,2026-08-20T00:00:00Z,0.0,0.0,0.0,65.3,0.0,10.9,10,,0.0,0.0,0.0,,,,0.0,2,0.0,0,0,0,0,GREEN,БЕЗ ЗНАЧАЈНОГ РИЗИКА,NO SIGNIFICANT RISK,MODERATE,ECMWF ENS,ECMWF ENS | GEFS,0.0,2,0.0,0,0,0,0,GREEN,БЕЗ ЗНАЧАЈНОГ РИЗИКА,NO SIGNIFICANT RISK,MODERATE,ECMWF ENS,ECMWF ENS | GEFS,0.0,2,0.0,0,0,0,0,GREEN,БЕЗ ЗНАЧАЈНОГ РИЗИКА,NO SIGNIFICANT RISK,MODERATE,ECMWF ENS,ECMWF ENS | GEFS,0.0,2,0.0,0,0,0,0,GREEN,БЕЗ ЗНАЧАЈНОГ РИЗИКА,NO SIGNIFICANT RISK,MODERATE,ECMWF ENS,ECMWF ENS | GEFS,0,GREEN,БЕЗ ЗНАЧАЈНОГ РИЗИКА,NO SIGNIFICANT RISK,NONE,MODERATE,21,2026-08-21T06:00:00+00:00,2026-08-22T03:00:00+00:00,STORMS,EXPERIMENTAL,DEVELOPMENTAL MULTIMODEL SIGNAL - NOT CALIBRATED PROBABILITY,PUBLIC OPEN-DATA SERVICES,INDEPENDENT PROJECT - NOT AN OFFICIAL RHMZ WARNING PRODUCT
70904,PARAĆIN,PARAĆIN,ПАРАЋИН,0.0,0.0,0.0,0.0,0.0,14.836652889361147,59.9068489074707,8,51,2026-08-22T03:00:00Z,2026-08-20T00:00:00Z,0.0,0.0,0.0,53.1,0.0,11.3,8,,0.0,0.0,0.0,,,,0.0,2,0.0,0,0,0,0,GREEN,БЕЗ ЗНАЧАЈНОГ РИЗИКА,NO SIGNIFICANT RISK,MODERATE,ECMWF ENS,ECMWF ENS | GEFS,0.0,2,0.0,0,0,0,0,GREEN,БЕЗ ЗНАЧАЈНОГ РИЗИКА,NO SIGNIFICANT RISK,MODERATE,ECMWF ENS,ECMWF ENS | GEFS,0.0,2,0.0,0,0,0,0,GREEN,БЕЗ ЗНАЧАЈНОГ РИЗИКА,NO SIGNIFICANT RISK,MODERATE,ECMWF ENS,ECMWF ENS | GEFS,0.0,2,0.0,0,0,0,0,GREEN,БЕЗ ЗНАЧАЈНОГ РИЗИКА,NO SIGNIFICANT RISK,MODERATE,ECMWF ENS,ECMWF ENS | GEFS,0,GREEN,БЕЗ ЗНАЧАЈНОГ РИЗИКА,NO SIGNIFICANT RISK,NONE,MODERATE,21,2026-08-21T06:00:00+00:00,2026-08-22T03:00:00+00:00,STORMS,EXPERIMENTAL,DEVELOPMENTAL MULTIMODEL SIGNAL - NOT CALIBRATED PROBABILITY,PUBLIC OPEN-DATA SERVICES,INDEPENDENT PROJECT - NOT AN OFFICIAL RHMZ WARNING PRODUCT
90239,PEĆ,PEĆ,ПЕЋ,0.0,0.0,0.0,0.0,0.0,10.478539139516084,56.24708557128906,11,51,2026-08-22T03:00:00Z,2026-08-20T00:00:00Z,0.0,0.0,0.0,55.8,0.0,5.4,11,,0.0,0.0,0.0,,,,0.0,2,0.0,0,0,0,0,GREEN,БЕЗ ЗНАЧАЈНОГ РИЗИКА,NO SIGNIFICANT RISK,MODERATE,ECMWF ENS,ECMWF ENS | GEFS,0.0,2,0.0,0,0,0,0,GREEN,БЕЗ ЗНАЧАЈНОГ РИЗИКА,NO SIGNIFICANT RISK,MODERATE,ECMWF ENS,ECMWF ENS | GEFS,0.0,2,0.0,0,0,0,0,GREEN,БЕЗ ЗНАЧАЈНОГ РИЗИКА,NO SIGNIFICANT RISK,MODERATE,ECMWF ENS,ECMWF ENS | GEFS,0.0,2,0.0,0,0,0,0,GREEN,БЕЗ ЗНАЧАЈНОГ РИЗИКА,NO SIGNIFICANT RISK,MODERATE,ECMWF ENS,ECMWF ENS | GEFS,0,GREEN,БЕЗ ЗНАЧАЈНОГ РИЗИКА,NO SIGNIFICANT RISK,NONE,MODERATE,21,2026-08-21T06:00:00+00:00,2026-08-22T03:00:00+00:00,STORMS,EXPERIMENTAL,DEVELOPMENTAL MULTIMODEL SIGNAL - NOT CALIBRATED PROBABILITY,PUBLIC OPEN-DATA SERVICES,INDEPENDENT PROJECT - NOT AN OFFICIAL RHMZ WARNING PRODUCT
80322,PEĆINCI,PEĆINCI,ПЕЋИНЦИ,0.0,0.0,0.0,0.0,0.0,13.378525247145337,63.70000076293945,9,51,2026-08-22T03:00:00Z,2026-08-20T00:00:00Z,0.0,0.0,0.0,55.8,0.0,8.8,9,,0.0,0.0,0.0,,,,0.0,2,0.0,0,0,0,0,GREEN,БЕЗ ЗНАЧАЈНОГ РИЗИКА,NO SIGNIFICANT RISK,MODERATE,ECMWF ENS,ECMWF ENS | GEFS,0.0,2,0.0,0,0,0,0,GREEN,БЕЗ ЗНАЧАЈНОГ РИЗИКА,NO SIGNIFICANT RISK,MODERATE,ECMWF ENS,ECMWF ENS | GEFS,0.0,2,0.0,0,0,0,0,GREEN,БЕЗ ЗНАЧАЈНОГ РИЗИКА,NO SIGNIFICANT RISK,MODERATE,ECMWF ENS,ECMWF ENS | GEFS,0.0,2,0.0,0,0,0,0,GREEN,БЕЗ ЗНАЧАЈНОГ РИЗИКА,NO SIGNIFICANT RISK,MODERATE,ECMWF ENS,ECMWF ENS | GEFS,0,GREEN,БЕЗ ЗНАЧАЈНОГ РИЗИКА,NO SIGNIFICANT RISK,NONE,MODERATE,21,2026-08-21T06:00:00+00:00,2026-08-22T03:00:00+00:00,STORMS,EXPERIMENTAL,DEVELOPMENTAL MULTIMODEL SIGNAL - NOT CALIBRATED PROBABILITY,PUBLIC OPEN-DATA SERVICES,INDEPENDENT PROJECT - NOT AN OFFICIAL RHMZ WARNING PRODUCT
70912,PETROVAC NA MLAVI,PETROVAC NA MLAVI,ПЕТРОВАЦ НА МЛАВИ,0.0,0.0,0.0,0.0,0.0,15.890411413664731,61.09999847412109,10,51,2026-08-22T03:00:00Z,2026-08-20T00:00:00Z,0.0,0.0,0.0,62.0,0.0,13.1,10,,0.0,0.0,0.0,,,,0.0,2,0.0,0,0,0,0,GREEN,БЕЗ ЗНАЧАЈНОГ РИЗИКА,NO SIGNIFICANT RISK,MODERATE,ECMWF ENS,ECMWF ENS | GEFS,0.0,2,0.0,0,0,0,0,GREEN,БЕЗ ЗНАЧАЈНОГ РИЗИКА,NO SIGNIFICANT RISK,MODERATE,ECMWF ENS,ECMWF ENS | GEFS,0.0,2,0.0,0,0,0,0,GREEN,БЕЗ ЗНАЧАЈНОГ РИЗИКА,NO SIGNIFICANT RISK,MODERATE,ECMWF ENS,ECMWF ENS | GEFS,0.0,2,0.0,0,0,0,0,GREEN,БЕЗ ЗНАЧАЈНОГ РИЗИКА,NO SIGNIFICANT RISK,MODERATE,ECMWF ENS,ECMWF ENS | GEFS,0,GREEN,БЕЗ ЗНАЧАЈНОГ РИЗИКА,NO SIGNIFICANT RISK,NONE,MODERATE,21,2026-08-21T06:00:00+00:00,2026-08-22T03:00:00+00:00,STORMS,EXPERIMENTAL,DEVELOPMENTAL MULTIMODEL SIGNAL - NOT CALIBRATED PROBABILITY,PUBLIC OPEN-DATA SERVICES,INDEPENDENT PROJECT - NOT AN OFFICIAL RHMZ WARNING PRODUCT
70939,PIROT,PIROT,ПИРОТ,0.0,0.0,0.0,0.0,0.0,7.953014849997847,60.704891204833984,12,51,2026-08-22T03:00:00Z,2026-08-20T00:00:00Z,0.0,0.0,0.0,51.1,0.0,5.1,12,,0.0,0.0,0.0,,,,0.0,2,0.0,0,0,0,0,GREEN,БЕЗ ЗНАЧАЈНОГ РИЗИКА,NO SIGNIFICANT RISK,MODERATE,ECMWF ENS,ECMWF ENS | GEFS,0.0,2,0.0,0,0,0,0,GREEN,БЕЗ ЗНАЧАЈНОГ РИЗИКА,NO SIGNIFICANT RISK,MODERATE,ECMWF ENS,ECMWF ENS | GEFS,0.0,2,0.0,0,0,0,0,GREEN,БЕЗ ЗНАЧАЈНОГ РИЗИКА,NO SIGNIFICANT RISK,MODERATE,ECMWF ENS,ECMWF ENS | GEFS,0.0,2,0.0,0,0,0,0,GREEN,БЕЗ ЗНАЧАЈНОГ РИЗИКА,NO SIGNIFICANT RISK,MODERATE,ECMWF ENS,ECMWF ENS | GEFS,0,GREEN,БЕЗ ЗНАЧАЈНОГ РИЗИКА,NO SIGNIFICANT RISK,NONE,MODERATE,21,2026-08-21T06:00:00+00:00,2026-08-22T03:00:00+00:00,STORMS,EXPERIMENTAL,DEVELOPMENTAL MULTIMODEL SIGNAL - NOT CALIBRATED PROBABILITY,PUBLIC OPEN-DATA SERVICES,INDEPENDENT PROJECT - NOT AN OFFICIAL RHMZ WARNING PRODUCT
80349,PLANDIŠTE,PLANDIŠTE,ПЛАНДИШТЕ,0.0,0.0,0.0,0.0,0.0,14.42002156580438,64.5068473815918,9,51,2026-08-22T03:00:00Z,2026-08-20T00:00:00Z,0.0,0.0,0.0,66.2,0.0,10.6,9,,0.0,0.0,0.0,,,,0.0,2,0.0,0,0,0,0,GREEN,БЕЗ ЗНАЧАЈНОГ РИЗИКА,NO SIGNIFICANT RISK,MODERATE,ECMWF ENS,ECMWF ENS | GEFS,0.0,2,0.0,0,0,0,0,GREEN,БЕЗ ЗНАЧАЈНОГ РИЗИКА,NO SIGNIFICANT RISK,MODERATE,ECMWF ENS,ECMWF ENS | GEFS,0.0,2,0.0,0,0,0,0,GREEN,БЕЗ ЗНАЧАЈНОГ РИЗИКА,NO SIGNIFICANT RISK,MODERATE,ECMWF ENS,ECMWF ENS | GEFS,0.0,2,0.0,0,0,0,0,GREEN,БЕЗ ЗНАЧАЈНОГ РИЗИКА,NO SIGNIFICANT RISK,MODERATE,ECMWF ENS,ECMWF ENS | GEFS,0,GREEN,БЕЗ ЗНАЧАЈНОГ РИЗИКА,NO SIGNIFICANT RISK,NONE,MODERATE,21,2026-08-21T06:00:00+00:00,2026-08-22T03:00:00+00:00,STORMS,EXPERIMENTAL,DEVELOPMENTAL MULTIMODEL SIGNAL - NOT CALIBRATED PROBABILITY,PUBLIC OPEN-DATA SERVICES,INDEPENDENT PROJECT - NOT AN OFFICIAL RHMZ WARNING PRODUCT
90247,PODUJEVO,PODUJEVO,ПОДУЈЕВО,0.0,0.0,0.0,0.0,0.0,12.42253690596172,59.875,10,51,2026-08-22T03:00:00Z,2026-08-20T00:00:00Z,0.0,0.0,0.0,53.3,0.0,7.5,10,,0.0,0.0,0.0,,,,0.0,2,0.0,0,0,0,0,GREEN,БЕЗ ЗНАЧАЈНОГ РИЗИКА,NO SIGNIFICANT RISK,MODERATE,ECMWF ENS,ECMWF ENS | GEFS,0.0,2,0.0,0,0,0,0,GREEN,БЕЗ ЗНАЧАЈНОГ РИЗИКА,NO SIGNIFICANT RISK,MODERATE,ECMWF ENS,ECMWF ENS | GEFS,0.0,2,0.0,0,0,0,0,GREEN,БЕЗ ЗНАЧАЈНОГ РИЗИКА,NO SIGNIFICANT RISK,MODERATE,ECMWF ENS,ECMWF ENS | GEFS,0.0,2,0.0,0,0,0,0,GREEN,БЕЗ ЗНАЧАЈНОГ РИЗИКА,NO SIGNIFICANT RISK,MODERATE,ECMWF ENS,ECMWF ENS | GEFS,0,GREEN,БЕЗ ЗНАЧАЈНОГ РИЗИКА,NO SIGNIFICANT RISK,NONE,MODERATE,21,2026-08-21T06:00:00+00:00,2026-08-22T03:00:00+00:00,STORMS,EXPERIMENTAL,DEVELOPMENTAL MULTIMODEL SIGNAL - NOT CALIBRATED PROBABILITY,PUBLIC OPEN-DATA SERVICES,INDEPENDENT PROJECT - NOT AN OFFICIAL RHMZ WARNING PRODUCT
70947,POŽAREVAC-GRAD,POŽAREVAC-GRAD,ПОЖАРЕВАЦ-ГРАД,0.0,0.0,0.0,0.0,0.0,15.890411413664731,62.66298294067383,8,51,2026-08-22T03:00:00Z,2026-08-20T00:00:00Z,0.0,0.0,0.0,64.2,0.0,13.7,8,,0.0,0.0,0.0,,,,0.0,2,0.0,0,0,0,0,GREEN,БЕЗ ЗНАЧАЈНОГ РИЗИКА,NO SIGNIFICANT RISK,MODERATE,ECMWF ENS,ECMWF ENS | GEFS,0.0,2,0.0,0,0,0,0,GREEN,БЕЗ ЗНАЧАЈНОГ РИЗИКА,NO SIGNIFICANT RISK,MODERATE,ECMWF ENS,ECMWF ENS | GEFS,0.0,2,0.0,0,0,0,0,GREEN,БЕЗ ЗНАЧАЈНОГ РИЗИКА,NO SIGNIFICANT RISK,MODERATE,ECMWF ENS,ECMWF ENS | GEFS,0.0,2,0.0,0,0,0,0,GREEN,БЕЗ ЗНАЧАЈНОГ РИЗИКА,NO SIGNIFICANT RISK,MODERATE,ECMWF ENS,ECMWF ENS | GEFS,0,GREEN,БЕЗ ЗНАЧАЈНОГ РИЗИКА,NO SIGNIFICANT RISK,NONE,MODERATE,21,2026-08-21T06:00:00+00:00,2026-08-22T03:00:00+00:00,STORMS,EXPERIMENTAL,DEVELOPMENTAL MULTIMODEL SIGNAL - NOT CALIBRATED PROBABILITY,PUBLIC OPEN-DATA SERVICES,INDEPENDENT PROJECT - NOT AN OFFICIAL RHMZ WARNING PRODUCT
70955,POŽEGA,POŽEGA,ПОЖЕГА,0.0,0.0,0.0,0.0,0.0,13.81667516180787,60.25,8,51,2026-08-22T03:00:00Z,2026-08-20T00:00:00Z,0.0,0.0,0.0,61.2,0.0,12.1,8,,0.0,0.0,0.0,,,,0.0,2,0.0,0,0,0,0,GREEN,БЕЗ ЗНАЧАЈНОГ РИЗИКА,NO SIGNIFICANT RISK,MODERATE,ECMWF ENS,ECMWF ENS | GEFS,0.0,2,0.0,0,0,0,0,GREEN,БЕЗ ЗНАЧАЈНОГ РИЗИКА,NO SIGNIFICANT RISK,MODERATE,ECMWF ENS,ECMWF ENS | GEFS,0.0,2,0.0,0,0,0,0,GREEN,БЕЗ ЗНАЧАЈНОГ РИЗИКА,NO SIGNIFICANT RISK,MODERATE,ECMWF ENS,ECMWF ENS | GEFS,0.0,2,0.0,0,0,0,0,GREEN,БЕЗ ЗНАЧАЈНОГ РИЗИКА,NO SIGNIFICANT RISK,MODERATE,ECMWF ENS,ECMWF ENS | GEFS,0,GREEN,БЕЗ ЗНАЧАЈНОГ РИЗИКА,NO SIGNIFICANT RISK,NONE,MODERATE,21,2026-08-21T06:00:00+00:00,2026-08-22T03:00:00+00:00,STORMS,EXPERIMENTAL,DEVELOPMENTAL MULTIMODEL SIGNAL - NOT CALIBRATED PROBABILITY,PUBLIC OPEN-DATA SERVICES,INDEPENDENT PROJECT - NOT AN OFFICIAL RHMZ WARNING PRODUCT
70963,PREŠEVO,PREŠEVO,ПРЕШЕВО,0.0,0.0,0.0,0.0,0.0,6.156417375969236,60.14470481872559,7,51,2026-08-22T03:00:00Z,2026-08-20T00:00:00Z,0.0,0.0,0.0,42.7,0.0,3.2,7,,0.0,0.0,0.0,,,,0.0,2,0.0,0,0,0,0,GREEN,БЕЗ ЗНАЧАЈНОГ РИЗИКА,NO SIGNIFICANT RISK,MODERATE,ECMWF ENS,ECMWF ENS | GEFS,0.0,2,0.0,0,0,0,0,GREEN,БЕЗ ЗНАЧАЈНОГ РИЗИКА,NO SIGNIFICANT RISK,MODERATE,ECMWF ENS,ECMWF ENS | GEFS,0.0,2,0.0,0,0,0,0,GREEN,БЕЗ ЗНАЧАЈНОГ РИЗИКА,NO SIGNIFICANT RISK,MODERATE,ECMWF ENS,ECMWF ENS | GEFS,0.0,2,0.0,0,0,0,0,GREEN,БЕЗ ЗНАЧАЈНОГ РИЗИКА,NO SIGNIFICANT RISK,MODERATE,ECMWF ENS,ECMWF ENS | GEFS,0,GREEN,БЕЗ ЗНАЧАЈНОГ РИЗИКА,NO SIGNIFICANT RISK,NONE,MODERATE,21,2026-08-21T06:00:00+00:00,2026-08-22T03:00:00+00:00,STORMS,EXPERIMENTAL,DEVELOPMENTAL MULTIMODEL SIGNAL - NOT CALIBRATED PROBABILITY,PUBLIC OPEN-DATA SERVICES,INDEPENDENT PROJECT - NOT AN OFFICIAL RHMZ WARNING PRODUCT
70980,PRIJEPOLJE,PRIJEPOLJE,ПРИЈЕПОЉЕ,0.0,0.0,0.0,0.0,0.0,11.113281004663053,54.55489158630371,11,51,2026-08-22T03:00:00Z,2026-08-20T00:00:00Z,0.0,0.0,0.0,50.2,0.0,4.8,11,,0.0,0.0,0.0,,,,0.0,2,0.0,0,0,0,0,GREEN,БЕЗ ЗНАЧАЈНОГ РИЗИКА,NO SIGNIFICANT RISK,MODERATE,ECMWF ENS,ECMWF ENS | GEFS,0.0,2,0.0,0,0,0,0,GREEN,БЕЗ ЗНАЧАЈНОГ РИЗИКА,NO SIGNIFICANT RISK,MODERATE,ECMWF ENS,ECMWF ENS | GEFS,0.0,2,0.0,0,0,0,0,GREEN,БЕЗ ЗНАЧАЈНОГ РИЗИКА,NO SIGNIFICANT RISK,MODERATE,ECMWF ENS,ECMWF ENS | GEFS,0.0,2,0.0,0,0,0,0,GREEN,БЕЗ ЗНАЧАЈНОГ РИЗИКА,NO SIGNIFICANT RISK,MODERATE,ECMWF ENS,ECMWF ENS | GEFS,0,GREEN,БЕЗ ЗНАЧАЈНОГ РИЗИКА,NO SIGNIFICANT RISK,NONE,MODERATE,21,2026-08-21T06:00:00+00:00,2026-08-22T03:00:00+00:00,STORMS,EXPERIMENTAL,DEVELOPMENTAL MULTIMODEL SIGNAL - NOT CALIBRATED PROBABILITY,PUBLIC OPEN-DATA SERVICES,INDEPENDENT PROJECT - NOT AN OFFICIAL RHMZ WARNING PRODUCT
70971,PRIBOJ,PRIBOJ,ПРИБОЈ,0.0,0.0,0.0,0.0,0.0,12.316633535031832,55.93184852600098,10,51,2026-08-22T03:00:00Z,2026-08-20T00:00:00Z,0.0,0.0,0.0,50.1,0.0,3.9,10,,0.0,0.0,0.0,,,,0.0,2,0.0,0,0,0,0,GREEN,БЕЗ ЗНАЧАЈНОГ РИЗИКА,NO SIGNIFICANT RISK,MODERATE,ECMWF ENS,ECMWF ENS | GEFS,0.0,2,0.0,0,0,0,0,GREEN,БЕЗ ЗНАЧАЈНОГ РИЗИКА,NO SIGNIFICANT RISK,MODERATE,ECMWF ENS,ECMWF ENS | GEFS,0.0,2,0.0,0,0,0,0,GREEN,БЕЗ ЗНАЧАЈНОГ РИЗИКА,NO SIGNIFICANT RISK,MODERATE,ECMWF ENS,ECMWF ENS | GEFS,0.0,2,0.0,0,0,0,0,GREEN,БЕЗ ЗНАЧАЈНОГ РИЗИКА,NO SIGNIFICANT RISK,MODERATE,ECMWF ENS,ECMWF ENS | GEFS,0,GREEN,БЕЗ ЗНАЧАЈНОГ РИЗИКА,NO SIGNIFICANT RISK,NONE,MODERATE,21,2026-08-21T06:00:00+00:00,2026-08-22T03:00:00+00:00,STORMS,EXPERIMENTAL,DEVELOPMENTAL MULTIMODEL SIGNAL - NOT CALIBRATED PROBABILITY,PUBLIC OPEN-DATA SERVICES,INDEPENDENT PROJECT - NOT AN OFFICIAL RHMZ WARNING PRODUCT
90255,PRIZREN,PRIZREN,ПРИЗРЕН,0.0,0.0,0.0,0.0,0.0,6.053638740064679,60.76020050048828,10,51,2026-08-22T03:00:00Z,2026-08-20T00:00:00Z,0.0,0.0,0.0,51.8,0.0,4.2,10,,0.0,0.0,0.0,,,,0.0,2,0.0,0,0,0,0,GREEN,БЕЗ ЗНАЧАЈНОГ РИЗИКА,NO SIGNIFICANT RISK,MODERATE,ECMWF ENS,ECMWF ENS | GEFS,0.0,2,0.0,0,0,0,0,GREEN,БЕЗ ЗНАЧАЈНОГ РИЗИКА,NO SIGNIFICANT RISK,MODERATE,ECMWF ENS,ECMWF ENS | GEFS,0.0,2,0.0,0,0,0,0,GREEN,БЕЗ ЗНАЧАЈНОГ РИЗИКА,NO SIGNIFICANT RISK,MODERATE,ECMWF ENS,ECMWF ENS | GEFS,0.0,2,0.0,0,0,0,0,GREEN,БЕЗ ЗНАЧАЈНОГ РИЗИКА,NO SIGNIFICANT RISK,MODERATE,ECMWF ENS,ECMWF ENS | GEFS,0,GREEN,БЕЗ ЗНАЧАЈНОГ РИЗИКА,NO SIGNIFICANT RISK,NONE,MODERATE,21,2026-08-21T06:00:00+00:00,2026-08-22T03:00:00+00:00,STORMS,EXPERIMENTAL,DEVELOPMENTAL MULTIMODEL SIGNAL - NOT CALIBRATED PROBABILITY,PUBLIC OPEN-DATA SERVICES,INDEPENDENT PROJECT - NOT AN OFFICIAL RHMZ WARNING PRODUCT
90263,PRIŠTINA-GRAD,PRIŠTINA-GRAD,ПРИШТИНА-ГРАД,0.0,0.0,0.0,0.0,0.0,11.157446687166686,59.59999847412109,9,51,2026-08-22T03:00:00Z,2026-08-20T00:00:00Z,0.0,0.0,0.0,38.0,0.0,6.5,9,,0.0,0.0,0.0,,,,0.0,2,0.0,0,0,0,0,GREEN,БЕЗ ЗНАЧАЈНОГ РИЗИКА,NO SIGNIFICANT RISK,MODERATE,ECMWF ENS,ECMWF ENS | GEFS,0.0,2,0.0,0,0,0,0,GREEN,БЕЗ ЗНАЧАЈНОГ РИЗИКА,NO SIGNIFICANT RISK,MODERATE,ECMWF ENS,ECMWF ENS | GEFS,0.0,2,0.0,0,0,0,0,GREEN,БЕЗ ЗНАЧАЈНОГ РИЗИКА,NO SIGNIFICANT RISK,MODERATE,ECMWF ENS,ECMWF ENS | GEFS,0.0,2,0.0,0,0,0,0,GREEN,БЕЗ ЗНАЧАЈНОГ РИЗИКА,NO SIGNIFICANT RISK,MODERATE,ECMWF ENS,ECMWF ENS | GEFS,0,GREEN,БЕЗ ЗНАЧАЈНОГ РИЗИКА,NO SIGNIFICANT RISK,NONE,MODERATE,21,2026-08-21T06:00:00+00:00,2026-08-22T03:00:00+00:00,STORMS,EXPERIMENTAL,DEVELOPMENTAL MULTIMODEL SIGNAL - NOT CALIBRATED PROBABILITY,PUBLIC OPEN-DATA SERVICES,INDEPENDENT PROJECT - NOT AN OFFICIAL RHMZ WARNING PRODUCT
70998,PROKUPLJE,PROKUPLJE,ПРОКУПЉЕ,0.0,0.0,0.0,0.0,0.0,14.056469978786671,60.70684814453125,9,51,2026-08-22T03:00:00Z,2026-08-20T00:00:00Z,0.0,0.0,0.0,46.3,0.0,9.2,9,,0.0,0.0,0.0,,,,0.0,2,0.0,0,0,0,0,GREEN,БЕЗ ЗНАЧАЈНОГ РИЗИКА,NO SIGNIFICANT RISK,MODERATE,ECMWF ENS,ECMWF ENS | GEFS,0.0,2,0.0,0,0,0,0,GREEN,БЕЗ ЗНАЧАЈНОГ РИЗИКА,NO SIGNIFICANT RISK,MODERATE,ECMWF ENS,ECMWF ENS | GEFS,0.0,2,0.0,0,0,0,0,GREEN,БЕЗ ЗНАЧАЈНОГ РИЗИКА,NO SIGNIFICANT RISK,MODERATE,ECMWF ENS,ECMWF ENS | GEFS,0.0,2,0.0,0,0,0,0,GREEN,БЕЗ ЗНАЧАЈНОГ РИЗИКА,NO SIGNIFICANT RISK,MODERATE,ECMWF ENS,ECMWF ENS | GEFS,0,GREEN,БЕЗ ЗНАЧАЈНОГ РИЗИКА,NO SIGNIFICANT RISK,NONE,MODERATE,21,2026-08-21T06:00:00+00:00,2026-08-22T03:00:00+00:00,STORMS,EXPERIMENTAL,DEVELOPMENTAL MULTIMODEL SIGNAL - NOT CALIBRATED PROBABILITY,PUBLIC OPEN-DATA SERVICES,INDEPENDENT PROJECT - NOT AN OFFICIAL RHMZ WARNING PRODUCT
71005,RAŽANJ,RAŽANJ,РАЖАЊ,0.0,0.0,0.0,0.0,0.0,14.747581028728822,60.09999847412109,9,51,2026-08-22T03:00:00Z,2026-08-20T00:00:00Z,0.0,0.0,0.0,50.3,0.0,10.5,9,,0.0,0.0,0.0,,,,0.0,2,0.0,0,0,0,0,GREEN,БЕЗ ЗНАЧАЈНОГ РИЗИКА,NO SIGNIFICANT RISK,MODERATE,ECMWF ENS,ECMWF ENS | GEFS,0.0,2,0.0,0,0,0,0,GREEN,БЕЗ ЗНАЧАЈНОГ РИЗИКА,NO SIGNIFICANT RISK,MODERATE,ECMWF ENS,ECMWF ENS | GEFS,0.0,2,0.0,0,0,0,0,GREEN,БЕЗ ЗНАЧАЈНОГ РИЗИКА,NO SIGNIFICANT RISK,MODERATE,ECMWF ENS,ECMWF ENS | GEFS,0.0,2,0.0,0,0,0,0,GREEN,БЕЗ ЗНАЧАЈНОГ РИЗИКА,NO SIGNIFICANT RISK,MODERATE,ECMWF ENS,ECMWF ENS | GEFS,0,GREEN,БЕЗ ЗНАЧАЈНОГ РИЗИКА,NO SIGNIFICANT RISK,NONE,MODERATE,21,2026-08-21T06:00:00+00:00,2026-08-22T03:00:00+00:00,STORMS,EXPERIMENTAL,DEVELOPMENTAL MULTIMODEL SIGNAL - NOT CALIBRATED PROBABILITY,PUBLIC OPEN-DATA SERVICES,INDEPENDENT PROJECT - NOT AN OFFICIAL RHMZ WARNING PRODUCT
71013,RAČA,RAČA,РАЧА,0.0,0.0,0.0,0.0,0.0,15.890411413664731,61.20000076293945,8,51,2026-08-22T03:00:00Z,2026-08-20T00:00:00Z,0.0,0.0,0.0,63.9,0.0,12.7,8,,0.0,0.0,0.0,,,,0.0,2,0.0,0,0,0,0,GREEN,БЕЗ ЗНАЧАЈНОГ РИЗИКА,NO SIGNIFICANT RISK,MODERATE,ECMWF ENS,ECMWF ENS | GEFS,0.0,2,0.0,0,0,0,0,GREEN,БЕЗ ЗНАЧАЈНОГ РИЗИКА,NO SIGNIFICANT RISK,MODERATE,ECMWF ENS,ECMWF ENS | GEFS,0.0,2,0.0,0,0,0,0,GREEN,БЕЗ ЗНАЧАЈНОГ РИЗИКА,NO SIGNIFICANT RISK,MODERATE,ECMWF ENS,ECMWF ENS | GEFS,0.0,2,0.0,0,0,0,0,GREEN,БЕЗ ЗНАЧАЈНОГ РИЗИКА,NO SIGNIFICANT RISK,MODERATE,ECMWF ENS,ECMWF ENS | GEFS,0,GREEN,БЕЗ ЗНАЧАЈНОГ РИЗИКА,NO SIGNIFICANT RISK,NONE,MODERATE,21,2026-08-21T06:00:00+00:00,2026-08-22T03:00:00+00:00,STORMS,EXPERIMENTAL,DEVELOPMENTAL MULTIMODEL SIGNAL - NOT CALIBRATED PROBABILITY,PUBLIC OPEN-DATA SERVICES,INDEPENDENT PROJECT - NOT AN OFFICIAL RHMZ WARNING PRODUCT
71021,RAŠKA,RAŠKA,РАШКА,0.0,0.0,0.0,0.0,0.0,13.021283204194743,59.09999847412109,10,51,2026-08-22T03:00:00Z,2026-08-20T00:00:00Z,0.0,0.0,0.0,59.8,0.0,7.8,10,,0.0,0.0,0.0,,,,0.0,2,0.0,0,0,0,0,GREEN,БЕЗ ЗНАЧАЈНОГ РИЗИКА,NO SIGNIFICANT RISK,MODERATE,ECMWF ENS,ECMWF ENS | GEFS,0.0,2,0.0,0,0,0,0,GREEN,БЕЗ ЗНАЧАЈНОГ РИЗИКА,NO SIGNIFICANT RISK,MODERATE,ECMWF ENS,ECMWF ENS | GEFS,0.0,2,0.0,0,0,0,0,GREEN,БЕЗ ЗНАЧАЈНОГ РИЗИКА,NO SIGNIFICANT RISK,MODERATE,ECMWF ENS,ECMWF ENS | GEFS,0.0,2,0.0,0,0,0,0,GREEN,БЕЗ ЗНАЧАЈНОГ РИЗИКА,NO SIGNIFICANT RISK,MODERATE,ECMWF ENS,ECMWF ENS | GEFS,0,GREEN,БЕЗ ЗНАЧАЈНОГ РИЗИКА,NO SIGNIFICANT RISK,NONE,MODERATE,21,2026-08-21T06:00:00+00:00,2026-08-22T03:00:00+00:00,STORMS,EXPERIMENTAL,DEVELOPMENTAL MULTIMODEL SIGNAL - NOT CALIBRATED PROBABILITY,PUBLIC OPEN-DATA SERVICES,INDEPENDENT PROJECT - NOT AN OFFICIAL RHMZ WARNING PRODUCT
71030,REKOVAC,REKOVAC,РЕКОВАЦ,0.0,0.0,0.0,0.0,0.0,15.712321017300342,59.79708480834961,7,51,2026-08-22T03:00:00Z,2026-08-20T00:00:00Z,0.0,0.0,0.0,59.0,0.0,12.0,7,,0.0,0.0,0.0,,,,0.0,2,0.0,0,0,0,0,GREEN,БЕЗ ЗНАЧАЈНОГ РИЗИКА,NO SIGNIFICANT RISK,MODERATE,ECMWF ENS,ECMWF ENS | GEFS,0.0,2,0.0,0,0,0,0,GREEN,БЕЗ ЗНАЧАЈНОГ РИЗИКА,NO SIGNIFICANT RISK,MODERATE,ECMWF ENS,ECMWF ENS | GEFS,0.0,2,0.0,0,0,0,0,GREEN,БЕЗ ЗНАЧАЈНОГ РИЗИКА,NO SIGNIFICANT RISK,MODERATE,ECMWF ENS,ECMWF ENS | GEFS,0.0,2,0.0,0,0,0,0,GREEN,БЕЗ ЗНАЧАЈНОГ РИЗИКА,NO SIGNIFICANT RISK,MODERATE,ECMWF ENS,ECMWF ENS | GEFS,0,GREEN,БЕЗ ЗНАЧАЈНОГ РИЗИКА,NO SIGNIFICANT RISK,NONE,MODERATE,21,2026-08-21T06:00:00+00:00,2026-08-22T03:00:00+00:00,STORMS,EXPERIMENTAL,DEVELOPMENTAL MULTIMODEL SIGNAL - NOT CALIBRATED PROBABILITY,PUBLIC OPEN-DATA SERVICES,INDEPENDENT PROJECT - NOT AN OFFICIAL RHMZ WARNING PRODUCT
80357,RUMA,RUMA,РУМА,0.0,0.0,0.0,0.0,0.0,13.378525247145337,68.61298370361328,12,51,2026-08-22T03:00:00Z,2026-08-20T00:00:00Z,0.0,0.0,59.2,56.1,0.0,8.5,12,,0.0,0.0,0.0,,,,0.0,2,0.0,0,0,0,0,GREEN,БЕЗ ЗНАЧАЈНОГ РИЗИКА,NO SIGNIFICANT RISK,MODERATE,ECMWF ENS,ECMWF ENS | GEFS,0.0,2,0.0,0,0,0,0,GREEN,БЕЗ ЗНАЧАЈНОГ РИЗИКА,NO SIGNIFICANT RISK,MODERATE,ECMWF ENS,ECMWF ENS | GEFS,0.0,2,0.0,0,0,0,0,GREEN,БЕЗ ЗНАЧАЈНОГ РИЗИКА,NO SIGNIFICANT RISK,MODERATE,ECMWF ENS,ECMWF ENS | GEFS,0.0,2,0.0,0,0,0,0,GREEN,БЕЗ ЗНАЧАЈНОГ РИЗИКА,NO SIGNIFICANT RISK,MODERATE,ECMWF ENS,ECMWF ENS | GEFS,0,GREEN,БЕЗ ЗНАЧАЈНОГ РИЗИКА,NO SIGNIFICANT RISK,NONE,MODERATE,21,2026-08-21T06:00:00+00:00,2026-08-22T03:00:00+00:00,STORMS,EXPERIMENTAL,DEVELOPMENTAL MULTIMODEL SIGNAL - NOT CALIBRATED PROBABILITY,PUBLIC OPEN-DATA SERVICES,INDEPENDENT PROJECT - NOT AN OFFICIAL RHMZ WARNING PRODUCT
71072,SJENICA,SJENICA,СЈЕНИЦА,0.0,0.0,0.0,0.0,0.0,12.468113645383998,56.79708480834961,11,51,2026-08-22T03:00:00Z,2026-08-20T00:00:00Z,0.0,0.0,0.0,50.1,0.0,6.4,11,,0.0,0.0,0.0,,,,0.0,2,0.0,0,0,0,0,GREEN,БЕЗ ЗНАЧАЈНОГ РИЗИКА,NO SIGNIFICANT RISK,MODERATE,ECMWF ENS,ECMWF ENS | GEFS,0.0,2,0.0,0,0,0,0,GREEN,БЕЗ ЗНАЧАЈНОГ РИЗИКА,NO SIGNIFICANT RISK,MODERATE,ECMWF ENS,ECMWF ENS | GEFS,0.0,2,0.0,0,0,0,0,GREEN,БЕЗ ЗНАЧАЈНОГ РИЗИКА,NO SIGNIFICANT RISK,MODERATE,ECMWF ENS,ECMWF ENS | GEFS,0.0,2,0.0,0,0,0,0,GREEN,БЕЗ ЗНАЧАЈНОГ РИЗИКА,NO SIGNIFICANT RISK,MODERATE,ECMWF ENS,ECMWF ENS | GEFS,0,GREEN,БЕЗ ЗНАЧАЈНОГ РИЗИКА,NO SIGNIFICANT RISK,NONE,MODERATE,21,2026-08-21T06:00:00+00:00,2026-08-22T03:00:00+00:00,STORMS,EXPERIMENTAL,DEVELOPMENTAL MULTIMODEL SIGNAL - NOT CALIBRATED PROBABILITY,PUBLIC OPEN-DATA SERVICES,INDEPENDENT PROJECT - NOT AN OFFICIAL RHMZ WARNING PRODUCT
71056,SVILAJNAC,SVILAJNAC,СВИЛАЈНАЦ,0.0,0.0,0.0,0.0,0.0,15.890411413664731,61.09999847412109,8,51,2026-08-22T03:00:00Z,2026-08-20T00:00:00Z,0.0,0.0,0.0,62.0,0.0,13.1,8,,0.0,0.0,0.0,,,,0.0,2,0.0,0,0,0,0,GREEN,БЕЗ ЗНАЧАЈНОГ РИЗИКА,NO SIGNIFICANT RISK,MODERATE,ECMWF ENS,ECMWF ENS | GEFS,0.0,2,0.0,0,0,0,0,GREEN,БЕЗ ЗНАЧАЈНОГ РИЗИКА,NO SIGNIFICANT RISK,MODERATE,ECMWF ENS,ECMWF ENS | GEFS,0.0,2,0.0,0,0,0,0,GREEN,БЕЗ ЗНАЧАЈНОГ РИЗИКА,NO SIGNIFICANT RISK,MODERATE,ECMWF ENS,ECMWF ENS | GEFS,0.0,2,0.0,0,0,0,0,GREEN,БЕЗ ЗНАЧАЈНОГ РИЗИКА,NO SIGNIFICANT RISK,MODERATE,ECMWF ENS,ECMWF ENS | GEFS,0,GREEN,БЕЗ ЗНАЧАЈНОГ РИЗИКА,NO SIGNIFICANT RISK,NONE,MODERATE,21,2026-08-21T06:00:00+00:00,2026-08-22T03:00:00+00:00,STORMS,EXPERIMENTAL,DEVELOPMENTAL MULTIMODEL SIGNAL - NOT CALIBRATED PROBABILITY,PUBLIC OPEN-DATA SERVICES,INDEPENDENT PROJECT - NOT AN OFFICIAL RHMZ WARNING PRODUCT
71064,SVRLJIG,SVRLJIG,СВРЉИГ,0.0,0.0,0.0,0.0,0.0,12.574410527578513,60.21431350708008,10,51,2026-08-22T03:00:00Z,2026-08-20T00:00:00Z,0.0,0.0,0.0,53.8,0.0,9.4,10,,0.0,0.0,0.0,,,,0.0,2,0.0,0,0,0,0,GREEN,БЕЗ ЗНАЧАЈНОГ РИЗИКА,NO SIGNIFICANT RISK,MODERATE,ECMWF ENS,ECMWF ENS | GEFS,0.0,2,0.0,0,0,0,0,GREEN,БЕЗ ЗНАЧАЈНОГ РИЗИКА,NO SIGNIFICANT RISK,MODERATE,ECMWF ENS,ECMWF ENS | GEFS,0.0,2,0.0,0,0,0,0,GREEN,БЕЗ ЗНАЧАЈНОГ РИЗИКА,NO SIGNIFICANT RISK,MODERATE,ECMWF ENS,ECMWF ENS | GEFS,0.0,2,0.0,0,0,0,0,GREEN,БЕЗ ЗНАЧАЈНОГ РИЗИКА,NO SIGNIFICANT RISK,MODERATE,ECMWF ENS,ECMWF ENS | GEFS,0,GREEN,БЕЗ ЗНАЧАЈНОГ РИЗИКА,NO SIGNIFICANT RISK,NONE,MODERATE,21,2026-08-21T06:00:00+00:00,2026-08-22T03:00:00+00:00,STORMS,EXPERIMENTAL,DEVELOPMENTAL MULTIMODEL SIGNAL - NOT CALIBRATED PROBABILITY,PUBLIC OPEN-DATA SERVICES,INDEPENDENT PROJECT - NOT AN OFFICIAL RHMZ WARNING PRODUCT
80365,SENTA,SENTA,СЕНТА,0.0,0.0,0.0,0.0,0.0,12.706718205672455,65.27500343322754,6,51,2026-08-22T03:00:00Z,2026-08-20T00:00:00Z,0.0,0.0,283.8,59.3,0.0,9.6,6,,0.0,0.0,0.0,,,,0.0,2,0.0,0,0,0,0,GREEN,БЕЗ ЗНАЧАЈНОГ РИЗИКА,NO SIGNIFICANT RISK,MODERATE,ECMWF ENS,ECMWF ENS | GEFS,0.0,2,0.0,0,0,0,0,GREEN,БЕЗ ЗНАЧАЈНОГ РИЗИКА,NO SIGNIFICANT RISK,MODERATE,ECMWF ENS,ECMWF ENS | GEFS,0.0,2,0.0,0,0,0,0,GREEN,БЕЗ ЗНАЧАЈНОГ РИЗИКА,NO SIGNIFICANT RISK,MODERATE,ECMWF ENS,ECMWF ENS | GEFS,0.0,2,0.0,0,0,0,0,GREEN,БЕЗ ЗНАЧАЈНОГ РИЗИКА,NO SIGNIFICANT RISK,MODERATE,ECMWF ENS,ECMWF ENS | GEFS,0,GREEN,БЕЗ ЗНАЧАЈНОГ РИЗИКА,NO SIGNIFICANT RISK,NONE,MODERATE,21,2026-08-21T06:00:00+00:00,2026-08-22T03:00:00+00:00,STORMS,EXPERIMENTAL,DEVELOPMENTAL MULTIMODEL SIGNAL - NOT CALIBRATED PROBABILITY,PUBLIC OPEN-DATA SERVICES,INDEPENDENT PROJECT - NOT AN OFFICIAL RHMZ WARNING PRODUCT
80373,SEČANJ,SEČANJ,СЕЧАЊ,0.0,0.0,0.0,0.0,0.0,13.942370227113893,64.0999984741211,8,51,2026-08-22T03:00:00Z,2026-08-20T00:00:00Z,0.0,0.0,0.2,65.7,0.0,9.6,8,,0.0,0.0,0.0,,,,0.0,2,0.0,0,0,0,0,GREEN,БЕЗ ЗНАЧАЈНОГ РИЗИКА,NO SIGNIFICANT RISK,MODERATE,ECMWF ENS,ECMWF ENS | GEFS,0.0,2,0.0,0,0,0,0,GREEN,БЕЗ ЗНАЧАЈНОГ РИЗИКА,NO SIGNIFICANT RISK,MODERATE,ECMWF ENS,ECMWF ENS | GEFS,0.0,2,0.0,0,0,0,0,GREEN,БЕЗ ЗНАЧАЈНОГ РИЗИКА,NO SIGNIFICANT RISK,MODERATE,ECMWF ENS,ECMWF ENS | GEFS,0.0,2,0.0,0,0,0,0,GREEN,БЕЗ ЗНАЧАЈНОГ РИЗИКА,NO SIGNIFICANT RISK,MODERATE,ECMWF ENS,ECMWF ENS | GEFS,0,GREEN,БЕЗ ЗНАЧАЈНОГ РИЗИКА,NO SIGNIFICANT RISK,NONE,MODERATE,21,2026-08-21T06:00:00+00:00,2026-08-22T03:00:00+00:00,STORMS,EXPERIMENTAL,DEVELOPMENTAL MULTIMODEL SIGNAL - NOT CALIBRATED PROBABILITY,PUBLIC OPEN-DATA SERVICES,INDEPENDENT PROJECT - NOT AN OFFICIAL RHMZ WARNING PRODUCT
71099,SMEDEREVO-GRAD,SMEDEREVO-GRAD,СМЕДЕРЕВО-ГРАД,0.0,0.0,0.0,0.0,0.0,15.890411413664731,62.16298294067383,8,51,2026-08-22T03:00:00Z,2026-08-20T00:00:00Z,0.0,0.0,0.0,65.2,0.0,12.3,8,,0.0,0.0,0.0,,,,0.0,2,0.0,0,0,0,0,GREEN,БЕЗ ЗНАЧАЈНОГ РИЗИКА,NO SIGNIFICANT RISK,MODERATE,ECMWF ENS,ECMWF ENS | GEFS,0.0,2,0.0,0,0,0,0,GREEN,БЕЗ ЗНАЧАЈНОГ РИЗИКА,NO SIGNIFICANT RISK,MODERATE,ECMWF ENS,ECMWF ENS | GEFS,0.0,2,0.0,0,0,0,0,GREEN,БЕЗ ЗНАЧАЈНОГ РИЗИКА,NO SIGNIFICANT RISK,MODERATE,ECMWF ENS,ECMWF ENS | GEFS,0.0,2,0.0,0,0,0,0,GREEN,БЕЗ ЗНАЧАЈНОГ РИЗИКА,NO SIGNIFICANT RISK,MODERATE,ECMWF ENS,ECMWF ENS | GEFS,0,GREEN,БЕЗ ЗНАЧАЈНОГ РИЗИКА,NO SIGNIFICANT RISK,NONE,MODERATE,21,2026-08-21T06:00:00+00:00,2026-08-22T03:00:00+00:00,STORMS,EXPERIMENTAL,DEVELOPMENTAL MULTIMODEL SIGNAL - NOT CALIBRATED PROBABILITY,PUBLIC OPEN-DATA SERVICES,INDEPENDENT PROJECT - NOT AN OFFICIAL RHMZ WARNING PRODUCT
71102,SMEDEREVSKA PALANKA,SMEDEREVSKA PALANKA,СМЕДЕРЕВСКА ПАЛАНКА,0.0,0.0,0.0,0.0,0.0,15.890411413664731,61.20000076293945,8,51,2026-08-22T03:00:00Z,2026-08-20T00:00:00Z,0.0,0.0,0.0,63.2,0.0,12.0,8,,0.0,0.0,0.0,,,,0.0,2,0.0,0,0,0,0,GREEN,БЕЗ ЗНАЧАЈНОГ РИЗИКА,NO SIGNIFICANT RISK,MODERATE,ECMWF ENS,ECMWF ENS | GEFS,0.0,2,0.0,0,0,0,0,GREEN,БЕЗ ЗНАЧАЈНОГ РИЗИКА,NO SIGNIFICANT RISK,MODERATE,ECMWF ENS,ECMWF ENS | GEFS,0.0,2,0.0,0,0,0,0,GREEN,БЕЗ ЗНАЧАЈНОГ РИЗИКА,NO SIGNIFICANT RISK,MODERATE,ECMWF ENS,ECMWF ENS | GEFS,0.0,2,0.0,0,0,0,0,GREEN,БЕЗ ЗНАЧАЈНОГ РИЗИКА,NO SIGNIFICANT RISK,MODERATE,ECMWF ENS,ECMWF ENS | GEFS,0,GREEN,БЕЗ ЗНАЧАЈНОГ РИЗИКА,NO SIGNIFICANT RISK,NONE,MODERATE,21,2026-08-21T06:00:00+00:00,2026-08-22T03:00:00+00:00,STORMS,EXPERIMENTAL,DEVELOPMENTAL MULTIMODEL SIGNAL - NOT CALIBRATED PROBABILITY,PUBLIC OPEN-DATA SERVICES,INDEPENDENT PROJECT - NOT AN OFFICIAL RHMZ WARNING PRODUCT
71129,SOKOBANJA,SOKOBANJA,СОКОБАЊА,0.0,0.0,0.0,0.0,0.0,14.30885594971457,60.09999847412109,9,51,2026-08-22T03:00:00Z,2026-08-20T00:00:00Z,0.0,0.0,0.0,52.8,0.0,9.2,9,,0.0,0.0,0.0,,,,0.0,2,0.0,0,0,0,0,GREEN,БЕЗ ЗНАЧАЈНОГ РИЗИКА,NO SIGNIFICANT RISK,MODERATE,ECMWF ENS,ECMWF ENS | GEFS,0.0,2,0.0,0,0,0,0,GREEN,БЕЗ ЗНАЧАЈНОГ РИЗИКА,NO SIGNIFICANT RISK,MODERATE,ECMWF ENS,ECMWF ENS | GEFS,0.0,2,0.0,0,0,0,0,GREEN,БЕЗ ЗНАЧАЈНОГ РИЗИКА,NO SIGNIFICANT RISK,MODERATE,ECMWF ENS,ECMWF ENS | GEFS,0.0,2,0.0,0,0,0,0,GREEN,БЕЗ ЗНАЧАЈНОГ РИЗИКА,NO SIGNIFICANT RISK,MODERATE,ECMWF ENS,ECMWF ENS | GEFS,0,GREEN,БЕЗ ЗНАЧАЈНОГ РИЗИКА,NO SIGNIFICANT RISK,NONE,MODERATE,21,2026-08-21T06:00:00+00:00,2026-08-22T03:00:00+00:00,STORMS,EXPERIMENTAL,DEVELOPMENTAL MULTIMODEL SIGNAL - NOT CALIBRATED PROBABILITY,PUBLIC OPEN-DATA SERVICES,INDEPENDENT PROJECT - NOT AN OFFICIAL RHMZ WARNING PRODUCT
80381,SOMBOR-GRAD,SOMBOR-GRAD,СОМБОР-ГРАД,0.0,0.0,0.0,0.0,0.0,11.815428069775855,71.22500038146973,12,51,2026-08-22T03:00:00Z,2026-08-20T00:00:00Z,2.0,0.0,488.2,65.9,0.0,11.8,12,,0.0,0.0,0.0,,,,1.0,2,2.0,0,0,0,0,GREEN,БЕЗ ЗНАЧАЈНОГ РИЗИКА,NO SIGNIFICANT RISK,MODERATE,ECMWF ENS,ECMWF ENS | GEFS,0.0,2,0.0,0,0,0,0,GREEN,БЕЗ ЗНАЧАЈНОГ РИЗИКА,NO SIGNIFICANT RISK,MODERATE,ECMWF ENS,ECMWF ENS | GEFS,0.0,2,0.0,0,0,0,0,GREEN,БЕЗ ЗНАЧАЈНОГ РИЗИКА,NO SIGNIFICANT RISK,MODERATE,ECMWF ENS,ECMWF ENS | GEFS,0.0,2,0.0,0,0,0,0,GREEN,БЕЗ ЗНАЧАЈНОГ РИЗИКА,NO SIGNIFICANT RISK,MODERATE,ECMWF ENS,ECMWF ENS | GEFS,0,GREEN,БЕЗ ЗНАЧАЈНОГ РИЗИКА,NO SIGNIFICANT RISK,NONE,MODERATE,21,2026-08-21T06:00:00+00:00,2026-08-22T03:00:00+00:00,STORMS,EXPERIMENTAL,DEVELOPMENTAL MULTIMODEL SIGNAL - NOT CALIBRATED PROBABILITY,PUBLIC OPEN-DATA SERVICES,INDEPENDENT PROJECT - NOT AN OFFICIAL RHMZ WARNING PRODUCT
90271,SRBICA,SRBICA,СРБИЦА,0.0,0.0,0.0,0.0,0.0,11.398033016381085,58.84470653533936,10,51,2026-08-22T03:00:00Z,2026-08-20T00:00:00Z,0.0,0.0,0.0,55.9,0.0,5.9,10,,0.0,0.0,0.0,,,,0.0,2,0.0,0,0,0,0,GREEN,БЕЗ ЗНАЧАЈНОГ РИЗИКА,NO SIGNIFICANT RISK,MODERATE,ECMWF ENS,ECMWF ENS | GEFS,0.0,2,0.0,0,0,0,0,GREEN,БЕЗ ЗНАЧАЈНОГ РИЗИКА,NO SIGNIFICANT RISK,MODERATE,ECMWF ENS,ECMWF ENS | GEFS,0.0,2,0.0,0,0,0,0,GREEN,БЕЗ ЗНАЧАЈНОГ РИЗИКА,NO SIGNIFICANT RISK,MODERATE,ECMWF ENS,ECMWF ENS | GEFS,0.0,2,0.0,0,0,0,0,GREEN,БЕЗ ЗНАЧАЈНОГ РИЗИКА,NO SIGNIFICANT RISK,MODERATE,ECMWF ENS,ECMWF ENS | GEFS,0,GREEN,БЕЗ ЗНАЧАЈНОГ РИЗИКА,NO SIGNIFICANT RISK,NONE,MODERATE,21,2026-08-21T06:00:00+00:00,2026-08-22T03:00:00+00:00,STORMS,EXPERIMENTAL,DEVELOPMENTAL MULTIMODEL SIGNAL - NOT CALIBRATED PROBABILITY,PUBLIC OPEN-DATA SERVICES,INDEPENDENT PROJECT - NOT AN OFFICIAL RHMZ WARNING PRODUCT
80390,SRBOBRAN,SRBOBRAN,СРБОБРАН,0.0,0.0,0.0,0.0,0.0,12.814842353102406,69.0999984741211,7,51,2026-08-22T03:00:00Z,2026-08-20T00:00:00Z,0.0,0.0,224.9,59.3,0.0,8.9,7,,0.0,0.0,0.0,,,,0.0,2,0.0,0,0,0,0,GREEN,БЕЗ ЗНАЧАЈНОГ РИЗИКА,NO SIGNIFICANT RISK,MODERATE,ECMWF ENS,ECMWF ENS | GEFS,0.0,2,0.0,0,0,0,0,GREEN,БЕЗ ЗНАЧАЈНОГ РИЗИКА,NO SIGNIFICANT RISK,MODERATE,ECMWF ENS,ECMWF ENS | GEFS,0.0,2,0.0,0,0,0,0,GREEN,БЕЗ ЗНАЧАЈНОГ РИЗИКА,NO SIGNIFICANT RISK,MODERATE,ECMWF ENS,ECMWF ENS | GEFS,0.0,2,0.0,0,0,0,0,GREEN,БЕЗ ЗНАЧАЈНОГ РИЗИКА,NO SIGNIFICANT RISK,MODERATE,ECMWF ENS,ECMWF ENS | GEFS,0,GREEN,БЕЗ ЗНАЧАЈНОГ РИЗИКА,NO SIGNIFICANT RISK,NONE,MODERATE,21,2026-08-21T06:00:00+00:00,2026-08-22T03:00:00+00:00,STORMS,EXPERIMENTAL,DEVELOPMENTAL MULTIMODEL SIGNAL - NOT CALIBRATED PROBABILITY,PUBLIC OPEN-DATA SERVICES,INDEPENDENT PROJECT - NOT AN OFFICIAL RHMZ WARNING PRODUCT
80403,SREMSKA MITROVICA-GRAD,SREMSKA MITROVICA-GRAD,СРЕМСКА МИТРОВИЦА-ГРАД,0.0,0.0,0.0,0.0,0.0,13.378525247145337,68.61298370361328,14,51,2026-08-22T03:00:00Z,2026-08-20T00:00:00Z,0.0,0.0,117.4,58.5,0.0,8.4,14,,0.0,0.0,0.0,,,,0.0,2,0.0,0,0,0,0,GREEN,БЕЗ ЗНАЧАЈНОГ РИЗИКА,NO SIGNIFICANT RISK,MODERATE,ECMWF ENS,ECMWF ENS | GEFS,0.0,2,0.0,0,0,0,0,GREEN,БЕЗ ЗНАЧАЈНОГ РИЗИКА,NO SIGNIFICANT RISK,MODERATE,ECMWF ENS,ECMWF ENS | GEFS,0.0,2,0.0,0,0,0,0,GREEN,БЕЗ ЗНАЧАЈНОГ РИЗИКА,NO SIGNIFICANT RISK,MODERATE,ECMWF ENS,ECMWF ENS | GEFS,0.0,2,0.0,0,0,0,0,GREEN,БЕЗ ЗНАЧАЈНОГ РИЗИКА,NO SIGNIFICANT RISK,MODERATE,ECMWF ENS,ECMWF ENS | GEFS,0,GREEN,БЕЗ ЗНАЧАЈНОГ РИЗИКА,NO SIGNIFICANT RISK,NONE,MODERATE,21,2026-08-21T06:00:00+00:00,2026-08-22T03:00:00+00:00,STORMS,EXPERIMENTAL,DEVELOPMENTAL MULTIMODEL SIGNAL - NOT CALIBRATED PROBABILITY,PUBLIC OPEN-DATA SERVICES,INDEPENDENT PROJECT - NOT AN OFFICIAL RHMZ WARNING PRODUCT
80411,SREMSKI KARLOVCI,SREMSKI KARLOVCI,СРЕМСКИ КАРЛОВЦИ,0.0,0.0,0.0,0.0,0.0,13.378525247145337,65.18798351287842,5,51,2026-08-22T03:00:00Z,2026-08-20T00:00:00Z,0.0,0.0,26.9,55.8,0.0,8.7,5,,0.0,0.0,0.0,,,,0.0,2,0.0,0,0,0,0,GREEN,БЕЗ ЗНАЧАЈНОГ РИЗИКА,NO SIGNIFICANT RISK,MODERATE,ECMWF ENS,ECMWF ENS | GEFS,0.0,2,0.0,0,0,0,0,GREEN,БЕЗ ЗНАЧАЈНОГ РИЗИКА,NO SIGNIFICANT RISK,MODERATE,ECMWF ENS,ECMWF ENS | GEFS,0.0,2,0.0,0,0,0,0,GREEN,БЕЗ ЗНАЧАЈНОГ РИЗИКА,NO SIGNIFICANT RISK,MODERATE,ECMWF ENS,ECMWF ENS | GEFS,0.0,2,0.0,0,0,0,0,GREEN,БЕЗ ЗНАЧАЈНОГ РИЗИКА,NO SIGNIFICANT RISK,MODERATE,ECMWF ENS,ECMWF ENS | GEFS,0,GREEN,БЕЗ ЗНАЧАЈНОГ РИЗИКА,NO SIGNIFICANT RISK,NONE,MODERATE,21,2026-08-21T06:00:00+00:00,2026-08-22T03:00:00+00:00,STORMS,EXPERIMENTAL,DEVELOPMENTAL MULTIMODEL SIGNAL - NOT CALIBRATED PROBABILITY,PUBLIC OPEN-DATA SERVICES,INDEPENDENT PROJECT - NOT AN OFFICIAL RHMZ WARNING PRODUCT
80420,STARA PAZOVA,STARA PAZOVA,СТАРА ПАЗОВА,0.0,0.0,0.0,0.0,0.0,13.378525247145337,63.70000076293945,9,51,2026-08-22T03:00:00Z,2026-08-20T00:00:00Z,0.0,0.0,14.2,57.8,0.0,9.0,9,,0.0,0.0,0.0,,,,0.0,2,0.0,0,0,0,0,GREEN,БЕЗ ЗНАЧАЈНОГ РИЗИКА,NO SIGNIFICANT RISK,MODERATE,ECMWF ENS,ECMWF ENS | GEFS,0.0,2,0.0,0,0,0,0,GREEN,БЕЗ ЗНАЧАЈНОГ РИЗИКА,NO SIGNIFICANT RISK,MODERATE,ECMWF ENS,ECMWF ENS | GEFS,0.0,2,0.0,0,0,0,0,GREEN,БЕЗ ЗНАЧАЈНОГ РИЗИКА,NO SIGNIFICANT RISK,MODERATE,ECMWF ENS,ECMWF ENS | GEFS,0.0,2,0.0,0,0,0,0,GREEN,БЕЗ ЗНАЧАЈНОГ РИЗИКА,NO SIGNIFICANT RISK,MODERATE,ECMWF ENS,ECMWF ENS | GEFS,0,GREEN,БЕЗ ЗНАЧАЈНОГ РИЗИКА,NO SIGNIFICANT RISK,NONE,MODERATE,21,2026-08-21T06:00:00+00:00,2026-08-22T03:00:00+00:00,STORMS,EXPERIMENTAL,DEVELOPMENTAL MULTIMODEL SIGNAL - NOT CALIBRATED PROBABILITY,PUBLIC OPEN-DATA SERVICES,INDEPENDENT PROJECT - NOT AN OFFICIAL RHMZ WARNING PRODUCT
80438,SUBOTICA-GRAD,SUBOTICA-GRAD,СУБОТИЦА-ГРАД,0.0,0.0,0.0,0.0,0.0,12.706718205672455,70.93314361572266,13,51,2026-08-22T03:00:00Z,2026-08-20T00:00:00Z,2.0,0.0,498.2,67.4,0.0,10.2,13,,0.0,0.0,0.0,,,,1.0,2,2.0,0,0,0,0,GREEN,БЕЗ ЗНАЧАЈНОГ РИЗИКА,NO SIGNIFICANT RISK,MODERATE,ECMWF ENS,ECMWF ENS | GEFS,0.0,2,0.0,0,0,0,0,GREEN,БЕЗ ЗНАЧАЈНОГ РИЗИКА,NO SIGNIFICANT RISK,MODERATE,ECMWF ENS,ECMWF ENS | GEFS,0.0,2,0.0,0,0,0,0,GREEN,БЕЗ ЗНАЧАЈНОГ РИЗИКА,NO SIGNIFICANT RISK,MODERATE,ECMWF ENS,ECMWF ENS | GEFS,0.0,2,0.0,0,0,0,0,GREEN,БЕЗ ЗНАЧАЈНОГ РИЗИКА,NO SIGNIFICANT RISK,MODERATE,ECMWF ENS,ECMWF ENS | GEFS,0,GREEN,БЕЗ ЗНАЧАЈНОГ РИЗИКА,NO SIGNIFICANT RISK,NONE,MODERATE,21,2026-08-21T06:00:00+00:00,2026-08-22T03:00:00+00:00,STORMS,EXPERIMENTAL,DEVELOPMENTAL MULTIMODEL SIGNAL - NOT CALIBRATED PROBABILITY,PUBLIC OPEN-DATA SERVICES,INDEPENDENT PROJECT - NOT AN OFFICIAL RHMZ WARNING PRODUCT
90280,SUVA REKA,SUVA REKA,СУВА РЕКА,0.0,0.0,0.0,0.0,0.0,6.053638740064679,59.00814247131348,8,51,2026-08-22T03:00:00Z,2026-08-20T00:00:00Z,0.0,0.0,0.0,51.8,0.0,4.2,8,,0.0,0.0,0.0,,,,0.0,2,0.0,0,0,0,0,GREEN,БЕЗ ЗНАЧАЈНОГ РИЗИКА,NO SIGNIFICANT RISK,MODERATE,ECMWF ENS,ECMWF ENS | GEFS,0.0,2,0.0,0,0,0,0,GREEN,БЕЗ ЗНАЧАЈНОГ РИЗИКА,NO SIGNIFICANT RISK,MODERATE,ECMWF ENS,ECMWF ENS | GEFS,0.0,2,0.0,0,0,0,0,GREEN,БЕЗ ЗНАЧАЈНОГ РИЗИКА,NO SIGNIFICANT RISK,MODERATE,ECMWF ENS,ECMWF ENS | GEFS,0.0,2,0.0,0,0,0,0,GREEN,БЕЗ ЗНАЧАЈНОГ РИЗИКА,NO SIGNIFICANT RISK,MODERATE,ECMWF ENS,ECMWF ENS | GEFS,0,GREEN,БЕЗ ЗНАЧАЈНОГ РИЗИКА,NO SIGNIFICANT RISK,NONE,MODERATE,21,2026-08-21T06:00:00+00:00,2026-08-22T03:00:00+00:00,STORMS,EXPERIMENTAL,DEVELOPMENTAL MULTIMODEL SIGNAL - NOT CALIBRATED PROBABILITY,PUBLIC OPEN-DATA SERVICES,INDEPENDENT PROJECT - NOT AN OFFICIAL RHMZ WARNING PRODUCT
71137,SURDULICA,SURDULICA,СУРДУЛИЦА,0.0,0.0,0.0,0.0,0.0,6.778673784818217,59.54999923706055,9,51,2026-08-22T03:00:00Z,2026-08-20T00:00:00Z,0.0,0.0,0.0,51.7,0.0,2.3,9,,0.0,0.0,0.0,,,,0.0,2,0.0,0,0,0,0,GREEN,БЕЗ ЗНАЧАЈНОГ РИЗИКА,NO SIGNIFICANT RISK,MODERATE,ECMWF ENS,ECMWF ENS | GEFS,0.0,2,0.0,0,0,0,0,GREEN,БЕЗ ЗНАЧАЈНОГ РИЗИКА,NO SIGNIFICANT RISK,MODERATE,ECMWF ENS,ECMWF ENS | GEFS,0.0,2,0.0,0,0,0,0,GREEN,БЕЗ ЗНАЧАЈНОГ РИЗИКА,NO SIGNIFICANT RISK,MODERATE,ECMWF ENS,ECMWF ENS | GEFS,0.0,2,0.0,0,0,0,0,GREEN,БЕЗ ЗНАЧАЈНОГ РИЗИКА,NO SIGNIFICANT RISK,MODERATE,ECMWF ENS,ECMWF ENS | GEFS,0,GREEN,БЕЗ ЗНАЧАЈНОГ РИЗИКА,NO SIGNIFICANT RISK,NONE,MODERATE,21,2026-08-21T06:00:00+00:00,2026-08-22T03:00:00+00:00,STORMS,EXPERIMENTAL,DEVELOPMENTAL MULTIMODEL SIGNAL - NOT CALIBRATED PROBABILITY,PUBLIC OPEN-DATA SERVICES,INDEPENDENT PROJECT - NOT AN OFFICIAL RHMZ WARNING PRODUCT
80446,TEMERIN,TEMERIN,ТЕМЕРИН,0.0,0.0,0.0,0.0,0.0,13.174162482689754,69.0999984741211,6,51,2026-08-22T03:00:00Z,2026-08-20T00:00:00Z,0.0,0.0,197.8,57.6,0.0,8.7,6,,0.0,0.0,0.0,,,,0.0,2,0.0,0,0,0,0,GREEN,БЕЗ ЗНАЧАЈНОГ РИЗИКА,NO SIGNIFICANT RISK,MODERATE,ECMWF ENS,ECMWF ENS | GEFS,0.0,2,0.0,0,0,0,0,GREEN,БЕЗ ЗНАЧАЈНОГ РИЗИКА,NO SIGNIFICANT RISK,MODERATE,ECMWF ENS,ECMWF ENS | GEFS,0.0,2,0.0,0,0,0,0,GREEN,БЕЗ ЗНАЧАЈНОГ РИЗИКА,NO SIGNIFICANT RISK,MODERATE,ECMWF ENS,ECMWF ENS | GEFS,0.0,2,0.0,0,0,0,0,GREEN,БЕЗ ЗНАЧАЈНОГ РИЗИКА,NO SIGNIFICANT RISK,MODERATE,ECMWF ENS,ECMWF ENS | GEFS,0,GREEN,БЕЗ ЗНАЧАЈНОГ РИЗИКА,NO SIGNIFICANT RISK,NONE,MODERATE,21,2026-08-21T06:00:00+00:00,2026-08-22T03:00:00+00:00,STORMS,EXPERIMENTAL,DEVELOPMENTAL MULTIMODEL SIGNAL - NOT CALIBRATED PROBABILITY,PUBLIC OPEN-DATA SERVICES,INDEPENDENT PROJECT - NOT AN OFFICIAL RHMZ WARNING PRODUCT
80454,TITEL,TITEL,ТИТЕЛ,0.0,0.0,0.0,0.0,0.0,13.378525247145337,65.26339530944824,9,51,2026-08-22T03:00:00Z,2026-08-20T00:00:00Z,0.0,0.0,40.5,57.2,0.0,9.1,9,,0.0,0.0,0.0,,,,0.0,2,0.0,0,0,0,0,GREEN,БЕЗ ЗНАЧАЈНОГ РИЗИКА,NO SIGNIFICANT RISK,MODERATE,ECMWF ENS,ECMWF ENS | GEFS,0.0,2,0.0,0,0,0,0,GREEN,БЕЗ ЗНАЧАЈНОГ РИЗИКА,NO SIGNIFICANT RISK,MODERATE,ECMWF ENS,ECMWF ENS | GEFS,0.0,2,0.0,0,0,0,0,GREEN,БЕЗ ЗНАЧАЈНОГ РИЗИКА,NO SIGNIFICANT RISK,MODERATE,ECMWF ENS,ECMWF ENS | GEFS,0.0,2,0.0,0,0,0,0,GREEN,БЕЗ ЗНАЧАЈНОГ РИЗИКА,NO SIGNIFICANT RISK,MODERATE,ECMWF ENS,ECMWF ENS | GEFS,0,GREEN,БЕЗ ЗНАЧАЈНОГ РИЗИКА,NO SIGNIFICANT RISK,NONE,MODERATE,21,2026-08-21T06:00:00+00:00,2026-08-22T03:00:00+00:00,STORMS,EXPERIMENTAL,DEVELOPMENTAL MULTIMODEL SIGNAL - NOT CALIBRATED PROBABILITY,PUBLIC OPEN-DATA SERVICES,INDEPENDENT PROJECT - NOT AN OFFICIAL RHMZ WARNING PRODUCT
71153,TOPOLA,TOPOLA,ТОПОЛА,0.0,0.0,0.0,0.0,0.0,15.890411413664731,61.20000076293945,10,51,2026-08-22T03:00:00Z,2026-08-20T00:00:00Z,0.0,0.0,0.0,63.2,0.0,12.0,10,,0.0,0.0,0.0,,,,0.0,2,0.0,0,0,0,0,GREEN,БЕЗ ЗНАЧАЈНОГ РИЗИКА,NO SIGNIFICANT RISK,MODERATE,ECMWF ENS,ECMWF ENS | GEFS,0.0,2,0.0,0,0,0,0,GREEN,БЕЗ ЗНАЧАЈНОГ РИЗИКА,NO SIGNIFICANT RISK,MODERATE,ECMWF ENS,ECMWF ENS | GEFS,0.0,2,0.0,0,0,0,0,GREEN,БЕЗ ЗНАЧАЈНОГ РИЗИКА,NO SIGNIFICANT RISK,MODERATE,ECMWF ENS,ECMWF ENS | GEFS,0.0,2,0.0,0,0,0,0,GREEN,БЕЗ ЗНАЧАЈНОГ РИЗИКА,NO SIGNIFICANT RISK,MODERATE,ECMWF ENS,ECMWF ENS | GEFS,0,GREEN,БЕЗ ЗНАЧАЈНОГ РИЗИКА,NO SIGNIFICANT RISK,NONE,MODERATE,21,2026-08-21T06:00:00+00:00,2026-08-22T03:00:00+00:00,STORMS,EXPERIMENTAL,DEVELOPMENTAL MULTIMODEL SIGNAL - NOT CALIBRATED PROBABILITY,PUBLIC OPEN-DATA SERVICES,INDEPENDENT PROJECT - NOT AN OFFICIAL RHMZ WARNING PRODUCT
71161,TRGOVIŠTE,TRGOVIŠTE,ТРГОВИШТЕ,0.0,0.0,0.0,0.0,0.0,4.904093427337437,60.14470481872559,8,51,2026-08-22T03:00:00Z,2026-08-20T00:00:00Z,0.0,0.0,164.5,62.4,0.0,2.9,8,,0.0,0.0,0.0,,,,0.0,2,0.0,0,0,0,0,GREEN,БЕЗ ЗНАЧАЈНОГ РИЗИКА,NO SIGNIFICANT RISK,MODERATE,ECMWF ENS,ECMWF ENS | GEFS,0.0,2,0.0,0,0,0,0,GREEN,БЕЗ ЗНАЧАЈНОГ РИЗИКА,NO SIGNIFICANT RISK,MODERATE,ECMWF ENS,ECMWF ENS | GEFS,0.0,2,0.0,0,0,0,0,GREEN,БЕЗ ЗНАЧАЈНОГ РИЗИКА,NO SIGNIFICANT RISK,MODERATE,ECMWF ENS,ECMWF ENS | GEFS,0.0,2,0.0,0,0,0,0,GREEN,БЕЗ ЗНАЧАЈНОГ РИЗИКА,NO SIGNIFICANT RISK,MODERATE,ECMWF ENS,ECMWF ENS | GEFS,0,GREEN,БЕЗ ЗНАЧАЈНОГ РИЗИКА,NO SIGNIFICANT RISK,NONE,MODERATE,21,2026-08-21T06:00:00+00:00,2026-08-22T03:00:00+00:00,STORMS,EXPERIMENTAL,DEVELOPMENTAL MULTIMODEL SIGNAL - NOT CALIBRATED PROBABILITY,PUBLIC OPEN-DATA SERVICES,INDEPENDENT PROJECT - NOT AN OFFICIAL RHMZ WARNING PRODUCT
71170,TRSTENIK,TRSTENIK,ТРСТЕНИК,0.0,0.0,0.0,0.0,0.0,14.467735369219582,59.34999847412109,6,51,2026-08-22T03:00:00Z,2026-08-20T00:00:00Z,0.0,0.0,0.0,55.8,0.0,9.8,6,,0.0,0.0,0.0,,,,0.0,2,0.0,0,0,0,0,GREEN,БЕЗ ЗНАЧАЈНОГ РИЗИКА,NO SIGNIFICANT RISK,MODERATE,ECMWF ENS,ECMWF ENS | GEFS,0.0,2,0.0,0,0,0,0,GREEN,БЕЗ ЗНАЧАЈНОГ РИЗИКА,NO SIGNIFICANT RISK,MODERATE,ECMWF ENS,ECMWF ENS | GEFS,0.0,2,0.0,0,0,0,0,GREEN,БЕЗ ЗНАЧАЈНОГ РИЗИКА,NO SIGNIFICANT RISK,MODERATE,ECMWF ENS,ECMWF ENS | GEFS,0.0,2,0.0,0,0,0,0,GREEN,БЕЗ ЗНАЧАЈНОГ РИЗИКА,NO SIGNIFICANT RISK,MODERATE,ECMWF ENS,ECMWF ENS | GEFS,0,GREEN,БЕЗ ЗНАЧАЈНОГ РИЗИКА,NO SIGNIFICANT RISK,NONE,MODERATE,21,2026-08-21T06:00:00+00:00,2026-08-22T03:00:00+00:00,STORMS,EXPERIMENTAL,DEVELOPMENTAL MULTIMODEL SIGNAL - NOT CALIBRATED PROBABILITY,PUBLIC OPEN-DATA SERVICES,INDEPENDENT PROJECT - NOT AN OFFICIAL RHMZ WARNING PRODUCT
71188,TUTIN,TUTIN,ТУТИН,0.0,0.0,0.0,0.0,0.0,11.797798237119046,57.45661163330078,10,51,2026-08-22T03:00:00Z,2026-08-20T00:00:00Z,0.0,0.0,0.0,52.5,0.0,6.6,10,,0.0,0.0,0.0,,,,0.0,2,0.0,0,0,0,0,GREEN,БЕЗ ЗНАЧАЈНОГ РИЗИКА,NO SIGNIFICANT RISK,MODERATE,ECMWF ENS,ECMWF ENS | GEFS,0.0,2,0.0,0,0,0,0,GREEN,БЕЗ ЗНАЧАЈНОГ РИЗИКА,NO SIGNIFICANT RISK,MODERATE,ECMWF ENS,ECMWF ENS | GEFS,0.0,2,0.0,0,0,0,0,GREEN,БЕЗ ЗНАЧАЈНОГ РИЗИКА,NO SIGNIFICANT RISK,MODERATE,ECMWF ENS,ECMWF ENS | GEFS,0.0,2,0.0,0,0,0,0,GREEN,БЕЗ ЗНАЧАЈНОГ РИЗИКА,NO SIGNIFICANT RISK,MODERATE,ECMWF ENS,ECMWF ENS | GEFS,0,GREEN,БЕЗ ЗНАЧАЈНОГ РИЗИКА,NO SIGNIFICANT RISK,NONE,MODERATE,21,2026-08-21T06:00:00+00:00,2026-08-22T03:00:00+00:00,STORMS,EXPERIMENTAL,DEVELOPMENTAL MULTIMODEL SIGNAL - NOT CALIBRATED PROBABILITY,PUBLIC OPEN-DATA SERVICES,INDEPENDENT PROJECT - NOT AN OFFICIAL RHMZ WARNING PRODUCT
71218,UB,UB,УБ,0.0,0.0,0.0,0.0,0.0,14.177907395143915,63.400001525878906,10,51,2026-08-22T03:00:00Z,2026-08-20T00:00:00Z,0.0,0.0,0.0,58.1,0.0,8.7,10,,0.0,0.0,0.0,,,,0.0,2,0.0,0,0,0,0,GREEN,БЕЗ ЗНАЧАЈНОГ РИЗИКА,NO SIGNIFICANT RISK,MODERATE,ECMWF ENS,ECMWF ENS | GEFS,0.0,2,0.0,0,0,0,0,GREEN,БЕЗ ЗНАЧАЈНОГ РИЗИКА,NO SIGNIFICANT RISK,MODERATE,ECMWF ENS,ECMWF ENS | GEFS,0.0,2,0.0,0,0,0,0,GREEN,БЕЗ ЗНАЧАЈНОГ РИЗИКА,NO SIGNIFICANT RISK,MODERATE,ECMWF ENS,ECMWF ENS | GEFS,0.0,2,0.0,0,0,0,0,GREEN,БЕЗ ЗНАЧАЈНОГ РИЗИКА,NO SIGNIFICANT RISK,MODERATE,ECMWF ENS,ECMWF ENS | GEFS,0,GREEN,БЕЗ ЗНАЧАЈНОГ РИЗИКА,NO SIGNIFICANT RISK,NONE,MODERATE,21,2026-08-21T06:00:00+00:00,2026-08-22T03:00:00+00:00,STORMS,EXPERIMENTAL,DEVELOPMENTAL MULTIMODEL SIGNAL - NOT CALIBRATED PROBABILITY,PUBLIC OPEN-DATA SERVICES,INDEPENDENT PROJECT - NOT AN OFFICIAL RHMZ WARNING PRODUCT
71145,UŽICE-GRAD,UŽICE-GRAD,УЖИЦЕ-ГРАД,0.0,0.0,0.0,0.0,0.0,13.81667516180787,59.40785217285156,12,51,2026-08-22T03:00:00Z,2026-08-20T00:00:00Z,0.0,0.0,0.0,53.3,0.0,5.4,12,,0.0,0.0,0.0,,,,0.0,2,0.0,0,0,0,0,GREEN,БЕЗ ЗНАЧАЈНОГ РИЗИКА,NO SIGNIFICANT RISK,MODERATE,ECMWF ENS,ECMWF ENS | GEFS,0.0,2,0.0,0,0,0,0,GREEN,БЕЗ ЗНАЧАЈНОГ РИЗИКА,NO SIGNIFICANT RISK,MODERATE,ECMWF ENS,ECMWF ENS | GEFS,0.0,2,0.0,0,0,0,0,GREEN,БЕЗ ЗНАЧАЈНОГ РИЗИКА,NO SIGNIFICANT RISK,MODERATE,ECMWF ENS,ECMWF ENS | GEFS,0.0,2,0.0,0,0,0,0,GREEN,БЕЗ ЗНАЧАЈНОГ РИЗИКА,NO SIGNIFICANT RISK,MODERATE,ECMWF ENS,ECMWF ENS | GEFS,0,GREEN,БЕЗ ЗНАЧАЈНОГ РИЗИКА,NO SIGNIFICANT RISK,NONE,MODERATE,21,2026-08-21T06:00:00+00:00,2026-08-22T03:00:00+00:00,STORMS,EXPERIMENTAL,DEVELOPMENTAL MULTIMODEL SIGNAL - NOT CALIBRATED PROBABILITY,PUBLIC OPEN-DATA SERVICES,INDEPENDENT PROJECT - NOT AN OFFICIAL RHMZ WARNING PRODUCT
90301,UROŠEVAC,UROŠEVAC,УРОШЕВАЦ,0.0,0.0,0.0,0.0,0.0,6.156417375969236,60.08269119262695,8,51,2026-08-22T03:00:00Z,2026-08-20T00:00:00Z,0.0,0.0,0.0,45.1,0.0,2.8,8,,0.0,0.0,0.0,,,,0.0,2,0.0,0,0,0,0,GREEN,БЕЗ ЗНАЧАЈНОГ РИЗИКА,NO SIGNIFICANT RISK,MODERATE,ECMWF ENS,ECMWF ENS | GEFS,0.0,2,0.0,0,0,0,0,GREEN,БЕЗ ЗНАЧАЈНОГ РИЗИКА,NO SIGNIFICANT RISK,MODERATE,ECMWF ENS,ECMWF ENS | GEFS,0.0,2,0.0,0,0,0,0,GREEN,БЕЗ ЗНАЧАЈНОГ РИЗИКА,NO SIGNIFICANT RISK,MODERATE,ECMWF ENS,ECMWF ENS | GEFS,0.0,2,0.0,0,0,0,0,GREEN,БЕЗ ЗНАЧАЈНОГ РИЗИКА,NO SIGNIFICANT RISK,MODERATE,ECMWF ENS,ECMWF ENS | GEFS,0,GREEN,БЕЗ ЗНАЧАЈНОГ РИЗИКА,NO SIGNIFICANT RISK,NONE,MODERATE,21,2026-08-21T06:00:00+00:00,2026-08-22T03:00:00+00:00,STORMS,EXPERIMENTAL,DEVELOPMENTAL MULTIMODEL SIGNAL - NOT CALIBRATED PROBABILITY,PUBLIC OPEN-DATA SERVICES,INDEPENDENT PROJECT - NOT AN OFFICIAL RHMZ WARNING PRODUCT
71226,CRNA TRAVA,CRNA TRAVA,ЦРНА ТРАВА,0.0,0.0,0.0,0.0,0.0,9.225774676104054,59.54999923706055,8,51,2026-08-22T03:00:00Z,2026-08-20T00:00:00Z,0.0,0.0,0.0,51.8,0.0,3.9,8,,0.0,0.0,0.0,,,,0.0,2,0.0,0,0,0,0,GREEN,БЕЗ ЗНАЧАЈНОГ РИЗИКА,NO SIGNIFICANT RISK,MODERATE,ECMWF ENS,ECMWF ENS | GEFS,0.0,2,0.0,0,0,0,0,GREEN,БЕЗ ЗНАЧАЈНОГ РИЗИКА,NO SIGNIFICANT RISK,MODERATE,ECMWF ENS,ECMWF ENS | GEFS,0.0,2,0.0,0,0,0,0,GREEN,БЕЗ ЗНАЧАЈНОГ РИЗИКА,NO SIGNIFICANT RISK,MODERATE,ECMWF ENS,ECMWF ENS | GEFS,0.0,2,0.0,0,0,0,0,GREEN,БЕЗ ЗНАЧАЈНОГ РИЗИКА,NO SIGNIFICANT RISK,MODERATE,ECMWF ENS,ECMWF ENS | GEFS,0,GREEN,БЕЗ ЗНАЧАЈНОГ РИЗИКА,NO SIGNIFICANT RISK,NONE,MODERATE,21,2026-08-21T06:00:00+00:00,2026-08-22T03:00:00+00:00,STORMS,EXPERIMENTAL,DEVELOPMENTAL MULTIMODEL SIGNAL - NOT CALIBRATED PROBABILITY,PUBLIC OPEN-DATA SERVICES,INDEPENDENT PROJECT - NOT AN OFFICIAL RHMZ WARNING PRODUCT
71234,ČAJETINA,ČAJETINA,ЧАЈЕТИНА,0.0,0.0,0.0,0.0,0.0,13.072802965996033,59.40785217285156,9,51,2026-08-22T03:00:00Z,2026-08-20T00:00:00Z,0.0,0.0,0.0,53.7,0.0,7.6,9,,0.0,0.0,0.0,,,,0.0,2,0.0,0,0,0,0,GREEN,БЕЗ ЗНАЧАЈНОГ РИЗИКА,NO SIGNIFICANT RISK,MODERATE,ECMWF ENS,ECMWF ENS | GEFS,0.0,2,0.0,0,0,0,0,GREEN,БЕЗ ЗНАЧАЈНОГ РИЗИКА,NO SIGNIFICANT RISK,MODERATE,ECMWF ENS,ECMWF ENS | GEFS,0.0,2,0.0,0,0,0,0,GREEN,БЕЗ ЗНАЧАЈНОГ РИЗИКА,NO SIGNIFICANT RISK,MODERATE,ECMWF ENS,ECMWF ENS | GEFS,0.0,2,0.0,0,0,0,0,GREEN,БЕЗ ЗНАЧАЈНОГ РИЗИКА,NO SIGNIFICANT RISK,MODERATE,ECMWF ENS,ECMWF ENS | GEFS,0,GREEN,БЕЗ ЗНАЧАЈНОГ РИЗИКА,NO SIGNIFICANT RISK,NONE,MODERATE,21,2026-08-21T06:00:00+00:00,2026-08-22T03:00:00+00:00,STORMS,EXPERIMENTAL,DEVELOPMENTAL MULTIMODEL SIGNAL - NOT CALIBRATED PROBABILITY,PUBLIC OPEN-DATA SERVICES,INDEPENDENT PROJECT - NOT AN OFFICIAL RHMZ WARNING PRODUCT
71242,ČAČAK-GRAD,ČAČAK-GRAD,ЧАЧАК-ГРАД,0.0,0.0,0.0,0.0,0.0,15.151422589276237,59.35489082336426,8,51,2026-08-22T03:00:00Z,2026-08-20T00:00:00Z,0.0,0.0,0.0,59.2,0.0,11.8,8,,0.0,0.0,0.0,,,,0.0,2,0.0,0,0,0,0,GREEN,БЕЗ ЗНАЧАЈНОГ РИЗИКА,NO SIGNIFICANT RISK,MODERATE,ECMWF ENS,ECMWF ENS | GEFS,0.0,2,0.0,0,0,0,0,GREEN,БЕЗ ЗНАЧАЈНОГ РИЗИКА,NO SIGNIFICANT RISK,MODERATE,ECMWF ENS,ECMWF ENS | GEFS,0.0,2,0.0,0,0,0,0,GREEN,БЕЗ ЗНАЧАЈНОГ РИЗИКА,NO SIGNIFICANT RISK,MODERATE,ECMWF ENS,ECMWF ENS | GEFS,0.0,2,0.0,0,0,0,0,GREEN,БЕЗ ЗНАЧАЈНОГ РИЗИКА,NO SIGNIFICANT RISK,MODERATE,ECMWF ENS,ECMWF ENS | GEFS,0,GREEN,БЕЗ ЗНАЧАЈНОГ РИЗИКА,NO SIGNIFICANT RISK,NONE,MODERATE,21,2026-08-21T06:00:00+00:00,2026-08-22T03:00:00+00:00,STORMS,EXPERIMENTAL,DEVELOPMENTAL MULTIMODEL SIGNAL - NOT CALIBRATED PROBABILITY,PUBLIC OPEN-DATA SERVICES,INDEPENDENT PROJECT - NOT AN OFFICIAL RHMZ WARNING PRODUCT
80489,ČOKA,ČOKA,ЧОКА,0.0,0.0,0.0,0.0,0.0,12.706718205672455,66.9000015258789,8,51,2026-08-22T03:00:00Z,2026-08-20T00:00:00Z,0.0,0.0,317.6,61.1,0.0,9.6,8,,0.0,0.0,0.0,,,,0.0,2,0.0,0,0,0,0,GREEN,БЕЗ ЗНАЧАЈНОГ РИЗИКА,NO SIGNIFICANT RISK,MODERATE,ECMWF ENS,ECMWF ENS | GEFS,0.0,2,0.0,0,0,0,0,GREEN,БЕЗ ЗНАЧАЈНОГ РИЗИКА,NO SIGNIFICANT RISK,MODERATE,ECMWF ENS,ECMWF ENS | GEFS,0.0,2,0.0,0,0,0,0,GREEN,БЕЗ ЗНАЧАЈНОГ РИЗИКА,NO SIGNIFICANT RISK,MODERATE,ECMWF ENS,ECMWF ENS | GEFS,0.0,2,0.0,0,0,0,0,GREEN,БЕЗ ЗНАЧАЈНОГ РИЗИКА,NO SIGNIFICANT RISK,MODERATE,ECMWF ENS,ECMWF ENS | GEFS,0,GREEN,БЕЗ ЗНАЧАЈНОГ РИЗИКА,NO SIGNIFICANT RISK,NONE,MODERATE,21,2026-08-21T06:00:00+00:00,2026-08-22T03:00:00+00:00,STORMS,EXPERIMENTAL,DEVELOPMENTAL MULTIMODEL SIGNAL - NOT CALIBRATED PROBABILITY,PUBLIC OPEN-DATA SERVICES,INDEPENDENT PROJECT - NOT AN OFFICIAL RHMZ WARNING PRODUCT
71269,ŠABAC-GRAD,ŠABAC-GRAD,ШАБАЦ-ГРАД,0.0,0.0,0.0,0.0,0.0,13.378525247145337,68.61298370361328,12,51,2026-08-22T03:00:00Z,2026-08-20T00:00:00Z,0.0,0.0,0.0,56.6,0.0,8.2,12,,0.0,0.0,0.0,,,,0.0,2,0.0,0,0,0,0,GREEN,БЕЗ ЗНАЧАЈНОГ РИЗИКА,NO SIGNIFICANT RISK,MODERATE,ECMWF ENS,ECMWF ENS | GEFS,0.0,2,0.0,0,0,0,0,GREEN,БЕЗ ЗНАЧАЈНОГ РИЗИКА,NO SIGNIFICANT RISK,MODERATE,ECMWF ENS,ECMWF ENS | GEFS,0.0,2,0.0,0,0,0,0,GREEN,БЕЗ ЗНАЧАЈНОГ РИЗИКА,NO SIGNIFICANT RISK,MODERATE,ECMWF ENS,ECMWF ENS | GEFS,0.0,2,0.0,0,0,0,0,GREEN,БЕЗ ЗНАЧАЈНОГ РИЗИКА,NO SIGNIFICANT RISK,MODERATE,ECMWF ENS,ECMWF ENS | GEFS,0,GREEN,БЕЗ ЗНАЧАЈНОГ РИЗИКА,NO SIGNIFICANT RISK,NONE,MODERATE,21,2026-08-21T06:00:00+00:00,2026-08-22T03:00:00+00:00,STORMS,EXPERIMENTAL,DEVELOPMENTAL MULTIMODEL SIGNAL - NOT CALIBRATED PROBABILITY,PUBLIC OPEN-DATA SERVICES,INDEPENDENT PROJECT - NOT AN OFFICIAL RHMZ WARNING PRODUCT
80497,ŠID,ŠID,ШИД,0.0,0.0,0.0,0.0,0.0,13.09517561621047,68.61298370361328,13,51,2026-08-22T03:00:00Z,2026-08-20T00:00:00Z,0.0,0.0,108.6,61.6,0.0,8.5,13,,0.0,0.0,0.0,,,,0.0,2,0.0,0,0,0,0,GREEN,БЕЗ ЗНАЧАЈНОГ РИЗИКА,NO SIGNIFICANT RISK,MODERATE,ECMWF ENS,ECMWF ENS | GEFS,0.0,2,0.0,0,0,0,0,GREEN,БЕЗ ЗНАЧАЈНОГ РИЗИКА,NO SIGNIFICANT RISK,MODERATE,ECMWF ENS,ECMWF ENS | GEFS,0.0,2,0.0,0,0,0,0,GREEN,БЕЗ ЗНАЧАЈНОГ РИЗИКА,NO SIGNIFICANT RISK,MODERATE,ECMWF ENS,ECMWF ENS | GEFS,0.0,2,0.0,0,0,0,0,GREEN,БЕЗ ЗНАЧАЈНОГ РИЗИКА,NO SIGNIFICANT RISK,MODERATE,ECMWF ENS,ECMWF ENS | GEFS,0,GREEN,БЕЗ ЗНАЧАЈНОГ РИЗИКА,NO SIGNIFICANT RISK,NONE,MODERATE,21,2026-08-21T06:00:00+00:00,2026-08-22T03:00:00+00:00,STORMS,EXPERIMENTAL,DEVELOPMENTAL MULTIMODEL SIGNAL - NOT CALIBRATED PROBABILITY,PUBLIC OPEN-DATA SERVICES,INDEPENDENT PROJECT - NOT AN OFFICIAL RHMZ WARNING PRODUCT
90310,ŠTIMLJE,ŠTIMLJE,ШТИМЉЕ,0.0,0.0,0.0,0.0,0.0,5.683268942368329,59.00814247131348,6,51,2026-08-22T03:00:00Z,2026-08-20T00:00:00Z,0.0,0.0,0.0,45.1,0.0,2.8,6,,0.0,0.0,0.0,,,,0.0,2,0.0,0,0,0,0,GREEN,БЕЗ ЗНАЧАЈНОГ РИЗИКА,NO SIGNIFICANT RISK,MODERATE,ECMWF ENS,ECMWF ENS | GEFS,0.0,2,0.0,0,0,0,0,GREEN,БЕЗ ЗНАЧАЈНОГ РИЗИКА,NO SIGNIFICANT RISK,MODERATE,ECMWF ENS,ECMWF ENS | GEFS,0.0,2,0.0,0,0,0,0,GREEN,БЕЗ ЗНАЧАЈНОГ РИЗИКА,NO SIGNIFICANT RISK,MODERATE,ECMWF ENS,ECMWF ENS | GEFS,0.0,2,0.0,0,0,0,0,GREEN,БЕЗ ЗНАЧАЈНОГ РИЗИКА,NO SIGNIFICANT RISK,MODERATE,ECMWF ENS,ECMWF ENS | GEFS,0,GREEN,БЕЗ ЗНАЧАЈНОГ РИЗИКА,NO SIGNIFICANT RISK,NONE,MODERATE,21,2026-08-21T06:00:00+00:00,2026-08-22T03:00:00+00:00,STORMS,EXPERIMENTAL,DEVELOPMENTAL MULTIMODEL SIGNAL - NOT CALIBRATED PROBABILITY,PUBLIC OPEN-DATA SERVICES,INDEPENDENT PROJECT - NOT AN OFFICIAL RHMZ WARNING PRODUCT
90328,ŠTRPCE,ŠTRPCE,ШТРПЦЕ,0.0,0.0,0.0,0.0,0.0,5.520955050817235,60.76020050048828,7,51,2026-08-22T03:00:00Z,2026-08-20T00:00:00Z,0.0,0.0,0.0,38.9,0.0,1.8,7,,0.0,0.0,0.0,,,,0.0,2,0.0,0,0,0,0,GREEN,БЕЗ ЗНАЧАЈНОГ РИЗИКА,NO SIGNIFICANT RISK,MODERATE,ECMWF ENS,ECMWF ENS | GEFS,0.0,2,0.0,0,0,0,0,GREEN,БЕЗ ЗНАЧАЈНОГ РИЗИКА,NO SIGNIFICANT RISK,MODERATE,ECMWF ENS,ECMWF ENS | GEFS,0.0,2,0.0,0,0,0,0,GREEN,БЕЗ ЗНАЧАЈНОГ РИЗИКА,NO SIGNIFICANT RISK,MODERATE,ECMWF ENS,ECMWF ENS | GEFS,0.0,2,0.0,0,0,0,0,GREEN,БЕЗ ЗНАЧАЈНОГ РИЗИКА,NO SIGNIFICANT RISK,MODERATE,ECMWF ENS,ECMWF ENS | GEFS,0,GREEN,БЕЗ ЗНАЧАЈНОГ РИЗИКА,NO SIGNIFICANT RISK,NONE,MODERATE,21,2026-08-21T06:00:00+00:00,2026-08-22T03:00:00+00:00,STORMS,EXPERIMENTAL,DEVELOPMENTAL MULTIMODEL SIGNAL - NOT CALIBRATED PROBABILITY,PUBLIC OPEN-DATA SERVICES,INDEPENDENT PROJECT - NOT AN OFFICIAL RHMZ WARNING PRODUCT
