Municipality_DOM_ID,Value_e,Value_sl,Value_sc,gefs_thunder,gefs_hail,gefs_large_hail,gefs_very_large_hail,gefs_cape,gefs_shear,gefs_rh700,gefs_grid_points,gefs_forecast_hour,gefs_valid_time,gefs_model_run,ecmwf_thunder,ecmwf_organised_thunder,ecmwf_mucape,ecmwf_rh700,ecmwf_tp3h,ecmwf_shear,ecmwf_grid_points,icon_thunder,icon_organised_thunder,icon_grid_points,icon_median_cape,icon_median_tp3h,icon_median_shear,ecmwf_hail,ecmwf_large_hail,ecmwf_very_large_hail,icon_hail,icon_large_hail,icon_very_large_hail,thunder_signal,thunder_models_available,thunder_model_spread,thunder_models_ge10,thunder_models_ge40,thunder_models_ge50,thunder_level,thunder_color,thunder_label_sr,thunder_label_en,thunder_confidence,thunder_dominant_model,thunder_source_models,hail_signal,hail_models_available,hail_model_spread,hail_models_ge10,hail_models_ge40,hail_models_ge50,hail_level,hail_color,hail_label_sr,hail_label_en,hail_confidence,hail_dominant_model,hail_source_models,large_hail_signal,large_hail_models_available,large_hail_model_spread,large_hail_models_ge10,large_hail_models_ge40,large_hail_models_ge50,large_hail_level,large_hail_color,large_hail_label_sr,large_hail_label_en,large_hail_confidence,large_hail_dominant_model,large_hail_source_models,very_large_hail_signal,very_large_hail_models_available,very_large_hail_model_spread,very_large_hail_models_ge10,very_large_hail_models_ge40,very_large_hail_models_ge50,very_large_hail_level,very_large_hail_color,very_large_hail_label_sr,very_large_hail_label_en,very_large_hail_confidence,very_large_hail_dominant_model,very_large_hail_source_models,storm_overview_level,storm_overview_color,storm_overview_label_sr,storm_overview_label_en,storm_dominant_hazard,storm_overview_confidence,forecast_hour,reference_run,valid_time,product_family,product_status,probability_status,data_source_status,institutional_status
90085,ĐAKOVICA,ĐAKOVICA,ЂАКОВИЦА,0.0,0.0,0.0,0.0,0.0,8.946480781841176,57.53959083557129,9,54,2026-08-22T06:00:00Z,2026-08-20T00:00:00Z,0.0,0.0,0.0,57.4,0.0,9.1,9,0.0,0.0,13,1.2,0.0,8.5,0.0,0.0,0.0,0.0,0.0,0.0,0.0,3,0.0,0,0,0,0,GREEN,БЕЗ ЗНАЧАЈНОГ РИЗИКА,NO SIGNIFICANT RISK,HIGH,ECMWF ENS,ECMWF ENS | ICON-EU EPS | GEFS,0.0,3,0.0,0,0,0,0,GREEN,БЕЗ ЗНАЧАЈНОГ РИЗИКА,NO SIGNIFICANT RISK,HIGH,ECMWF ENS,ECMWF ENS | ICON-EU EPS | GEFS,0.0,3,0.0,0,0,0,0,GREEN,БЕЗ ЗНАЧАЈНОГ РИЗИКА,NO SIGNIFICANT RISK,HIGH,ECMWF ENS,ECMWF ENS | ICON-EU EPS | GEFS,0.0,3,0.0,0,0,0,0,GREEN,БЕЗ ЗНАЧАЈНОГ РИЗИКА,NO SIGNIFICANT RISK,HIGH,ECMWF ENS,ECMWF ENS | ICON-EU EPS | GEFS,0,GREEN,БЕЗ ЗНАЧАЈНОГ РИЗИКА,NO SIGNIFICANT RISK,NONE,HIGH,24,2026-08-21T06:00:00+00:00,2026-08-22T06:00:00+00:00,STORMS,EXPERIMENTAL,DEVELOPMENTAL MULTIMODEL SIGNAL - NOT CALIBRATED PROBABILITY,PUBLIC OPEN-DATA SERVICES,INDEPENDENT PROJECT - NOT AN OFFICIAL RHMZ WARNING PRODUCT
71048,JAGODINA-GRAD,JAGODINA-GRAD,ЈАГОДИНА-ГРАД,0.0,0.0,0.0,0.0,0.0,14.69889675892258,63.95000076293945,10,54,2026-08-22T06:00:00Z,2026-08-20T00:00:00Z,0.0,0.0,0.0,69.0,0.0,10.8,10,0.0,0.0,10,1.6,0.0,11.1,0.0,0.0,0.0,0.0,0.0,0.0,0.0,3,0.0,0,0,0,0,GREEN,БЕЗ ЗНАЧАЈНОГ РИЗИКА,NO SIGNIFICANT RISK,HIGH,ECMWF ENS,ECMWF ENS | ICON-EU EPS | GEFS,0.0,3,0.0,0,0,0,0,GREEN,БЕЗ ЗНАЧАЈНОГ РИЗИКА,NO SIGNIFICANT RISK,HIGH,ECMWF ENS,ECMWF ENS | ICON-EU EPS | GEFS,0.0,3,0.0,0,0,0,0,GREEN,БЕЗ ЗНАЧАЈНОГ РИЗИКА,NO SIGNIFICANT RISK,HIGH,ECMWF ENS,ECMWF ENS | ICON-EU EPS | GEFS,0.0,3,0.0,0,0,0,0,GREEN,БЕЗ ЗНАЧАЈНОГ РИЗИКА,NO SIGNIFICANT RISK,HIGH,ECMWF ENS,ECMWF ENS | ICON-EU EPS | GEFS,0,GREEN,БЕЗ ЗНАЧАЈНОГ РИЗИКА,NO SIGNIFICANT RISK,NONE,HIGH,24,2026-08-21T06:00:00+00:00,2026-08-22T06:00:00+00:00,STORMS,EXPERIMENTAL,DEVELOPMENTAL MULTIMODEL SIGNAL - NOT CALIBRATED PROBABILITY,PUBLIC OPEN-DATA SERVICES,INDEPENDENT PROJECT - NOT AN OFFICIAL RHMZ WARNING PRODUCT
70769,LJIG,LJIG,ЉИГ,0.0,0.0,0.0,0.0,0.0,12.972172846173258,71.35000228881836,8,54,2026-08-22T06:00:00Z,2026-08-20T00:00:00Z,2.0,0.0,0.4,67.0,0.0,8.6,8,0.0,0.0,12,0.1,0.0,10.6,0.0,0.0,0.0,0.0,0.0,0.0,0.7,3,2.0,0,0,0,0,GREEN,БЕЗ ЗНАЧАЈНОГ РИЗИКА,NO SIGNIFICANT RISK,HIGH,ECMWF ENS,ECMWF ENS | ICON-EU EPS | GEFS,0.0,3,0.0,0,0,0,0,GREEN,БЕЗ ЗНАЧАЈНОГ РИЗИКА,NO SIGNIFICANT RISK,HIGH,ECMWF ENS,ECMWF ENS | ICON-EU EPS | GEFS,0.0,3,0.0,0,0,0,0,GREEN,БЕЗ ЗНАЧАЈНОГ РИЗИКА,NO SIGNIFICANT RISK,HIGH,ECMWF ENS,ECMWF ENS | ICON-EU EPS | GEFS,0.0,3,0.0,0,0,0,0,GREEN,БЕЗ ЗНАЧАЈНОГ РИЗИКА,NO SIGNIFICANT RISK,HIGH,ECMWF ENS,ECMWF ENS | ICON-EU EPS | GEFS,0,GREEN,БЕЗ ЗНАЧАЈНОГ РИЗИКА,NO SIGNIFICANT RISK,NONE,HIGH,24,2026-08-21T06:00:00+00:00,2026-08-22T06:00:00+00:00,STORMS,EXPERIMENTAL,DEVELOPMENTAL MULTIMODEL SIGNAL - NOT CALIBRATED PROBABILITY,PUBLIC OPEN-DATA SERVICES,INDEPENDENT PROJECT - NOT AN OFFICIAL RHMZ WARNING PRODUCT
70777,LJUBOVIJA,LJUBOVIJA,ЉУБОВИЈА,0.0,0.0,0.0,0.0,0.0,13.120879125807011,72.14999771118164,9,54,2026-08-22T06:00:00Z,2026-08-20T00:00:00Z,2.0,0.0,0.5,61.8,0.0,9.0,9,0.0,0.0,10,24.5,0.0,10.1,0.0,0.0,0.0,0.0,0.0,0.0,0.7,3,2.0,0,0,0,0,GREEN,БЕЗ ЗНАЧАЈНОГ РИЗИКА,NO SIGNIFICANT RISK,HIGH,ECMWF ENS,ECMWF ENS | ICON-EU EPS | GEFS,0.0,3,0.0,0,0,0,0,GREEN,БЕЗ ЗНАЧАЈНОГ РИЗИКА,NO SIGNIFICANT RISK,HIGH,ECMWF ENS,ECMWF ENS | ICON-EU EPS | GEFS,0.0,3,0.0,0,0,0,0,GREEN,БЕЗ ЗНАЧАЈНОГ РИЗИКА,NO SIGNIFICANT RISK,HIGH,ECMWF ENS,ECMWF ENS | ICON-EU EPS | GEFS,0.0,3,0.0,0,0,0,0,GREEN,БЕЗ ЗНАЧАЈНОГ РИЗИКА,NO SIGNIFICANT RISK,HIGH,ECMWF ENS,ECMWF ENS | ICON-EU EPS | GEFS,0,GREEN,БЕЗ ЗНАЧАЈНОГ РИЗИКА,NO SIGNIFICANT RISK,NONE,HIGH,24,2026-08-21T06:00:00+00:00,2026-08-22T06:00:00+00:00,STORMS,EXPERIMENTAL,DEVELOPMENTAL MULTIMODEL SIGNAL - NOT CALIBRATED PROBABILITY,PUBLIC OPEN-DATA SERVICES,INDEPENDENT PROJECT - NOT AN OFFICIAL RHMZ WARNING PRODUCT
71196,ĆIĆEVAC,ĆIĆEVAC,ЋИЋЕВАЦ,0.0,0.0,0.0,0.0,0.0,13.2094955255037,60.92500305175781,6,54,2026-08-22T06:00:00Z,2026-08-20T00:00:00Z,0.0,0.0,0.0,59.5,0.0,12.1,6,0.0,0.0,12,1.5,0.0,10.2,0.0,0.0,0.0,0.0,0.0,0.0,0.0,3,0.0,0,0,0,0,GREEN,БЕЗ ЗНАЧАЈНОГ РИЗИКА,NO SIGNIFICANT RISK,HIGH,ECMWF ENS,ECMWF ENS | ICON-EU EPS | GEFS,0.0,3,0.0,0,0,0,0,GREEN,БЕЗ ЗНАЧАЈНОГ РИЗИКА,NO SIGNIFICANT RISK,HIGH,ECMWF ENS,ECMWF ENS | ICON-EU EPS | GEFS,0.0,3,0.0,0,0,0,0,GREEN,БЕЗ ЗНАЧАЈНОГ РИЗИКА,NO SIGNIFICANT RISK,HIGH,ECMWF ENS,ECMWF ENS | ICON-EU EPS | GEFS,0.0,3,0.0,0,0,0,0,GREEN,БЕЗ ЗНАЧАЈНОГ РИЗИКА,NO SIGNIFICANT RISK,HIGH,ECMWF ENS,ECMWF ENS | ICON-EU EPS | GEFS,0,GREEN,БЕЗ ЗНАЧАЈНОГ РИЗИКА,NO SIGNIFICANT RISK,NONE,HIGH,24,2026-08-21T06:00:00+00:00,2026-08-22T06:00:00+00:00,STORMS,EXPERIMENTAL,DEVELOPMENTAL MULTIMODEL SIGNAL - NOT CALIBRATED PROBABILITY,PUBLIC OPEN-DATA SERVICES,INDEPENDENT PROJECT - NOT AN OFFICIAL RHMZ WARNING PRODUCT
71200,ĆUPRIJA,ĆUPRIJA,ЋУПРИЈА,0.0,0.0,0.0,0.0,0.0,14.69889675892258,62.61240100860596,8,54,2026-08-22T06:00:00Z,2026-08-20T00:00:00Z,0.0,0.0,0.0,64.4,0.0,12.0,8,0.0,0.0,10,1.6,0.0,10.8,0.0,0.0,0.0,0.0,0.0,0.0,0.0,3,0.0,0,0,0,0,GREEN,БЕЗ ЗНАЧАЈНОГ РИЗИКА,NO SIGNIFICANT RISK,HIGH,ECMWF ENS,ECMWF ENS | ICON-EU EPS | GEFS,0.0,3,0.0,0,0,0,0,GREEN,БЕЗ ЗНАЧАЈНОГ РИЗИКА,NO SIGNIFICANT RISK,HIGH,ECMWF ENS,ECMWF ENS | ICON-EU EPS | GEFS,0.0,3,0.0,0,0,0,0,GREEN,БЕЗ ЗНАЧАЈНОГ РИЗИКА,NO SIGNIFICANT RISK,HIGH,ECMWF ENS,ECMWF ENS | ICON-EU EPS | GEFS,0.0,3,0.0,0,0,0,0,GREEN,БЕЗ ЗНАЧАЈНОГ РИЗИКА,NO SIGNIFICANT RISK,HIGH,ECMWF ENS,ECMWF ENS | ICON-EU EPS | GEFS,0,GREEN,БЕЗ ЗНАЧАЈНОГ РИЗИКА,NO SIGNIFICANT RISK,NONE,HIGH,24,2026-08-21T06:00:00+00:00,2026-08-22T06:00:00+00:00,STORMS,EXPERIMENTAL,DEVELOPMENTAL MULTIMODEL SIGNAL - NOT CALIBRATED PROBABILITY,PUBLIC OPEN-DATA SERVICES,INDEPENDENT PROJECT - NOT AN OFFICIAL RHMZ WARNING PRODUCT
80012,ADA,ADA,АДА,0.0,0.0,0.0,0.0,0.0,8.056582612229132,70.29999923706055,6,54,2026-08-22T06:00:00Z,2026-08-20T00:00:00Z,0.0,0.0,0.0,53.2,0.0,7.4,6,0.0,0.0,11,1.9,0.0,6.8,0.0,0.0,0.0,0.0,0.0,0.0,0.0,3,0.0,0,0,0,0,GREEN,БЕЗ ЗНАЧАЈНОГ РИЗИКА,NO SIGNIFICANT RISK,HIGH,ECMWF ENS,ECMWF ENS | ICON-EU EPS | GEFS,0.0,3,0.0,0,0,0,0,GREEN,БЕЗ ЗНАЧАЈНОГ РИЗИКА,NO SIGNIFICANT RISK,HIGH,ECMWF ENS,ECMWF ENS | ICON-EU EPS | GEFS,0.0,3,0.0,0,0,0,0,GREEN,БЕЗ ЗНАЧАЈНОГ РИЗИКА,NO SIGNIFICANT RISK,HIGH,ECMWF ENS,ECMWF ENS | ICON-EU EPS | GEFS,0.0,3,0.0,0,0,0,0,GREEN,БЕЗ ЗНАЧАЈНОГ РИЗИКА,NO SIGNIFICANT RISK,HIGH,ECMWF ENS,ECMWF ENS | ICON-EU EPS | GEFS,0,GREEN,БЕЗ ЗНАЧАЈНОГ РИЗИКА,NO SIGNIFICANT RISK,NONE,HIGH,24,2026-08-21T06:00:00+00:00,2026-08-22T06:00:00+00:00,STORMS,EXPERIMENTAL,DEVELOPMENTAL MULTIMODEL SIGNAL - NOT CALIBRATED PROBABILITY,PUBLIC OPEN-DATA SERVICES,INDEPENDENT PROJECT - NOT AN OFFICIAL RHMZ WARNING PRODUCT
70017,ALEKSANDROVAC,ALEKSANDROVAC,АЛЕКСАНДРОВАЦ,0.0,0.0,0.0,0.0,0.0,13.097653298314896,62.10000228881836,11,54,2026-08-22T06:00:00Z,2026-08-20T00:00:00Z,0.0,0.0,0.0,68.6,0.0,11.2,11,0.0,0.0,12,0.2,0.0,10.8,0.0,0.0,0.0,0.0,0.0,0.0,0.0,3,0.0,0,0,0,0,GREEN,БЕЗ ЗНАЧАЈНОГ РИЗИКА,NO SIGNIFICANT RISK,HIGH,ECMWF ENS,ECMWF ENS | ICON-EU EPS | GEFS,0.0,3,0.0,0,0,0,0,GREEN,БЕЗ ЗНАЧАЈНОГ РИЗИКА,NO SIGNIFICANT RISK,HIGH,ECMWF ENS,ECMWF ENS | ICON-EU EPS | GEFS,0.0,3,0.0,0,0,0,0,GREEN,БЕЗ ЗНАЧАЈНОГ РИЗИКА,NO SIGNIFICANT RISK,HIGH,ECMWF ENS,ECMWF ENS | ICON-EU EPS | GEFS,0.0,3,0.0,0,0,0,0,GREEN,БЕЗ ЗНАЧАЈНОГ РИЗИКА,NO SIGNIFICANT RISK,HIGH,ECMWF ENS,ECMWF ENS | ICON-EU EPS | GEFS,0,GREEN,БЕЗ ЗНАЧАЈНОГ РИЗИКА,NO SIGNIFICANT RISK,NONE,HIGH,24,2026-08-21T06:00:00+00:00,2026-08-22T06:00:00+00:00,STORMS,EXPERIMENTAL,DEVELOPMENTAL MULTIMODEL SIGNAL - NOT CALIBRATED PROBABILITY,PUBLIC OPEN-DATA SERVICES,INDEPENDENT PROJECT - NOT AN OFFICIAL RHMZ WARNING PRODUCT
70025,ALEKSINAC,ALEKSINAC,АЛЕКСИНАЦ,0.0,0.0,0.0,0.0,0.0,13.2094955255037,60.29999923706055,11,54,2026-08-22T06:00:00Z,2026-08-20T00:00:00Z,0.0,0.0,0.0,53.2,0.0,12.1,11,0.0,0.0,10,1.4,0.0,9.5,0.0,0.0,0.0,0.0,0.0,0.0,0.0,3,0.0,0,0,0,0,GREEN,БЕЗ ЗНАЧАЈНОГ РИЗИКА,NO SIGNIFICANT RISK,HIGH,ECMWF ENS,ECMWF ENS | ICON-EU EPS | GEFS,0.0,3,0.0,0,0,0,0,GREEN,БЕЗ ЗНАЧАЈНОГ РИЗИКА,NO SIGNIFICANT RISK,HIGH,ECMWF ENS,ECMWF ENS | ICON-EU EPS | GEFS,0.0,3,0.0,0,0,0,0,GREEN,БЕЗ ЗНАЧАЈНОГ РИЗИКА,NO SIGNIFICANT RISK,HIGH,ECMWF ENS,ECMWF ENS | ICON-EU EPS | GEFS,0.0,3,0.0,0,0,0,0,GREEN,БЕЗ ЗНАЧАЈНОГ РИЗИКА,NO SIGNIFICANT RISK,HIGH,ECMWF ENS,ECMWF ENS | ICON-EU EPS | GEFS,0,GREEN,БЕЗ ЗНАЧАЈНОГ РИЗИКА,NO SIGNIFICANT RISK,NONE,HIGH,24,2026-08-21T06:00:00+00:00,2026-08-22T06:00:00+00:00,STORMS,EXPERIMENTAL,DEVELOPMENTAL MULTIMODEL SIGNAL - NOT CALIBRATED PROBABILITY,PUBLIC OPEN-DATA SERVICES,INDEPENDENT PROJECT - NOT AN OFFICIAL RHMZ WARNING PRODUCT
80039,ALIBUNAR,ALIBUNAR,АЛИБУНАР,0.0,0.0,0.0,0.0,0.0,11.92395254545841,69.67500305175781,9,54,2026-08-22T06:00:00Z,2026-08-20T00:00:00Z,0.0,0.0,349.0,63.2,0.0,6.8,9,0.0,0.0,12,2.7,0.0,13.7,0.0,0.0,0.0,0.0,0.0,0.0,0.0,3,0.0,0,0,0,0,GREEN,БЕЗ ЗНАЧАЈНОГ РИЗИКА,NO SIGNIFICANT RISK,HIGH,ECMWF ENS,ECMWF ENS | ICON-EU EPS | GEFS,0.0,3,0.0,0,0,0,0,GREEN,БЕЗ ЗНАЧАЈНОГ РИЗИКА,NO SIGNIFICANT RISK,HIGH,ECMWF ENS,ECMWF ENS | ICON-EU EPS | GEFS,0.0,3,0.0,0,0,0,0,GREEN,БЕЗ ЗНАЧАЈНОГ РИЗИКА,NO SIGNIFICANT RISK,HIGH,ECMWF ENS,ECMWF ENS | ICON-EU EPS | GEFS,0.0,3,0.0,0,0,0,0,GREEN,БЕЗ ЗНАЧАЈНОГ РИЗИКА,NO SIGNIFICANT RISK,HIGH,ECMWF ENS,ECMWF ENS | ICON-EU EPS | GEFS,0,GREEN,БЕЗ ЗНАЧАЈНОГ РИЗИКА,NO SIGNIFICANT RISK,NONE,HIGH,24,2026-08-21T06:00:00+00:00,2026-08-22T06:00:00+00:00,STORMS,EXPERIMENTAL,DEVELOPMENTAL MULTIMODEL SIGNAL - NOT CALIBRATED PROBABILITY,PUBLIC OPEN-DATA SERVICES,INDEPENDENT PROJECT - NOT AN OFFICIAL RHMZ WARNING PRODUCT
80047,APATIN,APATIN,АПАТИН,0.0,0.0,0.0,0.0,0.0,7.3545121037744865,74.5,6,54,2026-08-22T06:00:00Z,2026-08-20T00:00:00Z,0.0,0.0,0.0,54.0,0.0,9.4,6,0.0,0.0,12,1.2,0.0,6.9,0.0,0.0,0.0,0.0,0.0,0.0,0.0,3,0.0,0,0,0,0,GREEN,БЕЗ ЗНАЧАЈНОГ РИЗИКА,NO SIGNIFICANT RISK,HIGH,ECMWF ENS,ECMWF ENS | ICON-EU EPS | GEFS,0.0,3,0.0,0,0,0,0,GREEN,БЕЗ ЗНАЧАЈНОГ РИЗИКА,NO SIGNIFICANT RISK,HIGH,ECMWF ENS,ECMWF ENS | ICON-EU EPS | GEFS,0.0,3,0.0,0,0,0,0,GREEN,БЕЗ ЗНАЧАЈНОГ РИЗИКА,NO SIGNIFICANT RISK,HIGH,ECMWF ENS,ECMWF ENS | ICON-EU EPS | GEFS,0.0,3,0.0,0,0,0,0,GREEN,БЕЗ ЗНАЧАЈНОГ РИЗИКА,NO SIGNIFICANT RISK,HIGH,ECMWF ENS,ECMWF ENS | ICON-EU EPS | GEFS,0,GREEN,БЕЗ ЗНАЧАЈНОГ РИЗИКА,NO SIGNIFICANT RISK,NONE,HIGH,24,2026-08-21T06:00:00+00:00,2026-08-22T06:00:00+00:00,STORMS,EXPERIMENTAL,DEVELOPMENTAL MULTIMODEL SIGNAL - NOT CALIBRATED PROBABILITY,PUBLIC OPEN-DATA SERVICES,INDEPENDENT PROJECT - NOT AN OFFICIAL RHMZ WARNING PRODUCT
70033,ARANĐELOVAC,ARANĐELOVAC,АРАНЂЕЛОВАЦ,0.0,0.0,0.0,0.0,0.0,12.972172846173258,71.35000228881836,7,54,2026-08-22T06:00:00Z,2026-08-20T00:00:00Z,0.0,0.0,0.0,66.1,0.0,7.6,7,0.0,0.0,13,0.4,0.0,10.7,0.0,0.0,0.0,0.0,0.0,0.0,0.0,3,0.0,0,0,0,0,GREEN,БЕЗ ЗНАЧАЈНОГ РИЗИКА,NO SIGNIFICANT RISK,HIGH,ECMWF ENS,ECMWF ENS | ICON-EU EPS | GEFS,0.0,3,0.0,0,0,0,0,GREEN,БЕЗ ЗНАЧАЈНОГ РИЗИКА,NO SIGNIFICANT RISK,HIGH,ECMWF ENS,ECMWF ENS | ICON-EU EPS | GEFS,0.0,3,0.0,0,0,0,0,GREEN,БЕЗ ЗНАЧАЈНОГ РИЗИКА,NO SIGNIFICANT RISK,HIGH,ECMWF ENS,ECMWF ENS | ICON-EU EPS | GEFS,0.0,3,0.0,0,0,0,0,GREEN,БЕЗ ЗНАЧАЈНОГ РИЗИКА,NO SIGNIFICANT RISK,HIGH,ECMWF ENS,ECMWF ENS | ICON-EU EPS | GEFS,0,GREEN,БЕЗ ЗНАЧАЈНОГ РИЗИКА,NO SIGNIFICANT RISK,NONE,HIGH,24,2026-08-21T06:00:00+00:00,2026-08-22T06:00:00+00:00,STORMS,EXPERIMENTAL,DEVELOPMENTAL MULTIMODEL SIGNAL - NOT CALIBRATED PROBABILITY,PUBLIC OPEN-DATA SERVICES,INDEPENDENT PROJECT - NOT AN OFFICIAL RHMZ WARNING PRODUCT
70041,ARILJE,ARILJE,АРИЉЕ,0.0,0.0,0.0,0.0,0.0,12.6234639593738,70.0,8,54,2026-08-22T06:00:00Z,2026-08-20T00:00:00Z,0.0,0.0,8.5,69.3,0.0,9.8,8,0.0,0.0,11,1.6,0.0,9.8,0.0,0.0,0.0,0.0,0.0,0.0,0.0,3,0.0,0,0,0,0,GREEN,БЕЗ ЗНАЧАЈНОГ РИЗИКА,NO SIGNIFICANT RISK,HIGH,ECMWF ENS,ECMWF ENS | ICON-EU EPS | GEFS,0.0,3,0.0,0,0,0,0,GREEN,БЕЗ ЗНАЧАЈНОГ РИЗИКА,NO SIGNIFICANT RISK,HIGH,ECMWF ENS,ECMWF ENS | ICON-EU EPS | GEFS,0.0,3,0.0,0,0,0,0,GREEN,БЕЗ ЗНАЧАЈНОГ РИЗИКА,NO SIGNIFICANT RISK,HIGH,ECMWF ENS,ECMWF ENS | ICON-EU EPS | GEFS,0.0,3,0.0,0,0,0,0,GREEN,БЕЗ ЗНАЧАЈНОГ РИЗИКА,NO SIGNIFICANT RISK,HIGH,ECMWF ENS,ECMWF ENS | ICON-EU EPS | GEFS,0,GREEN,БЕЗ ЗНАЧАЈНОГ РИЗИКА,NO SIGNIFICANT RISK,NONE,HIGH,24,2026-08-21T06:00:00+00:00,2026-08-22T06:00:00+00:00,STORMS,EXPERIMENTAL,DEVELOPMENTAL MULTIMODEL SIGNAL - NOT CALIBRATED PROBABILITY,PUBLIC OPEN-DATA SERVICES,INDEPENDENT PROJECT - NOT AN OFFICIAL RHMZ WARNING PRODUCT
70068,BAJINA BAŠTA,BAJINA BAŠTA,БАЈИНА БАШТА,0.0,0.0,0.0,0.0,0.0,13.120879125807011,70.43351554870605,10,54,2026-08-22T06:00:00Z,2026-08-20T00:00:00Z,2.0,0.0,0.5,61.8,0.0,9.0,10,0.0,0.0,11,26.3,0.0,9.7,0.0,0.0,0.0,0.0,0.0,0.0,0.7,3,2.0,0,0,0,0,GREEN,БЕЗ ЗНАЧАЈНОГ РИЗИКА,NO SIGNIFICANT RISK,HIGH,ECMWF ENS,ECMWF ENS | ICON-EU EPS | GEFS,0.0,3,0.0,0,0,0,0,GREEN,БЕЗ ЗНАЧАЈНОГ РИЗИКА,NO SIGNIFICANT RISK,HIGH,ECMWF ENS,ECMWF ENS | ICON-EU EPS | GEFS,0.0,3,0.0,0,0,0,0,GREEN,БЕЗ ЗНАЧАЈНОГ РИЗИКА,NO SIGNIFICANT RISK,HIGH,ECMWF ENS,ECMWF ENS | ICON-EU EPS | GEFS,0.0,3,0.0,0,0,0,0,GREEN,БЕЗ ЗНАЧАЈНОГ РИЗИКА,NO SIGNIFICANT RISK,HIGH,ECMWF ENS,ECMWF ENS | ICON-EU EPS | GEFS,0,GREEN,БЕЗ ЗНАЧАЈНОГ РИЗИКА,NO SIGNIFICANT RISK,NONE,HIGH,24,2026-08-21T06:00:00+00:00,2026-08-22T06:00:00+00:00,STORMS,EXPERIMENTAL,DEVELOPMENTAL MULTIMODEL SIGNAL - NOT CALIBRATED PROBABILITY,PUBLIC OPEN-DATA SERVICES,INDEPENDENT PROJECT - NOT AN OFFICIAL RHMZ WARNING PRODUCT
70050,BABUŠNICA,BABUŠNICA,БАБУШНИЦА,0.0,0.0,0.0,0.0,0.0,8.421130548372734,59.7000036239624,9,54,2026-08-22T06:00:00Z,2026-08-20T00:00:00Z,0.0,0.0,0.0,49.9,0.0,6.4,9,0.0,0.0,13,0.1,0.0,4.7,0.0,0.0,0.0,0.0,0.0,0.0,0.0,3,0.0,0,0,0,0,GREEN,БЕЗ ЗНАЧАЈНОГ РИЗИКА,NO SIGNIFICANT RISK,HIGH,ECMWF ENS,ECMWF ENS | ICON-EU EPS | GEFS,0.0,3,0.0,0,0,0,0,GREEN,БЕЗ ЗНАЧАЈНОГ РИЗИКА,NO SIGNIFICANT RISK,HIGH,ECMWF ENS,ECMWF ENS | ICON-EU EPS | GEFS,0.0,3,0.0,0,0,0,0,GREEN,БЕЗ ЗНАЧАЈНОГ РИЗИКА,NO SIGNIFICANT RISK,HIGH,ECMWF ENS,ECMWF ENS | ICON-EU EPS | GEFS,0.0,3,0.0,0,0,0,0,GREEN,БЕЗ ЗНАЧАЈНОГ РИЗИКА,NO SIGNIFICANT RISK,HIGH,ECMWF ENS,ECMWF ENS | ICON-EU EPS | GEFS,0,GREEN,БЕЗ ЗНАЧАЈНОГ РИЗИКА,NO SIGNIFICANT RISK,NONE,HIGH,24,2026-08-21T06:00:00+00:00,2026-08-22T06:00:00+00:00,STORMS,EXPERIMENTAL,DEVELOPMENTAL MULTIMODEL SIGNAL - NOT CALIBRATED PROBABILITY,PUBLIC OPEN-DATA SERVICES,INDEPENDENT PROJECT - NOT AN OFFICIAL RHMZ WARNING PRODUCT
70076,BATOČINA,BATOČINA,БАТОЧИНА,0.0,0.0,0.0,0.0,0.0,14.569758751287369,66.15851306915283,6,54,2026-08-22T06:00:00Z,2026-08-20T00:00:00Z,0.0,0.0,0.0,72.2,0.0,9.6,6,0.0,0.0,10,1.1,0.0,11.5,0.0,0.0,0.0,0.0,0.0,0.0,0.0,3,0.0,0,0,0,0,GREEN,БЕЗ ЗНАЧАЈНОГ РИЗИКА,NO SIGNIFICANT RISK,HIGH,ECMWF ENS,ECMWF ENS | ICON-EU EPS | GEFS,0.0,3,0.0,0,0,0,0,GREEN,БЕЗ ЗНАЧАЈНОГ РИЗИКА,NO SIGNIFICANT RISK,HIGH,ECMWF ENS,ECMWF ENS | ICON-EU EPS | GEFS,0.0,3,0.0,0,0,0,0,GREEN,БЕЗ ЗНАЧАЈНОГ РИЗИКА,NO SIGNIFICANT RISK,HIGH,ECMWF ENS,ECMWF ENS | ICON-EU EPS | GEFS,0.0,3,0.0,0,0,0,0,GREEN,БЕЗ ЗНАЧАЈНОГ РИЗИКА,NO SIGNIFICANT RISK,HIGH,ECMWF ENS,ECMWF ENS | ICON-EU EPS | GEFS,0,GREEN,БЕЗ ЗНАЧАЈНОГ РИЗИКА,NO SIGNIFICANT RISK,NONE,HIGH,24,2026-08-21T06:00:00+00:00,2026-08-22T06:00:00+00:00,STORMS,EXPERIMENTAL,DEVELOPMENTAL MULTIMODEL SIGNAL - NOT CALIBRATED PROBABILITY,PUBLIC OPEN-DATA SERVICES,INDEPENDENT PROJECT - NOT AN OFFICIAL RHMZ WARNING PRODUCT
80055,BAČ,BAČ,БАЧ,0.0,0.0,0.0,0.0,0.0,8.04036112099929,74.5,8,54,2026-08-22T06:00:00Z,2026-08-20T00:00:00Z,0.0,0.0,251.6,50.8,0.0,8.3,8,0.0,0.0,12,15.2,0.0,8.8,0.0,0.0,0.0,0.0,0.0,0.0,0.0,3,0.0,0,0,0,0,GREEN,БЕЗ ЗНАЧАЈНОГ РИЗИКА,NO SIGNIFICANT RISK,HIGH,ECMWF ENS,ECMWF ENS | ICON-EU EPS | GEFS,0.0,3,0.0,0,0,0,0,GREEN,БЕЗ ЗНАЧАЈНОГ РИЗИКА,NO SIGNIFICANT RISK,HIGH,ECMWF ENS,ECMWF ENS | ICON-EU EPS | GEFS,0.0,3,0.0,0,0,0,0,GREEN,БЕЗ ЗНАЧАЈНОГ РИЗИКА,NO SIGNIFICANT RISK,HIGH,ECMWF ENS,ECMWF ENS | ICON-EU EPS | GEFS,0.0,3,0.0,0,0,0,0,GREEN,БЕЗ ЗНАЧАЈНОГ РИЗИКА,NO SIGNIFICANT RISK,HIGH,ECMWF ENS,ECMWF ENS | ICON-EU EPS | GEFS,0,GREEN,БЕЗ ЗНАЧАЈНОГ РИЗИКА,NO SIGNIFICANT RISK,NONE,HIGH,24,2026-08-21T06:00:00+00:00,2026-08-22T06:00:00+00:00,STORMS,EXPERIMENTAL,DEVELOPMENTAL MULTIMODEL SIGNAL - NOT CALIBRATED PROBABILITY,PUBLIC OPEN-DATA SERVICES,INDEPENDENT PROJECT - NOT AN OFFICIAL RHMZ WARNING PRODUCT
80063,BAČKA PALANKA,BAČKA PALANKA,БАЧКА ПАЛАНКА,0.0,0.0,0.0,0.0,0.0,8.918503173717562,74.28351402282715,9,54,2026-08-22T06:00:00Z,2026-08-20T00:00:00Z,0.0,0.0,250.1,51.7,0.0,7.1,9,0.0,0.0,12,25.9,0.0,9.3,0.0,0.0,0.0,0.0,0.0,0.0,0.0,3,0.0,0,0,0,0,GREEN,БЕЗ ЗНАЧАЈНОГ РИЗИКА,NO SIGNIFICANT RISK,HIGH,ECMWF ENS,ECMWF ENS | ICON-EU EPS | GEFS,0.0,3,0.0,0,0,0,0,GREEN,БЕЗ ЗНАЧАЈНОГ РИЗИКА,NO SIGNIFICANT RISK,HIGH,ECMWF ENS,ECMWF ENS | ICON-EU EPS | GEFS,0.0,3,0.0,0,0,0,0,GREEN,БЕЗ ЗНАЧАЈНОГ РИЗИКА,NO SIGNIFICANT RISK,HIGH,ECMWF ENS,ECMWF ENS | ICON-EU EPS | GEFS,0.0,3,0.0,0,0,0,0,GREEN,БЕЗ ЗНАЧАЈНОГ РИЗИКА,NO SIGNIFICANT RISK,HIGH,ECMWF ENS,ECMWF ENS | ICON-EU EPS | GEFS,0,GREEN,БЕЗ ЗНАЧАЈНОГ РИЗИКА,NO SIGNIFICANT RISK,NONE,HIGH,24,2026-08-21T06:00:00+00:00,2026-08-22T06:00:00+00:00,STORMS,EXPERIMENTAL,DEVELOPMENTAL MULTIMODEL SIGNAL - NOT CALIBRATED PROBABILITY,PUBLIC OPEN-DATA SERVICES,INDEPENDENT PROJECT - NOT AN OFFICIAL RHMZ WARNING PRODUCT
80071,BAČKA TOPOLA,BAČKA TOPOLA,БАЧКА ТОПОЛА,0.0,0.0,0.0,0.0,0.0,8.056582612229132,71.45000076293945,8,54,2026-08-22T06:00:00Z,2026-08-20T00:00:00Z,0.0,0.0,0.0,51.2,0.0,8.8,8,0.0,0.0,10,1.7,0.0,6.4,0.0,0.0,0.0,0.0,0.0,0.0,0.0,3,0.0,0,0,0,0,GREEN,БЕЗ ЗНАЧАЈНОГ РИЗИКА,NO SIGNIFICANT RISK,HIGH,ECMWF ENS,ECMWF ENS | ICON-EU EPS | GEFS,0.0,3,0.0,0,0,0,0,GREEN,БЕЗ ЗНАЧАЈНОГ РИЗИКА,NO SIGNIFICANT RISK,HIGH,ECMWF ENS,ECMWF ENS | ICON-EU EPS | GEFS,0.0,3,0.0,0,0,0,0,GREEN,БЕЗ ЗНАЧАЈНОГ РИЗИКА,NO SIGNIFICANT RISK,HIGH,ECMWF ENS,ECMWF ENS | ICON-EU EPS | GEFS,0.0,3,0.0,0,0,0,0,GREEN,БЕЗ ЗНАЧАЈНОГ РИЗИКА,NO SIGNIFICANT RISK,HIGH,ECMWF ENS,ECMWF ENS | ICON-EU EPS | GEFS,0,GREEN,БЕЗ ЗНАЧАЈНОГ РИЗИКА,NO SIGNIFICANT RISK,NONE,HIGH,24,2026-08-21T06:00:00+00:00,2026-08-22T06:00:00+00:00,STORMS,EXPERIMENTAL,DEVELOPMENTAL MULTIMODEL SIGNAL - NOT CALIBRATED PROBABILITY,PUBLIC OPEN-DATA SERVICES,INDEPENDENT PROJECT - NOT AN OFFICIAL RHMZ WARNING PRODUCT
80080,BAČKI PETROVAC,BAČKI PETROVAC,БАЧКИ ПЕТРОВАЦ,0.0,0.0,0.0,0.0,0.0,8.304686603768777,74.28351402282715,6,54,2026-08-22T06:00:00Z,2026-08-20T00:00:00Z,0.0,0.0,250.1,51.7,0.0,7.1,6,0.0,0.0,10,16.6,0.0,9.3,0.0,0.0,0.0,0.0,0.0,0.0,0.0,3,0.0,0,0,0,0,GREEN,БЕЗ ЗНАЧАЈНОГ РИЗИКА,NO SIGNIFICANT RISK,HIGH,ECMWF ENS,ECMWF ENS | ICON-EU EPS | GEFS,0.0,3,0.0,0,0,0,0,GREEN,БЕЗ ЗНАЧАЈНОГ РИЗИКА,NO SIGNIFICANT RISK,HIGH,ECMWF ENS,ECMWF ENS | ICON-EU EPS | GEFS,0.0,3,0.0,0,0,0,0,GREEN,БЕЗ ЗНАЧАЈНОГ РИЗИКА,NO SIGNIFICANT RISK,HIGH,ECMWF ENS,ECMWF ENS | ICON-EU EPS | GEFS,0.0,3,0.0,0,0,0,0,GREEN,БЕЗ ЗНАЧАЈНОГ РИЗИКА,NO SIGNIFICANT RISK,HIGH,ECMWF ENS,ECMWF ENS | ICON-EU EPS | GEFS,0,GREEN,БЕЗ ЗНАЧАЈНОГ РИЗИКА,NO SIGNIFICANT RISK,NONE,HIGH,24,2026-08-21T06:00:00+00:00,2026-08-22T06:00:00+00:00,STORMS,EXPERIMENTAL,DEVELOPMENTAL MULTIMODEL SIGNAL - NOT CALIBRATED PROBABILITY,PUBLIC OPEN-DATA SERVICES,INDEPENDENT PROJECT - NOT AN OFFICIAL RHMZ WARNING PRODUCT
70084,BELA PALANKA,BELA PALANKA,БЕЛА ПАЛАНКА,0.0,0.0,0.0,0.0,0.0,10.736525132716878,60.29999923706055,10,54,2026-08-22T06:00:00Z,2026-08-20T00:00:00Z,0.0,0.0,0.0,49.2,0.0,8.7,10,0.0,0.0,11,0.0,0.0,5.3,0.0,0.0,0.0,0.0,0.0,0.0,0.0,3,0.0,0,0,0,0,GREEN,БЕЗ ЗНАЧАЈНОГ РИЗИКА,NO SIGNIFICANT RISK,HIGH,ECMWF ENS,ECMWF ENS | ICON-EU EPS | GEFS,0.0,3,0.0,0,0,0,0,GREEN,БЕЗ ЗНАЧАЈНОГ РИЗИКА,NO SIGNIFICANT RISK,HIGH,ECMWF ENS,ECMWF ENS | ICON-EU EPS | GEFS,0.0,3,0.0,0,0,0,0,GREEN,БЕЗ ЗНАЧАЈНОГ РИЗИКА,NO SIGNIFICANT RISK,HIGH,ECMWF ENS,ECMWF ENS | ICON-EU EPS | GEFS,0.0,3,0.0,0,0,0,0,GREEN,БЕЗ ЗНАЧАЈНОГ РИЗИКА,NO SIGNIFICANT RISK,HIGH,ECMWF ENS,ECMWF ENS | ICON-EU EPS | GEFS,0,GREEN,БЕЗ ЗНАЧАЈНОГ РИЗИКА,NO SIGNIFICANT RISK,NONE,HIGH,24,2026-08-21T06:00:00+00:00,2026-08-22T06:00:00+00:00,STORMS,EXPERIMENTAL,DEVELOPMENTAL MULTIMODEL SIGNAL - NOT CALIBRATED PROBABILITY,PUBLIC OPEN-DATA SERVICES,INDEPENDENT PROJECT - NOT AN OFFICIAL RHMZ WARNING PRODUCT
80098,BELA CRKVA,BELA CRKVA,БЕЛА ЦРКВА,0.0,0.0,0.0,0.0,0.0,13.115962920284511,68.5999984741211,8,54,2026-08-22T06:00:00Z,2026-08-20T00:00:00Z,0.0,0.0,45.1,70.0,0.0,7.2,8,0.0,0.0,10,0.9,0.0,15.2,0.0,0.0,0.0,0.0,0.0,0.0,0.0,3,0.0,0,0,0,0,GREEN,БЕЗ ЗНАЧАЈНОГ РИЗИКА,NO SIGNIFICANT RISK,HIGH,ECMWF ENS,ECMWF ENS | ICON-EU EPS | GEFS,0.0,3,0.0,0,0,0,0,GREEN,БЕЗ ЗНАЧАЈНОГ РИЗИКА,NO SIGNIFICANT RISK,HIGH,ECMWF ENS,ECMWF ENS | ICON-EU EPS | GEFS,0.0,3,0.0,0,0,0,0,GREEN,БЕЗ ЗНАЧАЈНОГ РИЗИКА,NO SIGNIFICANT RISK,HIGH,ECMWF ENS,ECMWF ENS | ICON-EU EPS | GEFS,0.0,3,0.0,0,0,0,0,GREEN,БЕЗ ЗНАЧАЈНОГ РИЗИКА,NO SIGNIFICANT RISK,HIGH,ECMWF ENS,ECMWF ENS | ICON-EU EPS | GEFS,0,GREEN,БЕЗ ЗНАЧАЈНОГ РИЗИКА,NO SIGNIFICANT RISK,NONE,HIGH,24,2026-08-21T06:00:00+00:00,2026-08-22T06:00:00+00:00,STORMS,EXPERIMENTAL,DEVELOPMENTAL MULTIMODEL SIGNAL - NOT CALIBRATED PROBABILITY,PUBLIC OPEN-DATA SERVICES,INDEPENDENT PROJECT - NOT AN OFFICIAL RHMZ WARNING PRODUCT
70092,BEOGRAD-BARAJEVO,BEOGRAD-BARAJEVO,БЕОГРАД-БАРАЈЕВО,0.0,0.0,0.0,0.0,0.0,11.789111070761,71.80000305175781,7,54,2026-08-22T06:00:00Z,2026-08-20T00:00:00Z,0.0,0.0,105.6,63.6,0.0,7.1,7,0.0,0.0,12,0.6,0.0,11.1,0.0,0.0,0.0,0.0,0.0,0.0,0.0,3,0.0,0,0,0,0,GREEN,БЕЗ ЗНАЧАЈНОГ РИЗИКА,NO SIGNIFICANT RISK,HIGH,ECMWF ENS,ECMWF ENS | ICON-EU EPS | GEFS,0.0,3,0.0,0,0,0,0,GREEN,БЕЗ ЗНАЧАЈНОГ РИЗИКА,NO SIGNIFICANT RISK,HIGH,ECMWF ENS,ECMWF ENS | ICON-EU EPS | GEFS,0.0,3,0.0,0,0,0,0,GREEN,БЕЗ ЗНАЧАЈНОГ РИЗИКА,NO SIGNIFICANT RISK,HIGH,ECMWF ENS,ECMWF ENS | ICON-EU EPS | GEFS,0.0,3,0.0,0,0,0,0,GREEN,БЕЗ ЗНАЧАЈНОГ РИЗИКА,NO SIGNIFICANT RISK,HIGH,ECMWF ENS,ECMWF ENS | ICON-EU EPS | GEFS,0,GREEN,БЕЗ ЗНАЧАЈНОГ РИЗИКА,NO SIGNIFICANT RISK,NONE,HIGH,24,2026-08-21T06:00:00+00:00,2026-08-22T06:00:00+00:00,STORMS,EXPERIMENTAL,DEVELOPMENTAL MULTIMODEL SIGNAL - NOT CALIBRATED PROBABILITY,PUBLIC OPEN-DATA SERVICES,INDEPENDENT PROJECT - NOT AN OFFICIAL RHMZ WARNING PRODUCT
70106,BEOGRAD-VOŽDOVAC,BEOGRAD-VOŽDOVAC,БЕОГРАД-ВОЖДОВАЦ,0.0,0.0,0.0,0.0,0.0,11.245050930454765,71.35000228881836,7,54,2026-08-22T06:00:00Z,2026-08-20T00:00:00Z,0.0,0.0,149.0,64.8,0.0,7.0,7,0.0,0.0,10,1.0,0.0,11.0,0.0,0.0,0.0,0.0,0.0,0.0,0.0,3,0.0,0,0,0,0,GREEN,БЕЗ ЗНАЧАЈНОГ РИЗИКА,NO SIGNIFICANT RISK,HIGH,ECMWF ENS,ECMWF ENS | ICON-EU EPS | GEFS,0.0,3,0.0,0,0,0,0,GREEN,БЕЗ ЗНАЧАЈНОГ РИЗИКА,NO SIGNIFICANT RISK,HIGH,ECMWF ENS,ECMWF ENS | ICON-EU EPS | GEFS,0.0,3,0.0,0,0,0,0,GREEN,БЕЗ ЗНАЧАЈНОГ РИЗИКА,NO SIGNIFICANT RISK,HIGH,ECMWF ENS,ECMWF ENS | ICON-EU EPS | GEFS,0.0,3,0.0,0,0,0,0,GREEN,БЕЗ ЗНАЧАЈНОГ РИЗИКА,NO SIGNIFICANT RISK,HIGH,ECMWF ENS,ECMWF ENS | ICON-EU EPS | GEFS,0,GREEN,БЕЗ ЗНАЧАЈНОГ РИЗИКА,NO SIGNIFICANT RISK,NONE,HIGH,24,2026-08-21T06:00:00+00:00,2026-08-22T06:00:00+00:00,STORMS,EXPERIMENTAL,DEVELOPMENTAL MULTIMODEL SIGNAL - NOT CALIBRATED PROBABILITY,PUBLIC OPEN-DATA SERVICES,INDEPENDENT PROJECT - NOT AN OFFICIAL RHMZ WARNING PRODUCT
70114,BEOGRAD-VRAČAR,BEOGRAD-VRAČAR,БЕОГРАД-ВРАЧАР,0.0,0.0,0.0,0.0,0.0,10.430032105995023,70.42500019073486,4,54,2026-08-22T06:00:00Z,2026-08-20T00:00:00Z,0.0,0.0,149.0,64.8,0.0,7.0,4,0.0,0.0,11,1.3,0.0,11.4,0.0,0.0,0.0,0.0,0.0,0.0,0.0,3,0.0,0,0,0,0,GREEN,БЕЗ ЗНАЧАЈНОГ РИЗИКА,NO SIGNIFICANT RISK,HIGH,ECMWF ENS,ECMWF ENS | ICON-EU EPS | GEFS,0.0,3,0.0,0,0,0,0,GREEN,БЕЗ ЗНАЧАЈНОГ РИЗИКА,NO SIGNIFICANT RISK,HIGH,ECMWF ENS,ECMWF ENS | ICON-EU EPS | GEFS,0.0,3,0.0,0,0,0,0,GREEN,БЕЗ ЗНАЧАЈНОГ РИЗИКА,NO SIGNIFICANT RISK,HIGH,ECMWF ENS,ECMWF ENS | ICON-EU EPS | GEFS,0.0,3,0.0,0,0,0,0,GREEN,БЕЗ ЗНАЧАЈНОГ РИЗИКА,NO SIGNIFICANT RISK,HIGH,ECMWF ENS,ECMWF ENS | ICON-EU EPS | GEFS,0,GREEN,БЕЗ ЗНАЧАЈНОГ РИЗИКА,NO SIGNIFICANT RISK,NONE,HIGH,24,2026-08-21T06:00:00+00:00,2026-08-22T06:00:00+00:00,STORMS,EXPERIMENTAL,DEVELOPMENTAL MULTIMODEL SIGNAL - NOT CALIBRATED PROBABILITY,PUBLIC OPEN-DATA SERVICES,INDEPENDENT PROJECT - NOT AN OFFICIAL RHMZ WARNING PRODUCT
70122,BEOGRAD-GROCKA,BEOGRAD-GROCKA,БЕОГРАД-ГРОЦКА,0.0,0.0,0.0,0.0,0.0,12.138656377817927,70.9000015258789,9,54,2026-08-22T06:00:00Z,2026-08-20T00:00:00Z,0.0,0.0,149.0,64.8,0.0,7.0,9,0.0,0.0,10,1.2,0.0,11.8,0.0,0.0,0.0,0.0,0.0,0.0,0.0,3,0.0,0,0,0,0,GREEN,БЕЗ ЗНАЧАЈНОГ РИЗИКА,NO SIGNIFICANT RISK,HIGH,ECMWF ENS,ECMWF ENS | ICON-EU EPS | GEFS,0.0,3,0.0,0,0,0,0,GREEN,БЕЗ ЗНАЧАЈНОГ РИЗИКА,NO SIGNIFICANT RISK,HIGH,ECMWF ENS,ECMWF ENS | ICON-EU EPS | GEFS,0.0,3,0.0,0,0,0,0,GREEN,БЕЗ ЗНАЧАЈНОГ РИЗИКА,NO SIGNIFICANT RISK,HIGH,ECMWF ENS,ECMWF ENS | ICON-EU EPS | GEFS,0.0,3,0.0,0,0,0,0,GREEN,БЕЗ ЗНАЧАЈНОГ РИЗИКА,NO SIGNIFICANT RISK,HIGH,ECMWF ENS,ECMWF ENS | ICON-EU EPS | GEFS,0,GREEN,БЕЗ ЗНАЧАЈНОГ РИЗИКА,NO SIGNIFICANT RISK,NONE,HIGH,24,2026-08-21T06:00:00+00:00,2026-08-22T06:00:00+00:00,STORMS,EXPERIMENTAL,DEVELOPMENTAL MULTIMODEL SIGNAL - NOT CALIBRATED PROBABILITY,PUBLIC OPEN-DATA SERVICES,INDEPENDENT PROJECT - NOT AN OFFICIAL RHMZ WARNING PRODUCT
70149,BEOGRAD-ZVEZDARA,BEOGRAD-ZVEZDARA,БЕОГРАД-ЗВЕЗДАРА,0.0,0.0,0.0,0.0,0.0,10.430032105995023,70.42500019073486,4,54,2026-08-22T06:00:00Z,2026-08-20T00:00:00Z,0.0,0.0,149.0,64.8,0.0,7.0,4,0.0,0.0,10,1.0,0.0,11.3,0.0,0.0,0.0,0.0,0.0,0.0,0.0,3,0.0,0,0,0,0,GREEN,БЕЗ ЗНАЧАЈНОГ РИЗИКА,NO SIGNIFICANT RISK,HIGH,ECMWF ENS,ECMWF ENS | ICON-EU EPS | GEFS,0.0,3,0.0,0,0,0,0,GREEN,БЕЗ ЗНАЧАЈНОГ РИЗИКА,NO SIGNIFICANT RISK,HIGH,ECMWF ENS,ECMWF ENS | ICON-EU EPS | GEFS,0.0,3,0.0,0,0,0,0,GREEN,БЕЗ ЗНАЧАЈНОГ РИЗИКА,NO SIGNIFICANT RISK,HIGH,ECMWF ENS,ECMWF ENS | ICON-EU EPS | GEFS,0.0,3,0.0,0,0,0,0,GREEN,БЕЗ ЗНАЧАЈНОГ РИЗИКА,NO SIGNIFICANT RISK,HIGH,ECMWF ENS,ECMWF ENS | ICON-EU EPS | GEFS,0,GREEN,БЕЗ ЗНАЧАЈНОГ РИЗИКА,NO SIGNIFICANT RISK,NONE,HIGH,24,2026-08-21T06:00:00+00:00,2026-08-22T06:00:00+00:00,STORMS,EXPERIMENTAL,DEVELOPMENTAL MULTIMODEL SIGNAL - NOT CALIBRATED PROBABILITY,PUBLIC OPEN-DATA SERVICES,INDEPENDENT PROJECT - NOT AN OFFICIAL RHMZ WARNING PRODUCT
70157,BEOGRAD-ZEMUN,BEOGRAD-ZEMUN,БЕОГРАД-ЗЕМУН,0.0,0.0,0.0,0.0,0.0,10.430032105995023,72.13351440429688,6,54,2026-08-22T06:00:00Z,2026-08-20T00:00:00Z,0.0,0.0,339.9,59.6,0.0,6.5,6,0.0,0.0,13,8.1,0.0,10.6,0.0,0.0,0.0,0.0,0.0,0.0,0.0,3,0.0,0,0,0,0,GREEN,БЕЗ ЗНАЧАЈНОГ РИЗИКА,NO SIGNIFICANT RISK,HIGH,ECMWF ENS,ECMWF ENS | ICON-EU EPS | GEFS,0.0,3,0.0,0,0,0,0,GREEN,БЕЗ ЗНАЧАЈНОГ РИЗИКА,NO SIGNIFICANT RISK,HIGH,ECMWF ENS,ECMWF ENS | ICON-EU EPS | GEFS,0.0,3,0.0,0,0,0,0,GREEN,БЕЗ ЗНАЧАЈНОГ РИЗИКА,NO SIGNIFICANT RISK,HIGH,ECMWF ENS,ECMWF ENS | ICON-EU EPS | GEFS,0.0,3,0.0,0,0,0,0,GREEN,БЕЗ ЗНАЧАЈНОГ РИЗИКА,NO SIGNIFICANT RISK,HIGH,ECMWF ENS,ECMWF ENS | ICON-EU EPS | GEFS,0,GREEN,БЕЗ ЗНАЧАЈНОГ РИЗИКА,NO SIGNIFICANT RISK,NONE,HIGH,24,2026-08-21T06:00:00+00:00,2026-08-22T06:00:00+00:00,STORMS,EXPERIMENTAL,DEVELOPMENTAL MULTIMODEL SIGNAL - NOT CALIBRATED PROBABILITY,PUBLIC OPEN-DATA SERVICES,INDEPENDENT PROJECT - NOT AN OFFICIAL RHMZ WARNING PRODUCT
70165,BEOGRAD-LAZAREVAC,BEOGRAD-LAZAREVAC,БЕОГРАД-ЛАЗАРЕВАЦ,0.0,0.0,0.0,0.0,0.0,11.789111070761,71.80000305175781,7,54,2026-08-22T06:00:00Z,2026-08-20T00:00:00Z,2.0,0.0,0.4,67.0,0.0,8.6,7,0.0,0.0,10,0.0,0.0,10.2,0.0,0.0,0.0,0.0,0.0,0.0,0.7,3,2.0,0,0,0,0,GREEN,БЕЗ ЗНАЧАЈНОГ РИЗИКА,NO SIGNIFICANT RISK,HIGH,ECMWF ENS,ECMWF ENS | ICON-EU EPS | GEFS,0.0,3,0.0,0,0,0,0,GREEN,БЕЗ ЗНАЧАЈНОГ РИЗИКА,NO SIGNIFICANT RISK,HIGH,ECMWF ENS,ECMWF ENS | ICON-EU EPS | GEFS,0.0,3,0.0,0,0,0,0,GREEN,БЕЗ ЗНАЧАЈНОГ РИЗИКА,NO SIGNIFICANT RISK,HIGH,ECMWF ENS,ECMWF ENS | ICON-EU EPS | GEFS,0.0,3,0.0,0,0,0,0,GREEN,БЕЗ ЗНАЧАЈНОГ РИЗИКА,NO SIGNIFICANT RISK,HIGH,ECMWF ENS,ECMWF ENS | ICON-EU EPS | GEFS,0,GREEN,БЕЗ ЗНАЧАЈНОГ РИЗИКА,NO SIGNIFICANT RISK,NONE,HIGH,24,2026-08-21T06:00:00+00:00,2026-08-22T06:00:00+00:00,STORMS,EXPERIMENTAL,DEVELOPMENTAL MULTIMODEL SIGNAL - NOT CALIBRATED PROBABILITY,PUBLIC OPEN-DATA SERVICES,INDEPENDENT PROJECT - NOT AN OFFICIAL RHMZ WARNING PRODUCT
70173,BEOGRAD-MLADENOVAC,BEOGRAD-MLADENOVAC,БЕОГРАД-МЛАДЕНОВАЦ,0.0,0.0,0.0,0.0,0.0,13.21710252160699,71.35000228881836,9,54,2026-08-22T06:00:00Z,2026-08-20T00:00:00Z,0.0,0.0,97.8,66.3,0.0,7.2,9,0.0,0.0,12,0.4,0.0,11.3,0.0,0.0,0.0,0.0,0.0,0.0,0.0,3,0.0,0,0,0,0,GREEN,БЕЗ ЗНАЧАЈНОГ РИЗИКА,NO SIGNIFICANT RISK,HIGH,ECMWF ENS,ECMWF ENS | ICON-EU EPS | GEFS,0.0,3,0.0,0,0,0,0,GREEN,БЕЗ ЗНАЧАЈНОГ РИЗИКА,NO SIGNIFICANT RISK,HIGH,ECMWF ENS,ECMWF ENS | ICON-EU EPS | GEFS,0.0,3,0.0,0,0,0,0,GREEN,БЕЗ ЗНАЧАЈНОГ РИЗИКА,NO SIGNIFICANT RISK,HIGH,ECMWF ENS,ECMWF ENS | ICON-EU EPS | GEFS,0.0,3,0.0,0,0,0,0,GREEN,БЕЗ ЗНАЧАЈНОГ РИЗИКА,NO SIGNIFICANT RISK,HIGH,ECMWF ENS,ECMWF ENS | ICON-EU EPS | GEFS,0,GREEN,БЕЗ ЗНАЧАЈНОГ РИЗИКА,NO SIGNIFICANT RISK,NONE,HIGH,24,2026-08-21T06:00:00+00:00,2026-08-22T06:00:00+00:00,STORMS,EXPERIMENTAL,DEVELOPMENTAL MULTIMODEL SIGNAL - NOT CALIBRATED PROBABILITY,PUBLIC OPEN-DATA SERVICES,INDEPENDENT PROJECT - NOT AN OFFICIAL RHMZ WARNING PRODUCT
70181,BEOGRAD-NOVI BEOGRAD,BEOGRAD-NOVI BEOGRAD,БЕОГРАД-НОВИ БЕОГРАД,0.0,0.0,0.0,0.0,0.0,10.430032105995023,71.44999885559082,5,54,2026-08-22T06:00:00Z,2026-08-20T00:00:00Z,0.0,0.0,176.5,61.7,0.0,6.7,5,0.0,0.0,13,1.3,0.0,11.0,0.0,0.0,0.0,0.0,0.0,0.0,0.0,3,0.0,0,0,0,0,GREEN,БЕЗ ЗНАЧАЈНОГ РИЗИКА,NO SIGNIFICANT RISK,HIGH,ECMWF ENS,ECMWF ENS | ICON-EU EPS | GEFS,0.0,3,0.0,0,0,0,0,GREEN,БЕЗ ЗНАЧАЈНОГ РИЗИКА,NO SIGNIFICANT RISK,HIGH,ECMWF ENS,ECMWF ENS | ICON-EU EPS | GEFS,0.0,3,0.0,0,0,0,0,GREEN,БЕЗ ЗНАЧАЈНОГ РИЗИКА,NO SIGNIFICANT RISK,HIGH,ECMWF ENS,ECMWF ENS | ICON-EU EPS | GEFS,0.0,3,0.0,0,0,0,0,GREEN,БЕЗ ЗНАЧАЈНОГ РИЗИКА,NO SIGNIFICANT RISK,HIGH,ECMWF ENS,ECMWF ENS | ICON-EU EPS | GEFS,0,GREEN,БЕЗ ЗНАЧАЈНОГ РИЗИКА,NO SIGNIFICANT RISK,NONE,HIGH,24,2026-08-21T06:00:00+00:00,2026-08-22T06:00:00+00:00,STORMS,EXPERIMENTAL,DEVELOPMENTAL MULTIMODEL SIGNAL - NOT CALIBRATED PROBABILITY,PUBLIC OPEN-DATA SERVICES,INDEPENDENT PROJECT - NOT AN OFFICIAL RHMZ WARNING PRODUCT
70190,BEOGRAD-OBRENOVAC,BEOGRAD-OBRENOVAC,БЕОГРАД-ОБРЕНОВАЦ,0.0,0.0,0.0,0.0,0.0,10.66026226052067,72.33351516723633,8,54,2026-08-22T06:00:00Z,2026-08-20T00:00:00Z,0.0,0.0,31.9,59.6,0.0,7.0,8,0.0,0.0,12,0.4,0.0,10.2,0.0,0.0,0.0,0.0,0.0,0.0,0.0,3,0.0,0,0,0,0,GREEN,БЕЗ ЗНАЧАЈНОГ РИЗИКА,NO SIGNIFICANT RISK,HIGH,ECMWF ENS,ECMWF ENS | ICON-EU EPS | GEFS,0.0,3,0.0,0,0,0,0,GREEN,БЕЗ ЗНАЧАЈНОГ РИЗИКА,NO SIGNIFICANT RISK,HIGH,ECMWF ENS,ECMWF ENS | ICON-EU EPS | GEFS,0.0,3,0.0,0,0,0,0,GREEN,БЕЗ ЗНАЧАЈНОГ РИЗИКА,NO SIGNIFICANT RISK,HIGH,ECMWF ENS,ECMWF ENS | ICON-EU EPS | GEFS,0.0,3,0.0,0,0,0,0,GREEN,БЕЗ ЗНАЧАЈНОГ РИЗИКА,NO SIGNIFICANT RISK,HIGH,ECMWF ENS,ECMWF ENS | ICON-EU EPS | GEFS,0,GREEN,БЕЗ ЗНАЧАЈНОГ РИЗИКА,NO SIGNIFICANT RISK,NONE,HIGH,24,2026-08-21T06:00:00+00:00,2026-08-22T06:00:00+00:00,STORMS,EXPERIMENTAL,DEVELOPMENTAL MULTIMODEL SIGNAL - NOT CALIBRATED PROBABILITY,PUBLIC OPEN-DATA SERVICES,INDEPENDENT PROJECT - NOT AN OFFICIAL RHMZ WARNING PRODUCT
70203,BEOGRAD-PALILULA,BEOGRAD-PALILULA,БЕОГРАД-ПАЛИЛУЛА,0.0,0.0,0.0,0.0,0.0,10.585958465167083,72.13351440429688,9,54,2026-08-22T06:00:00Z,2026-08-20T00:00:00Z,0.0,0.0,347.6,60.0,0.0,6.7,9,0.0,0.0,10,6.7,0.0,10.9,0.0,0.0,0.0,0.0,0.0,0.0,0.0,3,0.0,0,0,0,0,GREEN,БЕЗ ЗНАЧАЈНОГ РИЗИКА,NO SIGNIFICANT RISK,HIGH,ECMWF ENS,ECMWF ENS | ICON-EU EPS | GEFS,0.0,3,0.0,0,0,0,0,GREEN,БЕЗ ЗНАЧАЈНОГ РИЗИКА,NO SIGNIFICANT RISK,HIGH,ECMWF ENS,ECMWF ENS | ICON-EU EPS | GEFS,0.0,3,0.0,0,0,0,0,GREEN,БЕЗ ЗНАЧАЈНОГ РИЗИКА,NO SIGNIFICANT RISK,HIGH,ECMWF ENS,ECMWF ENS | ICON-EU EPS | GEFS,0.0,3,0.0,0,0,0,0,GREEN,БЕЗ ЗНАЧАЈНОГ РИЗИКА,NO SIGNIFICANT RISK,HIGH,ECMWF ENS,ECMWF ENS | ICON-EU EPS | GEFS,0,GREEN,БЕЗ ЗНАЧАЈНОГ РИЗИКА,NO SIGNIFICANT RISK,NONE,HIGH,24,2026-08-21T06:00:00+00:00,2026-08-22T06:00:00+00:00,STORMS,EXPERIMENTAL,DEVELOPMENTAL MULTIMODEL SIGNAL - NOT CALIBRATED PROBABILITY,PUBLIC OPEN-DATA SERVICES,INDEPENDENT PROJECT - NOT AN OFFICIAL RHMZ WARNING PRODUCT
70211,BEOGRAD-RAKOVICA,BEOGRAD-RAKOVICA,БЕОГРАД-РАКОВИЦА,0.0,0.0,0.0,0.0,0.0,10.66026226052067,70.9000015258789,4,54,2026-08-22T06:00:00Z,2026-08-20T00:00:00Z,0.0,0.0,105.6,63.6,0.0,7.1,4,0.0,0.0,10,1.0,0.0,11.1,0.0,0.0,0.0,0.0,0.0,0.0,0.0,3,0.0,0,0,0,0,GREEN,БЕЗ ЗНАЧАЈНОГ РИЗИКА,NO SIGNIFICANT RISK,HIGH,ECMWF ENS,ECMWF ENS | ICON-EU EPS | GEFS,0.0,3,0.0,0,0,0,0,GREEN,БЕЗ ЗНАЧАЈНОГ РИЗИКА,NO SIGNIFICANT RISK,HIGH,ECMWF ENS,ECMWF ENS | ICON-EU EPS | GEFS,0.0,3,0.0,0,0,0,0,GREEN,БЕЗ ЗНАЧАЈНОГ РИЗИКА,NO SIGNIFICANT RISK,HIGH,ECMWF ENS,ECMWF ENS | ICON-EU EPS | GEFS,0.0,3,0.0,0,0,0,0,GREEN,БЕЗ ЗНАЧАЈНОГ РИЗИКА,NO SIGNIFICANT RISK,HIGH,ECMWF ENS,ECMWF ENS | ICON-EU EPS | GEFS,0,GREEN,БЕЗ ЗНАЧАЈНОГ РИЗИКА,NO SIGNIFICANT RISK,NONE,HIGH,24,2026-08-21T06:00:00+00:00,2026-08-22T06:00:00+00:00,STORMS,EXPERIMENTAL,DEVELOPMENTAL MULTIMODEL SIGNAL - NOT CALIBRATED PROBABILITY,PUBLIC OPEN-DATA SERVICES,INDEPENDENT PROJECT - NOT AN OFFICIAL RHMZ WARNING PRODUCT
70220,BEOGRAD-SAVSKI VENAC,BEOGRAD-SAVSKI VENAC,БЕОГРАД-САВСКИ ВЕНАЦ,0.0,0.0,0.0,0.0,0.0,10.430032105995023,70.42500019073486,4,54,2026-08-22T06:00:00Z,2026-08-20T00:00:00Z,0.0,0.0,149.0,64.8,0.0,7.0,4,0.0,0.0,9,1.0,0.0,10.9,0.0,0.0,0.0,0.0,0.0,0.0,0.0,3,0.0,0,0,0,0,GREEN,БЕЗ ЗНАЧАЈНОГ РИЗИКА,NO SIGNIFICANT RISK,HIGH,ECMWF ENS,ECMWF ENS | ICON-EU EPS | GEFS,0.0,3,0.0,0,0,0,0,GREEN,БЕЗ ЗНАЧАЈНОГ РИЗИКА,NO SIGNIFICANT RISK,HIGH,ECMWF ENS,ECMWF ENS | ICON-EU EPS | GEFS,0.0,3,0.0,0,0,0,0,GREEN,БЕЗ ЗНАЧАЈНОГ РИЗИКА,NO SIGNIFICANT RISK,HIGH,ECMWF ENS,ECMWF ENS | ICON-EU EPS | GEFS,0.0,3,0.0,0,0,0,0,GREEN,БЕЗ ЗНАЧАЈНОГ РИЗИКА,NO SIGNIFICANT RISK,HIGH,ECMWF ENS,ECMWF ENS | ICON-EU EPS | GEFS,0,GREEN,БЕЗ ЗНАЧАЈНОГ РИЗИКА,NO SIGNIFICANT RISK,NONE,HIGH,24,2026-08-21T06:00:00+00:00,2026-08-22T06:00:00+00:00,STORMS,EXPERIMENTAL,DEVELOPMENTAL MULTIMODEL SIGNAL - NOT CALIBRATED PROBABILITY,PUBLIC OPEN-DATA SERVICES,INDEPENDENT PROJECT - NOT AN OFFICIAL RHMZ WARNING PRODUCT
70238,BEOGRAD-SOPOT,BEOGRAD-SOPOT,БЕОГРАД-СОПОТ,0.0,0.0,0.0,0.0,0.0,12.632150362020743,71.35000228881836,7,54,2026-08-22T06:00:00Z,2026-08-20T00:00:00Z,0.0,0.0,97.8,66.3,0.0,7.2,7,0.0,0.0,11,0.5,0.0,11.0,0.0,0.0,0.0,0.0,0.0,0.0,0.0,3,0.0,0,0,0,0,GREEN,БЕЗ ЗНАЧАЈНОГ РИЗИКА,NO SIGNIFICANT RISK,HIGH,ECMWF ENS,ECMWF ENS | ICON-EU EPS | GEFS,0.0,3,0.0,0,0,0,0,GREEN,БЕЗ ЗНАЧАЈНОГ РИЗИКА,NO SIGNIFICANT RISK,HIGH,ECMWF ENS,ECMWF ENS | ICON-EU EPS | GEFS,0.0,3,0.0,0,0,0,0,GREEN,БЕЗ ЗНАЧАЈНОГ РИЗИКА,NO SIGNIFICANT RISK,HIGH,ECMWF ENS,ECMWF ENS | ICON-EU EPS | GEFS,0.0,3,0.0,0,0,0,0,GREEN,БЕЗ ЗНАЧАЈНОГ РИЗИКА,NO SIGNIFICANT RISK,HIGH,ECMWF ENS,ECMWF ENS | ICON-EU EPS | GEFS,0,GREEN,БЕЗ ЗНАЧАЈНОГ РИЗИКА,NO SIGNIFICANT RISK,NONE,HIGH,24,2026-08-21T06:00:00+00:00,2026-08-22T06:00:00+00:00,STORMS,EXPERIMENTAL,DEVELOPMENTAL MULTIMODEL SIGNAL - NOT CALIBRATED PROBABILITY,PUBLIC OPEN-DATA SERVICES,INDEPENDENT PROJECT - NOT AN OFFICIAL RHMZ WARNING PRODUCT
70246,BEOGRAD-STARI GRAD,BEOGRAD-STARI GRAD,БЕОГРАД-СТАРИ ГРАД,0.0,0.0,0.0,0.0,0.0,10.430032105995023,71.44999885559082,5,54,2026-08-22T06:00:00Z,2026-08-20T00:00:00Z,0.0,0.0,176.5,61.7,0.0,6.7,5,0.0,0.0,10,1.3,0.0,11.0,0.0,0.0,0.0,0.0,0.0,0.0,0.0,3,0.0,0,0,0,0,GREEN,БЕЗ ЗНАЧАЈНОГ РИЗИКА,NO SIGNIFICANT RISK,HIGH,ECMWF ENS,ECMWF ENS | ICON-EU EPS | GEFS,0.0,3,0.0,0,0,0,0,GREEN,БЕЗ ЗНАЧАЈНОГ РИЗИКА,NO SIGNIFICANT RISK,HIGH,ECMWF ENS,ECMWF ENS | ICON-EU EPS | GEFS,0.0,3,0.0,0,0,0,0,GREEN,БЕЗ ЗНАЧАЈНОГ РИЗИКА,NO SIGNIFICANT RISK,HIGH,ECMWF ENS,ECMWF ENS | ICON-EU EPS | GEFS,0.0,3,0.0,0,0,0,0,GREEN,БЕЗ ЗНАЧАЈНОГ РИЗИКА,NO SIGNIFICANT RISK,HIGH,ECMWF ENS,ECMWF ENS | ICON-EU EPS | GEFS,0,GREEN,БЕЗ ЗНАЧАЈНОГ РИЗИКА,NO SIGNIFICANT RISK,NONE,HIGH,24,2026-08-21T06:00:00+00:00,2026-08-22T06:00:00+00:00,STORMS,EXPERIMENTAL,DEVELOPMENTAL MULTIMODEL SIGNAL - NOT CALIBRATED PROBABILITY,PUBLIC OPEN-DATA SERVICES,INDEPENDENT PROJECT - NOT AN OFFICIAL RHMZ WARNING PRODUCT
71293,BEOGRAD-SURČIN,BEOGRAD-SURČIN,БЕОГРАД-СУРЧИН,0.0,0.0,0.0,0.0,0.0,10.66026226052067,72.13351440429688,9,54,2026-08-22T06:00:00Z,2026-08-20T00:00:00Z,0.0,0.0,339.9,59.6,0.0,6.5,9,0.0,0.0,10,0.9,0.0,10.1,0.0,0.0,0.0,0.0,0.0,0.0,0.0,3,0.0,0,0,0,0,GREEN,БЕЗ ЗНАЧАЈНОГ РИЗИКА,NO SIGNIFICANT RISK,HIGH,ECMWF ENS,ECMWF ENS | ICON-EU EPS | GEFS,0.0,3,0.0,0,0,0,0,GREEN,БЕЗ ЗНАЧАЈНОГ РИЗИКА,NO SIGNIFICANT RISK,HIGH,ECMWF ENS,ECMWF ENS | ICON-EU EPS | GEFS,0.0,3,0.0,0,0,0,0,GREEN,БЕЗ ЗНАЧАЈНОГ РИЗИКА,NO SIGNIFICANT RISK,HIGH,ECMWF ENS,ECMWF ENS | ICON-EU EPS | GEFS,0.0,3,0.0,0,0,0,0,GREEN,БЕЗ ЗНАЧАЈНОГ РИЗИКА,NO SIGNIFICANT RISK,HIGH,ECMWF ENS,ECMWF ENS | ICON-EU EPS | GEFS,0,GREEN,БЕЗ ЗНАЧАЈНОГ РИЗИКА,NO SIGNIFICANT RISK,NONE,HIGH,24,2026-08-21T06:00:00+00:00,2026-08-22T06:00:00+00:00,STORMS,EXPERIMENTAL,DEVELOPMENTAL MULTIMODEL SIGNAL - NOT CALIBRATED PROBABILITY,PUBLIC OPEN-DATA SERVICES,INDEPENDENT PROJECT - NOT AN OFFICIAL RHMZ WARNING PRODUCT
70254,BEOGRAD-ČUKARICA,BEOGRAD-ČUKARICA,БЕОГРАД-ЧУКАРИЦА,0.0,0.0,0.0,0.0,0.0,10.66026226052067,71.35000228881836,7,54,2026-08-22T06:00:00Z,2026-08-20T00:00:00Z,0.0,0.0,149.0,64.8,0.0,7.0,7,0.0,0.0,12,1.0,0.0,10.9,0.0,0.0,0.0,0.0,0.0,0.0,0.0,3,0.0,0,0,0,0,GREEN,БЕЗ ЗНАЧАЈНОГ РИЗИКА,NO SIGNIFICANT RISK,HIGH,ECMWF ENS,ECMWF ENS | ICON-EU EPS | GEFS,0.0,3,0.0,0,0,0,0,GREEN,БЕЗ ЗНАЧАЈНОГ РИЗИКА,NO SIGNIFICANT RISK,HIGH,ECMWF ENS,ECMWF ENS | ICON-EU EPS | GEFS,0.0,3,0.0,0,0,0,0,GREEN,БЕЗ ЗНАЧАЈНОГ РИЗИКА,NO SIGNIFICANT RISK,HIGH,ECMWF ENS,ECMWF ENS | ICON-EU EPS | GEFS,0.0,3,0.0,0,0,0,0,GREEN,БЕЗ ЗНАЧАЈНОГ РИЗИКА,NO SIGNIFICANT RISK,HIGH,ECMWF ENS,ECMWF ENS | ICON-EU EPS | GEFS,0,GREEN,БЕЗ ЗНАЧАЈНОГ РИЗИКА,NO SIGNIFICANT RISK,NONE,HIGH,24,2026-08-21T06:00:00+00:00,2026-08-22T06:00:00+00:00,STORMS,EXPERIMENTAL,DEVELOPMENTAL MULTIMODEL SIGNAL - NOT CALIBRATED PROBABILITY,PUBLIC OPEN-DATA SERVICES,INDEPENDENT PROJECT - NOT AN OFFICIAL RHMZ WARNING PRODUCT
80101,BEOČIN,BEOČIN,БЕОЧИН,0.0,0.0,0.0,0.0,0.0,9.05013809645346,74.28351402282715,7,54,2026-08-22T06:00:00Z,2026-08-20T00:00:00Z,0.0,0.0,347.8,56.0,0.0,7.3,7,0.0,0.0,11,36.1,0.0,9.8,0.0,0.0,0.0,0.0,0.0,0.0,0.0,3,0.0,0,0,0,0,GREEN,БЕЗ ЗНАЧАЈНОГ РИЗИКА,NO SIGNIFICANT RISK,HIGH,ECMWF ENS,ECMWF ENS | ICON-EU EPS | GEFS,0.0,3,0.0,0,0,0,0,GREEN,БЕЗ ЗНАЧАЈНОГ РИЗИКА,NO SIGNIFICANT RISK,HIGH,ECMWF ENS,ECMWF ENS | ICON-EU EPS | GEFS,0.0,3,0.0,0,0,0,0,GREEN,БЕЗ ЗНАЧАЈНОГ РИЗИКА,NO SIGNIFICANT RISK,HIGH,ECMWF ENS,ECMWF ENS | ICON-EU EPS | GEFS,0.0,3,0.0,0,0,0,0,GREEN,БЕЗ ЗНАЧАЈНОГ РИЗИКА,NO SIGNIFICANT RISK,HIGH,ECMWF ENS,ECMWF ENS | ICON-EU EPS | GEFS,0,GREEN,БЕЗ ЗНАЧАЈНОГ РИЗИКА,NO SIGNIFICANT RISK,NONE,HIGH,24,2026-08-21T06:00:00+00:00,2026-08-22T06:00:00+00:00,STORMS,EXPERIMENTAL,DEVELOPMENTAL MULTIMODEL SIGNAL - NOT CALIBRATED PROBABILITY,PUBLIC OPEN-DATA SERVICES,INDEPENDENT PROJECT - NOT AN OFFICIAL RHMZ WARNING PRODUCT
80110,BEČEJ,BEČEJ,БЕЧЕЈ,0.0,0.0,0.0,0.0,0.0,7.927916284167638,72.9000015258789,7,54,2026-08-22T06:00:00Z,2026-08-20T00:00:00Z,0.0,0.0,70.4,51.3,0.0,7.3,7,0.0,0.0,12,6.6,0.0,7.8,0.0,0.0,0.0,0.0,0.0,0.0,0.0,3,0.0,0,0,0,0,GREEN,БЕЗ ЗНАЧАЈНОГ РИЗИКА,NO SIGNIFICANT RISK,HIGH,ECMWF ENS,ECMWF ENS | ICON-EU EPS | GEFS,0.0,3,0.0,0,0,0,0,GREEN,БЕЗ ЗНАЧАЈНОГ РИЗИКА,NO SIGNIFICANT RISK,HIGH,ECMWF ENS,ECMWF ENS | ICON-EU EPS | GEFS,0.0,3,0.0,0,0,0,0,GREEN,БЕЗ ЗНАЧАЈНОГ РИЗИКА,NO SIGNIFICANT RISK,HIGH,ECMWF ENS,ECMWF ENS | ICON-EU EPS | GEFS,0.0,3,0.0,0,0,0,0,GREEN,БЕЗ ЗНАЧАЈНОГ РИЗИКА,NO SIGNIFICANT RISK,HIGH,ECMWF ENS,ECMWF ENS | ICON-EU EPS | GEFS,0,GREEN,БЕЗ ЗНАЧАЈНОГ РИЗИКА,NO SIGNIFICANT RISK,NONE,HIGH,24,2026-08-21T06:00:00+00:00,2026-08-22T06:00:00+00:00,STORMS,EXPERIMENTAL,DEVELOPMENTAL MULTIMODEL SIGNAL - NOT CALIBRATED PROBABILITY,PUBLIC OPEN-DATA SERVICES,INDEPENDENT PROJECT - NOT AN OFFICIAL RHMZ WARNING PRODUCT
70262,BLACE,BLACE,БЛАЦЕ,0.0,0.0,0.0,0.0,0.0,12.06388476344919,61.5,7,54,2026-08-22T06:00:00Z,2026-08-20T00:00:00Z,0.0,0.0,0.0,64.3,0.0,11.0,7,0.0,0.0,11,0.0,0.0,10.8,0.0,0.0,0.0,0.0,0.0,0.0,0.0,3,0.0,0,0,0,0,GREEN,БЕЗ ЗНАЧАЈНОГ РИЗИКА,NO SIGNIFICANT RISK,HIGH,ECMWF ENS,ECMWF ENS | ICON-EU EPS | GEFS,0.0,3,0.0,0,0,0,0,GREEN,БЕЗ ЗНАЧАЈНОГ РИЗИКА,NO SIGNIFICANT RISK,HIGH,ECMWF ENS,ECMWF ENS | ICON-EU EPS | GEFS,0.0,3,0.0,0,0,0,0,GREEN,БЕЗ ЗНАЧАЈНОГ РИЗИКА,NO SIGNIFICANT RISK,HIGH,ECMWF ENS,ECMWF ENS | ICON-EU EPS | GEFS,0.0,3,0.0,0,0,0,0,GREEN,БЕЗ ЗНАЧАЈНОГ РИЗИКА,NO SIGNIFICANT RISK,HIGH,ECMWF ENS,ECMWF ENS | ICON-EU EPS | GEFS,0,GREEN,БЕЗ ЗНАЧАЈНОГ РИЗИКА,NO SIGNIFICANT RISK,NONE,HIGH,24,2026-08-21T06:00:00+00:00,2026-08-22T06:00:00+00:00,STORMS,EXPERIMENTAL,DEVELOPMENTAL MULTIMODEL SIGNAL - NOT CALIBRATED PROBABILITY,PUBLIC OPEN-DATA SERVICES,INDEPENDENT PROJECT - NOT AN OFFICIAL RHMZ WARNING PRODUCT
70297,BOJNIK,BOJNIK,БОЈНИК,0.0,0.0,0.0,0.0,0.0,11.042540153778432,60.29999923706055,9,54,2026-08-22T06:00:00Z,2026-08-20T00:00:00Z,0.0,0.0,0.0,49.6,0.0,10.3,9,0.0,0.0,11,0.6,0.0,9.3,0.0,0.0,0.0,0.0,0.0,0.0,0.0,3,0.0,0,0,0,0,GREEN,БЕЗ ЗНАЧАЈНОГ РИЗИКА,NO SIGNIFICANT RISK,HIGH,ECMWF ENS,ECMWF ENS | ICON-EU EPS | GEFS,0.0,3,0.0,0,0,0,0,GREEN,БЕЗ ЗНАЧАЈНОГ РИЗИКА,NO SIGNIFICANT RISK,HIGH,ECMWF ENS,ECMWF ENS | ICON-EU EPS | GEFS,0.0,3,0.0,0,0,0,0,GREEN,БЕЗ ЗНАЧАЈНОГ РИЗИКА,NO SIGNIFICANT RISK,HIGH,ECMWF ENS,ECMWF ENS | ICON-EU EPS | GEFS,0.0,3,0.0,0,0,0,0,GREEN,БЕЗ ЗНАЧАЈНОГ РИЗИКА,NO SIGNIFICANT RISK,HIGH,ECMWF ENS,ECMWF ENS | ICON-EU EPS | GEFS,0,GREEN,БЕЗ ЗНАЧАЈНОГ РИЗИКА,NO SIGNIFICANT RISK,NONE,HIGH,24,2026-08-21T06:00:00+00:00,2026-08-22T06:00:00+00:00,STORMS,EXPERIMENTAL,DEVELOPMENTAL MULTIMODEL SIGNAL - NOT CALIBRATED PROBABILITY,PUBLIC OPEN-DATA SERVICES,INDEPENDENT PROJECT - NOT AN OFFICIAL RHMZ WARNING PRODUCT
70319,BOLJEVAC,BOLJEVAC,БОЉЕВАЦ,0.0,0.0,0.0,0.0,0.0,14.397676787948804,60.35000038146973,9,54,2026-08-22T06:00:00Z,2026-08-20T00:00:00Z,0.0,0.0,0.0,54.5,0.0,13.0,9,0.0,0.0,10,1.5,0.0,9.1,0.0,0.0,0.0,0.0,0.0,0.0,0.0,3,0.0,0,0,0,0,GREEN,БЕЗ ЗНАЧАЈНОГ РИЗИКА,NO SIGNIFICANT RISK,HIGH,ECMWF ENS,ECMWF ENS | ICON-EU EPS | GEFS,0.0,3,0.0,0,0,0,0,GREEN,БЕЗ ЗНАЧАЈНОГ РИЗИКА,NO SIGNIFICANT RISK,HIGH,ECMWF ENS,ECMWF ENS | ICON-EU EPS | GEFS,0.0,3,0.0,0,0,0,0,GREEN,БЕЗ ЗНАЧАЈНОГ РИЗИКА,NO SIGNIFICANT RISK,HIGH,ECMWF ENS,ECMWF ENS | ICON-EU EPS | GEFS,0.0,3,0.0,0,0,0,0,GREEN,БЕЗ ЗНАЧАЈНОГ РИЗИКА,NO SIGNIFICANT RISK,HIGH,ECMWF ENS,ECMWF ENS | ICON-EU EPS | GEFS,0,GREEN,БЕЗ ЗНАЧАЈНОГ РИЗИКА,NO SIGNIFICANT RISK,NONE,HIGH,24,2026-08-21T06:00:00+00:00,2026-08-22T06:00:00+00:00,STORMS,EXPERIMENTAL,DEVELOPMENTAL MULTIMODEL SIGNAL - NOT CALIBRATED PROBABILITY,PUBLIC OPEN-DATA SERVICES,INDEPENDENT PROJECT - NOT AN OFFICIAL RHMZ WARNING PRODUCT
70289,BOGATIĆ,BOGATIĆ,БОГАТИЋ,0.0,0.0,0.0,0.0,0.0,10.264963209139037,72.79999923706055,7,54,2026-08-22T06:00:00Z,2026-08-20T00:00:00Z,0.0,0.0,309.6,58.5,0.0,7.1,7,0.0,0.0,11,12.2,0.0,10.9,0.0,0.0,0.0,0.0,0.0,0.0,0.0,3,0.0,0,0,0,0,GREEN,БЕЗ ЗНАЧАЈНОГ РИЗИКА,NO SIGNIFICANT RISK,HIGH,ECMWF ENS,ECMWF ENS | ICON-EU EPS | GEFS,0.0,3,0.0,0,0,0,0,GREEN,БЕЗ ЗНАЧАЈНОГ РИЗИКА,NO SIGNIFICANT RISK,HIGH,ECMWF ENS,ECMWF ENS | ICON-EU EPS | GEFS,0.0,3,0.0,0,0,0,0,GREEN,БЕЗ ЗНАЧАЈНОГ РИЗИКА,NO SIGNIFICANT RISK,HIGH,ECMWF ENS,ECMWF ENS | ICON-EU EPS | GEFS,0.0,3,0.0,0,0,0,0,GREEN,БЕЗ ЗНАЧАЈНОГ РИЗИКА,NO SIGNIFICANT RISK,HIGH,ECMWF ENS,ECMWF ENS | ICON-EU EPS | GEFS,0,GREEN,БЕЗ ЗНАЧАЈНОГ РИЗИКА,NO SIGNIFICANT RISK,NONE,HIGH,24,2026-08-21T06:00:00+00:00,2026-08-22T06:00:00+00:00,STORMS,EXPERIMENTAL,DEVELOPMENTAL MULTIMODEL SIGNAL - NOT CALIBRATED PROBABILITY,PUBLIC OPEN-DATA SERVICES,INDEPENDENT PROJECT - NOT AN OFFICIAL RHMZ WARNING PRODUCT
70327,BOR,BOR,БОР,0.0,0.0,0.0,0.0,0.0,14.397676787948804,60.35000038146973,12,54,2026-08-22T06:00:00Z,2026-08-20T00:00:00Z,0.0,0.0,13.6,55.4,0.0,13.0,12,0.0,0.0,10,1.4,0.0,8.7,0.0,0.0,0.0,0.0,0.0,0.0,0.0,3,0.0,0,0,0,0,GREEN,БЕЗ ЗНАЧАЈНОГ РИЗИКА,NO SIGNIFICANT RISK,HIGH,ECMWF ENS,ECMWF ENS | ICON-EU EPS | GEFS,0.0,3,0.0,0,0,0,0,GREEN,БЕЗ ЗНАЧАЈНОГ РИЗИКА,NO SIGNIFICANT RISK,HIGH,ECMWF ENS,ECMWF ENS | ICON-EU EPS | GEFS,0.0,3,0.0,0,0,0,0,GREEN,БЕЗ ЗНАЧАЈНОГ РИЗИКА,NO SIGNIFICANT RISK,HIGH,ECMWF ENS,ECMWF ENS | ICON-EU EPS | GEFS,0.0,3,0.0,0,0,0,0,GREEN,БЕЗ ЗНАЧАЈНОГ РИЗИКА,NO SIGNIFICANT RISK,HIGH,ECMWF ENS,ECMWF ENS | ICON-EU EPS | GEFS,0,GREEN,БЕЗ ЗНАЧАЈНОГ РИЗИКА,NO SIGNIFICANT RISK,NONE,HIGH,24,2026-08-21T06:00:00+00:00,2026-08-22T06:00:00+00:00,STORMS,EXPERIMENTAL,DEVELOPMENTAL MULTIMODEL SIGNAL - NOT CALIBRATED PROBABILITY,PUBLIC OPEN-DATA SERVICES,INDEPENDENT PROJECT - NOT AN OFFICIAL RHMZ WARNING PRODUCT
70335,BOSILEGRAD,BOSILEGRAD,БОСИЛЕГРАД,0.0,0.0,0.0,0.0,0.0,6.012260775035976,60.09999847412109,8,54,2026-08-22T06:00:00Z,2026-08-20T00:00:00Z,0.0,0.0,0.0,60.6,0.0,3.5,8,0.0,0.0,12,0.4,0.0,3.6,0.0,0.0,0.0,0.0,0.0,0.0,0.0,3,0.0,0,0,0,0,GREEN,БЕЗ ЗНАЧАЈНОГ РИЗИКА,NO SIGNIFICANT RISK,HIGH,ECMWF ENS,ECMWF ENS | ICON-EU EPS | GEFS,0.0,3,0.0,0,0,0,0,GREEN,БЕЗ ЗНАЧАЈНОГ РИЗИКА,NO SIGNIFICANT RISK,HIGH,ECMWF ENS,ECMWF ENS | ICON-EU EPS | GEFS,0.0,3,0.0,0,0,0,0,GREEN,БЕЗ ЗНАЧАЈНОГ РИЗИКА,NO SIGNIFICANT RISK,HIGH,ECMWF ENS,ECMWF ENS | ICON-EU EPS | GEFS,0.0,3,0.0,0,0,0,0,GREEN,БЕЗ ЗНАЧАЈНОГ РИЗИКА,NO SIGNIFICANT RISK,HIGH,ECMWF ENS,ECMWF ENS | ICON-EU EPS | GEFS,0,GREEN,БЕЗ ЗНАЧАЈНОГ РИЗИКА,NO SIGNIFICANT RISK,NONE,HIGH,24,2026-08-21T06:00:00+00:00,2026-08-22T06:00:00+00:00,STORMS,EXPERIMENTAL,DEVELOPMENTAL MULTIMODEL SIGNAL - NOT CALIBRATED PROBABILITY,PUBLIC OPEN-DATA SERVICES,INDEPENDENT PROJECT - NOT AN OFFICIAL RHMZ WARNING PRODUCT
70343,BRUS,BRUS,БРУС,0.0,0.0,0.0,0.0,0.0,12.06388476344919,61.5,8,54,2026-08-22T06:00:00Z,2026-08-20T00:00:00Z,0.0,0.0,0.0,66.4,0.0,10.2,8,0.0,0.0,12,0.0,0.0,10.8,0.0,0.0,0.0,0.0,0.0,0.0,0.0,3,0.0,0,0,0,0,GREEN,БЕЗ ЗНАЧАЈНОГ РИЗИКА,NO SIGNIFICANT RISK,HIGH,ECMWF ENS,ECMWF ENS | ICON-EU EPS | GEFS,0.0,3,0.0,0,0,0,0,GREEN,БЕЗ ЗНАЧАЈНОГ РИЗИКА,NO SIGNIFICANT RISK,HIGH,ECMWF ENS,ECMWF ENS | ICON-EU EPS | GEFS,0.0,3,0.0,0,0,0,0,GREEN,БЕЗ ЗНАЧАЈНОГ РИЗИКА,NO SIGNIFICANT RISK,HIGH,ECMWF ENS,ECMWF ENS | ICON-EU EPS | GEFS,0.0,3,0.0,0,0,0,0,GREEN,БЕЗ ЗНАЧАЈНОГ РИЗИКА,NO SIGNIFICANT RISK,HIGH,ECMWF ENS,ECMWF ENS | ICON-EU EPS | GEFS,0,GREEN,БЕЗ ЗНАЧАЈНОГ РИЗИКА,NO SIGNIFICANT RISK,NONE,HIGH,24,2026-08-21T06:00:00+00:00,2026-08-22T06:00:00+00:00,STORMS,EXPERIMENTAL,DEVELOPMENTAL MULTIMODEL SIGNAL - NOT CALIBRATED PROBABILITY,PUBLIC OPEN-DATA SERVICES,INDEPENDENT PROJECT - NOT AN OFFICIAL RHMZ WARNING PRODUCT
70351,BUJANOVAC,BUJANOVAC,БУЈАНОВАЦ,0.0,0.0,0.0,0.0,0.0,9.688496169397718,60.55000114440918,9,54,2026-08-22T06:00:00Z,2026-08-20T00:00:00Z,0.0,0.0,0.0,44.5,0.0,8.5,9,0.0,0.0,12,0.0,0.0,4.5,0.0,0.0,0.0,0.0,0.0,0.0,0.0,3,0.0,0,0,0,0,GREEN,БЕЗ ЗНАЧАЈНОГ РИЗИКА,NO SIGNIFICANT RISK,HIGH,ECMWF ENS,ECMWF ENS | ICON-EU EPS | GEFS,0.0,3,0.0,0,0,0,0,GREEN,БЕЗ ЗНАЧАЈНОГ РИЗИКА,NO SIGNIFICANT RISK,HIGH,ECMWF ENS,ECMWF ENS | ICON-EU EPS | GEFS,0.0,3,0.0,0,0,0,0,GREEN,БЕЗ ЗНАЧАЈНОГ РИЗИКА,NO SIGNIFICANT RISK,HIGH,ECMWF ENS,ECMWF ENS | ICON-EU EPS | GEFS,0.0,3,0.0,0,0,0,0,GREEN,БЕЗ ЗНАЧАЈНОГ РИЗИКА,NO SIGNIFICANT RISK,HIGH,ECMWF ENS,ECMWF ENS | ICON-EU EPS | GEFS,0,GREEN,БЕЗ ЗНАЧАЈНОГ РИЗИКА,NO SIGNIFICANT RISK,NONE,HIGH,24,2026-08-21T06:00:00+00:00,2026-08-22T06:00:00+00:00,STORMS,EXPERIMENTAL,DEVELOPMENTAL MULTIMODEL SIGNAL - NOT CALIBRATED PROBABILITY,PUBLIC OPEN-DATA SERVICES,INDEPENDENT PROJECT - NOT AN OFFICIAL RHMZ WARNING PRODUCT
70360,VALJEVO-GRAD,VALJEVO-GRAD,ВАЉЕВО-ГРАД,0.0,0.0,0.0,0.0,0.0,13.120879125807011,72.33351516723633,12,54,2026-08-22T06:00:00Z,2026-08-20T00:00:00Z,2.0,0.0,0.5,61.8,0.0,9.0,12,0.0,0.0,12,24.5,0.0,11.0,0.0,0.0,0.0,0.0,0.0,0.0,0.7,3,2.0,0,0,0,0,GREEN,БЕЗ ЗНАЧАЈНОГ РИЗИКА,NO SIGNIFICANT RISK,HIGH,ECMWF ENS,ECMWF ENS | ICON-EU EPS | GEFS,0.0,3,0.0,0,0,0,0,GREEN,БЕЗ ЗНАЧАЈНОГ РИЗИКА,NO SIGNIFICANT RISK,HIGH,ECMWF ENS,ECMWF ENS | ICON-EU EPS | GEFS,0.0,3,0.0,0,0,0,0,GREEN,БЕЗ ЗНАЧАЈНОГ РИЗИКА,NO SIGNIFICANT RISK,HIGH,ECMWF ENS,ECMWF ENS | ICON-EU EPS | GEFS,0.0,3,0.0,0,0,0,0,GREEN,БЕЗ ЗНАЧАЈНОГ РИЗИКА,NO SIGNIFICANT RISK,HIGH,ECMWF ENS,ECMWF ENS | ICON-EU EPS | GEFS,0,GREEN,БЕЗ ЗНАЧАЈНОГ РИЗИКА,NO SIGNIFICANT RISK,NONE,HIGH,24,2026-08-21T06:00:00+00:00,2026-08-22T06:00:00+00:00,STORMS,EXPERIMENTAL,DEVELOPMENTAL MULTIMODEL SIGNAL - NOT CALIBRATED PROBABILITY,PUBLIC OPEN-DATA SERVICES,INDEPENDENT PROJECT - NOT AN OFFICIAL RHMZ WARNING PRODUCT
70378,VARVARIN,VARVARIN,ВАРВАРИН,0.0,0.0,0.0,0.0,0.0,14.569758751287369,60.92500305175781,7,54,2026-08-22T06:00:00Z,2026-08-20T00:00:00Z,0.0,0.0,0.0,61.3,0.0,12.5,7,0.0,0.0,12,1.3,0.0,10.3,0.0,0.0,0.0,0.0,0.0,0.0,0.0,3,0.0,0,0,0,0,GREEN,БЕЗ ЗНАЧАЈНОГ РИЗИКА,NO SIGNIFICANT RISK,HIGH,ECMWF ENS,ECMWF ENS | ICON-EU EPS | GEFS,0.0,3,0.0,0,0,0,0,GREEN,БЕЗ ЗНАЧАЈНОГ РИЗИКА,NO SIGNIFICANT RISK,HIGH,ECMWF ENS,ECMWF ENS | ICON-EU EPS | GEFS,0.0,3,0.0,0,0,0,0,GREEN,БЕЗ ЗНАЧАЈНОГ РИЗИКА,NO SIGNIFICANT RISK,HIGH,ECMWF ENS,ECMWF ENS | ICON-EU EPS | GEFS,0.0,3,0.0,0,0,0,0,GREEN,БЕЗ ЗНАЧАЈНОГ РИЗИКА,NO SIGNIFICANT RISK,HIGH,ECMWF ENS,ECMWF ENS | ICON-EU EPS | GEFS,0,GREEN,БЕЗ ЗНАЧАЈНОГ РИЗИКА,NO SIGNIFICANT RISK,NONE,HIGH,24,2026-08-21T06:00:00+00:00,2026-08-22T06:00:00+00:00,STORMS,EXPERIMENTAL,DEVELOPMENTAL MULTIMODEL SIGNAL - NOT CALIBRATED PROBABILITY,PUBLIC OPEN-DATA SERVICES,INDEPENDENT PROJECT - NOT AN OFFICIAL RHMZ WARNING PRODUCT
70386,VELIKA PLANA,VELIKA PLANA,ВЕЛИКА ПЛАНА,0.0,0.0,0.0,0.0,0.0,14.569758751287369,68.79999923706055,7,54,2026-08-22T06:00:00Z,2026-08-20T00:00:00Z,0.0,0.0,32.2,70.5,0.0,8.3,7,0.0,0.0,10,1.2,0.0,12.0,0.0,0.0,0.0,0.0,0.0,0.0,0.0,3,0.0,0,0,0,0,GREEN,БЕЗ ЗНАЧАЈНОГ РИЗИКА,NO SIGNIFICANT RISK,HIGH,ECMWF ENS,ECMWF ENS | ICON-EU EPS | GEFS,0.0,3,0.0,0,0,0,0,GREEN,БЕЗ ЗНАЧАЈНОГ РИЗИКА,NO SIGNIFICANT RISK,HIGH,ECMWF ENS,ECMWF ENS | ICON-EU EPS | GEFS,0.0,3,0.0,0,0,0,0,GREEN,БЕЗ ЗНАЧАЈНОГ РИЗИКА,NO SIGNIFICANT RISK,HIGH,ECMWF ENS,ECMWF ENS | ICON-EU EPS | GEFS,0.0,3,0.0,0,0,0,0,GREEN,БЕЗ ЗНАЧАЈНОГ РИЗИКА,NO SIGNIFICANT RISK,HIGH,ECMWF ENS,ECMWF ENS | ICON-EU EPS | GEFS,0,GREEN,БЕЗ ЗНАЧАЈНОГ РИЗИКА,NO SIGNIFICANT RISK,NONE,HIGH,24,2026-08-21T06:00:00+00:00,2026-08-22T06:00:00+00:00,STORMS,EXPERIMENTAL,DEVELOPMENTAL MULTIMODEL SIGNAL - NOT CALIBRATED PROBABILITY,PUBLIC OPEN-DATA SERVICES,INDEPENDENT PROJECT - NOT AN OFFICIAL RHMZ WARNING PRODUCT
70394,VELIKO GRADIŠTE,VELIKO GRADIŠTE,ВЕЛИКО ГРАДИШТЕ,0.0,0.0,0.0,0.0,0.0,13.904531898244484,67.04999923706055,9,54,2026-08-22T06:00:00Z,2026-08-20T00:00:00Z,0.0,0.0,17.4,70.1,0.0,8.4,9,0.0,0.0,11,1.9,0.0,14.6,0.0,0.0,0.0,0.0,0.0,0.0,0.0,3,0.0,0,0,0,0,GREEN,БЕЗ ЗНАЧАЈНОГ РИЗИКА,NO SIGNIFICANT RISK,HIGH,ECMWF ENS,ECMWF ENS | ICON-EU EPS | GEFS,0.0,3,0.0,0,0,0,0,GREEN,БЕЗ ЗНАЧАЈНОГ РИЗИКА,NO SIGNIFICANT RISK,HIGH,ECMWF ENS,ECMWF ENS | ICON-EU EPS | GEFS,0.0,3,0.0,0,0,0,0,GREEN,БЕЗ ЗНАЧАЈНОГ РИЗИКА,NO SIGNIFICANT RISK,HIGH,ECMWF ENS,ECMWF ENS | ICON-EU EPS | GEFS,0.0,3,0.0,0,0,0,0,GREEN,БЕЗ ЗНАЧАЈНОГ РИЗИКА,NO SIGNIFICANT RISK,HIGH,ECMWF ENS,ECMWF ENS | ICON-EU EPS | GEFS,0,GREEN,БЕЗ ЗНАЧАЈНОГ РИЗИКА,NO SIGNIFICANT RISK,NONE,HIGH,24,2026-08-21T06:00:00+00:00,2026-08-22T06:00:00+00:00,STORMS,EXPERIMENTAL,DEVELOPMENTAL MULTIMODEL SIGNAL - NOT CALIBRATED PROBABILITY,PUBLIC OPEN-DATA SERVICES,INDEPENDENT PROJECT - NOT AN OFFICIAL RHMZ WARNING PRODUCT
90018,VITINA,VITINA,ВИТИНА,0.0,0.0,0.0,0.0,0.0,8.853041923023945,60.19999885559082,6,54,2026-08-22T06:00:00Z,2026-08-20T00:00:00Z,0.0,0.0,0.0,45.2,0.0,5.5,6,0.0,0.0,9,0.6,0.0,4.6,0.0,0.0,0.0,0.0,0.0,0.0,0.0,3,0.0,0,0,0,0,GREEN,БЕЗ ЗНАЧАЈНОГ РИЗИКА,NO SIGNIFICANT RISK,HIGH,ECMWF ENS,ECMWF ENS | ICON-EU EPS | GEFS,0.0,3,0.0,0,0,0,0,GREEN,БЕЗ ЗНАЧАЈНОГ РИЗИКА,NO SIGNIFICANT RISK,HIGH,ECMWF ENS,ECMWF ENS | ICON-EU EPS | GEFS,0.0,3,0.0,0,0,0,0,GREEN,БЕЗ ЗНАЧАЈНОГ РИЗИКА,NO SIGNIFICANT RISK,HIGH,ECMWF ENS,ECMWF ENS | ICON-EU EPS | GEFS,0.0,3,0.0,0,0,0,0,GREEN,БЕЗ ЗНАЧАЈНОГ РИЗИКА,NO SIGNIFICANT RISK,HIGH,ECMWF ENS,ECMWF ENS | ICON-EU EPS | GEFS,0,GREEN,БЕЗ ЗНАЧАЈНОГ РИЗИКА,NO SIGNIFICANT RISK,NONE,HIGH,24,2026-08-21T06:00:00+00:00,2026-08-22T06:00:00+00:00,STORMS,EXPERIMENTAL,DEVELOPMENTAL MULTIMODEL SIGNAL - NOT CALIBRATED PROBABILITY,PUBLIC OPEN-DATA SERVICES,INDEPENDENT PROJECT - NOT AN OFFICIAL RHMZ WARNING PRODUCT
70408,VLADIMIRCI,VLADIMIRCI,ВЛАДИМИРЦИ,0.0,0.0,0.0,0.0,0.0,11.226157512566155,72.45000076293945,8,54,2026-08-22T06:00:00Z,2026-08-20T00:00:00Z,0.0,0.0,41.4,59.9,0.0,7.3,8,0.0,0.0,10,0.0,0.0,10.3,0.0,0.0,0.0,0.0,0.0,0.0,0.0,3,0.0,0,0,0,0,GREEN,БЕЗ ЗНАЧАЈНОГ РИЗИКА,NO SIGNIFICANT RISK,HIGH,ECMWF ENS,ECMWF ENS | ICON-EU EPS | GEFS,0.0,3,0.0,0,0,0,0,GREEN,БЕЗ ЗНАЧАЈНОГ РИЗИКА,NO SIGNIFICANT RISK,HIGH,ECMWF ENS,ECMWF ENS | ICON-EU EPS | GEFS,0.0,3,0.0,0,0,0,0,GREEN,БЕЗ ЗНАЧАЈНОГ РИЗИКА,NO SIGNIFICANT RISK,HIGH,ECMWF ENS,ECMWF ENS | ICON-EU EPS | GEFS,0.0,3,0.0,0,0,0,0,GREEN,БЕЗ ЗНАЧАЈНОГ РИЗИКА,NO SIGNIFICANT RISK,HIGH,ECMWF ENS,ECMWF ENS | ICON-EU EPS | GEFS,0,GREEN,БЕЗ ЗНАЧАЈНОГ РИЗИКА,NO SIGNIFICANT RISK,NONE,HIGH,24,2026-08-21T06:00:00+00:00,2026-08-22T06:00:00+00:00,STORMS,EXPERIMENTAL,DEVELOPMENTAL MULTIMODEL SIGNAL - NOT CALIBRATED PROBABILITY,PUBLIC OPEN-DATA SERVICES,INDEPENDENT PROJECT - NOT AN OFFICIAL RHMZ WARNING PRODUCT
70416,VLADIČIN HAN,VLADIČIN HAN,ВЛАДИЧИН ХАН,0.0,0.0,0.0,0.0,0.0,9.235856419300282,60.09999847412109,9,54,2026-08-22T06:00:00Z,2026-08-20T00:00:00Z,0.0,0.0,0.0,46.5,0.0,8.2,9,0.0,0.0,10,0.1,0.0,4.7,0.0,0.0,0.0,0.0,0.0,0.0,0.0,3,0.0,0,0,0,0,GREEN,БЕЗ ЗНАЧАЈНОГ РИЗИКА,NO SIGNIFICANT RISK,HIGH,ECMWF ENS,ECMWF ENS | ICON-EU EPS | GEFS,0.0,3,0.0,0,0,0,0,GREEN,БЕЗ ЗНАЧАЈНОГ РИЗИКА,NO SIGNIFICANT RISK,HIGH,ECMWF ENS,ECMWF ENS | ICON-EU EPS | GEFS,0.0,3,0.0,0,0,0,0,GREEN,БЕЗ ЗНАЧАЈНОГ РИЗИКА,NO SIGNIFICANT RISK,HIGH,ECMWF ENS,ECMWF ENS | ICON-EU EPS | GEFS,0.0,3,0.0,0,0,0,0,GREEN,БЕЗ ЗНАЧАЈНОГ РИЗИКА,NO SIGNIFICANT RISK,HIGH,ECMWF ENS,ECMWF ENS | ICON-EU EPS | GEFS,0,GREEN,БЕЗ ЗНАЧАЈНОГ РИЗИКА,NO SIGNIFICANT RISK,NONE,HIGH,24,2026-08-21T06:00:00+00:00,2026-08-22T06:00:00+00:00,STORMS,EXPERIMENTAL,DEVELOPMENTAL MULTIMODEL SIGNAL - NOT CALIBRATED PROBABILITY,PUBLIC OPEN-DATA SERVICES,INDEPENDENT PROJECT - NOT AN OFFICIAL RHMZ WARNING PRODUCT
70424,VLASOTINCE,VLASOTINCE,ВЛАСОТИНЦЕ,0.0,0.0,0.0,0.0,0.0,10.51549105397435,60.0,9,54,2026-08-22T06:00:00Z,2026-08-20T00:00:00Z,0.0,0.0,0.0,47.0,0.0,8.7,9,0.0,0.0,12,0.7,0.0,5.2,0.0,0.0,0.0,0.0,0.0,0.0,0.0,3,0.0,0,0,0,0,GREEN,БЕЗ ЗНАЧАЈНОГ РИЗИКА,NO SIGNIFICANT RISK,HIGH,ECMWF ENS,ECMWF ENS | ICON-EU EPS | GEFS,0.0,3,0.0,0,0,0,0,GREEN,БЕЗ ЗНАЧАЈНОГ РИЗИКА,NO SIGNIFICANT RISK,HIGH,ECMWF ENS,ECMWF ENS | ICON-EU EPS | GEFS,0.0,3,0.0,0,0,0,0,GREEN,БЕЗ ЗНАЧАЈНОГ РИЗИКА,NO SIGNIFICANT RISK,HIGH,ECMWF ENS,ECMWF ENS | ICON-EU EPS | GEFS,0.0,3,0.0,0,0,0,0,GREEN,БЕЗ ЗНАЧАЈНОГ РИЗИКА,NO SIGNIFICANT RISK,HIGH,ECMWF ENS,ECMWF ENS | ICON-EU EPS | GEFS,0,GREEN,БЕЗ ЗНАЧАЈНОГ РИЗИКА,NO SIGNIFICANT RISK,NONE,HIGH,24,2026-08-21T06:00:00+00:00,2026-08-22T06:00:00+00:00,STORMS,EXPERIMENTAL,DEVELOPMENTAL MULTIMODEL SIGNAL - NOT CALIBRATED PROBABILITY,PUBLIC OPEN-DATA SERVICES,INDEPENDENT PROJECT - NOT AN OFFICIAL RHMZ WARNING PRODUCT
70459,VRNJAČKA BANJA,VRNJAČKA BANJA,ВРЊАЧКА БАЊА,0.0,0.0,0.0,0.0,0.0,12.520151483594578,66.18351554870605,7,54,2026-08-22T06:00:00Z,2026-08-20T00:00:00Z,0.0,0.0,12.2,68.7,0.0,9.9,7,0.0,0.0,11,0.0,0.0,10.6,0.0,0.0,0.0,0.0,0.0,0.0,0.0,3,0.0,0,0,0,0,GREEN,БЕЗ ЗНАЧАЈНОГ РИЗИКА,NO SIGNIFICANT RISK,HIGH,ECMWF ENS,ECMWF ENS | ICON-EU EPS | GEFS,0.0,3,0.0,0,0,0,0,GREEN,БЕЗ ЗНАЧАЈНОГ РИЗИКА,NO SIGNIFICANT RISK,HIGH,ECMWF ENS,ECMWF ENS | ICON-EU EPS | GEFS,0.0,3,0.0,0,0,0,0,GREEN,БЕЗ ЗНАЧАЈНОГ РИЗИКА,NO SIGNIFICANT RISK,HIGH,ECMWF ENS,ECMWF ENS | ICON-EU EPS | GEFS,0.0,3,0.0,0,0,0,0,GREEN,БЕЗ ЗНАЧАЈНОГ РИЗИКА,NO SIGNIFICANT RISK,HIGH,ECMWF ENS,ECMWF ENS | ICON-EU EPS | GEFS,0,GREEN,БЕЗ ЗНАЧАЈНОГ РИЗИКА,NO SIGNIFICANT RISK,NONE,HIGH,24,2026-08-21T06:00:00+00:00,2026-08-22T06:00:00+00:00,STORMS,EXPERIMENTAL,DEVELOPMENTAL MULTIMODEL SIGNAL - NOT CALIBRATED PROBABILITY,PUBLIC OPEN-DATA SERVICES,INDEPENDENT PROJECT - NOT AN OFFICIAL RHMZ WARNING PRODUCT
70432,VRANJE-GRAD,VRANJE-GRAD,ВРАЊЕ-ГРАД,0.0,0.0,0.0,0.0,0.0,10.51549105397435,60.55000114440918,14,54,2026-08-22T06:00:00Z,2026-08-20T00:00:00Z,0.0,0.0,0.0,44.0,0.0,9.5,14,0.0,0.0,11,0.1,0.0,4.3,0.0,0.0,0.0,0.0,0.0,0.0,0.0,3,0.0,0,0,0,0,GREEN,БЕЗ ЗНАЧАЈНОГ РИЗИКА,NO SIGNIFICANT RISK,HIGH,ECMWF ENS,ECMWF ENS | ICON-EU EPS | GEFS,0.0,3,0.0,0,0,0,0,GREEN,БЕЗ ЗНАЧАЈНОГ РИЗИКА,NO SIGNIFICANT RISK,HIGH,ECMWF ENS,ECMWF ENS | ICON-EU EPS | GEFS,0.0,3,0.0,0,0,0,0,GREEN,БЕЗ ЗНАЧАЈНОГ РИЗИКА,NO SIGNIFICANT RISK,HIGH,ECMWF ENS,ECMWF ENS | ICON-EU EPS | GEFS,0.0,3,0.0,0,0,0,0,GREEN,БЕЗ ЗНАЧАЈНОГ РИЗИКА,NO SIGNIFICANT RISK,HIGH,ECMWF ENS,ECMWF ENS | ICON-EU EPS | GEFS,0,GREEN,БЕЗ ЗНАЧАЈНОГ РИЗИКА,NO SIGNIFICANT RISK,NONE,HIGH,24,2026-08-21T06:00:00+00:00,2026-08-22T06:00:00+00:00,STORMS,EXPERIMENTAL,DEVELOPMENTAL MULTIMODEL SIGNAL - NOT CALIBRATED PROBABILITY,PUBLIC OPEN-DATA SERVICES,INDEPENDENT PROJECT - NOT AN OFFICIAL RHMZ WARNING PRODUCT
80462,VRBAS,VRBAS,ВРБАС,0.0,0.0,0.0,0.0,0.0,8.304686603768777,74.28351402282715,8,54,2026-08-22T06:00:00Z,2026-08-20T00:00:00Z,0.0,0.0,70.4,51.3,0.0,7.3,8,0.0,0.0,12,13.0,0.0,8.6,0.0,0.0,0.0,0.0,0.0,0.0,0.0,3,0.0,0,0,0,0,GREEN,БЕЗ ЗНАЧАЈНОГ РИЗИКА,NO SIGNIFICANT RISK,HIGH,ECMWF ENS,ECMWF ENS | ICON-EU EPS | GEFS,0.0,3,0.0,0,0,0,0,GREEN,БЕЗ ЗНАЧАЈНОГ РИЗИКА,NO SIGNIFICANT RISK,HIGH,ECMWF ENS,ECMWF ENS | ICON-EU EPS | GEFS,0.0,3,0.0,0,0,0,0,GREEN,БЕЗ ЗНАЧАЈНОГ РИЗИКА,NO SIGNIFICANT RISK,HIGH,ECMWF ENS,ECMWF ENS | ICON-EU EPS | GEFS,0.0,3,0.0,0,0,0,0,GREEN,БЕЗ ЗНАЧАЈНОГ РИЗИКА,NO SIGNIFICANT RISK,HIGH,ECMWF ENS,ECMWF ENS | ICON-EU EPS | GEFS,0,GREEN,БЕЗ ЗНАЧАЈНОГ РИЗИКА,NO SIGNIFICANT RISK,NONE,HIGH,24,2026-08-21T06:00:00+00:00,2026-08-22T06:00:00+00:00,STORMS,EXPERIMENTAL,DEVELOPMENTAL MULTIMODEL SIGNAL - NOT CALIBRATED PROBABILITY,PUBLIC OPEN-DATA SERVICES,INDEPENDENT PROJECT - NOT AN OFFICIAL RHMZ WARNING PRODUCT
80128,VRŠAC,VRŠAC,ВРШАЦ,0.0,0.0,0.0,0.0,0.0,12.891023648408693,68.5999984741211,10,54,2026-08-22T06:00:00Z,2026-08-20T00:00:00Z,0.0,0.0,88.8,71.7,0.0,6.5,10,0.0,0.0,10,0.8,0.0,15.2,0.0,0.0,0.0,0.0,0.0,0.0,0.0,3,0.0,0,0,0,0,GREEN,БЕЗ ЗНАЧАЈНОГ РИЗИКА,NO SIGNIFICANT RISK,HIGH,ECMWF ENS,ECMWF ENS | ICON-EU EPS | GEFS,0.0,3,0.0,0,0,0,0,GREEN,БЕЗ ЗНАЧАЈНОГ РИЗИКА,NO SIGNIFICANT RISK,HIGH,ECMWF ENS,ECMWF ENS | ICON-EU EPS | GEFS,0.0,3,0.0,0,0,0,0,GREEN,БЕЗ ЗНАЧАЈНОГ РИЗИКА,NO SIGNIFICANT RISK,HIGH,ECMWF ENS,ECMWF ENS | ICON-EU EPS | GEFS,0.0,3,0.0,0,0,0,0,GREEN,БЕЗ ЗНАЧАЈНОГ РИЗИКА,NO SIGNIFICANT RISK,HIGH,ECMWF ENS,ECMWF ENS | ICON-EU EPS | GEFS,0,GREEN,БЕЗ ЗНАЧАЈНОГ РИЗИКА,NO SIGNIFICANT RISK,NONE,HIGH,24,2026-08-21T06:00:00+00:00,2026-08-22T06:00:00+00:00,STORMS,EXPERIMENTAL,DEVELOPMENTAL MULTIMODEL SIGNAL - NOT CALIBRATED PROBABILITY,PUBLIC OPEN-DATA SERVICES,INDEPENDENT PROJECT - NOT AN OFFICIAL RHMZ WARNING PRODUCT
90026,VUČITRN,VUČITRN,ВУЧИТРН,0.0,0.0,0.0,0.0,0.0,11.002569487259404,59.14999961853027,7,54,2026-08-22T06:00:00Z,2026-08-20T00:00:00Z,0.0,0.0,0.0,59.0,0.0,9.6,7,0.0,0.0,10,0.3,0.0,10.2,0.0,0.0,0.0,0.0,0.0,0.0,0.0,3,0.0,0,0,0,0,GREEN,БЕЗ ЗНАЧАЈНОГ РИЗИКА,NO SIGNIFICANT RISK,HIGH,ECMWF ENS,ECMWF ENS | ICON-EU EPS | GEFS,0.0,3,0.0,0,0,0,0,GREEN,БЕЗ ЗНАЧАЈНОГ РИЗИКА,NO SIGNIFICANT RISK,HIGH,ECMWF ENS,ECMWF ENS | ICON-EU EPS | GEFS,0.0,3,0.0,0,0,0,0,GREEN,БЕЗ ЗНАЧАЈНОГ РИЗИКА,NO SIGNIFICANT RISK,HIGH,ECMWF ENS,ECMWF ENS | ICON-EU EPS | GEFS,0.0,3,0.0,0,0,0,0,GREEN,БЕЗ ЗНАЧАЈНОГ РИЗИКА,NO SIGNIFICANT RISK,HIGH,ECMWF ENS,ECMWF ENS | ICON-EU EPS | GEFS,0,GREEN,БЕЗ ЗНАЧАЈНОГ РИЗИКА,NO SIGNIFICANT RISK,NONE,HIGH,24,2026-08-21T06:00:00+00:00,2026-08-22T06:00:00+00:00,STORMS,EXPERIMENTAL,DEVELOPMENTAL MULTIMODEL SIGNAL - NOT CALIBRATED PROBABILITY,PUBLIC OPEN-DATA SERVICES,INDEPENDENT PROJECT - NOT AN OFFICIAL RHMZ WARNING PRODUCT
90042,GNJILANE,GNJILANE,ГЊИЛАНЕ,0.0,0.0,0.0,0.0,0.0,9.688496169397718,60.19999885559082,9,54,2026-08-22T06:00:00Z,2026-08-20T00:00:00Z,0.0,0.0,0.0,48.1,0.0,8.4,9,0.0,0.0,10,0.2,0.0,4.4,0.0,0.0,0.0,0.0,0.0,0.0,0.0,3,0.0,0,0,0,0,GREEN,БЕЗ ЗНАЧАЈНОГ РИЗИКА,NO SIGNIFICANT RISK,HIGH,ECMWF ENS,ECMWF ENS | ICON-EU EPS | GEFS,0.0,3,0.0,0,0,0,0,GREEN,БЕЗ ЗНАЧАЈНОГ РИЗИКА,NO SIGNIFICANT RISK,HIGH,ECMWF ENS,ECMWF ENS | ICON-EU EPS | GEFS,0.0,3,0.0,0,0,0,0,GREEN,БЕЗ ЗНАЧАЈНОГ РИЗИКА,NO SIGNIFICANT RISK,HIGH,ECMWF ENS,ECMWF ENS | ICON-EU EPS | GEFS,0.0,3,0.0,0,0,0,0,GREEN,БЕЗ ЗНАЧАЈНОГ РИЗИКА,NO SIGNIFICANT RISK,HIGH,ECMWF ENS,ECMWF ENS | ICON-EU EPS | GEFS,0,GREEN,БЕЗ ЗНАЧАЈНОГ РИЗИКА,NO SIGNIFICANT RISK,NONE,HIGH,24,2026-08-21T06:00:00+00:00,2026-08-22T06:00:00+00:00,STORMS,EXPERIMENTAL,DEVELOPMENTAL MULTIMODEL SIGNAL - NOT CALIBRATED PROBABILITY,PUBLIC OPEN-DATA SERVICES,INDEPENDENT PROJECT - NOT AN OFFICIAL RHMZ WARNING PRODUCT
70467,GADŽIN HAN,GADŽIN HAN,ГАЏИН ХАН,0.0,0.0,0.0,0.0,0.0,11.042540153778432,60.0,8,54,2026-08-22T06:00:00Z,2026-08-20T00:00:00Z,0.0,0.0,0.0,44.7,0.0,9.8,8,0.0,0.0,11,0.9,0.0,7.7,0.0,0.0,0.0,0.0,0.0,0.0,0.0,3,0.0,0,0,0,0,GREEN,БЕЗ ЗНАЧАЈНОГ РИЗИКА,NO SIGNIFICANT RISK,HIGH,ECMWF ENS,ECMWF ENS | ICON-EU EPS | GEFS,0.0,3,0.0,0,0,0,0,GREEN,БЕЗ ЗНАЧАЈНОГ РИЗИКА,NO SIGNIFICANT RISK,HIGH,ECMWF ENS,ECMWF ENS | ICON-EU EPS | GEFS,0.0,3,0.0,0,0,0,0,GREEN,БЕЗ ЗНАЧАЈНОГ РИЗИКА,NO SIGNIFICANT RISK,HIGH,ECMWF ENS,ECMWF ENS | ICON-EU EPS | GEFS,0.0,3,0.0,0,0,0,0,GREEN,БЕЗ ЗНАЧАЈНОГ РИЗИКА,NO SIGNIFICANT RISK,HIGH,ECMWF ENS,ECMWF ENS | ICON-EU EPS | GEFS,0,GREEN,БЕЗ ЗНАЧАЈНОГ РИЗИКА,NO SIGNIFICANT RISK,NONE,HIGH,24,2026-08-21T06:00:00+00:00,2026-08-22T06:00:00+00:00,STORMS,EXPERIMENTAL,DEVELOPMENTAL MULTIMODEL SIGNAL - NOT CALIBRATED PROBABILITY,PUBLIC OPEN-DATA SERVICES,INDEPENDENT PROJECT - NOT AN OFFICIAL RHMZ WARNING PRODUCT
90034,GLOGOVAC,GLOGOVAC,ГЛОГОВАЦ,0.0,0.0,0.0,0.0,0.0,9.76926694595638,58.60000038146973,8,54,2026-08-22T06:00:00Z,2026-08-20T00:00:00Z,0.0,0.0,0.0,57.4,0.0,9.1,8,0.0,0.0,11,0.0,0.0,9.8,0.0,0.0,0.0,0.0,0.0,0.0,0.0,3,0.0,0,0,0,0,GREEN,БЕЗ ЗНАЧАЈНОГ РИЗИКА,NO SIGNIFICANT RISK,HIGH,ECMWF ENS,ECMWF ENS | ICON-EU EPS | GEFS,0.0,3,0.0,0,0,0,0,GREEN,БЕЗ ЗНАЧАЈНОГ РИЗИКА,NO SIGNIFICANT RISK,HIGH,ECMWF ENS,ECMWF ENS | ICON-EU EPS | GEFS,0.0,3,0.0,0,0,0,0,GREEN,БЕЗ ЗНАЧАЈНОГ РИЗИКА,NO SIGNIFICANT RISK,HIGH,ECMWF ENS,ECMWF ENS | ICON-EU EPS | GEFS,0.0,3,0.0,0,0,0,0,GREEN,БЕЗ ЗНАЧАЈНОГ РИЗИКА,NO SIGNIFICANT RISK,HIGH,ECMWF ENS,ECMWF ENS | ICON-EU EPS | GEFS,0,GREEN,БЕЗ ЗНАЧАЈНОГ РИЗИКА,NO SIGNIFICANT RISK,NONE,HIGH,24,2026-08-21T06:00:00+00:00,2026-08-22T06:00:00+00:00,STORMS,EXPERIMENTAL,DEVELOPMENTAL MULTIMODEL SIGNAL - NOT CALIBRATED PROBABILITY,PUBLIC OPEN-DATA SERVICES,INDEPENDENT PROJECT - NOT AN OFFICIAL RHMZ WARNING PRODUCT
70475,GOLUBAC,GOLUBAC,ГОЛУБАЦ,0.0,0.0,0.0,0.0,0.0,13.904531898244484,64.47499942779541,10,54,2026-08-22T06:00:00Z,2026-08-20T00:00:00Z,0.0,0.0,3.8,68.3,0.0,10.2,10,0.0,0.0,12,2.0,0.0,13.6,0.0,0.0,0.0,0.0,0.0,0.0,0.0,3,0.0,0,0,0,0,GREEN,БЕЗ ЗНАЧАЈНОГ РИЗИКА,NO SIGNIFICANT RISK,HIGH,ECMWF ENS,ECMWF ENS | ICON-EU EPS | GEFS,0.0,3,0.0,0,0,0,0,GREEN,БЕЗ ЗНАЧАЈНОГ РИЗИКА,NO SIGNIFICANT RISK,HIGH,ECMWF ENS,ECMWF ENS | ICON-EU EPS | GEFS,0.0,3,0.0,0,0,0,0,GREEN,БЕЗ ЗНАЧАЈНОГ РИЗИКА,NO SIGNIFICANT RISK,HIGH,ECMWF ENS,ECMWF ENS | ICON-EU EPS | GEFS,0.0,3,0.0,0,0,0,0,GREEN,БЕЗ ЗНАЧАЈНОГ РИЗИКА,NO SIGNIFICANT RISK,HIGH,ECMWF ENS,ECMWF ENS | ICON-EU EPS | GEFS,0,GREEN,БЕЗ ЗНАЧАЈНОГ РИЗИКА,NO SIGNIFICANT RISK,NONE,HIGH,24,2026-08-21T06:00:00+00:00,2026-08-22T06:00:00+00:00,STORMS,EXPERIMENTAL,DEVELOPMENTAL MULTIMODEL SIGNAL - NOT CALIBRATED PROBABILITY,PUBLIC OPEN-DATA SERVICES,INDEPENDENT PROJECT - NOT AN OFFICIAL RHMZ WARNING PRODUCT
70483,GORNJI MILANOVAC,GORNJI MILANOVAC,ГОРЊИ МИЛАНОВАЦ,0.0,0.0,0.0,0.0,0.0,12.972172846173258,70.98351669311523,10,54,2026-08-22T06:00:00Z,2026-08-20T00:00:00Z,2.0,0.0,0.4,67.0,0.0,8.6,10,0.0,0.0,11,0.8,0.0,11.1,0.0,0.0,0.0,0.0,0.0,0.0,0.7,3,2.0,0,0,0,0,GREEN,БЕЗ ЗНАЧАЈНОГ РИЗИКА,NO SIGNIFICANT RISK,HIGH,ECMWF ENS,ECMWF ENS | ICON-EU EPS | GEFS,0.0,3,0.0,0,0,0,0,GREEN,БЕЗ ЗНАЧАЈНОГ РИЗИКА,NO SIGNIFICANT RISK,HIGH,ECMWF ENS,ECMWF ENS | ICON-EU EPS | GEFS,0.0,3,0.0,0,0,0,0,GREEN,БЕЗ ЗНАЧАЈНОГ РИЗИКА,NO SIGNIFICANT RISK,HIGH,ECMWF ENS,ECMWF ENS | ICON-EU EPS | GEFS,0.0,3,0.0,0,0,0,0,GREEN,БЕЗ ЗНАЧАЈНОГ РИЗИКА,NO SIGNIFICANT RISK,HIGH,ECMWF ENS,ECMWF ENS | ICON-EU EPS | GEFS,0,GREEN,БЕЗ ЗНАЧАЈНОГ РИЗИКА,NO SIGNIFICANT RISK,NONE,HIGH,24,2026-08-21T06:00:00+00:00,2026-08-22T06:00:00+00:00,STORMS,EXPERIMENTAL,DEVELOPMENTAL MULTIMODEL SIGNAL - NOT CALIBRATED PROBABILITY,PUBLIC OPEN-DATA SERVICES,INDEPENDENT PROJECT - NOT AN OFFICIAL RHMZ WARNING PRODUCT
90336,GORA,GORA,ГОРА,0.0,0.0,0.0,0.0,0.0,6.834561200197754,57.20000076293945,7,54,2026-08-22T06:00:00Z,2026-08-20T00:00:00Z,0.0,0.0,27.1,53.7,0.0,5.2,7,0.0,0.0,10,40.1,0.0,6.9,0.0,0.0,0.0,0.0,0.0,0.0,0.0,3,0.0,0,0,0,0,GREEN,БЕЗ ЗНАЧАЈНОГ РИЗИКА,NO SIGNIFICANT RISK,HIGH,ECMWF ENS,ECMWF ENS | ICON-EU EPS | GEFS,0.0,3,0.0,0,0,0,0,GREEN,БЕЗ ЗНАЧАЈНОГ РИЗИКА,NO SIGNIFICANT RISK,HIGH,ECMWF ENS,ECMWF ENS | ICON-EU EPS | GEFS,0.0,3,0.0,0,0,0,0,GREEN,БЕЗ ЗНАЧАЈНОГ РИЗИКА,NO SIGNIFICANT RISK,HIGH,ECMWF ENS,ECMWF ENS | ICON-EU EPS | GEFS,0.0,3,0.0,0,0,0,0,GREEN,БЕЗ ЗНАЧАЈНОГ РИЗИКА,NO SIGNIFICANT RISK,HIGH,ECMWF ENS,ECMWF ENS | ICON-EU EPS | GEFS,0,GREEN,БЕЗ ЗНАЧАЈНОГ РИЗИКА,NO SIGNIFICANT RISK,NONE,HIGH,24,2026-08-21T06:00:00+00:00,2026-08-22T06:00:00+00:00,STORMS,EXPERIMENTAL,DEVELOPMENTAL MULTIMODEL SIGNAL - NOT CALIBRATED PROBABILITY,PUBLIC OPEN-DATA SERVICES,INDEPENDENT PROJECT - NOT AN OFFICIAL RHMZ WARNING PRODUCT
70491,DESPOTOVAC,DESPOTOVAC,ДЕСПОТОВАЦ,0.0,0.0,0.0,0.0,0.0,14.69889675892258,63.94999885559082,11,54,2026-08-22T06:00:00Z,2026-08-20T00:00:00Z,0.0,0.0,0.0,69.0,0.0,10.8,11,0.0,0.0,9,1.4,0.0,10.8,0.0,0.0,0.0,0.0,0.0,0.0,0.0,3,0.0,0,0,0,0,GREEN,БЕЗ ЗНАЧАЈНОГ РИЗИКА,NO SIGNIFICANT RISK,HIGH,ECMWF ENS,ECMWF ENS | ICON-EU EPS | GEFS,0.0,3,0.0,0,0,0,0,GREEN,БЕЗ ЗНАЧАЈНОГ РИЗИКА,NO SIGNIFICANT RISK,HIGH,ECMWF ENS,ECMWF ENS | ICON-EU EPS | GEFS,0.0,3,0.0,0,0,0,0,GREEN,БЕЗ ЗНАЧАЈНОГ РИЗИКА,NO SIGNIFICANT RISK,HIGH,ECMWF ENS,ECMWF ENS | ICON-EU EPS | GEFS,0.0,3,0.0,0,0,0,0,GREEN,БЕЗ ЗНАЧАЈНОГ РИЗИКА,NO SIGNIFICANT RISK,HIGH,ECMWF ENS,ECMWF ENS | ICON-EU EPS | GEFS,0,GREEN,БЕЗ ЗНАЧАЈНОГ РИЗИКА,NO SIGNIFICANT RISK,NONE,HIGH,24,2026-08-21T06:00:00+00:00,2026-08-22T06:00:00+00:00,STORMS,EXPERIMENTAL,DEVELOPMENTAL MULTIMODEL SIGNAL - NOT CALIBRATED PROBABILITY,PUBLIC OPEN-DATA SERVICES,INDEPENDENT PROJECT - NOT AN OFFICIAL RHMZ WARNING PRODUCT
90069,DEČANI,DEČANI,ДЕЧАНИ,0.0,0.0,0.0,0.0,0.0,9.224538303600328,58.95000076293945,9,54,2026-08-22T06:00:00Z,2026-08-20T00:00:00Z,0.0,0.0,0.6,52.0,0.0,9.4,9,0.0,0.0,11,13.1,0.0,9.5,0.0,0.0,0.0,0.0,0.0,0.0,0.0,3,0.0,0,0,0,0,GREEN,БЕЗ ЗНАЧАЈНОГ РИЗИКА,NO SIGNIFICANT RISK,HIGH,ECMWF ENS,ECMWF ENS | ICON-EU EPS | GEFS,0.0,3,0.0,0,0,0,0,GREEN,БЕЗ ЗНАЧАЈНОГ РИЗИКА,NO SIGNIFICANT RISK,HIGH,ECMWF ENS,ECMWF ENS | ICON-EU EPS | GEFS,0.0,3,0.0,0,0,0,0,GREEN,БЕЗ ЗНАЧАЈНОГ РИЗИКА,NO SIGNIFICANT RISK,HIGH,ECMWF ENS,ECMWF ENS | ICON-EU EPS | GEFS,0.0,3,0.0,0,0,0,0,GREEN,БЕЗ ЗНАЧАЈНОГ РИЗИКА,NO SIGNIFICANT RISK,HIGH,ECMWF ENS,ECMWF ENS | ICON-EU EPS | GEFS,0,GREEN,БЕЗ ЗНАЧАЈНОГ РИЗИКА,NO SIGNIFICANT RISK,NONE,HIGH,24,2026-08-21T06:00:00+00:00,2026-08-22T06:00:00+00:00,STORMS,EXPERIMENTAL,DEVELOPMENTAL MULTIMODEL SIGNAL - NOT CALIBRATED PROBABILITY,PUBLIC OPEN-DATA SERVICES,INDEPENDENT PROJECT - NOT AN OFFICIAL RHMZ WARNING PRODUCT
70505,DIMITROVGRAD,DIMITROVGRAD,ДИМИТРОВГРАД,0.0,0.0,0.0,0.0,0.0,6.347760203060119,60.0,10,54,2026-08-22T06:00:00Z,2026-08-20T00:00:00Z,0.0,0.0,0.0,55.7,0.0,4.2,10,0.0,0.0,12,0.9,0.0,4.7,0.0,0.0,0.0,0.0,0.0,0.0,0.0,3,0.0,0,0,0,0,GREEN,БЕЗ ЗНАЧАЈНОГ РИЗИКА,NO SIGNIFICANT RISK,HIGH,ECMWF ENS,ECMWF ENS | ICON-EU EPS | GEFS,0.0,3,0.0,0,0,0,0,GREEN,БЕЗ ЗНАЧАЈНОГ РИЗИКА,NO SIGNIFICANT RISK,HIGH,ECMWF ENS,ECMWF ENS | ICON-EU EPS | GEFS,0.0,3,0.0,0,0,0,0,GREEN,БЕЗ ЗНАЧАЈНОГ РИЗИКА,NO SIGNIFICANT RISK,HIGH,ECMWF ENS,ECMWF ENS | ICON-EU EPS | GEFS,0.0,3,0.0,0,0,0,0,GREEN,БЕЗ ЗНАЧАЈНОГ РИЗИКА,NO SIGNIFICANT RISK,HIGH,ECMWF ENS,ECMWF ENS | ICON-EU EPS | GEFS,0,GREEN,БЕЗ ЗНАЧАЈНОГ РИЗИКА,NO SIGNIFICANT RISK,NONE,HIGH,24,2026-08-21T06:00:00+00:00,2026-08-22T06:00:00+00:00,STORMS,EXPERIMENTAL,DEVELOPMENTAL MULTIMODEL SIGNAL - NOT CALIBRATED PROBABILITY,PUBLIC OPEN-DATA SERVICES,INDEPENDENT PROJECT - NOT AN OFFICIAL RHMZ WARNING PRODUCT
70513,DOLJEVAC,DOLJEVAC,ДОЉЕВАЦ,0.0,0.0,0.0,0.0,0.0,11.042540153778432,60.29999923706055,5,54,2026-08-22T06:00:00Z,2026-08-20T00:00:00Z,0.0,0.0,0.0,49.6,0.0,10.3,5,0.0,0.0,10,1.2,0.0,9.1,0.0,0.0,0.0,0.0,0.0,0.0,0.0,3,0.0,0,0,0,0,GREEN,БЕЗ ЗНАЧАЈНОГ РИЗИКА,NO SIGNIFICANT RISK,HIGH,ECMWF ENS,ECMWF ENS | ICON-EU EPS | GEFS,0.0,3,0.0,0,0,0,0,GREEN,БЕЗ ЗНАЧАЈНОГ РИЗИКА,NO SIGNIFICANT RISK,HIGH,ECMWF ENS,ECMWF ENS | ICON-EU EPS | GEFS,0.0,3,0.0,0,0,0,0,GREEN,БЕЗ ЗНАЧАЈНОГ РИЗИКА,NO SIGNIFICANT RISK,HIGH,ECMWF ENS,ECMWF ENS | ICON-EU EPS | GEFS,0.0,3,0.0,0,0,0,0,GREEN,БЕЗ ЗНАЧАЈНОГ РИЗИКА,NO SIGNIFICANT RISK,HIGH,ECMWF ENS,ECMWF ENS | ICON-EU EPS | GEFS,0,GREEN,БЕЗ ЗНАЧАЈНОГ РИЗИКА,NO SIGNIFICANT RISK,NONE,HIGH,24,2026-08-21T06:00:00+00:00,2026-08-22T06:00:00+00:00,STORMS,EXPERIMENTAL,DEVELOPMENTAL MULTIMODEL SIGNAL - NOT CALIBRATED PROBABILITY,PUBLIC OPEN-DATA SERVICES,INDEPENDENT PROJECT - NOT AN OFFICIAL RHMZ WARNING PRODUCT
80136,ŽABALJ,ŽABALJ,ЖАБАЉ,0.0,0.0,0.0,0.0,0.0,9.133179132811966,74.28351402282715,8,54,2026-08-22T06:00:00Z,2026-08-20T00:00:00Z,0.0,0.0,302.2,58.2,0.0,6.8,8,0.0,0.0,12,35.4,0.0,9.6,0.0,0.0,0.0,0.0,0.0,0.0,0.0,3,0.0,0,0,0,0,GREEN,БЕЗ ЗНАЧАЈНОГ РИЗИКА,NO SIGNIFICANT RISK,HIGH,ECMWF ENS,ECMWF ENS | ICON-EU EPS | GEFS,0.0,3,0.0,0,0,0,0,GREEN,БЕЗ ЗНАЧАЈНОГ РИЗИКА,NO SIGNIFICANT RISK,HIGH,ECMWF ENS,ECMWF ENS | ICON-EU EPS | GEFS,0.0,3,0.0,0,0,0,0,GREEN,БЕЗ ЗНАЧАЈНОГ РИЗИКА,NO SIGNIFICANT RISK,HIGH,ECMWF ENS,ECMWF ENS | ICON-EU EPS | GEFS,0.0,3,0.0,0,0,0,0,GREEN,БЕЗ ЗНАЧАЈНОГ РИЗИКА,NO SIGNIFICANT RISK,HIGH,ECMWF ENS,ECMWF ENS | ICON-EU EPS | GEFS,0,GREEN,БЕЗ ЗНАЧАЈНОГ РИЗИКА,NO SIGNIFICANT RISK,NONE,HIGH,24,2026-08-21T06:00:00+00:00,2026-08-22T06:00:00+00:00,STORMS,EXPERIMENTAL,DEVELOPMENTAL MULTIMODEL SIGNAL - NOT CALIBRATED PROBABILITY,PUBLIC OPEN-DATA SERVICES,INDEPENDENT PROJECT - NOT AN OFFICIAL RHMZ WARNING PRODUCT
70521,ŽABARI,ŽABARI,ЖАБАРИ,0.0,0.0,0.0,0.0,0.0,14.69889675892258,66.70317840576172,6,54,2026-08-22T06:00:00Z,2026-08-20T00:00:00Z,0.0,0.0,0.0,69.6,0.0,9.7,6,0.0,0.0,11,1.4,0.0,12.3,0.0,0.0,0.0,0.0,0.0,0.0,0.0,3,0.0,0,0,0,0,GREEN,БЕЗ ЗНАЧАЈНОГ РИЗИКА,NO SIGNIFICANT RISK,HIGH,ECMWF ENS,ECMWF ENS | ICON-EU EPS | GEFS,0.0,3,0.0,0,0,0,0,GREEN,БЕЗ ЗНАЧАЈНОГ РИЗИКА,NO SIGNIFICANT RISK,HIGH,ECMWF ENS,ECMWF ENS | ICON-EU EPS | GEFS,0.0,3,0.0,0,0,0,0,GREEN,БЕЗ ЗНАЧАЈНОГ РИЗИКА,NO SIGNIFICANT RISK,HIGH,ECMWF ENS,ECMWF ENS | ICON-EU EPS | GEFS,0.0,3,0.0,0,0,0,0,GREEN,БЕЗ ЗНАЧАЈНОГ РИЗИКА,NO SIGNIFICANT RISK,HIGH,ECMWF ENS,ECMWF ENS | ICON-EU EPS | GEFS,0,GREEN,БЕЗ ЗНАЧАЈНОГ РИЗИКА,NO SIGNIFICANT RISK,NONE,HIGH,24,2026-08-21T06:00:00+00:00,2026-08-22T06:00:00+00:00,STORMS,EXPERIMENTAL,DEVELOPMENTAL MULTIMODEL SIGNAL - NOT CALIBRATED PROBABILITY,PUBLIC OPEN-DATA SERVICES,INDEPENDENT PROJECT - NOT AN OFFICIAL RHMZ WARNING PRODUCT
70530,ŽAGUBICA,ŽAGUBICA,ЖАГУБИЦА,0.0,0.0,0.0,0.0,0.0,14.69889675892258,62.61240100860596,11,54,2026-08-22T06:00:00Z,2026-08-20T00:00:00Z,0.0,0.0,0.0,61.4,0.0,12.7,11,0.0,0.0,9,1.4,0.0,10.7,0.0,0.0,0.0,0.0,0.0,0.0,0.0,3,0.0,0,0,0,0,GREEN,БЕЗ ЗНАЧАЈНОГ РИЗИКА,NO SIGNIFICANT RISK,HIGH,ECMWF ENS,ECMWF ENS | ICON-EU EPS | GEFS,0.0,3,0.0,0,0,0,0,GREEN,БЕЗ ЗНАЧАЈНОГ РИЗИКА,NO SIGNIFICANT RISK,HIGH,ECMWF ENS,ECMWF ENS | ICON-EU EPS | GEFS,0.0,3,0.0,0,0,0,0,GREEN,БЕЗ ЗНАЧАЈНОГ РИЗИКА,NO SIGNIFICANT RISK,HIGH,ECMWF ENS,ECMWF ENS | ICON-EU EPS | GEFS,0.0,3,0.0,0,0,0,0,GREEN,БЕЗ ЗНАЧАЈНОГ РИЗИКА,NO SIGNIFICANT RISK,HIGH,ECMWF ENS,ECMWF ENS | ICON-EU EPS | GEFS,0,GREEN,БЕЗ ЗНАЧАЈНОГ РИЗИКА,NO SIGNIFICANT RISK,NONE,HIGH,24,2026-08-21T06:00:00+00:00,2026-08-22T06:00:00+00:00,STORMS,EXPERIMENTAL,DEVELOPMENTAL MULTIMODEL SIGNAL - NOT CALIBRATED PROBABILITY,PUBLIC OPEN-DATA SERVICES,INDEPENDENT PROJECT - NOT AN OFFICIAL RHMZ WARNING PRODUCT
80144,ŽITIŠTE,ŽITIŠTE,ЖИТИШТЕ,0.0,0.0,0.0,0.0,0.0,9.556458143463244,69.67500305175781,10,54,2026-08-22T06:00:00Z,2026-08-20T00:00:00Z,0.0,0.0,293.6,59.1,0.0,6.6,10,0.0,0.0,11,17.3,0.0,8.2,0.0,0.0,0.0,0.0,0.0,0.0,0.0,3,0.0,0,0,0,0,GREEN,БЕЗ ЗНАЧАЈНОГ РИЗИКА,NO SIGNIFICANT RISK,HIGH,ECMWF ENS,ECMWF ENS | ICON-EU EPS | GEFS,0.0,3,0.0,0,0,0,0,GREEN,БЕЗ ЗНАЧАЈНОГ РИЗИКА,NO SIGNIFICANT RISK,HIGH,ECMWF ENS,ECMWF ENS | ICON-EU EPS | GEFS,0.0,3,0.0,0,0,0,0,GREEN,БЕЗ ЗНАЧАЈНОГ РИЗИКА,NO SIGNIFICANT RISK,HIGH,ECMWF ENS,ECMWF ENS | ICON-EU EPS | GEFS,0.0,3,0.0,0,0,0,0,GREEN,БЕЗ ЗНАЧАЈНОГ РИЗИКА,NO SIGNIFICANT RISK,HIGH,ECMWF ENS,ECMWF ENS | ICON-EU EPS | GEFS,0,GREEN,БЕЗ ЗНАЧАЈНОГ РИЗИКА,NO SIGNIFICANT RISK,NONE,HIGH,24,2026-08-21T06:00:00+00:00,2026-08-22T06:00:00+00:00,STORMS,EXPERIMENTAL,DEVELOPMENTAL MULTIMODEL SIGNAL - NOT CALIBRATED PROBABILITY,PUBLIC OPEN-DATA SERVICES,INDEPENDENT PROJECT - NOT AN OFFICIAL RHMZ WARNING PRODUCT
70548,ŽITORAĐA,ŽITORAĐA,ЖИТОРАЂА,0.0,0.0,0.0,0.0,0.0,11.042540153778432,60.29999923706055,6,54,2026-08-22T06:00:00Z,2026-08-20T00:00:00Z,0.0,0.0,0.0,49.6,0.0,10.3,6,0.0,0.0,13,1.2,0.0,10.0,0.0,0.0,0.0,0.0,0.0,0.0,0.0,3,0.0,0,0,0,0,GREEN,БЕЗ ЗНАЧАЈНОГ РИЗИКА,NO SIGNIFICANT RISK,HIGH,ECMWF ENS,ECMWF ENS | ICON-EU EPS | GEFS,0.0,3,0.0,0,0,0,0,GREEN,БЕЗ ЗНАЧАЈНОГ РИЗИКА,NO SIGNIFICANT RISK,HIGH,ECMWF ENS,ECMWF ENS | ICON-EU EPS | GEFS,0.0,3,0.0,0,0,0,0,GREEN,БЕЗ ЗНАЧАЈНОГ РИЗИКА,NO SIGNIFICANT RISK,HIGH,ECMWF ENS,ECMWF ENS | ICON-EU EPS | GEFS,0.0,3,0.0,0,0,0,0,GREEN,БЕЗ ЗНАЧАЈНОГ РИЗИКА,NO SIGNIFICANT RISK,HIGH,ECMWF ENS,ECMWF ENS | ICON-EU EPS | GEFS,0,GREEN,БЕЗ ЗНАЧАЈНОГ РИЗИКА,NO SIGNIFICANT RISK,NONE,HIGH,24,2026-08-21T06:00:00+00:00,2026-08-22T06:00:00+00:00,STORMS,EXPERIMENTAL,DEVELOPMENTAL MULTIMODEL SIGNAL - NOT CALIBRATED PROBABILITY,PUBLIC OPEN-DATA SERVICES,INDEPENDENT PROJECT - NOT AN OFFICIAL RHMZ WARNING PRODUCT
70556,ZAJEČAR-GRAD,ZAJEČAR-GRAD,ЗАЈЕЧАР-ГРАД,0.0,0.0,0.0,0.0,0.0,13.312499620552616,60.35000038146973,14,54,2026-08-22T06:00:00Z,2026-08-20T00:00:00Z,0.0,0.0,0.0,53.9,0.0,12.9,14,0.0,0.0,10,2.8,0.0,8.1,0.0,0.0,0.0,0.0,0.0,0.0,0.0,3,0.0,0,0,0,0,GREEN,БЕЗ ЗНАЧАЈНОГ РИЗИКА,NO SIGNIFICANT RISK,HIGH,ECMWF ENS,ECMWF ENS | ICON-EU EPS | GEFS,0.0,3,0.0,0,0,0,0,GREEN,БЕЗ ЗНАЧАЈНОГ РИЗИКА,NO SIGNIFICANT RISK,HIGH,ECMWF ENS,ECMWF ENS | ICON-EU EPS | GEFS,0.0,3,0.0,0,0,0,0,GREEN,БЕЗ ЗНАЧАЈНОГ РИЗИКА,NO SIGNIFICANT RISK,HIGH,ECMWF ENS,ECMWF ENS | ICON-EU EPS | GEFS,0.0,3,0.0,0,0,0,0,GREEN,БЕЗ ЗНАЧАЈНОГ РИЗИКА,NO SIGNIFICANT RISK,HIGH,ECMWF ENS,ECMWF ENS | ICON-EU EPS | GEFS,0,GREEN,БЕЗ ЗНАЧАЈНОГ РИЗИКА,NO SIGNIFICANT RISK,NONE,HIGH,24,2026-08-21T06:00:00+00:00,2026-08-22T06:00:00+00:00,STORMS,EXPERIMENTAL,DEVELOPMENTAL MULTIMODEL SIGNAL - NOT CALIBRATED PROBABILITY,PUBLIC OPEN-DATA SERVICES,INDEPENDENT PROJECT - NOT AN OFFICIAL RHMZ WARNING PRODUCT
90352,ZVEČAN,ZVEČAN,ЗВЕЧАН,0.0,0.0,0.0,0.0,0.0,10.645462532269375,60.93740272521973,6,54,2026-08-22T06:00:00Z,2026-08-20T00:00:00Z,0.0,0.0,0.0,61.8,0.0,10.3,6,0.0,0.0,11,0.3,0.0,10.4,0.0,0.0,0.0,0.0,0.0,0.0,0.0,3,0.0,0,0,0,0,GREEN,БЕЗ ЗНАЧАЈНОГ РИЗИКА,NO SIGNIFICANT RISK,HIGH,ECMWF ENS,ECMWF ENS | ICON-EU EPS | GEFS,0.0,3,0.0,0,0,0,0,GREEN,БЕЗ ЗНАЧАЈНОГ РИЗИКА,NO SIGNIFICANT RISK,HIGH,ECMWF ENS,ECMWF ENS | ICON-EU EPS | GEFS,0.0,3,0.0,0,0,0,0,GREEN,БЕЗ ЗНАЧАЈНОГ РИЗИКА,NO SIGNIFICANT RISK,HIGH,ECMWF ENS,ECMWF ENS | ICON-EU EPS | GEFS,0.0,3,0.0,0,0,0,0,GREEN,БЕЗ ЗНАЧАЈНОГ РИЗИКА,NO SIGNIFICANT RISK,HIGH,ECMWF ENS,ECMWF ENS | ICON-EU EPS | GEFS,0,GREEN,БЕЗ ЗНАЧАЈНОГ РИЗИКА,NO SIGNIFICANT RISK,NONE,HIGH,24,2026-08-21T06:00:00+00:00,2026-08-22T06:00:00+00:00,STORMS,EXPERIMENTAL,DEVELOPMENTAL MULTIMODEL SIGNAL - NOT CALIBRATED PROBABILITY,PUBLIC OPEN-DATA SERVICES,INDEPENDENT PROJECT - NOT AN OFFICIAL RHMZ WARNING PRODUCT
80152,ZRENJANIN-GRAD,ZRENJANIN-GRAD,ЗРЕЊАНИН-ГРАД,0.0,0.0,0.0,0.0,0.0,10.585958465167083,72.9000015258789,14,54,2026-08-22T06:00:00Z,2026-08-20T00:00:00Z,0.0,0.0,293.6,59.1,0.0,6.6,14,0.0,0.0,13,25.8,0.0,10.1,0.0,0.0,0.0,0.0,0.0,0.0,0.0,3,0.0,0,0,0,0,GREEN,БЕЗ ЗНАЧАЈНОГ РИЗИКА,NO SIGNIFICANT RISK,HIGH,ECMWF ENS,ECMWF ENS | ICON-EU EPS | GEFS,0.0,3,0.0,0,0,0,0,GREEN,БЕЗ ЗНАЧАЈНОГ РИЗИКА,NO SIGNIFICANT RISK,HIGH,ECMWF ENS,ECMWF ENS | ICON-EU EPS | GEFS,0.0,3,0.0,0,0,0,0,GREEN,БЕЗ ЗНАЧАЈНОГ РИЗИКА,NO SIGNIFICANT RISK,HIGH,ECMWF ENS,ECMWF ENS | ICON-EU EPS | GEFS,0.0,3,0.0,0,0,0,0,GREEN,БЕЗ ЗНАЧАЈНОГ РИЗИКА,NO SIGNIFICANT RISK,HIGH,ECMWF ENS,ECMWF ENS | ICON-EU EPS | GEFS,0,GREEN,БЕЗ ЗНАЧАЈНОГ РИЗИКА,NO SIGNIFICANT RISK,NONE,HIGH,24,2026-08-21T06:00:00+00:00,2026-08-22T06:00:00+00:00,STORMS,EXPERIMENTAL,DEVELOPMENTAL MULTIMODEL SIGNAL - NOT CALIBRATED PROBABILITY,PUBLIC OPEN-DATA SERVICES,INDEPENDENT PROJECT - NOT AN OFFICIAL RHMZ WARNING PRODUCT
90093,ZUBIN POTOK,ZUBIN POTOK,ЗУБИН ПОТОК,0.0,0.0,0.0,0.0,0.0,10.645462532269375,60.93740272521973,8,54,2026-08-22T06:00:00Z,2026-08-20T00:00:00Z,0.0,0.0,0.0,61.8,0.0,10.3,8,0.0,0.0,11,0.0,0.0,10.5,0.0,0.0,0.0,0.0,0.0,0.0,0.0,3,0.0,0,0,0,0,GREEN,БЕЗ ЗНАЧАЈНОГ РИЗИКА,NO SIGNIFICANT RISK,HIGH,ECMWF ENS,ECMWF ENS | ICON-EU EPS | GEFS,0.0,3,0.0,0,0,0,0,GREEN,БЕЗ ЗНАЧАЈНОГ РИЗИКА,NO SIGNIFICANT RISK,HIGH,ECMWF ENS,ECMWF ENS | ICON-EU EPS | GEFS,0.0,3,0.0,0,0,0,0,GREEN,БЕЗ ЗНАЧАЈНОГ РИЗИКА,NO SIGNIFICANT RISK,HIGH,ECMWF ENS,ECMWF ENS | ICON-EU EPS | GEFS,0.0,3,0.0,0,0,0,0,GREEN,БЕЗ ЗНАЧАЈНОГ РИЗИКА,NO SIGNIFICANT RISK,HIGH,ECMWF ENS,ECMWF ENS | ICON-EU EPS | GEFS,0,GREEN,БЕЗ ЗНАЧАЈНОГ РИЗИКА,NO SIGNIFICANT RISK,NONE,HIGH,24,2026-08-21T06:00:00+00:00,2026-08-22T06:00:00+00:00,STORMS,EXPERIMENTAL,DEVELOPMENTAL MULTIMODEL SIGNAL - NOT CALIBRATED PROBABILITY,PUBLIC OPEN-DATA SERVICES,INDEPENDENT PROJECT - NOT AN OFFICIAL RHMZ WARNING PRODUCT
70564,IVANJICA,IVANJICA,ИВАЊИЦА,0.0,0.0,0.0,0.0,0.0,12.613902526746529,66.92500019073486,11,54,2026-08-22T06:00:00Z,2026-08-20T00:00:00Z,0.0,0.0,85.5,61.1,0.0,7.1,11,0.0,0.0,11,1.1,0.0,10.4,0.0,0.0,0.0,0.0,0.0,0.0,0.0,3,0.0,0,0,0,0,GREEN,БЕЗ ЗНАЧАЈНОГ РИЗИКА,NO SIGNIFICANT RISK,HIGH,ECMWF ENS,ECMWF ENS | ICON-EU EPS | GEFS,0.0,3,0.0,0,0,0,0,GREEN,БЕЗ ЗНАЧАЈНОГ РИЗИКА,NO SIGNIFICANT RISK,HIGH,ECMWF ENS,ECMWF ENS | ICON-EU EPS | GEFS,0.0,3,0.0,0,0,0,0,GREEN,БЕЗ ЗНАЧАЈНОГ РИЗИКА,NO SIGNIFICANT RISK,HIGH,ECMWF ENS,ECMWF ENS | ICON-EU EPS | GEFS,0.0,3,0.0,0,0,0,0,GREEN,БЕЗ ЗНАЧАЈНОГ РИЗИКА,NO SIGNIFICANT RISK,HIGH,ECMWF ENS,ECMWF ENS | ICON-EU EPS | GEFS,0,GREEN,БЕЗ ЗНАЧАЈНОГ РИЗИКА,NO SIGNIFICANT RISK,NONE,HIGH,24,2026-08-21T06:00:00+00:00,2026-08-22T06:00:00+00:00,STORMS,EXPERIMENTAL,DEVELOPMENTAL MULTIMODEL SIGNAL - NOT CALIBRATED PROBABILITY,PUBLIC OPEN-DATA SERVICES,INDEPENDENT PROJECT - NOT AN OFFICIAL RHMZ WARNING PRODUCT
80179,INĐIJA,INĐIJA,ИНЂИЈА,0.0,0.0,0.0,0.0,0.0,10.430032105995023,74.28351402282715,8,54,2026-08-22T06:00:00Z,2026-08-20T00:00:00Z,0.0,0.0,364.5,58.5,0.0,6.7,8,0.0,0.0,10,38.9,0.0,10.2,0.0,0.0,0.0,0.0,0.0,0.0,0.0,3,0.0,0,0,0,0,GREEN,БЕЗ ЗНАЧАЈНОГ РИЗИКА,NO SIGNIFICANT RISK,HIGH,ECMWF ENS,ECMWF ENS | ICON-EU EPS | GEFS,0.0,3,0.0,0,0,0,0,GREEN,БЕЗ ЗНАЧАЈНОГ РИЗИКА,NO SIGNIFICANT RISK,HIGH,ECMWF ENS,ECMWF ENS | ICON-EU EPS | GEFS,0.0,3,0.0,0,0,0,0,GREEN,БЕЗ ЗНАЧАЈНОГ РИЗИКА,NO SIGNIFICANT RISK,HIGH,ECMWF ENS,ECMWF ENS | ICON-EU EPS | GEFS,0.0,3,0.0,0,0,0,0,GREEN,БЕЗ ЗНАЧАЈНОГ РИЗИКА,NO SIGNIFICANT RISK,HIGH,ECMWF ENS,ECMWF ENS | ICON-EU EPS | GEFS,0,GREEN,БЕЗ ЗНАЧАЈНОГ РИЗИКА,NO SIGNIFICANT RISK,NONE,HIGH,24,2026-08-21T06:00:00+00:00,2026-08-22T06:00:00+00:00,STORMS,EXPERIMENTAL,DEVELOPMENTAL MULTIMODEL SIGNAL - NOT CALIBRATED PROBABILITY,PUBLIC OPEN-DATA SERVICES,INDEPENDENT PROJECT - NOT AN OFFICIAL RHMZ WARNING PRODUCT
80187,IRIG,IRIG,ИРИГ,0.0,0.0,0.0,0.0,0.0,9.05013809645346,74.28351402282715,7,54,2026-08-22T06:00:00Z,2026-08-20T00:00:00Z,0.0,0.0,368.2,58.4,0.0,6.9,7,0.0,0.0,12,42.9,0.0,10.2,0.0,0.0,0.0,0.0,0.0,0.0,0.0,3,0.0,0,0,0,0,GREEN,БЕЗ ЗНАЧАЈНОГ РИЗИКА,NO SIGNIFICANT RISK,HIGH,ECMWF ENS,ECMWF ENS | ICON-EU EPS | GEFS,0.0,3,0.0,0,0,0,0,GREEN,БЕЗ ЗНАЧАЈНОГ РИЗИКА,NO SIGNIFICANT RISK,HIGH,ECMWF ENS,ECMWF ENS | ICON-EU EPS | GEFS,0.0,3,0.0,0,0,0,0,GREEN,БЕЗ ЗНАЧАЈНОГ РИЗИКА,NO SIGNIFICANT RISK,HIGH,ECMWF ENS,ECMWF ENS | ICON-EU EPS | GEFS,0.0,3,0.0,0,0,0,0,GREEN,БЕЗ ЗНАЧАЈНОГ РИЗИКА,NO SIGNIFICANT RISK,HIGH,ECMWF ENS,ECMWF ENS | ICON-EU EPS | GEFS,0,GREEN,БЕЗ ЗНАЧАЈНОГ РИЗИКА,NO SIGNIFICANT RISK,NONE,HIGH,24,2026-08-21T06:00:00+00:00,2026-08-22T06:00:00+00:00,STORMS,EXPERIMENTAL,DEVELOPMENTAL MULTIMODEL SIGNAL - NOT CALIBRATED PROBABILITY,PUBLIC OPEN-DATA SERVICES,INDEPENDENT PROJECT - NOT AN OFFICIAL RHMZ WARNING PRODUCT
90107,ISTOK,ISTOK,ИСТОК,0.0,0.0,0.0,0.0,0.0,9.780609596242735,60.35000038146973,9,54,2026-08-22T06:00:00Z,2026-08-20T00:00:00Z,0.0,0.0,0.0,57.3,0.0,8.0,9,0.0,0.0,11,0.5,0.0,9.9,0.0,0.0,0.0,0.0,0.0,0.0,0.0,3,0.0,0,0,0,0,GREEN,БЕЗ ЗНАЧАЈНОГ РИЗИКА,NO SIGNIFICANT RISK,HIGH,ECMWF ENS,ECMWF ENS | ICON-EU EPS | GEFS,0.0,3,0.0,0,0,0,0,GREEN,БЕЗ ЗНАЧАЈНОГ РИЗИКА,NO SIGNIFICANT RISK,HIGH,ECMWF ENS,ECMWF ENS | ICON-EU EPS | GEFS,0.0,3,0.0,0,0,0,0,GREEN,БЕЗ ЗНАЧАЈНОГ РИЗИКА,NO SIGNIFICANT RISK,HIGH,ECMWF ENS,ECMWF ENS | ICON-EU EPS | GEFS,0.0,3,0.0,0,0,0,0,GREEN,БЕЗ ЗНАЧАЈНОГ РИЗИКА,NO SIGNIFICANT RISK,HIGH,ECMWF ENS,ECMWF ENS | ICON-EU EPS | GEFS,0,GREEN,БЕЗ ЗНАЧАЈНОГ РИЗИКА,NO SIGNIFICANT RISK,NONE,HIGH,24,2026-08-21T06:00:00+00:00,2026-08-22T06:00:00+00:00,STORMS,EXPERIMENTAL,DEVELOPMENTAL MULTIMODEL SIGNAL - NOT CALIBRATED PROBABILITY,PUBLIC OPEN-DATA SERVICES,INDEPENDENT PROJECT - NOT AN OFFICIAL RHMZ WARNING PRODUCT
70602,KNJAŽEVAC,KNJAŽEVAC,КЊАЖЕВАЦ,0.0,0.0,0.0,0.0,0.0,12.434417367126304,60.29999923706055,13,54,2026-08-22T06:00:00Z,2026-08-20T00:00:00Z,0.0,0.0,0.0,51.0,0.0,11.3,13,0.0,0.0,13,2.0,0.0,6.4,0.0,0.0,0.0,0.0,0.0,0.0,0.0,3,0.0,0,0,0,0,GREEN,БЕЗ ЗНАЧАЈНОГ РИЗИКА,NO SIGNIFICANT RISK,HIGH,ECMWF ENS,ECMWF ENS | ICON-EU EPS | GEFS,0.0,3,0.0,0,0,0,0,GREEN,БЕЗ ЗНАЧАЈНОГ РИЗИКА,NO SIGNIFICANT RISK,HIGH,ECMWF ENS,ECMWF ENS | ICON-EU EPS | GEFS,0.0,3,0.0,0,0,0,0,GREEN,БЕЗ ЗНАЧАЈНОГ РИЗИКА,NO SIGNIFICANT RISK,HIGH,ECMWF ENS,ECMWF ENS | ICON-EU EPS | GEFS,0.0,3,0.0,0,0,0,0,GREEN,БЕЗ ЗНАЧАЈНОГ РИЗИКА,NO SIGNIFICANT RISK,HIGH,ECMWF ENS,ECMWF ENS | ICON-EU EPS | GEFS,0,GREEN,БЕЗ ЗНАЧАЈНОГ РИЗИКА,NO SIGNIFICANT RISK,NONE,HIGH,24,2026-08-21T06:00:00+00:00,2026-08-22T06:00:00+00:00,STORMS,EXPERIMENTAL,DEVELOPMENTAL MULTIMODEL SIGNAL - NOT CALIBRATED PROBABILITY,PUBLIC OPEN-DATA SERVICES,INDEPENDENT PROJECT - NOT AN OFFICIAL RHMZ WARNING PRODUCT
80195,KANJIŽA,KANJIŽA,КАЊИЖА,0.0,0.0,0.0,0.0,0.0,8.13884011596649,70.80000305175781,9,54,2026-08-22T06:00:00Z,2026-08-20T00:00:00Z,0.0,0.0,0.0,53.6,0.0,7.9,9,0.0,0.0,14,1.6,0.0,5.9,0.0,0.0,0.0,0.0,0.0,0.0,0.0,3,0.0,0,0,0,0,GREEN,БЕЗ ЗНАЧАЈНОГ РИЗИКА,NO SIGNIFICANT RISK,HIGH,ECMWF ENS,ECMWF ENS | ICON-EU EPS | GEFS,0.0,3,0.0,0,0,0,0,GREEN,БЕЗ ЗНАЧАЈНОГ РИЗИКА,NO SIGNIFICANT RISK,HIGH,ECMWF ENS,ECMWF ENS | ICON-EU EPS | GEFS,0.0,3,0.0,0,0,0,0,GREEN,БЕЗ ЗНАЧАЈНОГ РИЗИКА,NO SIGNIFICANT RISK,HIGH,ECMWF ENS,ECMWF ENS | ICON-EU EPS | GEFS,0.0,3,0.0,0,0,0,0,GREEN,БЕЗ ЗНАЧАЈНОГ РИЗИКА,NO SIGNIFICANT RISK,HIGH,ECMWF ENS,ECMWF ENS | ICON-EU EPS | GEFS,0,GREEN,БЕЗ ЗНАЧАЈНОГ РИЗИКА,NO SIGNIFICANT RISK,NONE,HIGH,24,2026-08-21T06:00:00+00:00,2026-08-22T06:00:00+00:00,STORMS,EXPERIMENTAL,DEVELOPMENTAL MULTIMODEL SIGNAL - NOT CALIBRATED PROBABILITY,PUBLIC OPEN-DATA SERVICES,INDEPENDENT PROJECT - NOT AN OFFICIAL RHMZ WARNING PRODUCT
90115,KAČANIK,KAČANIK,КАЧАНИК,0.0,0.0,0.0,0.0,0.0,8.712523866985691,61.09999847412109,7,54,2026-08-22T06:00:00Z,2026-08-20T00:00:00Z,0.0,0.0,0.0,45.2,0.0,5.5,7,0.0,0.0,10,0.6,0.0,5.0,0.0,0.0,0.0,0.0,0.0,0.0,0.0,3,0.0,0,0,0,0,GREEN,БЕЗ ЗНАЧАЈНОГ РИЗИКА,NO SIGNIFICANT RISK,HIGH,ECMWF ENS,ECMWF ENS | ICON-EU EPS | GEFS,0.0,3,0.0,0,0,0,0,GREEN,БЕЗ ЗНАЧАЈНОГ РИЗИКА,NO SIGNIFICANT RISK,HIGH,ECMWF ENS,ECMWF ENS | ICON-EU EPS | GEFS,0.0,3,0.0,0,0,0,0,GREEN,БЕЗ ЗНАЧАЈНОГ РИЗИКА,NO SIGNIFICANT RISK,HIGH,ECMWF ENS,ECMWF ENS | ICON-EU EPS | GEFS,0.0,3,0.0,0,0,0,0,GREEN,БЕЗ ЗНАЧАЈНОГ РИЗИКА,NO SIGNIFICANT RISK,HIGH,ECMWF ENS,ECMWF ENS | ICON-EU EPS | GEFS,0,GREEN,БЕЗ ЗНАЧАЈНОГ РИЗИКА,NO SIGNIFICANT RISK,NONE,HIGH,24,2026-08-21T06:00:00+00:00,2026-08-22T06:00:00+00:00,STORMS,EXPERIMENTAL,DEVELOPMENTAL MULTIMODEL SIGNAL - NOT CALIBRATED PROBABILITY,PUBLIC OPEN-DATA SERVICES,INDEPENDENT PROJECT - NOT AN OFFICIAL RHMZ WARNING PRODUCT
80209,KIKINDA,KIKINDA,КИКИНДА,0.0,0.0,0.0,0.0,0.0,8.700428102252987,70.29999923706055,11,54,2026-08-22T06:00:00Z,2026-08-20T00:00:00Z,0.0,0.0,10.0,56.9,0.0,6.8,11,0.0,0.0,11,12.2,0.0,7.3,0.0,0.0,0.0,0.0,0.0,0.0,0.0,3,0.0,0,0,0,0,GREEN,БЕЗ ЗНАЧАЈНОГ РИЗИКА,NO SIGNIFICANT RISK,HIGH,ECMWF ENS,ECMWF ENS | ICON-EU EPS | GEFS,0.0,3,0.0,0,0,0,0,GREEN,БЕЗ ЗНАЧАЈНОГ РИЗИКА,NO SIGNIFICANT RISK,HIGH,ECMWF ENS,ECMWF ENS | ICON-EU EPS | GEFS,0.0,3,0.0,0,0,0,0,GREEN,БЕЗ ЗНАЧАЈНОГ РИЗИКА,NO SIGNIFICANT RISK,HIGH,ECMWF ENS,ECMWF ENS | ICON-EU EPS | GEFS,0.0,3,0.0,0,0,0,0,GREEN,БЕЗ ЗНАЧАЈНОГ РИЗИКА,NO SIGNIFICANT RISK,HIGH,ECMWF ENS,ECMWF ENS | ICON-EU EPS | GEFS,0,GREEN,БЕЗ ЗНАЧАЈНОГ РИЗИКА,NO SIGNIFICANT RISK,NONE,HIGH,24,2026-08-21T06:00:00+00:00,2026-08-22T06:00:00+00:00,STORMS,EXPERIMENTAL,DEVELOPMENTAL MULTIMODEL SIGNAL - NOT CALIBRATED PROBABILITY,PUBLIC OPEN-DATA SERVICES,INDEPENDENT PROJECT - NOT AN OFFICIAL RHMZ WARNING PRODUCT
70572,KLADOVO,KLADOVO,КЛАДОВО,0.0,0.0,0.0,0.0,0.0,13.752097220103195,61.00000095367432,10,54,2026-08-22T06:00:00Z,2026-08-20T00:00:00Z,0.0,0.0,0.0,56.8,0.0,10.6,10,0.0,0.0,11,1.0,0.0,10.2,0.0,0.0,0.0,0.0,0.0,0.0,0.0,3,0.0,0,0,0,0,GREEN,БЕЗ ЗНАЧАЈНОГ РИЗИКА,NO SIGNIFICANT RISK,HIGH,ECMWF ENS,ECMWF ENS | ICON-EU EPS | GEFS,0.0,3,0.0,0,0,0,0,GREEN,БЕЗ ЗНАЧАЈНОГ РИЗИКА,NO SIGNIFICANT RISK,HIGH,ECMWF ENS,ECMWF ENS | ICON-EU EPS | GEFS,0.0,3,0.0,0,0,0,0,GREEN,БЕЗ ЗНАЧАЈНОГ РИЗИКА,NO SIGNIFICANT RISK,HIGH,ECMWF ENS,ECMWF ENS | ICON-EU EPS | GEFS,0.0,3,0.0,0,0,0,0,GREEN,БЕЗ ЗНАЧАЈНОГ РИЗИКА,NO SIGNIFICANT RISK,HIGH,ECMWF ENS,ECMWF ENS | ICON-EU EPS | GEFS,0,GREEN,БЕЗ ЗНАЧАЈНОГ РИЗИКА,NO SIGNIFICANT RISK,NONE,HIGH,24,2026-08-21T06:00:00+00:00,2026-08-22T06:00:00+00:00,STORMS,EXPERIMENTAL,DEVELOPMENTAL MULTIMODEL SIGNAL - NOT CALIBRATED PROBABILITY,PUBLIC OPEN-DATA SERVICES,INDEPENDENT PROJECT - NOT AN OFFICIAL RHMZ WARNING PRODUCT
90123,KLINA,KLINA,КЛИНА,0.0,0.0,0.0,0.0,0.0,9.76926694595638,57.79999923706055,8,54,2026-08-22T06:00:00Z,2026-08-20T00:00:00Z,0.0,0.0,28.5,56.1,0.0,9.4,8,0.0,0.0,11,0.9,0.0,9.5,0.0,0.0,0.0,0.0,0.0,0.0,0.0,3,0.0,0,0,0,0,GREEN,БЕЗ ЗНАЧАЈНОГ РИЗИКА,NO SIGNIFICANT RISK,HIGH,ECMWF ENS,ECMWF ENS | ICON-EU EPS | GEFS,0.0,3,0.0,0,0,0,0,GREEN,БЕЗ ЗНАЧАЈНОГ РИЗИКА,NO SIGNIFICANT RISK,HIGH,ECMWF ENS,ECMWF ENS | ICON-EU EPS | GEFS,0.0,3,0.0,0,0,0,0,GREEN,БЕЗ ЗНАЧАЈНОГ РИЗИКА,NO SIGNIFICANT RISK,HIGH,ECMWF ENS,ECMWF ENS | ICON-EU EPS | GEFS,0.0,3,0.0,0,0,0,0,GREEN,БЕЗ ЗНАЧАЈНОГ РИЗИКА,NO SIGNIFICANT RISK,HIGH,ECMWF ENS,ECMWF ENS | ICON-EU EPS | GEFS,0,GREEN,БЕЗ ЗНАЧАЈНОГ РИЗИКА,NO SIGNIFICANT RISK,NONE,HIGH,24,2026-08-21T06:00:00+00:00,2026-08-22T06:00:00+00:00,STORMS,EXPERIMENTAL,DEVELOPMENTAL MULTIMODEL SIGNAL - NOT CALIBRATED PROBABILITY,PUBLIC OPEN-DATA SERVICES,INDEPENDENT PROJECT - NOT AN OFFICIAL RHMZ WARNING PRODUCT
70599,KNIĆ,KNIĆ,КНИЋ,0.0,0.0,0.0,0.0,0.0,13.45109587969598,70.68351364135742,9,54,2026-08-22T06:00:00Z,2026-08-20T00:00:00Z,0.0,0.0,19.1,70.5,0.0,9.1,9,0.0,0.0,10,0.0,0.0,10.6,0.0,0.0,0.0,0.0,0.0,0.0,0.0,3,0.0,0,0,0,0,GREEN,БЕЗ ЗНАЧАЈНОГ РИЗИКА,NO SIGNIFICANT RISK,HIGH,ECMWF ENS,ECMWF ENS | ICON-EU EPS | GEFS,0.0,3,0.0,0,0,0,0,GREEN,БЕЗ ЗНАЧАЈНОГ РИЗИКА,NO SIGNIFICANT RISK,HIGH,ECMWF ENS,ECMWF ENS | ICON-EU EPS | GEFS,0.0,3,0.0,0,0,0,0,GREEN,БЕЗ ЗНАЧАЈНОГ РИЗИКА,NO SIGNIFICANT RISK,HIGH,ECMWF ENS,ECMWF ENS | ICON-EU EPS | GEFS,0.0,3,0.0,0,0,0,0,GREEN,БЕЗ ЗНАЧАЈНОГ РИЗИКА,NO SIGNIFICANT RISK,HIGH,ECMWF ENS,ECMWF ENS | ICON-EU EPS | GEFS,0,GREEN,БЕЗ ЗНАЧАЈНОГ РИЗИКА,NO SIGNIFICANT RISK,NONE,HIGH,24,2026-08-21T06:00:00+00:00,2026-08-22T06:00:00+00:00,STORMS,EXPERIMENTAL,DEVELOPMENTAL MULTIMODEL SIGNAL - NOT CALIBRATED PROBABILITY,PUBLIC OPEN-DATA SERVICES,INDEPENDENT PROJECT - NOT AN OFFICIAL RHMZ WARNING PRODUCT
80217,KOVAČICA,KOVAČICA,КОВАЧИЦА,0.0,0.0,0.0,0.0,0.0,11.320153201789958,72.04999923706055,7,54,2026-08-22T06:00:00Z,2026-08-20T00:00:00Z,0.0,0.0,347.6,60.0,0.0,6.7,7,0.0,0.0,12,12.0,0.0,11.2,0.0,0.0,0.0,0.0,0.0,0.0,0.0,3,0.0,0,0,0,0,GREEN,БЕЗ ЗНАЧАЈНОГ РИЗИКА,NO SIGNIFICANT RISK,HIGH,ECMWF ENS,ECMWF ENS | ICON-EU EPS | GEFS,0.0,3,0.0,0,0,0,0,GREEN,БЕЗ ЗНАЧАЈНОГ РИЗИКА,NO SIGNIFICANT RISK,HIGH,ECMWF ENS,ECMWF ENS | ICON-EU EPS | GEFS,0.0,3,0.0,0,0,0,0,GREEN,БЕЗ ЗНАЧАЈНОГ РИЗИКА,NO SIGNIFICANT RISK,HIGH,ECMWF ENS,ECMWF ENS | ICON-EU EPS | GEFS,0.0,3,0.0,0,0,0,0,GREEN,БЕЗ ЗНАЧАЈНОГ РИЗИКА,NO SIGNIFICANT RISK,HIGH,ECMWF ENS,ECMWF ENS | ICON-EU EPS | GEFS,0,GREEN,БЕЗ ЗНАЧАЈНОГ РИЗИКА,NO SIGNIFICANT RISK,NONE,HIGH,24,2026-08-21T06:00:00+00:00,2026-08-22T06:00:00+00:00,STORMS,EXPERIMENTAL,DEVELOPMENTAL MULTIMODEL SIGNAL - NOT CALIBRATED PROBABILITY,PUBLIC OPEN-DATA SERVICES,INDEPENDENT PROJECT - NOT AN OFFICIAL RHMZ WARNING PRODUCT
80225,KOVIN,KOVIN,КОВИН,0.0,0.0,0.0,0.0,0.0,12.192023981489749,69.1500015258789,11,54,2026-08-22T06:00:00Z,2026-08-20T00:00:00Z,0.0,0.0,81.6,68.6,0.0,7.3,11,0.0,0.0,11,1.0,0.0,14.2,0.0,0.0,0.0,0.0,0.0,0.0,0.0,3,0.0,0,0,0,0,GREEN,БЕЗ ЗНАЧАЈНОГ РИЗИКА,NO SIGNIFICANT RISK,HIGH,ECMWF ENS,ECMWF ENS | ICON-EU EPS | GEFS,0.0,3,0.0,0,0,0,0,GREEN,БЕЗ ЗНАЧАЈНОГ РИЗИКА,NO SIGNIFICANT RISK,HIGH,ECMWF ENS,ECMWF ENS | ICON-EU EPS | GEFS,0.0,3,0.0,0,0,0,0,GREEN,БЕЗ ЗНАЧАЈНОГ РИЗИКА,NO SIGNIFICANT RISK,HIGH,ECMWF ENS,ECMWF ENS | ICON-EU EPS | GEFS,0.0,3,0.0,0,0,0,0,GREEN,БЕЗ ЗНАЧАЈНОГ РИЗИКА,NO SIGNIFICANT RISK,HIGH,ECMWF ENS,ECMWF ENS | ICON-EU EPS | GEFS,0,GREEN,БЕЗ ЗНАЧАЈНОГ РИЗИКА,NO SIGNIFICANT RISK,NONE,HIGH,24,2026-08-21T06:00:00+00:00,2026-08-22T06:00:00+00:00,STORMS,EXPERIMENTAL,DEVELOPMENTAL MULTIMODEL SIGNAL - NOT CALIBRATED PROBABILITY,PUBLIC OPEN-DATA SERVICES,INDEPENDENT PROJECT - NOT AN OFFICIAL RHMZ WARNING PRODUCT
70629,KOSJERIĆ,KOSJERIĆ,КОСЈЕРИЋ,0.0,0.0,0.0,0.0,0.0,13.120879125807011,70.98351669311523,9,54,2026-08-22T06:00:00Z,2026-08-20T00:00:00Z,2.0,0.0,0.5,61.8,0.0,9.0,9,0.0,0.0,11,1.7,0.0,10.5,0.0,0.0,0.0,0.0,0.0,0.0,0.7,3,2.0,0,0,0,0,GREEN,БЕЗ ЗНАЧАЈНОГ РИЗИКА,NO SIGNIFICANT RISK,HIGH,ECMWF ENS,ECMWF ENS | ICON-EU EPS | GEFS,0.0,3,0.0,0,0,0,0,GREEN,БЕЗ ЗНАЧАЈНОГ РИЗИКА,NO SIGNIFICANT RISK,HIGH,ECMWF ENS,ECMWF ENS | ICON-EU EPS | GEFS,0.0,3,0.0,0,0,0,0,GREEN,БЕЗ ЗНАЧАЈНОГ РИЗИКА,NO SIGNIFICANT RISK,HIGH,ECMWF ENS,ECMWF ENS | ICON-EU EPS | GEFS,0.0,3,0.0,0,0,0,0,GREEN,БЕЗ ЗНАЧАЈНОГ РИЗИКА,NO SIGNIFICANT RISK,HIGH,ECMWF ENS,ECMWF ENS | ICON-EU EPS | GEFS,0,GREEN,БЕЗ ЗНАЧАЈНОГ РИЗИКА,NO SIGNIFICANT RISK,NONE,HIGH,24,2026-08-21T06:00:00+00:00,2026-08-22T06:00:00+00:00,STORMS,EXPERIMENTAL,DEVELOPMENTAL MULTIMODEL SIGNAL - NOT CALIBRATED PROBABILITY,PUBLIC OPEN-DATA SERVICES,INDEPENDENT PROJECT - NOT AN OFFICIAL RHMZ WARNING PRODUCT
90131,KOSOVO POLJE,KOSOVO POLJE,КОСОВО ПОЉЕ,0.0,0.0,0.0,0.0,0.0,9.76926694595638,58.60000038146973,6,54,2026-08-22T06:00:00Z,2026-08-20T00:00:00Z,0.0,0.0,0.0,57.9,0.0,8.9,6,0.0,0.0,11,0.0,0.0,8.7,0.0,0.0,0.0,0.0,0.0,0.0,0.0,3,0.0,0,0,0,0,GREEN,БЕЗ ЗНАЧАЈНОГ РИЗИКА,NO SIGNIFICANT RISK,HIGH,ECMWF ENS,ECMWF ENS | ICON-EU EPS | GEFS,0.0,3,0.0,0,0,0,0,GREEN,БЕЗ ЗНАЧАЈНОГ РИЗИКА,NO SIGNIFICANT RISK,HIGH,ECMWF ENS,ECMWF ENS | ICON-EU EPS | GEFS,0.0,3,0.0,0,0,0,0,GREEN,БЕЗ ЗНАЧАЈНОГ РИЗИКА,NO SIGNIFICANT RISK,HIGH,ECMWF ENS,ECMWF ENS | ICON-EU EPS | GEFS,0.0,3,0.0,0,0,0,0,GREEN,БЕЗ ЗНАЧАЈНОГ РИЗИКА,NO SIGNIFICANT RISK,HIGH,ECMWF ENS,ECMWF ENS | ICON-EU EPS | GEFS,0,GREEN,БЕЗ ЗНАЧАЈНОГ РИЗИКА,NO SIGNIFICANT RISK,NONE,HIGH,24,2026-08-21T06:00:00+00:00,2026-08-22T06:00:00+00:00,STORMS,EXPERIMENTAL,DEVELOPMENTAL MULTIMODEL SIGNAL - NOT CALIBRATED PROBABILITY,PUBLIC OPEN-DATA SERVICES,INDEPENDENT PROJECT - NOT AN OFFICIAL RHMZ WARNING PRODUCT
90140,KOSOVSKA KAMENICA,KOSOVSKA KAMENICA,КОСОВСКА КАМЕНИЦА,0.0,0.0,0.0,0.0,0.0,9.688496169397718,60.09999847412109,8,54,2026-08-22T06:00:00Z,2026-08-20T00:00:00Z,0.0,0.0,0.0,48.1,0.0,8.4,8,0.0,0.0,10,0.2,0.0,6.4,0.0,0.0,0.0,0.0,0.0,0.0,0.0,3,0.0,0,0,0,0,GREEN,БЕЗ ЗНАЧАЈНОГ РИЗИКА,NO SIGNIFICANT RISK,HIGH,ECMWF ENS,ECMWF ENS | ICON-EU EPS | GEFS,0.0,3,0.0,0,0,0,0,GREEN,БЕЗ ЗНАЧАЈНОГ РИЗИКА,NO SIGNIFICANT RISK,HIGH,ECMWF ENS,ECMWF ENS | ICON-EU EPS | GEFS,0.0,3,0.0,0,0,0,0,GREEN,БЕЗ ЗНАЧАЈНОГ РИЗИКА,NO SIGNIFICANT RISK,HIGH,ECMWF ENS,ECMWF ENS | ICON-EU EPS | GEFS,0.0,3,0.0,0,0,0,0,GREEN,БЕЗ ЗНАЧАЈНОГ РИЗИКА,NO SIGNIFICANT RISK,HIGH,ECMWF ENS,ECMWF ENS | ICON-EU EPS | GEFS,0,GREEN,БЕЗ ЗНАЧАЈНОГ РИЗИКА,NO SIGNIFICANT RISK,NONE,HIGH,24,2026-08-21T06:00:00+00:00,2026-08-22T06:00:00+00:00,STORMS,EXPERIMENTAL,DEVELOPMENTAL MULTIMODEL SIGNAL - NOT CALIBRATED PROBABILITY,PUBLIC OPEN-DATA SERVICES,INDEPENDENT PROJECT - NOT AN OFFICIAL RHMZ WARNING PRODUCT
90298,KOSOVSKA MITROVICA,KOSOVSKA MITROVICA,КОСОВСКА МИТРОВИЦА,0.0,0.0,0.0,0.0,0.0,11.07748962879984,59.79999923706055,9,54,2026-08-22T06:00:00Z,2026-08-20T00:00:00Z,0.0,0.0,0.0,61.4,0.0,10.9,9,0.0,0.0,13,0.3,0.0,10.2,0.0,0.0,0.0,0.0,0.0,0.0,0.0,3,0.0,0,0,0,0,GREEN,БЕЗ ЗНАЧАЈНОГ РИЗИКА,NO SIGNIFICANT RISK,HIGH,ECMWF ENS,ECMWF ENS | ICON-EU EPS | GEFS,0.0,3,0.0,0,0,0,0,GREEN,БЕЗ ЗНАЧАЈНОГ РИЗИКА,NO SIGNIFICANT RISK,HIGH,ECMWF ENS,ECMWF ENS | ICON-EU EPS | GEFS,0.0,3,0.0,0,0,0,0,GREEN,БЕЗ ЗНАЧАЈНОГ РИЗИКА,NO SIGNIFICANT RISK,HIGH,ECMWF ENS,ECMWF ENS | ICON-EU EPS | GEFS,0.0,3,0.0,0,0,0,0,GREEN,БЕЗ ЗНАЧАЈНОГ РИЗИКА,NO SIGNIFICANT RISK,HIGH,ECMWF ENS,ECMWF ENS | ICON-EU EPS | GEFS,0,GREEN,БЕЗ ЗНАЧАЈНОГ РИЗИКА,NO SIGNIFICANT RISK,NONE,HIGH,24,2026-08-21T06:00:00+00:00,2026-08-22T06:00:00+00:00,STORMS,EXPERIMENTAL,DEVELOPMENTAL MULTIMODEL SIGNAL - NOT CALIBRATED PROBABILITY,PUBLIC OPEN-DATA SERVICES,INDEPENDENT PROJECT - NOT AN OFFICIAL RHMZ WARNING PRODUCT
70637,KOCELJEVA,KOCELJEVA,КОЦЕЉЕВА,0.0,0.0,0.0,0.0,0.0,11.789344474941648,72.33351516723633,8,54,2026-08-22T06:00:00Z,2026-08-20T00:00:00Z,2.0,0.0,0.5,61.8,0.0,9.0,8,0.0,0.0,12,16.9,0.0,10.6,0.0,0.0,0.0,0.0,0.0,0.0,0.7,3,2.0,0,0,0,0,GREEN,БЕЗ ЗНАЧАЈНОГ РИЗИКА,NO SIGNIFICANT RISK,HIGH,ECMWF ENS,ECMWF ENS | ICON-EU EPS | GEFS,0.0,3,0.0,0,0,0,0,GREEN,БЕЗ ЗНАЧАЈНОГ РИЗИКА,NO SIGNIFICANT RISK,HIGH,ECMWF ENS,ECMWF ENS | ICON-EU EPS | GEFS,0.0,3,0.0,0,0,0,0,GREEN,БЕЗ ЗНАЧАЈНОГ РИЗИКА,NO SIGNIFICANT RISK,HIGH,ECMWF ENS,ECMWF ENS | ICON-EU EPS | GEFS,0.0,3,0.0,0,0,0,0,GREEN,БЕЗ ЗНАЧАЈНОГ РИЗИКА,NO SIGNIFICANT RISK,HIGH,ECMWF ENS,ECMWF ENS | ICON-EU EPS | GEFS,0,GREEN,БЕЗ ЗНАЧАЈНОГ РИЗИКА,NO SIGNIFICANT RISK,NONE,HIGH,24,2026-08-21T06:00:00+00:00,2026-08-22T06:00:00+00:00,STORMS,EXPERIMENTAL,DEVELOPMENTAL MULTIMODEL SIGNAL - NOT CALIBRATED PROBABILITY,PUBLIC OPEN-DATA SERVICES,INDEPENDENT PROJECT - NOT AN OFFICIAL RHMZ WARNING PRODUCT
70653,KRALJEVO-GRAD,KRALJEVO-GRAD,КРАЉЕВО-ГРАД,0.0,0.0,0.0,0.0,0.0,13.45109587969598,68.69999694824219,15,54,2026-08-22T06:00:00Z,2026-08-20T00:00:00Z,0.0,0.0,0.0,70.8,0.0,10.2,15,0.0,0.0,11,0.0,0.0,10.8,0.0,0.0,0.0,0.0,0.0,0.0,0.0,3,0.0,0,0,0,0,GREEN,БЕЗ ЗНАЧАЈНОГ РИЗИКА,NO SIGNIFICANT RISK,HIGH,ECMWF ENS,ECMWF ENS | ICON-EU EPS | GEFS,0.0,3,0.0,0,0,0,0,GREEN,БЕЗ ЗНАЧАЈНОГ РИЗИКА,NO SIGNIFICANT RISK,HIGH,ECMWF ENS,ECMWF ENS | ICON-EU EPS | GEFS,0.0,3,0.0,0,0,0,0,GREEN,БЕЗ ЗНАЧАЈНОГ РИЗИКА,NO SIGNIFICANT RISK,HIGH,ECMWF ENS,ECMWF ENS | ICON-EU EPS | GEFS,0.0,3,0.0,0,0,0,0,GREEN,БЕЗ ЗНАЧАЈНОГ РИЗИКА,NO SIGNIFICANT RISK,HIGH,ECMWF ENS,ECMWF ENS | ICON-EU EPS | GEFS,0,GREEN,БЕЗ ЗНАЧАЈНОГ РИЗИКА,NO SIGNIFICANT RISK,NONE,HIGH,24,2026-08-21T06:00:00+00:00,2026-08-22T06:00:00+00:00,STORMS,EXPERIMENTAL,DEVELOPMENTAL MULTIMODEL SIGNAL - NOT CALIBRATED PROBABILITY,PUBLIC OPEN-DATA SERVICES,INDEPENDENT PROJECT - NOT AN OFFICIAL RHMZ WARNING PRODUCT
70645,KRAGUJEVAC-GRAD,KRAGUJEVAC-GRAD,КРАГУЈЕВАЦ-ГРАД,0.0,0.0,0.0,0.0,0.0,14.569758751287369,70.68351364135742,11,54,2026-08-22T06:00:00Z,2026-08-20T00:00:00Z,0.0,0.0,19.1,70.5,0.0,9.1,11,0.0,0.0,12,0.0,0.0,11.3,0.0,0.0,0.0,0.0,0.0,0.0,0.0,3,0.0,0,0,0,0,GREEN,БЕЗ ЗНАЧАЈНОГ РИЗИКА,NO SIGNIFICANT RISK,HIGH,ECMWF ENS,ECMWF ENS | ICON-EU EPS | GEFS,0.0,3,0.0,0,0,0,0,GREEN,БЕЗ ЗНАЧАЈНОГ РИЗИКА,NO SIGNIFICANT RISK,HIGH,ECMWF ENS,ECMWF ENS | ICON-EU EPS | GEFS,0.0,3,0.0,0,0,0,0,GREEN,БЕЗ ЗНАЧАЈНОГ РИЗИКА,NO SIGNIFICANT RISK,HIGH,ECMWF ENS,ECMWF ENS | ICON-EU EPS | GEFS,0.0,3,0.0,0,0,0,0,GREEN,БЕЗ ЗНАЧАЈНОГ РИЗИКА,NO SIGNIFICANT RISK,HIGH,ECMWF ENS,ECMWF ENS | ICON-EU EPS | GEFS,0,GREEN,БЕЗ ЗНАЧАЈНОГ РИЗИКА,NO SIGNIFICANT RISK,NONE,HIGH,24,2026-08-21T06:00:00+00:00,2026-08-22T06:00:00+00:00,STORMS,EXPERIMENTAL,DEVELOPMENTAL MULTIMODEL SIGNAL - NOT CALIBRATED PROBABILITY,PUBLIC OPEN-DATA SERVICES,INDEPENDENT PROJECT - NOT AN OFFICIAL RHMZ WARNING PRODUCT
70661,KRUPANJ,KRUPANJ,КРУПАЊ,0.0,0.0,0.0,0.0,0.0,11.789344474941648,74.15986633300781,8,54,2026-08-22T06:00:00Z,2026-08-20T00:00:00Z,2.0,0.0,0.5,61.8,0.0,9.0,8,0.0,0.0,10,15.7,0.0,10.7,0.0,0.0,0.0,0.0,0.0,0.0,0.7,3,2.0,0,0,0,0,GREEN,БЕЗ ЗНАЧАЈНОГ РИЗИКА,NO SIGNIFICANT RISK,HIGH,ECMWF ENS,ECMWF ENS | ICON-EU EPS | GEFS,0.0,3,0.0,0,0,0,0,GREEN,БЕЗ ЗНАЧАЈНОГ РИЗИКА,NO SIGNIFICANT RISK,HIGH,ECMWF ENS,ECMWF ENS | ICON-EU EPS | GEFS,0.0,3,0.0,0,0,0,0,GREEN,БЕЗ ЗНАЧАЈНОГ РИЗИКА,NO SIGNIFICANT RISK,HIGH,ECMWF ENS,ECMWF ENS | ICON-EU EPS | GEFS,0.0,3,0.0,0,0,0,0,GREEN,БЕЗ ЗНАЧАЈНОГ РИЗИКА,NO SIGNIFICANT RISK,HIGH,ECMWF ENS,ECMWF ENS | ICON-EU EPS | GEFS,0,GREEN,БЕЗ ЗНАЧАЈНОГ РИЗИКА,NO SIGNIFICANT RISK,NONE,HIGH,24,2026-08-21T06:00:00+00:00,2026-08-22T06:00:00+00:00,STORMS,EXPERIMENTAL,DEVELOPMENTAL MULTIMODEL SIGNAL - NOT CALIBRATED PROBABILITY,PUBLIC OPEN-DATA SERVICES,INDEPENDENT PROJECT - NOT AN OFFICIAL RHMZ WARNING PRODUCT
70670,KRUŠEVAC-GRAD,KRUŠEVAC-GRAD,КРУШЕВАЦ-ГРАД,0.0,0.0,0.0,0.0,0.0,13.2094955255037,61.5,12,54,2026-08-22T06:00:00Z,2026-08-20T00:00:00Z,0.0,0.0,14.9,66.2,0.0,11.9,12,0.0,0.0,11,1.1,0.0,10.4,0.0,0.0,0.0,0.0,0.0,0.0,0.0,3,0.0,0,0,0,0,GREEN,БЕЗ ЗНАЧАЈНОГ РИЗИКА,NO SIGNIFICANT RISK,HIGH,ECMWF ENS,ECMWF ENS | ICON-EU EPS | GEFS,0.0,3,0.0,0,0,0,0,GREEN,БЕЗ ЗНАЧАЈНОГ РИЗИКА,NO SIGNIFICANT RISK,HIGH,ECMWF ENS,ECMWF ENS | ICON-EU EPS | GEFS,0.0,3,0.0,0,0,0,0,GREEN,БЕЗ ЗНАЧАЈНОГ РИЗИКА,NO SIGNIFICANT RISK,HIGH,ECMWF ENS,ECMWF ENS | ICON-EU EPS | GEFS,0.0,3,0.0,0,0,0,0,GREEN,БЕЗ ЗНАЧАЈНОГ РИЗИКА,NO SIGNIFICANT RISK,HIGH,ECMWF ENS,ECMWF ENS | ICON-EU EPS | GEFS,0,GREEN,БЕЗ ЗНАЧАЈНОГ РИЗИКА,NO SIGNIFICANT RISK,NONE,HIGH,24,2026-08-21T06:00:00+00:00,2026-08-22T06:00:00+00:00,STORMS,EXPERIMENTAL,DEVELOPMENTAL MULTIMODEL SIGNAL - NOT CALIBRATED PROBABILITY,PUBLIC OPEN-DATA SERVICES,INDEPENDENT PROJECT - NOT AN OFFICIAL RHMZ WARNING PRODUCT
80233,KULA,KULA,КУЛА,0.0,0.0,0.0,0.0,0.0,7.739841879238801,71.9000015258789,8,54,2026-08-22T06:00:00Z,2026-08-20T00:00:00Z,0.0,0.0,0.0,50.7,0.0,7.9,8,0.0,0.0,11,1.5,0.0,7.4,0.0,0.0,0.0,0.0,0.0,0.0,0.0,3,0.0,0,0,0,0,GREEN,БЕЗ ЗНАЧАЈНОГ РИЗИКА,NO SIGNIFICANT RISK,HIGH,ECMWF ENS,ECMWF ENS | ICON-EU EPS | GEFS,0.0,3,0.0,0,0,0,0,GREEN,БЕЗ ЗНАЧАЈНОГ РИЗИКА,NO SIGNIFICANT RISK,HIGH,ECMWF ENS,ECMWF ENS | ICON-EU EPS | GEFS,0.0,3,0.0,0,0,0,0,GREEN,БЕЗ ЗНАЧАЈНОГ РИЗИКА,NO SIGNIFICANT RISK,HIGH,ECMWF ENS,ECMWF ENS | ICON-EU EPS | GEFS,0.0,3,0.0,0,0,0,0,GREEN,БЕЗ ЗНАЧАЈНОГ РИЗИКА,NO SIGNIFICANT RISK,HIGH,ECMWF ENS,ECMWF ENS | ICON-EU EPS | GEFS,0,GREEN,БЕЗ ЗНАЧАЈНОГ РИЗИКА,NO SIGNIFICANT RISK,NONE,HIGH,24,2026-08-21T06:00:00+00:00,2026-08-22T06:00:00+00:00,STORMS,EXPERIMENTAL,DEVELOPMENTAL MULTIMODEL SIGNAL - NOT CALIBRATED PROBABILITY,PUBLIC OPEN-DATA SERVICES,INDEPENDENT PROJECT - NOT AN OFFICIAL RHMZ WARNING PRODUCT
70688,KURŠUMLIJA,KURŠUMLIJA,КУРШУМЛИЈА,0.0,0.0,0.0,0.0,0.0,11.07748962879984,60.93740272521973,11,54,2026-08-22T06:00:00Z,2026-08-20T00:00:00Z,0.0,0.0,0.0,61.8,0.0,10.3,11,0.0,0.0,12,0.3,0.0,10.5,0.0,0.0,0.0,0.0,0.0,0.0,0.0,3,0.0,0,0,0,0,GREEN,БЕЗ ЗНАЧАЈНОГ РИЗИКА,NO SIGNIFICANT RISK,HIGH,ECMWF ENS,ECMWF ENS | ICON-EU EPS | GEFS,0.0,3,0.0,0,0,0,0,GREEN,БЕЗ ЗНАЧАЈНОГ РИЗИКА,NO SIGNIFICANT RISK,HIGH,ECMWF ENS,ECMWF ENS | ICON-EU EPS | GEFS,0.0,3,0.0,0,0,0,0,GREEN,БЕЗ ЗНАЧАЈНОГ РИЗИКА,NO SIGNIFICANT RISK,HIGH,ECMWF ENS,ECMWF ENS | ICON-EU EPS | GEFS,0.0,3,0.0,0,0,0,0,GREEN,БЕЗ ЗНАЧАЈНОГ РИЗИКА,NO SIGNIFICANT RISK,HIGH,ECMWF ENS,ECMWF ENS | ICON-EU EPS | GEFS,0,GREEN,БЕЗ ЗНАЧАЈНОГ РИЗИКА,NO SIGNIFICANT RISK,NONE,HIGH,24,2026-08-21T06:00:00+00:00,2026-08-22T06:00:00+00:00,STORMS,EXPERIMENTAL,DEVELOPMENTAL MULTIMODEL SIGNAL - NOT CALIBRATED PROBABILITY,PUBLIC OPEN-DATA SERVICES,INDEPENDENT PROJECT - NOT AN OFFICIAL RHMZ WARNING PRODUCT
70696,KUČEVO,KUČEVO,КУЧЕВО,0.0,0.0,0.0,0.0,0.0,14.69889675892258,63.04999923706055,11,54,2026-08-22T06:00:00Z,2026-08-20T00:00:00Z,0.0,0.0,4.2,65.5,0.0,12.1,11,0.0,0.0,11,2.0,0.0,12.5,0.0,0.0,0.0,0.0,0.0,0.0,0.0,3,0.0,0,0,0,0,GREEN,БЕЗ ЗНАЧАЈНОГ РИЗИКА,NO SIGNIFICANT RISK,HIGH,ECMWF ENS,ECMWF ENS | ICON-EU EPS | GEFS,0.0,3,0.0,0,0,0,0,GREEN,БЕЗ ЗНАЧАЈНОГ РИЗИКА,NO SIGNIFICANT RISK,HIGH,ECMWF ENS,ECMWF ENS | ICON-EU EPS | GEFS,0.0,3,0.0,0,0,0,0,GREEN,БЕЗ ЗНАЧАЈНОГ РИЗИКА,NO SIGNIFICANT RISK,HIGH,ECMWF ENS,ECMWF ENS | ICON-EU EPS | GEFS,0.0,3,0.0,0,0,0,0,GREEN,БЕЗ ЗНАЧАЈНОГ РИЗИКА,NO SIGNIFICANT RISK,HIGH,ECMWF ENS,ECMWF ENS | ICON-EU EPS | GEFS,0,GREEN,БЕЗ ЗНАЧАЈНОГ РИЗИКА,NO SIGNIFICANT RISK,NONE,HIGH,24,2026-08-21T06:00:00+00:00,2026-08-22T06:00:00+00:00,STORMS,EXPERIMENTAL,DEVELOPMENTAL MULTIMODEL SIGNAL - NOT CALIBRATED PROBABILITY,PUBLIC OPEN-DATA SERVICES,INDEPENDENT PROJECT - NOT AN OFFICIAL RHMZ WARNING PRODUCT
70700,LAJKOVAC,LAJKOVAC,ЛАЈКОВАЦ,0.0,0.0,0.0,0.0,0.0,11.789111070761,71.80000305175781,6,54,2026-08-22T06:00:00Z,2026-08-20T00:00:00Z,2.0,0.0,0.4,67.0,0.0,8.6,6,0.0,0.0,11,0.0,0.0,9.7,0.0,0.0,0.0,0.0,0.0,0.0,0.7,3,2.0,0,0,0,0,GREEN,БЕЗ ЗНАЧАЈНОГ РИЗИКА,NO SIGNIFICANT RISK,HIGH,ECMWF ENS,ECMWF ENS | ICON-EU EPS | GEFS,0.0,3,0.0,0,0,0,0,GREEN,БЕЗ ЗНАЧАЈНОГ РИЗИКА,NO SIGNIFICANT RISK,HIGH,ECMWF ENS,ECMWF ENS | ICON-EU EPS | GEFS,0.0,3,0.0,0,0,0,0,GREEN,БЕЗ ЗНАЧАЈНОГ РИЗИКА,NO SIGNIFICANT RISK,HIGH,ECMWF ENS,ECMWF ENS | ICON-EU EPS | GEFS,0.0,3,0.0,0,0,0,0,GREEN,БЕЗ ЗНАЧАЈНОГ РИЗИКА,NO SIGNIFICANT RISK,HIGH,ECMWF ENS,ECMWF ENS | ICON-EU EPS | GEFS,0,GREEN,БЕЗ ЗНАЧАЈНОГ РИЗИКА,NO SIGNIFICANT RISK,NONE,HIGH,24,2026-08-21T06:00:00+00:00,2026-08-22T06:00:00+00:00,STORMS,EXPERIMENTAL,DEVELOPMENTAL MULTIMODEL SIGNAL - NOT CALIBRATED PROBABILITY,PUBLIC OPEN-DATA SERVICES,INDEPENDENT PROJECT - NOT AN OFFICIAL RHMZ WARNING PRODUCT
71277,LAPOVO,LAPOVO,ЛАПОВО,0.0,0.0,0.0,0.0,0.0,14.569758751287369,66.15851306915283,5,54,2026-08-22T06:00:00Z,2026-08-20T00:00:00Z,0.0,0.0,0.0,72.2,0.0,9.6,5,0.0,0.0,10,1.1,0.0,11.7,0.0,0.0,0.0,0.0,0.0,0.0,0.0,3,0.0,0,0,0,0,GREEN,БЕЗ ЗНАЧАЈНОГ РИЗИКА,NO SIGNIFICANT RISK,HIGH,ECMWF ENS,ECMWF ENS | ICON-EU EPS | GEFS,0.0,3,0.0,0,0,0,0,GREEN,БЕЗ ЗНАЧАЈНОГ РИЗИКА,NO SIGNIFICANT RISK,HIGH,ECMWF ENS,ECMWF ENS | ICON-EU EPS | GEFS,0.0,3,0.0,0,0,0,0,GREEN,БЕЗ ЗНАЧАЈНОГ РИЗИКА,NO SIGNIFICANT RISK,HIGH,ECMWF ENS,ECMWF ENS | ICON-EU EPS | GEFS,0.0,3,0.0,0,0,0,0,GREEN,БЕЗ ЗНАЧАЈНОГ РИЗИКА,NO SIGNIFICANT RISK,HIGH,ECMWF ENS,ECMWF ENS | ICON-EU EPS | GEFS,0,GREEN,БЕЗ ЗНАЧАЈНОГ РИЗИКА,NO SIGNIFICANT RISK,NONE,HIGH,24,2026-08-21T06:00:00+00:00,2026-08-22T06:00:00+00:00,STORMS,EXPERIMENTAL,DEVELOPMENTAL MULTIMODEL SIGNAL - NOT CALIBRATED PROBABILITY,PUBLIC OPEN-DATA SERVICES,INDEPENDENT PROJECT - NOT AN OFFICIAL RHMZ WARNING PRODUCT
70718,LEBANE,LEBANE,ЛЕБАНЕ,0.0,0.0,0.0,0.0,0.0,11.002569487259404,60.09999847412109,8,54,2026-08-22T06:00:00Z,2026-08-20T00:00:00Z,0.0,0.0,0.0,52.4,0.0,9.8,8,0.0,0.0,11,0.7,0.0,8.7,0.0,0.0,0.0,0.0,0.0,0.0,0.0,3,0.0,0,0,0,0,GREEN,БЕЗ ЗНАЧАЈНОГ РИЗИКА,NO SIGNIFICANT RISK,HIGH,ECMWF ENS,ECMWF ENS | ICON-EU EPS | GEFS,0.0,3,0.0,0,0,0,0,GREEN,БЕЗ ЗНАЧАЈНОГ РИЗИКА,NO SIGNIFICANT RISK,HIGH,ECMWF ENS,ECMWF ENS | ICON-EU EPS | GEFS,0.0,3,0.0,0,0,0,0,GREEN,БЕЗ ЗНАЧАЈНОГ РИЗИКА,NO SIGNIFICANT RISK,HIGH,ECMWF ENS,ECMWF ENS | ICON-EU EPS | GEFS,0.0,3,0.0,0,0,0,0,GREEN,БЕЗ ЗНАЧАЈНОГ РИЗИКА,NO SIGNIFICANT RISK,HIGH,ECMWF ENS,ECMWF ENS | ICON-EU EPS | GEFS,0,GREEN,БЕЗ ЗНАЧАЈНОГ РИЗИКА,NO SIGNIFICANT RISK,NONE,HIGH,24,2026-08-21T06:00:00+00:00,2026-08-22T06:00:00+00:00,STORMS,EXPERIMENTAL,DEVELOPMENTAL MULTIMODEL SIGNAL - NOT CALIBRATED PROBABILITY,PUBLIC OPEN-DATA SERVICES,INDEPENDENT PROJECT - NOT AN OFFICIAL RHMZ WARNING PRODUCT
90158,LEPOSAVIĆ,LEPOSAVIĆ,ЛЕПОСАВИЋ,0.0,0.0,0.0,0.0,0.0,11.07748962879984,62.64999961853027,7,54,2026-08-22T06:00:00Z,2026-08-20T00:00:00Z,0.0,0.0,0.0,63.7,0.0,9.7,7,0.0,0.0,12,0.0,0.0,10.7,0.0,0.0,0.0,0.0,0.0,0.0,0.0,3,0.0,0,0,0,0,GREEN,БЕЗ ЗНАЧАЈНОГ РИЗИКА,NO SIGNIFICANT RISK,HIGH,ECMWF ENS,ECMWF ENS | ICON-EU EPS | GEFS,0.0,3,0.0,0,0,0,0,GREEN,БЕЗ ЗНАЧАЈНОГ РИЗИКА,NO SIGNIFICANT RISK,HIGH,ECMWF ENS,ECMWF ENS | ICON-EU EPS | GEFS,0.0,3,0.0,0,0,0,0,GREEN,БЕЗ ЗНАЧАЈНОГ РИЗИКА,NO SIGNIFICANT RISK,HIGH,ECMWF ENS,ECMWF ENS | ICON-EU EPS | GEFS,0.0,3,0.0,0,0,0,0,GREEN,БЕЗ ЗНАЧАЈНОГ РИЗИКА,NO SIGNIFICANT RISK,HIGH,ECMWF ENS,ECMWF ENS | ICON-EU EPS | GEFS,0,GREEN,БЕЗ ЗНАЧАЈНОГ РИЗИКА,NO SIGNIFICANT RISK,NONE,HIGH,24,2026-08-21T06:00:00+00:00,2026-08-22T06:00:00+00:00,STORMS,EXPERIMENTAL,DEVELOPMENTAL MULTIMODEL SIGNAL - NOT CALIBRATED PROBABILITY,PUBLIC OPEN-DATA SERVICES,INDEPENDENT PROJECT - NOT AN OFFICIAL RHMZ WARNING PRODUCT
70726,LESKOVAC-GRAD,LESKOVAC-GRAD,ЛЕСКОВАЦ-ГРАД,0.0,0.0,0.0,0.0,0.0,11.042540153778432,60.09999847412109,13,54,2026-08-22T06:00:00Z,2026-08-20T00:00:00Z,0.0,0.0,0.0,44.7,0.0,9.8,13,0.0,0.0,12,0.9,0.0,8.0,0.0,0.0,0.0,0.0,0.0,0.0,0.0,3,0.0,0,0,0,0,GREEN,БЕЗ ЗНАЧАЈНОГ РИЗИКА,NO SIGNIFICANT RISK,HIGH,ECMWF ENS,ECMWF ENS | ICON-EU EPS | GEFS,0.0,3,0.0,0,0,0,0,GREEN,БЕЗ ЗНАЧАЈНОГ РИЗИКА,NO SIGNIFICANT RISK,HIGH,ECMWF ENS,ECMWF ENS | ICON-EU EPS | GEFS,0.0,3,0.0,0,0,0,0,GREEN,БЕЗ ЗНАЧАЈНОГ РИЗИКА,NO SIGNIFICANT RISK,HIGH,ECMWF ENS,ECMWF ENS | ICON-EU EPS | GEFS,0.0,3,0.0,0,0,0,0,GREEN,БЕЗ ЗНАЧАЈНОГ РИЗИКА,NO SIGNIFICANT RISK,HIGH,ECMWF ENS,ECMWF ENS | ICON-EU EPS | GEFS,0,GREEN,БЕЗ ЗНАЧАЈНОГ РИЗИКА,NO SIGNIFICANT RISK,NONE,HIGH,24,2026-08-21T06:00:00+00:00,2026-08-22T06:00:00+00:00,STORMS,EXPERIMENTAL,DEVELOPMENTAL MULTIMODEL SIGNAL - NOT CALIBRATED PROBABILITY,PUBLIC OPEN-DATA SERVICES,INDEPENDENT PROJECT - NOT AN OFFICIAL RHMZ WARNING PRODUCT
90166,LIPLJAN,LIPLJAN,ЛИПЉАН,0.0,0.0,0.0,0.0,0.0,9.76926694595638,58.968040466308594,9,54,2026-08-22T06:00:00Z,2026-08-20T00:00:00Z,0.0,0.0,0.0,54.3,0.0,8.7,9,0.0,0.0,11,0.2,0.0,7.6,0.0,0.0,0.0,0.0,0.0,0.0,0.0,3,0.0,0,0,0,0,GREEN,БЕЗ ЗНАЧАЈНОГ РИЗИКА,NO SIGNIFICANT RISK,HIGH,ECMWF ENS,ECMWF ENS | ICON-EU EPS | GEFS,0.0,3,0.0,0,0,0,0,GREEN,БЕЗ ЗНАЧАЈНОГ РИЗИКА,NO SIGNIFICANT RISK,HIGH,ECMWF ENS,ECMWF ENS | ICON-EU EPS | GEFS,0.0,3,0.0,0,0,0,0,GREEN,БЕЗ ЗНАЧАЈНОГ РИЗИКА,NO SIGNIFICANT RISK,HIGH,ECMWF ENS,ECMWF ENS | ICON-EU EPS | GEFS,0.0,3,0.0,0,0,0,0,GREEN,БЕЗ ЗНАЧАЈНОГ РИЗИКА,NO SIGNIFICANT RISK,HIGH,ECMWF ENS,ECMWF ENS | ICON-EU EPS | GEFS,0,GREEN,БЕЗ ЗНАЧАЈНОГ РИЗИКА,NO SIGNIFICANT RISK,NONE,HIGH,24,2026-08-21T06:00:00+00:00,2026-08-22T06:00:00+00:00,STORMS,EXPERIMENTAL,DEVELOPMENTAL MULTIMODEL SIGNAL - NOT CALIBRATED PROBABILITY,PUBLIC OPEN-DATA SERVICES,INDEPENDENT PROJECT - NOT AN OFFICIAL RHMZ WARNING PRODUCT
70734,LOZNICA-GRAD,LOZNICA-GRAD,ЛОЗНИЦА-ГРАД,0.0,0.0,0.0,0.0,0.0,11.789344474941648,74.15986633300781,9,54,2026-08-22T06:00:00Z,2026-08-20T00:00:00Z,2.0,0.0,0.5,61.8,0.0,9.0,9,0.0,0.0,10,10.2,0.0,10.8,0.0,0.0,0.0,0.0,0.0,0.0,0.7,3,2.0,0,0,0,0,GREEN,БЕЗ ЗНАЧАЈНОГ РИЗИКА,NO SIGNIFICANT RISK,HIGH,ECMWF ENS,ECMWF ENS | ICON-EU EPS | GEFS,0.0,3,0.0,0,0,0,0,GREEN,БЕЗ ЗНАЧАЈНОГ РИЗИКА,NO SIGNIFICANT RISK,HIGH,ECMWF ENS,ECMWF ENS | ICON-EU EPS | GEFS,0.0,3,0.0,0,0,0,0,GREEN,БЕЗ ЗНАЧАЈНОГ РИЗИКА,NO SIGNIFICANT RISK,HIGH,ECMWF ENS,ECMWF ENS | ICON-EU EPS | GEFS,0.0,3,0.0,0,0,0,0,GREEN,БЕЗ ЗНАЧАЈНОГ РИЗИКА,NO SIGNIFICANT RISK,HIGH,ECMWF ENS,ECMWF ENS | ICON-EU EPS | GEFS,0,GREEN,БЕЗ ЗНАЧАЈНОГ РИЗИКА,NO SIGNIFICANT RISK,NONE,HIGH,24,2026-08-21T06:00:00+00:00,2026-08-22T06:00:00+00:00,STORMS,EXPERIMENTAL,DEVELOPMENTAL MULTIMODEL SIGNAL - NOT CALIBRATED PROBABILITY,PUBLIC OPEN-DATA SERVICES,INDEPENDENT PROJECT - NOT AN OFFICIAL RHMZ WARNING PRODUCT
70742,LUČANI,LUČANI,ЛУЧАНИ,0.0,0.0,0.0,0.0,0.0,12.972172846173258,70.0,10,54,2026-08-22T06:00:00Z,2026-08-20T00:00:00Z,0.0,0.0,8.5,69.3,0.0,9.8,10,0.0,0.0,10,1.1,0.0,9.9,0.0,0.0,0.0,0.0,0.0,0.0,0.0,3,0.0,0,0,0,0,GREEN,БЕЗ ЗНАЧАЈНОГ РИЗИКА,NO SIGNIFICANT RISK,HIGH,ECMWF ENS,ECMWF ENS | ICON-EU EPS | GEFS,0.0,3,0.0,0,0,0,0,GREEN,БЕЗ ЗНАЧАЈНОГ РИЗИКА,NO SIGNIFICANT RISK,HIGH,ECMWF ENS,ECMWF ENS | ICON-EU EPS | GEFS,0.0,3,0.0,0,0,0,0,GREEN,БЕЗ ЗНАЧАЈНОГ РИЗИКА,NO SIGNIFICANT RISK,HIGH,ECMWF ENS,ECMWF ENS | ICON-EU EPS | GEFS,0.0,3,0.0,0,0,0,0,GREEN,БЕЗ ЗНАЧАЈНОГ РИЗИКА,NO SIGNIFICANT RISK,HIGH,ECMWF ENS,ECMWF ENS | ICON-EU EPS | GEFS,0,GREEN,БЕЗ ЗНАЧАЈНОГ РИЗИКА,NO SIGNIFICANT RISK,NONE,HIGH,24,2026-08-21T06:00:00+00:00,2026-08-22T06:00:00+00:00,STORMS,EXPERIMENTAL,DEVELOPMENTAL MULTIMODEL SIGNAL - NOT CALIBRATED PROBABILITY,PUBLIC OPEN-DATA SERVICES,INDEPENDENT PROJECT - NOT AN OFFICIAL RHMZ WARNING PRODUCT
70785,MAJDANPEK,MAJDANPEK,МАЈДАНПЕК,0.0,0.0,0.0,0.0,0.0,13.752097220103195,61.29315376281738,12,54,2026-08-22T06:00:00Z,2026-08-20T00:00:00Z,0.0,0.0,0.1,58.1,0.0,12.4,12,0.0,0.0,12,1.6,0.0,10.6,0.0,0.0,0.0,0.0,0.0,0.0,0.0,3,0.0,0,0,0,0,GREEN,БЕЗ ЗНАЧАЈНОГ РИЗИКА,NO SIGNIFICANT RISK,HIGH,ECMWF ENS,ECMWF ENS | ICON-EU EPS | GEFS,0.0,3,0.0,0,0,0,0,GREEN,БЕЗ ЗНАЧАЈНОГ РИЗИКА,NO SIGNIFICANT RISK,HIGH,ECMWF ENS,ECMWF ENS | ICON-EU EPS | GEFS,0.0,3,0.0,0,0,0,0,GREEN,БЕЗ ЗНАЧАЈНОГ РИЗИКА,NO SIGNIFICANT RISK,HIGH,ECMWF ENS,ECMWF ENS | ICON-EU EPS | GEFS,0.0,3,0.0,0,0,0,0,GREEN,БЕЗ ЗНАЧАЈНОГ РИЗИКА,NO SIGNIFICANT RISK,HIGH,ECMWF ENS,ECMWF ENS | ICON-EU EPS | GEFS,0,GREEN,БЕЗ ЗНАЧАЈНОГ РИЗИКА,NO SIGNIFICANT RISK,NONE,HIGH,24,2026-08-21T06:00:00+00:00,2026-08-22T06:00:00+00:00,STORMS,EXPERIMENTAL,DEVELOPMENTAL MULTIMODEL SIGNAL - NOT CALIBRATED PROBABILITY,PUBLIC OPEN-DATA SERVICES,INDEPENDENT PROJECT - NOT AN OFFICIAL RHMZ WARNING PRODUCT
70793,MALI ZVORNIK,MALI ZVORNIK,МАЛИ ЗВОРНИК,0.0,0.0,0.0,0.0,0.0,11.789344474941648,74.15986633300781,6,54,2026-08-22T06:00:00Z,2026-08-20T00:00:00Z,2.0,0.0,0.5,61.8,0.0,9.0,6,0.0,0.0,12,60.9,0.0,10.1,0.0,0.0,0.0,0.0,0.0,0.0,0.7,3,2.0,0,0,0,0,GREEN,БЕЗ ЗНАЧАЈНОГ РИЗИКА,NO SIGNIFICANT RISK,HIGH,ECMWF ENS,ECMWF ENS | ICON-EU EPS | GEFS,0.0,3,0.0,0,0,0,0,GREEN,БЕЗ ЗНАЧАЈНОГ РИЗИКА,NO SIGNIFICANT RISK,HIGH,ECMWF ENS,ECMWF ENS | ICON-EU EPS | GEFS,0.0,3,0.0,0,0,0,0,GREEN,БЕЗ ЗНАЧАЈНОГ РИЗИКА,NO SIGNIFICANT RISK,HIGH,ECMWF ENS,ECMWF ENS | ICON-EU EPS | GEFS,0.0,3,0.0,0,0,0,0,GREEN,БЕЗ ЗНАЧАЈНОГ РИЗИКА,NO SIGNIFICANT RISK,HIGH,ECMWF ENS,ECMWF ENS | ICON-EU EPS | GEFS,0,GREEN,БЕЗ ЗНАЧАЈНОГ РИЗИКА,NO SIGNIFICANT RISK,NONE,HIGH,24,2026-08-21T06:00:00+00:00,2026-08-22T06:00:00+00:00,STORMS,EXPERIMENTAL,DEVELOPMENTAL MULTIMODEL SIGNAL - NOT CALIBRATED PROBABILITY,PUBLIC OPEN-DATA SERVICES,INDEPENDENT PROJECT - NOT AN OFFICIAL RHMZ WARNING PRODUCT
80241,MALI IĐOŠ,MALI IĐOŠ,МАЛИ ИЂОШ,0.0,0.0,0.0,0.0,0.0,7.927916284167638,72.9000015258789,6,54,2026-08-22T06:00:00Z,2026-08-20T00:00:00Z,0.0,0.0,70.4,51.3,0.0,7.3,6,0.0,0.0,11,1.8,0.0,7.5,0.0,0.0,0.0,0.0,0.0,0.0,0.0,3,0.0,0,0,0,0,GREEN,БЕЗ ЗНАЧАЈНОГ РИЗИКА,NO SIGNIFICANT RISK,HIGH,ECMWF ENS,ECMWF ENS | ICON-EU EPS | GEFS,0.0,3,0.0,0,0,0,0,GREEN,БЕЗ ЗНАЧАЈНОГ РИЗИКА,NO SIGNIFICANT RISK,HIGH,ECMWF ENS,ECMWF ENS | ICON-EU EPS | GEFS,0.0,3,0.0,0,0,0,0,GREEN,БЕЗ ЗНАЧАЈНОГ РИЗИКА,NO SIGNIFICANT RISK,HIGH,ECMWF ENS,ECMWF ENS | ICON-EU EPS | GEFS,0.0,3,0.0,0,0,0,0,GREEN,БЕЗ ЗНАЧАЈНОГ РИЗИКА,NO SIGNIFICANT RISK,HIGH,ECMWF ENS,ECMWF ENS | ICON-EU EPS | GEFS,0,GREEN,БЕЗ ЗНАЧАЈНОГ РИЗИКА,NO SIGNIFICANT RISK,NONE,HIGH,24,2026-08-21T06:00:00+00:00,2026-08-22T06:00:00+00:00,STORMS,EXPERIMENTAL,DEVELOPMENTAL MULTIMODEL SIGNAL - NOT CALIBRATED PROBABILITY,PUBLIC OPEN-DATA SERVICES,INDEPENDENT PROJECT - NOT AN OFFICIAL RHMZ WARNING PRODUCT
70807,MALO CRNIĆE,MALO CRNIĆE,МАЛО ЦРНИЋЕ,0.0,0.0,0.0,0.0,0.0,14.109174784771222,67.04999923706055,8,54,2026-08-22T06:00:00Z,2026-08-20T00:00:00Z,0.0,0.0,46.8,69.4,0.0,8.6,8,0.0,0.0,13,1.9,0.0,13.6,0.0,0.0,0.0,0.0,0.0,0.0,0.0,3,0.0,0,0,0,0,GREEN,БЕЗ ЗНАЧАЈНОГ РИЗИКА,NO SIGNIFICANT RISK,HIGH,ECMWF ENS,ECMWF ENS | ICON-EU EPS | GEFS,0.0,3,0.0,0,0,0,0,GREEN,БЕЗ ЗНАЧАЈНОГ РИЗИКА,NO SIGNIFICANT RISK,HIGH,ECMWF ENS,ECMWF ENS | ICON-EU EPS | GEFS,0.0,3,0.0,0,0,0,0,GREEN,БЕЗ ЗНАЧАЈНОГ РИЗИКА,NO SIGNIFICANT RISK,HIGH,ECMWF ENS,ECMWF ENS | ICON-EU EPS | GEFS,0.0,3,0.0,0,0,0,0,GREEN,БЕЗ ЗНАЧАЈНОГ РИЗИКА,NO SIGNIFICANT RISK,HIGH,ECMWF ENS,ECMWF ENS | ICON-EU EPS | GEFS,0,GREEN,БЕЗ ЗНАЧАЈНОГ РИЗИКА,NO SIGNIFICANT RISK,NONE,HIGH,24,2026-08-21T06:00:00+00:00,2026-08-22T06:00:00+00:00,STORMS,EXPERIMENTAL,DEVELOPMENTAL MULTIMODEL SIGNAL - NOT CALIBRATED PROBABILITY,PUBLIC OPEN-DATA SERVICES,INDEPENDENT PROJECT - NOT AN OFFICIAL RHMZ WARNING PRODUCT
70815,MEDVEĐA,MEDVEĐA,МЕДВЕЂА,0.0,0.0,0.0,0.0,0.0,11.002569487259404,60.09999847412109,9,54,2026-08-22T06:00:00Z,2026-08-20T00:00:00Z,0.0,0.0,0.0,52.4,0.0,9.8,9,0.0,0.0,12,0.4,0.0,8.9,0.0,0.0,0.0,0.0,0.0,0.0,0.0,3,0.0,0,0,0,0,GREEN,БЕЗ ЗНАЧАЈНОГ РИЗИКА,NO SIGNIFICANT RISK,HIGH,ECMWF ENS,ECMWF ENS | ICON-EU EPS | GEFS,0.0,3,0.0,0,0,0,0,GREEN,БЕЗ ЗНАЧАЈНОГ РИЗИКА,NO SIGNIFICANT RISK,HIGH,ECMWF ENS,ECMWF ENS | ICON-EU EPS | GEFS,0.0,3,0.0,0,0,0,0,GREEN,БЕЗ ЗНАЧАЈНОГ РИЗИКА,NO SIGNIFICANT RISK,HIGH,ECMWF ENS,ECMWF ENS | ICON-EU EPS | GEFS,0.0,3,0.0,0,0,0,0,GREEN,БЕЗ ЗНАЧАЈНОГ РИЗИКА,NO SIGNIFICANT RISK,HIGH,ECMWF ENS,ECMWF ENS | ICON-EU EPS | GEFS,0,GREEN,БЕЗ ЗНАЧАЈНОГ РИЗИКА,NO SIGNIFICANT RISK,NONE,HIGH,24,2026-08-21T06:00:00+00:00,2026-08-22T06:00:00+00:00,STORMS,EXPERIMENTAL,DEVELOPMENTAL MULTIMODEL SIGNAL - NOT CALIBRATED PROBABILITY,PUBLIC OPEN-DATA SERVICES,INDEPENDENT PROJECT - NOT AN OFFICIAL RHMZ WARNING PRODUCT
70823,MEROŠINA,MEROŠINA,МЕРОШИНА,0.0,0.0,0.0,0.0,0.0,11.98947798800988,60.29999923706055,6,54,2026-08-22T06:00:00Z,2026-08-20T00:00:00Z,0.0,0.0,0.0,51.1,0.0,11.6,6,0.0,0.0,14,1.5,0.0,10.0,0.0,0.0,0.0,0.0,0.0,0.0,0.0,3,0.0,0,0,0,0,GREEN,БЕЗ ЗНАЧАЈНОГ РИЗИКА,NO SIGNIFICANT RISK,HIGH,ECMWF ENS,ECMWF ENS | ICON-EU EPS | GEFS,0.0,3,0.0,0,0,0,0,GREEN,БЕЗ ЗНАЧАЈНОГ РИЗИКА,NO SIGNIFICANT RISK,HIGH,ECMWF ENS,ECMWF ENS | ICON-EU EPS | GEFS,0.0,3,0.0,0,0,0,0,GREEN,БЕЗ ЗНАЧАЈНОГ РИЗИКА,NO SIGNIFICANT RISK,HIGH,ECMWF ENS,ECMWF ENS | ICON-EU EPS | GEFS,0.0,3,0.0,0,0,0,0,GREEN,БЕЗ ЗНАЧАЈНОГ РИЗИКА,NO SIGNIFICANT RISK,HIGH,ECMWF ENS,ECMWF ENS | ICON-EU EPS | GEFS,0,GREEN,БЕЗ ЗНАЧАЈНОГ РИЗИКА,NO SIGNIFICANT RISK,NONE,HIGH,24,2026-08-21T06:00:00+00:00,2026-08-22T06:00:00+00:00,STORMS,EXPERIMENTAL,DEVELOPMENTAL MULTIMODEL SIGNAL - NOT CALIBRATED PROBABILITY,PUBLIC OPEN-DATA SERVICES,INDEPENDENT PROJECT - NOT AN OFFICIAL RHMZ WARNING PRODUCT
70831,MIONICA,MIONICA,МИОНИЦА,0.0,0.0,0.0,0.0,0.0,12.6234639593738,71.80000305175781,9,54,2026-08-22T06:00:00Z,2026-08-20T00:00:00Z,2.0,0.0,0.4,67.0,0.0,8.6,9,0.0,0.0,13,0.8,0.0,10.6,0.0,0.0,0.0,0.0,0.0,0.0,0.7,3,2.0,0,0,0,0,GREEN,БЕЗ ЗНАЧАЈНОГ РИЗИКА,NO SIGNIFICANT RISK,HIGH,ECMWF ENS,ECMWF ENS | ICON-EU EPS | GEFS,0.0,3,0.0,0,0,0,0,GREEN,БЕЗ ЗНАЧАЈНОГ РИЗИКА,NO SIGNIFICANT RISK,HIGH,ECMWF ENS,ECMWF ENS | ICON-EU EPS | GEFS,0.0,3,0.0,0,0,0,0,GREEN,БЕЗ ЗНАЧАЈНОГ РИЗИКА,NO SIGNIFICANT RISK,HIGH,ECMWF ENS,ECMWF ENS | ICON-EU EPS | GEFS,0.0,3,0.0,0,0,0,0,GREEN,БЕЗ ЗНАЧАЈНОГ РИЗИКА,NO SIGNIFICANT RISK,HIGH,ECMWF ENS,ECMWF ENS | ICON-EU EPS | GEFS,0,GREEN,БЕЗ ЗНАЧАЈНОГ РИЗИКА,NO SIGNIFICANT RISK,NONE,HIGH,24,2026-08-21T06:00:00+00:00,2026-08-22T06:00:00+00:00,STORMS,EXPERIMENTAL,DEVELOPMENTAL MULTIMODEL SIGNAL - NOT CALIBRATED PROBABILITY,PUBLIC OPEN-DATA SERVICES,INDEPENDENT PROJECT - NOT AN OFFICIAL RHMZ WARNING PRODUCT
70840,NEGOTIN,NEGOTIN,НЕГОТИН,0.0,0.0,0.0,0.0,0.0,13.752097220103195,60.89999961853027,11,54,2026-08-22T06:00:00Z,2026-08-20T00:00:00Z,0.0,0.0,13.6,55.4,0.0,13.0,11,0.0,0.0,9,1.1,0.0,8.6,0.0,0.0,0.0,0.0,0.0,0.0,0.0,3,0.0,0,0,0,0,GREEN,БЕЗ ЗНАЧАЈНОГ РИЗИКА,NO SIGNIFICANT RISK,HIGH,ECMWF ENS,ECMWF ENS | ICON-EU EPS | GEFS,0.0,3,0.0,0,0,0,0,GREEN,БЕЗ ЗНАЧАЈНОГ РИЗИКА,NO SIGNIFICANT RISK,HIGH,ECMWF ENS,ECMWF ENS | ICON-EU EPS | GEFS,0.0,3,0.0,0,0,0,0,GREEN,БЕЗ ЗНАЧАЈНОГ РИЗИКА,NO SIGNIFICANT RISK,HIGH,ECMWF ENS,ECMWF ENS | ICON-EU EPS | GEFS,0.0,3,0.0,0,0,0,0,GREEN,БЕЗ ЗНАЧАЈНОГ РИЗИКА,NO SIGNIFICANT RISK,HIGH,ECMWF ENS,ECMWF ENS | ICON-EU EPS | GEFS,0,GREEN,БЕЗ ЗНАЧАЈНОГ РИЗИКА,NO SIGNIFICANT RISK,NONE,HIGH,24,2026-08-21T06:00:00+00:00,2026-08-22T06:00:00+00:00,STORMS,EXPERIMENTAL,DEVELOPMENTAL MULTIMODEL SIGNAL - NOT CALIBRATED PROBABILITY,PUBLIC OPEN-DATA SERVICES,INDEPENDENT PROJECT - NOT AN OFFICIAL RHMZ WARNING PRODUCT
71331,NIŠ-MEDIANA,NIŠ-MEDIANA,НИШ-МЕДИАНА,0.0,0.0,0.0,0.0,0.0,11.88969780187437,60.29999923706055,5,54,2026-08-22T06:00:00Z,2026-08-20T00:00:00Z,0.0,0.0,0.0,48.1,0.0,10.3,5,0.0,0.0,12,1.5,0.0,9.1,0.0,0.0,0.0,0.0,0.0,0.0,0.0,3,0.0,0,0,0,0,GREEN,БЕЗ ЗНАЧАЈНОГ РИЗИКА,NO SIGNIFICANT RISK,HIGH,ECMWF ENS,ECMWF ENS | ICON-EU EPS | GEFS,0.0,3,0.0,0,0,0,0,GREEN,БЕЗ ЗНАЧАЈНОГ РИЗИКА,NO SIGNIFICANT RISK,HIGH,ECMWF ENS,ECMWF ENS | ICON-EU EPS | GEFS,0.0,3,0.0,0,0,0,0,GREEN,БЕЗ ЗНАЧАЈНОГ РИЗИКА,NO SIGNIFICANT RISK,HIGH,ECMWF ENS,ECMWF ENS | ICON-EU EPS | GEFS,0.0,3,0.0,0,0,0,0,GREEN,БЕЗ ЗНАЧАЈНОГ РИЗИКА,NO SIGNIFICANT RISK,HIGH,ECMWF ENS,ECMWF ENS | ICON-EU EPS | GEFS,0,GREEN,БЕЗ ЗНАЧАЈНОГ РИЗИКА,NO SIGNIFICANT RISK,NONE,HIGH,24,2026-08-21T06:00:00+00:00,2026-08-22T06:00:00+00:00,STORMS,EXPERIMENTAL,DEVELOPMENTAL MULTIMODEL SIGNAL - NOT CALIBRATED PROBABILITY,PUBLIC OPEN-DATA SERVICES,INDEPENDENT PROJECT - NOT AN OFFICIAL RHMZ WARNING PRODUCT
71285,NIŠ-NIŠKA BANJA,NIŠ-NIŠKA BANJA,НИШ-НИШКА БАЊА,0.0,0.0,0.0,0.0,0.0,11.042540153778432,60.29999923706055,5,54,2026-08-22T06:00:00Z,2026-08-20T00:00:00Z,0.0,0.0,0.0,49.2,0.0,8.7,5,0.0,0.0,10,0.5,0.0,7.7,0.0,0.0,0.0,0.0,0.0,0.0,0.0,3,0.0,0,0,0,0,GREEN,БЕЗ ЗНАЧАЈНОГ РИЗИКА,NO SIGNIFICANT RISK,HIGH,ECMWF ENS,ECMWF ENS | ICON-EU EPS | GEFS,0.0,3,0.0,0,0,0,0,GREEN,БЕЗ ЗНАЧАЈНОГ РИЗИКА,NO SIGNIFICANT RISK,HIGH,ECMWF ENS,ECMWF ENS | ICON-EU EPS | GEFS,0.0,3,0.0,0,0,0,0,GREEN,БЕЗ ЗНАЧАЈНОГ РИЗИКА,NO SIGNIFICANT RISK,HIGH,ECMWF ENS,ECMWF ENS | ICON-EU EPS | GEFS,0.0,3,0.0,0,0,0,0,GREEN,БЕЗ ЗНАЧАЈНОГ РИЗИКА,NO SIGNIFICANT RISK,HIGH,ECMWF ENS,ECMWF ENS | ICON-EU EPS | GEFS,0,GREEN,БЕЗ ЗНАЧАЈНОГ РИЗИКА,NO SIGNIFICANT RISK,NONE,HIGH,24,2026-08-21T06:00:00+00:00,2026-08-22T06:00:00+00:00,STORMS,EXPERIMENTAL,DEVELOPMENTAL MULTIMODEL SIGNAL - NOT CALIBRATED PROBABILITY,PUBLIC OPEN-DATA SERVICES,INDEPENDENT PROJECT - NOT AN OFFICIAL RHMZ WARNING PRODUCT
71323,NIŠ-PALILULA,NIŠ-PALILULA,НИШ-ПАЛИЛУЛА,0.0,0.0,0.0,0.0,0.0,11.88969780187437,60.29999923706055,6,54,2026-08-22T06:00:00Z,2026-08-20T00:00:00Z,0.0,0.0,0.0,48.1,0.0,10.3,6,0.0,0.0,12,1.5,0.0,9.1,0.0,0.0,0.0,0.0,0.0,0.0,0.0,3,0.0,0,0,0,0,GREEN,БЕЗ ЗНАЧАЈНОГ РИЗИКА,NO SIGNIFICANT RISK,HIGH,ECMWF ENS,ECMWF ENS | ICON-EU EPS | GEFS,0.0,3,0.0,0,0,0,0,GREEN,БЕЗ ЗНАЧАЈНОГ РИЗИКА,NO SIGNIFICANT RISK,HIGH,ECMWF ENS,ECMWF ENS | ICON-EU EPS | GEFS,0.0,3,0.0,0,0,0,0,GREEN,БЕЗ ЗНАЧАЈНОГ РИЗИКА,NO SIGNIFICANT RISK,HIGH,ECMWF ENS,ECMWF ENS | ICON-EU EPS | GEFS,0.0,3,0.0,0,0,0,0,GREEN,БЕЗ ЗНАЧАЈНОГ РИЗИКА,NO SIGNIFICANT RISK,HIGH,ECMWF ENS,ECMWF ENS | ICON-EU EPS | GEFS,0,GREEN,БЕЗ ЗНАЧАЈНОГ РИЗИКА,NO SIGNIFICANT RISK,NONE,HIGH,24,2026-08-21T06:00:00+00:00,2026-08-22T06:00:00+00:00,STORMS,EXPERIMENTAL,DEVELOPMENTAL MULTIMODEL SIGNAL - NOT CALIBRATED PROBABILITY,PUBLIC OPEN-DATA SERVICES,INDEPENDENT PROJECT - NOT AN OFFICIAL RHMZ WARNING PRODUCT
71307,NIŠ-PANTELEJ,NIŠ-PANTELEJ,НИШ-ПАНТЕЛЕЈ,0.0,0.0,0.0,0.0,0.0,11.88969780187437,60.29999923706055,6,54,2026-08-22T06:00:00Z,2026-08-20T00:00:00Z,0.0,0.0,0.0,48.1,0.0,10.3,6,0.0,0.0,11,1.5,0.0,9.0,0.0,0.0,0.0,0.0,0.0,0.0,0.0,3,0.0,0,0,0,0,GREEN,БЕЗ ЗНАЧАЈНОГ РИЗИКА,NO SIGNIFICANT RISK,HIGH,ECMWF ENS,ECMWF ENS | ICON-EU EPS | GEFS,0.0,3,0.0,0,0,0,0,GREEN,БЕЗ ЗНАЧАЈНОГ РИЗИКА,NO SIGNIFICANT RISK,HIGH,ECMWF ENS,ECMWF ENS | ICON-EU EPS | GEFS,0.0,3,0.0,0,0,0,0,GREEN,БЕЗ ЗНАЧАЈНОГ РИЗИКА,NO SIGNIFICANT RISK,HIGH,ECMWF ENS,ECMWF ENS | ICON-EU EPS | GEFS,0.0,3,0.0,0,0,0,0,GREEN,БЕЗ ЗНАЧАЈНОГ РИЗИКА,NO SIGNIFICANT RISK,HIGH,ECMWF ENS,ECMWF ENS | ICON-EU EPS | GEFS,0,GREEN,БЕЗ ЗНАЧАЈНОГ РИЗИКА,NO SIGNIFICANT RISK,NONE,HIGH,24,2026-08-21T06:00:00+00:00,2026-08-22T06:00:00+00:00,STORMS,EXPERIMENTAL,DEVELOPMENTAL MULTIMODEL SIGNAL - NOT CALIBRATED PROBABILITY,PUBLIC OPEN-DATA SERVICES,INDEPENDENT PROJECT - NOT AN OFFICIAL RHMZ WARNING PRODUCT
71315,NIŠ-CRVENI KRST,NIŠ-CRVENI KRST,НИШ-ЦРВЕНИ КРСТ,0.0,0.0,0.0,0.0,0.0,11.98947798800988,60.29999923706055,6,54,2026-08-22T06:00:00Z,2026-08-20T00:00:00Z,0.0,0.0,0.0,51.1,0.0,11.6,6,0.0,0.0,10,1.5,0.0,9.2,0.0,0.0,0.0,0.0,0.0,0.0,0.0,3,0.0,0,0,0,0,GREEN,БЕЗ ЗНАЧАЈНОГ РИЗИКА,NO SIGNIFICANT RISK,HIGH,ECMWF ENS,ECMWF ENS | ICON-EU EPS | GEFS,0.0,3,0.0,0,0,0,0,GREEN,БЕЗ ЗНАЧАЈНОГ РИЗИКА,NO SIGNIFICANT RISK,HIGH,ECMWF ENS,ECMWF ENS | ICON-EU EPS | GEFS,0.0,3,0.0,0,0,0,0,GREEN,БЕЗ ЗНАЧАЈНОГ РИЗИКА,NO SIGNIFICANT RISK,HIGH,ECMWF ENS,ECMWF ENS | ICON-EU EPS | GEFS,0.0,3,0.0,0,0,0,0,GREEN,БЕЗ ЗНАЧАЈНОГ РИЗИКА,NO SIGNIFICANT RISK,HIGH,ECMWF ENS,ECMWF ENS | ICON-EU EPS | GEFS,0,GREEN,БЕЗ ЗНАЧАЈНОГ РИЗИКА,NO SIGNIFICANT RISK,NONE,HIGH,24,2026-08-21T06:00:00+00:00,2026-08-22T06:00:00+00:00,STORMS,EXPERIMENTAL,DEVELOPMENTAL MULTIMODEL SIGNAL - NOT CALIBRATED PROBABILITY,PUBLIC OPEN-DATA SERVICES,INDEPENDENT PROJECT - NOT AN OFFICIAL RHMZ WARNING PRODUCT
70866,NOVA VAROŠ,NOVA VAROŠ,НОВА ВАРОШ,0.0,0.0,0.0,0.0,0.0,12.457788364587614,66.92500019073486,9,54,2026-08-22T06:00:00Z,2026-08-20T00:00:00Z,0.0,0.0,0.0,57.9,0.0,6.8,9,0.0,0.0,12,0.7,0.0,10.1,0.0,0.0,0.0,0.0,0.0,0.0,0.0,3,0.0,0,0,0,0,GREEN,БЕЗ ЗНАЧАЈНОГ РИЗИКА,NO SIGNIFICANT RISK,HIGH,ECMWF ENS,ECMWF ENS | ICON-EU EPS | GEFS,0.0,3,0.0,0,0,0,0,GREEN,БЕЗ ЗНАЧАЈНОГ РИЗИКА,NO SIGNIFICANT RISK,HIGH,ECMWF ENS,ECMWF ENS | ICON-EU EPS | GEFS,0.0,3,0.0,0,0,0,0,GREEN,БЕЗ ЗНАЧАЈНОГ РИЗИКА,NO SIGNIFICANT RISK,HIGH,ECMWF ENS,ECMWF ENS | ICON-EU EPS | GEFS,0.0,3,0.0,0,0,0,0,GREEN,БЕЗ ЗНАЧАЈНОГ РИЗИКА,NO SIGNIFICANT RISK,HIGH,ECMWF ENS,ECMWF ENS | ICON-EU EPS | GEFS,0,GREEN,БЕЗ ЗНАЧАЈНОГ РИЗИКА,NO SIGNIFICANT RISK,NONE,HIGH,24,2026-08-21T06:00:00+00:00,2026-08-22T06:00:00+00:00,STORMS,EXPERIMENTAL,DEVELOPMENTAL MULTIMODEL SIGNAL - NOT CALIBRATED PROBABILITY,PUBLIC OPEN-DATA SERVICES,INDEPENDENT PROJECT - NOT AN OFFICIAL RHMZ WARNING PRODUCT
80250,NOVA CRNJA,NOVA CRNJA,НОВА ЦРЊА,0.0,0.0,0.0,0.0,0.0,8.986836576289086,69.57499885559082,7,54,2026-08-22T06:00:00Z,2026-08-20T00:00:00Z,0.0,0.0,305.5,59.9,0.0,6.5,7,0.0,0.0,12,19.2,0.0,7.8,0.0,0.0,0.0,0.0,0.0,0.0,0.0,3,0.0,0,0,0,0,GREEN,БЕЗ ЗНАЧАЈНОГ РИЗИКА,NO SIGNIFICANT RISK,HIGH,ECMWF ENS,ECMWF ENS | ICON-EU EPS | GEFS,0.0,3,0.0,0,0,0,0,GREEN,БЕЗ ЗНАЧАЈНОГ РИЗИКА,NO SIGNIFICANT RISK,HIGH,ECMWF ENS,ECMWF ENS | ICON-EU EPS | GEFS,0.0,3,0.0,0,0,0,0,GREEN,БЕЗ ЗНАЧАЈНОГ РИЗИКА,NO SIGNIFICANT RISK,HIGH,ECMWF ENS,ECMWF ENS | ICON-EU EPS | GEFS,0.0,3,0.0,0,0,0,0,GREEN,БЕЗ ЗНАЧАЈНОГ РИЗИКА,NO SIGNIFICANT RISK,HIGH,ECMWF ENS,ECMWF ENS | ICON-EU EPS | GEFS,0,GREEN,БЕЗ ЗНАЧАЈНОГ РИЗИКА,NO SIGNIFICANT RISK,NONE,HIGH,24,2026-08-21T06:00:00+00:00,2026-08-22T06:00:00+00:00,STORMS,EXPERIMENTAL,DEVELOPMENTAL MULTIMODEL SIGNAL - NOT CALIBRATED PROBABILITY,PUBLIC OPEN-DATA SERVICES,INDEPENDENT PROJECT - NOT AN OFFICIAL RHMZ WARNING PRODUCT
80268,NOVI BEČEJ,NOVI BEČEJ,НОВИ БЕЧЕЈ,0.0,0.0,0.0,0.0,0.0,7.927916284167638,72.9000015258789,9,54,2026-08-22T06:00:00Z,2026-08-20T00:00:00Z,0.0,0.0,187.2,58.4,0.0,6.4,9,0.0,0.0,10,10.9,0.0,7.7,0.0,0.0,0.0,0.0,0.0,0.0,0.0,3,0.0,0,0,0,0,GREEN,БЕЗ ЗНАЧАЈНОГ РИЗИКА,NO SIGNIFICANT RISK,HIGH,ECMWF ENS,ECMWF ENS | ICON-EU EPS | GEFS,0.0,3,0.0,0,0,0,0,GREEN,БЕЗ ЗНАЧАЈНОГ РИЗИКА,NO SIGNIFICANT RISK,HIGH,ECMWF ENS,ECMWF ENS | ICON-EU EPS | GEFS,0.0,3,0.0,0,0,0,0,GREEN,БЕЗ ЗНАЧАЈНОГ РИЗИКА,NO SIGNIFICANT RISK,HIGH,ECMWF ENS,ECMWF ENS | ICON-EU EPS | GEFS,0.0,3,0.0,0,0,0,0,GREEN,БЕЗ ЗНАЧАЈНОГ РИЗИКА,NO SIGNIFICANT RISK,HIGH,ECMWF ENS,ECMWF ENS | ICON-EU EPS | GEFS,0,GREEN,БЕЗ ЗНАЧАЈНОГ РИЗИКА,NO SIGNIFICANT RISK,NONE,HIGH,24,2026-08-21T06:00:00+00:00,2026-08-22T06:00:00+00:00,STORMS,EXPERIMENTAL,DEVELOPMENTAL MULTIMODEL SIGNAL - NOT CALIBRATED PROBABILITY,PUBLIC OPEN-DATA SERVICES,INDEPENDENT PROJECT - NOT AN OFFICIAL RHMZ WARNING PRODUCT
80276,NOVI KNEŽEVAC,NOVI KNEŽEVAC,НОВИ КНЕЖЕВАЦ,0.0,0.0,0.0,0.0,0.0,8.13884011596649,70.08959197998047,7,54,2026-08-22T06:00:00Z,2026-08-20T00:00:00Z,0.0,0.0,0.0,54.5,0.0,7.3,7,0.0,0.0,12,1.6,0.0,5.7,0.0,0.0,0.0,0.0,0.0,0.0,0.0,3,0.0,0,0,0,0,GREEN,БЕЗ ЗНАЧАЈНОГ РИЗИКА,NO SIGNIFICANT RISK,HIGH,ECMWF ENS,ECMWF ENS | ICON-EU EPS | GEFS,0.0,3,0.0,0,0,0,0,GREEN,БЕЗ ЗНАЧАЈНОГ РИЗИКА,NO SIGNIFICANT RISK,HIGH,ECMWF ENS,ECMWF ENS | ICON-EU EPS | GEFS,0.0,3,0.0,0,0,0,0,GREEN,БЕЗ ЗНАЧАЈНОГ РИЗИКА,NO SIGNIFICANT RISK,HIGH,ECMWF ENS,ECMWF ENS | ICON-EU EPS | GEFS,0.0,3,0.0,0,0,0,0,GREEN,БЕЗ ЗНАЧАЈНОГ РИЗИКА,NO SIGNIFICANT RISK,HIGH,ECMWF ENS,ECMWF ENS | ICON-EU EPS | GEFS,0,GREEN,БЕЗ ЗНАЧАЈНОГ РИЗИКА,NO SIGNIFICANT RISK,NONE,HIGH,24,2026-08-21T06:00:00+00:00,2026-08-22T06:00:00+00:00,STORMS,EXPERIMENTAL,DEVELOPMENTAL MULTIMODEL SIGNAL - NOT CALIBRATED PROBABILITY,PUBLIC OPEN-DATA SERVICES,INDEPENDENT PROJECT - NOT AN OFFICIAL RHMZ WARNING PRODUCT
70874,NOVI PAZAR-GRAD,NOVI PAZAR-GRAD,НОВИ ПАЗАР-ГРАД,0.0,0.0,0.0,0.0,0.0,12.123930453087524,62.88351440429688,10,54,2026-08-22T06:00:00Z,2026-08-20T00:00:00Z,0.0,0.0,4.9,64.4,0.0,8.8,10,0.0,0.0,10,1.2,0.0,10.3,0.0,0.0,0.0,0.0,0.0,0.0,0.0,3,0.0,0,0,0,0,GREEN,БЕЗ ЗНАЧАЈНОГ РИЗИКА,NO SIGNIFICANT RISK,HIGH,ECMWF ENS,ECMWF ENS | ICON-EU EPS | GEFS,0.0,3,0.0,0,0,0,0,GREEN,БЕЗ ЗНАЧАЈНОГ РИЗИКА,NO SIGNIFICANT RISK,HIGH,ECMWF ENS,ECMWF ENS | ICON-EU EPS | GEFS,0.0,3,0.0,0,0,0,0,GREEN,БЕЗ ЗНАЧАЈНОГ РИЗИКА,NO SIGNIFICANT RISK,HIGH,ECMWF ENS,ECMWF ENS | ICON-EU EPS | GEFS,0.0,3,0.0,0,0,0,0,GREEN,БЕЗ ЗНАЧАЈНОГ РИЗИКА,NO SIGNIFICANT RISK,HIGH,ECMWF ENS,ECMWF ENS | ICON-EU EPS | GEFS,0,GREEN,БЕЗ ЗНАЧАЈНОГ РИЗИКА,NO SIGNIFICANT RISK,NONE,HIGH,24,2026-08-21T06:00:00+00:00,2026-08-22T06:00:00+00:00,STORMS,EXPERIMENTAL,DEVELOPMENTAL MULTIMODEL SIGNAL - NOT CALIBRATED PROBABILITY,PUBLIC OPEN-DATA SERVICES,INDEPENDENT PROJECT - NOT AN OFFICIAL RHMZ WARNING PRODUCT
80284,NOVI SAD-GRAD,NOVI SAD-GRAD,НОВИ САД-ГРАД,0.0,0.0,0.0,0.0,0.0,9.05013809645346,74.28351402282715,12,54,2026-08-22T06:00:00Z,2026-08-20T00:00:00Z,0.0,0.0,292.1,55.7,0.0,6.8,12,0.0,0.0,11,46.9,0.0,10.0,0.0,0.0,0.0,0.0,0.0,0.0,0.0,3,0.0,0,0,0,0,GREEN,БЕЗ ЗНАЧАЈНОГ РИЗИКА,NO SIGNIFICANT RISK,HIGH,ECMWF ENS,ECMWF ENS | ICON-EU EPS | GEFS,0.0,3,0.0,0,0,0,0,GREEN,БЕЗ ЗНАЧАЈНОГ РИЗИКА,NO SIGNIFICANT RISK,HIGH,ECMWF ENS,ECMWF ENS | ICON-EU EPS | GEFS,0.0,3,0.0,0,0,0,0,GREEN,БЕЗ ЗНАЧАЈНОГ РИЗИКА,NO SIGNIFICANT RISK,HIGH,ECMWF ENS,ECMWF ENS | ICON-EU EPS | GEFS,0.0,3,0.0,0,0,0,0,GREEN,БЕЗ ЗНАЧАЈНОГ РИЗИКА,NO SIGNIFICANT RISK,HIGH,ECMWF ENS,ECMWF ENS | ICON-EU EPS | GEFS,0,GREEN,БЕЗ ЗНАЧАЈНОГ РИЗИКА,NO SIGNIFICANT RISK,NONE,HIGH,24,2026-08-21T06:00:00+00:00,2026-08-22T06:00:00+00:00,STORMS,EXPERIMENTAL,DEVELOPMENTAL MULTIMODEL SIGNAL - NOT CALIBRATED PROBABILITY,PUBLIC OPEN-DATA SERVICES,INDEPENDENT PROJECT - NOT AN OFFICIAL RHMZ WARNING PRODUCT
90182,NOVO BRDO,NOVO BRDO,НОВО БРДО,0.0,0.0,0.0,0.0,0.0,9.688496169397718,58.968040466308594,5,54,2026-08-22T06:00:00Z,2026-08-20T00:00:00Z,0.0,0.0,0.0,48.1,0.0,8.4,5,0.0,0.0,12,0.2,0.0,6.6,0.0,0.0,0.0,0.0,0.0,0.0,0.0,3,0.0,0,0,0,0,GREEN,БЕЗ ЗНАЧАЈНОГ РИЗИКА,NO SIGNIFICANT RISK,HIGH,ECMWF ENS,ECMWF ENS | ICON-EU EPS | GEFS,0.0,3,0.0,0,0,0,0,GREEN,БЕЗ ЗНАЧАЈНОГ РИЗИКА,NO SIGNIFICANT RISK,HIGH,ECMWF ENS,ECMWF ENS | ICON-EU EPS | GEFS,0.0,3,0.0,0,0,0,0,GREEN,БЕЗ ЗНАЧАЈНОГ РИЗИКА,NO SIGNIFICANT RISK,HIGH,ECMWF ENS,ECMWF ENS | ICON-EU EPS | GEFS,0.0,3,0.0,0,0,0,0,GREEN,БЕЗ ЗНАЧАЈНОГ РИЗИКА,NO SIGNIFICANT RISK,HIGH,ECMWF ENS,ECMWF ENS | ICON-EU EPS | GEFS,0,GREEN,БЕЗ ЗНАЧАЈНОГ РИЗИКА,NO SIGNIFICANT RISK,NONE,HIGH,24,2026-08-21T06:00:00+00:00,2026-08-22T06:00:00+00:00,STORMS,EXPERIMENTAL,DEVELOPMENTAL MULTIMODEL SIGNAL - NOT CALIBRATED PROBABILITY,PUBLIC OPEN-DATA SERVICES,INDEPENDENT PROJECT - NOT AN OFFICIAL RHMZ WARNING PRODUCT
80306,ODŽACI,ODŽACI,ОЏАЦИ,0.0,0.0,0.0,0.0,0.0,8.04036112099929,74.5,10,54,2026-08-22T06:00:00Z,2026-08-20T00:00:00Z,0.0,0.0,0.0,51.5,0.0,8.7,10,0.0,0.0,12,1.8,0.0,8.0,0.0,0.0,0.0,0.0,0.0,0.0,0.0,3,0.0,0,0,0,0,GREEN,БЕЗ ЗНАЧАЈНОГ РИЗИКА,NO SIGNIFICANT RISK,HIGH,ECMWF ENS,ECMWF ENS | ICON-EU EPS | GEFS,0.0,3,0.0,0,0,0,0,GREEN,БЕЗ ЗНАЧАЈНОГ РИЗИКА,NO SIGNIFICANT RISK,HIGH,ECMWF ENS,ECMWF ENS | ICON-EU EPS | GEFS,0.0,3,0.0,0,0,0,0,GREEN,БЕЗ ЗНАЧАЈНОГ РИЗИКА,NO SIGNIFICANT RISK,HIGH,ECMWF ENS,ECMWF ENS | ICON-EU EPS | GEFS,0.0,3,0.0,0,0,0,0,GREEN,БЕЗ ЗНАЧАЈНОГ РИЗИКА,NO SIGNIFICANT RISK,HIGH,ECMWF ENS,ECMWF ENS | ICON-EU EPS | GEFS,0,GREEN,БЕЗ ЗНАЧАЈНОГ РИЗИКА,NO SIGNIFICANT RISK,NONE,HIGH,24,2026-08-21T06:00:00+00:00,2026-08-22T06:00:00+00:00,STORMS,EXPERIMENTAL,DEVELOPMENTAL MULTIMODEL SIGNAL - NOT CALIBRATED PROBABILITY,PUBLIC OPEN-DATA SERVICES,INDEPENDENT PROJECT - NOT AN OFFICIAL RHMZ WARNING PRODUCT
90204,OBILIĆ,OBILIĆ,ОБИЛИЋ,0.0,0.0,0.0,0.0,0.0,11.002569487259404,59.14999961853027,8,54,2026-08-22T06:00:00Z,2026-08-20T00:00:00Z,0.0,0.0,0.0,57.2,0.0,9.9,8,0.0,0.0,10,0.0,0.0,9.4,0.0,0.0,0.0,0.0,0.0,0.0,0.0,3,0.0,0,0,0,0,GREEN,БЕЗ ЗНАЧАЈНОГ РИЗИКА,NO SIGNIFICANT RISK,HIGH,ECMWF ENS,ECMWF ENS | ICON-EU EPS | GEFS,0.0,3,0.0,0,0,0,0,GREEN,БЕЗ ЗНАЧАЈНОГ РИЗИКА,NO SIGNIFICANT RISK,HIGH,ECMWF ENS,ECMWF ENS | ICON-EU EPS | GEFS,0.0,3,0.0,0,0,0,0,GREEN,БЕЗ ЗНАЧАЈНОГ РИЗИКА,NO SIGNIFICANT RISK,HIGH,ECMWF ENS,ECMWF ENS | ICON-EU EPS | GEFS,0.0,3,0.0,0,0,0,0,GREEN,БЕЗ ЗНАЧАЈНОГ РИЗИКА,NO SIGNIFICANT RISK,HIGH,ECMWF ENS,ECMWF ENS | ICON-EU EPS | GEFS,0,GREEN,БЕЗ ЗНАЧАЈНОГ РИЗИКА,NO SIGNIFICANT RISK,NONE,HIGH,24,2026-08-21T06:00:00+00:00,2026-08-22T06:00:00+00:00,STORMS,EXPERIMENTAL,DEVELOPMENTAL MULTIMODEL SIGNAL - NOT CALIBRATED PROBABILITY,PUBLIC OPEN-DATA SERVICES,INDEPENDENT PROJECT - NOT AN OFFICIAL RHMZ WARNING PRODUCT
80292,OPOVO,OPOVO,ОПОВО,0.0,0.0,0.0,0.0,0.0,10.585958465167083,72.04999923706055,6,54,2026-08-22T06:00:00Z,2026-08-20T00:00:00Z,0.0,0.0,347.6,60.0,0.0,6.7,6,0.0,0.0,12,18.2,0.0,10.7,0.0,0.0,0.0,0.0,0.0,0.0,0.0,3,0.0,0,0,0,0,GREEN,БЕЗ ЗНАЧАЈНОГ РИЗИКА,NO SIGNIFICANT RISK,HIGH,ECMWF ENS,ECMWF ENS | ICON-EU EPS | GEFS,0.0,3,0.0,0,0,0,0,GREEN,БЕЗ ЗНАЧАЈНОГ РИЗИКА,NO SIGNIFICANT RISK,HIGH,ECMWF ENS,ECMWF ENS | ICON-EU EPS | GEFS,0.0,3,0.0,0,0,0,0,GREEN,БЕЗ ЗНАЧАЈНОГ РИЗИКА,NO SIGNIFICANT RISK,HIGH,ECMWF ENS,ECMWF ENS | ICON-EU EPS | GEFS,0.0,3,0.0,0,0,0,0,GREEN,БЕЗ ЗНАЧАЈНОГ РИЗИКА,NO SIGNIFICANT RISK,HIGH,ECMWF ENS,ECMWF ENS | ICON-EU EPS | GEFS,0,GREEN,БЕЗ ЗНАЧАЈНОГ РИЗИКА,NO SIGNIFICANT RISK,NONE,HIGH,24,2026-08-21T06:00:00+00:00,2026-08-22T06:00:00+00:00,STORMS,EXPERIMENTAL,DEVELOPMENTAL MULTIMODEL SIGNAL - NOT CALIBRATED PROBABILITY,PUBLIC OPEN-DATA SERVICES,INDEPENDENT PROJECT - NOT AN OFFICIAL RHMZ WARNING PRODUCT
90212,ORAHOVAC,ORAHOVAC,ОРАХОВАЦ,0.0,0.0,0.0,0.0,0.0,9.400790857715275,56.75,8,54,2026-08-22T06:00:00Z,2026-08-20T00:00:00Z,0.0,0.0,0.0,57.9,0.0,8.9,8,0.0,0.0,11,0.8,0.0,7.4,0.0,0.0,0.0,0.0,0.0,0.0,0.0,3,0.0,0,0,0,0,GREEN,БЕЗ ЗНАЧАЈНОГ РИЗИКА,NO SIGNIFICANT RISK,HIGH,ECMWF ENS,ECMWF ENS | ICON-EU EPS | GEFS,0.0,3,0.0,0,0,0,0,GREEN,БЕЗ ЗНАЧАЈНОГ РИЗИКА,NO SIGNIFICANT RISK,HIGH,ECMWF ENS,ECMWF ENS | ICON-EU EPS | GEFS,0.0,3,0.0,0,0,0,0,GREEN,БЕЗ ЗНАЧАЈНОГ РИЗИКА,NO SIGNIFICANT RISK,HIGH,ECMWF ENS,ECMWF ENS | ICON-EU EPS | GEFS,0.0,3,0.0,0,0,0,0,GREEN,БЕЗ ЗНАЧАЈНОГ РИЗИКА,NO SIGNIFICANT RISK,HIGH,ECMWF ENS,ECMWF ENS | ICON-EU EPS | GEFS,0,GREEN,БЕЗ ЗНАЧАЈНОГ РИЗИКА,NO SIGNIFICANT RISK,NONE,HIGH,24,2026-08-21T06:00:00+00:00,2026-08-22T06:00:00+00:00,STORMS,EXPERIMENTAL,DEVELOPMENTAL MULTIMODEL SIGNAL - NOT CALIBRATED PROBABILITY,PUBLIC OPEN-DATA SERVICES,INDEPENDENT PROJECT - NOT AN OFFICIAL RHMZ WARNING PRODUCT
70882,OSEČINA,OSEČINA,ОСЕЧИНА,0.0,0.0,0.0,0.0,0.0,13.120879125807011,72.33351516723633,7,54,2026-08-22T06:00:00Z,2026-08-20T00:00:00Z,2.0,0.0,0.5,61.8,0.0,9.0,7,0.0,0.0,13,22.4,0.0,10.8,0.0,0.0,0.0,0.0,0.0,0.0,0.7,3,2.0,0,0,0,0,GREEN,БЕЗ ЗНАЧАЈНОГ РИЗИКА,NO SIGNIFICANT RISK,HIGH,ECMWF ENS,ECMWF ENS | ICON-EU EPS | GEFS,0.0,3,0.0,0,0,0,0,GREEN,БЕЗ ЗНАЧАЈНОГ РИЗИКА,NO SIGNIFICANT RISK,HIGH,ECMWF ENS,ECMWF ENS | ICON-EU EPS | GEFS,0.0,3,0.0,0,0,0,0,GREEN,БЕЗ ЗНАЧАЈНОГ РИЗИКА,NO SIGNIFICANT RISK,HIGH,ECMWF ENS,ECMWF ENS | ICON-EU EPS | GEFS,0.0,3,0.0,0,0,0,0,GREEN,БЕЗ ЗНАЧАЈНОГ РИЗИКА,NO SIGNIFICANT RISK,HIGH,ECMWF ENS,ECMWF ENS | ICON-EU EPS | GEFS,0,GREEN,БЕЗ ЗНАЧАЈНОГ РИЗИКА,NO SIGNIFICANT RISK,NONE,HIGH,24,2026-08-21T06:00:00+00:00,2026-08-22T06:00:00+00:00,STORMS,EXPERIMENTAL,DEVELOPMENTAL MULTIMODEL SIGNAL - NOT CALIBRATED PROBABILITY,PUBLIC OPEN-DATA SERVICES,INDEPENDENT PROJECT - NOT AN OFFICIAL RHMZ WARNING PRODUCT
80314,PANČEVO-GRAD,PANČEVO-GRAD,ПАНЧЕВО-ГРАД,0.0,0.0,0.0,0.0,0.0,12.138656377817927,71.44999885559082,10,54,2026-08-22T06:00:00Z,2026-08-20T00:00:00Z,0.0,0.0,245.4,67.2,0.0,6.8,10,0.0,0.0,9,3.2,0.0,12.4,0.0,0.0,0.0,0.0,0.0,0.0,0.0,3,0.0,0,0,0,0,GREEN,БЕЗ ЗНАЧАЈНОГ РИЗИКА,NO SIGNIFICANT RISK,HIGH,ECMWF ENS,ECMWF ENS | ICON-EU EPS | GEFS,0.0,3,0.0,0,0,0,0,GREEN,БЕЗ ЗНАЧАЈНОГ РИЗИКА,NO SIGNIFICANT RISK,HIGH,ECMWF ENS,ECMWF ENS | ICON-EU EPS | GEFS,0.0,3,0.0,0,0,0,0,GREEN,БЕЗ ЗНАЧАЈНОГ РИЗИКА,NO SIGNIFICANT RISK,HIGH,ECMWF ENS,ECMWF ENS | ICON-EU EPS | GEFS,0.0,3,0.0,0,0,0,0,GREEN,БЕЗ ЗНАЧАЈНОГ РИЗИКА,NO SIGNIFICANT RISK,HIGH,ECMWF ENS,ECMWF ENS | ICON-EU EPS | GEFS,0,GREEN,БЕЗ ЗНАЧАЈНОГ РИЗИКА,NO SIGNIFICANT RISK,NONE,HIGH,24,2026-08-21T06:00:00+00:00,2026-08-22T06:00:00+00:00,STORMS,EXPERIMENTAL,DEVELOPMENTAL MULTIMODEL SIGNAL - NOT CALIBRATED PROBABILITY,PUBLIC OPEN-DATA SERVICES,INDEPENDENT PROJECT - NOT AN OFFICIAL RHMZ WARNING PRODUCT
70904,PARAĆIN,PARAĆIN,ПАРАЋИН,0.0,0.0,0.0,0.0,0.0,14.569758751287369,60.92500305175781,8,54,2026-08-22T06:00:00Z,2026-08-20T00:00:00Z,0.0,0.0,0.0,61.3,0.0,12.5,8,0.0,0.0,13,1.6,0.0,10.5,0.0,0.0,0.0,0.0,0.0,0.0,0.0,3,0.0,0,0,0,0,GREEN,БЕЗ ЗНАЧАЈНОГ РИЗИКА,NO SIGNIFICANT RISK,HIGH,ECMWF ENS,ECMWF ENS | ICON-EU EPS | GEFS,0.0,3,0.0,0,0,0,0,GREEN,БЕЗ ЗНАЧАЈНОГ РИЗИКА,NO SIGNIFICANT RISK,HIGH,ECMWF ENS,ECMWF ENS | ICON-EU EPS | GEFS,0.0,3,0.0,0,0,0,0,GREEN,БЕЗ ЗНАЧАЈНОГ РИЗИКА,NO SIGNIFICANT RISK,HIGH,ECMWF ENS,ECMWF ENS | ICON-EU EPS | GEFS,0.0,3,0.0,0,0,0,0,GREEN,БЕЗ ЗНАЧАЈНОГ РИЗИКА,NO SIGNIFICANT RISK,HIGH,ECMWF ENS,ECMWF ENS | ICON-EU EPS | GEFS,0,GREEN,БЕЗ ЗНАЧАЈНОГ РИЗИКА,NO SIGNIFICANT RISK,NONE,HIGH,24,2026-08-21T06:00:00+00:00,2026-08-22T06:00:00+00:00,STORMS,EXPERIMENTAL,DEVELOPMENTAL MULTIMODEL SIGNAL - NOT CALIBRATED PROBABILITY,PUBLIC OPEN-DATA SERVICES,INDEPENDENT PROJECT - NOT AN OFFICIAL RHMZ WARNING PRODUCT
90239,PEĆ,PEĆ,ПЕЋ,0.0,0.0,0.0,0.0,0.0,9.423179548679007,60.35000038146973,11,54,2026-08-22T06:00:00Z,2026-08-20T00:00:00Z,0.0,0.0,0.0,57.3,0.0,8.0,11,0.0,0.0,11,6.4,0.0,9.9,0.0,0.0,0.0,0.0,0.0,0.0,0.0,3,0.0,0,0,0,0,GREEN,БЕЗ ЗНАЧАЈНОГ РИЗИКА,NO SIGNIFICANT RISK,HIGH,ECMWF ENS,ECMWF ENS | ICON-EU EPS | GEFS,0.0,3,0.0,0,0,0,0,GREEN,БЕЗ ЗНАЧАЈНОГ РИЗИКА,NO SIGNIFICANT RISK,HIGH,ECMWF ENS,ECMWF ENS | ICON-EU EPS | GEFS,0.0,3,0.0,0,0,0,0,GREEN,БЕЗ ЗНАЧАЈНОГ РИЗИКА,NO SIGNIFICANT RISK,HIGH,ECMWF ENS,ECMWF ENS | ICON-EU EPS | GEFS,0.0,3,0.0,0,0,0,0,GREEN,БЕЗ ЗНАЧАЈНОГ РИЗИКА,NO SIGNIFICANT RISK,HIGH,ECMWF ENS,ECMWF ENS | ICON-EU EPS | GEFS,0,GREEN,БЕЗ ЗНАЧАЈНОГ РИЗИКА,NO SIGNIFICANT RISK,NONE,HIGH,24,2026-08-21T06:00:00+00:00,2026-08-22T06:00:00+00:00,STORMS,EXPERIMENTAL,DEVELOPMENTAL MULTIMODEL SIGNAL - NOT CALIBRATED PROBABILITY,PUBLIC OPEN-DATA SERVICES,INDEPENDENT PROJECT - NOT AN OFFICIAL RHMZ WARNING PRODUCT
80322,PEĆINCI,PEĆINCI,ПЕЋИНЦИ,0.0,0.0,0.0,0.0,0.0,10.331680860748262,72.79999923706055,9,54,2026-08-22T06:00:00Z,2026-08-20T00:00:00Z,0.0,0.0,317.6,58.7,0.0,6.8,9,0.0,0.0,10,4.8,0.0,10.1,0.0,0.0,0.0,0.0,0.0,0.0,0.0,3,0.0,0,0,0,0,GREEN,БЕЗ ЗНАЧАЈНОГ РИЗИКА,NO SIGNIFICANT RISK,HIGH,ECMWF ENS,ECMWF ENS | ICON-EU EPS | GEFS,0.0,3,0.0,0,0,0,0,GREEN,БЕЗ ЗНАЧАЈНОГ РИЗИКА,NO SIGNIFICANT RISK,HIGH,ECMWF ENS,ECMWF ENS | ICON-EU EPS | GEFS,0.0,3,0.0,0,0,0,0,GREEN,БЕЗ ЗНАЧАЈНОГ РИЗИКА,NO SIGNIFICANT RISK,HIGH,ECMWF ENS,ECMWF ENS | ICON-EU EPS | GEFS,0.0,3,0.0,0,0,0,0,GREEN,БЕЗ ЗНАЧАЈНОГ РИЗИКА,NO SIGNIFICANT RISK,HIGH,ECMWF ENS,ECMWF ENS | ICON-EU EPS | GEFS,0,GREEN,БЕЗ ЗНАЧАЈНОГ РИЗИКА,NO SIGNIFICANT RISK,NONE,HIGH,24,2026-08-21T06:00:00+00:00,2026-08-22T06:00:00+00:00,STORMS,EXPERIMENTAL,DEVELOPMENTAL MULTIMODEL SIGNAL - NOT CALIBRATED PROBABILITY,PUBLIC OPEN-DATA SERVICES,INDEPENDENT PROJECT - NOT AN OFFICIAL RHMZ WARNING PRODUCT
70912,PETROVAC NA MLAVI,PETROVAC NA MLAVI,ПЕТРОВАЦ НА МЛАВИ,0.0,0.0,0.0,0.0,0.0,14.69889675892258,66.70317840576172,10,54,2026-08-22T06:00:00Z,2026-08-20T00:00:00Z,0.0,0.0,0.0,69.6,0.0,9.7,10,0.0,0.0,10,1.9,0.0,12.5,0.0,0.0,0.0,0.0,0.0,0.0,0.0,3,0.0,0,0,0,0,GREEN,БЕЗ ЗНАЧАЈНОГ РИЗИКА,NO SIGNIFICANT RISK,HIGH,ECMWF ENS,ECMWF ENS | ICON-EU EPS | GEFS,0.0,3,0.0,0,0,0,0,GREEN,БЕЗ ЗНАЧАЈНОГ РИЗИКА,NO SIGNIFICANT RISK,HIGH,ECMWF ENS,ECMWF ENS | ICON-EU EPS | GEFS,0.0,3,0.0,0,0,0,0,GREEN,БЕЗ ЗНАЧАЈНОГ РИЗИКА,NO SIGNIFICANT RISK,HIGH,ECMWF ENS,ECMWF ENS | ICON-EU EPS | GEFS,0.0,3,0.0,0,0,0,0,GREEN,БЕЗ ЗНАЧАЈНОГ РИЗИКА,NO SIGNIFICANT RISK,HIGH,ECMWF ENS,ECMWF ENS | ICON-EU EPS | GEFS,0,GREEN,БЕЗ ЗНАЧАЈНОГ РИЗИКА,NO SIGNIFICANT RISK,NONE,HIGH,24,2026-08-21T06:00:00+00:00,2026-08-22T06:00:00+00:00,STORMS,EXPERIMENTAL,DEVELOPMENTAL MULTIMODEL SIGNAL - NOT CALIBRATED PROBABILITY,PUBLIC OPEN-DATA SERVICES,INDEPENDENT PROJECT - NOT AN OFFICIAL RHMZ WARNING PRODUCT
70939,PIROT,PIROT,ПИРОТ,0.0,0.0,0.0,0.0,0.0,8.0051300673273,60.0,12,54,2026-08-22T06:00:00Z,2026-08-20T00:00:00Z,0.0,0.0,0.2,49.4,0.0,6.9,12,0.0,0.0,11,0.9,0.0,4.7,0.0,0.0,0.0,0.0,0.0,0.0,0.0,3,0.0,0,0,0,0,GREEN,БЕЗ ЗНАЧАЈНОГ РИЗИКА,NO SIGNIFICANT RISK,HIGH,ECMWF ENS,ECMWF ENS | ICON-EU EPS | GEFS,0.0,3,0.0,0,0,0,0,GREEN,БЕЗ ЗНАЧАЈНОГ РИЗИКА,NO SIGNIFICANT RISK,HIGH,ECMWF ENS,ECMWF ENS | ICON-EU EPS | GEFS,0.0,3,0.0,0,0,0,0,GREEN,БЕЗ ЗНАЧАЈНОГ РИЗИКА,NO SIGNIFICANT RISK,HIGH,ECMWF ENS,ECMWF ENS | ICON-EU EPS | GEFS,0.0,3,0.0,0,0,0,0,GREEN,БЕЗ ЗНАЧАЈНОГ РИЗИКА,NO SIGNIFICANT RISK,HIGH,ECMWF ENS,ECMWF ENS | ICON-EU EPS | GEFS,0,GREEN,БЕЗ ЗНАЧАЈНОГ РИЗИКА,NO SIGNIFICANT RISK,NONE,HIGH,24,2026-08-21T06:00:00+00:00,2026-08-22T06:00:00+00:00,STORMS,EXPERIMENTAL,DEVELOPMENTAL MULTIMODEL SIGNAL - NOT CALIBRATED PROBABILITY,PUBLIC OPEN-DATA SERVICES,INDEPENDENT PROJECT - NOT AN OFFICIAL RHMZ WARNING PRODUCT
80349,PLANDIŠTE,PLANDIŠTE,ПЛАНДИШТЕ,0.0,0.0,0.0,0.0,0.0,11.92395254545841,69.67500305175781,9,54,2026-08-22T06:00:00Z,2026-08-20T00:00:00Z,0.0,0.0,294.0,64.4,0.0,6.9,9,0.0,0.0,12,3.4,0.0,14.3,0.0,0.0,0.0,0.0,0.0,0.0,0.0,3,0.0,0,0,0,0,GREEN,БЕЗ ЗНАЧАЈНОГ РИЗИКА,NO SIGNIFICANT RISK,HIGH,ECMWF ENS,ECMWF ENS | ICON-EU EPS | GEFS,0.0,3,0.0,0,0,0,0,GREEN,БЕЗ ЗНАЧАЈНОГ РИЗИКА,NO SIGNIFICANT RISK,HIGH,ECMWF ENS,ECMWF ENS | ICON-EU EPS | GEFS,0.0,3,0.0,0,0,0,0,GREEN,БЕЗ ЗНАЧАЈНОГ РИЗИКА,NO SIGNIFICANT RISK,HIGH,ECMWF ENS,ECMWF ENS | ICON-EU EPS | GEFS,0.0,3,0.0,0,0,0,0,GREEN,БЕЗ ЗНАЧАЈНОГ РИЗИКА,NO SIGNIFICANT RISK,HIGH,ECMWF ENS,ECMWF ENS | ICON-EU EPS | GEFS,0,GREEN,БЕЗ ЗНАЧАЈНОГ РИЗИКА,NO SIGNIFICANT RISK,NONE,HIGH,24,2026-08-21T06:00:00+00:00,2026-08-22T06:00:00+00:00,STORMS,EXPERIMENTAL,DEVELOPMENTAL MULTIMODEL SIGNAL - NOT CALIBRATED PROBABILITY,PUBLIC OPEN-DATA SERVICES,INDEPENDENT PROJECT - NOT AN OFFICIAL RHMZ WARNING PRODUCT
90247,PODUJEVO,PODUJEVO,ПОДУЈЕВО,0.0,0.0,0.0,0.0,0.0,11.07748962879984,60.93740272521973,10,54,2026-08-22T06:00:00Z,2026-08-20T00:00:00Z,0.0,0.0,0.0,61.8,0.0,10.3,10,0.0,0.0,11,0.4,0.0,10.2,0.0,0.0,0.0,0.0,0.0,0.0,0.0,3,0.0,0,0,0,0,GREEN,БЕЗ ЗНАЧАЈНОГ РИЗИКА,NO SIGNIFICANT RISK,HIGH,ECMWF ENS,ECMWF ENS | ICON-EU EPS | GEFS,0.0,3,0.0,0,0,0,0,GREEN,БЕЗ ЗНАЧАЈНОГ РИЗИКА,NO SIGNIFICANT RISK,HIGH,ECMWF ENS,ECMWF ENS | ICON-EU EPS | GEFS,0.0,3,0.0,0,0,0,0,GREEN,БЕЗ ЗНАЧАЈНОГ РИЗИКА,NO SIGNIFICANT RISK,HIGH,ECMWF ENS,ECMWF ENS | ICON-EU EPS | GEFS,0.0,3,0.0,0,0,0,0,GREEN,БЕЗ ЗНАЧАЈНОГ РИЗИКА,NO SIGNIFICANT RISK,HIGH,ECMWF ENS,ECMWF ENS | ICON-EU EPS | GEFS,0,GREEN,БЕЗ ЗНАЧАЈНОГ РИЗИКА,NO SIGNIFICANT RISK,NONE,HIGH,24,2026-08-21T06:00:00+00:00,2026-08-22T06:00:00+00:00,STORMS,EXPERIMENTAL,DEVELOPMENTAL MULTIMODEL SIGNAL - NOT CALIBRATED PROBABILITY,PUBLIC OPEN-DATA SERVICES,INDEPENDENT PROJECT - NOT AN OFFICIAL RHMZ WARNING PRODUCT
70947,POŽAREVAC-GRAD,POŽAREVAC-GRAD,ПОЖАРЕВАЦ-ГРАД,0.0,0.0,0.0,0.0,0.0,13.904531898244484,68.12500095367432,8,54,2026-08-22T06:00:00Z,2026-08-20T00:00:00Z,0.0,0.0,17.4,70.1,0.0,8.4,8,0.0,0.0,9,0.2,0.0,14.4,0.0,0.0,0.0,0.0,0.0,0.0,0.0,3,0.0,0,0,0,0,GREEN,БЕЗ ЗНАЧАЈНОГ РИЗИКА,NO SIGNIFICANT RISK,HIGH,ECMWF ENS,ECMWF ENS | ICON-EU EPS | GEFS,0.0,3,0.0,0,0,0,0,GREEN,БЕЗ ЗНАЧАЈНОГ РИЗИКА,NO SIGNIFICANT RISK,HIGH,ECMWF ENS,ECMWF ENS | ICON-EU EPS | GEFS,0.0,3,0.0,0,0,0,0,GREEN,БЕЗ ЗНАЧАЈНОГ РИЗИКА,NO SIGNIFICANT RISK,HIGH,ECMWF ENS,ECMWF ENS | ICON-EU EPS | GEFS,0.0,3,0.0,0,0,0,0,GREEN,БЕЗ ЗНАЧАЈНОГ РИЗИКА,NO SIGNIFICANT RISK,HIGH,ECMWF ENS,ECMWF ENS | ICON-EU EPS | GEFS,0,GREEN,БЕЗ ЗНАЧАЈНОГ РИЗИКА,NO SIGNIFICANT RISK,NONE,HIGH,24,2026-08-21T06:00:00+00:00,2026-08-22T06:00:00+00:00,STORMS,EXPERIMENTAL,DEVELOPMENTAL MULTIMODEL SIGNAL - NOT CALIBRATED PROBABILITY,PUBLIC OPEN-DATA SERVICES,INDEPENDENT PROJECT - NOT AN OFFICIAL RHMZ WARNING PRODUCT
70955,POŽEGA,POŽEGA,ПОЖЕГА,0.0,0.0,0.0,0.0,0.0,12.6234639593738,70.98351669311523,8,54,2026-08-22T06:00:00Z,2026-08-20T00:00:00Z,2.0,0.0,0.4,67.0,0.0,8.6,8,0.0,0.0,10,1.2,0.0,10.0,0.0,0.0,0.0,0.0,0.0,0.0,0.7,3,2.0,0,0,0,0,GREEN,БЕЗ ЗНАЧАЈНОГ РИЗИКА,NO SIGNIFICANT RISK,HIGH,ECMWF ENS,ECMWF ENS | ICON-EU EPS | GEFS,0.0,3,0.0,0,0,0,0,GREEN,БЕЗ ЗНАЧАЈНОГ РИЗИКА,NO SIGNIFICANT RISK,HIGH,ECMWF ENS,ECMWF ENS | ICON-EU EPS | GEFS,0.0,3,0.0,0,0,0,0,GREEN,БЕЗ ЗНАЧАЈНОГ РИЗИКА,NO SIGNIFICANT RISK,HIGH,ECMWF ENS,ECMWF ENS | ICON-EU EPS | GEFS,0.0,3,0.0,0,0,0,0,GREEN,БЕЗ ЗНАЧАЈНОГ РИЗИКА,NO SIGNIFICANT RISK,HIGH,ECMWF ENS,ECMWF ENS | ICON-EU EPS | GEFS,0,GREEN,БЕЗ ЗНАЧАЈНОГ РИЗИКА,NO SIGNIFICANT RISK,NONE,HIGH,24,2026-08-21T06:00:00+00:00,2026-08-22T06:00:00+00:00,STORMS,EXPERIMENTAL,DEVELOPMENTAL MULTIMODEL SIGNAL - NOT CALIBRATED PROBABILITY,PUBLIC OPEN-DATA SERVICES,INDEPENDENT PROJECT - NOT AN OFFICIAL RHMZ WARNING PRODUCT
70963,PREŠEVO,PREŠEVO,ПРЕШЕВО,0.0,0.0,0.0,0.0,0.0,8.853041923023945,60.55000114440918,7,54,2026-08-22T06:00:00Z,2026-08-20T00:00:00Z,0.0,0.0,0.8,41.4,0.0,5.7,7,0.0,0.0,11,0.4,0.0,4.4,0.0,0.0,0.0,0.0,0.0,0.0,0.0,3,0.0,0,0,0,0,GREEN,БЕЗ ЗНАЧАЈНОГ РИЗИКА,NO SIGNIFICANT RISK,HIGH,ECMWF ENS,ECMWF ENS | ICON-EU EPS | GEFS,0.0,3,0.0,0,0,0,0,GREEN,БЕЗ ЗНАЧАЈНОГ РИЗИКА,NO SIGNIFICANT RISK,HIGH,ECMWF ENS,ECMWF ENS | ICON-EU EPS | GEFS,0.0,3,0.0,0,0,0,0,GREEN,БЕЗ ЗНАЧАЈНОГ РИЗИКА,NO SIGNIFICANT RISK,HIGH,ECMWF ENS,ECMWF ENS | ICON-EU EPS | GEFS,0.0,3,0.0,0,0,0,0,GREEN,БЕЗ ЗНАЧАЈНОГ РИЗИКА,NO SIGNIFICANT RISK,HIGH,ECMWF ENS,ECMWF ENS | ICON-EU EPS | GEFS,0,GREEN,БЕЗ ЗНАЧАЈНОГ РИЗИКА,NO SIGNIFICANT RISK,NONE,HIGH,24,2026-08-21T06:00:00+00:00,2026-08-22T06:00:00+00:00,STORMS,EXPERIMENTAL,DEVELOPMENTAL MULTIMODEL SIGNAL - NOT CALIBRATED PROBABILITY,PUBLIC OPEN-DATA SERVICES,INDEPENDENT PROJECT - NOT AN OFFICIAL RHMZ WARNING PRODUCT
70980,PRIJEPOLJE,PRIJEPOLJE,ПРИЈЕПОЉЕ,0.0,0.0,0.0,0.0,0.0,12.332979285025464,63.19999885559082,11,54,2026-08-22T06:00:00Z,2026-08-20T00:00:00Z,0.0,0.0,50.6,53.8,0.0,5.8,11,0.0,0.0,14,53.6,0.0,10.0,0.0,0.0,0.0,0.0,0.0,0.0,0.0,3,0.0,0,0,0,0,GREEN,БЕЗ ЗНАЧАЈНОГ РИЗИКА,NO SIGNIFICANT RISK,HIGH,ECMWF ENS,ECMWF ENS | ICON-EU EPS | GEFS,0.0,3,0.0,0,0,0,0,GREEN,БЕЗ ЗНАЧАЈНОГ РИЗИКА,NO SIGNIFICANT RISK,HIGH,ECMWF ENS,ECMWF ENS | ICON-EU EPS | GEFS,0.0,3,0.0,0,0,0,0,GREEN,БЕЗ ЗНАЧАЈНОГ РИЗИКА,NO SIGNIFICANT RISK,HIGH,ECMWF ENS,ECMWF ENS | ICON-EU EPS | GEFS,0.0,3,0.0,0,0,0,0,GREEN,БЕЗ ЗНАЧАЈНОГ РИЗИКА,NO SIGNIFICANT RISK,HIGH,ECMWF ENS,ECMWF ENS | ICON-EU EPS | GEFS,0,GREEN,БЕЗ ЗНАЧАЈНОГ РИЗИКА,NO SIGNIFICANT RISK,NONE,HIGH,24,2026-08-21T06:00:00+00:00,2026-08-22T06:00:00+00:00,STORMS,EXPERIMENTAL,DEVELOPMENTAL MULTIMODEL SIGNAL - NOT CALIBRATED PROBABILITY,PUBLIC OPEN-DATA SERVICES,INDEPENDENT PROJECT - NOT AN OFFICIAL RHMZ WARNING PRODUCT
70971,PRIBOJ,PRIBOJ,ПРИБОЈ,0.0,0.0,0.0,0.0,0.0,12.436366899413736,66.92500019073486,10,54,2026-08-22T06:00:00Z,2026-08-20T00:00:00Z,0.0,0.0,0.0,57.6,0.0,6.4,10,0.0,0.0,12,33.9,0.0,9.7,0.0,0.0,0.0,0.0,0.0,0.0,0.0,3,0.0,0,0,0,0,GREEN,БЕЗ ЗНАЧАЈНОГ РИЗИКА,NO SIGNIFICANT RISK,HIGH,ECMWF ENS,ECMWF ENS | ICON-EU EPS | GEFS,0.0,3,0.0,0,0,0,0,GREEN,БЕЗ ЗНАЧАЈНОГ РИЗИКА,NO SIGNIFICANT RISK,HIGH,ECMWF ENS,ECMWF ENS | ICON-EU EPS | GEFS,0.0,3,0.0,0,0,0,0,GREEN,БЕЗ ЗНАЧАЈНОГ РИЗИКА,NO SIGNIFICANT RISK,HIGH,ECMWF ENS,ECMWF ENS | ICON-EU EPS | GEFS,0.0,3,0.0,0,0,0,0,GREEN,БЕЗ ЗНАЧАЈНОГ РИЗИКА,NO SIGNIFICANT RISK,HIGH,ECMWF ENS,ECMWF ENS | ICON-EU EPS | GEFS,0,GREEN,БЕЗ ЗНАЧАЈНОГ РИЗИКА,NO SIGNIFICANT RISK,NONE,HIGH,24,2026-08-21T06:00:00+00:00,2026-08-22T06:00:00+00:00,STORMS,EXPERIMENTAL,DEVELOPMENTAL MULTIMODEL SIGNAL - NOT CALIBRATED PROBABILITY,PUBLIC OPEN-DATA SERVICES,INDEPENDENT PROJECT - NOT AN OFFICIAL RHMZ WARNING PRODUCT
90255,PRIZREN,PRIZREN,ПРИЗРЕН,0.0,0.0,0.0,0.0,0.0,8.222947217710196,58.55000019073486,10,54,2026-08-22T06:00:00Z,2026-08-20T00:00:00Z,0.0,0.0,0.0,55.4,0.0,8.6,10,0.0,0.0,12,32.9,0.0,6.1,0.0,0.0,0.0,0.0,0.0,0.0,0.0,3,0.0,0,0,0,0,GREEN,БЕЗ ЗНАЧАЈНОГ РИЗИКА,NO SIGNIFICANT RISK,HIGH,ECMWF ENS,ECMWF ENS | ICON-EU EPS | GEFS,0.0,3,0.0,0,0,0,0,GREEN,БЕЗ ЗНАЧАЈНОГ РИЗИКА,NO SIGNIFICANT RISK,HIGH,ECMWF ENS,ECMWF ENS | ICON-EU EPS | GEFS,0.0,3,0.0,0,0,0,0,GREEN,БЕЗ ЗНАЧАЈНОГ РИЗИКА,NO SIGNIFICANT RISK,HIGH,ECMWF ENS,ECMWF ENS | ICON-EU EPS | GEFS,0.0,3,0.0,0,0,0,0,GREEN,БЕЗ ЗНАЧАЈНОГ РИЗИКА,NO SIGNIFICANT RISK,HIGH,ECMWF ENS,ECMWF ENS | ICON-EU EPS | GEFS,0,GREEN,БЕЗ ЗНАЧАЈНОГ РИЗИКА,NO SIGNIFICANT RISK,NONE,HIGH,24,2026-08-21T06:00:00+00:00,2026-08-22T06:00:00+00:00,STORMS,EXPERIMENTAL,DEVELOPMENTAL MULTIMODEL SIGNAL - NOT CALIBRATED PROBABILITY,PUBLIC OPEN-DATA SERVICES,INDEPENDENT PROJECT - NOT AN OFFICIAL RHMZ WARNING PRODUCT
90263,PRIŠTINA-GRAD,PRIŠTINA-GRAD,ПРИШТИНА-ГРАД,0.0,0.0,0.0,0.0,0.0,11.002569487259404,60.09999847412109,9,54,2026-08-22T06:00:00Z,2026-08-20T00:00:00Z,0.0,0.0,0.0,52.4,0.0,9.8,9,0.0,0.0,12,0.4,0.0,9.1,0.0,0.0,0.0,0.0,0.0,0.0,0.0,3,0.0,0,0,0,0,GREEN,БЕЗ ЗНАЧАЈНОГ РИЗИКА,NO SIGNIFICANT RISK,HIGH,ECMWF ENS,ECMWF ENS | ICON-EU EPS | GEFS,0.0,3,0.0,0,0,0,0,GREEN,БЕЗ ЗНАЧАЈНОГ РИЗИКА,NO SIGNIFICANT RISK,HIGH,ECMWF ENS,ECMWF ENS | ICON-EU EPS | GEFS,0.0,3,0.0,0,0,0,0,GREEN,БЕЗ ЗНАЧАЈНОГ РИЗИКА,NO SIGNIFICANT RISK,HIGH,ECMWF ENS,ECMWF ENS | ICON-EU EPS | GEFS,0.0,3,0.0,0,0,0,0,GREEN,БЕЗ ЗНАЧАЈНОГ РИЗИКА,NO SIGNIFICANT RISK,HIGH,ECMWF ENS,ECMWF ENS | ICON-EU EPS | GEFS,0,GREEN,БЕЗ ЗНАЧАЈНОГ РИЗИКА,NO SIGNIFICANT RISK,NONE,HIGH,24,2026-08-21T06:00:00+00:00,2026-08-22T06:00:00+00:00,STORMS,EXPERIMENTAL,DEVELOPMENTAL MULTIMODEL SIGNAL - NOT CALIBRATED PROBABILITY,PUBLIC OPEN-DATA SERVICES,INDEPENDENT PROJECT - NOT AN OFFICIAL RHMZ WARNING PRODUCT
70998,PROKUPLJE,PROKUPLJE,ПРОКУПЉЕ,0.0,0.0,0.0,0.0,0.0,12.06388476344919,60.29999923706055,9,54,2026-08-22T06:00:00Z,2026-08-20T00:00:00Z,0.0,0.0,0.0,58.5,0.0,11.5,9,0.0,0.0,12,1.0,0.0,10.5,0.0,0.0,0.0,0.0,0.0,0.0,0.0,3,0.0,0,0,0,0,GREEN,БЕЗ ЗНАЧАЈНОГ РИЗИКА,NO SIGNIFICANT RISK,HIGH,ECMWF ENS,ECMWF ENS | ICON-EU EPS | GEFS,0.0,3,0.0,0,0,0,0,GREEN,БЕЗ ЗНАЧАЈНОГ РИЗИКА,NO SIGNIFICANT RISK,HIGH,ECMWF ENS,ECMWF ENS | ICON-EU EPS | GEFS,0.0,3,0.0,0,0,0,0,GREEN,БЕЗ ЗНАЧАЈНОГ РИЗИКА,NO SIGNIFICANT RISK,HIGH,ECMWF ENS,ECMWF ENS | ICON-EU EPS | GEFS,0.0,3,0.0,0,0,0,0,GREEN,БЕЗ ЗНАЧАЈНОГ РИЗИКА,NO SIGNIFICANT RISK,HIGH,ECMWF ENS,ECMWF ENS | ICON-EU EPS | GEFS,0,GREEN,БЕЗ ЗНАЧАЈНОГ РИЗИКА,NO SIGNIFICANT RISK,NONE,HIGH,24,2026-08-21T06:00:00+00:00,2026-08-22T06:00:00+00:00,STORMS,EXPERIMENTAL,DEVELOPMENTAL MULTIMODEL SIGNAL - NOT CALIBRATED PROBABILITY,PUBLIC OPEN-DATA SERVICES,INDEPENDENT PROJECT - NOT AN OFFICIAL RHMZ WARNING PRODUCT
71005,RAŽANJ,RAŽANJ,РАЖАЊ,0.0,0.0,0.0,0.0,0.0,14.397676787948804,60.92500305175781,9,54,2026-08-22T06:00:00Z,2026-08-20T00:00:00Z,0.0,0.0,0.0,54.5,0.0,13.0,9,0.0,0.0,12,1.6,0.0,10.0,0.0,0.0,0.0,0.0,0.0,0.0,0.0,3,0.0,0,0,0,0,GREEN,БЕЗ ЗНАЧАЈНОГ РИЗИКА,NO SIGNIFICANT RISK,HIGH,ECMWF ENS,ECMWF ENS | ICON-EU EPS | GEFS,0.0,3,0.0,0,0,0,0,GREEN,БЕЗ ЗНАЧАЈНОГ РИЗИКА,NO SIGNIFICANT RISK,HIGH,ECMWF ENS,ECMWF ENS | ICON-EU EPS | GEFS,0.0,3,0.0,0,0,0,0,GREEN,БЕЗ ЗНАЧАЈНОГ РИЗИКА,NO SIGNIFICANT RISK,HIGH,ECMWF ENS,ECMWF ENS | ICON-EU EPS | GEFS,0.0,3,0.0,0,0,0,0,GREEN,БЕЗ ЗНАЧАЈНОГ РИЗИКА,NO SIGNIFICANT RISK,HIGH,ECMWF ENS,ECMWF ENS | ICON-EU EPS | GEFS,0,GREEN,БЕЗ ЗНАЧАЈНОГ РИЗИКА,NO SIGNIFICANT RISK,NONE,HIGH,24,2026-08-21T06:00:00+00:00,2026-08-22T06:00:00+00:00,STORMS,EXPERIMENTAL,DEVELOPMENTAL MULTIMODEL SIGNAL - NOT CALIBRATED PROBABILITY,PUBLIC OPEN-DATA SERVICES,INDEPENDENT PROJECT - NOT AN OFFICIAL RHMZ WARNING PRODUCT
71013,RAČA,RAČA,РАЧА,0.0,0.0,0.0,0.0,0.0,14.109174784771222,70.68351364135742,8,54,2026-08-22T06:00:00Z,2026-08-20T00:00:00Z,0.0,0.0,32.2,70.5,0.0,8.3,8,0.0,0.0,10,0.0,0.0,11.4,0.0,0.0,0.0,0.0,0.0,0.0,0.0,3,0.0,0,0,0,0,GREEN,БЕЗ ЗНАЧАЈНОГ РИЗИКА,NO SIGNIFICANT RISK,HIGH,ECMWF ENS,ECMWF ENS | ICON-EU EPS | GEFS,0.0,3,0.0,0,0,0,0,GREEN,БЕЗ ЗНАЧАЈНОГ РИЗИКА,NO SIGNIFICANT RISK,HIGH,ECMWF ENS,ECMWF ENS | ICON-EU EPS | GEFS,0.0,3,0.0,0,0,0,0,GREEN,БЕЗ ЗНАЧАЈНОГ РИЗИКА,NO SIGNIFICANT RISK,HIGH,ECMWF ENS,ECMWF ENS | ICON-EU EPS | GEFS,0.0,3,0.0,0,0,0,0,GREEN,БЕЗ ЗНАЧАЈНОГ РИЗИКА,NO SIGNIFICANT RISK,HIGH,ECMWF ENS,ECMWF ENS | ICON-EU EPS | GEFS,0,GREEN,БЕЗ ЗНАЧАЈНОГ РИЗИКА,NO SIGNIFICANT RISK,NONE,HIGH,24,2026-08-21T06:00:00+00:00,2026-08-22T06:00:00+00:00,STORMS,EXPERIMENTAL,DEVELOPMENTAL MULTIMODEL SIGNAL - NOT CALIBRATED PROBABILITY,PUBLIC OPEN-DATA SERVICES,INDEPENDENT PROJECT - NOT AN OFFICIAL RHMZ WARNING PRODUCT
71021,RAŠKA,RAŠKA,РАШКА,0.0,0.0,0.0,0.0,0.0,12.123930453087524,62.88351440429688,10,54,2026-08-22T06:00:00Z,2026-08-20T00:00:00Z,0.0,0.0,4.9,64.4,0.0,8.8,10,0.0,0.0,12,1.2,0.0,10.6,0.0,0.0,0.0,0.0,0.0,0.0,0.0,3,0.0,0,0,0,0,GREEN,БЕЗ ЗНАЧАЈНОГ РИЗИКА,NO SIGNIFICANT RISK,HIGH,ECMWF ENS,ECMWF ENS | ICON-EU EPS | GEFS,0.0,3,0.0,0,0,0,0,GREEN,БЕЗ ЗНАЧАЈНОГ РИЗИКА,NO SIGNIFICANT RISK,HIGH,ECMWF ENS,ECMWF ENS | ICON-EU EPS | GEFS,0.0,3,0.0,0,0,0,0,GREEN,БЕЗ ЗНАЧАЈНОГ РИЗИКА,NO SIGNIFICANT RISK,HIGH,ECMWF ENS,ECMWF ENS | ICON-EU EPS | GEFS,0.0,3,0.0,0,0,0,0,GREEN,БЕЗ ЗНАЧАЈНОГ РИЗИКА,NO SIGNIFICANT RISK,HIGH,ECMWF ENS,ECMWF ENS | ICON-EU EPS | GEFS,0,GREEN,БЕЗ ЗНАЧАЈНОГ РИЗИКА,NO SIGNIFICANT RISK,NONE,HIGH,24,2026-08-21T06:00:00+00:00,2026-08-22T06:00:00+00:00,STORMS,EXPERIMENTAL,DEVELOPMENTAL MULTIMODEL SIGNAL - NOT CALIBRATED PROBABILITY,PUBLIC OPEN-DATA SERVICES,INDEPENDENT PROJECT - NOT AN OFFICIAL RHMZ WARNING PRODUCT
71030,REKOVAC,REKOVAC,РЕКОВАЦ,0.0,0.0,0.0,0.0,0.0,14.569758751287369,63.95000076293945,7,54,2026-08-22T06:00:00Z,2026-08-20T00:00:00Z,0.0,0.0,10.4,71.3,0.0,10.8,7,0.0,0.0,11,0.8,0.0,10.7,0.0,0.0,0.0,0.0,0.0,0.0,0.0,3,0.0,0,0,0,0,GREEN,БЕЗ ЗНАЧАЈНОГ РИЗИКА,NO SIGNIFICANT RISK,HIGH,ECMWF ENS,ECMWF ENS | ICON-EU EPS | GEFS,0.0,3,0.0,0,0,0,0,GREEN,БЕЗ ЗНАЧАЈНОГ РИЗИКА,NO SIGNIFICANT RISK,HIGH,ECMWF ENS,ECMWF ENS | ICON-EU EPS | GEFS,0.0,3,0.0,0,0,0,0,GREEN,БЕЗ ЗНАЧАЈНОГ РИЗИКА,NO SIGNIFICANT RISK,HIGH,ECMWF ENS,ECMWF ENS | ICON-EU EPS | GEFS,0.0,3,0.0,0,0,0,0,GREEN,БЕЗ ЗНАЧАЈНОГ РИЗИКА,NO SIGNIFICANT RISK,HIGH,ECMWF ENS,ECMWF ENS | ICON-EU EPS | GEFS,0,GREEN,БЕЗ ЗНАЧАЈНОГ РИЗИКА,NO SIGNIFICANT RISK,NONE,HIGH,24,2026-08-21T06:00:00+00:00,2026-08-22T06:00:00+00:00,STORMS,EXPERIMENTAL,DEVELOPMENTAL MULTIMODEL SIGNAL - NOT CALIBRATED PROBABILITY,PUBLIC OPEN-DATA SERVICES,INDEPENDENT PROJECT - NOT AN OFFICIAL RHMZ WARNING PRODUCT
80357,RUMA,RUMA,РУМА,0.0,0.0,0.0,0.0,0.0,10.331680860748262,74.28351402282715,12,54,2026-08-22T06:00:00Z,2026-08-20T00:00:00Z,0.0,0.0,368.2,58.4,0.0,6.9,12,0.0,0.0,12,35.1,0.0,10.4,0.0,0.0,0.0,0.0,0.0,0.0,0.0,3,0.0,0,0,0,0,GREEN,БЕЗ ЗНАЧАЈНОГ РИЗИКА,NO SIGNIFICANT RISK,HIGH,ECMWF ENS,ECMWF ENS | ICON-EU EPS | GEFS,0.0,3,0.0,0,0,0,0,GREEN,БЕЗ ЗНАЧАЈНОГ РИЗИКА,NO SIGNIFICANT RISK,HIGH,ECMWF ENS,ECMWF ENS | ICON-EU EPS | GEFS,0.0,3,0.0,0,0,0,0,GREEN,БЕЗ ЗНАЧАЈНОГ РИЗИКА,NO SIGNIFICANT RISK,HIGH,ECMWF ENS,ECMWF ENS | ICON-EU EPS | GEFS,0.0,3,0.0,0,0,0,0,GREEN,БЕЗ ЗНАЧАЈНОГ РИЗИКА,NO SIGNIFICANT RISK,HIGH,ECMWF ENS,ECMWF ENS | ICON-EU EPS | GEFS,0,GREEN,БЕЗ ЗНАЧАЈНОГ РИЗИКА,NO SIGNIFICANT RISK,NONE,HIGH,24,2026-08-21T06:00:00+00:00,2026-08-22T06:00:00+00:00,STORMS,EXPERIMENTAL,DEVELOPMENTAL MULTIMODEL SIGNAL - NOT CALIBRATED PROBABILITY,PUBLIC OPEN-DATA SERVICES,INDEPENDENT PROJECT - NOT AN OFFICIAL RHMZ WARNING PRODUCT
71072,SJENICA,SJENICA,СЈЕНИЦА,0.0,0.0,0.0,0.0,0.0,12.332979285025464,63.19999885559082,11,54,2026-08-22T06:00:00Z,2026-08-20T00:00:00Z,0.0,0.0,0.0,57.4,0.0,6.9,11,0.0,0.0,9,0.0,0.0,10.3,0.0,0.0,0.0,0.0,0.0,0.0,0.0,3,0.0,0,0,0,0,GREEN,БЕЗ ЗНАЧАЈНОГ РИЗИКА,NO SIGNIFICANT RISK,HIGH,ECMWF ENS,ECMWF ENS | ICON-EU EPS | GEFS,0.0,3,0.0,0,0,0,0,GREEN,БЕЗ ЗНАЧАЈНОГ РИЗИКА,NO SIGNIFICANT RISK,HIGH,ECMWF ENS,ECMWF ENS | ICON-EU EPS | GEFS,0.0,3,0.0,0,0,0,0,GREEN,БЕЗ ЗНАЧАЈНОГ РИЗИКА,NO SIGNIFICANT RISK,HIGH,ECMWF ENS,ECMWF ENS | ICON-EU EPS | GEFS,0.0,3,0.0,0,0,0,0,GREEN,БЕЗ ЗНАЧАЈНОГ РИЗИКА,NO SIGNIFICANT RISK,HIGH,ECMWF ENS,ECMWF ENS | ICON-EU EPS | GEFS,0,GREEN,БЕЗ ЗНАЧАЈНОГ РИЗИКА,NO SIGNIFICANT RISK,NONE,HIGH,24,2026-08-21T06:00:00+00:00,2026-08-22T06:00:00+00:00,STORMS,EXPERIMENTAL,DEVELOPMENTAL MULTIMODEL SIGNAL - NOT CALIBRATED PROBABILITY,PUBLIC OPEN-DATA SERVICES,INDEPENDENT PROJECT - NOT AN OFFICIAL RHMZ WARNING PRODUCT
71056,SVILAJNAC,SVILAJNAC,СВИЛАЈНАЦ,0.0,0.0,0.0,0.0,0.0,14.69889675892258,66.70317840576172,8,54,2026-08-22T06:00:00Z,2026-08-20T00:00:00Z,0.0,0.0,0.0,69.6,0.0,9.7,8,0.0,0.0,12,1.2,0.0,11.7,0.0,0.0,0.0,0.0,0.0,0.0,0.0,3,0.0,0,0,0,0,GREEN,БЕЗ ЗНАЧАЈНОГ РИЗИКА,NO SIGNIFICANT RISK,HIGH,ECMWF ENS,ECMWF ENS | ICON-EU EPS | GEFS,0.0,3,0.0,0,0,0,0,GREEN,БЕЗ ЗНАЧАЈНОГ РИЗИКА,NO SIGNIFICANT RISK,HIGH,ECMWF ENS,ECMWF ENS | ICON-EU EPS | GEFS,0.0,3,0.0,0,0,0,0,GREEN,БЕЗ ЗНАЧАЈНОГ РИЗИКА,NO SIGNIFICANT RISK,HIGH,ECMWF ENS,ECMWF ENS | ICON-EU EPS | GEFS,0.0,3,0.0,0,0,0,0,GREEN,БЕЗ ЗНАЧАЈНОГ РИЗИКА,NO SIGNIFICANT RISK,HIGH,ECMWF ENS,ECMWF ENS | ICON-EU EPS | GEFS,0,GREEN,БЕЗ ЗНАЧАЈНОГ РИЗИКА,NO SIGNIFICANT RISK,NONE,HIGH,24,2026-08-21T06:00:00+00:00,2026-08-22T06:00:00+00:00,STORMS,EXPERIMENTAL,DEVELOPMENTAL MULTIMODEL SIGNAL - NOT CALIBRATED PROBABILITY,PUBLIC OPEN-DATA SERVICES,INDEPENDENT PROJECT - NOT AN OFFICIAL RHMZ WARNING PRODUCT
71064,SVRLJIG,SVRLJIG,СВРЉИГ,0.0,0.0,0.0,0.0,0.0,12.434417367126304,60.29999923706055,10,54,2026-08-22T06:00:00Z,2026-08-20T00:00:00Z,0.0,0.0,0.0,51.0,0.0,11.3,10,0.0,0.0,11,1.2,0.0,7.9,0.0,0.0,0.0,0.0,0.0,0.0,0.0,3,0.0,0,0,0,0,GREEN,БЕЗ ЗНАЧАЈНОГ РИЗИКА,NO SIGNIFICANT RISK,HIGH,ECMWF ENS,ECMWF ENS | ICON-EU EPS | GEFS,0.0,3,0.0,0,0,0,0,GREEN,БЕЗ ЗНАЧАЈНОГ РИЗИКА,NO SIGNIFICANT RISK,HIGH,ECMWF ENS,ECMWF ENS | ICON-EU EPS | GEFS,0.0,3,0.0,0,0,0,0,GREEN,БЕЗ ЗНАЧАЈНОГ РИЗИКА,NO SIGNIFICANT RISK,HIGH,ECMWF ENS,ECMWF ENS | ICON-EU EPS | GEFS,0.0,3,0.0,0,0,0,0,GREEN,БЕЗ ЗНАЧАЈНОГ РИЗИКА,NO SIGNIFICANT RISK,HIGH,ECMWF ENS,ECMWF ENS | ICON-EU EPS | GEFS,0,GREEN,БЕЗ ЗНАЧАЈНОГ РИЗИКА,NO SIGNIFICANT RISK,NONE,HIGH,24,2026-08-21T06:00:00+00:00,2026-08-22T06:00:00+00:00,STORMS,EXPERIMENTAL,DEVELOPMENTAL MULTIMODEL SIGNAL - NOT CALIBRATED PROBABILITY,PUBLIC OPEN-DATA SERVICES,INDEPENDENT PROJECT - NOT AN OFFICIAL RHMZ WARNING PRODUCT
80365,SENTA,SENTA,СЕНТА,0.0,0.0,0.0,0.0,0.0,8.056582612229132,70.29999923706055,6,54,2026-08-22T06:00:00Z,2026-08-20T00:00:00Z,0.0,0.0,0.0,53.2,0.0,7.4,6,0.0,0.0,12,1.8,0.0,6.2,0.0,0.0,0.0,0.0,0.0,0.0,0.0,3,0.0,0,0,0,0,GREEN,БЕЗ ЗНАЧАЈНОГ РИЗИКА,NO SIGNIFICANT RISK,HIGH,ECMWF ENS,ECMWF ENS | ICON-EU EPS | GEFS,0.0,3,0.0,0,0,0,0,GREEN,БЕЗ ЗНАЧАЈНОГ РИЗИКА,NO SIGNIFICANT RISK,HIGH,ECMWF ENS,ECMWF ENS | ICON-EU EPS | GEFS,0.0,3,0.0,0,0,0,0,GREEN,БЕЗ ЗНАЧАЈНОГ РИЗИКА,NO SIGNIFICANT RISK,HIGH,ECMWF ENS,ECMWF ENS | ICON-EU EPS | GEFS,0.0,3,0.0,0,0,0,0,GREEN,БЕЗ ЗНАЧАЈНОГ РИЗИКА,NO SIGNIFICANT RISK,HIGH,ECMWF ENS,ECMWF ENS | ICON-EU EPS | GEFS,0,GREEN,БЕЗ ЗНАЧАЈНОГ РИЗИКА,NO SIGNIFICANT RISK,NONE,HIGH,24,2026-08-21T06:00:00+00:00,2026-08-22T06:00:00+00:00,STORMS,EXPERIMENTAL,DEVELOPMENTAL MULTIMODEL SIGNAL - NOT CALIBRATED PROBABILITY,PUBLIC OPEN-DATA SERVICES,INDEPENDENT PROJECT - NOT AN OFFICIAL RHMZ WARNING PRODUCT
80373,SEČANJ,SEČANJ,СЕЧАЊ,0.0,0.0,0.0,0.0,0.0,10.847302113094043,69.67500305175781,8,54,2026-08-22T06:00:00Z,2026-08-20T00:00:00Z,0.0,0.0,329.4,60.9,0.0,6.7,8,0.0,0.0,11,12.8,0.0,10.9,0.0,0.0,0.0,0.0,0.0,0.0,0.0,3,0.0,0,0,0,0,GREEN,БЕЗ ЗНАЧАЈНОГ РИЗИКА,NO SIGNIFICANT RISK,HIGH,ECMWF ENS,ECMWF ENS | ICON-EU EPS | GEFS,0.0,3,0.0,0,0,0,0,GREEN,БЕЗ ЗНАЧАЈНОГ РИЗИКА,NO SIGNIFICANT RISK,HIGH,ECMWF ENS,ECMWF ENS | ICON-EU EPS | GEFS,0.0,3,0.0,0,0,0,0,GREEN,БЕЗ ЗНАЧАЈНОГ РИЗИКА,NO SIGNIFICANT RISK,HIGH,ECMWF ENS,ECMWF ENS | ICON-EU EPS | GEFS,0.0,3,0.0,0,0,0,0,GREEN,БЕЗ ЗНАЧАЈНОГ РИЗИКА,NO SIGNIFICANT RISK,HIGH,ECMWF ENS,ECMWF ENS | ICON-EU EPS | GEFS,0,GREEN,БЕЗ ЗНАЧАЈНОГ РИЗИКА,NO SIGNIFICANT RISK,NONE,HIGH,24,2026-08-21T06:00:00+00:00,2026-08-22T06:00:00+00:00,STORMS,EXPERIMENTAL,DEVELOPMENTAL MULTIMODEL SIGNAL - NOT CALIBRATED PROBABILITY,PUBLIC OPEN-DATA SERVICES,INDEPENDENT PROJECT - NOT AN OFFICIAL RHMZ WARNING PRODUCT
71099,SMEDEREVO-GRAD,SMEDEREVO-GRAD,СМЕДЕРЕВО-ГРАД,0.0,0.0,0.0,0.0,0.0,13.21710252160699,70.9000015258789,8,54,2026-08-22T06:00:00Z,2026-08-20T00:00:00Z,0.0,0.0,94.2,69.6,0.0,7.4,8,0.0,0.0,12,0.2,0.0,12.7,0.0,0.0,0.0,0.0,0.0,0.0,0.0,3,0.0,0,0,0,0,GREEN,БЕЗ ЗНАЧАЈНОГ РИЗИКА,NO SIGNIFICANT RISK,HIGH,ECMWF ENS,ECMWF ENS | ICON-EU EPS | GEFS,0.0,3,0.0,0,0,0,0,GREEN,БЕЗ ЗНАЧАЈНОГ РИЗИКА,NO SIGNIFICANT RISK,HIGH,ECMWF ENS,ECMWF ENS | ICON-EU EPS | GEFS,0.0,3,0.0,0,0,0,0,GREEN,БЕЗ ЗНАЧАЈНОГ РИЗИКА,NO SIGNIFICANT RISK,HIGH,ECMWF ENS,ECMWF ENS | ICON-EU EPS | GEFS,0.0,3,0.0,0,0,0,0,GREEN,БЕЗ ЗНАЧАЈНОГ РИЗИКА,NO SIGNIFICANT RISK,HIGH,ECMWF ENS,ECMWF ENS | ICON-EU EPS | GEFS,0,GREEN,БЕЗ ЗНАЧАЈНОГ РИЗИКА,NO SIGNIFICANT RISK,NONE,HIGH,24,2026-08-21T06:00:00+00:00,2026-08-22T06:00:00+00:00,STORMS,EXPERIMENTAL,DEVELOPMENTAL MULTIMODEL SIGNAL - NOT CALIBRATED PROBABILITY,PUBLIC OPEN-DATA SERVICES,INDEPENDENT PROJECT - NOT AN OFFICIAL RHMZ WARNING PRODUCT
71102,SMEDEREVSKA PALANKA,SMEDEREVSKA PALANKA,СМЕДЕРЕВСКА ПАЛАНКА,0.0,0.0,0.0,0.0,0.0,14.109174784771222,70.9000015258789,8,54,2026-08-22T06:00:00Z,2026-08-20T00:00:00Z,0.0,0.0,67.0,68.6,0.0,7.7,8,0.0,0.0,10,0.4,0.0,11.7,0.0,0.0,0.0,0.0,0.0,0.0,0.0,3,0.0,0,0,0,0,GREEN,БЕЗ ЗНАЧАЈНОГ РИЗИКА,NO SIGNIFICANT RISK,HIGH,ECMWF ENS,ECMWF ENS | ICON-EU EPS | GEFS,0.0,3,0.0,0,0,0,0,GREEN,БЕЗ ЗНАЧАЈНОГ РИЗИКА,NO SIGNIFICANT RISK,HIGH,ECMWF ENS,ECMWF ENS | ICON-EU EPS | GEFS,0.0,3,0.0,0,0,0,0,GREEN,БЕЗ ЗНАЧАЈНОГ РИЗИКА,NO SIGNIFICANT RISK,HIGH,ECMWF ENS,ECMWF ENS | ICON-EU EPS | GEFS,0.0,3,0.0,0,0,0,0,GREEN,БЕЗ ЗНАЧАЈНОГ РИЗИКА,NO SIGNIFICANT RISK,HIGH,ECMWF ENS,ECMWF ENS | ICON-EU EPS | GEFS,0,GREEN,БЕЗ ЗНАЧАЈНОГ РИЗИКА,NO SIGNIFICANT RISK,NONE,HIGH,24,2026-08-21T06:00:00+00:00,2026-08-22T06:00:00+00:00,STORMS,EXPERIMENTAL,DEVELOPMENTAL MULTIMODEL SIGNAL - NOT CALIBRATED PROBABILITY,PUBLIC OPEN-DATA SERVICES,INDEPENDENT PROJECT - NOT AN OFFICIAL RHMZ WARNING PRODUCT
71129,SOKOBANJA,SOKOBANJA,СОКОБАЊА,0.0,0.0,0.0,0.0,0.0,13.2642743158436,60.29999923706055,9,54,2026-08-22T06:00:00Z,2026-08-20T00:00:00Z,0.0,0.0,9.9,51.9,0.0,12.4,9,0.0,0.0,10,1.5,0.0,9.1,0.0,0.0,0.0,0.0,0.0,0.0,0.0,3,0.0,0,0,0,0,GREEN,БЕЗ ЗНАЧАЈНОГ РИЗИКА,NO SIGNIFICANT RISK,HIGH,ECMWF ENS,ECMWF ENS | ICON-EU EPS | GEFS,0.0,3,0.0,0,0,0,0,GREEN,БЕЗ ЗНАЧАЈНОГ РИЗИКА,NO SIGNIFICANT RISK,HIGH,ECMWF ENS,ECMWF ENS | ICON-EU EPS | GEFS,0.0,3,0.0,0,0,0,0,GREEN,БЕЗ ЗНАЧАЈНОГ РИЗИКА,NO SIGNIFICANT RISK,HIGH,ECMWF ENS,ECMWF ENS | ICON-EU EPS | GEFS,0.0,3,0.0,0,0,0,0,GREEN,БЕЗ ЗНАЧАЈНОГ РИЗИКА,NO SIGNIFICANT RISK,HIGH,ECMWF ENS,ECMWF ENS | ICON-EU EPS | GEFS,0,GREEN,БЕЗ ЗНАЧАЈНОГ РИЗИКА,NO SIGNIFICANT RISK,NONE,HIGH,24,2026-08-21T06:00:00+00:00,2026-08-22T06:00:00+00:00,STORMS,EXPERIMENTAL,DEVELOPMENTAL MULTIMODEL SIGNAL - NOT CALIBRATED PROBABILITY,PUBLIC OPEN-DATA SERVICES,INDEPENDENT PROJECT - NOT AN OFFICIAL RHMZ WARNING PRODUCT
80381,SOMBOR-GRAD,SOMBOR-GRAD,СОМБОР-ГРАД,0.0,0.0,0.0,0.0,0.0,8.90411239302261,72.22500038146973,12,54,2026-08-22T06:00:00Z,2026-08-20T00:00:00Z,0.0,0.0,0.0,53.5,0.0,13.3,12,0.0,0.0,12,1.1,0.0,6.1,0.0,0.0,0.0,0.0,0.0,0.0,0.0,3,0.0,0,0,0,0,GREEN,БЕЗ ЗНАЧАЈНОГ РИЗИКА,NO SIGNIFICANT RISK,HIGH,ECMWF ENS,ECMWF ENS | ICON-EU EPS | GEFS,0.0,3,0.0,0,0,0,0,GREEN,БЕЗ ЗНАЧАЈНОГ РИЗИКА,NO SIGNIFICANT RISK,HIGH,ECMWF ENS,ECMWF ENS | ICON-EU EPS | GEFS,0.0,3,0.0,0,0,0,0,GREEN,БЕЗ ЗНАЧАЈНОГ РИЗИКА,NO SIGNIFICANT RISK,HIGH,ECMWF ENS,ECMWF ENS | ICON-EU EPS | GEFS,0.0,3,0.0,0,0,0,0,GREEN,БЕЗ ЗНАЧАЈНОГ РИЗИКА,NO SIGNIFICANT RISK,HIGH,ECMWF ENS,ECMWF ENS | ICON-EU EPS | GEFS,0,GREEN,БЕЗ ЗНАЧАЈНОГ РИЗИКА,NO SIGNIFICANT RISK,NONE,HIGH,24,2026-08-21T06:00:00+00:00,2026-08-22T06:00:00+00:00,STORMS,EXPERIMENTAL,DEVELOPMENTAL MULTIMODEL SIGNAL - NOT CALIBRATED PROBABILITY,PUBLIC OPEN-DATA SERVICES,INDEPENDENT PROJECT - NOT AN OFFICIAL RHMZ WARNING PRODUCT
90271,SRBICA,SRBICA,СРБИЦА,0.0,0.0,0.0,0.0,0.0,10.645462532269375,59.79999923706055,10,54,2026-08-22T06:00:00Z,2026-08-20T00:00:00Z,0.0,0.0,0.0,60.1,0.0,8.6,10,0.0,0.0,11,0.3,0.0,9.8,0.0,0.0,0.0,0.0,0.0,0.0,0.0,3,0.0,0,0,0,0,GREEN,БЕЗ ЗНАЧАЈНОГ РИЗИКА,NO SIGNIFICANT RISK,HIGH,ECMWF ENS,ECMWF ENS | ICON-EU EPS | GEFS,0.0,3,0.0,0,0,0,0,GREEN,БЕЗ ЗНАЧАЈНОГ РИЗИКА,NO SIGNIFICANT RISK,HIGH,ECMWF ENS,ECMWF ENS | ICON-EU EPS | GEFS,0.0,3,0.0,0,0,0,0,GREEN,БЕЗ ЗНАЧАЈНОГ РИЗИКА,NO SIGNIFICANT RISK,HIGH,ECMWF ENS,ECMWF ENS | ICON-EU EPS | GEFS,0.0,3,0.0,0,0,0,0,GREEN,БЕЗ ЗНАЧАЈНОГ РИЗИКА,NO SIGNIFICANT RISK,HIGH,ECMWF ENS,ECMWF ENS | ICON-EU EPS | GEFS,0,GREEN,БЕЗ ЗНАЧАЈНОГ РИЗИКА,NO SIGNIFICANT RISK,NONE,HIGH,24,2026-08-21T06:00:00+00:00,2026-08-22T06:00:00+00:00,STORMS,EXPERIMENTAL,DEVELOPMENTAL MULTIMODEL SIGNAL - NOT CALIBRATED PROBABILITY,PUBLIC OPEN-DATA SERVICES,INDEPENDENT PROJECT - NOT AN OFFICIAL RHMZ WARNING PRODUCT
80390,SRBOBRAN,SRBOBRAN,СРБОБРАН,0.0,0.0,0.0,0.0,0.0,7.927916284167638,72.9000015258789,7,54,2026-08-22T06:00:00Z,2026-08-20T00:00:00Z,0.0,0.0,70.4,51.3,0.0,7.3,7,0.0,0.0,12,9.2,0.0,8.2,0.0,0.0,0.0,0.0,0.0,0.0,0.0,3,0.0,0,0,0,0,GREEN,БЕЗ ЗНАЧАЈНОГ РИЗИКА,NO SIGNIFICANT RISK,HIGH,ECMWF ENS,ECMWF ENS | ICON-EU EPS | GEFS,0.0,3,0.0,0,0,0,0,GREEN,БЕЗ ЗНАЧАЈНОГ РИЗИКА,NO SIGNIFICANT RISK,HIGH,ECMWF ENS,ECMWF ENS | ICON-EU EPS | GEFS,0.0,3,0.0,0,0,0,0,GREEN,БЕЗ ЗНАЧАЈНОГ РИЗИКА,NO SIGNIFICANT RISK,HIGH,ECMWF ENS,ECMWF ENS | ICON-EU EPS | GEFS,0.0,3,0.0,0,0,0,0,GREEN,БЕЗ ЗНАЧАЈНОГ РИЗИКА,NO SIGNIFICANT RISK,HIGH,ECMWF ENS,ECMWF ENS | ICON-EU EPS | GEFS,0,GREEN,БЕЗ ЗНАЧАЈНОГ РИЗИКА,NO SIGNIFICANT RISK,NONE,HIGH,24,2026-08-21T06:00:00+00:00,2026-08-22T06:00:00+00:00,STORMS,EXPERIMENTAL,DEVELOPMENTAL MULTIMODEL SIGNAL - NOT CALIBRATED PROBABILITY,PUBLIC OPEN-DATA SERVICES,INDEPENDENT PROJECT - NOT AN OFFICIAL RHMZ WARNING PRODUCT
80403,SREMSKA MITROVICA-GRAD,SREMSKA MITROVICA-GRAD,СРЕМСКА МИТРОВИЦА-ГРАД,0.0,0.0,0.0,0.0,0.0,10.264963209139037,74.28351402282715,14,54,2026-08-22T06:00:00Z,2026-08-20T00:00:00Z,0.0,0.0,347.8,56.0,0.0,7.3,14,0.0,0.0,13,36.8,0.0,10.6,0.0,0.0,0.0,0.0,0.0,0.0,0.0,3,0.0,0,0,0,0,GREEN,БЕЗ ЗНАЧАЈНОГ РИЗИКА,NO SIGNIFICANT RISK,HIGH,ECMWF ENS,ECMWF ENS | ICON-EU EPS | GEFS,0.0,3,0.0,0,0,0,0,GREEN,БЕЗ ЗНАЧАЈНОГ РИЗИКА,NO SIGNIFICANT RISK,HIGH,ECMWF ENS,ECMWF ENS | ICON-EU EPS | GEFS,0.0,3,0.0,0,0,0,0,GREEN,БЕЗ ЗНАЧАЈНОГ РИЗИКА,NO SIGNIFICANT RISK,HIGH,ECMWF ENS,ECMWF ENS | ICON-EU EPS | GEFS,0.0,3,0.0,0,0,0,0,GREEN,БЕЗ ЗНАЧАЈНОГ РИЗИКА,NO SIGNIFICANT RISK,HIGH,ECMWF ENS,ECMWF ENS | ICON-EU EPS | GEFS,0,GREEN,БЕЗ ЗНАЧАЈНОГ РИЗИКА,NO SIGNIFICANT RISK,NONE,HIGH,24,2026-08-21T06:00:00+00:00,2026-08-22T06:00:00+00:00,STORMS,EXPERIMENTAL,DEVELOPMENTAL MULTIMODEL SIGNAL - NOT CALIBRATED PROBABILITY,PUBLIC OPEN-DATA SERVICES,INDEPENDENT PROJECT - NOT AN OFFICIAL RHMZ WARNING PRODUCT
80411,SREMSKI KARLOVCI,SREMSKI KARLOVCI,СРЕМСКИ КАРЛОВЦИ,0.0,0.0,0.0,0.0,0.0,9.05013809645346,74.28351402282715,5,54,2026-08-22T06:00:00Z,2026-08-20T00:00:00Z,0.0,0.0,364.5,58.5,0.0,6.7,5,0.0,0.0,10,43.6,0.0,10.2,0.0,0.0,0.0,0.0,0.0,0.0,0.0,3,0.0,0,0,0,0,GREEN,БЕЗ ЗНАЧАЈНОГ РИЗИКА,NO SIGNIFICANT RISK,HIGH,ECMWF ENS,ECMWF ENS | ICON-EU EPS | GEFS,0.0,3,0.0,0,0,0,0,GREEN,БЕЗ ЗНАЧАЈНОГ РИЗИКА,NO SIGNIFICANT RISK,HIGH,ECMWF ENS,ECMWF ENS | ICON-EU EPS | GEFS,0.0,3,0.0,0,0,0,0,GREEN,БЕЗ ЗНАЧАЈНОГ РИЗИКА,NO SIGNIFICANT RISK,HIGH,ECMWF ENS,ECMWF ENS | ICON-EU EPS | GEFS,0.0,3,0.0,0,0,0,0,GREEN,БЕЗ ЗНАЧАЈНОГ РИЗИКА,NO SIGNIFICANT RISK,HIGH,ECMWF ENS,ECMWF ENS | ICON-EU EPS | GEFS,0,GREEN,БЕЗ ЗНАЧАЈНОГ РИЗИКА,NO SIGNIFICANT RISK,NONE,HIGH,24,2026-08-21T06:00:00+00:00,2026-08-22T06:00:00+00:00,STORMS,EXPERIMENTAL,DEVELOPMENTAL MULTIMODEL SIGNAL - NOT CALIBRATED PROBABILITY,PUBLIC OPEN-DATA SERVICES,INDEPENDENT PROJECT - NOT AN OFFICIAL RHMZ WARNING PRODUCT
80420,STARA PAZOVA,STARA PAZOVA,СТАРА ПАЗОВА,0.0,0.0,0.0,0.0,0.0,10.430032105995023,72.79999923706055,9,54,2026-08-22T06:00:00Z,2026-08-20T00:00:00Z,0.0,0.0,364.6,58.4,0.0,6.5,9,0.0,0.0,10,29.5,0.0,10.3,0.0,0.0,0.0,0.0,0.0,0.0,0.0,3,0.0,0,0,0,0,GREEN,БЕЗ ЗНАЧАЈНОГ РИЗИКА,NO SIGNIFICANT RISK,HIGH,ECMWF ENS,ECMWF ENS | ICON-EU EPS | GEFS,0.0,3,0.0,0,0,0,0,GREEN,БЕЗ ЗНАЧАЈНОГ РИЗИКА,NO SIGNIFICANT RISK,HIGH,ECMWF ENS,ECMWF ENS | ICON-EU EPS | GEFS,0.0,3,0.0,0,0,0,0,GREEN,БЕЗ ЗНАЧАЈНОГ РИЗИКА,NO SIGNIFICANT RISK,HIGH,ECMWF ENS,ECMWF ENS | ICON-EU EPS | GEFS,0.0,3,0.0,0,0,0,0,GREEN,БЕЗ ЗНАЧАЈНОГ РИЗИКА,NO SIGNIFICANT RISK,HIGH,ECMWF ENS,ECMWF ENS | ICON-EU EPS | GEFS,0,GREEN,БЕЗ ЗНАЧАЈНОГ РИЗИКА,NO SIGNIFICANT RISK,NONE,HIGH,24,2026-08-21T06:00:00+00:00,2026-08-22T06:00:00+00:00,STORMS,EXPERIMENTAL,DEVELOPMENTAL MULTIMODEL SIGNAL - NOT CALIBRATED PROBABILITY,PUBLIC OPEN-DATA SERVICES,INDEPENDENT PROJECT - NOT AN OFFICIAL RHMZ WARNING PRODUCT
80438,SUBOTICA-GRAD,SUBOTICA-GRAD,СУБОТИЦА-ГРАД,0.0,0.0,0.0,0.0,0.0,8.482339917198777,71.45000076293945,13,54,2026-08-22T06:00:00Z,2026-08-20T00:00:00Z,0.0,0.0,0.0,53.7,0.0,10.6,13,0.0,0.0,11,1.2,0.0,5.4,0.0,0.0,0.0,0.0,0.0,0.0,0.0,3,0.0,0,0,0,0,GREEN,БЕЗ ЗНАЧАЈНОГ РИЗИКА,NO SIGNIFICANT RISK,HIGH,ECMWF ENS,ECMWF ENS | ICON-EU EPS | GEFS,0.0,3,0.0,0,0,0,0,GREEN,БЕЗ ЗНАЧАЈНОГ РИЗИКА,NO SIGNIFICANT RISK,HIGH,ECMWF ENS,ECMWF ENS | ICON-EU EPS | GEFS,0.0,3,0.0,0,0,0,0,GREEN,БЕЗ ЗНАЧАЈНОГ РИЗИКА,NO SIGNIFICANT RISK,HIGH,ECMWF ENS,ECMWF ENS | ICON-EU EPS | GEFS,0.0,3,0.0,0,0,0,0,GREEN,БЕЗ ЗНАЧАЈНОГ РИЗИКА,NO SIGNIFICANT RISK,HIGH,ECMWF ENS,ECMWF ENS | ICON-EU EPS | GEFS,0,GREEN,БЕЗ ЗНАЧАЈНОГ РИЗИКА,NO SIGNIFICANT RISK,NONE,HIGH,24,2026-08-21T06:00:00+00:00,2026-08-22T06:00:00+00:00,STORMS,EXPERIMENTAL,DEVELOPMENTAL MULTIMODEL SIGNAL - NOT CALIBRATED PROBABILITY,PUBLIC OPEN-DATA SERVICES,INDEPENDENT PROJECT - NOT AN OFFICIAL RHMZ WARNING PRODUCT
90280,SUVA REKA,SUVA REKA,СУВА РЕКА,0.0,0.0,0.0,0.0,0.0,8.712523866985691,58.60000038146973,8,54,2026-08-22T06:00:00Z,2026-08-20T00:00:00Z,0.0,0.0,0.0,55.4,0.0,8.6,8,0.0,0.0,11,0.9,0.0,6.2,0.0,0.0,0.0,0.0,0.0,0.0,0.0,3,0.0,0,0,0,0,GREEN,БЕЗ ЗНАЧАЈНОГ РИЗИКА,NO SIGNIFICANT RISK,HIGH,ECMWF ENS,ECMWF ENS | ICON-EU EPS | GEFS,0.0,3,0.0,0,0,0,0,GREEN,БЕЗ ЗНАЧАЈНОГ РИЗИКА,NO SIGNIFICANT RISK,HIGH,ECMWF ENS,ECMWF ENS | ICON-EU EPS | GEFS,0.0,3,0.0,0,0,0,0,GREEN,БЕЗ ЗНАЧАЈНОГ РИЗИКА,NO SIGNIFICANT RISK,HIGH,ECMWF ENS,ECMWF ENS | ICON-EU EPS | GEFS,0.0,3,0.0,0,0,0,0,GREEN,БЕЗ ЗНАЧАЈНОГ РИЗИКА,NO SIGNIFICANT RISK,HIGH,ECMWF ENS,ECMWF ENS | ICON-EU EPS | GEFS,0,GREEN,БЕЗ ЗНАЧАЈНОГ РИЗИКА,NO SIGNIFICANT RISK,NONE,HIGH,24,2026-08-21T06:00:00+00:00,2026-08-22T06:00:00+00:00,STORMS,EXPERIMENTAL,DEVELOPMENTAL MULTIMODEL SIGNAL - NOT CALIBRATED PROBABILITY,PUBLIC OPEN-DATA SERVICES,INDEPENDENT PROJECT - NOT AN OFFICIAL RHMZ WARNING PRODUCT
71137,SURDULICA,SURDULICA,СУРДУЛИЦА,0.0,0.0,0.0,0.0,0.0,6.895569540563941,60.09999847412109,9,54,2026-08-22T06:00:00Z,2026-08-20T00:00:00Z,0.0,0.0,0.0,55.4,0.0,4.8,9,0.0,0.0,13,0.2,0.0,3.3,0.0,0.0,0.0,0.0,0.0,0.0,0.0,3,0.0,0,0,0,0,GREEN,БЕЗ ЗНАЧАЈНОГ РИЗИКА,NO SIGNIFICANT RISK,HIGH,ECMWF ENS,ECMWF ENS | ICON-EU EPS | GEFS,0.0,3,0.0,0,0,0,0,GREEN,БЕЗ ЗНАЧАЈНОГ РИЗИКА,NO SIGNIFICANT RISK,HIGH,ECMWF ENS,ECMWF ENS | ICON-EU EPS | GEFS,0.0,3,0.0,0,0,0,0,GREEN,БЕЗ ЗНАЧАЈНОГ РИЗИКА,NO SIGNIFICANT RISK,HIGH,ECMWF ENS,ECMWF ENS | ICON-EU EPS | GEFS,0.0,3,0.0,0,0,0,0,GREEN,БЕЗ ЗНАЧАЈНОГ РИЗИКА,NO SIGNIFICANT RISK,HIGH,ECMWF ENS,ECMWF ENS | ICON-EU EPS | GEFS,0,GREEN,БЕЗ ЗНАЧАЈНОГ РИЗИКА,NO SIGNIFICANT RISK,NONE,HIGH,24,2026-08-21T06:00:00+00:00,2026-08-22T06:00:00+00:00,STORMS,EXPERIMENTAL,DEVELOPMENTAL MULTIMODEL SIGNAL - NOT CALIBRATED PROBABILITY,PUBLIC OPEN-DATA SERVICES,INDEPENDENT PROJECT - NOT AN OFFICIAL RHMZ WARNING PRODUCT
80446,TEMERIN,TEMERIN,ТЕМЕРИН,0.0,0.0,0.0,0.0,0.0,8.376833274241966,74.28351402282715,6,54,2026-08-22T06:00:00Z,2026-08-20T00:00:00Z,0.0,0.0,292.1,55.7,0.0,6.8,6,0.0,0.0,13,23.6,0.0,9.3,0.0,0.0,0.0,0.0,0.0,0.0,0.0,3,0.0,0,0,0,0,GREEN,БЕЗ ЗНАЧАЈНОГ РИЗИКА,NO SIGNIFICANT RISK,HIGH,ECMWF ENS,ECMWF ENS | ICON-EU EPS | GEFS,0.0,3,0.0,0,0,0,0,GREEN,БЕЗ ЗНАЧАЈНОГ РИЗИКА,NO SIGNIFICANT RISK,HIGH,ECMWF ENS,ECMWF ENS | ICON-EU EPS | GEFS,0.0,3,0.0,0,0,0,0,GREEN,БЕЗ ЗНАЧАЈНОГ РИЗИКА,NO SIGNIFICANT RISK,HIGH,ECMWF ENS,ECMWF ENS | ICON-EU EPS | GEFS,0.0,3,0.0,0,0,0,0,GREEN,БЕЗ ЗНАЧАЈНОГ РИЗИКА,NO SIGNIFICANT RISK,HIGH,ECMWF ENS,ECMWF ENS | ICON-EU EPS | GEFS,0,GREEN,БЕЗ ЗНАЧАЈНОГ РИЗИКА,NO SIGNIFICANT RISK,NONE,HIGH,24,2026-08-21T06:00:00+00:00,2026-08-22T06:00:00+00:00,STORMS,EXPERIMENTAL,DEVELOPMENTAL MULTIMODEL SIGNAL - NOT CALIBRATED PROBABILITY,PUBLIC OPEN-DATA SERVICES,INDEPENDENT PROJECT - NOT AN OFFICIAL RHMZ WARNING PRODUCT
80454,TITEL,TITEL,ТИТЕЛ,0.0,0.0,0.0,0.0,0.0,10.430032105995023,74.28351402282715,9,54,2026-08-22T06:00:00Z,2026-08-20T00:00:00Z,0.0,0.0,325.2,58.9,0.0,6.7,9,0.0,0.0,12,37.3,0.0,10.2,0.0,0.0,0.0,0.0,0.0,0.0,0.0,3,0.0,0,0,0,0,GREEN,БЕЗ ЗНАЧАЈНОГ РИЗИКА,NO SIGNIFICANT RISK,HIGH,ECMWF ENS,ECMWF ENS | ICON-EU EPS | GEFS,0.0,3,0.0,0,0,0,0,GREEN,БЕЗ ЗНАЧАЈНОГ РИЗИКА,NO SIGNIFICANT RISK,HIGH,ECMWF ENS,ECMWF ENS | ICON-EU EPS | GEFS,0.0,3,0.0,0,0,0,0,GREEN,БЕЗ ЗНАЧАЈНОГ РИЗИКА,NO SIGNIFICANT RISK,HIGH,ECMWF ENS,ECMWF ENS | ICON-EU EPS | GEFS,0.0,3,0.0,0,0,0,0,GREEN,БЕЗ ЗНАЧАЈНОГ РИЗИКА,NO SIGNIFICANT RISK,HIGH,ECMWF ENS,ECMWF ENS | ICON-EU EPS | GEFS,0,GREEN,БЕЗ ЗНАЧАЈНОГ РИЗИКА,NO SIGNIFICANT RISK,NONE,HIGH,24,2026-08-21T06:00:00+00:00,2026-08-22T06:00:00+00:00,STORMS,EXPERIMENTAL,DEVELOPMENTAL MULTIMODEL SIGNAL - NOT CALIBRATED PROBABILITY,PUBLIC OPEN-DATA SERVICES,INDEPENDENT PROJECT - NOT AN OFFICIAL RHMZ WARNING PRODUCT
71153,TOPOLA,TOPOLA,ТОПОЛА,0.0,0.0,0.0,0.0,0.0,13.45109587969598,70.9000015258789,10,54,2026-08-22T06:00:00Z,2026-08-20T00:00:00Z,0.0,0.0,67.0,68.6,0.0,7.7,10,0.0,0.0,10,0.1,0.0,10.7,0.0,0.0,0.0,0.0,0.0,0.0,0.0,3,0.0,0,0,0,0,GREEN,БЕЗ ЗНАЧАЈНОГ РИЗИКА,NO SIGNIFICANT RISK,HIGH,ECMWF ENS,ECMWF ENS | ICON-EU EPS | GEFS,0.0,3,0.0,0,0,0,0,GREEN,БЕЗ ЗНАЧАЈНОГ РИЗИКА,NO SIGNIFICANT RISK,HIGH,ECMWF ENS,ECMWF ENS | ICON-EU EPS | GEFS,0.0,3,0.0,0,0,0,0,GREEN,БЕЗ ЗНАЧАЈНОГ РИЗИКА,NO SIGNIFICANT RISK,HIGH,ECMWF ENS,ECMWF ENS | ICON-EU EPS | GEFS,0.0,3,0.0,0,0,0,0,GREEN,БЕЗ ЗНАЧАЈНОГ РИЗИКА,NO SIGNIFICANT RISK,HIGH,ECMWF ENS,ECMWF ENS | ICON-EU EPS | GEFS,0,GREEN,БЕЗ ЗНАЧАЈНОГ РИЗИКА,NO SIGNIFICANT RISK,NONE,HIGH,24,2026-08-21T06:00:00+00:00,2026-08-22T06:00:00+00:00,STORMS,EXPERIMENTAL,DEVELOPMENTAL MULTIMODEL SIGNAL - NOT CALIBRATED PROBABILITY,PUBLIC OPEN-DATA SERVICES,INDEPENDENT PROJECT - NOT AN OFFICIAL RHMZ WARNING PRODUCT
71161,TRGOVIŠTE,TRGOVIŠTE,ТРГОВИШТЕ,0.0,0.0,0.0,0.0,0.0,7.527493366800535,60.55000114440918,8,54,2026-08-22T06:00:00Z,2026-08-20T00:00:00Z,0.0,0.0,0.0,46.2,0.0,5.3,8,0.0,0.0,10,0.1,0.0,3.9,0.0,0.0,0.0,0.0,0.0,0.0,0.0,3,0.0,0,0,0,0,GREEN,БЕЗ ЗНАЧАЈНОГ РИЗИКА,NO SIGNIFICANT RISK,HIGH,ECMWF ENS,ECMWF ENS | ICON-EU EPS | GEFS,0.0,3,0.0,0,0,0,0,GREEN,БЕЗ ЗНАЧАЈНОГ РИЗИКА,NO SIGNIFICANT RISK,HIGH,ECMWF ENS,ECMWF ENS | ICON-EU EPS | GEFS,0.0,3,0.0,0,0,0,0,GREEN,БЕЗ ЗНАЧАЈНОГ РИЗИКА,NO SIGNIFICANT RISK,HIGH,ECMWF ENS,ECMWF ENS | ICON-EU EPS | GEFS,0.0,3,0.0,0,0,0,0,GREEN,БЕЗ ЗНАЧАЈНОГ РИЗИКА,NO SIGNIFICANT RISK,HIGH,ECMWF ENS,ECMWF ENS | ICON-EU EPS | GEFS,0,GREEN,БЕЗ ЗНАЧАЈНОГ РИЗИКА,NO SIGNIFICANT RISK,NONE,HIGH,24,2026-08-21T06:00:00+00:00,2026-08-22T06:00:00+00:00,STORMS,EXPERIMENTAL,DEVELOPMENTAL MULTIMODEL SIGNAL - NOT CALIBRATED PROBABILITY,PUBLIC OPEN-DATA SERVICES,INDEPENDENT PROJECT - NOT AN OFFICIAL RHMZ WARNING PRODUCT
71170,TRSTENIK,TRSTENIK,ТРСТЕНИК,0.0,0.0,0.0,0.0,0.0,13.097653298314896,61.61240196228027,6,54,2026-08-22T06:00:00Z,2026-08-20T00:00:00Z,0.0,0.0,0.0,68.6,0.0,11.2,6,0.0,0.0,10,0.2,0.0,10.5,0.0,0.0,0.0,0.0,0.0,0.0,0.0,3,0.0,0,0,0,0,GREEN,БЕЗ ЗНАЧАЈНОГ РИЗИКА,NO SIGNIFICANT RISK,HIGH,ECMWF ENS,ECMWF ENS | ICON-EU EPS | GEFS,0.0,3,0.0,0,0,0,0,GREEN,БЕЗ ЗНАЧАЈНОГ РИЗИКА,NO SIGNIFICANT RISK,HIGH,ECMWF ENS,ECMWF ENS | ICON-EU EPS | GEFS,0.0,3,0.0,0,0,0,0,GREEN,БЕЗ ЗНАЧАЈНОГ РИЗИКА,NO SIGNIFICANT RISK,HIGH,ECMWF ENS,ECMWF ENS | ICON-EU EPS | GEFS,0.0,3,0.0,0,0,0,0,GREEN,БЕЗ ЗНАЧАЈНОГ РИЗИКА,NO SIGNIFICANT RISK,HIGH,ECMWF ENS,ECMWF ENS | ICON-EU EPS | GEFS,0,GREEN,БЕЗ ЗНАЧАЈНОГ РИЗИКА,NO SIGNIFICANT RISK,NONE,HIGH,24,2026-08-21T06:00:00+00:00,2026-08-22T06:00:00+00:00,STORMS,EXPERIMENTAL,DEVELOPMENTAL MULTIMODEL SIGNAL - NOT CALIBRATED PROBABILITY,PUBLIC OPEN-DATA SERVICES,INDEPENDENT PROJECT - NOT AN OFFICIAL RHMZ WARNING PRODUCT
71188,TUTIN,TUTIN,ТУТИН,0.0,0.0,0.0,0.0,0.0,10.856800487210393,62.64999961853027,10,54,2026-08-22T06:00:00Z,2026-08-20T00:00:00Z,0.0,0.0,0.0,55.3,0.0,8.6,10,0.0,0.0,9,0.0,0.0,9.9,0.0,0.0,0.0,0.0,0.0,0.0,0.0,3,0.0,0,0,0,0,GREEN,БЕЗ ЗНАЧАЈНОГ РИЗИКА,NO SIGNIFICANT RISK,HIGH,ECMWF ENS,ECMWF ENS | ICON-EU EPS | GEFS,0.0,3,0.0,0,0,0,0,GREEN,БЕЗ ЗНАЧАЈНОГ РИЗИКА,NO SIGNIFICANT RISK,HIGH,ECMWF ENS,ECMWF ENS | ICON-EU EPS | GEFS,0.0,3,0.0,0,0,0,0,GREEN,БЕЗ ЗНАЧАЈНОГ РИЗИКА,NO SIGNIFICANT RISK,HIGH,ECMWF ENS,ECMWF ENS | ICON-EU EPS | GEFS,0.0,3,0.0,0,0,0,0,GREEN,БЕЗ ЗНАЧАЈНОГ РИЗИКА,NO SIGNIFICANT RISK,HIGH,ECMWF ENS,ECMWF ENS | ICON-EU EPS | GEFS,0,GREEN,БЕЗ ЗНАЧАЈНОГ РИЗИКА,NO SIGNIFICANT RISK,NONE,HIGH,24,2026-08-21T06:00:00+00:00,2026-08-22T06:00:00+00:00,STORMS,EXPERIMENTAL,DEVELOPMENTAL MULTIMODEL SIGNAL - NOT CALIBRATED PROBABILITY,PUBLIC OPEN-DATA SERVICES,INDEPENDENT PROJECT - NOT AN OFFICIAL RHMZ WARNING PRODUCT
71218,UB,UB,УБ,0.0,0.0,0.0,0.0,0.0,11.48146642522328,72.33351516723633,10,54,2026-08-22T06:00:00Z,2026-08-20T00:00:00Z,2.0,0.0,0.4,67.0,0.0,8.6,10,0.0,0.0,10,0.0,0.0,10.0,0.0,0.0,0.0,0.0,0.0,0.0,0.7,3,2.0,0,0,0,0,GREEN,БЕЗ ЗНАЧАЈНОГ РИЗИКА,NO SIGNIFICANT RISK,HIGH,ECMWF ENS,ECMWF ENS | ICON-EU EPS | GEFS,0.0,3,0.0,0,0,0,0,GREEN,БЕЗ ЗНАЧАЈНОГ РИЗИКА,NO SIGNIFICANT RISK,HIGH,ECMWF ENS,ECMWF ENS | ICON-EU EPS | GEFS,0.0,3,0.0,0,0,0,0,GREEN,БЕЗ ЗНАЧАЈНОГ РИЗИКА,NO SIGNIFICANT RISK,HIGH,ECMWF ENS,ECMWF ENS | ICON-EU EPS | GEFS,0.0,3,0.0,0,0,0,0,GREEN,БЕЗ ЗНАЧАЈНОГ РИЗИКА,NO SIGNIFICANT RISK,HIGH,ECMWF ENS,ECMWF ENS | ICON-EU EPS | GEFS,0,GREEN,БЕЗ ЗНАЧАЈНОГ РИЗИКА,NO SIGNIFICANT RISK,NONE,HIGH,24,2026-08-21T06:00:00+00:00,2026-08-22T06:00:00+00:00,STORMS,EXPERIMENTAL,DEVELOPMENTAL MULTIMODEL SIGNAL - NOT CALIBRATED PROBABILITY,PUBLIC OPEN-DATA SERVICES,INDEPENDENT PROJECT - NOT AN OFFICIAL RHMZ WARNING PRODUCT
71145,UŽICE-GRAD,UŽICE-GRAD,УЖИЦЕ-ГРАД,0.0,0.0,0.0,0.0,0.0,13.120879125807011,70.0,12,54,2026-08-22T06:00:00Z,2026-08-20T00:00:00Z,2.0,0.0,245.8,60.4,0.0,8.0,12,0.0,0.0,11,8.8,0.0,9.7,0.0,0.0,0.0,0.0,0.0,0.0,0.7,3,2.0,0,0,0,0,GREEN,БЕЗ ЗНАЧАЈНОГ РИЗИКА,NO SIGNIFICANT RISK,HIGH,ECMWF ENS,ECMWF ENS | ICON-EU EPS | GEFS,0.0,3,0.0,0,0,0,0,GREEN,БЕЗ ЗНАЧАЈНОГ РИЗИКА,NO SIGNIFICANT RISK,HIGH,ECMWF ENS,ECMWF ENS | ICON-EU EPS | GEFS,0.0,3,0.0,0,0,0,0,GREEN,БЕЗ ЗНАЧАЈНОГ РИЗИКА,NO SIGNIFICANT RISK,HIGH,ECMWF ENS,ECMWF ENS | ICON-EU EPS | GEFS,0.0,3,0.0,0,0,0,0,GREEN,БЕЗ ЗНАЧАЈНОГ РИЗИКА,NO SIGNIFICANT RISK,HIGH,ECMWF ENS,ECMWF ENS | ICON-EU EPS | GEFS,0,GREEN,БЕЗ ЗНАЧАЈНОГ РИЗИКА,NO SIGNIFICANT RISK,NONE,HIGH,24,2026-08-21T06:00:00+00:00,2026-08-22T06:00:00+00:00,STORMS,EXPERIMENTAL,DEVELOPMENTAL MULTIMODEL SIGNAL - NOT CALIBRATED PROBABILITY,PUBLIC OPEN-DATA SERVICES,INDEPENDENT PROJECT - NOT AN OFFICIAL RHMZ WARNING PRODUCT
90301,UROŠEVAC,UROŠEVAC,УРОШЕВАЦ,0.0,0.0,0.0,0.0,0.0,8.853041923023945,60.19999885559082,8,54,2026-08-22T06:00:00Z,2026-08-20T00:00:00Z,0.0,0.0,0.0,54.5,0.0,7.4,8,0.0,0.0,9,0.5,0.0,5.2,0.0,0.0,0.0,0.0,0.0,0.0,0.0,3,0.0,0,0,0,0,GREEN,БЕЗ ЗНАЧАЈНОГ РИЗИКА,NO SIGNIFICANT RISK,HIGH,ECMWF ENS,ECMWF ENS | ICON-EU EPS | GEFS,0.0,3,0.0,0,0,0,0,GREEN,БЕЗ ЗНАЧАЈНОГ РИЗИКА,NO SIGNIFICANT RISK,HIGH,ECMWF ENS,ECMWF ENS | ICON-EU EPS | GEFS,0.0,3,0.0,0,0,0,0,GREEN,БЕЗ ЗНАЧАЈНОГ РИЗИКА,NO SIGNIFICANT RISK,HIGH,ECMWF ENS,ECMWF ENS | ICON-EU EPS | GEFS,0.0,3,0.0,0,0,0,0,GREEN,БЕЗ ЗНАЧАЈНОГ РИЗИКА,NO SIGNIFICANT RISK,HIGH,ECMWF ENS,ECMWF ENS | ICON-EU EPS | GEFS,0,GREEN,БЕЗ ЗНАЧАЈНОГ РИЗИКА,NO SIGNIFICANT RISK,NONE,HIGH,24,2026-08-21T06:00:00+00:00,2026-08-22T06:00:00+00:00,STORMS,EXPERIMENTAL,DEVELOPMENTAL MULTIMODEL SIGNAL - NOT CALIBRATED PROBABILITY,PUBLIC OPEN-DATA SERVICES,INDEPENDENT PROJECT - NOT AN OFFICIAL RHMZ WARNING PRODUCT
71226,CRNA TRAVA,CRNA TRAVA,ЦРНА ТРАВА,0.0,0.0,0.0,0.0,0.0,8.421130548372734,59.61803817749024,8,54,2026-08-22T06:00:00Z,2026-08-20T00:00:00Z,0.0,0.0,0.0,46.5,0.0,8.2,8,0.0,0.0,12,0.2,0.0,3.8,0.0,0.0,0.0,0.0,0.0,0.0,0.0,3,0.0,0,0,0,0,GREEN,БЕЗ ЗНАЧАЈНОГ РИЗИКА,NO SIGNIFICANT RISK,HIGH,ECMWF ENS,ECMWF ENS | ICON-EU EPS | GEFS,0.0,3,0.0,0,0,0,0,GREEN,БЕЗ ЗНАЧАЈНОГ РИЗИКА,NO SIGNIFICANT RISK,HIGH,ECMWF ENS,ECMWF ENS | ICON-EU EPS | GEFS,0.0,3,0.0,0,0,0,0,GREEN,БЕЗ ЗНАЧАЈНОГ РИЗИКА,NO SIGNIFICANT RISK,HIGH,ECMWF ENS,ECMWF ENS | ICON-EU EPS | GEFS,0.0,3,0.0,0,0,0,0,GREEN,БЕЗ ЗНАЧАЈНОГ РИЗИКА,NO SIGNIFICANT RISK,HIGH,ECMWF ENS,ECMWF ENS | ICON-EU EPS | GEFS,0,GREEN,БЕЗ ЗНАЧАЈНОГ РИЗИКА,NO SIGNIFICANT RISK,NONE,HIGH,24,2026-08-21T06:00:00+00:00,2026-08-22T06:00:00+00:00,STORMS,EXPERIMENTAL,DEVELOPMENTAL MULTIMODEL SIGNAL - NOT CALIBRATED PROBABILITY,PUBLIC OPEN-DATA SERVICES,INDEPENDENT PROJECT - NOT AN OFFICIAL RHMZ WARNING PRODUCT
71234,ČAJETINA,ČAJETINA,ЧАЈЕТИНА,0.0,0.0,0.0,0.0,0.0,13.120879125807011,68.53351593017578,9,54,2026-08-22T06:00:00Z,2026-08-20T00:00:00Z,2.0,0.0,46.2,61.4,0.0,8.1,9,0.0,0.0,11,0.0,0.0,9.8,0.0,0.0,0.0,0.0,0.0,0.0,0.7,3,2.0,0,0,0,0,GREEN,БЕЗ ЗНАЧАЈНОГ РИЗИКА,NO SIGNIFICANT RISK,HIGH,ECMWF ENS,ECMWF ENS | ICON-EU EPS | GEFS,0.0,3,0.0,0,0,0,0,GREEN,БЕЗ ЗНАЧАЈНОГ РИЗИКА,NO SIGNIFICANT RISK,HIGH,ECMWF ENS,ECMWF ENS | ICON-EU EPS | GEFS,0.0,3,0.0,0,0,0,0,GREEN,БЕЗ ЗНАЧАЈНОГ РИЗИКА,NO SIGNIFICANT RISK,HIGH,ECMWF ENS,ECMWF ENS | ICON-EU EPS | GEFS,0.0,3,0.0,0,0,0,0,GREEN,БЕЗ ЗНАЧАЈНОГ РИЗИКА,NO SIGNIFICANT RISK,HIGH,ECMWF ENS,ECMWF ENS | ICON-EU EPS | GEFS,0,GREEN,БЕЗ ЗНАЧАЈНОГ РИЗИКА,NO SIGNIFICANT RISK,NONE,HIGH,24,2026-08-21T06:00:00+00:00,2026-08-22T06:00:00+00:00,STORMS,EXPERIMENTAL,DEVELOPMENTAL MULTIMODEL SIGNAL - NOT CALIBRATED PROBABILITY,PUBLIC OPEN-DATA SERVICES,INDEPENDENT PROJECT - NOT AN OFFICIAL RHMZ WARNING PRODUCT
71242,ČAČAK-GRAD,ČAČAK-GRAD,ЧАЧАК-ГРАД,0.0,0.0,0.0,0.0,0.0,12.972172846173258,70.0,8,54,2026-08-22T06:00:00Z,2026-08-20T00:00:00Z,0.0,0.0,8.5,69.3,0.0,9.8,8,0.0,0.0,12,1.1,0.0,10.3,0.0,0.0,0.0,0.0,0.0,0.0,0.0,3,0.0,0,0,0,0,GREEN,БЕЗ ЗНАЧАЈНОГ РИЗИКА,NO SIGNIFICANT RISK,HIGH,ECMWF ENS,ECMWF ENS | ICON-EU EPS | GEFS,0.0,3,0.0,0,0,0,0,GREEN,БЕЗ ЗНАЧАЈНОГ РИЗИКА,NO SIGNIFICANT RISK,HIGH,ECMWF ENS,ECMWF ENS | ICON-EU EPS | GEFS,0.0,3,0.0,0,0,0,0,GREEN,БЕЗ ЗНАЧАЈНОГ РИЗИКА,NO SIGNIFICANT RISK,HIGH,ECMWF ENS,ECMWF ENS | ICON-EU EPS | GEFS,0.0,3,0.0,0,0,0,0,GREEN,БЕЗ ЗНАЧАЈНОГ РИЗИКА,NO SIGNIFICANT RISK,HIGH,ECMWF ENS,ECMWF ENS | ICON-EU EPS | GEFS,0,GREEN,БЕЗ ЗНАЧАЈНОГ РИЗИКА,NO SIGNIFICANT RISK,NONE,HIGH,24,2026-08-21T06:00:00+00:00,2026-08-22T06:00:00+00:00,STORMS,EXPERIMENTAL,DEVELOPMENTAL MULTIMODEL SIGNAL - NOT CALIBRATED PROBABILITY,PUBLIC OPEN-DATA SERVICES,INDEPENDENT PROJECT - NOT AN OFFICIAL RHMZ WARNING PRODUCT
80489,ČOKA,ČOKA,ЧОКА,0.0,0.0,0.0,0.0,0.0,8.13884011596649,70.29999923706055,8,54,2026-08-22T06:00:00Z,2026-08-20T00:00:00Z,0.0,0.0,0.0,57.6,0.0,6.8,8,0.0,0.0,12,2.0,0.0,6.8,0.0,0.0,0.0,0.0,0.0,0.0,0.0,3,0.0,0,0,0,0,GREEN,БЕЗ ЗНАЧАЈНОГ РИЗИКА,NO SIGNIFICANT RISK,HIGH,ECMWF ENS,ECMWF ENS | ICON-EU EPS | GEFS,0.0,3,0.0,0,0,0,0,GREEN,БЕЗ ЗНАЧАЈНОГ РИЗИКА,NO SIGNIFICANT RISK,HIGH,ECMWF ENS,ECMWF ENS | ICON-EU EPS | GEFS,0.0,3,0.0,0,0,0,0,GREEN,БЕЗ ЗНАЧАЈНОГ РИЗИКА,NO SIGNIFICANT RISK,HIGH,ECMWF ENS,ECMWF ENS | ICON-EU EPS | GEFS,0.0,3,0.0,0,0,0,0,GREEN,БЕЗ ЗНАЧАЈНОГ РИЗИКА,NO SIGNIFICANT RISK,HIGH,ECMWF ENS,ECMWF ENS | ICON-EU EPS | GEFS,0,GREEN,БЕЗ ЗНАЧАЈНОГ РИЗИКА,NO SIGNIFICANT RISK,NONE,HIGH,24,2026-08-21T06:00:00+00:00,2026-08-22T06:00:00+00:00,STORMS,EXPERIMENTAL,DEVELOPMENTAL MULTIMODEL SIGNAL - NOT CALIBRATED PROBABILITY,PUBLIC OPEN-DATA SERVICES,INDEPENDENT PROJECT - NOT AN OFFICIAL RHMZ WARNING PRODUCT
71269,ŠABAC-GRAD,ŠABAC-GRAD,ШАБАЦ-ГРАД,0.0,0.0,0.0,0.0,0.0,11.226157512566155,72.79999923706055,12,54,2026-08-22T06:00:00Z,2026-08-20T00:00:00Z,0.0,0.0,320.5,58.5,0.0,7.1,12,0.0,0.0,9,3.8,0.0,10.5,0.0,0.0,0.0,0.0,0.0,0.0,0.0,3,0.0,0,0,0,0,GREEN,БЕЗ ЗНАЧАЈНОГ РИЗИКА,NO SIGNIFICANT RISK,HIGH,ECMWF ENS,ECMWF ENS | ICON-EU EPS | GEFS,0.0,3,0.0,0,0,0,0,GREEN,БЕЗ ЗНАЧАЈНОГ РИЗИКА,NO SIGNIFICANT RISK,HIGH,ECMWF ENS,ECMWF ENS | ICON-EU EPS | GEFS,0.0,3,0.0,0,0,0,0,GREEN,БЕЗ ЗНАЧАЈНОГ РИЗИКА,NO SIGNIFICANT RISK,HIGH,ECMWF ENS,ECMWF ENS | ICON-EU EPS | GEFS,0.0,3,0.0,0,0,0,0,GREEN,БЕЗ ЗНАЧАЈНОГ РИЗИКА,NO SIGNIFICANT RISK,HIGH,ECMWF ENS,ECMWF ENS | ICON-EU EPS | GEFS,0,GREEN,БЕЗ ЗНАЧАЈНОГ РИЗИКА,NO SIGNIFICANT RISK,NONE,HIGH,24,2026-08-21T06:00:00+00:00,2026-08-22T06:00:00+00:00,STORMS,EXPERIMENTAL,DEVELOPMENTAL MULTIMODEL SIGNAL - NOT CALIBRATED PROBABILITY,PUBLIC OPEN-DATA SERVICES,INDEPENDENT PROJECT - NOT AN OFFICIAL RHMZ WARNING PRODUCT
80497,ŠID,ŠID,ШИД,0.0,0.0,0.0,0.0,0.0,10.264963209139037,74.28351402282715,13,54,2026-08-22T06:00:00Z,2026-08-20T00:00:00Z,0.0,0.0,320.9,52.3,0.0,7.8,13,0.0,0.0,12,31.5,0.0,10.2,0.0,0.0,0.0,0.0,0.0,0.0,0.0,3,0.0,0,0,0,0,GREEN,БЕЗ ЗНАЧАЈНОГ РИЗИКА,NO SIGNIFICANT RISK,HIGH,ECMWF ENS,ECMWF ENS | ICON-EU EPS | GEFS,0.0,3,0.0,0,0,0,0,GREEN,БЕЗ ЗНАЧАЈНОГ РИЗИКА,NO SIGNIFICANT RISK,HIGH,ECMWF ENS,ECMWF ENS | ICON-EU EPS | GEFS,0.0,3,0.0,0,0,0,0,GREEN,БЕЗ ЗНАЧАЈНОГ РИЗИКА,NO SIGNIFICANT RISK,HIGH,ECMWF ENS,ECMWF ENS | ICON-EU EPS | GEFS,0.0,3,0.0,0,0,0,0,GREEN,БЕЗ ЗНАЧАЈНОГ РИЗИКА,NO SIGNIFICANT RISK,HIGH,ECMWF ENS,ECMWF ENS | ICON-EU EPS | GEFS,0,GREEN,БЕЗ ЗНАЧАЈНОГ РИЗИКА,NO SIGNIFICANT RISK,NONE,HIGH,24,2026-08-21T06:00:00+00:00,2026-08-22T06:00:00+00:00,STORMS,EXPERIMENTAL,DEVELOPMENTAL MULTIMODEL SIGNAL - NOT CALIBRATED PROBABILITY,PUBLIC OPEN-DATA SERVICES,INDEPENDENT PROJECT - NOT AN OFFICIAL RHMZ WARNING PRODUCT
90310,ŠTIMLJE,ŠTIMLJE,ШТИМЉЕ,0.0,0.0,0.0,0.0,0.0,8.712523866985691,58.60000038146973,6,54,2026-08-22T06:00:00Z,2026-08-20T00:00:00Z,0.0,0.0,0.0,54.5,0.0,7.4,6,0.0,0.0,13,0.5,0.0,7.4,0.0,0.0,0.0,0.0,0.0,0.0,0.0,3,0.0,0,0,0,0,GREEN,БЕЗ ЗНАЧАЈНОГ РИЗИКА,NO SIGNIFICANT RISK,HIGH,ECMWF ENS,ECMWF ENS | ICON-EU EPS | GEFS,0.0,3,0.0,0,0,0,0,GREEN,БЕЗ ЗНАЧАЈНОГ РИЗИКА,NO SIGNIFICANT RISK,HIGH,ECMWF ENS,ECMWF ENS | ICON-EU EPS | GEFS,0.0,3,0.0,0,0,0,0,GREEN,БЕЗ ЗНАЧАЈНОГ РИЗИКА,NO SIGNIFICANT RISK,HIGH,ECMWF ENS,ECMWF ENS | ICON-EU EPS | GEFS,0.0,3,0.0,0,0,0,0,GREEN,БЕЗ ЗНАЧАЈНОГ РИЗИКА,NO SIGNIFICANT RISK,HIGH,ECMWF ENS,ECMWF ENS | ICON-EU EPS | GEFS,0,GREEN,БЕЗ ЗНАЧАЈНОГ РИЗИКА,NO SIGNIFICANT RISK,NONE,HIGH,24,2026-08-21T06:00:00+00:00,2026-08-22T06:00:00+00:00,STORMS,EXPERIMENTAL,DEVELOPMENTAL MULTIMODEL SIGNAL - NOT CALIBRATED PROBABILITY,PUBLIC OPEN-DATA SERVICES,INDEPENDENT PROJECT - NOT AN OFFICIAL RHMZ WARNING PRODUCT
90328,ŠTRPCE,ŠTRPCE,ШТРПЦЕ,0.0,0.0,0.0,0.0,0.0,8.353615997773256,59.09999847412109,7,54,2026-08-22T06:00:00Z,2026-08-20T00:00:00Z,0.0,0.0,0.0,51.1,0.0,5.8,7,0.0,0.0,10,0.5,0.0,5.4,0.0,0.0,0.0,0.0,0.0,0.0,0.0,3,0.0,0,0,0,0,GREEN,БЕЗ ЗНАЧАЈНОГ РИЗИКА,NO SIGNIFICANT RISK,HIGH,ECMWF ENS,ECMWF ENS | ICON-EU EPS | GEFS,0.0,3,0.0,0,0,0,0,GREEN,БЕЗ ЗНАЧАЈНОГ РИЗИКА,NO SIGNIFICANT RISK,HIGH,ECMWF ENS,ECMWF ENS | ICON-EU EPS | GEFS,0.0,3,0.0,0,0,0,0,GREEN,БЕЗ ЗНАЧАЈНОГ РИЗИКА,NO SIGNIFICANT RISK,HIGH,ECMWF ENS,ECMWF ENS | ICON-EU EPS | GEFS,0.0,3,0.0,0,0,0,0,GREEN,БЕЗ ЗНАЧАЈНОГ РИЗИКА,NO SIGNIFICANT RISK,HIGH,ECMWF ENS,ECMWF ENS | ICON-EU EPS | GEFS,0,GREEN,БЕЗ ЗНАЧАЈНОГ РИЗИКА,NO SIGNIFICANT RISK,NONE,HIGH,24,2026-08-21T06:00:00+00:00,2026-08-22T06:00:00+00:00,STORMS,EXPERIMENTAL,DEVELOPMENTAL MULTIMODEL SIGNAL - NOT CALIBRATED PROBABILITY,PUBLIC OPEN-DATA SERVICES,INDEPENDENT PROJECT - NOT AN OFFICIAL RHMZ WARNING PRODUCT
