Value_sc,thunder_signal,thunder_risk_raw,thunder_level,thunder_color,thunder_label_sr,thunder_label_en,thunder_confidence,thunder_spatial_support,thunder_ecmwf,thunder_icon,thunder_gefs,thunder_models_ge10,thunder_models_ge40,thunder_model_spread,thunder_dominant_model,thunder_interpretation_sr,hail_signal,hail_color,hail_level,hail_label_sr,hail_label_en,hail_confidence,hail_ecmwf,hail_icon,hail_gefs,large_hail_signal,large_hail_color,large_hail_level,large_hail_label_sr,large_hail_label_en,large_hail_confidence,very_large_hail_signal,very_large_hail_color,very_large_hail_level,very_large_hail_label_sr,very_large_hail_label_en,very_large_hail_confidence,hail_models_ge10,hail_models_ge40,hail_models_ge50,hail_model_spread,large_hail_models_ge10,large_hail_model_spread,very_large_hail_models_ge10,very_large_hail_model_spread,storm_overview_level,storm_overview_color,storm_overview_label_sr,storm_overview_label_en,storm_dominant_hazard,storm_overview_confidence,forecast_hour,product_family,product_status,probability_status,source_models,data_source_status,institutional_status
ЂАКОВИЦА,19.7,LOW,1,YELLOW,ПОВИШЕН,ELEVATED,LOW,HIGH,44.0,15.0,0.0,2,1,44.0,ECMWF,"ECMWF ENS daje najjači signal (44.0%), ali je međumodelska saglasnost niska. Dominantni scenario ima visoku lokalnu prostornu podršku.",8.3,GREEN,0,БЕЗ ЗНАЧАЈНОГ РИЗИКА,NO SIGNIFICANT RISK,HIGH,20.0,5.0,0.0,0.0,GREEN,0,БЕЗ ЗНАЧАЈНОГ РИЗИКА,NO SIGNIFICANT RISK,HIGH,0.0,GREEN,0,БЕЗ ЗНАЧАЈНОГ РИЗИКА,NO SIGNIFICANT RISK,HIGH,1,0,0,20.0,0,0.0,0,0.0,1,YELLOW,ПОВИШЕН,ELEVATED,THUNDER,LOW,36,STORMS,EXPERIMENTAL,DEVELOPMENTAL MULTIMODEL SIGNAL - NOT CALIBRATED PROBABILITY,ECMWF ENS | ICON-EU EPS | GEFS,PUBLIC OPEN-DATA SERVICES,INDEPENDENT PROJECT - NOT AN OFFICIAL RHMZ WARNING PRODUCT
ЈАГОДИНА-ГРАД,8.7,VERY LOW,0,GREEN,БЕЗ ЗНАЧАЈНОГ РИЗИКА,NO SIGNIFICANT RISK,MODERATE,MODERATE,26.0,0.0,0.0,1,0,26.0,ECMWF,Postoji delimična multimodel podrška za prognozirani scenario. Dominantni scenario ima umerenu lokalnu prostornu podršku.,0.0,GREEN,0,БЕЗ ЗНАЧАЈНОГ РИЗИКА,NO SIGNIFICANT RISK,HIGH,0.0,0.0,0.0,0.0,GREEN,0,БЕЗ ЗНАЧАЈНОГ РИЗИКА,NO SIGNIFICANT RISK,HIGH,0.0,GREEN,0,БЕЗ ЗНАЧАЈНОГ РИЗИКА,NO SIGNIFICANT RISK,HIGH,0,0,0,0.0,0,0.0,0,0.0,0,GREEN,БЕЗ ЗНАЧАЈНОГ РИЗИКА,NO SIGNIFICANT RISK,NONE,MODERATE,36,STORMS,EXPERIMENTAL,DEVELOPMENTAL MULTIMODEL SIGNAL - NOT CALIBRATED PROBABILITY,ECMWF ENS | ICON-EU EPS | GEFS,PUBLIC OPEN-DATA SERVICES,INDEPENDENT PROJECT - NOT AN OFFICIAL RHMZ WARNING PRODUCT
ЉИГ,16.0,LOW,1,YELLOW,ПОВИШЕН,ELEVATED,LOW,HIGH,48.0,0.0,0.0,1,1,48.0,ECMWF,"ECMWF ENS daje najjači signal (48.0%), ali je međumodelska saglasnost niska. Dominantni scenario ima visoku lokalnu prostornu podršku.",8.7,GREEN,0,БЕЗ ЗНАЧАЈНОГ РИЗИКА,NO SIGNIFICANT RISK,MODERATE,26.0,0.0,0.0,0.0,GREEN,0,БЕЗ ЗНАЧАЈНОГ РИЗИКА,NO SIGNIFICANT RISK,HIGH,0.0,GREEN,0,БЕЗ ЗНАЧАЈНОГ РИЗИКА,NO SIGNIFICANT RISK,HIGH,1,0,0,26.0,0,0.0,0,0.0,1,YELLOW,ПОВИШЕН,ELEVATED,THUNDER,LOW,36,STORMS,EXPERIMENTAL,DEVELOPMENTAL MULTIMODEL SIGNAL - NOT CALIBRATED PROBABILITY,ECMWF ENS | ICON-EU EPS | GEFS,PUBLIC OPEN-DATA SERVICES,INDEPENDENT PROJECT - NOT AN OFFICIAL RHMZ WARNING PRODUCT
ЉУБОВИЈА,27.8,LOW,1,YELLOW,ПОВИШЕН,ELEVATED,LOW,HIGH,76.0,7.5,0.0,1,1,76.0,ECMWF,"ECMWF ENS daje najjači signal (76.0%), ali je međumodelska saglasnost niska. Dominantni scenario ima visoku lokalnu prostornu podršku.",21.3,YELLOW,1,ПОВИШЕН,ELEVATED,LOW,64.0,0.0,0.0,0.7,GREEN,0,БЕЗ ЗНАЧАЈНОГ РИЗИКА,NO SIGNIFICANT RISK,HIGH,0.0,GREEN,0,БЕЗ ЗНАЧАЈНОГ РИЗИКА,NO SIGNIFICANT RISK,HIGH,1,1,1,64.0,0,2.0,0,0.0,1,YELLOW,ПОВИШЕН,ELEVATED,THUNDER+HAIL,LOW,36,STORMS,EXPERIMENTAL,DEVELOPMENTAL MULTIMODEL SIGNAL - NOT CALIBRATED PROBABILITY,ECMWF ENS | ICON-EU EPS | GEFS,PUBLIC OPEN-DATA SERVICES,INDEPENDENT PROJECT - NOT AN OFFICIAL RHMZ WARNING PRODUCT
ЋИЋЕВАЦ,6.0,VERY LOW,0,GREEN,БЕЗ ЗНАЧАЈНОГ РИЗИКА,NO SIGNIFICANT RISK,HIGH,MODERATE,18.0,0.0,0.0,1,0,18.0,ECMWF,Modeli daju relativno dobro usaglašen signal. Dominantni scenario ima umerenu lokalnu prostornu podršku.,0.0,GREEN,0,БЕЗ ЗНАЧАЈНОГ РИЗИКА,NO SIGNIFICANT RISK,HIGH,0.0,0.0,0.0,0.0,GREEN,0,БЕЗ ЗНАЧАЈНОГ РИЗИКА,NO SIGNIFICANT RISK,HIGH,0.0,GREEN,0,БЕЗ ЗНАЧАЈНОГ РИЗИКА,NO SIGNIFICANT RISK,HIGH,0,0,0,0.0,0,0.0,0,0.0,0,GREEN,БЕЗ ЗНАЧАЈНОГ РИЗИКА,NO SIGNIFICANT RISK,NONE,HIGH,36,STORMS,EXPERIMENTAL,DEVELOPMENTAL MULTIMODEL SIGNAL - NOT CALIBRATED PROBABILITY,ECMWF ENS | ICON-EU EPS | GEFS,PUBLIC OPEN-DATA SERVICES,INDEPENDENT PROJECT - NOT AN OFFICIAL RHMZ WARNING PRODUCT
ЋУПРИЈА,6.7,VERY LOW,0,GREEN,БЕЗ ЗНАЧАЈНОГ РИЗИКА,NO SIGNIFICANT RISK,HIGH,LOW,20.0,0.0,0.0,1,0,20.0,ECMWF,Modeli daju relativno dobro usaglašen signal.,0.0,GREEN,0,БЕЗ ЗНАЧАЈНОГ РИЗИКА,NO SIGNIFICANT RISK,HIGH,0.0,0.0,0.0,0.0,GREEN,0,БЕЗ ЗНАЧАЈНОГ РИЗИКА,NO SIGNIFICANT RISK,HIGH,0.0,GREEN,0,БЕЗ ЗНАЧАЈНОГ РИЗИКА,NO SIGNIFICANT RISK,HIGH,0,0,0,0.0,0,0.0,0,0.0,0,GREEN,БЕЗ ЗНАЧАЈНОГ РИЗИКА,NO SIGNIFICANT RISK,NONE,HIGH,36,STORMS,EXPERIMENTAL,DEVELOPMENTAL MULTIMODEL SIGNAL - NOT CALIBRATED PROBABILITY,ECMWF ENS | ICON-EU EPS | GEFS,PUBLIC OPEN-DATA SERVICES,INDEPENDENT PROJECT - NOT AN OFFICIAL RHMZ WARNING PRODUCT
АДА,0.7,VERY LOW,0,GREEN,БЕЗ ЗНАЧАЈНОГ РИЗИКА,NO SIGNIFICANT RISK,HIGH,NONE,2.0,0.0,0.0,0,0,2.0,ECMWF,Modeli daju relativno dobro usaglašen signal.,0.0,GREEN,0,БЕЗ ЗНАЧАЈНОГ РИЗИКА,NO SIGNIFICANT RISK,HIGH,0.0,0.0,0.0,0.0,GREEN,0,БЕЗ ЗНАЧАЈНОГ РИЗИКА,NO SIGNIFICANT RISK,HIGH,0.0,GREEN,0,БЕЗ ЗНАЧАЈНОГ РИЗИКА,NO SIGNIFICANT RISK,HIGH,0,0,0,0.0,0,0.0,0,0.0,0,GREEN,БЕЗ ЗНАЧАЈНОГ РИЗИКА,NO SIGNIFICANT RISK,NONE,HIGH,36,STORMS,EXPERIMENTAL,DEVELOPMENTAL MULTIMODEL SIGNAL - NOT CALIBRATED PROBABILITY,ECMWF ENS | ICON-EU EPS | GEFS,PUBLIC OPEN-DATA SERVICES,INDEPENDENT PROJECT - NOT AN OFFICIAL RHMZ WARNING PRODUCT
АЛЕКСАНДРОВАЦ,18.0,LOW,1,YELLOW,ПОВИШЕН,ELEVATED,LOW,HIGH,54.0,0.0,0.0,1,1,54.0,ECMWF,"ECMWF ENS daje najjači signal (54.0%), ali je međumodelska saglasnost niska. Dominantni scenario ima visoku lokalnu prostornu podršku.",0.7,GREEN,0,БЕЗ ЗНАЧАЈНОГ РИЗИКА,NO SIGNIFICANT RISK,HIGH,2.0,0.0,0.0,0.0,GREEN,0,БЕЗ ЗНАЧАЈНОГ РИЗИКА,NO SIGNIFICANT RISK,HIGH,0.0,GREEN,0,БЕЗ ЗНАЧАЈНОГ РИЗИКА,NO SIGNIFICANT RISK,HIGH,0,0,0,2.0,0,0.0,0,0.0,1,YELLOW,ПОВИШЕН,ELEVATED,THUNDER,LOW,36,STORMS,EXPERIMENTAL,DEVELOPMENTAL MULTIMODEL SIGNAL - NOT CALIBRATED PROBABILITY,ECMWF ENS | ICON-EU EPS | GEFS,PUBLIC OPEN-DATA SERVICES,INDEPENDENT PROJECT - NOT AN OFFICIAL RHMZ WARNING PRODUCT
АЛЕКСИНАЦ,4.7,VERY LOW,0,GREEN,БЕЗ ЗНАЧАЈНОГ РИЗИКА,NO SIGNIFICANT RISK,HIGH,MODERATE,14.0,0.0,0.0,1,0,14.0,ECMWF,Modeli daju relativno dobro usaglašen signal. Dominantni scenario ima umerenu lokalnu prostornu podršku.,0.0,GREEN,0,БЕЗ ЗНАЧАЈНОГ РИЗИКА,NO SIGNIFICANT RISK,HIGH,0.0,0.0,0.0,0.0,GREEN,0,БЕЗ ЗНАЧАЈНОГ РИЗИКА,NO SIGNIFICANT RISK,HIGH,0.0,GREEN,0,БЕЗ ЗНАЧАЈНОГ РИЗИКА,NO SIGNIFICANT RISK,HIGH,0,0,0,0.0,0,0.0,0,0.0,0,GREEN,БЕЗ ЗНАЧАЈНОГ РИЗИКА,NO SIGNIFICANT RISK,NONE,HIGH,36,STORMS,EXPERIMENTAL,DEVELOPMENTAL MULTIMODEL SIGNAL - NOT CALIBRATED PROBABILITY,ECMWF ENS | ICON-EU EPS | GEFS,PUBLIC OPEN-DATA SERVICES,INDEPENDENT PROJECT - NOT AN OFFICIAL RHMZ WARNING PRODUCT
АЛИБУНАР,8.5,VERY LOW,0,GREEN,БЕЗ ЗНАЧАЈНОГ РИЗИКА,NO SIGNIFICANT RISK,HIGH,MODERATE,18.0,7.5,0.0,1,0,18.0,ECMWF,Modeli daju relativno dobro usaglašen signal. Dominantni scenario ima umerenu lokalnu prostornu podršku.,0.0,GREEN,0,БЕЗ ЗНАЧАЈНОГ РИЗИКА,NO SIGNIFICANT RISK,HIGH,0.0,0.0,0.0,0.0,GREEN,0,БЕЗ ЗНАЧАЈНОГ РИЗИКА,NO SIGNIFICANT RISK,HIGH,0.0,GREEN,0,БЕЗ ЗНАЧАЈНОГ РИЗИКА,NO SIGNIFICANT RISK,HIGH,0,0,0,0.0,0,0.0,0,0.0,0,GREEN,БЕЗ ЗНАЧАЈНОГ РИЗИКА,NO SIGNIFICANT RISK,NONE,HIGH,36,STORMS,EXPERIMENTAL,DEVELOPMENTAL MULTIMODEL SIGNAL - NOT CALIBRATED PROBABILITY,ECMWF ENS | ICON-EU EPS | GEFS,PUBLIC OPEN-DATA SERVICES,INDEPENDENT PROJECT - NOT AN OFFICIAL RHMZ WARNING PRODUCT
АПАТИН,0.0,VERY LOW,0,GREEN,БЕЗ ЗНАЧАЈНОГ РИЗИКА,NO SIGNIFICANT RISK,HIGH,NONE,0.0,0.0,0.0,0,0,0.0,ECMWF,Modeli daju relativno dobro usaglašen signal.,0.0,GREEN,0,БЕЗ ЗНАЧАЈНОГ РИЗИКА,NO SIGNIFICANT RISK,HIGH,0.0,0.0,0.0,0.0,GREEN,0,БЕЗ ЗНАЧАЈНОГ РИЗИКА,NO SIGNIFICANT RISK,HIGH,0.0,GREEN,0,БЕЗ ЗНАЧАЈНОГ РИЗИКА,NO SIGNIFICANT RISK,HIGH,0,0,0,0.0,0,0.0,0,0.0,0,GREEN,БЕЗ ЗНАЧАЈНОГ РИЗИКА,NO SIGNIFICANT RISK,NONE,HIGH,36,STORMS,EXPERIMENTAL,DEVELOPMENTAL MULTIMODEL SIGNAL - NOT CALIBRATED PROBABILITY,ECMWF ENS | ICON-EU EPS | GEFS,PUBLIC OPEN-DATA SERVICES,INDEPENDENT PROJECT - NOT AN OFFICIAL RHMZ WARNING PRODUCT
АРАНЂЕЛОВАЦ,12.0,LOW,1,YELLOW,ПОВИШЕН,ELEVATED,MODERATE,HIGH,36.0,0.0,0.0,1,0,36.0,ECMWF,Postoji delimična multimodel podrška za prognozirani scenario. Dominantni scenario ima visoku lokalnu prostornu podršku.,5.3,GREEN,0,БЕЗ ЗНАЧАЈНОГ РИЗИКА,NO SIGNIFICANT RISK,HIGH,16.0,0.0,0.0,0.0,GREEN,0,БЕЗ ЗНАЧАЈНОГ РИЗИКА,NO SIGNIFICANT RISK,HIGH,0.0,GREEN,0,БЕЗ ЗНАЧАЈНОГ РИЗИКА,NO SIGNIFICANT RISK,HIGH,1,0,0,16.0,0,0.0,0,0.0,1,YELLOW,ПОВИШЕН,ELEVATED,THUNDER,MODERATE,36,STORMS,EXPERIMENTAL,DEVELOPMENTAL MULTIMODEL SIGNAL - NOT CALIBRATED PROBABILITY,ECMWF ENS | ICON-EU EPS | GEFS,PUBLIC OPEN-DATA SERVICES,INDEPENDENT PROJECT - NOT AN OFFICIAL RHMZ WARNING PRODUCT
АРИЉЕ,17.1,LOW,1,YELLOW,ПОВИШЕН,ELEVATED,LOW,HIGH,48.0,0.0,3.2,1,1,48.0,ECMWF,"ECMWF ENS daje najjači signal (48.0%), ali je međumodelska saglasnost niska. Dominantni scenario ima visoku lokalnu prostornu podršku.",10.0,YELLOW,1,ПОВИШЕН,ELEVATED,MODERATE,30.0,0.0,0.0,0.0,GREEN,0,БЕЗ ЗНАЧАЈНОГ РИЗИКА,NO SIGNIFICANT RISK,HIGH,0.0,GREEN,0,БЕЗ ЗНАЧАЈНОГ РИЗИКА,NO SIGNIFICANT RISK,HIGH,1,0,0,30.0,0,0.0,0,0.0,1,YELLOW,ПОВИШЕН,ELEVATED,THUNDER+HAIL,LOW,36,STORMS,EXPERIMENTAL,DEVELOPMENTAL MULTIMODEL SIGNAL - NOT CALIBRATED PROBABILITY,ECMWF ENS | ICON-EU EPS | GEFS,PUBLIC OPEN-DATA SERVICES,INDEPENDENT PROJECT - NOT AN OFFICIAL RHMZ WARNING PRODUCT
БАЈИНА БАШТА,27.8,LOW,1,YELLOW,ПОВИШЕН,ELEVATED,LOW,HIGH,76.0,7.5,0.0,1,1,76.0,ECMWF,"ECMWF ENS daje najjači signal (76.0%), ali je međumodelska saglasnost niska. Dominantni scenario ima visoku lokalnu prostornu podršku.",26.0,YELLOW,1,ПОВИШЕН,ELEVATED,LOW,78.0,0.0,0.0,0.7,GREEN,0,БЕЗ ЗНАЧАЈНОГ РИЗИКА,NO SIGNIFICANT RISK,HIGH,0.0,GREEN,0,БЕЗ ЗНАЧАЈНОГ РИЗИКА,NO SIGNIFICANT RISK,HIGH,1,1,1,78.0,0,2.0,0,0.0,1,YELLOW,ПОВИШЕН,ELEVATED,THUNDER+HAIL,LOW,36,STORMS,EXPERIMENTAL,DEVELOPMENTAL MULTIMODEL SIGNAL - NOT CALIBRATED PROBABILITY,ECMWF ENS | ICON-EU EPS | GEFS,PUBLIC OPEN-DATA SERVICES,INDEPENDENT PROJECT - NOT AN OFFICIAL RHMZ WARNING PRODUCT
БАБУШНИЦА,0.7,VERY LOW,0,GREEN,БЕЗ ЗНАЧАЈНОГ РИЗИКА,NO SIGNIFICANT RISK,HIGH,NONE,2.0,0.0,0.0,0,0,2.0,ECMWF,Modeli daju relativno dobro usaglašen signal.,0.0,GREEN,0,БЕЗ ЗНАЧАЈНОГ РИЗИКА,NO SIGNIFICANT RISK,HIGH,0.0,0.0,0.0,0.0,GREEN,0,БЕЗ ЗНАЧАЈНОГ РИЗИКА,NO SIGNIFICANT RISK,HIGH,0.0,GREEN,0,БЕЗ ЗНАЧАЈНОГ РИЗИКА,NO SIGNIFICANT RISK,HIGH,0,0,0,0.0,0,0.0,0,0.0,0,GREEN,БЕЗ ЗНАЧАЈНОГ РИЗИКА,NO SIGNIFICANT RISK,NONE,HIGH,36,STORMS,EXPERIMENTAL,DEVELOPMENTAL MULTIMODEL SIGNAL - NOT CALIBRATED PROBABILITY,ECMWF ENS | ICON-EU EPS | GEFS,PUBLIC OPEN-DATA SERVICES,INDEPENDENT PROJECT - NOT AN OFFICIAL RHMZ WARNING PRODUCT
БАТОЧИНА,10.7,LOW,1,YELLOW,ПОВИШЕН,ELEVATED,MODERATE,MODERATE,32.0,0.0,0.0,1,0,32.0,ECMWF,Postoji delimična multimodel podrška za prognozirani scenario. Dominantni scenario ima umerenu lokalnu prostornu podršku.,0.7,GREEN,0,БЕЗ ЗНАЧАЈНОГ РИЗИКА,NO SIGNIFICANT RISK,HIGH,2.0,0.0,0.0,0.0,GREEN,0,БЕЗ ЗНАЧАЈНОГ РИЗИКА,NO SIGNIFICANT RISK,HIGH,0.0,GREEN,0,БЕЗ ЗНАЧАЈНОГ РИЗИКА,NO SIGNIFICANT RISK,HIGH,0,0,0,2.0,0,0.0,0,0.0,1,YELLOW,ПОВИШЕН,ELEVATED,THUNDER,MODERATE,36,STORMS,EXPERIMENTAL,DEVELOPMENTAL MULTIMODEL SIGNAL - NOT CALIBRATED PROBABILITY,ECMWF ENS | ICON-EU EPS | GEFS,PUBLIC OPEN-DATA SERVICES,INDEPENDENT PROJECT - NOT AN OFFICIAL RHMZ WARNING PRODUCT
БАЧ,2.7,VERY LOW,0,GREEN,БЕЗ ЗНАЧАЈНОГ РИЗИКА,NO SIGNIFICANT RISK,HIGH,NONE,8.0,0.0,0.0,0,0,8.0,ECMWF,Modeli daju relativno dobro usaglašen signal.,1.3,GREEN,0,БЕЗ ЗНАЧАЈНОГ РИЗИКА,NO SIGNIFICANT RISK,HIGH,4.0,0.0,0.0,0.0,GREEN,0,БЕЗ ЗНАЧАЈНОГ РИЗИКА,NO SIGNIFICANT RISK,HIGH,0.0,GREEN,0,БЕЗ ЗНАЧАЈНОГ РИЗИКА,NO SIGNIFICANT RISK,HIGH,0,0,0,4.0,0,0.0,0,0.0,0,GREEN,БЕЗ ЗНАЧАЈНОГ РИЗИКА,NO SIGNIFICANT RISK,NONE,HIGH,36,STORMS,EXPERIMENTAL,DEVELOPMENTAL MULTIMODEL SIGNAL - NOT CALIBRATED PROBABILITY,ECMWF ENS | ICON-EU EPS | GEFS,PUBLIC OPEN-DATA SERVICES,INDEPENDENT PROJECT - NOT AN OFFICIAL RHMZ WARNING PRODUCT
БАЧКА ПАЛАНКА,4.2,VERY LOW,0,GREEN,БЕЗ ЗНАЧАЈНОГ РИЗИКА,NO SIGNIFICANT RISK,HIGH,MODERATE,10.0,2.5,0.0,1,0,10.0,ECMWF,Modeli daju relativno dobro usaglašen signal. Dominantni scenario ima umerenu lokalnu prostornu podršku.,2.7,GREEN,0,БЕЗ ЗНАЧАЈНОГ РИЗИКА,NO SIGNIFICANT RISK,HIGH,8.0,0.0,0.0,0.0,GREEN,0,БЕЗ ЗНАЧАЈНОГ РИЗИКА,NO SIGNIFICANT RISK,HIGH,0.0,GREEN,0,БЕЗ ЗНАЧАЈНОГ РИЗИКА,NO SIGNIFICANT RISK,HIGH,0,0,0,8.0,0,0.0,0,0.0,0,GREEN,БЕЗ ЗНАЧАЈНОГ РИЗИКА,NO SIGNIFICANT RISK,NONE,HIGH,36,STORMS,EXPERIMENTAL,DEVELOPMENTAL MULTIMODEL SIGNAL - NOT CALIBRATED PROBABILITY,ECMWF ENS | ICON-EU EPS | GEFS,PUBLIC OPEN-DATA SERVICES,INDEPENDENT PROJECT - NOT AN OFFICIAL RHMZ WARNING PRODUCT
БАЧКА ТОПОЛА,0.0,VERY LOW,0,GREEN,БЕЗ ЗНАЧАЈНОГ РИЗИКА,NO SIGNIFICANT RISK,HIGH,NONE,0.0,0.0,0.0,0,0,0.0,ECMWF,Modeli daju relativno dobro usaglašen signal.,0.0,GREEN,0,БЕЗ ЗНАЧАЈНОГ РИЗИКА,NO SIGNIFICANT RISK,HIGH,0.0,0.0,0.0,0.0,GREEN,0,БЕЗ ЗНАЧАЈНОГ РИЗИКА,NO SIGNIFICANT RISK,HIGH,0.0,GREEN,0,БЕЗ ЗНАЧАЈНОГ РИЗИКА,NO SIGNIFICANT RISK,HIGH,0,0,0,0.0,0,0.0,0,0.0,0,GREEN,БЕЗ ЗНАЧАЈНОГ РИЗИКА,NO SIGNIFICANT RISK,NONE,HIGH,36,STORMS,EXPERIMENTAL,DEVELOPMENTAL MULTIMODEL SIGNAL - NOT CALIBRATED PROBABILITY,ECMWF ENS | ICON-EU EPS | GEFS,PUBLIC OPEN-DATA SERVICES,INDEPENDENT PROJECT - NOT AN OFFICIAL RHMZ WARNING PRODUCT
БАЧКИ ПЕТРОВАЦ,4.2,VERY LOW,0,GREEN,БЕЗ ЗНАЧАЈНОГ РИЗИКА,NO SIGNIFICANT RISK,HIGH,MODERATE,10.0,2.5,0.0,1,0,10.0,ECMWF,Modeli daju relativno dobro usaglašen signal. Dominantni scenario ima umerenu lokalnu prostornu podršku.,3.3,GREEN,0,БЕЗ ЗНАЧАЈНОГ РИЗИКА,NO SIGNIFICANT RISK,HIGH,10.0,0.0,0.0,0.0,GREEN,0,БЕЗ ЗНАЧАЈНОГ РИЗИКА,NO SIGNIFICANT RISK,HIGH,0.0,GREEN,0,БЕЗ ЗНАЧАЈНОГ РИЗИКА,NO SIGNIFICANT RISK,HIGH,1,0,0,10.0,0,0.0,0,0.0,0,GREEN,БЕЗ ЗНАЧАЈНОГ РИЗИКА,NO SIGNIFICANT RISK,NONE,HIGH,36,STORMS,EXPERIMENTAL,DEVELOPMENTAL MULTIMODEL SIGNAL - NOT CALIBRATED PROBABILITY,ECMWF ENS | ICON-EU EPS | GEFS,PUBLIC OPEN-DATA SERVICES,INDEPENDENT PROJECT - NOT AN OFFICIAL RHMZ WARNING PRODUCT
БЕЛА ПАЛАНКА,2.0,VERY LOW,0,GREEN,БЕЗ ЗНАЧАЈНОГ РИЗИКА,NO SIGNIFICANT RISK,HIGH,NONE,6.0,0.0,0.0,0,0,6.0,ECMWF,Modeli daju relativno dobro usaglašen signal.,0.0,GREEN,0,БЕЗ ЗНАЧАЈНОГ РИЗИКА,NO SIGNIFICANT RISK,HIGH,0.0,0.0,0.0,0.0,GREEN,0,БЕЗ ЗНАЧАЈНОГ РИЗИКА,NO SIGNIFICANT RISK,HIGH,0.0,GREEN,0,БЕЗ ЗНАЧАЈНОГ РИЗИКА,NO SIGNIFICANT RISK,HIGH,0,0,0,0.0,0,0.0,0,0.0,0,GREEN,БЕЗ ЗНАЧАЈНОГ РИЗИКА,NO SIGNIFICANT RISK,NONE,HIGH,36,STORMS,EXPERIMENTAL,DEVELOPMENTAL MULTIMODEL SIGNAL - NOT CALIBRATED PROBABILITY,ECMWF ENS | ICON-EU EPS | GEFS,PUBLIC OPEN-DATA SERVICES,INDEPENDENT PROJECT - NOT AN OFFICIAL RHMZ WARNING PRODUCT
БЕЛА ЦРКВА,7.7,VERY LOW,0,GREEN,БЕЗ ЗНАЧАЈНОГ РИЗИКА,NO SIGNIFICANT RISK,HIGH,MODERATE,18.0,5.0,0.0,1,0,18.0,ECMWF,Modeli daju relativno dobro usaglašen signal. Dominantni scenario ima umerenu lokalnu prostornu podršku.,2.0,GREEN,0,БЕЗ ЗНАЧАЈНОГ РИЗИКА,NO SIGNIFICANT RISK,HIGH,6.0,0.0,0.0,0.0,GREEN,0,БЕЗ ЗНАЧАЈНОГ РИЗИКА,NO SIGNIFICANT RISK,HIGH,0.0,GREEN,0,БЕЗ ЗНАЧАЈНОГ РИЗИКА,NO SIGNIFICANT RISK,HIGH,0,0,0,6.0,0,0.0,0,0.0,0,GREEN,БЕЗ ЗНАЧАЈНОГ РИЗИКА,NO SIGNIFICANT RISK,NONE,HIGH,36,STORMS,EXPERIMENTAL,DEVELOPMENTAL MULTIMODEL SIGNAL - NOT CALIBRATED PROBABILITY,ECMWF ENS | ICON-EU EPS | GEFS,PUBLIC OPEN-DATA SERVICES,INDEPENDENT PROJECT - NOT AN OFFICIAL RHMZ WARNING PRODUCT
БЕОГРАД-БАРАЈЕВО,15.5,LOW,1,YELLOW,ПОВИШЕН,ELEVATED,LOW,HIGH,44.0,2.5,0.0,1,1,44.0,ECMWF,"ECMWF ENS daje najjači signal (44.0%), ali je međumodelska saglasnost niska. Dominantni scenario ima visoku lokalnu prostornu podršku.",6.0,GREEN,0,БЕЗ ЗНАЧАЈНОГ РИЗИКА,NO SIGNIFICANT RISK,HIGH,18.0,0.0,0.0,0.0,GREEN,0,БЕЗ ЗНАЧАЈНОГ РИЗИКА,NO SIGNIFICANT RISK,HIGH,0.0,GREEN,0,БЕЗ ЗНАЧАЈНОГ РИЗИКА,NO SIGNIFICANT RISK,HIGH,1,0,0,18.0,0,0.0,0,0.0,1,YELLOW,ПОВИШЕН,ELEVATED,THUNDER,LOW,36,STORMS,EXPERIMENTAL,DEVELOPMENTAL MULTIMODEL SIGNAL - NOT CALIBRATED PROBABILITY,ECMWF ENS | ICON-EU EPS | GEFS,PUBLIC OPEN-DATA SERVICES,INDEPENDENT PROJECT - NOT AN OFFICIAL RHMZ WARNING PRODUCT
БЕОГРАД-ВОЖДОВАЦ,12.2,LOW,1,YELLOW,ПОВИШЕН,ELEVATED,MODERATE,HIGH,34.0,2.5,0.0,1,0,34.0,ECMWF,Postoji delimična multimodel podrška za prognozirani scenario. Dominantni scenario ima visoku lokalnu prostornu podršku.,3.3,GREEN,0,БЕЗ ЗНАЧАЈНОГ РИЗИКА,NO SIGNIFICANT RISK,HIGH,10.0,0.0,0.0,0.0,GREEN,0,БЕЗ ЗНАЧАЈНОГ РИЗИКА,NO SIGNIFICANT RISK,HIGH,0.0,GREEN,0,БЕЗ ЗНАЧАЈНОГ РИЗИКА,NO SIGNIFICANT RISK,HIGH,1,0,0,10.0,0,0.0,0,0.0,1,YELLOW,ПОВИШЕН,ELEVATED,THUNDER,MODERATE,36,STORMS,EXPERIMENTAL,DEVELOPMENTAL MULTIMODEL SIGNAL - NOT CALIBRATED PROBABILITY,ECMWF ENS | ICON-EU EPS | GEFS,PUBLIC OPEN-DATA SERVICES,INDEPENDENT PROJECT - NOT AN OFFICIAL RHMZ WARNING PRODUCT
БЕОГРАД-ВРАЧАР,10.2,LOW,1,YELLOW,ПОВИШЕН,ELEVATED,MODERATE,MODERATE,28.0,2.5,0.0,1,0,28.0,ECMWF,Postoji delimična multimodel podrška za prognozirani scenario. Dominantni scenario ima umerenu lokalnu prostornu podršku.,2.8,GREEN,0,БЕЗ ЗНАЧАЈНОГ РИЗИКА,NO SIGNIFICANT RISK,HIGH,6.0,2.5,0.0,0.0,GREEN,0,БЕЗ ЗНАЧАЈНОГ РИЗИКА,NO SIGNIFICANT RISK,HIGH,0.0,GREEN,0,БЕЗ ЗНАЧАЈНОГ РИЗИКА,NO SIGNIFICANT RISK,HIGH,0,0,0,6.0,0,0.0,0,0.0,1,YELLOW,ПОВИШЕН,ELEVATED,THUNDER,MODERATE,36,STORMS,EXPERIMENTAL,DEVELOPMENTAL MULTIMODEL SIGNAL - NOT CALIBRATED PROBABILITY,ECMWF ENS | ICON-EU EPS | GEFS,PUBLIC OPEN-DATA SERVICES,INDEPENDENT PROJECT - NOT AN OFFICIAL RHMZ WARNING PRODUCT
БЕОГРАД-ГРОЦКА,13.0,LOW,1,YELLOW,ПОВИШЕН,ELEVATED,MODERATE,HIGH,34.0,5.0,0.0,1,0,34.0,ECMWF,Postoji delimična multimodel podrška za prognozirani scenario. Dominantni scenario ima visoku lokalnu prostornu podršku.,2.0,GREEN,0,БЕЗ ЗНАЧАЈНОГ РИЗИКА,NO SIGNIFICANT RISK,HIGH,6.0,0.0,0.0,0.0,GREEN,0,БЕЗ ЗНАЧАЈНОГ РИЗИКА,NO SIGNIFICANT RISK,HIGH,0.0,GREEN,0,БЕЗ ЗНАЧАЈНОГ РИЗИКА,NO SIGNIFICANT RISK,HIGH,0,0,0,6.0,0,0.0,0,0.0,1,YELLOW,ПОВИШЕН,ELEVATED,THUNDER,MODERATE,36,STORMS,EXPERIMENTAL,DEVELOPMENTAL MULTIMODEL SIGNAL - NOT CALIBRATED PROBABILITY,ECMWF ENS | ICON-EU EPS | GEFS,PUBLIC OPEN-DATA SERVICES,INDEPENDENT PROJECT - NOT AN OFFICIAL RHMZ WARNING PRODUCT
БЕОГРАД-ЗВЕЗДАРА,10.2,LOW,1,YELLOW,ПОВИШЕН,ELEVATED,MODERATE,MODERATE,28.0,2.5,0.0,1,0,28.0,ECMWF,Postoji delimična multimodel podrška za prognozirani scenario. Dominantni scenario ima umerenu lokalnu prostornu podršku.,2.0,GREEN,0,БЕЗ ЗНАЧАЈНОГ РИЗИКА,NO SIGNIFICANT RISK,HIGH,6.0,0.0,0.0,0.0,GREEN,0,БЕЗ ЗНАЧАЈНОГ РИЗИКА,NO SIGNIFICANT RISK,HIGH,0.0,GREEN,0,БЕЗ ЗНАЧАЈНОГ РИЗИКА,NO SIGNIFICANT RISK,HIGH,0,0,0,6.0,0,0.0,0,0.0,1,YELLOW,ПОВИШЕН,ELEVATED,THUNDER,MODERATE,36,STORMS,EXPERIMENTAL,DEVELOPMENTAL MULTIMODEL SIGNAL - NOT CALIBRATED PROBABILITY,ECMWF ENS | ICON-EU EPS | GEFS,PUBLIC OPEN-DATA SERVICES,INDEPENDENT PROJECT - NOT AN OFFICIAL RHMZ WARNING PRODUCT
БЕОГРАД-ЗЕМУН,11.0,LOW,1,YELLOW,ПОВИШЕН,ELEVATED,MODERATE,MODERATE,28.0,5.0,0.0,1,0,28.0,ECMWF,Postoji delimična multimodel podrška za prognozirani scenario. Dominantni scenario ima umerenu lokalnu prostornu podršku.,3.5,GREEN,0,БЕЗ ЗНАЧАЈНОГ РИЗИКА,NO SIGNIFICANT RISK,HIGH,8.0,2.5,0.0,0.0,GREEN,0,БЕЗ ЗНАЧАЈНОГ РИЗИКА,NO SIGNIFICANT RISK,HIGH,0.0,GREEN,0,БЕЗ ЗНАЧАЈНОГ РИЗИКА,NO SIGNIFICANT RISK,HIGH,0,0,0,8.0,0,0.0,0,0.0,1,YELLOW,ПОВИШЕН,ELEVATED,THUNDER,MODERATE,36,STORMS,EXPERIMENTAL,DEVELOPMENTAL MULTIMODEL SIGNAL - NOT CALIBRATED PROBABILITY,ECMWF ENS | ICON-EU EPS | GEFS,PUBLIC OPEN-DATA SERVICES,INDEPENDENT PROJECT - NOT AN OFFICIAL RHMZ WARNING PRODUCT
БЕОГРАД-ЛАЗАРЕВАЦ,15.5,LOW,1,YELLOW,ПОВИШЕН,ELEVATED,LOW,HIGH,44.0,2.5,0.0,1,1,44.0,ECMWF,"ECMWF ENS daje najjači signal (44.0%), ali je međumodelska saglasnost niska. Dominantni scenario ima visoku lokalnu prostornu podršku.",6.7,GREEN,0,БЕЗ ЗНАЧАЈНОГ РИЗИКА,NO SIGNIFICANT RISK,HIGH,20.0,0.0,0.0,0.0,GREEN,0,БЕЗ ЗНАЧАЈНОГ РИЗИКА,NO SIGNIFICANT RISK,HIGH,0.0,GREEN,0,БЕЗ ЗНАЧАЈНОГ РИЗИКА,NO SIGNIFICANT RISK,HIGH,1,0,0,20.0,0,0.0,0,0.0,1,YELLOW,ПОВИШЕН,ELEVATED,THUNDER,LOW,36,STORMS,EXPERIMENTAL,DEVELOPMENTAL MULTIMODEL SIGNAL - NOT CALIBRATED PROBABILITY,ECMWF ENS | ICON-EU EPS | GEFS,PUBLIC OPEN-DATA SERVICES,INDEPENDENT PROJECT - NOT AN OFFICIAL RHMZ WARNING PRODUCT
БЕОГРАД-МЛАДЕНОВАЦ,11.3,LOW,1,YELLOW,ПОВИШЕН,ELEVATED,MODERATE,HIGH,34.0,0.0,0.0,1,0,34.0,ECMWF,Postoji delimična multimodel podrška za prognozirani scenario. Dominantni scenario ima visoku lokalnu prostornu podršku.,2.0,GREEN,0,БЕЗ ЗНАЧАЈНОГ РИЗИКА,NO SIGNIFICANT RISK,HIGH,6.0,0.0,0.0,0.0,GREEN,0,БЕЗ ЗНАЧАЈНОГ РИЗИКА,NO SIGNIFICANT RISK,HIGH,0.0,GREEN,0,БЕЗ ЗНАЧАЈНОГ РИЗИКА,NO SIGNIFICANT RISK,HIGH,0,0,0,6.0,0,0.0,0,0.0,1,YELLOW,ПОВИШЕН,ELEVATED,THUNDER,MODERATE,36,STORMS,EXPERIMENTAL,DEVELOPMENTAL MULTIMODEL SIGNAL - NOT CALIBRATED PROBABILITY,ECMWF ENS | ICON-EU EPS | GEFS,PUBLIC OPEN-DATA SERVICES,INDEPENDENT PROJECT - NOT AN OFFICIAL RHMZ WARNING PRODUCT
БЕОГРАД-НОВИ БЕОГРАД,10.2,LOW,1,YELLOW,ПОВИШЕН,ELEVATED,MODERATE,MODERATE,28.0,2.5,0.0,1,0,28.0,ECMWF,Postoji delimična multimodel podrška za prognozirani scenario. Dominantni scenario ima umerenu lokalnu prostornu podršku.,3.5,GREEN,0,БЕЗ ЗНАЧАЈНОГ РИЗИКА,NO SIGNIFICANT RISK,HIGH,8.0,2.5,0.0,0.0,GREEN,0,БЕЗ ЗНАЧАЈНОГ РИЗИКА,NO SIGNIFICANT RISK,HIGH,0.0,GREEN,0,БЕЗ ЗНАЧАЈНОГ РИЗИКА,NO SIGNIFICANT RISK,HIGH,0,0,0,8.0,0,0.0,0,0.0,1,YELLOW,ПОВИШЕН,ELEVATED,THUNDER,MODERATE,36,STORMS,EXPERIMENTAL,DEVELOPMENTAL MULTIMODEL SIGNAL - NOT CALIBRATED PROBABILITY,ECMWF ENS | ICON-EU EPS | GEFS,PUBLIC OPEN-DATA SERVICES,INDEPENDENT PROJECT - NOT AN OFFICIAL RHMZ WARNING PRODUCT
БЕОГРАД-ОБРЕНОВАЦ,16.3,LOW,1,YELLOW,ПОВИШЕН,ELEVATED,LOW,HIGH,44.0,5.0,0.0,1,1,44.0,ECMWF,"ECMWF ENS daje najjači signal (44.0%), ali je međumodelska saglasnost niska. Dominantni scenario ima visoku lokalnu prostornu podršku.",11.3,YELLOW,1,ПОВИШЕН,ELEVATED,MODERATE,34.0,0.0,0.0,0.0,GREEN,0,БЕЗ ЗНАЧАЈНОГ РИЗИКА,NO SIGNIFICANT RISK,HIGH,0.0,GREEN,0,БЕЗ ЗНАЧАЈНОГ РИЗИКА,NO SIGNIFICANT RISK,HIGH,1,0,0,34.0,0,0.0,0,0.0,1,YELLOW,ПОВИШЕН,ELEVATED,THUNDER+HAIL,LOW,36,STORMS,EXPERIMENTAL,DEVELOPMENTAL MULTIMODEL SIGNAL - NOT CALIBRATED PROBABILITY,ECMWF ENS | ICON-EU EPS | GEFS,PUBLIC OPEN-DATA SERVICES,INDEPENDENT PROJECT - NOT AN OFFICIAL RHMZ WARNING PRODUCT
БЕОГРАД-ПАЛИЛУЛА,11.0,LOW,1,YELLOW,ПОВИШЕН,ELEVATED,MODERATE,MODERATE,28.0,5.0,0.0,1,0,28.0,ECMWF,Postoji delimična multimodel podrška za prognozirani scenario. Dominantni scenario ima umerenu lokalnu prostornu podršku.,2.8,GREEN,0,БЕЗ ЗНАЧАЈНОГ РИЗИКА,NO SIGNIFICANT RISK,HIGH,6.0,2.5,0.0,0.0,GREEN,0,БЕЗ ЗНАЧАЈНОГ РИЗИКА,NO SIGNIFICANT RISK,HIGH,0.0,GREEN,0,БЕЗ ЗНАЧАЈНОГ РИЗИКА,NO SIGNIFICANT RISK,HIGH,0,0,0,6.0,0,0.0,0,0.0,1,YELLOW,ПОВИШЕН,ELEVATED,THUNDER,MODERATE,36,STORMS,EXPERIMENTAL,DEVELOPMENTAL MULTIMODEL SIGNAL - NOT CALIBRATED PROBABILITY,ECMWF ENS | ICON-EU EPS | GEFS,PUBLIC OPEN-DATA SERVICES,INDEPENDENT PROJECT - NOT AN OFFICIAL RHMZ WARNING PRODUCT
БЕОГРАД-РАКОВИЦА,10.8,LOW,1,YELLOW,ПОВИШЕН,ELEVATED,MODERATE,MODERATE,30.0,2.5,0.0,1,0,30.0,ECMWF,Postoji delimična multimodel podrška za prognozirani scenario. Dominantni scenario ima umerenu lokalnu prostornu podršku.,2.0,GREEN,0,БЕЗ ЗНАЧАЈНОГ РИЗИКА,NO SIGNIFICANT RISK,HIGH,6.0,0.0,0.0,0.0,GREEN,0,БЕЗ ЗНАЧАЈНОГ РИЗИКА,NO SIGNIFICANT RISK,HIGH,0.0,GREEN,0,БЕЗ ЗНАЧАЈНОГ РИЗИКА,NO SIGNIFICANT RISK,HIGH,0,0,0,6.0,0,0.0,0,0.0,1,YELLOW,ПОВИШЕН,ELEVATED,THUNDER,MODERATE,36,STORMS,EXPERIMENTAL,DEVELOPMENTAL MULTIMODEL SIGNAL - NOT CALIBRATED PROBABILITY,ECMWF ENS | ICON-EU EPS | GEFS,PUBLIC OPEN-DATA SERVICES,INDEPENDENT PROJECT - NOT AN OFFICIAL RHMZ WARNING PRODUCT
БЕОГРАД-САВСКИ ВЕНАЦ,10.2,LOW,1,YELLOW,ПОВИШЕН,ELEVATED,MODERATE,MODERATE,28.0,2.5,0.0,1,0,28.0,ECMWF,Postoji delimična multimodel podrška za prognozirani scenario. Dominantni scenario ima umerenu lokalnu prostornu podršku.,2.0,GREEN,0,БЕЗ ЗНАЧАЈНОГ РИЗИКА,NO SIGNIFICANT RISK,HIGH,6.0,0.0,0.0,0.0,GREEN,0,БЕЗ ЗНАЧАЈНОГ РИЗИКА,NO SIGNIFICANT RISK,HIGH,0.0,GREEN,0,БЕЗ ЗНАЧАЈНОГ РИЗИКА,NO SIGNIFICANT RISK,HIGH,0,0,0,6.0,0,0.0,0,0.0,1,YELLOW,ПОВИШЕН,ELEVATED,THUNDER,MODERATE,36,STORMS,EXPERIMENTAL,DEVELOPMENTAL MULTIMODEL SIGNAL - NOT CALIBRATED PROBABILITY,ECMWF ENS | ICON-EU EPS | GEFS,PUBLIC OPEN-DATA SERVICES,INDEPENDENT PROJECT - NOT AN OFFICIAL RHMZ WARNING PRODUCT
БЕОГРАД-СОПОТ,12.2,LOW,1,YELLOW,ПОВИШЕН,ELEVATED,MODERATE,HIGH,34.0,2.5,0.0,1,0,34.0,ECMWF,Postoji delimična multimodel podrška za prognozirani scenario. Dominantni scenario ima visoku lokalnu prostornu podršku.,4.7,GREEN,0,БЕЗ ЗНАЧАЈНОГ РИЗИКА,NO SIGNIFICANT RISK,HIGH,14.0,0.0,0.0,0.0,GREEN,0,БЕЗ ЗНАЧАЈНОГ РИЗИКА,NO SIGNIFICANT RISK,HIGH,0.0,GREEN,0,БЕЗ ЗНАЧАЈНОГ РИЗИКА,NO SIGNIFICANT RISK,HIGH,1,0,0,14.0,0,0.0,0,0.0,1,YELLOW,ПОВИШЕН,ELEVATED,THUNDER,MODERATE,36,STORMS,EXPERIMENTAL,DEVELOPMENTAL MULTIMODEL SIGNAL - NOT CALIBRATED PROBABILITY,ECMWF ENS | ICON-EU EPS | GEFS,PUBLIC OPEN-DATA SERVICES,INDEPENDENT PROJECT - NOT AN OFFICIAL RHMZ WARNING PRODUCT
БЕОГРАД-СТАРИ ГРАД,10.2,LOW,1,YELLOW,ПОВИШЕН,ELEVATED,MODERATE,MODERATE,28.0,2.5,0.0,1,0,28.0,ECMWF,Postoji delimična multimodel podrška za prognozirani scenario. Dominantni scenario ima umerenu lokalnu prostornu podršku.,2.8,GREEN,0,БЕЗ ЗНАЧАЈНОГ РИЗИКА,NO SIGNIFICANT RISK,HIGH,6.0,2.5,0.0,0.0,GREEN,0,БЕЗ ЗНАЧАЈНОГ РИЗИКА,NO SIGNIFICANT RISK,HIGH,0.0,GREEN,0,БЕЗ ЗНАЧАЈНОГ РИЗИКА,NO SIGNIFICANT RISK,HIGH,0,0,0,6.0,0,0.0,0,0.0,1,YELLOW,ПОВИШЕН,ELEVATED,THUNDER,MODERATE,36,STORMS,EXPERIMENTAL,DEVELOPMENTAL MULTIMODEL SIGNAL - NOT CALIBRATED PROBABILITY,ECMWF ENS | ICON-EU EPS | GEFS,PUBLIC OPEN-DATA SERVICES,INDEPENDENT PROJECT - NOT AN OFFICIAL RHMZ WARNING PRODUCT
БЕОГРАД-СУРЧИН,15.5,LOW,1,YELLOW,ПОВИШЕН,ELEVATED,LOW,MODERATE,44.0,2.5,0.0,1,1,44.0,ECMWF,"ECMWF ENS daje najjači signal (44.0%), ali je međumodelska saglasnost niska. Dominantni scenario ima umerenu lokalnu prostornu podršku.",4.7,GREEN,0,БЕЗ ЗНАЧАЈНОГ РИЗИКА,NO SIGNIFICANT RISK,HIGH,14.0,0.0,0.0,0.0,GREEN,0,БЕЗ ЗНАЧАЈНОГ РИЗИКА,NO SIGNIFICANT RISK,HIGH,0.0,GREEN,0,БЕЗ ЗНАЧАЈНОГ РИЗИКА,NO SIGNIFICANT RISK,HIGH,1,0,0,14.0,0,0.0,0,0.0,1,YELLOW,ПОВИШЕН,ELEVATED,THUNDER,LOW,36,STORMS,EXPERIMENTAL,DEVELOPMENTAL MULTIMODEL SIGNAL - NOT CALIBRATED PROBABILITY,ECMWF ENS | ICON-EU EPS | GEFS,PUBLIC OPEN-DATA SERVICES,INDEPENDENT PROJECT - NOT AN OFFICIAL RHMZ WARNING PRODUCT
БЕОГРАД-ЧУКАРИЦА,12.2,LOW,1,YELLOW,ПОВИШЕН,ELEVATED,MODERATE,HIGH,34.0,2.5,0.0,1,0,34.0,ECMWF,Postoji delimična multimodel podrška za prognozirani scenario. Dominantni scenario ima visoku lokalnu prostornu podršku.,6.0,GREEN,0,БЕЗ ЗНАЧАЈНОГ РИЗИКА,NO SIGNIFICANT RISK,HIGH,18.0,0.0,0.0,0.0,GREEN,0,БЕЗ ЗНАЧАЈНОГ РИЗИКА,NO SIGNIFICANT RISK,HIGH,0.0,GREEN,0,БЕЗ ЗНАЧАЈНОГ РИЗИКА,NO SIGNIFICANT RISK,HIGH,1,0,0,18.0,0,0.0,0,0.0,1,YELLOW,ПОВИШЕН,ELEVATED,THUNDER,MODERATE,36,STORMS,EXPERIMENTAL,DEVELOPMENTAL MULTIMODEL SIGNAL - NOT CALIBRATED PROBABILITY,ECMWF ENS | ICON-EU EPS | GEFS,PUBLIC OPEN-DATA SERVICES,INDEPENDENT PROJECT - NOT AN OFFICIAL RHMZ WARNING PRODUCT
БЕОЧИН,5.7,VERY LOW,0,GREEN,БЕЗ ЗНАЧАЈНОГ РИЗИКА,NO SIGNIFICANT RISK,HIGH,MODERATE,12.0,5.0,0.0,1,0,12.0,ECMWF,Modeli daju relativno dobro usaglašen signal. Dominantni scenario ima umerenu lokalnu prostornu podršku.,6.3,GREEN,0,БЕЗ ЗНАЧАЈНОГ РИЗИКА,NO SIGNIFICANT RISK,HIGH,14.0,5.0,0.0,0.0,GREEN,0,БЕЗ ЗНАЧАЈНОГ РИЗИКА,NO SIGNIFICANT RISK,HIGH,0.0,GREEN,0,БЕЗ ЗНАЧАЈНОГ РИЗИКА,NO SIGNIFICANT RISK,HIGH,1,0,0,14.0,0,0.0,0,0.0,0,GREEN,БЕЗ ЗНАЧАЈНОГ РИЗИКА,NO SIGNIFICANT RISK,NONE,HIGH,36,STORMS,EXPERIMENTAL,DEVELOPMENTAL MULTIMODEL SIGNAL - NOT CALIBRATED PROBABILITY,ECMWF ENS | ICON-EU EPS | GEFS,PUBLIC OPEN-DATA SERVICES,INDEPENDENT PROJECT - NOT AN OFFICIAL RHMZ WARNING PRODUCT
БЕЧЕЈ,2.7,VERY LOW,0,GREEN,БЕЗ ЗНАЧАЈНОГ РИЗИКА,NO SIGNIFICANT RISK,HIGH,NONE,8.0,0.0,0.0,0,0,8.0,ECMWF,Modeli daju relativno dobro usaglašen signal.,1.3,GREEN,0,БЕЗ ЗНАЧАЈНОГ РИЗИКА,NO SIGNIFICANT RISK,HIGH,4.0,0.0,0.0,0.0,GREEN,0,БЕЗ ЗНАЧАЈНОГ РИЗИКА,NO SIGNIFICANT RISK,HIGH,0.0,GREEN,0,БЕЗ ЗНАЧАЈНОГ РИЗИКА,NO SIGNIFICANT RISK,HIGH,0,0,0,4.0,0,0.0,0,0.0,0,GREEN,БЕЗ ЗНАЧАЈНОГ РИЗИКА,NO SIGNIFICANT RISK,NONE,HIGH,36,STORMS,EXPERIMENTAL,DEVELOPMENTAL MULTIMODEL SIGNAL - NOT CALIBRATED PROBABILITY,ECMWF ENS | ICON-EU EPS | GEFS,PUBLIC OPEN-DATA SERVICES,INDEPENDENT PROJECT - NOT AN OFFICIAL RHMZ WARNING PRODUCT
БЛАЦЕ,10.7,LOW,1,YELLOW,ПОВИШЕН,ELEVATED,MODERATE,MODERATE,32.0,0.0,0.0,1,0,32.0,ECMWF,Postoji delimična multimodel podrška za prognozirani scenario. Dominantni scenario ima umerenu lokalnu prostornu podršku.,0.0,GREEN,0,БЕЗ ЗНАЧАЈНОГ РИЗИКА,NO SIGNIFICANT RISK,HIGH,0.0,0.0,0.0,0.0,GREEN,0,БЕЗ ЗНАЧАЈНОГ РИЗИКА,NO SIGNIFICANT RISK,HIGH,0.0,GREEN,0,БЕЗ ЗНАЧАЈНОГ РИЗИКА,NO SIGNIFICANT RISK,HIGH,0,0,0,0.0,0,0.0,0,0.0,1,YELLOW,ПОВИШЕН,ELEVATED,THUNDER,MODERATE,36,STORMS,EXPERIMENTAL,DEVELOPMENTAL MULTIMODEL SIGNAL - NOT CALIBRATED PROBABILITY,ECMWF ENS | ICON-EU EPS | GEFS,PUBLIC OPEN-DATA SERVICES,INDEPENDENT PROJECT - NOT AN OFFICIAL RHMZ WARNING PRODUCT
БОЈНИК,0.7,VERY LOW,0,GREEN,БЕЗ ЗНАЧАЈНОГ РИЗИКА,NO SIGNIFICANT RISK,HIGH,NONE,2.0,0.0,0.0,0,0,2.0,ECMWF,Modeli daju relativno dobro usaglašen signal.,0.0,GREEN,0,БЕЗ ЗНАЧАЈНОГ РИЗИКА,NO SIGNIFICANT RISK,HIGH,0.0,0.0,0.0,0.0,GREEN,0,БЕЗ ЗНАЧАЈНОГ РИЗИКА,NO SIGNIFICANT RISK,HIGH,0.0,GREEN,0,БЕЗ ЗНАЧАЈНОГ РИЗИКА,NO SIGNIFICANT RISK,HIGH,0,0,0,0.0,0,0.0,0,0.0,0,GREEN,БЕЗ ЗНАЧАЈНОГ РИЗИКА,NO SIGNIFICANT RISK,NONE,HIGH,36,STORMS,EXPERIMENTAL,DEVELOPMENTAL MULTIMODEL SIGNAL - NOT CALIBRATED PROBABILITY,ECMWF ENS | ICON-EU EPS | GEFS,PUBLIC OPEN-DATA SERVICES,INDEPENDENT PROJECT - NOT AN OFFICIAL RHMZ WARNING PRODUCT
БОЉЕВАЦ,8.8,VERY LOW,0,GREEN,БЕЗ ЗНАЧАЈНОГ РИЗИКА,NO SIGNIFICANT RISK,MODERATE,MODERATE,24.0,2.5,0.0,1,0,24.0,ECMWF,Postoji delimična multimodel podrška za prognozirani scenario. Dominantni scenario ima umerenu lokalnu prostornu podršku.,0.0,GREEN,0,БЕЗ ЗНАЧАЈНОГ РИЗИКА,NO SIGNIFICANT RISK,HIGH,0.0,0.0,0.0,0.0,GREEN,0,БЕЗ ЗНАЧАЈНОГ РИЗИКА,NO SIGNIFICANT RISK,HIGH,0.0,GREEN,0,БЕЗ ЗНАЧАЈНОГ РИЗИКА,NO SIGNIFICANT RISK,HIGH,0,0,0,0.0,0,0.0,0,0.0,0,GREEN,БЕЗ ЗНАЧАЈНОГ РИЗИКА,NO SIGNIFICANT RISK,NONE,MODERATE,36,STORMS,EXPERIMENTAL,DEVELOPMENTAL MULTIMODEL SIGNAL - NOT CALIBRATED PROBABILITY,ECMWF ENS | ICON-EU EPS | GEFS,PUBLIC OPEN-DATA SERVICES,INDEPENDENT PROJECT - NOT AN OFFICIAL RHMZ WARNING PRODUCT
БОГАТИЋ,8.2,VERY LOW,0,GREEN,БЕЗ ЗНАЧАЈНОГ РИЗИКА,NO SIGNIFICANT RISK,MODERATE,LOW,22.0,2.5,0.0,1,0,22.0,ECMWF,Postoji delimična multimodel podrška za prognozirani scenario.,8.8,GREEN,0,БЕЗ ЗНАЧАЈНОГ РИЗИКА,NO SIGNIFICANT RISK,MODERATE,24.0,2.5,0.0,0.0,GREEN,0,БЕЗ ЗНАЧАЈНОГ РИЗИКА,NO SIGNIFICANT RISK,HIGH,0.0,GREEN,0,БЕЗ ЗНАЧАЈНОГ РИЗИКА,NO SIGNIFICANT RISK,HIGH,1,0,0,24.0,0,0.0,0,0.0,0,GREEN,БЕЗ ЗНАЧАЈНОГ РИЗИКА,NO SIGNIFICANT RISK,NONE,MODERATE,36,STORMS,EXPERIMENTAL,DEVELOPMENTAL MULTIMODEL SIGNAL - NOT CALIBRATED PROBABILITY,ECMWF ENS | ICON-EU EPS | GEFS,PUBLIC OPEN-DATA SERVICES,INDEPENDENT PROJECT - NOT AN OFFICIAL RHMZ WARNING PRODUCT
БОР,8.8,VERY LOW,0,GREEN,БЕЗ ЗНАЧАЈНОГ РИЗИКА,NO SIGNIFICANT RISK,MODERATE,MODERATE,24.0,2.5,0.0,1,0,24.0,ECMWF,Postoji delimična multimodel podrška za prognozirani scenario. Dominantni scenario ima umerenu lokalnu prostornu podršku.,0.0,GREEN,0,БЕЗ ЗНАЧАЈНОГ РИЗИКА,NO SIGNIFICANT RISK,HIGH,0.0,0.0,0.0,0.0,GREEN,0,БЕЗ ЗНАЧАЈНОГ РИЗИКА,NO SIGNIFICANT RISK,HIGH,0.0,GREEN,0,БЕЗ ЗНАЧАЈНОГ РИЗИКА,NO SIGNIFICANT RISK,HIGH,0,0,0,0.0,0,0.0,0,0.0,0,GREEN,БЕЗ ЗНАЧАЈНОГ РИЗИКА,NO SIGNIFICANT RISK,NONE,MODERATE,36,STORMS,EXPERIMENTAL,DEVELOPMENTAL MULTIMODEL SIGNAL - NOT CALIBRATED PROBABILITY,ECMWF ENS | ICON-EU EPS | GEFS,PUBLIC OPEN-DATA SERVICES,INDEPENDENT PROJECT - NOT AN OFFICIAL RHMZ WARNING PRODUCT
БОСИЛЕГРАД,3.1,VERY LOW,0,GREEN,БЕЗ ЗНАЧАЈНОГ РИЗИКА,NO SIGNIFICANT RISK,HIGH,NONE,6.0,0.0,3.2,0,0,6.0,ECMWF,Modeli daju relativno dobro usaglašen signal.,0.0,GREEN,0,БЕЗ ЗНАЧАЈНОГ РИЗИКА,NO SIGNIFICANT RISK,HIGH,0.0,0.0,0.0,0.0,GREEN,0,БЕЗ ЗНАЧАЈНОГ РИЗИКА,NO SIGNIFICANT RISK,HIGH,0.0,GREEN,0,БЕЗ ЗНАЧАЈНОГ РИЗИКА,NO SIGNIFICANT RISK,HIGH,0,0,0,0.0,0,0.0,0,0.0,0,GREEN,БЕЗ ЗНАЧАЈНОГ РИЗИКА,NO SIGNIFICANT RISK,NONE,HIGH,36,STORMS,EXPERIMENTAL,DEVELOPMENTAL MULTIMODEL SIGNAL - NOT CALIBRATED PROBABILITY,ECMWF ENS | ICON-EU EPS | GEFS,PUBLIC OPEN-DATA SERVICES,INDEPENDENT PROJECT - NOT AN OFFICIAL RHMZ WARNING PRODUCT
БРУС,10.7,LOW,1,YELLOW,ПОВИШЕН,ELEVATED,MODERATE,HIGH,32.0,0.0,0.0,1,0,32.0,ECMWF,Postoji delimična multimodel podrška za prognozirani scenario. Dominantni scenario ima visoku lokalnu prostornu podršku.,0.7,GREEN,0,БЕЗ ЗНАЧАЈНОГ РИЗИКА,NO SIGNIFICANT RISK,HIGH,2.0,0.0,0.0,0.0,GREEN,0,БЕЗ ЗНАЧАЈНОГ РИЗИКА,NO SIGNIFICANT RISK,HIGH,0.0,GREEN,0,БЕЗ ЗНАЧАЈНОГ РИЗИКА,NO SIGNIFICANT RISK,HIGH,0,0,0,2.0,0,0.0,0,0.0,1,YELLOW,ПОВИШЕН,ELEVATED,THUNDER,MODERATE,36,STORMS,EXPERIMENTAL,DEVELOPMENTAL MULTIMODEL SIGNAL - NOT CALIBRATED PROBABILITY,ECMWF ENS | ICON-EU EPS | GEFS,PUBLIC OPEN-DATA SERVICES,INDEPENDENT PROJECT - NOT AN OFFICIAL RHMZ WARNING PRODUCT
БУЈАНОВАЦ,1.1,VERY LOW,0,GREEN,БЕЗ ЗНАЧАЈНОГ РИЗИКА,NO SIGNIFICANT RISK,HIGH,NONE,0.0,0.0,3.2,0,0,3.2,GEFS,Modeli daju relativno dobro usaglašen signal.,0.0,GREEN,0,БЕЗ ЗНАЧАЈНОГ РИЗИКА,NO SIGNIFICANT RISK,HIGH,0.0,0.0,0.0,0.0,GREEN,0,БЕЗ ЗНАЧАЈНОГ РИЗИКА,NO SIGNIFICANT RISK,HIGH,0.0,GREEN,0,БЕЗ ЗНАЧАЈНОГ РИЗИКА,NO SIGNIFICANT RISK,HIGH,0,0,0,0.0,0,0.0,0,0.0,0,GREEN,БЕЗ ЗНАЧАЈНОГ РИЗИКА,NO SIGNIFICANT RISK,NONE,HIGH,36,STORMS,EXPERIMENTAL,DEVELOPMENTAL MULTIMODEL SIGNAL - NOT CALIBRATED PROBABILITY,ECMWF ENS | ICON-EU EPS | GEFS,PUBLIC OPEN-DATA SERVICES,INDEPENDENT PROJECT - NOT AN OFFICIAL RHMZ WARNING PRODUCT
ВАЉЕВО-ГРАД,19.2,LOW,1,YELLOW,ПОВИШЕН,ELEVATED,LOW,HIGH,50.0,7.5,0.0,1,1,50.0,ECMWF,"ECMWF ENS daje najjači signal (50.0%), ali je međumodelska saglasnost niska. Dominantni scenario ima visoku lokalnu prostornu podršku.",12.0,YELLOW,1,ПОВИШЕН,ELEVATED,MODERATE,36.0,0.0,0.0,0.7,GREEN,0,БЕЗ ЗНАЧАЈНОГ РИЗИКА,NO SIGNIFICANT RISK,HIGH,0.0,GREEN,0,БЕЗ ЗНАЧАЈНОГ РИЗИКА,NO SIGNIFICANT RISK,HIGH,1,0,0,36.0,0,2.0,0,0.0,1,YELLOW,ПОВИШЕН,ELEVATED,THUNDER+HAIL,LOW,36,STORMS,EXPERIMENTAL,DEVELOPMENTAL MULTIMODEL SIGNAL - NOT CALIBRATED PROBABILITY,ECMWF ENS | ICON-EU EPS | GEFS,PUBLIC OPEN-DATA SERVICES,INDEPENDENT PROJECT - NOT AN OFFICIAL RHMZ WARNING PRODUCT
ВАРВАРИН,8.7,VERY LOW,0,GREEN,БЕЗ ЗНАЧАЈНОГ РИЗИКА,NO SIGNIFICANT RISK,MODERATE,MODERATE,26.0,0.0,0.0,1,0,26.0,ECMWF,Postoji delimična multimodel podrška za prognozirani scenario. Dominantni scenario ima umerenu lokalnu prostornu podršku.,0.0,GREEN,0,БЕЗ ЗНАЧАЈНОГ РИЗИКА,NO SIGNIFICANT RISK,HIGH,0.0,0.0,0.0,0.0,GREEN,0,БЕЗ ЗНАЧАЈНОГ РИЗИКА,NO SIGNIFICANT RISK,HIGH,0.0,GREEN,0,БЕЗ ЗНАЧАЈНОГ РИЗИКА,NO SIGNIFICANT RISK,HIGH,0,0,0,0.0,0,0.0,0,0.0,0,GREEN,БЕЗ ЗНАЧАЈНОГ РИЗИКА,NO SIGNIFICANT RISK,NONE,MODERATE,36,STORMS,EXPERIMENTAL,DEVELOPMENTAL MULTIMODEL SIGNAL - NOT CALIBRATED PROBABILITY,ECMWF ENS | ICON-EU EPS | GEFS,PUBLIC OPEN-DATA SERVICES,INDEPENDENT PROJECT - NOT AN OFFICIAL RHMZ WARNING PRODUCT
ВЕЛИКА ПЛАНА,11.3,LOW,1,YELLOW,ПОВИШЕН,ELEVATED,MODERATE,HIGH,34.0,0.0,0.0,1,0,34.0,ECMWF,Postoji delimična multimodel podrška za prognozirani scenario. Dominantni scenario ima visoku lokalnu prostornu podršku.,1.3,GREEN,0,БЕЗ ЗНАЧАЈНОГ РИЗИКА,NO SIGNIFICANT RISK,HIGH,4.0,0.0,0.0,0.0,GREEN,0,БЕЗ ЗНАЧАЈНОГ РИЗИКА,NO SIGNIFICANT RISK,HIGH,0.0,GREEN,0,БЕЗ ЗНАЧАЈНОГ РИЗИКА,NO SIGNIFICANT RISK,HIGH,0,0,0,4.0,0,0.0,0,0.0,1,YELLOW,ПОВИШЕН,ELEVATED,THUNDER,MODERATE,36,STORMS,EXPERIMENTAL,DEVELOPMENTAL MULTIMODEL SIGNAL - NOT CALIBRATED PROBABILITY,ECMWF ENS | ICON-EU EPS | GEFS,PUBLIC OPEN-DATA SERVICES,INDEPENDENT PROJECT - NOT AN OFFICIAL RHMZ WARNING PRODUCT
ВЕЛИКО ГРАДИШТЕ,6.0,VERY LOW,0,GREEN,БЕЗ ЗНАЧАЈНОГ РИЗИКА,NO SIGNIFICANT RISK,HIGH,MODERATE,18.0,0.0,0.0,1,0,18.0,ECMWF,Modeli daju relativno dobro usaglašen signal. Dominantni scenario ima umerenu lokalnu prostornu podršku.,1.3,GREEN,0,БЕЗ ЗНАЧАЈНОГ РИЗИКА,NO SIGNIFICANT RISK,HIGH,4.0,0.0,0.0,0.0,GREEN,0,БЕЗ ЗНАЧАЈНОГ РИЗИКА,NO SIGNIFICANT RISK,HIGH,0.0,GREEN,0,БЕЗ ЗНАЧАЈНОГ РИЗИКА,NO SIGNIFICANT RISK,HIGH,0,0,0,4.0,0,0.0,0,0.0,0,GREEN,БЕЗ ЗНАЧАЈНОГ РИЗИКА,NO SIGNIFICANT RISK,NONE,HIGH,36,STORMS,EXPERIMENTAL,DEVELOPMENTAL MULTIMODEL SIGNAL - NOT CALIBRATED PROBABILITY,ECMWF ENS | ICON-EU EPS | GEFS,PUBLIC OPEN-DATA SERVICES,INDEPENDENT PROJECT - NOT AN OFFICIAL RHMZ WARNING PRODUCT
ВИТИНА,2.4,VERY LOW,0,GREEN,БЕЗ ЗНАЧАЈНОГ РИЗИКА,NO SIGNIFICANT RISK,HIGH,NONE,4.0,0.0,3.2,0,0,4.0,ECMWF,Modeli daju relativno dobro usaglašen signal.,0.0,GREEN,0,БЕЗ ЗНАЧАЈНОГ РИЗИКА,NO SIGNIFICANT RISK,HIGH,0.0,0.0,0.0,0.0,GREEN,0,БЕЗ ЗНАЧАЈНОГ РИЗИКА,NO SIGNIFICANT RISK,HIGH,0.0,GREEN,0,БЕЗ ЗНАЧАЈНОГ РИЗИКА,NO SIGNIFICANT RISK,HIGH,0,0,0,0.0,0,0.0,0,0.0,0,GREEN,БЕЗ ЗНАЧАЈНОГ РИЗИКА,NO SIGNIFICANT RISK,NONE,HIGH,36,STORMS,EXPERIMENTAL,DEVELOPMENTAL MULTIMODEL SIGNAL - NOT CALIBRATED PROBABILITY,ECMWF ENS | ICON-EU EPS | GEFS,PUBLIC OPEN-DATA SERVICES,INDEPENDENT PROJECT - NOT AN OFFICIAL RHMZ WARNING PRODUCT
ВЛАДИМИРЦИ,16.3,LOW,1,YELLOW,ПОВИШЕН,ELEVATED,LOW,HIGH,44.0,5.0,0.0,1,1,44.0,ECMWF,"ECMWF ENS daje najjači signal (44.0%), ali je međumodelska saglasnost niska. Dominantni scenario ima visoku lokalnu prostornu podršku.",13.3,YELLOW,1,ПОВИШЕН,ELEVATED,MODERATE,40.0,0.0,0.0,0.0,GREEN,0,БЕЗ ЗНАЧАЈНОГ РИЗИКА,NO SIGNIFICANT RISK,HIGH,0.0,GREEN,0,БЕЗ ЗНАЧАЈНОГ РИЗИКА,NO SIGNIFICANT RISK,HIGH,1,1,0,40.0,0,0.0,0,0.0,1,YELLOW,ПОВИШЕН,ELEVATED,THUNDER+HAIL,LOW,36,STORMS,EXPERIMENTAL,DEVELOPMENTAL MULTIMODEL SIGNAL - NOT CALIBRATED PROBABILITY,ECMWF ENS | ICON-EU EPS | GEFS,PUBLIC OPEN-DATA SERVICES,INDEPENDENT PROJECT - NOT AN OFFICIAL RHMZ WARNING PRODUCT
ВЛАДИЧИН ХАН,0.7,VERY LOW,0,GREEN,БЕЗ ЗНАЧАЈНОГ РИЗИКА,NO SIGNIFICANT RISK,HIGH,NONE,2.0,0.0,0.0,0,0,2.0,ECMWF,Modeli daju relativno dobro usaglašen signal.,0.0,GREEN,0,БЕЗ ЗНАЧАЈНОГ РИЗИКА,NO SIGNIFICANT RISK,HIGH,0.0,0.0,0.0,0.0,GREEN,0,БЕЗ ЗНАЧАЈНОГ РИЗИКА,NO SIGNIFICANT RISK,HIGH,0.0,GREEN,0,БЕЗ ЗНАЧАЈНОГ РИЗИКА,NO SIGNIFICANT RISK,HIGH,0,0,0,0.0,0,0.0,0,0.0,0,GREEN,БЕЗ ЗНАЧАЈНОГ РИЗИКА,NO SIGNIFICANT RISK,NONE,HIGH,36,STORMS,EXPERIMENTAL,DEVELOPMENTAL MULTIMODEL SIGNAL - NOT CALIBRATED PROBABILITY,ECMWF ENS | ICON-EU EPS | GEFS,PUBLIC OPEN-DATA SERVICES,INDEPENDENT PROJECT - NOT AN OFFICIAL RHMZ WARNING PRODUCT
ВЛАСОТИНЦЕ,0.7,VERY LOW,0,GREEN,БЕЗ ЗНАЧАЈНОГ РИЗИКА,NO SIGNIFICANT RISK,HIGH,NONE,2.0,0.0,0.0,0,0,2.0,ECMWF,Modeli daju relativno dobro usaglašen signal.,0.0,GREEN,0,БЕЗ ЗНАЧАЈНОГ РИЗИКА,NO SIGNIFICANT RISK,HIGH,0.0,0.0,0.0,0.0,GREEN,0,БЕЗ ЗНАЧАЈНОГ РИЗИКА,NO SIGNIFICANT RISK,HIGH,0.0,GREEN,0,БЕЗ ЗНАЧАЈНОГ РИЗИКА,NO SIGNIFICANT RISK,HIGH,0,0,0,0.0,0,0.0,0,0.0,0,GREEN,БЕЗ ЗНАЧАЈНОГ РИЗИКА,NO SIGNIFICANT RISK,NONE,HIGH,36,STORMS,EXPERIMENTAL,DEVELOPMENTAL MULTIMODEL SIGNAL - NOT CALIBRATED PROBABILITY,ECMWF ENS | ICON-EU EPS | GEFS,PUBLIC OPEN-DATA SERVICES,INDEPENDENT PROJECT - NOT AN OFFICIAL RHMZ WARNING PRODUCT
ВРЊАЧКА БАЊА,18.0,LOW,1,YELLOW,ПОВИШЕН,ELEVATED,LOW,MODERATE,54.0,0.0,0.0,1,1,54.0,ECMWF,"ECMWF ENS daje najjači signal (54.0%), ali je međumodelska saglasnost niska. Dominantni scenario ima umerenu lokalnu prostornu podršku.",0.7,GREEN,0,БЕЗ ЗНАЧАЈНОГ РИЗИКА,NO SIGNIFICANT RISK,HIGH,2.0,0.0,0.0,0.0,GREEN,0,БЕЗ ЗНАЧАЈНОГ РИЗИКА,NO SIGNIFICANT RISK,HIGH,0.0,GREEN,0,БЕЗ ЗНАЧАЈНОГ РИЗИКА,NO SIGNIFICANT RISK,HIGH,0,0,0,2.0,0,0.0,0,0.0,1,YELLOW,ПОВИШЕН,ELEVATED,THUNDER,LOW,36,STORMS,EXPERIMENTAL,DEVELOPMENTAL MULTIMODEL SIGNAL - NOT CALIBRATED PROBABILITY,ECMWF ENS | ICON-EU EPS | GEFS,PUBLIC OPEN-DATA SERVICES,INDEPENDENT PROJECT - NOT AN OFFICIAL RHMZ WARNING PRODUCT
ВРАЊЕ-ГРАД,1.7,VERY LOW,0,GREEN,БЕЗ ЗНАЧАЈНОГ РИЗИКА,NO SIGNIFICANT RISK,HIGH,NONE,2.0,0.0,3.2,0,0,3.2,GEFS,Modeli daju relativno dobro usaglašen signal.,0.0,GREEN,0,БЕЗ ЗНАЧАЈНОГ РИЗИКА,NO SIGNIFICANT RISK,HIGH,0.0,0.0,0.0,0.0,GREEN,0,БЕЗ ЗНАЧАЈНОГ РИЗИКА,NO SIGNIFICANT RISK,HIGH,0.0,GREEN,0,БЕЗ ЗНАЧАЈНОГ РИЗИКА,NO SIGNIFICANT RISK,HIGH,0,0,0,0.0,0,0.0,0,0.0,0,GREEN,БЕЗ ЗНАЧАЈНОГ РИЗИКА,NO SIGNIFICANT RISK,NONE,HIGH,36,STORMS,EXPERIMENTAL,DEVELOPMENTAL MULTIMODEL SIGNAL - NOT CALIBRATED PROBABILITY,ECMWF ENS | ICON-EU EPS | GEFS,PUBLIC OPEN-DATA SERVICES,INDEPENDENT PROJECT - NOT AN OFFICIAL RHMZ WARNING PRODUCT
ВРБАС,3.3,VERY LOW,0,GREEN,БЕЗ ЗНАЧАЈНОГ РИЗИКА,NO SIGNIFICANT RISK,HIGH,MODERATE,10.0,0.0,0.0,1,0,10.0,ECMWF,Modeli daju relativno dobro usaglašen signal. Dominantni scenario ima umerenu lokalnu prostornu podršku.,0.7,GREEN,0,БЕЗ ЗНАЧАЈНОГ РИЗИКА,NO SIGNIFICANT RISK,HIGH,2.0,0.0,0.0,0.0,GREEN,0,БЕЗ ЗНАЧАЈНОГ РИЗИКА,NO SIGNIFICANT RISK,HIGH,0.0,GREEN,0,БЕЗ ЗНАЧАЈНОГ РИЗИКА,NO SIGNIFICANT RISK,HIGH,0,0,0,2.0,0,0.0,0,0.0,0,GREEN,БЕЗ ЗНАЧАЈНОГ РИЗИКА,NO SIGNIFICANT RISK,NONE,HIGH,36,STORMS,EXPERIMENTAL,DEVELOPMENTAL MULTIMODEL SIGNAL - NOT CALIBRATED PROBABILITY,ECMWF ENS | ICON-EU EPS | GEFS,PUBLIC OPEN-DATA SERVICES,INDEPENDENT PROJECT - NOT AN OFFICIAL RHMZ WARNING PRODUCT
ВРШАЦ,13.2,LOW,1,YELLOW,ПОВИШЕН,ELEVATED,MODERATE,LOW,32.0,7.5,0.0,1,0,32.0,ECMWF,Postoji delimična multimodel podrška za prognozirani scenario.,0.7,GREEN,0,БЕЗ ЗНАЧАЈНОГ РИЗИКА,NO SIGNIFICANT RISK,HIGH,2.0,0.0,0.0,0.0,GREEN,0,БЕЗ ЗНАЧАЈНОГ РИЗИКА,NO SIGNIFICANT RISK,HIGH,0.0,GREEN,0,БЕЗ ЗНАЧАЈНОГ РИЗИКА,NO SIGNIFICANT RISK,HIGH,0,0,0,2.0,0,0.0,0,0.0,1,YELLOW,ПОВИШЕН,ELEVATED,THUNDER,MODERATE,36,STORMS,EXPERIMENTAL,DEVELOPMENTAL MULTIMODEL SIGNAL - NOT CALIBRATED PROBABILITY,ECMWF ENS | ICON-EU EPS | GEFS,PUBLIC OPEN-DATA SERVICES,INDEPENDENT PROJECT - NOT AN OFFICIAL RHMZ WARNING PRODUCT
ВУЧИТРН,0.0,VERY LOW,0,GREEN,БЕЗ ЗНАЧАЈНОГ РИЗИКА,NO SIGNIFICANT RISK,HIGH,NONE,0.0,0.0,0.0,0,0,0.0,ECMWF,Modeli daju relativno dobro usaglašen signal.,0.0,GREEN,0,БЕЗ ЗНАЧАЈНОГ РИЗИКА,NO SIGNIFICANT RISK,HIGH,0.0,0.0,0.0,0.0,GREEN,0,БЕЗ ЗНАЧАЈНОГ РИЗИКА,NO SIGNIFICANT RISK,HIGH,0.0,GREEN,0,БЕЗ ЗНАЧАЈНОГ РИЗИКА,NO SIGNIFICANT RISK,HIGH,0,0,0,0.0,0,0.0,0,0.0,0,GREEN,БЕЗ ЗНАЧАЈНОГ РИЗИКА,NO SIGNIFICANT RISK,NONE,HIGH,36,STORMS,EXPERIMENTAL,DEVELOPMENTAL MULTIMODEL SIGNAL - NOT CALIBRATED PROBABILITY,ECMWF ENS | ICON-EU EPS | GEFS,PUBLIC OPEN-DATA SERVICES,INDEPENDENT PROJECT - NOT AN OFFICIAL RHMZ WARNING PRODUCT
ГЊИЛАНЕ,1.1,VERY LOW,0,GREEN,БЕЗ ЗНАЧАЈНОГ РИЗИКА,NO SIGNIFICANT RISK,HIGH,NONE,0.0,0.0,3.2,0,0,3.2,GEFS,Modeli daju relativno dobro usaglašen signal.,0.0,GREEN,0,БЕЗ ЗНАЧАЈНОГ РИЗИКА,NO SIGNIFICANT RISK,HIGH,0.0,0.0,0.0,0.0,GREEN,0,БЕЗ ЗНАЧАЈНОГ РИЗИКА,NO SIGNIFICANT RISK,HIGH,0.0,GREEN,0,БЕЗ ЗНАЧАЈНОГ РИЗИКА,NO SIGNIFICANT RISK,HIGH,0,0,0,0.0,0,0.0,0,0.0,0,GREEN,БЕЗ ЗНАЧАЈНОГ РИЗИКА,NO SIGNIFICANT RISK,NONE,HIGH,36,STORMS,EXPERIMENTAL,DEVELOPMENTAL MULTIMODEL SIGNAL - NOT CALIBRATED PROBABILITY,ECMWF ENS | ICON-EU EPS | GEFS,PUBLIC OPEN-DATA SERVICES,INDEPENDENT PROJECT - NOT AN OFFICIAL RHMZ WARNING PRODUCT
ГАЏИН ХАН,0.7,VERY LOW,0,GREEN,БЕЗ ЗНАЧАЈНОГ РИЗИКА,NO SIGNIFICANT RISK,HIGH,NONE,2.0,0.0,0.0,0,0,2.0,ECMWF,Modeli daju relativno dobro usaglašen signal.,0.0,GREEN,0,БЕЗ ЗНАЧАЈНОГ РИЗИКА,NO SIGNIFICANT RISK,HIGH,0.0,0.0,0.0,0.0,GREEN,0,БЕЗ ЗНАЧАЈНОГ РИЗИКА,NO SIGNIFICANT RISK,HIGH,0.0,GREEN,0,БЕЗ ЗНАЧАЈНОГ РИЗИКА,NO SIGNIFICANT RISK,HIGH,0,0,0,0.0,0,0.0,0,0.0,0,GREEN,БЕЗ ЗНАЧАЈНОГ РИЗИКА,NO SIGNIFICANT RISK,NONE,HIGH,36,STORMS,EXPERIMENTAL,DEVELOPMENTAL MULTIMODEL SIGNAL - NOT CALIBRATED PROBABILITY,ECMWF ENS | ICON-EU EPS | GEFS,PUBLIC OPEN-DATA SERVICES,INDEPENDENT PROJECT - NOT AN OFFICIAL RHMZ WARNING PRODUCT
ГЛОГОВАЦ,2.7,VERY LOW,0,GREEN,БЕЗ ЗНАЧАЈНОГ РИЗИКА,NO SIGNIFICANT RISK,HIGH,NONE,8.0,0.0,0.0,0,0,8.0,ECMWF,Modeli daju relativno dobro usaglašen signal.,0.0,GREEN,0,БЕЗ ЗНАЧАЈНОГ РИЗИКА,NO SIGNIFICANT RISK,HIGH,0.0,0.0,0.0,0.0,GREEN,0,БЕЗ ЗНАЧАЈНОГ РИЗИКА,NO SIGNIFICANT RISK,HIGH,0.0,GREEN,0,БЕЗ ЗНАЧАЈНОГ РИЗИКА,NO SIGNIFICANT RISK,HIGH,0,0,0,0.0,0,0.0,0,0.0,0,GREEN,БЕЗ ЗНАЧАЈНОГ РИЗИКА,NO SIGNIFICANT RISK,NONE,HIGH,36,STORMS,EXPERIMENTAL,DEVELOPMENTAL MULTIMODEL SIGNAL - NOT CALIBRATED PROBABILITY,ECMWF ENS | ICON-EU EPS | GEFS,PUBLIC OPEN-DATA SERVICES,INDEPENDENT PROJECT - NOT AN OFFICIAL RHMZ WARNING PRODUCT
ГОЛУБАЦ,6.0,VERY LOW,0,GREEN,БЕЗ ЗНАЧАЈНОГ РИЗИКА,NO SIGNIFICANT RISK,HIGH,LOW,18.0,0.0,0.0,1,0,18.0,ECMWF,Modeli daju relativno dobro usaglašen signal.,0.7,GREEN,0,БЕЗ ЗНАЧАЈНОГ РИЗИКА,NO SIGNIFICANT RISK,HIGH,2.0,0.0,0.0,0.0,GREEN,0,БЕЗ ЗНАЧАЈНОГ РИЗИКА,NO SIGNIFICANT RISK,HIGH,0.0,GREEN,0,БЕЗ ЗНАЧАЈНОГ РИЗИКА,NO SIGNIFICANT RISK,HIGH,0,0,0,2.0,0,0.0,0,0.0,0,GREEN,БЕЗ ЗНАЧАЈНОГ РИЗИКА,NO SIGNIFICANT RISK,NONE,HIGH,36,STORMS,EXPERIMENTAL,DEVELOPMENTAL MULTIMODEL SIGNAL - NOT CALIBRATED PROBABILITY,ECMWF ENS | ICON-EU EPS | GEFS,PUBLIC OPEN-DATA SERVICES,INDEPENDENT PROJECT - NOT AN OFFICIAL RHMZ WARNING PRODUCT
ГОРЊИ МИЛАНОВАЦ,16.0,LOW,1,YELLOW,ПОВИШЕН,ELEVATED,LOW,HIGH,48.0,0.0,0.0,1,1,48.0,ECMWF,"ECMWF ENS daje najjači signal (48.0%), ali je međumodelska saglasnost niska. Dominantni scenario ima visoku lokalnu prostornu podršku.",5.3,GREEN,0,БЕЗ ЗНАЧАЈНОГ РИЗИКА,NO SIGNIFICANT RISK,HIGH,16.0,0.0,0.0,0.0,GREEN,0,БЕЗ ЗНАЧАЈНОГ РИЗИКА,NO SIGNIFICANT RISK,HIGH,0.0,GREEN,0,БЕЗ ЗНАЧАЈНОГ РИЗИКА,NO SIGNIFICANT RISK,HIGH,1,0,0,16.0,0,0.0,0,0.0,1,YELLOW,ПОВИШЕН,ELEVATED,THUNDER,LOW,36,STORMS,EXPERIMENTAL,DEVELOPMENTAL MULTIMODEL SIGNAL - NOT CALIBRATED PROBABILITY,ECMWF ENS | ICON-EU EPS | GEFS,PUBLIC OPEN-DATA SERVICES,INDEPENDENT PROJECT - NOT AN OFFICIAL RHMZ WARNING PRODUCT
ГОРА,14.7,LOW,1,YELLOW,ПОВИШЕН,ELEVATED,MODERATE,LOW,24.0,20.0,0.0,2,0,24.0,ECMWF,Postoji delimična multimodel podrška za prognozirani scenario.,0.0,GREEN,0,БЕЗ ЗНАЧАЈНОГ РИЗИКА,NO SIGNIFICANT RISK,HIGH,0.0,0.0,0.0,0.0,GREEN,0,БЕЗ ЗНАЧАЈНОГ РИЗИКА,NO SIGNIFICANT RISK,HIGH,0.0,GREEN,0,БЕЗ ЗНАЧАЈНОГ РИЗИКА,NO SIGNIFICANT RISK,HIGH,0,0,0,0.0,0,0.0,0,0.0,1,YELLOW,ПОВИШЕН,ELEVATED,THUNDER,MODERATE,36,STORMS,EXPERIMENTAL,DEVELOPMENTAL MULTIMODEL SIGNAL - NOT CALIBRATED PROBABILITY,ECMWF ENS | ICON-EU EPS | GEFS,PUBLIC OPEN-DATA SERVICES,INDEPENDENT PROJECT - NOT AN OFFICIAL RHMZ WARNING PRODUCT
ДЕСПОТОВАЦ,8.0,VERY LOW,0,GREEN,БЕЗ ЗНАЧАЈНОГ РИЗИКА,NO SIGNIFICANT RISK,MODERATE,MODERATE,24.0,0.0,0.0,1,0,24.0,ECMWF,Postoji delimična multimodel podrška za prognozirani scenario. Dominantni scenario ima umerenu lokalnu prostornu podršku.,0.0,GREEN,0,БЕЗ ЗНАЧАЈНОГ РИЗИКА,NO SIGNIFICANT RISK,HIGH,0.0,0.0,0.0,0.0,GREEN,0,БЕЗ ЗНАЧАЈНОГ РИЗИКА,NO SIGNIFICANT RISK,HIGH,0.0,GREEN,0,БЕЗ ЗНАЧАЈНОГ РИЗИКА,NO SIGNIFICANT RISK,HIGH,0,0,0,0.0,0,0.0,0,0.0,0,GREEN,БЕЗ ЗНАЧАЈНОГ РИЗИКА,NO SIGNIFICANT RISK,NONE,MODERATE,36,STORMS,EXPERIMENTAL,DEVELOPMENTAL MULTIMODEL SIGNAL - NOT CALIBRATED PROBABILITY,ECMWF ENS | ICON-EU EPS | GEFS,PUBLIC OPEN-DATA SERVICES,INDEPENDENT PROJECT - NOT AN OFFICIAL RHMZ WARNING PRODUCT
ДЕЧАНИ,23.8,LOW,1,YELLOW,ПОВИШЕН,ELEVATED,LOW,MODERATE,44.0,27.5,0.0,2,1,44.0,ECMWF,"ECMWF ENS daje najjači signal (44.0%), ali je međumodelska saglasnost niska. Dominantni scenario ima umerenu lokalnu prostornu podršku.",10.8,YELLOW,1,ПОВИШЕН,ELEVATED,HIGH,20.0,12.5,0.0,0.0,GREEN,0,БЕЗ ЗНАЧАЈНОГ РИЗИКА,NO SIGNIFICANT RISK,HIGH,0.0,GREEN,0,БЕЗ ЗНАЧАЈНОГ РИЗИКА,NO SIGNIFICANT RISK,HIGH,2,0,0,20.0,0,0.0,0,0.0,1,YELLOW,ПОВИШЕН,ELEVATED,THUNDER+HAIL,LOW,36,STORMS,EXPERIMENTAL,DEVELOPMENTAL MULTIMODEL SIGNAL - NOT CALIBRATED PROBABILITY,ECMWF ENS | ICON-EU EPS | GEFS,PUBLIC OPEN-DATA SERVICES,INDEPENDENT PROJECT - NOT AN OFFICIAL RHMZ WARNING PRODUCT
ДИМИТРОВГРАД,20.2,LOW,1,YELLOW,ПОВИШЕН,ELEVATED,LOW,LOW,48.0,12.5,0.0,2,1,48.0,ECMWF,"ECMWF ENS daje najjači signal (48.0%), ali je međumodelska saglasnost niska.",0.0,GREEN,0,БЕЗ ЗНАЧАЈНОГ РИЗИКА,NO SIGNIFICANT RISK,HIGH,0.0,0.0,0.0,0.0,GREEN,0,БЕЗ ЗНАЧАЈНОГ РИЗИКА,NO SIGNIFICANT RISK,HIGH,0.0,GREEN,0,БЕЗ ЗНАЧАЈНОГ РИЗИКА,NO SIGNIFICANT RISK,HIGH,0,0,0,0.0,0,0.0,0,0.0,1,YELLOW,ПОВИШЕН,ELEVATED,THUNDER,LOW,36,STORMS,EXPERIMENTAL,DEVELOPMENTAL MULTIMODEL SIGNAL - NOT CALIBRATED PROBABILITY,ECMWF ENS | ICON-EU EPS | GEFS,PUBLIC OPEN-DATA SERVICES,INDEPENDENT PROJECT - NOT AN OFFICIAL RHMZ WARNING PRODUCT
ДОЉЕВАЦ,0.7,VERY LOW,0,GREEN,БЕЗ ЗНАЧАЈНОГ РИЗИКА,NO SIGNIFICANT RISK,HIGH,NONE,2.0,0.0,0.0,0,0,2.0,ECMWF,Modeli daju relativno dobro usaglašen signal.,0.0,GREEN,0,БЕЗ ЗНАЧАЈНОГ РИЗИКА,NO SIGNIFICANT RISK,HIGH,0.0,0.0,0.0,0.0,GREEN,0,БЕЗ ЗНАЧАЈНОГ РИЗИКА,NO SIGNIFICANT RISK,HIGH,0.0,GREEN,0,БЕЗ ЗНАЧАЈНОГ РИЗИКА,NO SIGNIFICANT RISK,HIGH,0,0,0,0.0,0,0.0,0,0.0,0,GREEN,БЕЗ ЗНАЧАЈНОГ РИЗИКА,NO SIGNIFICANT RISK,NONE,HIGH,36,STORMS,EXPERIMENTAL,DEVELOPMENTAL MULTIMODEL SIGNAL - NOT CALIBRATED PROBABILITY,ECMWF ENS | ICON-EU EPS | GEFS,PUBLIC OPEN-DATA SERVICES,INDEPENDENT PROJECT - NOT AN OFFICIAL RHMZ WARNING PRODUCT
ЖАБАЉ,4.2,VERY LOW,0,GREEN,БЕЗ ЗНАЧАЈНОГ РИЗИКА,NO SIGNIFICANT RISK,HIGH,MODERATE,10.0,2.5,0.0,1,0,10.0,ECMWF,Modeli daju relativno dobro usaglašen signal. Dominantni scenario ima umerenu lokalnu prostornu podršku.,2.8,GREEN,0,БЕЗ ЗНАЧАЈНОГ РИЗИКА,NO SIGNIFICANT RISK,HIGH,6.0,2.5,0.0,0.0,GREEN,0,БЕЗ ЗНАЧАЈНОГ РИЗИКА,NO SIGNIFICANT RISK,HIGH,0.0,GREEN,0,БЕЗ ЗНАЧАЈНОГ РИЗИКА,NO SIGNIFICANT RISK,HIGH,0,0,0,6.0,0,0.0,0,0.0,0,GREEN,БЕЗ ЗНАЧАЈНОГ РИЗИКА,NO SIGNIFICANT RISK,NONE,HIGH,36,STORMS,EXPERIMENTAL,DEVELOPMENTAL MULTIMODEL SIGNAL - NOT CALIBRATED PROBABILITY,ECMWF ENS | ICON-EU EPS | GEFS,PUBLIC OPEN-DATA SERVICES,INDEPENDENT PROJECT - NOT AN OFFICIAL RHMZ WARNING PRODUCT
ЖАБАРИ,6.7,VERY LOW,0,GREEN,БЕЗ ЗНАЧАЈНОГ РИЗИКА,NO SIGNIFICANT RISK,HIGH,MODERATE,20.0,0.0,0.0,1,0,20.0,ECMWF,Modeli daju relativno dobro usaglašen signal. Dominantni scenario ima umerenu lokalnu prostornu podršku.,1.3,GREEN,0,БЕЗ ЗНАЧАЈНОГ РИЗИКА,NO SIGNIFICANT RISK,HIGH,4.0,0.0,0.0,0.0,GREEN,0,БЕЗ ЗНАЧАЈНОГ РИЗИКА,NO SIGNIFICANT RISK,HIGH,0.0,GREEN,0,БЕЗ ЗНАЧАЈНОГ РИЗИКА,NO SIGNIFICANT RISK,HIGH,0,0,0,4.0,0,0.0,0,0.0,0,GREEN,БЕЗ ЗНАЧАЈНОГ РИЗИКА,NO SIGNIFICANT RISK,NONE,HIGH,36,STORMS,EXPERIMENTAL,DEVELOPMENTAL MULTIMODEL SIGNAL - NOT CALIBRATED PROBABILITY,ECMWF ENS | ICON-EU EPS | GEFS,PUBLIC OPEN-DATA SERVICES,INDEPENDENT PROJECT - NOT AN OFFICIAL RHMZ WARNING PRODUCT
ЖАГУБИЦА,8.0,VERY LOW,0,GREEN,БЕЗ ЗНАЧАЈНОГ РИЗИКА,NO SIGNIFICANT RISK,MODERATE,MODERATE,24.0,0.0,0.0,1,0,24.0,ECMWF,Postoji delimična multimodel podrška za prognozirani scenario. Dominantni scenario ima umerenu lokalnu prostornu podršku.,0.0,GREEN,0,БЕЗ ЗНАЧАЈНОГ РИЗИКА,NO SIGNIFICANT RISK,HIGH,0.0,0.0,0.0,0.0,GREEN,0,БЕЗ ЗНАЧАЈНОГ РИЗИКА,NO SIGNIFICANT RISK,HIGH,0.0,GREEN,0,БЕЗ ЗНАЧАЈНОГ РИЗИКА,NO SIGNIFICANT RISK,HIGH,0,0,0,0.0,0,0.0,0,0.0,0,GREEN,БЕЗ ЗНАЧАЈНОГ РИЗИКА,NO SIGNIFICANT RISK,NONE,MODERATE,36,STORMS,EXPERIMENTAL,DEVELOPMENTAL MULTIMODEL SIGNAL - NOT CALIBRATED PROBABILITY,ECMWF ENS | ICON-EU EPS | GEFS,PUBLIC OPEN-DATA SERVICES,INDEPENDENT PROJECT - NOT AN OFFICIAL RHMZ WARNING PRODUCT
ЖИТИШТЕ,3.5,VERY LOW,0,GREEN,БЕЗ ЗНАЧАЈНОГ РИЗИКА,NO SIGNIFICANT RISK,HIGH,NONE,8.0,2.5,0.0,0,0,8.0,ECMWF,Modeli daju relativno dobro usaglašen signal.,0.8,GREEN,0,БЕЗ ЗНАЧАЈНОГ РИЗИКА,NO SIGNIFICANT RISK,HIGH,0.0,2.5,0.0,0.0,GREEN,0,БЕЗ ЗНАЧАЈНОГ РИЗИКА,NO SIGNIFICANT RISK,HIGH,0.0,GREEN,0,БЕЗ ЗНАЧАЈНОГ РИЗИКА,NO SIGNIFICANT RISK,HIGH,0,0,0,2.5,0,0.0,0,0.0,0,GREEN,БЕЗ ЗНАЧАЈНОГ РИЗИКА,NO SIGNIFICANT RISK,NONE,HIGH,36,STORMS,EXPERIMENTAL,DEVELOPMENTAL MULTIMODEL SIGNAL - NOT CALIBRATED PROBABILITY,ECMWF ENS | ICON-EU EPS | GEFS,PUBLIC OPEN-DATA SERVICES,INDEPENDENT PROJECT - NOT AN OFFICIAL RHMZ WARNING PRODUCT
ЖИТОРАЂА,0.7,VERY LOW,0,GREEN,БЕЗ ЗНАЧАЈНОГ РИЗИКА,NO SIGNIFICANT RISK,HIGH,NONE,2.0,0.0,0.0,0,0,2.0,ECMWF,Modeli daju relativno dobro usaglašen signal.,0.0,GREEN,0,БЕЗ ЗНАЧАЈНОГ РИЗИКА,NO SIGNIFICANT RISK,HIGH,0.0,0.0,0.0,0.0,GREEN,0,БЕЗ ЗНАЧАЈНОГ РИЗИКА,NO SIGNIFICANT RISK,HIGH,0.0,GREEN,0,БЕЗ ЗНАЧАЈНОГ РИЗИКА,NO SIGNIFICANT RISK,HIGH,0,0,0,0.0,0,0.0,0,0.0,0,GREEN,БЕЗ ЗНАЧАЈНОГ РИЗИКА,NO SIGNIFICANT RISK,NONE,HIGH,36,STORMS,EXPERIMENTAL,DEVELOPMENTAL MULTIMODEL SIGNAL - NOT CALIBRATED PROBABILITY,ECMWF ENS | ICON-EU EPS | GEFS,PUBLIC OPEN-DATA SERVICES,INDEPENDENT PROJECT - NOT AN OFFICIAL RHMZ WARNING PRODUCT
ЗАЈЕЧАР-ГРАД,8.0,VERY LOW,0,GREEN,БЕЗ ЗНАЧАЈНОГ РИЗИКА,NO SIGNIFICANT RISK,MODERATE,LOW,24.0,0.0,0.0,1,0,24.0,ECMWF,Postoji delimična multimodel podrška za prognozirani scenario.,0.0,GREEN,0,БЕЗ ЗНАЧАЈНОГ РИЗИКА,NO SIGNIFICANT RISK,HIGH,0.0,0.0,0.0,0.0,GREEN,0,БЕЗ ЗНАЧАЈНОГ РИЗИКА,NO SIGNIFICANT RISK,HIGH,0.0,GREEN,0,БЕЗ ЗНАЧАЈНОГ РИЗИКА,NO SIGNIFICANT RISK,HIGH,0,0,0,0.0,0,0.0,0,0.0,0,GREEN,БЕЗ ЗНАЧАЈНОГ РИЗИКА,NO SIGNIFICANT RISK,NONE,MODERATE,36,STORMS,EXPERIMENTAL,DEVELOPMENTAL MULTIMODEL SIGNAL - NOT CALIBRATED PROBABILITY,ECMWF ENS | ICON-EU EPS | GEFS,PUBLIC OPEN-DATA SERVICES,INDEPENDENT PROJECT - NOT AN OFFICIAL RHMZ WARNING PRODUCT
ЗВЕЧАН,0.0,VERY LOW,0,GREEN,БЕЗ ЗНАЧАЈНОГ РИЗИКА,NO SIGNIFICANT RISK,HIGH,NONE,0.0,0.0,0.0,0,0,0.0,ECMWF,Modeli daju relativno dobro usaglašen signal.,0.0,GREEN,0,БЕЗ ЗНАЧАЈНОГ РИЗИКА,NO SIGNIFICANT RISK,HIGH,0.0,0.0,0.0,0.0,GREEN,0,БЕЗ ЗНАЧАЈНОГ РИЗИКА,NO SIGNIFICANT RISK,HIGH,0.0,GREEN,0,БЕЗ ЗНАЧАЈНОГ РИЗИКА,NO SIGNIFICANT RISK,HIGH,0,0,0,0.0,0,0.0,0,0.0,0,GREEN,БЕЗ ЗНАЧАЈНОГ РИЗИКА,NO SIGNIFICANT RISK,NONE,HIGH,36,STORMS,EXPERIMENTAL,DEVELOPMENTAL MULTIMODEL SIGNAL - NOT CALIBRATED PROBABILITY,ECMWF ENS | ICON-EU EPS | GEFS,PUBLIC OPEN-DATA SERVICES,INDEPENDENT PROJECT - NOT AN OFFICIAL RHMZ WARNING PRODUCT
ЗРЕЊАНИН-ГРАД,7.7,VERY LOW,0,GREEN,БЕЗ ЗНАЧАЈНОГ РИЗИКА,NO SIGNIFICANT RISK,HIGH,MODERATE,18.0,5.0,0.0,1,0,18.0,ECMWF,Modeli daju relativno dobro usaglašen signal. Dominantni scenario ima umerenu lokalnu prostornu podršku.,2.8,GREEN,0,БЕЗ ЗНАЧАЈНОГ РИЗИКА,NO SIGNIFICANT RISK,HIGH,6.0,2.5,0.0,0.0,GREEN,0,БЕЗ ЗНАЧАЈНОГ РИЗИКА,NO SIGNIFICANT RISK,HIGH,0.0,GREEN,0,БЕЗ ЗНАЧАЈНОГ РИЗИКА,NO SIGNIFICANT RISK,HIGH,0,0,0,6.0,0,0.0,0,0.0,0,GREEN,БЕЗ ЗНАЧАЈНОГ РИЗИКА,NO SIGNIFICANT RISK,NONE,HIGH,36,STORMS,EXPERIMENTAL,DEVELOPMENTAL MULTIMODEL SIGNAL - NOT CALIBRATED PROBABILITY,ECMWF ENS | ICON-EU EPS | GEFS,PUBLIC OPEN-DATA SERVICES,INDEPENDENT PROJECT - NOT AN OFFICIAL RHMZ WARNING PRODUCT
ЗУБИН ПОТОК,0.7,VERY LOW,0,GREEN,БЕЗ ЗНАЧАЈНОГ РИЗИКА,NO SIGNIFICANT RISK,HIGH,NONE,2.0,0.0,0.0,0,0,2.0,ECMWF,Modeli daju relativno dobro usaglašen signal.,0.7,GREEN,0,БЕЗ ЗНАЧАЈНОГ РИЗИКА,NO SIGNIFICANT RISK,HIGH,2.0,0.0,0.0,0.0,GREEN,0,БЕЗ ЗНАЧАЈНОГ РИЗИКА,NO SIGNIFICANT RISK,HIGH,0.0,GREEN,0,БЕЗ ЗНАЧАЈНОГ РИЗИКА,NO SIGNIFICANT RISK,HIGH,0,0,0,2.0,0,0.0,0,0.0,0,GREEN,БЕЗ ЗНАЧАЈНОГ РИЗИКА,NO SIGNIFICANT RISK,NONE,HIGH,36,STORMS,EXPERIMENTAL,DEVELOPMENTAL MULTIMODEL SIGNAL - NOT CALIBRATED PROBABILITY,ECMWF ENS | ICON-EU EPS | GEFS,PUBLIC OPEN-DATA SERVICES,INDEPENDENT PROJECT - NOT AN OFFICIAL RHMZ WARNING PRODUCT
ИВАЊИЦА,19.1,LOW,1,YELLOW,ПОВИШЕН,ELEVATED,LOW,HIGH,54.0,0.0,3.2,1,1,54.0,ECMWF,"ECMWF ENS daje najjači signal (54.0%), ali je međumodelska saglasnost niska. Dominantni scenario ima visoku lokalnu prostornu podršku.",2.7,GREEN,0,БЕЗ ЗНАЧАЈНОГ РИЗИКА,NO SIGNIFICANT RISK,HIGH,8.0,0.0,0.0,0.0,GREEN,0,БЕЗ ЗНАЧАЈНОГ РИЗИКА,NO SIGNIFICANT RISK,HIGH,0.0,GREEN,0,БЕЗ ЗНАЧАЈНОГ РИЗИКА,NO SIGNIFICANT RISK,HIGH,0,0,0,8.0,0,0.0,0,0.0,1,YELLOW,ПОВИШЕН,ELEVATED,THUNDER,LOW,36,STORMS,EXPERIMENTAL,DEVELOPMENTAL MULTIMODEL SIGNAL - NOT CALIBRATED PROBABILITY,ECMWF ENS | ICON-EU EPS | GEFS,PUBLIC OPEN-DATA SERVICES,INDEPENDENT PROJECT - NOT AN OFFICIAL RHMZ WARNING PRODUCT
ИНЂИЈА,8.5,VERY LOW,0,GREEN,БЕЗ ЗНАЧАЈНОГ РИЗИКА,NO SIGNIFICANT RISK,HIGH,MODERATE,18.0,7.5,0.0,1,0,18.0,ECMWF,Modeli daju relativno dobro usaglašen signal. Dominantni scenario ima umerenu lokalnu prostornu podršku.,5.8,GREEN,0,БЕЗ ЗНАЧАЈНОГ РИЗИКА,NO SIGNIFICANT RISK,HIGH,10.0,7.5,0.0,0.0,GREEN,0,БЕЗ ЗНАЧАЈНОГ РИЗИКА,NO SIGNIFICANT RISK,HIGH,0.0,GREEN,0,БЕЗ ЗНАЧАЈНОГ РИЗИКА,NO SIGNIFICANT RISK,HIGH,1,0,0,10.0,0,0.0,0,0.0,0,GREEN,БЕЗ ЗНАЧАЈНОГ РИЗИКА,NO SIGNIFICANT RISK,NONE,HIGH,36,STORMS,EXPERIMENTAL,DEVELOPMENTAL MULTIMODEL SIGNAL - NOT CALIBRATED PROBABILITY,ECMWF ENS | ICON-EU EPS | GEFS,PUBLIC OPEN-DATA SERVICES,INDEPENDENT PROJECT - NOT AN OFFICIAL RHMZ WARNING PRODUCT
ИРИГ,6.3,VERY LOW,0,GREEN,БЕЗ ЗНАЧАЈНОГ РИЗИКА,NO SIGNIFICANT RISK,HIGH,MODERATE,14.0,5.0,0.0,1,0,14.0,ECMWF,Modeli daju relativno dobro usaglašen signal. Dominantni scenario ima umerenu lokalnu prostornu podršku.,6.3,GREEN,0,БЕЗ ЗНАЧАЈНОГ РИЗИКА,NO SIGNIFICANT RISK,HIGH,14.0,5.0,0.0,0.0,GREEN,0,БЕЗ ЗНАЧАЈНОГ РИЗИКА,NO SIGNIFICANT RISK,HIGH,0.0,GREEN,0,БЕЗ ЗНАЧАЈНОГ РИЗИКА,NO SIGNIFICANT RISK,HIGH,1,0,0,14.0,0,0.0,0,0.0,0,GREEN,БЕЗ ЗНАЧАЈНОГ РИЗИКА,NO SIGNIFICANT RISK,NONE,HIGH,36,STORMS,EXPERIMENTAL,DEVELOPMENTAL MULTIMODEL SIGNAL - NOT CALIBRATED PROBABILITY,ECMWF ENS | ICON-EU EPS | GEFS,PUBLIC OPEN-DATA SERVICES,INDEPENDENT PROJECT - NOT AN OFFICIAL RHMZ WARNING PRODUCT
ИСТОК,15.5,LOW,1,YELLOW,ПОВИШЕН,ELEVATED,LOW,MODERATE,44.0,2.5,0.0,1,1,44.0,ECMWF,"ECMWF ENS daje najjači signal (44.0%), ali je međumodelska saglasnost niska. Dominantni scenario ima umerenu lokalnu prostornu podršku.",0.7,GREEN,0,БЕЗ ЗНАЧАЈНОГ РИЗИКА,NO SIGNIFICANT RISK,HIGH,2.0,0.0,0.0,0.0,GREEN,0,БЕЗ ЗНАЧАЈНОГ РИЗИКА,NO SIGNIFICANT RISK,HIGH,0.0,GREEN,0,БЕЗ ЗНАЧАЈНОГ РИЗИКА,NO SIGNIFICANT RISK,HIGH,0,0,0,2.0,0,0.0,0,0.0,1,YELLOW,ПОВИШЕН,ELEVATED,THUNDER,LOW,36,STORMS,EXPERIMENTAL,DEVELOPMENTAL MULTIMODEL SIGNAL - NOT CALIBRATED PROBABILITY,ECMWF ENS | ICON-EU EPS | GEFS,PUBLIC OPEN-DATA SERVICES,INDEPENDENT PROJECT - NOT AN OFFICIAL RHMZ WARNING PRODUCT
КЊАЖЕВАЦ,6.3,VERY LOW,0,GREEN,БЕЗ ЗНАЧАЈНОГ РИЗИКА,NO SIGNIFICANT RISK,HIGH,MODERATE,14.0,5.0,0.0,1,0,14.0,ECMWF,Modeli daju relativno dobro usaglašen signal. Dominantni scenario ima umerenu lokalnu prostornu podršku.,0.0,GREEN,0,БЕЗ ЗНАЧАЈНОГ РИЗИКА,NO SIGNIFICANT RISK,HIGH,0.0,0.0,0.0,0.0,GREEN,0,БЕЗ ЗНАЧАЈНОГ РИЗИКА,NO SIGNIFICANT RISK,HIGH,0.0,GREEN,0,БЕЗ ЗНАЧАЈНОГ РИЗИКА,NO SIGNIFICANT RISK,HIGH,0,0,0,0.0,0,0.0,0,0.0,0,GREEN,БЕЗ ЗНАЧАЈНОГ РИЗИКА,NO SIGNIFICANT RISK,NONE,HIGH,36,STORMS,EXPERIMENTAL,DEVELOPMENTAL MULTIMODEL SIGNAL - NOT CALIBRATED PROBABILITY,ECMWF ENS | ICON-EU EPS | GEFS,PUBLIC OPEN-DATA SERVICES,INDEPENDENT PROJECT - NOT AN OFFICIAL RHMZ WARNING PRODUCT
КАЊИЖА,0.0,VERY LOW,0,GREEN,БЕЗ ЗНАЧАЈНОГ РИЗИКА,NO SIGNIFICANT RISK,HIGH,NONE,0.0,0.0,0.0,0,0,0.0,ECMWF,Modeli daju relativno dobro usaglašen signal.,0.0,GREEN,0,БЕЗ ЗНАЧАЈНОГ РИЗИКА,NO SIGNIFICANT RISK,HIGH,0.0,0.0,0.0,0.0,GREEN,0,БЕЗ ЗНАЧАЈНОГ РИЗИКА,NO SIGNIFICANT RISK,HIGH,0.0,GREEN,0,БЕЗ ЗНАЧАЈНОГ РИЗИКА,NO SIGNIFICANT RISK,HIGH,0,0,0,0.0,0,0.0,0,0.0,0,GREEN,БЕЗ ЗНАЧАЈНОГ РИЗИКА,NO SIGNIFICANT RISK,NONE,HIGH,36,STORMS,EXPERIMENTAL,DEVELOPMENTAL MULTIMODEL SIGNAL - NOT CALIBRATED PROBABILITY,ECMWF ENS | ICON-EU EPS | GEFS,PUBLIC OPEN-DATA SERVICES,INDEPENDENT PROJECT - NOT AN OFFICIAL RHMZ WARNING PRODUCT
КАЧАНИК,8.0,VERY LOW,0,GREEN,БЕЗ ЗНАЧАЈНОГ РИЗИКА,NO SIGNIFICANT RISK,MODERATE,LOW,24.0,0.0,0.0,1,0,24.0,ECMWF,Postoji delimična multimodel podrška za prognozirani scenario.,0.0,GREEN,0,БЕЗ ЗНАЧАЈНОГ РИЗИКА,NO SIGNIFICANT RISK,HIGH,0.0,0.0,0.0,0.0,GREEN,0,БЕЗ ЗНАЧАЈНОГ РИЗИКА,NO SIGNIFICANT RISK,HIGH,0.0,GREEN,0,БЕЗ ЗНАЧАЈНОГ РИЗИКА,NO SIGNIFICANT RISK,HIGH,0,0,0,0.0,0,0.0,0,0.0,0,GREEN,БЕЗ ЗНАЧАЈНОГ РИЗИКА,NO SIGNIFICANT RISK,NONE,MODERATE,36,STORMS,EXPERIMENTAL,DEVELOPMENTAL MULTIMODEL SIGNAL - NOT CALIBRATED PROBABILITY,ECMWF ENS | ICON-EU EPS | GEFS,PUBLIC OPEN-DATA SERVICES,INDEPENDENT PROJECT - NOT AN OFFICIAL RHMZ WARNING PRODUCT
КИКИНДА,2.7,VERY LOW,0,GREEN,БЕЗ ЗНАЧАЈНОГ РИЗИКА,NO SIGNIFICANT RISK,HIGH,NONE,8.0,0.0,0.0,0,0,8.0,ECMWF,Modeli daju relativno dobro usaglašen signal.,0.0,GREEN,0,БЕЗ ЗНАЧАЈНОГ РИЗИКА,NO SIGNIFICANT RISK,HIGH,0.0,0.0,0.0,0.0,GREEN,0,БЕЗ ЗНАЧАЈНОГ РИЗИКА,NO SIGNIFICANT RISK,HIGH,0.0,GREEN,0,БЕЗ ЗНАЧАЈНОГ РИЗИКА,NO SIGNIFICANT RISK,HIGH,0,0,0,0.0,0,0.0,0,0.0,0,GREEN,БЕЗ ЗНАЧАЈНОГ РИЗИКА,NO SIGNIFICANT RISK,NONE,HIGH,36,STORMS,EXPERIMENTAL,DEVELOPMENTAL MULTIMODEL SIGNAL - NOT CALIBRATED PROBABILITY,ECMWF ENS | ICON-EU EPS | GEFS,PUBLIC OPEN-DATA SERVICES,INDEPENDENT PROJECT - NOT AN OFFICIAL RHMZ WARNING PRODUCT
КЛАДОВО,6.0,VERY LOW,0,GREEN,БЕЗ ЗНАЧАЈНОГ РИЗИКА,NO SIGNIFICANT RISK,HIGH,LOW,18.0,0.0,0.0,1,0,18.0,ECMWF,Modeli daju relativno dobro usaglašen signal.,0.0,GREEN,0,БЕЗ ЗНАЧАЈНОГ РИЗИКА,NO SIGNIFICANT RISK,HIGH,0.0,0.0,0.0,0.0,GREEN,0,БЕЗ ЗНАЧАЈНОГ РИЗИКА,NO SIGNIFICANT RISK,HIGH,0.0,GREEN,0,БЕЗ ЗНАЧАЈНОГ РИЗИКА,NO SIGNIFICANT RISK,HIGH,0,0,0,0.0,0,0.0,0,0.0,0,GREEN,БЕЗ ЗНАЧАЈНОГ РИЗИКА,NO SIGNIFICANT RISK,NONE,HIGH,36,STORMS,EXPERIMENTAL,DEVELOPMENTAL MULTIMODEL SIGNAL - NOT CALIBRATED PROBABILITY,ECMWF ENS | ICON-EU EPS | GEFS,PUBLIC OPEN-DATA SERVICES,INDEPENDENT PROJECT - NOT AN OFFICIAL RHMZ WARNING PRODUCT
КЛИНА,16.3,LOW,1,YELLOW,ПОВИШЕН,ELEVATED,LOW,HIGH,44.0,5.0,0.0,1,1,44.0,ECMWF,"ECMWF ENS daje najjači signal (44.0%), ali je međumodelska saglasnost niska. Dominantni scenario ima visoku lokalnu prostornu podršku.",0.7,GREEN,0,БЕЗ ЗНАЧАЈНОГ РИЗИКА,NO SIGNIFICANT RISK,HIGH,2.0,0.0,0.0,0.0,GREEN,0,БЕЗ ЗНАЧАЈНОГ РИЗИКА,NO SIGNIFICANT RISK,HIGH,0.0,GREEN,0,БЕЗ ЗНАЧАЈНОГ РИЗИКА,NO SIGNIFICANT RISK,HIGH,0,0,0,2.0,0,0.0,0,0.0,1,YELLOW,ПОВИШЕН,ELEVATED,THUNDER,LOW,36,STORMS,EXPERIMENTAL,DEVELOPMENTAL MULTIMODEL SIGNAL - NOT CALIBRATED PROBABILITY,ECMWF ENS | ICON-EU EPS | GEFS,PUBLIC OPEN-DATA SERVICES,INDEPENDENT PROJECT - NOT AN OFFICIAL RHMZ WARNING PRODUCT
КНИЋ,14.0,LOW,1,YELLOW,ПОВИШЕН,ELEVATED,LOW,HIGH,42.0,0.0,0.0,1,1,42.0,ECMWF,"ECMWF ENS daje najjači signal (42.0%), ali je međumodelska saglasnost niska. Dominantni scenario ima visoku lokalnu prostornu podršku.",3.3,GREEN,0,БЕЗ ЗНАЧАЈНОГ РИЗИКА,NO SIGNIFICANT RISK,HIGH,10.0,0.0,0.0,0.0,GREEN,0,БЕЗ ЗНАЧАЈНОГ РИЗИКА,NO SIGNIFICANT RISK,HIGH,0.0,GREEN,0,БЕЗ ЗНАЧАЈНОГ РИЗИКА,NO SIGNIFICANT RISK,HIGH,1,0,0,10.0,0,0.0,0,0.0,1,YELLOW,ПОВИШЕН,ELEVATED,THUNDER,LOW,36,STORMS,EXPERIMENTAL,DEVELOPMENTAL MULTIMODEL SIGNAL - NOT CALIBRATED PROBABILITY,ECMWF ENS | ICON-EU EPS | GEFS,PUBLIC OPEN-DATA SERVICES,INDEPENDENT PROJECT - NOT AN OFFICIAL RHMZ WARNING PRODUCT
КОВАЧИЦА,7.7,VERY LOW,0,GREEN,БЕЗ ЗНАЧАЈНОГ РИЗИКА,NO SIGNIFICANT RISK,HIGH,MODERATE,18.0,5.0,0.0,1,0,18.0,ECMWF,Modeli daju relativno dobro usaglašen signal. Dominantni scenario ima umerenu lokalnu prostornu podršku.,0.7,GREEN,0,БЕЗ ЗНАЧАЈНОГ РИЗИКА,NO SIGNIFICANT RISK,HIGH,2.0,0.0,0.0,0.0,GREEN,0,БЕЗ ЗНАЧАЈНОГ РИЗИКА,NO SIGNIFICANT RISK,HIGH,0.0,GREEN,0,БЕЗ ЗНАЧАЈНОГ РИЗИКА,NO SIGNIFICANT RISK,HIGH,0,0,0,2.0,0,0.0,0,0.0,0,GREEN,БЕЗ ЗНАЧАЈНОГ РИЗИКА,NO SIGNIFICANT RISK,NONE,HIGH,36,STORMS,EXPERIMENTAL,DEVELOPMENTAL MULTIMODEL SIGNAL - NOT CALIBRATED PROBABILITY,ECMWF ENS | ICON-EU EPS | GEFS,PUBLIC OPEN-DATA SERVICES,INDEPENDENT PROJECT - NOT AN OFFICIAL RHMZ WARNING PRODUCT
КОВИН,13.0,LOW,1,YELLOW,ПОВИШЕН,ELEVATED,MODERATE,HIGH,34.0,5.0,0.0,1,0,34.0,ECMWF,Postoji delimična multimodel podrška za prognozirani scenario. Dominantni scenario ima visoku lokalnu prostornu podršku.,1.3,GREEN,0,БЕЗ ЗНАЧАЈНОГ РИЗИКА,NO SIGNIFICANT RISK,HIGH,4.0,0.0,0.0,0.0,GREEN,0,БЕЗ ЗНАЧАЈНОГ РИЗИКА,NO SIGNIFICANT RISK,HIGH,0.0,GREEN,0,БЕЗ ЗНАЧАЈНОГ РИЗИКА,NO SIGNIFICANT RISK,HIGH,0,0,0,4.0,0,0.0,0,0.0,1,YELLOW,ПОВИШЕН,ELEVATED,THUNDER,MODERATE,36,STORMS,EXPERIMENTAL,DEVELOPMENTAL MULTIMODEL SIGNAL - NOT CALIBRATED PROBABILITY,ECMWF ENS | ICON-EU EPS | GEFS,PUBLIC OPEN-DATA SERVICES,INDEPENDENT PROJECT - NOT AN OFFICIAL RHMZ WARNING PRODUCT
КОСЈЕРИЋ,17.5,LOW,1,YELLOW,ПОВИШЕН,ELEVATED,LOW,HIGH,50.0,2.5,0.0,1,1,50.0,ECMWF,"ECMWF ENS daje najjači signal (50.0%), ali je međumodelska saglasnost niska. Dominantni scenario ima visoku lokalnu prostornu podršku.",16.7,YELLOW,1,ПОВИШЕН,ELEVATED,LOW,50.0,0.0,0.0,0.7,GREEN,0,БЕЗ ЗНАЧАЈНОГ РИЗИКА,NO SIGNIFICANT RISK,HIGH,0.0,GREEN,0,БЕЗ ЗНАЧАЈНОГ РИЗИКА,NO SIGNIFICANT RISK,HIGH,1,1,1,50.0,0,2.0,0,0.0,1,YELLOW,ПОВИШЕН,ELEVATED,THUNDER+HAIL,LOW,36,STORMS,EXPERIMENTAL,DEVELOPMENTAL MULTIMODEL SIGNAL - NOT CALIBRATED PROBABILITY,ECMWF ENS | ICON-EU EPS | GEFS,PUBLIC OPEN-DATA SERVICES,INDEPENDENT PROJECT - NOT AN OFFICIAL RHMZ WARNING PRODUCT
КОСОВО ПОЉЕ,1.3,VERY LOW,0,GREEN,БЕЗ ЗНАЧАЈНОГ РИЗИКА,NO SIGNIFICANT RISK,HIGH,NONE,4.0,0.0,0.0,0,0,4.0,ECMWF,Modeli daju relativno dobro usaglašen signal.,0.0,GREEN,0,БЕЗ ЗНАЧАЈНОГ РИЗИКА,NO SIGNIFICANT RISK,HIGH,0.0,0.0,0.0,0.0,GREEN,0,БЕЗ ЗНАЧАЈНОГ РИЗИКА,NO SIGNIFICANT RISK,HIGH,0.0,GREEN,0,БЕЗ ЗНАЧАЈНОГ РИЗИКА,NO SIGNIFICANT RISK,HIGH,0,0,0,0.0,0,0.0,0,0.0,0,GREEN,БЕЗ ЗНАЧАЈНОГ РИЗИКА,NO SIGNIFICANT RISK,NONE,HIGH,36,STORMS,EXPERIMENTAL,DEVELOPMENTAL MULTIMODEL SIGNAL - NOT CALIBRATED PROBABILITY,ECMWF ENS | ICON-EU EPS | GEFS,PUBLIC OPEN-DATA SERVICES,INDEPENDENT PROJECT - NOT AN OFFICIAL RHMZ WARNING PRODUCT
КОСОВСКА КАМЕНИЦА,1.1,VERY LOW,0,GREEN,БЕЗ ЗНАЧАЈНОГ РИЗИКА,NO SIGNIFICANT RISK,HIGH,NONE,0.0,0.0,3.2,0,0,3.2,GEFS,Modeli daju relativno dobro usaglašen signal.,0.0,GREEN,0,БЕЗ ЗНАЧАЈНОГ РИЗИКА,NO SIGNIFICANT RISK,HIGH,0.0,0.0,0.0,0.0,GREEN,0,БЕЗ ЗНАЧАЈНОГ РИЗИКА,NO SIGNIFICANT RISK,HIGH,0.0,GREEN,0,БЕЗ ЗНАЧАЈНОГ РИЗИКА,NO SIGNIFICANT RISK,HIGH,0,0,0,0.0,0,0.0,0,0.0,0,GREEN,БЕЗ ЗНАЧАЈНОГ РИЗИКА,NO SIGNIFICANT RISK,NONE,HIGH,36,STORMS,EXPERIMENTAL,DEVELOPMENTAL MULTIMODEL SIGNAL - NOT CALIBRATED PROBABILITY,ECMWF ENS | ICON-EU EPS | GEFS,PUBLIC OPEN-DATA SERVICES,INDEPENDENT PROJECT - NOT AN OFFICIAL RHMZ WARNING PRODUCT
КОСОВСКА МИТРОВИЦА,10.7,LOW,1,YELLOW,ПОВИШЕН,ELEVATED,MODERATE,MODERATE,32.0,0.0,0.0,1,0,32.0,ECMWF,Postoji delimična multimodel podrška za prognozirani scenario. Dominantni scenario ima umerenu lokalnu prostornu podršku.,0.0,GREEN,0,БЕЗ ЗНАЧАЈНОГ РИЗИКА,NO SIGNIFICANT RISK,HIGH,0.0,0.0,0.0,0.0,GREEN,0,БЕЗ ЗНАЧАЈНОГ РИЗИКА,NO SIGNIFICANT RISK,HIGH,0.0,GREEN,0,БЕЗ ЗНАЧАЈНОГ РИЗИКА,NO SIGNIFICANT RISK,HIGH,0,0,0,0.0,0,0.0,0,0.0,1,YELLOW,ПОВИШЕН,ELEVATED,THUNDER,MODERATE,36,STORMS,EXPERIMENTAL,DEVELOPMENTAL MULTIMODEL SIGNAL - NOT CALIBRATED PROBABILITY,ECMWF ENS | ICON-EU EPS | GEFS,PUBLIC OPEN-DATA SERVICES,INDEPENDENT PROJECT - NOT AN OFFICIAL RHMZ WARNING PRODUCT
КОЦЕЉЕВА,16.3,LOW,1,YELLOW,ПОВИШЕН,ELEVATED,LOW,HIGH,44.0,5.0,0.0,1,1,44.0,ECMWF,"ECMWF ENS daje najjači signal (44.0%), ali je međumodelska saglasnost niska. Dominantni scenario ima visoku lokalnu prostornu podršku.",14.7,YELLOW,1,ПОВИШЕН,ELEVATED,LOW,44.0,0.0,0.0,0.0,GREEN,0,БЕЗ ЗНАЧАЈНОГ РИЗИКА,NO SIGNIFICANT RISK,HIGH,0.0,GREEN,0,БЕЗ ЗНАЧАЈНОГ РИЗИКА,NO SIGNIFICANT RISK,HIGH,1,1,0,44.0,0,0.0,0,0.0,1,YELLOW,ПОВИШЕН,ELEVATED,THUNDER+HAIL,LOW,36,STORMS,EXPERIMENTAL,DEVELOPMENTAL MULTIMODEL SIGNAL - NOT CALIBRATED PROBABILITY,ECMWF ENS | ICON-EU EPS | GEFS,PUBLIC OPEN-DATA SERVICES,INDEPENDENT PROJECT - NOT AN OFFICIAL RHMZ WARNING PRODUCT
КРАЉЕВО-ГРАД,18.0,LOW,1,YELLOW,ПОВИШЕН,ELEVATED,LOW,HIGH,54.0,0.0,0.0,1,1,54.0,ECMWF,"ECMWF ENS daje najjači signal (54.0%), ali je međumodelska saglasnost niska. Dominantni scenario ima visoku lokalnu prostornu podršku.",2.7,GREEN,0,БЕЗ ЗНАЧАЈНОГ РИЗИКА,NO SIGNIFICANT RISK,HIGH,8.0,0.0,0.0,0.0,GREEN,0,БЕЗ ЗНАЧАЈНОГ РИЗИКА,NO SIGNIFICANT RISK,HIGH,0.0,GREEN,0,БЕЗ ЗНАЧАЈНОГ РИЗИКА,NO SIGNIFICANT RISK,HIGH,0,0,0,8.0,0,0.0,0,0.0,1,YELLOW,ПОВИШЕН,ELEVATED,THUNDER,LOW,36,STORMS,EXPERIMENTAL,DEVELOPMENTAL MULTIMODEL SIGNAL - NOT CALIBRATED PROBABILITY,ECMWF ENS | ICON-EU EPS | GEFS,PUBLIC OPEN-DATA SERVICES,INDEPENDENT PROJECT - NOT AN OFFICIAL RHMZ WARNING PRODUCT
КРАГУЈЕВАЦ-ГРАД,12.0,LOW,1,YELLOW,ПОВИШЕН,ELEVATED,MODERATE,HIGH,36.0,0.0,0.0,1,0,36.0,ECMWF,Postoji delimična multimodel podrška za prognozirani scenario. Dominantni scenario ima visoku lokalnu prostornu podršku.,1.3,GREEN,0,БЕЗ ЗНАЧАЈНОГ РИЗИКА,NO SIGNIFICANT RISK,HIGH,4.0,0.0,0.0,0.0,GREEN,0,БЕЗ ЗНАЧАЈНОГ РИЗИКА,NO SIGNIFICANT RISK,HIGH,0.0,GREEN,0,БЕЗ ЗНАЧАЈНОГ РИЗИКА,NO SIGNIFICANT RISK,HIGH,0,0,0,4.0,0,0.0,0,0.0,1,YELLOW,ПОВИШЕН,ELEVATED,THUNDER,MODERATE,36,STORMS,EXPERIMENTAL,DEVELOPMENTAL MULTIMODEL SIGNAL - NOT CALIBRATED PROBABILITY,ECMWF ENS | ICON-EU EPS | GEFS,PUBLIC OPEN-DATA SERVICES,INDEPENDENT PROJECT - NOT AN OFFICIAL RHMZ WARNING PRODUCT
КРУПАЊ,18.2,LOW,1,YELLOW,ПОВИШЕН,ELEVATED,LOW,HIGH,52.0,2.5,0.0,1,1,52.0,ECMWF,"ECMWF ENS daje najjači signal (52.0%), ali je međumodelska saglasnost niska. Dominantni scenario ima visoku lokalnu prostornu podršku.",19.3,YELLOW,1,ПОВИШЕН,ELEVATED,LOW,58.0,0.0,0.0,0.7,GREEN,0,БЕЗ ЗНАЧАЈНОГ РИЗИКА,NO SIGNIFICANT RISK,HIGH,0.0,GREEN,0,БЕЗ ЗНАЧАЈНОГ РИЗИКА,NO SIGNIFICANT RISK,HIGH,1,1,1,58.0,0,2.0,0,0.0,1,YELLOW,ПОВИШЕН,ELEVATED,THUNDER+HAIL,LOW,36,STORMS,EXPERIMENTAL,DEVELOPMENTAL MULTIMODEL SIGNAL - NOT CALIBRATED PROBABILITY,ECMWF ENS | ICON-EU EPS | GEFS,PUBLIC OPEN-DATA SERVICES,INDEPENDENT PROJECT - NOT AN OFFICIAL RHMZ WARNING PRODUCT
КРУШЕВАЦ-ГРАД,10.7,LOW,1,YELLOW,ПОВИШЕН,ELEVATED,MODERATE,MODERATE,32.0,0.0,0.0,1,0,32.0,ECMWF,Postoji delimična multimodel podrška za prognozirani scenario. Dominantni scenario ima umerenu lokalnu prostornu podršku.,0.0,GREEN,0,БЕЗ ЗНАЧАЈНОГ РИЗИКА,NO SIGNIFICANT RISK,HIGH,0.0,0.0,0.0,0.0,GREEN,0,БЕЗ ЗНАЧАЈНОГ РИЗИКА,NO SIGNIFICANT RISK,HIGH,0.0,GREEN,0,БЕЗ ЗНАЧАЈНОГ РИЗИКА,NO SIGNIFICANT RISK,HIGH,0,0,0,0.0,0,0.0,0,0.0,1,YELLOW,ПОВИШЕН,ELEVATED,THUNDER,MODERATE,36,STORMS,EXPERIMENTAL,DEVELOPMENTAL MULTIMODEL SIGNAL - NOT CALIBRATED PROBABILITY,ECMWF ENS | ICON-EU EPS | GEFS,PUBLIC OPEN-DATA SERVICES,INDEPENDENT PROJECT - NOT AN OFFICIAL RHMZ WARNING PRODUCT
КУЛА,0.7,VERY LOW,0,GREEN,БЕЗ ЗНАЧАЈНОГ РИЗИКА,NO SIGNIFICANT RISK,HIGH,NONE,2.0,0.0,0.0,0,0,2.0,ECMWF,Modeli daju relativno dobro usaglašen signal.,0.0,GREEN,0,БЕЗ ЗНАЧАЈНОГ РИЗИКА,NO SIGNIFICANT RISK,HIGH,0.0,0.0,0.0,0.0,GREEN,0,БЕЗ ЗНАЧАЈНОГ РИЗИКА,NO SIGNIFICANT RISK,HIGH,0.0,GREEN,0,БЕЗ ЗНАЧАЈНОГ РИЗИКА,NO SIGNIFICANT RISK,HIGH,0,0,0,0.0,0,0.0,0,0.0,0,GREEN,БЕЗ ЗНАЧАЈНОГ РИЗИКА,NO SIGNIFICANT RISK,NONE,HIGH,36,STORMS,EXPERIMENTAL,DEVELOPMENTAL MULTIMODEL SIGNAL - NOT CALIBRATED PROBABILITY,ECMWF ENS | ICON-EU EPS | GEFS,PUBLIC OPEN-DATA SERVICES,INDEPENDENT PROJECT - NOT AN OFFICIAL RHMZ WARNING PRODUCT
КУРШУМЛИЈА,10.7,LOW,1,YELLOW,ПОВИШЕН,ELEVATED,MODERATE,HIGH,32.0,0.0,0.0,1,0,32.0,ECMWF,Postoji delimična multimodel podrška za prognozirani scenario. Dominantni scenario ima visoku lokalnu prostornu podršku.,0.0,GREEN,0,БЕЗ ЗНАЧАЈНОГ РИЗИКА,NO SIGNIFICANT RISK,HIGH,0.0,0.0,0.0,0.0,GREEN,0,БЕЗ ЗНАЧАЈНОГ РИЗИКА,NO SIGNIFICANT RISK,HIGH,0.0,GREEN,0,БЕЗ ЗНАЧАЈНОГ РИЗИКА,NO SIGNIFICANT RISK,HIGH,0,0,0,0.0,0,0.0,0,0.0,1,YELLOW,ПОВИШЕН,ELEVATED,THUNDER,MODERATE,36,STORMS,EXPERIMENTAL,DEVELOPMENTAL MULTIMODEL SIGNAL - NOT CALIBRATED PROBABILITY,ECMWF ENS | ICON-EU EPS | GEFS,PUBLIC OPEN-DATA SERVICES,INDEPENDENT PROJECT - NOT AN OFFICIAL RHMZ WARNING PRODUCT
КУЧЕВО,6.0,VERY LOW,0,GREEN,БЕЗ ЗНАЧАЈНОГ РИЗИКА,NO SIGNIFICANT RISK,HIGH,MODERATE,18.0,0.0,0.0,1,0,18.0,ECMWF,Modeli daju relativno dobro usaglašen signal. Dominantni scenario ima umerenu lokalnu prostornu podršku.,0.0,GREEN,0,БЕЗ ЗНАЧАЈНОГ РИЗИКА,NO SIGNIFICANT RISK,HIGH,0.0,0.0,0.0,0.0,GREEN,0,БЕЗ ЗНАЧАЈНОГ РИЗИКА,NO SIGNIFICANT RISK,HIGH,0.0,GREEN,0,БЕЗ ЗНАЧАЈНОГ РИЗИКА,NO SIGNIFICANT RISK,HIGH,0,0,0,0.0,0,0.0,0,0.0,0,GREEN,БЕЗ ЗНАЧАЈНОГ РИЗИКА,NO SIGNIFICANT RISK,NONE,HIGH,36,STORMS,EXPERIMENTAL,DEVELOPMENTAL MULTIMODEL SIGNAL - NOT CALIBRATED PROBABILITY,ECMWF ENS | ICON-EU EPS | GEFS,PUBLIC OPEN-DATA SERVICES,INDEPENDENT PROJECT - NOT AN OFFICIAL RHMZ WARNING PRODUCT
ЛАЈКОВАЦ,16.3,LOW,1,YELLOW,ПОВИШЕН,ELEVATED,LOW,HIGH,44.0,5.0,0.0,1,1,44.0,ECMWF,"ECMWF ENS daje najjači signal (44.0%), ali je međumodelska saglasnost niska. Dominantni scenario ima visoku lokalnu prostornu podršku.",11.3,YELLOW,1,ПОВИШЕН,ELEVATED,MODERATE,34.0,0.0,0.0,0.0,GREEN,0,БЕЗ ЗНАЧАЈНОГ РИЗИКА,NO SIGNIFICANT RISK,HIGH,0.0,GREEN,0,БЕЗ ЗНАЧАЈНОГ РИЗИКА,NO SIGNIFICANT RISK,HIGH,1,0,0,34.0,0,0.0,0,0.0,1,YELLOW,ПОВИШЕН,ELEVATED,THUNDER+HAIL,LOW,36,STORMS,EXPERIMENTAL,DEVELOPMENTAL MULTIMODEL SIGNAL - NOT CALIBRATED PROBABILITY,ECMWF ENS | ICON-EU EPS | GEFS,PUBLIC OPEN-DATA SERVICES,INDEPENDENT PROJECT - NOT AN OFFICIAL RHMZ WARNING PRODUCT
ЛАПОВО,10.7,LOW,1,YELLOW,ПОВИШЕН,ELEVATED,MODERATE,MODERATE,32.0,0.0,0.0,1,0,32.0,ECMWF,Postoji delimična multimodel podrška za prognozirani scenario. Dominantni scenario ima umerenu lokalnu prostornu podršku.,0.7,GREEN,0,БЕЗ ЗНАЧАЈНОГ РИЗИКА,NO SIGNIFICANT RISK,HIGH,2.0,0.0,0.0,0.0,GREEN,0,БЕЗ ЗНАЧАЈНОГ РИЗИКА,NO SIGNIFICANT RISK,HIGH,0.0,GREEN,0,БЕЗ ЗНАЧАЈНОГ РИЗИКА,NO SIGNIFICANT RISK,HIGH,0,0,0,2.0,0,0.0,0,0.0,1,YELLOW,ПОВИШЕН,ELEVATED,THUNDER,MODERATE,36,STORMS,EXPERIMENTAL,DEVELOPMENTAL MULTIMODEL SIGNAL - NOT CALIBRATED PROBABILITY,ECMWF ENS | ICON-EU EPS | GEFS,PUBLIC OPEN-DATA SERVICES,INDEPENDENT PROJECT - NOT AN OFFICIAL RHMZ WARNING PRODUCT
ЛЕБАНЕ,0.0,VERY LOW,0,GREEN,БЕЗ ЗНАЧАЈНОГ РИЗИКА,NO SIGNIFICANT RISK,HIGH,NONE,0.0,0.0,0.0,0,0,0.0,ECMWF,Modeli daju relativno dobro usaglašen signal.,0.0,GREEN,0,БЕЗ ЗНАЧАЈНОГ РИЗИКА,NO SIGNIFICANT RISK,HIGH,0.0,0.0,0.0,0.0,GREEN,0,БЕЗ ЗНАЧАЈНОГ РИЗИКА,NO SIGNIFICANT RISK,HIGH,0.0,GREEN,0,БЕЗ ЗНАЧАЈНОГ РИЗИКА,NO SIGNIFICANT RISK,HIGH,0,0,0,0.0,0,0.0,0,0.0,0,GREEN,БЕЗ ЗНАЧАЈНОГ РИЗИКА,NO SIGNIFICANT RISK,NONE,HIGH,36,STORMS,EXPERIMENTAL,DEVELOPMENTAL MULTIMODEL SIGNAL - NOT CALIBRATED PROBABILITY,ECMWF ENS | ICON-EU EPS | GEFS,PUBLIC OPEN-DATA SERVICES,INDEPENDENT PROJECT - NOT AN OFFICIAL RHMZ WARNING PRODUCT
ЛЕПОСАВИЋ,10.7,LOW,1,YELLOW,ПОВИШЕН,ELEVATED,MODERATE,HIGH,32.0,0.0,0.0,1,0,32.0,ECMWF,Postoji delimična multimodel podrška za prognozirani scenario. Dominantni scenario ima visoku lokalnu prostornu podršku.,0.0,GREEN,0,БЕЗ ЗНАЧАЈНОГ РИЗИКА,NO SIGNIFICANT RISK,HIGH,0.0,0.0,0.0,0.0,GREEN,0,БЕЗ ЗНАЧАЈНОГ РИЗИКА,NO SIGNIFICANT RISK,HIGH,0.0,GREEN,0,БЕЗ ЗНАЧАЈНОГ РИЗИКА,NO SIGNIFICANT RISK,HIGH,0,0,0,0.0,0,0.0,0,0.0,1,YELLOW,ПОВИШЕН,ELEVATED,THUNDER,MODERATE,36,STORMS,EXPERIMENTAL,DEVELOPMENTAL MULTIMODEL SIGNAL - NOT CALIBRATED PROBABILITY,ECMWF ENS | ICON-EU EPS | GEFS,PUBLIC OPEN-DATA SERVICES,INDEPENDENT PROJECT - NOT AN OFFICIAL RHMZ WARNING PRODUCT
ЛЕСКОВАЦ-ГРАД,0.7,VERY LOW,0,GREEN,БЕЗ ЗНАЧАЈНОГ РИЗИКА,NO SIGNIFICANT RISK,HIGH,NONE,2.0,0.0,0.0,0,0,2.0,ECMWF,Modeli daju relativno dobro usaglašen signal.,0.0,GREEN,0,БЕЗ ЗНАЧАЈНОГ РИЗИКА,NO SIGNIFICANT RISK,HIGH,0.0,0.0,0.0,0.0,GREEN,0,БЕЗ ЗНАЧАЈНОГ РИЗИКА,NO SIGNIFICANT RISK,HIGH,0.0,GREEN,0,БЕЗ ЗНАЧАЈНОГ РИЗИКА,NO SIGNIFICANT RISK,HIGH,0,0,0,0.0,0,0.0,0,0.0,0,GREEN,БЕЗ ЗНАЧАЈНОГ РИЗИКА,NO SIGNIFICANT RISK,NONE,HIGH,36,STORMS,EXPERIMENTAL,DEVELOPMENTAL MULTIMODEL SIGNAL - NOT CALIBRATED PROBABILITY,ECMWF ENS | ICON-EU EPS | GEFS,PUBLIC OPEN-DATA SERVICES,INDEPENDENT PROJECT - NOT AN OFFICIAL RHMZ WARNING PRODUCT
ЛИПЉАН,2.4,VERY LOW,0,GREEN,БЕЗ ЗНАЧАЈНОГ РИЗИКА,NO SIGNIFICANT RISK,HIGH,NONE,4.0,0.0,3.2,0,0,4.0,ECMWF,Modeli daju relativno dobro usaglašen signal.,0.0,GREEN,0,БЕЗ ЗНАЧАЈНОГ РИЗИКА,NO SIGNIFICANT RISK,HIGH,0.0,0.0,0.0,0.0,GREEN,0,БЕЗ ЗНАЧАЈНОГ РИЗИКА,NO SIGNIFICANT RISK,HIGH,0.0,GREEN,0,БЕЗ ЗНАЧАЈНОГ РИЗИКА,NO SIGNIFICANT RISK,HIGH,0,0,0,0.0,0,0.0,0,0.0,0,GREEN,БЕЗ ЗНАЧАЈНОГ РИЗИКА,NO SIGNIFICANT RISK,NONE,HIGH,36,STORMS,EXPERIMENTAL,DEVELOPMENTAL MULTIMODEL SIGNAL - NOT CALIBRATED PROBABILITY,ECMWF ENS | ICON-EU EPS | GEFS,PUBLIC OPEN-DATA SERVICES,INDEPENDENT PROJECT - NOT AN OFFICIAL RHMZ WARNING PRODUCT
ЛОЗНИЦА-ГРАД,15.5,LOW,1,YELLOW,ПОВИШЕН,ELEVATED,LOW,MODERATE,44.0,2.5,0.0,1,1,44.0,ECMWF,"ECMWF ENS daje najjači signal (44.0%), ali je međumodelska saglasnost niska. Dominantni scenario ima umerenu lokalnu prostornu podršku.",14.2,YELLOW,1,ПОВИШЕН,ELEVATED,MODERATE,40.0,2.5,0.0,0.0,GREEN,0,БЕЗ ЗНАЧАЈНОГ РИЗИКА,NO SIGNIFICANT RISK,HIGH,0.0,GREEN,0,БЕЗ ЗНАЧАЈНОГ РИЗИКА,NO SIGNIFICANT RISK,HIGH,1,1,0,40.0,0,0.0,0,0.0,1,YELLOW,ПОВИШЕН,ELEVATED,THUNDER+HAIL,LOW,36,STORMS,EXPERIMENTAL,DEVELOPMENTAL MULTIMODEL SIGNAL - NOT CALIBRATED PROBABILITY,ECMWF ENS | ICON-EU EPS | GEFS,PUBLIC OPEN-DATA SERVICES,INDEPENDENT PROJECT - NOT AN OFFICIAL RHMZ WARNING PRODUCT
ЛУЧАНИ,19.1,LOW,1,YELLOW,ПОВИШЕН,ELEVATED,LOW,HIGH,54.0,0.0,3.2,1,1,54.0,ECMWF,"ECMWF ENS daje najjači signal (54.0%), ali je međumodelska saglasnost niska. Dominantni scenario ima visoku lokalnu prostornu podršku.",7.3,GREEN,0,БЕЗ ЗНАЧАЈНОГ РИЗИКА,NO SIGNIFICANT RISK,MODERATE,22.0,0.0,0.0,0.0,GREEN,0,БЕЗ ЗНАЧАЈНОГ РИЗИКА,NO SIGNIFICANT RISK,HIGH,0.0,GREEN,0,БЕЗ ЗНАЧАЈНОГ РИЗИКА,NO SIGNIFICANT RISK,HIGH,1,0,0,22.0,0,0.0,0,0.0,1,YELLOW,ПОВИШЕН,ELEVATED,THUNDER,LOW,36,STORMS,EXPERIMENTAL,DEVELOPMENTAL MULTIMODEL SIGNAL - NOT CALIBRATED PROBABILITY,ECMWF ENS | ICON-EU EPS | GEFS,PUBLIC OPEN-DATA SERVICES,INDEPENDENT PROJECT - NOT AN OFFICIAL RHMZ WARNING PRODUCT
МАЈДАНПЕК,8.0,VERY LOW,0,GREEN,БЕЗ ЗНАЧАЈНОГ РИЗИКА,NO SIGNIFICANT RISK,MODERATE,MODERATE,24.0,0.0,0.0,1,0,24.0,ECMWF,Postoji delimična multimodel podrška za prognozirani scenario. Dominantni scenario ima umerenu lokalnu prostornu podršku.,0.0,GREEN,0,БЕЗ ЗНАЧАЈНОГ РИЗИКА,NO SIGNIFICANT RISK,HIGH,0.0,0.0,0.0,0.0,GREEN,0,БЕЗ ЗНАЧАЈНОГ РИЗИКА,NO SIGNIFICANT RISK,HIGH,0.0,GREEN,0,БЕЗ ЗНАЧАЈНОГ РИЗИКА,NO SIGNIFICANT RISK,HIGH,0,0,0,0.0,0,0.0,0,0.0,0,GREEN,БЕЗ ЗНАЧАЈНОГ РИЗИКА,NO SIGNIFICANT RISK,NONE,MODERATE,36,STORMS,EXPERIMENTAL,DEVELOPMENTAL MULTIMODEL SIGNAL - NOT CALIBRATED PROBABILITY,ECMWF ENS | ICON-EU EPS | GEFS,PUBLIC OPEN-DATA SERVICES,INDEPENDENT PROJECT - NOT AN OFFICIAL RHMZ WARNING PRODUCT
МАЛИ ЗВОРНИК,20.7,LOW,1,YELLOW,ПОВИШЕН,ELEVATED,LOW,MODERATE,52.0,10.0,0.0,2,1,52.0,ECMWF,"ECMWF ENS daje najjači signal (52.0%), ali je međumodelska saglasnost niska. Dominantni scenario ima umerenu lokalnu prostornu podršku.",22.2,YELLOW,1,ПОВИШЕН,ELEVATED,LOW,64.0,2.5,0.0,0.0,GREEN,0,БЕЗ ЗНАЧАЈНОГ РИЗИКА,NO SIGNIFICANT RISK,HIGH,0.0,GREEN,0,БЕЗ ЗНАЧАЈНОГ РИЗИКА,NO SIGNIFICANT RISK,HIGH,1,1,1,64.0,0,0.0,0,0.0,1,YELLOW,ПОВИШЕН,ELEVATED,THUNDER+HAIL,LOW,36,STORMS,EXPERIMENTAL,DEVELOPMENTAL MULTIMODEL SIGNAL - NOT CALIBRATED PROBABILITY,ECMWF ENS | ICON-EU EPS | GEFS,PUBLIC OPEN-DATA SERVICES,INDEPENDENT PROJECT - NOT AN OFFICIAL RHMZ WARNING PRODUCT
МАЛИ ИЂОШ,1.3,VERY LOW,0,GREEN,БЕЗ ЗНАЧАЈНОГ РИЗИКА,NO SIGNIFICANT RISK,HIGH,NONE,4.0,0.0,0.0,0,0,4.0,ECMWF,Modeli daju relativno dobro usaglašen signal.,0.7,GREEN,0,БЕЗ ЗНАЧАЈНОГ РИЗИКА,NO SIGNIFICANT RISK,HIGH,2.0,0.0,0.0,0.0,GREEN,0,БЕЗ ЗНАЧАЈНОГ РИЗИКА,NO SIGNIFICANT RISK,HIGH,0.0,GREEN,0,БЕЗ ЗНАЧАЈНОГ РИЗИКА,NO SIGNIFICANT RISK,HIGH,0,0,0,2.0,0,0.0,0,0.0,0,GREEN,БЕЗ ЗНАЧАЈНОГ РИЗИКА,NO SIGNIFICANT RISK,NONE,HIGH,36,STORMS,EXPERIMENTAL,DEVELOPMENTAL MULTIMODEL SIGNAL - NOT CALIBRATED PROBABILITY,ECMWF ENS | ICON-EU EPS | GEFS,PUBLIC OPEN-DATA SERVICES,INDEPENDENT PROJECT - NOT AN OFFICIAL RHMZ WARNING PRODUCT
МАЛО ЦРНИЋЕ,6.0,VERY LOW,0,GREEN,БЕЗ ЗНАЧАЈНОГ РИЗИКА,NO SIGNIFICANT RISK,HIGH,MODERATE,18.0,0.0,0.0,1,0,18.0,ECMWF,Modeli daju relativno dobro usaglašen signal. Dominantni scenario ima umerenu lokalnu prostornu podršku.,1.3,GREEN,0,БЕЗ ЗНАЧАЈНОГ РИЗИКА,NO SIGNIFICANT RISK,HIGH,4.0,0.0,0.0,0.0,GREEN,0,БЕЗ ЗНАЧАЈНОГ РИЗИКА,NO SIGNIFICANT RISK,HIGH,0.0,GREEN,0,БЕЗ ЗНАЧАЈНОГ РИЗИКА,NO SIGNIFICANT RISK,HIGH,0,0,0,4.0,0,0.0,0,0.0,0,GREEN,БЕЗ ЗНАЧАЈНОГ РИЗИКА,NO SIGNIFICANT RISK,NONE,HIGH,36,STORMS,EXPERIMENTAL,DEVELOPMENTAL MULTIMODEL SIGNAL - NOT CALIBRATED PROBABILITY,ECMWF ENS | ICON-EU EPS | GEFS,PUBLIC OPEN-DATA SERVICES,INDEPENDENT PROJECT - NOT AN OFFICIAL RHMZ WARNING PRODUCT
МЕДВЕЂА,1.1,VERY LOW,0,GREEN,БЕЗ ЗНАЧАЈНОГ РИЗИКА,NO SIGNIFICANT RISK,HIGH,NONE,0.0,0.0,3.2,0,0,3.2,GEFS,Modeli daju relativno dobro usaglašen signal.,0.0,GREEN,0,БЕЗ ЗНАЧАЈНОГ РИЗИКА,NO SIGNIFICANT RISK,HIGH,0.0,0.0,0.0,0.0,GREEN,0,БЕЗ ЗНАЧАЈНОГ РИЗИКА,NO SIGNIFICANT RISK,HIGH,0.0,GREEN,0,БЕЗ ЗНАЧАЈНОГ РИЗИКА,NO SIGNIFICANT RISK,HIGH,0,0,0,0.0,0,0.0,0,0.0,0,GREEN,БЕЗ ЗНАЧАЈНОГ РИЗИКА,NO SIGNIFICANT RISK,NONE,HIGH,36,STORMS,EXPERIMENTAL,DEVELOPMENTAL MULTIMODEL SIGNAL - NOT CALIBRATED PROBABILITY,ECMWF ENS | ICON-EU EPS | GEFS,PUBLIC OPEN-DATA SERVICES,INDEPENDENT PROJECT - NOT AN OFFICIAL RHMZ WARNING PRODUCT
МЕРОШИНА,0.7,VERY LOW,0,GREEN,БЕЗ ЗНАЧАЈНОГ РИЗИКА,NO SIGNIFICANT RISK,HIGH,NONE,2.0,0.0,0.0,0,0,2.0,ECMWF,Modeli daju relativno dobro usaglašen signal.,0.0,GREEN,0,БЕЗ ЗНАЧАЈНОГ РИЗИКА,NO SIGNIFICANT RISK,HIGH,0.0,0.0,0.0,0.0,GREEN,0,БЕЗ ЗНАЧАЈНОГ РИЗИКА,NO SIGNIFICANT RISK,HIGH,0.0,GREEN,0,БЕЗ ЗНАЧАЈНОГ РИЗИКА,NO SIGNIFICANT RISK,HIGH,0,0,0,0.0,0,0.0,0,0.0,0,GREEN,БЕЗ ЗНАЧАЈНОГ РИЗИКА,NO SIGNIFICANT RISK,NONE,HIGH,36,STORMS,EXPERIMENTAL,DEVELOPMENTAL MULTIMODEL SIGNAL - NOT CALIBRATED PROBABILITY,ECMWF ENS | ICON-EU EPS | GEFS,PUBLIC OPEN-DATA SERVICES,INDEPENDENT PROJECT - NOT AN OFFICIAL RHMZ WARNING PRODUCT
МИОНИЦА,16.0,LOW,1,YELLOW,ПОВИШЕН,ELEVATED,LOW,HIGH,48.0,0.0,0.0,1,1,48.0,ECMWF,"ECMWF ENS daje najjači signal (48.0%), ali je međumodelska saglasnost niska. Dominantni scenario ima visoku lokalnu prostornu podršku.",11.3,YELLOW,1,ПОВИШЕН,ELEVATED,MODERATE,34.0,0.0,0.0,0.0,GREEN,0,БЕЗ ЗНАЧАЈНОГ РИЗИКА,NO SIGNIFICANT RISK,HIGH,0.0,GREEN,0,БЕЗ ЗНАЧАЈНОГ РИЗИКА,NO SIGNIFICANT RISK,HIGH,1,0,0,34.0,0,0.0,0,0.0,1,YELLOW,ПОВИШЕН,ELEVATED,THUNDER+HAIL,LOW,36,STORMS,EXPERIMENTAL,DEVELOPMENTAL MULTIMODEL SIGNAL - NOT CALIBRATED PROBABILITY,ECMWF ENS | ICON-EU EPS | GEFS,PUBLIC OPEN-DATA SERVICES,INDEPENDENT PROJECT - NOT AN OFFICIAL RHMZ WARNING PRODUCT
НЕГОТИН,2.0,VERY LOW,0,GREEN,БЕЗ ЗНАЧАЈНОГ РИЗИКА,NO SIGNIFICANT RISK,HIGH,NONE,6.0,0.0,0.0,0,0,6.0,ECMWF,Modeli daju relativno dobro usaglašen signal.,0.0,GREEN,0,БЕЗ ЗНАЧАЈНОГ РИЗИКА,NO SIGNIFICANT RISK,HIGH,0.0,0.0,0.0,0.0,GREEN,0,БЕЗ ЗНАЧАЈНОГ РИЗИКА,NO SIGNIFICANT RISK,HIGH,0.0,GREEN,0,БЕЗ ЗНАЧАЈНОГ РИЗИКА,NO SIGNIFICANT RISK,HIGH,0,0,0,0.0,0,0.0,0,0.0,0,GREEN,БЕЗ ЗНАЧАЈНОГ РИЗИКА,NO SIGNIFICANT RISK,NONE,HIGH,36,STORMS,EXPERIMENTAL,DEVELOPMENTAL MULTIMODEL SIGNAL - NOT CALIBRATED PROBABILITY,ECMWF ENS | ICON-EU EPS | GEFS,PUBLIC OPEN-DATA SERVICES,INDEPENDENT PROJECT - NOT AN OFFICIAL RHMZ WARNING PRODUCT
НИШ-МЕДИАНА,0.7,VERY LOW,0,GREEN,БЕЗ ЗНАЧАЈНОГ РИЗИКА,NO SIGNIFICANT RISK,HIGH,NONE,2.0,0.0,0.0,0,0,2.0,ECMWF,Modeli daju relativno dobro usaglašen signal.,0.0,GREEN,0,БЕЗ ЗНАЧАЈНОГ РИЗИКА,NO SIGNIFICANT RISK,HIGH,0.0,0.0,0.0,0.0,GREEN,0,БЕЗ ЗНАЧАЈНОГ РИЗИКА,NO SIGNIFICANT RISK,HIGH,0.0,GREEN,0,БЕЗ ЗНАЧАЈНОГ РИЗИКА,NO SIGNIFICANT RISK,HIGH,0,0,0,0.0,0,0.0,0,0.0,0,GREEN,БЕЗ ЗНАЧАЈНОГ РИЗИКА,NO SIGNIFICANT RISK,NONE,HIGH,36,STORMS,EXPERIMENTAL,DEVELOPMENTAL MULTIMODEL SIGNAL - NOT CALIBRATED PROBABILITY,ECMWF ENS | ICON-EU EPS | GEFS,PUBLIC OPEN-DATA SERVICES,INDEPENDENT PROJECT - NOT AN OFFICIAL RHMZ WARNING PRODUCT
НИШ-НИШКА БАЊА,2.0,VERY LOW,0,GREEN,БЕЗ ЗНАЧАЈНОГ РИЗИКА,NO SIGNIFICANT RISK,HIGH,NONE,6.0,0.0,0.0,0,0,6.0,ECMWF,Modeli daju relativno dobro usaglašen signal.,0.0,GREEN,0,БЕЗ ЗНАЧАЈНОГ РИЗИКА,NO SIGNIFICANT RISK,HIGH,0.0,0.0,0.0,0.0,GREEN,0,БЕЗ ЗНАЧАЈНОГ РИЗИКА,NO SIGNIFICANT RISK,HIGH,0.0,GREEN,0,БЕЗ ЗНАЧАЈНОГ РИЗИКА,NO SIGNIFICANT RISK,HIGH,0,0,0,0.0,0,0.0,0,0.0,0,GREEN,БЕЗ ЗНАЧАЈНОГ РИЗИКА,NO SIGNIFICANT RISK,NONE,HIGH,36,STORMS,EXPERIMENTAL,DEVELOPMENTAL MULTIMODEL SIGNAL - NOT CALIBRATED PROBABILITY,ECMWF ENS | ICON-EU EPS | GEFS,PUBLIC OPEN-DATA SERVICES,INDEPENDENT PROJECT - NOT AN OFFICIAL RHMZ WARNING PRODUCT
НИШ-ПАЛИЛУЛА,0.7,VERY LOW,0,GREEN,БЕЗ ЗНАЧАЈНОГ РИЗИКА,NO SIGNIFICANT RISK,HIGH,NONE,2.0,0.0,0.0,0,0,2.0,ECMWF,Modeli daju relativno dobro usaglašen signal.,0.0,GREEN,0,БЕЗ ЗНАЧАЈНОГ РИЗИКА,NO SIGNIFICANT RISK,HIGH,0.0,0.0,0.0,0.0,GREEN,0,БЕЗ ЗНАЧАЈНОГ РИЗИКА,NO SIGNIFICANT RISK,HIGH,0.0,GREEN,0,БЕЗ ЗНАЧАЈНОГ РИЗИКА,NO SIGNIFICANT RISK,HIGH,0,0,0,0.0,0,0.0,0,0.0,0,GREEN,БЕЗ ЗНАЧАЈНОГ РИЗИКА,NO SIGNIFICANT RISK,NONE,HIGH,36,STORMS,EXPERIMENTAL,DEVELOPMENTAL MULTIMODEL SIGNAL - NOT CALIBRATED PROBABILITY,ECMWF ENS | ICON-EU EPS | GEFS,PUBLIC OPEN-DATA SERVICES,INDEPENDENT PROJECT - NOT AN OFFICIAL RHMZ WARNING PRODUCT
НИШ-ПАНТЕЛЕЈ,2.0,VERY LOW,0,GREEN,БЕЗ ЗНАЧАЈНОГ РИЗИКА,NO SIGNIFICANT RISK,HIGH,NONE,6.0,0.0,0.0,0,0,6.0,ECMWF,Modeli daju relativno dobro usaglašen signal.,0.0,GREEN,0,БЕЗ ЗНАЧАЈНОГ РИЗИКА,NO SIGNIFICANT RISK,HIGH,0.0,0.0,0.0,0.0,GREEN,0,БЕЗ ЗНАЧАЈНОГ РИЗИКА,NO SIGNIFICANT RISK,HIGH,0.0,GREEN,0,БЕЗ ЗНАЧАЈНОГ РИЗИКА,NO SIGNIFICANT RISK,HIGH,0,0,0,0.0,0,0.0,0,0.0,0,GREEN,БЕЗ ЗНАЧАЈНОГ РИЗИКА,NO SIGNIFICANT RISK,NONE,HIGH,36,STORMS,EXPERIMENTAL,DEVELOPMENTAL MULTIMODEL SIGNAL - NOT CALIBRATED PROBABILITY,ECMWF ENS | ICON-EU EPS | GEFS,PUBLIC OPEN-DATA SERVICES,INDEPENDENT PROJECT - NOT AN OFFICIAL RHMZ WARNING PRODUCT
НИШ-ЦРВЕНИ КРСТ,0.7,VERY LOW,0,GREEN,БЕЗ ЗНАЧАЈНОГ РИЗИКА,NO SIGNIFICANT RISK,HIGH,NONE,2.0,0.0,0.0,0,0,2.0,ECMWF,Modeli daju relativno dobro usaglašen signal.,0.0,GREEN,0,БЕЗ ЗНАЧАЈНОГ РИЗИКА,NO SIGNIFICANT RISK,HIGH,0.0,0.0,0.0,0.0,GREEN,0,БЕЗ ЗНАЧАЈНОГ РИЗИКА,NO SIGNIFICANT RISK,HIGH,0.0,GREEN,0,БЕЗ ЗНАЧАЈНОГ РИЗИКА,NO SIGNIFICANT RISK,HIGH,0,0,0,0.0,0,0.0,0,0.0,0,GREEN,БЕЗ ЗНАЧАЈНОГ РИЗИКА,NO SIGNIFICANT RISK,NONE,HIGH,36,STORMS,EXPERIMENTAL,DEVELOPMENTAL MULTIMODEL SIGNAL - NOT CALIBRATED PROBABILITY,ECMWF ENS | ICON-EU EPS | GEFS,PUBLIC OPEN-DATA SERVICES,INDEPENDENT PROJECT - NOT AN OFFICIAL RHMZ WARNING PRODUCT
НОВА ВАРОШ,26.6,LOW,1,YELLOW,ПОВИШЕН,ELEVATED,LOW,HIGH,74.0,2.5,3.2,1,1,71.5,ECMWF,"ECMWF ENS daje najjači signal (74.0%), ali je međumodelska saglasnost niska. Dominantni scenario ima visoku lokalnu prostornu podršku.",4.8,GREEN,0,БЕЗ ЗНАЧАЈНОГ РИЗИКА,NO SIGNIFICANT RISK,HIGH,12.0,2.5,0.0,0.0,GREEN,0,БЕЗ ЗНАЧАЈНОГ РИЗИКА,NO SIGNIFICANT RISK,HIGH,0.0,GREEN,0,БЕЗ ЗНАЧАЈНОГ РИЗИКА,NO SIGNIFICANT RISK,HIGH,1,0,0,12.0,0,0.0,0,0.0,1,YELLOW,ПОВИШЕН,ELEVATED,THUNDER,LOW,36,STORMS,EXPERIMENTAL,DEVELOPMENTAL MULTIMODEL SIGNAL - NOT CALIBRATED PROBABILITY,ECMWF ENS | ICON-EU EPS | GEFS,PUBLIC OPEN-DATA SERVICES,INDEPENDENT PROJECT - NOT AN OFFICIAL RHMZ WARNING PRODUCT
НОВА ЦРЊА,2.2,VERY LOW,0,GREEN,БЕЗ ЗНАЧАЈНОГ РИЗИКА,NO SIGNIFICANT RISK,HIGH,NONE,4.0,2.5,0.0,0,0,4.0,ECMWF,Modeli daju relativno dobro usaglašen signal.,0.0,GREEN,0,БЕЗ ЗНАЧАЈНОГ РИЗИКА,NO SIGNIFICANT RISK,HIGH,0.0,0.0,0.0,0.0,GREEN,0,БЕЗ ЗНАЧАЈНОГ РИЗИКА,NO SIGNIFICANT RISK,HIGH,0.0,GREEN,0,БЕЗ ЗНАЧАЈНОГ РИЗИКА,NO SIGNIFICANT RISK,HIGH,0,0,0,0.0,0,0.0,0,0.0,0,GREEN,БЕЗ ЗНАЧАЈНОГ РИЗИКА,NO SIGNIFICANT RISK,NONE,HIGH,36,STORMS,EXPERIMENTAL,DEVELOPMENTAL MULTIMODEL SIGNAL - NOT CALIBRATED PROBABILITY,ECMWF ENS | ICON-EU EPS | GEFS,PUBLIC OPEN-DATA SERVICES,INDEPENDENT PROJECT - NOT AN OFFICIAL RHMZ WARNING PRODUCT
НОВИ БЕЧЕЈ,3.5,VERY LOW,0,GREEN,БЕЗ ЗНАЧАЈНОГ РИЗИКА,NO SIGNIFICANT RISK,HIGH,NONE,8.0,2.5,0.0,0,0,8.0,ECMWF,Modeli daju relativno dobro usaglašen signal.,2.2,GREEN,0,БЕЗ ЗНАЧАЈНОГ РИЗИКА,NO SIGNIFICANT RISK,HIGH,4.0,2.5,0.0,0.0,GREEN,0,БЕЗ ЗНАЧАЈНОГ РИЗИКА,NO SIGNIFICANT RISK,HIGH,0.0,GREEN,0,БЕЗ ЗНАЧАЈНОГ РИЗИКА,NO SIGNIFICANT RISK,HIGH,0,0,0,4.0,0,0.0,0,0.0,0,GREEN,БЕЗ ЗНАЧАЈНОГ РИЗИКА,NO SIGNIFICANT RISK,NONE,HIGH,36,STORMS,EXPERIMENTAL,DEVELOPMENTAL MULTIMODEL SIGNAL - NOT CALIBRATED PROBABILITY,ECMWF ENS | ICON-EU EPS | GEFS,PUBLIC OPEN-DATA SERVICES,INDEPENDENT PROJECT - NOT AN OFFICIAL RHMZ WARNING PRODUCT
НОВИ КНЕЖЕВАЦ,0.0,VERY LOW,0,GREEN,БЕЗ ЗНАЧАЈНОГ РИЗИКА,NO SIGNIFICANT RISK,HIGH,NONE,0.0,0.0,0.0,0,0,0.0,ECMWF,Modeli daju relativno dobro usaglašen signal.,0.0,GREEN,0,БЕЗ ЗНАЧАЈНОГ РИЗИКА,NO SIGNIFICANT RISK,HIGH,0.0,0.0,0.0,0.0,GREEN,0,БЕЗ ЗНАЧАЈНОГ РИЗИКА,NO SIGNIFICANT RISK,HIGH,0.0,GREEN,0,БЕЗ ЗНАЧАЈНОГ РИЗИКА,NO SIGNIFICANT RISK,HIGH,0,0,0,0.0,0,0.0,0,0.0,0,GREEN,БЕЗ ЗНАЧАЈНОГ РИЗИКА,NO SIGNIFICANT RISK,NONE,HIGH,36,STORMS,EXPERIMENTAL,DEVELOPMENTAL MULTIMODEL SIGNAL - NOT CALIBRATED PROBABILITY,ECMWF ENS | ICON-EU EPS | GEFS,PUBLIC OPEN-DATA SERVICES,INDEPENDENT PROJECT - NOT AN OFFICIAL RHMZ WARNING PRODUCT
НОВИ ПАЗАР-ГРАД,18.0,LOW,1,YELLOW,ПОВИШЕН,ELEVATED,LOW,MODERATE,54.0,0.0,0.0,1,1,54.0,ECMWF,"ECMWF ENS daje najjači signal (54.0%), ali je međumodelska saglasnost niska. Dominantni scenario ima umerenu lokalnu prostornu podršku.",0.0,GREEN,0,БЕЗ ЗНАЧАЈНОГ РИЗИКА,NO SIGNIFICANT RISK,HIGH,0.0,0.0,0.0,0.0,GREEN,0,БЕЗ ЗНАЧАЈНОГ РИЗИКА,NO SIGNIFICANT RISK,HIGH,0.0,GREEN,0,БЕЗ ЗНАЧАЈНОГ РИЗИКА,NO SIGNIFICANT RISK,HIGH,0,0,0,0.0,0,0.0,0,0.0,1,YELLOW,ПОВИШЕН,ELEVATED,THUNDER,LOW,36,STORMS,EXPERIMENTAL,DEVELOPMENTAL MULTIMODEL SIGNAL - NOT CALIBRATED PROBABILITY,ECMWF ENS | ICON-EU EPS | GEFS,PUBLIC OPEN-DATA SERVICES,INDEPENDENT PROJECT - NOT AN OFFICIAL RHMZ WARNING PRODUCT
НОВИ САД-ГРАД,6.3,VERY LOW,0,GREEN,БЕЗ ЗНАЧАЈНОГ РИЗИКА,NO SIGNIFICANT RISK,HIGH,MODERATE,14.0,5.0,0.0,1,0,14.0,ECMWF,Modeli daju relativno dobro usaglašen signal. Dominantni scenario ima umerenu lokalnu prostornu podršku.,5.0,GREEN,0,БЕЗ ЗНАЧАЈНОГ РИЗИКА,NO SIGNIFICANT RISK,HIGH,10.0,5.0,0.0,0.0,GREEN,0,БЕЗ ЗНАЧАЈНОГ РИЗИКА,NO SIGNIFICANT RISK,HIGH,0.0,GREEN,0,БЕЗ ЗНАЧАЈНОГ РИЗИКА,NO SIGNIFICANT RISK,HIGH,1,0,0,10.0,0,0.0,0,0.0,0,GREEN,БЕЗ ЗНАЧАЈНОГ РИЗИКА,NO SIGNIFICANT RISK,NONE,HIGH,36,STORMS,EXPERIMENTAL,DEVELOPMENTAL MULTIMODEL SIGNAL - NOT CALIBRATED PROBABILITY,ECMWF ENS | ICON-EU EPS | GEFS,PUBLIC OPEN-DATA SERVICES,INDEPENDENT PROJECT - NOT AN OFFICIAL RHMZ WARNING PRODUCT
НОВО БРДО,1.1,VERY LOW,0,GREEN,БЕЗ ЗНАЧАЈНОГ РИЗИКА,NO SIGNIFICANT RISK,HIGH,NONE,0.0,0.0,3.2,0,0,3.2,GEFS,Modeli daju relativno dobro usaglašen signal.,0.0,GREEN,0,БЕЗ ЗНАЧАЈНОГ РИЗИКА,NO SIGNIFICANT RISK,HIGH,0.0,0.0,0.0,0.0,GREEN,0,БЕЗ ЗНАЧАЈНОГ РИЗИКА,NO SIGNIFICANT RISK,HIGH,0.0,GREEN,0,БЕЗ ЗНАЧАЈНОГ РИЗИКА,NO SIGNIFICANT RISK,HIGH,0,0,0,0.0,0,0.0,0,0.0,0,GREEN,БЕЗ ЗНАЧАЈНОГ РИЗИКА,NO SIGNIFICANT RISK,NONE,HIGH,36,STORMS,EXPERIMENTAL,DEVELOPMENTAL MULTIMODEL SIGNAL - NOT CALIBRATED PROBABILITY,ECMWF ENS | ICON-EU EPS | GEFS,PUBLIC OPEN-DATA SERVICES,INDEPENDENT PROJECT - NOT AN OFFICIAL RHMZ WARNING PRODUCT
ОЏАЦИ,2.7,VERY LOW,0,GREEN,БЕЗ ЗНАЧАЈНОГ РИЗИКА,NO SIGNIFICANT RISK,HIGH,NONE,8.0,0.0,0.0,0,0,8.0,ECMWF,Modeli daju relativno dobro usaglašen signal.,0.0,GREEN,0,БЕЗ ЗНАЧАЈНОГ РИЗИКА,NO SIGNIFICANT RISK,HIGH,0.0,0.0,0.0,0.0,GREEN,0,БЕЗ ЗНАЧАЈНОГ РИЗИКА,NO SIGNIFICANT RISK,HIGH,0.0,GREEN,0,БЕЗ ЗНАЧАЈНОГ РИЗИКА,NO SIGNIFICANT RISK,HIGH,0,0,0,0.0,0,0.0,0,0.0,0,GREEN,БЕЗ ЗНАЧАЈНОГ РИЗИКА,NO SIGNIFICANT RISK,NONE,HIGH,36,STORMS,EXPERIMENTAL,DEVELOPMENTAL MULTIMODEL SIGNAL - NOT CALIBRATED PROBABILITY,ECMWF ENS | ICON-EU EPS | GEFS,PUBLIC OPEN-DATA SERVICES,INDEPENDENT PROJECT - NOT AN OFFICIAL RHMZ WARNING PRODUCT
ОБИЛИЋ,1.3,VERY LOW,0,GREEN,БЕЗ ЗНАЧАЈНОГ РИЗИКА,NO SIGNIFICANT RISK,HIGH,NONE,4.0,0.0,0.0,0,0,4.0,ECMWF,Modeli daju relativno dobro usaglašen signal.,0.0,GREEN,0,БЕЗ ЗНАЧАЈНОГ РИЗИКА,NO SIGNIFICANT RISK,HIGH,0.0,0.0,0.0,0.0,GREEN,0,БЕЗ ЗНАЧАЈНОГ РИЗИКА,NO SIGNIFICANT RISK,HIGH,0.0,GREEN,0,БЕЗ ЗНАЧАЈНОГ РИЗИКА,NO SIGNIFICANT RISK,HIGH,0,0,0,0.0,0,0.0,0,0.0,0,GREEN,БЕЗ ЗНАЧАЈНОГ РИЗИКА,NO SIGNIFICANT RISK,NONE,HIGH,36,STORMS,EXPERIMENTAL,DEVELOPMENTAL MULTIMODEL SIGNAL - NOT CALIBRATED PROBABILITY,ECMWF ENS | ICON-EU EPS | GEFS,PUBLIC OPEN-DATA SERVICES,INDEPENDENT PROJECT - NOT AN OFFICIAL RHMZ WARNING PRODUCT
ОПОВО,7.7,VERY LOW,0,GREEN,БЕЗ ЗНАЧАЈНОГ РИЗИКА,NO SIGNIFICANT RISK,HIGH,MODERATE,18.0,5.0,0.0,1,0,18.0,ECMWF,Modeli daju relativno dobro usaglašen signal. Dominantni scenario ima umerenu lokalnu prostornu podršku.,2.2,GREEN,0,БЕЗ ЗНАЧАЈНОГ РИЗИКА,NO SIGNIFICANT RISK,HIGH,4.0,2.5,0.0,0.0,GREEN,0,БЕЗ ЗНАЧАЈНОГ РИЗИКА,NO SIGNIFICANT RISK,HIGH,0.0,GREEN,0,БЕЗ ЗНАЧАЈНОГ РИЗИКА,NO SIGNIFICANT RISK,HIGH,0,0,0,4.0,0,0.0,0,0.0,0,GREEN,БЕЗ ЗНАЧАЈНОГ РИЗИКА,NO SIGNIFICANT RISK,NONE,HIGH,36,STORMS,EXPERIMENTAL,DEVELOPMENTAL MULTIMODEL SIGNAL - NOT CALIBRATED PROBABILITY,ECMWF ENS | ICON-EU EPS | GEFS,PUBLIC OPEN-DATA SERVICES,INDEPENDENT PROJECT - NOT AN OFFICIAL RHMZ WARNING PRODUCT
ОРАХОВАЦ,16.3,LOW,1,YELLOW,ПОВИШЕН,ELEVATED,LOW,MODERATE,44.0,5.0,0.0,1,1,44.0,ECMWF,"ECMWF ENS daje najjači signal (44.0%), ali je međumodelska saglasnost niska. Dominantni scenario ima umerenu lokalnu prostornu podršku.",0.7,GREEN,0,БЕЗ ЗНАЧАЈНОГ РИЗИКА,NO SIGNIFICANT RISK,HIGH,2.0,0.0,0.0,0.0,GREEN,0,БЕЗ ЗНАЧАЈНОГ РИЗИКА,NO SIGNIFICANT RISK,HIGH,0.0,GREEN,0,БЕЗ ЗНАЧАЈНОГ РИЗИКА,NO SIGNIFICANT RISK,HIGH,0,0,0,2.0,0,0.0,0,0.0,1,YELLOW,ПОВИШЕН,ELEVATED,THUNDER,LOW,36,STORMS,EXPERIMENTAL,DEVELOPMENTAL MULTIMODEL SIGNAL - NOT CALIBRATED PROBABILITY,ECMWF ENS | ICON-EU EPS | GEFS,PUBLIC OPEN-DATA SERVICES,INDEPENDENT PROJECT - NOT AN OFFICIAL RHMZ WARNING PRODUCT
ОСЕЧИНА,19.2,LOW,1,YELLOW,ПОВИШЕН,ELEVATED,LOW,HIGH,50.0,7.5,0.0,1,1,50.0,ECMWF,"ECMWF ENS daje najjači signal (50.0%), ali je međumodelska saglasnost niska. Dominantni scenario ima visoku lokalnu prostornu podršku.",17.3,YELLOW,1,ПОВИШЕН,ELEVATED,LOW,52.0,0.0,0.0,0.7,GREEN,0,БЕЗ ЗНАЧАЈНОГ РИЗИКА,NO SIGNIFICANT RISK,HIGH,0.0,GREEN,0,БЕЗ ЗНАЧАЈНОГ РИЗИКА,NO SIGNIFICANT RISK,HIGH,1,1,1,52.0,0,2.0,0,0.0,1,YELLOW,ПОВИШЕН,ELEVATED,THUNDER+HAIL,LOW,36,STORMS,EXPERIMENTAL,DEVELOPMENTAL MULTIMODEL SIGNAL - NOT CALIBRATED PROBABILITY,ECMWF ENS | ICON-EU EPS | GEFS,PUBLIC OPEN-DATA SERVICES,INDEPENDENT PROJECT - NOT AN OFFICIAL RHMZ WARNING PRODUCT
ПАНЧЕВО-ГРАД,13.0,LOW,1,YELLOW,ПОВИШЕН,ELEVATED,MODERATE,MODERATE,34.0,5.0,0.0,1,0,34.0,ECMWF,Postoji delimična multimodel podrška za prognozirani scenario. Dominantni scenario ima umerenu lokalnu prostornu podršku.,1.3,GREEN,0,БЕЗ ЗНАЧАЈНОГ РИЗИКА,NO SIGNIFICANT RISK,HIGH,4.0,0.0,0.0,0.0,GREEN,0,БЕЗ ЗНАЧАЈНОГ РИЗИКА,NO SIGNIFICANT RISK,HIGH,0.0,GREEN,0,БЕЗ ЗНАЧАЈНОГ РИЗИКА,NO SIGNIFICANT RISK,HIGH,0,0,0,4.0,0,0.0,0,0.0,1,YELLOW,ПОВИШЕН,ELEVATED,THUNDER,MODERATE,36,STORMS,EXPERIMENTAL,DEVELOPMENTAL MULTIMODEL SIGNAL - NOT CALIBRATED PROBABILITY,ECMWF ENS | ICON-EU EPS | GEFS,PUBLIC OPEN-DATA SERVICES,INDEPENDENT PROJECT - NOT AN OFFICIAL RHMZ WARNING PRODUCT
ПАРАЋИН,8.7,VERY LOW,0,GREEN,БЕЗ ЗНАЧАЈНОГ РИЗИКА,NO SIGNIFICANT RISK,MODERATE,MODERATE,26.0,0.0,0.0,1,0,26.0,ECMWF,Postoji delimična multimodel podrška za prognozirani scenario. Dominantni scenario ima umerenu lokalnu prostornu podršku.,0.0,GREEN,0,БЕЗ ЗНАЧАЈНОГ РИЗИКА,NO SIGNIFICANT RISK,HIGH,0.0,0.0,0.0,0.0,GREEN,0,БЕЗ ЗНАЧАЈНОГ РИЗИКА,NO SIGNIFICANT RISK,HIGH,0.0,GREEN,0,БЕЗ ЗНАЧАЈНОГ РИЗИКА,NO SIGNIFICANT RISK,HIGH,0,0,0,0.0,0,0.0,0,0.0,0,GREEN,БЕЗ ЗНАЧАЈНОГ РИЗИКА,NO SIGNIFICANT RISK,NONE,MODERATE,36,STORMS,EXPERIMENTAL,DEVELOPMENTAL MULTIMODEL SIGNAL - NOT CALIBRATED PROBABILITY,ECMWF ENS | ICON-EU EPS | GEFS,PUBLIC OPEN-DATA SERVICES,INDEPENDENT PROJECT - NOT AN OFFICIAL RHMZ WARNING PRODUCT
ПЕЋ,23.0,LOW,1,YELLOW,ПОВИШЕН,ELEVATED,LOW,HIGH,44.0,25.0,0.0,2,1,44.0,ECMWF,"ECMWF ENS daje najjači signal (44.0%), ali je međumodelska saglasnost niska. Dominantni scenario ima visoku lokalnu prostornu podršku.",10.8,YELLOW,1,ПОВИШЕН,ELEVATED,HIGH,20.0,12.5,0.0,0.0,GREEN,0,БЕЗ ЗНАЧАЈНОГ РИЗИКА,NO SIGNIFICANT RISK,HIGH,0.0,GREEN,0,БЕЗ ЗНАЧАЈНОГ РИЗИКА,NO SIGNIFICANT RISK,HIGH,2,0,0,20.0,0,0.0,0,0.0,1,YELLOW,ПОВИШЕН,ELEVATED,THUNDER+HAIL,LOW,36,STORMS,EXPERIMENTAL,DEVELOPMENTAL MULTIMODEL SIGNAL - NOT CALIBRATED PROBABILITY,ECMWF ENS | ICON-EU EPS | GEFS,PUBLIC OPEN-DATA SERVICES,INDEPENDENT PROJECT - NOT AN OFFICIAL RHMZ WARNING PRODUCT
ПЕЋИНЦИ,16.3,LOW,1,YELLOW,ПОВИШЕН,ELEVATED,LOW,HIGH,44.0,5.0,0.0,1,1,44.0,ECMWF,"ECMWF ENS daje najjači signal (44.0%), ali je međumodelska saglasnost niska. Dominantni scenario ima visoku lokalnu prostornu podršku.",7.5,GREEN,0,БЕЗ ЗНАЧАЈНОГ РИЗИКА,NO SIGNIFICANT RISK,HIGH,20.0,2.5,0.0,0.0,GREEN,0,БЕЗ ЗНАЧАЈНОГ РИЗИКА,NO SIGNIFICANT RISK,HIGH,0.0,GREEN,0,БЕЗ ЗНАЧАЈНОГ РИЗИКА,NO SIGNIFICANT RISK,HIGH,1,0,0,20.0,0,0.0,0,0.0,1,YELLOW,ПОВИШЕН,ELEVATED,THUNDER,LOW,36,STORMS,EXPERIMENTAL,DEVELOPMENTAL MULTIMODEL SIGNAL - NOT CALIBRATED PROBABILITY,ECMWF ENS | ICON-EU EPS | GEFS,PUBLIC OPEN-DATA SERVICES,INDEPENDENT PROJECT - NOT AN OFFICIAL RHMZ WARNING PRODUCT
ПЕТРОВАЦ НА МЛАВИ,6.7,VERY LOW,0,GREEN,БЕЗ ЗНАЧАЈНОГ РИЗИКА,NO SIGNIFICANT RISK,HIGH,MODERATE,20.0,0.0,0.0,1,0,20.0,ECMWF,Modeli daju relativno dobro usaglašen signal. Dominantni scenario ima umerenu lokalnu prostornu podršku.,0.7,GREEN,0,БЕЗ ЗНАЧАЈНОГ РИЗИКА,NO SIGNIFICANT RISK,HIGH,2.0,0.0,0.0,0.0,GREEN,0,БЕЗ ЗНАЧАЈНОГ РИЗИКА,NO SIGNIFICANT RISK,HIGH,0.0,GREEN,0,БЕЗ ЗНАЧАЈНОГ РИЗИКА,NO SIGNIFICANT RISK,HIGH,0,0,0,2.0,0,0.0,0,0.0,0,GREEN,БЕЗ ЗНАЧАЈНОГ РИЗИКА,NO SIGNIFICANT RISK,NONE,HIGH,36,STORMS,EXPERIMENTAL,DEVELOPMENTAL MULTIMODEL SIGNAL - NOT CALIBRATED PROBABILITY,ECMWF ENS | ICON-EU EPS | GEFS,PUBLIC OPEN-DATA SERVICES,INDEPENDENT PROJECT - NOT AN OFFICIAL RHMZ WARNING PRODUCT
ПИРОТ,19.3,LOW,1,YELLOW,ПОВИШЕН,ELEVATED,LOW,LOW,48.0,10.0,0.0,2,1,48.0,ECMWF,"ECMWF ENS daje najjači signal (48.0%), ali je međumodelska saglasnost niska.",0.0,GREEN,0,БЕЗ ЗНАЧАЈНОГ РИЗИКА,NO SIGNIFICANT RISK,HIGH,0.0,0.0,0.0,0.0,GREEN,0,БЕЗ ЗНАЧАЈНОГ РИЗИКА,NO SIGNIFICANT RISK,HIGH,0.0,GREEN,0,БЕЗ ЗНАЧАЈНОГ РИЗИКА,NO SIGNIFICANT RISK,HIGH,0,0,0,0.0,0,0.0,0,0.0,1,YELLOW,ПОВИШЕН,ELEVATED,THUNDER,LOW,36,STORMS,EXPERIMENTAL,DEVELOPMENTAL MULTIMODEL SIGNAL - NOT CALIBRATED PROBABILITY,ECMWF ENS | ICON-EU EPS | GEFS,PUBLIC OPEN-DATA SERVICES,INDEPENDENT PROJECT - NOT AN OFFICIAL RHMZ WARNING PRODUCT
ПЛАНДИШТЕ,11.0,LOW,1,YELLOW,ПОВИШЕН,ELEVATED,MODERATE,LOW,28.0,5.0,0.0,1,0,28.0,ECMWF,Postoji delimična multimodel podrška za prognozirani scenario.,0.0,GREEN,0,БЕЗ ЗНАЧАЈНОГ РИЗИКА,NO SIGNIFICANT RISK,HIGH,0.0,0.0,0.0,0.0,GREEN,0,БЕЗ ЗНАЧАЈНОГ РИЗИКА,NO SIGNIFICANT RISK,HIGH,0.0,GREEN,0,БЕЗ ЗНАЧАЈНОГ РИЗИКА,NO SIGNIFICANT RISK,HIGH,0,0,0,0.0,0,0.0,0,0.0,1,YELLOW,ПОВИШЕН,ELEVATED,THUNDER,MODERATE,36,STORMS,EXPERIMENTAL,DEVELOPMENTAL MULTIMODEL SIGNAL - NOT CALIBRATED PROBABILITY,ECMWF ENS | ICON-EU EPS | GEFS,PUBLIC OPEN-DATA SERVICES,INDEPENDENT PROJECT - NOT AN OFFICIAL RHMZ WARNING PRODUCT
ПОДУЈЕВО,10.7,LOW,1,YELLOW,ПОВИШЕН,ELEVATED,MODERATE,MODERATE,32.0,0.0,0.0,1,0,32.0,ECMWF,Postoji delimična multimodel podrška za prognozirani scenario. Dominantni scenario ima umerenu lokalnu prostornu podršku.,0.0,GREEN,0,БЕЗ ЗНАЧАЈНОГ РИЗИКА,NO SIGNIFICANT RISK,HIGH,0.0,0.0,0.0,0.0,GREEN,0,БЕЗ ЗНАЧАЈНОГ РИЗИКА,NO SIGNIFICANT RISK,HIGH,0.0,GREEN,0,БЕЗ ЗНАЧАЈНОГ РИЗИКА,NO SIGNIFICANT RISK,HIGH,0,0,0,0.0,0,0.0,0,0.0,1,YELLOW,ПОВИШЕН,ELEVATED,THUNDER,MODERATE,36,STORMS,EXPERIMENTAL,DEVELOPMENTAL MULTIMODEL SIGNAL - NOT CALIBRATED PROBABILITY,ECMWF ENS | ICON-EU EPS | GEFS,PUBLIC OPEN-DATA SERVICES,INDEPENDENT PROJECT - NOT AN OFFICIAL RHMZ WARNING PRODUCT
ПОЖАРЕВАЦ-ГРАД,7.3,VERY LOW,0,GREEN,БЕЗ ЗНАЧАЈНОГ РИЗИКА,NO SIGNIFICANT RISK,MODERATE,MODERATE,22.0,0.0,0.0,1,0,22.0,ECMWF,Postoji delimična multimodel podrška za prognozirani scenario. Dominantni scenario ima umerenu lokalnu prostornu podršku.,1.3,GREEN,0,БЕЗ ЗНАЧАЈНОГ РИЗИКА,NO SIGNIFICANT RISK,HIGH,4.0,0.0,0.0,0.0,GREEN,0,БЕЗ ЗНАЧАЈНОГ РИЗИКА,NO SIGNIFICANT RISK,HIGH,0.0,GREEN,0,БЕЗ ЗНАЧАЈНОГ РИЗИКА,NO SIGNIFICANT RISK,HIGH,0,0,0,4.0,0,0.0,0,0.0,0,GREEN,БЕЗ ЗНАЧАЈНОГ РИЗИКА,NO SIGNIFICANT RISK,NONE,MODERATE,36,STORMS,EXPERIMENTAL,DEVELOPMENTAL MULTIMODEL SIGNAL - NOT CALIBRATED PROBABILITY,ECMWF ENS | ICON-EU EPS | GEFS,PUBLIC OPEN-DATA SERVICES,INDEPENDENT PROJECT - NOT AN OFFICIAL RHMZ WARNING PRODUCT
ПОЖЕГА,16.0,LOW,1,YELLOW,ПОВИШЕН,ELEVATED,LOW,HIGH,48.0,0.0,0.0,1,1,48.0,ECMWF,"ECMWF ENS daje najjači signal (48.0%), ali je međumodelska saglasnost niska. Dominantni scenario ima visoku lokalnu prostornu podršku.",11.3,YELLOW,1,ПОВИШЕН,ELEVATED,MODERATE,34.0,0.0,0.0,0.0,GREEN,0,БЕЗ ЗНАЧАЈНОГ РИЗИКА,NO SIGNIFICANT RISK,HIGH,0.0,GREEN,0,БЕЗ ЗНАЧАЈНОГ РИЗИКА,NO SIGNIFICANT RISK,HIGH,1,0,0,34.0,0,0.0,0,0.0,1,YELLOW,ПОВИШЕН,ELEVATED,THUNDER+HAIL,LOW,36,STORMS,EXPERIMENTAL,DEVELOPMENTAL MULTIMODEL SIGNAL - NOT CALIBRATED PROBABILITY,ECMWF ENS | ICON-EU EPS | GEFS,PUBLIC OPEN-DATA SERVICES,INDEPENDENT PROJECT - NOT AN OFFICIAL RHMZ WARNING PRODUCT
ПРЕШЕВО,1.1,VERY LOW,0,GREEN,БЕЗ ЗНАЧАЈНОГ РИЗИКА,NO SIGNIFICANT RISK,HIGH,NONE,0.0,0.0,3.2,0,0,3.2,GEFS,Modeli daju relativno dobro usaglašen signal.,0.0,GREEN,0,БЕЗ ЗНАЧАЈНОГ РИЗИКА,NO SIGNIFICANT RISK,HIGH,0.0,0.0,0.0,0.0,GREEN,0,БЕЗ ЗНАЧАЈНОГ РИЗИКА,NO SIGNIFICANT RISK,HIGH,0.0,GREEN,0,БЕЗ ЗНАЧАЈНОГ РИЗИКА,NO SIGNIFICANT RISK,HIGH,0,0,0,0.0,0,0.0,0,0.0,0,GREEN,БЕЗ ЗНАЧАЈНОГ РИЗИКА,NO SIGNIFICANT RISK,NONE,HIGH,36,STORMS,EXPERIMENTAL,DEVELOPMENTAL MULTIMODEL SIGNAL - NOT CALIBRATED PROBABILITY,ECMWF ENS | ICON-EU EPS | GEFS,PUBLIC OPEN-DATA SERVICES,INDEPENDENT PROJECT - NOT AN OFFICIAL RHMZ WARNING PRODUCT
ПРИЈЕПОЉЕ,27.4,LOW,1,YELLOW,ПОВИШЕН,ELEVATED,LOW,MODERATE,74.0,5.0,3.2,1,1,70.8,ECMWF,"ECMWF ENS daje najjači signal (74.0%), ali je međumodelska saglasnost niska. Dominantni scenario ima umerenu lokalnu prostornu podršku.",19.5,YELLOW,1,ПОВИШЕН,ELEVATED,LOW,56.0,2.5,0.0,0.0,GREEN,0,БЕЗ ЗНАЧАЈНОГ РИЗИКА,NO SIGNIFICANT RISK,HIGH,0.0,GREEN,0,БЕЗ ЗНАЧАЈНОГ РИЗИКА,NO SIGNIFICANT RISK,HIGH,1,1,1,56.0,0,0.0,0,0.0,1,YELLOW,ПОВИШЕН,ELEVATED,THUNDER+HAIL,LOW,36,STORMS,EXPERIMENTAL,DEVELOPMENTAL MULTIMODEL SIGNAL - NOT CALIBRATED PROBABILITY,ECMWF ENS | ICON-EU EPS | GEFS,PUBLIC OPEN-DATA SERVICES,INDEPENDENT PROJECT - NOT AN OFFICIAL RHMZ WARNING PRODUCT
ПРИБОЈ,30.2,LOW,1,YELLOW,ПОВИШЕН,ELEVATED,LOW,MODERATE,74.0,10.0,6.5,2,1,67.5,ECMWF,"ECMWF ENS daje najjači signal (74.0%), ali je međumodelska saglasnost niska. Dominantni scenario ima umerenu lokalnu prostornu podršku.",21.7,YELLOW,1,ПОВИШЕН,ELEVATED,LOW,56.0,2.5,6.5,0.0,GREEN,0,БЕЗ ЗНАЧАЈНОГ РИЗИКА,NO SIGNIFICANT RISK,HIGH,0.0,GREEN,0,БЕЗ ЗНАЧАЈНОГ РИЗИКА,NO SIGNIFICANT RISK,HIGH,1,1,1,53.5,0,0.0,0,0.0,1,YELLOW,ПОВИШЕН,ELEVATED,THUNDER+HAIL,LOW,36,STORMS,EXPERIMENTAL,DEVELOPMENTAL MULTIMODEL SIGNAL - NOT CALIBRATED PROBABILITY,ECMWF ENS | ICON-EU EPS | GEFS,PUBLIC OPEN-DATA SERVICES,INDEPENDENT PROJECT - NOT AN OFFICIAL RHMZ WARNING PRODUCT
ПРИЗРЕН,10.5,LOW,1,YELLOW,ПОВИШЕН,ELEVATED,MODERATE,MODERATE,24.0,7.5,0.0,1,0,24.0,ECMWF,Postoji delimična multimodel podrška za prognozirani scenario. Dominantni scenario ima umerenu lokalnu prostornu podršku.,0.0,GREEN,0,БЕЗ ЗНАЧАЈНОГ РИЗИКА,NO SIGNIFICANT RISK,HIGH,0.0,0.0,0.0,0.0,GREEN,0,БЕЗ ЗНАЧАЈНОГ РИЗИКА,NO SIGNIFICANT RISK,HIGH,0.0,GREEN,0,БЕЗ ЗНАЧАЈНОГ РИЗИКА,NO SIGNIFICANT RISK,HIGH,0,0,0,0.0,0,0.0,0,0.0,1,YELLOW,ПОВИШЕН,ELEVATED,THUNDER,MODERATE,36,STORMS,EXPERIMENTAL,DEVELOPMENTAL MULTIMODEL SIGNAL - NOT CALIBRATED PROBABILITY,ECMWF ENS | ICON-EU EPS | GEFS,PUBLIC OPEN-DATA SERVICES,INDEPENDENT PROJECT - NOT AN OFFICIAL RHMZ WARNING PRODUCT
ПРИШТИНА-ГРАД,1.1,VERY LOW,0,GREEN,БЕЗ ЗНАЧАЈНОГ РИЗИКА,NO SIGNIFICANT RISK,HIGH,NONE,0.0,0.0,3.2,0,0,3.2,GEFS,Modeli daju relativno dobro usaglašen signal.,0.0,GREEN,0,БЕЗ ЗНАЧАЈНОГ РИЗИКА,NO SIGNIFICANT RISK,HIGH,0.0,0.0,0.0,0.0,GREEN,0,БЕЗ ЗНАЧАЈНОГ РИЗИКА,NO SIGNIFICANT RISK,HIGH,0.0,GREEN,0,БЕЗ ЗНАЧАЈНОГ РИЗИКА,NO SIGNIFICANT RISK,HIGH,0,0,0,0.0,0,0.0,0,0.0,0,GREEN,БЕЗ ЗНАЧАЈНОГ РИЗИКА,NO SIGNIFICANT RISK,NONE,HIGH,36,STORMS,EXPERIMENTAL,DEVELOPMENTAL MULTIMODEL SIGNAL - NOT CALIBRATED PROBABILITY,ECMWF ENS | ICON-EU EPS | GEFS,PUBLIC OPEN-DATA SERVICES,INDEPENDENT PROJECT - NOT AN OFFICIAL RHMZ WARNING PRODUCT
ПРОКУПЉЕ,2.7,VERY LOW,0,GREEN,БЕЗ ЗНАЧАЈНОГ РИЗИКА,NO SIGNIFICANT RISK,HIGH,NONE,8.0,0.0,0.0,0,0,8.0,ECMWF,Modeli daju relativno dobro usaglašen signal.,0.0,GREEN,0,БЕЗ ЗНАЧАЈНОГ РИЗИКА,NO SIGNIFICANT RISK,HIGH,0.0,0.0,0.0,0.0,GREEN,0,БЕЗ ЗНАЧАЈНОГ РИЗИКА,NO SIGNIFICANT RISK,HIGH,0.0,GREEN,0,БЕЗ ЗНАЧАЈНОГ РИЗИКА,NO SIGNIFICANT RISK,HIGH,0,0,0,0.0,0,0.0,0,0.0,0,GREEN,БЕЗ ЗНАЧАЈНОГ РИЗИКА,NO SIGNIFICANT RISK,NONE,HIGH,36,STORMS,EXPERIMENTAL,DEVELOPMENTAL MULTIMODEL SIGNAL - NOT CALIBRATED PROBABILITY,ECMWF ENS | ICON-EU EPS | GEFS,PUBLIC OPEN-DATA SERVICES,INDEPENDENT PROJECT - NOT AN OFFICIAL RHMZ WARNING PRODUCT
РАЖАЊ,6.7,VERY LOW,0,GREEN,БЕЗ ЗНАЧАЈНОГ РИЗИКА,NO SIGNIFICANT RISK,HIGH,MODERATE,20.0,0.0,0.0,1,0,20.0,ECMWF,Modeli daju relativno dobro usaglašen signal. Dominantni scenario ima umerenu lokalnu prostornu podršku.,0.0,GREEN,0,БЕЗ ЗНАЧАЈНОГ РИЗИКА,NO SIGNIFICANT RISK,HIGH,0.0,0.0,0.0,0.0,GREEN,0,БЕЗ ЗНАЧАЈНОГ РИЗИКА,NO SIGNIFICANT RISK,HIGH,0.0,GREEN,0,БЕЗ ЗНАЧАЈНОГ РИЗИКА,NO SIGNIFICANT RISK,HIGH,0,0,0,0.0,0,0.0,0,0.0,0,GREEN,БЕЗ ЗНАЧАЈНОГ РИЗИКА,NO SIGNIFICANT RISK,NONE,HIGH,36,STORMS,EXPERIMENTAL,DEVELOPMENTAL MULTIMODEL SIGNAL - NOT CALIBRATED PROBABILITY,ECMWF ENS | ICON-EU EPS | GEFS,PUBLIC OPEN-DATA SERVICES,INDEPENDENT PROJECT - NOT AN OFFICIAL RHMZ WARNING PRODUCT
РАЧА,11.3,LOW,1,YELLOW,ПОВИШЕН,ELEVATED,MODERATE,HIGH,34.0,0.0,0.0,1,0,34.0,ECMWF,Postoji delimična multimodel podrška za prognozirani scenario. Dominantni scenario ima visoku lokalnu prostornu podršku.,1.3,GREEN,0,БЕЗ ЗНАЧАЈНОГ РИЗИКА,NO SIGNIFICANT RISK,HIGH,4.0,0.0,0.0,0.0,GREEN,0,БЕЗ ЗНАЧАЈНОГ РИЗИКА,NO SIGNIFICANT RISK,HIGH,0.0,GREEN,0,БЕЗ ЗНАЧАЈНОГ РИЗИКА,NO SIGNIFICANT RISK,HIGH,0,0,0,4.0,0,0.0,0,0.0,1,YELLOW,ПОВИШЕН,ELEVATED,THUNDER,MODERATE,36,STORMS,EXPERIMENTAL,DEVELOPMENTAL MULTIMODEL SIGNAL - NOT CALIBRATED PROBABILITY,ECMWF ENS | ICON-EU EPS | GEFS,PUBLIC OPEN-DATA SERVICES,INDEPENDENT PROJECT - NOT AN OFFICIAL RHMZ WARNING PRODUCT
РАШКА,18.0,LOW,1,YELLOW,ПОВИШЕН,ELEVATED,LOW,HIGH,54.0,0.0,0.0,1,1,54.0,ECMWF,"ECMWF ENS daje najjači signal (54.0%), ali je međumodelska saglasnost niska. Dominantni scenario ima visoku lokalnu prostornu podršku.",1.3,GREEN,0,БЕЗ ЗНАЧАЈНОГ РИЗИКА,NO SIGNIFICANT RISK,HIGH,4.0,0.0,0.0,0.0,GREEN,0,БЕЗ ЗНАЧАЈНОГ РИЗИКА,NO SIGNIFICANT RISK,HIGH,0.0,GREEN,0,БЕЗ ЗНАЧАЈНОГ РИЗИКА,NO SIGNIFICANT RISK,HIGH,0,0,0,4.0,0,0.0,0,0.0,1,YELLOW,ПОВИШЕН,ELEVATED,THUNDER,LOW,36,STORMS,EXPERIMENTAL,DEVELOPMENTAL MULTIMODEL SIGNAL - NOT CALIBRATED PROBABILITY,ECMWF ENS | ICON-EU EPS | GEFS,PUBLIC OPEN-DATA SERVICES,INDEPENDENT PROJECT - NOT AN OFFICIAL RHMZ WARNING PRODUCT
РЕКОВАЦ,8.7,VERY LOW,0,GREEN,БЕЗ ЗНАЧАЈНОГ РИЗИКА,NO SIGNIFICANT RISK,MODERATE,MODERATE,26.0,0.0,0.0,1,0,26.0,ECMWF,Postoji delimična multimodel podrška za prognozirani scenario. Dominantni scenario ima umerenu lokalnu prostornu podršku.,0.0,GREEN,0,БЕЗ ЗНАЧАЈНОГ РИЗИКА,NO SIGNIFICANT RISK,HIGH,0.0,0.0,0.0,0.0,GREEN,0,БЕЗ ЗНАЧАЈНОГ РИЗИКА,NO SIGNIFICANT RISK,HIGH,0.0,GREEN,0,БЕЗ ЗНАЧАЈНОГ РИЗИКА,NO SIGNIFICANT RISK,HIGH,0,0,0,0.0,0,0.0,0,0.0,0,GREEN,БЕЗ ЗНАЧАЈНОГ РИЗИКА,NO SIGNIFICANT RISK,NONE,MODERATE,36,STORMS,EXPERIMENTAL,DEVELOPMENTAL MULTIMODEL SIGNAL - NOT CALIBRATED PROBABILITY,ECMWF ENS | ICON-EU EPS | GEFS,PUBLIC OPEN-DATA SERVICES,INDEPENDENT PROJECT - NOT AN OFFICIAL RHMZ WARNING PRODUCT
РУМА,16.3,LOW,1,YELLOW,ПОВИШЕН,ELEVATED,LOW,MODERATE,44.0,5.0,0.0,1,1,44.0,ECMWF,"ECMWF ENS daje najjači signal (44.0%), ali je međumodelska saglasnost niska. Dominantni scenario ima umerenu lokalnu prostornu podršku.",8.3,GREEN,0,БЕЗ ЗНАЧАЈНОГ РИЗИКА,NO SIGNIFICANT RISK,HIGH,20.0,5.0,0.0,0.0,GREEN,0,БЕЗ ЗНАЧАЈНОГ РИЗИКА,NO SIGNIFICANT RISK,HIGH,0.0,GREEN,0,БЕЗ ЗНАЧАЈНОГ РИЗИКА,NO SIGNIFICANT RISK,HIGH,1,0,0,20.0,0,0.0,0,0.0,1,YELLOW,ПОВИШЕН,ELEVATED,THUNDER,LOW,36,STORMS,EXPERIMENTAL,DEVELOPMENTAL MULTIMODEL SIGNAL - NOT CALIBRATED PROBABILITY,ECMWF ENS | ICON-EU EPS | GEFS,PUBLIC OPEN-DATA SERVICES,INDEPENDENT PROJECT - NOT AN OFFICIAL RHMZ WARNING PRODUCT
СЈЕНИЦА,9.7,VERY LOW,0,GREEN,БЕЗ ЗНАЧАЈНОГ РИЗИКА,NO SIGNIFICANT RISK,MODERATE,MODERATE,26.0,0.0,3.2,1,0,26.0,ECMWF,Postoji delimična multimodel podrška za prognozirani scenario. Dominantni scenario ima umerenu lokalnu prostornu podršku.,1.3,GREEN,0,БЕЗ ЗНАЧАЈНОГ РИЗИКА,NO SIGNIFICANT RISK,HIGH,4.0,0.0,0.0,0.0,GREEN,0,БЕЗ ЗНАЧАЈНОГ РИЗИКА,NO SIGNIFICANT RISK,HIGH,0.0,GREEN,0,БЕЗ ЗНАЧАЈНОГ РИЗИКА,NO SIGNIFICANT RISK,HIGH,0,0,0,4.0,0,0.0,0,0.0,0,GREEN,БЕЗ ЗНАЧАЈНОГ РИЗИКА,NO SIGNIFICANT RISK,NONE,MODERATE,36,STORMS,EXPERIMENTAL,DEVELOPMENTAL MULTIMODEL SIGNAL - NOT CALIBRATED PROBABILITY,ECMWF ENS | ICON-EU EPS | GEFS,PUBLIC OPEN-DATA SERVICES,INDEPENDENT PROJECT - NOT AN OFFICIAL RHMZ WARNING PRODUCT
СВИЛАЈНАЦ,6.7,VERY LOW,0,GREEN,БЕЗ ЗНАЧАЈНОГ РИЗИКА,NO SIGNIFICANT RISK,HIGH,MODERATE,20.0,0.0,0.0,1,0,20.0,ECMWF,Modeli daju relativno dobro usaglašen signal. Dominantni scenario ima umerenu lokalnu prostornu podršku.,0.7,GREEN,0,БЕЗ ЗНАЧАЈНОГ РИЗИКА,NO SIGNIFICANT RISK,HIGH,2.0,0.0,0.0,0.0,GREEN,0,БЕЗ ЗНАЧАЈНОГ РИЗИКА,NO SIGNIFICANT RISK,HIGH,0.0,GREEN,0,БЕЗ ЗНАЧАЈНОГ РИЗИКА,NO SIGNIFICANT RISK,HIGH,0,0,0,2.0,0,0.0,0,0.0,0,GREEN,БЕЗ ЗНАЧАЈНОГ РИЗИКА,NO SIGNIFICANT RISK,NONE,HIGH,36,STORMS,EXPERIMENTAL,DEVELOPMENTAL MULTIMODEL SIGNAL - NOT CALIBRATED PROBABILITY,ECMWF ENS | ICON-EU EPS | GEFS,PUBLIC OPEN-DATA SERVICES,INDEPENDENT PROJECT - NOT AN OFFICIAL RHMZ WARNING PRODUCT
СВРЉИГ,4.7,VERY LOW,0,GREEN,БЕЗ ЗНАЧАЈНОГ РИЗИКА,NO SIGNIFICANT RISK,HIGH,LOW,14.0,0.0,0.0,1,0,14.0,ECMWF,Modeli daju relativno dobro usaglašen signal.,0.0,GREEN,0,БЕЗ ЗНАЧАЈНОГ РИЗИКА,NO SIGNIFICANT RISK,HIGH,0.0,0.0,0.0,0.0,GREEN,0,БЕЗ ЗНАЧАЈНОГ РИЗИКА,NO SIGNIFICANT RISK,HIGH,0.0,GREEN,0,БЕЗ ЗНАЧАЈНОГ РИЗИКА,NO SIGNIFICANT RISK,HIGH,0,0,0,0.0,0,0.0,0,0.0,0,GREEN,БЕЗ ЗНАЧАЈНОГ РИЗИКА,NO SIGNIFICANT RISK,NONE,HIGH,36,STORMS,EXPERIMENTAL,DEVELOPMENTAL MULTIMODEL SIGNAL - NOT CALIBRATED PROBABILITY,ECMWF ENS | ICON-EU EPS | GEFS,PUBLIC OPEN-DATA SERVICES,INDEPENDENT PROJECT - NOT AN OFFICIAL RHMZ WARNING PRODUCT
СЕНТА,0.7,VERY LOW,0,GREEN,БЕЗ ЗНАЧАЈНОГ РИЗИКА,NO SIGNIFICANT RISK,HIGH,NONE,2.0,0.0,0.0,0,0,2.0,ECMWF,Modeli daju relativno dobro usaglašen signal.,0.0,GREEN,0,БЕЗ ЗНАЧАЈНОГ РИЗИКА,NO SIGNIFICANT RISK,HIGH,0.0,0.0,0.0,0.0,GREEN,0,БЕЗ ЗНАЧАЈНОГ РИЗИКА,NO SIGNIFICANT RISK,HIGH,0.0,GREEN,0,БЕЗ ЗНАЧАЈНОГ РИЗИКА,NO SIGNIFICANT RISK,HIGH,0,0,0,0.0,0,0.0,0,0.0,0,GREEN,БЕЗ ЗНАЧАЈНОГ РИЗИКА,NO SIGNIFICANT RISK,NONE,HIGH,36,STORMS,EXPERIMENTAL,DEVELOPMENTAL MULTIMODEL SIGNAL - NOT CALIBRATED PROBABILITY,ECMWF ENS | ICON-EU EPS | GEFS,PUBLIC OPEN-DATA SERVICES,INDEPENDENT PROJECT - NOT AN OFFICIAL RHMZ WARNING PRODUCT
СЕЧАЊ,4.8,VERY LOW,0,GREEN,БЕЗ ЗНАЧАЈНОГ РИЗИКА,NO SIGNIFICANT RISK,HIGH,MODERATE,12.0,2.5,0.0,1,0,12.0,ECMWF,Modeli daju relativno dobro usaglašen signal. Dominantni scenario ima umerenu lokalnu prostornu podršku.,0.0,GREEN,0,БЕЗ ЗНАЧАЈНОГ РИЗИКА,NO SIGNIFICANT RISK,HIGH,0.0,0.0,0.0,0.0,GREEN,0,БЕЗ ЗНАЧАЈНОГ РИЗИКА,NO SIGNIFICANT RISK,HIGH,0.0,GREEN,0,БЕЗ ЗНАЧАЈНОГ РИЗИКА,NO SIGNIFICANT RISK,HIGH,0,0,0,0.0,0,0.0,0,0.0,0,GREEN,БЕЗ ЗНАЧАЈНОГ РИЗИКА,NO SIGNIFICANT RISK,NONE,HIGH,36,STORMS,EXPERIMENTAL,DEVELOPMENTAL MULTIMODEL SIGNAL - NOT CALIBRATED PROBABILITY,ECMWF ENS | ICON-EU EPS | GEFS,PUBLIC OPEN-DATA SERVICES,INDEPENDENT PROJECT - NOT AN OFFICIAL RHMZ WARNING PRODUCT
СМЕДЕРЕВО-ГРАД,12.2,LOW,1,YELLOW,ПОВИШЕН,ELEVATED,MODERATE,HIGH,34.0,2.5,0.0,1,0,34.0,ECMWF,Postoji delimična multimodel podrška za prognozirani scenario. Dominantni scenario ima visoku lokalnu prostornu podršku.,1.3,GREEN,0,БЕЗ ЗНАЧАЈНОГ РИЗИКА,NO SIGNIFICANT RISK,HIGH,4.0,0.0,0.0,0.0,GREEN,0,БЕЗ ЗНАЧАЈНОГ РИЗИКА,NO SIGNIFICANT RISK,HIGH,0.0,GREEN,0,БЕЗ ЗНАЧАЈНОГ РИЗИКА,NO SIGNIFICANT RISK,HIGH,0,0,0,4.0,0,0.0,0,0.0,1,YELLOW,ПОВИШЕН,ELEVATED,THUNDER,MODERATE,36,STORMS,EXPERIMENTAL,DEVELOPMENTAL MULTIMODEL SIGNAL - NOT CALIBRATED PROBABILITY,ECMWF ENS | ICON-EU EPS | GEFS,PUBLIC OPEN-DATA SERVICES,INDEPENDENT PROJECT - NOT AN OFFICIAL RHMZ WARNING PRODUCT
СМЕДЕРЕВСКА ПАЛАНКА,11.3,LOW,1,YELLOW,ПОВИШЕН,ELEVATED,MODERATE,HIGH,34.0,0.0,0.0,1,0,34.0,ECMWF,Postoji delimična multimodel podrška za prognozirani scenario. Dominantni scenario ima visoku lokalnu prostornu podršku.,2.0,GREEN,0,БЕЗ ЗНАЧАЈНОГ РИЗИКА,NO SIGNIFICANT RISK,HIGH,6.0,0.0,0.0,0.0,GREEN,0,БЕЗ ЗНАЧАЈНОГ РИЗИКА,NO SIGNIFICANT RISK,HIGH,0.0,GREEN,0,БЕЗ ЗНАЧАЈНОГ РИЗИКА,NO SIGNIFICANT RISK,HIGH,0,0,0,6.0,0,0.0,0,0.0,1,YELLOW,ПОВИШЕН,ELEVATED,THUNDER,MODERATE,36,STORMS,EXPERIMENTAL,DEVELOPMENTAL MULTIMODEL SIGNAL - NOT CALIBRATED PROBABILITY,ECMWF ENS | ICON-EU EPS | GEFS,PUBLIC OPEN-DATA SERVICES,INDEPENDENT PROJECT - NOT AN OFFICIAL RHMZ WARNING PRODUCT
СОКОБАЊА,6.7,VERY LOW,0,GREEN,БЕЗ ЗНАЧАЈНОГ РИЗИКА,NO SIGNIFICANT RISK,HIGH,MODERATE,20.0,0.0,0.0,1,0,20.0,ECMWF,Modeli daju relativno dobro usaglašen signal. Dominantni scenario ima umerenu lokalnu prostornu podršku.,0.0,GREEN,0,БЕЗ ЗНАЧАЈНОГ РИЗИКА,NO SIGNIFICANT RISK,HIGH,0.0,0.0,0.0,0.0,GREEN,0,БЕЗ ЗНАЧАЈНОГ РИЗИКА,NO SIGNIFICANT RISK,HIGH,0.0,GREEN,0,БЕЗ ЗНАЧАЈНОГ РИЗИКА,NO SIGNIFICANT RISK,HIGH,0,0,0,0.0,0,0.0,0,0.0,0,GREEN,БЕЗ ЗНАЧАЈНОГ РИЗИКА,NO SIGNIFICANT RISK,NONE,HIGH,36,STORMS,EXPERIMENTAL,DEVELOPMENTAL MULTIMODEL SIGNAL - NOT CALIBRATED PROBABILITY,ECMWF ENS | ICON-EU EPS | GEFS,PUBLIC OPEN-DATA SERVICES,INDEPENDENT PROJECT - NOT AN OFFICIAL RHMZ WARNING PRODUCT
СОМБОР-ГРАД,0.0,VERY LOW,0,GREEN,БЕЗ ЗНАЧАЈНОГ РИЗИКА,NO SIGNIFICANT RISK,HIGH,NONE,0.0,0.0,0.0,0,0,0.0,ECMWF,Modeli daju relativno dobro usaglašen signal.,0.0,GREEN,0,БЕЗ ЗНАЧАЈНОГ РИЗИКА,NO SIGNIFICANT RISK,HIGH,0.0,0.0,0.0,0.0,GREEN,0,БЕЗ ЗНАЧАЈНОГ РИЗИКА,NO SIGNIFICANT RISK,HIGH,0.0,GREEN,0,БЕЗ ЗНАЧАЈНОГ РИЗИКА,NO SIGNIFICANT RISK,HIGH,0,0,0,0.0,0,0.0,0,0.0,0,GREEN,БЕЗ ЗНАЧАЈНОГ РИЗИКА,NO SIGNIFICANT RISK,NONE,HIGH,36,STORMS,EXPERIMENTAL,DEVELOPMENTAL MULTIMODEL SIGNAL - NOT CALIBRATED PROBABILITY,ECMWF ENS | ICON-EU EPS | GEFS,PUBLIC OPEN-DATA SERVICES,INDEPENDENT PROJECT - NOT AN OFFICIAL RHMZ WARNING PRODUCT
СРБИЦА,2.7,VERY LOW,0,GREEN,БЕЗ ЗНАЧАЈНОГ РИЗИКА,NO SIGNIFICANT RISK,HIGH,NONE,8.0,0.0,0.0,0,0,8.0,ECMWF,Modeli daju relativno dobro usaglašen signal.,0.7,GREEN,0,БЕЗ ЗНАЧАЈНОГ РИЗИКА,NO SIGNIFICANT RISK,HIGH,2.0,0.0,0.0,0.0,GREEN,0,БЕЗ ЗНАЧАЈНОГ РИЗИКА,NO SIGNIFICANT RISK,HIGH,0.0,GREEN,0,БЕЗ ЗНАЧАЈНОГ РИЗИКА,NO SIGNIFICANT RISK,HIGH,0,0,0,2.0,0,0.0,0,0.0,0,GREEN,БЕЗ ЗНАЧАЈНОГ РИЗИКА,NO SIGNIFICANT RISK,NONE,HIGH,36,STORMS,EXPERIMENTAL,DEVELOPMENTAL MULTIMODEL SIGNAL - NOT CALIBRATED PROBABILITY,ECMWF ENS | ICON-EU EPS | GEFS,PUBLIC OPEN-DATA SERVICES,INDEPENDENT PROJECT - NOT AN OFFICIAL RHMZ WARNING PRODUCT
СРБОБРАН,2.7,VERY LOW,0,GREEN,БЕЗ ЗНАЧАЈНОГ РИЗИКА,NO SIGNIFICANT RISK,HIGH,NONE,8.0,0.0,0.0,0,0,8.0,ECMWF,Modeli daju relativno dobro usaglašen signal.,1.3,GREEN,0,БЕЗ ЗНАЧАЈНОГ РИЗИКА,NO SIGNIFICANT RISK,HIGH,4.0,0.0,0.0,0.0,GREEN,0,БЕЗ ЗНАЧАЈНОГ РИЗИКА,NO SIGNIFICANT RISK,HIGH,0.0,GREEN,0,БЕЗ ЗНАЧАЈНОГ РИЗИКА,NO SIGNIFICANT RISK,HIGH,0,0,0,4.0,0,0.0,0,0.0,0,GREEN,БЕЗ ЗНАЧАЈНОГ РИЗИКА,NO SIGNIFICANT RISK,NONE,HIGH,36,STORMS,EXPERIMENTAL,DEVELOPMENTAL MULTIMODEL SIGNAL - NOT CALIBRATED PROBABILITY,ECMWF ENS | ICON-EU EPS | GEFS,PUBLIC OPEN-DATA SERVICES,INDEPENDENT PROJECT - NOT AN OFFICIAL RHMZ WARNING PRODUCT
СРЕМСКА МИТРОВИЦА-ГРАД,9.0,VERY LOW,0,GREEN,БЕЗ ЗНАЧАЈНОГ РИЗИКА,NO SIGNIFICANT RISK,MODERATE,MODERATE,22.0,5.0,0.0,1,0,22.0,ECMWF,Postoji delimična multimodel podrška za prognozirani scenario. Dominantni scenario ima umerenu lokalnu prostornu podršku.,5.0,GREEN,0,БЕЗ ЗНАЧАЈНОГ РИЗИКА,NO SIGNIFICANT RISK,HIGH,10.0,5.0,0.0,0.0,GREEN,0,БЕЗ ЗНАЧАЈНОГ РИЗИКА,NO SIGNIFICANT RISK,HIGH,0.0,GREEN,0,БЕЗ ЗНАЧАЈНОГ РИЗИКА,NO SIGNIFICANT RISK,HIGH,1,0,0,10.0,0,0.0,0,0.0,0,GREEN,БЕЗ ЗНАЧАЈНОГ РИЗИКА,NO SIGNIFICANT RISK,NONE,MODERATE,36,STORMS,EXPERIMENTAL,DEVELOPMENTAL MULTIMODEL SIGNAL - NOT CALIBRATED PROBABILITY,ECMWF ENS | ICON-EU EPS | GEFS,PUBLIC OPEN-DATA SERVICES,INDEPENDENT PROJECT - NOT AN OFFICIAL RHMZ WARNING PRODUCT
СРЕМСКИ КАРЛОВЦИ,5.7,VERY LOW,0,GREEN,БЕЗ ЗНАЧАЈНОГ РИЗИКА,NO SIGNIFICANT RISK,HIGH,LOW,12.0,5.0,0.0,1,0,12.0,ECMWF,Modeli daju relativno dobro usaglašen signal.,5.7,GREEN,0,БЕЗ ЗНАЧАЈНОГ РИЗИКА,NO SIGNIFICANT RISK,HIGH,12.0,5.0,0.0,0.0,GREEN,0,БЕЗ ЗНАЧАЈНОГ РИЗИКА,NO SIGNIFICANT RISK,HIGH,0.0,GREEN,0,БЕЗ ЗНАЧАЈНОГ РИЗИКА,NO SIGNIFICANT RISK,HIGH,1,0,0,12.0,0,0.0,0,0.0,0,GREEN,БЕЗ ЗНАЧАЈНОГ РИЗИКА,NO SIGNIFICANT RISK,NONE,HIGH,36,STORMS,EXPERIMENTAL,DEVELOPMENTAL MULTIMODEL SIGNAL - NOT CALIBRATED PROBABILITY,ECMWF ENS | ICON-EU EPS | GEFS,PUBLIC OPEN-DATA SERVICES,INDEPENDENT PROJECT - NOT AN OFFICIAL RHMZ WARNING PRODUCT
СТАРА ПАЗОВА,10.3,LOW,1,YELLOW,ПОВИШЕН,ELEVATED,MODERATE,MODERATE,26.0,5.0,0.0,1,0,26.0,ECMWF,Postoji delimična multimodel podrška za prognozirani scenario. Dominantni scenario ima umerenu lokalnu prostornu podršku.,5.0,GREEN,0,БЕЗ ЗНАЧАЈНОГ РИЗИКА,NO SIGNIFICANT RISK,HIGH,10.0,5.0,0.0,0.0,GREEN,0,БЕЗ ЗНАЧАЈНОГ РИЗИКА,NO SIGNIFICANT RISK,HIGH,0.0,GREEN,0,БЕЗ ЗНАЧАЈНОГ РИЗИКА,NO SIGNIFICANT RISK,HIGH,1,0,0,10.0,0,0.0,0,0.0,1,YELLOW,ПОВИШЕН,ELEVATED,THUNDER,MODERATE,36,STORMS,EXPERIMENTAL,DEVELOPMENTAL MULTIMODEL SIGNAL - NOT CALIBRATED PROBABILITY,ECMWF ENS | ICON-EU EPS | GEFS,PUBLIC OPEN-DATA SERVICES,INDEPENDENT PROJECT - NOT AN OFFICIAL RHMZ WARNING PRODUCT
СУБОТИЦА-ГРАД,0.0,VERY LOW,0,GREEN,БЕЗ ЗНАЧАЈНОГ РИЗИКА,NO SIGNIFICANT RISK,HIGH,NONE,0.0,0.0,0.0,0,0,0.0,ECMWF,Modeli daju relativno dobro usaglašen signal.,0.0,GREEN,0,БЕЗ ЗНАЧАЈНОГ РИЗИКА,NO SIGNIFICANT RISK,HIGH,0.0,0.0,0.0,0.0,GREEN,0,БЕЗ ЗНАЧАЈНОГ РИЗИКА,NO SIGNIFICANT RISK,HIGH,0.0,GREEN,0,БЕЗ ЗНАЧАЈНОГ РИЗИКА,NO SIGNIFICANT RISK,HIGH,0,0,0,0.0,0,0.0,0,0.0,0,GREEN,БЕЗ ЗНАЧАЈНОГ РИЗИКА,NO SIGNIFICANT RISK,NONE,HIGH,36,STORMS,EXPERIMENTAL,DEVELOPMENTAL MULTIMODEL SIGNAL - NOT CALIBRATED PROBABILITY,ECMWF ENS | ICON-EU EPS | GEFS,PUBLIC OPEN-DATA SERVICES,INDEPENDENT PROJECT - NOT AN OFFICIAL RHMZ WARNING PRODUCT
СУВА РЕКА,2.7,VERY LOW,0,GREEN,БЕЗ ЗНАЧАЈНОГ РИЗИКА,NO SIGNIFICANT RISK,HIGH,NONE,8.0,0.0,0.0,0,0,8.0,ECMWF,Modeli daju relativno dobro usaglašen signal.,0.0,GREEN,0,БЕЗ ЗНАЧАЈНОГ РИЗИКА,NO SIGNIFICANT RISK,HIGH,0.0,0.0,0.0,0.0,GREEN,0,БЕЗ ЗНАЧАЈНОГ РИЗИКА,NO SIGNIFICANT RISK,HIGH,0.0,GREEN,0,БЕЗ ЗНАЧАЈНОГ РИЗИКА,NO SIGNIFICANT RISK,HIGH,0,0,0,0.0,0,0.0,0,0.0,0,GREEN,БЕЗ ЗНАЧАЈНОГ РИЗИКА,NO SIGNIFICANT RISK,NONE,HIGH,36,STORMS,EXPERIMENTAL,DEVELOPMENTAL MULTIMODEL SIGNAL - NOT CALIBRATED PROBABILITY,ECMWF ENS | ICON-EU EPS | GEFS,PUBLIC OPEN-DATA SERVICES,INDEPENDENT PROJECT - NOT AN OFFICIAL RHMZ WARNING PRODUCT
СУРДУЛИЦА,1.7,VERY LOW,0,GREEN,БЕЗ ЗНАЧАЈНОГ РИЗИКА,NO SIGNIFICANT RISK,HIGH,NONE,2.0,0.0,3.2,0,0,3.2,GEFS,Modeli daju relativno dobro usaglašen signal.,0.0,GREEN,0,БЕЗ ЗНАЧАЈНОГ РИЗИКА,NO SIGNIFICANT RISK,HIGH,0.0,0.0,0.0,0.0,GREEN,0,БЕЗ ЗНАЧАЈНОГ РИЗИКА,NO SIGNIFICANT RISK,HIGH,0.0,GREEN,0,БЕЗ ЗНАЧАЈНОГ РИЗИКА,NO SIGNIFICANT RISK,HIGH,0,0,0,0.0,0,0.0,0,0.0,0,GREEN,БЕЗ ЗНАЧАЈНОГ РИЗИКА,NO SIGNIFICANT RISK,NONE,HIGH,36,STORMS,EXPERIMENTAL,DEVELOPMENTAL MULTIMODEL SIGNAL - NOT CALIBRATED PROBABILITY,ECMWF ENS | ICON-EU EPS | GEFS,PUBLIC OPEN-DATA SERVICES,INDEPENDENT PROJECT - NOT AN OFFICIAL RHMZ WARNING PRODUCT
ТЕМЕРИН,4.2,VERY LOW,0,GREEN,БЕЗ ЗНАЧАЈНОГ РИЗИКА,NO SIGNIFICANT RISK,HIGH,LOW,10.0,2.5,0.0,1,0,10.0,ECMWF,Modeli daju relativno dobro usaglašen signal.,4.2,GREEN,0,БЕЗ ЗНАЧАЈНОГ РИЗИКА,NO SIGNIFICANT RISK,HIGH,10.0,2.5,0.0,0.0,GREEN,0,БЕЗ ЗНАЧАЈНОГ РИЗИКА,NO SIGNIFICANT RISK,HIGH,0.0,GREEN,0,БЕЗ ЗНАЧАЈНОГ РИЗИКА,NO SIGNIFICANT RISK,HIGH,1,0,0,10.0,0,0.0,0,0.0,0,GREEN,БЕЗ ЗНАЧАЈНОГ РИЗИКА,NO SIGNIFICANT RISK,NONE,HIGH,36,STORMS,EXPERIMENTAL,DEVELOPMENTAL MULTIMODEL SIGNAL - NOT CALIBRATED PROBABILITY,ECMWF ENS | ICON-EU EPS | GEFS,PUBLIC OPEN-DATA SERVICES,INDEPENDENT PROJECT - NOT AN OFFICIAL RHMZ WARNING PRODUCT
ТИТЕЛ,8.5,VERY LOW,0,GREEN,БЕЗ ЗНАЧАЈНОГ РИЗИКА,NO SIGNIFICANT RISK,HIGH,MODERATE,18.0,7.5,0.0,1,0,18.0,ECMWF,Modeli daju relativno dobro usaglašen signal. Dominantni scenario ima umerenu lokalnu prostornu podršku.,3.8,GREEN,0,БЕЗ ЗНАЧАЈНОГ РИЗИКА,NO SIGNIFICANT RISK,HIGH,4.0,7.5,0.0,0.0,GREEN,0,БЕЗ ЗНАЧАЈНОГ РИЗИКА,NO SIGNIFICANT RISK,HIGH,0.0,GREEN,0,БЕЗ ЗНАЧАЈНОГ РИЗИКА,NO SIGNIFICANT RISK,HIGH,0,0,0,7.5,0,0.0,0,0.0,0,GREEN,БЕЗ ЗНАЧАЈНОГ РИЗИКА,NO SIGNIFICANT RISK,NONE,HIGH,36,STORMS,EXPERIMENTAL,DEVELOPMENTAL MULTIMODEL SIGNAL - NOT CALIBRATED PROBABILITY,ECMWF ENS | ICON-EU EPS | GEFS,PUBLIC OPEN-DATA SERVICES,INDEPENDENT PROJECT - NOT AN OFFICIAL RHMZ WARNING PRODUCT
ТОПОЛА,12.0,LOW,1,YELLOW,ПОВИШЕН,ELEVATED,MODERATE,HIGH,36.0,0.0,0.0,1,0,36.0,ECMWF,Postoji delimična multimodel podrška za prognozirani scenario. Dominantni scenario ima visoku lokalnu prostornu podršku.,2.7,GREEN,0,БЕЗ ЗНАЧАЈНОГ РИЗИКА,NO SIGNIFICANT RISK,HIGH,8.0,0.0,0.0,0.0,GREEN,0,БЕЗ ЗНАЧАЈНОГ РИЗИКА,NO SIGNIFICANT RISK,HIGH,0.0,GREEN,0,БЕЗ ЗНАЧАЈНОГ РИЗИКА,NO SIGNIFICANT RISK,HIGH,0,0,0,8.0,0,0.0,0,0.0,1,YELLOW,ПОВИШЕН,ELEVATED,THUNDER,MODERATE,36,STORMS,EXPERIMENTAL,DEVELOPMENTAL MULTIMODEL SIGNAL - NOT CALIBRATED PROBABILITY,ECMWF ENS | ICON-EU EPS | GEFS,PUBLIC OPEN-DATA SERVICES,INDEPENDENT PROJECT - NOT AN OFFICIAL RHMZ WARNING PRODUCT
ТРГОВИШТЕ,3.1,VERY LOW,0,GREEN,БЕЗ ЗНАЧАЈНОГ РИЗИКА,NO SIGNIFICANT RISK,HIGH,NONE,6.0,0.0,3.2,0,0,6.0,ECMWF,Modeli daju relativno dobro usaglašen signal.,0.0,GREEN,0,БЕЗ ЗНАЧАЈНОГ РИЗИКА,NO SIGNIFICANT RISK,HIGH,0.0,0.0,0.0,0.0,GREEN,0,БЕЗ ЗНАЧАЈНОГ РИЗИКА,NO SIGNIFICANT RISK,HIGH,0.0,GREEN,0,БЕЗ ЗНАЧАЈНОГ РИЗИКА,NO SIGNIFICANT RISK,HIGH,0,0,0,0.0,0,0.0,0,0.0,0,GREEN,БЕЗ ЗНАЧАЈНОГ РИЗИКА,NO SIGNIFICANT RISK,NONE,HIGH,36,STORMS,EXPERIMENTAL,DEVELOPMENTAL MULTIMODEL SIGNAL - NOT CALIBRATED PROBABILITY,ECMWF ENS | ICON-EU EPS | GEFS,PUBLIC OPEN-DATA SERVICES,INDEPENDENT PROJECT - NOT AN OFFICIAL RHMZ WARNING PRODUCT
ТРСТЕНИК,8.7,VERY LOW,0,GREEN,БЕЗ ЗНАЧАЈНОГ РИЗИКА,NO SIGNIFICANT RISK,MODERATE,MODERATE,26.0,0.0,0.0,1,0,26.0,ECMWF,Postoji delimična multimodel podrška za prognozirani scenario. Dominantni scenario ima umerenu lokalnu prostornu podršku.,0.7,GREEN,0,БЕЗ ЗНАЧАЈНОГ РИЗИКА,NO SIGNIFICANT RISK,HIGH,2.0,0.0,0.0,0.0,GREEN,0,БЕЗ ЗНАЧАЈНОГ РИЗИКА,NO SIGNIFICANT RISK,HIGH,0.0,GREEN,0,БЕЗ ЗНАЧАЈНОГ РИЗИКА,NO SIGNIFICANT RISK,HIGH,0,0,0,2.0,0,0.0,0,0.0,0,GREEN,БЕЗ ЗНАЧАЈНОГ РИЗИКА,NO SIGNIFICANT RISK,NONE,MODERATE,36,STORMS,EXPERIMENTAL,DEVELOPMENTAL MULTIMODEL SIGNAL - NOT CALIBRATED PROBABILITY,ECMWF ENS | ICON-EU EPS | GEFS,PUBLIC OPEN-DATA SERVICES,INDEPENDENT PROJECT - NOT AN OFFICIAL RHMZ WARNING PRODUCT
ТУТИН,1.3,VERY LOW,0,GREEN,БЕЗ ЗНАЧАЈНОГ РИЗИКА,NO SIGNIFICANT RISK,HIGH,NONE,4.0,0.0,0.0,0,0,4.0,ECMWF,Modeli daju relativno dobro usaglašen signal.,0.0,GREEN,0,БЕЗ ЗНАЧАЈНОГ РИЗИКА,NO SIGNIFICANT RISK,HIGH,0.0,0.0,0.0,0.0,GREEN,0,БЕЗ ЗНАЧАЈНОГ РИЗИКА,NO SIGNIFICANT RISK,HIGH,0.0,GREEN,0,БЕЗ ЗНАЧАЈНОГ РИЗИКА,NO SIGNIFICANT RISK,HIGH,0,0,0,0.0,0,0.0,0,0.0,0,GREEN,БЕЗ ЗНАЧАЈНОГ РИЗИКА,NO SIGNIFICANT RISK,NONE,HIGH,36,STORMS,EXPERIMENTAL,DEVELOPMENTAL MULTIMODEL SIGNAL - NOT CALIBRATED PROBABILITY,ECMWF ENS | ICON-EU EPS | GEFS,PUBLIC OPEN-DATA SERVICES,INDEPENDENT PROJECT - NOT AN OFFICIAL RHMZ WARNING PRODUCT
УБ,16.3,LOW,1,YELLOW,ПОВИШЕН,ELEVATED,LOW,HIGH,44.0,5.0,0.0,1,1,44.0,ECMWF,"ECMWF ENS daje najjači signal (44.0%), ali je međumodelska saglasnost niska. Dominantni scenario ima visoku lokalnu prostornu podršku.",12.0,YELLOW,1,ПОВИШЕН,ELEVATED,MODERATE,36.0,0.0,0.0,0.0,GREEN,0,БЕЗ ЗНАЧАЈНОГ РИЗИКА,NO SIGNIFICANT RISK,HIGH,0.0,GREEN,0,БЕЗ ЗНАЧАЈНОГ РИЗИКА,NO SIGNIFICANT RISK,HIGH,1,0,0,36.0,0,0.0,0,0.0,1,YELLOW,ПОВИШЕН,ELEVATED,THUNDER+HAIL,LOW,36,STORMS,EXPERIMENTAL,DEVELOPMENTAL MULTIMODEL SIGNAL - NOT CALIBRATED PROBABILITY,ECMWF ENS | ICON-EU EPS | GEFS,PUBLIC OPEN-DATA SERVICES,INDEPENDENT PROJECT - NOT AN OFFICIAL RHMZ WARNING PRODUCT
УЖИЦЕ-ГРАД,27.2,LOW,1,YELLOW,ПОВИШЕН,ELEVATED,LOW,HIGH,76.0,2.5,3.2,1,1,73.5,ECMWF,"ECMWF ENS daje najjači signal (76.0%), ali je međumodelska saglasnost niska. Dominantni scenario ima visoku lokalnu prostornu podršku.",13.3,YELLOW,1,ПОВИШЕН,ELEVATED,MODERATE,40.0,0.0,0.0,0.0,GREEN,0,БЕЗ ЗНАЧАЈНОГ РИЗИКА,NO SIGNIFICANT RISK,HIGH,0.0,GREEN,0,БЕЗ ЗНАЧАЈНОГ РИЗИКА,NO SIGNIFICANT RISK,HIGH,1,1,0,40.0,0,0.0,0,0.0,1,YELLOW,ПОВИШЕН,ELEVATED,THUNDER+HAIL,LOW,36,STORMS,EXPERIMENTAL,DEVELOPMENTAL MULTIMODEL SIGNAL - NOT CALIBRATED PROBABILITY,ECMWF ENS | ICON-EU EPS | GEFS,PUBLIC OPEN-DATA SERVICES,INDEPENDENT PROJECT - NOT AN OFFICIAL RHMZ WARNING PRODUCT
УРОШЕВАЦ,2.4,VERY LOW,0,GREEN,БЕЗ ЗНАЧАЈНОГ РИЗИКА,NO SIGNIFICANT RISK,HIGH,NONE,4.0,0.0,3.2,0,0,4.0,ECMWF,Modeli daju relativno dobro usaglašen signal.,0.0,GREEN,0,БЕЗ ЗНАЧАЈНОГ РИЗИКА,NO SIGNIFICANT RISK,HIGH,0.0,0.0,0.0,0.0,GREEN,0,БЕЗ ЗНАЧАЈНОГ РИЗИКА,NO SIGNIFICANT RISK,HIGH,0.0,GREEN,0,БЕЗ ЗНАЧАЈНОГ РИЗИКА,NO SIGNIFICANT RISK,HIGH,0,0,0,0.0,0,0.0,0,0.0,0,GREEN,БЕЗ ЗНАЧАЈНОГ РИЗИКА,NO SIGNIFICANT RISK,NONE,HIGH,36,STORMS,EXPERIMENTAL,DEVELOPMENTAL MULTIMODEL SIGNAL - NOT CALIBRATED PROBABILITY,ECMWF ENS | ICON-EU EPS | GEFS,PUBLIC OPEN-DATA SERVICES,INDEPENDENT PROJECT - NOT AN OFFICIAL RHMZ WARNING PRODUCT
ЦРНА ТРАВА,0.7,VERY LOW,0,GREEN,БЕЗ ЗНАЧАЈНОГ РИЗИКА,NO SIGNIFICANT RISK,HIGH,NONE,2.0,0.0,0.0,0,0,2.0,ECMWF,Modeli daju relativno dobro usaglašen signal.,0.0,GREEN,0,БЕЗ ЗНАЧАЈНОГ РИЗИКА,NO SIGNIFICANT RISK,HIGH,0.0,0.0,0.0,0.0,GREEN,0,БЕЗ ЗНАЧАЈНОГ РИЗИКА,NO SIGNIFICANT RISK,HIGH,0.0,GREEN,0,БЕЗ ЗНАЧАЈНОГ РИЗИКА,NO SIGNIFICANT RISK,HIGH,0,0,0,0.0,0,0.0,0,0.0,0,GREEN,БЕЗ ЗНАЧАЈНОГ РИЗИКА,NO SIGNIFICANT RISK,NONE,HIGH,36,STORMS,EXPERIMENTAL,DEVELOPMENTAL MULTIMODEL SIGNAL - NOT CALIBRATED PROBABILITY,ECMWF ENS | ICON-EU EPS | GEFS,PUBLIC OPEN-DATA SERVICES,INDEPENDENT PROJECT - NOT AN OFFICIAL RHMZ WARNING PRODUCT
ЧАЈЕТИНА,26.6,LOW,1,YELLOW,ПОВИШЕН,ELEVATED,LOW,HIGH,74.0,2.5,3.2,1,1,71.5,ECMWF,"ECMWF ENS daje najjači signal (74.0%), ali je međumodelska saglasnost niska. Dominantni scenario ima visoku lokalnu prostornu podršku.",12.8,YELLOW,1,ПОВИШЕН,ELEVATED,MODERATE,36.0,2.5,0.0,0.0,GREEN,0,БЕЗ ЗНАЧАЈНОГ РИЗИКА,NO SIGNIFICANT RISK,HIGH,0.0,GREEN,0,БЕЗ ЗНАЧАЈНОГ РИЗИКА,NO SIGNIFICANT RISK,HIGH,1,0,0,36.0,0,0.0,0,0.0,1,YELLOW,ПОВИШЕН,ELEVATED,THUNDER+HAIL,LOW,36,STORMS,EXPERIMENTAL,DEVELOPMENTAL MULTIMODEL SIGNAL - NOT CALIBRATED PROBABILITY,ECMWF ENS | ICON-EU EPS | GEFS,PUBLIC OPEN-DATA SERVICES,INDEPENDENT PROJECT - NOT AN OFFICIAL RHMZ WARNING PRODUCT
ЧАЧАК-ГРАД,16.0,LOW,1,YELLOW,ПОВИШЕН,ELEVATED,LOW,HIGH,48.0,0.0,0.0,1,1,48.0,ECMWF,"ECMWF ENS daje najjači signal (48.0%), ali je međumodelska saglasnost niska. Dominantni scenario ima visoku lokalnu prostornu podršku.",4.7,GREEN,0,БЕЗ ЗНАЧАЈНОГ РИЗИКА,NO SIGNIFICANT RISK,HIGH,14.0,0.0,0.0,0.0,GREEN,0,БЕЗ ЗНАЧАЈНОГ РИЗИКА,NO SIGNIFICANT RISK,HIGH,0.0,GREEN,0,БЕЗ ЗНАЧАЈНОГ РИЗИКА,NO SIGNIFICANT RISK,HIGH,1,0,0,14.0,0,0.0,0,0.0,1,YELLOW,ПОВИШЕН,ELEVATED,THUNDER,LOW,36,STORMS,EXPERIMENTAL,DEVELOPMENTAL MULTIMODEL SIGNAL - NOT CALIBRATED PROBABILITY,ECMWF ENS | ICON-EU EPS | GEFS,PUBLIC OPEN-DATA SERVICES,INDEPENDENT PROJECT - NOT AN OFFICIAL RHMZ WARNING PRODUCT
ЧОКА,0.7,VERY LOW,0,GREEN,БЕЗ ЗНАЧАЈНОГ РИЗИКА,NO SIGNIFICANT RISK,HIGH,NONE,2.0,0.0,0.0,0,0,2.0,ECMWF,Modeli daju relativno dobro usaglašen signal.,0.0,GREEN,0,БЕЗ ЗНАЧАЈНОГ РИЗИКА,NO SIGNIFICANT RISK,HIGH,0.0,0.0,0.0,0.0,GREEN,0,БЕЗ ЗНАЧАЈНОГ РИЗИКА,NO SIGNIFICANT RISK,HIGH,0.0,GREEN,0,БЕЗ ЗНАЧАЈНОГ РИЗИКА,NO SIGNIFICANT RISK,HIGH,0,0,0,0.0,0,0.0,0,0.0,0,GREEN,БЕЗ ЗНАЧАЈНОГ РИЗИКА,NO SIGNIFICANT RISK,NONE,HIGH,36,STORMS,EXPERIMENTAL,DEVELOPMENTAL MULTIMODEL SIGNAL - NOT CALIBRATED PROBABILITY,ECMWF ENS | ICON-EU EPS | GEFS,PUBLIC OPEN-DATA SERVICES,INDEPENDENT PROJECT - NOT AN OFFICIAL RHMZ WARNING PRODUCT
ШАБАЦ-ГРАД,14.7,LOW,1,YELLOW,ПОВИШЕН,ELEVATED,LOW,HIGH,44.0,0.0,0.0,1,1,44.0,ECMWF,"ECMWF ENS daje najjači signal (44.0%), ali je međumodelska saglasnost niska. Dominantni scenario ima visoku lokalnu prostornu podršku.",10.0,YELLOW,1,ПОВИШЕН,ELEVATED,MODERATE,30.0,0.0,0.0,0.0,GREEN,0,БЕЗ ЗНАЧАЈНОГ РИЗИКА,NO SIGNIFICANT RISK,HIGH,0.0,GREEN,0,БЕЗ ЗНАЧАЈНОГ РИЗИКА,NO SIGNIFICANT RISK,HIGH,1,0,0,30.0,0,0.0,0,0.0,1,YELLOW,ПОВИШЕН,ELEVATED,THUNDER+HAIL,LOW,36,STORMS,EXPERIMENTAL,DEVELOPMENTAL MULTIMODEL SIGNAL - NOT CALIBRATED PROBABILITY,ECMWF ENS | ICON-EU EPS | GEFS,PUBLIC OPEN-DATA SERVICES,INDEPENDENT PROJECT - NOT AN OFFICIAL RHMZ WARNING PRODUCT
ШИД,9.0,VERY LOW,0,GREEN,БЕЗ ЗНАЧАЈНОГ РИЗИКА,NO SIGNIFICANT RISK,MODERATE,LOW,22.0,5.0,0.0,1,0,22.0,ECMWF,Postoji delimična multimodel podrška za prognozirani scenario.,4.3,GREEN,0,БЕЗ ЗНАЧАЈНОГ РИЗИКА,NO SIGNIFICANT RISK,HIGH,8.0,5.0,0.0,0.0,GREEN,0,БЕЗ ЗНАЧАЈНОГ РИЗИКА,NO SIGNIFICANT RISK,HIGH,0.0,GREEN,0,БЕЗ ЗНАЧАЈНОГ РИЗИКА,NO SIGNIFICANT RISK,HIGH,0,0,0,8.0,0,0.0,0,0.0,0,GREEN,БЕЗ ЗНАЧАЈНОГ РИЗИКА,NO SIGNIFICANT RISK,NONE,MODERATE,36,STORMS,EXPERIMENTAL,DEVELOPMENTAL MULTIMODEL SIGNAL - NOT CALIBRATED PROBABILITY,ECMWF ENS | ICON-EU EPS | GEFS,PUBLIC OPEN-DATA SERVICES,INDEPENDENT PROJECT - NOT AN OFFICIAL RHMZ WARNING PRODUCT
ШТИМЉЕ,1.3,VERY LOW,0,GREEN,БЕЗ ЗНАЧАЈНОГ РИЗИКА,NO SIGNIFICANT RISK,HIGH,NONE,4.0,0.0,0.0,0,0,4.0,ECMWF,Modeli daju relativno dobro usaglašen signal.,0.0,GREEN,0,БЕЗ ЗНАЧАЈНОГ РИЗИКА,NO SIGNIFICANT RISK,HIGH,0.0,0.0,0.0,0.0,GREEN,0,БЕЗ ЗНАЧАЈНОГ РИЗИКА,NO SIGNIFICANT RISK,HIGH,0.0,GREEN,0,БЕЗ ЗНАЧАЈНОГ РИЗИКА,NO SIGNIFICANT RISK,HIGH,0,0,0,0.0,0,0.0,0,0.0,0,GREEN,БЕЗ ЗНАЧАЈНОГ РИЗИКА,NO SIGNIFICANT RISK,NONE,HIGH,36,STORMS,EXPERIMENTAL,DEVELOPMENTAL MULTIMODEL SIGNAL - NOT CALIBRATED PROBABILITY,ECMWF ENS | ICON-EU EPS | GEFS,PUBLIC OPEN-DATA SERVICES,INDEPENDENT PROJECT - NOT AN OFFICIAL RHMZ WARNING PRODUCT
ШТРПЦЕ,8.0,VERY LOW,0,GREEN,БЕЗ ЗНАЧАЈНОГ РИЗИКА,NO SIGNIFICANT RISK,MODERATE,LOW,24.0,0.0,0.0,1,0,24.0,ECMWF,Postoji delimična multimodel podrška za prognozirani scenario.,0.0,GREEN,0,БЕЗ ЗНАЧАЈНОГ РИЗИКА,NO SIGNIFICANT RISK,HIGH,0.0,0.0,0.0,0.0,GREEN,0,БЕЗ ЗНАЧАЈНОГ РИЗИКА,NO SIGNIFICANT RISK,HIGH,0.0,GREEN,0,БЕЗ ЗНАЧАЈНОГ РИЗИКА,NO SIGNIFICANT RISK,HIGH,0,0,0,0.0,0,0.0,0,0.0,0,GREEN,БЕЗ ЗНАЧАЈНОГ РИЗИКА,NO SIGNIFICANT RISK,NONE,MODERATE,36,STORMS,EXPERIMENTAL,DEVELOPMENTAL MULTIMODEL SIGNAL - NOT CALIBRATED PROBABILITY,ECMWF ENS | ICON-EU EPS | GEFS,PUBLIC OPEN-DATA SERVICES,INDEPENDENT PROJECT - NOT AN OFFICIAL RHMZ WARNING PRODUCT
