Municipality_DOM_ID,Value_e,Value_sl,Value_sc,gefs_thunder,gefs_hail,gefs_large_hail,gefs_very_large_hail,gefs_cape,gefs_shear,gefs_rh700,gefs_grid_points,gefs_forecast_hour,gefs_valid_time,gefs_model_run,ecmwf_thunder,ecmwf_organised_thunder,ecmwf_mucape,ecmwf_rh700,ecmwf_tp3h,ecmwf_shear,ecmwf_grid_points,icon_thunder,icon_organised_thunder,icon_grid_points,icon_median_cape,icon_median_tp3h,icon_median_shear,ecmwf_hail,ecmwf_large_hail,ecmwf_very_large_hail,icon_hail,icon_large_hail,icon_very_large_hail,thunder_signal,thunder_models_available,thunder_model_spread,thunder_models_ge10,thunder_models_ge40,thunder_models_ge50,thunder_level,thunder_color,thunder_label_sr,thunder_label_en,thunder_confidence,thunder_dominant_model,thunder_source_models,hail_signal,hail_models_available,hail_model_spread,hail_models_ge10,hail_models_ge40,hail_models_ge50,hail_level,hail_color,hail_label_sr,hail_label_en,hail_confidence,hail_dominant_model,hail_source_models,large_hail_signal,large_hail_models_available,large_hail_model_spread,large_hail_models_ge10,large_hail_models_ge40,large_hail_models_ge50,large_hail_level,large_hail_color,large_hail_label_sr,large_hail_label_en,large_hail_confidence,large_hail_dominant_model,large_hail_source_models,very_large_hail_signal,very_large_hail_models_available,very_large_hail_model_spread,very_large_hail_models_ge10,very_large_hail_models_ge40,very_large_hail_models_ge50,very_large_hail_level,very_large_hail_color,very_large_hail_label_sr,very_large_hail_label_en,very_large_hail_confidence,very_large_hail_dominant_model,very_large_hail_source_models,storm_overview_level,storm_overview_color,storm_overview_label_sr,storm_overview_label_en,storm_dominant_hazard,storm_overview_confidence,forecast_hour,reference_run,valid_time,product_family,product_status,probability_status,data_source_status,institutional_status
90085,ĐAKOVICA,ĐAKOVICA,ЂАКОВИЦА,0.0,0.0,0.0,0.0,0.0,5.171629887293236,59.08184814453125,9,42,2026-08-21T18:00:00Z,2026-08-20T00:00:00Z,0.0,0.0,0.0,35.3,0.0,2.8,9,0.0,0.0,13,0.1,0.0,8.6,0.0,0.0,0.0,0.0,0.0,0.0,0.0,3,0.0,0,0,0,0,GREEN,БЕЗ ЗНАЧАЈНОГ РИЗИКА,NO SIGNIFICANT RISK,HIGH,ECMWF ENS,ECMWF ENS | ICON-EU EPS | GEFS,0.0,3,0.0,0,0,0,0,GREEN,БЕЗ ЗНАЧАЈНОГ РИЗИКА,NO SIGNIFICANT RISK,HIGH,ECMWF ENS,ECMWF ENS | ICON-EU EPS | GEFS,0.0,3,0.0,0,0,0,0,GREEN,БЕЗ ЗНАЧАЈНОГ РИЗИКА,NO SIGNIFICANT RISK,HIGH,ECMWF ENS,ECMWF ENS | ICON-EU EPS | GEFS,0.0,3,0.0,0,0,0,0,GREEN,БЕЗ ЗНАЧАЈНОГ РИЗИКА,NO SIGNIFICANT RISK,HIGH,ECMWF ENS,ECMWF ENS | ICON-EU EPS | GEFS,0,GREEN,БЕЗ ЗНАЧАЈНОГ РИЗИКА,NO SIGNIFICANT RISK,NONE,HIGH,12,2026-08-21T06:00:00+00:00,2026-08-21T18:00:00+00:00,STORMS,EXPERIMENTAL,DEVELOPMENTAL MULTIMODEL SIGNAL - NOT CALIBRATED PROBABILITY,PUBLIC OPEN-DATA SERVICES,INDEPENDENT PROJECT - NOT AN OFFICIAL RHMZ WARNING PRODUCT
71048,JAGODINA-GRAD,JAGODINA-GRAD,ЈАГОДИНА-ГРАД,0.0,0.0,0.0,0.0,1.0,8.516375469310308,57.532012939453125,10,42,2026-08-21T18:00:00Z,2026-08-20T00:00:00Z,0.0,0.0,0.0,55.6,0.0,7.8,10,0.0,0.0,10,0.0,0.0,8.4,0.0,0.0,0.0,0.0,0.0,0.0,0.0,3,0.0,0,0,0,0,GREEN,БЕЗ ЗНАЧАЈНОГ РИЗИКА,NO SIGNIFICANT RISK,HIGH,ECMWF ENS,ECMWF ENS | ICON-EU EPS | GEFS,0.0,3,0.0,0,0,0,0,GREEN,БЕЗ ЗНАЧАЈНОГ РИЗИКА,NO SIGNIFICANT RISK,HIGH,ECMWF ENS,ECMWF ENS | ICON-EU EPS | GEFS,0.0,3,0.0,0,0,0,0,GREEN,БЕЗ ЗНАЧАЈНОГ РИЗИКА,NO SIGNIFICANT RISK,HIGH,ECMWF ENS,ECMWF ENS | ICON-EU EPS | GEFS,0.0,3,0.0,0,0,0,0,GREEN,БЕЗ ЗНАЧАЈНОГ РИЗИКА,NO SIGNIFICANT RISK,HIGH,ECMWF ENS,ECMWF ENS | ICON-EU EPS | GEFS,0,GREEN,БЕЗ ЗНАЧАЈНОГ РИЗИКА,NO SIGNIFICANT RISK,NONE,HIGH,12,2026-08-21T06:00:00+00:00,2026-08-21T18:00:00+00:00,STORMS,EXPERIMENTAL,DEVELOPMENTAL MULTIMODEL SIGNAL - NOT CALIBRATED PROBABILITY,PUBLIC OPEN-DATA SERVICES,INDEPENDENT PROJECT - NOT AN OFFICIAL RHMZ WARNING PRODUCT
70769,LJIG,LJIG,ЉИГ,0.0,0.0,0.0,0.0,0.0,6.873549644765628,52.20000076293945,8,42,2026-08-21T18:00:00Z,2026-08-20T00:00:00Z,0.0,0.0,4.5,51.7,0.0,4.8,8,0.0,0.0,12,0.0,0.0,7.5,0.0,0.0,0.0,0.0,0.0,0.0,0.0,3,0.0,0,0,0,0,GREEN,БЕЗ ЗНАЧАЈНОГ РИЗИКА,NO SIGNIFICANT RISK,HIGH,ECMWF ENS,ECMWF ENS | ICON-EU EPS | GEFS,0.0,3,0.0,0,0,0,0,GREEN,БЕЗ ЗНАЧАЈНОГ РИЗИКА,NO SIGNIFICANT RISK,HIGH,ECMWF ENS,ECMWF ENS | ICON-EU EPS | GEFS,0.0,3,0.0,0,0,0,0,GREEN,БЕЗ ЗНАЧАЈНОГ РИЗИКА,NO SIGNIFICANT RISK,HIGH,ECMWF ENS,ECMWF ENS | ICON-EU EPS | GEFS,0.0,3,0.0,0,0,0,0,GREEN,БЕЗ ЗНАЧАЈНОГ РИЗИКА,NO SIGNIFICANT RISK,HIGH,ECMWF ENS,ECMWF ENS | ICON-EU EPS | GEFS,0,GREEN,БЕЗ ЗНАЧАЈНОГ РИЗИКА,NO SIGNIFICANT RISK,NONE,HIGH,12,2026-08-21T06:00:00+00:00,2026-08-21T18:00:00+00:00,STORMS,EXPERIMENTAL,DEVELOPMENTAL MULTIMODEL SIGNAL - NOT CALIBRATED PROBABILITY,PUBLIC OPEN-DATA SERVICES,INDEPENDENT PROJECT - NOT AN OFFICIAL RHMZ WARNING PRODUCT
70777,LJUBOVIJA,LJUBOVIJA,ЉУБОВИЈА,0.0,0.0,0.0,0.0,0.0,8.787694751295158,51.80000114440918,9,42,2026-08-21T18:00:00Z,2026-08-20T00:00:00Z,0.0,0.0,286.9,56.5,0.0,8.8,9,0.0,0.0,10,5.3,0.0,7.1,0.0,0.0,0.0,0.0,0.0,0.0,0.0,3,0.0,0,0,0,0,GREEN,БЕЗ ЗНАЧАЈНОГ РИЗИКА,NO SIGNIFICANT RISK,HIGH,ECMWF ENS,ECMWF ENS | ICON-EU EPS | GEFS,0.0,3,0.0,0,0,0,0,GREEN,БЕЗ ЗНАЧАЈНОГ РИЗИКА,NO SIGNIFICANT RISK,HIGH,ECMWF ENS,ECMWF ENS | ICON-EU EPS | GEFS,0.0,3,0.0,0,0,0,0,GREEN,БЕЗ ЗНАЧАЈНОГ РИЗИКА,NO SIGNIFICANT RISK,HIGH,ECMWF ENS,ECMWF ENS | ICON-EU EPS | GEFS,0.0,3,0.0,0,0,0,0,GREEN,БЕЗ ЗНАЧАЈНОГ РИЗИКА,NO SIGNIFICANT RISK,HIGH,ECMWF ENS,ECMWF ENS | ICON-EU EPS | GEFS,0,GREEN,БЕЗ ЗНАЧАЈНОГ РИЗИКА,NO SIGNIFICANT RISK,NONE,HIGH,12,2026-08-21T06:00:00+00:00,2026-08-21T18:00:00+00:00,STORMS,EXPERIMENTAL,DEVELOPMENTAL MULTIMODEL SIGNAL - NOT CALIBRATED PROBABILITY,PUBLIC OPEN-DATA SERVICES,INDEPENDENT PROJECT - NOT AN OFFICIAL RHMZ WARNING PRODUCT
71196,ĆIĆEVAC,ĆIĆEVAC,ЋИЋЕВАЦ,0.0,0.0,0.0,0.0,1.0,8.478083089547889,55.70870971679688,6,42,2026-08-21T18:00:00Z,2026-08-20T00:00:00Z,0.0,0.0,0.0,54.2,0.0,5.3,6,0.0,0.0,12,8.4,0.0,6.1,0.0,0.0,0.0,0.0,0.0,0.0,0.0,3,0.0,0,0,0,0,GREEN,БЕЗ ЗНАЧАЈНОГ РИЗИКА,NO SIGNIFICANT RISK,HIGH,ECMWF ENS,ECMWF ENS | ICON-EU EPS | GEFS,0.0,3,0.0,0,0,0,0,GREEN,БЕЗ ЗНАЧАЈНОГ РИЗИКА,NO SIGNIFICANT RISK,HIGH,ECMWF ENS,ECMWF ENS | ICON-EU EPS | GEFS,0.0,3,0.0,0,0,0,0,GREEN,БЕЗ ЗНАЧАЈНОГ РИЗИКА,NO SIGNIFICANT RISK,HIGH,ECMWF ENS,ECMWF ENS | ICON-EU EPS | GEFS,0.0,3,0.0,0,0,0,0,GREEN,БЕЗ ЗНАЧАЈНОГ РИЗИКА,NO SIGNIFICANT RISK,HIGH,ECMWF ENS,ECMWF ENS | ICON-EU EPS | GEFS,0,GREEN,БЕЗ ЗНАЧАЈНОГ РИЗИКА,NO SIGNIFICANT RISK,NONE,HIGH,12,2026-08-21T06:00:00+00:00,2026-08-21T18:00:00+00:00,STORMS,EXPERIMENTAL,DEVELOPMENTAL MULTIMODEL SIGNAL - NOT CALIBRATED PROBABILITY,PUBLIC OPEN-DATA SERVICES,INDEPENDENT PROJECT - NOT AN OFFICIAL RHMZ WARNING PRODUCT
71200,ĆUPRIJA,ĆUPRIJA,ЋУПРИЈА,0.0,0.0,0.0,0.0,1.0,9.817742864629716,57.532012939453125,8,42,2026-08-21T18:00:00Z,2026-08-20T00:00:00Z,0.0,0.0,42.2,56.4,0.0,6.7,8,0.0,0.0,10,3.0,0.0,8.1,0.0,0.0,0.0,0.0,0.0,0.0,0.0,3,0.0,0,0,0,0,GREEN,БЕЗ ЗНАЧАЈНОГ РИЗИКА,NO SIGNIFICANT RISK,HIGH,ECMWF ENS,ECMWF ENS | ICON-EU EPS | GEFS,0.0,3,0.0,0,0,0,0,GREEN,БЕЗ ЗНАЧАЈНОГ РИЗИКА,NO SIGNIFICANT RISK,HIGH,ECMWF ENS,ECMWF ENS | ICON-EU EPS | GEFS,0.0,3,0.0,0,0,0,0,GREEN,БЕЗ ЗНАЧАЈНОГ РИЗИКА,NO SIGNIFICANT RISK,HIGH,ECMWF ENS,ECMWF ENS | ICON-EU EPS | GEFS,0.0,3,0.0,0,0,0,0,GREEN,БЕЗ ЗНАЧАЈНОГ РИЗИКА,NO SIGNIFICANT RISK,HIGH,ECMWF ENS,ECMWF ENS | ICON-EU EPS | GEFS,0,GREEN,БЕЗ ЗНАЧАЈНОГ РИЗИКА,NO SIGNIFICANT RISK,NONE,HIGH,12,2026-08-21T06:00:00+00:00,2026-08-21T18:00:00+00:00,STORMS,EXPERIMENTAL,DEVELOPMENTAL MULTIMODEL SIGNAL - NOT CALIBRATED PROBABILITY,PUBLIC OPEN-DATA SERVICES,INDEPENDENT PROJECT - NOT AN OFFICIAL RHMZ WARNING PRODUCT
80012,ADA,ADA,АДА,0.0,0.0,0.0,0.0,0.0,11.40101472119638,56.0,6,42,2026-08-21T18:00:00Z,2026-08-20T00:00:00Z,0.0,0.0,0.0,73.3,0.0,12.2,6,0.0,0.0,11,0.0,0.0,12.2,0.0,0.0,0.0,0.0,0.0,0.0,0.0,3,0.0,0,0,0,0,GREEN,БЕЗ ЗНАЧАЈНОГ РИЗИКА,NO SIGNIFICANT RISK,HIGH,ECMWF ENS,ECMWF ENS | ICON-EU EPS | GEFS,0.0,3,0.0,0,0,0,0,GREEN,БЕЗ ЗНАЧАЈНОГ РИЗИКА,NO SIGNIFICANT RISK,HIGH,ECMWF ENS,ECMWF ENS | ICON-EU EPS | GEFS,0.0,3,0.0,0,0,0,0,GREEN,БЕЗ ЗНАЧАЈНОГ РИЗИКА,NO SIGNIFICANT RISK,HIGH,ECMWF ENS,ECMWF ENS | ICON-EU EPS | GEFS,0.0,3,0.0,0,0,0,0,GREEN,БЕЗ ЗНАЧАЈНОГ РИЗИКА,NO SIGNIFICANT RISK,HIGH,ECMWF ENS,ECMWF ENS | ICON-EU EPS | GEFS,0,GREEN,БЕЗ ЗНАЧАЈНОГ РИЗИКА,NO SIGNIFICANT RISK,NONE,HIGH,12,2026-08-21T06:00:00+00:00,2026-08-21T18:00:00+00:00,STORMS,EXPERIMENTAL,DEVELOPMENTAL MULTIMODEL SIGNAL - NOT CALIBRATED PROBABILITY,PUBLIC OPEN-DATA SERVICES,INDEPENDENT PROJECT - NOT AN OFFICIAL RHMZ WARNING PRODUCT
70017,ALEKSANDROVAC,ALEKSANDROVAC,АЛЕКСАНДРОВАЦ,0.0,0.0,0.0,0.0,4.0,7.5049714265045155,55.31832313537598,11,42,2026-08-21T18:00:00Z,2026-08-20T00:00:00Z,0.0,0.0,289.0,58.4,0.0,6.2,11,0.0,0.0,12,0.0,0.0,6.8,0.0,0.0,0.0,0.0,0.0,0.0,0.0,3,0.0,0,0,0,0,GREEN,БЕЗ ЗНАЧАЈНОГ РИЗИКА,NO SIGNIFICANT RISK,HIGH,ECMWF ENS,ECMWF ENS | ICON-EU EPS | GEFS,0.0,3,0.0,0,0,0,0,GREEN,БЕЗ ЗНАЧАЈНОГ РИЗИКА,NO SIGNIFICANT RISK,HIGH,ECMWF ENS,ECMWF ENS | ICON-EU EPS | GEFS,0.0,3,0.0,0,0,0,0,GREEN,БЕЗ ЗНАЧАЈНОГ РИЗИКА,NO SIGNIFICANT RISK,HIGH,ECMWF ENS,ECMWF ENS | ICON-EU EPS | GEFS,0.0,3,0.0,0,0,0,0,GREEN,БЕЗ ЗНАЧАЈНОГ РИЗИКА,NO SIGNIFICANT RISK,HIGH,ECMWF ENS,ECMWF ENS | ICON-EU EPS | GEFS,0,GREEN,БЕЗ ЗНАЧАЈНОГ РИЗИКА,NO SIGNIFICANT RISK,NONE,HIGH,12,2026-08-21T06:00:00+00:00,2026-08-21T18:00:00+00:00,STORMS,EXPERIMENTAL,DEVELOPMENTAL MULTIMODEL SIGNAL - NOT CALIBRATED PROBABILITY,PUBLIC OPEN-DATA SERVICES,INDEPENDENT PROJECT - NOT AN OFFICIAL RHMZ WARNING PRODUCT
70025,ALEKSINAC,ALEKSINAC,АЛЕКСИНАЦ,0.0,0.0,0.0,0.0,2.0,9.048693541968484,57.20648193359375,11,42,2026-08-21T18:00:00Z,2026-08-20T00:00:00Z,0.0,0.0,79.6,63.0,0.0,4.0,11,0.0,0.0,10,57.1,0.0,4.7,0.0,0.0,0.0,0.0,0.0,0.0,0.0,3,0.0,0,0,0,0,GREEN,БЕЗ ЗНАЧАЈНОГ РИЗИКА,NO SIGNIFICANT RISK,HIGH,ECMWF ENS,ECMWF ENS | ICON-EU EPS | GEFS,0.0,3,0.0,0,0,0,0,GREEN,БЕЗ ЗНАЧАЈНОГ РИЗИКА,NO SIGNIFICANT RISK,HIGH,ECMWF ENS,ECMWF ENS | ICON-EU EPS | GEFS,0.0,3,0.0,0,0,0,0,GREEN,БЕЗ ЗНАЧАЈНОГ РИЗИКА,NO SIGNIFICANT RISK,HIGH,ECMWF ENS,ECMWF ENS | ICON-EU EPS | GEFS,0.0,3,0.0,0,0,0,0,GREEN,БЕЗ ЗНАЧАЈНОГ РИЗИКА,NO SIGNIFICANT RISK,HIGH,ECMWF ENS,ECMWF ENS | ICON-EU EPS | GEFS,0,GREEN,БЕЗ ЗНАЧАЈНОГ РИЗИКА,NO SIGNIFICANT RISK,NONE,HIGH,12,2026-08-21T06:00:00+00:00,2026-08-21T18:00:00+00:00,STORMS,EXPERIMENTAL,DEVELOPMENTAL MULTIMODEL SIGNAL - NOT CALIBRATED PROBABILITY,PUBLIC OPEN-DATA SERVICES,INDEPENDENT PROJECT - NOT AN OFFICIAL RHMZ WARNING PRODUCT
80039,ALIBUNAR,ALIBUNAR,АЛИБУНАР,0.0,0.0,0.0,0.0,0.0,9.455007940968049,58.71330165863037,9,42,2026-08-21T18:00:00Z,2026-08-20T00:00:00Z,0.0,0.0,0.0,56.4,0.0,7.7,9,0.0,0.0,12,0.0,0.0,8.2,0.0,0.0,0.0,0.0,0.0,0.0,0.0,3,0.0,0,0,0,0,GREEN,БЕЗ ЗНАЧАЈНОГ РИЗИКА,NO SIGNIFICANT RISK,HIGH,ECMWF ENS,ECMWF ENS | ICON-EU EPS | GEFS,0.0,3,0.0,0,0,0,0,GREEN,БЕЗ ЗНАЧАЈНОГ РИЗИКА,NO SIGNIFICANT RISK,HIGH,ECMWF ENS,ECMWF ENS | ICON-EU EPS | GEFS,0.0,3,0.0,0,0,0,0,GREEN,БЕЗ ЗНАЧАЈНОГ РИЗИКА,NO SIGNIFICANT RISK,HIGH,ECMWF ENS,ECMWF ENS | ICON-EU EPS | GEFS,0.0,3,0.0,0,0,0,0,GREEN,БЕЗ ЗНАЧАЈНОГ РИЗИКА,NO SIGNIFICANT RISK,HIGH,ECMWF ENS,ECMWF ENS | ICON-EU EPS | GEFS,0,GREEN,БЕЗ ЗНАЧАЈНОГ РИЗИКА,NO SIGNIFICANT RISK,NONE,HIGH,12,2026-08-21T06:00:00+00:00,2026-08-21T18:00:00+00:00,STORMS,EXPERIMENTAL,DEVELOPMENTAL MULTIMODEL SIGNAL - NOT CALIBRATED PROBABILITY,PUBLIC OPEN-DATA SERVICES,INDEPENDENT PROJECT - NOT AN OFFICIAL RHMZ WARNING PRODUCT
80047,APATIN,APATIN,АПАТИН,0.0,0.0,0.0,0.0,18.0,11.646747534898216,71.338303565979,6,42,2026-08-21T18:00:00Z,2026-08-20T00:00:00Z,26.0,26.0,720.4,78.4,0.0,14.0,6,0.0,0.0,12,213.1,0.0,16.2,34.0,4.0,0.0,0.0,0.0,0.0,8.7,3,26.0,1,0,0,0,GREEN,БЕЗ ЗНАЧАЈНОГ РИЗИКА,NO SIGNIFICANT RISK,MODERATE,ECMWF ENS,ECMWF ENS | ICON-EU EPS | GEFS,11.3,3,34.0,1,0,0,1,YELLOW,ПОВИШЕН,ELEVATED,MODERATE,ECMWF ENS,ECMWF ENS | ICON-EU EPS | GEFS,1.3,3,4.0,0,0,0,0,GREEN,БЕЗ ЗНАЧАЈНОГ РИЗИКА,NO SIGNIFICANT RISK,HIGH,ECMWF ENS,ECMWF ENS | ICON-EU EPS | GEFS,0.0,3,0.0,0,0,0,0,GREEN,БЕЗ ЗНАЧАЈНОГ РИЗИКА,NO SIGNIFICANT RISK,HIGH,ECMWF ENS,ECMWF ENS | ICON-EU EPS | GEFS,1,YELLOW,ПОВИШЕН,ELEVATED,HAIL,MODERATE,12,2026-08-21T06:00:00+00:00,2026-08-21T18:00:00+00:00,STORMS,EXPERIMENTAL,DEVELOPMENTAL MULTIMODEL SIGNAL - NOT CALIBRATED PROBABILITY,PUBLIC OPEN-DATA SERVICES,INDEPENDENT PROJECT - NOT AN OFFICIAL RHMZ WARNING PRODUCT
70033,ARANĐELOVAC,ARANĐELOVAC,АРАНЂЕЛОВАЦ,0.0,0.0,0.0,0.0,0.0,6.873549644765628,56.033522605896,7,42,2026-08-21T18:00:00Z,2026-08-20T00:00:00Z,0.0,0.0,4.5,51.7,0.0,4.8,7,0.0,0.0,13,0.0,0.0,7.3,0.0,0.0,0.0,0.0,0.0,0.0,0.0,3,0.0,0,0,0,0,GREEN,БЕЗ ЗНАЧАЈНОГ РИЗИКА,NO SIGNIFICANT RISK,HIGH,ECMWF ENS,ECMWF ENS | ICON-EU EPS | GEFS,0.0,3,0.0,0,0,0,0,GREEN,БЕЗ ЗНАЧАЈНОГ РИЗИКА,NO SIGNIFICANT RISK,HIGH,ECMWF ENS,ECMWF ENS | ICON-EU EPS | GEFS,0.0,3,0.0,0,0,0,0,GREEN,БЕЗ ЗНАЧАЈНОГ РИЗИКА,NO SIGNIFICANT RISK,HIGH,ECMWF ENS,ECMWF ENS | ICON-EU EPS | GEFS,0.0,3,0.0,0,0,0,0,GREEN,БЕЗ ЗНАЧАЈНОГ РИЗИКА,NO SIGNIFICANT RISK,HIGH,ECMWF ENS,ECMWF ENS | ICON-EU EPS | GEFS,0,GREEN,БЕЗ ЗНАЧАЈНОГ РИЗИКА,NO SIGNIFICANT RISK,NONE,HIGH,12,2026-08-21T06:00:00+00:00,2026-08-21T18:00:00+00:00,STORMS,EXPERIMENTAL,DEVELOPMENTAL MULTIMODEL SIGNAL - NOT CALIBRATED PROBABILITY,PUBLIC OPEN-DATA SERVICES,INDEPENDENT PROJECT - NOT AN OFFICIAL RHMZ WARNING PRODUCT
70041,ARILJE,ARILJE,АРИЉЕ,0.0,0.0,0.0,0.0,0.0,6.54474380950542,52.95000076293945,8,42,2026-08-21T18:00:00Z,2026-08-20T00:00:00Z,0.0,0.0,272.5,43.7,0.0,4.8,8,0.0,0.0,11,0.0,0.0,5.6,0.0,0.0,0.0,0.0,0.0,0.0,0.0,3,0.0,0,0,0,0,GREEN,БЕЗ ЗНАЧАЈНОГ РИЗИКА,NO SIGNIFICANT RISK,HIGH,ECMWF ENS,ECMWF ENS | ICON-EU EPS | GEFS,0.0,3,0.0,0,0,0,0,GREEN,БЕЗ ЗНАЧАЈНОГ РИЗИКА,NO SIGNIFICANT RISK,HIGH,ECMWF ENS,ECMWF ENS | ICON-EU EPS | GEFS,0.0,3,0.0,0,0,0,0,GREEN,БЕЗ ЗНАЧАЈНОГ РИЗИКА,NO SIGNIFICANT RISK,HIGH,ECMWF ENS,ECMWF ENS | ICON-EU EPS | GEFS,0.0,3,0.0,0,0,0,0,GREEN,БЕЗ ЗНАЧАЈНОГ РИЗИКА,NO SIGNIFICANT RISK,HIGH,ECMWF ENS,ECMWF ENS | ICON-EU EPS | GEFS,0,GREEN,БЕЗ ЗНАЧАЈНОГ РИЗИКА,NO SIGNIFICANT RISK,NONE,HIGH,12,2026-08-21T06:00:00+00:00,2026-08-21T18:00:00+00:00,STORMS,EXPERIMENTAL,DEVELOPMENTAL MULTIMODEL SIGNAL - NOT CALIBRATED PROBABILITY,PUBLIC OPEN-DATA SERVICES,INDEPENDENT PROJECT - NOT AN OFFICIAL RHMZ WARNING PRODUCT
70068,BAJINA BAŠTA,BAJINA BAŠTA,БАЈИНА БАШТА,0.0,0.0,0.0,0.0,0.0,6.7006761959606616,49.4803991317749,10,42,2026-08-21T18:00:00Z,2026-08-20T00:00:00Z,0.0,0.0,138.8,51.7,0.0,8.5,10,0.0,0.0,11,0.0,0.0,5.9,0.0,0.0,0.0,0.0,0.0,0.0,0.0,3,0.0,0,0,0,0,GREEN,БЕЗ ЗНАЧАЈНОГ РИЗИКА,NO SIGNIFICANT RISK,HIGH,ECMWF ENS,ECMWF ENS | ICON-EU EPS | GEFS,0.0,3,0.0,0,0,0,0,GREEN,БЕЗ ЗНАЧАЈНОГ РИЗИКА,NO SIGNIFICANT RISK,HIGH,ECMWF ENS,ECMWF ENS | ICON-EU EPS | GEFS,0.0,3,0.0,0,0,0,0,GREEN,БЕЗ ЗНАЧАЈНОГ РИЗИКА,NO SIGNIFICANT RISK,HIGH,ECMWF ENS,ECMWF ENS | ICON-EU EPS | GEFS,0.0,3,0.0,0,0,0,0,GREEN,БЕЗ ЗНАЧАЈНОГ РИЗИКА,NO SIGNIFICANT RISK,HIGH,ECMWF ENS,ECMWF ENS | ICON-EU EPS | GEFS,0,GREEN,БЕЗ ЗНАЧАЈНОГ РИЗИКА,NO SIGNIFICANT RISK,NONE,HIGH,12,2026-08-21T06:00:00+00:00,2026-08-21T18:00:00+00:00,STORMS,EXPERIMENTAL,DEVELOPMENTAL MULTIMODEL SIGNAL - NOT CALIBRATED PROBABILITY,PUBLIC OPEN-DATA SERVICES,INDEPENDENT PROJECT - NOT AN OFFICIAL RHMZ WARNING PRODUCT
70050,BABUŠNICA,BABUŠNICA,БАБУШНИЦА,0.0,0.0,0.0,0.0,0.0,7.909257273059958,57.44999885559082,9,42,2026-08-21T18:00:00Z,2026-08-20T00:00:00Z,0.0,0.0,938.2,67.0,0.0,1.7,9,0.0,0.0,13,320.1,0.0,4.1,0.0,0.0,0.0,0.0,0.0,0.0,0.0,3,0.0,0,0,0,0,GREEN,БЕЗ ЗНАЧАЈНОГ РИЗИКА,NO SIGNIFICANT RISK,HIGH,ECMWF ENS,ECMWF ENS | ICON-EU EPS | GEFS,0.0,3,0.0,0,0,0,0,GREEN,БЕЗ ЗНАЧАЈНОГ РИЗИКА,NO SIGNIFICANT RISK,HIGH,ECMWF ENS,ECMWF ENS | ICON-EU EPS | GEFS,0.0,3,0.0,0,0,0,0,GREEN,БЕЗ ЗНАЧАЈНОГ РИЗИКА,NO SIGNIFICANT RISK,HIGH,ECMWF ENS,ECMWF ENS | ICON-EU EPS | GEFS,0.0,3,0.0,0,0,0,0,GREEN,БЕЗ ЗНАЧАЈНОГ РИЗИКА,NO SIGNIFICANT RISK,HIGH,ECMWF ENS,ECMWF ENS | ICON-EU EPS | GEFS,0,GREEN,БЕЗ ЗНАЧАЈНОГ РИЗИКА,NO SIGNIFICANT RISK,NONE,HIGH,12,2026-08-21T06:00:00+00:00,2026-08-21T18:00:00+00:00,STORMS,EXPERIMENTAL,DEVELOPMENTAL MULTIMODEL SIGNAL - NOT CALIBRATED PROBABILITY,PUBLIC OPEN-DATA SERVICES,INDEPENDENT PROJECT - NOT AN OFFICIAL RHMZ WARNING PRODUCT
70076,BATOČINA,BATOČINA,БАТОЧИНА,0.0,0.0,0.0,0.0,1.0,6.5675356437263455,57.532012939453125,6,42,2026-08-21T18:00:00Z,2026-08-20T00:00:00Z,0.0,0.0,0.0,49.8,0.0,6.1,6,0.0,0.0,10,0.0,0.0,8.5,0.0,0.0,0.0,0.0,0.0,0.0,0.0,3,0.0,0,0,0,0,GREEN,БЕЗ ЗНАЧАЈНОГ РИЗИКА,NO SIGNIFICANT RISK,HIGH,ECMWF ENS,ECMWF ENS | ICON-EU EPS | GEFS,0.0,3,0.0,0,0,0,0,GREEN,БЕЗ ЗНАЧАЈНОГ РИЗИКА,NO SIGNIFICANT RISK,HIGH,ECMWF ENS,ECMWF ENS | ICON-EU EPS | GEFS,0.0,3,0.0,0,0,0,0,GREEN,БЕЗ ЗНАЧАЈНОГ РИЗИКА,NO SIGNIFICANT RISK,HIGH,ECMWF ENS,ECMWF ENS | ICON-EU EPS | GEFS,0.0,3,0.0,0,0,0,0,GREEN,БЕЗ ЗНАЧАЈНОГ РИЗИКА,NO SIGNIFICANT RISK,HIGH,ECMWF ENS,ECMWF ENS | ICON-EU EPS | GEFS,0,GREEN,БЕЗ ЗНАЧАЈНОГ РИЗИКА,NO SIGNIFICANT RISK,NONE,HIGH,12,2026-08-21T06:00:00+00:00,2026-08-21T18:00:00+00:00,STORMS,EXPERIMENTAL,DEVELOPMENTAL MULTIMODEL SIGNAL - NOT CALIBRATED PROBABILITY,PUBLIC OPEN-DATA SERVICES,INDEPENDENT PROJECT - NOT AN OFFICIAL RHMZ WARNING PRODUCT
80055,BAČ,BAČ,БАЧ,0.0,0.0,0.0,0.0,17.0,11.62754290744763,71.04999923706055,8,42,2026-08-21T18:00:00Z,2026-08-20T00:00:00Z,34.0,32.0,584.5,69.6,0.0,14.2,8,0.0,0.0,12,40.1,0.0,14.5,24.0,6.0,0.0,0.0,0.0,0.0,11.3,3,34.0,1,0,0,1,YELLOW,ПОВИШЕН,ELEVATED,MODERATE,ECMWF ENS,ECMWF ENS | ICON-EU EPS | GEFS,8.0,3,24.0,1,0,0,0,GREEN,БЕЗ ЗНАЧАЈНОГ РИЗИКА,NO SIGNIFICANT RISK,MODERATE,ECMWF ENS,ECMWF ENS | ICON-EU EPS | GEFS,2.0,3,6.0,0,0,0,0,GREEN,БЕЗ ЗНАЧАЈНОГ РИЗИКА,NO SIGNIFICANT RISK,HIGH,ECMWF ENS,ECMWF ENS | ICON-EU EPS | GEFS,0.0,3,0.0,0,0,0,0,GREEN,БЕЗ ЗНАЧАЈНОГ РИЗИКА,NO SIGNIFICANT RISK,HIGH,ECMWF ENS,ECMWF ENS | ICON-EU EPS | GEFS,1,YELLOW,ПОВИШЕН,ELEVATED,THUNDER,MODERATE,12,2026-08-21T06:00:00+00:00,2026-08-21T18:00:00+00:00,STORMS,EXPERIMENTAL,DEVELOPMENTAL MULTIMODEL SIGNAL - NOT CALIBRATED PROBABILITY,PUBLIC OPEN-DATA SERVICES,INDEPENDENT PROJECT - NOT AN OFFICIAL RHMZ WARNING PRODUCT
80063,BAČKA PALANKA,BAČKA PALANKA,БАЧКА ПАЛАНКА,0.0,0.0,0.0,0.0,0.0,11.62754290744763,62.84999847412109,9,42,2026-08-21T18:00:00Z,2026-08-20T00:00:00Z,18.0,16.0,140.6,71.5,0.0,13.0,9,0.0,0.0,12,0.0,0.0,12.7,6.0,0.0,0.0,0.0,0.0,0.0,6.0,3,18.0,1,0,0,0,GREEN,БЕЗ ЗНАЧАЈНОГ РИЗИКА,NO SIGNIFICANT RISK,HIGH,ECMWF ENS,ECMWF ENS | ICON-EU EPS | GEFS,2.0,3,6.0,0,0,0,0,GREEN,БЕЗ ЗНАЧАЈНОГ РИЗИКА,NO SIGNIFICANT RISK,HIGH,ECMWF ENS,ECMWF ENS | ICON-EU EPS | GEFS,0.0,3,0.0,0,0,0,0,GREEN,БЕЗ ЗНАЧАЈНОГ РИЗИКА,NO SIGNIFICANT RISK,HIGH,ECMWF ENS,ECMWF ENS | ICON-EU EPS | GEFS,0.0,3,0.0,0,0,0,0,GREEN,БЕЗ ЗНАЧАЈНОГ РИЗИКА,NO SIGNIFICANT RISK,HIGH,ECMWF ENS,ECMWF ENS | ICON-EU EPS | GEFS,0,GREEN,БЕЗ ЗНАЧАЈНОГ РИЗИКА,NO SIGNIFICANT RISK,NONE,HIGH,12,2026-08-21T06:00:00+00:00,2026-08-21T18:00:00+00:00,STORMS,EXPERIMENTAL,DEVELOPMENTAL MULTIMODEL SIGNAL - NOT CALIBRATED PROBABILITY,PUBLIC OPEN-DATA SERVICES,INDEPENDENT PROJECT - NOT AN OFFICIAL RHMZ WARNING PRODUCT
80071,BAČKA TOPOLA,BAČKA TOPOLA,БАЧКА ТОПОЛА,0.0,0.0,0.0,0.0,6.0,12.013706464572454,65.8499984741211,8,42,2026-08-21T18:00:00Z,2026-08-20T00:00:00Z,8.0,8.0,321.6,82.1,0.0,12.4,8,0.0,0.0,10,0.0,0.0,13.9,6.0,0.0,0.0,0.0,0.0,0.0,2.7,3,8.0,0,0,0,0,GREEN,БЕЗ ЗНАЧАЈНОГ РИЗИКА,NO SIGNIFICANT RISK,HIGH,ECMWF ENS,ECMWF ENS | ICON-EU EPS | GEFS,2.0,3,6.0,0,0,0,0,GREEN,БЕЗ ЗНАЧАЈНОГ РИЗИКА,NO SIGNIFICANT RISK,HIGH,ECMWF ENS,ECMWF ENS | ICON-EU EPS | GEFS,0.0,3,0.0,0,0,0,0,GREEN,БЕЗ ЗНАЧАЈНОГ РИЗИКА,NO SIGNIFICANT RISK,HIGH,ECMWF ENS,ECMWF ENS | ICON-EU EPS | GEFS,0.0,3,0.0,0,0,0,0,GREEN,БЕЗ ЗНАЧАЈНОГ РИЗИКА,NO SIGNIFICANT RISK,HIGH,ECMWF ENS,ECMWF ENS | ICON-EU EPS | GEFS,0,GREEN,БЕЗ ЗНАЧАЈНОГ РИЗИКА,NO SIGNIFICANT RISK,NONE,HIGH,12,2026-08-21T06:00:00+00:00,2026-08-21T18:00:00+00:00,STORMS,EXPERIMENTAL,DEVELOPMENTAL MULTIMODEL SIGNAL - NOT CALIBRATED PROBABILITY,PUBLIC OPEN-DATA SERVICES,INDEPENDENT PROJECT - NOT AN OFFICIAL RHMZ WARNING PRODUCT
80080,BAČKI PETROVAC,BAČKI PETROVAC,БАЧКИ ПЕТРОВАЦ,0.0,0.0,0.0,0.0,0.0,11.62754290744763,59.353492736816406,6,42,2026-08-21T18:00:00Z,2026-08-20T00:00:00Z,6.0,6.0,45.8,78.4,0.0,10.9,6,0.0,0.0,10,0.0,0.0,11.9,0.0,0.0,0.0,0.0,0.0,0.0,2.0,3,6.0,0,0,0,0,GREEN,БЕЗ ЗНАЧАЈНОГ РИЗИКА,NO SIGNIFICANT RISK,HIGH,ECMWF ENS,ECMWF ENS | ICON-EU EPS | GEFS,0.0,3,0.0,0,0,0,0,GREEN,БЕЗ ЗНАЧАЈНОГ РИЗИКА,NO SIGNIFICANT RISK,HIGH,ECMWF ENS,ECMWF ENS | ICON-EU EPS | GEFS,0.0,3,0.0,0,0,0,0,GREEN,БЕЗ ЗНАЧАЈНОГ РИЗИКА,NO SIGNIFICANT RISK,HIGH,ECMWF ENS,ECMWF ENS | ICON-EU EPS | GEFS,0.0,3,0.0,0,0,0,0,GREEN,БЕЗ ЗНАЧАЈНОГ РИЗИКА,NO SIGNIFICANT RISK,HIGH,ECMWF ENS,ECMWF ENS | ICON-EU EPS | GEFS,0,GREEN,БЕЗ ЗНАЧАЈНОГ РИЗИКА,NO SIGNIFICANT RISK,NONE,HIGH,12,2026-08-21T06:00:00+00:00,2026-08-21T18:00:00+00:00,STORMS,EXPERIMENTAL,DEVELOPMENTAL MULTIMODEL SIGNAL - NOT CALIBRATED PROBABILITY,PUBLIC OPEN-DATA SERVICES,INDEPENDENT PROJECT - NOT AN OFFICIAL RHMZ WARNING PRODUCT
70084,BELA PALANKA,BELA PALANKA,БЕЛА ПАЛАНКА,0.0,0.0,0.0,0.0,0.0,8.689553680548725,58.43370819091797,10,42,2026-08-21T18:00:00Z,2026-08-20T00:00:00Z,2.0,0.0,862.8,65.9,0.0,3.4,10,0.0,0.0,11,223.1,0.0,4.4,0.0,0.0,0.0,0.0,0.0,0.0,0.7,3,2.0,0,0,0,0,GREEN,БЕЗ ЗНАЧАЈНОГ РИЗИКА,NO SIGNIFICANT RISK,HIGH,ECMWF ENS,ECMWF ENS | ICON-EU EPS | GEFS,0.0,3,0.0,0,0,0,0,GREEN,БЕЗ ЗНАЧАЈНОГ РИЗИКА,NO SIGNIFICANT RISK,HIGH,ECMWF ENS,ECMWF ENS | ICON-EU EPS | GEFS,0.0,3,0.0,0,0,0,0,GREEN,БЕЗ ЗНАЧАЈНОГ РИЗИКА,NO SIGNIFICANT RISK,HIGH,ECMWF ENS,ECMWF ENS | ICON-EU EPS | GEFS,0.0,3,0.0,0,0,0,0,GREEN,БЕЗ ЗНАЧАЈНОГ РИЗИКА,NO SIGNIFICANT RISK,HIGH,ECMWF ENS,ECMWF ENS | ICON-EU EPS | GEFS,0,GREEN,БЕЗ ЗНАЧАЈНОГ РИЗИКА,NO SIGNIFICANT RISK,NONE,HIGH,12,2026-08-21T06:00:00+00:00,2026-08-21T18:00:00+00:00,STORMS,EXPERIMENTAL,DEVELOPMENTAL MULTIMODEL SIGNAL - NOT CALIBRATED PROBABILITY,PUBLIC OPEN-DATA SERVICES,INDEPENDENT PROJECT - NOT AN OFFICIAL RHMZ WARNING PRODUCT
80098,BELA CRKVA,BELA CRKVA,БЕЛА ЦРКВА,0.0,0.0,0.0,0.0,0.0,10.149255097488783,60.81325149536133,8,42,2026-08-21T18:00:00Z,2026-08-20T00:00:00Z,0.0,0.0,0.0,46.4,0.0,5.2,8,0.0,0.0,10,0.0,0.0,7.4,0.0,0.0,0.0,0.0,0.0,0.0,0.0,3,0.0,0,0,0,0,GREEN,БЕЗ ЗНАЧАЈНОГ РИЗИКА,NO SIGNIFICANT RISK,HIGH,ECMWF ENS,ECMWF ENS | ICON-EU EPS | GEFS,0.0,3,0.0,0,0,0,0,GREEN,БЕЗ ЗНАЧАЈНОГ РИЗИКА,NO SIGNIFICANT RISK,HIGH,ECMWF ENS,ECMWF ENS | ICON-EU EPS | GEFS,0.0,3,0.0,0,0,0,0,GREEN,БЕЗ ЗНАЧАЈНОГ РИЗИКА,NO SIGNIFICANT RISK,HIGH,ECMWF ENS,ECMWF ENS | ICON-EU EPS | GEFS,0.0,3,0.0,0,0,0,0,GREEN,БЕЗ ЗНАЧАЈНОГ РИЗИКА,NO SIGNIFICANT RISK,HIGH,ECMWF ENS,ECMWF ENS | ICON-EU EPS | GEFS,0,GREEN,БЕЗ ЗНАЧАЈНОГ РИЗИКА,NO SIGNIFICANT RISK,NONE,HIGH,12,2026-08-21T06:00:00+00:00,2026-08-21T18:00:00+00:00,STORMS,EXPERIMENTAL,DEVELOPMENTAL MULTIMODEL SIGNAL - NOT CALIBRATED PROBABILITY,PUBLIC OPEN-DATA SERVICES,INDEPENDENT PROJECT - NOT AN OFFICIAL RHMZ WARNING PRODUCT
70092,BEOGRAD-BARAJEVO,BEOGRAD-BARAJEVO,БЕОГРАД-БАРАЈЕВО,0.0,0.0,0.0,0.0,0.0,7.767457955235272,56.01325035095215,7,42,2026-08-21T18:00:00Z,2026-08-20T00:00:00Z,0.0,0.0,0.0,54.7,0.0,7.5,7,0.0,0.0,12,0.0,0.0,7.0,0.0,0.0,0.0,0.0,0.0,0.0,0.0,3,0.0,0,0,0,0,GREEN,БЕЗ ЗНАЧАЈНОГ РИЗИКА,NO SIGNIFICANT RISK,HIGH,ECMWF ENS,ECMWF ENS | ICON-EU EPS | GEFS,0.0,3,0.0,0,0,0,0,GREEN,БЕЗ ЗНАЧАЈНОГ РИЗИКА,NO SIGNIFICANT RISK,HIGH,ECMWF ENS,ECMWF ENS | ICON-EU EPS | GEFS,0.0,3,0.0,0,0,0,0,GREEN,БЕЗ ЗНАЧАЈНОГ РИЗИКА,NO SIGNIFICANT RISK,HIGH,ECMWF ENS,ECMWF ENS | ICON-EU EPS | GEFS,0.0,3,0.0,0,0,0,0,GREEN,БЕЗ ЗНАЧАЈНОГ РИЗИКА,NO SIGNIFICANT RISK,HIGH,ECMWF ENS,ECMWF ENS | ICON-EU EPS | GEFS,0,GREEN,БЕЗ ЗНАЧАЈНОГ РИЗИКА,NO SIGNIFICANT RISK,NONE,HIGH,12,2026-08-21T06:00:00+00:00,2026-08-21T18:00:00+00:00,STORMS,EXPERIMENTAL,DEVELOPMENTAL MULTIMODEL SIGNAL - NOT CALIBRATED PROBABILITY,PUBLIC OPEN-DATA SERVICES,INDEPENDENT PROJECT - NOT AN OFFICIAL RHMZ WARNING PRODUCT
70106,BEOGRAD-VOŽDOVAC,BEOGRAD-VOŽDOVAC,БЕОГРАД-ВОЖДОВАЦ,0.0,0.0,0.0,0.0,0.0,8.487409434604148,56.01325035095215,7,42,2026-08-21T18:00:00Z,2026-08-20T00:00:00Z,0.0,0.0,0.0,57.6,0.0,7.5,7,0.0,0.0,10,0.0,0.0,7.4,0.0,0.0,0.0,0.0,0.0,0.0,0.0,3,0.0,0,0,0,0,GREEN,БЕЗ ЗНАЧАЈНОГ РИЗИКА,NO SIGNIFICANT RISK,HIGH,ECMWF ENS,ECMWF ENS | ICON-EU EPS | GEFS,0.0,3,0.0,0,0,0,0,GREEN,БЕЗ ЗНАЧАЈНОГ РИЗИКА,NO SIGNIFICANT RISK,HIGH,ECMWF ENS,ECMWF ENS | ICON-EU EPS | GEFS,0.0,3,0.0,0,0,0,0,GREEN,БЕЗ ЗНАЧАЈНОГ РИЗИКА,NO SIGNIFICANT RISK,HIGH,ECMWF ENS,ECMWF ENS | ICON-EU EPS | GEFS,0.0,3,0.0,0,0,0,0,GREEN,БЕЗ ЗНАЧАЈНОГ РИЗИКА,NO SIGNIFICANT RISK,HIGH,ECMWF ENS,ECMWF ENS | ICON-EU EPS | GEFS,0,GREEN,БЕЗ ЗНАЧАЈНОГ РИЗИКА,NO SIGNIFICANT RISK,NONE,HIGH,12,2026-08-21T06:00:00+00:00,2026-08-21T18:00:00+00:00,STORMS,EXPERIMENTAL,DEVELOPMENTAL MULTIMODEL SIGNAL - NOT CALIBRATED PROBABILITY,PUBLIC OPEN-DATA SERVICES,INDEPENDENT PROJECT - NOT AN OFFICIAL RHMZ WARNING PRODUCT
70114,BEOGRAD-VRAČAR,BEOGRAD-VRAČAR,БЕОГРАД-ВРАЧАР,0.0,0.0,0.0,0.0,0.0,8.487409434604148,54.79999923706055,4,42,2026-08-21T18:00:00Z,2026-08-20T00:00:00Z,0.0,0.0,0.0,57.6,0.0,7.5,4,0.0,0.0,11,0.0,0.0,8.2,0.0,0.0,0.0,0.0,0.0,0.0,0.0,3,0.0,0,0,0,0,GREEN,БЕЗ ЗНАЧАЈНОГ РИЗИКА,NO SIGNIFICANT RISK,HIGH,ECMWF ENS,ECMWF ENS | ICON-EU EPS | GEFS,0.0,3,0.0,0,0,0,0,GREEN,БЕЗ ЗНАЧАЈНОГ РИЗИКА,NO SIGNIFICANT RISK,HIGH,ECMWF ENS,ECMWF ENS | ICON-EU EPS | GEFS,0.0,3,0.0,0,0,0,0,GREEN,БЕЗ ЗНАЧАЈНОГ РИЗИКА,NO SIGNIFICANT RISK,HIGH,ECMWF ENS,ECMWF ENS | ICON-EU EPS | GEFS,0.0,3,0.0,0,0,0,0,GREEN,БЕЗ ЗНАЧАЈНОГ РИЗИКА,NO SIGNIFICANT RISK,HIGH,ECMWF ENS,ECMWF ENS | ICON-EU EPS | GEFS,0,GREEN,БЕЗ ЗНАЧАЈНОГ РИЗИКА,NO SIGNIFICANT RISK,NONE,HIGH,12,2026-08-21T06:00:00+00:00,2026-08-21T18:00:00+00:00,STORMS,EXPERIMENTAL,DEVELOPMENTAL MULTIMODEL SIGNAL - NOT CALIBRATED PROBABILITY,PUBLIC OPEN-DATA SERVICES,INDEPENDENT PROJECT - NOT AN OFFICIAL RHMZ WARNING PRODUCT
70122,BEOGRAD-GROCKA,BEOGRAD-GROCKA,БЕОГРАД-ГРОЦКА,0.0,0.0,0.0,0.0,0.0,8.487409434604148,58.0,9,42,2026-08-21T18:00:00Z,2026-08-20T00:00:00Z,0.0,0.0,0.0,57.6,0.0,7.5,9,0.0,0.0,10,0.0,0.0,7.4,0.0,0.0,0.0,0.0,0.0,0.0,0.0,3,0.0,0,0,0,0,GREEN,БЕЗ ЗНАЧАЈНОГ РИЗИКА,NO SIGNIFICANT RISK,HIGH,ECMWF ENS,ECMWF ENS | ICON-EU EPS | GEFS,0.0,3,0.0,0,0,0,0,GREEN,БЕЗ ЗНАЧАЈНОГ РИЗИКА,NO SIGNIFICANT RISK,HIGH,ECMWF ENS,ECMWF ENS | ICON-EU EPS | GEFS,0.0,3,0.0,0,0,0,0,GREEN,БЕЗ ЗНАЧАЈНОГ РИЗИКА,NO SIGNIFICANT RISK,HIGH,ECMWF ENS,ECMWF ENS | ICON-EU EPS | GEFS,0.0,3,0.0,0,0,0,0,GREEN,БЕЗ ЗНАЧАЈНОГ РИЗИКА,NO SIGNIFICANT RISK,HIGH,ECMWF ENS,ECMWF ENS | ICON-EU EPS | GEFS,0,GREEN,БЕЗ ЗНАЧАЈНОГ РИЗИКА,NO SIGNIFICANT RISK,NONE,HIGH,12,2026-08-21T06:00:00+00:00,2026-08-21T18:00:00+00:00,STORMS,EXPERIMENTAL,DEVELOPMENTAL MULTIMODEL SIGNAL - NOT CALIBRATED PROBABILITY,PUBLIC OPEN-DATA SERVICES,INDEPENDENT PROJECT - NOT AN OFFICIAL RHMZ WARNING PRODUCT
70149,BEOGRAD-ZVEZDARA,BEOGRAD-ZVEZDARA,БЕОГРАД-ЗВЕЗДАРА,0.0,0.0,0.0,0.0,0.0,8.487409434604148,54.79999923706055,4,42,2026-08-21T18:00:00Z,2026-08-20T00:00:00Z,0.0,0.0,0.0,57.6,0.0,7.5,4,0.0,0.0,10,0.0,0.0,7.9,0.0,0.0,0.0,0.0,0.0,0.0,0.0,3,0.0,0,0,0,0,GREEN,БЕЗ ЗНАЧАЈНОГ РИЗИКА,NO SIGNIFICANT RISK,HIGH,ECMWF ENS,ECMWF ENS | ICON-EU EPS | GEFS,0.0,3,0.0,0,0,0,0,GREEN,БЕЗ ЗНАЧАЈНОГ РИЗИКА,NO SIGNIFICANT RISK,HIGH,ECMWF ENS,ECMWF ENS | ICON-EU EPS | GEFS,0.0,3,0.0,0,0,0,0,GREEN,БЕЗ ЗНАЧАЈНОГ РИЗИКА,NO SIGNIFICANT RISK,HIGH,ECMWF ENS,ECMWF ENS | ICON-EU EPS | GEFS,0.0,3,0.0,0,0,0,0,GREEN,БЕЗ ЗНАЧАЈНОГ РИЗИКА,NO SIGNIFICANT RISK,HIGH,ECMWF ENS,ECMWF ENS | ICON-EU EPS | GEFS,0,GREEN,БЕЗ ЗНАЧАЈНОГ РИЗИКА,NO SIGNIFICANT RISK,NONE,HIGH,12,2026-08-21T06:00:00+00:00,2026-08-21T18:00:00+00:00,STORMS,EXPERIMENTAL,DEVELOPMENTAL MULTIMODEL SIGNAL - NOT CALIBRATED PROBABILITY,PUBLIC OPEN-DATA SERVICES,INDEPENDENT PROJECT - NOT AN OFFICIAL RHMZ WARNING PRODUCT
70157,BEOGRAD-ZEMUN,BEOGRAD-ZEMUN,БЕОГРАД-ЗЕМУН,0.0,0.0,0.0,0.0,0.0,9.385682828072255,50.83352279663086,6,42,2026-08-21T18:00:00Z,2026-08-20T00:00:00Z,0.0,0.0,0.0,59.7,0.0,7.8,6,0.0,0.0,13,0.0,0.0,7.4,0.0,0.0,0.0,0.0,0.0,0.0,0.0,3,0.0,0,0,0,0,GREEN,БЕЗ ЗНАЧАЈНОГ РИЗИКА,NO SIGNIFICANT RISK,HIGH,ECMWF ENS,ECMWF ENS | ICON-EU EPS | GEFS,0.0,3,0.0,0,0,0,0,GREEN,БЕЗ ЗНАЧАЈНОГ РИЗИКА,NO SIGNIFICANT RISK,HIGH,ECMWF ENS,ECMWF ENS | ICON-EU EPS | GEFS,0.0,3,0.0,0,0,0,0,GREEN,БЕЗ ЗНАЧАЈНОГ РИЗИКА,NO SIGNIFICANT RISK,HIGH,ECMWF ENS,ECMWF ENS | ICON-EU EPS | GEFS,0.0,3,0.0,0,0,0,0,GREEN,БЕЗ ЗНАЧАЈНОГ РИЗИКА,NO SIGNIFICANT RISK,HIGH,ECMWF ENS,ECMWF ENS | ICON-EU EPS | GEFS,0,GREEN,БЕЗ ЗНАЧАЈНОГ РИЗИКА,NO SIGNIFICANT RISK,NONE,HIGH,12,2026-08-21T06:00:00+00:00,2026-08-21T18:00:00+00:00,STORMS,EXPERIMENTAL,DEVELOPMENTAL MULTIMODEL SIGNAL - NOT CALIBRATED PROBABILITY,PUBLIC OPEN-DATA SERVICES,INDEPENDENT PROJECT - NOT AN OFFICIAL RHMZ WARNING PRODUCT
70165,BEOGRAD-LAZAREVAC,BEOGRAD-LAZAREVAC,БЕОГРАД-ЛАЗАРЕВАЦ,0.0,0.0,0.0,0.0,0.0,7.767457955235272,52.20000076293945,7,42,2026-08-21T18:00:00Z,2026-08-20T00:00:00Z,0.0,0.0,0.0,54.7,0.0,7.5,7,0.0,0.0,10,0.0,0.0,6.9,0.0,0.0,0.0,0.0,0.0,0.0,0.0,3,0.0,0,0,0,0,GREEN,БЕЗ ЗНАЧАЈНОГ РИЗИКА,NO SIGNIFICANT RISK,HIGH,ECMWF ENS,ECMWF ENS | ICON-EU EPS | GEFS,0.0,3,0.0,0,0,0,0,GREEN,БЕЗ ЗНАЧАЈНОГ РИЗИКА,NO SIGNIFICANT RISK,HIGH,ECMWF ENS,ECMWF ENS | ICON-EU EPS | GEFS,0.0,3,0.0,0,0,0,0,GREEN,БЕЗ ЗНАЧАЈНОГ РИЗИКА,NO SIGNIFICANT RISK,HIGH,ECMWF ENS,ECMWF ENS | ICON-EU EPS | GEFS,0.0,3,0.0,0,0,0,0,GREEN,БЕЗ ЗНАЧАЈНОГ РИЗИКА,NO SIGNIFICANT RISK,HIGH,ECMWF ENS,ECMWF ENS | ICON-EU EPS | GEFS,0,GREEN,БЕЗ ЗНАЧАЈНОГ РИЗИКА,NO SIGNIFICANT RISK,NONE,HIGH,12,2026-08-21T06:00:00+00:00,2026-08-21T18:00:00+00:00,STORMS,EXPERIMENTAL,DEVELOPMENTAL MULTIMODEL SIGNAL - NOT CALIBRATED PROBABILITY,PUBLIC OPEN-DATA SERVICES,INDEPENDENT PROJECT - NOT AN OFFICIAL RHMZ WARNING PRODUCT
70173,BEOGRAD-MLADENOVAC,BEOGRAD-MLADENOVAC,БЕОГРАД-МЛАДЕНОВАЦ,0.0,0.0,0.0,0.0,0.0,7.395277697294242,58.0,9,42,2026-08-21T18:00:00Z,2026-08-20T00:00:00Z,0.0,0.0,0.0,53.1,0.0,5.9,9,0.0,0.0,12,0.0,0.0,7.1,0.0,0.0,0.0,0.0,0.0,0.0,0.0,3,0.0,0,0,0,0,GREEN,БЕЗ ЗНАЧАЈНОГ РИЗИКА,NO SIGNIFICANT RISK,HIGH,ECMWF ENS,ECMWF ENS | ICON-EU EPS | GEFS,0.0,3,0.0,0,0,0,0,GREEN,БЕЗ ЗНАЧАЈНОГ РИЗИКА,NO SIGNIFICANT RISK,HIGH,ECMWF ENS,ECMWF ENS | ICON-EU EPS | GEFS,0.0,3,0.0,0,0,0,0,GREEN,БЕЗ ЗНАЧАЈНОГ РИЗИКА,NO SIGNIFICANT RISK,HIGH,ECMWF ENS,ECMWF ENS | ICON-EU EPS | GEFS,0.0,3,0.0,0,0,0,0,GREEN,БЕЗ ЗНАЧАЈНОГ РИЗИКА,NO SIGNIFICANT RISK,HIGH,ECMWF ENS,ECMWF ENS | ICON-EU EPS | GEFS,0,GREEN,БЕЗ ЗНАЧАЈНОГ РИЗИКА,NO SIGNIFICANT RISK,NONE,HIGH,12,2026-08-21T06:00:00+00:00,2026-08-21T18:00:00+00:00,STORMS,EXPERIMENTAL,DEVELOPMENTAL MULTIMODEL SIGNAL - NOT CALIBRATED PROBABILITY,PUBLIC OPEN-DATA SERVICES,INDEPENDENT PROJECT - NOT AN OFFICIAL RHMZ WARNING PRODUCT
70181,BEOGRAD-NOVI BEOGRAD,BEOGRAD-NOVI BEOGRAD,БЕОГРАД-НОВИ БЕОГРАД,0.0,0.0,0.0,0.0,0.0,8.782781066173998,54.79999923706055,5,42,2026-08-21T18:00:00Z,2026-08-20T00:00:00Z,0.0,0.0,0.0,56.0,0.0,8.3,5,0.0,0.0,13,0.0,0.0,7.7,0.0,0.0,0.0,0.0,0.0,0.0,0.0,3,0.0,0,0,0,0,GREEN,БЕЗ ЗНАЧАЈНОГ РИЗИКА,NO SIGNIFICANT RISK,HIGH,ECMWF ENS,ECMWF ENS | ICON-EU EPS | GEFS,0.0,3,0.0,0,0,0,0,GREEN,БЕЗ ЗНАЧАЈНОГ РИЗИКА,NO SIGNIFICANT RISK,HIGH,ECMWF ENS,ECMWF ENS | ICON-EU EPS | GEFS,0.0,3,0.0,0,0,0,0,GREEN,БЕЗ ЗНАЧАЈНОГ РИЗИКА,NO SIGNIFICANT RISK,HIGH,ECMWF ENS,ECMWF ENS | ICON-EU EPS | GEFS,0.0,3,0.0,0,0,0,0,GREEN,БЕЗ ЗНАЧАЈНОГ РИЗИКА,NO SIGNIFICANT RISK,HIGH,ECMWF ENS,ECMWF ENS | ICON-EU EPS | GEFS,0,GREEN,БЕЗ ЗНАЧАЈНОГ РИЗИКА,NO SIGNIFICANT RISK,NONE,HIGH,12,2026-08-21T06:00:00+00:00,2026-08-21T18:00:00+00:00,STORMS,EXPERIMENTAL,DEVELOPMENTAL MULTIMODEL SIGNAL - NOT CALIBRATED PROBABILITY,PUBLIC OPEN-DATA SERVICES,INDEPENDENT PROJECT - NOT AN OFFICIAL RHMZ WARNING PRODUCT
70190,BEOGRAD-OBRENOVAC,BEOGRAD-OBRENOVAC,БЕОГРАД-ОБРЕНОВАЦ,0.0,0.0,0.0,0.0,0.0,8.753392595121985,51.133522033691406,8,42,2026-08-21T18:00:00Z,2026-08-20T00:00:00Z,0.0,0.0,0.0,64.9,0.0,7.9,8,0.0,0.0,12,0.0,0.0,6.8,0.0,0.0,0.0,0.0,0.0,0.0,0.0,3,0.0,0,0,0,0,GREEN,БЕЗ ЗНАЧАЈНОГ РИЗИКА,NO SIGNIFICANT RISK,HIGH,ECMWF ENS,ECMWF ENS | ICON-EU EPS | GEFS,0.0,3,0.0,0,0,0,0,GREEN,БЕЗ ЗНАЧАЈНОГ РИЗИКА,NO SIGNIFICANT RISK,HIGH,ECMWF ENS,ECMWF ENS | ICON-EU EPS | GEFS,0.0,3,0.0,0,0,0,0,GREEN,БЕЗ ЗНАЧАЈНОГ РИЗИКА,NO SIGNIFICANT RISK,HIGH,ECMWF ENS,ECMWF ENS | ICON-EU EPS | GEFS,0.0,3,0.0,0,0,0,0,GREEN,БЕЗ ЗНАЧАЈНОГ РИЗИКА,NO SIGNIFICANT RISK,HIGH,ECMWF ENS,ECMWF ENS | ICON-EU EPS | GEFS,0,GREEN,БЕЗ ЗНАЧАЈНОГ РИЗИКА,NO SIGNIFICANT RISK,NONE,HIGH,12,2026-08-21T06:00:00+00:00,2026-08-21T18:00:00+00:00,STORMS,EXPERIMENTAL,DEVELOPMENTAL MULTIMODEL SIGNAL - NOT CALIBRATED PROBABILITY,PUBLIC OPEN-DATA SERVICES,INDEPENDENT PROJECT - NOT AN OFFICIAL RHMZ WARNING PRODUCT
70203,BEOGRAD-PALILULA,BEOGRAD-PALILULA,БЕОГРАД-ПАЛИЛУЛА,0.0,0.0,0.0,0.0,0.0,9.455007940968049,54.79999923706055,9,42,2026-08-21T18:00:00Z,2026-08-20T00:00:00Z,0.0,0.0,0.0,55.8,0.0,8.1,9,0.0,0.0,10,0.0,0.0,8.0,0.0,0.0,0.0,0.0,0.0,0.0,0.0,3,0.0,0,0,0,0,GREEN,БЕЗ ЗНАЧАЈНОГ РИЗИКА,NO SIGNIFICANT RISK,HIGH,ECMWF ENS,ECMWF ENS | ICON-EU EPS | GEFS,0.0,3,0.0,0,0,0,0,GREEN,БЕЗ ЗНАЧАЈНОГ РИЗИКА,NO SIGNIFICANT RISK,HIGH,ECMWF ENS,ECMWF ENS | ICON-EU EPS | GEFS,0.0,3,0.0,0,0,0,0,GREEN,БЕЗ ЗНАЧАЈНОГ РИЗИКА,NO SIGNIFICANT RISK,HIGH,ECMWF ENS,ECMWF ENS | ICON-EU EPS | GEFS,0.0,3,0.0,0,0,0,0,GREEN,БЕЗ ЗНАЧАЈНОГ РИЗИКА,NO SIGNIFICANT RISK,HIGH,ECMWF ENS,ECMWF ENS | ICON-EU EPS | GEFS,0,GREEN,БЕЗ ЗНАЧАЈНОГ РИЗИКА,NO SIGNIFICANT RISK,NONE,HIGH,12,2026-08-21T06:00:00+00:00,2026-08-21T18:00:00+00:00,STORMS,EXPERIMENTAL,DEVELOPMENTAL MULTIMODEL SIGNAL - NOT CALIBRATED PROBABILITY,PUBLIC OPEN-DATA SERVICES,INDEPENDENT PROJECT - NOT AN OFFICIAL RHMZ WARNING PRODUCT
70211,BEOGRAD-RAKOVICA,BEOGRAD-RAKOVICA,БЕОГРАД-РАКОВИЦА,0.0,0.0,0.0,0.0,0.0,7.767457955235272,54.79999923706055,4,42,2026-08-21T18:00:00Z,2026-08-20T00:00:00Z,0.0,0.0,0.0,54.7,0.0,7.5,4,0.0,0.0,10,0.0,0.0,7.4,0.0,0.0,0.0,0.0,0.0,0.0,0.0,3,0.0,0,0,0,0,GREEN,БЕЗ ЗНАЧАЈНОГ РИЗИКА,NO SIGNIFICANT RISK,HIGH,ECMWF ENS,ECMWF ENS | ICON-EU EPS | GEFS,0.0,3,0.0,0,0,0,0,GREEN,БЕЗ ЗНАЧАЈНОГ РИЗИКА,NO SIGNIFICANT RISK,HIGH,ECMWF ENS,ECMWF ENS | ICON-EU EPS | GEFS,0.0,3,0.0,0,0,0,0,GREEN,БЕЗ ЗНАЧАЈНОГ РИЗИКА,NO SIGNIFICANT RISK,HIGH,ECMWF ENS,ECMWF ENS | ICON-EU EPS | GEFS,0.0,3,0.0,0,0,0,0,GREEN,БЕЗ ЗНАЧАЈНОГ РИЗИКА,NO SIGNIFICANT RISK,HIGH,ECMWF ENS,ECMWF ENS | ICON-EU EPS | GEFS,0,GREEN,БЕЗ ЗНАЧАЈНОГ РИЗИКА,NO SIGNIFICANT RISK,NONE,HIGH,12,2026-08-21T06:00:00+00:00,2026-08-21T18:00:00+00:00,STORMS,EXPERIMENTAL,DEVELOPMENTAL MULTIMODEL SIGNAL - NOT CALIBRATED PROBABILITY,PUBLIC OPEN-DATA SERVICES,INDEPENDENT PROJECT - NOT AN OFFICIAL RHMZ WARNING PRODUCT
70220,BEOGRAD-SAVSKI VENAC,BEOGRAD-SAVSKI VENAC,БЕОГРАД-САВСКИ ВЕНАЦ,0.0,0.0,0.0,0.0,0.0,8.487409434604148,54.79999923706055,4,42,2026-08-21T18:00:00Z,2026-08-20T00:00:00Z,0.0,0.0,0.0,57.6,0.0,7.5,4,0.0,0.0,9,0.0,0.0,7.6,0.0,0.0,0.0,0.0,0.0,0.0,0.0,3,0.0,0,0,0,0,GREEN,БЕЗ ЗНАЧАЈНОГ РИЗИКА,NO SIGNIFICANT RISK,HIGH,ECMWF ENS,ECMWF ENS | ICON-EU EPS | GEFS,0.0,3,0.0,0,0,0,0,GREEN,БЕЗ ЗНАЧАЈНОГ РИЗИКА,NO SIGNIFICANT RISK,HIGH,ECMWF ENS,ECMWF ENS | ICON-EU EPS | GEFS,0.0,3,0.0,0,0,0,0,GREEN,БЕЗ ЗНАЧАЈНОГ РИЗИКА,NO SIGNIFICANT RISK,HIGH,ECMWF ENS,ECMWF ENS | ICON-EU EPS | GEFS,0.0,3,0.0,0,0,0,0,GREEN,БЕЗ ЗНАЧАЈНОГ РИЗИКА,NO SIGNIFICANT RISK,HIGH,ECMWF ENS,ECMWF ENS | ICON-EU EPS | GEFS,0,GREEN,БЕЗ ЗНАЧАЈНОГ РИЗИКА,NO SIGNIFICANT RISK,NONE,HIGH,12,2026-08-21T06:00:00+00:00,2026-08-21T18:00:00+00:00,STORMS,EXPERIMENTAL,DEVELOPMENTAL MULTIMODEL SIGNAL - NOT CALIBRATED PROBABILITY,PUBLIC OPEN-DATA SERVICES,INDEPENDENT PROJECT - NOT AN OFFICIAL RHMZ WARNING PRODUCT
70238,BEOGRAD-SOPOT,BEOGRAD-SOPOT,БЕОГРАД-СОПОТ,0.0,0.0,0.0,0.0,0.0,7.395277697294242,56.033522605896,7,42,2026-08-21T18:00:00Z,2026-08-20T00:00:00Z,0.0,0.0,0.0,53.1,0.0,5.9,7,0.0,0.0,11,0.0,0.0,7.0,0.0,0.0,0.0,0.0,0.0,0.0,0.0,3,0.0,0,0,0,0,GREEN,БЕЗ ЗНАЧАЈНОГ РИЗИКА,NO SIGNIFICANT RISK,HIGH,ECMWF ENS,ECMWF ENS | ICON-EU EPS | GEFS,0.0,3,0.0,0,0,0,0,GREEN,БЕЗ ЗНАЧАЈНОГ РИЗИКА,NO SIGNIFICANT RISK,HIGH,ECMWF ENS,ECMWF ENS | ICON-EU EPS | GEFS,0.0,3,0.0,0,0,0,0,GREEN,БЕЗ ЗНАЧАЈНОГ РИЗИКА,NO SIGNIFICANT RISK,HIGH,ECMWF ENS,ECMWF ENS | ICON-EU EPS | GEFS,0.0,3,0.0,0,0,0,0,GREEN,БЕЗ ЗНАЧАЈНОГ РИЗИКА,NO SIGNIFICANT RISK,HIGH,ECMWF ENS,ECMWF ENS | ICON-EU EPS | GEFS,0,GREEN,БЕЗ ЗНАЧАЈНОГ РИЗИКА,NO SIGNIFICANT RISK,NONE,HIGH,12,2026-08-21T06:00:00+00:00,2026-08-21T18:00:00+00:00,STORMS,EXPERIMENTAL,DEVELOPMENTAL MULTIMODEL SIGNAL - NOT CALIBRATED PROBABILITY,PUBLIC OPEN-DATA SERVICES,INDEPENDENT PROJECT - NOT AN OFFICIAL RHMZ WARNING PRODUCT
70246,BEOGRAD-STARI GRAD,BEOGRAD-STARI GRAD,БЕОГРАД-СТАРИ ГРАД,0.0,0.0,0.0,0.0,0.0,8.782781066173998,54.79999923706055,5,42,2026-08-21T18:00:00Z,2026-08-20T00:00:00Z,0.0,0.0,0.0,56.0,0.0,8.3,5,0.0,0.0,10,0.0,0.0,7.7,0.0,0.0,0.0,0.0,0.0,0.0,0.0,3,0.0,0,0,0,0,GREEN,БЕЗ ЗНАЧАЈНОГ РИЗИКА,NO SIGNIFICANT RISK,HIGH,ECMWF ENS,ECMWF ENS | ICON-EU EPS | GEFS,0.0,3,0.0,0,0,0,0,GREEN,БЕЗ ЗНАЧАЈНОГ РИЗИКА,NO SIGNIFICANT RISK,HIGH,ECMWF ENS,ECMWF ENS | ICON-EU EPS | GEFS,0.0,3,0.0,0,0,0,0,GREEN,БЕЗ ЗНАЧАЈНОГ РИЗИКА,NO SIGNIFICANT RISK,HIGH,ECMWF ENS,ECMWF ENS | ICON-EU EPS | GEFS,0.0,3,0.0,0,0,0,0,GREEN,БЕЗ ЗНАЧАЈНОГ РИЗИКА,NO SIGNIFICANT RISK,HIGH,ECMWF ENS,ECMWF ENS | ICON-EU EPS | GEFS,0,GREEN,БЕЗ ЗНАЧАЈНОГ РИЗИКА,NO SIGNIFICANT RISK,NONE,HIGH,12,2026-08-21T06:00:00+00:00,2026-08-21T18:00:00+00:00,STORMS,EXPERIMENTAL,DEVELOPMENTAL MULTIMODEL SIGNAL - NOT CALIBRATED PROBABILITY,PUBLIC OPEN-DATA SERVICES,INDEPENDENT PROJECT - NOT AN OFFICIAL RHMZ WARNING PRODUCT
71293,BEOGRAD-SURČIN,BEOGRAD-SURČIN,БЕОГРАД-СУРЧИН,0.0,0.0,0.0,0.0,0.0,9.385682828072255,51.133522033691406,9,42,2026-08-21T18:00:00Z,2026-08-20T00:00:00Z,0.0,0.0,0.0,59.7,0.0,7.8,9,0.0,0.0,10,0.0,0.0,7.1,0.0,0.0,0.0,0.0,0.0,0.0,0.0,3,0.0,0,0,0,0,GREEN,БЕЗ ЗНАЧАЈНОГ РИЗИКА,NO SIGNIFICANT RISK,HIGH,ECMWF ENS,ECMWF ENS | ICON-EU EPS | GEFS,0.0,3,0.0,0,0,0,0,GREEN,БЕЗ ЗНАЧАЈНОГ РИЗИКА,NO SIGNIFICANT RISK,HIGH,ECMWF ENS,ECMWF ENS | ICON-EU EPS | GEFS,0.0,3,0.0,0,0,0,0,GREEN,БЕЗ ЗНАЧАЈНОГ РИЗИКА,NO SIGNIFICANT RISK,HIGH,ECMWF ENS,ECMWF ENS | ICON-EU EPS | GEFS,0.0,3,0.0,0,0,0,0,GREEN,БЕЗ ЗНАЧАЈНОГ РИЗИКА,NO SIGNIFICANT RISK,HIGH,ECMWF ENS,ECMWF ENS | ICON-EU EPS | GEFS,0,GREEN,БЕЗ ЗНАЧАЈНОГ РИЗИКА,NO SIGNIFICANT RISK,NONE,HIGH,12,2026-08-21T06:00:00+00:00,2026-08-21T18:00:00+00:00,STORMS,EXPERIMENTAL,DEVELOPMENTAL MULTIMODEL SIGNAL - NOT CALIBRATED PROBABILITY,PUBLIC OPEN-DATA SERVICES,INDEPENDENT PROJECT - NOT AN OFFICIAL RHMZ WARNING PRODUCT
70254,BEOGRAD-ČUKARICA,BEOGRAD-ČUKARICA,БЕОГРАД-ЧУКАРИЦА,0.0,0.0,0.0,0.0,0.0,8.487409434604148,54.79999923706055,7,42,2026-08-21T18:00:00Z,2026-08-20T00:00:00Z,0.0,0.0,0.0,57.6,0.0,7.5,7,0.0,0.0,12,0.0,0.0,7.4,0.0,0.0,0.0,0.0,0.0,0.0,0.0,3,0.0,0,0,0,0,GREEN,БЕЗ ЗНАЧАЈНОГ РИЗИКА,NO SIGNIFICANT RISK,HIGH,ECMWF ENS,ECMWF ENS | ICON-EU EPS | GEFS,0.0,3,0.0,0,0,0,0,GREEN,БЕЗ ЗНАЧАЈНОГ РИЗИКА,NO SIGNIFICANT RISK,HIGH,ECMWF ENS,ECMWF ENS | ICON-EU EPS | GEFS,0.0,3,0.0,0,0,0,0,GREEN,БЕЗ ЗНАЧАЈНОГ РИЗИКА,NO SIGNIFICANT RISK,HIGH,ECMWF ENS,ECMWF ENS | ICON-EU EPS | GEFS,0.0,3,0.0,0,0,0,0,GREEN,БЕЗ ЗНАЧАЈНОГ РИЗИКА,NO SIGNIFICANT RISK,HIGH,ECMWF ENS,ECMWF ENS | ICON-EU EPS | GEFS,0,GREEN,БЕЗ ЗНАЧАЈНОГ РИЗИКА,NO SIGNIFICANT RISK,NONE,HIGH,12,2026-08-21T06:00:00+00:00,2026-08-21T18:00:00+00:00,STORMS,EXPERIMENTAL,DEVELOPMENTAL MULTIMODEL SIGNAL - NOT CALIBRATED PROBABILITY,PUBLIC OPEN-DATA SERVICES,INDEPENDENT PROJECT - NOT AN OFFICIAL RHMZ WARNING PRODUCT
80101,BEOČIN,BEOČIN,БЕОЧИН,0.0,0.0,0.0,0.0,0.0,10.965939361563434,56.58184814453125,7,42,2026-08-21T18:00:00Z,2026-08-20T00:00:00Z,4.0,4.0,14.2,68.4,0.0,9.5,7,0.0,0.0,11,0.0,0.0,10.2,0.0,0.0,0.0,0.0,0.0,0.0,1.3,3,4.0,0,0,0,0,GREEN,БЕЗ ЗНАЧАЈНОГ РИЗИКА,NO SIGNIFICANT RISK,HIGH,ECMWF ENS,ECMWF ENS | ICON-EU EPS | GEFS,0.0,3,0.0,0,0,0,0,GREEN,БЕЗ ЗНАЧАЈНОГ РИЗИКА,NO SIGNIFICANT RISK,HIGH,ECMWF ENS,ECMWF ENS | ICON-EU EPS | GEFS,0.0,3,0.0,0,0,0,0,GREEN,БЕЗ ЗНАЧАЈНОГ РИЗИКА,NO SIGNIFICANT RISK,HIGH,ECMWF ENS,ECMWF ENS | ICON-EU EPS | GEFS,0.0,3,0.0,0,0,0,0,GREEN,БЕЗ ЗНАЧАЈНОГ РИЗИКА,NO SIGNIFICANT RISK,HIGH,ECMWF ENS,ECMWF ENS | ICON-EU EPS | GEFS,0,GREEN,БЕЗ ЗНАЧАЈНОГ РИЗИКА,NO SIGNIFICANT RISK,NONE,HIGH,12,2026-08-21T06:00:00+00:00,2026-08-21T18:00:00+00:00,STORMS,EXPERIMENTAL,DEVELOPMENTAL MULTIMODEL SIGNAL - NOT CALIBRATED PROBABILITY,PUBLIC OPEN-DATA SERVICES,INDEPENDENT PROJECT - NOT AN OFFICIAL RHMZ WARNING PRODUCT
80110,BEČEJ,BEČEJ,БЕЧЕЈ,0.0,0.0,0.0,0.0,0.0,11.977293681651508,55.83511734008789,7,42,2026-08-21T18:00:00Z,2026-08-20T00:00:00Z,4.0,4.0,0.5,76.3,0.0,10.1,7,0.0,0.0,12,0.0,0.0,12.0,0.0,0.0,0.0,0.0,0.0,0.0,1.3,3,4.0,0,0,0,0,GREEN,БЕЗ ЗНАЧАЈНОГ РИЗИКА,NO SIGNIFICANT RISK,HIGH,ECMWF ENS,ECMWF ENS | ICON-EU EPS | GEFS,0.0,3,0.0,0,0,0,0,GREEN,БЕЗ ЗНАЧАЈНОГ РИЗИКА,NO SIGNIFICANT RISK,HIGH,ECMWF ENS,ECMWF ENS | ICON-EU EPS | GEFS,0.0,3,0.0,0,0,0,0,GREEN,БЕЗ ЗНАЧАЈНОГ РИЗИКА,NO SIGNIFICANT RISK,HIGH,ECMWF ENS,ECMWF ENS | ICON-EU EPS | GEFS,0.0,3,0.0,0,0,0,0,GREEN,БЕЗ ЗНАЧАЈНОГ РИЗИКА,NO SIGNIFICANT RISK,HIGH,ECMWF ENS,ECMWF ENS | ICON-EU EPS | GEFS,0,GREEN,БЕЗ ЗНАЧАЈНОГ РИЗИКА,NO SIGNIFICANT RISK,NONE,HIGH,12,2026-08-21T06:00:00+00:00,2026-08-21T18:00:00+00:00,STORMS,EXPERIMENTAL,DEVELOPMENTAL MULTIMODEL SIGNAL - NOT CALIBRATED PROBABILITY,PUBLIC OPEN-DATA SERVICES,INDEPENDENT PROJECT - NOT AN OFFICIAL RHMZ WARNING PRODUCT
70262,BLACE,BLACE,БЛАЦЕ,0.0,0.0,0.0,0.0,4.0,7.5049714265045155,53.70000076293945,7,42,2026-08-21T18:00:00Z,2026-08-20T00:00:00Z,0.0,0.0,0.2,53.8,0.0,3.8,7,0.0,0.0,11,6.0,0.0,2.9,0.0,0.0,0.0,0.0,0.0,0.0,0.0,3,0.0,0,0,0,0,GREEN,БЕЗ ЗНАЧАЈНОГ РИЗИКА,NO SIGNIFICANT RISK,HIGH,ECMWF ENS,ECMWF ENS | ICON-EU EPS | GEFS,0.0,3,0.0,0,0,0,0,GREEN,БЕЗ ЗНАЧАЈНОГ РИЗИКА,NO SIGNIFICANT RISK,HIGH,ECMWF ENS,ECMWF ENS | ICON-EU EPS | GEFS,0.0,3,0.0,0,0,0,0,GREEN,БЕЗ ЗНАЧАЈНОГ РИЗИКА,NO SIGNIFICANT RISK,HIGH,ECMWF ENS,ECMWF ENS | ICON-EU EPS | GEFS,0.0,3,0.0,0,0,0,0,GREEN,БЕЗ ЗНАЧАЈНОГ РИЗИКА,NO SIGNIFICANT RISK,HIGH,ECMWF ENS,ECMWF ENS | ICON-EU EPS | GEFS,0,GREEN,БЕЗ ЗНАЧАЈНОГ РИЗИКА,NO SIGNIFICANT RISK,NONE,HIGH,12,2026-08-21T06:00:00+00:00,2026-08-21T18:00:00+00:00,STORMS,EXPERIMENTAL,DEVELOPMENTAL MULTIMODEL SIGNAL - NOT CALIBRATED PROBABILITY,PUBLIC OPEN-DATA SERVICES,INDEPENDENT PROJECT - NOT AN OFFICIAL RHMZ WARNING PRODUCT
70297,BOJNIK,BOJNIK,БОЈНИК,0.0,0.0,0.0,0.0,0.0,5.768124972892865,56.030839920043945,9,42,2026-08-21T18:00:00Z,2026-08-20T00:00:00Z,0.0,0.0,0.0,56.7,0.0,1.2,9,0.0,0.0,11,178.1,0.0,2.9,0.0,0.0,0.0,0.0,0.0,0.0,0.0,3,0.0,0,0,0,0,GREEN,БЕЗ ЗНАЧАЈНОГ РИЗИКА,NO SIGNIFICANT RISK,HIGH,ECMWF ENS,ECMWF ENS | ICON-EU EPS | GEFS,0.0,3,0.0,0,0,0,0,GREEN,БЕЗ ЗНАЧАЈНОГ РИЗИКА,NO SIGNIFICANT RISK,HIGH,ECMWF ENS,ECMWF ENS | ICON-EU EPS | GEFS,0.0,3,0.0,0,0,0,0,GREEN,БЕЗ ЗНАЧАЈНОГ РИЗИКА,NO SIGNIFICANT RISK,HIGH,ECMWF ENS,ECMWF ENS | ICON-EU EPS | GEFS,0.0,3,0.0,0,0,0,0,GREEN,БЕЗ ЗНАЧАЈНОГ РИЗИКА,NO SIGNIFICANT RISK,HIGH,ECMWF ENS,ECMWF ENS | ICON-EU EPS | GEFS,0,GREEN,БЕЗ ЗНАЧАЈНОГ РИЗИКА,NO SIGNIFICANT RISK,NONE,HIGH,12,2026-08-21T06:00:00+00:00,2026-08-21T18:00:00+00:00,STORMS,EXPERIMENTAL,DEVELOPMENTAL MULTIMODEL SIGNAL - NOT CALIBRATED PROBABILITY,PUBLIC OPEN-DATA SERVICES,INDEPENDENT PROJECT - NOT AN OFFICIAL RHMZ WARNING PRODUCT
70319,BOLJEVAC,BOLJEVAC,БОЉЕВАЦ,0.0,0.0,0.0,0.0,0.0,11.327354928070957,59.78371047973633,9,42,2026-08-21T18:00:00Z,2026-08-20T00:00:00Z,0.0,0.0,262.9,60.5,0.0,6.0,9,0.0,0.0,10,105.6,0.0,8.8,0.0,0.0,0.0,0.0,0.0,0.0,0.0,3,0.0,0,0,0,0,GREEN,БЕЗ ЗНАЧАЈНОГ РИЗИКА,NO SIGNIFICANT RISK,HIGH,ECMWF ENS,ECMWF ENS | ICON-EU EPS | GEFS,0.0,3,0.0,0,0,0,0,GREEN,БЕЗ ЗНАЧАЈНОГ РИЗИКА,NO SIGNIFICANT RISK,HIGH,ECMWF ENS,ECMWF ENS | ICON-EU EPS | GEFS,0.0,3,0.0,0,0,0,0,GREEN,БЕЗ ЗНАЧАЈНОГ РИЗИКА,NO SIGNIFICANT RISK,HIGH,ECMWF ENS,ECMWF ENS | ICON-EU EPS | GEFS,0.0,3,0.0,0,0,0,0,GREEN,БЕЗ ЗНАЧАЈНОГ РИЗИКА,NO SIGNIFICANT RISK,HIGH,ECMWF ENS,ECMWF ENS | ICON-EU EPS | GEFS,0,GREEN,БЕЗ ЗНАЧАЈНОГ РИЗИКА,NO SIGNIFICANT RISK,NONE,HIGH,12,2026-08-21T06:00:00+00:00,2026-08-21T18:00:00+00:00,STORMS,EXPERIMENTAL,DEVELOPMENTAL MULTIMODEL SIGNAL - NOT CALIBRATED PROBABILITY,PUBLIC OPEN-DATA SERVICES,INDEPENDENT PROJECT - NOT AN OFFICIAL RHMZ WARNING PRODUCT
70289,BOGATIĆ,BOGATIĆ,БОГАТИЋ,0.0,0.0,0.0,0.0,0.0,10.41379056765586,55.41324996948242,7,42,2026-08-21T18:00:00Z,2026-08-20T00:00:00Z,2.0,2.0,13.2,59.1,0.0,9.1,7,0.0,0.0,11,0.0,0.0,10.7,2.0,0.0,0.0,0.0,0.0,0.0,0.7,3,2.0,0,0,0,0,GREEN,БЕЗ ЗНАЧАЈНОГ РИЗИКА,NO SIGNIFICANT RISK,HIGH,ECMWF ENS,ECMWF ENS | ICON-EU EPS | GEFS,0.7,3,2.0,0,0,0,0,GREEN,БЕЗ ЗНАЧАЈНОГ РИЗИКА,NO SIGNIFICANT RISK,HIGH,ECMWF ENS,ECMWF ENS | ICON-EU EPS | GEFS,0.0,3,0.0,0,0,0,0,GREEN,БЕЗ ЗНАЧАЈНОГ РИЗИКА,NO SIGNIFICANT RISK,HIGH,ECMWF ENS,ECMWF ENS | ICON-EU EPS | GEFS,0.0,3,0.0,0,0,0,0,GREEN,БЕЗ ЗНАЧАЈНОГ РИЗИКА,NO SIGNIFICANT RISK,HIGH,ECMWF ENS,ECMWF ENS | ICON-EU EPS | GEFS,0,GREEN,БЕЗ ЗНАЧАЈНОГ РИЗИКА,NO SIGNIFICANT RISK,NONE,HIGH,12,2026-08-21T06:00:00+00:00,2026-08-21T18:00:00+00:00,STORMS,EXPERIMENTAL,DEVELOPMENTAL MULTIMODEL SIGNAL - NOT CALIBRATED PROBABILITY,PUBLIC OPEN-DATA SERVICES,INDEPENDENT PROJECT - NOT AN OFFICIAL RHMZ WARNING PRODUCT
70327,BOR,BOR,БОР,0.0,0.0,0.0,0.0,0.0,11.515112998865034,61.000282287597656,12,42,2026-08-21T18:00:00Z,2026-08-20T00:00:00Z,0.0,0.0,426.2,51.8,0.0,10.8,12,0.0,0.0,10,68.6,0.0,9.5,0.0,0.0,0.0,0.0,0.0,0.0,0.0,3,0.0,0,0,0,0,GREEN,БЕЗ ЗНАЧАЈНОГ РИЗИКА,NO SIGNIFICANT RISK,HIGH,ECMWF ENS,ECMWF ENS | ICON-EU EPS | GEFS,0.0,3,0.0,0,0,0,0,GREEN,БЕЗ ЗНАЧАЈНОГ РИЗИКА,NO SIGNIFICANT RISK,HIGH,ECMWF ENS,ECMWF ENS | ICON-EU EPS | GEFS,0.0,3,0.0,0,0,0,0,GREEN,БЕЗ ЗНАЧАЈНОГ РИЗИКА,NO SIGNIFICANT RISK,HIGH,ECMWF ENS,ECMWF ENS | ICON-EU EPS | GEFS,0.0,3,0.0,0,0,0,0,GREEN,БЕЗ ЗНАЧАЈНОГ РИЗИКА,NO SIGNIFICANT RISK,HIGH,ECMWF ENS,ECMWF ENS | ICON-EU EPS | GEFS,0,GREEN,БЕЗ ЗНАЧАЈНОГ РИЗИКА,NO SIGNIFICANT RISK,NONE,HIGH,12,2026-08-21T06:00:00+00:00,2026-08-21T18:00:00+00:00,STORMS,EXPERIMENTAL,DEVELOPMENTAL MULTIMODEL SIGNAL - NOT CALIBRATED PROBABILITY,PUBLIC OPEN-DATA SERVICES,INDEPENDENT PROJECT - NOT AN OFFICIAL RHMZ WARNING PRODUCT
70335,BOSILEGRAD,BOSILEGRAD,БОСИЛЕГРАД,0.0,0.0,0.0,0.0,0.0,6.152728826903008,57.400001525878906,8,42,2026-08-21T18:00:00Z,2026-08-20T00:00:00Z,0.0,0.0,47.2,67.1,0.0,2.2,8,0.0,0.0,12,246.8,0.0,3.0,0.0,0.0,0.0,0.0,0.0,0.0,0.0,3,0.0,0,0,0,0,GREEN,БЕЗ ЗНАЧАЈНОГ РИЗИКА,NO SIGNIFICANT RISK,HIGH,ECMWF ENS,ECMWF ENS | ICON-EU EPS | GEFS,0.0,3,0.0,0,0,0,0,GREEN,БЕЗ ЗНАЧАЈНОГ РИЗИКА,NO SIGNIFICANT RISK,HIGH,ECMWF ENS,ECMWF ENS | ICON-EU EPS | GEFS,0.0,3,0.0,0,0,0,0,GREEN,БЕЗ ЗНАЧАЈНОГ РИЗИКА,NO SIGNIFICANT RISK,HIGH,ECMWF ENS,ECMWF ENS | ICON-EU EPS | GEFS,0.0,3,0.0,0,0,0,0,GREEN,БЕЗ ЗНАЧАЈНОГ РИЗИКА,NO SIGNIFICANT RISK,HIGH,ECMWF ENS,ECMWF ENS | ICON-EU EPS | GEFS,0,GREEN,БЕЗ ЗНАЧАЈНОГ РИЗИКА,NO SIGNIFICANT RISK,NONE,HIGH,12,2026-08-21T06:00:00+00:00,2026-08-21T18:00:00+00:00,STORMS,EXPERIMENTAL,DEVELOPMENTAL MULTIMODEL SIGNAL - NOT CALIBRATED PROBABILITY,PUBLIC OPEN-DATA SERVICES,INDEPENDENT PROJECT - NOT AN OFFICIAL RHMZ WARNING PRODUCT
70343,BRUS,BRUS,БРУС,0.0,0.0,0.0,0.0,4.0,6.440122808651896,53.5,8,42,2026-08-21T18:00:00Z,2026-08-20T00:00:00Z,0.0,0.0,0.0,54.5,0.0,4.4,8,0.0,0.0,12,0.0,0.0,4.7,0.0,0.0,0.0,0.0,0.0,0.0,0.0,3,0.0,0,0,0,0,GREEN,БЕЗ ЗНАЧАЈНОГ РИЗИКА,NO SIGNIFICANT RISK,HIGH,ECMWF ENS,ECMWF ENS | ICON-EU EPS | GEFS,0.0,3,0.0,0,0,0,0,GREEN,БЕЗ ЗНАЧАЈНОГ РИЗИКА,NO SIGNIFICANT RISK,HIGH,ECMWF ENS,ECMWF ENS | ICON-EU EPS | GEFS,0.0,3,0.0,0,0,0,0,GREEN,БЕЗ ЗНАЧАЈНОГ РИЗИКА,NO SIGNIFICANT RISK,HIGH,ECMWF ENS,ECMWF ENS | ICON-EU EPS | GEFS,0.0,3,0.0,0,0,0,0,GREEN,БЕЗ ЗНАЧАЈНОГ РИЗИКА,NO SIGNIFICANT RISK,HIGH,ECMWF ENS,ECMWF ENS | ICON-EU EPS | GEFS,0,GREEN,БЕЗ ЗНАЧАЈНОГ РИЗИКА,NO SIGNIFICANT RISK,NONE,HIGH,12,2026-08-21T06:00:00+00:00,2026-08-21T18:00:00+00:00,STORMS,EXPERIMENTAL,DEVELOPMENTAL MULTIMODEL SIGNAL - NOT CALIBRATED PROBABILITY,PUBLIC OPEN-DATA SERVICES,INDEPENDENT PROJECT - NOT AN OFFICIAL RHMZ WARNING PRODUCT
70351,BUJANOVAC,BUJANOVAC,БУЈАНОВАЦ,0.0,0.0,0.0,0.0,0.0,4.270596359426276,56.79999923706055,9,42,2026-08-21T18:00:00Z,2026-08-20T00:00:00Z,2.0,0.0,430.6,65.7,0.0,4.6,9,0.0,0.0,12,115.8,0.0,4.0,0.0,0.0,0.0,0.0,0.0,0.0,0.7,3,2.0,0,0,0,0,GREEN,БЕЗ ЗНАЧАЈНОГ РИЗИКА,NO SIGNIFICANT RISK,HIGH,ECMWF ENS,ECMWF ENS | ICON-EU EPS | GEFS,0.0,3,0.0,0,0,0,0,GREEN,БЕЗ ЗНАЧАЈНОГ РИЗИКА,NO SIGNIFICANT RISK,HIGH,ECMWF ENS,ECMWF ENS | ICON-EU EPS | GEFS,0.0,3,0.0,0,0,0,0,GREEN,БЕЗ ЗНАЧАЈНОГ РИЗИКА,NO SIGNIFICANT RISK,HIGH,ECMWF ENS,ECMWF ENS | ICON-EU EPS | GEFS,0.0,3,0.0,0,0,0,0,GREEN,БЕЗ ЗНАЧАЈНОГ РИЗИКА,NO SIGNIFICANT RISK,HIGH,ECMWF ENS,ECMWF ENS | ICON-EU EPS | GEFS,0,GREEN,БЕЗ ЗНАЧАЈНОГ РИЗИКА,NO SIGNIFICANT RISK,NONE,HIGH,12,2026-08-21T06:00:00+00:00,2026-08-21T18:00:00+00:00,STORMS,EXPERIMENTAL,DEVELOPMENTAL MULTIMODEL SIGNAL - NOT CALIBRATED PROBABILITY,PUBLIC OPEN-DATA SERVICES,INDEPENDENT PROJECT - NOT AN OFFICIAL RHMZ WARNING PRODUCT
70360,VALJEVO-GRAD,VALJEVO-GRAD,ВАЉЕВО-ГРАД,0.0,0.0,0.0,0.0,0.0,8.787694751295158,51.04999923706055,12,42,2026-08-21T18:00:00Z,2026-08-20T00:00:00Z,0.0,0.0,53.1,58.3,0.0,9.9,12,0.0,0.0,12,0.0,0.0,6.7,0.0,0.0,0.0,0.0,0.0,0.0,0.0,3,0.0,0,0,0,0,GREEN,БЕЗ ЗНАЧАЈНОГ РИЗИКА,NO SIGNIFICANT RISK,HIGH,ECMWF ENS,ECMWF ENS | ICON-EU EPS | GEFS,0.0,3,0.0,0,0,0,0,GREEN,БЕЗ ЗНАЧАЈНОГ РИЗИКА,NO SIGNIFICANT RISK,HIGH,ECMWF ENS,ECMWF ENS | ICON-EU EPS | GEFS,0.0,3,0.0,0,0,0,0,GREEN,БЕЗ ЗНАЧАЈНОГ РИЗИКА,NO SIGNIFICANT RISK,HIGH,ECMWF ENS,ECMWF ENS | ICON-EU EPS | GEFS,0.0,3,0.0,0,0,0,0,GREEN,БЕЗ ЗНАЧАЈНОГ РИЗИКА,NO SIGNIFICANT RISK,HIGH,ECMWF ENS,ECMWF ENS | ICON-EU EPS | GEFS,0,GREEN,БЕЗ ЗНАЧАЈНОГ РИЗИКА,NO SIGNIFICANT RISK,NONE,HIGH,12,2026-08-21T06:00:00+00:00,2026-08-21T18:00:00+00:00,STORMS,EXPERIMENTAL,DEVELOPMENTAL MULTIMODEL SIGNAL - NOT CALIBRATED PROBABILITY,PUBLIC OPEN-DATA SERVICES,INDEPENDENT PROJECT - NOT AN OFFICIAL RHMZ WARNING PRODUCT
70378,VARVARIN,VARVARIN,ВАРВАРИН,0.0,0.0,0.0,0.0,1.0,8.516375469310308,56.480398178100586,7,42,2026-08-21T18:00:00Z,2026-08-20T00:00:00Z,0.0,0.0,64.2,55.2,0.0,7.1,7,0.0,0.0,12,0.0,0.0,7.3,0.0,0.0,0.0,0.0,0.0,0.0,0.0,3,0.0,0,0,0,0,GREEN,БЕЗ ЗНАЧАЈНОГ РИЗИКА,NO SIGNIFICANT RISK,HIGH,ECMWF ENS,ECMWF ENS | ICON-EU EPS | GEFS,0.0,3,0.0,0,0,0,0,GREEN,БЕЗ ЗНАЧАЈНОГ РИЗИКА,NO SIGNIFICANT RISK,HIGH,ECMWF ENS,ECMWF ENS | ICON-EU EPS | GEFS,0.0,3,0.0,0,0,0,0,GREEN,БЕЗ ЗНАЧАЈНОГ РИЗИКА,NO SIGNIFICANT RISK,HIGH,ECMWF ENS,ECMWF ENS | ICON-EU EPS | GEFS,0.0,3,0.0,0,0,0,0,GREEN,БЕЗ ЗНАЧАЈНОГ РИЗИКА,NO SIGNIFICANT RISK,HIGH,ECMWF ENS,ECMWF ENS | ICON-EU EPS | GEFS,0,GREEN,БЕЗ ЗНАЧАЈНОГ РИЗИКА,NO SIGNIFICANT RISK,NONE,HIGH,12,2026-08-21T06:00:00+00:00,2026-08-21T18:00:00+00:00,STORMS,EXPERIMENTAL,DEVELOPMENTAL MULTIMODEL SIGNAL - NOT CALIBRATED PROBABILITY,PUBLIC OPEN-DATA SERVICES,INDEPENDENT PROJECT - NOT AN OFFICIAL RHMZ WARNING PRODUCT
70386,VELIKA PLANA,VELIKA PLANA,ВЕЛИКА ПЛАНА,0.0,0.0,0.0,0.0,0.0,7.283828022878376,58.54999923706055,7,42,2026-08-21T18:00:00Z,2026-08-20T00:00:00Z,0.0,0.0,0.0,47.8,0.0,5.2,7,0.0,0.0,10,0.0,0.0,7.8,0.0,0.0,0.0,0.0,0.0,0.0,0.0,3,0.0,0,0,0,0,GREEN,БЕЗ ЗНАЧАЈНОГ РИЗИКА,NO SIGNIFICANT RISK,HIGH,ECMWF ENS,ECMWF ENS | ICON-EU EPS | GEFS,0.0,3,0.0,0,0,0,0,GREEN,БЕЗ ЗНАЧАЈНОГ РИЗИКА,NO SIGNIFICANT RISK,HIGH,ECMWF ENS,ECMWF ENS | ICON-EU EPS | GEFS,0.0,3,0.0,0,0,0,0,GREEN,БЕЗ ЗНАЧАЈНОГ РИЗИКА,NO SIGNIFICANT RISK,HIGH,ECMWF ENS,ECMWF ENS | ICON-EU EPS | GEFS,0.0,3,0.0,0,0,0,0,GREEN,БЕЗ ЗНАЧАЈНОГ РИЗИКА,NO SIGNIFICANT RISK,HIGH,ECMWF ENS,ECMWF ENS | ICON-EU EPS | GEFS,0,GREEN,БЕЗ ЗНАЧАЈНОГ РИЗИКА,NO SIGNIFICANT RISK,NONE,HIGH,12,2026-08-21T06:00:00+00:00,2026-08-21T18:00:00+00:00,STORMS,EXPERIMENTAL,DEVELOPMENTAL MULTIMODEL SIGNAL - NOT CALIBRATED PROBABILITY,PUBLIC OPEN-DATA SERVICES,INDEPENDENT PROJECT - NOT AN OFFICIAL RHMZ WARNING PRODUCT
70394,VELIKO GRADIŠTE,VELIKO GRADIŠTE,ВЕЛИКО ГРАДИШТЕ,0.0,0.0,0.0,0.0,0.0,9.836937430504266,60.28371047973633,9,42,2026-08-21T18:00:00Z,2026-08-20T00:00:00Z,0.0,0.0,0.0,45.2,0.0,4.4,9,0.0,0.0,11,5.3,0.0,7.6,0.0,0.0,0.0,0.0,0.0,0.0,0.0,3,0.0,0,0,0,0,GREEN,БЕЗ ЗНАЧАЈНОГ РИЗИКА,NO SIGNIFICANT RISK,HIGH,ECMWF ENS,ECMWF ENS | ICON-EU EPS | GEFS,0.0,3,0.0,0,0,0,0,GREEN,БЕЗ ЗНАЧАЈНОГ РИЗИКА,NO SIGNIFICANT RISK,HIGH,ECMWF ENS,ECMWF ENS | ICON-EU EPS | GEFS,0.0,3,0.0,0,0,0,0,GREEN,БЕЗ ЗНАЧАЈНОГ РИЗИКА,NO SIGNIFICANT RISK,HIGH,ECMWF ENS,ECMWF ENS | ICON-EU EPS | GEFS,0.0,3,0.0,0,0,0,0,GREEN,БЕЗ ЗНАЧАЈНОГ РИЗИКА,NO SIGNIFICANT RISK,HIGH,ECMWF ENS,ECMWF ENS | ICON-EU EPS | GEFS,0,GREEN,БЕЗ ЗНАЧАЈНОГ РИЗИКА,NO SIGNIFICANT RISK,NONE,HIGH,12,2026-08-21T06:00:00+00:00,2026-08-21T18:00:00+00:00,STORMS,EXPERIMENTAL,DEVELOPMENTAL MULTIMODEL SIGNAL - NOT CALIBRATED PROBABILITY,PUBLIC OPEN-DATA SERVICES,INDEPENDENT PROJECT - NOT AN OFFICIAL RHMZ WARNING PRODUCT
90018,VITINA,VITINA,ВИТИНА,0.0,0.0,0.0,0.0,0.0,5.188447246732325,59.400001525878906,6,42,2026-08-21T18:00:00Z,2026-08-20T00:00:00Z,10.0,0.0,266.9,72.5,0.0,2.6,6,0.0,0.0,9,178.9,0.0,4.9,0.0,0.0,0.0,0.0,0.0,0.0,3.3,3,10.0,1,0,0,0,GREEN,БЕЗ ЗНАЧАЈНОГ РИЗИКА,NO SIGNIFICANT RISK,HIGH,ECMWF ENS,ECMWF ENS | ICON-EU EPS | GEFS,0.0,3,0.0,0,0,0,0,GREEN,БЕЗ ЗНАЧАЈНОГ РИЗИКА,NO SIGNIFICANT RISK,HIGH,ECMWF ENS,ECMWF ENS | ICON-EU EPS | GEFS,0.0,3,0.0,0,0,0,0,GREEN,БЕЗ ЗНАЧАЈНОГ РИЗИКА,NO SIGNIFICANT RISK,HIGH,ECMWF ENS,ECMWF ENS | ICON-EU EPS | GEFS,0.0,3,0.0,0,0,0,0,GREEN,БЕЗ ЗНАЧАЈНОГ РИЗИКА,NO SIGNIFICANT RISK,HIGH,ECMWF ENS,ECMWF ENS | ICON-EU EPS | GEFS,0,GREEN,БЕЗ ЗНАЧАЈНОГ РИЗИКА,NO SIGNIFICANT RISK,NONE,HIGH,12,2026-08-21T06:00:00+00:00,2026-08-21T18:00:00+00:00,STORMS,EXPERIMENTAL,DEVELOPMENTAL MULTIMODEL SIGNAL - NOT CALIBRATED PROBABILITY,PUBLIC OPEN-DATA SERVICES,INDEPENDENT PROJECT - NOT AN OFFICIAL RHMZ WARNING PRODUCT
70408,VLADIMIRCI,VLADIMIRCI,ВЛАДИМИРЦИ,0.0,0.0,0.0,0.0,0.0,9.115284591973715,51.04999923706055,8,42,2026-08-21T18:00:00Z,2026-08-20T00:00:00Z,0.0,0.0,8.8,63.7,0.0,8.8,8,0.0,0.0,10,0.0,0.0,7.5,0.0,0.0,0.0,0.0,0.0,0.0,0.0,3,0.0,0,0,0,0,GREEN,БЕЗ ЗНАЧАЈНОГ РИЗИКА,NO SIGNIFICANT RISK,HIGH,ECMWF ENS,ECMWF ENS | ICON-EU EPS | GEFS,0.0,3,0.0,0,0,0,0,GREEN,БЕЗ ЗНАЧАЈНОГ РИЗИКА,NO SIGNIFICANT RISK,HIGH,ECMWF ENS,ECMWF ENS | ICON-EU EPS | GEFS,0.0,3,0.0,0,0,0,0,GREEN,БЕЗ ЗНАЧАЈНОГ РИЗИКА,NO SIGNIFICANT RISK,HIGH,ECMWF ENS,ECMWF ENS | ICON-EU EPS | GEFS,0.0,3,0.0,0,0,0,0,GREEN,БЕЗ ЗНАЧАЈНОГ РИЗИКА,NO SIGNIFICANT RISK,HIGH,ECMWF ENS,ECMWF ENS | ICON-EU EPS | GEFS,0,GREEN,БЕЗ ЗНАЧАЈНОГ РИЗИКА,NO SIGNIFICANT RISK,NONE,HIGH,12,2026-08-21T06:00:00+00:00,2026-08-21T18:00:00+00:00,STORMS,EXPERIMENTAL,DEVELOPMENTAL MULTIMODEL SIGNAL - NOT CALIBRATED PROBABILITY,PUBLIC OPEN-DATA SERVICES,INDEPENDENT PROJECT - NOT AN OFFICIAL RHMZ WARNING PRODUCT
70416,VLADIČIN HAN,VLADIČIN HAN,ВЛАДИЧИН ХАН,0.0,0.0,0.0,0.0,0.0,6.152728826903008,57.10684776306152,9,42,2026-08-21T18:00:00Z,2026-08-20T00:00:00Z,0.0,0.0,765.0,59.7,0.0,1.7,9,0.0,0.0,10,99.7,0.0,2.7,0.0,0.0,0.0,0.0,0.0,0.0,0.0,3,0.0,0,0,0,0,GREEN,БЕЗ ЗНАЧАЈНОГ РИЗИКА,NO SIGNIFICANT RISK,HIGH,ECMWF ENS,ECMWF ENS | ICON-EU EPS | GEFS,0.0,3,0.0,0,0,0,0,GREEN,БЕЗ ЗНАЧАЈНОГ РИЗИКА,NO SIGNIFICANT RISK,HIGH,ECMWF ENS,ECMWF ENS | ICON-EU EPS | GEFS,0.0,3,0.0,0,0,0,0,GREEN,БЕЗ ЗНАЧАЈНОГ РИЗИКА,NO SIGNIFICANT RISK,HIGH,ECMWF ENS,ECMWF ENS | ICON-EU EPS | GEFS,0.0,3,0.0,0,0,0,0,GREEN,БЕЗ ЗНАЧАЈНОГ РИЗИКА,NO SIGNIFICANT RISK,HIGH,ECMWF ENS,ECMWF ENS | ICON-EU EPS | GEFS,0,GREEN,БЕЗ ЗНАЧАЈНОГ РИЗИКА,NO SIGNIFICANT RISK,NONE,HIGH,12,2026-08-21T06:00:00+00:00,2026-08-21T18:00:00+00:00,STORMS,EXPERIMENTAL,DEVELOPMENTAL MULTIMODEL SIGNAL - NOT CALIBRATED PROBABILITY,PUBLIC OPEN-DATA SERVICES,INDEPENDENT PROJECT - NOT AN OFFICIAL RHMZ WARNING PRODUCT
70424,VLASOTINCE,VLASOTINCE,ВЛАСОТИНЦЕ,0.0,0.0,0.0,0.0,0.0,7.708639884840834,57.10684776306152,9,42,2026-08-21T18:00:00Z,2026-08-20T00:00:00Z,0.0,0.0,774.4,61.9,0.0,1.0,9,0.0,0.0,12,296.1,0.0,3.7,0.0,0.0,0.0,0.0,0.0,0.0,0.0,3,0.0,0,0,0,0,GREEN,БЕЗ ЗНАЧАЈНОГ РИЗИКА,NO SIGNIFICANT RISK,HIGH,ECMWF ENS,ECMWF ENS | ICON-EU EPS | GEFS,0.0,3,0.0,0,0,0,0,GREEN,БЕЗ ЗНАЧАЈНОГ РИЗИКА,NO SIGNIFICANT RISK,HIGH,ECMWF ENS,ECMWF ENS | ICON-EU EPS | GEFS,0.0,3,0.0,0,0,0,0,GREEN,БЕЗ ЗНАЧАЈНОГ РИЗИКА,NO SIGNIFICANT RISK,HIGH,ECMWF ENS,ECMWF ENS | ICON-EU EPS | GEFS,0.0,3,0.0,0,0,0,0,GREEN,БЕЗ ЗНАЧАЈНОГ РИЗИКА,NO SIGNIFICANT RISK,HIGH,ECMWF ENS,ECMWF ENS | ICON-EU EPS | GEFS,0,GREEN,БЕЗ ЗНАЧАЈНОГ РИЗИКА,NO SIGNIFICANT RISK,NONE,HIGH,12,2026-08-21T06:00:00+00:00,2026-08-21T18:00:00+00:00,STORMS,EXPERIMENTAL,DEVELOPMENTAL MULTIMODEL SIGNAL - NOT CALIBRATED PROBABILITY,PUBLIC OPEN-DATA SERVICES,INDEPENDENT PROJECT - NOT AN OFFICIAL RHMZ WARNING PRODUCT
70459,VRNJAČKA BANJA,VRNJAČKA BANJA,ВРЊАЧКА БАЊА,0.0,0.0,0.0,0.0,2.0,6.440122808651896,55.31832313537598,7,42,2026-08-21T18:00:00Z,2026-08-20T00:00:00Z,0.0,0.0,463.6,50.6,0.0,4.8,7,0.0,0.0,11,0.0,0.0,7.7,0.0,0.0,0.0,0.0,0.0,0.0,0.0,3,0.0,0,0,0,0,GREEN,БЕЗ ЗНАЧАЈНОГ РИЗИКА,NO SIGNIFICANT RISK,HIGH,ECMWF ENS,ECMWF ENS | ICON-EU EPS | GEFS,0.0,3,0.0,0,0,0,0,GREEN,БЕЗ ЗНАЧАЈНОГ РИЗИКА,NO SIGNIFICANT RISK,HIGH,ECMWF ENS,ECMWF ENS | ICON-EU EPS | GEFS,0.0,3,0.0,0,0,0,0,GREEN,БЕЗ ЗНАЧАЈНОГ РИЗИКА,NO SIGNIFICANT RISK,HIGH,ECMWF ENS,ECMWF ENS | ICON-EU EPS | GEFS,0.0,3,0.0,0,0,0,0,GREEN,БЕЗ ЗНАЧАЈНОГ РИЗИКА,NO SIGNIFICANT RISK,HIGH,ECMWF ENS,ECMWF ENS | ICON-EU EPS | GEFS,0,GREEN,БЕЗ ЗНАЧАЈНОГ РИЗИКА,NO SIGNIFICANT RISK,NONE,HIGH,12,2026-08-21T06:00:00+00:00,2026-08-21T18:00:00+00:00,STORMS,EXPERIMENTAL,DEVELOPMENTAL MULTIMODEL SIGNAL - NOT CALIBRATED PROBABILITY,PUBLIC OPEN-DATA SERVICES,INDEPENDENT PROJECT - NOT AN OFFICIAL RHMZ WARNING PRODUCT
70432,VRANJE-GRAD,VRANJE-GRAD,ВРАЊЕ-ГРАД,0.0,0.0,0.0,0.0,0.0,4.807316809398074,57.400001525878906,14,42,2026-08-21T18:00:00Z,2026-08-20T00:00:00Z,2.0,0.0,430.6,65.7,0.0,4.6,14,0.0,0.0,11,79.9,0.0,2.6,0.0,0.0,0.0,0.0,0.0,0.0,0.7,3,2.0,0,0,0,0,GREEN,БЕЗ ЗНАЧАЈНОГ РИЗИКА,NO SIGNIFICANT RISK,HIGH,ECMWF ENS,ECMWF ENS | ICON-EU EPS | GEFS,0.0,3,0.0,0,0,0,0,GREEN,БЕЗ ЗНАЧАЈНОГ РИЗИКА,NO SIGNIFICANT RISK,HIGH,ECMWF ENS,ECMWF ENS | ICON-EU EPS | GEFS,0.0,3,0.0,0,0,0,0,GREEN,БЕЗ ЗНАЧАЈНОГ РИЗИКА,NO SIGNIFICANT RISK,HIGH,ECMWF ENS,ECMWF ENS | ICON-EU EPS | GEFS,0.0,3,0.0,0,0,0,0,GREEN,БЕЗ ЗНАЧАЈНОГ РИЗИКА,NO SIGNIFICANT RISK,HIGH,ECMWF ENS,ECMWF ENS | ICON-EU EPS | GEFS,0,GREEN,БЕЗ ЗНАЧАЈНОГ РИЗИКА,NO SIGNIFICANT RISK,NONE,HIGH,12,2026-08-21T06:00:00+00:00,2026-08-21T18:00:00+00:00,STORMS,EXPERIMENTAL,DEVELOPMENTAL MULTIMODEL SIGNAL - NOT CALIBRATED PROBABILITY,PUBLIC OPEN-DATA SERVICES,INDEPENDENT PROJECT - NOT AN OFFICIAL RHMZ WARNING PRODUCT
80462,VRBAS,VRBAS,ВРБАС,0.0,0.0,0.0,0.0,0.0,11.977293681651508,59.353492736816406,8,42,2026-08-21T18:00:00Z,2026-08-20T00:00:00Z,6.0,6.0,45.8,78.4,0.0,10.9,8,0.0,0.0,12,0.0,0.0,12.7,0.0,0.0,0.0,0.0,0.0,0.0,2.0,3,6.0,0,0,0,0,GREEN,БЕЗ ЗНАЧАЈНОГ РИЗИКА,NO SIGNIFICANT RISK,HIGH,ECMWF ENS,ECMWF ENS | ICON-EU EPS | GEFS,0.0,3,0.0,0,0,0,0,GREEN,БЕЗ ЗНАЧАЈНОГ РИЗИКА,NO SIGNIFICANT RISK,HIGH,ECMWF ENS,ECMWF ENS | ICON-EU EPS | GEFS,0.0,3,0.0,0,0,0,0,GREEN,БЕЗ ЗНАЧАЈНОГ РИЗИКА,NO SIGNIFICANT RISK,HIGH,ECMWF ENS,ECMWF ENS | ICON-EU EPS | GEFS,0.0,3,0.0,0,0,0,0,GREEN,БЕЗ ЗНАЧАЈНОГ РИЗИКА,NO SIGNIFICANT RISK,HIGH,ECMWF ENS,ECMWF ENS | ICON-EU EPS | GEFS,0,GREEN,БЕЗ ЗНАЧАЈНОГ РИЗИКА,NO SIGNIFICANT RISK,NONE,HIGH,12,2026-08-21T06:00:00+00:00,2026-08-21T18:00:00+00:00,STORMS,EXPERIMENTAL,DEVELOPMENTAL MULTIMODEL SIGNAL - NOT CALIBRATED PROBABILITY,PUBLIC OPEN-DATA SERVICES,INDEPENDENT PROJECT - NOT AN OFFICIAL RHMZ WARNING PRODUCT
80128,VRŠAC,VRŠAC,ВРШАЦ,0.0,0.0,0.0,0.0,0.0,10.149255097488783,60.81325149536133,10,42,2026-08-21T18:00:00Z,2026-08-20T00:00:00Z,0.0,0.0,0.0,38.9,0.0,6.4,10,0.0,0.0,10,0.0,0.0,7.7,0.0,0.0,0.0,0.0,0.0,0.0,0.0,3,0.0,0,0,0,0,GREEN,БЕЗ ЗНАЧАЈНОГ РИЗИКА,NO SIGNIFICANT RISK,HIGH,ECMWF ENS,ECMWF ENS | ICON-EU EPS | GEFS,0.0,3,0.0,0,0,0,0,GREEN,БЕЗ ЗНАЧАЈНОГ РИЗИКА,NO SIGNIFICANT RISK,HIGH,ECMWF ENS,ECMWF ENS | ICON-EU EPS | GEFS,0.0,3,0.0,0,0,0,0,GREEN,БЕЗ ЗНАЧАЈНОГ РИЗИКА,NO SIGNIFICANT RISK,HIGH,ECMWF ENS,ECMWF ENS | ICON-EU EPS | GEFS,0.0,3,0.0,0,0,0,0,GREEN,БЕЗ ЗНАЧАЈНОГ РИЗИКА,NO SIGNIFICANT RISK,HIGH,ECMWF ENS,ECMWF ENS | ICON-EU EPS | GEFS,0,GREEN,БЕЗ ЗНАЧАЈНОГ РИЗИКА,NO SIGNIFICANT RISK,NONE,HIGH,12,2026-08-21T06:00:00+00:00,2026-08-21T18:00:00+00:00,STORMS,EXPERIMENTAL,DEVELOPMENTAL MULTIMODEL SIGNAL - NOT CALIBRATED PROBABILITY,PUBLIC OPEN-DATA SERVICES,INDEPENDENT PROJECT - NOT AN OFFICIAL RHMZ WARNING PRODUCT
90026,VUČITRN,VUČITRN,ВУЧИТРН,0.0,0.0,0.0,0.0,0.0,6.57521765409167,58.400001525878906,7,42,2026-08-21T18:00:00Z,2026-08-20T00:00:00Z,0.0,0.0,0.0,52.9,0.0,3.3,7,0.0,0.0,10,0.0,0.0,4.1,0.0,0.0,0.0,0.0,0.0,0.0,0.0,3,0.0,0,0,0,0,GREEN,БЕЗ ЗНАЧАЈНОГ РИЗИКА,NO SIGNIFICANT RISK,HIGH,ECMWF ENS,ECMWF ENS | ICON-EU EPS | GEFS,0.0,3,0.0,0,0,0,0,GREEN,БЕЗ ЗНАЧАЈНОГ РИЗИКА,NO SIGNIFICANT RISK,HIGH,ECMWF ENS,ECMWF ENS | ICON-EU EPS | GEFS,0.0,3,0.0,0,0,0,0,GREEN,БЕЗ ЗНАЧАЈНОГ РИЗИКА,NO SIGNIFICANT RISK,HIGH,ECMWF ENS,ECMWF ENS | ICON-EU EPS | GEFS,0.0,3,0.0,0,0,0,0,GREEN,БЕЗ ЗНАЧАЈНОГ РИЗИКА,NO SIGNIFICANT RISK,HIGH,ECMWF ENS,ECMWF ENS | ICON-EU EPS | GEFS,0,GREEN,БЕЗ ЗНАЧАЈНОГ РИЗИКА,NO SIGNIFICANT RISK,NONE,HIGH,12,2026-08-21T06:00:00+00:00,2026-08-21T18:00:00+00:00,STORMS,EXPERIMENTAL,DEVELOPMENTAL MULTIMODEL SIGNAL - NOT CALIBRATED PROBABILITY,PUBLIC OPEN-DATA SERVICES,INDEPENDENT PROJECT - NOT AN OFFICIAL RHMZ WARNING PRODUCT
90042,GNJILANE,GNJILANE,ГЊИЛАНЕ,0.0,0.0,0.0,0.0,0.0,6.57521765409167,58.400001525878906,9,42,2026-08-21T18:00:00Z,2026-08-20T00:00:00Z,8.0,0.0,548.5,74.9,0.0,4.1,9,0.0,0.0,10,99.6,0.0,5.0,0.0,0.0,0.0,0.0,0.0,0.0,2.7,3,8.0,0,0,0,0,GREEN,БЕЗ ЗНАЧАЈНОГ РИЗИКА,NO SIGNIFICANT RISK,HIGH,ECMWF ENS,ECMWF ENS | ICON-EU EPS | GEFS,0.0,3,0.0,0,0,0,0,GREEN,БЕЗ ЗНАЧАЈНОГ РИЗИКА,NO SIGNIFICANT RISK,HIGH,ECMWF ENS,ECMWF ENS | ICON-EU EPS | GEFS,0.0,3,0.0,0,0,0,0,GREEN,БЕЗ ЗНАЧАЈНОГ РИЗИКА,NO SIGNIFICANT RISK,HIGH,ECMWF ENS,ECMWF ENS | ICON-EU EPS | GEFS,0.0,3,0.0,0,0,0,0,GREEN,БЕЗ ЗНАЧАЈНОГ РИЗИКА,NO SIGNIFICANT RISK,HIGH,ECMWF ENS,ECMWF ENS | ICON-EU EPS | GEFS,0,GREEN,БЕЗ ЗНАЧАЈНОГ РИЗИКА,NO SIGNIFICANT RISK,NONE,HIGH,12,2026-08-21T06:00:00+00:00,2026-08-21T18:00:00+00:00,STORMS,EXPERIMENTAL,DEVELOPMENTAL MULTIMODEL SIGNAL - NOT CALIBRATED PROBABILITY,PUBLIC OPEN-DATA SERVICES,INDEPENDENT PROJECT - NOT AN OFFICIAL RHMZ WARNING PRODUCT
70467,GADŽIN HAN,GADŽIN HAN,ГАЏИН ХАН,0.0,0.0,0.0,0.0,0.0,7.909257273059958,57.44999885559082,8,42,2026-08-21T18:00:00Z,2026-08-20T00:00:00Z,0.0,0.0,327.6,59.7,0.0,1.4,8,0.0,0.0,11,192.9,0.0,3.9,0.0,0.0,0.0,0.0,0.0,0.0,0.0,3,0.0,0,0,0,0,GREEN,БЕЗ ЗНАЧАЈНОГ РИЗИКА,NO SIGNIFICANT RISK,HIGH,ECMWF ENS,ECMWF ENS | ICON-EU EPS | GEFS,0.0,3,0.0,0,0,0,0,GREEN,БЕЗ ЗНАЧАЈНОГ РИЗИКА,NO SIGNIFICANT RISK,HIGH,ECMWF ENS,ECMWF ENS | ICON-EU EPS | GEFS,0.0,3,0.0,0,0,0,0,GREEN,БЕЗ ЗНАЧАЈНОГ РИЗИКА,NO SIGNIFICANT RISK,HIGH,ECMWF ENS,ECMWF ENS | ICON-EU EPS | GEFS,0.0,3,0.0,0,0,0,0,GREEN,БЕЗ ЗНАЧАЈНОГ РИЗИКА,NO SIGNIFICANT RISK,HIGH,ECMWF ENS,ECMWF ENS | ICON-EU EPS | GEFS,0,GREEN,БЕЗ ЗНАЧАЈНОГ РИЗИКА,NO SIGNIFICANT RISK,NONE,HIGH,12,2026-08-21T06:00:00+00:00,2026-08-21T18:00:00+00:00,STORMS,EXPERIMENTAL,DEVELOPMENTAL MULTIMODEL SIGNAL - NOT CALIBRATED PROBABILITY,PUBLIC OPEN-DATA SERVICES,INDEPENDENT PROJECT - NOT AN OFFICIAL RHMZ WARNING PRODUCT
90034,GLOGOVAC,GLOGOVAC,ГЛОГОВАЦ,0.0,0.0,0.0,0.0,0.0,6.57521765409167,58.45684814453125,8,42,2026-08-21T18:00:00Z,2026-08-20T00:00:00Z,0.0,0.0,0.0,35.3,0.0,2.8,8,0.0,0.0,11,0.0,0.0,5.6,0.0,0.0,0.0,0.0,0.0,0.0,0.0,3,0.0,0,0,0,0,GREEN,БЕЗ ЗНАЧАЈНОГ РИЗИКА,NO SIGNIFICANT RISK,HIGH,ECMWF ENS,ECMWF ENS | ICON-EU EPS | GEFS,0.0,3,0.0,0,0,0,0,GREEN,БЕЗ ЗНАЧАЈНОГ РИЗИКА,NO SIGNIFICANT RISK,HIGH,ECMWF ENS,ECMWF ENS | ICON-EU EPS | GEFS,0.0,3,0.0,0,0,0,0,GREEN,БЕЗ ЗНАЧАЈНОГ РИЗИКА,NO SIGNIFICANT RISK,HIGH,ECMWF ENS,ECMWF ENS | ICON-EU EPS | GEFS,0.0,3,0.0,0,0,0,0,GREEN,БЕЗ ЗНАЧАЈНОГ РИЗИКА,NO SIGNIFICANT RISK,HIGH,ECMWF ENS,ECMWF ENS | ICON-EU EPS | GEFS,0,GREEN,БЕЗ ЗНАЧАЈНОГ РИЗИКА,NO SIGNIFICANT RISK,NONE,HIGH,12,2026-08-21T06:00:00+00:00,2026-08-21T18:00:00+00:00,STORMS,EXPERIMENTAL,DEVELOPMENTAL MULTIMODEL SIGNAL - NOT CALIBRATED PROBABILITY,PUBLIC OPEN-DATA SERVICES,INDEPENDENT PROJECT - NOT AN OFFICIAL RHMZ WARNING PRODUCT
70475,GOLUBAC,GOLUBAC,ГОЛУБАЦ,0.0,0.0,0.0,0.0,0.0,11.515112998865034,60.60000038146973,10,42,2026-08-21T18:00:00Z,2026-08-20T00:00:00Z,0.0,0.0,59.1,51.0,0.0,3.9,10,0.0,0.0,12,20.2,0.0,9.8,0.0,0.0,0.0,0.0,0.0,0.0,0.0,3,0.0,0,0,0,0,GREEN,БЕЗ ЗНАЧАЈНОГ РИЗИКА,NO SIGNIFICANT RISK,HIGH,ECMWF ENS,ECMWF ENS | ICON-EU EPS | GEFS,0.0,3,0.0,0,0,0,0,GREEN,БЕЗ ЗНАЧАЈНОГ РИЗИКА,NO SIGNIFICANT RISK,HIGH,ECMWF ENS,ECMWF ENS | ICON-EU EPS | GEFS,0.0,3,0.0,0,0,0,0,GREEN,БЕЗ ЗНАЧАЈНОГ РИЗИКА,NO SIGNIFICANT RISK,HIGH,ECMWF ENS,ECMWF ENS | ICON-EU EPS | GEFS,0.0,3,0.0,0,0,0,0,GREEN,БЕЗ ЗНАЧАЈНОГ РИЗИКА,NO SIGNIFICANT RISK,HIGH,ECMWF ENS,ECMWF ENS | ICON-EU EPS | GEFS,0,GREEN,БЕЗ ЗНАЧАЈНОГ РИЗИКА,NO SIGNIFICANT RISK,NONE,HIGH,12,2026-08-21T06:00:00+00:00,2026-08-21T18:00:00+00:00,STORMS,EXPERIMENTAL,DEVELOPMENTAL MULTIMODEL SIGNAL - NOT CALIBRATED PROBABILITY,PUBLIC OPEN-DATA SERVICES,INDEPENDENT PROJECT - NOT AN OFFICIAL RHMZ WARNING PRODUCT
70483,GORNJI MILANOVAC,GORNJI MILANOVAC,ГОРЊИ МИЛАНОВАЦ,0.0,0.0,0.0,0.0,1.0,6.54474380950542,56.033522605896,10,42,2026-08-21T18:00:00Z,2026-08-20T00:00:00Z,0.0,0.0,153.4,49.1,0.0,3.8,10,0.0,0.0,11,0.0,0.0,7.6,0.0,0.0,0.0,0.0,0.0,0.0,0.0,3,0.0,0,0,0,0,GREEN,БЕЗ ЗНАЧАЈНОГ РИЗИКА,NO SIGNIFICANT RISK,HIGH,ECMWF ENS,ECMWF ENS | ICON-EU EPS | GEFS,0.0,3,0.0,0,0,0,0,GREEN,БЕЗ ЗНАЧАЈНОГ РИЗИКА,NO SIGNIFICANT RISK,HIGH,ECMWF ENS,ECMWF ENS | ICON-EU EPS | GEFS,0.0,3,0.0,0,0,0,0,GREEN,БЕЗ ЗНАЧАЈНОГ РИЗИКА,NO SIGNIFICANT RISK,HIGH,ECMWF ENS,ECMWF ENS | ICON-EU EPS | GEFS,0.0,3,0.0,0,0,0,0,GREEN,БЕЗ ЗНАЧАЈНОГ РИЗИКА,NO SIGNIFICANT RISK,HIGH,ECMWF ENS,ECMWF ENS | ICON-EU EPS | GEFS,0,GREEN,БЕЗ ЗНАЧАЈНОГ РИЗИКА,NO SIGNIFICANT RISK,NONE,HIGH,12,2026-08-21T06:00:00+00:00,2026-08-21T18:00:00+00:00,STORMS,EXPERIMENTAL,DEVELOPMENTAL MULTIMODEL SIGNAL - NOT CALIBRATED PROBABILITY,PUBLIC OPEN-DATA SERVICES,INDEPENDENT PROJECT - NOT AN OFFICIAL RHMZ WARNING PRODUCT
90336,GORA,GORA,ГОРА,0.0,0.0,0.0,0.0,0.0,3.53942863773628,60.10684967041016,7,42,2026-08-21T18:00:00Z,2026-08-20T00:00:00Z,22.0,0.0,1077.0,82.6,0.0,2.9,7,0.0,0.0,10,0.0,0.0,4.2,0.0,0.0,0.0,0.0,0.0,0.0,7.3,3,22.0,1,0,0,0,GREEN,БЕЗ ЗНАЧАЈНОГ РИЗИКА,NO SIGNIFICANT RISK,MODERATE,ECMWF ENS,ECMWF ENS | ICON-EU EPS | GEFS,0.0,3,0.0,0,0,0,0,GREEN,БЕЗ ЗНАЧАЈНОГ РИЗИКА,NO SIGNIFICANT RISK,HIGH,ECMWF ENS,ECMWF ENS | ICON-EU EPS | GEFS,0.0,3,0.0,0,0,0,0,GREEN,БЕЗ ЗНАЧАЈНОГ РИЗИКА,NO SIGNIFICANT RISK,HIGH,ECMWF ENS,ECMWF ENS | ICON-EU EPS | GEFS,0.0,3,0.0,0,0,0,0,GREEN,БЕЗ ЗНАЧАЈНОГ РИЗИКА,NO SIGNIFICANT RISK,HIGH,ECMWF ENS,ECMWF ENS | ICON-EU EPS | GEFS,0,GREEN,БЕЗ ЗНАЧАЈНОГ РИЗИКА,NO SIGNIFICANT RISK,NONE,MODERATE,12,2026-08-21T06:00:00+00:00,2026-08-21T18:00:00+00:00,STORMS,EXPERIMENTAL,DEVELOPMENTAL MULTIMODEL SIGNAL - NOT CALIBRATED PROBABILITY,PUBLIC OPEN-DATA SERVICES,INDEPENDENT PROJECT - NOT AN OFFICIAL RHMZ WARNING PRODUCT
70491,DESPOTOVAC,DESPOTOVAC,ДЕСПОТОВАЦ,0.0,0.0,0.0,0.0,1.0,11.327354928070957,58.50684928894043,11,42,2026-08-21T18:00:00Z,2026-08-20T00:00:00Z,0.0,0.0,0.0,55.6,0.0,7.8,11,0.0,0.0,9,5.8,0.0,8.4,0.0,0.0,0.0,0.0,0.0,0.0,0.0,3,0.0,0,0,0,0,GREEN,БЕЗ ЗНАЧАЈНОГ РИЗИКА,NO SIGNIFICANT RISK,HIGH,ECMWF ENS,ECMWF ENS | ICON-EU EPS | GEFS,0.0,3,0.0,0,0,0,0,GREEN,БЕЗ ЗНАЧАЈНОГ РИЗИКА,NO SIGNIFICANT RISK,HIGH,ECMWF ENS,ECMWF ENS | ICON-EU EPS | GEFS,0.0,3,0.0,0,0,0,0,GREEN,БЕЗ ЗНАЧАЈНОГ РИЗИКА,NO SIGNIFICANT RISK,HIGH,ECMWF ENS,ECMWF ENS | ICON-EU EPS | GEFS,0.0,3,0.0,0,0,0,0,GREEN,БЕЗ ЗНАЧАЈНОГ РИЗИКА,NO SIGNIFICANT RISK,HIGH,ECMWF ENS,ECMWF ENS | ICON-EU EPS | GEFS,0,GREEN,БЕЗ ЗНАЧАЈНОГ РИЗИКА,NO SIGNIFICANT RISK,NONE,HIGH,12,2026-08-21T06:00:00+00:00,2026-08-21T18:00:00+00:00,STORMS,EXPERIMENTAL,DEVELOPMENTAL MULTIMODEL SIGNAL - NOT CALIBRATED PROBABILITY,PUBLIC OPEN-DATA SERVICES,INDEPENDENT PROJECT - NOT AN OFFICIAL RHMZ WARNING PRODUCT
90069,DEČANI,DEČANI,ДЕЧАНИ,0.0,0.0,0.0,0.0,0.0,5.171629887293236,58.45684814453125,9,42,2026-08-21T18:00:00Z,2026-08-20T00:00:00Z,0.0,0.0,0.0,23.5,0.0,1.8,9,0.0,0.0,11,0.1,0.0,6.1,0.0,0.0,0.0,0.0,0.0,0.0,0.0,3,0.0,0,0,0,0,GREEN,БЕЗ ЗНАЧАЈНОГ РИЗИКА,NO SIGNIFICANT RISK,HIGH,ECMWF ENS,ECMWF ENS | ICON-EU EPS | GEFS,0.0,3,0.0,0,0,0,0,GREEN,БЕЗ ЗНАЧАЈНОГ РИЗИКА,NO SIGNIFICANT RISK,HIGH,ECMWF ENS,ECMWF ENS | ICON-EU EPS | GEFS,0.0,3,0.0,0,0,0,0,GREEN,БЕЗ ЗНАЧАЈНОГ РИЗИКА,NO SIGNIFICANT RISK,HIGH,ECMWF ENS,ECMWF ENS | ICON-EU EPS | GEFS,0.0,3,0.0,0,0,0,0,GREEN,БЕЗ ЗНАЧАЈНОГ РИЗИКА,NO SIGNIFICANT RISK,HIGH,ECMWF ENS,ECMWF ENS | ICON-EU EPS | GEFS,0,GREEN,БЕЗ ЗНАЧАЈНОГ РИЗИКА,NO SIGNIFICANT RISK,NONE,HIGH,12,2026-08-21T06:00:00+00:00,2026-08-21T18:00:00+00:00,STORMS,EXPERIMENTAL,DEVELOPMENTAL MULTIMODEL SIGNAL - NOT CALIBRATED PROBABILITY,PUBLIC OPEN-DATA SERVICES,INDEPENDENT PROJECT - NOT AN OFFICIAL RHMZ WARNING PRODUCT
70505,DIMITROVGRAD,DIMITROVGRAD,ДИМИТРОВГРАД,0.0,0.0,0.0,0.0,0.0,8.230592487431105,57.44999885559082,10,42,2026-08-21T18:00:00Z,2026-08-20T00:00:00Z,0.0,0.0,1232.2,77.3,0.0,2.9,10,0.0,0.0,12,232.8,0.0,4.1,0.0,0.0,0.0,0.0,0.0,0.0,0.0,3,0.0,0,0,0,0,GREEN,БЕЗ ЗНАЧАЈНОГ РИЗИКА,NO SIGNIFICANT RISK,HIGH,ECMWF ENS,ECMWF ENS | ICON-EU EPS | GEFS,0.0,3,0.0,0,0,0,0,GREEN,БЕЗ ЗНАЧАЈНОГ РИЗИКА,NO SIGNIFICANT RISK,HIGH,ECMWF ENS,ECMWF ENS | ICON-EU EPS | GEFS,0.0,3,0.0,0,0,0,0,GREEN,БЕЗ ЗНАЧАЈНОГ РИЗИКА,NO SIGNIFICANT RISK,HIGH,ECMWF ENS,ECMWF ENS | ICON-EU EPS | GEFS,0.0,3,0.0,0,0,0,0,GREEN,БЕЗ ЗНАЧАЈНОГ РИЗИКА,NO SIGNIFICANT RISK,HIGH,ECMWF ENS,ECMWF ENS | ICON-EU EPS | GEFS,0,GREEN,БЕЗ ЗНАЧАЈНОГ РИЗИКА,NO SIGNIFICANT RISK,NONE,HIGH,12,2026-08-21T06:00:00+00:00,2026-08-21T18:00:00+00:00,STORMS,EXPERIMENTAL,DEVELOPMENTAL MULTIMODEL SIGNAL - NOT CALIBRATED PROBABILITY,PUBLIC OPEN-DATA SERVICES,INDEPENDENT PROJECT - NOT AN OFFICIAL RHMZ WARNING PRODUCT
70513,DOLJEVAC,DOLJEVAC,ДОЉЕВАЦ,0.0,0.0,0.0,0.0,0.0,5.768124972892865,56.030839920043945,5,42,2026-08-21T18:00:00Z,2026-08-20T00:00:00Z,0.0,0.0,0.0,56.7,0.0,1.2,5,0.0,0.0,10,139.6,0.0,3.4,0.0,0.0,0.0,0.0,0.0,0.0,0.0,3,0.0,0,0,0,0,GREEN,БЕЗ ЗНАЧАЈНОГ РИЗИКА,NO SIGNIFICANT RISK,HIGH,ECMWF ENS,ECMWF ENS | ICON-EU EPS | GEFS,0.0,3,0.0,0,0,0,0,GREEN,БЕЗ ЗНАЧАЈНОГ РИЗИКА,NO SIGNIFICANT RISK,HIGH,ECMWF ENS,ECMWF ENS | ICON-EU EPS | GEFS,0.0,3,0.0,0,0,0,0,GREEN,БЕЗ ЗНАЧАЈНОГ РИЗИКА,NO SIGNIFICANT RISK,HIGH,ECMWF ENS,ECMWF ENS | ICON-EU EPS | GEFS,0.0,3,0.0,0,0,0,0,GREEN,БЕЗ ЗНАЧАЈНОГ РИЗИКА,NO SIGNIFICANT RISK,HIGH,ECMWF ENS,ECMWF ENS | ICON-EU EPS | GEFS,0,GREEN,БЕЗ ЗНАЧАЈНОГ РИЗИКА,NO SIGNIFICANT RISK,NONE,HIGH,12,2026-08-21T06:00:00+00:00,2026-08-21T18:00:00+00:00,STORMS,EXPERIMENTAL,DEVELOPMENTAL MULTIMODEL SIGNAL - NOT CALIBRATED PROBABILITY,PUBLIC OPEN-DATA SERVICES,INDEPENDENT PROJECT - NOT AN OFFICIAL RHMZ WARNING PRODUCT
80136,ŽABALJ,ŽABALJ,ЖАБАЉ,0.0,0.0,0.0,0.0,0.0,10.822983685793975,49.30349349975586,8,42,2026-08-21T18:00:00Z,2026-08-20T00:00:00Z,0.0,0.0,0.0,67.9,0.0,9.4,8,0.0,0.0,12,0.0,0.0,10.4,0.0,0.0,0.0,0.0,0.0,0.0,0.0,3,0.0,0,0,0,0,GREEN,БЕЗ ЗНАЧАЈНОГ РИЗИКА,NO SIGNIFICANT RISK,HIGH,ECMWF ENS,ECMWF ENS | ICON-EU EPS | GEFS,0.0,3,0.0,0,0,0,0,GREEN,БЕЗ ЗНАЧАЈНОГ РИЗИКА,NO SIGNIFICANT RISK,HIGH,ECMWF ENS,ECMWF ENS | ICON-EU EPS | GEFS,0.0,3,0.0,0,0,0,0,GREEN,БЕЗ ЗНАЧАЈНОГ РИЗИКА,NO SIGNIFICANT RISK,HIGH,ECMWF ENS,ECMWF ENS | ICON-EU EPS | GEFS,0.0,3,0.0,0,0,0,0,GREEN,БЕЗ ЗНАЧАЈНОГ РИЗИКА,NO SIGNIFICANT RISK,HIGH,ECMWF ENS,ECMWF ENS | ICON-EU EPS | GEFS,0,GREEN,БЕЗ ЗНАЧАЈНОГ РИЗИКА,NO SIGNIFICANT RISK,NONE,HIGH,12,2026-08-21T06:00:00+00:00,2026-08-21T18:00:00+00:00,STORMS,EXPERIMENTAL,DEVELOPMENTAL MULTIMODEL SIGNAL - NOT CALIBRATED PROBABILITY,PUBLIC OPEN-DATA SERVICES,INDEPENDENT PROJECT - NOT AN OFFICIAL RHMZ WARNING PRODUCT
70521,ŽABARI,ŽABARI,ЖАБАРИ,0.0,0.0,0.0,0.0,0.0,8.120177768758678,59.100284576416016,6,42,2026-08-21T18:00:00Z,2026-08-20T00:00:00Z,0.0,0.0,0.0,52.0,0.0,6.4,6,0.0,0.0,11,0.0,0.0,7.8,0.0,0.0,0.0,0.0,0.0,0.0,0.0,3,0.0,0,0,0,0,GREEN,БЕЗ ЗНАЧАЈНОГ РИЗИКА,NO SIGNIFICANT RISK,HIGH,ECMWF ENS,ECMWF ENS | ICON-EU EPS | GEFS,0.0,3,0.0,0,0,0,0,GREEN,БЕЗ ЗНАЧАЈНОГ РИЗИКА,NO SIGNIFICANT RISK,HIGH,ECMWF ENS,ECMWF ENS | ICON-EU EPS | GEFS,0.0,3,0.0,0,0,0,0,GREEN,БЕЗ ЗНАЧАЈНОГ РИЗИКА,NO SIGNIFICANT RISK,HIGH,ECMWF ENS,ECMWF ENS | ICON-EU EPS | GEFS,0.0,3,0.0,0,0,0,0,GREEN,БЕЗ ЗНАЧАЈНОГ РИЗИКА,NO SIGNIFICANT RISK,HIGH,ECMWF ENS,ECMWF ENS | ICON-EU EPS | GEFS,0,GREEN,БЕЗ ЗНАЧАЈНОГ РИЗИКА,NO SIGNIFICANT RISK,NONE,HIGH,12,2026-08-21T06:00:00+00:00,2026-08-21T18:00:00+00:00,STORMS,EXPERIMENTAL,DEVELOPMENTAL MULTIMODEL SIGNAL - NOT CALIBRATED PROBABILITY,PUBLIC OPEN-DATA SERVICES,INDEPENDENT PROJECT - NOT AN OFFICIAL RHMZ WARNING PRODUCT
70530,ŽAGUBICA,ŽAGUBICA,ЖАГУБИЦА,0.0,0.0,0.0,0.0,0.0,11.515112998865034,59.82499885559082,11,42,2026-08-21T18:00:00Z,2026-08-20T00:00:00Z,0.0,0.0,258.9,55.3,0.0,4.2,11,0.0,0.0,9,20.7,0.0,9.4,0.0,0.0,0.0,0.0,0.0,0.0,0.0,3,0.0,0,0,0,0,GREEN,БЕЗ ЗНАЧАЈНОГ РИЗИКА,NO SIGNIFICANT RISK,HIGH,ECMWF ENS,ECMWF ENS | ICON-EU EPS | GEFS,0.0,3,0.0,0,0,0,0,GREEN,БЕЗ ЗНАЧАЈНОГ РИЗИКА,NO SIGNIFICANT RISK,HIGH,ECMWF ENS,ECMWF ENS | ICON-EU EPS | GEFS,0.0,3,0.0,0,0,0,0,GREEN,БЕЗ ЗНАЧАЈНОГ РИЗИКА,NO SIGNIFICANT RISK,HIGH,ECMWF ENS,ECMWF ENS | ICON-EU EPS | GEFS,0.0,3,0.0,0,0,0,0,GREEN,БЕЗ ЗНАЧАЈНОГ РИЗИКА,NO SIGNIFICANT RISK,HIGH,ECMWF ENS,ECMWF ENS | ICON-EU EPS | GEFS,0,GREEN,БЕЗ ЗНАЧАЈНОГ РИЗИКА,NO SIGNIFICANT RISK,NONE,HIGH,12,2026-08-21T06:00:00+00:00,2026-08-21T18:00:00+00:00,STORMS,EXPERIMENTAL,DEVELOPMENTAL MULTIMODEL SIGNAL - NOT CALIBRATED PROBABILITY,PUBLIC OPEN-DATA SERVICES,INDEPENDENT PROJECT - NOT AN OFFICIAL RHMZ WARNING PRODUCT
80144,ŽITIŠTE,ŽITIŠTE,ЖИТИШТЕ,0.0,0.0,0.0,0.0,0.0,10.485148017155296,57.900001525878906,10,42,2026-08-21T18:00:00Z,2026-08-20T00:00:00Z,0.0,0.0,0.0,58.7,0.0,9.0,10,0.0,0.0,11,0.0,0.0,9.6,0.0,0.0,0.0,0.0,0.0,0.0,0.0,3,0.0,0,0,0,0,GREEN,БЕЗ ЗНАЧАЈНОГ РИЗИКА,NO SIGNIFICANT RISK,HIGH,ECMWF ENS,ECMWF ENS | ICON-EU EPS | GEFS,0.0,3,0.0,0,0,0,0,GREEN,БЕЗ ЗНАЧАЈНОГ РИЗИКА,NO SIGNIFICANT RISK,HIGH,ECMWF ENS,ECMWF ENS | ICON-EU EPS | GEFS,0.0,3,0.0,0,0,0,0,GREEN,БЕЗ ЗНАЧАЈНОГ РИЗИКА,NO SIGNIFICANT RISK,HIGH,ECMWF ENS,ECMWF ENS | ICON-EU EPS | GEFS,0.0,3,0.0,0,0,0,0,GREEN,БЕЗ ЗНАЧАЈНОГ РИЗИКА,NO SIGNIFICANT RISK,HIGH,ECMWF ENS,ECMWF ENS | ICON-EU EPS | GEFS,0,GREEN,БЕЗ ЗНАЧАЈНОГ РИЗИКА,NO SIGNIFICANT RISK,NONE,HIGH,12,2026-08-21T06:00:00+00:00,2026-08-21T18:00:00+00:00,STORMS,EXPERIMENTAL,DEVELOPMENTAL MULTIMODEL SIGNAL - NOT CALIBRATED PROBABILITY,PUBLIC OPEN-DATA SERVICES,INDEPENDENT PROJECT - NOT AN OFFICIAL RHMZ WARNING PRODUCT
70548,ŽITORAĐA,ŽITORAĐA,ЖИТОРАЂА,0.0,0.0,0.0,0.0,0.0,5.768124972892865,56.030839920043945,6,42,2026-08-21T18:00:00Z,2026-08-20T00:00:00Z,0.0,0.0,0.0,56.7,0.0,1.2,6,0.0,0.0,13,167.3,0.0,3.1,0.0,0.0,0.0,0.0,0.0,0.0,0.0,3,0.0,0,0,0,0,GREEN,БЕЗ ЗНАЧАЈНОГ РИЗИКА,NO SIGNIFICANT RISK,HIGH,ECMWF ENS,ECMWF ENS | ICON-EU EPS | GEFS,0.0,3,0.0,0,0,0,0,GREEN,БЕЗ ЗНАЧАЈНОГ РИЗИКА,NO SIGNIFICANT RISK,HIGH,ECMWF ENS,ECMWF ENS | ICON-EU EPS | GEFS,0.0,3,0.0,0,0,0,0,GREEN,БЕЗ ЗНАЧАЈНОГ РИЗИКА,NO SIGNIFICANT RISK,HIGH,ECMWF ENS,ECMWF ENS | ICON-EU EPS | GEFS,0.0,3,0.0,0,0,0,0,GREEN,БЕЗ ЗНАЧАЈНОГ РИЗИКА,NO SIGNIFICANT RISK,HIGH,ECMWF ENS,ECMWF ENS | ICON-EU EPS | GEFS,0,GREEN,БЕЗ ЗНАЧАЈНОГ РИЗИКА,NO SIGNIFICANT RISK,NONE,HIGH,12,2026-08-21T06:00:00+00:00,2026-08-21T18:00:00+00:00,STORMS,EXPERIMENTAL,DEVELOPMENTAL MULTIMODEL SIGNAL - NOT CALIBRATED PROBABILITY,PUBLIC OPEN-DATA SERVICES,INDEPENDENT PROJECT - NOT AN OFFICIAL RHMZ WARNING PRODUCT
70556,ZAJEČAR-GRAD,ZAJEČAR-GRAD,ЗАЈЕЧАР-ГРАД,0.0,0.0,0.0,0.0,0.0,11.327354928070957,61.000282287597656,14,42,2026-08-21T18:00:00Z,2026-08-20T00:00:00Z,2.0,0.0,862.8,65.9,0.0,3.4,14,0.0,0.0,10,99.0,0.0,9.6,0.0,0.0,0.0,0.0,0.0,0.0,0.7,3,2.0,0,0,0,0,GREEN,БЕЗ ЗНАЧАЈНОГ РИЗИКА,NO SIGNIFICANT RISK,HIGH,ECMWF ENS,ECMWF ENS | ICON-EU EPS | GEFS,0.0,3,0.0,0,0,0,0,GREEN,БЕЗ ЗНАЧАЈНОГ РИЗИКА,NO SIGNIFICANT RISK,HIGH,ECMWF ENS,ECMWF ENS | ICON-EU EPS | GEFS,0.0,3,0.0,0,0,0,0,GREEN,БЕЗ ЗНАЧАЈНОГ РИЗИКА,NO SIGNIFICANT RISK,HIGH,ECMWF ENS,ECMWF ENS | ICON-EU EPS | GEFS,0.0,3,0.0,0,0,0,0,GREEN,БЕЗ ЗНАЧАЈНОГ РИЗИКА,NO SIGNIFICANT RISK,HIGH,ECMWF ENS,ECMWF ENS | ICON-EU EPS | GEFS,0,GREEN,БЕЗ ЗНАЧАЈНОГ РИЗИКА,NO SIGNIFICANT RISK,NONE,HIGH,12,2026-08-21T06:00:00+00:00,2026-08-21T18:00:00+00:00,STORMS,EXPERIMENTAL,DEVELOPMENTAL MULTIMODEL SIGNAL - NOT CALIBRATED PROBABILITY,PUBLIC OPEN-DATA SERVICES,INDEPENDENT PROJECT - NOT AN OFFICIAL RHMZ WARNING PRODUCT
90352,ZVEČAN,ZVEČAN,ЗВЕЧАН,0.0,0.0,0.0,0.0,0.0,5.657130651028317,55.4064826965332,6,42,2026-08-21T18:00:00Z,2026-08-20T00:00:00Z,0.0,0.0,0.0,52.8,0.0,2.7,6,0.0,0.0,11,0.0,0.0,4.2,0.0,0.0,0.0,0.0,0.0,0.0,0.0,3,0.0,0,0,0,0,GREEN,БЕЗ ЗНАЧАЈНОГ РИЗИКА,NO SIGNIFICANT RISK,HIGH,ECMWF ENS,ECMWF ENS | ICON-EU EPS | GEFS,0.0,3,0.0,0,0,0,0,GREEN,БЕЗ ЗНАЧАЈНОГ РИЗИКА,NO SIGNIFICANT RISK,HIGH,ECMWF ENS,ECMWF ENS | ICON-EU EPS | GEFS,0.0,3,0.0,0,0,0,0,GREEN,БЕЗ ЗНАЧАЈНОГ РИЗИКА,NO SIGNIFICANT RISK,HIGH,ECMWF ENS,ECMWF ENS | ICON-EU EPS | GEFS,0.0,3,0.0,0,0,0,0,GREEN,БЕЗ ЗНАЧАЈНОГ РИЗИКА,NO SIGNIFICANT RISK,HIGH,ECMWF ENS,ECMWF ENS | ICON-EU EPS | GEFS,0,GREEN,БЕЗ ЗНАЧАЈНОГ РИЗИКА,NO SIGNIFICANT RISK,NONE,HIGH,12,2026-08-21T06:00:00+00:00,2026-08-21T18:00:00+00:00,STORMS,EXPERIMENTAL,DEVELOPMENTAL MULTIMODEL SIGNAL - NOT CALIBRATED PROBABILITY,PUBLIC OPEN-DATA SERVICES,INDEPENDENT PROJECT - NOT AN OFFICIAL RHMZ WARNING PRODUCT
80152,ZRENJANIN-GRAD,ZRENJANIN-GRAD,ЗРЕЊАНИН-ГРАД,0.0,0.0,0.0,0.0,0.0,10.485148017155296,57.75,14,42,2026-08-21T18:00:00Z,2026-08-20T00:00:00Z,0.0,0.0,0.0,58.7,0.0,9.0,14,0.0,0.0,13,0.0,0.0,9.1,0.0,0.0,0.0,0.0,0.0,0.0,0.0,3,0.0,0,0,0,0,GREEN,БЕЗ ЗНАЧАЈНОГ РИЗИКА,NO SIGNIFICANT RISK,HIGH,ECMWF ENS,ECMWF ENS | ICON-EU EPS | GEFS,0.0,3,0.0,0,0,0,0,GREEN,БЕЗ ЗНАЧАЈНОГ РИЗИКА,NO SIGNIFICANT RISK,HIGH,ECMWF ENS,ECMWF ENS | ICON-EU EPS | GEFS,0.0,3,0.0,0,0,0,0,GREEN,БЕЗ ЗНАЧАЈНОГ РИЗИКА,NO SIGNIFICANT RISK,HIGH,ECMWF ENS,ECMWF ENS | ICON-EU EPS | GEFS,0.0,3,0.0,0,0,0,0,GREEN,БЕЗ ЗНАЧАЈНОГ РИЗИКА,NO SIGNIFICANT RISK,HIGH,ECMWF ENS,ECMWF ENS | ICON-EU EPS | GEFS,0,GREEN,БЕЗ ЗНАЧАЈНОГ РИЗИКА,NO SIGNIFICANT RISK,NONE,HIGH,12,2026-08-21T06:00:00+00:00,2026-08-21T18:00:00+00:00,STORMS,EXPERIMENTAL,DEVELOPMENTAL MULTIMODEL SIGNAL - NOT CALIBRATED PROBABILITY,PUBLIC OPEN-DATA SERVICES,INDEPENDENT PROJECT - NOT AN OFFICIAL RHMZ WARNING PRODUCT
90093,ZUBIN POTOK,ZUBIN POTOK,ЗУБИН ПОТОК,0.0,0.0,0.0,0.0,0.0,5.657130651028317,55.4064826965332,8,42,2026-08-21T18:00:00Z,2026-08-20T00:00:00Z,0.0,0.0,0.0,52.8,0.0,2.7,8,0.0,0.0,11,0.0,0.0,5.4,0.0,0.0,0.0,0.0,0.0,0.0,0.0,3,0.0,0,0,0,0,GREEN,БЕЗ ЗНАЧАЈНОГ РИЗИКА,NO SIGNIFICANT RISK,HIGH,ECMWF ENS,ECMWF ENS | ICON-EU EPS | GEFS,0.0,3,0.0,0,0,0,0,GREEN,БЕЗ ЗНАЧАЈНОГ РИЗИКА,NO SIGNIFICANT RISK,HIGH,ECMWF ENS,ECMWF ENS | ICON-EU EPS | GEFS,0.0,3,0.0,0,0,0,0,GREEN,БЕЗ ЗНАЧАЈНОГ РИЗИКА,NO SIGNIFICANT RISK,HIGH,ECMWF ENS,ECMWF ENS | ICON-EU EPS | GEFS,0.0,3,0.0,0,0,0,0,GREEN,БЕЗ ЗНАЧАЈНОГ РИЗИКА,NO SIGNIFICANT RISK,HIGH,ECMWF ENS,ECMWF ENS | ICON-EU EPS | GEFS,0,GREEN,БЕЗ ЗНАЧАЈНОГ РИЗИКА,NO SIGNIFICANT RISK,NONE,HIGH,12,2026-08-21T06:00:00+00:00,2026-08-21T18:00:00+00:00,STORMS,EXPERIMENTAL,DEVELOPMENTAL MULTIMODEL SIGNAL - NOT CALIBRATED PROBABILITY,PUBLIC OPEN-DATA SERVICES,INDEPENDENT PROJECT - NOT AN OFFICIAL RHMZ WARNING PRODUCT
70564,IVANJICA,IVANJICA,ИВАЊИЦА,0.0,0.0,0.0,0.0,0.0,4.878037871009213,53.23371124267578,11,42,2026-08-21T18:00:00Z,2026-08-20T00:00:00Z,0.0,0.0,176.4,45.8,0.0,4.3,11,0.0,0.0,11,0.0,0.0,6.0,0.0,0.0,0.0,0.0,0.0,0.0,0.0,3,0.0,0,0,0,0,GREEN,БЕЗ ЗНАЧАЈНОГ РИЗИКА,NO SIGNIFICANT RISK,HIGH,ECMWF ENS,ECMWF ENS | ICON-EU EPS | GEFS,0.0,3,0.0,0,0,0,0,GREEN,БЕЗ ЗНАЧАЈНОГ РИЗИКА,NO SIGNIFICANT RISK,HIGH,ECMWF ENS,ECMWF ENS | ICON-EU EPS | GEFS,0.0,3,0.0,0,0,0,0,GREEN,БЕЗ ЗНАЧАЈНОГ РИЗИКА,NO SIGNIFICANT RISK,HIGH,ECMWF ENS,ECMWF ENS | ICON-EU EPS | GEFS,0.0,3,0.0,0,0,0,0,GREEN,БЕЗ ЗНАЧАЈНОГ РИЗИКА,NO SIGNIFICANT RISK,HIGH,ECMWF ENS,ECMWF ENS | ICON-EU EPS | GEFS,0,GREEN,БЕЗ ЗНАЧАЈНОГ РИЗИКА,NO SIGNIFICANT RISK,NONE,HIGH,12,2026-08-21T06:00:00+00:00,2026-08-21T18:00:00+00:00,STORMS,EXPERIMENTAL,DEVELOPMENTAL MULTIMODEL SIGNAL - NOT CALIBRATED PROBABILITY,PUBLIC OPEN-DATA SERVICES,INDEPENDENT PROJECT - NOT AN OFFICIAL RHMZ WARNING PRODUCT
80179,INĐIJA,INĐIJA,ИНЂИЈА,0.0,0.0,0.0,0.0,0.0,10.194487091271874,49.22500228881836,8,42,2026-08-21T18:00:00Z,2026-08-20T00:00:00Z,0.0,0.0,0.0,62.8,0.0,8.1,8,0.0,0.0,10,0.0,0.0,8.3,0.0,0.0,0.0,0.0,0.0,0.0,0.0,3,0.0,0,0,0,0,GREEN,БЕЗ ЗНАЧАЈНОГ РИЗИКА,NO SIGNIFICANT RISK,HIGH,ECMWF ENS,ECMWF ENS | ICON-EU EPS | GEFS,0.0,3,0.0,0,0,0,0,GREEN,БЕЗ ЗНАЧАЈНОГ РИЗИКА,NO SIGNIFICANT RISK,HIGH,ECMWF ENS,ECMWF ENS | ICON-EU EPS | GEFS,0.0,3,0.0,0,0,0,0,GREEN,БЕЗ ЗНАЧАЈНОГ РИЗИКА,NO SIGNIFICANT RISK,HIGH,ECMWF ENS,ECMWF ENS | ICON-EU EPS | GEFS,0.0,3,0.0,0,0,0,0,GREEN,БЕЗ ЗНАЧАЈНОГ РИЗИКА,NO SIGNIFICANT RISK,HIGH,ECMWF ENS,ECMWF ENS | ICON-EU EPS | GEFS,0,GREEN,БЕЗ ЗНАЧАЈНОГ РИЗИКА,NO SIGNIFICANT RISK,NONE,HIGH,12,2026-08-21T06:00:00+00:00,2026-08-21T18:00:00+00:00,STORMS,EXPERIMENTAL,DEVELOPMENTAL MULTIMODEL SIGNAL - NOT CALIBRATED PROBABILITY,PUBLIC OPEN-DATA SERVICES,INDEPENDENT PROJECT - NOT AN OFFICIAL RHMZ WARNING PRODUCT
80187,IRIG,IRIG,ИРИГ,0.0,0.0,0.0,0.0,0.0,10.965939361563434,51.88511657714844,7,42,2026-08-21T18:00:00Z,2026-08-20T00:00:00Z,0.0,0.0,2.4,65.5,0.0,7.8,7,0.0,0.0,12,0.0,0.0,8.5,0.0,0.0,0.0,0.0,0.0,0.0,0.0,3,0.0,0,0,0,0,GREEN,БЕЗ ЗНАЧАЈНОГ РИЗИКА,NO SIGNIFICANT RISK,HIGH,ECMWF ENS,ECMWF ENS | ICON-EU EPS | GEFS,0.0,3,0.0,0,0,0,0,GREEN,БЕЗ ЗНАЧАЈНОГ РИЗИКА,NO SIGNIFICANT RISK,HIGH,ECMWF ENS,ECMWF ENS | ICON-EU EPS | GEFS,0.0,3,0.0,0,0,0,0,GREEN,БЕЗ ЗНАЧАЈНОГ РИЗИКА,NO SIGNIFICANT RISK,HIGH,ECMWF ENS,ECMWF ENS | ICON-EU EPS | GEFS,0.0,3,0.0,0,0,0,0,GREEN,БЕЗ ЗНАЧАЈНОГ РИЗИКА,NO SIGNIFICANT RISK,HIGH,ECMWF ENS,ECMWF ENS | ICON-EU EPS | GEFS,0,GREEN,БЕЗ ЗНАЧАЈНОГ РИЗИКА,NO SIGNIFICANT RISK,NONE,HIGH,12,2026-08-21T06:00:00+00:00,2026-08-21T18:00:00+00:00,STORMS,EXPERIMENTAL,DEVELOPMENTAL MULTIMODEL SIGNAL - NOT CALIBRATED PROBABILITY,PUBLIC OPEN-DATA SERVICES,INDEPENDENT PROJECT - NOT AN OFFICIAL RHMZ WARNING PRODUCT
90107,ISTOK,ISTOK,ИСТОК,0.0,0.0,0.0,0.0,0.0,5.657130651028317,58.45684814453125,9,42,2026-08-21T18:00:00Z,2026-08-20T00:00:00Z,0.0,0.0,0.0,30.1,0.0,3.9,9,0.0,0.0,11,0.1,0.0,5.0,0.0,0.0,0.0,0.0,0.0,0.0,0.0,3,0.0,0,0,0,0,GREEN,БЕЗ ЗНАЧАЈНОГ РИЗИКА,NO SIGNIFICANT RISK,HIGH,ECMWF ENS,ECMWF ENS | ICON-EU EPS | GEFS,0.0,3,0.0,0,0,0,0,GREEN,БЕЗ ЗНАЧАЈНОГ РИЗИКА,NO SIGNIFICANT RISK,HIGH,ECMWF ENS,ECMWF ENS | ICON-EU EPS | GEFS,0.0,3,0.0,0,0,0,0,GREEN,БЕЗ ЗНАЧАЈНОГ РИЗИКА,NO SIGNIFICANT RISK,HIGH,ECMWF ENS,ECMWF ENS | ICON-EU EPS | GEFS,0.0,3,0.0,0,0,0,0,GREEN,БЕЗ ЗНАЧАЈНОГ РИЗИКА,NO SIGNIFICANT RISK,HIGH,ECMWF ENS,ECMWF ENS | ICON-EU EPS | GEFS,0,GREEN,БЕЗ ЗНАЧАЈНОГ РИЗИКА,NO SIGNIFICANT RISK,NONE,HIGH,12,2026-08-21T06:00:00+00:00,2026-08-21T18:00:00+00:00,STORMS,EXPERIMENTAL,DEVELOPMENTAL MULTIMODEL SIGNAL - NOT CALIBRATED PROBABILITY,PUBLIC OPEN-DATA SERVICES,INDEPENDENT PROJECT - NOT AN OFFICIAL RHMZ WARNING PRODUCT
70602,KNJAŽEVAC,KNJAŽEVAC,КЊАЖЕВАЦ,0.0,0.0,0.0,0.0,0.0,9.355698353666394,59.40870952606201,13,42,2026-08-21T18:00:00Z,2026-08-20T00:00:00Z,2.0,0.0,862.8,65.9,0.0,3.4,13,0.0,0.0,13,137.7,0.0,8.1,0.0,0.0,0.0,0.0,0.0,0.0,0.7,3,2.0,0,0,0,0,GREEN,БЕЗ ЗНАЧАЈНОГ РИЗИКА,NO SIGNIFICANT RISK,HIGH,ECMWF ENS,ECMWF ENS | ICON-EU EPS | GEFS,0.0,3,0.0,0,0,0,0,GREEN,БЕЗ ЗНАЧАЈНОГ РИЗИКА,NO SIGNIFICANT RISK,HIGH,ECMWF ENS,ECMWF ENS | ICON-EU EPS | GEFS,0.0,3,0.0,0,0,0,0,GREEN,БЕЗ ЗНАЧАЈНОГ РИЗИКА,NO SIGNIFICANT RISK,HIGH,ECMWF ENS,ECMWF ENS | ICON-EU EPS | GEFS,0.0,3,0.0,0,0,0,0,GREEN,БЕЗ ЗНАЧАЈНОГ РИЗИКА,NO SIGNIFICANT RISK,HIGH,ECMWF ENS,ECMWF ENS | ICON-EU EPS | GEFS,0,GREEN,БЕЗ ЗНАЧАЈНОГ РИЗИКА,NO SIGNIFICANT RISK,NONE,HIGH,12,2026-08-21T06:00:00+00:00,2026-08-21T18:00:00+00:00,STORMS,EXPERIMENTAL,DEVELOPMENTAL MULTIMODEL SIGNAL - NOT CALIBRATED PROBABILITY,PUBLIC OPEN-DATA SERVICES,INDEPENDENT PROJECT - NOT AN OFFICIAL RHMZ WARNING PRODUCT
80195,KANJIŽA,KANJIŽA,КАЊИЖА,0.0,0.0,0.0,0.0,1.0,12.013706464572454,60.83511734008789,9,42,2026-08-21T18:00:00Z,2026-08-20T00:00:00Z,6.0,6.0,27.1,75.3,0.0,12.1,9,0.0,0.0,14,0.0,0.0,13.4,0.0,0.0,0.0,0.0,0.0,0.0,2.0,3,6.0,0,0,0,0,GREEN,БЕЗ ЗНАЧАЈНОГ РИЗИКА,NO SIGNIFICANT RISK,HIGH,ECMWF ENS,ECMWF ENS | ICON-EU EPS | GEFS,0.0,3,0.0,0,0,0,0,GREEN,БЕЗ ЗНАЧАЈНОГ РИЗИКА,NO SIGNIFICANT RISK,HIGH,ECMWF ENS,ECMWF ENS | ICON-EU EPS | GEFS,0.0,3,0.0,0,0,0,0,GREEN,БЕЗ ЗНАЧАЈНОГ РИЗИКА,NO SIGNIFICANT RISK,HIGH,ECMWF ENS,ECMWF ENS | ICON-EU EPS | GEFS,0.0,3,0.0,0,0,0,0,GREEN,БЕЗ ЗНАЧАЈНОГ РИЗИКА,NO SIGNIFICANT RISK,HIGH,ECMWF ENS,ECMWF ENS | ICON-EU EPS | GEFS,0,GREEN,БЕЗ ЗНАЧАЈНОГ РИЗИКА,NO SIGNIFICANT RISK,NONE,HIGH,12,2026-08-21T06:00:00+00:00,2026-08-21T18:00:00+00:00,STORMS,EXPERIMENTAL,DEVELOPMENTAL MULTIMODEL SIGNAL - NOT CALIBRATED PROBABILITY,PUBLIC OPEN-DATA SERVICES,INDEPENDENT PROJECT - NOT AN OFFICIAL RHMZ WARNING PRODUCT
90115,KAČANIK,KAČANIK,КАЧАНИК,0.0,0.0,0.0,0.0,0.0,5.188447246732325,60.10684967041016,7,42,2026-08-21T18:00:00Z,2026-08-20T00:00:00Z,22.0,0.0,1077.0,82.6,0.0,2.9,7,0.0,0.0,10,200.6,0.0,5.2,0.0,0.0,0.0,0.0,0.0,0.0,7.3,3,22.0,1,0,0,0,GREEN,БЕЗ ЗНАЧАЈНОГ РИЗИКА,NO SIGNIFICANT RISK,MODERATE,ECMWF ENS,ECMWF ENS | ICON-EU EPS | GEFS,0.0,3,0.0,0,0,0,0,GREEN,БЕЗ ЗНАЧАЈНОГ РИЗИКА,NO SIGNIFICANT RISK,HIGH,ECMWF ENS,ECMWF ENS | ICON-EU EPS | GEFS,0.0,3,0.0,0,0,0,0,GREEN,БЕЗ ЗНАЧАЈНОГ РИЗИКА,NO SIGNIFICANT RISK,HIGH,ECMWF ENS,ECMWF ENS | ICON-EU EPS | GEFS,0.0,3,0.0,0,0,0,0,GREEN,БЕЗ ЗНАЧАЈНОГ РИЗИКА,NO SIGNIFICANT RISK,HIGH,ECMWF ENS,ECMWF ENS | ICON-EU EPS | GEFS,0,GREEN,БЕЗ ЗНАЧАЈНОГ РИЗИКА,NO SIGNIFICANT RISK,NONE,MODERATE,12,2026-08-21T06:00:00+00:00,2026-08-21T18:00:00+00:00,STORMS,EXPERIMENTAL,DEVELOPMENTAL MULTIMODEL SIGNAL - NOT CALIBRATED PROBABILITY,PUBLIC OPEN-DATA SERVICES,INDEPENDENT PROJECT - NOT AN OFFICIAL RHMZ WARNING PRODUCT
80209,KIKINDA,KIKINDA,КИКИНДА,0.0,0.0,0.0,0.0,0.0,10.785011411959305,58.08370971679688,11,42,2026-08-21T18:00:00Z,2026-08-20T00:00:00Z,0.0,0.0,0.0,68.7,0.0,10.6,11,0.0,0.0,11,0.0,0.0,10.7,0.0,0.0,0.0,0.0,0.0,0.0,0.0,3,0.0,0,0,0,0,GREEN,БЕЗ ЗНАЧАЈНОГ РИЗИКА,NO SIGNIFICANT RISK,HIGH,ECMWF ENS,ECMWF ENS | ICON-EU EPS | GEFS,0.0,3,0.0,0,0,0,0,GREEN,БЕЗ ЗНАЧАЈНОГ РИЗИКА,NO SIGNIFICANT RISK,HIGH,ECMWF ENS,ECMWF ENS | ICON-EU EPS | GEFS,0.0,3,0.0,0,0,0,0,GREEN,БЕЗ ЗНАЧАЈНОГ РИЗИКА,NO SIGNIFICANT RISK,HIGH,ECMWF ENS,ECMWF ENS | ICON-EU EPS | GEFS,0.0,3,0.0,0,0,0,0,GREEN,БЕЗ ЗНАЧАЈНОГ РИЗИКА,NO SIGNIFICANT RISK,HIGH,ECMWF ENS,ECMWF ENS | ICON-EU EPS | GEFS,0,GREEN,БЕЗ ЗНАЧАЈНОГ РИЗИКА,NO SIGNIFICANT RISK,NONE,HIGH,12,2026-08-21T06:00:00+00:00,2026-08-21T18:00:00+00:00,STORMS,EXPERIMENTAL,DEVELOPMENTAL MULTIMODEL SIGNAL - NOT CALIBRATED PROBABILITY,PUBLIC OPEN-DATA SERVICES,INDEPENDENT PROJECT - NOT AN OFFICIAL RHMZ WARNING PRODUCT
70572,KLADOVO,KLADOVO,КЛАДОВО,0.0,0.0,0.0,0.0,0.0,11.515112998865034,60.78371047973633,10,42,2026-08-21T18:00:00Z,2026-08-20T00:00:00Z,0.0,0.0,317.6,38.8,0.0,11.1,10,0.0,0.0,11,24.9,0.0,11.4,0.0,0.0,0.0,0.0,0.0,0.0,0.0,3,0.0,0,0,0,0,GREEN,БЕЗ ЗНАЧАЈНОГ РИЗИКА,NO SIGNIFICANT RISK,HIGH,ECMWF ENS,ECMWF ENS | ICON-EU EPS | GEFS,0.0,3,0.0,0,0,0,0,GREEN,БЕЗ ЗНАЧАЈНОГ РИЗИКА,NO SIGNIFICANT RISK,HIGH,ECMWF ENS,ECMWF ENS | ICON-EU EPS | GEFS,0.0,3,0.0,0,0,0,0,GREEN,БЕЗ ЗНАЧАЈНОГ РИЗИКА,NO SIGNIFICANT RISK,HIGH,ECMWF ENS,ECMWF ENS | ICON-EU EPS | GEFS,0.0,3,0.0,0,0,0,0,GREEN,БЕЗ ЗНАЧАЈНОГ РИЗИКА,NO SIGNIFICANT RISK,HIGH,ECMWF ENS,ECMWF ENS | ICON-EU EPS | GEFS,0,GREEN,БЕЗ ЗНАЧАЈНОГ РИЗИКА,NO SIGNIFICANT RISK,NONE,HIGH,12,2026-08-21T06:00:00+00:00,2026-08-21T18:00:00+00:00,STORMS,EXPERIMENTAL,DEVELOPMENTAL MULTIMODEL SIGNAL - NOT CALIBRATED PROBABILITY,PUBLIC OPEN-DATA SERVICES,INDEPENDENT PROJECT - NOT AN OFFICIAL RHMZ WARNING PRODUCT
90123,KLINA,KLINA,КЛИНА,0.0,0.0,0.0,0.0,0.0,6.57521765409167,58.45684814453125,8,42,2026-08-21T18:00:00Z,2026-08-20T00:00:00Z,0.0,0.0,44.8,28.9,0.0,2.9,8,0.0,0.0,11,0.1,0.0,7.1,0.0,0.0,0.0,0.0,0.0,0.0,0.0,3,0.0,0,0,0,0,GREEN,БЕЗ ЗНАЧАЈНОГ РИЗИКА,NO SIGNIFICANT RISK,HIGH,ECMWF ENS,ECMWF ENS | ICON-EU EPS | GEFS,0.0,3,0.0,0,0,0,0,GREEN,БЕЗ ЗНАЧАЈНОГ РИЗИКА,NO SIGNIFICANT RISK,HIGH,ECMWF ENS,ECMWF ENS | ICON-EU EPS | GEFS,0.0,3,0.0,0,0,0,0,GREEN,БЕЗ ЗНАЧАЈНОГ РИЗИКА,NO SIGNIFICANT RISK,HIGH,ECMWF ENS,ECMWF ENS | ICON-EU EPS | GEFS,0.0,3,0.0,0,0,0,0,GREEN,БЕЗ ЗНАЧАЈНОГ РИЗИКА,NO SIGNIFICANT RISK,HIGH,ECMWF ENS,ECMWF ENS | ICON-EU EPS | GEFS,0,GREEN,БЕЗ ЗНАЧАЈНОГ РИЗИКА,NO SIGNIFICANT RISK,NONE,HIGH,12,2026-08-21T06:00:00+00:00,2026-08-21T18:00:00+00:00,STORMS,EXPERIMENTAL,DEVELOPMENTAL MULTIMODEL SIGNAL - NOT CALIBRATED PROBABILITY,PUBLIC OPEN-DATA SERVICES,INDEPENDENT PROJECT - NOT AN OFFICIAL RHMZ WARNING PRODUCT
70599,KNIĆ,KNIĆ,КНИЋ,0.0,0.0,0.0,0.0,1.0,5.164769727579583,56.13370895385742,9,42,2026-08-21T18:00:00Z,2026-08-20T00:00:00Z,0.0,0.0,55.9,44.6,0.0,4.3,9,0.0,0.0,10,0.0,0.0,7.7,0.0,0.0,0.0,0.0,0.0,0.0,0.0,3,0.0,0,0,0,0,GREEN,БЕЗ ЗНАЧАЈНОГ РИЗИКА,NO SIGNIFICANT RISK,HIGH,ECMWF ENS,ECMWF ENS | ICON-EU EPS | GEFS,0.0,3,0.0,0,0,0,0,GREEN,БЕЗ ЗНАЧАЈНОГ РИЗИКА,NO SIGNIFICANT RISK,HIGH,ECMWF ENS,ECMWF ENS | ICON-EU EPS | GEFS,0.0,3,0.0,0,0,0,0,GREEN,БЕЗ ЗНАЧАЈНОГ РИЗИКА,NO SIGNIFICANT RISK,HIGH,ECMWF ENS,ECMWF ENS | ICON-EU EPS | GEFS,0.0,3,0.0,0,0,0,0,GREEN,БЕЗ ЗНАЧАЈНОГ РИЗИКА,NO SIGNIFICANT RISK,HIGH,ECMWF ENS,ECMWF ENS | ICON-EU EPS | GEFS,0,GREEN,БЕЗ ЗНАЧАЈНОГ РИЗИКА,NO SIGNIFICANT RISK,NONE,HIGH,12,2026-08-21T06:00:00+00:00,2026-08-21T18:00:00+00:00,STORMS,EXPERIMENTAL,DEVELOPMENTAL MULTIMODEL SIGNAL - NOT CALIBRATED PROBABILITY,PUBLIC OPEN-DATA SERVICES,INDEPENDENT PROJECT - NOT AN OFFICIAL RHMZ WARNING PRODUCT
80217,KOVAČICA,KOVAČICA,КОВАЧИЦА,0.0,0.0,0.0,0.0,0.0,9.455007940968049,57.75,7,42,2026-08-21T18:00:00Z,2026-08-20T00:00:00Z,0.0,0.0,0.0,55.8,0.0,8.1,7,0.0,0.0,12,0.0,0.0,8.3,0.0,0.0,0.0,0.0,0.0,0.0,0.0,3,0.0,0,0,0,0,GREEN,БЕЗ ЗНАЧАЈНОГ РИЗИКА,NO SIGNIFICANT RISK,HIGH,ECMWF ENS,ECMWF ENS | ICON-EU EPS | GEFS,0.0,3,0.0,0,0,0,0,GREEN,БЕЗ ЗНАЧАЈНОГ РИЗИКА,NO SIGNIFICANT RISK,HIGH,ECMWF ENS,ECMWF ENS | ICON-EU EPS | GEFS,0.0,3,0.0,0,0,0,0,GREEN,БЕЗ ЗНАЧАЈНОГ РИЗИКА,NO SIGNIFICANT RISK,HIGH,ECMWF ENS,ECMWF ENS | ICON-EU EPS | GEFS,0.0,3,0.0,0,0,0,0,GREEN,БЕЗ ЗНАЧАЈНОГ РИЗИКА,NO SIGNIFICANT RISK,HIGH,ECMWF ENS,ECMWF ENS | ICON-EU EPS | GEFS,0,GREEN,БЕЗ ЗНАЧАЈНОГ РИЗИКА,NO SIGNIFICANT RISK,NONE,HIGH,12,2026-08-21T06:00:00+00:00,2026-08-21T18:00:00+00:00,STORMS,EXPERIMENTAL,DEVELOPMENTAL MULTIMODEL SIGNAL - NOT CALIBRATED PROBABILITY,PUBLIC OPEN-DATA SERVICES,INDEPENDENT PROJECT - NOT AN OFFICIAL RHMZ WARNING PRODUCT
80225,KOVIN,KOVIN,КОВИН,0.0,0.0,0.0,0.0,0.0,8.667343873396073,60.19999885559082,11,42,2026-08-21T18:00:00Z,2026-08-20T00:00:00Z,0.0,0.0,0.0,52.2,0.0,5.9,11,0.0,0.0,11,0.0,0.0,7.5,0.0,0.0,0.0,0.0,0.0,0.0,0.0,3,0.0,0,0,0,0,GREEN,БЕЗ ЗНАЧАЈНОГ РИЗИКА,NO SIGNIFICANT RISK,HIGH,ECMWF ENS,ECMWF ENS | ICON-EU EPS | GEFS,0.0,3,0.0,0,0,0,0,GREEN,БЕЗ ЗНАЧАЈНОГ РИЗИКА,NO SIGNIFICANT RISK,HIGH,ECMWF ENS,ECMWF ENS | ICON-EU EPS | GEFS,0.0,3,0.0,0,0,0,0,GREEN,БЕЗ ЗНАЧАЈНОГ РИЗИКА,NO SIGNIFICANT RISK,HIGH,ECMWF ENS,ECMWF ENS | ICON-EU EPS | GEFS,0.0,3,0.0,0,0,0,0,GREEN,БЕЗ ЗНАЧАЈНОГ РИЗИКА,NO SIGNIFICANT RISK,HIGH,ECMWF ENS,ECMWF ENS | ICON-EU EPS | GEFS,0,GREEN,БЕЗ ЗНАЧАЈНОГ РИЗИКА,NO SIGNIFICANT RISK,NONE,HIGH,12,2026-08-21T06:00:00+00:00,2026-08-21T18:00:00+00:00,STORMS,EXPERIMENTAL,DEVELOPMENTAL MULTIMODEL SIGNAL - NOT CALIBRATED PROBABILITY,PUBLIC OPEN-DATA SERVICES,INDEPENDENT PROJECT - NOT AN OFFICIAL RHMZ WARNING PRODUCT
70629,KOSJERIĆ,KOSJERIĆ,КОСЈЕРИЋ,0.0,0.0,0.0,0.0,0.0,6.7006761959606616,49.883710861206055,9,42,2026-08-21T18:00:00Z,2026-08-20T00:00:00Z,0.0,0.0,138.8,51.7,0.0,8.5,9,0.0,0.0,11,0.0,0.0,6.1,0.0,0.0,0.0,0.0,0.0,0.0,0.0,3,0.0,0,0,0,0,GREEN,БЕЗ ЗНАЧАЈНОГ РИЗИКА,NO SIGNIFICANT RISK,HIGH,ECMWF ENS,ECMWF ENS | ICON-EU EPS | GEFS,0.0,3,0.0,0,0,0,0,GREEN,БЕЗ ЗНАЧАЈНОГ РИЗИКА,NO SIGNIFICANT RISK,HIGH,ECMWF ENS,ECMWF ENS | ICON-EU EPS | GEFS,0.0,3,0.0,0,0,0,0,GREEN,БЕЗ ЗНАЧАЈНОГ РИЗИКА,NO SIGNIFICANT RISK,HIGH,ECMWF ENS,ECMWF ENS | ICON-EU EPS | GEFS,0.0,3,0.0,0,0,0,0,GREEN,БЕЗ ЗНАЧАЈНОГ РИЗИКА,NO SIGNIFICANT RISK,HIGH,ECMWF ENS,ECMWF ENS | ICON-EU EPS | GEFS,0,GREEN,БЕЗ ЗНАЧАЈНОГ РИЗИКА,NO SIGNIFICANT RISK,NONE,HIGH,12,2026-08-21T06:00:00+00:00,2026-08-21T18:00:00+00:00,STORMS,EXPERIMENTAL,DEVELOPMENTAL MULTIMODEL SIGNAL - NOT CALIBRATED PROBABILITY,PUBLIC OPEN-DATA SERVICES,INDEPENDENT PROJECT - NOT AN OFFICIAL RHMZ WARNING PRODUCT
90131,KOSOVO POLJE,KOSOVO POLJE,КОСОВО ПОЉЕ,0.0,0.0,0.0,0.0,0.0,6.57521765409167,58.45684814453125,6,42,2026-08-21T18:00:00Z,2026-08-20T00:00:00Z,0.0,0.0,0.0,44.1,0.0,4.3,6,0.0,0.0,11,0.0,0.0,5.5,0.0,0.0,0.0,0.0,0.0,0.0,0.0,3,0.0,0,0,0,0,GREEN,БЕЗ ЗНАЧАЈНОГ РИЗИКА,NO SIGNIFICANT RISK,HIGH,ECMWF ENS,ECMWF ENS | ICON-EU EPS | GEFS,0.0,3,0.0,0,0,0,0,GREEN,БЕЗ ЗНАЧАЈНОГ РИЗИКА,NO SIGNIFICANT RISK,HIGH,ECMWF ENS,ECMWF ENS | ICON-EU EPS | GEFS,0.0,3,0.0,0,0,0,0,GREEN,БЕЗ ЗНАЧАЈНОГ РИЗИКА,NO SIGNIFICANT RISK,HIGH,ECMWF ENS,ECMWF ENS | ICON-EU EPS | GEFS,0.0,3,0.0,0,0,0,0,GREEN,БЕЗ ЗНАЧАЈНОГ РИЗИКА,NO SIGNIFICANT RISK,HIGH,ECMWF ENS,ECMWF ENS | ICON-EU EPS | GEFS,0,GREEN,БЕЗ ЗНАЧАЈНОГ РИЗИКА,NO SIGNIFICANT RISK,NONE,HIGH,12,2026-08-21T06:00:00+00:00,2026-08-21T18:00:00+00:00,STORMS,EXPERIMENTAL,DEVELOPMENTAL MULTIMODEL SIGNAL - NOT CALIBRATED PROBABILITY,PUBLIC OPEN-DATA SERVICES,INDEPENDENT PROJECT - NOT AN OFFICIAL RHMZ WARNING PRODUCT
90140,KOSOVSKA KAMENICA,KOSOVSKA KAMENICA,КОСОВСКА КАМЕНИЦА,0.0,0.0,0.0,0.0,0.0,5.188447246732325,56.21832275390625,8,42,2026-08-21T18:00:00Z,2026-08-20T00:00:00Z,2.0,0.0,430.6,65.7,0.0,4.6,8,0.0,0.0,10,131.5,0.0,4.7,0.0,0.0,0.0,0.0,0.0,0.0,0.7,3,2.0,0,0,0,0,GREEN,БЕЗ ЗНАЧАЈНОГ РИЗИКА,NO SIGNIFICANT RISK,HIGH,ECMWF ENS,ECMWF ENS | ICON-EU EPS | GEFS,0.0,3,0.0,0,0,0,0,GREEN,БЕЗ ЗНАЧАЈНОГ РИЗИКА,NO SIGNIFICANT RISK,HIGH,ECMWF ENS,ECMWF ENS | ICON-EU EPS | GEFS,0.0,3,0.0,0,0,0,0,GREEN,БЕЗ ЗНАЧАЈНОГ РИЗИКА,NO SIGNIFICANT RISK,HIGH,ECMWF ENS,ECMWF ENS | ICON-EU EPS | GEFS,0.0,3,0.0,0,0,0,0,GREEN,БЕЗ ЗНАЧАЈНОГ РИЗИКА,NO SIGNIFICANT RISK,HIGH,ECMWF ENS,ECMWF ENS | ICON-EU EPS | GEFS,0,GREEN,БЕЗ ЗНАЧАЈНОГ РИЗИКА,NO SIGNIFICANT RISK,NONE,HIGH,12,2026-08-21T06:00:00+00:00,2026-08-21T18:00:00+00:00,STORMS,EXPERIMENTAL,DEVELOPMENTAL MULTIMODEL SIGNAL - NOT CALIBRATED PROBABILITY,PUBLIC OPEN-DATA SERVICES,INDEPENDENT PROJECT - NOT AN OFFICIAL RHMZ WARNING PRODUCT
90298,KOSOVSKA MITROVICA,KOSOVSKA MITROVICA,КОСОВСКА МИТРОВИЦА,0.0,0.0,0.0,0.0,4.0,5.657130651028317,55.4064826965332,9,42,2026-08-21T18:00:00Z,2026-08-20T00:00:00Z,0.0,0.0,0.0,53.5,0.0,3.0,9,0.0,0.0,13,0.0,0.0,3.2,0.0,0.0,0.0,0.0,0.0,0.0,0.0,3,0.0,0,0,0,0,GREEN,БЕЗ ЗНАЧАЈНОГ РИЗИКА,NO SIGNIFICANT RISK,HIGH,ECMWF ENS,ECMWF ENS | ICON-EU EPS | GEFS,0.0,3,0.0,0,0,0,0,GREEN,БЕЗ ЗНАЧАЈНОГ РИЗИКА,NO SIGNIFICANT RISK,HIGH,ECMWF ENS,ECMWF ENS | ICON-EU EPS | GEFS,0.0,3,0.0,0,0,0,0,GREEN,БЕЗ ЗНАЧАЈНОГ РИЗИКА,NO SIGNIFICANT RISK,HIGH,ECMWF ENS,ECMWF ENS | ICON-EU EPS | GEFS,0.0,3,0.0,0,0,0,0,GREEN,БЕЗ ЗНАЧАЈНОГ РИЗИКА,NO SIGNIFICANT RISK,HIGH,ECMWF ENS,ECMWF ENS | ICON-EU EPS | GEFS,0,GREEN,БЕЗ ЗНАЧАЈНОГ РИЗИКА,NO SIGNIFICANT RISK,NONE,HIGH,12,2026-08-21T06:00:00+00:00,2026-08-21T18:00:00+00:00,STORMS,EXPERIMENTAL,DEVELOPMENTAL MULTIMODEL SIGNAL - NOT CALIBRATED PROBABILITY,PUBLIC OPEN-DATA SERVICES,INDEPENDENT PROJECT - NOT AN OFFICIAL RHMZ WARNING PRODUCT
70637,KOCELJEVA,KOCELJEVA,КОЦЕЉЕВА,0.0,0.0,0.0,0.0,0.0,8.787694751295158,49.883710861206055,8,42,2026-08-21T18:00:00Z,2026-08-20T00:00:00Z,0.0,0.0,0.0,64.9,0.0,7.9,8,0.0,0.0,12,0.0,0.0,7.8,0.0,0.0,0.0,0.0,0.0,0.0,0.0,3,0.0,0,0,0,0,GREEN,БЕЗ ЗНАЧАЈНОГ РИЗИКА,NO SIGNIFICANT RISK,HIGH,ECMWF ENS,ECMWF ENS | ICON-EU EPS | GEFS,0.0,3,0.0,0,0,0,0,GREEN,БЕЗ ЗНАЧАЈНОГ РИЗИКА,NO SIGNIFICANT RISK,HIGH,ECMWF ENS,ECMWF ENS | ICON-EU EPS | GEFS,0.0,3,0.0,0,0,0,0,GREEN,БЕЗ ЗНАЧАЈНОГ РИЗИКА,NO SIGNIFICANT RISK,HIGH,ECMWF ENS,ECMWF ENS | ICON-EU EPS | GEFS,0.0,3,0.0,0,0,0,0,GREEN,БЕЗ ЗНАЧАЈНОГ РИЗИКА,NO SIGNIFICANT RISK,HIGH,ECMWF ENS,ECMWF ENS | ICON-EU EPS | GEFS,0,GREEN,БЕЗ ЗНАЧАЈНОГ РИЗИКА,NO SIGNIFICANT RISK,NONE,HIGH,12,2026-08-21T06:00:00+00:00,2026-08-21T18:00:00+00:00,STORMS,EXPERIMENTAL,DEVELOPMENTAL MULTIMODEL SIGNAL - NOT CALIBRATED PROBABILITY,PUBLIC OPEN-DATA SERVICES,INDEPENDENT PROJECT - NOT AN OFFICIAL RHMZ WARNING PRODUCT
70653,KRALJEVO-GRAD,KRALJEVO-GRAD,КРАЉЕВО-ГРАД,0.0,0.0,0.0,0.0,2.0,5.971646140612275,56.13370895385742,15,42,2026-08-21T18:00:00Z,2026-08-20T00:00:00Z,0.0,0.0,294.5,46.0,0.0,4.9,15,0.0,0.0,11,0.0,0.0,7.4,0.0,0.0,0.0,0.0,0.0,0.0,0.0,3,0.0,0,0,0,0,GREEN,БЕЗ ЗНАЧАЈНОГ РИЗИКА,NO SIGNIFICANT RISK,HIGH,ECMWF ENS,ECMWF ENS | ICON-EU EPS | GEFS,0.0,3,0.0,0,0,0,0,GREEN,БЕЗ ЗНАЧАЈНОГ РИЗИКА,NO SIGNIFICANT RISK,HIGH,ECMWF ENS,ECMWF ENS | ICON-EU EPS | GEFS,0.0,3,0.0,0,0,0,0,GREEN,БЕЗ ЗНАЧАЈНОГ РИЗИКА,NO SIGNIFICANT RISK,HIGH,ECMWF ENS,ECMWF ENS | ICON-EU EPS | GEFS,0.0,3,0.0,0,0,0,0,GREEN,БЕЗ ЗНАЧАЈНОГ РИЗИКА,NO SIGNIFICANT RISK,HIGH,ECMWF ENS,ECMWF ENS | ICON-EU EPS | GEFS,0,GREEN,БЕЗ ЗНАЧАЈНОГ РИЗИКА,NO SIGNIFICANT RISK,NONE,HIGH,12,2026-08-21T06:00:00+00:00,2026-08-21T18:00:00+00:00,STORMS,EXPERIMENTAL,DEVELOPMENTAL MULTIMODEL SIGNAL - NOT CALIBRATED PROBABILITY,PUBLIC OPEN-DATA SERVICES,INDEPENDENT PROJECT - NOT AN OFFICIAL RHMZ WARNING PRODUCT
70645,KRAGUJEVAC-GRAD,KRAGUJEVAC-GRAD,КРАГУЈЕВАЦ-ГРАД,0.0,0.0,0.0,0.0,1.0,6.5675356437263455,57.532012939453125,11,42,2026-08-21T18:00:00Z,2026-08-20T00:00:00Z,0.0,0.0,55.9,44.6,0.0,4.3,11,0.0,0.0,12,0.0,0.0,8.2,0.0,0.0,0.0,0.0,0.0,0.0,0.0,3,0.0,0,0,0,0,GREEN,БЕЗ ЗНАЧАЈНОГ РИЗИКА,NO SIGNIFICANT RISK,HIGH,ECMWF ENS,ECMWF ENS | ICON-EU EPS | GEFS,0.0,3,0.0,0,0,0,0,GREEN,БЕЗ ЗНАЧАЈНОГ РИЗИКА,NO SIGNIFICANT RISK,HIGH,ECMWF ENS,ECMWF ENS | ICON-EU EPS | GEFS,0.0,3,0.0,0,0,0,0,GREEN,БЕЗ ЗНАЧАЈНОГ РИЗИКА,NO SIGNIFICANT RISK,HIGH,ECMWF ENS,ECMWF ENS | ICON-EU EPS | GEFS,0.0,3,0.0,0,0,0,0,GREEN,БЕЗ ЗНАЧАЈНОГ РИЗИКА,NO SIGNIFICANT RISK,HIGH,ECMWF ENS,ECMWF ENS | ICON-EU EPS | GEFS,0,GREEN,БЕЗ ЗНАЧАЈНОГ РИЗИКА,NO SIGNIFICANT RISK,NONE,HIGH,12,2026-08-21T06:00:00+00:00,2026-08-21T18:00:00+00:00,STORMS,EXPERIMENTAL,DEVELOPMENTAL MULTIMODEL SIGNAL - NOT CALIBRATED PROBABILITY,PUBLIC OPEN-DATA SERVICES,INDEPENDENT PROJECT - NOT AN OFFICIAL RHMZ WARNING PRODUCT
70661,KRUPANJ,KRUPANJ,КРУПАЊ,0.0,0.0,0.0,0.0,0.0,8.787694751295158,52.30000305175781,8,42,2026-08-21T18:00:00Z,2026-08-20T00:00:00Z,0.0,0.0,473.1,54.5,0.0,9.0,8,0.0,0.0,10,12.1,0.0,8.9,0.0,0.0,0.0,0.0,0.0,0.0,0.0,3,0.0,0,0,0,0,GREEN,БЕЗ ЗНАЧАЈНОГ РИЗИКА,NO SIGNIFICANT RISK,HIGH,ECMWF ENS,ECMWF ENS | ICON-EU EPS | GEFS,0.0,3,0.0,0,0,0,0,GREEN,БЕЗ ЗНАЧАЈНОГ РИЗИКА,NO SIGNIFICANT RISK,HIGH,ECMWF ENS,ECMWF ENS | ICON-EU EPS | GEFS,0.0,3,0.0,0,0,0,0,GREEN,БЕЗ ЗНАЧАЈНОГ РИЗИКА,NO SIGNIFICANT RISK,HIGH,ECMWF ENS,ECMWF ENS | ICON-EU EPS | GEFS,0.0,3,0.0,0,0,0,0,GREEN,БЕЗ ЗНАЧАЈНОГ РИЗИКА,NO SIGNIFICANT RISK,HIGH,ECMWF ENS,ECMWF ENS | ICON-EU EPS | GEFS,0,GREEN,БЕЗ ЗНАЧАЈНОГ РИЗИКА,NO SIGNIFICANT RISK,NONE,HIGH,12,2026-08-21T06:00:00+00:00,2026-08-21T18:00:00+00:00,STORMS,EXPERIMENTAL,DEVELOPMENTAL MULTIMODEL SIGNAL - NOT CALIBRATED PROBABILITY,PUBLIC OPEN-DATA SERVICES,INDEPENDENT PROJECT - NOT AN OFFICIAL RHMZ WARNING PRODUCT
70670,KRUŠEVAC-GRAD,KRUŠEVAC-GRAD,КРУШЕВАЦ-ГРАД,0.0,0.0,0.0,0.0,4.0,8.478083089547889,55.70870971679688,12,42,2026-08-21T18:00:00Z,2026-08-20T00:00:00Z,0.0,0.0,79.5,56.8,0.0,7.2,12,0.0,0.0,11,7.8,0.0,5.2,0.0,0.0,0.0,0.0,0.0,0.0,0.0,3,0.0,0,0,0,0,GREEN,БЕЗ ЗНАЧАЈНОГ РИЗИКА,NO SIGNIFICANT RISK,HIGH,ECMWF ENS,ECMWF ENS | ICON-EU EPS | GEFS,0.0,3,0.0,0,0,0,0,GREEN,БЕЗ ЗНАЧАЈНОГ РИЗИКА,NO SIGNIFICANT RISK,HIGH,ECMWF ENS,ECMWF ENS | ICON-EU EPS | GEFS,0.0,3,0.0,0,0,0,0,GREEN,БЕЗ ЗНАЧАЈНОГ РИЗИКА,NO SIGNIFICANT RISK,HIGH,ECMWF ENS,ECMWF ENS | ICON-EU EPS | GEFS,0.0,3,0.0,0,0,0,0,GREEN,БЕЗ ЗНАЧАЈНОГ РИЗИКА,NO SIGNIFICANT RISK,HIGH,ECMWF ENS,ECMWF ENS | ICON-EU EPS | GEFS,0,GREEN,БЕЗ ЗНАЧАЈНОГ РИЗИКА,NO SIGNIFICANT RISK,NONE,HIGH,12,2026-08-21T06:00:00+00:00,2026-08-21T18:00:00+00:00,STORMS,EXPERIMENTAL,DEVELOPMENTAL MULTIMODEL SIGNAL - NOT CALIBRATED PROBABILITY,PUBLIC OPEN-DATA SERVICES,INDEPENDENT PROJECT - NOT AN OFFICIAL RHMZ WARNING PRODUCT
80233,KULA,KULA,КУЛА,0.0,0.0,0.0,0.0,13.0,12.013706464572454,69.81324768066406,8,42,2026-08-21T18:00:00Z,2026-08-20T00:00:00Z,12.0,12.0,453.1,82.1,0.0,14.2,8,0.0,0.0,11,7.9,0.0,14.5,6.0,0.0,0.0,0.0,0.0,0.0,4.0,3,12.0,1,0,0,0,GREEN,БЕЗ ЗНАЧАЈНОГ РИЗИКА,NO SIGNIFICANT RISK,HIGH,ECMWF ENS,ECMWF ENS | ICON-EU EPS | GEFS,2.0,3,6.0,0,0,0,0,GREEN,БЕЗ ЗНАЧАЈНОГ РИЗИКА,NO SIGNIFICANT RISK,HIGH,ECMWF ENS,ECMWF ENS | ICON-EU EPS | GEFS,0.0,3,0.0,0,0,0,0,GREEN,БЕЗ ЗНАЧАЈНОГ РИЗИКА,NO SIGNIFICANT RISK,HIGH,ECMWF ENS,ECMWF ENS | ICON-EU EPS | GEFS,0.0,3,0.0,0,0,0,0,GREEN,БЕЗ ЗНАЧАЈНОГ РИЗИКА,NO SIGNIFICANT RISK,HIGH,ECMWF ENS,ECMWF ENS | ICON-EU EPS | GEFS,0,GREEN,БЕЗ ЗНАЧАЈНОГ РИЗИКА,NO SIGNIFICANT RISK,NONE,HIGH,12,2026-08-21T06:00:00+00:00,2026-08-21T18:00:00+00:00,STORMS,EXPERIMENTAL,DEVELOPMENTAL MULTIMODEL SIGNAL - NOT CALIBRATED PROBABILITY,PUBLIC OPEN-DATA SERVICES,INDEPENDENT PROJECT - NOT AN OFFICIAL RHMZ WARNING PRODUCT
70688,KURŠUMLIJA,KURŠUMLIJA,КУРШУМЛИЈА,0.0,0.0,0.0,0.0,4.0,4.2709538793184425,54.99332332611084,11,42,2026-08-21T18:00:00Z,2026-08-20T00:00:00Z,0.0,0.0,0.0,52.8,0.0,2.7,11,0.0,0.0,12,0.0,0.0,2.8,0.0,0.0,0.0,0.0,0.0,0.0,0.0,3,0.0,0,0,0,0,GREEN,БЕЗ ЗНАЧАЈНОГ РИЗИКА,NO SIGNIFICANT RISK,HIGH,ECMWF ENS,ECMWF ENS | ICON-EU EPS | GEFS,0.0,3,0.0,0,0,0,0,GREEN,БЕЗ ЗНАЧАЈНОГ РИЗИКА,NO SIGNIFICANT RISK,HIGH,ECMWF ENS,ECMWF ENS | ICON-EU EPS | GEFS,0.0,3,0.0,0,0,0,0,GREEN,БЕЗ ЗНАЧАЈНОГ РИЗИКА,NO SIGNIFICANT RISK,HIGH,ECMWF ENS,ECMWF ENS | ICON-EU EPS | GEFS,0.0,3,0.0,0,0,0,0,GREEN,БЕЗ ЗНАЧАЈНОГ РИЗИКА,NO SIGNIFICANT RISK,HIGH,ECMWF ENS,ECMWF ENS | ICON-EU EPS | GEFS,0,GREEN,БЕЗ ЗНАЧАЈНОГ РИЗИКА,NO SIGNIFICANT RISK,NONE,HIGH,12,2026-08-21T06:00:00+00:00,2026-08-21T18:00:00+00:00,STORMS,EXPERIMENTAL,DEVELOPMENTAL MULTIMODEL SIGNAL - NOT CALIBRATED PROBABILITY,PUBLIC OPEN-DATA SERVICES,INDEPENDENT PROJECT - NOT AN OFFICIAL RHMZ WARNING PRODUCT
70696,KUČEVO,KUČEVO,КУЧЕВО,0.0,0.0,0.0,0.0,0.0,11.515112998865034,60.35684776306152,11,42,2026-08-21T18:00:00Z,2026-08-20T00:00:00Z,0.0,0.0,364.2,50.5,0.0,3.9,11,0.0,0.0,11,18.8,0.0,9.2,0.0,0.0,0.0,0.0,0.0,0.0,0.0,3,0.0,0,0,0,0,GREEN,БЕЗ ЗНАЧАЈНОГ РИЗИКА,NO SIGNIFICANT RISK,HIGH,ECMWF ENS,ECMWF ENS | ICON-EU EPS | GEFS,0.0,3,0.0,0,0,0,0,GREEN,БЕЗ ЗНАЧАЈНОГ РИЗИКА,NO SIGNIFICANT RISK,HIGH,ECMWF ENS,ECMWF ENS | ICON-EU EPS | GEFS,0.0,3,0.0,0,0,0,0,GREEN,БЕЗ ЗНАЧАЈНОГ РИЗИКА,NO SIGNIFICANT RISK,HIGH,ECMWF ENS,ECMWF ENS | ICON-EU EPS | GEFS,0.0,3,0.0,0,0,0,0,GREEN,БЕЗ ЗНАЧАЈНОГ РИЗИКА,NO SIGNIFICANT RISK,HIGH,ECMWF ENS,ECMWF ENS | ICON-EU EPS | GEFS,0,GREEN,БЕЗ ЗНАЧАЈНОГ РИЗИКА,NO SIGNIFICANT RISK,NONE,HIGH,12,2026-08-21T06:00:00+00:00,2026-08-21T18:00:00+00:00,STORMS,EXPERIMENTAL,DEVELOPMENTAL MULTIMODEL SIGNAL - NOT CALIBRATED PROBABILITY,PUBLIC OPEN-DATA SERVICES,INDEPENDENT PROJECT - NOT AN OFFICIAL RHMZ WARNING PRODUCT
70700,LAJKOVAC,LAJKOVAC,ЛАЈКОВАЦ,0.0,0.0,0.0,0.0,0.0,7.586986606814368,52.20000076293945,6,42,2026-08-21T18:00:00Z,2026-08-20T00:00:00Z,0.0,0.0,13.4,56.6,0.0,5.7,6,0.0,0.0,11,0.0,0.0,6.7,0.0,0.0,0.0,0.0,0.0,0.0,0.0,3,0.0,0,0,0,0,GREEN,БЕЗ ЗНАЧАЈНОГ РИЗИКА,NO SIGNIFICANT RISK,HIGH,ECMWF ENS,ECMWF ENS | ICON-EU EPS | GEFS,0.0,3,0.0,0,0,0,0,GREEN,БЕЗ ЗНАЧАЈНОГ РИЗИКА,NO SIGNIFICANT RISK,HIGH,ECMWF ENS,ECMWF ENS | ICON-EU EPS | GEFS,0.0,3,0.0,0,0,0,0,GREEN,БЕЗ ЗНАЧАЈНОГ РИЗИКА,NO SIGNIFICANT RISK,HIGH,ECMWF ENS,ECMWF ENS | ICON-EU EPS | GEFS,0.0,3,0.0,0,0,0,0,GREEN,БЕЗ ЗНАЧАЈНОГ РИЗИКА,NO SIGNIFICANT RISK,HIGH,ECMWF ENS,ECMWF ENS | ICON-EU EPS | GEFS,0,GREEN,БЕЗ ЗНАЧАЈНОГ РИЗИКА,NO SIGNIFICANT RISK,NONE,HIGH,12,2026-08-21T06:00:00+00:00,2026-08-21T18:00:00+00:00,STORMS,EXPERIMENTAL,DEVELOPMENTAL MULTIMODEL SIGNAL - NOT CALIBRATED PROBABILITY,PUBLIC OPEN-DATA SERVICES,INDEPENDENT PROJECT - NOT AN OFFICIAL RHMZ WARNING PRODUCT
71277,LAPOVO,LAPOVO,ЛАПОВО,0.0,0.0,0.0,0.0,1.0,6.5675356437263455,57.532012939453125,5,42,2026-08-21T18:00:00Z,2026-08-20T00:00:00Z,0.0,0.0,0.0,49.8,0.0,6.1,5,0.0,0.0,10,0.0,0.0,8.3,0.0,0.0,0.0,0.0,0.0,0.0,0.0,3,0.0,0,0,0,0,GREEN,БЕЗ ЗНАЧАЈНОГ РИЗИКА,NO SIGNIFICANT RISK,HIGH,ECMWF ENS,ECMWF ENS | ICON-EU EPS | GEFS,0.0,3,0.0,0,0,0,0,GREEN,БЕЗ ЗНАЧАЈНОГ РИЗИКА,NO SIGNIFICANT RISK,HIGH,ECMWF ENS,ECMWF ENS | ICON-EU EPS | GEFS,0.0,3,0.0,0,0,0,0,GREEN,БЕЗ ЗНАЧАЈНОГ РИЗИКА,NO SIGNIFICANT RISK,HIGH,ECMWF ENS,ECMWF ENS | ICON-EU EPS | GEFS,0.0,3,0.0,0,0,0,0,GREEN,БЕЗ ЗНАЧАЈНОГ РИЗИКА,NO SIGNIFICANT RISK,HIGH,ECMWF ENS,ECMWF ENS | ICON-EU EPS | GEFS,0,GREEN,БЕЗ ЗНАЧАЈНОГ РИЗИКА,NO SIGNIFICANT RISK,NONE,HIGH,12,2026-08-21T06:00:00+00:00,2026-08-21T18:00:00+00:00,STORMS,EXPERIMENTAL,DEVELOPMENTAL MULTIMODEL SIGNAL - NOT CALIBRATED PROBABILITY,PUBLIC OPEN-DATA SERVICES,INDEPENDENT PROJECT - NOT AN OFFICIAL RHMZ WARNING PRODUCT
70718,LEBANE,LEBANE,ЛЕБАНЕ,0.0,0.0,0.0,0.0,0.0,4.2329130475664085,55.60000038146973,8,42,2026-08-21T18:00:00Z,2026-08-20T00:00:00Z,0.0,0.0,0.0,49.2,0.0,3.5,8,0.0,0.0,11,167.1,0.0,3.4,0.0,0.0,0.0,0.0,0.0,0.0,0.0,3,0.0,0,0,0,0,GREEN,БЕЗ ЗНАЧАЈНОГ РИЗИКА,NO SIGNIFICANT RISK,HIGH,ECMWF ENS,ECMWF ENS | ICON-EU EPS | GEFS,0.0,3,0.0,0,0,0,0,GREEN,БЕЗ ЗНАЧАЈНОГ РИЗИКА,NO SIGNIFICANT RISK,HIGH,ECMWF ENS,ECMWF ENS | ICON-EU EPS | GEFS,0.0,3,0.0,0,0,0,0,GREEN,БЕЗ ЗНАЧАЈНОГ РИЗИКА,NO SIGNIFICANT RISK,HIGH,ECMWF ENS,ECMWF ENS | ICON-EU EPS | GEFS,0.0,3,0.0,0,0,0,0,GREEN,БЕЗ ЗНАЧАЈНОГ РИЗИКА,NO SIGNIFICANT RISK,HIGH,ECMWF ENS,ECMWF ENS | ICON-EU EPS | GEFS,0,GREEN,БЕЗ ЗНАЧАЈНОГ РИЗИКА,NO SIGNIFICANT RISK,NONE,HIGH,12,2026-08-21T06:00:00+00:00,2026-08-21T18:00:00+00:00,STORMS,EXPERIMENTAL,DEVELOPMENTAL MULTIMODEL SIGNAL - NOT CALIBRATED PROBABILITY,PUBLIC OPEN-DATA SERVICES,INDEPENDENT PROJECT - NOT AN OFFICIAL RHMZ WARNING PRODUCT
90158,LEPOSAVIĆ,LEPOSAVIĆ,ЛЕПОСАВИЋ,0.0,0.0,0.0,0.0,4.0,5.657130651028317,53.18039894104004,7,42,2026-08-21T18:00:00Z,2026-08-20T00:00:00Z,0.0,0.0,0.0,47.3,0.0,4.1,7,0.0,0.0,12,0.0,0.0,5.0,0.0,0.0,0.0,0.0,0.0,0.0,0.0,3,0.0,0,0,0,0,GREEN,БЕЗ ЗНАЧАЈНОГ РИЗИКА,NO SIGNIFICANT RISK,HIGH,ECMWF ENS,ECMWF ENS | ICON-EU EPS | GEFS,0.0,3,0.0,0,0,0,0,GREEN,БЕЗ ЗНАЧАЈНОГ РИЗИКА,NO SIGNIFICANT RISK,HIGH,ECMWF ENS,ECMWF ENS | ICON-EU EPS | GEFS,0.0,3,0.0,0,0,0,0,GREEN,БЕЗ ЗНАЧАЈНОГ РИЗИКА,NO SIGNIFICANT RISK,HIGH,ECMWF ENS,ECMWF ENS | ICON-EU EPS | GEFS,0.0,3,0.0,0,0,0,0,GREEN,БЕЗ ЗНАЧАЈНОГ РИЗИКА,NO SIGNIFICANT RISK,HIGH,ECMWF ENS,ECMWF ENS | ICON-EU EPS | GEFS,0,GREEN,БЕЗ ЗНАЧАЈНОГ РИЗИКА,NO SIGNIFICANT RISK,NONE,HIGH,12,2026-08-21T06:00:00+00:00,2026-08-21T18:00:00+00:00,STORMS,EXPERIMENTAL,DEVELOPMENTAL MULTIMODEL SIGNAL - NOT CALIBRATED PROBABILITY,PUBLIC OPEN-DATA SERVICES,INDEPENDENT PROJECT - NOT AN OFFICIAL RHMZ WARNING PRODUCT
70726,LESKOVAC-GRAD,LESKOVAC-GRAD,ЛЕСКОВАЦ-ГРАД,0.0,0.0,0.0,0.0,0.0,6.4802612510764055,57.10684776306152,13,42,2026-08-21T18:00:00Z,2026-08-20T00:00:00Z,0.0,0.0,327.6,59.7,0.0,1.4,13,0.0,0.0,12,161.7,0.0,3.2,0.0,0.0,0.0,0.0,0.0,0.0,0.0,3,0.0,0,0,0,0,GREEN,БЕЗ ЗНАЧАЈНОГ РИЗИКА,NO SIGNIFICANT RISK,HIGH,ECMWF ENS,ECMWF ENS | ICON-EU EPS | GEFS,0.0,3,0.0,0,0,0,0,GREEN,БЕЗ ЗНАЧАЈНОГ РИЗИКА,NO SIGNIFICANT RISK,HIGH,ECMWF ENS,ECMWF ENS | ICON-EU EPS | GEFS,0.0,3,0.0,0,0,0,0,GREEN,БЕЗ ЗНАЧАЈНОГ РИЗИКА,NO SIGNIFICANT RISK,HIGH,ECMWF ENS,ECMWF ENS | ICON-EU EPS | GEFS,0.0,3,0.0,0,0,0,0,GREEN,БЕЗ ЗНАЧАЈНОГ РИЗИКА,NO SIGNIFICANT RISK,HIGH,ECMWF ENS,ECMWF ENS | ICON-EU EPS | GEFS,0,GREEN,БЕЗ ЗНАЧАЈНОГ РИЗИКА,NO SIGNIFICANT RISK,NONE,HIGH,12,2026-08-21T06:00:00+00:00,2026-08-21T18:00:00+00:00,STORMS,EXPERIMENTAL,DEVELOPMENTAL MULTIMODEL SIGNAL - NOT CALIBRATED PROBABILITY,PUBLIC OPEN-DATA SERVICES,INDEPENDENT PROJECT - NOT AN OFFICIAL RHMZ WARNING PRODUCT
90166,LIPLJAN,LIPLJAN,ЛИПЉАН,0.0,0.0,0.0,0.0,0.0,6.57521765409167,59.400001525878906,9,42,2026-08-21T18:00:00Z,2026-08-20T00:00:00Z,10.0,0.0,266.9,72.5,0.0,2.6,9,0.0,0.0,11,0.0,0.0,5.5,0.0,0.0,0.0,0.0,0.0,0.0,3.3,3,10.0,1,0,0,0,GREEN,БЕЗ ЗНАЧАЈНОГ РИЗИКА,NO SIGNIFICANT RISK,HIGH,ECMWF ENS,ECMWF ENS | ICON-EU EPS | GEFS,0.0,3,0.0,0,0,0,0,GREEN,БЕЗ ЗНАЧАЈНОГ РИЗИКА,NO SIGNIFICANT RISK,HIGH,ECMWF ENS,ECMWF ENS | ICON-EU EPS | GEFS,0.0,3,0.0,0,0,0,0,GREEN,БЕЗ ЗНАЧАЈНОГ РИЗИКА,NO SIGNIFICANT RISK,HIGH,ECMWF ENS,ECMWF ENS | ICON-EU EPS | GEFS,0.0,3,0.0,0,0,0,0,GREEN,БЕЗ ЗНАЧАЈНОГ РИЗИКА,NO SIGNIFICANT RISK,HIGH,ECMWF ENS,ECMWF ENS | ICON-EU EPS | GEFS,0,GREEN,БЕЗ ЗНАЧАЈНОГ РИЗИКА,NO SIGNIFICANT RISK,NONE,HIGH,12,2026-08-21T06:00:00+00:00,2026-08-21T18:00:00+00:00,STORMS,EXPERIMENTAL,DEVELOPMENTAL MULTIMODEL SIGNAL - NOT CALIBRATED PROBABILITY,PUBLIC OPEN-DATA SERVICES,INDEPENDENT PROJECT - NOT AN OFFICIAL RHMZ WARNING PRODUCT
70734,LOZNICA-GRAD,LOZNICA-GRAD,ЛОЗНИЦА-ГРАД,0.0,0.0,0.0,0.0,0.0,9.258784340467232,54.9068489074707,9,42,2026-08-21T18:00:00Z,2026-08-20T00:00:00Z,0.0,0.0,170.6,57.8,0.0,11.1,9,0.0,0.0,10,7.6,0.0,10.1,0.0,0.0,0.0,0.0,0.0,0.0,0.0,3,0.0,0,0,0,0,GREEN,БЕЗ ЗНАЧАЈНОГ РИЗИКА,NO SIGNIFICANT RISK,HIGH,ECMWF ENS,ECMWF ENS | ICON-EU EPS | GEFS,0.0,3,0.0,0,0,0,0,GREEN,БЕЗ ЗНАЧАЈНОГ РИЗИКА,NO SIGNIFICANT RISK,HIGH,ECMWF ENS,ECMWF ENS | ICON-EU EPS | GEFS,0.0,3,0.0,0,0,0,0,GREEN,БЕЗ ЗНАЧАЈНОГ РИЗИКА,NO SIGNIFICANT RISK,HIGH,ECMWF ENS,ECMWF ENS | ICON-EU EPS | GEFS,0.0,3,0.0,0,0,0,0,GREEN,БЕЗ ЗНАЧАЈНОГ РИЗИКА,NO SIGNIFICANT RISK,HIGH,ECMWF ENS,ECMWF ENS | ICON-EU EPS | GEFS,0,GREEN,БЕЗ ЗНАЧАЈНОГ РИЗИКА,NO SIGNIFICANT RISK,NONE,HIGH,12,2026-08-21T06:00:00+00:00,2026-08-21T18:00:00+00:00,STORMS,EXPERIMENTAL,DEVELOPMENTAL MULTIMODEL SIGNAL - NOT CALIBRATED PROBABILITY,PUBLIC OPEN-DATA SERVICES,INDEPENDENT PROJECT - NOT AN OFFICIAL RHMZ WARNING PRODUCT
70742,LUČANI,LUČANI,ЛУЧАНИ,0.0,0.0,0.0,0.0,1.0,6.54474380950542,54.49332237243652,10,42,2026-08-21T18:00:00Z,2026-08-20T00:00:00Z,0.0,0.0,272.5,43.7,0.0,4.8,10,0.0,0.0,10,0.0,0.0,6.8,0.0,0.0,0.0,0.0,0.0,0.0,0.0,3,0.0,0,0,0,0,GREEN,БЕЗ ЗНАЧАЈНОГ РИЗИКА,NO SIGNIFICANT RISK,HIGH,ECMWF ENS,ECMWF ENS | ICON-EU EPS | GEFS,0.0,3,0.0,0,0,0,0,GREEN,БЕЗ ЗНАЧАЈНОГ РИЗИКА,NO SIGNIFICANT RISK,HIGH,ECMWF ENS,ECMWF ENS | ICON-EU EPS | GEFS,0.0,3,0.0,0,0,0,0,GREEN,БЕЗ ЗНАЧАЈНОГ РИЗИКА,NO SIGNIFICANT RISK,HIGH,ECMWF ENS,ECMWF ENS | ICON-EU EPS | GEFS,0.0,3,0.0,0,0,0,0,GREEN,БЕЗ ЗНАЧАЈНОГ РИЗИКА,NO SIGNIFICANT RISK,HIGH,ECMWF ENS,ECMWF ENS | ICON-EU EPS | GEFS,0,GREEN,БЕЗ ЗНАЧАЈНОГ РИЗИКА,NO SIGNIFICANT RISK,NONE,HIGH,12,2026-08-21T06:00:00+00:00,2026-08-21T18:00:00+00:00,STORMS,EXPERIMENTAL,DEVELOPMENTAL MULTIMODEL SIGNAL - NOT CALIBRATED PROBABILITY,PUBLIC OPEN-DATA SERVICES,INDEPENDENT PROJECT - NOT AN OFFICIAL RHMZ WARNING PRODUCT
70785,MAJDANPEK,MAJDANPEK,МАЈДАНПЕК,0.0,0.0,0.0,0.0,0.0,11.515112998865034,60.78371047973633,12,42,2026-08-21T18:00:00Z,2026-08-20T00:00:00Z,0.0,0.0,281.9,47.5,0.0,10.0,12,0.0,0.0,12,16.2,0.0,10.4,0.0,0.0,0.0,0.0,0.0,0.0,0.0,3,0.0,0,0,0,0,GREEN,БЕЗ ЗНАЧАЈНОГ РИЗИКА,NO SIGNIFICANT RISK,HIGH,ECMWF ENS,ECMWF ENS | ICON-EU EPS | GEFS,0.0,3,0.0,0,0,0,0,GREEN,БЕЗ ЗНАЧАЈНОГ РИЗИКА,NO SIGNIFICANT RISK,HIGH,ECMWF ENS,ECMWF ENS | ICON-EU EPS | GEFS,0.0,3,0.0,0,0,0,0,GREEN,БЕЗ ЗНАЧАЈНОГ РИЗИКА,NO SIGNIFICANT RISK,HIGH,ECMWF ENS,ECMWF ENS | ICON-EU EPS | GEFS,0.0,3,0.0,0,0,0,0,GREEN,БЕЗ ЗНАЧАЈНОГ РИЗИКА,NO SIGNIFICANT RISK,HIGH,ECMWF ENS,ECMWF ENS | ICON-EU EPS | GEFS,0,GREEN,БЕЗ ЗНАЧАЈНОГ РИЗИКА,NO SIGNIFICANT RISK,NONE,HIGH,12,2026-08-21T06:00:00+00:00,2026-08-21T18:00:00+00:00,STORMS,EXPERIMENTAL,DEVELOPMENTAL MULTIMODEL SIGNAL - NOT CALIBRATED PROBABILITY,PUBLIC OPEN-DATA SERVICES,INDEPENDENT PROJECT - NOT AN OFFICIAL RHMZ WARNING PRODUCT
70793,MALI ZVORNIK,MALI ZVORNIK,МАЛИ ЗВОРНИК,0.0,0.0,0.0,0.0,0.0,8.787694751295158,52.30000305175781,6,42,2026-08-21T18:00:00Z,2026-08-20T00:00:00Z,0.0,0.0,473.1,54.5,0.0,9.0,6,0.0,0.0,12,12.1,0.0,9.4,0.0,0.0,0.0,0.0,0.0,0.0,0.0,3,0.0,0,0,0,0,GREEN,БЕЗ ЗНАЧАЈНОГ РИЗИКА,NO SIGNIFICANT RISK,HIGH,ECMWF ENS,ECMWF ENS | ICON-EU EPS | GEFS,0.0,3,0.0,0,0,0,0,GREEN,БЕЗ ЗНАЧАЈНОГ РИЗИКА,NO SIGNIFICANT RISK,HIGH,ECMWF ENS,ECMWF ENS | ICON-EU EPS | GEFS,0.0,3,0.0,0,0,0,0,GREEN,БЕЗ ЗНАЧАЈНОГ РИЗИКА,NO SIGNIFICANT RISK,HIGH,ECMWF ENS,ECMWF ENS | ICON-EU EPS | GEFS,0.0,3,0.0,0,0,0,0,GREEN,БЕЗ ЗНАЧАЈНОГ РИЗИКА,NO SIGNIFICANT RISK,HIGH,ECMWF ENS,ECMWF ENS | ICON-EU EPS | GEFS,0,GREEN,БЕЗ ЗНАЧАЈНОГ РИЗИКА,NO SIGNIFICANT RISK,NONE,HIGH,12,2026-08-21T06:00:00+00:00,2026-08-21T18:00:00+00:00,STORMS,EXPERIMENTAL,DEVELOPMENTAL MULTIMODEL SIGNAL - NOT CALIBRATED PROBABILITY,PUBLIC OPEN-DATA SERVICES,INDEPENDENT PROJECT - NOT AN OFFICIAL RHMZ WARNING PRODUCT
80241,MALI IĐOŠ,MALI IĐOŠ,МАЛИ ИЂОШ,0.0,0.0,0.0,0.0,0.0,11.977293681651508,55.83511734008789,6,42,2026-08-21T18:00:00Z,2026-08-20T00:00:00Z,4.0,4.0,0.5,76.3,0.0,10.1,6,0.0,0.0,11,0.0,0.0,12.9,4.0,0.0,0.0,0.0,0.0,0.0,1.3,3,4.0,0,0,0,0,GREEN,БЕЗ ЗНАЧАЈНОГ РИЗИКА,NO SIGNIFICANT RISK,HIGH,ECMWF ENS,ECMWF ENS | ICON-EU EPS | GEFS,1.3,3,4.0,0,0,0,0,GREEN,БЕЗ ЗНАЧАЈНОГ РИЗИКА,NO SIGNIFICANT RISK,HIGH,ECMWF ENS,ECMWF ENS | ICON-EU EPS | GEFS,0.0,3,0.0,0,0,0,0,GREEN,БЕЗ ЗНАЧАЈНОГ РИЗИКА,NO SIGNIFICANT RISK,HIGH,ECMWF ENS,ECMWF ENS | ICON-EU EPS | GEFS,0.0,3,0.0,0,0,0,0,GREEN,БЕЗ ЗНАЧАЈНОГ РИЗИКА,NO SIGNIFICANT RISK,HIGH,ECMWF ENS,ECMWF ENS | ICON-EU EPS | GEFS,0,GREEN,БЕЗ ЗНАЧАЈНОГ РИЗИКА,NO SIGNIFICANT RISK,NONE,HIGH,12,2026-08-21T06:00:00+00:00,2026-08-21T18:00:00+00:00,STORMS,EXPERIMENTAL,DEVELOPMENTAL MULTIMODEL SIGNAL - NOT CALIBRATED PROBABILITY,PUBLIC OPEN-DATA SERVICES,INDEPENDENT PROJECT - NOT AN OFFICIAL RHMZ WARNING PRODUCT
70807,MALO CRNIĆE,MALO CRNIĆE,МАЛО ЦРНИЋЕ,0.0,0.0,0.0,0.0,0.0,9.536144153200857,60.19999885559082,8,42,2026-08-21T18:00:00Z,2026-08-20T00:00:00Z,0.0,0.0,0.0,51.5,0.0,5.4,8,0.0,0.0,13,0.0,0.0,7.4,0.0,0.0,0.0,0.0,0.0,0.0,0.0,3,0.0,0,0,0,0,GREEN,БЕЗ ЗНАЧАЈНОГ РИЗИКА,NO SIGNIFICANT RISK,HIGH,ECMWF ENS,ECMWF ENS | ICON-EU EPS | GEFS,0.0,3,0.0,0,0,0,0,GREEN,БЕЗ ЗНАЧАЈНОГ РИЗИКА,NO SIGNIFICANT RISK,HIGH,ECMWF ENS,ECMWF ENS | ICON-EU EPS | GEFS,0.0,3,0.0,0,0,0,0,GREEN,БЕЗ ЗНАЧАЈНОГ РИЗИКА,NO SIGNIFICANT RISK,HIGH,ECMWF ENS,ECMWF ENS | ICON-EU EPS | GEFS,0.0,3,0.0,0,0,0,0,GREEN,БЕЗ ЗНАЧАЈНОГ РИЗИКА,NO SIGNIFICANT RISK,HIGH,ECMWF ENS,ECMWF ENS | ICON-EU EPS | GEFS,0,GREEN,БЕЗ ЗНАЧАЈНОГ РИЗИКА,NO SIGNIFICANT RISK,NONE,HIGH,12,2026-08-21T06:00:00+00:00,2026-08-21T18:00:00+00:00,STORMS,EXPERIMENTAL,DEVELOPMENTAL MULTIMODEL SIGNAL - NOT CALIBRATED PROBABILITY,PUBLIC OPEN-DATA SERVICES,INDEPENDENT PROJECT - NOT AN OFFICIAL RHMZ WARNING PRODUCT
70815,MEDVEĐA,MEDVEĐA,МЕДВЕЂА,0.0,0.0,0.0,0.0,0.0,4.270596359426276,55.6133041381836,9,42,2026-08-21T18:00:00Z,2026-08-20T00:00:00Z,2.0,0.0,430.6,65.7,0.0,4.6,9,0.0,0.0,12,178.1,0.0,4.6,0.0,0.0,0.0,0.0,0.0,0.0,0.7,3,2.0,0,0,0,0,GREEN,БЕЗ ЗНАЧАЈНОГ РИЗИКА,NO SIGNIFICANT RISK,HIGH,ECMWF ENS,ECMWF ENS | ICON-EU EPS | GEFS,0.0,3,0.0,0,0,0,0,GREEN,БЕЗ ЗНАЧАЈНОГ РИЗИКА,NO SIGNIFICANT RISK,HIGH,ECMWF ENS,ECMWF ENS | ICON-EU EPS | GEFS,0.0,3,0.0,0,0,0,0,GREEN,БЕЗ ЗНАЧАЈНОГ РИЗИКА,NO SIGNIFICANT RISK,HIGH,ECMWF ENS,ECMWF ENS | ICON-EU EPS | GEFS,0.0,3,0.0,0,0,0,0,GREEN,БЕЗ ЗНАЧАЈНОГ РИЗИКА,NO SIGNIFICANT RISK,HIGH,ECMWF ENS,ECMWF ENS | ICON-EU EPS | GEFS,0,GREEN,БЕЗ ЗНАЧАЈНОГ РИЗИКА,NO SIGNIFICANT RISK,NONE,HIGH,12,2026-08-21T06:00:00+00:00,2026-08-21T18:00:00+00:00,STORMS,EXPERIMENTAL,DEVELOPMENTAL MULTIMODEL SIGNAL - NOT CALIBRATED PROBABILITY,PUBLIC OPEN-DATA SERVICES,INDEPENDENT PROJECT - NOT AN OFFICIAL RHMZ WARNING PRODUCT
70823,MEROŠINA,MEROŠINA,МЕРОШИНА,0.0,0.0,0.0,0.0,0.0,7.551903555607813,56.030839920043945,6,42,2026-08-21T18:00:00Z,2026-08-20T00:00:00Z,0.0,0.0,126.8,61.0,0.0,2.2,6,0.0,0.0,14,129.4,0.0,4.0,0.0,0.0,0.0,0.0,0.0,0.0,0.0,3,0.0,0,0,0,0,GREEN,БЕЗ ЗНАЧАЈНОГ РИЗИКА,NO SIGNIFICANT RISK,HIGH,ECMWF ENS,ECMWF ENS | ICON-EU EPS | GEFS,0.0,3,0.0,0,0,0,0,GREEN,БЕЗ ЗНАЧАЈНОГ РИЗИКА,NO SIGNIFICANT RISK,HIGH,ECMWF ENS,ECMWF ENS | ICON-EU EPS | GEFS,0.0,3,0.0,0,0,0,0,GREEN,БЕЗ ЗНАЧАЈНОГ РИЗИКА,NO SIGNIFICANT RISK,HIGH,ECMWF ENS,ECMWF ENS | ICON-EU EPS | GEFS,0.0,3,0.0,0,0,0,0,GREEN,БЕЗ ЗНАЧАЈНОГ РИЗИКА,NO SIGNIFICANT RISK,HIGH,ECMWF ENS,ECMWF ENS | ICON-EU EPS | GEFS,0,GREEN,БЕЗ ЗНАЧАЈНОГ РИЗИКА,NO SIGNIFICANT RISK,NONE,HIGH,12,2026-08-21T06:00:00+00:00,2026-08-21T18:00:00+00:00,STORMS,EXPERIMENTAL,DEVELOPMENTAL MULTIMODEL SIGNAL - NOT CALIBRATED PROBABILITY,PUBLIC OPEN-DATA SERVICES,INDEPENDENT PROJECT - NOT AN OFFICIAL RHMZ WARNING PRODUCT
70831,MIONICA,MIONICA,МИОНИЦА,0.0,0.0,0.0,0.0,0.0,7.586986606814368,52.20000076293945,9,42,2026-08-21T18:00:00Z,2026-08-20T00:00:00Z,0.0,0.0,13.4,56.6,0.0,5.7,9,0.0,0.0,13,0.0,0.0,7.2,0.0,0.0,0.0,0.0,0.0,0.0,0.0,3,0.0,0,0,0,0,GREEN,БЕЗ ЗНАЧАЈНОГ РИЗИКА,NO SIGNIFICANT RISK,HIGH,ECMWF ENS,ECMWF ENS | ICON-EU EPS | GEFS,0.0,3,0.0,0,0,0,0,GREEN,БЕЗ ЗНАЧАЈНОГ РИЗИКА,NO SIGNIFICANT RISK,HIGH,ECMWF ENS,ECMWF ENS | ICON-EU EPS | GEFS,0.0,3,0.0,0,0,0,0,GREEN,БЕЗ ЗНАЧАЈНОГ РИЗИКА,NO SIGNIFICANT RISK,HIGH,ECMWF ENS,ECMWF ENS | ICON-EU EPS | GEFS,0.0,3,0.0,0,0,0,0,GREEN,БЕЗ ЗНАЧАЈНОГ РИЗИКА,NO SIGNIFICANT RISK,HIGH,ECMWF ENS,ECMWF ENS | ICON-EU EPS | GEFS,0,GREEN,БЕЗ ЗНАЧАЈНОГ РИЗИКА,NO SIGNIFICANT RISK,NONE,HIGH,12,2026-08-21T06:00:00+00:00,2026-08-21T18:00:00+00:00,STORMS,EXPERIMENTAL,DEVELOPMENTAL MULTIMODEL SIGNAL - NOT CALIBRATED PROBABILITY,PUBLIC OPEN-DATA SERVICES,INDEPENDENT PROJECT - NOT AN OFFICIAL RHMZ WARNING PRODUCT
70840,NEGOTIN,NEGOTIN,НЕГОТИН,0.0,0.0,0.0,0.0,0.0,11.515112998865034,61.000282287597656,11,42,2026-08-21T18:00:00Z,2026-08-20T00:00:00Z,0.0,0.0,426.2,51.8,0.0,10.8,11,0.0,0.0,9,14.4,0.0,9.5,0.0,0.0,0.0,0.0,0.0,0.0,0.0,3,0.0,0,0,0,0,GREEN,БЕЗ ЗНАЧАЈНОГ РИЗИКА,NO SIGNIFICANT RISK,HIGH,ECMWF ENS,ECMWF ENS | ICON-EU EPS | GEFS,0.0,3,0.0,0,0,0,0,GREEN,БЕЗ ЗНАЧАЈНОГ РИЗИКА,NO SIGNIFICANT RISK,HIGH,ECMWF ENS,ECMWF ENS | ICON-EU EPS | GEFS,0.0,3,0.0,0,0,0,0,GREEN,БЕЗ ЗНАЧАЈНОГ РИЗИКА,NO SIGNIFICANT RISK,HIGH,ECMWF ENS,ECMWF ENS | ICON-EU EPS | GEFS,0.0,3,0.0,0,0,0,0,GREEN,БЕЗ ЗНАЧАЈНОГ РИЗИКА,NO SIGNIFICANT RISK,HIGH,ECMWF ENS,ECMWF ENS | ICON-EU EPS | GEFS,0,GREEN,БЕЗ ЗНАЧАЈНОГ РИЗИКА,NO SIGNIFICANT RISK,NONE,HIGH,12,2026-08-21T06:00:00+00:00,2026-08-21T18:00:00+00:00,STORMS,EXPERIMENTAL,DEVELOPMENTAL MULTIMODEL SIGNAL - NOT CALIBRATED PROBABILITY,PUBLIC OPEN-DATA SERVICES,INDEPENDENT PROJECT - NOT AN OFFICIAL RHMZ WARNING PRODUCT
71331,NIŠ-MEDIANA,NIŠ-MEDIANA,НИШ-МЕДИАНА,0.0,0.0,0.0,0.0,0.0,8.136777730561535,56.5068473815918,5,42,2026-08-21T18:00:00Z,2026-08-20T00:00:00Z,0.0,0.0,353.2,66.6,0.0,2.3,5,0.0,0.0,12,135.2,0.0,3.8,0.0,0.0,0.0,0.0,0.0,0.0,0.0,3,0.0,0,0,0,0,GREEN,БЕЗ ЗНАЧАЈНОГ РИЗИКА,NO SIGNIFICANT RISK,HIGH,ECMWF ENS,ECMWF ENS | ICON-EU EPS | GEFS,0.0,3,0.0,0,0,0,0,GREEN,БЕЗ ЗНАЧАЈНОГ РИЗИКА,NO SIGNIFICANT RISK,HIGH,ECMWF ENS,ECMWF ENS | ICON-EU EPS | GEFS,0.0,3,0.0,0,0,0,0,GREEN,БЕЗ ЗНАЧАЈНОГ РИЗИКА,NO SIGNIFICANT RISK,HIGH,ECMWF ENS,ECMWF ENS | ICON-EU EPS | GEFS,0.0,3,0.0,0,0,0,0,GREEN,БЕЗ ЗНАЧАЈНОГ РИЗИКА,NO SIGNIFICANT RISK,HIGH,ECMWF ENS,ECMWF ENS | ICON-EU EPS | GEFS,0,GREEN,БЕЗ ЗНАЧАЈНОГ РИЗИКА,NO SIGNIFICANT RISK,NONE,HIGH,12,2026-08-21T06:00:00+00:00,2026-08-21T18:00:00+00:00,STORMS,EXPERIMENTAL,DEVELOPMENTAL MULTIMODEL SIGNAL - NOT CALIBRATED PROBABILITY,PUBLIC OPEN-DATA SERVICES,INDEPENDENT PROJECT - NOT AN OFFICIAL RHMZ WARNING PRODUCT
71285,NIŠ-NIŠKA BANJA,NIŠ-NIŠKA BANJA,НИШ-НИШКА БАЊА,0.0,0.0,0.0,0.0,0.0,8.212296557438822,57.35000038146973,5,42,2026-08-21T18:00:00Z,2026-08-20T00:00:00Z,2.0,0.0,862.8,65.9,0.0,3.4,5,0.0,0.0,10,176.8,0.0,4.2,0.0,0.0,0.0,0.0,0.0,0.0,0.7,3,2.0,0,0,0,0,GREEN,БЕЗ ЗНАЧАЈНОГ РИЗИКА,NO SIGNIFICANT RISK,HIGH,ECMWF ENS,ECMWF ENS | ICON-EU EPS | GEFS,0.0,3,0.0,0,0,0,0,GREEN,БЕЗ ЗНАЧАЈНОГ РИЗИКА,NO SIGNIFICANT RISK,HIGH,ECMWF ENS,ECMWF ENS | ICON-EU EPS | GEFS,0.0,3,0.0,0,0,0,0,GREEN,БЕЗ ЗНАЧАЈНОГ РИЗИКА,NO SIGNIFICANT RISK,HIGH,ECMWF ENS,ECMWF ENS | ICON-EU EPS | GEFS,0.0,3,0.0,0,0,0,0,GREEN,БЕЗ ЗНАЧАЈНОГ РИЗИКА,NO SIGNIFICANT RISK,HIGH,ECMWF ENS,ECMWF ENS | ICON-EU EPS | GEFS,0,GREEN,БЕЗ ЗНАЧАЈНОГ РИЗИКА,NO SIGNIFICANT RISK,NONE,HIGH,12,2026-08-21T06:00:00+00:00,2026-08-21T18:00:00+00:00,STORMS,EXPERIMENTAL,DEVELOPMENTAL MULTIMODEL SIGNAL - NOT CALIBRATED PROBABILITY,PUBLIC OPEN-DATA SERVICES,INDEPENDENT PROJECT - NOT AN OFFICIAL RHMZ WARNING PRODUCT
71323,NIŠ-PALILULA,NIŠ-PALILULA,НИШ-ПАЛИЛУЛА,0.0,0.0,0.0,0.0,0.0,8.136777730561535,56.5068473815918,6,42,2026-08-21T18:00:00Z,2026-08-20T00:00:00Z,0.0,0.0,353.2,66.6,0.0,2.3,6,0.0,0.0,12,135.2,0.0,3.7,0.0,0.0,0.0,0.0,0.0,0.0,0.0,3,0.0,0,0,0,0,GREEN,БЕЗ ЗНАЧАЈНОГ РИЗИКА,NO SIGNIFICANT RISK,HIGH,ECMWF ENS,ECMWF ENS | ICON-EU EPS | GEFS,0.0,3,0.0,0,0,0,0,GREEN,БЕЗ ЗНАЧАЈНОГ РИЗИКА,NO SIGNIFICANT RISK,HIGH,ECMWF ENS,ECMWF ENS | ICON-EU EPS | GEFS,0.0,3,0.0,0,0,0,0,GREEN,БЕЗ ЗНАЧАЈНОГ РИЗИКА,NO SIGNIFICANT RISK,HIGH,ECMWF ENS,ECMWF ENS | ICON-EU EPS | GEFS,0.0,3,0.0,0,0,0,0,GREEN,БЕЗ ЗНАЧАЈНОГ РИЗИКА,NO SIGNIFICANT RISK,HIGH,ECMWF ENS,ECMWF ENS | ICON-EU EPS | GEFS,0,GREEN,БЕЗ ЗНАЧАЈНОГ РИЗИКА,NO SIGNIFICANT RISK,NONE,HIGH,12,2026-08-21T06:00:00+00:00,2026-08-21T18:00:00+00:00,STORMS,EXPERIMENTAL,DEVELOPMENTAL MULTIMODEL SIGNAL - NOT CALIBRATED PROBABILITY,PUBLIC OPEN-DATA SERVICES,INDEPENDENT PROJECT - NOT AN OFFICIAL RHMZ WARNING PRODUCT
71307,NIŠ-PANTELEJ,NIŠ-PANTELEJ,НИШ-ПАНТЕЛЕЈ,0.0,0.0,0.0,0.0,0.0,8.212296557438822,57.35000038146973,6,42,2026-08-21T18:00:00Z,2026-08-20T00:00:00Z,2.0,0.0,862.8,65.9,0.0,3.4,6,0.0,0.0,11,112.9,0.0,4.0,0.0,0.0,0.0,0.0,0.0,0.0,0.7,3,2.0,0,0,0,0,GREEN,БЕЗ ЗНАЧАЈНОГ РИЗИКА,NO SIGNIFICANT RISK,HIGH,ECMWF ENS,ECMWF ENS | ICON-EU EPS | GEFS,0.0,3,0.0,0,0,0,0,GREEN,БЕЗ ЗНАЧАЈНОГ РИЗИКА,NO SIGNIFICANT RISK,HIGH,ECMWF ENS,ECMWF ENS | ICON-EU EPS | GEFS,0.0,3,0.0,0,0,0,0,GREEN,БЕЗ ЗНАЧАЈНОГ РИЗИКА,NO SIGNIFICANT RISK,HIGH,ECMWF ENS,ECMWF ENS | ICON-EU EPS | GEFS,0.0,3,0.0,0,0,0,0,GREEN,БЕЗ ЗНАЧАЈНОГ РИЗИКА,NO SIGNIFICANT RISK,HIGH,ECMWF ENS,ECMWF ENS | ICON-EU EPS | GEFS,0,GREEN,БЕЗ ЗНАЧАЈНОГ РИЗИКА,NO SIGNIFICANT RISK,NONE,HIGH,12,2026-08-21T06:00:00+00:00,2026-08-21T18:00:00+00:00,STORMS,EXPERIMENTAL,DEVELOPMENTAL MULTIMODEL SIGNAL - NOT CALIBRATED PROBABILITY,PUBLIC OPEN-DATA SERVICES,INDEPENDENT PROJECT - NOT AN OFFICIAL RHMZ WARNING PRODUCT
71315,NIŠ-CRVENI KRST,NIŠ-CRVENI KRST,НИШ-ЦРВЕНИ КРСТ,0.0,0.0,0.0,0.0,0.0,8.136777730561535,56.5068473815918,6,42,2026-08-21T18:00:00Z,2026-08-20T00:00:00Z,0.0,0.0,126.8,61.0,0.0,2.2,6,0.0,0.0,10,101.4,0.0,4.0,0.0,0.0,0.0,0.0,0.0,0.0,0.0,3,0.0,0,0,0,0,GREEN,БЕЗ ЗНАЧАЈНОГ РИЗИКА,NO SIGNIFICANT RISK,HIGH,ECMWF ENS,ECMWF ENS | ICON-EU EPS | GEFS,0.0,3,0.0,0,0,0,0,GREEN,БЕЗ ЗНАЧАЈНОГ РИЗИКА,NO SIGNIFICANT RISK,HIGH,ECMWF ENS,ECMWF ENS | ICON-EU EPS | GEFS,0.0,3,0.0,0,0,0,0,GREEN,БЕЗ ЗНАЧАЈНОГ РИЗИКА,NO SIGNIFICANT RISK,HIGH,ECMWF ENS,ECMWF ENS | ICON-EU EPS | GEFS,0.0,3,0.0,0,0,0,0,GREEN,БЕЗ ЗНАЧАЈНОГ РИЗИКА,NO SIGNIFICANT RISK,HIGH,ECMWF ENS,ECMWF ENS | ICON-EU EPS | GEFS,0,GREEN,БЕЗ ЗНАЧАЈНОГ РИЗИКА,NO SIGNIFICANT RISK,NONE,HIGH,12,2026-08-21T06:00:00+00:00,2026-08-21T18:00:00+00:00,STORMS,EXPERIMENTAL,DEVELOPMENTAL MULTIMODEL SIGNAL - NOT CALIBRATED PROBABILITY,PUBLIC OPEN-DATA SERVICES,INDEPENDENT PROJECT - NOT AN OFFICIAL RHMZ WARNING PRODUCT
70866,NOVA VAROŠ,NOVA VAROŠ,НОВА ВАРОШ,0.0,0.0,0.0,0.0,0.0,4.545719305936247,50.16832160949707,9,42,2026-08-21T18:00:00Z,2026-08-20T00:00:00Z,0.0,0.0,0.0,43.9,0.0,3.3,9,0.0,0.0,12,0.0,0.0,4.3,0.0,0.0,0.0,0.0,0.0,0.0,0.0,3,0.0,0,0,0,0,GREEN,БЕЗ ЗНАЧАЈНОГ РИЗИКА,NO SIGNIFICANT RISK,HIGH,ECMWF ENS,ECMWF ENS | ICON-EU EPS | GEFS,0.0,3,0.0,0,0,0,0,GREEN,БЕЗ ЗНАЧАЈНОГ РИЗИКА,NO SIGNIFICANT RISK,HIGH,ECMWF ENS,ECMWF ENS | ICON-EU EPS | GEFS,0.0,3,0.0,0,0,0,0,GREEN,БЕЗ ЗНАЧАЈНОГ РИЗИКА,NO SIGNIFICANT RISK,HIGH,ECMWF ENS,ECMWF ENS | ICON-EU EPS | GEFS,0.0,3,0.0,0,0,0,0,GREEN,БЕЗ ЗНАЧАЈНОГ РИЗИКА,NO SIGNIFICANT RISK,HIGH,ECMWF ENS,ECMWF ENS | ICON-EU EPS | GEFS,0,GREEN,БЕЗ ЗНАЧАЈНОГ РИЗИКА,NO SIGNIFICANT RISK,NONE,HIGH,12,2026-08-21T06:00:00+00:00,2026-08-21T18:00:00+00:00,STORMS,EXPERIMENTAL,DEVELOPMENTAL MULTIMODEL SIGNAL - NOT CALIBRATED PROBABILITY,PUBLIC OPEN-DATA SERVICES,INDEPENDENT PROJECT - NOT AN OFFICIAL RHMZ WARNING PRODUCT
80250,NOVA CRNJA,NOVA CRNJA,НОВА ЦРЊА,0.0,0.0,0.0,0.0,0.0,10.485148017155296,58.08370971679688,7,42,2026-08-21T18:00:00Z,2026-08-20T00:00:00Z,0.0,0.0,0.0,48.7,0.0,8.4,7,0.0,0.0,12,0.0,0.0,9.9,0.0,0.0,0.0,0.0,0.0,0.0,0.0,3,0.0,0,0,0,0,GREEN,БЕЗ ЗНАЧАЈНОГ РИЗИКА,NO SIGNIFICANT RISK,HIGH,ECMWF ENS,ECMWF ENS | ICON-EU EPS | GEFS,0.0,3,0.0,0,0,0,0,GREEN,БЕЗ ЗНАЧАЈНОГ РИЗИКА,NO SIGNIFICANT RISK,HIGH,ECMWF ENS,ECMWF ENS | ICON-EU EPS | GEFS,0.0,3,0.0,0,0,0,0,GREEN,БЕЗ ЗНАЧАЈНОГ РИЗИКА,NO SIGNIFICANT RISK,HIGH,ECMWF ENS,ECMWF ENS | ICON-EU EPS | GEFS,0.0,3,0.0,0,0,0,0,GREEN,БЕЗ ЗНАЧАЈНОГ РИЗИКА,NO SIGNIFICANT RISK,HIGH,ECMWF ENS,ECMWF ENS | ICON-EU EPS | GEFS,0,GREEN,БЕЗ ЗНАЧАЈНОГ РИЗИКА,NO SIGNIFICANT RISK,NONE,HIGH,12,2026-08-21T06:00:00+00:00,2026-08-21T18:00:00+00:00,STORMS,EXPERIMENTAL,DEVELOPMENTAL MULTIMODEL SIGNAL - NOT CALIBRATED PROBABILITY,PUBLIC OPEN-DATA SERVICES,INDEPENDENT PROJECT - NOT AN OFFICIAL RHMZ WARNING PRODUCT
80268,NOVI BEČEJ,NOVI BEČEJ,НОВИ БЕЧЕЈ,0.0,0.0,0.0,0.0,0.0,10.822983685793975,53.34999847412109,9,42,2026-08-21T18:00:00Z,2026-08-20T00:00:00Z,0.0,0.0,0.0,60.5,0.0,9.3,9,0.0,0.0,10,0.0,0.0,11.2,0.0,0.0,0.0,0.0,0.0,0.0,0.0,3,0.0,0,0,0,0,GREEN,БЕЗ ЗНАЧАЈНОГ РИЗИКА,NO SIGNIFICANT RISK,HIGH,ECMWF ENS,ECMWF ENS | ICON-EU EPS | GEFS,0.0,3,0.0,0,0,0,0,GREEN,БЕЗ ЗНАЧАЈНОГ РИЗИКА,NO SIGNIFICANT RISK,HIGH,ECMWF ENS,ECMWF ENS | ICON-EU EPS | GEFS,0.0,3,0.0,0,0,0,0,GREEN,БЕЗ ЗНАЧАЈНОГ РИЗИКА,NO SIGNIFICANT RISK,HIGH,ECMWF ENS,ECMWF ENS | ICON-EU EPS | GEFS,0.0,3,0.0,0,0,0,0,GREEN,БЕЗ ЗНАЧАЈНОГ РИЗИКА,NO SIGNIFICANT RISK,HIGH,ECMWF ENS,ECMWF ENS | ICON-EU EPS | GEFS,0,GREEN,БЕЗ ЗНАЧАЈНОГ РИЗИКА,NO SIGNIFICANT RISK,NONE,HIGH,12,2026-08-21T06:00:00+00:00,2026-08-21T18:00:00+00:00,STORMS,EXPERIMENTAL,DEVELOPMENTAL MULTIMODEL SIGNAL - NOT CALIBRATED PROBABILITY,PUBLIC OPEN-DATA SERVICES,INDEPENDENT PROJECT - NOT AN OFFICIAL RHMZ WARNING PRODUCT
80276,NOVI KNEŽEVAC,NOVI KNEŽEVAC,НОВИ КНЕЖЕВАЦ,0.0,0.0,0.0,0.0,0.0,11.40101472119638,56.63825035095215,7,42,2026-08-21T18:00:00Z,2026-08-20T00:00:00Z,0.0,0.0,0.9,68.1,0.0,11.0,7,0.0,0.0,12,0.0,0.0,12.3,0.0,0.0,0.0,0.0,0.0,0.0,0.0,3,0.0,0,0,0,0,GREEN,БЕЗ ЗНАЧАЈНОГ РИЗИКА,NO SIGNIFICANT RISK,HIGH,ECMWF ENS,ECMWF ENS | ICON-EU EPS | GEFS,0.0,3,0.0,0,0,0,0,GREEN,БЕЗ ЗНАЧАЈНОГ РИЗИКА,NO SIGNIFICANT RISK,HIGH,ECMWF ENS,ECMWF ENS | ICON-EU EPS | GEFS,0.0,3,0.0,0,0,0,0,GREEN,БЕЗ ЗНАЧАЈНОГ РИЗИКА,NO SIGNIFICANT RISK,HIGH,ECMWF ENS,ECMWF ENS | ICON-EU EPS | GEFS,0.0,3,0.0,0,0,0,0,GREEN,БЕЗ ЗНАЧАЈНОГ РИЗИКА,NO SIGNIFICANT RISK,HIGH,ECMWF ENS,ECMWF ENS | ICON-EU EPS | GEFS,0,GREEN,БЕЗ ЗНАЧАЈНОГ РИЗИКА,NO SIGNIFICANT RISK,NONE,HIGH,12,2026-08-21T06:00:00+00:00,2026-08-21T18:00:00+00:00,STORMS,EXPERIMENTAL,DEVELOPMENTAL MULTIMODEL SIGNAL - NOT CALIBRATED PROBABILITY,PUBLIC OPEN-DATA SERVICES,INDEPENDENT PROJECT - NOT AN OFFICIAL RHMZ WARNING PRODUCT
70874,NOVI PAZAR-GRAD,NOVI PAZAR-GRAD,НОВИ ПАЗАР-ГРАД,0.0,0.0,0.0,0.0,0.0,5.657130651028317,54.480398178100586,10,42,2026-08-21T18:00:00Z,2026-08-20T00:00:00Z,0.0,0.0,3.0,40.8,0.0,3.9,10,0.0,0.0,10,0.0,0.0,6.2,0.0,0.0,0.0,0.0,0.0,0.0,0.0,3,0.0,0,0,0,0,GREEN,БЕЗ ЗНАЧАЈНОГ РИЗИКА,NO SIGNIFICANT RISK,HIGH,ECMWF ENS,ECMWF ENS | ICON-EU EPS | GEFS,0.0,3,0.0,0,0,0,0,GREEN,БЕЗ ЗНАЧАЈНОГ РИЗИКА,NO SIGNIFICANT RISK,HIGH,ECMWF ENS,ECMWF ENS | ICON-EU EPS | GEFS,0.0,3,0.0,0,0,0,0,GREEN,БЕЗ ЗНАЧАЈНОГ РИЗИКА,NO SIGNIFICANT RISK,HIGH,ECMWF ENS,ECMWF ENS | ICON-EU EPS | GEFS,0.0,3,0.0,0,0,0,0,GREEN,БЕЗ ЗНАЧАЈНОГ РИЗИКА,NO SIGNIFICANT RISK,HIGH,ECMWF ENS,ECMWF ENS | ICON-EU EPS | GEFS,0,GREEN,БЕЗ ЗНАЧАЈНОГ РИЗИКА,NO SIGNIFICANT RISK,NONE,HIGH,12,2026-08-21T06:00:00+00:00,2026-08-21T18:00:00+00:00,STORMS,EXPERIMENTAL,DEVELOPMENTAL MULTIMODEL SIGNAL - NOT CALIBRATED PROBABILITY,PUBLIC OPEN-DATA SERVICES,INDEPENDENT PROJECT - NOT AN OFFICIAL RHMZ WARNING PRODUCT
80284,NOVI SAD-GRAD,NOVI SAD-GRAD,НОВИ САД-ГРАД,0.0,0.0,0.0,0.0,0.0,11.62754290744763,56.58184814453125,12,42,2026-08-21T18:00:00Z,2026-08-20T00:00:00Z,4.0,4.0,14.2,68.4,0.0,9.5,12,0.0,0.0,11,0.0,0.0,9.3,0.0,0.0,0.0,0.0,0.0,0.0,1.3,3,4.0,0,0,0,0,GREEN,БЕЗ ЗНАЧАЈНОГ РИЗИКА,NO SIGNIFICANT RISK,HIGH,ECMWF ENS,ECMWF ENS | ICON-EU EPS | GEFS,0.0,3,0.0,0,0,0,0,GREEN,БЕЗ ЗНАЧАЈНОГ РИЗИКА,NO SIGNIFICANT RISK,HIGH,ECMWF ENS,ECMWF ENS | ICON-EU EPS | GEFS,0.0,3,0.0,0,0,0,0,GREEN,БЕЗ ЗНАЧАЈНОГ РИЗИКА,NO SIGNIFICANT RISK,HIGH,ECMWF ENS,ECMWF ENS | ICON-EU EPS | GEFS,0.0,3,0.0,0,0,0,0,GREEN,БЕЗ ЗНАЧАЈНОГ РИЗИКА,NO SIGNIFICANT RISK,HIGH,ECMWF ENS,ECMWF ENS | ICON-EU EPS | GEFS,0,GREEN,БЕЗ ЗНАЧАЈНОГ РИЗИКА,NO SIGNIFICANT RISK,NONE,HIGH,12,2026-08-21T06:00:00+00:00,2026-08-21T18:00:00+00:00,STORMS,EXPERIMENTAL,DEVELOPMENTAL MULTIMODEL SIGNAL - NOT CALIBRATED PROBABILITY,PUBLIC OPEN-DATA SERVICES,INDEPENDENT PROJECT - NOT AN OFFICIAL RHMZ WARNING PRODUCT
90182,NOVO BRDO,NOVO BRDO,НОВО БРДО,0.0,0.0,0.0,0.0,0.0,5.188447246732325,56.21832275390625,5,42,2026-08-21T18:00:00Z,2026-08-20T00:00:00Z,2.0,0.0,430.6,65.7,0.0,4.6,5,0.0,0.0,12,131.6,0.0,5.1,0.0,0.0,0.0,0.0,0.0,0.0,0.7,3,2.0,0,0,0,0,GREEN,БЕЗ ЗНАЧАЈНОГ РИЗИКА,NO SIGNIFICANT RISK,HIGH,ECMWF ENS,ECMWF ENS | ICON-EU EPS | GEFS,0.0,3,0.0,0,0,0,0,GREEN,БЕЗ ЗНАЧАЈНОГ РИЗИКА,NO SIGNIFICANT RISK,HIGH,ECMWF ENS,ECMWF ENS | ICON-EU EPS | GEFS,0.0,3,0.0,0,0,0,0,GREEN,БЕЗ ЗНАЧАЈНОГ РИЗИКА,NO SIGNIFICANT RISK,HIGH,ECMWF ENS,ECMWF ENS | ICON-EU EPS | GEFS,0.0,3,0.0,0,0,0,0,GREEN,БЕЗ ЗНАЧАЈНОГ РИЗИКА,NO SIGNIFICANT RISK,HIGH,ECMWF ENS,ECMWF ENS | ICON-EU EPS | GEFS,0,GREEN,БЕЗ ЗНАЧАЈНОГ РИЗИКА,NO SIGNIFICANT RISK,NONE,HIGH,12,2026-08-21T06:00:00+00:00,2026-08-21T18:00:00+00:00,STORMS,EXPERIMENTAL,DEVELOPMENTAL MULTIMODEL SIGNAL - NOT CALIBRATED PROBABILITY,PUBLIC OPEN-DATA SERVICES,INDEPENDENT PROJECT - NOT AN OFFICIAL RHMZ WARNING PRODUCT
80306,ODŽACI,ODŽACI,ОЏАЦИ,0.0,0.0,0.0,0.0,17.0,11.977293681651508,71.04999923706055,10,42,2026-08-21T18:00:00Z,2026-08-20T00:00:00Z,22.0,20.0,761.0,74.5,0.0,14.2,10,0.0,0.0,12,29.8,0.0,14.7,20.0,4.0,0.0,0.0,0.0,0.0,7.3,3,22.0,1,0,0,0,GREEN,БЕЗ ЗНАЧАЈНОГ РИЗИКА,NO SIGNIFICANT RISK,MODERATE,ECMWF ENS,ECMWF ENS | ICON-EU EPS | GEFS,6.7,3,20.0,1,0,0,0,GREEN,БЕЗ ЗНАЧАЈНОГ РИЗИКА,NO SIGNIFICANT RISK,HIGH,ECMWF ENS,ECMWF ENS | ICON-EU EPS | GEFS,1.3,3,4.0,0,0,0,0,GREEN,БЕЗ ЗНАЧАЈНОГ РИЗИКА,NO SIGNIFICANT RISK,HIGH,ECMWF ENS,ECMWF ENS | ICON-EU EPS | GEFS,0.0,3,0.0,0,0,0,0,GREEN,БЕЗ ЗНАЧАЈНОГ РИЗИКА,NO SIGNIFICANT RISK,HIGH,ECMWF ENS,ECMWF ENS | ICON-EU EPS | GEFS,0,GREEN,БЕЗ ЗНАЧАЈНОГ РИЗИКА,NO SIGNIFICANT RISK,NONE,MODERATE,12,2026-08-21T06:00:00+00:00,2026-08-21T18:00:00+00:00,STORMS,EXPERIMENTAL,DEVELOPMENTAL MULTIMODEL SIGNAL - NOT CALIBRATED PROBABILITY,PUBLIC OPEN-DATA SERVICES,INDEPENDENT PROJECT - NOT AN OFFICIAL RHMZ WARNING PRODUCT
90204,OBILIĆ,OBILIĆ,ОБИЛИЋ,0.0,0.0,0.0,0.0,0.0,6.57521765409167,58.45684814453125,8,42,2026-08-21T18:00:00Z,2026-08-20T00:00:00Z,0.0,0.0,0.0,54.3,0.0,4.6,8,0.0,0.0,10,0.0,0.0,4.9,0.0,0.0,0.0,0.0,0.0,0.0,0.0,3,0.0,0,0,0,0,GREEN,БЕЗ ЗНАЧАЈНОГ РИЗИКА,NO SIGNIFICANT RISK,HIGH,ECMWF ENS,ECMWF ENS | ICON-EU EPS | GEFS,0.0,3,0.0,0,0,0,0,GREEN,БЕЗ ЗНАЧАЈНОГ РИЗИКА,NO SIGNIFICANT RISK,HIGH,ECMWF ENS,ECMWF ENS | ICON-EU EPS | GEFS,0.0,3,0.0,0,0,0,0,GREEN,БЕЗ ЗНАЧАЈНОГ РИЗИКА,NO SIGNIFICANT RISK,HIGH,ECMWF ENS,ECMWF ENS | ICON-EU EPS | GEFS,0.0,3,0.0,0,0,0,0,GREEN,БЕЗ ЗНАЧАЈНОГ РИЗИКА,NO SIGNIFICANT RISK,HIGH,ECMWF ENS,ECMWF ENS | ICON-EU EPS | GEFS,0,GREEN,БЕЗ ЗНАЧАЈНОГ РИЗИКА,NO SIGNIFICANT RISK,NONE,HIGH,12,2026-08-21T06:00:00+00:00,2026-08-21T18:00:00+00:00,STORMS,EXPERIMENTAL,DEVELOPMENTAL MULTIMODEL SIGNAL - NOT CALIBRATED PROBABILITY,PUBLIC OPEN-DATA SERVICES,INDEPENDENT PROJECT - NOT AN OFFICIAL RHMZ WARNING PRODUCT
80292,OPOVO,OPOVO,ОПОВО,0.0,0.0,0.0,0.0,0.0,9.455007940968049,52.80000114440918,6,42,2026-08-21T18:00:00Z,2026-08-20T00:00:00Z,0.0,0.0,0.0,55.8,0.0,8.1,6,0.0,0.0,12,0.0,0.0,8.4,0.0,0.0,0.0,0.0,0.0,0.0,0.0,3,0.0,0,0,0,0,GREEN,БЕЗ ЗНАЧАЈНОГ РИЗИКА,NO SIGNIFICANT RISK,HIGH,ECMWF ENS,ECMWF ENS | ICON-EU EPS | GEFS,0.0,3,0.0,0,0,0,0,GREEN,БЕЗ ЗНАЧАЈНОГ РИЗИКА,NO SIGNIFICANT RISK,HIGH,ECMWF ENS,ECMWF ENS | ICON-EU EPS | GEFS,0.0,3,0.0,0,0,0,0,GREEN,БЕЗ ЗНАЧАЈНОГ РИЗИКА,NO SIGNIFICANT RISK,HIGH,ECMWF ENS,ECMWF ENS | ICON-EU EPS | GEFS,0.0,3,0.0,0,0,0,0,GREEN,БЕЗ ЗНАЧАЈНОГ РИЗИКА,NO SIGNIFICANT RISK,HIGH,ECMWF ENS,ECMWF ENS | ICON-EU EPS | GEFS,0,GREEN,БЕЗ ЗНАЧАЈНОГ РИЗИКА,NO SIGNIFICANT RISK,NONE,HIGH,12,2026-08-21T06:00:00+00:00,2026-08-21T18:00:00+00:00,STORMS,EXPERIMENTAL,DEVELOPMENTAL MULTIMODEL SIGNAL - NOT CALIBRATED PROBABILITY,PUBLIC OPEN-DATA SERVICES,INDEPENDENT PROJECT - NOT AN OFFICIAL RHMZ WARNING PRODUCT
90212,ORAHOVAC,ORAHOVAC,ОРАХОВАЦ,0.0,0.0,0.0,0.0,0.0,6.57521765409167,59.400001525878906,8,42,2026-08-21T18:00:00Z,2026-08-20T00:00:00Z,10.0,0.0,266.9,72.5,0.0,2.6,8,0.0,0.0,11,0.1,0.0,7.8,0.0,0.0,0.0,0.0,0.0,0.0,3.3,3,10.0,1,0,0,0,GREEN,БЕЗ ЗНАЧАЈНОГ РИЗИКА,NO SIGNIFICANT RISK,HIGH,ECMWF ENS,ECMWF ENS | ICON-EU EPS | GEFS,0.0,3,0.0,0,0,0,0,GREEN,БЕЗ ЗНАЧАЈНОГ РИЗИКА,NO SIGNIFICANT RISK,HIGH,ECMWF ENS,ECMWF ENS | ICON-EU EPS | GEFS,0.0,3,0.0,0,0,0,0,GREEN,БЕЗ ЗНАЧАЈНОГ РИЗИКА,NO SIGNIFICANT RISK,HIGH,ECMWF ENS,ECMWF ENS | ICON-EU EPS | GEFS,0.0,3,0.0,0,0,0,0,GREEN,БЕЗ ЗНАЧАЈНОГ РИЗИКА,NO SIGNIFICANT RISK,HIGH,ECMWF ENS,ECMWF ENS | ICON-EU EPS | GEFS,0,GREEN,БЕЗ ЗНАЧАЈНОГ РИЗИКА,NO SIGNIFICANT RISK,NONE,HIGH,12,2026-08-21T06:00:00+00:00,2026-08-21T18:00:00+00:00,STORMS,EXPERIMENTAL,DEVELOPMENTAL MULTIMODEL SIGNAL - NOT CALIBRATED PROBABILITY,PUBLIC OPEN-DATA SERVICES,INDEPENDENT PROJECT - NOT AN OFFICIAL RHMZ WARNING PRODUCT
70882,OSEČINA,OSEČINA,ОСЕЧИНА,0.0,0.0,0.0,0.0,0.0,8.787694751295158,51.80000114440918,7,42,2026-08-21T18:00:00Z,2026-08-20T00:00:00Z,0.0,0.0,286.9,56.5,0.0,8.8,7,0.0,0.0,13,5.8,0.0,7.8,0.0,0.0,0.0,0.0,0.0,0.0,0.0,3,0.0,0,0,0,0,GREEN,БЕЗ ЗНАЧАЈНОГ РИЗИКА,NO SIGNIFICANT RISK,HIGH,ECMWF ENS,ECMWF ENS | ICON-EU EPS | GEFS,0.0,3,0.0,0,0,0,0,GREEN,БЕЗ ЗНАЧАЈНОГ РИЗИКА,NO SIGNIFICANT RISK,HIGH,ECMWF ENS,ECMWF ENS | ICON-EU EPS | GEFS,0.0,3,0.0,0,0,0,0,GREEN,БЕЗ ЗНАЧАЈНОГ РИЗИКА,NO SIGNIFICANT RISK,HIGH,ECMWF ENS,ECMWF ENS | ICON-EU EPS | GEFS,0.0,3,0.0,0,0,0,0,GREEN,БЕЗ ЗНАЧАЈНОГ РИЗИКА,NO SIGNIFICANT RISK,HIGH,ECMWF ENS,ECMWF ENS | ICON-EU EPS | GEFS,0,GREEN,БЕЗ ЗНАЧАЈНОГ РИЗИКА,NO SIGNIFICANT RISK,NONE,HIGH,12,2026-08-21T06:00:00+00:00,2026-08-21T18:00:00+00:00,STORMS,EXPERIMENTAL,DEVELOPMENTAL MULTIMODEL SIGNAL - NOT CALIBRATED PROBABILITY,PUBLIC OPEN-DATA SERVICES,INDEPENDENT PROJECT - NOT AN OFFICIAL RHMZ WARNING PRODUCT
80314,PANČEVO-GRAD,PANČEVO-GRAD,ПАНЧЕВО-ГРАД,0.0,0.0,0.0,0.0,0.0,8.782781066173998,58.0,10,42,2026-08-21T18:00:00Z,2026-08-20T00:00:00Z,0.0,0.0,0.0,50.3,0.0,7.4,10,0.0,0.0,9,0.0,0.0,8.4,0.0,0.0,0.0,0.0,0.0,0.0,0.0,3,0.0,0,0,0,0,GREEN,БЕЗ ЗНАЧАЈНОГ РИЗИКА,NO SIGNIFICANT RISK,HIGH,ECMWF ENS,ECMWF ENS | ICON-EU EPS | GEFS,0.0,3,0.0,0,0,0,0,GREEN,БЕЗ ЗНАЧАЈНОГ РИЗИКА,NO SIGNIFICANT RISK,HIGH,ECMWF ENS,ECMWF ENS | ICON-EU EPS | GEFS,0.0,3,0.0,0,0,0,0,GREEN,БЕЗ ЗНАЧАЈНОГ РИЗИКА,NO SIGNIFICANT RISK,HIGH,ECMWF ENS,ECMWF ENS | ICON-EU EPS | GEFS,0.0,3,0.0,0,0,0,0,GREEN,БЕЗ ЗНАЧАЈНОГ РИЗИКА,NO SIGNIFICANT RISK,HIGH,ECMWF ENS,ECMWF ENS | ICON-EU EPS | GEFS,0,GREEN,БЕЗ ЗНАЧАЈНОГ РИЗИКА,NO SIGNIFICANT RISK,NONE,HIGH,12,2026-08-21T06:00:00+00:00,2026-08-21T18:00:00+00:00,STORMS,EXPERIMENTAL,DEVELOPMENTAL MULTIMODEL SIGNAL - NOT CALIBRATED PROBABILITY,PUBLIC OPEN-DATA SERVICES,INDEPENDENT PROJECT - NOT AN OFFICIAL RHMZ WARNING PRODUCT
70904,PARAĆIN,PARAĆIN,ПАРАЋИН,0.0,0.0,0.0,0.0,0.0,11.327354928070957,57.70028305053711,8,42,2026-08-21T18:00:00Z,2026-08-20T00:00:00Z,0.0,0.0,64.2,55.2,0.0,7.1,8,0.0,0.0,13,8.9,0.0,8.1,0.0,0.0,0.0,0.0,0.0,0.0,0.0,3,0.0,0,0,0,0,GREEN,БЕЗ ЗНАЧАЈНОГ РИЗИКА,NO SIGNIFICANT RISK,HIGH,ECMWF ENS,ECMWF ENS | ICON-EU EPS | GEFS,0.0,3,0.0,0,0,0,0,GREEN,БЕЗ ЗНАЧАЈНОГ РИЗИКА,NO SIGNIFICANT RISK,HIGH,ECMWF ENS,ECMWF ENS | ICON-EU EPS | GEFS,0.0,3,0.0,0,0,0,0,GREEN,БЕЗ ЗНАЧАЈНОГ РИЗИКА,NO SIGNIFICANT RISK,HIGH,ECMWF ENS,ECMWF ENS | ICON-EU EPS | GEFS,0.0,3,0.0,0,0,0,0,GREEN,БЕЗ ЗНАЧАЈНОГ РИЗИКА,NO SIGNIFICANT RISK,HIGH,ECMWF ENS,ECMWF ENS | ICON-EU EPS | GEFS,0,GREEN,БЕЗ ЗНАЧАЈНОГ РИЗИКА,NO SIGNIFICANT RISK,NONE,HIGH,12,2026-08-21T06:00:00+00:00,2026-08-21T18:00:00+00:00,STORMS,EXPERIMENTAL,DEVELOPMENTAL MULTIMODEL SIGNAL - NOT CALIBRATED PROBABILITY,PUBLIC OPEN-DATA SERVICES,INDEPENDENT PROJECT - NOT AN OFFICIAL RHMZ WARNING PRODUCT
90239,PEĆ,PEĆ,ПЕЋ,0.0,0.0,0.0,0.0,0.0,5.657130651028317,58.45684814453125,11,42,2026-08-21T18:00:00Z,2026-08-20T00:00:00Z,0.0,0.0,0.0,30.1,0.0,3.9,11,0.0,0.0,11,0.1,0.0,4.9,0.0,0.0,0.0,0.0,0.0,0.0,0.0,3,0.0,0,0,0,0,GREEN,БЕЗ ЗНАЧАЈНОГ РИЗИКА,NO SIGNIFICANT RISK,HIGH,ECMWF ENS,ECMWF ENS | ICON-EU EPS | GEFS,0.0,3,0.0,0,0,0,0,GREEN,БЕЗ ЗНАЧАЈНОГ РИЗИКА,NO SIGNIFICANT RISK,HIGH,ECMWF ENS,ECMWF ENS | ICON-EU EPS | GEFS,0.0,3,0.0,0,0,0,0,GREEN,БЕЗ ЗНАЧАЈНОГ РИЗИКА,NO SIGNIFICANT RISK,HIGH,ECMWF ENS,ECMWF ENS | ICON-EU EPS | GEFS,0.0,3,0.0,0,0,0,0,GREEN,БЕЗ ЗНАЧАЈНОГ РИЗИКА,NO SIGNIFICANT RISK,HIGH,ECMWF ENS,ECMWF ENS | ICON-EU EPS | GEFS,0,GREEN,БЕЗ ЗНАЧАЈНОГ РИЗИКА,NO SIGNIFICANT RISK,NONE,HIGH,12,2026-08-21T06:00:00+00:00,2026-08-21T18:00:00+00:00,STORMS,EXPERIMENTAL,DEVELOPMENTAL MULTIMODEL SIGNAL - NOT CALIBRATED PROBABILITY,PUBLIC OPEN-DATA SERVICES,INDEPENDENT PROJECT - NOT AN OFFICIAL RHMZ WARNING PRODUCT
80322,PEĆINCI,PEĆINCI,ПЕЋИНЦИ,0.0,0.0,0.0,0.0,0.0,9.800981714654393,51.04999923706055,9,42,2026-08-21T18:00:00Z,2026-08-20T00:00:00Z,0.0,0.0,0.0,63.8,0.0,7.1,9,0.0,0.0,10,0.0,0.0,7.7,0.0,0.0,0.0,0.0,0.0,0.0,0.0,3,0.0,0,0,0,0,GREEN,БЕЗ ЗНАЧАЈНОГ РИЗИКА,NO SIGNIFICANT RISK,HIGH,ECMWF ENS,ECMWF ENS | ICON-EU EPS | GEFS,0.0,3,0.0,0,0,0,0,GREEN,БЕЗ ЗНАЧАЈНОГ РИЗИКА,NO SIGNIFICANT RISK,HIGH,ECMWF ENS,ECMWF ENS | ICON-EU EPS | GEFS,0.0,3,0.0,0,0,0,0,GREEN,БЕЗ ЗНАЧАЈНОГ РИЗИКА,NO SIGNIFICANT RISK,HIGH,ECMWF ENS,ECMWF ENS | ICON-EU EPS | GEFS,0.0,3,0.0,0,0,0,0,GREEN,БЕЗ ЗНАЧАЈНОГ РИЗИКА,NO SIGNIFICANT RISK,HIGH,ECMWF ENS,ECMWF ENS | ICON-EU EPS | GEFS,0,GREEN,БЕЗ ЗНАЧАЈНОГ РИЗИКА,NO SIGNIFICANT RISK,NONE,HIGH,12,2026-08-21T06:00:00+00:00,2026-08-21T18:00:00+00:00,STORMS,EXPERIMENTAL,DEVELOPMENTAL MULTIMODEL SIGNAL - NOT CALIBRATED PROBABILITY,PUBLIC OPEN-DATA SERVICES,INDEPENDENT PROJECT - NOT AN OFFICIAL RHMZ WARNING PRODUCT
70912,PETROVAC NA MLAVI,PETROVAC NA MLAVI,ПЕТРОВАЦ НА МЛАВИ,0.0,0.0,0.0,0.0,0.0,9.536144153200857,59.100284576416016,10,42,2026-08-21T18:00:00Z,2026-08-20T00:00:00Z,0.0,0.0,0.0,52.0,0.0,6.4,10,0.0,0.0,10,0.4,0.0,7.7,0.0,0.0,0.0,0.0,0.0,0.0,0.0,3,0.0,0,0,0,0,GREEN,БЕЗ ЗНАЧАЈНОГ РИЗИКА,NO SIGNIFICANT RISK,HIGH,ECMWF ENS,ECMWF ENS | ICON-EU EPS | GEFS,0.0,3,0.0,0,0,0,0,GREEN,БЕЗ ЗНАЧАЈНОГ РИЗИКА,NO SIGNIFICANT RISK,HIGH,ECMWF ENS,ECMWF ENS | ICON-EU EPS | GEFS,0.0,3,0.0,0,0,0,0,GREEN,БЕЗ ЗНАЧАЈНОГ РИЗИКА,NO SIGNIFICANT RISK,HIGH,ECMWF ENS,ECMWF ENS | ICON-EU EPS | GEFS,0.0,3,0.0,0,0,0,0,GREEN,БЕЗ ЗНАЧАЈНОГ РИЗИКА,NO SIGNIFICANT RISK,HIGH,ECMWF ENS,ECMWF ENS | ICON-EU EPS | GEFS,0,GREEN,БЕЗ ЗНАЧАЈНОГ РИЗИКА,NO SIGNIFICANT RISK,NONE,HIGH,12,2026-08-21T06:00:00+00:00,2026-08-21T18:00:00+00:00,STORMS,EXPERIMENTAL,DEVELOPMENTAL MULTIMODEL SIGNAL - NOT CALIBRATED PROBABILITY,PUBLIC OPEN-DATA SERVICES,INDEPENDENT PROJECT - NOT AN OFFICIAL RHMZ WARNING PRODUCT
70939,PIROT,PIROT,ПИРОТ,0.0,0.0,0.0,0.0,0.0,8.96704412699161,58.63370895385742,12,42,2026-08-21T18:00:00Z,2026-08-20T00:00:00Z,2.0,0.0,862.8,65.9,0.0,3.4,12,0.0,0.0,11,226.6,0.0,4.4,0.0,0.0,0.0,0.0,0.0,0.0,0.7,3,2.0,0,0,0,0,GREEN,БЕЗ ЗНАЧАЈНОГ РИЗИКА,NO SIGNIFICANT RISK,HIGH,ECMWF ENS,ECMWF ENS | ICON-EU EPS | GEFS,0.0,3,0.0,0,0,0,0,GREEN,БЕЗ ЗНАЧАЈНОГ РИЗИКА,NO SIGNIFICANT RISK,HIGH,ECMWF ENS,ECMWF ENS | ICON-EU EPS | GEFS,0.0,3,0.0,0,0,0,0,GREEN,БЕЗ ЗНАЧАЈНОГ РИЗИКА,NO SIGNIFICANT RISK,HIGH,ECMWF ENS,ECMWF ENS | ICON-EU EPS | GEFS,0.0,3,0.0,0,0,0,0,GREEN,БЕЗ ЗНАЧАЈНОГ РИЗИКА,NO SIGNIFICANT RISK,HIGH,ECMWF ENS,ECMWF ENS | ICON-EU EPS | GEFS,0,GREEN,БЕЗ ЗНАЧАЈНОГ РИЗИКА,NO SIGNIFICANT RISK,NONE,HIGH,12,2026-08-21T06:00:00+00:00,2026-08-21T18:00:00+00:00,STORMS,EXPERIMENTAL,DEVELOPMENTAL MULTIMODEL SIGNAL - NOT CALIBRATED PROBABILITY,PUBLIC OPEN-DATA SERVICES,INDEPENDENT PROJECT - NOT AN OFFICIAL RHMZ WARNING PRODUCT
80349,PLANDIŠTE,PLANDIŠTE,ПЛАНДИШТЕ,0.0,0.0,0.0,0.0,0.0,9.462216932818189,60.47774505615234,9,42,2026-08-21T18:00:00Z,2026-08-20T00:00:00Z,0.0,0.0,0.0,50.4,0.0,8.0,9,0.0,0.0,12,0.0,0.0,8.0,0.0,0.0,0.0,0.0,0.0,0.0,0.0,3,0.0,0,0,0,0,GREEN,БЕЗ ЗНАЧАЈНОГ РИЗИКА,NO SIGNIFICANT RISK,HIGH,ECMWF ENS,ECMWF ENS | ICON-EU EPS | GEFS,0.0,3,0.0,0,0,0,0,GREEN,БЕЗ ЗНАЧАЈНОГ РИЗИКА,NO SIGNIFICANT RISK,HIGH,ECMWF ENS,ECMWF ENS | ICON-EU EPS | GEFS,0.0,3,0.0,0,0,0,0,GREEN,БЕЗ ЗНАЧАЈНОГ РИЗИКА,NO SIGNIFICANT RISK,HIGH,ECMWF ENS,ECMWF ENS | ICON-EU EPS | GEFS,0.0,3,0.0,0,0,0,0,GREEN,БЕЗ ЗНАЧАЈНОГ РИЗИКА,NO SIGNIFICANT RISK,HIGH,ECMWF ENS,ECMWF ENS | ICON-EU EPS | GEFS,0,GREEN,БЕЗ ЗНАЧАЈНОГ РИЗИКА,NO SIGNIFICANT RISK,NONE,HIGH,12,2026-08-21T06:00:00+00:00,2026-08-21T18:00:00+00:00,STORMS,EXPERIMENTAL,DEVELOPMENTAL MULTIMODEL SIGNAL - NOT CALIBRATED PROBABILITY,PUBLIC OPEN-DATA SERVICES,INDEPENDENT PROJECT - NOT AN OFFICIAL RHMZ WARNING PRODUCT
90247,PODUJEVO,PODUJEVO,ПОДУЈЕВО,0.0,0.0,0.0,0.0,4.0,4.2709538793184425,55.4064826965332,10,42,2026-08-21T18:00:00Z,2026-08-20T00:00:00Z,0.0,0.0,0.0,52.8,0.0,2.7,10,0.0,0.0,11,0.0,0.0,3.9,0.0,0.0,0.0,0.0,0.0,0.0,0.0,3,0.0,0,0,0,0,GREEN,БЕЗ ЗНАЧАЈНОГ РИЗИКА,NO SIGNIFICANT RISK,HIGH,ECMWF ENS,ECMWF ENS | ICON-EU EPS | GEFS,0.0,3,0.0,0,0,0,0,GREEN,БЕЗ ЗНАЧАЈНОГ РИЗИКА,NO SIGNIFICANT RISK,HIGH,ECMWF ENS,ECMWF ENS | ICON-EU EPS | GEFS,0.0,3,0.0,0,0,0,0,GREEN,БЕЗ ЗНАЧАЈНОГ РИЗИКА,NO SIGNIFICANT RISK,HIGH,ECMWF ENS,ECMWF ENS | ICON-EU EPS | GEFS,0.0,3,0.0,0,0,0,0,GREEN,БЕЗ ЗНАЧАЈНОГ РИЗИКА,NO SIGNIFICANT RISK,HIGH,ECMWF ENS,ECMWF ENS | ICON-EU EPS | GEFS,0,GREEN,БЕЗ ЗНАЧАЈНОГ РИЗИКА,NO SIGNIFICANT RISK,NONE,HIGH,12,2026-08-21T06:00:00+00:00,2026-08-21T18:00:00+00:00,STORMS,EXPERIMENTAL,DEVELOPMENTAL MULTIMODEL SIGNAL - NOT CALIBRATED PROBABILITY,PUBLIC OPEN-DATA SERVICES,INDEPENDENT PROJECT - NOT AN OFFICIAL RHMZ WARNING PRODUCT
70947,POŽAREVAC-GRAD,POŽAREVAC-GRAD,ПОЖАРЕВАЦ-ГРАД,0.0,0.0,0.0,0.0,0.0,8.504766905592842,60.19999885559082,8,42,2026-08-21T18:00:00Z,2026-08-20T00:00:00Z,0.0,0.0,0.0,45.2,0.0,4.4,8,0.0,0.0,9,0.0,0.0,7.1,0.0,0.0,0.0,0.0,0.0,0.0,0.0,3,0.0,0,0,0,0,GREEN,БЕЗ ЗНАЧАЈНОГ РИЗИКА,NO SIGNIFICANT RISK,HIGH,ECMWF ENS,ECMWF ENS | ICON-EU EPS | GEFS,0.0,3,0.0,0,0,0,0,GREEN,БЕЗ ЗНАЧАЈНОГ РИЗИКА,NO SIGNIFICANT RISK,HIGH,ECMWF ENS,ECMWF ENS | ICON-EU EPS | GEFS,0.0,3,0.0,0,0,0,0,GREEN,БЕЗ ЗНАЧАЈНОГ РИЗИКА,NO SIGNIFICANT RISK,HIGH,ECMWF ENS,ECMWF ENS | ICON-EU EPS | GEFS,0.0,3,0.0,0,0,0,0,GREEN,БЕЗ ЗНАЧАЈНОГ РИЗИКА,NO SIGNIFICANT RISK,HIGH,ECMWF ENS,ECMWF ENS | ICON-EU EPS | GEFS,0,GREEN,БЕЗ ЗНАЧАЈНОГ РИЗИКА,NO SIGNIFICANT RISK,NONE,HIGH,12,2026-08-21T06:00:00+00:00,2026-08-21T18:00:00+00:00,STORMS,EXPERIMENTAL,DEVELOPMENTAL MULTIMODEL SIGNAL - NOT CALIBRATED PROBABILITY,PUBLIC OPEN-DATA SERVICES,INDEPENDENT PROJECT - NOT AN OFFICIAL RHMZ WARNING PRODUCT
70955,POŽEGA,POŽEGA,ПОЖЕГА,0.0,0.0,0.0,0.0,0.0,6.54474380950542,50.87849235534668,8,42,2026-08-21T18:00:00Z,2026-08-20T00:00:00Z,0.0,0.0,153.4,49.1,0.0,3.8,8,0.0,0.0,10,0.0,0.0,6.1,0.0,0.0,0.0,0.0,0.0,0.0,0.0,3,0.0,0,0,0,0,GREEN,БЕЗ ЗНАЧАЈНОГ РИЗИКА,NO SIGNIFICANT RISK,HIGH,ECMWF ENS,ECMWF ENS | ICON-EU EPS | GEFS,0.0,3,0.0,0,0,0,0,GREEN,БЕЗ ЗНАЧАЈНОГ РИЗИКА,NO SIGNIFICANT RISK,HIGH,ECMWF ENS,ECMWF ENS | ICON-EU EPS | GEFS,0.0,3,0.0,0,0,0,0,GREEN,БЕЗ ЗНАЧАЈНОГ РИЗИКА,NO SIGNIFICANT RISK,HIGH,ECMWF ENS,ECMWF ENS | ICON-EU EPS | GEFS,0.0,3,0.0,0,0,0,0,GREEN,БЕЗ ЗНАЧАЈНОГ РИЗИКА,NO SIGNIFICANT RISK,HIGH,ECMWF ENS,ECMWF ENS | ICON-EU EPS | GEFS,0,GREEN,БЕЗ ЗНАЧАЈНОГ РИЗИКА,NO SIGNIFICANT RISK,NONE,HIGH,12,2026-08-21T06:00:00+00:00,2026-08-21T18:00:00+00:00,STORMS,EXPERIMENTAL,DEVELOPMENTAL MULTIMODEL SIGNAL - NOT CALIBRATED PROBABILITY,PUBLIC OPEN-DATA SERVICES,INDEPENDENT PROJECT - NOT AN OFFICIAL RHMZ WARNING PRODUCT
70963,PREŠEVO,PREŠEVO,ПРЕШЕВО,0.0,0.0,0.0,0.0,0.0,4.270596359426276,58.14999961853027,7,42,2026-08-21T18:00:00Z,2026-08-20T00:00:00Z,8.0,0.0,548.5,74.9,0.0,4.1,7,0.0,0.0,11,207.8,0.0,4.1,0.0,0.0,0.0,0.0,0.0,0.0,2.7,3,8.0,0,0,0,0,GREEN,БЕЗ ЗНАЧАЈНОГ РИЗИКА,NO SIGNIFICANT RISK,HIGH,ECMWF ENS,ECMWF ENS | ICON-EU EPS | GEFS,0.0,3,0.0,0,0,0,0,GREEN,БЕЗ ЗНАЧАЈНОГ РИЗИКА,NO SIGNIFICANT RISK,HIGH,ECMWF ENS,ECMWF ENS | ICON-EU EPS | GEFS,0.0,3,0.0,0,0,0,0,GREEN,БЕЗ ЗНАЧАЈНОГ РИЗИКА,NO SIGNIFICANT RISK,HIGH,ECMWF ENS,ECMWF ENS | ICON-EU EPS | GEFS,0.0,3,0.0,0,0,0,0,GREEN,БЕЗ ЗНАЧАЈНОГ РИЗИКА,NO SIGNIFICANT RISK,HIGH,ECMWF ENS,ECMWF ENS | ICON-EU EPS | GEFS,0,GREEN,БЕЗ ЗНАЧАЈНОГ РИЗИКА,NO SIGNIFICANT RISK,NONE,HIGH,12,2026-08-21T06:00:00+00:00,2026-08-21T18:00:00+00:00,STORMS,EXPERIMENTAL,DEVELOPMENTAL MULTIMODEL SIGNAL - NOT CALIBRATED PROBABILITY,PUBLIC OPEN-DATA SERVICES,INDEPENDENT PROJECT - NOT AN OFFICIAL RHMZ WARNING PRODUCT
70980,PRIJEPOLJE,PRIJEPOLJE,ПРИЈЕПОЉЕ,0.0,0.0,0.0,0.0,0.0,4.692126249564744,47.106483459472656,11,42,2026-08-21T18:00:00Z,2026-08-20T00:00:00Z,0.0,0.0,7.5,44.7,0.0,3.7,11,0.0,0.0,14,0.0,0.0,4.4,0.0,0.0,0.0,0.0,0.0,0.0,0.0,3,0.0,0,0,0,0,GREEN,БЕЗ ЗНАЧАЈНОГ РИЗИКА,NO SIGNIFICANT RISK,HIGH,ECMWF ENS,ECMWF ENS | ICON-EU EPS | GEFS,0.0,3,0.0,0,0,0,0,GREEN,БЕЗ ЗНАЧАЈНОГ РИЗИКА,NO SIGNIFICANT RISK,HIGH,ECMWF ENS,ECMWF ENS | ICON-EU EPS | GEFS,0.0,3,0.0,0,0,0,0,GREEN,БЕЗ ЗНАЧАЈНОГ РИЗИКА,NO SIGNIFICANT RISK,HIGH,ECMWF ENS,ECMWF ENS | ICON-EU EPS | GEFS,0.0,3,0.0,0,0,0,0,GREEN,БЕЗ ЗНАЧАЈНОГ РИЗИКА,NO SIGNIFICANT RISK,HIGH,ECMWF ENS,ECMWF ENS | ICON-EU EPS | GEFS,0,GREEN,БЕЗ ЗНАЧАЈНОГ РИЗИКА,NO SIGNIFICANT RISK,NONE,HIGH,12,2026-08-21T06:00:00+00:00,2026-08-21T18:00:00+00:00,STORMS,EXPERIMENTAL,DEVELOPMENTAL MULTIMODEL SIGNAL - NOT CALIBRATED PROBABILITY,PUBLIC OPEN-DATA SERVICES,INDEPENDENT PROJECT - NOT AN OFFICIAL RHMZ WARNING PRODUCT
70971,PRIBOJ,PRIBOJ,ПРИБОЈ,0.0,0.0,0.0,0.0,0.0,5.879026071170682,47.106483459472656,10,42,2026-08-21T18:00:00Z,2026-08-20T00:00:00Z,0.0,0.0,0.0,44.7,0.0,3.0,10,0.0,0.0,12,0.0,0.0,6.1,0.0,0.0,0.0,0.0,0.0,0.0,0.0,3,0.0,0,0,0,0,GREEN,БЕЗ ЗНАЧАЈНОГ РИЗИКА,NO SIGNIFICANT RISK,HIGH,ECMWF ENS,ECMWF ENS | ICON-EU EPS | GEFS,0.0,3,0.0,0,0,0,0,GREEN,БЕЗ ЗНАЧАЈНОГ РИЗИКА,NO SIGNIFICANT RISK,HIGH,ECMWF ENS,ECMWF ENS | ICON-EU EPS | GEFS,0.0,3,0.0,0,0,0,0,GREEN,БЕЗ ЗНАЧАЈНОГ РИЗИКА,NO SIGNIFICANT RISK,HIGH,ECMWF ENS,ECMWF ENS | ICON-EU EPS | GEFS,0.0,3,0.0,0,0,0,0,GREEN,БЕЗ ЗНАЧАЈНОГ РИЗИКА,NO SIGNIFICANT RISK,HIGH,ECMWF ENS,ECMWF ENS | ICON-EU EPS | GEFS,0,GREEN,БЕЗ ЗНАЧАЈНОГ РИЗИКА,NO SIGNIFICANT RISK,NONE,HIGH,12,2026-08-21T06:00:00+00:00,2026-08-21T18:00:00+00:00,STORMS,EXPERIMENTAL,DEVELOPMENTAL MULTIMODEL SIGNAL - NOT CALIBRATED PROBABILITY,PUBLIC OPEN-DATA SERVICES,INDEPENDENT PROJECT - NOT AN OFFICIAL RHMZ WARNING PRODUCT
90255,PRIZREN,PRIZREN,ПРИЗРЕН,0.0,0.0,0.0,0.0,0.0,5.171629887293236,60.10684967041016,10,42,2026-08-21T18:00:00Z,2026-08-20T00:00:00Z,22.0,0.0,1077.0,82.6,0.0,2.9,10,0.0,0.0,12,0.0,0.0,7.1,0.0,0.0,0.0,0.0,0.0,0.0,7.3,3,22.0,1,0,0,0,GREEN,БЕЗ ЗНАЧАЈНОГ РИЗИКА,NO SIGNIFICANT RISK,MODERATE,ECMWF ENS,ECMWF ENS | ICON-EU EPS | GEFS,0.0,3,0.0,0,0,0,0,GREEN,БЕЗ ЗНАЧАЈНОГ РИЗИКА,NO SIGNIFICANT RISK,HIGH,ECMWF ENS,ECMWF ENS | ICON-EU EPS | GEFS,0.0,3,0.0,0,0,0,0,GREEN,БЕЗ ЗНАЧАЈНОГ РИЗИКА,NO SIGNIFICANT RISK,HIGH,ECMWF ENS,ECMWF ENS | ICON-EU EPS | GEFS,0.0,3,0.0,0,0,0,0,GREEN,БЕЗ ЗНАЧАЈНОГ РИЗИКА,NO SIGNIFICANT RISK,HIGH,ECMWF ENS,ECMWF ENS | ICON-EU EPS | GEFS,0,GREEN,БЕЗ ЗНАЧАЈНОГ РИЗИКА,NO SIGNIFICANT RISK,NONE,MODERATE,12,2026-08-21T06:00:00+00:00,2026-08-21T18:00:00+00:00,STORMS,EXPERIMENTAL,DEVELOPMENTAL MULTIMODEL SIGNAL - NOT CALIBRATED PROBABILITY,PUBLIC OPEN-DATA SERVICES,INDEPENDENT PROJECT - NOT AN OFFICIAL RHMZ WARNING PRODUCT
90263,PRIŠTINA-GRAD,PRIŠTINA-GRAD,ПРИШТИНА-ГРАД,0.0,0.0,0.0,0.0,0.0,6.57521765409167,58.400001525878906,9,42,2026-08-21T18:00:00Z,2026-08-20T00:00:00Z,2.0,0.0,430.6,65.7,0.0,4.6,9,0.0,0.0,12,0.1,0.0,5.0,0.0,0.0,0.0,0.0,0.0,0.0,0.7,3,2.0,0,0,0,0,GREEN,БЕЗ ЗНАЧАЈНОГ РИЗИКА,NO SIGNIFICANT RISK,HIGH,ECMWF ENS,ECMWF ENS | ICON-EU EPS | GEFS,0.0,3,0.0,0,0,0,0,GREEN,БЕЗ ЗНАЧАЈНОГ РИЗИКА,NO SIGNIFICANT RISK,HIGH,ECMWF ENS,ECMWF ENS | ICON-EU EPS | GEFS,0.0,3,0.0,0,0,0,0,GREEN,БЕЗ ЗНАЧАЈНОГ РИЗИКА,NO SIGNIFICANT RISK,HIGH,ECMWF ENS,ECMWF ENS | ICON-EU EPS | GEFS,0.0,3,0.0,0,0,0,0,GREEN,БЕЗ ЗНАЧАЈНОГ РИЗИКА,NO SIGNIFICANT RISK,HIGH,ECMWF ENS,ECMWF ENS | ICON-EU EPS | GEFS,0,GREEN,БЕЗ ЗНАЧАЈНОГ РИЗИКА,NO SIGNIFICANT RISK,NONE,HIGH,12,2026-08-21T06:00:00+00:00,2026-08-21T18:00:00+00:00,STORMS,EXPERIMENTAL,DEVELOPMENTAL MULTIMODEL SIGNAL - NOT CALIBRATED PROBABILITY,PUBLIC OPEN-DATA SERVICES,INDEPENDENT PROJECT - NOT AN OFFICIAL RHMZ WARNING PRODUCT
70998,PROKUPLJE,PROKUPLJE,ПРОКУПЉЕ,0.0,0.0,0.0,0.0,2.0,7.551903555607813,54.8814811706543,9,42,2026-08-21T18:00:00Z,2026-08-20T00:00:00Z,0.0,0.0,0.0,55.4,0.0,2.6,9,0.0,0.0,12,98.5,0.0,3.1,0.0,0.0,0.0,0.0,0.0,0.0,0.0,3,0.0,0,0,0,0,GREEN,БЕЗ ЗНАЧАЈНОГ РИЗИКА,NO SIGNIFICANT RISK,HIGH,ECMWF ENS,ECMWF ENS | ICON-EU EPS | GEFS,0.0,3,0.0,0,0,0,0,GREEN,БЕЗ ЗНАЧАЈНОГ РИЗИКА,NO SIGNIFICANT RISK,HIGH,ECMWF ENS,ECMWF ENS | ICON-EU EPS | GEFS,0.0,3,0.0,0,0,0,0,GREEN,БЕЗ ЗНАЧАЈНОГ РИЗИКА,NO SIGNIFICANT RISK,HIGH,ECMWF ENS,ECMWF ENS | ICON-EU EPS | GEFS,0.0,3,0.0,0,0,0,0,GREEN,БЕЗ ЗНАЧАЈНОГ РИЗИКА,NO SIGNIFICANT RISK,HIGH,ECMWF ENS,ECMWF ENS | ICON-EU EPS | GEFS,0,GREEN,БЕЗ ЗНАЧАЈНОГ РИЗИКА,NO SIGNIFICANT RISK,NONE,HIGH,12,2026-08-21T06:00:00+00:00,2026-08-21T18:00:00+00:00,STORMS,EXPERIMENTAL,DEVELOPMENTAL MULTIMODEL SIGNAL - NOT CALIBRATED PROBABILITY,PUBLIC OPEN-DATA SERVICES,INDEPENDENT PROJECT - NOT AN OFFICIAL RHMZ WARNING PRODUCT
71005,RAŽANJ,RAŽANJ,РАЖАЊ,0.0,0.0,0.0,0.0,1.0,9.817742864629716,57.20648193359375,9,42,2026-08-21T18:00:00Z,2026-08-20T00:00:00Z,0.0,0.0,262.9,60.5,0.0,6.0,9,0.0,0.0,12,8.4,0.0,6.2,0.0,0.0,0.0,0.0,0.0,0.0,0.0,3,0.0,0,0,0,0,GREEN,БЕЗ ЗНАЧАЈНОГ РИЗИКА,NO SIGNIFICANT RISK,HIGH,ECMWF ENS,ECMWF ENS | ICON-EU EPS | GEFS,0.0,3,0.0,0,0,0,0,GREEN,БЕЗ ЗНАЧАЈНОГ РИЗИКА,NO SIGNIFICANT RISK,HIGH,ECMWF ENS,ECMWF ENS | ICON-EU EPS | GEFS,0.0,3,0.0,0,0,0,0,GREEN,БЕЗ ЗНАЧАЈНОГ РИЗИКА,NO SIGNIFICANT RISK,HIGH,ECMWF ENS,ECMWF ENS | ICON-EU EPS | GEFS,0.0,3,0.0,0,0,0,0,GREEN,БЕЗ ЗНАЧАЈНОГ РИЗИКА,NO SIGNIFICANT RISK,HIGH,ECMWF ENS,ECMWF ENS | ICON-EU EPS | GEFS,0,GREEN,БЕЗ ЗНАЧАЈНОГ РИЗИКА,NO SIGNIFICANT RISK,NONE,HIGH,12,2026-08-21T06:00:00+00:00,2026-08-21T18:00:00+00:00,STORMS,EXPERIMENTAL,DEVELOPMENTAL MULTIMODEL SIGNAL - NOT CALIBRATED PROBABILITY,PUBLIC OPEN-DATA SERVICES,INDEPENDENT PROJECT - NOT AN OFFICIAL RHMZ WARNING PRODUCT
71013,RAČA,RAČA,РАЧА,0.0,0.0,0.0,0.0,1.0,6.730532520620692,58.0,8,42,2026-08-21T18:00:00Z,2026-08-20T00:00:00Z,0.0,0.0,0.0,47.8,0.0,5.2,8,0.0,0.0,10,0.0,0.0,8.0,0.0,0.0,0.0,0.0,0.0,0.0,0.0,3,0.0,0,0,0,0,GREEN,БЕЗ ЗНАЧАЈНОГ РИЗИКА,NO SIGNIFICANT RISK,HIGH,ECMWF ENS,ECMWF ENS | ICON-EU EPS | GEFS,0.0,3,0.0,0,0,0,0,GREEN,БЕЗ ЗНАЧАЈНОГ РИЗИКА,NO SIGNIFICANT RISK,HIGH,ECMWF ENS,ECMWF ENS | ICON-EU EPS | GEFS,0.0,3,0.0,0,0,0,0,GREEN,БЕЗ ЗНАЧАЈНОГ РИЗИКА,NO SIGNIFICANT RISK,HIGH,ECMWF ENS,ECMWF ENS | ICON-EU EPS | GEFS,0.0,3,0.0,0,0,0,0,GREEN,БЕЗ ЗНАЧАЈНОГ РИЗИКА,NO SIGNIFICANT RISK,HIGH,ECMWF ENS,ECMWF ENS | ICON-EU EPS | GEFS,0,GREEN,БЕЗ ЗНАЧАЈНОГ РИЗИКА,NO SIGNIFICANT RISK,NONE,HIGH,12,2026-08-21T06:00:00+00:00,2026-08-21T18:00:00+00:00,STORMS,EXPERIMENTAL,DEVELOPMENTAL MULTIMODEL SIGNAL - NOT CALIBRATED PROBABILITY,PUBLIC OPEN-DATA SERVICES,INDEPENDENT PROJECT - NOT AN OFFICIAL RHMZ WARNING PRODUCT
71021,RAŠKA,RAŠKA,РАШКА,0.0,0.0,0.0,0.0,4.0,5.657130651028317,53.43352127075195,10,42,2026-08-21T18:00:00Z,2026-08-20T00:00:00Z,0.0,0.0,3.0,40.8,0.0,3.9,10,0.0,0.0,12,0.0,0.0,6.6,0.0,0.0,0.0,0.0,0.0,0.0,0.0,3,0.0,0,0,0,0,GREEN,БЕЗ ЗНАЧАЈНОГ РИЗИКА,NO SIGNIFICANT RISK,HIGH,ECMWF ENS,ECMWF ENS | ICON-EU EPS | GEFS,0.0,3,0.0,0,0,0,0,GREEN,БЕЗ ЗНАЧАЈНОГ РИЗИКА,NO SIGNIFICANT RISK,HIGH,ECMWF ENS,ECMWF ENS | ICON-EU EPS | GEFS,0.0,3,0.0,0,0,0,0,GREEN,БЕЗ ЗНАЧАЈНОГ РИЗИКА,NO SIGNIFICANT RISK,HIGH,ECMWF ENS,ECMWF ENS | ICON-EU EPS | GEFS,0.0,3,0.0,0,0,0,0,GREEN,БЕЗ ЗНАЧАЈНОГ РИЗИКА,NO SIGNIFICANT RISK,HIGH,ECMWF ENS,ECMWF ENS | ICON-EU EPS | GEFS,0,GREEN,БЕЗ ЗНАЧАЈНОГ РИЗИКА,NO SIGNIFICANT RISK,NONE,HIGH,12,2026-08-21T06:00:00+00:00,2026-08-21T18:00:00+00:00,STORMS,EXPERIMENTAL,DEVELOPMENTAL MULTIMODEL SIGNAL - NOT CALIBRATED PROBABILITY,PUBLIC OPEN-DATA SERVICES,INDEPENDENT PROJECT - NOT AN OFFICIAL RHMZ WARNING PRODUCT
71030,REKOVAC,REKOVAC,РЕКОВАЦ,0.0,0.0,0.0,0.0,1.0,7.818136474477318,56.480398178100586,7,42,2026-08-21T18:00:00Z,2026-08-20T00:00:00Z,0.0,0.0,119.9,56.2,0.0,6.2,7,0.0,0.0,11,0.0,0.0,8.2,0.0,0.0,0.0,0.0,0.0,0.0,0.0,3,0.0,0,0,0,0,GREEN,БЕЗ ЗНАЧАЈНОГ РИЗИКА,NO SIGNIFICANT RISK,HIGH,ECMWF ENS,ECMWF ENS | ICON-EU EPS | GEFS,0.0,3,0.0,0,0,0,0,GREEN,БЕЗ ЗНАЧАЈНОГ РИЗИКА,NO SIGNIFICANT RISK,HIGH,ECMWF ENS,ECMWF ENS | ICON-EU EPS | GEFS,0.0,3,0.0,0,0,0,0,GREEN,БЕЗ ЗНАЧАЈНОГ РИЗИКА,NO SIGNIFICANT RISK,HIGH,ECMWF ENS,ECMWF ENS | ICON-EU EPS | GEFS,0.0,3,0.0,0,0,0,0,GREEN,БЕЗ ЗНАЧАЈНОГ РИЗИКА,NO SIGNIFICANT RISK,HIGH,ECMWF ENS,ECMWF ENS | ICON-EU EPS | GEFS,0,GREEN,БЕЗ ЗНАЧАЈНОГ РИЗИКА,NO SIGNIFICANT RISK,NONE,HIGH,12,2026-08-21T06:00:00+00:00,2026-08-21T18:00:00+00:00,STORMS,EXPERIMENTAL,DEVELOPMENTAL MULTIMODEL SIGNAL - NOT CALIBRATED PROBABILITY,PUBLIC OPEN-DATA SERVICES,INDEPENDENT PROJECT - NOT AN OFFICIAL RHMZ WARNING PRODUCT
80357,RUMA,RUMA,РУМА,0.0,0.0,0.0,0.0,0.0,10.965939361563434,51.88511657714844,12,42,2026-08-21T18:00:00Z,2026-08-20T00:00:00Z,0.0,0.0,2.4,65.5,0.0,7.8,12,0.0,0.0,12,0.0,0.0,8.0,0.0,0.0,0.0,0.0,0.0,0.0,0.0,3,0.0,0,0,0,0,GREEN,БЕЗ ЗНАЧАЈНОГ РИЗИКА,NO SIGNIFICANT RISK,HIGH,ECMWF ENS,ECMWF ENS | ICON-EU EPS | GEFS,0.0,3,0.0,0,0,0,0,GREEN,БЕЗ ЗНАЧАЈНОГ РИЗИКА,NO SIGNIFICANT RISK,HIGH,ECMWF ENS,ECMWF ENS | ICON-EU EPS | GEFS,0.0,3,0.0,0,0,0,0,GREEN,БЕЗ ЗНАЧАЈНОГ РИЗИКА,NO SIGNIFICANT RISK,HIGH,ECMWF ENS,ECMWF ENS | ICON-EU EPS | GEFS,0.0,3,0.0,0,0,0,0,GREEN,БЕЗ ЗНАЧАЈНОГ РИЗИКА,NO SIGNIFICANT RISK,HIGH,ECMWF ENS,ECMWF ENS | ICON-EU EPS | GEFS,0,GREEN,БЕЗ ЗНАЧАЈНОГ РИЗИКА,NO SIGNIFICANT RISK,NONE,HIGH,12,2026-08-21T06:00:00+00:00,2026-08-21T18:00:00+00:00,STORMS,EXPERIMENTAL,DEVELOPMENTAL MULTIMODEL SIGNAL - NOT CALIBRATED PROBABILITY,PUBLIC OPEN-DATA SERVICES,INDEPENDENT PROJECT - NOT AN OFFICIAL RHMZ WARNING PRODUCT
71072,SJENICA,SJENICA,СЈЕНИЦА,0.0,0.0,0.0,0.0,0.0,4.878037871009213,52.383710861206055,11,42,2026-08-21T18:00:00Z,2026-08-20T00:00:00Z,0.0,0.0,43.5,42.3,0.0,2.8,11,0.0,0.0,9,0.0,0.0,5.4,0.0,0.0,0.0,0.0,0.0,0.0,0.0,3,0.0,0,0,0,0,GREEN,БЕЗ ЗНАЧАЈНОГ РИЗИКА,NO SIGNIFICANT RISK,HIGH,ECMWF ENS,ECMWF ENS | ICON-EU EPS | GEFS,0.0,3,0.0,0,0,0,0,GREEN,БЕЗ ЗНАЧАЈНОГ РИЗИКА,NO SIGNIFICANT RISK,HIGH,ECMWF ENS,ECMWF ENS | ICON-EU EPS | GEFS,0.0,3,0.0,0,0,0,0,GREEN,БЕЗ ЗНАЧАЈНОГ РИЗИКА,NO SIGNIFICANT RISK,HIGH,ECMWF ENS,ECMWF ENS | ICON-EU EPS | GEFS,0.0,3,0.0,0,0,0,0,GREEN,БЕЗ ЗНАЧАЈНОГ РИЗИКА,NO SIGNIFICANT RISK,HIGH,ECMWF ENS,ECMWF ENS | ICON-EU EPS | GEFS,0,GREEN,БЕЗ ЗНАЧАЈНОГ РИЗИКА,NO SIGNIFICANT RISK,NONE,HIGH,12,2026-08-21T06:00:00+00:00,2026-08-21T18:00:00+00:00,STORMS,EXPERIMENTAL,DEVELOPMENTAL MULTIMODEL SIGNAL - NOT CALIBRATED PROBABILITY,PUBLIC OPEN-DATA SERVICES,INDEPENDENT PROJECT - NOT AN OFFICIAL RHMZ WARNING PRODUCT
71056,SVILAJNAC,SVILAJNAC,СВИЛАЈНАЦ,0.0,0.0,0.0,0.0,1.0,8.516375469310308,58.54999923706055,8,42,2026-08-21T18:00:00Z,2026-08-20T00:00:00Z,0.0,0.0,0.0,52.0,0.0,6.4,8,0.0,0.0,12,0.0,0.0,8.4,0.0,0.0,0.0,0.0,0.0,0.0,0.0,3,0.0,0,0,0,0,GREEN,БЕЗ ЗНАЧАЈНОГ РИЗИКА,NO SIGNIFICANT RISK,HIGH,ECMWF ENS,ECMWF ENS | ICON-EU EPS | GEFS,0.0,3,0.0,0,0,0,0,GREEN,БЕЗ ЗНАЧАЈНОГ РИЗИКА,NO SIGNIFICANT RISK,HIGH,ECMWF ENS,ECMWF ENS | ICON-EU EPS | GEFS,0.0,3,0.0,0,0,0,0,GREEN,БЕЗ ЗНАЧАЈНОГ РИЗИКА,NO SIGNIFICANT RISK,HIGH,ECMWF ENS,ECMWF ENS | ICON-EU EPS | GEFS,0.0,3,0.0,0,0,0,0,GREEN,БЕЗ ЗНАЧАЈНОГ РИЗИКА,NO SIGNIFICANT RISK,HIGH,ECMWF ENS,ECMWF ENS | ICON-EU EPS | GEFS,0,GREEN,БЕЗ ЗНАЧАЈНОГ РИЗИКА,NO SIGNIFICANT RISK,NONE,HIGH,12,2026-08-21T06:00:00+00:00,2026-08-21T18:00:00+00:00,STORMS,EXPERIMENTAL,DEVELOPMENTAL MULTIMODEL SIGNAL - NOT CALIBRATED PROBABILITY,PUBLIC OPEN-DATA SERVICES,INDEPENDENT PROJECT - NOT AN OFFICIAL RHMZ WARNING PRODUCT
71064,SVRLJIG,SVRLJIG,СВРЉИГ,0.0,0.0,0.0,0.0,0.0,9.048693541968484,58.43370819091797,10,42,2026-08-21T18:00:00Z,2026-08-20T00:00:00Z,2.0,0.0,862.8,65.9,0.0,3.4,10,0.0,0.0,11,132.4,0.0,4.8,0.0,0.0,0.0,0.0,0.0,0.0,0.7,3,2.0,0,0,0,0,GREEN,БЕЗ ЗНАЧАЈНОГ РИЗИКА,NO SIGNIFICANT RISK,HIGH,ECMWF ENS,ECMWF ENS | ICON-EU EPS | GEFS,0.0,3,0.0,0,0,0,0,GREEN,БЕЗ ЗНАЧАЈНОГ РИЗИКА,NO SIGNIFICANT RISK,HIGH,ECMWF ENS,ECMWF ENS | ICON-EU EPS | GEFS,0.0,3,0.0,0,0,0,0,GREEN,БЕЗ ЗНАЧАЈНОГ РИЗИКА,NO SIGNIFICANT RISK,HIGH,ECMWF ENS,ECMWF ENS | ICON-EU EPS | GEFS,0.0,3,0.0,0,0,0,0,GREEN,БЕЗ ЗНАЧАЈНОГ РИЗИКА,NO SIGNIFICANT RISK,HIGH,ECMWF ENS,ECMWF ENS | ICON-EU EPS | GEFS,0,GREEN,БЕЗ ЗНАЧАЈНОГ РИЗИКА,NO SIGNIFICANT RISK,NONE,HIGH,12,2026-08-21T06:00:00+00:00,2026-08-21T18:00:00+00:00,STORMS,EXPERIMENTAL,DEVELOPMENTAL MULTIMODEL SIGNAL - NOT CALIBRATED PROBABILITY,PUBLIC OPEN-DATA SERVICES,INDEPENDENT PROJECT - NOT AN OFFICIAL RHMZ WARNING PRODUCT
80365,SENTA,SENTA,СЕНТА,0.0,0.0,0.0,0.0,0.0,11.40101472119638,56.0,6,42,2026-08-21T18:00:00Z,2026-08-20T00:00:00Z,0.0,0.0,0.0,73.3,0.0,12.2,6,0.0,0.0,12,0.0,0.0,12.7,0.0,0.0,0.0,0.0,0.0,0.0,0.0,3,0.0,0,0,0,0,GREEN,БЕЗ ЗНАЧАЈНОГ РИЗИКА,NO SIGNIFICANT RISK,HIGH,ECMWF ENS,ECMWF ENS | ICON-EU EPS | GEFS,0.0,3,0.0,0,0,0,0,GREEN,БЕЗ ЗНАЧАЈНОГ РИЗИКА,NO SIGNIFICANT RISK,HIGH,ECMWF ENS,ECMWF ENS | ICON-EU EPS | GEFS,0.0,3,0.0,0,0,0,0,GREEN,БЕЗ ЗНАЧАЈНОГ РИЗИКА,NO SIGNIFICANT RISK,HIGH,ECMWF ENS,ECMWF ENS | ICON-EU EPS | GEFS,0.0,3,0.0,0,0,0,0,GREEN,БЕЗ ЗНАЧАЈНОГ РИЗИКА,NO SIGNIFICANT RISK,HIGH,ECMWF ENS,ECMWF ENS | ICON-EU EPS | GEFS,0,GREEN,БЕЗ ЗНАЧАЈНОГ РИЗИКА,NO SIGNIFICANT RISK,NONE,HIGH,12,2026-08-21T06:00:00+00:00,2026-08-21T18:00:00+00:00,STORMS,EXPERIMENTAL,DEVELOPMENTAL MULTIMODEL SIGNAL - NOT CALIBRATED PROBABILITY,PUBLIC OPEN-DATA SERVICES,INDEPENDENT PROJECT - NOT AN OFFICIAL RHMZ WARNING PRODUCT
80373,SEČANJ,SEČANJ,СЕЧАЊ,0.0,0.0,0.0,0.0,0.0,9.760983482361809,58.71330165863037,8,42,2026-08-21T18:00:00Z,2026-08-20T00:00:00Z,0.0,0.0,0.0,54.0,0.0,7.6,8,0.0,0.0,11,0.0,0.0,8.2,0.0,0.0,0.0,0.0,0.0,0.0,0.0,3,0.0,0,0,0,0,GREEN,БЕЗ ЗНАЧАЈНОГ РИЗИКА,NO SIGNIFICANT RISK,HIGH,ECMWF ENS,ECMWF ENS | ICON-EU EPS | GEFS,0.0,3,0.0,0,0,0,0,GREEN,БЕЗ ЗНАЧАЈНОГ РИЗИКА,NO SIGNIFICANT RISK,HIGH,ECMWF ENS,ECMWF ENS | ICON-EU EPS | GEFS,0.0,3,0.0,0,0,0,0,GREEN,БЕЗ ЗНАЧАЈНОГ РИЗИКА,NO SIGNIFICANT RISK,HIGH,ECMWF ENS,ECMWF ENS | ICON-EU EPS | GEFS,0.0,3,0.0,0,0,0,0,GREEN,БЕЗ ЗНАЧАЈНОГ РИЗИКА,NO SIGNIFICANT RISK,HIGH,ECMWF ENS,ECMWF ENS | ICON-EU EPS | GEFS,0,GREEN,БЕЗ ЗНАЧАЈНОГ РИЗИКА,NO SIGNIFICANT RISK,NONE,HIGH,12,2026-08-21T06:00:00+00:00,2026-08-21T18:00:00+00:00,STORMS,EXPERIMENTAL,DEVELOPMENTAL MULTIMODEL SIGNAL - NOT CALIBRATED PROBABILITY,PUBLIC OPEN-DATA SERVICES,INDEPENDENT PROJECT - NOT AN OFFICIAL RHMZ WARNING PRODUCT
71099,SMEDEREVO-GRAD,SMEDEREVO-GRAD,СМЕДЕРЕВО-ГРАД,0.0,0.0,0.0,0.0,0.0,7.740597612861472,58.99999904632568,8,42,2026-08-21T18:00:00Z,2026-08-20T00:00:00Z,0.0,0.0,0.0,51.2,0.0,4.8,8,0.0,0.0,12,0.0,0.0,7.2,0.0,0.0,0.0,0.0,0.0,0.0,0.0,3,0.0,0,0,0,0,GREEN,БЕЗ ЗНАЧАЈНОГ РИЗИКА,NO SIGNIFICANT RISK,HIGH,ECMWF ENS,ECMWF ENS | ICON-EU EPS | GEFS,0.0,3,0.0,0,0,0,0,GREEN,БЕЗ ЗНАЧАЈНОГ РИЗИКА,NO SIGNIFICANT RISK,HIGH,ECMWF ENS,ECMWF ENS | ICON-EU EPS | GEFS,0.0,3,0.0,0,0,0,0,GREEN,БЕЗ ЗНАЧАЈНОГ РИЗИКА,NO SIGNIFICANT RISK,HIGH,ECMWF ENS,ECMWF ENS | ICON-EU EPS | GEFS,0.0,3,0.0,0,0,0,0,GREEN,БЕЗ ЗНАЧАЈНОГ РИЗИКА,NO SIGNIFICANT RISK,HIGH,ECMWF ENS,ECMWF ENS | ICON-EU EPS | GEFS,0,GREEN,БЕЗ ЗНАЧАЈНОГ РИЗИКА,NO SIGNIFICANT RISK,NONE,HIGH,12,2026-08-21T06:00:00+00:00,2026-08-21T18:00:00+00:00,STORMS,EXPERIMENTAL,DEVELOPMENTAL MULTIMODEL SIGNAL - NOT CALIBRATED PROBABILITY,PUBLIC OPEN-DATA SERVICES,INDEPENDENT PROJECT - NOT AN OFFICIAL RHMZ WARNING PRODUCT
71102,SMEDEREVSKA PALANKA,SMEDEREVSKA PALANKA,СМЕДЕРЕВСКА ПАЛАНКА,0.0,0.0,0.0,0.0,0.0,7.283828022878376,58.54999923706055,8,42,2026-08-21T18:00:00Z,2026-08-20T00:00:00Z,0.0,0.0,0.0,47.2,0.0,4.2,8,0.0,0.0,10,0.0,0.0,7.4,0.0,0.0,0.0,0.0,0.0,0.0,0.0,3,0.0,0,0,0,0,GREEN,БЕЗ ЗНАЧАЈНОГ РИЗИКА,NO SIGNIFICANT RISK,HIGH,ECMWF ENS,ECMWF ENS | ICON-EU EPS | GEFS,0.0,3,0.0,0,0,0,0,GREEN,БЕЗ ЗНАЧАЈНОГ РИЗИКА,NO SIGNIFICANT RISK,HIGH,ECMWF ENS,ECMWF ENS | ICON-EU EPS | GEFS,0.0,3,0.0,0,0,0,0,GREEN,БЕЗ ЗНАЧАЈНОГ РИЗИКА,NO SIGNIFICANT RISK,HIGH,ECMWF ENS,ECMWF ENS | ICON-EU EPS | GEFS,0.0,3,0.0,0,0,0,0,GREEN,БЕЗ ЗНАЧАЈНОГ РИЗИКА,NO SIGNIFICANT RISK,HIGH,ECMWF ENS,ECMWF ENS | ICON-EU EPS | GEFS,0,GREEN,БЕЗ ЗНАЧАЈНОГ РИЗИКА,NO SIGNIFICANT RISK,NONE,HIGH,12,2026-08-21T06:00:00+00:00,2026-08-21T18:00:00+00:00,STORMS,EXPERIMENTAL,DEVELOPMENTAL MULTIMODEL SIGNAL - NOT CALIBRATED PROBABILITY,PUBLIC OPEN-DATA SERVICES,INDEPENDENT PROJECT - NOT AN OFFICIAL RHMZ WARNING PRODUCT
71129,SOKOBANJA,SOKOBANJA,СОКОБАЊА,0.0,0.0,0.0,0.0,0.0,9.817742864629716,58.65539741516113,9,42,2026-08-21T18:00:00Z,2026-08-20T00:00:00Z,2.0,0.0,862.8,65.9,0.0,3.4,9,0.0,0.0,10,64.4,0.0,6.5,0.0,0.0,0.0,0.0,0.0,0.0,0.7,3,2.0,0,0,0,0,GREEN,БЕЗ ЗНАЧАЈНОГ РИЗИКА,NO SIGNIFICANT RISK,HIGH,ECMWF ENS,ECMWF ENS | ICON-EU EPS | GEFS,0.0,3,0.0,0,0,0,0,GREEN,БЕЗ ЗНАЧАЈНОГ РИЗИКА,NO SIGNIFICANT RISK,HIGH,ECMWF ENS,ECMWF ENS | ICON-EU EPS | GEFS,0.0,3,0.0,0,0,0,0,GREEN,БЕЗ ЗНАЧАЈНОГ РИЗИКА,NO SIGNIFICANT RISK,HIGH,ECMWF ENS,ECMWF ENS | ICON-EU EPS | GEFS,0.0,3,0.0,0,0,0,0,GREEN,БЕЗ ЗНАЧАЈНОГ РИЗИКА,NO SIGNIFICANT RISK,HIGH,ECMWF ENS,ECMWF ENS | ICON-EU EPS | GEFS,0,GREEN,БЕЗ ЗНАЧАЈНОГ РИЗИКА,NO SIGNIFICANT RISK,NONE,HIGH,12,2026-08-21T06:00:00+00:00,2026-08-21T18:00:00+00:00,STORMS,EXPERIMENTAL,DEVELOPMENTAL MULTIMODEL SIGNAL - NOT CALIBRATED PROBABILITY,PUBLIC OPEN-DATA SERVICES,INDEPENDENT PROJECT - NOT AN OFFICIAL RHMZ WARNING PRODUCT
80381,SOMBOR-GRAD,SOMBOR-GRAD,СОМБОР-ГРАД,0.0,0.0,0.0,0.0,25.0,12.134639246468526,73.08084106445312,12,42,2026-08-21T18:00:00Z,2026-08-20T00:00:00Z,32.0,30.0,789.5,78.4,0.0,13.6,12,0.0,0.0,12,213.6,0.0,16.3,18.0,2.0,0.0,0.0,0.0,0.0,10.7,3,32.0,1,0,0,1,YELLOW,ПОВИШЕН,ELEVATED,MODERATE,ECMWF ENS,ECMWF ENS | ICON-EU EPS | GEFS,6.0,3,18.0,1,0,0,0,GREEN,БЕЗ ЗНАЧАЈНОГ РИЗИКА,NO SIGNIFICANT RISK,HIGH,ECMWF ENS,ECMWF ENS | ICON-EU EPS | GEFS,0.7,3,2.0,0,0,0,0,GREEN,БЕЗ ЗНАЧАЈНОГ РИЗИКА,NO SIGNIFICANT RISK,HIGH,ECMWF ENS,ECMWF ENS | ICON-EU EPS | GEFS,0.0,3,0.0,0,0,0,0,GREEN,БЕЗ ЗНАЧАЈНОГ РИЗИКА,NO SIGNIFICANT RISK,HIGH,ECMWF ENS,ECMWF ENS | ICON-EU EPS | GEFS,1,YELLOW,ПОВИШЕН,ELEVATED,THUNDER,MODERATE,12,2026-08-21T06:00:00+00:00,2026-08-21T18:00:00+00:00,STORMS,EXPERIMENTAL,DEVELOPMENTAL MULTIMODEL SIGNAL - NOT CALIBRATED PROBABILITY,PUBLIC OPEN-DATA SERVICES,INDEPENDENT PROJECT - NOT AN OFFICIAL RHMZ WARNING PRODUCT
90271,SRBICA,SRBICA,СРБИЦА,0.0,0.0,0.0,0.0,0.0,6.57521765409167,58.45684814453125,10,42,2026-08-21T18:00:00Z,2026-08-20T00:00:00Z,0.0,0.0,0.0,43.0,0.0,4.3,10,0.0,0.0,11,0.1,0.0,5.5,0.0,0.0,0.0,0.0,0.0,0.0,0.0,3,0.0,0,0,0,0,GREEN,БЕЗ ЗНАЧАЈНОГ РИЗИКА,NO SIGNIFICANT RISK,HIGH,ECMWF ENS,ECMWF ENS | ICON-EU EPS | GEFS,0.0,3,0.0,0,0,0,0,GREEN,БЕЗ ЗНАЧАЈНОГ РИЗИКА,NO SIGNIFICANT RISK,HIGH,ECMWF ENS,ECMWF ENS | ICON-EU EPS | GEFS,0.0,3,0.0,0,0,0,0,GREEN,БЕЗ ЗНАЧАЈНОГ РИЗИКА,NO SIGNIFICANT RISK,HIGH,ECMWF ENS,ECMWF ENS | ICON-EU EPS | GEFS,0.0,3,0.0,0,0,0,0,GREEN,БЕЗ ЗНАЧАЈНОГ РИЗИКА,NO SIGNIFICANT RISK,HIGH,ECMWF ENS,ECMWF ENS | ICON-EU EPS | GEFS,0,GREEN,БЕЗ ЗНАЧАЈНОГ РИЗИКА,NO SIGNIFICANT RISK,NONE,HIGH,12,2026-08-21T06:00:00+00:00,2026-08-21T18:00:00+00:00,STORMS,EXPERIMENTAL,DEVELOPMENTAL MULTIMODEL SIGNAL - NOT CALIBRATED PROBABILITY,PUBLIC OPEN-DATA SERVICES,INDEPENDENT PROJECT - NOT AN OFFICIAL RHMZ WARNING PRODUCT
80390,SRBOBRAN,SRBOBRAN,СРБОБРАН,0.0,0.0,0.0,0.0,0.0,11.977293681651508,55.83511734008789,7,42,2026-08-21T18:00:00Z,2026-08-20T00:00:00Z,4.0,4.0,0.5,76.3,0.0,10.1,7,0.0,0.0,12,0.0,0.0,12.4,0.0,0.0,0.0,0.0,0.0,0.0,1.3,3,4.0,0,0,0,0,GREEN,БЕЗ ЗНАЧАЈНОГ РИЗИКА,NO SIGNIFICANT RISK,HIGH,ECMWF ENS,ECMWF ENS | ICON-EU EPS | GEFS,0.0,3,0.0,0,0,0,0,GREEN,БЕЗ ЗНАЧАЈНОГ РИЗИКА,NO SIGNIFICANT RISK,HIGH,ECMWF ENS,ECMWF ENS | ICON-EU EPS | GEFS,0.0,3,0.0,0,0,0,0,GREEN,БЕЗ ЗНАЧАЈНОГ РИЗИКА,NO SIGNIFICANT RISK,HIGH,ECMWF ENS,ECMWF ENS | ICON-EU EPS | GEFS,0.0,3,0.0,0,0,0,0,GREEN,БЕЗ ЗНАЧАЈНОГ РИЗИКА,NO SIGNIFICANT RISK,HIGH,ECMWF ENS,ECMWF ENS | ICON-EU EPS | GEFS,0,GREEN,БЕЗ ЗНАЧАЈНОГ РИЗИКА,NO SIGNIFICANT RISK,NONE,HIGH,12,2026-08-21T06:00:00+00:00,2026-08-21T18:00:00+00:00,STORMS,EXPERIMENTAL,DEVELOPMENTAL MULTIMODEL SIGNAL - NOT CALIBRATED PROBABILITY,PUBLIC OPEN-DATA SERVICES,INDEPENDENT PROJECT - NOT AN OFFICIAL RHMZ WARNING PRODUCT
80403,SREMSKA MITROVICA-GRAD,SREMSKA MITROVICA-GRAD,СРЕМСКА МИТРОВИЦА-ГРАД,0.0,0.0,0.0,0.0,0.0,10.965939361563434,58.09999847412109,14,42,2026-08-21T18:00:00Z,2026-08-20T00:00:00Z,4.0,4.0,14.2,68.4,0.0,9.5,14,0.0,0.0,13,0.0,0.0,10.2,2.0,0.0,0.0,0.0,0.0,0.0,1.3,3,4.0,0,0,0,0,GREEN,БЕЗ ЗНАЧАЈНОГ РИЗИКА,NO SIGNIFICANT RISK,HIGH,ECMWF ENS,ECMWF ENS | ICON-EU EPS | GEFS,0.7,3,2.0,0,0,0,0,GREEN,БЕЗ ЗНАЧАЈНОГ РИЗИКА,NO SIGNIFICANT RISK,HIGH,ECMWF ENS,ECMWF ENS | ICON-EU EPS | GEFS,0.0,3,0.0,0,0,0,0,GREEN,БЕЗ ЗНАЧАЈНОГ РИЗИКА,NO SIGNIFICANT RISK,HIGH,ECMWF ENS,ECMWF ENS | ICON-EU EPS | GEFS,0.0,3,0.0,0,0,0,0,GREEN,БЕЗ ЗНАЧАЈНОГ РИЗИКА,NO SIGNIFICANT RISK,HIGH,ECMWF ENS,ECMWF ENS | ICON-EU EPS | GEFS,0,GREEN,БЕЗ ЗНАЧАЈНОГ РИЗИКА,NO SIGNIFICANT RISK,NONE,HIGH,12,2026-08-21T06:00:00+00:00,2026-08-21T18:00:00+00:00,STORMS,EXPERIMENTAL,DEVELOPMENTAL MULTIMODEL SIGNAL - NOT CALIBRATED PROBABILITY,PUBLIC OPEN-DATA SERVICES,INDEPENDENT PROJECT - NOT AN OFFICIAL RHMZ WARNING PRODUCT
80411,SREMSKI KARLOVCI,SREMSKI KARLOVCI,СРЕМСКИ КАРЛОВЦИ,0.0,0.0,0.0,0.0,0.0,10.194487091271874,49.22500228881836,5,42,2026-08-21T18:00:00Z,2026-08-20T00:00:00Z,0.0,0.0,0.0,62.8,0.0,8.1,5,0.0,0.0,10,0.0,0.0,8.6,0.0,0.0,0.0,0.0,0.0,0.0,0.0,3,0.0,0,0,0,0,GREEN,БЕЗ ЗНАЧАЈНОГ РИЗИКА,NO SIGNIFICANT RISK,HIGH,ECMWF ENS,ECMWF ENS | ICON-EU EPS | GEFS,0.0,3,0.0,0,0,0,0,GREEN,БЕЗ ЗНАЧАЈНОГ РИЗИКА,NO SIGNIFICANT RISK,HIGH,ECMWF ENS,ECMWF ENS | ICON-EU EPS | GEFS,0.0,3,0.0,0,0,0,0,GREEN,БЕЗ ЗНАЧАЈНОГ РИЗИКА,NO SIGNIFICANT RISK,HIGH,ECMWF ENS,ECMWF ENS | ICON-EU EPS | GEFS,0.0,3,0.0,0,0,0,0,GREEN,БЕЗ ЗНАЧАЈНОГ РИЗИКА,NO SIGNIFICANT RISK,HIGH,ECMWF ENS,ECMWF ENS | ICON-EU EPS | GEFS,0,GREEN,БЕЗ ЗНАЧАЈНОГ РИЗИКА,NO SIGNIFICANT RISK,NONE,HIGH,12,2026-08-21T06:00:00+00:00,2026-08-21T18:00:00+00:00,STORMS,EXPERIMENTAL,DEVELOPMENTAL MULTIMODEL SIGNAL - NOT CALIBRATED PROBABILITY,PUBLIC OPEN-DATA SERVICES,INDEPENDENT PROJECT - NOT AN OFFICIAL RHMZ WARNING PRODUCT
80420,STARA PAZOVA,STARA PAZOVA,СТАРА ПАЗОВА,0.0,0.0,0.0,0.0,0.0,9.867035343653477,49.23338031768799,9,42,2026-08-21T18:00:00Z,2026-08-20T00:00:00Z,0.0,0.0,0.0,57.2,0.0,8.4,9,0.0,0.0,10,0.0,0.0,7.8,0.0,0.0,0.0,0.0,0.0,0.0,0.0,3,0.0,0,0,0,0,GREEN,БЕЗ ЗНАЧАЈНОГ РИЗИКА,NO SIGNIFICANT RISK,HIGH,ECMWF ENS,ECMWF ENS | ICON-EU EPS | GEFS,0.0,3,0.0,0,0,0,0,GREEN,БЕЗ ЗНАЧАЈНОГ РИЗИКА,NO SIGNIFICANT RISK,HIGH,ECMWF ENS,ECMWF ENS | ICON-EU EPS | GEFS,0.0,3,0.0,0,0,0,0,GREEN,БЕЗ ЗНАЧАЈНОГ РИЗИКА,NO SIGNIFICANT RISK,HIGH,ECMWF ENS,ECMWF ENS | ICON-EU EPS | GEFS,0.0,3,0.0,0,0,0,0,GREEN,БЕЗ ЗНАЧАЈНОГ РИЗИКА,NO SIGNIFICANT RISK,HIGH,ECMWF ENS,ECMWF ENS | ICON-EU EPS | GEFS,0,GREEN,БЕЗ ЗНАЧАЈНОГ РИЗИКА,NO SIGNIFICANT RISK,NONE,HIGH,12,2026-08-21T06:00:00+00:00,2026-08-21T18:00:00+00:00,STORMS,EXPERIMENTAL,DEVELOPMENTAL MULTIMODEL SIGNAL - NOT CALIBRATED PROBABILITY,PUBLIC OPEN-DATA SERVICES,INDEPENDENT PROJECT - NOT AN OFFICIAL RHMZ WARNING PRODUCT
80438,SUBOTICA-GRAD,SUBOTICA-GRAD,СУБОТИЦА-ГРАД,0.0,0.0,0.0,0.0,21.0,12.091333810949877,72.93511962890625,13,42,2026-08-21T18:00:00Z,2026-08-20T00:00:00Z,14.0,12.0,431.1,81.0,0.0,12.6,13,0.0,0.0,11,6.6,0.0,14.4,6.0,0.0,0.0,0.0,0.0,0.0,4.7,3,14.0,1,0,0,0,GREEN,БЕЗ ЗНАЧАЈНОГ РИЗИКА,NO SIGNIFICANT RISK,HIGH,ECMWF ENS,ECMWF ENS | ICON-EU EPS | GEFS,2.0,3,6.0,0,0,0,0,GREEN,БЕЗ ЗНАЧАЈНОГ РИЗИКА,NO SIGNIFICANT RISK,HIGH,ECMWF ENS,ECMWF ENS | ICON-EU EPS | GEFS,0.0,3,0.0,0,0,0,0,GREEN,БЕЗ ЗНАЧАЈНОГ РИЗИКА,NO SIGNIFICANT RISK,HIGH,ECMWF ENS,ECMWF ENS | ICON-EU EPS | GEFS,0.0,3,0.0,0,0,0,0,GREEN,БЕЗ ЗНАЧАЈНОГ РИЗИКА,NO SIGNIFICANT RISK,HIGH,ECMWF ENS,ECMWF ENS | ICON-EU EPS | GEFS,0,GREEN,БЕЗ ЗНАЧАЈНОГ РИЗИКА,NO SIGNIFICANT RISK,NONE,HIGH,12,2026-08-21T06:00:00+00:00,2026-08-21T18:00:00+00:00,STORMS,EXPERIMENTAL,DEVELOPMENTAL MULTIMODEL SIGNAL - NOT CALIBRATED PROBABILITY,PUBLIC OPEN-DATA SERVICES,INDEPENDENT PROJECT - NOT AN OFFICIAL RHMZ WARNING PRODUCT
90280,SUVA REKA,SUVA REKA,СУВА РЕКА,0.0,0.0,0.0,0.0,0.0,6.57521765409167,59.400001525878906,8,42,2026-08-21T18:00:00Z,2026-08-20T00:00:00Z,10.0,0.0,266.9,72.5,0.0,2.6,8,0.0,0.0,11,0.0,0.0,7.1,0.0,0.0,0.0,0.0,0.0,0.0,3.3,3,10.0,1,0,0,0,GREEN,БЕЗ ЗНАЧАЈНОГ РИЗИКА,NO SIGNIFICANT RISK,HIGH,ECMWF ENS,ECMWF ENS | ICON-EU EPS | GEFS,0.0,3,0.0,0,0,0,0,GREEN,БЕЗ ЗНАЧАЈНОГ РИЗИКА,NO SIGNIFICANT RISK,HIGH,ECMWF ENS,ECMWF ENS | ICON-EU EPS | GEFS,0.0,3,0.0,0,0,0,0,GREEN,БЕЗ ЗНАЧАЈНОГ РИЗИКА,NO SIGNIFICANT RISK,HIGH,ECMWF ENS,ECMWF ENS | ICON-EU EPS | GEFS,0.0,3,0.0,0,0,0,0,GREEN,БЕЗ ЗНАЧАЈНОГ РИЗИКА,NO SIGNIFICANT RISK,HIGH,ECMWF ENS,ECMWF ENS | ICON-EU EPS | GEFS,0,GREEN,БЕЗ ЗНАЧАЈНОГ РИЗИКА,NO SIGNIFICANT RISK,NONE,HIGH,12,2026-08-21T06:00:00+00:00,2026-08-21T18:00:00+00:00,STORMS,EXPERIMENTAL,DEVELOPMENTAL MULTIMODEL SIGNAL - NOT CALIBRATED PROBABILITY,PUBLIC OPEN-DATA SERVICES,INDEPENDENT PROJECT - NOT AN OFFICIAL RHMZ WARNING PRODUCT
71137,SURDULICA,SURDULICA,СУРДУЛИЦА,0.0,0.0,0.0,0.0,0.0,7.708639884840834,57.400001525878906,9,42,2026-08-21T18:00:00Z,2026-08-20T00:00:00Z,0.0,0.0,704.4,68.1,0.0,1.3,9,0.0,0.0,13,288.9,0.0,3.6,0.0,0.0,0.0,0.0,0.0,0.0,0.0,3,0.0,0,0,0,0,GREEN,БЕЗ ЗНАЧАЈНОГ РИЗИКА,NO SIGNIFICANT RISK,HIGH,ECMWF ENS,ECMWF ENS | ICON-EU EPS | GEFS,0.0,3,0.0,0,0,0,0,GREEN,БЕЗ ЗНАЧАЈНОГ РИЗИКА,NO SIGNIFICANT RISK,HIGH,ECMWF ENS,ECMWF ENS | ICON-EU EPS | GEFS,0.0,3,0.0,0,0,0,0,GREEN,БЕЗ ЗНАЧАЈНОГ РИЗИКА,NO SIGNIFICANT RISK,HIGH,ECMWF ENS,ECMWF ENS | ICON-EU EPS | GEFS,0.0,3,0.0,0,0,0,0,GREEN,БЕЗ ЗНАЧАЈНОГ РИЗИКА,NO SIGNIFICANT RISK,HIGH,ECMWF ENS,ECMWF ENS | ICON-EU EPS | GEFS,0,GREEN,БЕЗ ЗНАЧАЈНОГ РИЗИКА,NO SIGNIFICANT RISK,NONE,HIGH,12,2026-08-21T06:00:00+00:00,2026-08-21T18:00:00+00:00,STORMS,EXPERIMENTAL,DEVELOPMENTAL MULTIMODEL SIGNAL - NOT CALIBRATED PROBABILITY,PUBLIC OPEN-DATA SERVICES,INDEPENDENT PROJECT - NOT AN OFFICIAL RHMZ WARNING PRODUCT
80446,TEMERIN,TEMERIN,ТЕМЕРИН,0.0,0.0,0.0,0.0,0.0,11.62754290744763,50.83511734008789,6,42,2026-08-21T18:00:00Z,2026-08-20T00:00:00Z,0.0,0.0,0.8,73.4,0.0,9.0,6,0.0,0.0,13,0.0,0.0,11.1,0.0,0.0,0.0,0.0,0.0,0.0,0.0,3,0.0,0,0,0,0,GREEN,БЕЗ ЗНАЧАЈНОГ РИЗИКА,NO SIGNIFICANT RISK,HIGH,ECMWF ENS,ECMWF ENS | ICON-EU EPS | GEFS,0.0,3,0.0,0,0,0,0,GREEN,БЕЗ ЗНАЧАЈНОГ РИЗИКА,NO SIGNIFICANT RISK,HIGH,ECMWF ENS,ECMWF ENS | ICON-EU EPS | GEFS,0.0,3,0.0,0,0,0,0,GREEN,БЕЗ ЗНАЧАЈНОГ РИЗИКА,NO SIGNIFICANT RISK,HIGH,ECMWF ENS,ECMWF ENS | ICON-EU EPS | GEFS,0.0,3,0.0,0,0,0,0,GREEN,БЕЗ ЗНАЧАЈНОГ РИЗИКА,NO SIGNIFICANT RISK,HIGH,ECMWF ENS,ECMWF ENS | ICON-EU EPS | GEFS,0,GREEN,БЕЗ ЗНАЧАЈНОГ РИЗИКА,NO SIGNIFICANT RISK,NONE,HIGH,12,2026-08-21T06:00:00+00:00,2026-08-21T18:00:00+00:00,STORMS,EXPERIMENTAL,DEVELOPMENTAL MULTIMODEL SIGNAL - NOT CALIBRATED PROBABILITY,PUBLIC OPEN-DATA SERVICES,INDEPENDENT PROJECT - NOT AN OFFICIAL RHMZ WARNING PRODUCT
80454,TITEL,TITEL,ТИТЕЛ,0.0,0.0,0.0,0.0,0.0,10.36109165474393,49.22500228881836,9,42,2026-08-21T18:00:00Z,2026-08-20T00:00:00Z,0.0,0.0,0.0,60.4,0.0,9.8,9,0.0,0.0,12,0.0,0.0,8.7,0.0,0.0,0.0,0.0,0.0,0.0,0.0,3,0.0,0,0,0,0,GREEN,БЕЗ ЗНАЧАЈНОГ РИЗИКА,NO SIGNIFICANT RISK,HIGH,ECMWF ENS,ECMWF ENS | ICON-EU EPS | GEFS,0.0,3,0.0,0,0,0,0,GREEN,БЕЗ ЗНАЧАЈНОГ РИЗИКА,NO SIGNIFICANT RISK,HIGH,ECMWF ENS,ECMWF ENS | ICON-EU EPS | GEFS,0.0,3,0.0,0,0,0,0,GREEN,БЕЗ ЗНАЧАЈНОГ РИЗИКА,NO SIGNIFICANT RISK,HIGH,ECMWF ENS,ECMWF ENS | ICON-EU EPS | GEFS,0.0,3,0.0,0,0,0,0,GREEN,БЕЗ ЗНАЧАЈНОГ РИЗИКА,NO SIGNIFICANT RISK,HIGH,ECMWF ENS,ECMWF ENS | ICON-EU EPS | GEFS,0,GREEN,БЕЗ ЗНАЧАЈНОГ РИЗИКА,NO SIGNIFICANT RISK,NONE,HIGH,12,2026-08-21T06:00:00+00:00,2026-08-21T18:00:00+00:00,STORMS,EXPERIMENTAL,DEVELOPMENTAL MULTIMODEL SIGNAL - NOT CALIBRATED PROBABILITY,PUBLIC OPEN-DATA SERVICES,INDEPENDENT PROJECT - NOT AN OFFICIAL RHMZ WARNING PRODUCT
71153,TOPOLA,TOPOLA,ТОПОЛА,0.0,0.0,0.0,0.0,1.0,6.730532520620692,58.0,10,42,2026-08-21T18:00:00Z,2026-08-20T00:00:00Z,0.0,0.0,0.0,47.2,0.0,4.2,10,0.0,0.0,10,0.0,0.0,7.5,0.0,0.0,0.0,0.0,0.0,0.0,0.0,3,0.0,0,0,0,0,GREEN,БЕЗ ЗНАЧАЈНОГ РИЗИКА,NO SIGNIFICANT RISK,HIGH,ECMWF ENS,ECMWF ENS | ICON-EU EPS | GEFS,0.0,3,0.0,0,0,0,0,GREEN,БЕЗ ЗНАЧАЈНОГ РИЗИКА,NO SIGNIFICANT RISK,HIGH,ECMWF ENS,ECMWF ENS | ICON-EU EPS | GEFS,0.0,3,0.0,0,0,0,0,GREEN,БЕЗ ЗНАЧАЈНОГ РИЗИКА,NO SIGNIFICANT RISK,HIGH,ECMWF ENS,ECMWF ENS | ICON-EU EPS | GEFS,0.0,3,0.0,0,0,0,0,GREEN,БЕЗ ЗНАЧАЈНОГ РИЗИКА,NO SIGNIFICANT RISK,HIGH,ECMWF ENS,ECMWF ENS | ICON-EU EPS | GEFS,0,GREEN,БЕЗ ЗНАЧАЈНОГ РИЗИКА,NO SIGNIFICANT RISK,NONE,HIGH,12,2026-08-21T06:00:00+00:00,2026-08-21T18:00:00+00:00,STORMS,EXPERIMENTAL,DEVELOPMENTAL MULTIMODEL SIGNAL - NOT CALIBRATED PROBABILITY,PUBLIC OPEN-DATA SERVICES,INDEPENDENT PROJECT - NOT AN OFFICIAL RHMZ WARNING PRODUCT
71161,TRGOVIŠTE,TRGOVIŠTE,ТРГОВИШТЕ,0.0,0.0,0.0,0.0,0.0,4.807316809398074,57.400001525878906,8,42,2026-08-21T18:00:00Z,2026-08-20T00:00:00Z,0.0,0.0,507.6,71.1,0.0,3.4,8,0.0,0.0,10,6.8,0.0,2.4,0.0,0.0,0.0,0.0,0.0,0.0,0.0,3,0.0,0,0,0,0,GREEN,БЕЗ ЗНАЧАЈНОГ РИЗИКА,NO SIGNIFICANT RISK,HIGH,ECMWF ENS,ECMWF ENS | ICON-EU EPS | GEFS,0.0,3,0.0,0,0,0,0,GREEN,БЕЗ ЗНАЧАЈНОГ РИЗИКА,NO SIGNIFICANT RISK,HIGH,ECMWF ENS,ECMWF ENS | ICON-EU EPS | GEFS,0.0,3,0.0,0,0,0,0,GREEN,БЕЗ ЗНАЧАЈНОГ РИЗИКА,NO SIGNIFICANT RISK,HIGH,ECMWF ENS,ECMWF ENS | ICON-EU EPS | GEFS,0.0,3,0.0,0,0,0,0,GREEN,БЕЗ ЗНАЧАЈНОГ РИЗИКА,NO SIGNIFICANT RISK,HIGH,ECMWF ENS,ECMWF ENS | ICON-EU EPS | GEFS,0,GREEN,БЕЗ ЗНАЧАЈНОГ РИЗИКА,NO SIGNIFICANT RISK,NONE,HIGH,12,2026-08-21T06:00:00+00:00,2026-08-21T18:00:00+00:00,STORMS,EXPERIMENTAL,DEVELOPMENTAL MULTIMODEL SIGNAL - NOT CALIBRATED PROBABILITY,PUBLIC OPEN-DATA SERVICES,INDEPENDENT PROJECT - NOT AN OFFICIAL RHMZ WARNING PRODUCT
71170,TRSTENIK,TRSTENIK,ТРСТЕНИК,0.0,0.0,0.0,0.0,2.0,6.440122808651896,55.31832313537598,6,42,2026-08-21T18:00:00Z,2026-08-20T00:00:00Z,0.0,0.0,289.0,58.4,0.0,6.2,6,0.0,0.0,10,0.0,0.0,7.5,0.0,0.0,0.0,0.0,0.0,0.0,0.0,3,0.0,0,0,0,0,GREEN,БЕЗ ЗНАЧАЈНОГ РИЗИКА,NO SIGNIFICANT RISK,HIGH,ECMWF ENS,ECMWF ENS | ICON-EU EPS | GEFS,0.0,3,0.0,0,0,0,0,GREEN,БЕЗ ЗНАЧАЈНОГ РИЗИКА,NO SIGNIFICANT RISK,HIGH,ECMWF ENS,ECMWF ENS | ICON-EU EPS | GEFS,0.0,3,0.0,0,0,0,0,GREEN,БЕЗ ЗНАЧАЈНОГ РИЗИКА,NO SIGNIFICANT RISK,HIGH,ECMWF ENS,ECMWF ENS | ICON-EU EPS | GEFS,0.0,3,0.0,0,0,0,0,GREEN,БЕЗ ЗНАЧАЈНОГ РИЗИКА,NO SIGNIFICANT RISK,HIGH,ECMWF ENS,ECMWF ENS | ICON-EU EPS | GEFS,0,GREEN,БЕЗ ЗНАЧАЈНОГ РИЗИКА,NO SIGNIFICANT RISK,NONE,HIGH,12,2026-08-21T06:00:00+00:00,2026-08-21T18:00:00+00:00,STORMS,EXPERIMENTAL,DEVELOPMENTAL MULTIMODEL SIGNAL - NOT CALIBRATED PROBABILITY,PUBLIC OPEN-DATA SERVICES,INDEPENDENT PROJECT - NOT AN OFFICIAL RHMZ WARNING PRODUCT
71188,TUTIN,TUTIN,ТУТИН,0.0,0.0,0.0,0.0,0.0,5.657130651028317,54.62528324127197,10,42,2026-08-21T18:00:00Z,2026-08-20T00:00:00Z,0.0,0.0,0.0,29.9,0.0,2.0,10,0.0,0.0,9,0.0,0.0,6.0,0.0,0.0,0.0,0.0,0.0,0.0,0.0,3,0.0,0,0,0,0,GREEN,БЕЗ ЗНАЧАЈНОГ РИЗИКА,NO SIGNIFICANT RISK,HIGH,ECMWF ENS,ECMWF ENS | ICON-EU EPS | GEFS,0.0,3,0.0,0,0,0,0,GREEN,БЕЗ ЗНАЧАЈНОГ РИЗИКА,NO SIGNIFICANT RISK,HIGH,ECMWF ENS,ECMWF ENS | ICON-EU EPS | GEFS,0.0,3,0.0,0,0,0,0,GREEN,БЕЗ ЗНАЧАЈНОГ РИЗИКА,NO SIGNIFICANT RISK,HIGH,ECMWF ENS,ECMWF ENS | ICON-EU EPS | GEFS,0.0,3,0.0,0,0,0,0,GREEN,БЕЗ ЗНАЧАЈНОГ РИЗИКА,NO SIGNIFICANT RISK,HIGH,ECMWF ENS,ECMWF ENS | ICON-EU EPS | GEFS,0,GREEN,БЕЗ ЗНАЧАЈНОГ РИЗИКА,NO SIGNIFICANT RISK,NONE,HIGH,12,2026-08-21T06:00:00+00:00,2026-08-21T18:00:00+00:00,STORMS,EXPERIMENTAL,DEVELOPMENTAL MULTIMODEL SIGNAL - NOT CALIBRATED PROBABILITY,PUBLIC OPEN-DATA SERVICES,INDEPENDENT PROJECT - NOT AN OFFICIAL RHMZ WARNING PRODUCT
71218,UB,UB,УБ,0.0,0.0,0.0,0.0,0.0,8.753392595121985,51.133522033691406,10,42,2026-08-21T18:00:00Z,2026-08-20T00:00:00Z,0.0,0.0,0.0,64.9,0.0,7.9,10,0.0,0.0,10,0.0,0.0,7.1,0.0,0.0,0.0,0.0,0.0,0.0,0.0,3,0.0,0,0,0,0,GREEN,БЕЗ ЗНАЧАЈНОГ РИЗИКА,NO SIGNIFICANT RISK,HIGH,ECMWF ENS,ECMWF ENS | ICON-EU EPS | GEFS,0.0,3,0.0,0,0,0,0,GREEN,БЕЗ ЗНАЧАЈНОГ РИЗИКА,NO SIGNIFICANT RISK,HIGH,ECMWF ENS,ECMWF ENS | ICON-EU EPS | GEFS,0.0,3,0.0,0,0,0,0,GREEN,БЕЗ ЗНАЧАЈНОГ РИЗИКА,NO SIGNIFICANT RISK,HIGH,ECMWF ENS,ECMWF ENS | ICON-EU EPS | GEFS,0.0,3,0.0,0,0,0,0,GREEN,БЕЗ ЗНАЧАЈНОГ РИЗИКА,NO SIGNIFICANT RISK,HIGH,ECMWF ENS,ECMWF ENS | ICON-EU EPS | GEFS,0,GREEN,БЕЗ ЗНАЧАЈНОГ РИЗИКА,NO SIGNIFICANT RISK,NONE,HIGH,12,2026-08-21T06:00:00+00:00,2026-08-21T18:00:00+00:00,STORMS,EXPERIMENTAL,DEVELOPMENTAL MULTIMODEL SIGNAL - NOT CALIBRATED PROBABILITY,PUBLIC OPEN-DATA SERVICES,INDEPENDENT PROJECT - NOT AN OFFICIAL RHMZ WARNING PRODUCT
71145,UŽICE-GRAD,UŽICE-GRAD,УЖИЦЕ-ГРАД,0.0,0.0,0.0,0.0,0.0,6.54474380950542,50.25349235534668,12,42,2026-08-21T18:00:00Z,2026-08-20T00:00:00Z,0.0,0.0,0.0,46.6,0.0,4.7,12,0.0,0.0,11,0.0,0.0,5.4,0.0,0.0,0.0,0.0,0.0,0.0,0.0,3,0.0,0,0,0,0,GREEN,БЕЗ ЗНАЧАЈНОГ РИЗИКА,NO SIGNIFICANT RISK,HIGH,ECMWF ENS,ECMWF ENS | ICON-EU EPS | GEFS,0.0,3,0.0,0,0,0,0,GREEN,БЕЗ ЗНАЧАЈНОГ РИЗИКА,NO SIGNIFICANT RISK,HIGH,ECMWF ENS,ECMWF ENS | ICON-EU EPS | GEFS,0.0,3,0.0,0,0,0,0,GREEN,БЕЗ ЗНАЧАЈНОГ РИЗИКА,NO SIGNIFICANT RISK,HIGH,ECMWF ENS,ECMWF ENS | ICON-EU EPS | GEFS,0.0,3,0.0,0,0,0,0,GREEN,БЕЗ ЗНАЧАЈНОГ РИЗИКА,NO SIGNIFICANT RISK,HIGH,ECMWF ENS,ECMWF ENS | ICON-EU EPS | GEFS,0,GREEN,БЕЗ ЗНАЧАЈНОГ РИЗИКА,NO SIGNIFICANT RISK,NONE,HIGH,12,2026-08-21T06:00:00+00:00,2026-08-21T18:00:00+00:00,STORMS,EXPERIMENTAL,DEVELOPMENTAL MULTIMODEL SIGNAL - NOT CALIBRATED PROBABILITY,PUBLIC OPEN-DATA SERVICES,INDEPENDENT PROJECT - NOT AN OFFICIAL RHMZ WARNING PRODUCT
90301,UROŠEVAC,UROŠEVAC,УРОШЕВАЦ,0.0,0.0,0.0,0.0,0.0,6.57521765409167,59.400001525878906,8,42,2026-08-21T18:00:00Z,2026-08-20T00:00:00Z,10.0,0.0,266.9,72.5,0.0,2.6,8,0.0,0.0,9,0.0,0.0,5.1,0.0,0.0,0.0,0.0,0.0,0.0,3.3,3,10.0,1,0,0,0,GREEN,БЕЗ ЗНАЧАЈНОГ РИЗИКА,NO SIGNIFICANT RISK,HIGH,ECMWF ENS,ECMWF ENS | ICON-EU EPS | GEFS,0.0,3,0.0,0,0,0,0,GREEN,БЕЗ ЗНАЧАЈНОГ РИЗИКА,NO SIGNIFICANT RISK,HIGH,ECMWF ENS,ECMWF ENS | ICON-EU EPS | GEFS,0.0,3,0.0,0,0,0,0,GREEN,БЕЗ ЗНАЧАЈНОГ РИЗИКА,NO SIGNIFICANT RISK,HIGH,ECMWF ENS,ECMWF ENS | ICON-EU EPS | GEFS,0.0,3,0.0,0,0,0,0,GREEN,БЕЗ ЗНАЧАЈНОГ РИЗИКА,NO SIGNIFICANT RISK,HIGH,ECMWF ENS,ECMWF ENS | ICON-EU EPS | GEFS,0,GREEN,БЕЗ ЗНАЧАЈНОГ РИЗИКА,NO SIGNIFICANT RISK,NONE,HIGH,12,2026-08-21T06:00:00+00:00,2026-08-21T18:00:00+00:00,STORMS,EXPERIMENTAL,DEVELOPMENTAL MULTIMODEL SIGNAL - NOT CALIBRATED PROBABILITY,PUBLIC OPEN-DATA SERVICES,INDEPENDENT PROJECT - NOT AN OFFICIAL RHMZ WARNING PRODUCT
71226,CRNA TRAVA,CRNA TRAVA,ЦРНА ТРАВА,0.0,0.0,0.0,0.0,0.0,7.708639884840834,57.10684776306152,8,42,2026-08-21T18:00:00Z,2026-08-20T00:00:00Z,0.0,0.0,765.0,59.7,0.0,1.7,8,0.0,0.0,12,313.5,0.0,3.7,0.0,0.0,0.0,0.0,0.0,0.0,0.0,3,0.0,0,0,0,0,GREEN,БЕЗ ЗНАЧАЈНОГ РИЗИКА,NO SIGNIFICANT RISK,HIGH,ECMWF ENS,ECMWF ENS | ICON-EU EPS | GEFS,0.0,3,0.0,0,0,0,0,GREEN,БЕЗ ЗНАЧАЈНОГ РИЗИКА,NO SIGNIFICANT RISK,HIGH,ECMWF ENS,ECMWF ENS | ICON-EU EPS | GEFS,0.0,3,0.0,0,0,0,0,GREEN,БЕЗ ЗНАЧАЈНОГ РИЗИКА,NO SIGNIFICANT RISK,HIGH,ECMWF ENS,ECMWF ENS | ICON-EU EPS | GEFS,0.0,3,0.0,0,0,0,0,GREEN,БЕЗ ЗНАЧАЈНОГ РИЗИКА,NO SIGNIFICANT RISK,HIGH,ECMWF ENS,ECMWF ENS | ICON-EU EPS | GEFS,0,GREEN,БЕЗ ЗНАЧАЈНОГ РИЗИКА,NO SIGNIFICANT RISK,NONE,HIGH,12,2026-08-21T06:00:00+00:00,2026-08-21T18:00:00+00:00,STORMS,EXPERIMENTAL,DEVELOPMENTAL MULTIMODEL SIGNAL - NOT CALIBRATED PROBABILITY,PUBLIC OPEN-DATA SERVICES,INDEPENDENT PROJECT - NOT AN OFFICIAL RHMZ WARNING PRODUCT
71234,ČAJETINA,ČAJETINA,ЧАЈЕТИНА,0.0,0.0,0.0,0.0,0.0,5.775521855085692,48.04999923706055,9,42,2026-08-21T18:00:00Z,2026-08-20T00:00:00Z,0.0,0.0,41.6,45.7,0.0,4.6,9,0.0,0.0,11,0.0,0.0,4.9,0.0,0.0,0.0,0.0,0.0,0.0,0.0,3,0.0,0,0,0,0,GREEN,БЕЗ ЗНАЧАЈНОГ РИЗИКА,NO SIGNIFICANT RISK,HIGH,ECMWF ENS,ECMWF ENS | ICON-EU EPS | GEFS,0.0,3,0.0,0,0,0,0,GREEN,БЕЗ ЗНАЧАЈНОГ РИЗИКА,NO SIGNIFICANT RISK,HIGH,ECMWF ENS,ECMWF ENS | ICON-EU EPS | GEFS,0.0,3,0.0,0,0,0,0,GREEN,БЕЗ ЗНАЧАЈНОГ РИЗИКА,NO SIGNIFICANT RISK,HIGH,ECMWF ENS,ECMWF ENS | ICON-EU EPS | GEFS,0.0,3,0.0,0,0,0,0,GREEN,БЕЗ ЗНАЧАЈНОГ РИЗИКА,NO SIGNIFICANT RISK,HIGH,ECMWF ENS,ECMWF ENS | ICON-EU EPS | GEFS,0,GREEN,БЕЗ ЗНАЧАЈНОГ РИЗИКА,NO SIGNIFICANT RISK,NONE,HIGH,12,2026-08-21T06:00:00+00:00,2026-08-21T18:00:00+00:00,STORMS,EXPERIMENTAL,DEVELOPMENTAL MULTIMODEL SIGNAL - NOT CALIBRATED PROBABILITY,PUBLIC OPEN-DATA SERVICES,INDEPENDENT PROJECT - NOT AN OFFICIAL RHMZ WARNING PRODUCT
71242,ČAČAK-GRAD,ČAČAK-GRAD,ЧАЧАК-ГРАД,0.0,0.0,0.0,0.0,1.0,6.54474380950542,55.05000114440918,8,42,2026-08-21T18:00:00Z,2026-08-20T00:00:00Z,0.0,0.0,272.5,43.7,0.0,4.8,8,0.0,0.0,12,0.0,0.0,7.3,0.0,0.0,0.0,0.0,0.0,0.0,0.0,3,0.0,0,0,0,0,GREEN,БЕЗ ЗНАЧАЈНОГ РИЗИКА,NO SIGNIFICANT RISK,HIGH,ECMWF ENS,ECMWF ENS | ICON-EU EPS | GEFS,0.0,3,0.0,0,0,0,0,GREEN,БЕЗ ЗНАЧАЈНОГ РИЗИКА,NO SIGNIFICANT RISK,HIGH,ECMWF ENS,ECMWF ENS | ICON-EU EPS | GEFS,0.0,3,0.0,0,0,0,0,GREEN,БЕЗ ЗНАЧАЈНОГ РИЗИКА,NO SIGNIFICANT RISK,HIGH,ECMWF ENS,ECMWF ENS | ICON-EU EPS | GEFS,0.0,3,0.0,0,0,0,0,GREEN,БЕЗ ЗНАЧАЈНОГ РИЗИКА,NO SIGNIFICANT RISK,HIGH,ECMWF ENS,ECMWF ENS | ICON-EU EPS | GEFS,0,GREEN,БЕЗ ЗНАЧАЈНОГ РИЗИКА,NO SIGNIFICANT RISK,NONE,HIGH,12,2026-08-21T06:00:00+00:00,2026-08-21T18:00:00+00:00,STORMS,EXPERIMENTAL,DEVELOPMENTAL MULTIMODEL SIGNAL - NOT CALIBRATED PROBABILITY,PUBLIC OPEN-DATA SERVICES,INDEPENDENT PROJECT - NOT AN OFFICIAL RHMZ WARNING PRODUCT
80489,ČOKA,ČOKA,ЧОКА,0.0,0.0,0.0,0.0,0.0,11.40101472119638,56.63825035095215,8,42,2026-08-21T18:00:00Z,2026-08-20T00:00:00Z,0.0,0.0,0.0,58.4,0.0,9.7,8,0.0,0.0,12,0.0,0.0,11.6,0.0,0.0,0.0,0.0,0.0,0.0,0.0,3,0.0,0,0,0,0,GREEN,БЕЗ ЗНАЧАЈНОГ РИЗИКА,NO SIGNIFICANT RISK,HIGH,ECMWF ENS,ECMWF ENS | ICON-EU EPS | GEFS,0.0,3,0.0,0,0,0,0,GREEN,БЕЗ ЗНАЧАЈНОГ РИЗИКА,NO SIGNIFICANT RISK,HIGH,ECMWF ENS,ECMWF ENS | ICON-EU EPS | GEFS,0.0,3,0.0,0,0,0,0,GREEN,БЕЗ ЗНАЧАЈНОГ РИЗИКА,NO SIGNIFICANT RISK,HIGH,ECMWF ENS,ECMWF ENS | ICON-EU EPS | GEFS,0.0,3,0.0,0,0,0,0,GREEN,БЕЗ ЗНАЧАЈНОГ РИЗИКА,NO SIGNIFICANT RISK,HIGH,ECMWF ENS,ECMWF ENS | ICON-EU EPS | GEFS,0,GREEN,БЕЗ ЗНАЧАЈНОГ РИЗИКА,NO SIGNIFICANT RISK,NONE,HIGH,12,2026-08-21T06:00:00+00:00,2026-08-21T18:00:00+00:00,STORMS,EXPERIMENTAL,DEVELOPMENTAL MULTIMODEL SIGNAL - NOT CALIBRATED PROBABILITY,PUBLIC OPEN-DATA SERVICES,INDEPENDENT PROJECT - NOT AN OFFICIAL RHMZ WARNING PRODUCT
71269,ŠABAC-GRAD,ŠABAC-GRAD,ШАБАЦ-ГРАД,0.0,0.0,0.0,0.0,0.0,10.41379056765586,54.9068489074707,12,42,2026-08-21T18:00:00Z,2026-08-20T00:00:00Z,0.0,0.0,0.0,61.8,0.0,7.5,12,0.0,0.0,9,0.0,0.0,8.8,0.0,0.0,0.0,0.0,0.0,0.0,0.0,3,0.0,0,0,0,0,GREEN,БЕЗ ЗНАЧАЈНОГ РИЗИКА,NO SIGNIFICANT RISK,HIGH,ECMWF ENS,ECMWF ENS | ICON-EU EPS | GEFS,0.0,3,0.0,0,0,0,0,GREEN,БЕЗ ЗНАЧАЈНОГ РИЗИКА,NO SIGNIFICANT RISK,HIGH,ECMWF ENS,ECMWF ENS | ICON-EU EPS | GEFS,0.0,3,0.0,0,0,0,0,GREEN,БЕЗ ЗНАЧАЈНОГ РИЗИКА,NO SIGNIFICANT RISK,HIGH,ECMWF ENS,ECMWF ENS | ICON-EU EPS | GEFS,0.0,3,0.0,0,0,0,0,GREEN,БЕЗ ЗНАЧАЈНОГ РИЗИКА,NO SIGNIFICANT RISK,HIGH,ECMWF ENS,ECMWF ENS | ICON-EU EPS | GEFS,0,GREEN,БЕЗ ЗНАЧАЈНОГ РИЗИКА,NO SIGNIFICANT RISK,NONE,HIGH,12,2026-08-21T06:00:00+00:00,2026-08-21T18:00:00+00:00,STORMS,EXPERIMENTAL,DEVELOPMENTAL MULTIMODEL SIGNAL - NOT CALIBRATED PROBABILITY,PUBLIC OPEN-DATA SERVICES,INDEPENDENT PROJECT - NOT AN OFFICIAL RHMZ WARNING PRODUCT
80497,ŠID,ŠID,ШИД,0.0,0.0,0.0,0.0,6.0,10.965939361563434,62.84999847412109,13,42,2026-08-21T18:00:00Z,2026-08-20T00:00:00Z,22.0,22.0,535.6,62.4,0.0,14.0,13,0.0,0.0,12,11.3,0.0,13.4,6.0,0.0,0.0,0.0,0.0,0.0,7.3,3,22.0,1,0,0,0,GREEN,БЕЗ ЗНАЧАЈНОГ РИЗИКА,NO SIGNIFICANT RISK,MODERATE,ECMWF ENS,ECMWF ENS | ICON-EU EPS | GEFS,2.0,3,6.0,0,0,0,0,GREEN,БЕЗ ЗНАЧАЈНОГ РИЗИКА,NO SIGNIFICANT RISK,HIGH,ECMWF ENS,ECMWF ENS | ICON-EU EPS | GEFS,0.0,3,0.0,0,0,0,0,GREEN,БЕЗ ЗНАЧАЈНОГ РИЗИКА,NO SIGNIFICANT RISK,HIGH,ECMWF ENS,ECMWF ENS | ICON-EU EPS | GEFS,0.0,3,0.0,0,0,0,0,GREEN,БЕЗ ЗНАЧАЈНОГ РИЗИКА,NO SIGNIFICANT RISK,HIGH,ECMWF ENS,ECMWF ENS | ICON-EU EPS | GEFS,0,GREEN,БЕЗ ЗНАЧАЈНОГ РИЗИКА,NO SIGNIFICANT RISK,NONE,MODERATE,12,2026-08-21T06:00:00+00:00,2026-08-21T18:00:00+00:00,STORMS,EXPERIMENTAL,DEVELOPMENTAL MULTIMODEL SIGNAL - NOT CALIBRATED PROBABILITY,PUBLIC OPEN-DATA SERVICES,INDEPENDENT PROJECT - NOT AN OFFICIAL RHMZ WARNING PRODUCT
90310,ŠTIMLJE,ŠTIMLJE,ШТИМЉЕ,0.0,0.0,0.0,0.0,0.0,6.57521765409167,59.400001525878906,6,42,2026-08-21T18:00:00Z,2026-08-20T00:00:00Z,10.0,0.0,266.9,72.5,0.0,2.6,6,0.0,0.0,13,0.0,0.0,5.7,0.0,0.0,0.0,0.0,0.0,0.0,3.3,3,10.0,1,0,0,0,GREEN,БЕЗ ЗНАЧАЈНОГ РИЗИКА,NO SIGNIFICANT RISK,HIGH,ECMWF ENS,ECMWF ENS | ICON-EU EPS | GEFS,0.0,3,0.0,0,0,0,0,GREEN,БЕЗ ЗНАЧАЈНОГ РИЗИКА,NO SIGNIFICANT RISK,HIGH,ECMWF ENS,ECMWF ENS | ICON-EU EPS | GEFS,0.0,3,0.0,0,0,0,0,GREEN,БЕЗ ЗНАЧАЈНОГ РИЗИКА,NO SIGNIFICANT RISK,HIGH,ECMWF ENS,ECMWF ENS | ICON-EU EPS | GEFS,0.0,3,0.0,0,0,0,0,GREEN,БЕЗ ЗНАЧАЈНОГ РИЗИКА,NO SIGNIFICANT RISK,HIGH,ECMWF ENS,ECMWF ENS | ICON-EU EPS | GEFS,0,GREEN,БЕЗ ЗНАЧАЈНОГ РИЗИКА,NO SIGNIFICANT RISK,NONE,HIGH,12,2026-08-21T06:00:00+00:00,2026-08-21T18:00:00+00:00,STORMS,EXPERIMENTAL,DEVELOPMENTAL MULTIMODEL SIGNAL - NOT CALIBRATED PROBABILITY,PUBLIC OPEN-DATA SERVICES,INDEPENDENT PROJECT - NOT AN OFFICIAL RHMZ WARNING PRODUCT
90328,ŠTRPCE,ŠTRPCE,ШТРПЦЕ,0.0,0.0,0.0,0.0,0.0,6.57521765409167,60.10684967041016,7,42,2026-08-21T18:00:00Z,2026-08-20T00:00:00Z,22.0,0.0,1077.0,82.6,0.0,2.9,7,0.0,0.0,10,0.0,0.0,5.3,0.0,0.0,0.0,0.0,0.0,0.0,7.3,3,22.0,1,0,0,0,GREEN,БЕЗ ЗНАЧАЈНОГ РИЗИКА,NO SIGNIFICANT RISK,MODERATE,ECMWF ENS,ECMWF ENS | ICON-EU EPS | GEFS,0.0,3,0.0,0,0,0,0,GREEN,БЕЗ ЗНАЧАЈНОГ РИЗИКА,NO SIGNIFICANT RISK,HIGH,ECMWF ENS,ECMWF ENS | ICON-EU EPS | GEFS,0.0,3,0.0,0,0,0,0,GREEN,БЕЗ ЗНАЧАЈНОГ РИЗИКА,NO SIGNIFICANT RISK,HIGH,ECMWF ENS,ECMWF ENS | ICON-EU EPS | GEFS,0.0,3,0.0,0,0,0,0,GREEN,БЕЗ ЗНАЧАЈНОГ РИЗИКА,NO SIGNIFICANT RISK,HIGH,ECMWF ENS,ECMWF ENS | ICON-EU EPS | GEFS,0,GREEN,БЕЗ ЗНАЧАЈНОГ РИЗИКА,NO SIGNIFICANT RISK,NONE,MODERATE,12,2026-08-21T06:00:00+00:00,2026-08-21T18:00:00+00:00,STORMS,EXPERIMENTAL,DEVELOPMENTAL MULTIMODEL SIGNAL - NOT CALIBRATED PROBABILITY,PUBLIC OPEN-DATA SERVICES,INDEPENDENT PROJECT - NOT AN OFFICIAL RHMZ WARNING PRODUCT
