Municipality_DOM_ID,Value_e,Value_sl,Value_sc,gefs_thunder,gefs_hail,gefs_large_hail,gefs_very_large_hail,gefs_cape,gefs_shear,gefs_rh700,gefs_grid_points,gefs_forecast_hour,gefs_valid_time,gefs_model_run,ecmwf_thunder,ecmwf_organised_thunder,ecmwf_mucape,ecmwf_rh700,ecmwf_tp3h,ecmwf_shear,ecmwf_grid_points,icon_thunder,icon_organised_thunder,icon_grid_points,icon_median_cape,icon_median_tp3h,icon_median_shear,ecmwf_hail,ecmwf_large_hail,ecmwf_very_large_hail,icon_hail,icon_large_hail,icon_very_large_hail,thunder_signal,thunder_models_available,thunder_model_spread,thunder_models_ge10,thunder_models_ge40,thunder_models_ge50,thunder_level,thunder_color,thunder_label_sr,thunder_label_en,thunder_confidence,thunder_dominant_model,thunder_source_models,hail_signal,hail_models_available,hail_model_spread,hail_models_ge10,hail_models_ge40,hail_models_ge50,hail_level,hail_color,hail_label_sr,hail_label_en,hail_confidence,hail_dominant_model,hail_source_models,large_hail_signal,large_hail_models_available,large_hail_model_spread,large_hail_models_ge10,large_hail_models_ge40,large_hail_models_ge50,large_hail_level,large_hail_color,large_hail_label_sr,large_hail_label_en,large_hail_confidence,large_hail_dominant_model,large_hail_source_models,very_large_hail_signal,very_large_hail_models_available,very_large_hail_model_spread,very_large_hail_models_ge10,very_large_hail_models_ge40,very_large_hail_models_ge50,very_large_hail_level,very_large_hail_color,very_large_hail_label_sr,very_large_hail_label_en,very_large_hail_confidence,very_large_hail_dominant_model,very_large_hail_source_models,storm_overview_level,storm_overview_color,storm_overview_label_sr,storm_overview_label_en,storm_dominant_hazard,storm_overview_confidence,forecast_hour,reference_run,valid_time,product_family,product_status,probability_status,data_source_status,institutional_status
90085,ĐAKOVICA,ĐAKOVICA,ЂАКОВИЦА,0.0,0.0,0.0,0.0,0.0,5.829343122393889,56.53184700012207,9,48,2026-08-22T00:00:00Z,2026-08-20T00:00:00Z,0.0,0.0,0.0,43.9,0.0,4.0,9,0.0,0.0,13,0.0,0.0,4.4,0.0,0.0,0.0,0.0,0.0,0.0,0.0,3,0.0,0,0,0,0,GREEN,БЕЗ ЗНАЧАЈНОГ РИЗИКА,NO SIGNIFICANT RISK,HIGH,ECMWF ENS,ECMWF ENS | ICON-EU EPS | GEFS,0.0,3,0.0,0,0,0,0,GREEN,БЕЗ ЗНАЧАЈНОГ РИЗИКА,NO SIGNIFICANT RISK,HIGH,ECMWF ENS,ECMWF ENS | ICON-EU EPS | GEFS,0.0,3,0.0,0,0,0,0,GREEN,БЕЗ ЗНАЧАЈНОГ РИЗИКА,NO SIGNIFICANT RISK,HIGH,ECMWF ENS,ECMWF ENS | ICON-EU EPS | GEFS,0.0,3,0.0,0,0,0,0,GREEN,БЕЗ ЗНАЧАЈНОГ РИЗИКА,NO SIGNIFICANT RISK,HIGH,ECMWF ENS,ECMWF ENS | ICON-EU EPS | GEFS,0,GREEN,БЕЗ ЗНАЧАЈНОГ РИЗИКА,NO SIGNIFICANT RISK,NONE,HIGH,18,2026-08-21T06:00:00+00:00,2026-08-22T00:00:00+00:00,STORMS,EXPERIMENTAL,DEVELOPMENTAL MULTIMODEL SIGNAL - NOT CALIBRATED PROBABILITY,PUBLIC OPEN-DATA SERVICES,INDEPENDENT PROJECT - NOT AN OFFICIAL RHMZ WARNING PRODUCT
71048,JAGODINA-GRAD,JAGODINA-GRAD,ЈАГОДИНА-ГРАД,0.0,0.0,0.0,0.0,0.0,14.50612498542636,58.72843360900879,10,48,2026-08-22T00:00:00Z,2026-08-20T00:00:00Z,0.0,0.0,0.0,49.4,0.0,8.6,10,0.0,0.0,10,0.0,0.0,11.4,0.0,0.0,0.0,0.0,0.0,0.0,0.0,3,0.0,0,0,0,0,GREEN,БЕЗ ЗНАЧАЈНОГ РИЗИКА,NO SIGNIFICANT RISK,HIGH,ECMWF ENS,ECMWF ENS | ICON-EU EPS | GEFS,0.0,3,0.0,0,0,0,0,GREEN,БЕЗ ЗНАЧАЈНОГ РИЗИКА,NO SIGNIFICANT RISK,HIGH,ECMWF ENS,ECMWF ENS | ICON-EU EPS | GEFS,0.0,3,0.0,0,0,0,0,GREEN,БЕЗ ЗНАЧАЈНОГ РИЗИКА,NO SIGNIFICANT RISK,HIGH,ECMWF ENS,ECMWF ENS | ICON-EU EPS | GEFS,0.0,3,0.0,0,0,0,0,GREEN,БЕЗ ЗНАЧАЈНОГ РИЗИКА,NO SIGNIFICANT RISK,HIGH,ECMWF ENS,ECMWF ENS | ICON-EU EPS | GEFS,0,GREEN,БЕЗ ЗНАЧАЈНОГ РИЗИКА,NO SIGNIFICANT RISK,NONE,HIGH,18,2026-08-21T06:00:00+00:00,2026-08-22T00:00:00+00:00,STORMS,EXPERIMENTAL,DEVELOPMENTAL MULTIMODEL SIGNAL - NOT CALIBRATED PROBABILITY,PUBLIC OPEN-DATA SERVICES,INDEPENDENT PROJECT - NOT AN OFFICIAL RHMZ WARNING PRODUCT
70769,LJIG,LJIG,ЉИГ,0.0,0.0,0.0,0.0,0.0,14.289737919006798,54.10000228881836,8,48,2026-08-22T00:00:00Z,2026-08-20T00:00:00Z,0.0,0.0,0.0,57.2,0.0,12.6,8,0.0,0.0,12,0.0,0.0,13.9,0.0,0.0,0.0,0.0,0.0,0.0,0.0,3,0.0,0,0,0,0,GREEN,БЕЗ ЗНАЧАЈНОГ РИЗИКА,NO SIGNIFICANT RISK,HIGH,ECMWF ENS,ECMWF ENS | ICON-EU EPS | GEFS,0.0,3,0.0,0,0,0,0,GREEN,БЕЗ ЗНАЧАЈНОГ РИЗИКА,NO SIGNIFICANT RISK,HIGH,ECMWF ENS,ECMWF ENS | ICON-EU EPS | GEFS,0.0,3,0.0,0,0,0,0,GREEN,БЕЗ ЗНАЧАЈНОГ РИЗИКА,NO SIGNIFICANT RISK,HIGH,ECMWF ENS,ECMWF ENS | ICON-EU EPS | GEFS,0.0,3,0.0,0,0,0,0,GREEN,БЕЗ ЗНАЧАЈНОГ РИЗИКА,NO SIGNIFICANT RISK,HIGH,ECMWF ENS,ECMWF ENS | ICON-EU EPS | GEFS,0,GREEN,БЕЗ ЗНАЧАЈНОГ РИЗИКА,NO SIGNIFICANT RISK,NONE,HIGH,18,2026-08-21T06:00:00+00:00,2026-08-22T00:00:00+00:00,STORMS,EXPERIMENTAL,DEVELOPMENTAL MULTIMODEL SIGNAL - NOT CALIBRATED PROBABILITY,PUBLIC OPEN-DATA SERVICES,INDEPENDENT PROJECT - NOT AN OFFICIAL RHMZ WARNING PRODUCT
70777,LJUBOVIJA,LJUBOVIJA,ЉУБОВИЈА,0.0,0.0,0.0,0.0,0.0,13.326014637309989,52.70000076293945,9,48,2026-08-22T00:00:00Z,2026-08-20T00:00:00Z,0.0,0.0,0.0,56.6,0.0,11.7,9,0.0,0.0,10,0.0,0.0,13.8,0.0,0.0,0.0,0.0,0.0,0.0,0.0,3,0.0,0,0,0,0,GREEN,БЕЗ ЗНАЧАЈНОГ РИЗИКА,NO SIGNIFICANT RISK,HIGH,ECMWF ENS,ECMWF ENS | ICON-EU EPS | GEFS,0.0,3,0.0,0,0,0,0,GREEN,БЕЗ ЗНАЧАЈНОГ РИЗИКА,NO SIGNIFICANT RISK,HIGH,ECMWF ENS,ECMWF ENS | ICON-EU EPS | GEFS,0.0,3,0.0,0,0,0,0,GREEN,БЕЗ ЗНАЧАЈНОГ РИЗИКА,NO SIGNIFICANT RISK,HIGH,ECMWF ENS,ECMWF ENS | ICON-EU EPS | GEFS,0.0,3,0.0,0,0,0,0,GREEN,БЕЗ ЗНАЧАЈНОГ РИЗИКА,NO SIGNIFICANT RISK,HIGH,ECMWF ENS,ECMWF ENS | ICON-EU EPS | GEFS,0,GREEN,БЕЗ ЗНАЧАЈНОГ РИЗИКА,NO SIGNIFICANT RISK,NONE,HIGH,18,2026-08-21T06:00:00+00:00,2026-08-22T00:00:00+00:00,STORMS,EXPERIMENTAL,DEVELOPMENTAL MULTIMODEL SIGNAL - NOT CALIBRATED PROBABILITY,PUBLIC OPEN-DATA SERVICES,INDEPENDENT PROJECT - NOT AN OFFICIAL RHMZ WARNING PRODUCT
71196,ĆIĆEVAC,ĆIĆEVAC,ЋИЋЕВАЦ,0.0,0.0,0.0,0.0,0.0,13.0808580717014,58.67500019073486,6,48,2026-08-22T00:00:00Z,2026-08-20T00:00:00Z,0.0,0.0,0.0,46.7,0.0,7.7,6,0.0,0.0,12,0.0,0.0,8.7,0.0,0.0,0.0,0.0,0.0,0.0,0.0,3,0.0,0,0,0,0,GREEN,БЕЗ ЗНАЧАЈНОГ РИЗИКА,NO SIGNIFICANT RISK,HIGH,ECMWF ENS,ECMWF ENS | ICON-EU EPS | GEFS,0.0,3,0.0,0,0,0,0,GREEN,БЕЗ ЗНАЧАЈНОГ РИЗИКА,NO SIGNIFICANT RISK,HIGH,ECMWF ENS,ECMWF ENS | ICON-EU EPS | GEFS,0.0,3,0.0,0,0,0,0,GREEN,БЕЗ ЗНАЧАЈНОГ РИЗИКА,NO SIGNIFICANT RISK,HIGH,ECMWF ENS,ECMWF ENS | ICON-EU EPS | GEFS,0.0,3,0.0,0,0,0,0,GREEN,БЕЗ ЗНАЧАЈНОГ РИЗИКА,NO SIGNIFICANT RISK,HIGH,ECMWF ENS,ECMWF ENS | ICON-EU EPS | GEFS,0,GREEN,БЕЗ ЗНАЧАЈНОГ РИЗИКА,NO SIGNIFICANT RISK,NONE,HIGH,18,2026-08-21T06:00:00+00:00,2026-08-22T00:00:00+00:00,STORMS,EXPERIMENTAL,DEVELOPMENTAL MULTIMODEL SIGNAL - NOT CALIBRATED PROBABILITY,PUBLIC OPEN-DATA SERVICES,INDEPENDENT PROJECT - NOT AN OFFICIAL RHMZ WARNING PRODUCT
71200,ĆUPRIJA,ĆUPRIJA,ЋУПРИЈА,0.0,0.0,0.0,0.0,0.0,14.015531253518406,59.305023193359375,8,48,2026-08-22T00:00:00Z,2026-08-20T00:00:00Z,0.0,0.0,0.0,48.0,0.0,8.3,8,0.0,0.0,10,0.0,0.0,9.6,0.0,0.0,0.0,0.0,0.0,0.0,0.0,3,0.0,0,0,0,0,GREEN,БЕЗ ЗНАЧАЈНОГ РИЗИКА,NO SIGNIFICANT RISK,HIGH,ECMWF ENS,ECMWF ENS | ICON-EU EPS | GEFS,0.0,3,0.0,0,0,0,0,GREEN,БЕЗ ЗНАЧАЈНОГ РИЗИКА,NO SIGNIFICANT RISK,HIGH,ECMWF ENS,ECMWF ENS | ICON-EU EPS | GEFS,0.0,3,0.0,0,0,0,0,GREEN,БЕЗ ЗНАЧАЈНОГ РИЗИКА,NO SIGNIFICANT RISK,HIGH,ECMWF ENS,ECMWF ENS | ICON-EU EPS | GEFS,0.0,3,0.0,0,0,0,0,GREEN,БЕЗ ЗНАЧАЈНОГ РИЗИКА,NO SIGNIFICANT RISK,HIGH,ECMWF ENS,ECMWF ENS | ICON-EU EPS | GEFS,0,GREEN,БЕЗ ЗНАЧАЈНОГ РИЗИКА,NO SIGNIFICANT RISK,NONE,HIGH,18,2026-08-21T06:00:00+00:00,2026-08-22T00:00:00+00:00,STORMS,EXPERIMENTAL,DEVELOPMENTAL MULTIMODEL SIGNAL - NOT CALIBRATED PROBABILITY,PUBLIC OPEN-DATA SERVICES,INDEPENDENT PROJECT - NOT AN OFFICIAL RHMZ WARNING PRODUCT
80012,ADA,ADA,АДА,0.0,0.0,0.0,0.0,12.0,14.433806210769314,61.25663757324219,6,48,2026-08-22T00:00:00Z,2026-08-20T00:00:00Z,0.0,0.0,450.8,68.4,0.0,9.3,6,0.0,0.0,11,93.6,0.0,14.2,0.0,0.0,0.0,0.0,0.0,0.0,0.0,3,0.0,0,0,0,0,GREEN,БЕЗ ЗНАЧАЈНОГ РИЗИКА,NO SIGNIFICANT RISK,HIGH,ECMWF ENS,ECMWF ENS | ICON-EU EPS | GEFS,0.0,3,0.0,0,0,0,0,GREEN,БЕЗ ЗНАЧАЈНОГ РИЗИКА,NO SIGNIFICANT RISK,HIGH,ECMWF ENS,ECMWF ENS | ICON-EU EPS | GEFS,0.0,3,0.0,0,0,0,0,GREEN,БЕЗ ЗНАЧАЈНОГ РИЗИКА,NO SIGNIFICANT RISK,HIGH,ECMWF ENS,ECMWF ENS | ICON-EU EPS | GEFS,0.0,3,0.0,0,0,0,0,GREEN,БЕЗ ЗНАЧАЈНОГ РИЗИКА,NO SIGNIFICANT RISK,HIGH,ECMWF ENS,ECMWF ENS | ICON-EU EPS | GEFS,0,GREEN,БЕЗ ЗНАЧАЈНОГ РИЗИКА,NO SIGNIFICANT RISK,NONE,HIGH,18,2026-08-21T06:00:00+00:00,2026-08-22T00:00:00+00:00,STORMS,EXPERIMENTAL,DEVELOPMENTAL MULTIMODEL SIGNAL - NOT CALIBRATED PROBABILITY,PUBLIC OPEN-DATA SERVICES,INDEPENDENT PROJECT - NOT AN OFFICIAL RHMZ WARNING PRODUCT
70017,ALEKSANDROVAC,ALEKSANDROVAC,АЛЕКСАНДРОВАЦ,0.0,0.0,0.0,0.0,0.0,12.554452823942098,58.17843246459961,11,48,2026-08-22T00:00:00Z,2026-08-20T00:00:00Z,0.0,0.0,0.0,44.9,0.0,7.5,11,0.0,0.0,12,0.0,0.0,7.9,0.0,0.0,0.0,0.0,0.0,0.0,0.0,3,0.0,0,0,0,0,GREEN,БЕЗ ЗНАЧАЈНОГ РИЗИКА,NO SIGNIFICANT RISK,HIGH,ECMWF ENS,ECMWF ENS | ICON-EU EPS | GEFS,0.0,3,0.0,0,0,0,0,GREEN,БЕЗ ЗНАЧАЈНОГ РИЗИКА,NO SIGNIFICANT RISK,HIGH,ECMWF ENS,ECMWF ENS | ICON-EU EPS | GEFS,0.0,3,0.0,0,0,0,0,GREEN,БЕЗ ЗНАЧАЈНОГ РИЗИКА,NO SIGNIFICANT RISK,HIGH,ECMWF ENS,ECMWF ENS | ICON-EU EPS | GEFS,0.0,3,0.0,0,0,0,0,GREEN,БЕЗ ЗНАЧАЈНОГ РИЗИКА,NO SIGNIFICANT RISK,HIGH,ECMWF ENS,ECMWF ENS | ICON-EU EPS | GEFS,0,GREEN,БЕЗ ЗНАЧАЈНОГ РИЗИКА,NO SIGNIFICANT RISK,NONE,HIGH,18,2026-08-21T06:00:00+00:00,2026-08-22T00:00:00+00:00,STORMS,EXPERIMENTAL,DEVELOPMENTAL MULTIMODEL SIGNAL - NOT CALIBRATED PROBABILITY,PUBLIC OPEN-DATA SERVICES,INDEPENDENT PROJECT - NOT AN OFFICIAL RHMZ WARNING PRODUCT
70025,ALEKSINAC,ALEKSINAC,АЛЕКСИНАЦ,0.0,0.0,0.0,0.0,0.0,13.0808580717014,59.46419334411621,11,48,2026-08-22T00:00:00Z,2026-08-20T00:00:00Z,0.0,0.0,1.5,48.7,0.0,8.0,11,0.0,0.0,10,0.0,0.0,6.9,0.0,0.0,0.0,0.0,0.0,0.0,0.0,3,0.0,0,0,0,0,GREEN,БЕЗ ЗНАЧАЈНОГ РИЗИКА,NO SIGNIFICANT RISK,HIGH,ECMWF ENS,ECMWF ENS | ICON-EU EPS | GEFS,0.0,3,0.0,0,0,0,0,GREEN,БЕЗ ЗНАЧАЈНОГ РИЗИКА,NO SIGNIFICANT RISK,HIGH,ECMWF ENS,ECMWF ENS | ICON-EU EPS | GEFS,0.0,3,0.0,0,0,0,0,GREEN,БЕЗ ЗНАЧАЈНОГ РИЗИКА,NO SIGNIFICANT RISK,HIGH,ECMWF ENS,ECMWF ENS | ICON-EU EPS | GEFS,0.0,3,0.0,0,0,0,0,GREEN,БЕЗ ЗНАЧАЈНОГ РИЗИКА,NO SIGNIFICANT RISK,HIGH,ECMWF ENS,ECMWF ENS | ICON-EU EPS | GEFS,0,GREEN,БЕЗ ЗНАЧАЈНОГ РИЗИКА,NO SIGNIFICANT RISK,NONE,HIGH,18,2026-08-21T06:00:00+00:00,2026-08-22T00:00:00+00:00,STORMS,EXPERIMENTAL,DEVELOPMENTAL MULTIMODEL SIGNAL - NOT CALIBRATED PROBABILITY,PUBLIC OPEN-DATA SERVICES,INDEPENDENT PROJECT - NOT AN OFFICIAL RHMZ WARNING PRODUCT
80039,ALIBUNAR,ALIBUNAR,АЛИБУНАР,0.0,0.0,0.0,0.0,0.0,14.023259230155992,59.606483459472656,9,48,2026-08-22T00:00:00Z,2026-08-20T00:00:00Z,0.0,0.0,0.0,58.8,0.0,12.1,9,0.0,0.0,12,0.0,0.0,12.1,0.0,0.0,0.0,0.0,0.0,0.0,0.0,3,0.0,0,0,0,0,GREEN,БЕЗ ЗНАЧАЈНОГ РИЗИКА,NO SIGNIFICANT RISK,HIGH,ECMWF ENS,ECMWF ENS | ICON-EU EPS | GEFS,0.0,3,0.0,0,0,0,0,GREEN,БЕЗ ЗНАЧАЈНОГ РИЗИКА,NO SIGNIFICANT RISK,HIGH,ECMWF ENS,ECMWF ENS | ICON-EU EPS | GEFS,0.0,3,0.0,0,0,0,0,GREEN,БЕЗ ЗНАЧАЈНОГ РИЗИКА,NO SIGNIFICANT RISK,HIGH,ECMWF ENS,ECMWF ENS | ICON-EU EPS | GEFS,0.0,3,0.0,0,0,0,0,GREEN,БЕЗ ЗНАЧАЈНОГ РИЗИКА,NO SIGNIFICANT RISK,HIGH,ECMWF ENS,ECMWF ENS | ICON-EU EPS | GEFS,0,GREEN,БЕЗ ЗНАЧАЈНОГ РИЗИКА,NO SIGNIFICANT RISK,NONE,HIGH,18,2026-08-21T06:00:00+00:00,2026-08-22T00:00:00+00:00,STORMS,EXPERIMENTAL,DEVELOPMENTAL MULTIMODEL SIGNAL - NOT CALIBRATED PROBABILITY,PUBLIC OPEN-DATA SERVICES,INDEPENDENT PROJECT - NOT AN OFFICIAL RHMZ WARNING PRODUCT
80047,APATIN,APATIN,АПАТИН,0.0,0.0,0.0,0.0,5.0,12.952855568984608,64.6758918762207,6,48,2026-08-22T00:00:00Z,2026-08-20T00:00:00Z,0.0,0.0,565.4,60.4,0.0,7.4,6,0.0,0.0,12,102.1,0.0,13.3,0.0,0.0,0.0,0.0,0.0,0.0,0.0,3,0.0,0,0,0,0,GREEN,БЕЗ ЗНАЧАЈНОГ РИЗИКА,NO SIGNIFICANT RISK,HIGH,ECMWF ENS,ECMWF ENS | ICON-EU EPS | GEFS,0.0,3,0.0,0,0,0,0,GREEN,БЕЗ ЗНАЧАЈНОГ РИЗИКА,NO SIGNIFICANT RISK,HIGH,ECMWF ENS,ECMWF ENS | ICON-EU EPS | GEFS,0.0,3,0.0,0,0,0,0,GREEN,БЕЗ ЗНАЧАЈНОГ РИЗИКА,NO SIGNIFICANT RISK,HIGH,ECMWF ENS,ECMWF ENS | ICON-EU EPS | GEFS,0.0,3,0.0,0,0,0,0,GREEN,БЕЗ ЗНАЧАЈНОГ РИЗИКА,NO SIGNIFICANT RISK,HIGH,ECMWF ENS,ECMWF ENS | ICON-EU EPS | GEFS,0,GREEN,БЕЗ ЗНАЧАЈНОГ РИЗИКА,NO SIGNIFICANT RISK,NONE,HIGH,18,2026-08-21T06:00:00+00:00,2026-08-22T00:00:00+00:00,STORMS,EXPERIMENTAL,DEVELOPMENTAL MULTIMODEL SIGNAL - NOT CALIBRATED PROBABILITY,PUBLIC OPEN-DATA SERVICES,INDEPENDENT PROJECT - NOT AN OFFICIAL RHMZ WARNING PRODUCT
70033,ARANĐELOVAC,ARANĐELOVAC,АРАНЂЕЛОВАЦ,0.0,0.0,0.0,0.0,0.0,14.41477352934792,56.59685134887695,7,48,2026-08-22T00:00:00Z,2026-08-20T00:00:00Z,0.0,0.0,0.0,57.2,0.0,12.6,7,0.0,0.0,13,0.0,0.0,13.1,0.0,0.0,0.0,0.0,0.0,0.0,0.0,3,0.0,0,0,0,0,GREEN,БЕЗ ЗНАЧАЈНОГ РИЗИКА,NO SIGNIFICANT RISK,HIGH,ECMWF ENS,ECMWF ENS | ICON-EU EPS | GEFS,0.0,3,0.0,0,0,0,0,GREEN,БЕЗ ЗНАЧАЈНОГ РИЗИКА,NO SIGNIFICANT RISK,HIGH,ECMWF ENS,ECMWF ENS | ICON-EU EPS | GEFS,0.0,3,0.0,0,0,0,0,GREEN,БЕЗ ЗНАЧАЈНОГ РИЗИКА,NO SIGNIFICANT RISK,HIGH,ECMWF ENS,ECMWF ENS | ICON-EU EPS | GEFS,0.0,3,0.0,0,0,0,0,GREEN,БЕЗ ЗНАЧАЈНОГ РИЗИКА,NO SIGNIFICANT RISK,HIGH,ECMWF ENS,ECMWF ENS | ICON-EU EPS | GEFS,0,GREEN,БЕЗ ЗНАЧАЈНОГ РИЗИКА,NO SIGNIFICANT RISK,NONE,HIGH,18,2026-08-21T06:00:00+00:00,2026-08-22T00:00:00+00:00,STORMS,EXPERIMENTAL,DEVELOPMENTAL MULTIMODEL SIGNAL - NOT CALIBRATED PROBABILITY,PUBLIC OPEN-DATA SERVICES,INDEPENDENT PROJECT - NOT AN OFFICIAL RHMZ WARNING PRODUCT
70041,ARILJE,ARILJE,АРИЉЕ,0.0,0.0,0.0,0.0,0.0,13.238333926944698,50.85684967041016,8,48,2026-08-22T00:00:00Z,2026-08-20T00:00:00Z,0.0,0.0,0.0,56.8,0.0,10.6,8,0.0,0.0,11,0.0,0.0,8.5,0.0,0.0,0.0,0.0,0.0,0.0,0.0,3,0.0,0,0,0,0,GREEN,БЕЗ ЗНАЧАЈНОГ РИЗИКА,NO SIGNIFICANT RISK,HIGH,ECMWF ENS,ECMWF ENS | ICON-EU EPS | GEFS,0.0,3,0.0,0,0,0,0,GREEN,БЕЗ ЗНАЧАЈНОГ РИЗИКА,NO SIGNIFICANT RISK,HIGH,ECMWF ENS,ECMWF ENS | ICON-EU EPS | GEFS,0.0,3,0.0,0,0,0,0,GREEN,БЕЗ ЗНАЧАЈНОГ РИЗИКА,NO SIGNIFICANT RISK,HIGH,ECMWF ENS,ECMWF ENS | ICON-EU EPS | GEFS,0.0,3,0.0,0,0,0,0,GREEN,БЕЗ ЗНАЧАЈНОГ РИЗИКА,NO SIGNIFICANT RISK,HIGH,ECMWF ENS,ECMWF ENS | ICON-EU EPS | GEFS,0,GREEN,БЕЗ ЗНАЧАЈНОГ РИЗИКА,NO SIGNIFICANT RISK,NONE,HIGH,18,2026-08-21T06:00:00+00:00,2026-08-22T00:00:00+00:00,STORMS,EXPERIMENTAL,DEVELOPMENTAL MULTIMODEL SIGNAL - NOT CALIBRATED PROBABILITY,PUBLIC OPEN-DATA SERVICES,INDEPENDENT PROJECT - NOT AN OFFICIAL RHMZ WARNING PRODUCT
70068,BAJINA BAŠTA,BAJINA BAŠTA,БАЈИНА БАШТА,0.0,0.0,0.0,0.0,0.0,13.238333926944698,48.35000038146973,10,48,2026-08-22T00:00:00Z,2026-08-20T00:00:00Z,0.0,0.0,0.0,56.0,0.0,11.8,10,0.0,0.0,11,0.0,0.0,10.2,0.0,0.0,0.0,0.0,0.0,0.0,0.0,3,0.0,0,0,0,0,GREEN,БЕЗ ЗНАЧАЈНОГ РИЗИКА,NO SIGNIFICANT RISK,HIGH,ECMWF ENS,ECMWF ENS | ICON-EU EPS | GEFS,0.0,3,0.0,0,0,0,0,GREEN,БЕЗ ЗНАЧАЈНОГ РИЗИКА,NO SIGNIFICANT RISK,HIGH,ECMWF ENS,ECMWF ENS | ICON-EU EPS | GEFS,0.0,3,0.0,0,0,0,0,GREEN,БЕЗ ЗНАЧАЈНОГ РИЗИКА,NO SIGNIFICANT RISK,HIGH,ECMWF ENS,ECMWF ENS | ICON-EU EPS | GEFS,0.0,3,0.0,0,0,0,0,GREEN,БЕЗ ЗНАЧАЈНОГ РИЗИКА,NO SIGNIFICANT RISK,HIGH,ECMWF ENS,ECMWF ENS | ICON-EU EPS | GEFS,0,GREEN,БЕЗ ЗНАЧАЈНОГ РИЗИКА,NO SIGNIFICANT RISK,NONE,HIGH,18,2026-08-21T06:00:00+00:00,2026-08-22T00:00:00+00:00,STORMS,EXPERIMENTAL,DEVELOPMENTAL MULTIMODEL SIGNAL - NOT CALIBRATED PROBABILITY,PUBLIC OPEN-DATA SERVICES,INDEPENDENT PROJECT - NOT AN OFFICIAL RHMZ WARNING PRODUCT
70050,BABUŠNICA,BABUŠNICA,БАБУШНИЦА,0.0,0.0,0.0,0.0,0.0,5.488889280872407,58.33073806762695,9,48,2026-08-22T00:00:00Z,2026-08-20T00:00:00Z,0.0,0.0,0.0,53.1,0.0,2.1,9,0.0,0.0,13,0.0,0.0,3.2,0.0,0.0,0.0,0.0,0.0,0.0,0.0,3,0.0,0,0,0,0,GREEN,БЕЗ ЗНАЧАЈНОГ РИЗИКА,NO SIGNIFICANT RISK,HIGH,ECMWF ENS,ECMWF ENS | ICON-EU EPS | GEFS,0.0,3,0.0,0,0,0,0,GREEN,БЕЗ ЗНАЧАЈНОГ РИЗИКА,NO SIGNIFICANT RISK,HIGH,ECMWF ENS,ECMWF ENS | ICON-EU EPS | GEFS,0.0,3,0.0,0,0,0,0,GREEN,БЕЗ ЗНАЧАЈНОГ РИЗИКА,NO SIGNIFICANT RISK,HIGH,ECMWF ENS,ECMWF ENS | ICON-EU EPS | GEFS,0.0,3,0.0,0,0,0,0,GREEN,БЕЗ ЗНАЧАЈНОГ РИЗИКА,NO SIGNIFICANT RISK,HIGH,ECMWF ENS,ECMWF ENS | ICON-EU EPS | GEFS,0,GREEN,БЕЗ ЗНАЧАЈНОГ РИЗИКА,NO SIGNIFICANT RISK,NONE,HIGH,18,2026-08-21T06:00:00+00:00,2026-08-22T00:00:00+00:00,STORMS,EXPERIMENTAL,DEVELOPMENTAL MULTIMODEL SIGNAL - NOT CALIBRATED PROBABILITY,PUBLIC OPEN-DATA SERVICES,INDEPENDENT PROJECT - NOT AN OFFICIAL RHMZ WARNING PRODUCT
70076,BATOČINA,BATOČINA,БАТОЧИНА,0.0,0.0,0.0,0.0,0.0,14.50612498542636,58.57185077667236,6,48,2026-08-22T00:00:00Z,2026-08-20T00:00:00Z,0.0,0.0,0.0,52.0,0.0,9.2,6,0.0,0.0,10,0.0,0.0,11.6,0.0,0.0,0.0,0.0,0.0,0.0,0.0,3,0.0,0,0,0,0,GREEN,БЕЗ ЗНАЧАЈНОГ РИЗИКА,NO SIGNIFICANT RISK,HIGH,ECMWF ENS,ECMWF ENS | ICON-EU EPS | GEFS,0.0,3,0.0,0,0,0,0,GREEN,БЕЗ ЗНАЧАЈНОГ РИЗИКА,NO SIGNIFICANT RISK,HIGH,ECMWF ENS,ECMWF ENS | ICON-EU EPS | GEFS,0.0,3,0.0,0,0,0,0,GREEN,БЕЗ ЗНАЧАЈНОГ РИЗИКА,NO SIGNIFICANT RISK,HIGH,ECMWF ENS,ECMWF ENS | ICON-EU EPS | GEFS,0.0,3,0.0,0,0,0,0,GREEN,БЕЗ ЗНАЧАЈНОГ РИЗИКА,NO SIGNIFICANT RISK,HIGH,ECMWF ENS,ECMWF ENS | ICON-EU EPS | GEFS,0,GREEN,БЕЗ ЗНАЧАЈНОГ РИЗИКА,NO SIGNIFICANT RISK,NONE,HIGH,18,2026-08-21T06:00:00+00:00,2026-08-22T00:00:00+00:00,STORMS,EXPERIMENTAL,DEVELOPMENTAL MULTIMODEL SIGNAL - NOT CALIBRATED PROBABILITY,PUBLIC OPEN-DATA SERVICES,INDEPENDENT PROJECT - NOT AN OFFICIAL RHMZ WARNING PRODUCT
80055,BAČ,BAČ,БАЧ,0.0,0.0,0.0,0.0,0.0,13.925656807342254,61.79999923706055,8,48,2026-08-22T00:00:00Z,2026-08-20T00:00:00Z,0.0,0.0,436.1,58.3,0.0,7.1,8,0.0,0.0,12,92.2,0.0,13.8,0.0,0.0,0.0,0.0,0.0,0.0,0.0,3,0.0,0,0,0,0,GREEN,БЕЗ ЗНАЧАЈНОГ РИЗИКА,NO SIGNIFICANT RISK,HIGH,ECMWF ENS,ECMWF ENS | ICON-EU EPS | GEFS,0.0,3,0.0,0,0,0,0,GREEN,БЕЗ ЗНАЧАЈНОГ РИЗИКА,NO SIGNIFICANT RISK,HIGH,ECMWF ENS,ECMWF ENS | ICON-EU EPS | GEFS,0.0,3,0.0,0,0,0,0,GREEN,БЕЗ ЗНАЧАЈНОГ РИЗИКА,NO SIGNIFICANT RISK,HIGH,ECMWF ENS,ECMWF ENS | ICON-EU EPS | GEFS,0.0,3,0.0,0,0,0,0,GREEN,БЕЗ ЗНАЧАЈНОГ РИЗИКА,NO SIGNIFICANT RISK,HIGH,ECMWF ENS,ECMWF ENS | ICON-EU EPS | GEFS,0,GREEN,БЕЗ ЗНАЧАЈНОГ РИЗИКА,NO SIGNIFICANT RISK,NONE,HIGH,18,2026-08-21T06:00:00+00:00,2026-08-22T00:00:00+00:00,STORMS,EXPERIMENTAL,DEVELOPMENTAL MULTIMODEL SIGNAL - NOT CALIBRATED PROBABILITY,PUBLIC OPEN-DATA SERVICES,INDEPENDENT PROJECT - NOT AN OFFICIAL RHMZ WARNING PRODUCT
80063,BAČKA PALANKA,BAČKA PALANKA,БАЧКА ПАЛАНКА,0.0,0.0,0.0,0.0,3.0,14.001860986977302,60.64999961853027,9,48,2026-08-22T00:00:00Z,2026-08-20T00:00:00Z,0.0,0.0,391.4,59.2,0.0,8.5,9,0.0,0.0,12,92.6,0.0,14.6,0.0,0.0,0.0,0.0,0.0,0.0,0.0,3,0.0,0,0,0,0,GREEN,БЕЗ ЗНАЧАЈНОГ РИЗИКА,NO SIGNIFICANT RISK,HIGH,ECMWF ENS,ECMWF ENS | ICON-EU EPS | GEFS,0.0,3,0.0,0,0,0,0,GREEN,БЕЗ ЗНАЧАЈНОГ РИЗИКА,NO SIGNIFICANT RISK,HIGH,ECMWF ENS,ECMWF ENS | ICON-EU EPS | GEFS,0.0,3,0.0,0,0,0,0,GREEN,БЕЗ ЗНАЧАЈНОГ РИЗИКА,NO SIGNIFICANT RISK,HIGH,ECMWF ENS,ECMWF ENS | ICON-EU EPS | GEFS,0.0,3,0.0,0,0,0,0,GREEN,БЕЗ ЗНАЧАЈНОГ РИЗИКА,NO SIGNIFICANT RISK,HIGH,ECMWF ENS,ECMWF ENS | ICON-EU EPS | GEFS,0,GREEN,БЕЗ ЗНАЧАЈНОГ РИЗИКА,NO SIGNIFICANT RISK,NONE,HIGH,18,2026-08-21T06:00:00+00:00,2026-08-22T00:00:00+00:00,STORMS,EXPERIMENTAL,DEVELOPMENTAL MULTIMODEL SIGNAL - NOT CALIBRATED PROBABILITY,PUBLIC OPEN-DATA SERVICES,INDEPENDENT PROJECT - NOT AN OFFICIAL RHMZ WARNING PRODUCT
80071,BAČKA TOPOLA,BAČKA TOPOLA,БАЧКА ТОПОЛА,0.0,0.0,0.0,0.0,12.0,14.863257183711765,62.82843399047852,8,48,2026-08-22T00:00:00Z,2026-08-20T00:00:00Z,0.0,0.0,612.8,60.8,0.0,8.0,8,0.0,0.0,10,166.1,0.0,13.9,0.0,0.0,0.0,0.0,0.0,0.0,0.0,3,0.0,0,0,0,0,GREEN,БЕЗ ЗНАЧАЈНОГ РИЗИКА,NO SIGNIFICANT RISK,HIGH,ECMWF ENS,ECMWF ENS | ICON-EU EPS | GEFS,0.0,3,0.0,0,0,0,0,GREEN,БЕЗ ЗНАЧАЈНОГ РИЗИКА,NO SIGNIFICANT RISK,HIGH,ECMWF ENS,ECMWF ENS | ICON-EU EPS | GEFS,0.0,3,0.0,0,0,0,0,GREEN,БЕЗ ЗНАЧАЈНОГ РИЗИКА,NO SIGNIFICANT RISK,HIGH,ECMWF ENS,ECMWF ENS | ICON-EU EPS | GEFS,0.0,3,0.0,0,0,0,0,GREEN,БЕЗ ЗНАЧАЈНОГ РИЗИКА,NO SIGNIFICANT RISK,HIGH,ECMWF ENS,ECMWF ENS | ICON-EU EPS | GEFS,0,GREEN,БЕЗ ЗНАЧАЈНОГ РИЗИКА,NO SIGNIFICANT RISK,NONE,HIGH,18,2026-08-21T06:00:00+00:00,2026-08-22T00:00:00+00:00,STORMS,EXPERIMENTAL,DEVELOPMENTAL MULTIMODEL SIGNAL - NOT CALIBRATED PROBABILITY,PUBLIC OPEN-DATA SERVICES,INDEPENDENT PROJECT - NOT AN OFFICIAL RHMZ WARNING PRODUCT
80080,BAČKI PETROVAC,BAČKI PETROVAC,БАЧКИ ПЕТРОВАЦ,0.0,0.0,0.0,0.0,3.0,13.98827104041397,59.980716705322266,6,48,2026-08-22T00:00:00Z,2026-08-20T00:00:00Z,0.0,0.0,391.4,59.2,0.0,8.5,6,0.0,0.0,10,84.9,0.0,14.5,0.0,0.0,0.0,0.0,0.0,0.0,0.0,3,0.0,0,0,0,0,GREEN,БЕЗ ЗНАЧАЈНОГ РИЗИКА,NO SIGNIFICANT RISK,HIGH,ECMWF ENS,ECMWF ENS | ICON-EU EPS | GEFS,0.0,3,0.0,0,0,0,0,GREEN,БЕЗ ЗНАЧАЈНОГ РИЗИКА,NO SIGNIFICANT RISK,HIGH,ECMWF ENS,ECMWF ENS | ICON-EU EPS | GEFS,0.0,3,0.0,0,0,0,0,GREEN,БЕЗ ЗНАЧАЈНОГ РИЗИКА,NO SIGNIFICANT RISK,HIGH,ECMWF ENS,ECMWF ENS | ICON-EU EPS | GEFS,0.0,3,0.0,0,0,0,0,GREEN,БЕЗ ЗНАЧАЈНОГ РИЗИКА,NO SIGNIFICANT RISK,HIGH,ECMWF ENS,ECMWF ENS | ICON-EU EPS | GEFS,0,GREEN,БЕЗ ЗНАЧАЈНОГ РИЗИКА,NO SIGNIFICANT RISK,NONE,HIGH,18,2026-08-21T06:00:00+00:00,2026-08-22T00:00:00+00:00,STORMS,EXPERIMENTAL,DEVELOPMENTAL MULTIMODEL SIGNAL - NOT CALIBRATED PROBABILITY,PUBLIC OPEN-DATA SERVICES,INDEPENDENT PROJECT - NOT AN OFFICIAL RHMZ WARNING PRODUCT
70084,BELA PALANKA,BELA PALANKA,БЕЛА ПАЛАНКА,0.0,0.0,0.0,0.0,0.0,8.65478832007511,59.400001525878906,10,48,2026-08-22T00:00:00Z,2026-08-20T00:00:00Z,0.0,0.0,0.0,52.7,0.0,3.8,10,0.0,0.0,11,0.0,0.0,3.7,0.0,0.0,0.0,0.0,0.0,0.0,0.0,3,0.0,0,0,0,0,GREEN,БЕЗ ЗНАЧАЈНОГ РИЗИКА,NO SIGNIFICANT RISK,HIGH,ECMWF ENS,ECMWF ENS | ICON-EU EPS | GEFS,0.0,3,0.0,0,0,0,0,GREEN,БЕЗ ЗНАЧАЈНОГ РИЗИКА,NO SIGNIFICANT RISK,HIGH,ECMWF ENS,ECMWF ENS | ICON-EU EPS | GEFS,0.0,3,0.0,0,0,0,0,GREEN,БЕЗ ЗНАЧАЈНОГ РИЗИКА,NO SIGNIFICANT RISK,HIGH,ECMWF ENS,ECMWF ENS | ICON-EU EPS | GEFS,0.0,3,0.0,0,0,0,0,GREEN,БЕЗ ЗНАЧАЈНОГ РИЗИКА,NO SIGNIFICANT RISK,HIGH,ECMWF ENS,ECMWF ENS | ICON-EU EPS | GEFS,0,GREEN,БЕЗ ЗНАЧАЈНОГ РИЗИКА,NO SIGNIFICANT RISK,NONE,HIGH,18,2026-08-21T06:00:00+00:00,2026-08-22T00:00:00+00:00,STORMS,EXPERIMENTAL,DEVELOPMENTAL MULTIMODEL SIGNAL - NOT CALIBRATED PROBABILITY,PUBLIC OPEN-DATA SERVICES,INDEPENDENT PROJECT - NOT AN OFFICIAL RHMZ WARNING PRODUCT
80098,BELA CRKVA,BELA CRKVA,БЕЛА ЦРКВА,0.0,0.0,0.0,0.0,0.0,14.023259230155992,60.75000095367432,8,48,2026-08-22T00:00:00Z,2026-08-20T00:00:00Z,0.0,0.0,0.1,56.5,0.0,8.9,8,0.0,0.0,10,0.0,0.0,10.3,0.0,0.0,0.0,0.0,0.0,0.0,0.0,3,0.0,0,0,0,0,GREEN,БЕЗ ЗНАЧАЈНОГ РИЗИКА,NO SIGNIFICANT RISK,HIGH,ECMWF ENS,ECMWF ENS | ICON-EU EPS | GEFS,0.0,3,0.0,0,0,0,0,GREEN,БЕЗ ЗНАЧАЈНОГ РИЗИКА,NO SIGNIFICANT RISK,HIGH,ECMWF ENS,ECMWF ENS | ICON-EU EPS | GEFS,0.0,3,0.0,0,0,0,0,GREEN,БЕЗ ЗНАЧАЈНОГ РИЗИКА,NO SIGNIFICANT RISK,HIGH,ECMWF ENS,ECMWF ENS | ICON-EU EPS | GEFS,0.0,3,0.0,0,0,0,0,GREEN,БЕЗ ЗНАЧАЈНОГ РИЗИКА,NO SIGNIFICANT RISK,HIGH,ECMWF ENS,ECMWF ENS | ICON-EU EPS | GEFS,0,GREEN,БЕЗ ЗНАЧАЈНОГ РИЗИКА,NO SIGNIFICANT RISK,NONE,HIGH,18,2026-08-21T06:00:00+00:00,2026-08-22T00:00:00+00:00,STORMS,EXPERIMENTAL,DEVELOPMENTAL MULTIMODEL SIGNAL - NOT CALIBRATED PROBABILITY,PUBLIC OPEN-DATA SERVICES,INDEPENDENT PROJECT - NOT AN OFFICIAL RHMZ WARNING PRODUCT
70092,BEOGRAD-BARAJEVO,BEOGRAD-BARAJEVO,БЕОГРАД-БАРАЈЕВО,0.0,0.0,0.0,0.0,0.0,14.41477352934792,56.59685134887695,7,48,2026-08-22T00:00:00Z,2026-08-20T00:00:00Z,0.0,0.0,0.0,58.4,0.0,12.0,7,0.0,0.0,12,0.0,0.0,13.9,0.0,0.0,0.0,0.0,0.0,0.0,0.0,3,0.0,0,0,0,0,GREEN,БЕЗ ЗНАЧАЈНОГ РИЗИКА,NO SIGNIFICANT RISK,HIGH,ECMWF ENS,ECMWF ENS | ICON-EU EPS | GEFS,0.0,3,0.0,0,0,0,0,GREEN,БЕЗ ЗНАЧАЈНОГ РИЗИКА,NO SIGNIFICANT RISK,HIGH,ECMWF ENS,ECMWF ENS | ICON-EU EPS | GEFS,0.0,3,0.0,0,0,0,0,GREEN,БЕЗ ЗНАЧАЈНОГ РИЗИКА,NO SIGNIFICANT RISK,HIGH,ECMWF ENS,ECMWF ENS | ICON-EU EPS | GEFS,0.0,3,0.0,0,0,0,0,GREEN,БЕЗ ЗНАЧАЈНОГ РИЗИКА,NO SIGNIFICANT RISK,HIGH,ECMWF ENS,ECMWF ENS | ICON-EU EPS | GEFS,0,GREEN,БЕЗ ЗНАЧАЈНОГ РИЗИКА,NO SIGNIFICANT RISK,NONE,HIGH,18,2026-08-21T06:00:00+00:00,2026-08-22T00:00:00+00:00,STORMS,EXPERIMENTAL,DEVELOPMENTAL MULTIMODEL SIGNAL - NOT CALIBRATED PROBABILITY,PUBLIC OPEN-DATA SERVICES,INDEPENDENT PROJECT - NOT AN OFFICIAL RHMZ WARNING PRODUCT
70106,BEOGRAD-VOŽDOVAC,BEOGRAD-VOŽDOVAC,БЕОГРАД-ВОЖДОВАЦ,0.0,0.0,0.0,0.0,0.0,14.41477352934792,56.980735778808594,7,48,2026-08-22T00:00:00Z,2026-08-20T00:00:00Z,0.0,0.0,0.0,55.8,0.0,11.8,7,0.0,0.0,10,0.2,0.0,12.5,0.0,0.0,0.0,0.0,0.0,0.0,0.0,3,0.0,0,0,0,0,GREEN,БЕЗ ЗНАЧАЈНОГ РИЗИКА,NO SIGNIFICANT RISK,HIGH,ECMWF ENS,ECMWF ENS | ICON-EU EPS | GEFS,0.0,3,0.0,0,0,0,0,GREEN,БЕЗ ЗНАЧАЈНОГ РИЗИКА,NO SIGNIFICANT RISK,HIGH,ECMWF ENS,ECMWF ENS | ICON-EU EPS | GEFS,0.0,3,0.0,0,0,0,0,GREEN,БЕЗ ЗНАЧАЈНОГ РИЗИКА,NO SIGNIFICANT RISK,HIGH,ECMWF ENS,ECMWF ENS | ICON-EU EPS | GEFS,0.0,3,0.0,0,0,0,0,GREEN,БЕЗ ЗНАЧАЈНОГ РИЗИКА,NO SIGNIFICANT RISK,HIGH,ECMWF ENS,ECMWF ENS | ICON-EU EPS | GEFS,0,GREEN,БЕЗ ЗНАЧАЈНОГ РИЗИКА,NO SIGNIFICANT RISK,NONE,HIGH,18,2026-08-21T06:00:00+00:00,2026-08-22T00:00:00+00:00,STORMS,EXPERIMENTAL,DEVELOPMENTAL MULTIMODEL SIGNAL - NOT CALIBRATED PROBABILITY,PUBLIC OPEN-DATA SERVICES,INDEPENDENT PROJECT - NOT AN OFFICIAL RHMZ WARNING PRODUCT
70114,BEOGRAD-VRAČAR,BEOGRAD-VRAČAR,БЕОГРАД-ВРАЧАР,0.0,0.0,0.0,0.0,0.0,14.097750368849718,56.980735778808594,4,48,2026-08-22T00:00:00Z,2026-08-20T00:00:00Z,0.0,0.0,0.0,55.8,0.0,11.8,4,0.0,0.0,11,0.2,0.0,13.5,0.0,0.0,0.0,0.0,0.0,0.0,0.0,3,0.0,0,0,0,0,GREEN,БЕЗ ЗНАЧАЈНОГ РИЗИКА,NO SIGNIFICANT RISK,HIGH,ECMWF ENS,ECMWF ENS | ICON-EU EPS | GEFS,0.0,3,0.0,0,0,0,0,GREEN,БЕЗ ЗНАЧАЈНОГ РИЗИКА,NO SIGNIFICANT RISK,HIGH,ECMWF ENS,ECMWF ENS | ICON-EU EPS | GEFS,0.0,3,0.0,0,0,0,0,GREEN,БЕЗ ЗНАЧАЈНОГ РИЗИКА,NO SIGNIFICANT RISK,HIGH,ECMWF ENS,ECMWF ENS | ICON-EU EPS | GEFS,0.0,3,0.0,0,0,0,0,GREEN,БЕЗ ЗНАЧАЈНОГ РИЗИКА,NO SIGNIFICANT RISK,HIGH,ECMWF ENS,ECMWF ENS | ICON-EU EPS | GEFS,0,GREEN,БЕЗ ЗНАЧАЈНОГ РИЗИКА,NO SIGNIFICANT RISK,NONE,HIGH,18,2026-08-21T06:00:00+00:00,2026-08-22T00:00:00+00:00,STORMS,EXPERIMENTAL,DEVELOPMENTAL MULTIMODEL SIGNAL - NOT CALIBRATED PROBABILITY,PUBLIC OPEN-DATA SERVICES,INDEPENDENT PROJECT - NOT AN OFFICIAL RHMZ WARNING PRODUCT
70122,BEOGRAD-GROCKA,BEOGRAD-GROCKA,БЕОГРАД-ГРОЦКА,0.0,0.0,0.0,0.0,0.0,14.641305761565524,59.150001525878906,9,48,2026-08-22T00:00:00Z,2026-08-20T00:00:00Z,0.0,0.0,0.0,55.8,0.0,11.8,9,0.0,0.0,10,0.2,0.0,12.3,0.0,0.0,0.0,0.0,0.0,0.0,0.0,3,0.0,0,0,0,0,GREEN,БЕЗ ЗНАЧАЈНОГ РИЗИКА,NO SIGNIFICANT RISK,HIGH,ECMWF ENS,ECMWF ENS | ICON-EU EPS | GEFS,0.0,3,0.0,0,0,0,0,GREEN,БЕЗ ЗНАЧАЈНОГ РИЗИКА,NO SIGNIFICANT RISK,HIGH,ECMWF ENS,ECMWF ENS | ICON-EU EPS | GEFS,0.0,3,0.0,0,0,0,0,GREEN,БЕЗ ЗНАЧАЈНОГ РИЗИКА,NO SIGNIFICANT RISK,HIGH,ECMWF ENS,ECMWF ENS | ICON-EU EPS | GEFS,0.0,3,0.0,0,0,0,0,GREEN,БЕЗ ЗНАЧАЈНОГ РИЗИКА,NO SIGNIFICANT RISK,HIGH,ECMWF ENS,ECMWF ENS | ICON-EU EPS | GEFS,0,GREEN,БЕЗ ЗНАЧАЈНОГ РИЗИКА,NO SIGNIFICANT RISK,NONE,HIGH,18,2026-08-21T06:00:00+00:00,2026-08-22T00:00:00+00:00,STORMS,EXPERIMENTAL,DEVELOPMENTAL MULTIMODEL SIGNAL - NOT CALIBRATED PROBABILITY,PUBLIC OPEN-DATA SERVICES,INDEPENDENT PROJECT - NOT AN OFFICIAL RHMZ WARNING PRODUCT
70149,BEOGRAD-ZVEZDARA,BEOGRAD-ZVEZDARA,БЕОГРАД-ЗВЕЗДАРА,0.0,0.0,0.0,0.0,0.0,14.097750368849718,56.980735778808594,4,48,2026-08-22T00:00:00Z,2026-08-20T00:00:00Z,0.0,0.0,0.0,55.8,0.0,11.8,4,0.0,0.0,10,0.2,0.0,13.3,0.0,0.0,0.0,0.0,0.0,0.0,0.0,3,0.0,0,0,0,0,GREEN,БЕЗ ЗНАЧАЈНОГ РИЗИКА,NO SIGNIFICANT RISK,HIGH,ECMWF ENS,ECMWF ENS | ICON-EU EPS | GEFS,0.0,3,0.0,0,0,0,0,GREEN,БЕЗ ЗНАЧАЈНОГ РИЗИКА,NO SIGNIFICANT RISK,HIGH,ECMWF ENS,ECMWF ENS | ICON-EU EPS | GEFS,0.0,3,0.0,0,0,0,0,GREEN,БЕЗ ЗНАЧАЈНОГ РИЗИКА,NO SIGNIFICANT RISK,HIGH,ECMWF ENS,ECMWF ENS | ICON-EU EPS | GEFS,0.0,3,0.0,0,0,0,0,GREEN,БЕЗ ЗНАЧАЈНОГ РИЗИКА,NO SIGNIFICANT RISK,HIGH,ECMWF ENS,ECMWF ENS | ICON-EU EPS | GEFS,0,GREEN,БЕЗ ЗНАЧАЈНОГ РИЗИКА,NO SIGNIFICANT RISK,NONE,HIGH,18,2026-08-21T06:00:00+00:00,2026-08-22T00:00:00+00:00,STORMS,EXPERIMENTAL,DEVELOPMENTAL MULTIMODEL SIGNAL - NOT CALIBRATED PROBABILITY,PUBLIC OPEN-DATA SERVICES,INDEPENDENT PROJECT - NOT AN OFFICIAL RHMZ WARNING PRODUCT
70157,BEOGRAD-ZEMUN,BEOGRAD-ZEMUN,БЕОГРАД-ЗЕМУН,0.0,0.0,0.0,0.0,0.0,14.097750368849718,56.980735778808594,6,48,2026-08-22T00:00:00Z,2026-08-20T00:00:00Z,0.0,0.0,0.0,61.8,0.0,12.4,6,0.0,0.0,13,0.1,0.0,15.1,0.0,0.0,0.0,0.0,0.0,0.0,0.0,3,0.0,0,0,0,0,GREEN,БЕЗ ЗНАЧАЈНОГ РИЗИКА,NO SIGNIFICANT RISK,HIGH,ECMWF ENS,ECMWF ENS | ICON-EU EPS | GEFS,0.0,3,0.0,0,0,0,0,GREEN,БЕЗ ЗНАЧАЈНОГ РИЗИКА,NO SIGNIFICANT RISK,HIGH,ECMWF ENS,ECMWF ENS | ICON-EU EPS | GEFS,0.0,3,0.0,0,0,0,0,GREEN,БЕЗ ЗНАЧАЈНОГ РИЗИКА,NO SIGNIFICANT RISK,HIGH,ECMWF ENS,ECMWF ENS | ICON-EU EPS | GEFS,0.0,3,0.0,0,0,0,0,GREEN,БЕЗ ЗНАЧАЈНОГ РИЗИКА,NO SIGNIFICANT RISK,HIGH,ECMWF ENS,ECMWF ENS | ICON-EU EPS | GEFS,0,GREEN,БЕЗ ЗНАЧАЈНОГ РИЗИКА,NO SIGNIFICANT RISK,NONE,HIGH,18,2026-08-21T06:00:00+00:00,2026-08-22T00:00:00+00:00,STORMS,EXPERIMENTAL,DEVELOPMENTAL MULTIMODEL SIGNAL - NOT CALIBRATED PROBABILITY,PUBLIC OPEN-DATA SERVICES,INDEPENDENT PROJECT - NOT AN OFFICIAL RHMZ WARNING PRODUCT
70165,BEOGRAD-LAZAREVAC,BEOGRAD-LAZAREVAC,БЕОГРАД-ЛАЗАРЕВАЦ,0.0,0.0,0.0,0.0,0.0,14.289737919006798,54.10000228881836,7,48,2026-08-22T00:00:00Z,2026-08-20T00:00:00Z,0.0,0.0,0.0,58.4,0.0,12.0,7,0.0,0.0,10,0.0,0.0,14.5,0.0,0.0,0.0,0.0,0.0,0.0,0.0,3,0.0,0,0,0,0,GREEN,БЕЗ ЗНАЧАЈНОГ РИЗИКА,NO SIGNIFICANT RISK,HIGH,ECMWF ENS,ECMWF ENS | ICON-EU EPS | GEFS,0.0,3,0.0,0,0,0,0,GREEN,БЕЗ ЗНАЧАЈНОГ РИЗИКА,NO SIGNIFICANT RISK,HIGH,ECMWF ENS,ECMWF ENS | ICON-EU EPS | GEFS,0.0,3,0.0,0,0,0,0,GREEN,БЕЗ ЗНАЧАЈНОГ РИЗИКА,NO SIGNIFICANT RISK,HIGH,ECMWF ENS,ECMWF ENS | ICON-EU EPS | GEFS,0.0,3,0.0,0,0,0,0,GREEN,БЕЗ ЗНАЧАЈНОГ РИЗИКА,NO SIGNIFICANT RISK,HIGH,ECMWF ENS,ECMWF ENS | ICON-EU EPS | GEFS,0,GREEN,БЕЗ ЗНАЧАЈНОГ РИЗИКА,NO SIGNIFICANT RISK,NONE,HIGH,18,2026-08-21T06:00:00+00:00,2026-08-22T00:00:00+00:00,STORMS,EXPERIMENTAL,DEVELOPMENTAL MULTIMODEL SIGNAL - NOT CALIBRATED PROBABILITY,PUBLIC OPEN-DATA SERVICES,INDEPENDENT PROJECT - NOT AN OFFICIAL RHMZ WARNING PRODUCT
70173,BEOGRAD-MLADENOVAC,BEOGRAD-MLADENOVAC,БЕОГРАД-МЛАДЕНОВАЦ,0.0,0.0,0.0,0.0,0.0,14.641305761565524,57.1468505859375,9,48,2026-08-22T00:00:00Z,2026-08-20T00:00:00Z,0.0,0.0,0.0,54.3,0.0,11.3,9,0.0,0.0,12,0.0,0.0,12.7,0.0,0.0,0.0,0.0,0.0,0.0,0.0,3,0.0,0,0,0,0,GREEN,БЕЗ ЗНАЧАЈНОГ РИЗИКА,NO SIGNIFICANT RISK,HIGH,ECMWF ENS,ECMWF ENS | ICON-EU EPS | GEFS,0.0,3,0.0,0,0,0,0,GREEN,БЕЗ ЗНАЧАЈНОГ РИЗИКА,NO SIGNIFICANT RISK,HIGH,ECMWF ENS,ECMWF ENS | ICON-EU EPS | GEFS,0.0,3,0.0,0,0,0,0,GREEN,БЕЗ ЗНАЧАЈНОГ РИЗИКА,NO SIGNIFICANT RISK,HIGH,ECMWF ENS,ECMWF ENS | ICON-EU EPS | GEFS,0.0,3,0.0,0,0,0,0,GREEN,БЕЗ ЗНАЧАЈНОГ РИЗИКА,NO SIGNIFICANT RISK,HIGH,ECMWF ENS,ECMWF ENS | ICON-EU EPS | GEFS,0,GREEN,БЕЗ ЗНАЧАЈНОГ РИЗИКА,NO SIGNIFICANT RISK,NONE,HIGH,18,2026-08-21T06:00:00+00:00,2026-08-22T00:00:00+00:00,STORMS,EXPERIMENTAL,DEVELOPMENTAL MULTIMODEL SIGNAL - NOT CALIBRATED PROBABILITY,PUBLIC OPEN-DATA SERVICES,INDEPENDENT PROJECT - NOT AN OFFICIAL RHMZ WARNING PRODUCT
70181,BEOGRAD-NOVI BEOGRAD,BEOGRAD-NOVI BEOGRAD,БЕОГРАД-НОВИ БЕОГРАД,0.0,0.0,0.0,0.0,0.0,14.097750368849718,56.980735778808594,5,48,2026-08-22T00:00:00Z,2026-08-20T00:00:00Z,0.0,0.0,0.0,59.2,0.0,12.5,5,0.0,0.0,13,0.2,0.0,14.6,0.0,0.0,0.0,0.0,0.0,0.0,0.0,3,0.0,0,0,0,0,GREEN,БЕЗ ЗНАЧАЈНОГ РИЗИКА,NO SIGNIFICANT RISK,HIGH,ECMWF ENS,ECMWF ENS | ICON-EU EPS | GEFS,0.0,3,0.0,0,0,0,0,GREEN,БЕЗ ЗНАЧАЈНОГ РИЗИКА,NO SIGNIFICANT RISK,HIGH,ECMWF ENS,ECMWF ENS | ICON-EU EPS | GEFS,0.0,3,0.0,0,0,0,0,GREEN,БЕЗ ЗНАЧАЈНОГ РИЗИКА,NO SIGNIFICANT RISK,HIGH,ECMWF ENS,ECMWF ENS | ICON-EU EPS | GEFS,0.0,3,0.0,0,0,0,0,GREEN,БЕЗ ЗНАЧАЈНОГ РИЗИКА,NO SIGNIFICANT RISK,HIGH,ECMWF ENS,ECMWF ENS | ICON-EU EPS | GEFS,0,GREEN,БЕЗ ЗНАЧАЈНОГ РИЗИКА,NO SIGNIFICANT RISK,NONE,HIGH,18,2026-08-21T06:00:00+00:00,2026-08-22T00:00:00+00:00,STORMS,EXPERIMENTAL,DEVELOPMENTAL MULTIMODEL SIGNAL - NOT CALIBRATED PROBABILITY,PUBLIC OPEN-DATA SERVICES,INDEPENDENT PROJECT - NOT AN OFFICIAL RHMZ WARNING PRODUCT
70190,BEOGRAD-OBRENOVAC,BEOGRAD-OBRENOVAC,БЕОГРАД-ОБРЕНОВАЦ,0.0,0.0,0.0,0.0,0.0,14.289737919006798,55.35000038146973,8,48,2026-08-22T00:00:00Z,2026-08-20T00:00:00Z,0.0,0.0,0.0,61.7,0.0,13.6,8,0.0,0.0,12,0.0,0.0,15.7,0.0,0.0,0.0,0.0,0.0,0.0,0.0,3,0.0,0,0,0,0,GREEN,БЕЗ ЗНАЧАЈНОГ РИЗИКА,NO SIGNIFICANT RISK,HIGH,ECMWF ENS,ECMWF ENS | ICON-EU EPS | GEFS,0.0,3,0.0,0,0,0,0,GREEN,БЕЗ ЗНАЧАЈНОГ РИЗИКА,NO SIGNIFICANT RISK,HIGH,ECMWF ENS,ECMWF ENS | ICON-EU EPS | GEFS,0.0,3,0.0,0,0,0,0,GREEN,БЕЗ ЗНАЧАЈНОГ РИЗИКА,NO SIGNIFICANT RISK,HIGH,ECMWF ENS,ECMWF ENS | ICON-EU EPS | GEFS,0.0,3,0.0,0,0,0,0,GREEN,БЕЗ ЗНАЧАЈНОГ РИЗИКА,NO SIGNIFICANT RISK,HIGH,ECMWF ENS,ECMWF ENS | ICON-EU EPS | GEFS,0,GREEN,БЕЗ ЗНАЧАЈНОГ РИЗИКА,NO SIGNIFICANT RISK,NONE,HIGH,18,2026-08-21T06:00:00+00:00,2026-08-22T00:00:00+00:00,STORMS,EXPERIMENTAL,DEVELOPMENTAL MULTIMODEL SIGNAL - NOT CALIBRATED PROBABILITY,PUBLIC OPEN-DATA SERVICES,INDEPENDENT PROJECT - NOT AN OFFICIAL RHMZ WARNING PRODUCT
70203,BEOGRAD-PALILULA,BEOGRAD-PALILULA,БЕОГРАД-ПАЛИЛУЛА,0.0,0.0,0.0,0.0,0.0,14.097750368849718,58.44999885559082,9,48,2026-08-22T00:00:00Z,2026-08-20T00:00:00Z,0.0,0.0,0.0,61.9,0.0,12.9,9,0.0,0.0,10,0.3,0.0,14.0,0.0,0.0,0.0,0.0,0.0,0.0,0.0,3,0.0,0,0,0,0,GREEN,БЕЗ ЗНАЧАЈНОГ РИЗИКА,NO SIGNIFICANT RISK,HIGH,ECMWF ENS,ECMWF ENS | ICON-EU EPS | GEFS,0.0,3,0.0,0,0,0,0,GREEN,БЕЗ ЗНАЧАЈНОГ РИЗИКА,NO SIGNIFICANT RISK,HIGH,ECMWF ENS,ECMWF ENS | ICON-EU EPS | GEFS,0.0,3,0.0,0,0,0,0,GREEN,БЕЗ ЗНАЧАЈНОГ РИЗИКА,NO SIGNIFICANT RISK,HIGH,ECMWF ENS,ECMWF ENS | ICON-EU EPS | GEFS,0.0,3,0.0,0,0,0,0,GREEN,БЕЗ ЗНАЧАЈНОГ РИЗИКА,NO SIGNIFICANT RISK,HIGH,ECMWF ENS,ECMWF ENS | ICON-EU EPS | GEFS,0,GREEN,БЕЗ ЗНАЧАЈНОГ РИЗИКА,NO SIGNIFICANT RISK,NONE,HIGH,18,2026-08-21T06:00:00+00:00,2026-08-22T00:00:00+00:00,STORMS,EXPERIMENTAL,DEVELOPMENTAL MULTIMODEL SIGNAL - NOT CALIBRATED PROBABILITY,PUBLIC OPEN-DATA SERVICES,INDEPENDENT PROJECT - NOT AN OFFICIAL RHMZ WARNING PRODUCT
70211,BEOGRAD-RAKOVICA,BEOGRAD-RAKOVICA,БЕОГРАД-РАКОВИЦА,0.0,0.0,0.0,0.0,0.0,14.289737919006798,56.24999904632568,4,48,2026-08-22T00:00:00Z,2026-08-20T00:00:00Z,0.0,0.0,0.0,58.4,0.0,12.0,4,0.0,0.0,10,0.2,0.0,13.7,0.0,0.0,0.0,0.0,0.0,0.0,0.0,3,0.0,0,0,0,0,GREEN,БЕЗ ЗНАЧАЈНОГ РИЗИКА,NO SIGNIFICANT RISK,HIGH,ECMWF ENS,ECMWF ENS | ICON-EU EPS | GEFS,0.0,3,0.0,0,0,0,0,GREEN,БЕЗ ЗНАЧАЈНОГ РИЗИКА,NO SIGNIFICANT RISK,HIGH,ECMWF ENS,ECMWF ENS | ICON-EU EPS | GEFS,0.0,3,0.0,0,0,0,0,GREEN,БЕЗ ЗНАЧАЈНОГ РИЗИКА,NO SIGNIFICANT RISK,HIGH,ECMWF ENS,ECMWF ENS | ICON-EU EPS | GEFS,0.0,3,0.0,0,0,0,0,GREEN,БЕЗ ЗНАЧАЈНОГ РИЗИКА,NO SIGNIFICANT RISK,HIGH,ECMWF ENS,ECMWF ENS | ICON-EU EPS | GEFS,0,GREEN,БЕЗ ЗНАЧАЈНОГ РИЗИКА,NO SIGNIFICANT RISK,NONE,HIGH,18,2026-08-21T06:00:00+00:00,2026-08-22T00:00:00+00:00,STORMS,EXPERIMENTAL,DEVELOPMENTAL MULTIMODEL SIGNAL - NOT CALIBRATED PROBABILITY,PUBLIC OPEN-DATA SERVICES,INDEPENDENT PROJECT - NOT AN OFFICIAL RHMZ WARNING PRODUCT
70220,BEOGRAD-SAVSKI VENAC,BEOGRAD-SAVSKI VENAC,БЕОГРАД-САВСКИ ВЕНАЦ,0.0,0.0,0.0,0.0,0.0,14.097750368849718,56.980735778808594,4,48,2026-08-22T00:00:00Z,2026-08-20T00:00:00Z,0.0,0.0,0.0,55.8,0.0,11.8,4,0.0,0.0,9,0.2,0.0,13.7,0.0,0.0,0.0,0.0,0.0,0.0,0.0,3,0.0,0,0,0,0,GREEN,БЕЗ ЗНАЧАЈНОГ РИЗИКА,NO SIGNIFICANT RISK,HIGH,ECMWF ENS,ECMWF ENS | ICON-EU EPS | GEFS,0.0,3,0.0,0,0,0,0,GREEN,БЕЗ ЗНАЧАЈНОГ РИЗИКА,NO SIGNIFICANT RISK,HIGH,ECMWF ENS,ECMWF ENS | ICON-EU EPS | GEFS,0.0,3,0.0,0,0,0,0,GREEN,БЕЗ ЗНАЧАЈНОГ РИЗИКА,NO SIGNIFICANT RISK,HIGH,ECMWF ENS,ECMWF ENS | ICON-EU EPS | GEFS,0.0,3,0.0,0,0,0,0,GREEN,БЕЗ ЗНАЧАЈНОГ РИЗИКА,NO SIGNIFICANT RISK,HIGH,ECMWF ENS,ECMWF ENS | ICON-EU EPS | GEFS,0,GREEN,БЕЗ ЗНАЧАЈНОГ РИЗИКА,NO SIGNIFICANT RISK,NONE,HIGH,18,2026-08-21T06:00:00+00:00,2026-08-22T00:00:00+00:00,STORMS,EXPERIMENTAL,DEVELOPMENTAL MULTIMODEL SIGNAL - NOT CALIBRATED PROBABILITY,PUBLIC OPEN-DATA SERVICES,INDEPENDENT PROJECT - NOT AN OFFICIAL RHMZ WARNING PRODUCT
70238,BEOGRAD-SOPOT,BEOGRAD-SOPOT,БЕОГРАД-СОПОТ,0.0,0.0,0.0,0.0,0.0,14.41477352934792,56.59685134887695,7,48,2026-08-22T00:00:00Z,2026-08-20T00:00:00Z,0.0,0.0,0.0,54.3,0.0,11.3,7,0.0,0.0,11,0.0,0.0,13.4,0.0,0.0,0.0,0.0,0.0,0.0,0.0,3,0.0,0,0,0,0,GREEN,БЕЗ ЗНАЧАЈНОГ РИЗИКА,NO SIGNIFICANT RISK,HIGH,ECMWF ENS,ECMWF ENS | ICON-EU EPS | GEFS,0.0,3,0.0,0,0,0,0,GREEN,БЕЗ ЗНАЧАЈНОГ РИЗИКА,NO SIGNIFICANT RISK,HIGH,ECMWF ENS,ECMWF ENS | ICON-EU EPS | GEFS,0.0,3,0.0,0,0,0,0,GREEN,БЕЗ ЗНАЧАЈНОГ РИЗИКА,NO SIGNIFICANT RISK,HIGH,ECMWF ENS,ECMWF ENS | ICON-EU EPS | GEFS,0.0,3,0.0,0,0,0,0,GREEN,БЕЗ ЗНАЧАЈНОГ РИЗИКА,NO SIGNIFICANT RISK,HIGH,ECMWF ENS,ECMWF ENS | ICON-EU EPS | GEFS,0,GREEN,БЕЗ ЗНАЧАЈНОГ РИЗИКА,NO SIGNIFICANT RISK,NONE,HIGH,18,2026-08-21T06:00:00+00:00,2026-08-22T00:00:00+00:00,STORMS,EXPERIMENTAL,DEVELOPMENTAL MULTIMODEL SIGNAL - NOT CALIBRATED PROBABILITY,PUBLIC OPEN-DATA SERVICES,INDEPENDENT PROJECT - NOT AN OFFICIAL RHMZ WARNING PRODUCT
70246,BEOGRAD-STARI GRAD,BEOGRAD-STARI GRAD,БЕОГРАД-СТАРИ ГРАД,0.0,0.0,0.0,0.0,0.0,14.097750368849718,56.980735778808594,5,48,2026-08-22T00:00:00Z,2026-08-20T00:00:00Z,0.0,0.0,0.0,59.2,0.0,12.5,5,0.0,0.0,10,0.2,0.0,13.5,0.0,0.0,0.0,0.0,0.0,0.0,0.0,3,0.0,0,0,0,0,GREEN,БЕЗ ЗНАЧАЈНОГ РИЗИКА,NO SIGNIFICANT RISK,HIGH,ECMWF ENS,ECMWF ENS | ICON-EU EPS | GEFS,0.0,3,0.0,0,0,0,0,GREEN,БЕЗ ЗНАЧАЈНОГ РИЗИКА,NO SIGNIFICANT RISK,HIGH,ECMWF ENS,ECMWF ENS | ICON-EU EPS | GEFS,0.0,3,0.0,0,0,0,0,GREEN,БЕЗ ЗНАЧАЈНОГ РИЗИКА,NO SIGNIFICANT RISK,HIGH,ECMWF ENS,ECMWF ENS | ICON-EU EPS | GEFS,0.0,3,0.0,0,0,0,0,GREEN,БЕЗ ЗНАЧАЈНОГ РИЗИКА,NO SIGNIFICANT RISK,HIGH,ECMWF ENS,ECMWF ENS | ICON-EU EPS | GEFS,0,GREEN,БЕЗ ЗНАЧАЈНОГ РИЗИКА,NO SIGNIFICANT RISK,NONE,HIGH,18,2026-08-21T06:00:00+00:00,2026-08-22T00:00:00+00:00,STORMS,EXPERIMENTAL,DEVELOPMENTAL MULTIMODEL SIGNAL - NOT CALIBRATED PROBABILITY,PUBLIC OPEN-DATA SERVICES,INDEPENDENT PROJECT - NOT AN OFFICIAL RHMZ WARNING PRODUCT
71293,BEOGRAD-SURČIN,BEOGRAD-SURČIN,БЕОГРАД-СУРЧИН,0.0,0.0,0.0,0.0,0.0,14.289737919006798,56.980735778808594,9,48,2026-08-22T00:00:00Z,2026-08-20T00:00:00Z,0.0,0.0,0.0,61.8,0.0,12.4,9,0.0,0.0,10,0.0,0.0,15.5,0.0,0.0,0.0,0.0,0.0,0.0,0.0,3,0.0,0,0,0,0,GREEN,БЕЗ ЗНАЧАЈНОГ РИЗИКА,NO SIGNIFICANT RISK,HIGH,ECMWF ENS,ECMWF ENS | ICON-EU EPS | GEFS,0.0,3,0.0,0,0,0,0,GREEN,БЕЗ ЗНАЧАЈНОГ РИЗИКА,NO SIGNIFICANT RISK,HIGH,ECMWF ENS,ECMWF ENS | ICON-EU EPS | GEFS,0.0,3,0.0,0,0,0,0,GREEN,БЕЗ ЗНАЧАЈНОГ РИЗИКА,NO SIGNIFICANT RISK,HIGH,ECMWF ENS,ECMWF ENS | ICON-EU EPS | GEFS,0.0,3,0.0,0,0,0,0,GREEN,БЕЗ ЗНАЧАЈНОГ РИЗИКА,NO SIGNIFICANT RISK,HIGH,ECMWF ENS,ECMWF ENS | ICON-EU EPS | GEFS,0,GREEN,БЕЗ ЗНАЧАЈНОГ РИЗИКА,NO SIGNIFICANT RISK,NONE,HIGH,18,2026-08-21T06:00:00+00:00,2026-08-22T00:00:00+00:00,STORMS,EXPERIMENTAL,DEVELOPMENTAL MULTIMODEL SIGNAL - NOT CALIBRATED PROBABILITY,PUBLIC OPEN-DATA SERVICES,INDEPENDENT PROJECT - NOT AN OFFICIAL RHMZ WARNING PRODUCT
70254,BEOGRAD-ČUKARICA,BEOGRAD-ČUKARICA,БЕОГРАД-ЧУКАРИЦА,0.0,0.0,0.0,0.0,0.0,14.289737919006798,56.980735778808594,7,48,2026-08-22T00:00:00Z,2026-08-20T00:00:00Z,0.0,0.0,0.0,55.8,0.0,11.8,7,0.0,0.0,12,0.2,0.0,14.6,0.0,0.0,0.0,0.0,0.0,0.0,0.0,3,0.0,0,0,0,0,GREEN,БЕЗ ЗНАЧАЈНОГ РИЗИКА,NO SIGNIFICANT RISK,HIGH,ECMWF ENS,ECMWF ENS | ICON-EU EPS | GEFS,0.0,3,0.0,0,0,0,0,GREEN,БЕЗ ЗНАЧАЈНОГ РИЗИКА,NO SIGNIFICANT RISK,HIGH,ECMWF ENS,ECMWF ENS | ICON-EU EPS | GEFS,0.0,3,0.0,0,0,0,0,GREEN,БЕЗ ЗНАЧАЈНОГ РИЗИКА,NO SIGNIFICANT RISK,HIGH,ECMWF ENS,ECMWF ENS | ICON-EU EPS | GEFS,0.0,3,0.0,0,0,0,0,GREEN,БЕЗ ЗНАЧАЈНОГ РИЗИКА,NO SIGNIFICANT RISK,HIGH,ECMWF ENS,ECMWF ENS | ICON-EU EPS | GEFS,0,GREEN,БЕЗ ЗНАЧАЈНОГ РИЗИКА,NO SIGNIFICANT RISK,NONE,HIGH,18,2026-08-21T06:00:00+00:00,2026-08-22T00:00:00+00:00,STORMS,EXPERIMENTAL,DEVELOPMENTAL MULTIMODEL SIGNAL - NOT CALIBRATED PROBABILITY,PUBLIC OPEN-DATA SERVICES,INDEPENDENT PROJECT - NOT AN OFFICIAL RHMZ WARNING PRODUCT
80101,BEOČIN,BEOČIN,БЕОЧИН,0.0,0.0,0.0,0.0,5.0,14.210383729728717,57.60502338409424,7,48,2026-08-22T00:00:00Z,2026-08-20T00:00:00Z,0.0,0.0,219.5,57.4,0.0,8.8,7,0.0,0.0,11,65.3,0.0,14.8,0.0,0.0,0.0,0.0,0.0,0.0,0.0,3,0.0,0,0,0,0,GREEN,БЕЗ ЗНАЧАЈНОГ РИЗИКА,NO SIGNIFICANT RISK,HIGH,ECMWF ENS,ECMWF ENS | ICON-EU EPS | GEFS,0.0,3,0.0,0,0,0,0,GREEN,БЕЗ ЗНАЧАЈНОГ РИЗИКА,NO SIGNIFICANT RISK,HIGH,ECMWF ENS,ECMWF ENS | ICON-EU EPS | GEFS,0.0,3,0.0,0,0,0,0,GREEN,БЕЗ ЗНАЧАЈНОГ РИЗИКА,NO SIGNIFICANT RISK,HIGH,ECMWF ENS,ECMWF ENS | ICON-EU EPS | GEFS,0.0,3,0.0,0,0,0,0,GREEN,БЕЗ ЗНАЧАЈНОГ РИЗИКА,NO SIGNIFICANT RISK,HIGH,ECMWF ENS,ECMWF ENS | ICON-EU EPS | GEFS,0,GREEN,БЕЗ ЗНАЧАЈНОГ РИЗИКА,NO SIGNIFICANT RISK,NONE,HIGH,18,2026-08-21T06:00:00+00:00,2026-08-22T00:00:00+00:00,STORMS,EXPERIMENTAL,DEVELOPMENTAL MULTIMODEL SIGNAL - NOT CALIBRATED PROBABILITY,PUBLIC OPEN-DATA SERVICES,INDEPENDENT PROJECT - NOT AN OFFICIAL RHMZ WARNING PRODUCT
80110,BEČEJ,BEČEJ,БЕЧЕЈ,0.0,0.0,0.0,0.0,6.0,14.363443116061871,60.76419258117676,7,48,2026-08-22T00:00:00Z,2026-08-20T00:00:00Z,0.0,0.0,437.0,62.2,0.0,8.9,7,0.0,0.0,12,64.2,0.0,14.4,0.0,0.0,0.0,0.0,0.0,0.0,0.0,3,0.0,0,0,0,0,GREEN,БЕЗ ЗНАЧАЈНОГ РИЗИКА,NO SIGNIFICANT RISK,HIGH,ECMWF ENS,ECMWF ENS | ICON-EU EPS | GEFS,0.0,3,0.0,0,0,0,0,GREEN,БЕЗ ЗНАЧАЈНОГ РИЗИКА,NO SIGNIFICANT RISK,HIGH,ECMWF ENS,ECMWF ENS | ICON-EU EPS | GEFS,0.0,3,0.0,0,0,0,0,GREEN,БЕЗ ЗНАЧАЈНОГ РИЗИКА,NO SIGNIFICANT RISK,HIGH,ECMWF ENS,ECMWF ENS | ICON-EU EPS | GEFS,0.0,3,0.0,0,0,0,0,GREEN,БЕЗ ЗНАЧАЈНОГ РИЗИКА,NO SIGNIFICANT RISK,HIGH,ECMWF ENS,ECMWF ENS | ICON-EU EPS | GEFS,0,GREEN,БЕЗ ЗНАЧАЈНОГ РИЗИКА,NO SIGNIFICANT RISK,NONE,HIGH,18,2026-08-21T06:00:00+00:00,2026-08-22T00:00:00+00:00,STORMS,EXPERIMENTAL,DEVELOPMENTAL MULTIMODEL SIGNAL - NOT CALIBRATED PROBABILITY,PUBLIC OPEN-DATA SERVICES,INDEPENDENT PROJECT - NOT AN OFFICIAL RHMZ WARNING PRODUCT
70262,BLACE,BLACE,БЛАЦЕ,0.0,0.0,0.0,0.0,0.0,12.554452823942098,58.555023193359375,7,48,2026-08-22T00:00:00Z,2026-08-20T00:00:00Z,0.0,0.0,0.0,41.5,0.0,6.3,7,0.0,0.0,11,0.0,0.0,6.8,0.0,0.0,0.0,0.0,0.0,0.0,0.0,3,0.0,0,0,0,0,GREEN,БЕЗ ЗНАЧАЈНОГ РИЗИКА,NO SIGNIFICANT RISK,HIGH,ECMWF ENS,ECMWF ENS | ICON-EU EPS | GEFS,0.0,3,0.0,0,0,0,0,GREEN,БЕЗ ЗНАЧАЈНОГ РИЗИКА,NO SIGNIFICANT RISK,HIGH,ECMWF ENS,ECMWF ENS | ICON-EU EPS | GEFS,0.0,3,0.0,0,0,0,0,GREEN,БЕЗ ЗНАЧАЈНОГ РИЗИКА,NO SIGNIFICANT RISK,HIGH,ECMWF ENS,ECMWF ENS | ICON-EU EPS | GEFS,0.0,3,0.0,0,0,0,0,GREEN,БЕЗ ЗНАЧАЈНОГ РИЗИКА,NO SIGNIFICANT RISK,HIGH,ECMWF ENS,ECMWF ENS | ICON-EU EPS | GEFS,0,GREEN,БЕЗ ЗНАЧАЈНОГ РИЗИКА,NO SIGNIFICANT RISK,NONE,HIGH,18,2026-08-21T06:00:00+00:00,2026-08-22T00:00:00+00:00,STORMS,EXPERIMENTAL,DEVELOPMENTAL MULTIMODEL SIGNAL - NOT CALIBRATED PROBABILITY,PUBLIC OPEN-DATA SERVICES,INDEPENDENT PROJECT - NOT AN OFFICIAL RHMZ WARNING PRODUCT
70297,BOJNIK,BOJNIK,БОЈНИК,0.0,0.0,0.0,0.0,0.0,10.649304831565871,59.38073539733887,9,48,2026-08-22T00:00:00Z,2026-08-20T00:00:00Z,0.0,0.0,0.0,54.1,0.0,5.8,9,0.0,0.0,11,0.0,0.0,4.7,0.0,0.0,0.0,0.0,0.0,0.0,0.0,3,0.0,0,0,0,0,GREEN,БЕЗ ЗНАЧАЈНОГ РИЗИКА,NO SIGNIFICANT RISK,HIGH,ECMWF ENS,ECMWF ENS | ICON-EU EPS | GEFS,0.0,3,0.0,0,0,0,0,GREEN,БЕЗ ЗНАЧАЈНОГ РИЗИКА,NO SIGNIFICANT RISK,HIGH,ECMWF ENS,ECMWF ENS | ICON-EU EPS | GEFS,0.0,3,0.0,0,0,0,0,GREEN,БЕЗ ЗНАЧАЈНОГ РИЗИКА,NO SIGNIFICANT RISK,HIGH,ECMWF ENS,ECMWF ENS | ICON-EU EPS | GEFS,0.0,3,0.0,0,0,0,0,GREEN,БЕЗ ЗНАЧАЈНОГ РИЗИКА,NO SIGNIFICANT RISK,HIGH,ECMWF ENS,ECMWF ENS | ICON-EU EPS | GEFS,0,GREEN,БЕЗ ЗНАЧАЈНОГ РИЗИКА,NO SIGNIFICANT RISK,NONE,HIGH,18,2026-08-21T06:00:00+00:00,2026-08-22T00:00:00+00:00,STORMS,EXPERIMENTAL,DEVELOPMENTAL MULTIMODEL SIGNAL - NOT CALIBRATED PROBABILITY,PUBLIC OPEN-DATA SERVICES,INDEPENDENT PROJECT - NOT AN OFFICIAL RHMZ WARNING PRODUCT
70319,BOLJEVAC,BOLJEVAC,БОЉЕВАЦ,0.0,0.0,0.0,0.0,0.0,13.220831488478291,60.75502395629883,9,48,2026-08-22T00:00:00Z,2026-08-20T00:00:00Z,0.0,0.0,41.6,47.9,0.0,7.6,9,0.0,0.0,10,0.0,0.0,5.8,0.0,0.0,0.0,0.0,0.0,0.0,0.0,3,0.0,0,0,0,0,GREEN,БЕЗ ЗНАЧАЈНОГ РИЗИКА,NO SIGNIFICANT RISK,HIGH,ECMWF ENS,ECMWF ENS | ICON-EU EPS | GEFS,0.0,3,0.0,0,0,0,0,GREEN,БЕЗ ЗНАЧАЈНОГ РИЗИКА,NO SIGNIFICANT RISK,HIGH,ECMWF ENS,ECMWF ENS | ICON-EU EPS | GEFS,0.0,3,0.0,0,0,0,0,GREEN,БЕЗ ЗНАЧАЈНОГ РИЗИКА,NO SIGNIFICANT RISK,HIGH,ECMWF ENS,ECMWF ENS | ICON-EU EPS | GEFS,0.0,3,0.0,0,0,0,0,GREEN,БЕЗ ЗНАЧАЈНОГ РИЗИКА,NO SIGNIFICANT RISK,HIGH,ECMWF ENS,ECMWF ENS | ICON-EU EPS | GEFS,0,GREEN,БЕЗ ЗНАЧАЈНОГ РИЗИКА,NO SIGNIFICANT RISK,NONE,HIGH,18,2026-08-21T06:00:00+00:00,2026-08-22T00:00:00+00:00,STORMS,EXPERIMENTAL,DEVELOPMENTAL MULTIMODEL SIGNAL - NOT CALIBRATED PROBABILITY,PUBLIC OPEN-DATA SERVICES,INDEPENDENT PROJECT - NOT AN OFFICIAL RHMZ WARNING PRODUCT
70289,BOGATIĆ,BOGATIĆ,БОГАТИЋ,0.0,0.0,0.0,0.0,0.0,14.001860986977302,56.6550235748291,7,48,2026-08-22T00:00:00Z,2026-08-20T00:00:00Z,0.0,0.0,33.4,57.6,0.0,9.7,7,0.0,0.0,11,7.3,0.0,16.8,0.0,0.0,0.0,0.0,0.0,0.0,0.0,3,0.0,0,0,0,0,GREEN,БЕЗ ЗНАЧАЈНОГ РИЗИКА,NO SIGNIFICANT RISK,HIGH,ECMWF ENS,ECMWF ENS | ICON-EU EPS | GEFS,0.0,3,0.0,0,0,0,0,GREEN,БЕЗ ЗНАЧАЈНОГ РИЗИКА,NO SIGNIFICANT RISK,HIGH,ECMWF ENS,ECMWF ENS | ICON-EU EPS | GEFS,0.0,3,0.0,0,0,0,0,GREEN,БЕЗ ЗНАЧАЈНОГ РИЗИКА,NO SIGNIFICANT RISK,HIGH,ECMWF ENS,ECMWF ENS | ICON-EU EPS | GEFS,0.0,3,0.0,0,0,0,0,GREEN,БЕЗ ЗНАЧАЈНОГ РИЗИКА,NO SIGNIFICANT RISK,HIGH,ECMWF ENS,ECMWF ENS | ICON-EU EPS | GEFS,0,GREEN,БЕЗ ЗНАЧАЈНОГ РИЗИКА,NO SIGNIFICANT RISK,NONE,HIGH,18,2026-08-21T06:00:00+00:00,2026-08-22T00:00:00+00:00,STORMS,EXPERIMENTAL,DEVELOPMENTAL MULTIMODEL SIGNAL - NOT CALIBRATED PROBABILITY,PUBLIC OPEN-DATA SERVICES,INDEPENDENT PROJECT - NOT AN OFFICIAL RHMZ WARNING PRODUCT
70327,BOR,BOR,БОР,0.0,0.0,0.0,0.0,0.0,13.220831488478291,60.79315185546875,12,48,2026-08-22T00:00:00Z,2026-08-20T00:00:00Z,0.0,0.0,125.0,56.2,0.0,6.0,12,0.0,0.0,10,0.0,0.0,7.7,0.0,0.0,0.0,0.0,0.0,0.0,0.0,3,0.0,0,0,0,0,GREEN,БЕЗ ЗНАЧАЈНОГ РИЗИКА,NO SIGNIFICANT RISK,HIGH,ECMWF ENS,ECMWF ENS | ICON-EU EPS | GEFS,0.0,3,0.0,0,0,0,0,GREEN,БЕЗ ЗНАЧАЈНОГ РИЗИКА,NO SIGNIFICANT RISK,HIGH,ECMWF ENS,ECMWF ENS | ICON-EU EPS | GEFS,0.0,3,0.0,0,0,0,0,GREEN,БЕЗ ЗНАЧАЈНОГ РИЗИКА,NO SIGNIFICANT RISK,HIGH,ECMWF ENS,ECMWF ENS | ICON-EU EPS | GEFS,0.0,3,0.0,0,0,0,0,GREEN,БЕЗ ЗНАЧАЈНОГ РИЗИКА,NO SIGNIFICANT RISK,HIGH,ECMWF ENS,ECMWF ENS | ICON-EU EPS | GEFS,0,GREEN,БЕЗ ЗНАЧАЈНОГ РИЗИКА,NO SIGNIFICANT RISK,NONE,HIGH,18,2026-08-21T06:00:00+00:00,2026-08-22T00:00:00+00:00,STORMS,EXPERIMENTAL,DEVELOPMENTAL MULTIMODEL SIGNAL - NOT CALIBRATED PROBABILITY,PUBLIC OPEN-DATA SERVICES,INDEPENDENT PROJECT - NOT AN OFFICIAL RHMZ WARNING PRODUCT
70335,BOSILEGRAD,BOSILEGRAD,БОСИЛЕГРАД,0.0,0.0,0.0,0.0,0.0,6.031777334005949,58.75562858581543,8,48,2026-08-22T00:00:00Z,2026-08-20T00:00:00Z,0.0,0.0,6.0,60.6,0.0,1.8,8,0.0,0.0,12,0.0,0.0,2.6,0.0,0.0,0.0,0.0,0.0,0.0,0.0,3,0.0,0,0,0,0,GREEN,БЕЗ ЗНАЧАЈНОГ РИЗИКА,NO SIGNIFICANT RISK,HIGH,ECMWF ENS,ECMWF ENS | ICON-EU EPS | GEFS,0.0,3,0.0,0,0,0,0,GREEN,БЕЗ ЗНАЧАЈНОГ РИЗИКА,NO SIGNIFICANT RISK,HIGH,ECMWF ENS,ECMWF ENS | ICON-EU EPS | GEFS,0.0,3,0.0,0,0,0,0,GREEN,БЕЗ ЗНАЧАЈНОГ РИЗИКА,NO SIGNIFICANT RISK,HIGH,ECMWF ENS,ECMWF ENS | ICON-EU EPS | GEFS,0.0,3,0.0,0,0,0,0,GREEN,БЕЗ ЗНАЧАЈНОГ РИЗИКА,NO SIGNIFICANT RISK,HIGH,ECMWF ENS,ECMWF ENS | ICON-EU EPS | GEFS,0,GREEN,БЕЗ ЗНАЧАЈНОГ РИЗИКА,NO SIGNIFICANT RISK,NONE,HIGH,18,2026-08-21T06:00:00+00:00,2026-08-22T00:00:00+00:00,STORMS,EXPERIMENTAL,DEVELOPMENTAL MULTIMODEL SIGNAL - NOT CALIBRATED PROBABILITY,PUBLIC OPEN-DATA SERVICES,INDEPENDENT PROJECT - NOT AN OFFICIAL RHMZ WARNING PRODUCT
70343,BRUS,BRUS,БРУС,0.0,0.0,0.0,0.0,0.0,10.367960446156715,58.00663757324219,8,48,2026-08-22T00:00:00Z,2026-08-20T00:00:00Z,0.0,0.0,0.0,41.4,0.0,6.3,8,0.0,0.0,12,0.0,0.0,6.8,0.0,0.0,0.0,0.0,0.0,0.0,0.0,3,0.0,0,0,0,0,GREEN,БЕЗ ЗНАЧАЈНОГ РИЗИКА,NO SIGNIFICANT RISK,HIGH,ECMWF ENS,ECMWF ENS | ICON-EU EPS | GEFS,0.0,3,0.0,0,0,0,0,GREEN,БЕЗ ЗНАЧАЈНОГ РИЗИКА,NO SIGNIFICANT RISK,HIGH,ECMWF ENS,ECMWF ENS | ICON-EU EPS | GEFS,0.0,3,0.0,0,0,0,0,GREEN,БЕЗ ЗНАЧАЈНОГ РИЗИКА,NO SIGNIFICANT RISK,HIGH,ECMWF ENS,ECMWF ENS | ICON-EU EPS | GEFS,0.0,3,0.0,0,0,0,0,GREEN,БЕЗ ЗНАЧАЈНОГ РИЗИКА,NO SIGNIFICANT RISK,HIGH,ECMWF ENS,ECMWF ENS | ICON-EU EPS | GEFS,0,GREEN,БЕЗ ЗНАЧАЈНОГ РИЗИКА,NO SIGNIFICANT RISK,NONE,HIGH,18,2026-08-21T06:00:00+00:00,2026-08-22T00:00:00+00:00,STORMS,EXPERIMENTAL,DEVELOPMENTAL MULTIMODEL SIGNAL - NOT CALIBRATED PROBABILITY,PUBLIC OPEN-DATA SERVICES,INDEPENDENT PROJECT - NOT AN OFFICIAL RHMZ WARNING PRODUCT
70351,BUJANOVAC,BUJANOVAC,БУЈАНОВАЦ,0.0,0.0,0.0,0.0,0.0,7.082808082070768,59.38073539733887,9,48,2026-08-22T00:00:00Z,2026-08-20T00:00:00Z,4.0,0.0,575.2,71.2,0.0,1.4,9,0.0,0.0,12,0.0,0.0,5.7,0.0,0.0,0.0,0.0,0.0,0.0,1.3,3,4.0,0,0,0,0,GREEN,БЕЗ ЗНАЧАЈНОГ РИЗИКА,NO SIGNIFICANT RISK,HIGH,ECMWF ENS,ECMWF ENS | ICON-EU EPS | GEFS,0.0,3,0.0,0,0,0,0,GREEN,БЕЗ ЗНАЧАЈНОГ РИЗИКА,NO SIGNIFICANT RISK,HIGH,ECMWF ENS,ECMWF ENS | ICON-EU EPS | GEFS,0.0,3,0.0,0,0,0,0,GREEN,БЕЗ ЗНАЧАЈНОГ РИЗИКА,NO SIGNIFICANT RISK,HIGH,ECMWF ENS,ECMWF ENS | ICON-EU EPS | GEFS,0.0,3,0.0,0,0,0,0,GREEN,БЕЗ ЗНАЧАЈНОГ РИЗИКА,NO SIGNIFICANT RISK,HIGH,ECMWF ENS,ECMWF ENS | ICON-EU EPS | GEFS,0,GREEN,БЕЗ ЗНАЧАЈНОГ РИЗИКА,NO SIGNIFICANT RISK,NONE,HIGH,18,2026-08-21T06:00:00+00:00,2026-08-22T00:00:00+00:00,STORMS,EXPERIMENTAL,DEVELOPMENTAL MULTIMODEL SIGNAL - NOT CALIBRATED PROBABILITY,PUBLIC OPEN-DATA SERVICES,INDEPENDENT PROJECT - NOT AN OFFICIAL RHMZ WARNING PRODUCT
70360,VALJEVO-GRAD,VALJEVO-GRAD,ВАЉЕВО-ГРАД,0.0,0.0,0.0,0.0,0.0,13.66675909737839,52.09685134887695,12,48,2026-08-22T00:00:00Z,2026-08-20T00:00:00Z,0.0,0.0,0.0,57.0,0.0,12.7,12,0.0,0.0,12,0.0,0.0,15.2,0.0,0.0,0.0,0.0,0.0,0.0,0.0,3,0.0,0,0,0,0,GREEN,БЕЗ ЗНАЧАЈНОГ РИЗИКА,NO SIGNIFICANT RISK,HIGH,ECMWF ENS,ECMWF ENS | ICON-EU EPS | GEFS,0.0,3,0.0,0,0,0,0,GREEN,БЕЗ ЗНАЧАЈНОГ РИЗИКА,NO SIGNIFICANT RISK,HIGH,ECMWF ENS,ECMWF ENS | ICON-EU EPS | GEFS,0.0,3,0.0,0,0,0,0,GREEN,БЕЗ ЗНАЧАЈНОГ РИЗИКА,NO SIGNIFICANT RISK,HIGH,ECMWF ENS,ECMWF ENS | ICON-EU EPS | GEFS,0.0,3,0.0,0,0,0,0,GREEN,БЕЗ ЗНАЧАЈНОГ РИЗИКА,NO SIGNIFICANT RISK,HIGH,ECMWF ENS,ECMWF ENS | ICON-EU EPS | GEFS,0,GREEN,БЕЗ ЗНАЧАЈНОГ РИЗИКА,NO SIGNIFICANT RISK,NONE,HIGH,18,2026-08-21T06:00:00+00:00,2026-08-22T00:00:00+00:00,STORMS,EXPERIMENTAL,DEVELOPMENTAL MULTIMODEL SIGNAL - NOT CALIBRATED PROBABILITY,PUBLIC OPEN-DATA SERVICES,INDEPENDENT PROJECT - NOT AN OFFICIAL RHMZ WARNING PRODUCT
70378,VARVARIN,VARVARIN,ВАРВАРИН,0.0,0.0,0.0,0.0,0.0,13.90810790889439,58.550323486328125,7,48,2026-08-22T00:00:00Z,2026-08-20T00:00:00Z,0.0,0.0,0.0,46.9,0.0,8.3,7,0.0,0.0,12,0.0,0.0,9.6,0.0,0.0,0.0,0.0,0.0,0.0,0.0,3,0.0,0,0,0,0,GREEN,БЕЗ ЗНАЧАЈНОГ РИЗИКА,NO SIGNIFICANT RISK,HIGH,ECMWF ENS,ECMWF ENS | ICON-EU EPS | GEFS,0.0,3,0.0,0,0,0,0,GREEN,БЕЗ ЗНАЧАЈНОГ РИЗИКА,NO SIGNIFICANT RISK,HIGH,ECMWF ENS,ECMWF ENS | ICON-EU EPS | GEFS,0.0,3,0.0,0,0,0,0,GREEN,БЕЗ ЗНАЧАЈНОГ РИЗИКА,NO SIGNIFICANT RISK,HIGH,ECMWF ENS,ECMWF ENS | ICON-EU EPS | GEFS,0.0,3,0.0,0,0,0,0,GREEN,БЕЗ ЗНАЧАЈНОГ РИЗИКА,NO SIGNIFICANT RISK,HIGH,ECMWF ENS,ECMWF ENS | ICON-EU EPS | GEFS,0,GREEN,БЕЗ ЗНАЧАЈНОГ РИЗИКА,NO SIGNIFICANT RISK,NONE,HIGH,18,2026-08-21T06:00:00+00:00,2026-08-22T00:00:00+00:00,STORMS,EXPERIMENTAL,DEVELOPMENTAL MULTIMODEL SIGNAL - NOT CALIBRATED PROBABILITY,PUBLIC OPEN-DATA SERVICES,INDEPENDENT PROJECT - NOT AN OFFICIAL RHMZ WARNING PRODUCT
70386,VELIKA PLANA,VELIKA PLANA,ВЕЛИКА ПЛАНА,0.0,0.0,0.0,0.0,0.0,14.641305761565524,59.09685134887695,7,48,2026-08-22T00:00:00Z,2026-08-20T00:00:00Z,0.0,0.0,0.0,54.3,0.0,10.2,7,0.0,0.0,10,0.0,0.0,12.3,0.0,0.0,0.0,0.0,0.0,0.0,0.0,3,0.0,0,0,0,0,GREEN,БЕЗ ЗНАЧАЈНОГ РИЗИКА,NO SIGNIFICANT RISK,HIGH,ECMWF ENS,ECMWF ENS | ICON-EU EPS | GEFS,0.0,3,0.0,0,0,0,0,GREEN,БЕЗ ЗНАЧАЈНОГ РИЗИКА,NO SIGNIFICANT RISK,HIGH,ECMWF ENS,ECMWF ENS | ICON-EU EPS | GEFS,0.0,3,0.0,0,0,0,0,GREEN,БЕЗ ЗНАЧАЈНОГ РИЗИКА,NO SIGNIFICANT RISK,HIGH,ECMWF ENS,ECMWF ENS | ICON-EU EPS | GEFS,0.0,3,0.0,0,0,0,0,GREEN,БЕЗ ЗНАЧАЈНОГ РИЗИКА,NO SIGNIFICANT RISK,HIGH,ECMWF ENS,ECMWF ENS | ICON-EU EPS | GEFS,0,GREEN,БЕЗ ЗНАЧАЈНОГ РИЗИКА,NO SIGNIFICANT RISK,NONE,HIGH,18,2026-08-21T06:00:00+00:00,2026-08-22T00:00:00+00:00,STORMS,EXPERIMENTAL,DEVELOPMENTAL MULTIMODEL SIGNAL - NOT CALIBRATED PROBABILITY,PUBLIC OPEN-DATA SERVICES,INDEPENDENT PROJECT - NOT AN OFFICIAL RHMZ WARNING PRODUCT
70394,VELIKO GRADIŠTE,VELIKO GRADIŠTE,ВЕЛИКО ГРАДИШТЕ,0.0,0.0,0.0,0.0,0.0,14.023259230155992,60.75000095367432,9,48,2026-08-22T00:00:00Z,2026-08-20T00:00:00Z,0.0,0.0,12.5,56.0,0.0,6.2,9,0.0,0.0,11,0.0,0.0,8.4,0.0,0.0,0.0,0.0,0.0,0.0,0.0,3,0.0,0,0,0,0,GREEN,БЕЗ ЗНАЧАЈНОГ РИЗИКА,NO SIGNIFICANT RISK,HIGH,ECMWF ENS,ECMWF ENS | ICON-EU EPS | GEFS,0.0,3,0.0,0,0,0,0,GREEN,БЕЗ ЗНАЧАЈНОГ РИЗИКА,NO SIGNIFICANT RISK,HIGH,ECMWF ENS,ECMWF ENS | ICON-EU EPS | GEFS,0.0,3,0.0,0,0,0,0,GREEN,БЕЗ ЗНАЧАЈНОГ РИЗИКА,NO SIGNIFICANT RISK,HIGH,ECMWF ENS,ECMWF ENS | ICON-EU EPS | GEFS,0.0,3,0.0,0,0,0,0,GREEN,БЕЗ ЗНАЧАЈНОГ РИЗИКА,NO SIGNIFICANT RISK,HIGH,ECMWF ENS,ECMWF ENS | ICON-EU EPS | GEFS,0,GREEN,БЕЗ ЗНАЧАЈНОГ РИЗИКА,NO SIGNIFICANT RISK,NONE,HIGH,18,2026-08-21T06:00:00+00:00,2026-08-22T00:00:00+00:00,STORMS,EXPERIMENTAL,DEVELOPMENTAL MULTIMODEL SIGNAL - NOT CALIBRATED PROBABILITY,PUBLIC OPEN-DATA SERVICES,INDEPENDENT PROJECT - NOT AN OFFICIAL RHMZ WARNING PRODUCT
90018,VITINA,VITINA,ВИТИНА,0.0,0.0,0.0,0.0,0.0,7.082808082070768,60.99999809265137,6,48,2026-08-22T00:00:00Z,2026-08-20T00:00:00Z,4.0,0.0,575.2,71.2,0.0,1.4,6,0.0,0.0,9,0.0,0.0,4.3,0.0,0.0,0.0,0.0,0.0,0.0,1.3,3,4.0,0,0,0,0,GREEN,БЕЗ ЗНАЧАЈНОГ РИЗИКА,NO SIGNIFICANT RISK,HIGH,ECMWF ENS,ECMWF ENS | ICON-EU EPS | GEFS,0.0,3,0.0,0,0,0,0,GREEN,БЕЗ ЗНАЧАЈНОГ РИЗИКА,NO SIGNIFICANT RISK,HIGH,ECMWF ENS,ECMWF ENS | ICON-EU EPS | GEFS,0.0,3,0.0,0,0,0,0,GREEN,БЕЗ ЗНАЧАЈНОГ РИЗИКА,NO SIGNIFICANT RISK,HIGH,ECMWF ENS,ECMWF ENS | ICON-EU EPS | GEFS,0.0,3,0.0,0,0,0,0,GREEN,БЕЗ ЗНАЧАЈНОГ РИЗИКА,NO SIGNIFICANT RISK,HIGH,ECMWF ENS,ECMWF ENS | ICON-EU EPS | GEFS,0,GREEN,БЕЗ ЗНАЧАЈНОГ РИЗИКА,NO SIGNIFICANT RISK,NONE,HIGH,18,2026-08-21T06:00:00+00:00,2026-08-22T00:00:00+00:00,STORMS,EXPERIMENTAL,DEVELOPMENTAL MULTIMODEL SIGNAL - NOT CALIBRATED PROBABILITY,PUBLIC OPEN-DATA SERVICES,INDEPENDENT PROJECT - NOT AN OFFICIAL RHMZ WARNING PRODUCT
70408,VLADIMIRCI,VLADIMIRCI,ВЛАДИМИРЦИ,0.0,0.0,0.0,0.0,0.0,13.54770064006707,53.60000038146973,8,48,2026-08-22T00:00:00Z,2026-08-20T00:00:00Z,0.0,0.0,0.0,58.2,0.0,12.7,8,0.0,0.0,10,0.0,0.0,16.6,0.0,0.0,0.0,0.0,0.0,0.0,0.0,3,0.0,0,0,0,0,GREEN,БЕЗ ЗНАЧАЈНОГ РИЗИКА,NO SIGNIFICANT RISK,HIGH,ECMWF ENS,ECMWF ENS | ICON-EU EPS | GEFS,0.0,3,0.0,0,0,0,0,GREEN,БЕЗ ЗНАЧАЈНОГ РИЗИКА,NO SIGNIFICANT RISK,HIGH,ECMWF ENS,ECMWF ENS | ICON-EU EPS | GEFS,0.0,3,0.0,0,0,0,0,GREEN,БЕЗ ЗНАЧАЈНОГ РИЗИКА,NO SIGNIFICANT RISK,HIGH,ECMWF ENS,ECMWF ENS | ICON-EU EPS | GEFS,0.0,3,0.0,0,0,0,0,GREEN,БЕЗ ЗНАЧАЈНОГ РИЗИКА,NO SIGNIFICANT RISK,HIGH,ECMWF ENS,ECMWF ENS | ICON-EU EPS | GEFS,0,GREEN,БЕЗ ЗНАЧАЈНОГ РИЗИКА,NO SIGNIFICANT RISK,NONE,HIGH,18,2026-08-21T06:00:00+00:00,2026-08-22T00:00:00+00:00,STORMS,EXPERIMENTAL,DEVELOPMENTAL MULTIMODEL SIGNAL - NOT CALIBRATED PROBABILITY,PUBLIC OPEN-DATA SERVICES,INDEPENDENT PROJECT - NOT AN OFFICIAL RHMZ WARNING PRODUCT
70416,VLADIČIN HAN,VLADIČIN HAN,ВЛАДИЧИН ХАН,0.0,0.0,0.0,0.0,0.0,6.536569662631509,58.71815204620361,9,48,2026-08-22T00:00:00Z,2026-08-20T00:00:00Z,0.0,0.0,0.0,54.7,0.0,1.9,9,0.0,0.0,10,0.0,0.0,5.2,0.0,0.0,0.0,0.0,0.0,0.0,0.0,3,0.0,0,0,0,0,GREEN,БЕЗ ЗНАЧАЈНОГ РИЗИКА,NO SIGNIFICANT RISK,HIGH,ECMWF ENS,ECMWF ENS | ICON-EU EPS | GEFS,0.0,3,0.0,0,0,0,0,GREEN,БЕЗ ЗНАЧАЈНОГ РИЗИКА,NO SIGNIFICANT RISK,HIGH,ECMWF ENS,ECMWF ENS | ICON-EU EPS | GEFS,0.0,3,0.0,0,0,0,0,GREEN,БЕЗ ЗНАЧАЈНОГ РИЗИКА,NO SIGNIFICANT RISK,HIGH,ECMWF ENS,ECMWF ENS | ICON-EU EPS | GEFS,0.0,3,0.0,0,0,0,0,GREEN,БЕЗ ЗНАЧАЈНОГ РИЗИКА,NO SIGNIFICANT RISK,HIGH,ECMWF ENS,ECMWF ENS | ICON-EU EPS | GEFS,0,GREEN,БЕЗ ЗНАЧАЈНОГ РИЗИКА,NO SIGNIFICANT RISK,NONE,HIGH,18,2026-08-21T06:00:00+00:00,2026-08-22T00:00:00+00:00,STORMS,EXPERIMENTAL,DEVELOPMENTAL MULTIMODEL SIGNAL - NOT CALIBRATED PROBABILITY,PUBLIC OPEN-DATA SERVICES,INDEPENDENT PROJECT - NOT AN OFFICIAL RHMZ WARNING PRODUCT
70424,VLASOTINCE,VLASOTINCE,ВЛАСОТИНЦЕ,0.0,0.0,0.0,0.0,0.0,7.013321005593542,58.305625915527344,9,48,2026-08-22T00:00:00Z,2026-08-20T00:00:00Z,0.0,0.0,0.0,54.3,0.0,3.0,9,0.0,0.0,12,0.0,0.0,3.7,0.0,0.0,0.0,0.0,0.0,0.0,0.0,3,0.0,0,0,0,0,GREEN,БЕЗ ЗНАЧАЈНОГ РИЗИКА,NO SIGNIFICANT RISK,HIGH,ECMWF ENS,ECMWF ENS | ICON-EU EPS | GEFS,0.0,3,0.0,0,0,0,0,GREEN,БЕЗ ЗНАЧАЈНОГ РИЗИКА,NO SIGNIFICANT RISK,HIGH,ECMWF ENS,ECMWF ENS | ICON-EU EPS | GEFS,0.0,3,0.0,0,0,0,0,GREEN,БЕЗ ЗНАЧАЈНОГ РИЗИКА,NO SIGNIFICANT RISK,HIGH,ECMWF ENS,ECMWF ENS | ICON-EU EPS | GEFS,0.0,3,0.0,0,0,0,0,GREEN,БЕЗ ЗНАЧАЈНОГ РИЗИКА,NO SIGNIFICANT RISK,HIGH,ECMWF ENS,ECMWF ENS | ICON-EU EPS | GEFS,0,GREEN,БЕЗ ЗНАЧАЈНОГ РИЗИКА,NO SIGNIFICANT RISK,NONE,HIGH,18,2026-08-21T06:00:00+00:00,2026-08-22T00:00:00+00:00,STORMS,EXPERIMENTAL,DEVELOPMENTAL MULTIMODEL SIGNAL - NOT CALIBRATED PROBABILITY,PUBLIC OPEN-DATA SERVICES,INDEPENDENT PROJECT - NOT AN OFFICIAL RHMZ WARNING PRODUCT
70459,VRNJAČKA BANJA,VRNJAČKA BANJA,ВРЊАЧКА БАЊА,0.0,0.0,0.0,0.0,0.0,12.075157618755576,58.00663757324219,7,48,2026-08-22T00:00:00Z,2026-08-20T00:00:00Z,0.0,0.0,0.0,50.6,0.0,7.6,7,0.0,0.0,11,0.0,0.0,8.3,0.0,0.0,0.0,0.0,0.0,0.0,0.0,3,0.0,0,0,0,0,GREEN,БЕЗ ЗНАЧАЈНОГ РИЗИКА,NO SIGNIFICANT RISK,HIGH,ECMWF ENS,ECMWF ENS | ICON-EU EPS | GEFS,0.0,3,0.0,0,0,0,0,GREEN,БЕЗ ЗНАЧАЈНОГ РИЗИКА,NO SIGNIFICANT RISK,HIGH,ECMWF ENS,ECMWF ENS | ICON-EU EPS | GEFS,0.0,3,0.0,0,0,0,0,GREEN,БЕЗ ЗНАЧАЈНОГ РИЗИКА,NO SIGNIFICANT RISK,HIGH,ECMWF ENS,ECMWF ENS | ICON-EU EPS | GEFS,0.0,3,0.0,0,0,0,0,GREEN,БЕЗ ЗНАЧАЈНОГ РИЗИКА,NO SIGNIFICANT RISK,HIGH,ECMWF ENS,ECMWF ENS | ICON-EU EPS | GEFS,0,GREEN,БЕЗ ЗНАЧАЈНОГ РИЗИКА,NO SIGNIFICANT RISK,NONE,HIGH,18,2026-08-21T06:00:00+00:00,2026-08-22T00:00:00+00:00,STORMS,EXPERIMENTAL,DEVELOPMENTAL MULTIMODEL SIGNAL - NOT CALIBRATED PROBABILITY,PUBLIC OPEN-DATA SERVICES,INDEPENDENT PROJECT - NOT AN OFFICIAL RHMZ WARNING PRODUCT
70432,VRANJE-GRAD,VRANJE-GRAD,ВРАЊЕ-ГРАД,0.0,0.0,0.0,0.0,0.0,7.082808082070768,59.38073539733887,14,48,2026-08-22T00:00:00Z,2026-08-20T00:00:00Z,4.0,0.0,575.2,71.2,0.0,1.4,14,0.0,0.0,11,0.0,0.0,5.7,0.0,0.0,0.0,0.0,0.0,0.0,1.3,3,4.0,0,0,0,0,GREEN,БЕЗ ЗНАЧАЈНОГ РИЗИКА,NO SIGNIFICANT RISK,HIGH,ECMWF ENS,ECMWF ENS | ICON-EU EPS | GEFS,0.0,3,0.0,0,0,0,0,GREEN,БЕЗ ЗНАЧАЈНОГ РИЗИКА,NO SIGNIFICANT RISK,HIGH,ECMWF ENS,ECMWF ENS | ICON-EU EPS | GEFS,0.0,3,0.0,0,0,0,0,GREEN,БЕЗ ЗНАЧАЈНОГ РИЗИКА,NO SIGNIFICANT RISK,HIGH,ECMWF ENS,ECMWF ENS | ICON-EU EPS | GEFS,0.0,3,0.0,0,0,0,0,GREEN,БЕЗ ЗНАЧАЈНОГ РИЗИКА,NO SIGNIFICANT RISK,HIGH,ECMWF ENS,ECMWF ENS | ICON-EU EPS | GEFS,0,GREEN,БЕЗ ЗНАЧАЈНОГ РИЗИКА,NO SIGNIFICANT RISK,NONE,HIGH,18,2026-08-21T06:00:00+00:00,2026-08-22T00:00:00+00:00,STORMS,EXPERIMENTAL,DEVELOPMENTAL MULTIMODEL SIGNAL - NOT CALIBRATED PROBABILITY,PUBLIC OPEN-DATA SERVICES,INDEPENDENT PROJECT - NOT AN OFFICIAL RHMZ WARNING PRODUCT
80462,VRBAS,VRBAS,ВРБАС,0.0,0.0,0.0,0.0,6.0,14.270142082264057,60.76419258117676,8,48,2026-08-22T00:00:00Z,2026-08-20T00:00:00Z,0.0,0.0,437.0,62.2,0.0,8.9,8,0.0,0.0,12,72.1,0.0,14.7,0.0,0.0,0.0,0.0,0.0,0.0,0.0,3,0.0,0,0,0,0,GREEN,БЕЗ ЗНАЧАЈНОГ РИЗИКА,NO SIGNIFICANT RISK,HIGH,ECMWF ENS,ECMWF ENS | ICON-EU EPS | GEFS,0.0,3,0.0,0,0,0,0,GREEN,БЕЗ ЗНАЧАЈНОГ РИЗИКА,NO SIGNIFICANT RISK,HIGH,ECMWF ENS,ECMWF ENS | ICON-EU EPS | GEFS,0.0,3,0.0,0,0,0,0,GREEN,БЕЗ ЗНАЧАЈНОГ РИЗИКА,NO SIGNIFICANT RISK,HIGH,ECMWF ENS,ECMWF ENS | ICON-EU EPS | GEFS,0.0,3,0.0,0,0,0,0,GREEN,БЕЗ ЗНАЧАЈНОГ РИЗИКА,NO SIGNIFICANT RISK,HIGH,ECMWF ENS,ECMWF ENS | ICON-EU EPS | GEFS,0,GREEN,БЕЗ ЗНАЧАЈНОГ РИЗИКА,NO SIGNIFICANT RISK,NONE,HIGH,18,2026-08-21T06:00:00+00:00,2026-08-22T00:00:00+00:00,STORMS,EXPERIMENTAL,DEVELOPMENTAL MULTIMODEL SIGNAL - NOT CALIBRATED PROBABILITY,PUBLIC OPEN-DATA SERVICES,INDEPENDENT PROJECT - NOT AN OFFICIAL RHMZ WARNING PRODUCT
80128,VRŠAC,VRŠAC,ВРШАЦ,0.0,0.0,0.0,0.0,0.0,14.023259230155992,60.25648498535156,10,48,2026-08-22T00:00:00Z,2026-08-20T00:00:00Z,0.0,0.0,5.0,58.1,0.0,9.4,10,0.0,0.0,10,0.0,0.0,10.4,0.0,0.0,0.0,0.0,0.0,0.0,0.0,3,0.0,0,0,0,0,GREEN,БЕЗ ЗНАЧАЈНОГ РИЗИКА,NO SIGNIFICANT RISK,HIGH,ECMWF ENS,ECMWF ENS | ICON-EU EPS | GEFS,0.0,3,0.0,0,0,0,0,GREEN,БЕЗ ЗНАЧАЈНОГ РИЗИКА,NO SIGNIFICANT RISK,HIGH,ECMWF ENS,ECMWF ENS | ICON-EU EPS | GEFS,0.0,3,0.0,0,0,0,0,GREEN,БЕЗ ЗНАЧАЈНОГ РИЗИКА,NO SIGNIFICANT RISK,HIGH,ECMWF ENS,ECMWF ENS | ICON-EU EPS | GEFS,0.0,3,0.0,0,0,0,0,GREEN,БЕЗ ЗНАЧАЈНОГ РИЗИКА,NO SIGNIFICANT RISK,HIGH,ECMWF ENS,ECMWF ENS | ICON-EU EPS | GEFS,0,GREEN,БЕЗ ЗНАЧАЈНОГ РИЗИКА,NO SIGNIFICANT RISK,NONE,HIGH,18,2026-08-21T06:00:00+00:00,2026-08-22T00:00:00+00:00,STORMS,EXPERIMENTAL,DEVELOPMENTAL MULTIMODEL SIGNAL - NOT CALIBRATED PROBABILITY,PUBLIC OPEN-DATA SERVICES,INDEPENDENT PROJECT - NOT AN OFFICIAL RHMZ WARNING PRODUCT
90026,VUČITRN,VUČITRN,ВУЧИТРН,0.0,0.0,0.0,0.0,0.0,8.212447990801355,59.29999923706055,7,48,2026-08-22T00:00:00Z,2026-08-20T00:00:00Z,0.0,0.0,0.0,37.6,0.0,4.8,7,0.0,0.0,10,0.0,0.0,5.9,0.0,0.0,0.0,0.0,0.0,0.0,0.0,3,0.0,0,0,0,0,GREEN,БЕЗ ЗНАЧАЈНОГ РИЗИКА,NO SIGNIFICANT RISK,HIGH,ECMWF ENS,ECMWF ENS | ICON-EU EPS | GEFS,0.0,3,0.0,0,0,0,0,GREEN,БЕЗ ЗНАЧАЈНОГ РИЗИКА,NO SIGNIFICANT RISK,HIGH,ECMWF ENS,ECMWF ENS | ICON-EU EPS | GEFS,0.0,3,0.0,0,0,0,0,GREEN,БЕЗ ЗНАЧАЈНОГ РИЗИКА,NO SIGNIFICANT RISK,HIGH,ECMWF ENS,ECMWF ENS | ICON-EU EPS | GEFS,0.0,3,0.0,0,0,0,0,GREEN,БЕЗ ЗНАЧАЈНОГ РИЗИКА,NO SIGNIFICANT RISK,HIGH,ECMWF ENS,ECMWF ENS | ICON-EU EPS | GEFS,0,GREEN,БЕЗ ЗНАЧАЈНОГ РИЗИКА,NO SIGNIFICANT RISK,NONE,HIGH,18,2026-08-21T06:00:00+00:00,2026-08-22T00:00:00+00:00,STORMS,EXPERIMENTAL,DEVELOPMENTAL MULTIMODEL SIGNAL - NOT CALIBRATED PROBABILITY,PUBLIC OPEN-DATA SERVICES,INDEPENDENT PROJECT - NOT AN OFFICIAL RHMZ WARNING PRODUCT
90042,GNJILANE,GNJILANE,ГЊИЛАНЕ,0.0,0.0,0.0,0.0,0.0,7.082808082070768,59.81419372558594,9,48,2026-08-22T00:00:00Z,2026-08-20T00:00:00Z,4.0,0.0,575.2,71.2,0.0,1.4,9,0.0,0.0,10,0.0,0.0,4.9,0.0,0.0,0.0,0.0,0.0,0.0,1.3,3,4.0,0,0,0,0,GREEN,БЕЗ ЗНАЧАЈНОГ РИЗИКА,NO SIGNIFICANT RISK,HIGH,ECMWF ENS,ECMWF ENS | ICON-EU EPS | GEFS,0.0,3,0.0,0,0,0,0,GREEN,БЕЗ ЗНАЧАЈНОГ РИЗИКА,NO SIGNIFICANT RISK,HIGH,ECMWF ENS,ECMWF ENS | ICON-EU EPS | GEFS,0.0,3,0.0,0,0,0,0,GREEN,БЕЗ ЗНАЧАЈНОГ РИЗИКА,NO SIGNIFICANT RISK,HIGH,ECMWF ENS,ECMWF ENS | ICON-EU EPS | GEFS,0.0,3,0.0,0,0,0,0,GREEN,БЕЗ ЗНАЧАЈНОГ РИЗИКА,NO SIGNIFICANT RISK,HIGH,ECMWF ENS,ECMWF ENS | ICON-EU EPS | GEFS,0,GREEN,БЕЗ ЗНАЧАЈНОГ РИЗИКА,NO SIGNIFICANT RISK,NONE,HIGH,18,2026-08-21T06:00:00+00:00,2026-08-22T00:00:00+00:00,STORMS,EXPERIMENTAL,DEVELOPMENTAL MULTIMODEL SIGNAL - NOT CALIBRATED PROBABILITY,PUBLIC OPEN-DATA SERVICES,INDEPENDENT PROJECT - NOT AN OFFICIAL RHMZ WARNING PRODUCT
70467,GADŽIN HAN,GADŽIN HAN,ГАЏИН ХАН,0.0,0.0,0.0,0.0,0.0,8.235773710465658,58.33073806762695,8,48,2026-08-22T00:00:00Z,2026-08-20T00:00:00Z,0.0,0.0,0.0,56.9,0.0,4.4,8,0.0,0.0,11,0.0,0.0,4.5,0.0,0.0,0.0,0.0,0.0,0.0,0.0,3,0.0,0,0,0,0,GREEN,БЕЗ ЗНАЧАЈНОГ РИЗИКА,NO SIGNIFICANT RISK,HIGH,ECMWF ENS,ECMWF ENS | ICON-EU EPS | GEFS,0.0,3,0.0,0,0,0,0,GREEN,БЕЗ ЗНАЧАЈНОГ РИЗИКА,NO SIGNIFICANT RISK,HIGH,ECMWF ENS,ECMWF ENS | ICON-EU EPS | GEFS,0.0,3,0.0,0,0,0,0,GREEN,БЕЗ ЗНАЧАЈНОГ РИЗИКА,NO SIGNIFICANT RISK,HIGH,ECMWF ENS,ECMWF ENS | ICON-EU EPS | GEFS,0.0,3,0.0,0,0,0,0,GREEN,БЕЗ ЗНАЧАЈНОГ РИЗИКА,NO SIGNIFICANT RISK,HIGH,ECMWF ENS,ECMWF ENS | ICON-EU EPS | GEFS,0,GREEN,БЕЗ ЗНАЧАЈНОГ РИЗИКА,NO SIGNIFICANT RISK,NONE,HIGH,18,2026-08-21T06:00:00+00:00,2026-08-22T00:00:00+00:00,STORMS,EXPERIMENTAL,DEVELOPMENTAL MULTIMODEL SIGNAL - NOT CALIBRATED PROBABILITY,PUBLIC OPEN-DATA SERVICES,INDEPENDENT PROJECT - NOT AN OFFICIAL RHMZ WARNING PRODUCT
90034,GLOGOVAC,GLOGOVAC,ГЛОГОВАЦ,0.0,0.0,0.0,0.0,0.0,6.275704560437609,59.29999923706055,8,48,2026-08-22T00:00:00Z,2026-08-20T00:00:00Z,0.0,0.0,0.0,43.9,0.0,4.0,8,0.0,0.0,11,0.0,0.0,4.7,0.0,0.0,0.0,0.0,0.0,0.0,0.0,3,0.0,0,0,0,0,GREEN,БЕЗ ЗНАЧАЈНОГ РИЗИКА,NO SIGNIFICANT RISK,HIGH,ECMWF ENS,ECMWF ENS | ICON-EU EPS | GEFS,0.0,3,0.0,0,0,0,0,GREEN,БЕЗ ЗНАЧАЈНОГ РИЗИКА,NO SIGNIFICANT RISK,HIGH,ECMWF ENS,ECMWF ENS | ICON-EU EPS | GEFS,0.0,3,0.0,0,0,0,0,GREEN,БЕЗ ЗНАЧАЈНОГ РИЗИКА,NO SIGNIFICANT RISK,HIGH,ECMWF ENS,ECMWF ENS | ICON-EU EPS | GEFS,0.0,3,0.0,0,0,0,0,GREEN,БЕЗ ЗНАЧАЈНОГ РИЗИКА,NO SIGNIFICANT RISK,HIGH,ECMWF ENS,ECMWF ENS | ICON-EU EPS | GEFS,0,GREEN,БЕЗ ЗНАЧАЈНОГ РИЗИКА,NO SIGNIFICANT RISK,NONE,HIGH,18,2026-08-21T06:00:00+00:00,2026-08-22T00:00:00+00:00,STORMS,EXPERIMENTAL,DEVELOPMENTAL MULTIMODEL SIGNAL - NOT CALIBRATED PROBABILITY,PUBLIC OPEN-DATA SERVICES,INDEPENDENT PROJECT - NOT AN OFFICIAL RHMZ WARNING PRODUCT
70475,GOLUBAC,GOLUBAC,ГОЛУБАЦ,0.0,0.0,0.0,0.0,0.0,12.8708334267486,60.75000095367432,10,48,2026-08-22T00:00:00Z,2026-08-20T00:00:00Z,0.0,0.0,3.1,53.0,0.0,6.9,10,0.0,0.0,12,0.0,0.0,10.7,0.0,0.0,0.0,0.0,0.0,0.0,0.0,3,0.0,0,0,0,0,GREEN,БЕЗ ЗНАЧАЈНОГ РИЗИКА,NO SIGNIFICANT RISK,HIGH,ECMWF ENS,ECMWF ENS | ICON-EU EPS | GEFS,0.0,3,0.0,0,0,0,0,GREEN,БЕЗ ЗНАЧАЈНОГ РИЗИКА,NO SIGNIFICANT RISK,HIGH,ECMWF ENS,ECMWF ENS | ICON-EU EPS | GEFS,0.0,3,0.0,0,0,0,0,GREEN,БЕЗ ЗНАЧАЈНОГ РИЗИКА,NO SIGNIFICANT RISK,HIGH,ECMWF ENS,ECMWF ENS | ICON-EU EPS | GEFS,0.0,3,0.0,0,0,0,0,GREEN,БЕЗ ЗНАЧАЈНОГ РИЗИКА,NO SIGNIFICANT RISK,HIGH,ECMWF ENS,ECMWF ENS | ICON-EU EPS | GEFS,0,GREEN,БЕЗ ЗНАЧАЈНОГ РИЗИКА,NO SIGNIFICANT RISK,NONE,HIGH,18,2026-08-21T06:00:00+00:00,2026-08-22T00:00:00+00:00,STORMS,EXPERIMENTAL,DEVELOPMENTAL MULTIMODEL SIGNAL - NOT CALIBRATED PROBABILITY,PUBLIC OPEN-DATA SERVICES,INDEPENDENT PROJECT - NOT AN OFFICIAL RHMZ WARNING PRODUCT
70483,GORNJI MILANOVAC,GORNJI MILANOVAC,ГОРЊИ МИЛАНОВАЦ,0.0,0.0,0.0,0.0,0.0,14.497609155466805,54.35573768615723,10,48,2026-08-22T00:00:00Z,2026-08-20T00:00:00Z,0.0,0.0,0.0,58.4,0.0,12.8,10,0.0,0.0,11,0.0,0.0,12.6,0.0,0.0,0.0,0.0,0.0,0.0,0.0,3,0.0,0,0,0,0,GREEN,БЕЗ ЗНАЧАЈНОГ РИЗИКА,NO SIGNIFICANT RISK,HIGH,ECMWF ENS,ECMWF ENS | ICON-EU EPS | GEFS,0.0,3,0.0,0,0,0,0,GREEN,БЕЗ ЗНАЧАЈНОГ РИЗИКА,NO SIGNIFICANT RISK,HIGH,ECMWF ENS,ECMWF ENS | ICON-EU EPS | GEFS,0.0,3,0.0,0,0,0,0,GREEN,БЕЗ ЗНАЧАЈНОГ РИЗИКА,NO SIGNIFICANT RISK,HIGH,ECMWF ENS,ECMWF ENS | ICON-EU EPS | GEFS,0.0,3,0.0,0,0,0,0,GREEN,БЕЗ ЗНАЧАЈНОГ РИЗИКА,NO SIGNIFICANT RISK,HIGH,ECMWF ENS,ECMWF ENS | ICON-EU EPS | GEFS,0,GREEN,БЕЗ ЗНАЧАЈНОГ РИЗИКА,NO SIGNIFICANT RISK,NONE,HIGH,18,2026-08-21T06:00:00+00:00,2026-08-22T00:00:00+00:00,STORMS,EXPERIMENTAL,DEVELOPMENTAL MULTIMODEL SIGNAL - NOT CALIBRATED PROBABILITY,PUBLIC OPEN-DATA SERVICES,INDEPENDENT PROJECT - NOT AN OFFICIAL RHMZ WARNING PRODUCT
90336,GORA,GORA,ГОРА,0.0,0.0,0.0,0.0,0.0,3.581326534735621,61.93071746826172,7,48,2026-08-22T00:00:00Z,2026-08-20T00:00:00Z,0.0,0.0,0.0,38.3,0.0,2.1,7,0.0,0.0,10,0.0,0.0,4.4,0.0,0.0,0.0,0.0,0.0,0.0,0.0,3,0.0,0,0,0,0,GREEN,БЕЗ ЗНАЧАЈНОГ РИЗИКА,NO SIGNIFICANT RISK,HIGH,ECMWF ENS,ECMWF ENS | ICON-EU EPS | GEFS,0.0,3,0.0,0,0,0,0,GREEN,БЕЗ ЗНАЧАЈНОГ РИЗИКА,NO SIGNIFICANT RISK,HIGH,ECMWF ENS,ECMWF ENS | ICON-EU EPS | GEFS,0.0,3,0.0,0,0,0,0,GREEN,БЕЗ ЗНАЧАЈНОГ РИЗИКА,NO SIGNIFICANT RISK,HIGH,ECMWF ENS,ECMWF ENS | ICON-EU EPS | GEFS,0.0,3,0.0,0,0,0,0,GREEN,БЕЗ ЗНАЧАЈНОГ РИЗИКА,NO SIGNIFICANT RISK,HIGH,ECMWF ENS,ECMWF ENS | ICON-EU EPS | GEFS,0,GREEN,БЕЗ ЗНАЧАЈНОГ РИЗИКА,NO SIGNIFICANT RISK,NONE,HIGH,18,2026-08-21T06:00:00+00:00,2026-08-22T00:00:00+00:00,STORMS,EXPERIMENTAL,DEVELOPMENTAL MULTIMODEL SIGNAL - NOT CALIBRATED PROBABILITY,PUBLIC OPEN-DATA SERVICES,INDEPENDENT PROJECT - NOT AN OFFICIAL RHMZ WARNING PRODUCT
70491,DESPOTOVAC,DESPOTOVAC,ДЕСПОТОВАЦ,0.0,0.0,0.0,0.0,0.0,14.50612498542636,60.29315185546875,11,48,2026-08-22T00:00:00Z,2026-08-20T00:00:00Z,0.0,0.0,0.0,49.4,0.0,8.6,11,0.0,0.0,9,0.0,0.0,8.9,0.0,0.0,0.0,0.0,0.0,0.0,0.0,3,0.0,0,0,0,0,GREEN,БЕЗ ЗНАЧАЈНОГ РИЗИКА,NO SIGNIFICANT RISK,HIGH,ECMWF ENS,ECMWF ENS | ICON-EU EPS | GEFS,0.0,3,0.0,0,0,0,0,GREEN,БЕЗ ЗНАЧАЈНОГ РИЗИКА,NO SIGNIFICANT RISK,HIGH,ECMWF ENS,ECMWF ENS | ICON-EU EPS | GEFS,0.0,3,0.0,0,0,0,0,GREEN,БЕЗ ЗНАЧАЈНОГ РИЗИКА,NO SIGNIFICANT RISK,HIGH,ECMWF ENS,ECMWF ENS | ICON-EU EPS | GEFS,0.0,3,0.0,0,0,0,0,GREEN,БЕЗ ЗНАЧАЈНОГ РИЗИКА,NO SIGNIFICANT RISK,HIGH,ECMWF ENS,ECMWF ENS | ICON-EU EPS | GEFS,0,GREEN,БЕЗ ЗНАЧАЈНОГ РИЗИКА,NO SIGNIFICANT RISK,NONE,HIGH,18,2026-08-21T06:00:00+00:00,2026-08-22T00:00:00+00:00,STORMS,EXPERIMENTAL,DEVELOPMENTAL MULTIMODEL SIGNAL - NOT CALIBRATED PROBABILITY,PUBLIC OPEN-DATA SERVICES,INDEPENDENT PROJECT - NOT AN OFFICIAL RHMZ WARNING PRODUCT
90069,DEČANI,DEČANI,ДЕЧАНИ,0.0,0.0,0.0,0.0,0.0,6.3419402080678005,56.2568473815918,9,48,2026-08-22T00:00:00Z,2026-08-20T00:00:00Z,0.0,0.0,0.0,51.1,0.0,6.2,9,0.0,0.0,11,0.0,0.0,6.8,0.0,0.0,0.0,0.0,0.0,0.0,0.0,3,0.0,0,0,0,0,GREEN,БЕЗ ЗНАЧАЈНОГ РИЗИКА,NO SIGNIFICANT RISK,HIGH,ECMWF ENS,ECMWF ENS | ICON-EU EPS | GEFS,0.0,3,0.0,0,0,0,0,GREEN,БЕЗ ЗНАЧАЈНОГ РИЗИКА,NO SIGNIFICANT RISK,HIGH,ECMWF ENS,ECMWF ENS | ICON-EU EPS | GEFS,0.0,3,0.0,0,0,0,0,GREEN,БЕЗ ЗНАЧАЈНОГ РИЗИКА,NO SIGNIFICANT RISK,HIGH,ECMWF ENS,ECMWF ENS | ICON-EU EPS | GEFS,0.0,3,0.0,0,0,0,0,GREEN,БЕЗ ЗНАЧАЈНОГ РИЗИКА,NO SIGNIFICANT RISK,HIGH,ECMWF ENS,ECMWF ENS | ICON-EU EPS | GEFS,0,GREEN,БЕЗ ЗНАЧАЈНОГ РИЗИКА,NO SIGNIFICANT RISK,NONE,HIGH,18,2026-08-21T06:00:00+00:00,2026-08-22T00:00:00+00:00,STORMS,EXPERIMENTAL,DEVELOPMENTAL MULTIMODEL SIGNAL - NOT CALIBRATED PROBABILITY,PUBLIC OPEN-DATA SERVICES,INDEPENDENT PROJECT - NOT AN OFFICIAL RHMZ WARNING PRODUCT
70505,DIMITROVGRAD,DIMITROVGRAD,ДИМИТРОВГРАД,0.0,0.0,0.0,0.0,0.0,3.805521603104208,58.64315128326416,10,48,2026-08-22T00:00:00Z,2026-08-20T00:00:00Z,0.0,0.0,0.0,54.0,0.0,1.9,10,0.0,0.0,12,0.0,0.0,3.0,0.0,0.0,0.0,0.0,0.0,0.0,0.0,3,0.0,0,0,0,0,GREEN,БЕЗ ЗНАЧАЈНОГ РИЗИКА,NO SIGNIFICANT RISK,HIGH,ECMWF ENS,ECMWF ENS | ICON-EU EPS | GEFS,0.0,3,0.0,0,0,0,0,GREEN,БЕЗ ЗНАЧАЈНОГ РИЗИКА,NO SIGNIFICANT RISK,HIGH,ECMWF ENS,ECMWF ENS | ICON-EU EPS | GEFS,0.0,3,0.0,0,0,0,0,GREEN,БЕЗ ЗНАЧАЈНОГ РИЗИКА,NO SIGNIFICANT RISK,HIGH,ECMWF ENS,ECMWF ENS | ICON-EU EPS | GEFS,0.0,3,0.0,0,0,0,0,GREEN,БЕЗ ЗНАЧАЈНОГ РИЗИКА,NO SIGNIFICANT RISK,HIGH,ECMWF ENS,ECMWF ENS | ICON-EU EPS | GEFS,0,GREEN,БЕЗ ЗНАЧАЈНОГ РИЗИКА,NO SIGNIFICANT RISK,NONE,HIGH,18,2026-08-21T06:00:00+00:00,2026-08-22T00:00:00+00:00,STORMS,EXPERIMENTAL,DEVELOPMENTAL MULTIMODEL SIGNAL - NOT CALIBRATED PROBABILITY,PUBLIC OPEN-DATA SERVICES,INDEPENDENT PROJECT - NOT AN OFFICIAL RHMZ WARNING PRODUCT
70513,DOLJEVAC,DOLJEVAC,ДОЉЕВАЦ,0.0,0.0,0.0,0.0,0.0,10.649304831565871,58.555023193359375,5,48,2026-08-22T00:00:00Z,2026-08-20T00:00:00Z,0.0,0.0,0.0,54.1,0.0,5.8,5,0.0,0.0,10,0.0,0.0,5.1,0.0,0.0,0.0,0.0,0.0,0.0,0.0,3,0.0,0,0,0,0,GREEN,БЕЗ ЗНАЧАЈНОГ РИЗИКА,NO SIGNIFICANT RISK,HIGH,ECMWF ENS,ECMWF ENS | ICON-EU EPS | GEFS,0.0,3,0.0,0,0,0,0,GREEN,БЕЗ ЗНАЧАЈНОГ РИЗИКА,NO SIGNIFICANT RISK,HIGH,ECMWF ENS,ECMWF ENS | ICON-EU EPS | GEFS,0.0,3,0.0,0,0,0,0,GREEN,БЕЗ ЗНАЧАЈНОГ РИЗИКА,NO SIGNIFICANT RISK,HIGH,ECMWF ENS,ECMWF ENS | ICON-EU EPS | GEFS,0.0,3,0.0,0,0,0,0,GREEN,БЕЗ ЗНАЧАЈНОГ РИЗИКА,NO SIGNIFICANT RISK,HIGH,ECMWF ENS,ECMWF ENS | ICON-EU EPS | GEFS,0,GREEN,БЕЗ ЗНАЧАЈНОГ РИЗИКА,NO SIGNIFICANT RISK,NONE,HIGH,18,2026-08-21T06:00:00+00:00,2026-08-22T00:00:00+00:00,STORMS,EXPERIMENTAL,DEVELOPMENTAL MULTIMODEL SIGNAL - NOT CALIBRATED PROBABILITY,PUBLIC OPEN-DATA SERVICES,INDEPENDENT PROJECT - NOT AN OFFICIAL RHMZ WARNING PRODUCT
80136,ŽABALJ,ŽABALJ,ЖАБАЉ,0.0,0.0,0.0,0.0,6.0,14.210383729728717,59.9056282043457,8,48,2026-08-22T00:00:00Z,2026-08-20T00:00:00Z,0.0,0.0,103.9,65.1,0.0,11.5,8,0.0,0.0,12,39.6,0.0,14.4,0.0,0.0,0.0,0.0,0.0,0.0,0.0,3,0.0,0,0,0,0,GREEN,БЕЗ ЗНАЧАЈНОГ РИЗИКА,NO SIGNIFICANT RISK,HIGH,ECMWF ENS,ECMWF ENS | ICON-EU EPS | GEFS,0.0,3,0.0,0,0,0,0,GREEN,БЕЗ ЗНАЧАЈНОГ РИЗИКА,NO SIGNIFICANT RISK,HIGH,ECMWF ENS,ECMWF ENS | ICON-EU EPS | GEFS,0.0,3,0.0,0,0,0,0,GREEN,БЕЗ ЗНАЧАЈНОГ РИЗИКА,NO SIGNIFICANT RISK,HIGH,ECMWF ENS,ECMWF ENS | ICON-EU EPS | GEFS,0.0,3,0.0,0,0,0,0,GREEN,БЕЗ ЗНАЧАЈНОГ РИЗИКА,NO SIGNIFICANT RISK,HIGH,ECMWF ENS,ECMWF ENS | ICON-EU EPS | GEFS,0,GREEN,БЕЗ ЗНАЧАЈНОГ РИЗИКА,NO SIGNIFICANT RISK,NONE,HIGH,18,2026-08-21T06:00:00+00:00,2026-08-22T00:00:00+00:00,STORMS,EXPERIMENTAL,DEVELOPMENTAL MULTIMODEL SIGNAL - NOT CALIBRATED PROBABILITY,PUBLIC OPEN-DATA SERVICES,INDEPENDENT PROJECT - NOT AN OFFICIAL RHMZ WARNING PRODUCT
70521,ŽABARI,ŽABARI,ЖАБАРИ,0.0,0.0,0.0,0.0,0.0,14.641305761565524,59.09685134887695,6,48,2026-08-22T00:00:00Z,2026-08-20T00:00:00Z,0.0,0.0,0.0,52.6,0.0,9.3,6,0.0,0.0,11,0.0,0.0,12.1,0.0,0.0,0.0,0.0,0.0,0.0,0.0,3,0.0,0,0,0,0,GREEN,БЕЗ ЗНАЧАЈНОГ РИЗИКА,NO SIGNIFICANT RISK,HIGH,ECMWF ENS,ECMWF ENS | ICON-EU EPS | GEFS,0.0,3,0.0,0,0,0,0,GREEN,БЕЗ ЗНАЧАЈНОГ РИЗИКА,NO SIGNIFICANT RISK,HIGH,ECMWF ENS,ECMWF ENS | ICON-EU EPS | GEFS,0.0,3,0.0,0,0,0,0,GREEN,БЕЗ ЗНАЧАЈНОГ РИЗИКА,NO SIGNIFICANT RISK,HIGH,ECMWF ENS,ECMWF ENS | ICON-EU EPS | GEFS,0.0,3,0.0,0,0,0,0,GREEN,БЕЗ ЗНАЧАЈНОГ РИЗИКА,NO SIGNIFICANT RISK,HIGH,ECMWF ENS,ECMWF ENS | ICON-EU EPS | GEFS,0,GREEN,БЕЗ ЗНАЧАЈНОГ РИЗИКА,NO SIGNIFICANT RISK,NONE,HIGH,18,2026-08-21T06:00:00+00:00,2026-08-22T00:00:00+00:00,STORMS,EXPERIMENTAL,DEVELOPMENTAL MULTIMODEL SIGNAL - NOT CALIBRATED PROBABILITY,PUBLIC OPEN-DATA SERVICES,INDEPENDENT PROJECT - NOT AN OFFICIAL RHMZ WARNING PRODUCT
70530,ŽAGUBICA,ŽAGUBICA,ЖАГУБИЦА,0.0,0.0,0.0,0.0,0.0,13.487108897378068,60.29315185546875,11,48,2026-08-22T00:00:00Z,2026-08-20T00:00:00Z,0.0,0.0,0.0,51.7,0.0,5.1,11,0.0,0.0,9,0.0,0.0,8.0,0.0,0.0,0.0,0.0,0.0,0.0,0.0,3,0.0,0,0,0,0,GREEN,БЕЗ ЗНАЧАЈНОГ РИЗИКА,NO SIGNIFICANT RISK,HIGH,ECMWF ENS,ECMWF ENS | ICON-EU EPS | GEFS,0.0,3,0.0,0,0,0,0,GREEN,БЕЗ ЗНАЧАЈНОГ РИЗИКА,NO SIGNIFICANT RISK,HIGH,ECMWF ENS,ECMWF ENS | ICON-EU EPS | GEFS,0.0,3,0.0,0,0,0,0,GREEN,БЕЗ ЗНАЧАЈНОГ РИЗИКА,NO SIGNIFICANT RISK,HIGH,ECMWF ENS,ECMWF ENS | ICON-EU EPS | GEFS,0.0,3,0.0,0,0,0,0,GREEN,БЕЗ ЗНАЧАЈНОГ РИЗИКА,NO SIGNIFICANT RISK,HIGH,ECMWF ENS,ECMWF ENS | ICON-EU EPS | GEFS,0,GREEN,БЕЗ ЗНАЧАЈНОГ РИЗИКА,NO SIGNIFICANT RISK,NONE,HIGH,18,2026-08-21T06:00:00+00:00,2026-08-22T00:00:00+00:00,STORMS,EXPERIMENTAL,DEVELOPMENTAL MULTIMODEL SIGNAL - NOT CALIBRATED PROBABILITY,PUBLIC OPEN-DATA SERVICES,INDEPENDENT PROJECT - NOT AN OFFICIAL RHMZ WARNING PRODUCT
80144,ŽITIŠTE,ŽITIŠTE,ЖИТИШТЕ,0.0,0.0,0.0,0.0,3.0,13.519306573494918,60.37814998626709,10,48,2026-08-22T00:00:00Z,2026-08-20T00:00:00Z,0.0,0.0,0.0,65.5,0.0,12.0,10,0.0,0.0,11,0.2,0.0,13.8,0.0,0.0,0.0,0.0,0.0,0.0,0.0,3,0.0,0,0,0,0,GREEN,БЕЗ ЗНАЧАЈНОГ РИЗИКА,NO SIGNIFICANT RISK,HIGH,ECMWF ENS,ECMWF ENS | ICON-EU EPS | GEFS,0.0,3,0.0,0,0,0,0,GREEN,БЕЗ ЗНАЧАЈНОГ РИЗИКА,NO SIGNIFICANT RISK,HIGH,ECMWF ENS,ECMWF ENS | ICON-EU EPS | GEFS,0.0,3,0.0,0,0,0,0,GREEN,БЕЗ ЗНАЧАЈНОГ РИЗИКА,NO SIGNIFICANT RISK,HIGH,ECMWF ENS,ECMWF ENS | ICON-EU EPS | GEFS,0.0,3,0.0,0,0,0,0,GREEN,БЕЗ ЗНАЧАЈНОГ РИЗИКА,NO SIGNIFICANT RISK,HIGH,ECMWF ENS,ECMWF ENS | ICON-EU EPS | GEFS,0,GREEN,БЕЗ ЗНАЧАЈНОГ РИЗИКА,NO SIGNIFICANT RISK,NONE,HIGH,18,2026-08-21T06:00:00+00:00,2026-08-22T00:00:00+00:00,STORMS,EXPERIMENTAL,DEVELOPMENTAL MULTIMODEL SIGNAL - NOT CALIBRATED PROBABILITY,PUBLIC OPEN-DATA SERVICES,INDEPENDENT PROJECT - NOT AN OFFICIAL RHMZ WARNING PRODUCT
70548,ŽITORAĐA,ŽITORAĐA,ЖИТОРАЂА,0.0,0.0,0.0,0.0,0.0,10.649304831565871,58.555023193359375,6,48,2026-08-22T00:00:00Z,2026-08-20T00:00:00Z,0.0,0.0,0.0,54.1,0.0,5.8,6,0.0,0.0,13,0.0,0.0,5.3,0.0,0.0,0.0,0.0,0.0,0.0,0.0,3,0.0,0,0,0,0,GREEN,БЕЗ ЗНАЧАЈНОГ РИЗИКА,NO SIGNIFICANT RISK,HIGH,ECMWF ENS,ECMWF ENS | ICON-EU EPS | GEFS,0.0,3,0.0,0,0,0,0,GREEN,БЕЗ ЗНАЧАЈНОГ РИЗИКА,NO SIGNIFICANT RISK,HIGH,ECMWF ENS,ECMWF ENS | ICON-EU EPS | GEFS,0.0,3,0.0,0,0,0,0,GREEN,БЕЗ ЗНАЧАЈНОГ РИЗИКА,NO SIGNIFICANT RISK,HIGH,ECMWF ENS,ECMWF ENS | ICON-EU EPS | GEFS,0.0,3,0.0,0,0,0,0,GREEN,БЕЗ ЗНАЧАЈНОГ РИЗИКА,NO SIGNIFICANT RISK,HIGH,ECMWF ENS,ECMWF ENS | ICON-EU EPS | GEFS,0,GREEN,БЕЗ ЗНАЧАЈНОГ РИЗИКА,NO SIGNIFICANT RISK,NONE,HIGH,18,2026-08-21T06:00:00+00:00,2026-08-22T00:00:00+00:00,STORMS,EXPERIMENTAL,DEVELOPMENTAL MULTIMODEL SIGNAL - NOT CALIBRATED PROBABILITY,PUBLIC OPEN-DATA SERVICES,INDEPENDENT PROJECT - NOT AN OFFICIAL RHMZ WARNING PRODUCT
70556,ZAJEČAR-GRAD,ZAJEČAR-GRAD,ЗАЈЕЧАР-ГРАД,0.0,0.0,0.0,0.0,0.0,10.069299474870435,60.79315185546875,14,48,2026-08-22T00:00:00Z,2026-08-20T00:00:00Z,0.0,0.0,48.6,55.3,0.0,4.6,14,0.0,0.0,10,0.6,0.0,6.0,0.0,0.0,0.0,0.0,0.0,0.0,0.0,3,0.0,0,0,0,0,GREEN,БЕЗ ЗНАЧАЈНОГ РИЗИКА,NO SIGNIFICANT RISK,HIGH,ECMWF ENS,ECMWF ENS | ICON-EU EPS | GEFS,0.0,3,0.0,0,0,0,0,GREEN,БЕЗ ЗНАЧАЈНОГ РИЗИКА,NO SIGNIFICANT RISK,HIGH,ECMWF ENS,ECMWF ENS | ICON-EU EPS | GEFS,0.0,3,0.0,0,0,0,0,GREEN,БЕЗ ЗНАЧАЈНОГ РИЗИКА,NO SIGNIFICANT RISK,HIGH,ECMWF ENS,ECMWF ENS | ICON-EU EPS | GEFS,0.0,3,0.0,0,0,0,0,GREEN,БЕЗ ЗНАЧАЈНОГ РИЗИКА,NO SIGNIFICANT RISK,HIGH,ECMWF ENS,ECMWF ENS | ICON-EU EPS | GEFS,0,GREEN,БЕЗ ЗНАЧАЈНОГ РИЗИКА,NO SIGNIFICANT RISK,NONE,HIGH,18,2026-08-21T06:00:00+00:00,2026-08-22T00:00:00+00:00,STORMS,EXPERIMENTAL,DEVELOPMENTAL MULTIMODEL SIGNAL - NOT CALIBRATED PROBABILITY,PUBLIC OPEN-DATA SERVICES,INDEPENDENT PROJECT - NOT AN OFFICIAL RHMZ WARNING PRODUCT
90352,ZVEČAN,ZVEČAN,ЗВЕЧАН,0.0,0.0,0.0,0.0,0.0,8.536789688863477,59.10000038146973,6,48,2026-08-22T00:00:00Z,2026-08-20T00:00:00Z,0.0,0.0,0.0,39.5,0.0,5.1,6,0.0,0.0,11,0.0,0.0,6.3,0.0,0.0,0.0,0.0,0.0,0.0,0.0,3,0.0,0,0,0,0,GREEN,БЕЗ ЗНАЧАЈНОГ РИЗИКА,NO SIGNIFICANT RISK,HIGH,ECMWF ENS,ECMWF ENS | ICON-EU EPS | GEFS,0.0,3,0.0,0,0,0,0,GREEN,БЕЗ ЗНАЧАЈНОГ РИЗИКА,NO SIGNIFICANT RISK,HIGH,ECMWF ENS,ECMWF ENS | ICON-EU EPS | GEFS,0.0,3,0.0,0,0,0,0,GREEN,БЕЗ ЗНАЧАЈНОГ РИЗИКА,NO SIGNIFICANT RISK,HIGH,ECMWF ENS,ECMWF ENS | ICON-EU EPS | GEFS,0.0,3,0.0,0,0,0,0,GREEN,БЕЗ ЗНАЧАЈНОГ РИЗИКА,NO SIGNIFICANT RISK,HIGH,ECMWF ENS,ECMWF ENS | ICON-EU EPS | GEFS,0,GREEN,БЕЗ ЗНАЧАЈНОГ РИЗИКА,NO SIGNIFICANT RISK,NONE,HIGH,18,2026-08-21T06:00:00+00:00,2026-08-22T00:00:00+00:00,STORMS,EXPERIMENTAL,DEVELOPMENTAL MULTIMODEL SIGNAL - NOT CALIBRATED PROBABILITY,PUBLIC OPEN-DATA SERVICES,INDEPENDENT PROJECT - NOT AN OFFICIAL RHMZ WARNING PRODUCT
80152,ZRENJANIN-GRAD,ZRENJANIN-GRAD,ЗРЕЊАНИН-ГРАД,0.0,0.0,0.0,0.0,6.0,14.210383729728717,60.14999961853027,14,48,2026-08-22T00:00:00Z,2026-08-20T00:00:00Z,0.0,0.0,0.0,65.5,0.0,12.0,14,0.0,0.0,13,1.4,0.0,14.6,0.0,0.0,0.0,0.0,0.0,0.0,0.0,3,0.0,0,0,0,0,GREEN,БЕЗ ЗНАЧАЈНОГ РИЗИКА,NO SIGNIFICANT RISK,HIGH,ECMWF ENS,ECMWF ENS | ICON-EU EPS | GEFS,0.0,3,0.0,0,0,0,0,GREEN,БЕЗ ЗНАЧАЈНОГ РИЗИКА,NO SIGNIFICANT RISK,HIGH,ECMWF ENS,ECMWF ENS | ICON-EU EPS | GEFS,0.0,3,0.0,0,0,0,0,GREEN,БЕЗ ЗНАЧАЈНОГ РИЗИКА,NO SIGNIFICANT RISK,HIGH,ECMWF ENS,ECMWF ENS | ICON-EU EPS | GEFS,0.0,3,0.0,0,0,0,0,GREEN,БЕЗ ЗНАЧАЈНОГ РИЗИКА,NO SIGNIFICANT RISK,HIGH,ECMWF ENS,ECMWF ENS | ICON-EU EPS | GEFS,0,GREEN,БЕЗ ЗНАЧАЈНОГ РИЗИКА,NO SIGNIFICANT RISK,NONE,HIGH,18,2026-08-21T06:00:00+00:00,2026-08-22T00:00:00+00:00,STORMS,EXPERIMENTAL,DEVELOPMENTAL MULTIMODEL SIGNAL - NOT CALIBRATED PROBABILITY,PUBLIC OPEN-DATA SERVICES,INDEPENDENT PROJECT - NOT AN OFFICIAL RHMZ WARNING PRODUCT
90093,ZUBIN POTOK,ZUBIN POTOK,ЗУБИН ПОТОК,0.0,0.0,0.0,0.0,0.0,8.536789688863477,59.10000038146973,8,48,2026-08-22T00:00:00Z,2026-08-20T00:00:00Z,0.0,0.0,0.0,39.5,0.0,5.1,8,0.0,0.0,11,0.0,0.0,6.3,0.0,0.0,0.0,0.0,0.0,0.0,0.0,3,0.0,0,0,0,0,GREEN,БЕЗ ЗНАЧАЈНОГ РИЗИКА,NO SIGNIFICANT RISK,HIGH,ECMWF ENS,ECMWF ENS | ICON-EU EPS | GEFS,0.0,3,0.0,0,0,0,0,GREEN,БЕЗ ЗНАЧАЈНОГ РИЗИКА,NO SIGNIFICANT RISK,HIGH,ECMWF ENS,ECMWF ENS | ICON-EU EPS | GEFS,0.0,3,0.0,0,0,0,0,GREEN,БЕЗ ЗНАЧАЈНОГ РИЗИКА,NO SIGNIFICANT RISK,HIGH,ECMWF ENS,ECMWF ENS | ICON-EU EPS | GEFS,0.0,3,0.0,0,0,0,0,GREEN,БЕЗ ЗНАЧАЈНОГ РИЗИКА,NO SIGNIFICANT RISK,HIGH,ECMWF ENS,ECMWF ENS | ICON-EU EPS | GEFS,0,GREEN,БЕЗ ЗНАЧАЈНОГ РИЗИКА,NO SIGNIFICANT RISK,NONE,HIGH,18,2026-08-21T06:00:00+00:00,2026-08-22T00:00:00+00:00,STORMS,EXPERIMENTAL,DEVELOPMENTAL MULTIMODEL SIGNAL - NOT CALIBRATED PROBABILITY,PUBLIC OPEN-DATA SERVICES,INDEPENDENT PROJECT - NOT AN OFFICIAL RHMZ WARNING PRODUCT
70564,IVANJICA,IVANJICA,ИВАЊИЦА,0.0,0.0,0.0,0.0,0.0,12.075157618755576,52.83314323425293,11,48,2026-08-22T00:00:00Z,2026-08-20T00:00:00Z,0.0,0.0,0.0,52.8,0.0,6.8,11,0.0,0.0,11,0.0,0.0,7.5,0.0,0.0,0.0,0.0,0.0,0.0,0.0,3,0.0,0,0,0,0,GREEN,БЕЗ ЗНАЧАЈНОГ РИЗИКА,NO SIGNIFICANT RISK,HIGH,ECMWF ENS,ECMWF ENS | ICON-EU EPS | GEFS,0.0,3,0.0,0,0,0,0,GREEN,БЕЗ ЗНАЧАЈНОГ РИЗИКА,NO SIGNIFICANT RISK,HIGH,ECMWF ENS,ECMWF ENS | ICON-EU EPS | GEFS,0.0,3,0.0,0,0,0,0,GREEN,БЕЗ ЗНАЧАЈНОГ РИЗИКА,NO SIGNIFICANT RISK,HIGH,ECMWF ENS,ECMWF ENS | ICON-EU EPS | GEFS,0.0,3,0.0,0,0,0,0,GREEN,БЕЗ ЗНАЧАЈНОГ РИЗИКА,NO SIGNIFICANT RISK,HIGH,ECMWF ENS,ECMWF ENS | ICON-EU EPS | GEFS,0,GREEN,БЕЗ ЗНАЧАЈНОГ РИЗИКА,NO SIGNIFICANT RISK,NONE,HIGH,18,2026-08-21T06:00:00+00:00,2026-08-22T00:00:00+00:00,STORMS,EXPERIMENTAL,DEVELOPMENTAL MULTIMODEL SIGNAL - NOT CALIBRATED PROBABILITY,PUBLIC OPEN-DATA SERVICES,INDEPENDENT PROJECT - NOT AN OFFICIAL RHMZ WARNING PRODUCT
80179,INĐIJA,INĐIJA,ИНЂИЈА,0.0,0.0,0.0,0.0,5.0,14.210383729728717,58.29999923706055,8,48,2026-08-22T00:00:00Z,2026-08-20T00:00:00Z,0.0,0.0,61.5,63.0,0.0,12.0,8,0.0,0.0,10,23.2,0.0,15.1,0.0,0.0,0.0,0.0,0.0,0.0,0.0,3,0.0,0,0,0,0,GREEN,БЕЗ ЗНАЧАЈНОГ РИЗИКА,NO SIGNIFICANT RISK,HIGH,ECMWF ENS,ECMWF ENS | ICON-EU EPS | GEFS,0.0,3,0.0,0,0,0,0,GREEN,БЕЗ ЗНАЧАЈНОГ РИЗИКА,NO SIGNIFICANT RISK,HIGH,ECMWF ENS,ECMWF ENS | ICON-EU EPS | GEFS,0.0,3,0.0,0,0,0,0,GREEN,БЕЗ ЗНАЧАЈНОГ РИЗИКА,NO SIGNIFICANT RISK,HIGH,ECMWF ENS,ECMWF ENS | ICON-EU EPS | GEFS,0.0,3,0.0,0,0,0,0,GREEN,БЕЗ ЗНАЧАЈНОГ РИЗИКА,NO SIGNIFICANT RISK,HIGH,ECMWF ENS,ECMWF ENS | ICON-EU EPS | GEFS,0,GREEN,БЕЗ ЗНАЧАЈНОГ РИЗИКА,NO SIGNIFICANT RISK,NONE,HIGH,18,2026-08-21T06:00:00+00:00,2026-08-22T00:00:00+00:00,STORMS,EXPERIMENTAL,DEVELOPMENTAL MULTIMODEL SIGNAL - NOT CALIBRATED PROBABILITY,PUBLIC OPEN-DATA SERVICES,INDEPENDENT PROJECT - NOT AN OFFICIAL RHMZ WARNING PRODUCT
80187,IRIG,IRIG,ИРИГ,0.0,0.0,0.0,0.0,5.0,14.210383729728717,55.90032386779785,7,48,2026-08-22T00:00:00Z,2026-08-20T00:00:00Z,0.0,0.0,104.6,59.7,0.0,10.7,7,0.0,0.0,12,54.2,0.0,15.2,0.0,0.0,0.0,0.0,0.0,0.0,0.0,3,0.0,0,0,0,0,GREEN,БЕЗ ЗНАЧАЈНОГ РИЗИКА,NO SIGNIFICANT RISK,HIGH,ECMWF ENS,ECMWF ENS | ICON-EU EPS | GEFS,0.0,3,0.0,0,0,0,0,GREEN,БЕЗ ЗНАЧАЈНОГ РИЗИКА,NO SIGNIFICANT RISK,HIGH,ECMWF ENS,ECMWF ENS | ICON-EU EPS | GEFS,0.0,3,0.0,0,0,0,0,GREEN,БЕЗ ЗНАЧАЈНОГ РИЗИКА,NO SIGNIFICANT RISK,HIGH,ECMWF ENS,ECMWF ENS | ICON-EU EPS | GEFS,0.0,3,0.0,0,0,0,0,GREEN,БЕЗ ЗНАЧАЈНОГ РИЗИКА,NO SIGNIFICANT RISK,HIGH,ECMWF ENS,ECMWF ENS | ICON-EU EPS | GEFS,0,GREEN,БЕЗ ЗНАЧАЈНОГ РИЗИКА,NO SIGNIFICANT RISK,NONE,HIGH,18,2026-08-21T06:00:00+00:00,2026-08-22T00:00:00+00:00,STORMS,EXPERIMENTAL,DEVELOPMENTAL MULTIMODEL SIGNAL - NOT CALIBRATED PROBABILITY,PUBLIC OPEN-DATA SERVICES,INDEPENDENT PROJECT - NOT AN OFFICIAL RHMZ WARNING PRODUCT
90107,ISTOK,ISTOK,ИСТОК,0.0,0.0,0.0,0.0,0.0,7.740600942164344,56.764193534851074,9,48,2026-08-22T00:00:00Z,2026-08-20T00:00:00Z,0.0,0.0,0.0,50.1,0.0,4.5,9,0.0,0.0,11,0.0,0.0,6.4,0.0,0.0,0.0,0.0,0.0,0.0,0.0,3,0.0,0,0,0,0,GREEN,БЕЗ ЗНАЧАЈНОГ РИЗИКА,NO SIGNIFICANT RISK,HIGH,ECMWF ENS,ECMWF ENS | ICON-EU EPS | GEFS,0.0,3,0.0,0,0,0,0,GREEN,БЕЗ ЗНАЧАЈНОГ РИЗИКА,NO SIGNIFICANT RISK,HIGH,ECMWF ENS,ECMWF ENS | ICON-EU EPS | GEFS,0.0,3,0.0,0,0,0,0,GREEN,БЕЗ ЗНАЧАЈНОГ РИЗИКА,NO SIGNIFICANT RISK,HIGH,ECMWF ENS,ECMWF ENS | ICON-EU EPS | GEFS,0.0,3,0.0,0,0,0,0,GREEN,БЕЗ ЗНАЧАЈНОГ РИЗИКА,NO SIGNIFICANT RISK,HIGH,ECMWF ENS,ECMWF ENS | ICON-EU EPS | GEFS,0,GREEN,БЕЗ ЗНАЧАЈНОГ РИЗИКА,NO SIGNIFICANT RISK,NONE,HIGH,18,2026-08-21T06:00:00+00:00,2026-08-22T00:00:00+00:00,STORMS,EXPERIMENTAL,DEVELOPMENTAL MULTIMODEL SIGNAL - NOT CALIBRATED PROBABILITY,PUBLIC OPEN-DATA SERVICES,INDEPENDENT PROJECT - NOT AN OFFICIAL RHMZ WARNING PRODUCT
70602,KNJAŽEVAC,KNJAŽEVAC,КЊАЖЕВАЦ,0.0,0.0,0.0,0.0,0.0,10.66412285182762,60.150001525878906,13,48,2026-08-22T00:00:00Z,2026-08-20T00:00:00Z,0.0,0.0,105.2,51.3,0.0,6.5,13,0.0,0.0,13,1.2,0.0,4.3,0.0,0.0,0.0,0.0,0.0,0.0,0.0,3,0.0,0,0,0,0,GREEN,БЕЗ ЗНАЧАЈНОГ РИЗИКА,NO SIGNIFICANT RISK,HIGH,ECMWF ENS,ECMWF ENS | ICON-EU EPS | GEFS,0.0,3,0.0,0,0,0,0,GREEN,БЕЗ ЗНАЧАЈНОГ РИЗИКА,NO SIGNIFICANT RISK,HIGH,ECMWF ENS,ECMWF ENS | ICON-EU EPS | GEFS,0.0,3,0.0,0,0,0,0,GREEN,БЕЗ ЗНАЧАЈНОГ РИЗИКА,NO SIGNIFICANT RISK,HIGH,ECMWF ENS,ECMWF ENS | ICON-EU EPS | GEFS,0.0,3,0.0,0,0,0,0,GREEN,БЕЗ ЗНАЧАЈНОГ РИЗИКА,NO SIGNIFICANT RISK,HIGH,ECMWF ENS,ECMWF ENS | ICON-EU EPS | GEFS,0,GREEN,БЕЗ ЗНАЧАЈНОГ РИЗИКА,NO SIGNIFICANT RISK,NONE,HIGH,18,2026-08-21T06:00:00+00:00,2026-08-22T00:00:00+00:00,STORMS,EXPERIMENTAL,DEVELOPMENTAL MULTIMODEL SIGNAL - NOT CALIBRATED PROBABILITY,PUBLIC OPEN-DATA SERVICES,INDEPENDENT PROJECT - NOT AN OFFICIAL RHMZ WARNING PRODUCT
80195,KANJIŽA,KANJIŽA,КАЊИЖА,0.0,0.0,0.0,0.0,12.0,14.863257183711765,64.05663681030273,9,48,2026-08-22T00:00:00Z,2026-08-20T00:00:00Z,0.0,0.0,504.9,69.5,0.0,9.0,9,0.0,0.0,14,155.9,0.0,14.3,0.0,0.0,0.0,0.0,0.0,0.0,0.0,3,0.0,0,0,0,0,GREEN,БЕЗ ЗНАЧАЈНОГ РИЗИКА,NO SIGNIFICANT RISK,HIGH,ECMWF ENS,ECMWF ENS | ICON-EU EPS | GEFS,0.0,3,0.0,0,0,0,0,GREEN,БЕЗ ЗНАЧАЈНОГ РИЗИКА,NO SIGNIFICANT RISK,HIGH,ECMWF ENS,ECMWF ENS | ICON-EU EPS | GEFS,0.0,3,0.0,0,0,0,0,GREEN,БЕЗ ЗНАЧАЈНОГ РИЗИКА,NO SIGNIFICANT RISK,HIGH,ECMWF ENS,ECMWF ENS | ICON-EU EPS | GEFS,0.0,3,0.0,0,0,0,0,GREEN,БЕЗ ЗНАЧАЈНОГ РИЗИКА,NO SIGNIFICANT RISK,HIGH,ECMWF ENS,ECMWF ENS | ICON-EU EPS | GEFS,0,GREEN,БЕЗ ЗНАЧАЈНОГ РИЗИКА,NO SIGNIFICANT RISK,NONE,HIGH,18,2026-08-21T06:00:00+00:00,2026-08-22T00:00:00+00:00,STORMS,EXPERIMENTAL,DEVELOPMENTAL MULTIMODEL SIGNAL - NOT CALIBRATED PROBABILITY,PUBLIC OPEN-DATA SERVICES,INDEPENDENT PROJECT - NOT AN OFFICIAL RHMZ WARNING PRODUCT
90115,KAČANIK,KAČANIK,КАЧАНИК,0.0,0.0,0.0,0.0,0.0,6.275704560437609,61.93071746826172,7,48,2026-08-22T00:00:00Z,2026-08-20T00:00:00Z,0.0,0.0,0.0,40.8,0.0,2.9,7,0.0,0.0,10,0.0,0.0,3.6,0.0,0.0,0.0,0.0,0.0,0.0,0.0,3,0.0,0,0,0,0,GREEN,БЕЗ ЗНАЧАЈНОГ РИЗИКА,NO SIGNIFICANT RISK,HIGH,ECMWF ENS,ECMWF ENS | ICON-EU EPS | GEFS,0.0,3,0.0,0,0,0,0,GREEN,БЕЗ ЗНАЧАЈНОГ РИЗИКА,NO SIGNIFICANT RISK,HIGH,ECMWF ENS,ECMWF ENS | ICON-EU EPS | GEFS,0.0,3,0.0,0,0,0,0,GREEN,БЕЗ ЗНАЧАЈНОГ РИЗИКА,NO SIGNIFICANT RISK,HIGH,ECMWF ENS,ECMWF ENS | ICON-EU EPS | GEFS,0.0,3,0.0,0,0,0,0,GREEN,БЕЗ ЗНАЧАЈНОГ РИЗИКА,NO SIGNIFICANT RISK,HIGH,ECMWF ENS,ECMWF ENS | ICON-EU EPS | GEFS,0,GREEN,БЕЗ ЗНАЧАЈНОГ РИЗИКА,NO SIGNIFICANT RISK,NONE,HIGH,18,2026-08-21T06:00:00+00:00,2026-08-22T00:00:00+00:00,STORMS,EXPERIMENTAL,DEVELOPMENTAL MULTIMODEL SIGNAL - NOT CALIBRATED PROBABILITY,PUBLIC OPEN-DATA SERVICES,INDEPENDENT PROJECT - NOT AN OFFICIAL RHMZ WARNING PRODUCT
80209,KIKINDA,KIKINDA,КИКИНДА,0.0,0.0,0.0,0.0,3.0,14.433806210769314,61.00663757324219,11,48,2026-08-22T00:00:00Z,2026-08-20T00:00:00Z,0.0,0.0,363.9,68.9,0.0,10.5,11,0.0,0.0,11,9.6,0.0,13.7,0.0,0.0,0.0,0.0,0.0,0.0,0.0,3,0.0,0,0,0,0,GREEN,БЕЗ ЗНАЧАЈНОГ РИЗИКА,NO SIGNIFICANT RISK,HIGH,ECMWF ENS,ECMWF ENS | ICON-EU EPS | GEFS,0.0,3,0.0,0,0,0,0,GREEN,БЕЗ ЗНАЧАЈНОГ РИЗИКА,NO SIGNIFICANT RISK,HIGH,ECMWF ENS,ECMWF ENS | ICON-EU EPS | GEFS,0.0,3,0.0,0,0,0,0,GREEN,БЕЗ ЗНАЧАЈНОГ РИЗИКА,NO SIGNIFICANT RISK,HIGH,ECMWF ENS,ECMWF ENS | ICON-EU EPS | GEFS,0.0,3,0.0,0,0,0,0,GREEN,БЕЗ ЗНАЧАЈНОГ РИЗИКА,NO SIGNIFICANT RISK,HIGH,ECMWF ENS,ECMWF ENS | ICON-EU EPS | GEFS,0,GREEN,БЕЗ ЗНАЧАЈНОГ РИЗИКА,NO SIGNIFICANT RISK,NONE,HIGH,18,2026-08-21T06:00:00+00:00,2026-08-22T00:00:00+00:00,STORMS,EXPERIMENTAL,DEVELOPMENTAL MULTIMODEL SIGNAL - NOT CALIBRATED PROBABILITY,PUBLIC OPEN-DATA SERVICES,INDEPENDENT PROJECT - NOT AN OFFICIAL RHMZ WARNING PRODUCT
70572,KLADOVO,KLADOVO,КЛАДОВО,0.0,0.0,0.0,0.0,0.0,9.813481365850784,60.5,10,48,2026-08-22T00:00:00Z,2026-08-20T00:00:00Z,0.0,0.0,78.9,62.0,0.0,9.5,10,0.0,0.0,11,0.4,0.0,11.8,0.0,0.0,0.0,0.0,0.0,0.0,0.0,3,0.0,0,0,0,0,GREEN,БЕЗ ЗНАЧАЈНОГ РИЗИКА,NO SIGNIFICANT RISK,HIGH,ECMWF ENS,ECMWF ENS | ICON-EU EPS | GEFS,0.0,3,0.0,0,0,0,0,GREEN,БЕЗ ЗНАЧАЈНОГ РИЗИКА,NO SIGNIFICANT RISK,HIGH,ECMWF ENS,ECMWF ENS | ICON-EU EPS | GEFS,0.0,3,0.0,0,0,0,0,GREEN,БЕЗ ЗНАЧАЈНОГ РИЗИКА,NO SIGNIFICANT RISK,HIGH,ECMWF ENS,ECMWF ENS | ICON-EU EPS | GEFS,0.0,3,0.0,0,0,0,0,GREEN,БЕЗ ЗНАЧАЈНОГ РИЗИКА,NO SIGNIFICANT RISK,HIGH,ECMWF ENS,ECMWF ENS | ICON-EU EPS | GEFS,0,GREEN,БЕЗ ЗНАЧАЈНОГ РИЗИКА,NO SIGNIFICANT RISK,NONE,HIGH,18,2026-08-21T06:00:00+00:00,2026-08-22T00:00:00+00:00,STORMS,EXPERIMENTAL,DEVELOPMENTAL MULTIMODEL SIGNAL - NOT CALIBRATED PROBABILITY,PUBLIC OPEN-DATA SERVICES,INDEPENDENT PROJECT - NOT AN OFFICIAL RHMZ WARNING PRODUCT
90123,KLINA,KLINA,КЛИНА,0.0,0.0,0.0,0.0,0.0,5.937702867508215,59.29999923706055,8,48,2026-08-22T00:00:00Z,2026-08-20T00:00:00Z,0.0,0.0,0.0,48.8,0.0,4.4,8,0.0,0.0,11,0.0,0.0,4.7,0.0,0.0,0.0,0.0,0.0,0.0,0.0,3,0.0,0,0,0,0,GREEN,БЕЗ ЗНАЧАЈНОГ РИЗИКА,NO SIGNIFICANT RISK,HIGH,ECMWF ENS,ECMWF ENS | ICON-EU EPS | GEFS,0.0,3,0.0,0,0,0,0,GREEN,БЕЗ ЗНАЧАЈНОГ РИЗИКА,NO SIGNIFICANT RISK,HIGH,ECMWF ENS,ECMWF ENS | ICON-EU EPS | GEFS,0.0,3,0.0,0,0,0,0,GREEN,БЕЗ ЗНАЧАЈНОГ РИЗИКА,NO SIGNIFICANT RISK,HIGH,ECMWF ENS,ECMWF ENS | ICON-EU EPS | GEFS,0.0,3,0.0,0,0,0,0,GREEN,БЕЗ ЗНАЧАЈНОГ РИЗИКА,NO SIGNIFICANT RISK,HIGH,ECMWF ENS,ECMWF ENS | ICON-EU EPS | GEFS,0,GREEN,БЕЗ ЗНАЧАЈНОГ РИЗИКА,NO SIGNIFICANT RISK,NONE,HIGH,18,2026-08-21T06:00:00+00:00,2026-08-22T00:00:00+00:00,STORMS,EXPERIMENTAL,DEVELOPMENTAL MULTIMODEL SIGNAL - NOT CALIBRATED PROBABILITY,PUBLIC OPEN-DATA SERVICES,INDEPENDENT PROJECT - NOT AN OFFICIAL RHMZ WARNING PRODUCT
70599,KNIĆ,KNIĆ,КНИЋ,0.0,0.0,0.0,0.0,0.0,14.497609155466805,56.54685020446777,9,48,2026-08-22T00:00:00Z,2026-08-20T00:00:00Z,0.0,0.0,0.0,54.0,0.0,11.1,9,0.0,0.0,10,0.0,0.0,10.6,0.0,0.0,0.0,0.0,0.0,0.0,0.0,3,0.0,0,0,0,0,GREEN,БЕЗ ЗНАЧАЈНОГ РИЗИКА,NO SIGNIFICANT RISK,HIGH,ECMWF ENS,ECMWF ENS | ICON-EU EPS | GEFS,0.0,3,0.0,0,0,0,0,GREEN,БЕЗ ЗНАЧАЈНОГ РИЗИКА,NO SIGNIFICANT RISK,HIGH,ECMWF ENS,ECMWF ENS | ICON-EU EPS | GEFS,0.0,3,0.0,0,0,0,0,GREEN,БЕЗ ЗНАЧАЈНОГ РИЗИКА,NO SIGNIFICANT RISK,HIGH,ECMWF ENS,ECMWF ENS | ICON-EU EPS | GEFS,0.0,3,0.0,0,0,0,0,GREEN,БЕЗ ЗНАЧАЈНОГ РИЗИКА,NO SIGNIFICANT RISK,HIGH,ECMWF ENS,ECMWF ENS | ICON-EU EPS | GEFS,0,GREEN,БЕЗ ЗНАЧАЈНОГ РИЗИКА,NO SIGNIFICANT RISK,NONE,HIGH,18,2026-08-21T06:00:00+00:00,2026-08-22T00:00:00+00:00,STORMS,EXPERIMENTAL,DEVELOPMENTAL MULTIMODEL SIGNAL - NOT CALIBRATED PROBABILITY,PUBLIC OPEN-DATA SERVICES,INDEPENDENT PROJECT - NOT AN OFFICIAL RHMZ WARNING PRODUCT
80217,KOVAČICA,KOVAČICA,КОВАЧИЦА,0.0,0.0,0.0,0.0,0.0,13.870557195462832,59.606483459472656,7,48,2026-08-22T00:00:00Z,2026-08-20T00:00:00Z,0.0,0.0,0.0,61.9,0.0,12.9,7,0.0,0.0,12,0.0,0.0,12.9,0.0,0.0,0.0,0.0,0.0,0.0,0.0,3,0.0,0,0,0,0,GREEN,БЕЗ ЗНАЧАЈНОГ РИЗИКА,NO SIGNIFICANT RISK,HIGH,ECMWF ENS,ECMWF ENS | ICON-EU EPS | GEFS,0.0,3,0.0,0,0,0,0,GREEN,БЕЗ ЗНАЧАЈНОГ РИЗИКА,NO SIGNIFICANT RISK,HIGH,ECMWF ENS,ECMWF ENS | ICON-EU EPS | GEFS,0.0,3,0.0,0,0,0,0,GREEN,БЕЗ ЗНАЧАЈНОГ РИЗИКА,NO SIGNIFICANT RISK,HIGH,ECMWF ENS,ECMWF ENS | ICON-EU EPS | GEFS,0.0,3,0.0,0,0,0,0,GREEN,БЕЗ ЗНАЧАЈНОГ РИЗИКА,NO SIGNIFICANT RISK,HIGH,ECMWF ENS,ECMWF ENS | ICON-EU EPS | GEFS,0,GREEN,БЕЗ ЗНАЧАЈНОГ РИЗИКА,NO SIGNIFICANT RISK,NONE,HIGH,18,2026-08-21T06:00:00+00:00,2026-08-22T00:00:00+00:00,STORMS,EXPERIMENTAL,DEVELOPMENTAL MULTIMODEL SIGNAL - NOT CALIBRATED PROBABILITY,PUBLIC OPEN-DATA SERVICES,INDEPENDENT PROJECT - NOT AN OFFICIAL RHMZ WARNING PRODUCT
80225,KOVIN,KOVIN,КОВИН,0.0,0.0,0.0,0.0,0.0,14.641305761565524,59.606483459472656,11,48,2026-08-22T00:00:00Z,2026-08-20T00:00:00Z,0.0,0.0,0.0,54.8,0.0,10.6,11,0.0,0.0,11,0.0,0.0,11.8,0.0,0.0,0.0,0.0,0.0,0.0,0.0,3,0.0,0,0,0,0,GREEN,БЕЗ ЗНАЧАЈНОГ РИЗИКА,NO SIGNIFICANT RISK,HIGH,ECMWF ENS,ECMWF ENS | ICON-EU EPS | GEFS,0.0,3,0.0,0,0,0,0,GREEN,БЕЗ ЗНАЧАЈНОГ РИЗИКА,NO SIGNIFICANT RISK,HIGH,ECMWF ENS,ECMWF ENS | ICON-EU EPS | GEFS,0.0,3,0.0,0,0,0,0,GREEN,БЕЗ ЗНАЧАЈНОГ РИЗИКА,NO SIGNIFICANT RISK,HIGH,ECMWF ENS,ECMWF ENS | ICON-EU EPS | GEFS,0.0,3,0.0,0,0,0,0,GREEN,БЕЗ ЗНАЧАЈНОГ РИЗИКА,NO SIGNIFICANT RISK,HIGH,ECMWF ENS,ECMWF ENS | ICON-EU EPS | GEFS,0,GREEN,БЕЗ ЗНАЧАЈНОГ РИЗИКА,NO SIGNIFICANT RISK,NONE,HIGH,18,2026-08-21T06:00:00+00:00,2026-08-22T00:00:00+00:00,STORMS,EXPERIMENTAL,DEVELOPMENTAL MULTIMODEL SIGNAL - NOT CALIBRATED PROBABILITY,PUBLIC OPEN-DATA SERVICES,INDEPENDENT PROJECT - NOT AN OFFICIAL RHMZ WARNING PRODUCT
70629,KOSJERIĆ,KOSJERIĆ,КОСЈЕРИЋ,0.0,0.0,0.0,0.0,0.0,13.66675909737839,49.65314865112305,9,48,2026-08-22T00:00:00Z,2026-08-20T00:00:00Z,0.0,0.0,0.0,56.0,0.0,11.8,9,0.0,0.0,11,0.0,0.0,12.8,0.0,0.0,0.0,0.0,0.0,0.0,0.0,3,0.0,0,0,0,0,GREEN,БЕЗ ЗНАЧАЈНОГ РИЗИКА,NO SIGNIFICANT RISK,HIGH,ECMWF ENS,ECMWF ENS | ICON-EU EPS | GEFS,0.0,3,0.0,0,0,0,0,GREEN,БЕЗ ЗНАЧАЈНОГ РИЗИКА,NO SIGNIFICANT RISK,HIGH,ECMWF ENS,ECMWF ENS | ICON-EU EPS | GEFS,0.0,3,0.0,0,0,0,0,GREEN,БЕЗ ЗНАЧАЈНОГ РИЗИКА,NO SIGNIFICANT RISK,HIGH,ECMWF ENS,ECMWF ENS | ICON-EU EPS | GEFS,0.0,3,0.0,0,0,0,0,GREEN,БЕЗ ЗНАЧАЈНОГ РИЗИКА,NO SIGNIFICANT RISK,HIGH,ECMWF ENS,ECMWF ENS | ICON-EU EPS | GEFS,0,GREEN,БЕЗ ЗНАЧАЈНОГ РИЗИКА,NO SIGNIFICANT RISK,NONE,HIGH,18,2026-08-21T06:00:00+00:00,2026-08-22T00:00:00+00:00,STORMS,EXPERIMENTAL,DEVELOPMENTAL MULTIMODEL SIGNAL - NOT CALIBRATED PROBABILITY,PUBLIC OPEN-DATA SERVICES,INDEPENDENT PROJECT - NOT AN OFFICIAL RHMZ WARNING PRODUCT
90131,KOSOVO POLJE,KOSOVO POLJE,КОСОВО ПОЉЕ,0.0,0.0,0.0,0.0,0.0,6.275704560437609,59.29999923706055,6,48,2026-08-22T00:00:00Z,2026-08-20T00:00:00Z,0.0,0.0,0.0,36.5,0.0,3.2,6,0.0,0.0,11,0.0,0.0,4.2,0.0,0.0,0.0,0.0,0.0,0.0,0.0,3,0.0,0,0,0,0,GREEN,БЕЗ ЗНАЧАЈНОГ РИЗИКА,NO SIGNIFICANT RISK,HIGH,ECMWF ENS,ECMWF ENS | ICON-EU EPS | GEFS,0.0,3,0.0,0,0,0,0,GREEN,БЕЗ ЗНАЧАЈНОГ РИЗИКА,NO SIGNIFICANT RISK,HIGH,ECMWF ENS,ECMWF ENS | ICON-EU EPS | GEFS,0.0,3,0.0,0,0,0,0,GREEN,БЕЗ ЗНАЧАЈНОГ РИЗИКА,NO SIGNIFICANT RISK,HIGH,ECMWF ENS,ECMWF ENS | ICON-EU EPS | GEFS,0.0,3,0.0,0,0,0,0,GREEN,БЕЗ ЗНАЧАЈНОГ РИЗИКА,NO SIGNIFICANT RISK,HIGH,ECMWF ENS,ECMWF ENS | ICON-EU EPS | GEFS,0,GREEN,БЕЗ ЗНАЧАЈНОГ РИЗИКА,NO SIGNIFICANT RISK,NONE,HIGH,18,2026-08-21T06:00:00+00:00,2026-08-22T00:00:00+00:00,STORMS,EXPERIMENTAL,DEVELOPMENTAL MULTIMODEL SIGNAL - NOT CALIBRATED PROBABILITY,PUBLIC OPEN-DATA SERVICES,INDEPENDENT PROJECT - NOT AN OFFICIAL RHMZ WARNING PRODUCT
90140,KOSOVSKA KAMENICA,KOSOVSKA KAMENICA,КОСОВСКА КАМЕНИЦА,0.0,0.0,0.0,0.0,0.0,7.082808082070768,59.38073539733887,8,48,2026-08-22T00:00:00Z,2026-08-20T00:00:00Z,0.0,0.0,0.0,35.9,0.0,3.3,8,0.0,0.0,10,0.0,0.0,5.8,0.0,0.0,0.0,0.0,0.0,0.0,0.0,3,0.0,0,0,0,0,GREEN,БЕЗ ЗНАЧАЈНОГ РИЗИКА,NO SIGNIFICANT RISK,HIGH,ECMWF ENS,ECMWF ENS | ICON-EU EPS | GEFS,0.0,3,0.0,0,0,0,0,GREEN,БЕЗ ЗНАЧАЈНОГ РИЗИКА,NO SIGNIFICANT RISK,HIGH,ECMWF ENS,ECMWF ENS | ICON-EU EPS | GEFS,0.0,3,0.0,0,0,0,0,GREEN,БЕЗ ЗНАЧАЈНОГ РИЗИКА,NO SIGNIFICANT RISK,HIGH,ECMWF ENS,ECMWF ENS | ICON-EU EPS | GEFS,0.0,3,0.0,0,0,0,0,GREEN,БЕЗ ЗНАЧАЈНОГ РИЗИКА,NO SIGNIFICANT RISK,HIGH,ECMWF ENS,ECMWF ENS | ICON-EU EPS | GEFS,0,GREEN,БЕЗ ЗНАЧАЈНОГ РИЗИКА,NO SIGNIFICANT RISK,NONE,HIGH,18,2026-08-21T06:00:00+00:00,2026-08-22T00:00:00+00:00,STORMS,EXPERIMENTAL,DEVELOPMENTAL MULTIMODEL SIGNAL - NOT CALIBRATED PROBABILITY,PUBLIC OPEN-DATA SERVICES,INDEPENDENT PROJECT - NOT AN OFFICIAL RHMZ WARNING PRODUCT
90298,KOSOVSKA MITROVICA,KOSOVSKA MITROVICA,КОСОВСКА МИТРОВИЦА,0.0,0.0,0.0,0.0,0.0,8.954979330454144,59.10000038146973,9,48,2026-08-22T00:00:00Z,2026-08-20T00:00:00Z,0.0,0.0,0.0,37.9,0.0,5.1,9,0.0,0.0,13,0.0,0.0,6.3,0.0,0.0,0.0,0.0,0.0,0.0,0.0,3,0.0,0,0,0,0,GREEN,БЕЗ ЗНАЧАЈНОГ РИЗИКА,NO SIGNIFICANT RISK,HIGH,ECMWF ENS,ECMWF ENS | ICON-EU EPS | GEFS,0.0,3,0.0,0,0,0,0,GREEN,БЕЗ ЗНАЧАЈНОГ РИЗИКА,NO SIGNIFICANT RISK,HIGH,ECMWF ENS,ECMWF ENS | ICON-EU EPS | GEFS,0.0,3,0.0,0,0,0,0,GREEN,БЕЗ ЗНАЧАЈНОГ РИЗИКА,NO SIGNIFICANT RISK,HIGH,ECMWF ENS,ECMWF ENS | ICON-EU EPS | GEFS,0.0,3,0.0,0,0,0,0,GREEN,БЕЗ ЗНАЧАЈНОГ РИЗИКА,NO SIGNIFICANT RISK,HIGH,ECMWF ENS,ECMWF ENS | ICON-EU EPS | GEFS,0,GREEN,БЕЗ ЗНАЧАЈНОГ РИЗИКА,NO SIGNIFICANT RISK,NONE,HIGH,18,2026-08-21T06:00:00+00:00,2026-08-22T00:00:00+00:00,STORMS,EXPERIMENTAL,DEVELOPMENTAL MULTIMODEL SIGNAL - NOT CALIBRATED PROBABILITY,PUBLIC OPEN-DATA SERVICES,INDEPENDENT PROJECT - NOT AN OFFICIAL RHMZ WARNING PRODUCT
70637,KOCELJEVA,KOCELJEVA,КОЦЕЉЕВА,0.0,0.0,0.0,0.0,0.0,13.66675909737839,52.34999847412109,8,48,2026-08-22T00:00:00Z,2026-08-20T00:00:00Z,0.0,0.0,0.0,61.7,0.0,13.6,8,0.0,0.0,12,0.0,0.0,16.7,0.0,0.0,0.0,0.0,0.0,0.0,0.0,3,0.0,0,0,0,0,GREEN,БЕЗ ЗНАЧАЈНОГ РИЗИКА,NO SIGNIFICANT RISK,HIGH,ECMWF ENS,ECMWF ENS | ICON-EU EPS | GEFS,0.0,3,0.0,0,0,0,0,GREEN,БЕЗ ЗНАЧАЈНОГ РИЗИКА,NO SIGNIFICANT RISK,HIGH,ECMWF ENS,ECMWF ENS | ICON-EU EPS | GEFS,0.0,3,0.0,0,0,0,0,GREEN,БЕЗ ЗНАЧАЈНОГ РИЗИКА,NO SIGNIFICANT RISK,HIGH,ECMWF ENS,ECMWF ENS | ICON-EU EPS | GEFS,0.0,3,0.0,0,0,0,0,GREEN,БЕЗ ЗНАЧАЈНОГ РИЗИКА,NO SIGNIFICANT RISK,HIGH,ECMWF ENS,ECMWF ENS | ICON-EU EPS | GEFS,0,GREEN,БЕЗ ЗНАЧАЈНОГ РИЗИКА,NO SIGNIFICANT RISK,NONE,HIGH,18,2026-08-21T06:00:00+00:00,2026-08-22T00:00:00+00:00,STORMS,EXPERIMENTAL,DEVELOPMENTAL MULTIMODEL SIGNAL - NOT CALIBRATED PROBABILITY,PUBLIC OPEN-DATA SERVICES,INDEPENDENT PROJECT - NOT AN OFFICIAL RHMZ WARNING PRODUCT
70653,KRALJEVO-GRAD,KRALJEVO-GRAD,КРАЉЕВО-ГРАД,0.0,0.0,0.0,0.0,0.0,14.497609155466805,57.34685134887695,15,48,2026-08-22T00:00:00Z,2026-08-20T00:00:00Z,0.0,0.0,0.0,53.0,0.0,9.1,15,0.0,0.0,11,0.0,0.0,8.3,0.0,0.0,0.0,0.0,0.0,0.0,0.0,3,0.0,0,0,0,0,GREEN,БЕЗ ЗНАЧАЈНОГ РИЗИКА,NO SIGNIFICANT RISK,HIGH,ECMWF ENS,ECMWF ENS | ICON-EU EPS | GEFS,0.0,3,0.0,0,0,0,0,GREEN,БЕЗ ЗНАЧАЈНОГ РИЗИКА,NO SIGNIFICANT RISK,HIGH,ECMWF ENS,ECMWF ENS | ICON-EU EPS | GEFS,0.0,3,0.0,0,0,0,0,GREEN,БЕЗ ЗНАЧАЈНОГ РИЗИКА,NO SIGNIFICANT RISK,HIGH,ECMWF ENS,ECMWF ENS | ICON-EU EPS | GEFS,0.0,3,0.0,0,0,0,0,GREEN,БЕЗ ЗНАЧАЈНОГ РИЗИКА,NO SIGNIFICANT RISK,HIGH,ECMWF ENS,ECMWF ENS | ICON-EU EPS | GEFS,0,GREEN,БЕЗ ЗНАЧАЈНОГ РИЗИКА,NO SIGNIFICANT RISK,NONE,HIGH,18,2026-08-21T06:00:00+00:00,2026-08-22T00:00:00+00:00,STORMS,EXPERIMENTAL,DEVELOPMENTAL MULTIMODEL SIGNAL - NOT CALIBRATED PROBABILITY,PUBLIC OPEN-DATA SERVICES,INDEPENDENT PROJECT - NOT AN OFFICIAL RHMZ WARNING PRODUCT
70645,KRAGUJEVAC-GRAD,KRAGUJEVAC-GRAD,КРАГУЈЕВАЦ-ГРАД,0.0,0.0,0.0,0.0,0.0,14.50612498542636,58.57185077667236,11,48,2026-08-22T00:00:00Z,2026-08-20T00:00:00Z,0.0,0.0,0.0,54.0,0.0,11.1,11,0.0,0.0,12,0.0,0.0,11.6,0.0,0.0,0.0,0.0,0.0,0.0,0.0,3,0.0,0,0,0,0,GREEN,БЕЗ ЗНАЧАЈНОГ РИЗИКА,NO SIGNIFICANT RISK,HIGH,ECMWF ENS,ECMWF ENS | ICON-EU EPS | GEFS,0.0,3,0.0,0,0,0,0,GREEN,БЕЗ ЗНАЧАЈНОГ РИЗИКА,NO SIGNIFICANT RISK,HIGH,ECMWF ENS,ECMWF ENS | ICON-EU EPS | GEFS,0.0,3,0.0,0,0,0,0,GREEN,БЕЗ ЗНАЧАЈНОГ РИЗИКА,NO SIGNIFICANT RISK,HIGH,ECMWF ENS,ECMWF ENS | ICON-EU EPS | GEFS,0.0,3,0.0,0,0,0,0,GREEN,БЕЗ ЗНАЧАЈНОГ РИЗИКА,NO SIGNIFICANT RISK,HIGH,ECMWF ENS,ECMWF ENS | ICON-EU EPS | GEFS,0,GREEN,БЕЗ ЗНАЧАЈНОГ РИЗИКА,NO SIGNIFICANT RISK,NONE,HIGH,18,2026-08-21T06:00:00+00:00,2026-08-22T00:00:00+00:00,STORMS,EXPERIMENTAL,DEVELOPMENTAL MULTIMODEL SIGNAL - NOT CALIBRATED PROBABILITY,PUBLIC OPEN-DATA SERVICES,INDEPENDENT PROJECT - NOT AN OFFICIAL RHMZ WARNING PRODUCT
70661,KRUPANJ,KRUPANJ,КРУПАЊ,0.0,0.0,0.0,0.0,0.0,13.345102200252498,55.09999847412109,8,48,2026-08-22T00:00:00Z,2026-08-20T00:00:00Z,0.0,0.0,0.0,55.7,0.0,9.6,8,0.0,0.0,10,0.0,0.0,15.9,0.0,0.0,0.0,0.0,0.0,0.0,0.0,3,0.0,0,0,0,0,GREEN,БЕЗ ЗНАЧАЈНОГ РИЗИКА,NO SIGNIFICANT RISK,HIGH,ECMWF ENS,ECMWF ENS | ICON-EU EPS | GEFS,0.0,3,0.0,0,0,0,0,GREEN,БЕЗ ЗНАЧАЈНОГ РИЗИКА,NO SIGNIFICANT RISK,HIGH,ECMWF ENS,ECMWF ENS | ICON-EU EPS | GEFS,0.0,3,0.0,0,0,0,0,GREEN,БЕЗ ЗНАЧАЈНОГ РИЗИКА,NO SIGNIFICANT RISK,HIGH,ECMWF ENS,ECMWF ENS | ICON-EU EPS | GEFS,0.0,3,0.0,0,0,0,0,GREEN,БЕЗ ЗНАЧАЈНОГ РИЗИКА,NO SIGNIFICANT RISK,HIGH,ECMWF ENS,ECMWF ENS | ICON-EU EPS | GEFS,0,GREEN,БЕЗ ЗНАЧАЈНОГ РИЗИКА,NO SIGNIFICANT RISK,NONE,HIGH,18,2026-08-21T06:00:00+00:00,2026-08-22T00:00:00+00:00,STORMS,EXPERIMENTAL,DEVELOPMENTAL MULTIMODEL SIGNAL - NOT CALIBRATED PROBABILITY,PUBLIC OPEN-DATA SERVICES,INDEPENDENT PROJECT - NOT AN OFFICIAL RHMZ WARNING PRODUCT
70670,KRUŠEVAC-GRAD,KRUŠEVAC-GRAD,КРУШЕВАЦ-ГРАД,0.0,0.0,0.0,0.0,0.0,13.0808580717014,58.67500019073486,12,48,2026-08-22T00:00:00Z,2026-08-20T00:00:00Z,0.0,0.0,0.0,43.4,0.0,7.5,12,0.0,0.0,11,0.0,0.0,8.2,0.0,0.0,0.0,0.0,0.0,0.0,0.0,3,0.0,0,0,0,0,GREEN,БЕЗ ЗНАЧАЈНОГ РИЗИКА,NO SIGNIFICANT RISK,HIGH,ECMWF ENS,ECMWF ENS | ICON-EU EPS | GEFS,0.0,3,0.0,0,0,0,0,GREEN,БЕЗ ЗНАЧАЈНОГ РИЗИКА,NO SIGNIFICANT RISK,HIGH,ECMWF ENS,ECMWF ENS | ICON-EU EPS | GEFS,0.0,3,0.0,0,0,0,0,GREEN,БЕЗ ЗНАЧАЈНОГ РИЗИКА,NO SIGNIFICANT RISK,HIGH,ECMWF ENS,ECMWF ENS | ICON-EU EPS | GEFS,0.0,3,0.0,0,0,0,0,GREEN,БЕЗ ЗНАЧАЈНОГ РИЗИКА,NO SIGNIFICANT RISK,HIGH,ECMWF ENS,ECMWF ENS | ICON-EU EPS | GEFS,0,GREEN,БЕЗ ЗНАЧАЈНОГ РИЗИКА,NO SIGNIFICANT RISK,NONE,HIGH,18,2026-08-21T06:00:00+00:00,2026-08-22T00:00:00+00:00,STORMS,EXPERIMENTAL,DEVELOPMENTAL MULTIMODEL SIGNAL - NOT CALIBRATED PROBABILITY,PUBLIC OPEN-DATA SERVICES,INDEPENDENT PROJECT - NOT AN OFFICIAL RHMZ WARNING PRODUCT
80233,KULA,KULA,КУЛА,0.0,0.0,0.0,0.0,11.0,14.863257183711765,63.57843399047852,8,48,2026-08-22T00:00:00Z,2026-08-20T00:00:00Z,0.0,0.0,494.6,64.1,0.0,8.2,8,0.0,0.0,11,107.9,0.0,14.0,0.0,0.0,0.0,0.0,0.0,0.0,0.0,3,0.0,0,0,0,0,GREEN,БЕЗ ЗНАЧАЈНОГ РИЗИКА,NO SIGNIFICANT RISK,HIGH,ECMWF ENS,ECMWF ENS | ICON-EU EPS | GEFS,0.0,3,0.0,0,0,0,0,GREEN,БЕЗ ЗНАЧАЈНОГ РИЗИКА,NO SIGNIFICANT RISK,HIGH,ECMWF ENS,ECMWF ENS | ICON-EU EPS | GEFS,0.0,3,0.0,0,0,0,0,GREEN,БЕЗ ЗНАЧАЈНОГ РИЗИКА,NO SIGNIFICANT RISK,HIGH,ECMWF ENS,ECMWF ENS | ICON-EU EPS | GEFS,0.0,3,0.0,0,0,0,0,GREEN,БЕЗ ЗНАЧАЈНОГ РИЗИКА,NO SIGNIFICANT RISK,HIGH,ECMWF ENS,ECMWF ENS | ICON-EU EPS | GEFS,0,GREEN,БЕЗ ЗНАЧАЈНОГ РИЗИКА,NO SIGNIFICANT RISK,NONE,HIGH,18,2026-08-21T06:00:00+00:00,2026-08-22T00:00:00+00:00,STORMS,EXPERIMENTAL,DEVELOPMENTAL MULTIMODEL SIGNAL - NOT CALIBRATED PROBABILITY,PUBLIC OPEN-DATA SERVICES,INDEPENDENT PROJECT - NOT AN OFFICIAL RHMZ WARNING PRODUCT
70688,KURŠUMLIJA,KURŠUMLIJA,КУРШУМЛИЈА,0.0,0.0,0.0,0.0,0.0,10.649304831565871,59.38073539733887,11,48,2026-08-22T00:00:00Z,2026-08-20T00:00:00Z,0.0,0.0,0.0,39.5,0.0,5.1,11,0.0,0.0,12,0.0,0.0,5.4,0.0,0.0,0.0,0.0,0.0,0.0,0.0,3,0.0,0,0,0,0,GREEN,БЕЗ ЗНАЧАЈНОГ РИЗИКА,NO SIGNIFICANT RISK,HIGH,ECMWF ENS,ECMWF ENS | ICON-EU EPS | GEFS,0.0,3,0.0,0,0,0,0,GREEN,БЕЗ ЗНАЧАЈНОГ РИЗИКА,NO SIGNIFICANT RISK,HIGH,ECMWF ENS,ECMWF ENS | ICON-EU EPS | GEFS,0.0,3,0.0,0,0,0,0,GREEN,БЕЗ ЗНАЧАЈНОГ РИЗИКА,NO SIGNIFICANT RISK,HIGH,ECMWF ENS,ECMWF ENS | ICON-EU EPS | GEFS,0.0,3,0.0,0,0,0,0,GREEN,БЕЗ ЗНАЧАЈНОГ РИЗИКА,NO SIGNIFICANT RISK,HIGH,ECMWF ENS,ECMWF ENS | ICON-EU EPS | GEFS,0,GREEN,БЕЗ ЗНАЧАЈНОГ РИЗИКА,NO SIGNIFICANT RISK,NONE,HIGH,18,2026-08-21T06:00:00+00:00,2026-08-22T00:00:00+00:00,STORMS,EXPERIMENTAL,DEVELOPMENTAL MULTIMODEL SIGNAL - NOT CALIBRATED PROBABILITY,PUBLIC OPEN-DATA SERVICES,INDEPENDENT PROJECT - NOT AN OFFICIAL RHMZ WARNING PRODUCT
70696,KUČEVO,KUČEVO,КУЧЕВО,0.0,0.0,0.0,0.0,0.0,12.8708334267486,60.75000095367432,11,48,2026-08-22T00:00:00Z,2026-08-20T00:00:00Z,0.0,0.0,72.8,54.3,0.0,4.3,11,0.0,0.0,11,0.0,0.0,10.6,0.0,0.0,0.0,0.0,0.0,0.0,0.0,3,0.0,0,0,0,0,GREEN,БЕЗ ЗНАЧАЈНОГ РИЗИКА,NO SIGNIFICANT RISK,HIGH,ECMWF ENS,ECMWF ENS | ICON-EU EPS | GEFS,0.0,3,0.0,0,0,0,0,GREEN,БЕЗ ЗНАЧАЈНОГ РИЗИКА,NO SIGNIFICANT RISK,HIGH,ECMWF ENS,ECMWF ENS | ICON-EU EPS | GEFS,0.0,3,0.0,0,0,0,0,GREEN,БЕЗ ЗНАЧАЈНОГ РИЗИКА,NO SIGNIFICANT RISK,HIGH,ECMWF ENS,ECMWF ENS | ICON-EU EPS | GEFS,0.0,3,0.0,0,0,0,0,GREEN,БЕЗ ЗНАЧАЈНОГ РИЗИКА,NO SIGNIFICANT RISK,HIGH,ECMWF ENS,ECMWF ENS | ICON-EU EPS | GEFS,0,GREEN,БЕЗ ЗНАЧАЈНОГ РИЗИКА,NO SIGNIFICANT RISK,NONE,HIGH,18,2026-08-21T06:00:00+00:00,2026-08-22T00:00:00+00:00,STORMS,EXPERIMENTAL,DEVELOPMENTAL MULTIMODEL SIGNAL - NOT CALIBRATED PROBABILITY,PUBLIC OPEN-DATA SERVICES,INDEPENDENT PROJECT - NOT AN OFFICIAL RHMZ WARNING PRODUCT
70700,LAJKOVAC,LAJKOVAC,ЛАЈКОВАЦ,0.0,0.0,0.0,0.0,0.0,14.289737919006798,54.10000228881836,6,48,2026-08-22T00:00:00Z,2026-08-20T00:00:00Z,0.0,0.0,0.0,59.9,0.0,13.7,6,0.0,0.0,11,0.0,0.0,15.2,0.0,0.0,0.0,0.0,0.0,0.0,0.0,3,0.0,0,0,0,0,GREEN,БЕЗ ЗНАЧАЈНОГ РИЗИКА,NO SIGNIFICANT RISK,HIGH,ECMWF ENS,ECMWF ENS | ICON-EU EPS | GEFS,0.0,3,0.0,0,0,0,0,GREEN,БЕЗ ЗНАЧАЈНОГ РИЗИКА,NO SIGNIFICANT RISK,HIGH,ECMWF ENS,ECMWF ENS | ICON-EU EPS | GEFS,0.0,3,0.0,0,0,0,0,GREEN,БЕЗ ЗНАЧАЈНОГ РИЗИКА,NO SIGNIFICANT RISK,HIGH,ECMWF ENS,ECMWF ENS | ICON-EU EPS | GEFS,0.0,3,0.0,0,0,0,0,GREEN,БЕЗ ЗНАЧАЈНОГ РИЗИКА,NO SIGNIFICANT RISK,HIGH,ECMWF ENS,ECMWF ENS | ICON-EU EPS | GEFS,0,GREEN,БЕЗ ЗНАЧАЈНОГ РИЗИКА,NO SIGNIFICANT RISK,NONE,HIGH,18,2026-08-21T06:00:00+00:00,2026-08-22T00:00:00+00:00,STORMS,EXPERIMENTAL,DEVELOPMENTAL MULTIMODEL SIGNAL - NOT CALIBRATED PROBABILITY,PUBLIC OPEN-DATA SERVICES,INDEPENDENT PROJECT - NOT AN OFFICIAL RHMZ WARNING PRODUCT
71277,LAPOVO,LAPOVO,ЛАПОВО,0.0,0.0,0.0,0.0,0.0,14.50612498542636,58.57185077667236,5,48,2026-08-22T00:00:00Z,2026-08-20T00:00:00Z,0.0,0.0,0.0,52.0,0.0,9.2,5,0.0,0.0,10,0.0,0.0,12.0,0.0,0.0,0.0,0.0,0.0,0.0,0.0,3,0.0,0,0,0,0,GREEN,БЕЗ ЗНАЧАЈНОГ РИЗИКА,NO SIGNIFICANT RISK,HIGH,ECMWF ENS,ECMWF ENS | ICON-EU EPS | GEFS,0.0,3,0.0,0,0,0,0,GREEN,БЕЗ ЗНАЧАЈНОГ РИЗИКА,NO SIGNIFICANT RISK,HIGH,ECMWF ENS,ECMWF ENS | ICON-EU EPS | GEFS,0.0,3,0.0,0,0,0,0,GREEN,БЕЗ ЗНАЧАЈНОГ РИЗИКА,NO SIGNIFICANT RISK,HIGH,ECMWF ENS,ECMWF ENS | ICON-EU EPS | GEFS,0.0,3,0.0,0,0,0,0,GREEN,БЕЗ ЗНАЧАЈНОГ РИЗИКА,NO SIGNIFICANT RISK,HIGH,ECMWF ENS,ECMWF ENS | ICON-EU EPS | GEFS,0,GREEN,БЕЗ ЗНАЧАЈНОГ РИЗИКА,NO SIGNIFICANT RISK,NONE,HIGH,18,2026-08-21T06:00:00+00:00,2026-08-22T00:00:00+00:00,STORMS,EXPERIMENTAL,DEVELOPMENTAL MULTIMODEL SIGNAL - NOT CALIBRATED PROBABILITY,PUBLIC OPEN-DATA SERVICES,INDEPENDENT PROJECT - NOT AN OFFICIAL RHMZ WARNING PRODUCT
70718,LEBANE,LEBANE,ЛЕБАНЕ,0.0,0.0,0.0,0.0,0.0,8.391461708482503,59.38073539733887,8,48,2026-08-22T00:00:00Z,2026-08-20T00:00:00Z,0.0,0.0,0.0,38.7,0.0,3.9,8,0.0,0.0,11,0.0,0.0,5.1,0.0,0.0,0.0,0.0,0.0,0.0,0.0,3,0.0,0,0,0,0,GREEN,БЕЗ ЗНАЧАЈНОГ РИЗИКА,NO SIGNIFICANT RISK,HIGH,ECMWF ENS,ECMWF ENS | ICON-EU EPS | GEFS,0.0,3,0.0,0,0,0,0,GREEN,БЕЗ ЗНАЧАЈНОГ РИЗИКА,NO SIGNIFICANT RISK,HIGH,ECMWF ENS,ECMWF ENS | ICON-EU EPS | GEFS,0.0,3,0.0,0,0,0,0,GREEN,БЕЗ ЗНАЧАЈНОГ РИЗИКА,NO SIGNIFICANT RISK,HIGH,ECMWF ENS,ECMWF ENS | ICON-EU EPS | GEFS,0.0,3,0.0,0,0,0,0,GREEN,БЕЗ ЗНАЧАЈНОГ РИЗИКА,NO SIGNIFICANT RISK,HIGH,ECMWF ENS,ECMWF ENS | ICON-EU EPS | GEFS,0,GREEN,БЕЗ ЗНАЧАЈНОГ РИЗИКА,NO SIGNIFICANT RISK,NONE,HIGH,18,2026-08-21T06:00:00+00:00,2026-08-22T00:00:00+00:00,STORMS,EXPERIMENTAL,DEVELOPMENTAL MULTIMODEL SIGNAL - NOT CALIBRATED PROBABILITY,PUBLIC OPEN-DATA SERVICES,INDEPENDENT PROJECT - NOT AN OFFICIAL RHMZ WARNING PRODUCT
90158,LEPOSAVIĆ,LEPOSAVIĆ,ЛЕПОСАВИЋ,0.0,0.0,0.0,0.0,0.0,8.954979330454144,58.33071517944336,7,48,2026-08-22T00:00:00Z,2026-08-20T00:00:00Z,0.0,0.0,0.0,46.9,0.0,5.3,7,0.0,0.0,12,0.0,0.0,6.3,0.0,0.0,0.0,0.0,0.0,0.0,0.0,3,0.0,0,0,0,0,GREEN,БЕЗ ЗНАЧАЈНОГ РИЗИКА,NO SIGNIFICANT RISK,HIGH,ECMWF ENS,ECMWF ENS | ICON-EU EPS | GEFS,0.0,3,0.0,0,0,0,0,GREEN,БЕЗ ЗНАЧАЈНОГ РИЗИКА,NO SIGNIFICANT RISK,HIGH,ECMWF ENS,ECMWF ENS | ICON-EU EPS | GEFS,0.0,3,0.0,0,0,0,0,GREEN,БЕЗ ЗНАЧАЈНОГ РИЗИКА,NO SIGNIFICANT RISK,HIGH,ECMWF ENS,ECMWF ENS | ICON-EU EPS | GEFS,0.0,3,0.0,0,0,0,0,GREEN,БЕЗ ЗНАЧАЈНОГ РИЗИКА,NO SIGNIFICANT RISK,HIGH,ECMWF ENS,ECMWF ENS | ICON-EU EPS | GEFS,0,GREEN,БЕЗ ЗНАЧАЈНОГ РИЗИКА,NO SIGNIFICANT RISK,NONE,HIGH,18,2026-08-21T06:00:00+00:00,2026-08-22T00:00:00+00:00,STORMS,EXPERIMENTAL,DEVELOPMENTAL MULTIMODEL SIGNAL - NOT CALIBRATED PROBABILITY,PUBLIC OPEN-DATA SERVICES,INDEPENDENT PROJECT - NOT AN OFFICIAL RHMZ WARNING PRODUCT
70726,LESKOVAC-GRAD,LESKOVAC-GRAD,ЛЕСКОВАЦ-ГРАД,0.0,0.0,0.0,0.0,0.0,8.391461708482503,59.38073539733887,13,48,2026-08-22T00:00:00Z,2026-08-20T00:00:00Z,0.0,0.0,0.0,56.9,0.0,4.4,13,0.0,0.0,12,0.0,0.0,4.4,0.0,0.0,0.0,0.0,0.0,0.0,0.0,3,0.0,0,0,0,0,GREEN,БЕЗ ЗНАЧАЈНОГ РИЗИКА,NO SIGNIFICANT RISK,HIGH,ECMWF ENS,ECMWF ENS | ICON-EU EPS | GEFS,0.0,3,0.0,0,0,0,0,GREEN,БЕЗ ЗНАЧАЈНОГ РИЗИКА,NO SIGNIFICANT RISK,HIGH,ECMWF ENS,ECMWF ENS | ICON-EU EPS | GEFS,0.0,3,0.0,0,0,0,0,GREEN,БЕЗ ЗНАЧАЈНОГ РИЗИКА,NO SIGNIFICANT RISK,HIGH,ECMWF ENS,ECMWF ENS | ICON-EU EPS | GEFS,0.0,3,0.0,0,0,0,0,GREEN,БЕЗ ЗНАЧАЈНОГ РИЗИКА,NO SIGNIFICANT RISK,HIGH,ECMWF ENS,ECMWF ENS | ICON-EU EPS | GEFS,0,GREEN,БЕЗ ЗНАЧАЈНОГ РИЗИКА,NO SIGNIFICANT RISK,NONE,HIGH,18,2026-08-21T06:00:00+00:00,2026-08-22T00:00:00+00:00,STORMS,EXPERIMENTAL,DEVELOPMENTAL MULTIMODEL SIGNAL - NOT CALIBRATED PROBABILITY,PUBLIC OPEN-DATA SERVICES,INDEPENDENT PROJECT - NOT AN OFFICIAL RHMZ WARNING PRODUCT
90166,LIPLJAN,LIPLJAN,ЛИПЉАН,0.0,0.0,0.0,0.0,0.0,7.082808082070768,60.99999809265137,9,48,2026-08-22T00:00:00Z,2026-08-20T00:00:00Z,0.0,0.0,0.0,28.6,0.0,3.0,9,0.0,0.0,11,0.0,0.0,4.8,0.0,0.0,0.0,0.0,0.0,0.0,0.0,3,0.0,0,0,0,0,GREEN,БЕЗ ЗНАЧАЈНОГ РИЗИКА,NO SIGNIFICANT RISK,HIGH,ECMWF ENS,ECMWF ENS | ICON-EU EPS | GEFS,0.0,3,0.0,0,0,0,0,GREEN,БЕЗ ЗНАЧАЈНОГ РИЗИКА,NO SIGNIFICANT RISK,HIGH,ECMWF ENS,ECMWF ENS | ICON-EU EPS | GEFS,0.0,3,0.0,0,0,0,0,GREEN,БЕЗ ЗНАЧАЈНОГ РИЗИКА,NO SIGNIFICANT RISK,HIGH,ECMWF ENS,ECMWF ENS | ICON-EU EPS | GEFS,0.0,3,0.0,0,0,0,0,GREEN,БЕЗ ЗНАЧАЈНОГ РИЗИКА,NO SIGNIFICANT RISK,HIGH,ECMWF ENS,ECMWF ENS | ICON-EU EPS | GEFS,0,GREEN,БЕЗ ЗНАЧАЈНОГ РИЗИКА,NO SIGNIFICANT RISK,NONE,HIGH,18,2026-08-21T06:00:00+00:00,2026-08-22T00:00:00+00:00,STORMS,EXPERIMENTAL,DEVELOPMENTAL MULTIMODEL SIGNAL - NOT CALIBRATED PROBABILITY,PUBLIC OPEN-DATA SERVICES,INDEPENDENT PROJECT - NOT AN OFFICIAL RHMZ WARNING PRODUCT
70734,LOZNICA-GRAD,LOZNICA-GRAD,ЛОЗНИЦА-ГРАД,0.0,0.0,0.0,0.0,0.0,13.473503052533188,56.6550235748291,9,48,2026-08-22T00:00:00Z,2026-08-20T00:00:00Z,0.0,0.0,0.0,55.9,0.0,9.3,9,0.0,0.0,10,0.0,0.0,16.7,0.0,0.0,0.0,0.0,0.0,0.0,0.0,3,0.0,0,0,0,0,GREEN,БЕЗ ЗНАЧАЈНОГ РИЗИКА,NO SIGNIFICANT RISK,HIGH,ECMWF ENS,ECMWF ENS | ICON-EU EPS | GEFS,0.0,3,0.0,0,0,0,0,GREEN,БЕЗ ЗНАЧАЈНОГ РИЗИКА,NO SIGNIFICANT RISK,HIGH,ECMWF ENS,ECMWF ENS | ICON-EU EPS | GEFS,0.0,3,0.0,0,0,0,0,GREEN,БЕЗ ЗНАЧАЈНОГ РИЗИКА,NO SIGNIFICANT RISK,HIGH,ECMWF ENS,ECMWF ENS | ICON-EU EPS | GEFS,0.0,3,0.0,0,0,0,0,GREEN,БЕЗ ЗНАЧАЈНОГ РИЗИКА,NO SIGNIFICANT RISK,HIGH,ECMWF ENS,ECMWF ENS | ICON-EU EPS | GEFS,0,GREEN,БЕЗ ЗНАЧАЈНОГ РИЗИКА,NO SIGNIFICANT RISK,NONE,HIGH,18,2026-08-21T06:00:00+00:00,2026-08-22T00:00:00+00:00,STORMS,EXPERIMENTAL,DEVELOPMENTAL MULTIMODEL SIGNAL - NOT CALIBRATED PROBABILITY,PUBLIC OPEN-DATA SERVICES,INDEPENDENT PROJECT - NOT AN OFFICIAL RHMZ WARNING PRODUCT
70742,LUČANI,LUČANI,ЛУЧАНИ,0.0,0.0,0.0,0.0,0.0,13.909752008224295,53.22499942779541,10,48,2026-08-22T00:00:00Z,2026-08-20T00:00:00Z,0.0,0.0,0.0,56.8,0.0,10.6,10,0.0,0.0,10,0.0,0.0,9.4,0.0,0.0,0.0,0.0,0.0,0.0,0.0,3,0.0,0,0,0,0,GREEN,БЕЗ ЗНАЧАЈНОГ РИЗИКА,NO SIGNIFICANT RISK,HIGH,ECMWF ENS,ECMWF ENS | ICON-EU EPS | GEFS,0.0,3,0.0,0,0,0,0,GREEN,БЕЗ ЗНАЧАЈНОГ РИЗИКА,NO SIGNIFICANT RISK,HIGH,ECMWF ENS,ECMWF ENS | ICON-EU EPS | GEFS,0.0,3,0.0,0,0,0,0,GREEN,БЕЗ ЗНАЧАЈНОГ РИЗИКА,NO SIGNIFICANT RISK,HIGH,ECMWF ENS,ECMWF ENS | ICON-EU EPS | GEFS,0.0,3,0.0,0,0,0,0,GREEN,БЕЗ ЗНАЧАЈНОГ РИЗИКА,NO SIGNIFICANT RISK,HIGH,ECMWF ENS,ECMWF ENS | ICON-EU EPS | GEFS,0,GREEN,БЕЗ ЗНАЧАЈНОГ РИЗИКА,NO SIGNIFICANT RISK,NONE,HIGH,18,2026-08-21T06:00:00+00:00,2026-08-22T00:00:00+00:00,STORMS,EXPERIMENTAL,DEVELOPMENTAL MULTIMODEL SIGNAL - NOT CALIBRATED PROBABILITY,PUBLIC OPEN-DATA SERVICES,INDEPENDENT PROJECT - NOT AN OFFICIAL RHMZ WARNING PRODUCT
70785,MAJDANPEK,MAJDANPEK,МАЈДАНПЕК,0.0,0.0,0.0,0.0,0.0,9.813481365850784,60.5,12,48,2026-08-22T00:00:00Z,2026-08-20T00:00:00Z,0.0,0.0,15.5,58.9,0.0,7.9,12,0.0,0.0,12,0.0,0.0,11.8,0.0,0.0,0.0,0.0,0.0,0.0,0.0,3,0.0,0,0,0,0,GREEN,БЕЗ ЗНАЧАЈНОГ РИЗИКА,NO SIGNIFICANT RISK,HIGH,ECMWF ENS,ECMWF ENS | ICON-EU EPS | GEFS,0.0,3,0.0,0,0,0,0,GREEN,БЕЗ ЗНАЧАЈНОГ РИЗИКА,NO SIGNIFICANT RISK,HIGH,ECMWF ENS,ECMWF ENS | ICON-EU EPS | GEFS,0.0,3,0.0,0,0,0,0,GREEN,БЕЗ ЗНАЧАЈНОГ РИЗИКА,NO SIGNIFICANT RISK,HIGH,ECMWF ENS,ECMWF ENS | ICON-EU EPS | GEFS,0.0,3,0.0,0,0,0,0,GREEN,БЕЗ ЗНАЧАЈНОГ РИЗИКА,NO SIGNIFICANT RISK,HIGH,ECMWF ENS,ECMWF ENS | ICON-EU EPS | GEFS,0,GREEN,БЕЗ ЗНАЧАЈНОГ РИЗИКА,NO SIGNIFICANT RISK,NONE,HIGH,18,2026-08-21T06:00:00+00:00,2026-08-22T00:00:00+00:00,STORMS,EXPERIMENTAL,DEVELOPMENTAL MULTIMODEL SIGNAL - NOT CALIBRATED PROBABILITY,PUBLIC OPEN-DATA SERVICES,INDEPENDENT PROJECT - NOT AN OFFICIAL RHMZ WARNING PRODUCT
70793,MALI ZVORNIK,MALI ZVORNIK,МАЛИ ЗВОРНИК,0.0,0.0,0.0,0.0,0.0,13.34391176079241,55.09999847412109,6,48,2026-08-22T00:00:00Z,2026-08-20T00:00:00Z,0.0,0.0,0.0,55.7,0.0,9.6,6,0.0,0.0,12,0.0,0.0,15.3,0.0,0.0,0.0,0.0,0.0,0.0,0.0,3,0.0,0,0,0,0,GREEN,БЕЗ ЗНАЧАЈНОГ РИЗИКА,NO SIGNIFICANT RISK,HIGH,ECMWF ENS,ECMWF ENS | ICON-EU EPS | GEFS,0.0,3,0.0,0,0,0,0,GREEN,БЕЗ ЗНАЧАЈНОГ РИЗИКА,NO SIGNIFICANT RISK,HIGH,ECMWF ENS,ECMWF ENS | ICON-EU EPS | GEFS,0.0,3,0.0,0,0,0,0,GREEN,БЕЗ ЗНАЧАЈНОГ РИЗИКА,NO SIGNIFICANT RISK,HIGH,ECMWF ENS,ECMWF ENS | ICON-EU EPS | GEFS,0.0,3,0.0,0,0,0,0,GREEN,БЕЗ ЗНАЧАЈНОГ РИЗИКА,NO SIGNIFICANT RISK,HIGH,ECMWF ENS,ECMWF ENS | ICON-EU EPS | GEFS,0,GREEN,БЕЗ ЗНАЧАЈНОГ РИЗИКА,NO SIGNIFICANT RISK,NONE,HIGH,18,2026-08-21T06:00:00+00:00,2026-08-22T00:00:00+00:00,STORMS,EXPERIMENTAL,DEVELOPMENTAL MULTIMODEL SIGNAL - NOT CALIBRATED PROBABILITY,PUBLIC OPEN-DATA SERVICES,INDEPENDENT PROJECT - NOT AN OFFICIAL RHMZ WARNING PRODUCT
80241,MALI IĐOŠ,MALI IĐOŠ,МАЛИ ИЂОШ,0.0,0.0,0.0,0.0,6.0,14.363443116061871,60.76419258117676,6,48,2026-08-22T00:00:00Z,2026-08-20T00:00:00Z,0.0,0.0,437.0,62.2,0.0,8.9,6,0.0,0.0,11,101.8,0.0,14.3,0.0,0.0,0.0,0.0,0.0,0.0,0.0,3,0.0,0,0,0,0,GREEN,БЕЗ ЗНАЧАЈНОГ РИЗИКА,NO SIGNIFICANT RISK,HIGH,ECMWF ENS,ECMWF ENS | ICON-EU EPS | GEFS,0.0,3,0.0,0,0,0,0,GREEN,БЕЗ ЗНАЧАЈНОГ РИЗИКА,NO SIGNIFICANT RISK,HIGH,ECMWF ENS,ECMWF ENS | ICON-EU EPS | GEFS,0.0,3,0.0,0,0,0,0,GREEN,БЕЗ ЗНАЧАЈНОГ РИЗИКА,NO SIGNIFICANT RISK,HIGH,ECMWF ENS,ECMWF ENS | ICON-EU EPS | GEFS,0.0,3,0.0,0,0,0,0,GREEN,БЕЗ ЗНАЧАЈНОГ РИЗИКА,NO SIGNIFICANT RISK,HIGH,ECMWF ENS,ECMWF ENS | ICON-EU EPS | GEFS,0,GREEN,БЕЗ ЗНАЧАЈНОГ РИЗИКА,NO SIGNIFICANT RISK,NONE,HIGH,18,2026-08-21T06:00:00+00:00,2026-08-22T00:00:00+00:00,STORMS,EXPERIMENTAL,DEVELOPMENTAL MULTIMODEL SIGNAL - NOT CALIBRATED PROBABILITY,PUBLIC OPEN-DATA SERVICES,INDEPENDENT PROJECT - NOT AN OFFICIAL RHMZ WARNING PRODUCT
70807,MALO CRNIĆE,MALO CRNIĆE,МАЛО ЦРНИЋЕ,0.0,0.0,0.0,0.0,0.0,14.641305761565524,60.05000114440918,8,48,2026-08-22T00:00:00Z,2026-08-20T00:00:00Z,0.0,0.0,0.0,54.8,0.0,9.4,8,0.0,0.0,13,0.0,0.0,11.7,0.0,0.0,0.0,0.0,0.0,0.0,0.0,3,0.0,0,0,0,0,GREEN,БЕЗ ЗНАЧАЈНОГ РИЗИКА,NO SIGNIFICANT RISK,HIGH,ECMWF ENS,ECMWF ENS | ICON-EU EPS | GEFS,0.0,3,0.0,0,0,0,0,GREEN,БЕЗ ЗНАЧАЈНОГ РИЗИКА,NO SIGNIFICANT RISK,HIGH,ECMWF ENS,ECMWF ENS | ICON-EU EPS | GEFS,0.0,3,0.0,0,0,0,0,GREEN,БЕЗ ЗНАЧАЈНОГ РИЗИКА,NO SIGNIFICANT RISK,HIGH,ECMWF ENS,ECMWF ENS | ICON-EU EPS | GEFS,0.0,3,0.0,0,0,0,0,GREEN,БЕЗ ЗНАЧАЈНОГ РИЗИКА,NO SIGNIFICANT RISK,HIGH,ECMWF ENS,ECMWF ENS | ICON-EU EPS | GEFS,0,GREEN,БЕЗ ЗНАЧАЈНОГ РИЗИКА,NO SIGNIFICANT RISK,NONE,HIGH,18,2026-08-21T06:00:00+00:00,2026-08-22T00:00:00+00:00,STORMS,EXPERIMENTAL,DEVELOPMENTAL MULTIMODEL SIGNAL - NOT CALIBRATED PROBABILITY,PUBLIC OPEN-DATA SERVICES,INDEPENDENT PROJECT - NOT AN OFFICIAL RHMZ WARNING PRODUCT
70815,MEDVEĐA,MEDVEĐA,МЕДВЕЂА,0.0,0.0,0.0,0.0,0.0,8.391461708482503,59.38073539733887,9,48,2026-08-22T00:00:00Z,2026-08-20T00:00:00Z,0.0,0.0,0.0,38.7,0.0,3.9,9,0.0,0.0,12,0.0,0.0,5.8,0.0,0.0,0.0,0.0,0.0,0.0,0.0,3,0.0,0,0,0,0,GREEN,БЕЗ ЗНАЧАЈНОГ РИЗИКА,NO SIGNIFICANT RISK,HIGH,ECMWF ENS,ECMWF ENS | ICON-EU EPS | GEFS,0.0,3,0.0,0,0,0,0,GREEN,БЕЗ ЗНАЧАЈНОГ РИЗИКА,NO SIGNIFICANT RISK,HIGH,ECMWF ENS,ECMWF ENS | ICON-EU EPS | GEFS,0.0,3,0.0,0,0,0,0,GREEN,БЕЗ ЗНАЧАЈНОГ РИЗИКА,NO SIGNIFICANT RISK,HIGH,ECMWF ENS,ECMWF ENS | ICON-EU EPS | GEFS,0.0,3,0.0,0,0,0,0,GREEN,БЕЗ ЗНАЧАЈНОГ РИЗИКА,NO SIGNIFICANT RISK,HIGH,ECMWF ENS,ECMWF ENS | ICON-EU EPS | GEFS,0,GREEN,БЕЗ ЗНАЧАЈНОГ РИЗИКА,NO SIGNIFICANT RISK,NONE,HIGH,18,2026-08-21T06:00:00+00:00,2026-08-22T00:00:00+00:00,STORMS,EXPERIMENTAL,DEVELOPMENTAL MULTIMODEL SIGNAL - NOT CALIBRATED PROBABILITY,PUBLIC OPEN-DATA SERVICES,INDEPENDENT PROJECT - NOT AN OFFICIAL RHMZ WARNING PRODUCT
70823,MEROŠINA,MEROŠINA,МЕРОШИНА,0.0,0.0,0.0,0.0,0.0,12.554452823942098,58.555023193359375,6,48,2026-08-22T00:00:00Z,2026-08-20T00:00:00Z,0.0,0.0,0.0,51.4,0.0,7.7,6,0.0,0.0,14,0.0,0.0,6.1,0.0,0.0,0.0,0.0,0.0,0.0,0.0,3,0.0,0,0,0,0,GREEN,БЕЗ ЗНАЧАЈНОГ РИЗИКА,NO SIGNIFICANT RISK,HIGH,ECMWF ENS,ECMWF ENS | ICON-EU EPS | GEFS,0.0,3,0.0,0,0,0,0,GREEN,БЕЗ ЗНАЧАЈНОГ РИЗИКА,NO SIGNIFICANT RISK,HIGH,ECMWF ENS,ECMWF ENS | ICON-EU EPS | GEFS,0.0,3,0.0,0,0,0,0,GREEN,БЕЗ ЗНАЧАЈНОГ РИЗИКА,NO SIGNIFICANT RISK,HIGH,ECMWF ENS,ECMWF ENS | ICON-EU EPS | GEFS,0.0,3,0.0,0,0,0,0,GREEN,БЕЗ ЗНАЧАЈНОГ РИЗИКА,NO SIGNIFICANT RISK,HIGH,ECMWF ENS,ECMWF ENS | ICON-EU EPS | GEFS,0,GREEN,БЕЗ ЗНАЧАЈНОГ РИЗИКА,NO SIGNIFICANT RISK,NONE,HIGH,18,2026-08-21T06:00:00+00:00,2026-08-22T00:00:00+00:00,STORMS,EXPERIMENTAL,DEVELOPMENTAL MULTIMODEL SIGNAL - NOT CALIBRATED PROBABILITY,PUBLIC OPEN-DATA SERVICES,INDEPENDENT PROJECT - NOT AN OFFICIAL RHMZ WARNING PRODUCT
70831,MIONICA,MIONICA,МИОНИЦА,0.0,0.0,0.0,0.0,0.0,13.76966453288546,52.55684852600098,9,48,2026-08-22T00:00:00Z,2026-08-20T00:00:00Z,0.0,0.0,0.0,59.9,0.0,13.7,9,0.0,0.0,13,0.0,0.0,14.0,0.0,0.0,0.0,0.0,0.0,0.0,0.0,3,0.0,0,0,0,0,GREEN,БЕЗ ЗНАЧАЈНОГ РИЗИКА,NO SIGNIFICANT RISK,HIGH,ECMWF ENS,ECMWF ENS | ICON-EU EPS | GEFS,0.0,3,0.0,0,0,0,0,GREEN,БЕЗ ЗНАЧАЈНОГ РИЗИКА,NO SIGNIFICANT RISK,HIGH,ECMWF ENS,ECMWF ENS | ICON-EU EPS | GEFS,0.0,3,0.0,0,0,0,0,GREEN,БЕЗ ЗНАЧАЈНОГ РИЗИКА,NO SIGNIFICANT RISK,HIGH,ECMWF ENS,ECMWF ENS | ICON-EU EPS | GEFS,0.0,3,0.0,0,0,0,0,GREEN,БЕЗ ЗНАЧАЈНОГ РИЗИКА,NO SIGNIFICANT RISK,HIGH,ECMWF ENS,ECMWF ENS | ICON-EU EPS | GEFS,0,GREEN,БЕЗ ЗНАЧАЈНОГ РИЗИКА,NO SIGNIFICANT RISK,NONE,HIGH,18,2026-08-21T06:00:00+00:00,2026-08-22T00:00:00+00:00,STORMS,EXPERIMENTAL,DEVELOPMENTAL MULTIMODEL SIGNAL - NOT CALIBRATED PROBABILITY,PUBLIC OPEN-DATA SERVICES,INDEPENDENT PROJECT - NOT AN OFFICIAL RHMZ WARNING PRODUCT
70840,NEGOTIN,NEGOTIN,НЕГОТИН,0.0,0.0,0.0,0.0,0.0,9.011254559974208,60.79315185546875,11,48,2026-08-22T00:00:00Z,2026-08-20T00:00:00Z,0.0,0.0,125.0,56.2,0.0,6.0,11,0.0,0.0,9,0.0,0.0,10.2,0.0,0.0,0.0,0.0,0.0,0.0,0.0,3,0.0,0,0,0,0,GREEN,БЕЗ ЗНАЧАЈНОГ РИЗИКА,NO SIGNIFICANT RISK,HIGH,ECMWF ENS,ECMWF ENS | ICON-EU EPS | GEFS,0.0,3,0.0,0,0,0,0,GREEN,БЕЗ ЗНАЧАЈНОГ РИЗИКА,NO SIGNIFICANT RISK,HIGH,ECMWF ENS,ECMWF ENS | ICON-EU EPS | GEFS,0.0,3,0.0,0,0,0,0,GREEN,БЕЗ ЗНАЧАЈНОГ РИЗИКА,NO SIGNIFICANT RISK,HIGH,ECMWF ENS,ECMWF ENS | ICON-EU EPS | GEFS,0.0,3,0.0,0,0,0,0,GREEN,БЕЗ ЗНАЧАЈНОГ РИЗИКА,NO SIGNIFICANT RISK,HIGH,ECMWF ENS,ECMWF ENS | ICON-EU EPS | GEFS,0,GREEN,БЕЗ ЗНАЧАЈНОГ РИЗИКА,NO SIGNIFICANT RISK,NONE,HIGH,18,2026-08-21T06:00:00+00:00,2026-08-22T00:00:00+00:00,STORMS,EXPERIMENTAL,DEVELOPMENTAL MULTIMODEL SIGNAL - NOT CALIBRATED PROBABILITY,PUBLIC OPEN-DATA SERVICES,INDEPENDENT PROJECT - NOT AN OFFICIAL RHMZ WARNING PRODUCT
71331,NIŠ-MEDIANA,NIŠ-MEDIANA,НИШ-МЕДИАНА,0.0,0.0,0.0,0.0,0.0,10.66412285182762,58.90502166748047,5,48,2026-08-22T00:00:00Z,2026-08-20T00:00:00Z,0.0,0.0,0.0,53.6,0.0,6.5,5,0.0,0.0,12,0.0,0.0,5.5,0.0,0.0,0.0,0.0,0.0,0.0,0.0,3,0.0,0,0,0,0,GREEN,БЕЗ ЗНАЧАЈНОГ РИЗИКА,NO SIGNIFICANT RISK,HIGH,ECMWF ENS,ECMWF ENS | ICON-EU EPS | GEFS,0.0,3,0.0,0,0,0,0,GREEN,БЕЗ ЗНАЧАЈНОГ РИЗИКА,NO SIGNIFICANT RISK,HIGH,ECMWF ENS,ECMWF ENS | ICON-EU EPS | GEFS,0.0,3,0.0,0,0,0,0,GREEN,БЕЗ ЗНАЧАЈНОГ РИЗИКА,NO SIGNIFICANT RISK,HIGH,ECMWF ENS,ECMWF ENS | ICON-EU EPS | GEFS,0.0,3,0.0,0,0,0,0,GREEN,БЕЗ ЗНАЧАЈНОГ РИЗИКА,NO SIGNIFICANT RISK,HIGH,ECMWF ENS,ECMWF ENS | ICON-EU EPS | GEFS,0,GREEN,БЕЗ ЗНАЧАЈНОГ РИЗИКА,NO SIGNIFICANT RISK,NONE,HIGH,18,2026-08-21T06:00:00+00:00,2026-08-22T00:00:00+00:00,STORMS,EXPERIMENTAL,DEVELOPMENTAL MULTIMODEL SIGNAL - NOT CALIBRATED PROBABILITY,PUBLIC OPEN-DATA SERVICES,INDEPENDENT PROJECT - NOT AN OFFICIAL RHMZ WARNING PRODUCT
71285,NIŠ-NIŠKA BANJA,NIŠ-NIŠKA BANJA,НИШ-НИШКА БАЊА,0.0,0.0,0.0,0.0,0.0,8.65478832007511,59.19999885559082,5,48,2026-08-22T00:00:00Z,2026-08-20T00:00:00Z,0.0,0.0,0.0,52.7,0.0,3.8,5,0.0,0.0,10,0.0,0.0,4.7,0.0,0.0,0.0,0.0,0.0,0.0,0.0,3,0.0,0,0,0,0,GREEN,БЕЗ ЗНАЧАЈНОГ РИЗИКА,NO SIGNIFICANT RISK,HIGH,ECMWF ENS,ECMWF ENS | ICON-EU EPS | GEFS,0.0,3,0.0,0,0,0,0,GREEN,БЕЗ ЗНАЧАЈНОГ РИЗИКА,NO SIGNIFICANT RISK,HIGH,ECMWF ENS,ECMWF ENS | ICON-EU EPS | GEFS,0.0,3,0.0,0,0,0,0,GREEN,БЕЗ ЗНАЧАЈНОГ РИЗИКА,NO SIGNIFICANT RISK,HIGH,ECMWF ENS,ECMWF ENS | ICON-EU EPS | GEFS,0.0,3,0.0,0,0,0,0,GREEN,БЕЗ ЗНАЧАЈНОГ РИЗИКА,NO SIGNIFICANT RISK,HIGH,ECMWF ENS,ECMWF ENS | ICON-EU EPS | GEFS,0,GREEN,БЕЗ ЗНАЧАЈНОГ РИЗИКА,NO SIGNIFICANT RISK,NONE,HIGH,18,2026-08-21T06:00:00+00:00,2026-08-22T00:00:00+00:00,STORMS,EXPERIMENTAL,DEVELOPMENTAL MULTIMODEL SIGNAL - NOT CALIBRATED PROBABILITY,PUBLIC OPEN-DATA SERVICES,INDEPENDENT PROJECT - NOT AN OFFICIAL RHMZ WARNING PRODUCT
71323,NIŠ-PALILULA,NIŠ-PALILULA,НИШ-ПАЛИЛУЛА,0.0,0.0,0.0,0.0,0.0,10.66412285182762,58.90502166748047,6,48,2026-08-22T00:00:00Z,2026-08-20T00:00:00Z,0.0,0.0,0.0,53.6,0.0,6.5,6,0.0,0.0,12,0.0,0.0,5.5,0.0,0.0,0.0,0.0,0.0,0.0,0.0,3,0.0,0,0,0,0,GREEN,БЕЗ ЗНАЧАЈНОГ РИЗИКА,NO SIGNIFICANT RISK,HIGH,ECMWF ENS,ECMWF ENS | ICON-EU EPS | GEFS,0.0,3,0.0,0,0,0,0,GREEN,БЕЗ ЗНАЧАЈНОГ РИЗИКА,NO SIGNIFICANT RISK,HIGH,ECMWF ENS,ECMWF ENS | ICON-EU EPS | GEFS,0.0,3,0.0,0,0,0,0,GREEN,БЕЗ ЗНАЧАЈНОГ РИЗИКА,NO SIGNIFICANT RISK,HIGH,ECMWF ENS,ECMWF ENS | ICON-EU EPS | GEFS,0.0,3,0.0,0,0,0,0,GREEN,БЕЗ ЗНАЧАЈНОГ РИЗИКА,NO SIGNIFICANT RISK,HIGH,ECMWF ENS,ECMWF ENS | ICON-EU EPS | GEFS,0,GREEN,БЕЗ ЗНАЧАЈНОГ РИЗИКА,NO SIGNIFICANT RISK,NONE,HIGH,18,2026-08-21T06:00:00+00:00,2026-08-22T00:00:00+00:00,STORMS,EXPERIMENTAL,DEVELOPMENTAL MULTIMODEL SIGNAL - NOT CALIBRATED PROBABILITY,PUBLIC OPEN-DATA SERVICES,INDEPENDENT PROJECT - NOT AN OFFICIAL RHMZ WARNING PRODUCT
71307,NIŠ-PANTELEJ,NIŠ-PANTELEJ,НИШ-ПАНТЕЛЕЈ,0.0,0.0,0.0,0.0,0.0,10.66412285182762,59.19999885559082,6,48,2026-08-22T00:00:00Z,2026-08-20T00:00:00Z,0.0,0.0,0.0,53.6,0.0,6.5,6,0.0,0.0,11,0.0,0.0,5.5,0.0,0.0,0.0,0.0,0.0,0.0,0.0,3,0.0,0,0,0,0,GREEN,БЕЗ ЗНАЧАЈНОГ РИЗИКА,NO SIGNIFICANT RISK,HIGH,ECMWF ENS,ECMWF ENS | ICON-EU EPS | GEFS,0.0,3,0.0,0,0,0,0,GREEN,БЕЗ ЗНАЧАЈНОГ РИЗИКА,NO SIGNIFICANT RISK,HIGH,ECMWF ENS,ECMWF ENS | ICON-EU EPS | GEFS,0.0,3,0.0,0,0,0,0,GREEN,БЕЗ ЗНАЧАЈНОГ РИЗИКА,NO SIGNIFICANT RISK,HIGH,ECMWF ENS,ECMWF ENS | ICON-EU EPS | GEFS,0.0,3,0.0,0,0,0,0,GREEN,БЕЗ ЗНАЧАЈНОГ РИЗИКА,NO SIGNIFICANT RISK,HIGH,ECMWF ENS,ECMWF ENS | ICON-EU EPS | GEFS,0,GREEN,БЕЗ ЗНАЧАЈНОГ РИЗИКА,NO SIGNIFICANT RISK,NONE,HIGH,18,2026-08-21T06:00:00+00:00,2026-08-22T00:00:00+00:00,STORMS,EXPERIMENTAL,DEVELOPMENTAL MULTIMODEL SIGNAL - NOT CALIBRATED PROBABILITY,PUBLIC OPEN-DATA SERVICES,INDEPENDENT PROJECT - NOT AN OFFICIAL RHMZ WARNING PRODUCT
71315,NIŠ-CRVENI KRST,NIŠ-CRVENI KRST,НИШ-ЦРВЕНИ КРСТ,0.0,0.0,0.0,0.0,0.0,12.554452823942098,58.90502166748047,6,48,2026-08-22T00:00:00Z,2026-08-20T00:00:00Z,0.0,0.0,0.0,51.4,0.0,7.7,6,0.0,0.0,10,0.0,0.0,6.0,0.0,0.0,0.0,0.0,0.0,0.0,0.0,3,0.0,0,0,0,0,GREEN,БЕЗ ЗНАЧАЈНОГ РИЗИКА,NO SIGNIFICANT RISK,HIGH,ECMWF ENS,ECMWF ENS | ICON-EU EPS | GEFS,0.0,3,0.0,0,0,0,0,GREEN,БЕЗ ЗНАЧАЈНОГ РИЗИКА,NO SIGNIFICANT RISK,HIGH,ECMWF ENS,ECMWF ENS | ICON-EU EPS | GEFS,0.0,3,0.0,0,0,0,0,GREEN,БЕЗ ЗНАЧАЈНОГ РИЗИКА,NO SIGNIFICANT RISK,HIGH,ECMWF ENS,ECMWF ENS | ICON-EU EPS | GEFS,0.0,3,0.0,0,0,0,0,GREEN,БЕЗ ЗНАЧАЈНОГ РИЗИКА,NO SIGNIFICANT RISK,HIGH,ECMWF ENS,ECMWF ENS | ICON-EU EPS | GEFS,0,GREEN,БЕЗ ЗНАЧАЈНОГ РИЗИКА,NO SIGNIFICANT RISK,NONE,HIGH,18,2026-08-21T06:00:00+00:00,2026-08-22T00:00:00+00:00,STORMS,EXPERIMENTAL,DEVELOPMENTAL MULTIMODEL SIGNAL - NOT CALIBRATED PROBABILITY,PUBLIC OPEN-DATA SERVICES,INDEPENDENT PROJECT - NOT AN OFFICIAL RHMZ WARNING PRODUCT
70866,NOVA VAROŠ,NOVA VAROŠ,НОВА ВАРОШ,0.0,0.0,0.0,0.0,0.0,10.796283659290934,47.10684967041016,9,48,2026-08-22T00:00:00Z,2026-08-20T00:00:00Z,0.0,0.0,0.0,51.2,0.0,6.4,9,0.0,0.0,12,0.0,0.0,8.5,0.0,0.0,0.0,0.0,0.0,0.0,0.0,3,0.0,0,0,0,0,GREEN,БЕЗ ЗНАЧАЈНОГ РИЗИКА,NO SIGNIFICANT RISK,HIGH,ECMWF ENS,ECMWF ENS | ICON-EU EPS | GEFS,0.0,3,0.0,0,0,0,0,GREEN,БЕЗ ЗНАЧАЈНОГ РИЗИКА,NO SIGNIFICANT RISK,HIGH,ECMWF ENS,ECMWF ENS | ICON-EU EPS | GEFS,0.0,3,0.0,0,0,0,0,GREEN,БЕЗ ЗНАЧАЈНОГ РИЗИКА,NO SIGNIFICANT RISK,HIGH,ECMWF ENS,ECMWF ENS | ICON-EU EPS | GEFS,0.0,3,0.0,0,0,0,0,GREEN,БЕЗ ЗНАЧАЈНОГ РИЗИКА,NO SIGNIFICANT RISK,HIGH,ECMWF ENS,ECMWF ENS | ICON-EU EPS | GEFS,0,GREEN,БЕЗ ЗНАЧАЈНОГ РИЗИКА,NO SIGNIFICANT RISK,NONE,HIGH,18,2026-08-21T06:00:00+00:00,2026-08-22T00:00:00+00:00,STORMS,EXPERIMENTAL,DEVELOPMENTAL MULTIMODEL SIGNAL - NOT CALIBRATED PROBABILITY,PUBLIC OPEN-DATA SERVICES,INDEPENDENT PROJECT - NOT AN OFFICIAL RHMZ WARNING PRODUCT
80250,NOVA CRNJA,NOVA CRNJA,НОВА ЦРЊА,0.0,0.0,0.0,0.0,3.0,13.519306573494918,60.37814998626709,7,48,2026-08-22T00:00:00Z,2026-08-20T00:00:00Z,0.0,0.0,0.0,66.9,0.0,11.2,7,0.0,0.0,12,0.1,0.0,13.6,0.0,0.0,0.0,0.0,0.0,0.0,0.0,3,0.0,0,0,0,0,GREEN,БЕЗ ЗНАЧАЈНОГ РИЗИКА,NO SIGNIFICANT RISK,HIGH,ECMWF ENS,ECMWF ENS | ICON-EU EPS | GEFS,0.0,3,0.0,0,0,0,0,GREEN,БЕЗ ЗНАЧАЈНОГ РИЗИКА,NO SIGNIFICANT RISK,HIGH,ECMWF ENS,ECMWF ENS | ICON-EU EPS | GEFS,0.0,3,0.0,0,0,0,0,GREEN,БЕЗ ЗНАЧАЈНОГ РИЗИКА,NO SIGNIFICANT RISK,HIGH,ECMWF ENS,ECMWF ENS | ICON-EU EPS | GEFS,0.0,3,0.0,0,0,0,0,GREEN,БЕЗ ЗНАЧАЈНОГ РИЗИКА,NO SIGNIFICANT RISK,HIGH,ECMWF ENS,ECMWF ENS | ICON-EU EPS | GEFS,0,GREEN,БЕЗ ЗНАЧАЈНОГ РИЗИКА,NO SIGNIFICANT RISK,NONE,HIGH,18,2026-08-21T06:00:00+00:00,2026-08-22T00:00:00+00:00,STORMS,EXPERIMENTAL,DEVELOPMENTAL MULTIMODEL SIGNAL - NOT CALIBRATED PROBABILITY,PUBLIC OPEN-DATA SERVICES,INDEPENDENT PROJECT - NOT AN OFFICIAL RHMZ WARNING PRODUCT
80268,NOVI BEČEJ,NOVI BEČEJ,НОВИ БЕЧЕЈ,0.0,0.0,0.0,0.0,6.0,14.363443116061871,60.58314323425293,9,48,2026-08-22T00:00:00Z,2026-08-20T00:00:00Z,0.0,0.0,70.8,69.4,0.0,11.6,9,0.0,0.0,10,34.0,0.0,14.2,0.0,0.0,0.0,0.0,0.0,0.0,0.0,3,0.0,0,0,0,0,GREEN,БЕЗ ЗНАЧАЈНОГ РИЗИКА,NO SIGNIFICANT RISK,HIGH,ECMWF ENS,ECMWF ENS | ICON-EU EPS | GEFS,0.0,3,0.0,0,0,0,0,GREEN,БЕЗ ЗНАЧАЈНОГ РИЗИКА,NO SIGNIFICANT RISK,HIGH,ECMWF ENS,ECMWF ENS | ICON-EU EPS | GEFS,0.0,3,0.0,0,0,0,0,GREEN,БЕЗ ЗНАЧАЈНОГ РИЗИКА,NO SIGNIFICANT RISK,HIGH,ECMWF ENS,ECMWF ENS | ICON-EU EPS | GEFS,0.0,3,0.0,0,0,0,0,GREEN,БЕЗ ЗНАЧАЈНОГ РИЗИКА,NO SIGNIFICANT RISK,HIGH,ECMWF ENS,ECMWF ENS | ICON-EU EPS | GEFS,0,GREEN,БЕЗ ЗНАЧАЈНОГ РИЗИКА,NO SIGNIFICANT RISK,NONE,HIGH,18,2026-08-21T06:00:00+00:00,2026-08-22T00:00:00+00:00,STORMS,EXPERIMENTAL,DEVELOPMENTAL MULTIMODEL SIGNAL - NOT CALIBRATED PROBABILITY,PUBLIC OPEN-DATA SERVICES,INDEPENDENT PROJECT - NOT AN OFFICIAL RHMZ WARNING PRODUCT
80276,NOVI KNEŽEVAC,NOVI KNEŽEVAC,НОВИ КНЕЖЕВАЦ,0.0,0.0,0.0,0.0,12.0,14.485279830213308,62.65648555755615,7,48,2026-08-22T00:00:00Z,2026-08-20T00:00:00Z,0.0,0.0,391.1,73.2,0.0,9.9,7,0.0,0.0,12,96.9,0.0,14.2,0.0,0.0,0.0,0.0,0.0,0.0,0.0,3,0.0,0,0,0,0,GREEN,БЕЗ ЗНАЧАЈНОГ РИЗИКА,NO SIGNIFICANT RISK,HIGH,ECMWF ENS,ECMWF ENS | ICON-EU EPS | GEFS,0.0,3,0.0,0,0,0,0,GREEN,БЕЗ ЗНАЧАЈНОГ РИЗИКА,NO SIGNIFICANT RISK,HIGH,ECMWF ENS,ECMWF ENS | ICON-EU EPS | GEFS,0.0,3,0.0,0,0,0,0,GREEN,БЕЗ ЗНАЧАЈНОГ РИЗИКА,NO SIGNIFICANT RISK,HIGH,ECMWF ENS,ECMWF ENS | ICON-EU EPS | GEFS,0.0,3,0.0,0,0,0,0,GREEN,БЕЗ ЗНАЧАЈНОГ РИЗИКА,NO SIGNIFICANT RISK,HIGH,ECMWF ENS,ECMWF ENS | ICON-EU EPS | GEFS,0,GREEN,БЕЗ ЗНАЧАЈНОГ РИЗИКА,NO SIGNIFICANT RISK,NONE,HIGH,18,2026-08-21T06:00:00+00:00,2026-08-22T00:00:00+00:00,STORMS,EXPERIMENTAL,DEVELOPMENTAL MULTIMODEL SIGNAL - NOT CALIBRATED PROBABILITY,PUBLIC OPEN-DATA SERVICES,INDEPENDENT PROJECT - NOT AN OFFICIAL RHMZ WARNING PRODUCT
70874,NOVI PAZAR-GRAD,NOVI PAZAR-GRAD,НОВИ ПАЗАР-ГРАД,0.0,0.0,0.0,0.0,0.0,9.985112625546275,56.400001525878906,10,48,2026-08-22T00:00:00Z,2026-08-20T00:00:00Z,0.0,0.0,0.0,53.3,0.0,6.6,10,0.0,0.0,10,0.0,0.0,6.8,0.0,0.0,0.0,0.0,0.0,0.0,0.0,3,0.0,0,0,0,0,GREEN,БЕЗ ЗНАЧАЈНОГ РИЗИКА,NO SIGNIFICANT RISK,HIGH,ECMWF ENS,ECMWF ENS | ICON-EU EPS | GEFS,0.0,3,0.0,0,0,0,0,GREEN,БЕЗ ЗНАЧАЈНОГ РИЗИКА,NO SIGNIFICANT RISK,HIGH,ECMWF ENS,ECMWF ENS | ICON-EU EPS | GEFS,0.0,3,0.0,0,0,0,0,GREEN,БЕЗ ЗНАЧАЈНОГ РИЗИКА,NO SIGNIFICANT RISK,HIGH,ECMWF ENS,ECMWF ENS | ICON-EU EPS | GEFS,0.0,3,0.0,0,0,0,0,GREEN,БЕЗ ЗНАЧАЈНОГ РИЗИКА,NO SIGNIFICANT RISK,HIGH,ECMWF ENS,ECMWF ENS | ICON-EU EPS | GEFS,0,GREEN,БЕЗ ЗНАЧАЈНОГ РИЗИКА,NO SIGNIFICANT RISK,NONE,HIGH,18,2026-08-21T06:00:00+00:00,2026-08-22T00:00:00+00:00,STORMS,EXPERIMENTAL,DEVELOPMENTAL MULTIMODEL SIGNAL - NOT CALIBRATED PROBABILITY,PUBLIC OPEN-DATA SERVICES,INDEPENDENT PROJECT - NOT AN OFFICIAL RHMZ WARNING PRODUCT
80284,NOVI SAD-GRAD,NOVI SAD-GRAD,НОВИ САД-ГРАД,0.0,0.0,0.0,0.0,6.0,14.210383729728717,57.60502338409424,12,48,2026-08-22T00:00:00Z,2026-08-20T00:00:00Z,0.0,0.0,262.9,59.7,0.0,9.7,12,0.0,0.0,11,61.6,0.0,14.9,0.0,0.0,0.0,0.0,0.0,0.0,0.0,3,0.0,0,0,0,0,GREEN,БЕЗ ЗНАЧАЈНОГ РИЗИКА,NO SIGNIFICANT RISK,HIGH,ECMWF ENS,ECMWF ENS | ICON-EU EPS | GEFS,0.0,3,0.0,0,0,0,0,GREEN,БЕЗ ЗНАЧАЈНОГ РИЗИКА,NO SIGNIFICANT RISK,HIGH,ECMWF ENS,ECMWF ENS | ICON-EU EPS | GEFS,0.0,3,0.0,0,0,0,0,GREEN,БЕЗ ЗНАЧАЈНОГ РИЗИКА,NO SIGNIFICANT RISK,HIGH,ECMWF ENS,ECMWF ENS | ICON-EU EPS | GEFS,0.0,3,0.0,0,0,0,0,GREEN,БЕЗ ЗНАЧАЈНОГ РИЗИКА,NO SIGNIFICANT RISK,HIGH,ECMWF ENS,ECMWF ENS | ICON-EU EPS | GEFS,0,GREEN,БЕЗ ЗНАЧАЈНОГ РИЗИКА,NO SIGNIFICANT RISK,NONE,HIGH,18,2026-08-21T06:00:00+00:00,2026-08-22T00:00:00+00:00,STORMS,EXPERIMENTAL,DEVELOPMENTAL MULTIMODEL SIGNAL - NOT CALIBRATED PROBABILITY,PUBLIC OPEN-DATA SERVICES,INDEPENDENT PROJECT - NOT AN OFFICIAL RHMZ WARNING PRODUCT
90182,NOVO BRDO,NOVO BRDO,НОВО БРДО,0.0,0.0,0.0,0.0,0.0,7.082808082070768,59.38073539733887,5,48,2026-08-22T00:00:00Z,2026-08-20T00:00:00Z,0.0,0.0,0.0,35.9,0.0,3.3,5,0.0,0.0,12,0.0,0.0,5.7,0.0,0.0,0.0,0.0,0.0,0.0,0.0,3,0.0,0,0,0,0,GREEN,БЕЗ ЗНАЧАЈНОГ РИЗИКА,NO SIGNIFICANT RISK,HIGH,ECMWF ENS,ECMWF ENS | ICON-EU EPS | GEFS,0.0,3,0.0,0,0,0,0,GREEN,БЕЗ ЗНАЧАЈНОГ РИЗИКА,NO SIGNIFICANT RISK,HIGH,ECMWF ENS,ECMWF ENS | ICON-EU EPS | GEFS,0.0,3,0.0,0,0,0,0,GREEN,БЕЗ ЗНАЧАЈНОГ РИЗИКА,NO SIGNIFICANT RISK,HIGH,ECMWF ENS,ECMWF ENS | ICON-EU EPS | GEFS,0.0,3,0.0,0,0,0,0,GREEN,БЕЗ ЗНАЧАЈНОГ РИЗИКА,NO SIGNIFICANT RISK,HIGH,ECMWF ENS,ECMWF ENS | ICON-EU EPS | GEFS,0,GREEN,БЕЗ ЗНАЧАЈНОГ РИЗИКА,NO SIGNIFICANT RISK,NONE,HIGH,18,2026-08-21T06:00:00+00:00,2026-08-22T00:00:00+00:00,STORMS,EXPERIMENTAL,DEVELOPMENTAL MULTIMODEL SIGNAL - NOT CALIBRATED PROBABILITY,PUBLIC OPEN-DATA SERVICES,INDEPENDENT PROJECT - NOT AN OFFICIAL RHMZ WARNING PRODUCT
80306,ODŽACI,ODŽACI,ОЏАЦИ,0.0,0.0,0.0,0.0,2.0,14.270142082264057,63.57843399047852,10,48,2026-08-22T00:00:00Z,2026-08-20T00:00:00Z,0.0,0.0,490.5,59.8,0.0,7.6,10,0.0,0.0,12,91.8,0.0,14.0,0.0,0.0,0.0,0.0,0.0,0.0,0.0,3,0.0,0,0,0,0,GREEN,БЕЗ ЗНАЧАЈНОГ РИЗИКА,NO SIGNIFICANT RISK,HIGH,ECMWF ENS,ECMWF ENS | ICON-EU EPS | GEFS,0.0,3,0.0,0,0,0,0,GREEN,БЕЗ ЗНАЧАЈНОГ РИЗИКА,NO SIGNIFICANT RISK,HIGH,ECMWF ENS,ECMWF ENS | ICON-EU EPS | GEFS,0.0,3,0.0,0,0,0,0,GREEN,БЕЗ ЗНАЧАЈНОГ РИЗИКА,NO SIGNIFICANT RISK,HIGH,ECMWF ENS,ECMWF ENS | ICON-EU EPS | GEFS,0.0,3,0.0,0,0,0,0,GREEN,БЕЗ ЗНАЧАЈНОГ РИЗИКА,NO SIGNIFICANT RISK,HIGH,ECMWF ENS,ECMWF ENS | ICON-EU EPS | GEFS,0,GREEN,БЕЗ ЗНАЧАЈНОГ РИЗИКА,NO SIGNIFICANT RISK,NONE,HIGH,18,2026-08-21T06:00:00+00:00,2026-08-22T00:00:00+00:00,STORMS,EXPERIMENTAL,DEVELOPMENTAL MULTIMODEL SIGNAL - NOT CALIBRATED PROBABILITY,PUBLIC OPEN-DATA SERVICES,INDEPENDENT PROJECT - NOT AN OFFICIAL RHMZ WARNING PRODUCT
90204,OBILIĆ,OBILIĆ,ОБИЛИЋ,0.0,0.0,0.0,0.0,0.0,8.212447990801355,59.29999923706055,8,48,2026-08-22T00:00:00Z,2026-08-20T00:00:00Z,0.0,0.0,0.0,32.7,0.0,4.4,8,0.0,0.0,10,0.0,0.0,4.8,0.0,0.0,0.0,0.0,0.0,0.0,0.0,3,0.0,0,0,0,0,GREEN,БЕЗ ЗНАЧАЈНОГ РИЗИКА,NO SIGNIFICANT RISK,HIGH,ECMWF ENS,ECMWF ENS | ICON-EU EPS | GEFS,0.0,3,0.0,0,0,0,0,GREEN,БЕЗ ЗНАЧАЈНОГ РИЗИКА,NO SIGNIFICANT RISK,HIGH,ECMWF ENS,ECMWF ENS | ICON-EU EPS | GEFS,0.0,3,0.0,0,0,0,0,GREEN,БЕЗ ЗНАЧАЈНОГ РИЗИКА,NO SIGNIFICANT RISK,HIGH,ECMWF ENS,ECMWF ENS | ICON-EU EPS | GEFS,0.0,3,0.0,0,0,0,0,GREEN,БЕЗ ЗНАЧАЈНОГ РИЗИКА,NO SIGNIFICANT RISK,HIGH,ECMWF ENS,ECMWF ENS | ICON-EU EPS | GEFS,0,GREEN,БЕЗ ЗНАЧАЈНОГ РИЗИКА,NO SIGNIFICANT RISK,NONE,HIGH,18,2026-08-21T06:00:00+00:00,2026-08-22T00:00:00+00:00,STORMS,EXPERIMENTAL,DEVELOPMENTAL MULTIMODEL SIGNAL - NOT CALIBRATED PROBABILITY,PUBLIC OPEN-DATA SERVICES,INDEPENDENT PROJECT - NOT AN OFFICIAL RHMZ WARNING PRODUCT
80292,OPOVO,OPOVO,ОПОВО,0.0,0.0,0.0,0.0,0.0,13.870557195462832,59.32500076293945,6,48,2026-08-22T00:00:00Z,2026-08-20T00:00:00Z,0.0,0.0,0.0,61.9,0.0,12.9,6,0.0,0.0,12,0.0,0.0,14.0,0.0,0.0,0.0,0.0,0.0,0.0,0.0,3,0.0,0,0,0,0,GREEN,БЕЗ ЗНАЧАЈНОГ РИЗИКА,NO SIGNIFICANT RISK,HIGH,ECMWF ENS,ECMWF ENS | ICON-EU EPS | GEFS,0.0,3,0.0,0,0,0,0,GREEN,БЕЗ ЗНАЧАЈНОГ РИЗИКА,NO SIGNIFICANT RISK,HIGH,ECMWF ENS,ECMWF ENS | ICON-EU EPS | GEFS,0.0,3,0.0,0,0,0,0,GREEN,БЕЗ ЗНАЧАЈНОГ РИЗИКА,NO SIGNIFICANT RISK,HIGH,ECMWF ENS,ECMWF ENS | ICON-EU EPS | GEFS,0.0,3,0.0,0,0,0,0,GREEN,БЕЗ ЗНАЧАЈНОГ РИЗИКА,NO SIGNIFICANT RISK,HIGH,ECMWF ENS,ECMWF ENS | ICON-EU EPS | GEFS,0,GREEN,БЕЗ ЗНАЧАЈНОГ РИЗИКА,NO SIGNIFICANT RISK,NONE,HIGH,18,2026-08-21T06:00:00+00:00,2026-08-22T00:00:00+00:00,STORMS,EXPERIMENTAL,DEVELOPMENTAL MULTIMODEL SIGNAL - NOT CALIBRATED PROBABILITY,PUBLIC OPEN-DATA SERVICES,INDEPENDENT PROJECT - NOT AN OFFICIAL RHMZ WARNING PRODUCT
90212,ORAHOVAC,ORAHOVAC,ОРАХОВАЦ,0.0,0.0,0.0,0.0,0.0,5.785403072565769,60.99999809265137,8,48,2026-08-22T00:00:00Z,2026-08-20T00:00:00Z,0.0,0.0,0.0,36.5,0.0,3.2,8,0.0,0.0,11,0.0,0.0,3.6,0.0,0.0,0.0,0.0,0.0,0.0,0.0,3,0.0,0,0,0,0,GREEN,БЕЗ ЗНАЧАЈНОГ РИЗИКА,NO SIGNIFICANT RISK,HIGH,ECMWF ENS,ECMWF ENS | ICON-EU EPS | GEFS,0.0,3,0.0,0,0,0,0,GREEN,БЕЗ ЗНАЧАЈНОГ РИЗИКА,NO SIGNIFICANT RISK,HIGH,ECMWF ENS,ECMWF ENS | ICON-EU EPS | GEFS,0.0,3,0.0,0,0,0,0,GREEN,БЕЗ ЗНАЧАЈНОГ РИЗИКА,NO SIGNIFICANT RISK,HIGH,ECMWF ENS,ECMWF ENS | ICON-EU EPS | GEFS,0.0,3,0.0,0,0,0,0,GREEN,БЕЗ ЗНАЧАЈНОГ РИЗИКА,NO SIGNIFICANT RISK,HIGH,ECMWF ENS,ECMWF ENS | ICON-EU EPS | GEFS,0,GREEN,БЕЗ ЗНАЧАЈНОГ РИЗИКА,NO SIGNIFICANT RISK,NONE,HIGH,18,2026-08-21T06:00:00+00:00,2026-08-22T00:00:00+00:00,STORMS,EXPERIMENTAL,DEVELOPMENTAL MULTIMODEL SIGNAL - NOT CALIBRATED PROBABILITY,PUBLIC OPEN-DATA SERVICES,INDEPENDENT PROJECT - NOT AN OFFICIAL RHMZ WARNING PRODUCT
70882,OSEČINA,OSEČINA,ОСЕЧИНА,0.0,0.0,0.0,0.0,0.0,13.345102200252498,52.70000076293945,7,48,2026-08-22T00:00:00Z,2026-08-20T00:00:00Z,0.0,0.0,0.0,56.6,0.0,11.7,7,0.0,0.0,13,0.0,0.0,16.2,0.0,0.0,0.0,0.0,0.0,0.0,0.0,3,0.0,0,0,0,0,GREEN,БЕЗ ЗНАЧАЈНОГ РИЗИКА,NO SIGNIFICANT RISK,HIGH,ECMWF ENS,ECMWF ENS | ICON-EU EPS | GEFS,0.0,3,0.0,0,0,0,0,GREEN,БЕЗ ЗНАЧАЈНОГ РИЗИКА,NO SIGNIFICANT RISK,HIGH,ECMWF ENS,ECMWF ENS | ICON-EU EPS | GEFS,0.0,3,0.0,0,0,0,0,GREEN,БЕЗ ЗНАЧАЈНОГ РИЗИКА,NO SIGNIFICANT RISK,HIGH,ECMWF ENS,ECMWF ENS | ICON-EU EPS | GEFS,0.0,3,0.0,0,0,0,0,GREEN,БЕЗ ЗНАЧАЈНОГ РИЗИКА,NO SIGNIFICANT RISK,HIGH,ECMWF ENS,ECMWF ENS | ICON-EU EPS | GEFS,0,GREEN,БЕЗ ЗНАЧАЈНОГ РИЗИКА,NO SIGNIFICANT RISK,NONE,HIGH,18,2026-08-21T06:00:00+00:00,2026-08-22T00:00:00+00:00,STORMS,EXPERIMENTAL,DEVELOPMENTAL MULTIMODEL SIGNAL - NOT CALIBRATED PROBABILITY,PUBLIC OPEN-DATA SERVICES,INDEPENDENT PROJECT - NOT AN OFFICIAL RHMZ WARNING PRODUCT
80314,PANČEVO-GRAD,PANČEVO-GRAD,ПАНЧЕВО-ГРАД,0.0,0.0,0.0,0.0,0.0,14.641305761565524,59.606483459472656,10,48,2026-08-22T00:00:00Z,2026-08-20T00:00:00Z,0.0,0.0,0.0,56.4,0.0,10.9,10,0.0,0.0,9,0.2,0.0,11.9,0.0,0.0,0.0,0.0,0.0,0.0,0.0,3,0.0,0,0,0,0,GREEN,БЕЗ ЗНАЧАЈНОГ РИЗИКА,NO SIGNIFICANT RISK,HIGH,ECMWF ENS,ECMWF ENS | ICON-EU EPS | GEFS,0.0,3,0.0,0,0,0,0,GREEN,БЕЗ ЗНАЧАЈНОГ РИЗИКА,NO SIGNIFICANT RISK,HIGH,ECMWF ENS,ECMWF ENS | ICON-EU EPS | GEFS,0.0,3,0.0,0,0,0,0,GREEN,БЕЗ ЗНАЧАЈНОГ РИЗИКА,NO SIGNIFICANT RISK,HIGH,ECMWF ENS,ECMWF ENS | ICON-EU EPS | GEFS,0.0,3,0.0,0,0,0,0,GREEN,БЕЗ ЗНАЧАЈНОГ РИЗИКА,NO SIGNIFICANT RISK,HIGH,ECMWF ENS,ECMWF ENS | ICON-EU EPS | GEFS,0,GREEN,БЕЗ ЗНАЧАЈНОГ РИЗИКА,NO SIGNIFICANT RISK,NONE,HIGH,18,2026-08-21T06:00:00+00:00,2026-08-22T00:00:00+00:00,STORMS,EXPERIMENTAL,DEVELOPMENTAL MULTIMODEL SIGNAL - NOT CALIBRATED PROBABILITY,PUBLIC OPEN-DATA SERVICES,INDEPENDENT PROJECT - NOT AN OFFICIAL RHMZ WARNING PRODUCT
70904,PARAĆIN,PARAĆIN,ПАРАЋИН,0.0,0.0,0.0,0.0,0.0,13.90810790889439,60.29315185546875,8,48,2026-08-22T00:00:00Z,2026-08-20T00:00:00Z,0.0,0.0,0.0,46.9,0.0,8.3,8,0.0,0.0,13,0.0,0.0,8.9,0.0,0.0,0.0,0.0,0.0,0.0,0.0,3,0.0,0,0,0,0,GREEN,БЕЗ ЗНАЧАЈНОГ РИЗИКА,NO SIGNIFICANT RISK,HIGH,ECMWF ENS,ECMWF ENS | ICON-EU EPS | GEFS,0.0,3,0.0,0,0,0,0,GREEN,БЕЗ ЗНАЧАЈНОГ РИЗИКА,NO SIGNIFICANT RISK,HIGH,ECMWF ENS,ECMWF ENS | ICON-EU EPS | GEFS,0.0,3,0.0,0,0,0,0,GREEN,БЕЗ ЗНАЧАЈНОГ РИЗИКА,NO SIGNIFICANT RISK,HIGH,ECMWF ENS,ECMWF ENS | ICON-EU EPS | GEFS,0.0,3,0.0,0,0,0,0,GREEN,БЕЗ ЗНАЧАЈНОГ РИЗИКА,NO SIGNIFICANT RISK,HIGH,ECMWF ENS,ECMWF ENS | ICON-EU EPS | GEFS,0,GREEN,БЕЗ ЗНАЧАЈНОГ РИЗИКА,NO SIGNIFICANT RISK,NONE,HIGH,18,2026-08-21T06:00:00+00:00,2026-08-22T00:00:00+00:00,STORMS,EXPERIMENTAL,DEVELOPMENTAL MULTIMODEL SIGNAL - NOT CALIBRATED PROBABILITY,PUBLIC OPEN-DATA SERVICES,INDEPENDENT PROJECT - NOT AN OFFICIAL RHMZ WARNING PRODUCT
90239,PEĆ,PEĆ,ПЕЋ,0.0,0.0,0.0,0.0,0.0,7.028338152523331,56.764193534851074,11,48,2026-08-22T00:00:00Z,2026-08-20T00:00:00Z,0.0,0.0,0.0,50.1,0.0,4.5,11,0.0,0.0,11,0.0,0.0,6.9,0.0,0.0,0.0,0.0,0.0,0.0,0.0,3,0.0,0,0,0,0,GREEN,БЕЗ ЗНАЧАЈНОГ РИЗИКА,NO SIGNIFICANT RISK,HIGH,ECMWF ENS,ECMWF ENS | ICON-EU EPS | GEFS,0.0,3,0.0,0,0,0,0,GREEN,БЕЗ ЗНАЧАЈНОГ РИЗИКА,NO SIGNIFICANT RISK,HIGH,ECMWF ENS,ECMWF ENS | ICON-EU EPS | GEFS,0.0,3,0.0,0,0,0,0,GREEN,БЕЗ ЗНАЧАЈНОГ РИЗИКА,NO SIGNIFICANT RISK,HIGH,ECMWF ENS,ECMWF ENS | ICON-EU EPS | GEFS,0.0,3,0.0,0,0,0,0,GREEN,БЕЗ ЗНАЧАЈНОГ РИЗИКА,NO SIGNIFICANT RISK,HIGH,ECMWF ENS,ECMWF ENS | ICON-EU EPS | GEFS,0,GREEN,БЕЗ ЗНАЧАЈНОГ РИЗИКА,NO SIGNIFICANT RISK,NONE,HIGH,18,2026-08-21T06:00:00+00:00,2026-08-22T00:00:00+00:00,STORMS,EXPERIMENTAL,DEVELOPMENTAL MULTIMODEL SIGNAL - NOT CALIBRATED PROBABILITY,PUBLIC OPEN-DATA SERVICES,INDEPENDENT PROJECT - NOT AN OFFICIAL RHMZ WARNING PRODUCT
80322,PEĆINCI,PEĆINCI,ПЕЋИНЦИ,0.0,0.0,0.0,0.0,0.0,13.853447264131503,54.900001525878906,9,48,2026-08-22T00:00:00Z,2026-08-20T00:00:00Z,0.0,0.0,0.0,61.4,0.0,12.7,9,0.0,0.0,10,0.0,0.0,15.9,0.0,0.0,0.0,0.0,0.0,0.0,0.0,3,0.0,0,0,0,0,GREEN,БЕЗ ЗНАЧАЈНОГ РИЗИКА,NO SIGNIFICANT RISK,HIGH,ECMWF ENS,ECMWF ENS | ICON-EU EPS | GEFS,0.0,3,0.0,0,0,0,0,GREEN,БЕЗ ЗНАЧАЈНОГ РИЗИКА,NO SIGNIFICANT RISK,HIGH,ECMWF ENS,ECMWF ENS | ICON-EU EPS | GEFS,0.0,3,0.0,0,0,0,0,GREEN,БЕЗ ЗНАЧАЈНОГ РИЗИКА,NO SIGNIFICANT RISK,HIGH,ECMWF ENS,ECMWF ENS | ICON-EU EPS | GEFS,0.0,3,0.0,0,0,0,0,GREEN,БЕЗ ЗНАЧАЈНОГ РИЗИКА,NO SIGNIFICANT RISK,HIGH,ECMWF ENS,ECMWF ENS | ICON-EU EPS | GEFS,0,GREEN,БЕЗ ЗНАЧАЈНОГ РИЗИКА,NO SIGNIFICANT RISK,NONE,HIGH,18,2026-08-21T06:00:00+00:00,2026-08-22T00:00:00+00:00,STORMS,EXPERIMENTAL,DEVELOPMENTAL MULTIMODEL SIGNAL - NOT CALIBRATED PROBABILITY,PUBLIC OPEN-DATA SERVICES,INDEPENDENT PROJECT - NOT AN OFFICIAL RHMZ WARNING PRODUCT
70912,PETROVAC NA MLAVI,PETROVAC NA MLAVI,ПЕТРОВАЦ НА МЛАВИ,0.0,0.0,0.0,0.0,0.0,14.641305761565524,60.05000114440918,10,48,2026-08-22T00:00:00Z,2026-08-20T00:00:00Z,0.0,0.0,0.0,52.6,0.0,9.3,10,0.0,0.0,10,0.0,0.0,10.2,0.0,0.0,0.0,0.0,0.0,0.0,0.0,3,0.0,0,0,0,0,GREEN,БЕЗ ЗНАЧАЈНОГ РИЗИКА,NO SIGNIFICANT RISK,HIGH,ECMWF ENS,ECMWF ENS | ICON-EU EPS | GEFS,0.0,3,0.0,0,0,0,0,GREEN,БЕЗ ЗНАЧАЈНОГ РИЗИКА,NO SIGNIFICANT RISK,HIGH,ECMWF ENS,ECMWF ENS | ICON-EU EPS | GEFS,0.0,3,0.0,0,0,0,0,GREEN,БЕЗ ЗНАЧАЈНОГ РИЗИКА,NO SIGNIFICANT RISK,HIGH,ECMWF ENS,ECMWF ENS | ICON-EU EPS | GEFS,0.0,3,0.0,0,0,0,0,GREEN,БЕЗ ЗНАЧАЈНОГ РИЗИКА,NO SIGNIFICANT RISK,HIGH,ECMWF ENS,ECMWF ENS | ICON-EU EPS | GEFS,0,GREEN,БЕЗ ЗНАЧАЈНОГ РИЗИКА,NO SIGNIFICANT RISK,NONE,HIGH,18,2026-08-21T06:00:00+00:00,2026-08-22T00:00:00+00:00,STORMS,EXPERIMENTAL,DEVELOPMENTAL MULTIMODEL SIGNAL - NOT CALIBRATED PROBABILITY,PUBLIC OPEN-DATA SERVICES,INDEPENDENT PROJECT - NOT AN OFFICIAL RHMZ WARNING PRODUCT
70939,PIROT,PIROT,ПИРОТ,0.0,0.0,0.0,0.0,0.0,5.979169124883873,59.50502395629883,12,48,2026-08-22T00:00:00Z,2026-08-20T00:00:00Z,0.0,0.0,55.0,54.1,0.0,2.4,12,0.0,0.0,11,0.0,0.0,2.9,0.0,0.0,0.0,0.0,0.0,0.0,0.0,3,0.0,0,0,0,0,GREEN,БЕЗ ЗНАЧАЈНОГ РИЗИКА,NO SIGNIFICANT RISK,HIGH,ECMWF ENS,ECMWF ENS | ICON-EU EPS | GEFS,0.0,3,0.0,0,0,0,0,GREEN,БЕЗ ЗНАЧАЈНОГ РИЗИКА,NO SIGNIFICANT RISK,HIGH,ECMWF ENS,ECMWF ENS | ICON-EU EPS | GEFS,0.0,3,0.0,0,0,0,0,GREEN,БЕЗ ЗНАЧАЈНОГ РИЗИКА,NO SIGNIFICANT RISK,HIGH,ECMWF ENS,ECMWF ENS | ICON-EU EPS | GEFS,0.0,3,0.0,0,0,0,0,GREEN,БЕЗ ЗНАЧАЈНОГ РИЗИКА,NO SIGNIFICANT RISK,HIGH,ECMWF ENS,ECMWF ENS | ICON-EU EPS | GEFS,0,GREEN,БЕЗ ЗНАЧАЈНОГ РИЗИКА,NO SIGNIFICANT RISK,NONE,HIGH,18,2026-08-21T06:00:00+00:00,2026-08-22T00:00:00+00:00,STORMS,EXPERIMENTAL,DEVELOPMENTAL MULTIMODEL SIGNAL - NOT CALIBRATED PROBABILITY,PUBLIC OPEN-DATA SERVICES,INDEPENDENT PROJECT - NOT AN OFFICIAL RHMZ WARNING PRODUCT
80349,PLANDIŠTE,PLANDIŠTE,ПЛАНДИШТЕ,0.0,0.0,0.0,0.0,0.0,13.788254896587844,59.706485748291016,9,48,2026-08-22T00:00:00Z,2026-08-20T00:00:00Z,0.0,0.0,0.0,61.7,0.0,11.5,9,0.0,0.0,12,0.0,0.0,11.2,0.0,0.0,0.0,0.0,0.0,0.0,0.0,3,0.0,0,0,0,0,GREEN,БЕЗ ЗНАЧАЈНОГ РИЗИКА,NO SIGNIFICANT RISK,HIGH,ECMWF ENS,ECMWF ENS | ICON-EU EPS | GEFS,0.0,3,0.0,0,0,0,0,GREEN,БЕЗ ЗНАЧАЈНОГ РИЗИКА,NO SIGNIFICANT RISK,HIGH,ECMWF ENS,ECMWF ENS | ICON-EU EPS | GEFS,0.0,3,0.0,0,0,0,0,GREEN,БЕЗ ЗНАЧАЈНОГ РИЗИКА,NO SIGNIFICANT RISK,HIGH,ECMWF ENS,ECMWF ENS | ICON-EU EPS | GEFS,0.0,3,0.0,0,0,0,0,GREEN,БЕЗ ЗНАЧАЈНОГ РИЗИКА,NO SIGNIFICANT RISK,HIGH,ECMWF ENS,ECMWF ENS | ICON-EU EPS | GEFS,0,GREEN,БЕЗ ЗНАЧАЈНОГ РИЗИКА,NO SIGNIFICANT RISK,NONE,HIGH,18,2026-08-21T06:00:00+00:00,2026-08-22T00:00:00+00:00,STORMS,EXPERIMENTAL,DEVELOPMENTAL MULTIMODEL SIGNAL - NOT CALIBRATED PROBABILITY,PUBLIC OPEN-DATA SERVICES,INDEPENDENT PROJECT - NOT AN OFFICIAL RHMZ WARNING PRODUCT
90247,PODUJEVO,PODUJEVO,ПОДУЈЕВО,0.0,0.0,0.0,0.0,0.0,8.954979330454144,59.38073539733887,10,48,2026-08-22T00:00:00Z,2026-08-20T00:00:00Z,0.0,0.0,0.0,39.5,0.0,5.1,10,0.0,0.0,11,0.0,0.0,5.2,0.0,0.0,0.0,0.0,0.0,0.0,0.0,3,0.0,0,0,0,0,GREEN,БЕЗ ЗНАЧАЈНОГ РИЗИКА,NO SIGNIFICANT RISK,HIGH,ECMWF ENS,ECMWF ENS | ICON-EU EPS | GEFS,0.0,3,0.0,0,0,0,0,GREEN,БЕЗ ЗНАЧАЈНОГ РИЗИКА,NO SIGNIFICANT RISK,HIGH,ECMWF ENS,ECMWF ENS | ICON-EU EPS | GEFS,0.0,3,0.0,0,0,0,0,GREEN,БЕЗ ЗНАЧАЈНОГ РИЗИКА,NO SIGNIFICANT RISK,HIGH,ECMWF ENS,ECMWF ENS | ICON-EU EPS | GEFS,0.0,3,0.0,0,0,0,0,GREEN,БЕЗ ЗНАЧАЈНОГ РИЗИКА,NO SIGNIFICANT RISK,HIGH,ECMWF ENS,ECMWF ENS | ICON-EU EPS | GEFS,0,GREEN,БЕЗ ЗНАЧАЈНОГ РИЗИКА,NO SIGNIFICANT RISK,NONE,HIGH,18,2026-08-21T06:00:00+00:00,2026-08-22T00:00:00+00:00,STORMS,EXPERIMENTAL,DEVELOPMENTAL MULTIMODEL SIGNAL - NOT CALIBRATED PROBABILITY,PUBLIC OPEN-DATA SERVICES,INDEPENDENT PROJECT - NOT AN OFFICIAL RHMZ WARNING PRODUCT
70947,POŽAREVAC-GRAD,POŽAREVAC-GRAD,ПОЖАРЕВАЦ-ГРАД,0.0,0.0,0.0,0.0,0.0,14.641305761565524,59.27814865112305,8,48,2026-08-22T00:00:00Z,2026-08-20T00:00:00Z,0.0,0.0,12.5,56.0,0.0,6.2,8,0.0,0.0,9,0.0,0.0,11.5,0.0,0.0,0.0,0.0,0.0,0.0,0.0,3,0.0,0,0,0,0,GREEN,БЕЗ ЗНАЧАЈНОГ РИЗИКА,NO SIGNIFICANT RISK,HIGH,ECMWF ENS,ECMWF ENS | ICON-EU EPS | GEFS,0.0,3,0.0,0,0,0,0,GREEN,БЕЗ ЗНАЧАЈНОГ РИЗИКА,NO SIGNIFICANT RISK,HIGH,ECMWF ENS,ECMWF ENS | ICON-EU EPS | GEFS,0.0,3,0.0,0,0,0,0,GREEN,БЕЗ ЗНАЧАЈНОГ РИЗИКА,NO SIGNIFICANT RISK,HIGH,ECMWF ENS,ECMWF ENS | ICON-EU EPS | GEFS,0.0,3,0.0,0,0,0,0,GREEN,БЕЗ ЗНАЧАЈНОГ РИЗИКА,NO SIGNIFICANT RISK,HIGH,ECMWF ENS,ECMWF ENS | ICON-EU EPS | GEFS,0,GREEN,БЕЗ ЗНАЧАЈНОГ РИЗИКА,NO SIGNIFICANT RISK,NONE,HIGH,18,2026-08-21T06:00:00+00:00,2026-08-22T00:00:00+00:00,STORMS,EXPERIMENTAL,DEVELOPMENTAL MULTIMODEL SIGNAL - NOT CALIBRATED PROBABILITY,PUBLIC OPEN-DATA SERVICES,INDEPENDENT PROJECT - NOT AN OFFICIAL RHMZ WARNING PRODUCT
70955,POŽEGA,POŽEGA,ПОЖЕГА,0.0,0.0,0.0,0.0,0.0,13.66675909737839,50.13361835479736,8,48,2026-08-22T00:00:00Z,2026-08-20T00:00:00Z,0.0,0.0,0.0,58.4,0.0,12.8,8,0.0,0.0,10,0.0,0.0,10.4,0.0,0.0,0.0,0.0,0.0,0.0,0.0,3,0.0,0,0,0,0,GREEN,БЕЗ ЗНАЧАЈНОГ РИЗИКА,NO SIGNIFICANT RISK,HIGH,ECMWF ENS,ECMWF ENS | ICON-EU EPS | GEFS,0.0,3,0.0,0,0,0,0,GREEN,БЕЗ ЗНАЧАЈНОГ РИЗИКА,NO SIGNIFICANT RISK,HIGH,ECMWF ENS,ECMWF ENS | ICON-EU EPS | GEFS,0.0,3,0.0,0,0,0,0,GREEN,БЕЗ ЗНАЧАЈНОГ РИЗИКА,NO SIGNIFICANT RISK,HIGH,ECMWF ENS,ECMWF ENS | ICON-EU EPS | GEFS,0.0,3,0.0,0,0,0,0,GREEN,БЕЗ ЗНАЧАЈНОГ РИЗИКА,NO SIGNIFICANT RISK,HIGH,ECMWF ENS,ECMWF ENS | ICON-EU EPS | GEFS,0,GREEN,БЕЗ ЗНАЧАЈНОГ РИЗИКА,NO SIGNIFICANT RISK,NONE,HIGH,18,2026-08-21T06:00:00+00:00,2026-08-22T00:00:00+00:00,STORMS,EXPERIMENTAL,DEVELOPMENTAL MULTIMODEL SIGNAL - NOT CALIBRATED PROBABILITY,PUBLIC OPEN-DATA SERVICES,INDEPENDENT PROJECT - NOT AN OFFICIAL RHMZ WARNING PRODUCT
70963,PREŠEVO,PREŠEVO,ПРЕШЕВО,0.0,0.0,0.0,0.0,0.0,7.082808082070768,59.81419372558594,7,48,2026-08-22T00:00:00Z,2026-08-20T00:00:00Z,4.0,0.0,575.2,71.2,0.0,1.4,7,0.0,0.0,11,0.0,0.0,4.3,0.0,0.0,0.0,0.0,0.0,0.0,1.3,3,4.0,0,0,0,0,GREEN,БЕЗ ЗНАЧАЈНОГ РИЗИКА,NO SIGNIFICANT RISK,HIGH,ECMWF ENS,ECMWF ENS | ICON-EU EPS | GEFS,0.0,3,0.0,0,0,0,0,GREEN,БЕЗ ЗНАЧАЈНОГ РИЗИКА,NO SIGNIFICANT RISK,HIGH,ECMWF ENS,ECMWF ENS | ICON-EU EPS | GEFS,0.0,3,0.0,0,0,0,0,GREEN,БЕЗ ЗНАЧАЈНОГ РИЗИКА,NO SIGNIFICANT RISK,HIGH,ECMWF ENS,ECMWF ENS | ICON-EU EPS | GEFS,0.0,3,0.0,0,0,0,0,GREEN,БЕЗ ЗНАЧАЈНОГ РИЗИКА,NO SIGNIFICANT RISK,HIGH,ECMWF ENS,ECMWF ENS | ICON-EU EPS | GEFS,0,GREEN,БЕЗ ЗНАЧАЈНОГ РИЗИКА,NO SIGNIFICANT RISK,NONE,HIGH,18,2026-08-21T06:00:00+00:00,2026-08-22T00:00:00+00:00,STORMS,EXPERIMENTAL,DEVELOPMENTAL MULTIMODEL SIGNAL - NOT CALIBRATED PROBABILITY,PUBLIC OPEN-DATA SERVICES,INDEPENDENT PROJECT - NOT AN OFFICIAL RHMZ WARNING PRODUCT
70980,PRIJEPOLJE,PRIJEPOLJE,ПРИЈЕПОЉЕ,0.0,0.0,0.0,0.0,0.0,9.197687828659635,47.69999980926514,11,48,2026-08-22T00:00:00Z,2026-08-20T00:00:00Z,0.0,0.0,0.0,52.6,0.0,7.2,11,0.0,0.0,14,0.0,0.0,10.4,0.0,0.0,0.0,0.0,0.0,0.0,0.0,3,0.0,0,0,0,0,GREEN,БЕЗ ЗНАЧАЈНОГ РИЗИКА,NO SIGNIFICANT RISK,HIGH,ECMWF ENS,ECMWF ENS | ICON-EU EPS | GEFS,0.0,3,0.0,0,0,0,0,GREEN,БЕЗ ЗНАЧАЈНОГ РИЗИКА,NO SIGNIFICANT RISK,HIGH,ECMWF ENS,ECMWF ENS | ICON-EU EPS | GEFS,0.0,3,0.0,0,0,0,0,GREEN,БЕЗ ЗНАЧАЈНОГ РИЗИКА,NO SIGNIFICANT RISK,HIGH,ECMWF ENS,ECMWF ENS | ICON-EU EPS | GEFS,0.0,3,0.0,0,0,0,0,GREEN,БЕЗ ЗНАЧАЈНОГ РИЗИКА,NO SIGNIFICANT RISK,HIGH,ECMWF ENS,ECMWF ENS | ICON-EU EPS | GEFS,0,GREEN,БЕЗ ЗНАЧАЈНОГ РИЗИКА,NO SIGNIFICANT RISK,NONE,HIGH,18,2026-08-21T06:00:00+00:00,2026-08-22T00:00:00+00:00,STORMS,EXPERIMENTAL,DEVELOPMENTAL MULTIMODEL SIGNAL - NOT CALIBRATED PROBABILITY,PUBLIC OPEN-DATA SERVICES,INDEPENDENT PROJECT - NOT AN OFFICIAL RHMZ WARNING PRODUCT
70971,PRIBOJ,PRIBOJ,ПРИБОЈ,0.0,0.0,0.0,0.0,0.0,10.316393341555576,47.69999980926514,10,48,2026-08-22T00:00:00Z,2026-08-20T00:00:00Z,0.0,0.0,0.0,51.3,0.0,5.8,10,0.0,0.0,12,0.0,0.0,10.7,0.0,0.0,0.0,0.0,0.0,0.0,0.0,3,0.0,0,0,0,0,GREEN,БЕЗ ЗНАЧАЈНОГ РИЗИКА,NO SIGNIFICANT RISK,HIGH,ECMWF ENS,ECMWF ENS | ICON-EU EPS | GEFS,0.0,3,0.0,0,0,0,0,GREEN,БЕЗ ЗНАЧАЈНОГ РИЗИКА,NO SIGNIFICANT RISK,HIGH,ECMWF ENS,ECMWF ENS | ICON-EU EPS | GEFS,0.0,3,0.0,0,0,0,0,GREEN,БЕЗ ЗНАЧАЈНОГ РИЗИКА,NO SIGNIFICANT RISK,HIGH,ECMWF ENS,ECMWF ENS | ICON-EU EPS | GEFS,0.0,3,0.0,0,0,0,0,GREEN,БЕЗ ЗНАЧАЈНОГ РИЗИКА,NO SIGNIFICANT RISK,HIGH,ECMWF ENS,ECMWF ENS | ICON-EU EPS | GEFS,0,GREEN,БЕЗ ЗНАЧАЈНОГ РИЗИКА,NO SIGNIFICANT RISK,NONE,HIGH,18,2026-08-21T06:00:00+00:00,2026-08-22T00:00:00+00:00,STORMS,EXPERIMENTAL,DEVELOPMENTAL MULTIMODEL SIGNAL - NOT CALIBRATED PROBABILITY,PUBLIC OPEN-DATA SERVICES,INDEPENDENT PROJECT - NOT AN OFFICIAL RHMZ WARNING PRODUCT
90255,PRIZREN,PRIZREN,ПРИЗРЕН,0.0,0.0,0.0,0.0,0.0,4.6900310487933545,61.93071746826172,10,48,2026-08-22T00:00:00Z,2026-08-20T00:00:00Z,0.0,0.0,0.0,41.3,0.0,1.9,10,0.0,0.0,12,0.0,0.0,3.6,0.0,0.0,0.0,0.0,0.0,0.0,0.0,3,0.0,0,0,0,0,GREEN,БЕЗ ЗНАЧАЈНОГ РИЗИКА,NO SIGNIFICANT RISK,HIGH,ECMWF ENS,ECMWF ENS | ICON-EU EPS | GEFS,0.0,3,0.0,0,0,0,0,GREEN,БЕЗ ЗНАЧАЈНОГ РИЗИКА,NO SIGNIFICANT RISK,HIGH,ECMWF ENS,ECMWF ENS | ICON-EU EPS | GEFS,0.0,3,0.0,0,0,0,0,GREEN,БЕЗ ЗНАЧАЈНОГ РИЗИКА,NO SIGNIFICANT RISK,HIGH,ECMWF ENS,ECMWF ENS | ICON-EU EPS | GEFS,0.0,3,0.0,0,0,0,0,GREEN,БЕЗ ЗНАЧАЈНОГ РИЗИКА,NO SIGNIFICANT RISK,HIGH,ECMWF ENS,ECMWF ENS | ICON-EU EPS | GEFS,0,GREEN,БЕЗ ЗНАЧАЈНОГ РИЗИКА,NO SIGNIFICANT RISK,NONE,HIGH,18,2026-08-21T06:00:00+00:00,2026-08-22T00:00:00+00:00,STORMS,EXPERIMENTAL,DEVELOPMENTAL MULTIMODEL SIGNAL - NOT CALIBRATED PROBABILITY,PUBLIC OPEN-DATA SERVICES,INDEPENDENT PROJECT - NOT AN OFFICIAL RHMZ WARNING PRODUCT
90263,PRIŠTINA-GRAD,PRIŠTINA-GRAD,ПРИШТИНА-ГРАД,0.0,0.0,0.0,0.0,0.0,8.391461708482503,59.38073539733887,9,48,2026-08-22T00:00:00Z,2026-08-20T00:00:00Z,0.0,0.0,0.0,38.7,0.0,3.9,9,0.0,0.0,12,0.0,0.0,5.1,0.0,0.0,0.0,0.0,0.0,0.0,0.0,3,0.0,0,0,0,0,GREEN,БЕЗ ЗНАЧАЈНОГ РИЗИКА,NO SIGNIFICANT RISK,HIGH,ECMWF ENS,ECMWF ENS | ICON-EU EPS | GEFS,0.0,3,0.0,0,0,0,0,GREEN,БЕЗ ЗНАЧАЈНОГ РИЗИКА,NO SIGNIFICANT RISK,HIGH,ECMWF ENS,ECMWF ENS | ICON-EU EPS | GEFS,0.0,3,0.0,0,0,0,0,GREEN,БЕЗ ЗНАЧАЈНОГ РИЗИКА,NO SIGNIFICANT RISK,HIGH,ECMWF ENS,ECMWF ENS | ICON-EU EPS | GEFS,0.0,3,0.0,0,0,0,0,GREEN,БЕЗ ЗНАЧАЈНОГ РИЗИКА,NO SIGNIFICANT RISK,HIGH,ECMWF ENS,ECMWF ENS | ICON-EU EPS | GEFS,0,GREEN,БЕЗ ЗНАЧАЈНОГ РИЗИКА,NO SIGNIFICANT RISK,NONE,HIGH,18,2026-08-21T06:00:00+00:00,2026-08-22T00:00:00+00:00,STORMS,EXPERIMENTAL,DEVELOPMENTAL MULTIMODEL SIGNAL - NOT CALIBRATED PROBABILITY,PUBLIC OPEN-DATA SERVICES,INDEPENDENT PROJECT - NOT AN OFFICIAL RHMZ WARNING PRODUCT
70998,PROKUPLJE,PROKUPLJE,ПРОКУПЉЕ,0.0,0.0,0.0,0.0,0.0,12.554452823942098,58.555023193359375,9,48,2026-08-22T00:00:00Z,2026-08-20T00:00:00Z,0.0,0.0,0.0,45.8,0.0,7.3,9,0.0,0.0,12,0.0,0.0,5.9,0.0,0.0,0.0,0.0,0.0,0.0,0.0,3,0.0,0,0,0,0,GREEN,БЕЗ ЗНАЧАЈНОГ РИЗИКА,NO SIGNIFICANT RISK,HIGH,ECMWF ENS,ECMWF ENS | ICON-EU EPS | GEFS,0.0,3,0.0,0,0,0,0,GREEN,БЕЗ ЗНАЧАЈНОГ РИЗИКА,NO SIGNIFICANT RISK,HIGH,ECMWF ENS,ECMWF ENS | ICON-EU EPS | GEFS,0.0,3,0.0,0,0,0,0,GREEN,БЕЗ ЗНАЧАЈНОГ РИЗИКА,NO SIGNIFICANT RISK,HIGH,ECMWF ENS,ECMWF ENS | ICON-EU EPS | GEFS,0.0,3,0.0,0,0,0,0,GREEN,БЕЗ ЗНАЧАЈНОГ РИЗИКА,NO SIGNIFICANT RISK,HIGH,ECMWF ENS,ECMWF ENS | ICON-EU EPS | GEFS,0,GREEN,БЕЗ ЗНАЧАЈНОГ РИЗИКА,NO SIGNIFICANT RISK,NONE,HIGH,18,2026-08-21T06:00:00+00:00,2026-08-22T00:00:00+00:00,STORMS,EXPERIMENTAL,DEVELOPMENTAL MULTIMODEL SIGNAL - NOT CALIBRATED PROBABILITY,PUBLIC OPEN-DATA SERVICES,INDEPENDENT PROJECT - NOT AN OFFICIAL RHMZ WARNING PRODUCT
71005,RAŽANJ,RAŽANJ,РАЖАЊ,0.0,0.0,0.0,0.0,0.0,13.220831488478291,59.46419334411621,9,48,2026-08-22T00:00:00Z,2026-08-20T00:00:00Z,0.0,0.0,41.6,47.9,0.0,7.6,9,0.0,0.0,12,0.0,0.0,8.1,0.0,0.0,0.0,0.0,0.0,0.0,0.0,3,0.0,0,0,0,0,GREEN,БЕЗ ЗНАЧАЈНОГ РИЗИКА,NO SIGNIFICANT RISK,HIGH,ECMWF ENS,ECMWF ENS | ICON-EU EPS | GEFS,0.0,3,0.0,0,0,0,0,GREEN,БЕЗ ЗНАЧАЈНОГ РИЗИКА,NO SIGNIFICANT RISK,HIGH,ECMWF ENS,ECMWF ENS | ICON-EU EPS | GEFS,0.0,3,0.0,0,0,0,0,GREEN,БЕЗ ЗНАЧАЈНОГ РИЗИКА,NO SIGNIFICANT RISK,HIGH,ECMWF ENS,ECMWF ENS | ICON-EU EPS | GEFS,0.0,3,0.0,0,0,0,0,GREEN,БЕЗ ЗНАЧАЈНОГ РИЗИКА,NO SIGNIFICANT RISK,HIGH,ECMWF ENS,ECMWF ENS | ICON-EU EPS | GEFS,0,GREEN,БЕЗ ЗНАЧАЈНОГ РИЗИКА,NO SIGNIFICANT RISK,NONE,HIGH,18,2026-08-21T06:00:00+00:00,2026-08-22T00:00:00+00:00,STORMS,EXPERIMENTAL,DEVELOPMENTAL MULTIMODEL SIGNAL - NOT CALIBRATED PROBABILITY,PUBLIC OPEN-DATA SERVICES,INDEPENDENT PROJECT - NOT AN OFFICIAL RHMZ WARNING PRODUCT
71013,RAČA,RAČA,РАЧА,0.0,0.0,0.0,0.0,0.0,14.641305761565524,58.57185077667236,8,48,2026-08-22T00:00:00Z,2026-08-20T00:00:00Z,0.0,0.0,0.0,54.3,0.0,10.2,8,0.0,0.0,10,0.0,0.0,12.4,0.0,0.0,0.0,0.0,0.0,0.0,0.0,3,0.0,0,0,0,0,GREEN,БЕЗ ЗНАЧАЈНОГ РИЗИКА,NO SIGNIFICANT RISK,HIGH,ECMWF ENS,ECMWF ENS | ICON-EU EPS | GEFS,0.0,3,0.0,0,0,0,0,GREEN,БЕЗ ЗНАЧАЈНОГ РИЗИКА,NO SIGNIFICANT RISK,HIGH,ECMWF ENS,ECMWF ENS | ICON-EU EPS | GEFS,0.0,3,0.0,0,0,0,0,GREEN,БЕЗ ЗНАЧАЈНОГ РИЗИКА,NO SIGNIFICANT RISK,HIGH,ECMWF ENS,ECMWF ENS | ICON-EU EPS | GEFS,0.0,3,0.0,0,0,0,0,GREEN,БЕЗ ЗНАЧАЈНОГ РИЗИКА,NO SIGNIFICANT RISK,HIGH,ECMWF ENS,ECMWF ENS | ICON-EU EPS | GEFS,0,GREEN,БЕЗ ЗНАЧАЈНОГ РИЗИКА,NO SIGNIFICANT RISK,NONE,HIGH,18,2026-08-21T06:00:00+00:00,2026-08-22T00:00:00+00:00,STORMS,EXPERIMENTAL,DEVELOPMENTAL MULTIMODEL SIGNAL - NOT CALIBRATED PROBABILITY,PUBLIC OPEN-DATA SERVICES,INDEPENDENT PROJECT - NOT AN OFFICIAL RHMZ WARNING PRODUCT
71021,RAŠKA,RAŠKA,РАШКА,0.0,0.0,0.0,0.0,0.0,10.09041057670761,57.34685134887695,10,48,2026-08-22T00:00:00Z,2026-08-20T00:00:00Z,0.0,0.0,0.0,53.3,0.0,6.6,10,0.0,0.0,12,0.0,0.0,6.8,0.0,0.0,0.0,0.0,0.0,0.0,0.0,3,0.0,0,0,0,0,GREEN,БЕЗ ЗНАЧАЈНОГ РИЗИКА,NO SIGNIFICANT RISK,HIGH,ECMWF ENS,ECMWF ENS | ICON-EU EPS | GEFS,0.0,3,0.0,0,0,0,0,GREEN,БЕЗ ЗНАЧАЈНОГ РИЗИКА,NO SIGNIFICANT RISK,HIGH,ECMWF ENS,ECMWF ENS | ICON-EU EPS | GEFS,0.0,3,0.0,0,0,0,0,GREEN,БЕЗ ЗНАЧАЈНОГ РИЗИКА,NO SIGNIFICANT RISK,HIGH,ECMWF ENS,ECMWF ENS | ICON-EU EPS | GEFS,0.0,3,0.0,0,0,0,0,GREEN,БЕЗ ЗНАЧАЈНОГ РИЗИКА,NO SIGNIFICANT RISK,HIGH,ECMWF ENS,ECMWF ENS | ICON-EU EPS | GEFS,0,GREEN,БЕЗ ЗНАЧАЈНОГ РИЗИКА,NO SIGNIFICANT RISK,NONE,HIGH,18,2026-08-21T06:00:00+00:00,2026-08-22T00:00:00+00:00,STORMS,EXPERIMENTAL,DEVELOPMENTAL MULTIMODEL SIGNAL - NOT CALIBRATED PROBABILITY,PUBLIC OPEN-DATA SERVICES,INDEPENDENT PROJECT - NOT AN OFFICIAL RHMZ WARNING PRODUCT
71030,REKOVAC,REKOVAC,РЕКОВАЦ,0.0,0.0,0.0,0.0,0.0,14.497609155466805,58.29999923706055,7,48,2026-08-22T00:00:00Z,2026-08-20T00:00:00Z,0.0,0.0,0.0,49.3,0.0,8.1,7,0.0,0.0,11,0.0,0.0,10.1,0.0,0.0,0.0,0.0,0.0,0.0,0.0,3,0.0,0,0,0,0,GREEN,БЕЗ ЗНАЧАЈНОГ РИЗИКА,NO SIGNIFICANT RISK,HIGH,ECMWF ENS,ECMWF ENS | ICON-EU EPS | GEFS,0.0,3,0.0,0,0,0,0,GREEN,БЕЗ ЗНАЧАЈНОГ РИЗИКА,NO SIGNIFICANT RISK,HIGH,ECMWF ENS,ECMWF ENS | ICON-EU EPS | GEFS,0.0,3,0.0,0,0,0,0,GREEN,БЕЗ ЗНАЧАЈНОГ РИЗИКА,NO SIGNIFICANT RISK,HIGH,ECMWF ENS,ECMWF ENS | ICON-EU EPS | GEFS,0.0,3,0.0,0,0,0,0,GREEN,БЕЗ ЗНАЧАЈНОГ РИЗИКА,NO SIGNIFICANT RISK,HIGH,ECMWF ENS,ECMWF ENS | ICON-EU EPS | GEFS,0,GREEN,БЕЗ ЗНАЧАЈНОГ РИЗИКА,NO SIGNIFICANT RISK,NONE,HIGH,18,2026-08-21T06:00:00+00:00,2026-08-22T00:00:00+00:00,STORMS,EXPERIMENTAL,DEVELOPMENTAL MULTIMODEL SIGNAL - NOT CALIBRATED PROBABILITY,PUBLIC OPEN-DATA SERVICES,INDEPENDENT PROJECT - NOT AN OFFICIAL RHMZ WARNING PRODUCT
80357,RUMA,RUMA,РУМА,0.0,0.0,0.0,0.0,5.0,14.210383729728717,55.90032386779785,12,48,2026-08-22T00:00:00Z,2026-08-20T00:00:00Z,0.0,0.0,104.6,59.7,0.0,10.7,12,0.0,0.0,12,14.1,0.0,16.3,0.0,0.0,0.0,0.0,0.0,0.0,0.0,3,0.0,0,0,0,0,GREEN,БЕЗ ЗНАЧАЈНОГ РИЗИКА,NO SIGNIFICANT RISK,HIGH,ECMWF ENS,ECMWF ENS | ICON-EU EPS | GEFS,0.0,3,0.0,0,0,0,0,GREEN,БЕЗ ЗНАЧАЈНОГ РИЗИКА,NO SIGNIFICANT RISK,HIGH,ECMWF ENS,ECMWF ENS | ICON-EU EPS | GEFS,0.0,3,0.0,0,0,0,0,GREEN,БЕЗ ЗНАЧАЈНОГ РИЗИКА,NO SIGNIFICANT RISK,HIGH,ECMWF ENS,ECMWF ENS | ICON-EU EPS | GEFS,0.0,3,0.0,0,0,0,0,GREEN,БЕЗ ЗНАЧАЈНОГ РИЗИКА,NO SIGNIFICANT RISK,HIGH,ECMWF ENS,ECMWF ENS | ICON-EU EPS | GEFS,0,GREEN,БЕЗ ЗНАЧАЈНОГ РИЗИКА,NO SIGNIFICANT RISK,NONE,HIGH,18,2026-08-21T06:00:00+00:00,2026-08-22T00:00:00+00:00,STORMS,EXPERIMENTAL,DEVELOPMENTAL MULTIMODEL SIGNAL - NOT CALIBRATED PROBABILITY,PUBLIC OPEN-DATA SERVICES,INDEPENDENT PROJECT - NOT AN OFFICIAL RHMZ WARNING PRODUCT
71072,SJENICA,SJENICA,СЈЕНИЦА,0.0,0.0,0.0,0.0,0.0,8.943600329128927,52.83314323425293,11,48,2026-08-22T00:00:00Z,2026-08-20T00:00:00Z,0.0,0.0,0.0,51.8,0.0,6.1,11,0.0,0.0,9,0.0,0.0,7.2,0.0,0.0,0.0,0.0,0.0,0.0,0.0,3,0.0,0,0,0,0,GREEN,БЕЗ ЗНАЧАЈНОГ РИЗИКА,NO SIGNIFICANT RISK,HIGH,ECMWF ENS,ECMWF ENS | ICON-EU EPS | GEFS,0.0,3,0.0,0,0,0,0,GREEN,БЕЗ ЗНАЧАЈНОГ РИЗИКА,NO SIGNIFICANT RISK,HIGH,ECMWF ENS,ECMWF ENS | ICON-EU EPS | GEFS,0.0,3,0.0,0,0,0,0,GREEN,БЕЗ ЗНАЧАЈНОГ РИЗИКА,NO SIGNIFICANT RISK,HIGH,ECMWF ENS,ECMWF ENS | ICON-EU EPS | GEFS,0.0,3,0.0,0,0,0,0,GREEN,БЕЗ ЗНАЧАЈНОГ РИЗИКА,NO SIGNIFICANT RISK,HIGH,ECMWF ENS,ECMWF ENS | ICON-EU EPS | GEFS,0,GREEN,БЕЗ ЗНАЧАЈНОГ РИЗИКА,NO SIGNIFICANT RISK,NONE,HIGH,18,2026-08-21T06:00:00+00:00,2026-08-22T00:00:00+00:00,STORMS,EXPERIMENTAL,DEVELOPMENTAL MULTIMODEL SIGNAL - NOT CALIBRATED PROBABILITY,PUBLIC OPEN-DATA SERVICES,INDEPENDENT PROJECT - NOT AN OFFICIAL RHMZ WARNING PRODUCT
71056,SVILAJNAC,SVILAJNAC,СВИЛАЈНАЦ,0.0,0.0,0.0,0.0,0.0,14.641305761565524,59.09685134887695,8,48,2026-08-22T00:00:00Z,2026-08-20T00:00:00Z,0.0,0.0,0.0,52.6,0.0,9.3,8,0.0,0.0,12,0.0,0.0,11.6,0.0,0.0,0.0,0.0,0.0,0.0,0.0,3,0.0,0,0,0,0,GREEN,БЕЗ ЗНАЧАЈНОГ РИЗИКА,NO SIGNIFICANT RISK,HIGH,ECMWF ENS,ECMWF ENS | ICON-EU EPS | GEFS,0.0,3,0.0,0,0,0,0,GREEN,БЕЗ ЗНАЧАЈНОГ РИЗИКА,NO SIGNIFICANT RISK,HIGH,ECMWF ENS,ECMWF ENS | ICON-EU EPS | GEFS,0.0,3,0.0,0,0,0,0,GREEN,БЕЗ ЗНАЧАЈНОГ РИЗИКА,NO SIGNIFICANT RISK,HIGH,ECMWF ENS,ECMWF ENS | ICON-EU EPS | GEFS,0.0,3,0.0,0,0,0,0,GREEN,БЕЗ ЗНАЧАЈНОГ РИЗИКА,NO SIGNIFICANT RISK,HIGH,ECMWF ENS,ECMWF ENS | ICON-EU EPS | GEFS,0,GREEN,БЕЗ ЗНАЧАЈНОГ РИЗИКА,NO SIGNIFICANT RISK,NONE,HIGH,18,2026-08-21T06:00:00+00:00,2026-08-22T00:00:00+00:00,STORMS,EXPERIMENTAL,DEVELOPMENTAL MULTIMODEL SIGNAL - NOT CALIBRATED PROBABILITY,PUBLIC OPEN-DATA SERVICES,INDEPENDENT PROJECT - NOT AN OFFICIAL RHMZ WARNING PRODUCT
71064,SVRLJIG,SVRLJIG,СВРЉИГ,0.0,0.0,0.0,0.0,0.0,10.66412285182762,59.46419334411621,10,48,2026-08-22T00:00:00Z,2026-08-20T00:00:00Z,0.0,0.0,105.2,51.3,0.0,6.5,10,0.0,0.0,11,0.0,0.0,5.0,0.0,0.0,0.0,0.0,0.0,0.0,0.0,3,0.0,0,0,0,0,GREEN,БЕЗ ЗНАЧАЈНОГ РИЗИКА,NO SIGNIFICANT RISK,HIGH,ECMWF ENS,ECMWF ENS | ICON-EU EPS | GEFS,0.0,3,0.0,0,0,0,0,GREEN,БЕЗ ЗНАЧАЈНОГ РИЗИКА,NO SIGNIFICANT RISK,HIGH,ECMWF ENS,ECMWF ENS | ICON-EU EPS | GEFS,0.0,3,0.0,0,0,0,0,GREEN,БЕЗ ЗНАЧАЈНОГ РИЗИКА,NO SIGNIFICANT RISK,HIGH,ECMWF ENS,ECMWF ENS | ICON-EU EPS | GEFS,0.0,3,0.0,0,0,0,0,GREEN,БЕЗ ЗНАЧАЈНОГ РИЗИКА,NO SIGNIFICANT RISK,HIGH,ECMWF ENS,ECMWF ENS | ICON-EU EPS | GEFS,0,GREEN,БЕЗ ЗНАЧАЈНОГ РИЗИКА,NO SIGNIFICANT RISK,NONE,HIGH,18,2026-08-21T06:00:00+00:00,2026-08-22T00:00:00+00:00,STORMS,EXPERIMENTAL,DEVELOPMENTAL MULTIMODEL SIGNAL - NOT CALIBRATED PROBABILITY,PUBLIC OPEN-DATA SERVICES,INDEPENDENT PROJECT - NOT AN OFFICIAL RHMZ WARNING PRODUCT
80365,SENTA,SENTA,СЕНТА,0.0,0.0,0.0,0.0,12.0,14.433806210769314,61.25663757324219,6,48,2026-08-22T00:00:00Z,2026-08-20T00:00:00Z,0.0,0.0,450.8,68.4,0.0,9.3,6,0.0,0.0,12,133.2,0.0,14.1,0.0,0.0,0.0,0.0,0.0,0.0,0.0,3,0.0,0,0,0,0,GREEN,БЕЗ ЗНАЧАЈНОГ РИЗИКА,NO SIGNIFICANT RISK,HIGH,ECMWF ENS,ECMWF ENS | ICON-EU EPS | GEFS,0.0,3,0.0,0,0,0,0,GREEN,БЕЗ ЗНАЧАЈНОГ РИЗИКА,NO SIGNIFICANT RISK,HIGH,ECMWF ENS,ECMWF ENS | ICON-EU EPS | GEFS,0.0,3,0.0,0,0,0,0,GREEN,БЕЗ ЗНАЧАЈНОГ РИЗИКА,NO SIGNIFICANT RISK,HIGH,ECMWF ENS,ECMWF ENS | ICON-EU EPS | GEFS,0.0,3,0.0,0,0,0,0,GREEN,БЕЗ ЗНАЧАЈНОГ РИЗИКА,NO SIGNIFICANT RISK,HIGH,ECMWF ENS,ECMWF ENS | ICON-EU EPS | GEFS,0,GREEN,БЕЗ ЗНАЧАЈНОГ РИЗИКА,NO SIGNIFICANT RISK,NONE,HIGH,18,2026-08-21T06:00:00+00:00,2026-08-22T00:00:00+00:00,STORMS,EXPERIMENTAL,DEVELOPMENTAL MULTIMODEL SIGNAL - NOT CALIBRATED PROBABILITY,PUBLIC OPEN-DATA SERVICES,INDEPENDENT PROJECT - NOT AN OFFICIAL RHMZ WARNING PRODUCT
80373,SEČANJ,SEČANJ,СЕЧАЊ,0.0,0.0,0.0,0.0,0.0,13.519306573494918,59.9056282043457,8,48,2026-08-22T00:00:00Z,2026-08-20T00:00:00Z,0.0,0.0,0.0,61.2,0.0,12.3,8,0.0,0.0,11,0.0,0.0,12.7,0.0,0.0,0.0,0.0,0.0,0.0,0.0,3,0.0,0,0,0,0,GREEN,БЕЗ ЗНАЧАЈНОГ РИЗИКА,NO SIGNIFICANT RISK,HIGH,ECMWF ENS,ECMWF ENS | ICON-EU EPS | GEFS,0.0,3,0.0,0,0,0,0,GREEN,БЕЗ ЗНАЧАЈНОГ РИЗИКА,NO SIGNIFICANT RISK,HIGH,ECMWF ENS,ECMWF ENS | ICON-EU EPS | GEFS,0.0,3,0.0,0,0,0,0,GREEN,БЕЗ ЗНАЧАЈНОГ РИЗИКА,NO SIGNIFICANT RISK,HIGH,ECMWF ENS,ECMWF ENS | ICON-EU EPS | GEFS,0.0,3,0.0,0,0,0,0,GREEN,БЕЗ ЗНАЧАЈНОГ РИЗИКА,NO SIGNIFICANT RISK,HIGH,ECMWF ENS,ECMWF ENS | ICON-EU EPS | GEFS,0,GREEN,БЕЗ ЗНАЧАЈНОГ РИЗИКА,NO SIGNIFICANT RISK,NONE,HIGH,18,2026-08-21T06:00:00+00:00,2026-08-22T00:00:00+00:00,STORMS,EXPERIMENTAL,DEVELOPMENTAL MULTIMODEL SIGNAL - NOT CALIBRATED PROBABILITY,PUBLIC OPEN-DATA SERVICES,INDEPENDENT PROJECT - NOT AN OFFICIAL RHMZ WARNING PRODUCT
71099,SMEDEREVO-GRAD,SMEDEREVO-GRAD,СМЕДЕРЕВО-ГРАД,0.0,0.0,0.0,0.0,0.0,14.641305761565524,59.27814865112305,8,48,2026-08-22T00:00:00Z,2026-08-20T00:00:00Z,0.0,0.0,0.0,54.8,0.0,10.5,8,0.0,0.0,12,0.0,0.0,12.7,0.0,0.0,0.0,0.0,0.0,0.0,0.0,3,0.0,0,0,0,0,GREEN,БЕЗ ЗНАЧАЈНОГ РИЗИКА,NO SIGNIFICANT RISK,HIGH,ECMWF ENS,ECMWF ENS | ICON-EU EPS | GEFS,0.0,3,0.0,0,0,0,0,GREEN,БЕЗ ЗНАЧАЈНОГ РИЗИКА,NO SIGNIFICANT RISK,HIGH,ECMWF ENS,ECMWF ENS | ICON-EU EPS | GEFS,0.0,3,0.0,0,0,0,0,GREEN,БЕЗ ЗНАЧАЈНОГ РИЗИКА,NO SIGNIFICANT RISK,HIGH,ECMWF ENS,ECMWF ENS | ICON-EU EPS | GEFS,0.0,3,0.0,0,0,0,0,GREEN,БЕЗ ЗНАЧАЈНОГ РИЗИКА,NO SIGNIFICANT RISK,HIGH,ECMWF ENS,ECMWF ENS | ICON-EU EPS | GEFS,0,GREEN,БЕЗ ЗНАЧАЈНОГ РИЗИКА,NO SIGNIFICANT RISK,NONE,HIGH,18,2026-08-21T06:00:00+00:00,2026-08-22T00:00:00+00:00,STORMS,EXPERIMENTAL,DEVELOPMENTAL MULTIMODEL SIGNAL - NOT CALIBRATED PROBABILITY,PUBLIC OPEN-DATA SERVICES,INDEPENDENT PROJECT - NOT AN OFFICIAL RHMZ WARNING PRODUCT
71102,SMEDEREVSKA PALANKA,SMEDEREVSKA PALANKA,СМЕДЕРЕВСКА ПАЛАНКА,0.0,0.0,0.0,0.0,0.0,14.641305761565524,59.09685134887695,8,48,2026-08-22T00:00:00Z,2026-08-20T00:00:00Z,0.0,0.0,0.0,54.5,0.0,11.1,8,0.0,0.0,10,0.0,0.0,12.5,0.0,0.0,0.0,0.0,0.0,0.0,0.0,3,0.0,0,0,0,0,GREEN,БЕЗ ЗНАЧАЈНОГ РИЗИКА,NO SIGNIFICANT RISK,HIGH,ECMWF ENS,ECMWF ENS | ICON-EU EPS | GEFS,0.0,3,0.0,0,0,0,0,GREEN,БЕЗ ЗНАЧАЈНОГ РИЗИКА,NO SIGNIFICANT RISK,HIGH,ECMWF ENS,ECMWF ENS | ICON-EU EPS | GEFS,0.0,3,0.0,0,0,0,0,GREEN,БЕЗ ЗНАЧАЈНОГ РИЗИКА,NO SIGNIFICANT RISK,HIGH,ECMWF ENS,ECMWF ENS | ICON-EU EPS | GEFS,0.0,3,0.0,0,0,0,0,GREEN,БЕЗ ЗНАЧАЈНОГ РИЗИКА,NO SIGNIFICANT RISK,HIGH,ECMWF ENS,ECMWF ENS | ICON-EU EPS | GEFS,0,GREEN,БЕЗ ЗНАЧАЈНОГ РИЗИКА,NO SIGNIFICANT RISK,NONE,HIGH,18,2026-08-21T06:00:00+00:00,2026-08-22T00:00:00+00:00,STORMS,EXPERIMENTAL,DEVELOPMENTAL MULTIMODEL SIGNAL - NOT CALIBRATED PROBABILITY,PUBLIC OPEN-DATA SERVICES,INDEPENDENT PROJECT - NOT AN OFFICIAL RHMZ WARNING PRODUCT
71129,SOKOBANJA,SOKOBANJA,СОКОБАЊА,0.0,0.0,0.0,0.0,0.0,13.0808580717014,59.59999942779541,9,48,2026-08-22T00:00:00Z,2026-08-20T00:00:00Z,0.0,0.0,192.8,50.6,0.0,5.0,9,0.0,0.0,10,0.0,0.0,5.9,0.0,0.0,0.0,0.0,0.0,0.0,0.0,3,0.0,0,0,0,0,GREEN,БЕЗ ЗНАЧАЈНОГ РИЗИКА,NO SIGNIFICANT RISK,HIGH,ECMWF ENS,ECMWF ENS | ICON-EU EPS | GEFS,0.0,3,0.0,0,0,0,0,GREEN,БЕЗ ЗНАЧАЈНОГ РИЗИКА,NO SIGNIFICANT RISK,HIGH,ECMWF ENS,ECMWF ENS | ICON-EU EPS | GEFS,0.0,3,0.0,0,0,0,0,GREEN,БЕЗ ЗНАЧАЈНОГ РИЗИКА,NO SIGNIFICANT RISK,HIGH,ECMWF ENS,ECMWF ENS | ICON-EU EPS | GEFS,0.0,3,0.0,0,0,0,0,GREEN,БЕЗ ЗНАЧАЈНОГ РИЗИКА,NO SIGNIFICANT RISK,HIGH,ECMWF ENS,ECMWF ENS | ICON-EU EPS | GEFS,0,GREEN,БЕЗ ЗНАЧАЈНОГ РИЗИКА,NO SIGNIFICANT RISK,NONE,HIGH,18,2026-08-21T06:00:00+00:00,2026-08-22T00:00:00+00:00,STORMS,EXPERIMENTAL,DEVELOPMENTAL MULTIMODEL SIGNAL - NOT CALIBRATED PROBABILITY,PUBLIC OPEN-DATA SERVICES,INDEPENDENT PROJECT - NOT AN OFFICIAL RHMZ WARNING PRODUCT
80381,SOMBOR-GRAD,SOMBOR-GRAD,СОМБОР-ГРАД,0.0,0.0,0.0,0.0,27.0,14.863257183711765,64.6758918762207,12,48,2026-08-22T00:00:00Z,2026-08-20T00:00:00Z,4.0,0.0,644.9,60.8,0.0,7.0,12,0.0,0.0,12,155.0,0.0,12.6,0.0,0.0,0.0,0.0,0.0,0.0,1.3,3,4.0,0,0,0,0,GREEN,БЕЗ ЗНАЧАЈНОГ РИЗИКА,NO SIGNIFICANT RISK,HIGH,ECMWF ENS,ECMWF ENS | ICON-EU EPS | GEFS,0.0,3,0.0,0,0,0,0,GREEN,БЕЗ ЗНАЧАЈНОГ РИЗИКА,NO SIGNIFICANT RISK,HIGH,ECMWF ENS,ECMWF ENS | ICON-EU EPS | GEFS,0.0,3,0.0,0,0,0,0,GREEN,БЕЗ ЗНАЧАЈНОГ РИЗИКА,NO SIGNIFICANT RISK,HIGH,ECMWF ENS,ECMWF ENS | ICON-EU EPS | GEFS,0.0,3,0.0,0,0,0,0,GREEN,БЕЗ ЗНАЧАЈНОГ РИЗИКА,NO SIGNIFICANT RISK,HIGH,ECMWF ENS,ECMWF ENS | ICON-EU EPS | GEFS,0,GREEN,БЕЗ ЗНАЧАЈНОГ РИЗИКА,NO SIGNIFICANT RISK,NONE,HIGH,18,2026-08-21T06:00:00+00:00,2026-08-22T00:00:00+00:00,STORMS,EXPERIMENTAL,DEVELOPMENTAL MULTIMODEL SIGNAL - NOT CALIBRATED PROBABILITY,PUBLIC OPEN-DATA SERVICES,INDEPENDENT PROJECT - NOT AN OFFICIAL RHMZ WARNING PRODUCT
90271,SRBICA,SRBICA,СРБИЦА,0.0,0.0,0.0,0.0,0.0,8.04334658457966,59.29999923706055,10,48,2026-08-22T00:00:00Z,2026-08-20T00:00:00Z,0.0,0.0,0.0,44.6,0.0,4.6,10,0.0,0.0,11,0.0,0.0,5.4,0.0,0.0,0.0,0.0,0.0,0.0,0.0,3,0.0,0,0,0,0,GREEN,БЕЗ ЗНАЧАЈНОГ РИЗИКА,NO SIGNIFICANT RISK,HIGH,ECMWF ENS,ECMWF ENS | ICON-EU EPS | GEFS,0.0,3,0.0,0,0,0,0,GREEN,БЕЗ ЗНАЧАЈНОГ РИЗИКА,NO SIGNIFICANT RISK,HIGH,ECMWF ENS,ECMWF ENS | ICON-EU EPS | GEFS,0.0,3,0.0,0,0,0,0,GREEN,БЕЗ ЗНАЧАЈНОГ РИЗИКА,NO SIGNIFICANT RISK,HIGH,ECMWF ENS,ECMWF ENS | ICON-EU EPS | GEFS,0.0,3,0.0,0,0,0,0,GREEN,БЕЗ ЗНАЧАЈНОГ РИЗИКА,NO SIGNIFICANT RISK,HIGH,ECMWF ENS,ECMWF ENS | ICON-EU EPS | GEFS,0,GREEN,БЕЗ ЗНАЧАЈНОГ РИЗИКА,NO SIGNIFICANT RISK,NONE,HIGH,18,2026-08-21T06:00:00+00:00,2026-08-22T00:00:00+00:00,STORMS,EXPERIMENTAL,DEVELOPMENTAL MULTIMODEL SIGNAL - NOT CALIBRATED PROBABILITY,PUBLIC OPEN-DATA SERVICES,INDEPENDENT PROJECT - NOT AN OFFICIAL RHMZ WARNING PRODUCT
80390,SRBOBRAN,SRBOBRAN,СРБОБРАН,0.0,0.0,0.0,0.0,6.0,14.363443116061871,60.76419258117676,7,48,2026-08-22T00:00:00Z,2026-08-20T00:00:00Z,0.0,0.0,437.0,62.2,0.0,8.9,7,0.0,0.0,12,63.9,0.0,14.8,0.0,0.0,0.0,0.0,0.0,0.0,0.0,3,0.0,0,0,0,0,GREEN,БЕЗ ЗНАЧАЈНОГ РИЗИКА,NO SIGNIFICANT RISK,HIGH,ECMWF ENS,ECMWF ENS | ICON-EU EPS | GEFS,0.0,3,0.0,0,0,0,0,GREEN,БЕЗ ЗНАЧАЈНОГ РИЗИКА,NO SIGNIFICANT RISK,HIGH,ECMWF ENS,ECMWF ENS | ICON-EU EPS | GEFS,0.0,3,0.0,0,0,0,0,GREEN,БЕЗ ЗНАЧАЈНОГ РИЗИКА,NO SIGNIFICANT RISK,HIGH,ECMWF ENS,ECMWF ENS | ICON-EU EPS | GEFS,0.0,3,0.0,0,0,0,0,GREEN,БЕЗ ЗНАЧАЈНОГ РИЗИКА,NO SIGNIFICANT RISK,HIGH,ECMWF ENS,ECMWF ENS | ICON-EU EPS | GEFS,0,GREEN,БЕЗ ЗНАЧАЈНОГ РИЗИКА,NO SIGNIFICANT RISK,NONE,HIGH,18,2026-08-21T06:00:00+00:00,2026-08-22T00:00:00+00:00,STORMS,EXPERIMENTAL,DEVELOPMENTAL MULTIMODEL SIGNAL - NOT CALIBRATED PROBABILITY,PUBLIC OPEN-DATA SERVICES,INDEPENDENT PROJECT - NOT AN OFFICIAL RHMZ WARNING PRODUCT
80403,SREMSKA MITROVICA-GRAD,SREMSKA MITROVICA-GRAD,СРЕМСКА МИТРОВИЦА-ГРАД,0.0,0.0,0.0,0.0,5.0,14.210383729728717,59.53071594238281,14,48,2026-08-22T00:00:00Z,2026-08-20T00:00:00Z,0.0,0.0,219.5,57.4,0.0,8.8,14,0.0,0.0,13,57.4,0.0,16.0,0.0,0.0,0.0,0.0,0.0,0.0,0.0,3,0.0,0,0,0,0,GREEN,БЕЗ ЗНАЧАЈНОГ РИЗИКА,NO SIGNIFICANT RISK,HIGH,ECMWF ENS,ECMWF ENS | ICON-EU EPS | GEFS,0.0,3,0.0,0,0,0,0,GREEN,БЕЗ ЗНАЧАЈНОГ РИЗИКА,NO SIGNIFICANT RISK,HIGH,ECMWF ENS,ECMWF ENS | ICON-EU EPS | GEFS,0.0,3,0.0,0,0,0,0,GREEN,БЕЗ ЗНАЧАЈНОГ РИЗИКА,NO SIGNIFICANT RISK,HIGH,ECMWF ENS,ECMWF ENS | ICON-EU EPS | GEFS,0.0,3,0.0,0,0,0,0,GREEN,БЕЗ ЗНАЧАЈНОГ РИЗИКА,NO SIGNIFICANT RISK,HIGH,ECMWF ENS,ECMWF ENS | ICON-EU EPS | GEFS,0,GREEN,БЕЗ ЗНАЧАЈНОГ РИЗИКА,NO SIGNIFICANT RISK,NONE,HIGH,18,2026-08-21T06:00:00+00:00,2026-08-22T00:00:00+00:00,STORMS,EXPERIMENTAL,DEVELOPMENTAL MULTIMODEL SIGNAL - NOT CALIBRATED PROBABILITY,PUBLIC OPEN-DATA SERVICES,INDEPENDENT PROJECT - NOT AN OFFICIAL RHMZ WARNING PRODUCT
80411,SREMSKI KARLOVCI,SREMSKI KARLOVCI,СРЕМСКИ КАРЛОВЦИ,0.0,0.0,0.0,0.0,5.0,14.210383729728717,55.90032386779785,5,48,2026-08-22T00:00:00Z,2026-08-20T00:00:00Z,0.0,0.0,61.5,63.0,0.0,12.0,5,0.0,0.0,10,48.4,0.0,14.9,0.0,0.0,0.0,0.0,0.0,0.0,0.0,3,0.0,0,0,0,0,GREEN,БЕЗ ЗНАЧАЈНОГ РИЗИКА,NO SIGNIFICANT RISK,HIGH,ECMWF ENS,ECMWF ENS | ICON-EU EPS | GEFS,0.0,3,0.0,0,0,0,0,GREEN,БЕЗ ЗНАЧАЈНОГ РИЗИКА,NO SIGNIFICANT RISK,HIGH,ECMWF ENS,ECMWF ENS | ICON-EU EPS | GEFS,0.0,3,0.0,0,0,0,0,GREEN,БЕЗ ЗНАЧАЈНОГ РИЗИКА,NO SIGNIFICANT RISK,HIGH,ECMWF ENS,ECMWF ENS | ICON-EU EPS | GEFS,0.0,3,0.0,0,0,0,0,GREEN,БЕЗ ЗНАЧАЈНОГ РИЗИКА,NO SIGNIFICANT RISK,HIGH,ECMWF ENS,ECMWF ENS | ICON-EU EPS | GEFS,0,GREEN,БЕЗ ЗНАЧАЈНОГ РИЗИКА,NO SIGNIFICANT RISK,NONE,HIGH,18,2026-08-21T06:00:00+00:00,2026-08-22T00:00:00+00:00,STORMS,EXPERIMENTAL,DEVELOPMENTAL MULTIMODEL SIGNAL - NOT CALIBRATED PROBABILITY,PUBLIC OPEN-DATA SERVICES,INDEPENDENT PROJECT - NOT AN OFFICIAL RHMZ WARNING PRODUCT
80420,STARA PAZOVA,STARA PAZOVA,СТАРА ПАЗОВА,0.0,0.0,0.0,0.0,5.0,14.210383729728717,58.29999923706055,9,48,2026-08-22T00:00:00Z,2026-08-20T00:00:00Z,0.0,0.0,5.5,62.9,0.0,12.5,9,0.0,0.0,10,3.3,0.0,14.9,0.0,0.0,0.0,0.0,0.0,0.0,0.0,3,0.0,0,0,0,0,GREEN,БЕЗ ЗНАЧАЈНОГ РИЗИКА,NO SIGNIFICANT RISK,HIGH,ECMWF ENS,ECMWF ENS | ICON-EU EPS | GEFS,0.0,3,0.0,0,0,0,0,GREEN,БЕЗ ЗНАЧАЈНОГ РИЗИКА,NO SIGNIFICANT RISK,HIGH,ECMWF ENS,ECMWF ENS | ICON-EU EPS | GEFS,0.0,3,0.0,0,0,0,0,GREEN,БЕЗ ЗНАЧАЈНОГ РИЗИКА,NO SIGNIFICANT RISK,HIGH,ECMWF ENS,ECMWF ENS | ICON-EU EPS | GEFS,0.0,3,0.0,0,0,0,0,GREEN,БЕЗ ЗНАЧАЈНОГ РИЗИКА,NO SIGNIFICANT RISK,HIGH,ECMWF ENS,ECMWF ENS | ICON-EU EPS | GEFS,0,GREEN,БЕЗ ЗНАЧАЈНОГ РИЗИКА,NO SIGNIFICANT RISK,NONE,HIGH,18,2026-08-21T06:00:00+00:00,2026-08-22T00:00:00+00:00,STORMS,EXPERIMENTAL,DEVELOPMENTAL MULTIMODEL SIGNAL - NOT CALIBRATED PROBABILITY,PUBLIC OPEN-DATA SERVICES,INDEPENDENT PROJECT - NOT AN OFFICIAL RHMZ WARNING PRODUCT
80438,SUBOTICA-GRAD,SUBOTICA-GRAD,СУБОТИЦА-ГРАД,0.0,0.0,0.0,0.0,24.0,14.92202327959549,64.27500057220459,13,48,2026-08-22T00:00:00Z,2026-08-20T00:00:00Z,2.0,0.0,619.2,60.9,0.0,7.6,13,0.0,0.0,11,189.1,0.0,13.3,0.0,0.0,0.0,0.0,0.0,0.0,0.7,3,2.0,0,0,0,0,GREEN,БЕЗ ЗНАЧАЈНОГ РИЗИКА,NO SIGNIFICANT RISK,HIGH,ECMWF ENS,ECMWF ENS | ICON-EU EPS | GEFS,0.0,3,0.0,0,0,0,0,GREEN,БЕЗ ЗНАЧАЈНОГ РИЗИКА,NO SIGNIFICANT RISK,HIGH,ECMWF ENS,ECMWF ENS | ICON-EU EPS | GEFS,0.0,3,0.0,0,0,0,0,GREEN,БЕЗ ЗНАЧАЈНОГ РИЗИКА,NO SIGNIFICANT RISK,HIGH,ECMWF ENS,ECMWF ENS | ICON-EU EPS | GEFS,0.0,3,0.0,0,0,0,0,GREEN,БЕЗ ЗНАЧАЈНОГ РИЗИКА,NO SIGNIFICANT RISK,HIGH,ECMWF ENS,ECMWF ENS | ICON-EU EPS | GEFS,0,GREEN,БЕЗ ЗНАЧАЈНОГ РИЗИКА,NO SIGNIFICANT RISK,NONE,HIGH,18,2026-08-21T06:00:00+00:00,2026-08-22T00:00:00+00:00,STORMS,EXPERIMENTAL,DEVELOPMENTAL MULTIMODEL SIGNAL - NOT CALIBRATED PROBABILITY,PUBLIC OPEN-DATA SERVICES,INDEPENDENT PROJECT - NOT AN OFFICIAL RHMZ WARNING PRODUCT
90280,SUVA REKA,SUVA REKA,СУВА РЕКА,0.0,0.0,0.0,0.0,0.0,6.275704560437609,60.99999809265137,8,48,2026-08-22T00:00:00Z,2026-08-20T00:00:00Z,0.0,0.0,0.0,41.3,0.0,1.9,8,0.0,0.0,11,0.0,0.0,3.8,0.0,0.0,0.0,0.0,0.0,0.0,0.0,3,0.0,0,0,0,0,GREEN,БЕЗ ЗНАЧАЈНОГ РИЗИКА,NO SIGNIFICANT RISK,HIGH,ECMWF ENS,ECMWF ENS | ICON-EU EPS | GEFS,0.0,3,0.0,0,0,0,0,GREEN,БЕЗ ЗНАЧАЈНОГ РИЗИКА,NO SIGNIFICANT RISK,HIGH,ECMWF ENS,ECMWF ENS | ICON-EU EPS | GEFS,0.0,3,0.0,0,0,0,0,GREEN,БЕЗ ЗНАЧАЈНОГ РИЗИКА,NO SIGNIFICANT RISK,HIGH,ECMWF ENS,ECMWF ENS | ICON-EU EPS | GEFS,0.0,3,0.0,0,0,0,0,GREEN,БЕЗ ЗНАЧАЈНОГ РИЗИКА,NO SIGNIFICANT RISK,HIGH,ECMWF ENS,ECMWF ENS | ICON-EU EPS | GEFS,0,GREEN,БЕЗ ЗНАЧАЈНОГ РИЗИКА,NO SIGNIFICANT RISK,NONE,HIGH,18,2026-08-21T06:00:00+00:00,2026-08-22T00:00:00+00:00,STORMS,EXPERIMENTAL,DEVELOPMENTAL MULTIMODEL SIGNAL - NOT CALIBRATED PROBABILITY,PUBLIC OPEN-DATA SERVICES,INDEPENDENT PROJECT - NOT AN OFFICIAL RHMZ WARNING PRODUCT
71137,SURDULICA,SURDULICA,СУРДУЛИЦА,0.0,0.0,0.0,0.0,0.0,6.031777334005949,58.64999961853027,9,48,2026-08-22T00:00:00Z,2026-08-20T00:00:00Z,0.0,0.0,0.0,54.8,0.0,1.6,9,0.0,0.0,13,0.0,0.0,3.1,0.0,0.0,0.0,0.0,0.0,0.0,0.0,3,0.0,0,0,0,0,GREEN,БЕЗ ЗНАЧАЈНОГ РИЗИКА,NO SIGNIFICANT RISK,HIGH,ECMWF ENS,ECMWF ENS | ICON-EU EPS | GEFS,0.0,3,0.0,0,0,0,0,GREEN,БЕЗ ЗНАЧАЈНОГ РИЗИКА,NO SIGNIFICANT RISK,HIGH,ECMWF ENS,ECMWF ENS | ICON-EU EPS | GEFS,0.0,3,0.0,0,0,0,0,GREEN,БЕЗ ЗНАЧАЈНОГ РИЗИКА,NO SIGNIFICANT RISK,HIGH,ECMWF ENS,ECMWF ENS | ICON-EU EPS | GEFS,0.0,3,0.0,0,0,0,0,GREEN,БЕЗ ЗНАЧАЈНОГ РИЗИКА,NO SIGNIFICANT RISK,HIGH,ECMWF ENS,ECMWF ENS | ICON-EU EPS | GEFS,0,GREEN,БЕЗ ЗНАЧАЈНОГ РИЗИКА,NO SIGNIFICANT RISK,NONE,HIGH,18,2026-08-21T06:00:00+00:00,2026-08-22T00:00:00+00:00,STORMS,EXPERIMENTAL,DEVELOPMENTAL MULTIMODEL SIGNAL - NOT CALIBRATED PROBABILITY,PUBLIC OPEN-DATA SERVICES,INDEPENDENT PROJECT - NOT AN OFFICIAL RHMZ WARNING PRODUCT
80446,TEMERIN,TEMERIN,ТЕМЕРИН,0.0,0.0,0.0,0.0,6.0,14.210383729728717,57.414194107055664,6,48,2026-08-22T00:00:00Z,2026-08-20T00:00:00Z,0.0,0.0,262.9,59.7,0.0,9.7,6,0.0,0.0,13,81.0,0.0,14.6,0.0,0.0,0.0,0.0,0.0,0.0,0.0,3,0.0,0,0,0,0,GREEN,БЕЗ ЗНАЧАЈНОГ РИЗИКА,NO SIGNIFICANT RISK,HIGH,ECMWF ENS,ECMWF ENS | ICON-EU EPS | GEFS,0.0,3,0.0,0,0,0,0,GREEN,БЕЗ ЗНАЧАЈНОГ РИЗИКА,NO SIGNIFICANT RISK,HIGH,ECMWF ENS,ECMWF ENS | ICON-EU EPS | GEFS,0.0,3,0.0,0,0,0,0,GREEN,БЕЗ ЗНАЧАЈНОГ РИЗИКА,NO SIGNIFICANT RISK,HIGH,ECMWF ENS,ECMWF ENS | ICON-EU EPS | GEFS,0.0,3,0.0,0,0,0,0,GREEN,БЕЗ ЗНАЧАЈНОГ РИЗИКА,NO SIGNIFICANT RISK,HIGH,ECMWF ENS,ECMWF ENS | ICON-EU EPS | GEFS,0,GREEN,БЕЗ ЗНАЧАЈНОГ РИЗИКА,NO SIGNIFICANT RISK,NONE,HIGH,18,2026-08-21T06:00:00+00:00,2026-08-22T00:00:00+00:00,STORMS,EXPERIMENTAL,DEVELOPMENTAL MULTIMODEL SIGNAL - NOT CALIBRATED PROBABILITY,PUBLIC OPEN-DATA SERVICES,INDEPENDENT PROJECT - NOT AN OFFICIAL RHMZ WARNING PRODUCT
80454,TITEL,TITEL,ТИТЕЛ,0.0,0.0,0.0,0.0,6.0,14.210383729728717,58.29999923706055,9,48,2026-08-22T00:00:00Z,2026-08-20T00:00:00Z,0.0,0.0,0.0,64.6,0.0,12.0,9,0.0,0.0,12,25.1,0.0,15.0,0.0,0.0,0.0,0.0,0.0,0.0,0.0,3,0.0,0,0,0,0,GREEN,БЕЗ ЗНАЧАЈНОГ РИЗИКА,NO SIGNIFICANT RISK,HIGH,ECMWF ENS,ECMWF ENS | ICON-EU EPS | GEFS,0.0,3,0.0,0,0,0,0,GREEN,БЕЗ ЗНАЧАЈНОГ РИЗИКА,NO SIGNIFICANT RISK,HIGH,ECMWF ENS,ECMWF ENS | ICON-EU EPS | GEFS,0.0,3,0.0,0,0,0,0,GREEN,БЕЗ ЗНАЧАЈНОГ РИЗИКА,NO SIGNIFICANT RISK,HIGH,ECMWF ENS,ECMWF ENS | ICON-EU EPS | GEFS,0.0,3,0.0,0,0,0,0,GREEN,БЕЗ ЗНАЧАЈНОГ РИЗИКА,NO SIGNIFICANT RISK,HIGH,ECMWF ENS,ECMWF ENS | ICON-EU EPS | GEFS,0,GREEN,БЕЗ ЗНАЧАЈНОГ РИЗИКА,NO SIGNIFICANT RISK,NONE,HIGH,18,2026-08-21T06:00:00+00:00,2026-08-22T00:00:00+00:00,STORMS,EXPERIMENTAL,DEVELOPMENTAL MULTIMODEL SIGNAL - NOT CALIBRATED PROBABILITY,PUBLIC OPEN-DATA SERVICES,INDEPENDENT PROJECT - NOT AN OFFICIAL RHMZ WARNING PRODUCT
71153,TOPOLA,TOPOLA,ТОПОЛА,0.0,0.0,0.0,0.0,0.0,14.641305761565524,57.1468505859375,10,48,2026-08-22T00:00:00Z,2026-08-20T00:00:00Z,0.0,0.0,0.0,54.5,0.0,11.1,10,0.0,0.0,10,0.0,0.0,12.5,0.0,0.0,0.0,0.0,0.0,0.0,0.0,3,0.0,0,0,0,0,GREEN,БЕЗ ЗНАЧАЈНОГ РИЗИКА,NO SIGNIFICANT RISK,HIGH,ECMWF ENS,ECMWF ENS | ICON-EU EPS | GEFS,0.0,3,0.0,0,0,0,0,GREEN,БЕЗ ЗНАЧАЈНОГ РИЗИКА,NO SIGNIFICANT RISK,HIGH,ECMWF ENS,ECMWF ENS | ICON-EU EPS | GEFS,0.0,3,0.0,0,0,0,0,GREEN,БЕЗ ЗНАЧАЈНОГ РИЗИКА,NO SIGNIFICANT RISK,HIGH,ECMWF ENS,ECMWF ENS | ICON-EU EPS | GEFS,0.0,3,0.0,0,0,0,0,GREEN,БЕЗ ЗНАЧАЈНОГ РИЗИКА,NO SIGNIFICANT RISK,HIGH,ECMWF ENS,ECMWF ENS | ICON-EU EPS | GEFS,0,GREEN,БЕЗ ЗНАЧАЈНОГ РИЗИКА,NO SIGNIFICANT RISK,NONE,HIGH,18,2026-08-21T06:00:00+00:00,2026-08-22T00:00:00+00:00,STORMS,EXPERIMENTAL,DEVELOPMENTAL MULTIMODEL SIGNAL - NOT CALIBRATED PROBABILITY,PUBLIC OPEN-DATA SERVICES,INDEPENDENT PROJECT - NOT AN OFFICIAL RHMZ WARNING PRODUCT
71161,TRGOVIŠTE,TRGOVIŠTE,ТРГОВИШТЕ,0.0,0.0,0.0,0.0,0.0,6.536569662631509,58.75562858581543,8,48,2026-08-22T00:00:00Z,2026-08-20T00:00:00Z,4.0,0.0,575.2,71.2,0.0,1.4,8,0.0,0.0,10,0.0,0.0,4.1,0.0,0.0,0.0,0.0,0.0,0.0,1.3,3,4.0,0,0,0,0,GREEN,БЕЗ ЗНАЧАЈНОГ РИЗИКА,NO SIGNIFICANT RISK,HIGH,ECMWF ENS,ECMWF ENS | ICON-EU EPS | GEFS,0.0,3,0.0,0,0,0,0,GREEN,БЕЗ ЗНАЧАЈНОГ РИЗИКА,NO SIGNIFICANT RISK,HIGH,ECMWF ENS,ECMWF ENS | ICON-EU EPS | GEFS,0.0,3,0.0,0,0,0,0,GREEN,БЕЗ ЗНАЧАЈНОГ РИЗИКА,NO SIGNIFICANT RISK,HIGH,ECMWF ENS,ECMWF ENS | ICON-EU EPS | GEFS,0.0,3,0.0,0,0,0,0,GREEN,БЕЗ ЗНАЧАЈНОГ РИЗИКА,NO SIGNIFICANT RISK,HIGH,ECMWF ENS,ECMWF ENS | ICON-EU EPS | GEFS,0,GREEN,БЕЗ ЗНАЧАЈНОГ РИЗИКА,NO SIGNIFICANT RISK,NONE,HIGH,18,2026-08-21T06:00:00+00:00,2026-08-22T00:00:00+00:00,STORMS,EXPERIMENTAL,DEVELOPMENTAL MULTIMODEL SIGNAL - NOT CALIBRATED PROBABILITY,PUBLIC OPEN-DATA SERVICES,INDEPENDENT PROJECT - NOT AN OFFICIAL RHMZ WARNING PRODUCT
71170,TRSTENIK,TRSTENIK,ТРСТЕНИК,0.0,0.0,0.0,0.0,0.0,12.026826168502568,58.00663757324219,6,48,2026-08-22T00:00:00Z,2026-08-20T00:00:00Z,0.0,0.0,0.0,44.9,0.0,7.5,6,0.0,0.0,10,0.0,0.0,8.8,0.0,0.0,0.0,0.0,0.0,0.0,0.0,3,0.0,0,0,0,0,GREEN,БЕЗ ЗНАЧАЈНОГ РИЗИКА,NO SIGNIFICANT RISK,HIGH,ECMWF ENS,ECMWF ENS | ICON-EU EPS | GEFS,0.0,3,0.0,0,0,0,0,GREEN,БЕЗ ЗНАЧАЈНОГ РИЗИКА,NO SIGNIFICANT RISK,HIGH,ECMWF ENS,ECMWF ENS | ICON-EU EPS | GEFS,0.0,3,0.0,0,0,0,0,GREEN,БЕЗ ЗНАЧАЈНОГ РИЗИКА,NO SIGNIFICANT RISK,HIGH,ECMWF ENS,ECMWF ENS | ICON-EU EPS | GEFS,0.0,3,0.0,0,0,0,0,GREEN,БЕЗ ЗНАЧАЈНОГ РИЗИКА,NO SIGNIFICANT RISK,HIGH,ECMWF ENS,ECMWF ENS | ICON-EU EPS | GEFS,0,GREEN,БЕЗ ЗНАЧАЈНОГ РИЗИКА,NO SIGNIFICANT RISK,NONE,HIGH,18,2026-08-21T06:00:00+00:00,2026-08-22T00:00:00+00:00,STORMS,EXPERIMENTAL,DEVELOPMENTAL MULTIMODEL SIGNAL - NOT CALIBRATED PROBABILITY,PUBLIC OPEN-DATA SERVICES,INDEPENDENT PROJECT - NOT AN OFFICIAL RHMZ WARNING PRODUCT
71188,TUTIN,TUTIN,ТУТИН,0.0,0.0,0.0,0.0,0.0,8.375935222933652,56.764193534851074,10,48,2026-08-22T00:00:00Z,2026-08-20T00:00:00Z,0.0,0.0,0.0,51.5,0.0,5.2,10,0.0,0.0,9,0.0,0.0,6.4,0.0,0.0,0.0,0.0,0.0,0.0,0.0,3,0.0,0,0,0,0,GREEN,БЕЗ ЗНАЧАЈНОГ РИЗИКА,NO SIGNIFICANT RISK,HIGH,ECMWF ENS,ECMWF ENS | ICON-EU EPS | GEFS,0.0,3,0.0,0,0,0,0,GREEN,БЕЗ ЗНАЧАЈНОГ РИЗИКА,NO SIGNIFICANT RISK,HIGH,ECMWF ENS,ECMWF ENS | ICON-EU EPS | GEFS,0.0,3,0.0,0,0,0,0,GREEN,БЕЗ ЗНАЧАЈНОГ РИЗИКА,NO SIGNIFICANT RISK,HIGH,ECMWF ENS,ECMWF ENS | ICON-EU EPS | GEFS,0.0,3,0.0,0,0,0,0,GREEN,БЕЗ ЗНАЧАЈНОГ РИЗИКА,NO SIGNIFICANT RISK,HIGH,ECMWF ENS,ECMWF ENS | ICON-EU EPS | GEFS,0,GREEN,БЕЗ ЗНАЧАЈНОГ РИЗИКА,NO SIGNIFICANT RISK,NONE,HIGH,18,2026-08-21T06:00:00+00:00,2026-08-22T00:00:00+00:00,STORMS,EXPERIMENTAL,DEVELOPMENTAL MULTIMODEL SIGNAL - NOT CALIBRATED PROBABILITY,PUBLIC OPEN-DATA SERVICES,INDEPENDENT PROJECT - NOT AN OFFICIAL RHMZ WARNING PRODUCT
71218,UB,UB,УБ,0.0,0.0,0.0,0.0,0.0,14.289737919006798,54.10000228881836,10,48,2026-08-22T00:00:00Z,2026-08-20T00:00:00Z,0.0,0.0,0.0,61.7,0.0,13.6,10,0.0,0.0,10,0.0,0.0,16.0,0.0,0.0,0.0,0.0,0.0,0.0,0.0,3,0.0,0,0,0,0,GREEN,БЕЗ ЗНАЧАЈНОГ РИЗИКА,NO SIGNIFICANT RISK,HIGH,ECMWF ENS,ECMWF ENS | ICON-EU EPS | GEFS,0.0,3,0.0,0,0,0,0,GREEN,БЕЗ ЗНАЧАЈНОГ РИЗИКА,NO SIGNIFICANT RISK,HIGH,ECMWF ENS,ECMWF ENS | ICON-EU EPS | GEFS,0.0,3,0.0,0,0,0,0,GREEN,БЕЗ ЗНАЧАЈНОГ РИЗИКА,NO SIGNIFICANT RISK,HIGH,ECMWF ENS,ECMWF ENS | ICON-EU EPS | GEFS,0.0,3,0.0,0,0,0,0,GREEN,БЕЗ ЗНАЧАЈНОГ РИЗИКА,NO SIGNIFICANT RISK,HIGH,ECMWF ENS,ECMWF ENS | ICON-EU EPS | GEFS,0,GREEN,БЕЗ ЗНАЧАЈНОГ РИЗИКА,NO SIGNIFICANT RISK,NONE,HIGH,18,2026-08-21T06:00:00+00:00,2026-08-22T00:00:00+00:00,STORMS,EXPERIMENTAL,DEVELOPMENTAL MULTIMODEL SIGNAL - NOT CALIBRATED PROBABILITY,PUBLIC OPEN-DATA SERVICES,INDEPENDENT PROJECT - NOT AN OFFICIAL RHMZ WARNING PRODUCT
71145,UŽICE-GRAD,UŽICE-GRAD,УЖИЦЕ-ГРАД,0.0,0.0,0.0,0.0,0.0,13.54175512737727,49.35000038146973,12,48,2026-08-22T00:00:00Z,2026-08-20T00:00:00Z,0.0,0.0,0.0,52.6,0.0,7.1,12,0.0,0.0,11,0.0,0.0,9.2,0.0,0.0,0.0,0.0,0.0,0.0,0.0,3,0.0,0,0,0,0,GREEN,БЕЗ ЗНАЧАЈНОГ РИЗИКА,NO SIGNIFICANT RISK,HIGH,ECMWF ENS,ECMWF ENS | ICON-EU EPS | GEFS,0.0,3,0.0,0,0,0,0,GREEN,БЕЗ ЗНАЧАЈНОГ РИЗИКА,NO SIGNIFICANT RISK,HIGH,ECMWF ENS,ECMWF ENS | ICON-EU EPS | GEFS,0.0,3,0.0,0,0,0,0,GREEN,БЕЗ ЗНАЧАЈНОГ РИЗИКА,NO SIGNIFICANT RISK,HIGH,ECMWF ENS,ECMWF ENS | ICON-EU EPS | GEFS,0.0,3,0.0,0,0,0,0,GREEN,БЕЗ ЗНАЧАЈНОГ РИЗИКА,NO SIGNIFICANT RISK,HIGH,ECMWF ENS,ECMWF ENS | ICON-EU EPS | GEFS,0,GREEN,БЕЗ ЗНАЧАЈНОГ РИЗИКА,NO SIGNIFICANT RISK,NONE,HIGH,18,2026-08-21T06:00:00+00:00,2026-08-22T00:00:00+00:00,STORMS,EXPERIMENTAL,DEVELOPMENTAL MULTIMODEL SIGNAL - NOT CALIBRATED PROBABILITY,PUBLIC OPEN-DATA SERVICES,INDEPENDENT PROJECT - NOT AN OFFICIAL RHMZ WARNING PRODUCT
90301,UROŠEVAC,UROŠEVAC,УРОШЕВАЦ,0.0,0.0,0.0,0.0,0.0,7.082808082070768,60.99999809265137,8,48,2026-08-22T00:00:00Z,2026-08-20T00:00:00Z,0.0,0.0,0.0,32.2,0.0,2.0,8,0.0,0.0,9,0.0,0.0,4.5,0.0,0.0,0.0,0.0,0.0,0.0,0.0,3,0.0,0,0,0,0,GREEN,БЕЗ ЗНАЧАЈНОГ РИЗИКА,NO SIGNIFICANT RISK,HIGH,ECMWF ENS,ECMWF ENS | ICON-EU EPS | GEFS,0.0,3,0.0,0,0,0,0,GREEN,БЕЗ ЗНАЧАЈНОГ РИЗИКА,NO SIGNIFICANT RISK,HIGH,ECMWF ENS,ECMWF ENS | ICON-EU EPS | GEFS,0.0,3,0.0,0,0,0,0,GREEN,БЕЗ ЗНАЧАЈНОГ РИЗИКА,NO SIGNIFICANT RISK,HIGH,ECMWF ENS,ECMWF ENS | ICON-EU EPS | GEFS,0.0,3,0.0,0,0,0,0,GREEN,БЕЗ ЗНАЧАЈНОГ РИЗИКА,NO SIGNIFICANT RISK,HIGH,ECMWF ENS,ECMWF ENS | ICON-EU EPS | GEFS,0,GREEN,БЕЗ ЗНАЧАЈНОГ РИЗИКА,NO SIGNIFICANT RISK,NONE,HIGH,18,2026-08-21T06:00:00+00:00,2026-08-22T00:00:00+00:00,STORMS,EXPERIMENTAL,DEVELOPMENTAL MULTIMODEL SIGNAL - NOT CALIBRATED PROBABILITY,PUBLIC OPEN-DATA SERVICES,INDEPENDENT PROJECT - NOT AN OFFICIAL RHMZ WARNING PRODUCT
71226,CRNA TRAVA,CRNA TRAVA,ЦРНА ТРАВА,0.0,0.0,0.0,0.0,0.0,5.488889280872407,58.28073692321777,8,48,2026-08-22T00:00:00Z,2026-08-20T00:00:00Z,0.0,0.0,0.0,54.7,0.0,1.9,8,0.0,0.0,12,0.0,0.0,3.4,0.0,0.0,0.0,0.0,0.0,0.0,0.0,3,0.0,0,0,0,0,GREEN,БЕЗ ЗНАЧАЈНОГ РИЗИКА,NO SIGNIFICANT RISK,HIGH,ECMWF ENS,ECMWF ENS | ICON-EU EPS | GEFS,0.0,3,0.0,0,0,0,0,GREEN,БЕЗ ЗНАЧАЈНОГ РИЗИКА,NO SIGNIFICANT RISK,HIGH,ECMWF ENS,ECMWF ENS | ICON-EU EPS | GEFS,0.0,3,0.0,0,0,0,0,GREEN,БЕЗ ЗНАЧАЈНОГ РИЗИКА,NO SIGNIFICANT RISK,HIGH,ECMWF ENS,ECMWF ENS | ICON-EU EPS | GEFS,0.0,3,0.0,0,0,0,0,GREEN,БЕЗ ЗНАЧАЈНОГ РИЗИКА,NO SIGNIFICANT RISK,HIGH,ECMWF ENS,ECMWF ENS | ICON-EU EPS | GEFS,0,GREEN,БЕЗ ЗНАЧАЈНОГ РИЗИКА,NO SIGNIFICANT RISK,NONE,HIGH,18,2026-08-21T06:00:00+00:00,2026-08-22T00:00:00+00:00,STORMS,EXPERIMENTAL,DEVELOPMENTAL MULTIMODEL SIGNAL - NOT CALIBRATED PROBABILITY,PUBLIC OPEN-DATA SERVICES,INDEPENDENT PROJECT - NOT AN OFFICIAL RHMZ WARNING PRODUCT
71234,ČAJETINA,ČAJETINA,ЧАЈЕТИНА,0.0,0.0,0.0,0.0,0.0,12.216388275049754,45.43071746826172,9,48,2026-08-22T00:00:00Z,2026-08-20T00:00:00Z,0.0,0.0,0.0,53.2,0.0,9.0,9,0.0,0.0,11,0.0,0.0,8.7,0.0,0.0,0.0,0.0,0.0,0.0,0.0,3,0.0,0,0,0,0,GREEN,БЕЗ ЗНАЧАЈНОГ РИЗИКА,NO SIGNIFICANT RISK,HIGH,ECMWF ENS,ECMWF ENS | ICON-EU EPS | GEFS,0.0,3,0.0,0,0,0,0,GREEN,БЕЗ ЗНАЧАЈНОГ РИЗИКА,NO SIGNIFICANT RISK,HIGH,ECMWF ENS,ECMWF ENS | ICON-EU EPS | GEFS,0.0,3,0.0,0,0,0,0,GREEN,БЕЗ ЗНАЧАЈНОГ РИЗИКА,NO SIGNIFICANT RISK,HIGH,ECMWF ENS,ECMWF ENS | ICON-EU EPS | GEFS,0.0,3,0.0,0,0,0,0,GREEN,БЕЗ ЗНАЧАЈНОГ РИЗИКА,NO SIGNIFICANT RISK,HIGH,ECMWF ENS,ECMWF ENS | ICON-EU EPS | GEFS,0,GREEN,БЕЗ ЗНАЧАЈНОГ РИЗИКА,NO SIGNIFICANT RISK,NONE,HIGH,18,2026-08-21T06:00:00+00:00,2026-08-22T00:00:00+00:00,STORMS,EXPERIMENTAL,DEVELOPMENTAL MULTIMODEL SIGNAL - NOT CALIBRATED PROBABILITY,PUBLIC OPEN-DATA SERVICES,INDEPENDENT PROJECT - NOT AN OFFICIAL RHMZ WARNING PRODUCT
71242,ČAČAK-GRAD,ČAČAK-GRAD,ЧАЧАК-ГРАД,0.0,0.0,0.0,0.0,0.0,14.497609155466805,54.04999923706055,8,48,2026-08-22T00:00:00Z,2026-08-20T00:00:00Z,0.0,0.0,0.0,56.8,0.0,10.6,8,0.0,0.0,12,0.0,0.0,10.4,0.0,0.0,0.0,0.0,0.0,0.0,0.0,3,0.0,0,0,0,0,GREEN,БЕЗ ЗНАЧАЈНОГ РИЗИКА,NO SIGNIFICANT RISK,HIGH,ECMWF ENS,ECMWF ENS | ICON-EU EPS | GEFS,0.0,3,0.0,0,0,0,0,GREEN,БЕЗ ЗНАЧАЈНОГ РИЗИКА,NO SIGNIFICANT RISK,HIGH,ECMWF ENS,ECMWF ENS | ICON-EU EPS | GEFS,0.0,3,0.0,0,0,0,0,GREEN,БЕЗ ЗНАЧАЈНОГ РИЗИКА,NO SIGNIFICANT RISK,HIGH,ECMWF ENS,ECMWF ENS | ICON-EU EPS | GEFS,0.0,3,0.0,0,0,0,0,GREEN,БЕЗ ЗНАЧАЈНОГ РИЗИКА,NO SIGNIFICANT RISK,HIGH,ECMWF ENS,ECMWF ENS | ICON-EU EPS | GEFS,0,GREEN,БЕЗ ЗНАЧАЈНОГ РИЗИКА,NO SIGNIFICANT RISK,NONE,HIGH,18,2026-08-21T06:00:00+00:00,2026-08-22T00:00:00+00:00,STORMS,EXPERIMENTAL,DEVELOPMENTAL MULTIMODEL SIGNAL - NOT CALIBRATED PROBABILITY,PUBLIC OPEN-DATA SERVICES,INDEPENDENT PROJECT - NOT AN OFFICIAL RHMZ WARNING PRODUCT
80489,ČOKA,ČOKA,ЧОКА,0.0,0.0,0.0,0.0,12.0,14.433806210769314,62.65648555755615,8,48,2026-08-22T00:00:00Z,2026-08-20T00:00:00Z,0.0,0.0,169.9,74.9,0.0,10.9,8,0.0,0.0,12,72.2,0.0,14.2,0.0,0.0,0.0,0.0,0.0,0.0,0.0,3,0.0,0,0,0,0,GREEN,БЕЗ ЗНАЧАЈНОГ РИЗИКА,NO SIGNIFICANT RISK,HIGH,ECMWF ENS,ECMWF ENS | ICON-EU EPS | GEFS,0.0,3,0.0,0,0,0,0,GREEN,БЕЗ ЗНАЧАЈНОГ РИЗИКА,NO SIGNIFICANT RISK,HIGH,ECMWF ENS,ECMWF ENS | ICON-EU EPS | GEFS,0.0,3,0.0,0,0,0,0,GREEN,БЕЗ ЗНАЧАЈНОГ РИЗИКА,NO SIGNIFICANT RISK,HIGH,ECMWF ENS,ECMWF ENS | ICON-EU EPS | GEFS,0.0,3,0.0,0,0,0,0,GREEN,БЕЗ ЗНАЧАЈНОГ РИЗИКА,NO SIGNIFICANT RISK,HIGH,ECMWF ENS,ECMWF ENS | ICON-EU EPS | GEFS,0,GREEN,БЕЗ ЗНАЧАЈНОГ РИЗИКА,NO SIGNIFICANT RISK,NONE,HIGH,18,2026-08-21T06:00:00+00:00,2026-08-22T00:00:00+00:00,STORMS,EXPERIMENTAL,DEVELOPMENTAL MULTIMODEL SIGNAL - NOT CALIBRATED PROBABILITY,PUBLIC OPEN-DATA SERVICES,INDEPENDENT PROJECT - NOT AN OFFICIAL RHMZ WARNING PRODUCT
71269,ŠABAC-GRAD,ŠABAC-GRAD,ШАБАЦ-ГРАД,0.0,0.0,0.0,0.0,0.0,14.001860986977302,56.6550235748291,12,48,2026-08-22T00:00:00Z,2026-08-20T00:00:00Z,0.0,0.0,16.5,59.1,0.0,11.6,12,0.0,0.0,9,0.0,0.0,16.9,0.0,0.0,0.0,0.0,0.0,0.0,0.0,3,0.0,0,0,0,0,GREEN,БЕЗ ЗНАЧАЈНОГ РИЗИКА,NO SIGNIFICANT RISK,HIGH,ECMWF ENS,ECMWF ENS | ICON-EU EPS | GEFS,0.0,3,0.0,0,0,0,0,GREEN,БЕЗ ЗНАЧАЈНОГ РИЗИКА,NO SIGNIFICANT RISK,HIGH,ECMWF ENS,ECMWF ENS | ICON-EU EPS | GEFS,0.0,3,0.0,0,0,0,0,GREEN,БЕЗ ЗНАЧАЈНОГ РИЗИКА,NO SIGNIFICANT RISK,HIGH,ECMWF ENS,ECMWF ENS | ICON-EU EPS | GEFS,0.0,3,0.0,0,0,0,0,GREEN,БЕЗ ЗНАЧАЈНОГ РИЗИКА,NO SIGNIFICANT RISK,HIGH,ECMWF ENS,ECMWF ENS | ICON-EU EPS | GEFS,0,GREEN,БЕЗ ЗНАЧАЈНОГ РИЗИКА,NO SIGNIFICANT RISK,NONE,HIGH,18,2026-08-21T06:00:00+00:00,2026-08-22T00:00:00+00:00,STORMS,EXPERIMENTAL,DEVELOPMENTAL MULTIMODEL SIGNAL - NOT CALIBRATED PROBABILITY,PUBLIC OPEN-DATA SERVICES,INDEPENDENT PROJECT - NOT AN OFFICIAL RHMZ WARNING PRODUCT
80497,ŠID,ŠID,ШИД,0.0,0.0,0.0,0.0,2.0,14.001860986977302,60.64999961853027,13,48,2026-08-22T00:00:00Z,2026-08-20T00:00:00Z,0.0,0.0,174.8,55.5,0.0,7.2,13,0.0,0.0,12,63.0,0.0,15.7,0.0,0.0,0.0,0.0,0.0,0.0,0.0,3,0.0,0,0,0,0,GREEN,БЕЗ ЗНАЧАЈНОГ РИЗИКА,NO SIGNIFICANT RISK,HIGH,ECMWF ENS,ECMWF ENS | ICON-EU EPS | GEFS,0.0,3,0.0,0,0,0,0,GREEN,БЕЗ ЗНАЧАЈНОГ РИЗИКА,NO SIGNIFICANT RISK,HIGH,ECMWF ENS,ECMWF ENS | ICON-EU EPS | GEFS,0.0,3,0.0,0,0,0,0,GREEN,БЕЗ ЗНАЧАЈНОГ РИЗИКА,NO SIGNIFICANT RISK,HIGH,ECMWF ENS,ECMWF ENS | ICON-EU EPS | GEFS,0.0,3,0.0,0,0,0,0,GREEN,БЕЗ ЗНАЧАЈНОГ РИЗИКА,NO SIGNIFICANT RISK,HIGH,ECMWF ENS,ECMWF ENS | ICON-EU EPS | GEFS,0,GREEN,БЕЗ ЗНАЧАЈНОГ РИЗИКА,NO SIGNIFICANT RISK,NONE,HIGH,18,2026-08-21T06:00:00+00:00,2026-08-22T00:00:00+00:00,STORMS,EXPERIMENTAL,DEVELOPMENTAL MULTIMODEL SIGNAL - NOT CALIBRATED PROBABILITY,PUBLIC OPEN-DATA SERVICES,INDEPENDENT PROJECT - NOT AN OFFICIAL RHMZ WARNING PRODUCT
90310,ŠTIMLJE,ŠTIMLJE,ШТИМЉЕ,0.0,0.0,0.0,0.0,0.0,6.275704560437609,60.99999809265137,6,48,2026-08-22T00:00:00Z,2026-08-20T00:00:00Z,0.0,0.0,0.0,32.2,0.0,2.0,6,0.0,0.0,13,0.0,0.0,4.5,0.0,0.0,0.0,0.0,0.0,0.0,0.0,3,0.0,0,0,0,0,GREEN,БЕЗ ЗНАЧАЈНОГ РИЗИКА,NO SIGNIFICANT RISK,HIGH,ECMWF ENS,ECMWF ENS | ICON-EU EPS | GEFS,0.0,3,0.0,0,0,0,0,GREEN,БЕЗ ЗНАЧАЈНОГ РИЗИКА,NO SIGNIFICANT RISK,HIGH,ECMWF ENS,ECMWF ENS | ICON-EU EPS | GEFS,0.0,3,0.0,0,0,0,0,GREEN,БЕЗ ЗНАЧАЈНОГ РИЗИКА,NO SIGNIFICANT RISK,HIGH,ECMWF ENS,ECMWF ENS | ICON-EU EPS | GEFS,0.0,3,0.0,0,0,0,0,GREEN,БЕЗ ЗНАЧАЈНОГ РИЗИКА,NO SIGNIFICANT RISK,HIGH,ECMWF ENS,ECMWF ENS | ICON-EU EPS | GEFS,0,GREEN,БЕЗ ЗНАЧАЈНОГ РИЗИКА,NO SIGNIFICANT RISK,NONE,HIGH,18,2026-08-21T06:00:00+00:00,2026-08-22T00:00:00+00:00,STORMS,EXPERIMENTAL,DEVELOPMENTAL MULTIMODEL SIGNAL - NOT CALIBRATED PROBABILITY,PUBLIC OPEN-DATA SERVICES,INDEPENDENT PROJECT - NOT AN OFFICIAL RHMZ WARNING PRODUCT
90328,ŠTRPCE,ŠTRPCE,ШТРПЦЕ,0.0,0.0,0.0,0.0,0.0,5.515865669942292,61.93071746826172,7,48,2026-08-22T00:00:00Z,2026-08-20T00:00:00Z,0.0,0.0,0.0,28.9,0.0,2.9,7,0.0,0.0,10,0.0,0.0,3.8,0.0,0.0,0.0,0.0,0.0,0.0,0.0,3,0.0,0,0,0,0,GREEN,БЕЗ ЗНАЧАЈНОГ РИЗИКА,NO SIGNIFICANT RISK,HIGH,ECMWF ENS,ECMWF ENS | ICON-EU EPS | GEFS,0.0,3,0.0,0,0,0,0,GREEN,БЕЗ ЗНАЧАЈНОГ РИЗИКА,NO SIGNIFICANT RISK,HIGH,ECMWF ENS,ECMWF ENS | ICON-EU EPS | GEFS,0.0,3,0.0,0,0,0,0,GREEN,БЕЗ ЗНАЧАЈНОГ РИЗИКА,NO SIGNIFICANT RISK,HIGH,ECMWF ENS,ECMWF ENS | ICON-EU EPS | GEFS,0.0,3,0.0,0,0,0,0,GREEN,БЕЗ ЗНАЧАЈНОГ РИЗИКА,NO SIGNIFICANT RISK,HIGH,ECMWF ENS,ECMWF ENS | ICON-EU EPS | GEFS,0,GREEN,БЕЗ ЗНАЧАЈНОГ РИЗИКА,NO SIGNIFICANT RISK,NONE,HIGH,18,2026-08-21T06:00:00+00:00,2026-08-22T00:00:00+00:00,STORMS,EXPERIMENTAL,DEVELOPMENTAL MULTIMODEL SIGNAL - NOT CALIBRATED PROBABILITY,PUBLIC OPEN-DATA SERVICES,INDEPENDENT PROJECT - NOT AN OFFICIAL RHMZ WARNING PRODUCT
