{"type":"FeatureCollection","features":[{"type":"Feature","properties":{"OBJECTID":182,"Value_e":"ADA","Value_sl":"ADA","Value_sc":"АДА","Municipality_DOM_ID":"80012","Region_DOM_ID":"1","SHAPE.STArea()":227032602.57812533,"SHAPE.STLength()":71282.98335547595},"geometry":{"type":"Polygon","coordinates":[[[20.11568,45.83659],[20.09039,45.8456],[20.08658,45.84887],[20.08487,45.85359],[20.02208,45.84258],[19.94103,45.84169],[19.85881,45.81928],[19.85968,45.81354],[19.86207,45.8138],[19.86481,45.79859],[19.85613,45.79761],[19.85781,45.78377],[19.86192,45.78341],[19.86328,45.78034],[19.8611,45.77946],[19.86312,45.77759],[19.86564,45.77598],[19.87058,45.77604],[19.87222,45.77318],[19.87515,45.77247],[19.87448,45.76831],[19.87844,45.76344],[19.95377,45.76306],[19.98079,45.75359],[20.00026,45.74928],[20.03855,45.74679],[20.07455,45.74661],[20.11433,45.73118],[20.12944,45.71138],[20.14428,45.7166],[20.16713,45.73172],[20.16825,45.73622],[20.16644,45.74224],[20.14857,45.758],[20.14685,45.7651],[20.16674,45.7758],[20.17103,45.78123],[20.16603,45.78433],[20.15119,45.78412],[20.1462,45.78583],[20.14924,45.80392],[20.14784,45.81032],[20.14372,45.81823],[20.13251,45.82805],[20.11568,45.83659]]]}},{"type":"Feature","properties":{"OBJECTID":184,"Value_e":"KIKINDA","Value_sl":"KIKINDA","Value_sc":"КИКИНДА","Municipality_DOM_ID":"80209","Region_DOM_ID":"1","SHAPE.STArea()":782180535.488767,"SHAPE.STLength()":177790.1617936947},"geometry":{"type":"Polygon","coordinates":[[[20.37975,45.96218],[20.33645,45.98065],[20.33061,45.98133],[20.31862,45.97432],[20.31513,45.97075],[20.31587,45.96657],[20.30976,45.966],[20.312,45.96331],[20.31776,45.96191],[20.31624,45.95907],[20.31043,45.9597],[20.30777,45.95766],[20.31002,45.95576],[20.3154,45.95604],[20.3156,45.95193],[20.32046,45.94701],[20.31877,45.93968],[20.31533,45.93856],[20.31409,45.94175],[20.31199,45.94216],[20.30332,45.9408],[20.30259,45.94351],[20.30046,45.94423],[20.30003,45.94155],[20.30256,45.93739],[20.29488,45.93377],[20.29109,45.92865],[20.29723,45.92859],[20.29337,45.92615],[20.30347,45.89624],[20.26405,45.88396],[20.24542,45.86926],[20.25336,45.82908],[20.24602,45.82017],[20.24503,45.81],[20.24073,45.80441],[20.23777,45.80529],[20.19654,45.79055],[20.16608,45.78627],[20.16603,45.78433],[20.16977,45.78315],[20.17102,45.78014],[20.1732,45.77978],[20.26094,45.7843],[20.30495,45.78877],[20.3353,45.77729],[20.34145,45.78484],[20.36441,45.7831],[20.36586,45.76835],[20.37385,45.75571],[20.38479,45.74255],[20.38797,45.73265],[20.39172,45.72756],[20.39032,45.72671],[20.39264,45.72098],[20.39155,45.718],[20.42219,45.71104],[20.42217,45.70795],[20.43082,45.70318],[20.43168,45.70009],[20.43469,45.69795],[20.42878,45.69357],[20.42132,45.69176],[20.41576,45.68441],[20.41603,45.6776],[20.41304,45.67468],[20.39716,45.68124],[20.38946,45.66597],[20.38077,45.66865],[20.37836,45.66388],[20.37316,45.66198],[20.36958,45.66291],[20.3686,45.65972],[20.35381,45.66307],[20.35284,45.66636],[20.35999,45.67911],[20.35808,45.67955],[20.34958,45.66876],[20.3496,45.66223],[20.35446,45.65715],[20.36831,45.6524],[20.3722,45.64772],[20.36431,45.63796],[20.34763,45.63408],[20.33503,45.61917],[20.36766,45.60407],[20.37987,45.60284],[20.38703,45.61022],[20.39439,45.60131],[20.40483,45.60899],[20.45104,45.62075],[20.53572,45.6139],[20.51486,45.66189],[20.52272,45.68591],[20.53133,45.68536],[20.54656,45.69321],[20.5574,45.70895],[20.62167,45.70328],[20.62783,45.70466],[20.63076,45.74946],[20.65607,45.76973],[20.64901,45.79243],[20.66286,45.79411],[20.65711,45.80801],[20.65497,45.80736],[20.6507,45.81176],[20.66044,45.82915],[20.61171,45.86399],[20.59889,45.86172],[20.59443,45.87171],[20.58146,45.86937],[20.57792,45.87683],[20.57521,45.87876],[20.57677,45.87933],[20.57459,45.88399],[20.57874,45.88497],[20.5693,45.91015],[20.54652,45.90592],[20.54959,45.89993],[20.51581,45.89211],[20.50177,45.91066],[20.48293,45.95343],[20.4473,45.97025],[20.37975,45.96218]]]}},{"type":"Feature","properties":{"OBJECTID":185,"Value_e":"SENTA","Value_sl":"SENTA","Value_sc":"СЕНТА","Municipality_DOM_ID":"80365","Region_DOM_ID":"1","SHAPE.STArea()":294237238.4967006,"SHAPE.STLength()":83791.7668599077},"geometry":{"type":"Polygon","coordinates":[[[20.09138,45.96563],[20.09441,45.97332],[20.10271,45.98592],[20.10174,45.98789],[20.08451,45.98543],[20.06958,45.98693],[20.02253,45.96209],[19.93706,45.94149],[19.90413,45.93929],[19.80991,45.92712],[19.81253,45.92342],[19.81156,45.92294],[19.82728,45.9037],[19.82154,45.90292],[19.82452,45.89973],[19.78856,45.88017],[19.81931,45.84795],[19.82256,45.83981],[19.82029,45.8233],[19.82787,45.8108],[19.94103,45.84169],[20.02208,45.84258],[20.08487,45.85359],[20.08712,45.8633],[20.10035,45.868],[20.11722,45.8624],[20.12742,45.86154],[20.12781,45.86007],[20.13206,45.86086],[20.13703,45.86503],[20.13688,45.87325],[20.13397,45.87529],[20.11885,45.87861],[20.12979,45.88727],[20.134,45.89609],[20.11945,45.90107],[20.11525,45.90426],[20.10484,45.91671],[20.09991,45.92709],[20.09316,45.93467],[20.09326,45.94379],[20.09933,45.95192],[20.09133,45.9603],[20.09138,45.96563]]]}},{"type":"Feature","properties":{"OBJECTID":186,"Value_e":"ČOKA","Value_sl":"ČOKA","Value_sc":"ЧОКА","Municipality_DOM_ID":"80489","Region_DOM_ID":"1","SHAPE.STArea()":320333335.5209359,"SHAPE.STLength()":116219.14638768794},"geometry":{"type":"Polygon","coordinates":[[[20.34713,45.99959],[20.35156,46.00025],[20.3506,46.0037],[20.35652,46.00629],[20.33809,46.0397],[20.33501,46.03512],[20.31764,46.03103],[20.26375,46.00359],[20.25503,45.98692],[20.25145,45.98434],[20.2086,45.98282],[20.16107,45.99019],[20.13081,45.99706],[20.08554,46.00089],[20.05744,45.9954],[20.07225,45.98592],[20.08451,45.98543],[20.10237,45.98746],[20.0907,45.96377],[20.09133,45.9603],[20.09933,45.95192],[20.09326,45.94379],[20.09316,45.93467],[20.09991,45.92709],[20.10484,45.91671],[20.11525,45.90426],[20.11945,45.90107],[20.134,45.89609],[20.12979,45.88727],[20.11885,45.87861],[20.13397,45.87529],[20.13688,45.87325],[20.13703,45.86503],[20.13206,45.86086],[20.12781,45.86007],[20.12742,45.86154],[20.11722,45.8624],[20.10035,45.868],[20.08712,45.8633],[20.08494,45.85639],[20.08545,45.85079],[20.09039,45.8456],[20.11773,45.83573],[20.13251,45.82805],[20.14129,45.82135],[20.14721,45.81176],[20.14924,45.80392],[20.1462,45.78583],[20.15119,45.78412],[20.16603,45.78433],[20.16608,45.78627],[20.19654,45.79055],[20.23777,45.80529],[20.24073,45.80441],[20.24503,45.81],[20.24602,45.82017],[20.25336,45.82908],[20.24542,45.86926],[20.26405,45.88396],[20.30347,45.89624],[20.29337,45.92615],[20.29723,45.92859],[20.29109,45.92865],[20.29488,45.93377],[20.30256,45.93739],[20.30003,45.94155],[20.30046,45.94423],[20.30259,45.94351],[20.30332,45.9408],[20.31199,45.94216],[20.31409,45.94175],[20.31533,45.93856],[20.31877,45.93968],[20.32046,45.94701],[20.3156,45.95193],[20.3154,45.95604],[20.31002,45.95576],[20.30777,45.95766],[20.31043,45.9597],[20.31624,45.95907],[20.31776,45.96191],[20.312,45.96331],[20.30976,45.966],[20.31587,45.96657],[20.31513,45.97075],[20.31862,45.97432],[20.33061,45.98133],[20.33645,45.98065],[20.37975,45.96218],[20.40408,45.96506],[20.34713,45.99959]]]}},{"type":"Feature","properties":{"OBJECTID":188,"Value_e":"NOVI KNEŽEVAC","Value_sl":"NOVI KNEŽEVAC","Value_sc":"НОВИ КНЕЖЕВАЦ","Municipality_DOM_ID":"80276","Region_DOM_ID":"1","SHAPE.STArea()":305352050.5574996,"SHAPE.STLength()":90125.57543798322},"geometry":{"type":"Polygon","coordinates":[[[20.13705,46.14477],[20.13704,46.14729],[20.13237,46.15017],[20.1263,46.15196],[20.10686,46.16265],[20.10469,46.16518],[20.10379,46.17168],[20.10649,46.17332],[20.10601,46.17472],[20.10219,46.17677],[20.09581,46.17724],[20.07477,46.15713],[20.06179,46.14081],[20.06069,46.13562],[20.06222,46.13163],[20.07964,46.11815],[20.08155,46.11546],[20.08083,46.1125],[20.07828,46.10898],[20.06089,46.09848],[20.03991,46.08919],[20.03869,46.08496],[20.04407,46.07958],[20.06178,46.07283],[20.08303,46.06197],[20.08746,46.05863],[20.08948,46.05294],[20.08037,46.03279],[20.06797,46.0206],[20.06011,46.01689],[20.05359,46.01574],[20.04543,46.01642],[20.03593,46.02007],[20.03201,46.0179],[20.03572,46.011],[20.04546,46.0055],[20.05744,45.9954],[20.08554,46.00089],[20.13081,45.99706],[20.16107,45.99019],[20.2086,45.98282],[20.25145,45.98434],[20.25503,45.98692],[20.26375,46.00359],[20.31764,46.03103],[20.33501,46.03512],[20.3432,46.04721],[20.34587,46.04743],[20.30928,46.0721],[20.31128,46.07364],[20.30373,46.08222],[20.30227,46.08662],[20.27318,46.09828],[20.26464,46.10942],[20.26711,46.11224],[20.2752,46.11252],[20.28302,46.11732],[20.27877,46.11816],[20.26997,46.11615],[20.26367,46.11835],[20.26201,46.12164],[20.26531,46.12509],[20.26428,46.12635],[20.25492,46.11579],[20.24955,46.11987],[20.2496,46.1235],[20.25157,46.12646],[20.24823,46.12984],[20.23318,46.12381],[20.22983,46.12907],[20.21034,46.13546],[20.20804,46.14394],[20.18183,46.16006],[20.17952,46.15748],[20.16924,46.15277],[20.14667,46.14482],[20.13705,46.14477]]]}},{"type":"Feature","properties":{"OBJECTID":189,"Value_e":"KANJIŽA","Value_sl":"KANJIŽA","Value_sc":"КАЊИЖА","Municipality_DOM_ID":"80195","Region_DOM_ID":"1","SHAPE.STArea()":398405738.6887952,"SHAPE.STLength()":94745.25436225433},"geometry":{"type":"Polygon","coordinates":[[[20.01578,46.17682],[19.93515,46.17619],[19.92191,46.16696],[19.91483,46.16398],[19.89756,46.15974],[19.87336,46.15126],[19.86543,46.15024],[19.89562,46.12368],[19.89176,46.11996],[19.88684,46.10983],[19.88335,46.1061],[19.87576,46.10297],[19.86687,46.10287],[19.86518,46.08226],[19.868,46.05653],[19.86315,46.04356],[19.82987,46.00618],[19.81195,45.98046],[19.81005,45.92716],[19.90413,45.93929],[19.93706,45.94149],[20.02253,45.96209],[20.06958,45.98693],[20.04546,46.0055],[20.03572,46.011],[20.03193,46.01725],[20.03593,46.02007],[20.04818,46.01601],[20.06149,46.01737],[20.07228,46.02373],[20.0815,46.03501],[20.08948,46.05294],[20.08746,46.05863],[20.06178,46.07283],[20.04229,46.08057],[20.0384,46.08604],[20.03889,46.08818],[20.04371,46.09146],[20.06089,46.09848],[20.07686,46.10799],[20.08043,46.1117],[20.08155,46.11546],[20.07159,46.12533],[20.06222,46.13163],[20.06067,46.13711],[20.06374,46.14367],[20.0617,46.14685],[20.05504,46.14786],[20.03978,46.14437],[20.03302,46.14665],[20.02995,46.15122],[20.02295,46.1733],[20.01578,46.17682]]]}},{"type":"Feature","properties":{"OBJECTID":125,"Value_e":"ŽABARI","Value_sl":"ŽABARI","Value_sc":"ЖАБАРИ","Municipality_DOM_ID":"70521","Region_DOM_ID":"10","SHAPE.STArea()":263751720.773505,"SHAPE.STLength()":138313.1149937954},"geometry":{"type":"MultiPolygon","coordinates":[[[[21.23036,44.51317],[21.22385,44.51289],[21.22081,44.51079],[21.21255,44.5093],[21.21254,44.50781],[21.20455,44.50778],[21.20452,44.50532],[21.19258,44.5055],[21.19117,44.50696],[21.18627,44.50715],[21.18575,44.50514],[21.17436,44.50659],[21.1737,44.50398],[21.16944,44.50454],[21.16874,44.50183],[21.16106,44.50475],[21.1588,44.50202],[21.15901,44.49945],[21.15507,44.4995],[21.15396,44.49791],[21.16042,44.49619],[21.16134,44.49427],[21.16081,44.49201],[21.15514,44.48763],[21.15583,44.48315],[21.16785,44.4769],[21.17158,44.47157],[21.16574,44.46776],[21.15106,44.46669],[21.14755,44.46241],[21.15541,44.45641],[21.16579,44.45891],[21.17235,44.45616],[21.17233,44.4528],[21.17058,44.45142],[21.15922,44.4499],[21.15673,44.4471],[21.15832,44.44351],[21.16416,44.44215],[21.169,44.43893],[21.17175,44.42684],[21.17,44.42486],[21.16554,44.42504],[21.1601,44.43065],[21.14875,44.42955],[21.14559,44.42793],[21.13909,44.41916],[21.12099,44.4125],[21.11909,44.40893],[21.12153,44.40614],[21.13672,44.4075],[21.14428,44.40567],[21.14602,44.40284],[21.14204,44.40016],[21.13598,44.4001],[21.13114,44.39807],[21.13075,44.391],[21.12596,44.38879],[21.12737,44.38794],[21.1269,44.38532],[21.11991,44.38314],[21.12226,44.37741],[21.12813,44.37802],[21.12825,44.37623],[21.13537,44.37388],[21.13596,44.3715],[21.14092,44.37098],[21.14256,44.37311],[21.14705,44.37417],[21.15587,44.37025],[21.16105,44.37389],[21.16239,44.37245],[21.16087,44.37029],[21.1654,44.36581],[21.17039,44.36465],[21.17205,44.36012],[21.17473,44.35984],[21.17448,44.35684],[21.1772,44.35609],[21.17539,44.35227],[21.17763,44.35182],[21.17233,44.34659],[21.16654,44.34617],[21.16541,44.34244],[21.15814,44.34101],[21.15877,44.34285],[21.15504,44.34358],[21.15104,44.33929],[21.1516,44.33797],[21.14521,44.33646],[21.14762,44.33511],[21.14374,44.3345],[21.14403,44.33129],[21.13744,44.33177],[21.13392,44.32793],[21.13093,44.32876],[21.12382,44.32607],[21.12089,44.32314],[21.12077,44.32086],[21.12635,44.31859],[21.13357,44.32245],[21.13883,44.32245],[21.14755,44.31517],[21.15803,44.31807],[21.16481,44.31477],[21.16727,44.31636],[21.17094,44.31482],[21.16966,44.31298],[21.17172,44.31095],[21.17887,44.3091],[21.18338,44.30543],[21.18639,44.30508],[21.18563,44.30609],[21.18777,44.30598],[21.19187,44.30911],[21.19381,44.30729],[21.2028,44.30643],[21.20668,44.30322],[21.20405,44.3027],[21.20453,44.30098],[21.21074,44.30337],[21.21755,44.29308],[21.22123,44.29254],[21.2196,44.29397],[21.22054,44.29438],[21.22288,44.29266],[21.22368,44.29509],[21.22542,44.2914],[21.22397,44.29148],[21.22273,44.28796],[21.22551,44.28826],[21.22515,44.28667],[21.22679,44.28641],[21.22436,44.28383],[21.23892,44.27059],[21.23796,44.26969],[21.24035,44.26948],[21.23977,44.26795],[21.24228,44.26918],[21.2443,44.26885],[21.2436,44.26785],[21.24567,44.26617],[21.24985,44.26798],[21.25198,44.26595],[21.25738,44.26618],[21.25775,44.26823],[21.26268,44.2678],[21.26403,44.26917],[21.26698,44.26808],[21.26592,44.26567],[21.27116,44.26476],[21.27873,44.26019],[21.28144,44.26219],[21.28165,44.26435],[21.27362,44.2656],[21.27892,44.26786],[21.27877,44.26922],[21.28218,44.27121],[21.28253,44.27558],[21.28661,44.27816],[21.28427,44.28143],[21.28971,44.28174],[21.28854,44.28511],[21.291,44.28382],[21.29696,44.2927],[21.3013,44.29226],[21.30478,44.29617],[21.3118,44.29081],[21.31626,44.29329],[21.31348,44.29455],[21.31181,44.29766],[21.315,44.29869],[21.31471,44.30051],[21.31161,44.29928],[21.30968,44.30478],[21.30404,44.30454],[21.3019,44.30265],[21.30097,44.30388],[21.29851,44.30294],[21.29679,44.30583],[21.29727,44.30111],[21.29092,44.29937],[21.28277,44.30087],[21.28296,44.30254],[21.29339,44.30366],[21.29642,44.30665],[21.29255,44.30986],[21.28863,44.30926],[21.28482,44.31065],[21.28333,44.31188],[21.2853,44.31443],[21.28254,44.31528],[21.28344,44.31681],[21.27954,44.31763],[21.28179,44.31603],[21.28183,44.31369],[21.27746,44.31461],[21.2771,44.31686],[21.28065,44.31894],[21.27848,44.31948],[21.27524,44.31687],[21.27396,44.31771],[21.27225,44.31919],[21.27589,44.32181],[21.2731,44.32227],[21.27026,44.32746],[21.27316,44.33179],[21.27653,44.33323],[21.27773,44.3315],[21.28415,44.33505],[21.28243,44.33632],[21.28361,44.33745],[21.28618,44.3363],[21.28535,44.33732],[21.28877,44.34203],[21.28742,44.34346],[21.29094,44.34816],[21.29299,44.34926],[21.29546,44.3482],[21.30306,44.35454],[21.30203,44.35564],[21.30377,44.35843],[21.30184,44.3605],[21.30297,44.36164],[21.30052,44.36314],[21.30168,44.36409],[21.30074,44.36757],[21.29693,44.37282],[21.29652,44.377],[21.29487,44.37752],[21.29685,44.37856],[21.29476,44.3794],[21.29682,44.38044],[21.29539,44.38302],[21.29719,44.38312],[21.29714,44.38488],[21.29955,44.38391],[21.30044,44.38679],[21.30356,44.38867],[21.30863,44.39569],[21.30732,44.39868],[21.31033,44.40105],[21.30979,44.40828],[21.30794,44.40971],[21.30538,44.40907],[21.30193,44.41193],[21.30392,44.41655],[21.30053,44.41615],[21.29752,44.41829],[21.30026,44.41898],[21.29894,44.42061],[21.3005,44.41911],[21.30276,44.42022],[21.30607,44.41879],[21.30495,44.41971],[21.30655,44.42212],[21.30594,44.42397],[21.30983,44.42534],[21.30497,44.42735],[21.30315,44.42454],[21.29958,44.42754],[21.29669,44.4276],[21.2865,44.43768],[21.29317,44.43957],[21.29143,44.44308],[21.29218,44.44534],[21.29998,44.44597],[21.29846,44.45367],[21.29347,44.45341],[21.28513,44.46045],[21.28081,44.46856],[21.26846,44.47663],[21.26856,44.4815],[21.26355,44.48012],[21.26018,44.48306],[21.26091,44.4804],[21.25578,44.48334],[21.24958,44.49196],[21.24047,44.49753],[21.23795,44.50789],[21.23036,44.51317]]],[[[21.13884,44.33533],[21.13971,44.33826],[21.13665,44.33971],[21.13154,44.33877],[21.12976,44.33628],[21.13335,44.33326],[21.13884,44.33533]]]]}},{"type":"Feature","properties":{"OBJECTID":128,"Value_e":"ŽAGUBICA","Value_sl":"ŽAGUBICA","Value_sc":"ЖАГУБИЦА","Municipality_DOM_ID":"70530","Region_DOM_ID":"10","SHAPE.STArea()":759973271.5723411,"SHAPE.STLength()":158377.21561082985},"geometry":{"type":"Polygon","coordinates":[[[21.67886,44.35268],[21.66431,44.36023],[21.6601,44.35718],[21.65749,44.35865],[21.64593,44.35673],[21.63073,44.35864],[21.63354,44.35669],[21.6344,44.35079],[21.63098,44.34772],[21.62068,44.34473],[21.62082,44.33973],[21.61824,44.33348],[21.61267,44.3323],[21.60732,44.32865],[21.5931,44.32871],[21.58834,44.32572],[21.58364,44.32621],[21.57899,44.32352],[21.58282,44.3181],[21.57962,44.31512],[21.57612,44.31682],[21.57706,44.31891],[21.57287,44.31882],[21.57237,44.32155],[21.57081,44.3218],[21.56986,44.3187],[21.56721,44.31775],[21.56036,44.30875],[21.55753,44.29761],[21.55512,44.29651],[21.55185,44.29061],[21.55297,44.28458],[21.55117,44.28157],[21.55419,44.27984],[21.55192,44.27818],[21.55204,44.27521],[21.53822,44.27643],[21.53513,44.27176],[21.53092,44.27329],[21.52675,44.26555],[21.51894,44.26222],[21.5197,44.25567],[21.52753,44.24656],[21.53105,44.24486],[21.53655,44.24526],[21.54101,44.24294],[21.54659,44.24469],[21.55079,44.23203],[21.54867,44.23007],[21.54711,44.23105],[21.54808,44.22928],[21.54236,44.2244],[21.5326,44.22116],[21.53244,44.2188],[21.52525,44.21813],[21.51409,44.21297],[21.4982,44.21143],[21.49586,44.20879],[21.50536,44.19421],[21.51191,44.18977],[21.52337,44.19303],[21.52413,44.18529],[21.53276,44.17403],[21.5488,44.16455],[21.55103,44.16351],[21.55464,44.16694],[21.55653,44.17173],[21.5613,44.17304],[21.5569,44.16824],[21.55541,44.16386],[21.55136,44.16254],[21.55299,44.15819],[21.55066,44.1556],[21.55422,44.15105],[21.55771,44.14979],[21.55919,44.14599],[21.56395,44.14745],[21.5655,44.14603],[21.57061,44.14611],[21.57228,44.1415],[21.58769,44.13815],[21.60317,44.14245],[21.60391,44.14415],[21.60929,44.1465],[21.61713,44.14322],[21.6202,44.13975],[21.62661,44.14015],[21.63891,44.13704],[21.64895,44.1381],[21.65557,44.13717],[21.66022,44.13435],[21.66791,44.13398],[21.67285,44.13026],[21.67506,44.12668],[21.67575,44.12101],[21.68116,44.11675],[21.68192,44.11356],[21.68738,44.11056],[21.69564,44.10981],[21.70105,44.10718],[21.7127,44.10779],[21.73044,44.11202],[21.74341,44.11252],[21.74847,44.11572],[21.75579,44.1125],[21.75538,44.10847],[21.75785,44.10204],[21.76109,44.10296],[21.76296,44.09936],[21.76804,44.09578],[21.79409,44.09218],[21.79585,44.09773],[21.79976,44.09827],[21.80197,44.10099],[21.8127,44.09598],[21.81874,44.08983],[21.81836,44.08669],[21.822,44.0825],[21.83283,44.09064],[21.84528,44.09542],[21.85801,44.09392],[21.86205,44.09135],[21.86869,44.09194],[21.87305,44.09538],[21.87474,44.09993],[21.88378,44.10483],[21.88539,44.1086],[21.89847,44.1148],[21.90286,44.11886],[21.90836,44.11891],[21.91464,44.12174],[21.9253,44.12232],[21.93619,44.12006],[21.94091,44.12312],[21.95034,44.12216],[21.9565,44.12932],[21.96086,44.12803],[21.96384,44.12955],[21.96654,44.13939],[21.95593,44.14738],[21.9568,44.15071],[21.95337,44.15554],[21.95044,44.16601],[21.95104,44.16721],[21.95293,44.16478],[21.96127,44.16507],[21.96185,44.17036],[21.96649,44.17799],[21.96433,44.1845],[21.96679,44.1887],[21.96755,44.19481],[21.96645,44.19735],[21.96872,44.2011],[21.966,44.20438],[21.96891,44.20467],[21.97014,44.21051],[21.96556,44.21707],[21.958,44.22046],[21.9599,44.22325],[21.95847,44.22667],[21.96338,44.22739],[21.96404,44.23062],[21.96093,44.22934],[21.95353,44.23568],[21.95677,44.23737],[21.95807,44.24099],[21.96575,44.248],[21.96511,44.24966],[21.96195,44.24992],[21.96231,44.25199],[21.94913,44.25271],[21.95073,44.25078],[21.94709,44.25068],[21.94807,44.24849],[21.94337,44.24184],[21.93789,44.24192],[21.93066,44.23677],[21.92804,44.23658],[21.92543,44.23502],[21.92572,44.23207],[21.9103,44.24208],[21.91206,44.24391],[21.91012,44.2462],[21.90674,44.24317],[21.90378,44.24467],[21.90921,44.25429],[21.90604,44.25895],[21.90743,44.26178],[21.90456,44.26456],[21.90271,44.27004],[21.89678,44.27375],[21.89659,44.27527],[21.90205,44.27804],[21.90616,44.2759],[21.9082,44.27853],[21.90446,44.28185],[21.90182,44.28905],[21.89816,44.29112],[21.89894,44.29345],[21.8969,44.30286],[21.90598,44.30201],[21.90612,44.30642],[21.9019,44.30703],[21.89496,44.31246],[21.8746,44.32078],[21.86915,44.32511],[21.86307,44.32512],[21.85869,44.32716],[21.85191,44.32641],[21.84788,44.32246],[21.83866,44.32732],[21.82704,44.32854],[21.81926,44.32651],[21.82078,44.32337],[21.81824,44.31808],[21.80979,44.3156],[21.79932,44.31671],[21.79621,44.32608],[21.78959,44.32448],[21.78624,44.32148],[21.78087,44.32397],[21.76351,44.31863],[21.76141,44.32151],[21.76285,44.32216],[21.76004,44.32498],[21.74717,44.32822],[21.74743,44.32967],[21.74382,44.33088],[21.74323,44.33321],[21.73866,44.3372],[21.73151,44.33944],[21.7233,44.34492],[21.71764,44.34222],[21.71323,44.33747],[21.69696,44.344],[21.6886,44.34554],[21.68072,44.34992],[21.67886,44.35268]]]}},{"type":"Feature","properties":{"OBJECTID":137,"Value_e":"PETROVAC NA MLAVI","Value_sl":"PETROVAC NA MLAVI","Value_sc":"ПЕТРОВАЦ НА МЛАВИ","Municipality_DOM_ID":"70912","Region_DOM_ID":"10","SHAPE.STArea()":654833794.7419467,"SHAPE.STLength()":171142.37548888917},"geometry":{"type":"Polygon","coordinates":[[[21.51201,44.51637],[21.4888,44.51712],[21.47835,44.51219],[21.47592,44.51352],[21.47675,44.51222],[21.47437,44.51028],[21.46935,44.50953],[21.46661,44.51097],[21.46757,44.50919],[21.46644,44.50852],[21.45574,44.51013],[21.456,44.50895],[21.44551,44.50853],[21.44465,44.50201],[21.44114,44.49866],[21.43872,44.49862],[21.44028,44.49554],[21.43653,44.49353],[21.43377,44.49319],[21.43023,44.49683],[21.42837,44.49584],[21.42556,44.49767],[21.41896,44.49695],[21.41774,44.4944],[21.41998,44.49046],[21.41411,44.49064],[21.41294,44.48686],[21.40788,44.48959],[21.40418,44.48707],[21.40615,44.48552],[21.40248,44.48549],[21.40057,44.48278],[21.39703,44.48289],[21.3985,44.48149],[21.39836,44.47979],[21.39527,44.4839],[21.37822,44.47478],[21.34468,44.48191],[21.334,44.48197],[21.33353,44.48006],[21.3305,44.47988],[21.32736,44.48019],[21.32654,44.48221],[21.31952,44.48044],[21.32075,44.47781],[21.3182,44.47685],[21.31962,44.4756],[21.31861,44.47356],[21.31347,44.47161],[21.31535,44.47155],[21.31585,44.46832],[21.31286,44.46618],[21.31873,44.46172],[21.29663,44.45397],[21.29846,44.45367],[21.29968,44.45111],[21.29998,44.44597],[21.29218,44.44534],[21.29143,44.44308],[21.29317,44.43957],[21.2865,44.43768],[21.29669,44.4276],[21.29958,44.42754],[21.30315,44.42454],[21.30497,44.42735],[21.30983,44.42534],[21.30594,44.42397],[21.30655,44.42212],[21.30495,44.41971],[21.30607,44.41879],[21.30276,44.42022],[21.3005,44.41911],[21.29894,44.42061],[21.30026,44.41898],[21.29751,44.41816],[21.30053,44.41615],[21.3043,44.41618],[21.30193,44.41193],[21.30538,44.40907],[21.30794,44.40971],[21.30979,44.40828],[21.31033,44.40105],[21.30732,44.39868],[21.30865,44.39574],[21.3043,44.3896],[21.30044,44.38679],[21.29955,44.38391],[21.29714,44.38488],[21.29719,44.38312],[21.29539,44.38302],[21.29682,44.38044],[21.29476,44.3794],[21.29685,44.37856],[21.29487,44.37752],[21.29652,44.377],[21.29693,44.37282],[21.30074,44.36757],[21.30168,44.36409],[21.30052,44.36314],[21.30297,44.36164],[21.30184,44.3605],[21.30377,44.35843],[21.30203,44.35564],[21.30306,44.35454],[21.29546,44.3482],[21.29299,44.34926],[21.29094,44.34816],[21.28742,44.34346],[21.28877,44.34203],[21.28535,44.33732],[21.28618,44.3363],[21.28361,44.33745],[21.28243,44.33632],[21.28415,44.33505],[21.27773,44.3315],[21.27653,44.33323],[21.27169,44.3307],[21.27038,44.32611],[21.2731,44.32227],[21.27589,44.32181],[21.27225,44.31919],[21.27524,44.31687],[21.27848,44.31948],[21.28065,44.31894],[21.2771,44.31686],[21.27746,44.31461],[21.28183,44.31369],[21.28179,44.31603],[21.27954,44.31763],[21.28344,44.31681],[21.28254,44.31528],[21.2853,44.31443],[21.28333,44.31188],[21.28482,44.31065],[21.28863,44.30926],[21.29255,44.30986],[21.29642,44.30665],[21.29339,44.30366],[21.28296,44.30254],[21.28277,44.30087],[21.29092,44.29937],[21.29727,44.30111],[21.29679,44.30583],[21.29851,44.30294],[21.30097,44.30388],[21.3019,44.30265],[21.30404,44.30454],[21.30968,44.30478],[21.31161,44.29928],[21.31471,44.30051],[21.315,44.29869],[21.31181,44.29766],[21.31348,44.29455],[21.31626,44.29329],[21.31231,44.29032],[21.32076,44.28891],[21.33096,44.28348],[21.33395,44.28367],[21.33859,44.2795],[21.34224,44.2652],[21.34189,44.25622],[21.34838,44.2524],[21.34498,44.24596],[21.34645,44.24567],[21.34634,44.24383],[21.35395,44.24775],[21.36716,44.24663],[21.36826,44.2477],[21.37031,44.24522],[21.37026,44.24251],[21.37764,44.24122],[21.37449,44.24052],[21.37827,44.23941],[21.37425,44.23233],[21.37654,44.23075],[21.37583,44.22833],[21.36746,44.22292],[21.36872,44.22201],[21.36427,44.21936],[21.36569,44.21817],[21.3639,44.2178],[21.36461,44.21606],[21.3625,44.21504],[21.3624,44.21173],[21.35973,44.21053],[21.36082,44.20909],[21.35945,44.20465],[21.36098,44.20358],[21.3634,44.20611],[21.37226,44.20635],[21.37175,44.20796],[21.38,44.20274],[21.38784,44.20425],[21.38899,44.20258],[21.3976,44.20476],[21.40089,44.20389],[21.40415,44.20653],[21.39758,44.21008],[21.39896,44.21175],[21.40482,44.21254],[21.41043,44.21704],[21.41297,44.21486],[21.41519,44.21732],[21.42146,44.21841],[21.42365,44.21574],[21.43524,44.21597],[21.43852,44.21819],[21.43886,44.21642],[21.44882,44.21586],[21.45004,44.21272],[21.45791,44.20974],[21.4645,44.20168],[21.47065,44.20431],[21.47136,44.2012],[21.47271,44.20136],[21.47505,44.20624],[21.48347,44.20464],[21.4852,44.20278],[21.4995,44.20223],[21.49586,44.20879],[21.49731,44.21105],[21.51409,44.21297],[21.52525,44.21813],[21.53244,44.2188],[21.5326,44.22116],[21.54236,44.2244],[21.54808,44.22928],[21.54711,44.23105],[21.54867,44.23007],[21.55082,44.23209],[21.54642,44.24203],[21.54659,44.24469],[21.54101,44.24294],[21.53655,44.24526],[21.53105,44.24486],[21.52753,44.24656],[21.5197,44.25567],[21.51894,44.26222],[21.52675,44.26555],[21.53092,44.27329],[21.53513,44.27176],[21.53822,44.27643],[21.55204,44.27521],[21.55192,44.27818],[21.55419,44.27984],[21.55117,44.28157],[21.55297,44.28458],[21.55185,44.29061],[21.55512,44.29651],[21.55753,44.29761],[21.56036,44.30875],[21.56721,44.31775],[21.56986,44.3187],[21.57139,44.32242],[21.57287,44.31882],[21.57706,44.31891],[21.57612,44.31682],[21.57962,44.31512],[21.58282,44.3181],[21.5794,44.32142],[21.57919,44.32378],[21.58364,44.32621],[21.58834,44.32572],[21.5931,44.32871],[21.60732,44.32865],[21.61267,44.3323],[21.61734,44.33295],[21.62082,44.33973],[21.62068,44.34473],[21.63098,44.34772],[21.6344,44.35079],[21.63354,44.35669],[21.63038,44.35913],[21.62147,44.36005],[21.61109,44.36776],[21.60705,44.37754],[21.60881,44.38624],[21.61226,44.38939],[21.61021,44.39574],[21.60734,44.39828],[21.60132,44.39823],[21.5998,44.40049],[21.59743,44.3992],[21.59386,44.39982],[21.59257,44.40935],[21.58242,44.41785],[21.58318,44.41975],[21.59243,44.41831],[21.59697,44.42156],[21.59592,44.42576],[21.58628,44.43044],[21.58562,44.43354],[21.58111,44.43817],[21.58375,44.43945],[21.58404,44.44128],[21.58163,44.44366],[21.57459,44.44598],[21.57137,44.45211],[21.5723,44.45495],[21.57524,44.45696],[21.57328,44.45921],[21.57468,44.46135],[21.57275,44.46193],[21.57308,44.4686],[21.57768,44.46832],[21.58124,44.47268],[21.58369,44.47293],[21.58441,44.47772],[21.57921,44.47906],[21.56964,44.4866],[21.56131,44.48888],[21.55648,44.48901],[21.55047,44.48676],[21.54719,44.48846],[21.53754,44.48798],[21.52239,44.49305],[21.51788,44.49738],[21.51802,44.50981],[21.51549,44.50932],[21.51685,44.51122],[21.51435,44.51569],[21.51193,44.51471],[21.51201,44.51637]]]}},{"type":"Feature","properties":{"OBJECTID":143,"Value_e":"KUČEVO","Value_sl":"KUČEVO","Value_sc":"КУЧЕВО","Municipality_DOM_ID":"70696","Region_DOM_ID":"10","SHAPE.STArea()":721063548.9358635,"SHAPE.STLength()":174662.5947505911},"geometry":{"type":"Polygon","coordinates":[[[21.73808,44.6211],[21.72997,44.61699],[21.73164,44.61238],[21.73386,44.61119],[21.73121,44.60623],[21.71806,44.59931],[21.71372,44.6],[21.71429,44.59849],[21.70642,44.59483],[21.70237,44.58345],[21.69531,44.58475],[21.65898,44.57399],[21.65932,44.57835],[21.65665,44.57915],[21.65614,44.57747],[21.64971,44.57766],[21.64864,44.57403],[21.64234,44.57096],[21.63766,44.57292],[21.63204,44.57249],[21.63008,44.57033],[21.62436,44.56924],[21.61783,44.57244],[21.61034,44.57311],[21.60346,44.57696],[21.60429,44.57867],[21.59876,44.58007],[21.59176,44.58575],[21.59133,44.58895],[21.58022,44.58795],[21.57321,44.59196],[21.5706,44.58547],[21.5603,44.58097],[21.55922,44.57744],[21.55239,44.57164],[21.54702,44.56901],[21.54206,44.56933],[21.54304,44.57455],[21.54067,44.57665],[21.54091,44.57925],[21.53886,44.58027],[21.54174,44.58656],[21.53988,44.59076],[21.54368,44.58989],[21.54725,44.59205],[21.55961,44.59281],[21.5637,44.59537],[21.56113,44.599],[21.56029,44.59399],[21.55385,44.59452],[21.54608,44.5977],[21.54915,44.60096],[21.54635,44.60134],[21.54521,44.59849],[21.54286,44.60048],[21.54018,44.59817],[21.53674,44.59778],[21.53558,44.59438],[21.5326,44.59311],[21.52976,44.59256],[21.53032,44.59395],[21.5272,44.59495],[21.52067,44.59379],[21.51023,44.58859],[21.50328,44.58975],[21.50568,44.58724],[21.49964,44.58442],[21.50202,44.58212],[21.49805,44.57914],[21.49998,44.57767],[21.49878,44.57401],[21.49653,44.57314],[21.48773,44.57599],[21.48579,44.57506],[21.48813,44.57418],[21.48175,44.57017],[21.48508,44.56875],[21.48468,44.56741],[21.48178,44.56828],[21.4796,44.56595],[21.48121,44.56499],[21.47912,44.56352],[21.48091,44.56023],[21.47839,44.55699],[21.47443,44.55746],[21.4716,44.55141],[21.47398,44.55077],[21.47274,44.54965],[21.47386,44.54844],[21.48306,44.54398],[21.48663,44.53881],[21.50159,44.53435],[21.50105,44.53334],[21.50632,44.52959],[21.50827,44.52346],[21.51266,44.51762],[21.50983,44.51622],[21.51201,44.51637],[21.51193,44.51471],[21.51435,44.51569],[21.51685,44.51122],[21.51549,44.50932],[21.51802,44.50981],[21.51788,44.49738],[21.52239,44.49305],[21.53754,44.48798],[21.54719,44.48846],[21.55047,44.48676],[21.55648,44.48901],[21.56131,44.48888],[21.56964,44.4866],[21.57921,44.47906],[21.58441,44.47772],[21.58369,44.47293],[21.58124,44.47268],[21.57768,44.46832],[21.57308,44.4686],[21.57275,44.46193],[21.57468,44.46135],[21.57328,44.45921],[21.57524,44.45696],[21.57115,44.45348],[21.57174,44.45085],[21.57459,44.44598],[21.58163,44.44366],[21.58404,44.44128],[21.58375,44.43945],[21.5809,44.43852],[21.58562,44.43354],[21.58628,44.43044],[21.59592,44.42576],[21.59697,44.42156],[21.59574,44.41975],[21.59123,44.41819],[21.58318,44.41975],[21.58242,44.41785],[21.59257,44.40935],[21.59386,44.39982],[21.59743,44.3992],[21.5998,44.40049],[21.60132,44.39823],[21.60734,44.39828],[21.61049,44.39536],[21.61226,44.38939],[21.60881,44.38624],[21.60705,44.37754],[21.61133,44.36743],[21.62147,44.36005],[21.64593,44.35673],[21.6567,44.35867],[21.66207,44.3575],[21.66179,44.35927],[21.66451,44.36019],[21.67256,44.35682],[21.6886,44.34554],[21.69696,44.344],[21.71323,44.33747],[21.71764,44.34222],[21.7233,44.34492],[21.73151,44.33944],[21.73866,44.3372],[21.74323,44.33321],[21.74382,44.33088],[21.74743,44.32967],[21.74717,44.32822],[21.76004,44.32498],[21.76285,44.32216],[21.76141,44.32151],[21.76351,44.31863],[21.78087,44.32397],[21.78624,44.32148],[21.78959,44.32448],[21.79621,44.32608],[21.79926,44.31677],[21.80099,44.31585],[21.81602,44.31676],[21.81853,44.31843],[21.82078,44.32349],[21.81701,44.3284],[21.81584,44.33284],[21.82488,44.34615],[21.82268,44.34804],[21.82237,44.35255],[21.81619,44.35982],[21.80936,44.36144],[21.80029,44.36821],[21.80757,44.37538],[21.80745,44.37894],[21.81146,44.38492],[21.81113,44.38869],[21.81301,44.39137],[21.81747,44.39119],[21.82517,44.39512],[21.82913,44.40207],[21.82934,44.40577],[21.83538,44.40802],[21.83718,44.41218],[21.8316,44.41444],[21.83828,44.41829],[21.83959,44.42295],[21.84834,44.42417],[21.85244,44.42684],[21.85741,44.42685],[21.86067,44.43064],[21.86207,44.42871],[21.86132,44.42255],[21.85532,44.4223],[21.85221,44.42051],[21.85918,44.41736],[21.86782,44.42318],[21.8746,44.4297],[21.8733,44.43553],[21.87424,44.43839],[21.8815,44.43711],[21.88253,44.43818],[21.8841,44.44399],[21.88246,44.44747],[21.88283,44.45331],[21.89098,44.45326],[21.8957,44.45063],[21.92052,44.44821],[21.92709,44.45044],[21.92905,44.45346],[21.92538,44.46042],[21.92925,44.46257],[21.92886,44.46788],[21.93343,44.47241],[21.93221,44.47611],[21.92501,44.47896],[21.92491,44.48299],[21.93043,44.48861],[21.92983,44.49066],[21.9348,44.49357],[21.93324,44.49635],[21.9352,44.49812],[21.93532,44.50525],[21.94035,44.51324],[21.94799,44.51563],[21.94953,44.52273],[21.94531,44.5309],[21.93926,44.53124],[21.9397,44.54076],[21.9374,44.5396],[21.92993,44.5403],[21.92353,44.54564],[21.92255,44.54815],[21.91128,44.55049],[21.90791,44.55984],[21.89648,44.55958],[21.88975,44.56304],[21.88877,44.56647],[21.89028,44.5736],[21.88915,44.57486],[21.88412,44.57606],[21.87356,44.57243],[21.87091,44.57462],[21.86075,44.57749],[21.84856,44.57484],[21.84452,44.57758],[21.83513,44.57927],[21.83705,44.58233],[21.83638,44.58633],[21.82615,44.58796],[21.81627,44.58475],[21.81191,44.58534],[21.80571,44.58758],[21.80356,44.59381],[21.80542,44.59579],[21.80502,44.59806],[21.80856,44.60071],[21.80671,44.6021],[21.8099,44.60721],[21.80933,44.60849],[21.79784,44.61177],[21.79433,44.615],[21.79016,44.6143],[21.78813,44.61054],[21.77969,44.61115],[21.77223,44.61759],[21.76525,44.61682],[21.75632,44.61305],[21.74938,44.61396],[21.74721,44.61292],[21.74402,44.61504],[21.74046,44.61372],[21.73526,44.61655],[21.73808,44.6211]]]}},{"type":"Feature","properties":{"OBJECTID":144,"Value_e":"MALO CRNIĆE","Value_sl":"MALO CRNIĆE","Value_sc":"МАЛО ЦРНИЋЕ","Municipality_DOM_ID":"70807","Region_DOM_ID":"10","SHAPE.STArea()":269315159.3396825,"SHAPE.STLength()":106664.03153514609},"geometry":{"type":"Polygon","coordinates":[[[21.3934,44.64207],[21.38666,44.64394],[21.38628,44.64089],[21.38385,44.64249],[21.38179,44.64088],[21.38374,44.63922],[21.38131,44.63808],[21.38143,44.63653],[21.37686,44.63664],[21.37544,44.63441],[21.37657,44.63395],[21.37161,44.63118],[21.37173,44.62918],[21.36139,44.62621],[21.3578,44.62351],[21.32359,44.62203],[21.3138,44.62419],[21.31343,44.62292],[21.30747,44.62437],[21.30683,44.62333],[21.29655,44.62618],[21.29694,44.62117],[21.29557,44.6212],[21.29569,44.61728],[21.29368,44.6165],[21.2925,44.61256],[21.29532,44.61155],[21.29414,44.6094],[21.29921,44.60505],[21.29585,44.59989],[21.29748,44.59876],[21.29548,44.5973],[21.27588,44.59706],[21.26648,44.59507],[21.26618,44.59339],[21.25399,44.59199],[21.24991,44.59326],[21.24723,44.59242],[21.23716,44.5956],[21.22548,44.59114],[21.22321,44.59222],[21.21505,44.58726],[21.22354,44.58449],[21.22765,44.57897],[21.23425,44.57909],[21.2353,44.5811],[21.23726,44.58017],[21.23611,44.57173],[21.23184,44.5715],[21.23034,44.56773],[21.23706,44.56566],[21.24958,44.56593],[21.24738,44.56246],[21.23799,44.56303],[21.23678,44.56039],[21.22096,44.56106],[21.21853,44.55323],[21.22042,44.5471],[21.21136,44.53101],[21.21936,44.52628],[21.221,44.51798],[21.23795,44.50789],[21.24047,44.49753],[21.24958,44.49196],[21.25578,44.48334],[21.26079,44.48045],[21.26018,44.48306],[21.26355,44.48012],[21.26856,44.4815],[21.26854,44.47654],[21.28081,44.46856],[21.28513,44.46045],[21.29347,44.45341],[21.29951,44.45427],[21.31037,44.45965],[21.31873,44.46172],[21.31286,44.46618],[21.31585,44.46832],[21.31535,44.47155],[21.31347,44.47161],[21.31861,44.47356],[21.31962,44.4756],[21.3182,44.47685],[21.32075,44.47781],[21.31952,44.48044],[21.32654,44.48221],[21.32736,44.48019],[21.3305,44.47988],[21.33353,44.48006],[21.334,44.48197],[21.34468,44.48191],[21.37822,44.47478],[21.39527,44.4839],[21.39836,44.47979],[21.39703,44.48289],[21.40057,44.48278],[21.40248,44.48549],[21.40615,44.48552],[21.40418,44.48707],[21.40788,44.48959],[21.41294,44.48686],[21.41411,44.49064],[21.41998,44.49046],[21.41774,44.4944],[21.41896,44.49695],[21.42556,44.49767],[21.42837,44.49584],[21.43023,44.49683],[21.43377,44.49319],[21.43653,44.49353],[21.44028,44.49554],[21.43872,44.49862],[21.44114,44.49866],[21.44465,44.50201],[21.44551,44.50853],[21.456,44.50895],[21.45574,44.51013],[21.46644,44.50852],[21.46757,44.50919],[21.46661,44.51097],[21.46935,44.50953],[21.47437,44.51028],[21.47675,44.51222],[21.47592,44.51352],[21.47835,44.51219],[21.4888,44.51712],[21.50832,44.51612],[21.51266,44.51762],[21.50827,44.52346],[21.50632,44.52959],[21.50105,44.53334],[21.50159,44.53435],[21.48663,44.53881],[21.48132,44.54501],[21.47156,44.54949],[21.467,44.54903],[21.46783,44.54992],[21.46259,44.55249],[21.45881,44.55337],[21.45387,44.55023],[21.44847,44.55115],[21.44848,44.55507],[21.43407,44.56067],[21.42981,44.56534],[21.43041,44.56649],[21.42414,44.57157],[21.42336,44.57282],[21.42466,44.57322],[21.42015,44.57801],[21.4209,44.57887],[21.41613,44.58203],[21.41799,44.58315],[21.41595,44.58519],[21.41366,44.58479],[21.41259,44.58852],[21.41512,44.59228],[21.41397,44.59271],[21.41461,44.59465],[21.41726,44.59417],[21.41721,44.59603],[21.41484,44.59667],[21.41738,44.59854],[21.42186,44.59727],[21.41933,44.6],[21.42669,44.60478],[21.42596,44.61079],[21.42735,44.61073],[21.42759,44.61701],[21.42032,44.61802],[21.42182,44.62037],[21.41668,44.62647],[21.40647,44.62981],[21.40666,44.63375],[21.40815,44.6338],[21.40792,44.63933],[21.40571,44.636],[21.40458,44.63906],[21.40174,44.639],[21.40052,44.63727],[21.3934,44.64207]]]}},{"type":"Feature","properties":{"OBJECTID":150,"Value_e":"GOLUBAC","Value_sl":"GOLUBAC","Value_sc":"ГОЛУБАЦ","Municipality_DOM_ID":"70475","Region_DOM_ID":"10","SHAPE.STArea()":367882733.54885703,"SHAPE.STLength()":153768.996759891},"geometry":{"type":"Polygon","coordinates":[[[21.61082,44.69898],[21.61538,44.71477],[21.61046,44.72892],[21.60352,44.74019],[21.59754,44.73826],[21.60074,44.73416],[21.59992,44.73161],[21.58652,44.72607],[21.58589,44.71977],[21.57937,44.7177],[21.57591,44.71926],[21.57629,44.71659],[21.57317,44.71211],[21.54758,44.71851],[21.54342,44.71425],[21.54134,44.71502],[21.5405,44.71317],[21.53907,44.71339],[21.5391,44.71153],[21.52706,44.70719],[21.52665,44.70478],[21.5303,44.7035],[21.52802,44.70323],[21.52645,44.70078],[21.52986,44.69911],[21.52796,44.69742],[21.52808,44.69502],[21.53138,44.69392],[21.52893,44.6929],[21.52943,44.69118],[21.52685,44.69063],[21.52633,44.68854],[21.52192,44.68832],[21.52085,44.68728],[21.52221,44.68608],[21.51769,44.68516],[21.5149,44.67749],[21.51231,44.67813],[21.50949,44.67465],[21.51023,44.67377],[21.5041,44.67079],[21.50243,44.66751],[21.50456,44.66674],[21.50015,44.66184],[21.50243,44.6611],[21.49961,44.656],[21.50677,44.65317],[21.5115,44.65312],[21.50868,44.64944],[21.50884,44.64434],[21.50593,44.64156],[21.50737,44.64125],[21.50522,44.63642],[21.5054,44.63196],[21.50847,44.62204],[21.51362,44.62041],[21.51105,44.61641],[21.51203,44.61394],[21.50894,44.6127],[21.51061,44.6105],[21.50864,44.60981],[21.51016,44.60956],[21.50609,44.60911],[21.50581,44.60429],[21.49993,44.59977],[21.49516,44.59832],[21.4968,44.59621],[21.50051,44.59285],[21.50395,44.59234],[21.5025,44.59093],[21.50408,44.58954],[21.50795,44.58823],[21.50854,44.5896],[21.51095,44.58883],[21.52067,44.59379],[21.5272,44.59495],[21.53032,44.59395],[21.52976,44.59256],[21.5326,44.59311],[21.53558,44.59438],[21.53674,44.59778],[21.54018,44.59817],[21.54286,44.60048],[21.54583,44.59883],[21.54635,44.60134],[21.54919,44.60093],[21.54608,44.5977],[21.55429,44.59441],[21.56029,44.59399],[21.56161,44.59875],[21.5637,44.59537],[21.56014,44.59299],[21.54725,44.59205],[21.54368,44.58989],[21.54142,44.5913],[21.53968,44.59047],[21.54174,44.58656],[21.53886,44.58027],[21.54091,44.57925],[21.54067,44.57665],[21.54304,44.57455],[21.54198,44.56969],[21.54356,44.56899],[21.54989,44.5701],[21.55922,44.57744],[21.5603,44.58097],[21.57013,44.58502],[21.57321,44.59196],[21.58022,44.58795],[21.59133,44.58895],[21.59262,44.58644],[21.59146,44.58603],[21.59876,44.58007],[21.60429,44.57867],[21.60346,44.57696],[21.60582,44.57543],[21.62436,44.56924],[21.63008,44.57033],[21.63204,44.57249],[21.63766,44.57292],[21.64243,44.57097],[21.64864,44.57403],[21.64971,44.57766],[21.65614,44.57747],[21.65665,44.57915],[21.65932,44.57835],[21.65898,44.57399],[21.69531,44.58475],[21.70237,44.58345],[21.70642,44.59483],[21.71429,44.59849],[21.71372,44.6],[21.71806,44.59931],[21.73121,44.60623],[21.73386,44.61119],[21.73164,44.61238],[21.72997,44.61699],[21.73624,44.62125],[21.73808,44.6211],[21.73581,44.61596],[21.74142,44.61359],[21.74402,44.61504],[21.74721,44.61292],[21.74938,44.61396],[21.75632,44.61305],[21.76525,44.61682],[21.77223,44.61759],[21.77969,44.61115],[21.78528,44.61028],[21.78828,44.61059],[21.79016,44.6143],[21.79461,44.61497],[21.79784,44.61177],[21.81006,44.60759],[21.80671,44.6021],[21.80856,44.60071],[21.80502,44.59806],[21.80542,44.59579],[21.80355,44.59414],[21.80571,44.58758],[21.81512,44.58472],[21.8259,44.58795],[21.83638,44.58633],[21.83705,44.58233],[21.83513,44.57927],[21.84452,44.57758],[21.84856,44.57484],[21.86075,44.57749],[21.87091,44.57462],[21.87356,44.57243],[21.88412,44.57606],[21.88874,44.57504],[21.89028,44.5736],[21.88877,44.56647],[21.88975,44.56304],[21.89648,44.55958],[21.90791,44.55984],[21.91106,44.55063],[21.92255,44.54815],[21.92353,44.54564],[21.92993,44.5403],[21.9374,44.5396],[21.94492,44.54235],[21.95093,44.54179],[21.95634,44.54515],[21.96204,44.54485],[21.96673,44.54717],[21.97239,44.54511],[21.97346,44.55034],[21.96589,44.553],[21.96589,44.55681],[21.97864,44.56303],[21.97969,44.56868],[21.98744,44.57307],[21.9885,44.58421],[21.99695,44.58553],[22.00448,44.59535],[22.01295,44.6028],[22.00413,44.60825],[21.99924,44.62765],[21.99289,44.63274],[21.95072,44.63515],[21.91742,44.64747],[21.89302,44.64499],[21.84198,44.65432],[21.82538,44.6506],[21.81459,44.6506],[21.80818,44.65289],[21.79875,44.66188],[21.79174,44.66407],[21.72878,44.65349],[21.7162,44.65444],[21.69803,44.66314],[21.68907,44.66527],[21.67298,44.66457],[21.64471,44.65947],[21.63709,44.65973],[21.62413,44.66545],[21.61817,44.67148],[21.6116,44.68633],[21.61082,44.69898]]]}},{"type":"Feature","properties":{"OBJECTID":154,"Value_e":"POŽAREVAC-GRAD","Value_sl":"POŽAREVAC-GRAD","Value_sc":"ПОЖАРЕВАЦ-ГРАД","Municipality_DOM_ID":"70947","Region_DOM_ID":"10","SHAPE.STArea()":483900172.3319538,"SHAPE.STLength()":189775.59537069304},"geometry":{"type":"Polygon","coordinates":[[[21.32336,44.80137],[21.30559,44.81206],[21.28919,44.80741],[21.25956,44.79234],[21.21755,44.78352],[21.19824,44.76887],[21.17937,44.76501],[21.16506,44.75584],[21.16287,44.74844],[21.14911,44.73852],[21.12841,44.7356],[21.11911,44.73185],[21.10817,44.73134],[21.07573,44.7188],[21.0521,44.71654],[21.03746,44.71815],[21.03261,44.71298],[21.02424,44.70993],[21.02418,44.70442],[21.03139,44.70208],[21.03319,44.70938],[21.03645,44.70867],[21.03996,44.71005],[21.04083,44.70625],[21.03321,44.70246],[21.03201,44.69891],[21.04408,44.70447],[21.04423,44.71052],[21.04538,44.71078],[21.04874,44.70662],[21.04377,44.70158],[21.04396,44.69952],[21.05514,44.69725],[21.05276,44.69312],[21.04596,44.69541],[21.03937,44.69254],[21.03861,44.69053],[21.04235,44.68536],[21.04001,44.68149],[21.02719,44.68217],[21.02213,44.67892],[21.02222,44.67567],[21.02606,44.67259],[21.04136,44.67491],[21.04858,44.66423],[21.04446,44.66261],[21.04075,44.66739],[21.03697,44.66877],[21.03165,44.66819],[21.02801,44.66592],[21.02808,44.66307],[21.03069,44.65981],[21.03925,44.65735],[21.04593,44.6536],[21.0476,44.65104],[21.04368,44.64706],[21.03604,44.64559],[21.03699,44.64057],[21.04524,44.63724],[21.04977,44.64247],[21.06185,44.64479],[21.06215,44.64227],[21.05339,44.64071],[21.0498,44.63612],[21.05023,44.63228],[21.05478,44.63208],[21.05739,44.6367],[21.06208,44.63632],[21.06516,44.63349],[21.06333,44.62666],[21.06625,44.6249],[21.07179,44.62609],[21.07328,44.6315],[21.0754,44.63262],[21.08283,44.63226],[21.08873,44.62843],[21.08757,44.62507],[21.08175,44.62236],[21.08124,44.61739],[21.07328,44.61749],[21.06976,44.61424],[21.06602,44.61844],[21.06185,44.6195],[21.05767,44.61705],[21.05818,44.61459],[21.0645,44.61282],[21.06635,44.60824],[21.0687,44.60676],[21.07184,44.60786],[21.07491,44.61169],[21.08863,44.61319],[21.08909,44.61112],[21.08749,44.60934],[21.07629,44.61064],[21.07373,44.60749],[21.0772,44.60416],[21.08676,44.60072],[21.08644,44.59175],[21.09408,44.58702],[21.10009,44.58764],[21.10502,44.59333],[21.11417,44.59529],[21.11734,44.59306],[21.11555,44.5884],[21.11734,44.58562],[21.14406,44.58555],[21.14844,44.5828],[21.14838,44.58056],[21.14614,44.57864],[21.13732,44.57987],[21.13853,44.57019],[21.13218,44.56997],[21.1282,44.56702],[21.13296,44.55647],[21.13896,44.55078],[21.14038,44.54796],[21.13956,44.5454],[21.1361,44.54441],[21.12867,44.54826],[21.12364,44.54894],[21.11804,44.54622],[21.11959,44.54409],[21.12646,44.54127],[21.13091,44.53461],[21.13468,44.53268],[21.13791,44.53216],[21.14089,44.53372],[21.1409,44.5408],[21.14219,44.54217],[21.1467,44.54211],[21.15162,44.53975],[21.14331,44.52727],[21.13921,44.52629],[21.13356,44.52939],[21.1295,44.52793],[21.12894,44.5219],[21.12715,44.52109],[21.12636,44.51808],[21.12715,44.5158],[21.13044,44.51453],[21.13851,44.51533],[21.14403,44.5134],[21.14518,44.51017],[21.14381,44.50152],[21.15396,44.49791],[21.15507,44.4995],[21.15901,44.49945],[21.1588,44.50202],[21.16106,44.50475],[21.16874,44.50183],[21.16944,44.50454],[21.1737,44.50398],[21.17436,44.50659],[21.18575,44.50514],[21.18627,44.50715],[21.19117,44.50696],[21.19258,44.5055],[21.20452,44.50532],[21.20455,44.50778],[21.21254,44.50781],[21.21255,44.5093],[21.22903,44.51411],[21.22044,44.51849],[21.21936,44.52628],[21.21122,44.53136],[21.22042,44.5471],[21.21853,44.55323],[21.21954,44.55823],[21.22096,44.56106],[21.2334,44.56003],[21.23712,44.5605],[21.23799,44.56303],[21.24738,44.56246],[21.24958,44.56593],[21.23706,44.56566],[21.23034,44.56773],[21.23184,44.5715],[21.23611,44.57173],[21.23726,44.58017],[21.2353,44.5811],[21.23425,44.57909],[21.22765,44.57897],[21.22354,44.58449],[21.21513,44.58714],[21.21809,44.59012],[21.22321,44.59222],[21.22548,44.59114],[21.23716,44.5956],[21.24723,44.59242],[21.24991,44.59326],[21.25399,44.59199],[21.26618,44.59339],[21.26648,44.59507],[21.27588,44.59706],[21.29548,44.5973],[21.29748,44.59876],[21.29585,44.59989],[21.29921,44.60505],[21.29414,44.6094],[21.29532,44.61155],[21.2925,44.61256],[21.29368,44.6165],[21.29569,44.61728],[21.29557,44.6212],[21.29694,44.62117],[21.29655,44.62618],[21.30683,44.62333],[21.30747,44.62437],[21.31343,44.62292],[21.3138,44.62419],[21.32359,44.62203],[21.3578,44.62351],[21.36139,44.62621],[21.37173,44.62918],[21.37161,44.63118],[21.37657,44.63395],[21.37544,44.63441],[21.37686,44.63664],[21.38143,44.63653],[21.38131,44.63808],[21.38374,44.63922],[21.38179,44.64088],[21.38385,44.64249],[21.38628,44.64089],[21.38666,44.64394],[21.3914,44.64265],[21.39148,44.64694],[21.38896,44.64707],[21.39032,44.65045],[21.38019,44.6563],[21.37723,44.65885],[21.37735,44.66084],[21.35866,44.65753],[21.32821,44.67016],[21.2756,44.68188],[21.27502,44.68539],[21.27879,44.68658],[21.28055,44.68941],[21.2772,44.69089],[21.28305,44.69042],[21.28125,44.6911],[21.28207,44.6924],[21.27878,44.69299],[21.27927,44.69666],[21.28335,44.69634],[21.28414,44.69836],[21.28832,44.69981],[21.28962,44.7029],[21.28682,44.70451],[21.27171,44.70529],[21.27283,44.71096],[21.27703,44.71002],[21.27811,44.71319],[21.29221,44.71777],[21.29252,44.71906],[21.31143,44.72269],[21.31494,44.72582],[21.32662,44.73011],[21.32495,44.73177],[21.32881,44.73541],[21.3309,44.73488],[21.33353,44.74155],[21.33971,44.73874],[21.33935,44.74188],[21.34162,44.74173],[21.34274,44.74434],[21.34969,44.74426],[21.35143,44.74807],[21.35091,44.75002],[21.35206,44.7503],[21.34671,44.75739],[21.343,44.75666],[21.34061,44.75817],[21.34199,44.76101],[21.34596,44.76062],[21.34486,44.76117],[21.34939,44.76304],[21.34529,44.76465],[21.34655,44.76625],[21.34194,44.77012],[21.34346,44.77038],[21.34202,44.77161],[21.34925,44.7732],[21.34657,44.77788],[21.3453,44.78866],[21.33679,44.79055],[21.3397,44.79444],[21.32951,44.79915],[21.32716,44.79817],[21.32841,44.79964],[21.32742,44.80115],[21.32632,44.79964],[21.32209,44.79953],[21.32336,44.80137]]]}},{"type":"Feature","properties":{"OBJECTID":158,"Value_e":"VELIKO GRADIŠTE","Value_sl":"VELIKO GRADIŠTE","Value_sc":"ВЕЛИКО ГРАДИШТЕ","Municipality_DOM_ID":"70394","Region_DOM_ID":"10","SHAPE.STArea()":343420732.67716306,"SHAPE.STLength()":135413.65722517754},"geometry":{"type":"Polygon","coordinates":[[[21.38671,44.80096],[21.3823,44.8092],[21.37556,44.81514],[21.36546,44.81995],[21.3546,44.8227],[21.32957,44.82064],[21.30559,44.81206],[21.32369,44.80161],[21.32209,44.79953],[21.32632,44.79964],[21.32742,44.80115],[21.32841,44.79964],[21.32716,44.79817],[21.32951,44.79915],[21.3397,44.79444],[21.33679,44.79055],[21.3453,44.78866],[21.34657,44.77788],[21.34925,44.7732],[21.34202,44.77161],[21.34346,44.77038],[21.34194,44.77012],[21.34655,44.76625],[21.34529,44.76465],[21.34939,44.76304],[21.34486,44.76117],[21.34596,44.76062],[21.34199,44.76101],[21.34061,44.75817],[21.343,44.75666],[21.34671,44.75739],[21.35206,44.7503],[21.34969,44.74426],[21.34274,44.74434],[21.34162,44.74173],[21.33935,44.74188],[21.33971,44.73874],[21.33353,44.74155],[21.3309,44.73488],[21.32881,44.73541],[21.32495,44.73177],[21.32662,44.73011],[21.31494,44.72582],[21.31112,44.72257],[21.29252,44.71906],[21.29221,44.71777],[21.27811,44.71319],[21.27703,44.71002],[21.27283,44.71096],[21.27171,44.70529],[21.28682,44.70451],[21.28962,44.7029],[21.28832,44.69981],[21.28414,44.69836],[21.28335,44.69634],[21.27927,44.69666],[21.27878,44.69299],[21.28207,44.6924],[21.28125,44.6911],[21.28305,44.69042],[21.2772,44.69089],[21.28055,44.68941],[21.27879,44.68658],[21.27502,44.68539],[21.2756,44.68188],[21.32821,44.67016],[21.35866,44.65753],[21.37742,44.66081],[21.37723,44.65885],[21.38019,44.6563],[21.39032,44.65045],[21.38896,44.64707],[21.39148,44.64694],[21.3914,44.64265],[21.38919,44.64271],[21.3934,44.64207],[21.40052,44.63727],[21.40174,44.639],[21.40458,44.63906],[21.40571,44.636],[21.40792,44.63933],[21.40815,44.6338],[21.40666,44.63375],[21.40647,44.62981],[21.41668,44.62647],[21.42182,44.62037],[21.42032,44.61802],[21.42759,44.61701],[21.42735,44.61073],[21.42596,44.61079],[21.42669,44.60478],[21.41933,44.6],[21.42186,44.59727],[21.41738,44.59854],[21.41484,44.59667],[21.41721,44.59603],[21.41726,44.59417],[21.41461,44.59465],[21.41397,44.59271],[21.41512,44.59228],[21.41259,44.58852],[21.41369,44.58476],[21.41595,44.58519],[21.41799,44.58315],[21.41613,44.58203],[21.42111,44.57861],[21.42015,44.57801],[21.42461,44.57331],[21.42336,44.57282],[21.42548,44.56997],[21.42653,44.57049],[21.43041,44.56649],[21.42981,44.56534],[21.43407,44.56067],[21.44848,44.55507],[21.44847,44.55115],[21.45387,44.55023],[21.45881,44.55337],[21.46783,44.54992],[21.467,44.54903],[21.47156,44.54949],[21.47342,44.54817],[21.47398,44.55077],[21.47159,44.55151],[21.47311,44.55274],[21.4727,44.55538],[21.47531,44.55813],[21.47839,44.55699],[21.48091,44.56023],[21.47913,44.56328],[21.48121,44.56499],[21.47959,44.5659],[21.48036,44.56726],[21.48468,44.56741],[21.48508,44.56875],[21.48176,44.56996],[21.48235,44.5715],[21.4865,44.57253],[21.48813,44.57418],[21.48579,44.57506],[21.48773,44.57599],[21.49653,44.57314],[21.49849,44.57382],[21.49998,44.57767],[21.49805,44.57914],[21.50202,44.58212],[21.49964,44.58442],[21.50568,44.58724],[21.5025,44.59093],[21.50395,44.59234],[21.50051,44.59285],[21.49516,44.59832],[21.49993,44.59977],[21.50581,44.60429],[21.50515,44.60529],[21.50666,44.60571],[21.5053,44.60692],[21.50681,44.60803],[21.50563,44.60876],[21.51016,44.60956],[21.50864,44.60981],[21.51061,44.6105],[21.50911,44.61316],[21.51259,44.61504],[21.51105,44.61641],[21.51362,44.62041],[21.50847,44.62204],[21.50522,44.63642],[21.50737,44.64125],[21.50593,44.64156],[21.50884,44.64434],[21.50868,44.64944],[21.5115,44.65312],[21.50677,44.65317],[21.49961,44.656],[21.50243,44.6611],[21.50015,44.66184],[21.50456,44.66674],[21.50243,44.66751],[21.5041,44.67079],[21.51023,44.67377],[21.50949,44.67465],[21.51231,44.67813],[21.5149,44.67749],[21.51769,44.68516],[21.52221,44.68608],[21.52085,44.68728],[21.52192,44.68832],[21.52633,44.68854],[21.52685,44.69063],[21.52943,44.69118],[21.52893,44.6929],[21.53138,44.69392],[21.52808,44.69502],[21.52796,44.69742],[21.52986,44.69911],[21.52645,44.70078],[21.52802,44.70323],[21.5303,44.7035],[21.52665,44.70478],[21.52687,44.707],[21.5391,44.71153],[21.53907,44.71339],[21.5405,44.71317],[21.54134,44.71502],[21.54342,44.71425],[21.54758,44.71851],[21.57317,44.71211],[21.57629,44.71659],[21.57591,44.71926],[21.57937,44.7177],[21.58589,44.71977],[21.58652,44.72607],[21.59992,44.73161],[21.60074,44.73416],[21.59754,44.73826],[21.60352,44.74019],[21.59154,44.75558],[21.58614,44.75935],[21.56427,44.76704],[21.54016,44.77206],[21.53104,44.77286],[21.50426,44.77113],[21.45988,44.77691],[21.42089,44.77339],[21.40336,44.77653],[21.39542,44.78003],[21.39102,44.78463],[21.38671,44.80096]]]}},{"type":"Feature","properties":{"OBJECTID":93,"Value_e":"KNJAŽEVAC","Value_sl":"KNJAŽEVAC","Value_sc":"КЊАЖЕВАЦ","Municipality_DOM_ID":"70602","Region_DOM_ID":"11","SHAPE.STArea()":1202431644.2671206,"SHAPE.STLength()":245097.69526534167},"geometry":{"type":"Polygon","coordinates":[[[22.1679,43.73004],[22.14952,43.73208],[22.14765,43.72929],[22.14964,43.72629],[22.14993,43.72127],[22.15243,43.71833],[22.15059,43.71706],[22.13597,43.71492],[22.12849,43.71206],[22.10273,43.71102],[22.09453,43.71462],[22.08855,43.71007],[22.07349,43.71357],[22.07009,43.71291],[22.06598,43.7156],[22.06297,43.72141],[22.05931,43.72351],[22.055,43.72347],[22.04905,43.72974],[22.04267,43.72862],[22.03433,43.73091],[22.03421,43.72719],[22.03166,43.72385],[22.03316,43.71778],[22.02411,43.71109],[22.02481,43.70576],[22.0453,43.69883],[22.06038,43.68769],[22.0614,43.68288],[22.05958,43.67666],[22.06089,43.67162],[22.0531,43.66209],[22.05833,43.65808],[22.05859,43.65469],[22.06801,43.64035],[22.06689,43.63796],[22.06376,43.63926],[22.06234,43.63812],[22.06383,43.63293],[22.06094,43.62824],[22.06306,43.62804],[22.05866,43.62614],[22.05862,43.62043],[22.06814,43.61701],[22.07884,43.60952],[22.08552,43.60692],[22.08801,43.60745],[22.09337,43.60413],[22.08967,43.59852],[22.08336,43.59943],[22.08088,43.59624],[22.07366,43.59726],[22.07169,43.59553],[22.06312,43.59429],[22.05014,43.606],[22.04382,43.60738],[22.04081,43.60216],[22.03929,43.6022],[22.0395,43.6039],[22.03602,43.60399],[22.03574,43.60537],[22.01035,43.59233],[22.00662,43.58017],[21.99416,43.5689],[21.99567,43.56549],[22.00112,43.56628],[22.00618,43.56495],[22.01084,43.5603],[22.01147,43.55608],[22.02797,43.5552],[22.03495,43.55025],[22.02677,43.54259],[22.02663,43.53713],[22.02262,43.53069],[22.02596,43.5291],[22.0273,43.53038],[22.02774,43.52743],[22.03751,43.5251],[22.04086,43.52263],[22.0448,43.51627],[22.04481,43.5106],[22.04902,43.5097],[22.05353,43.50538],[22.05489,43.50616],[22.0632,43.49941],[22.07497,43.50615],[22.07442,43.50784],[22.07626,43.50948],[22.09514,43.50002],[22.10419,43.50122],[22.10326,43.49848],[22.11407,43.49201],[22.12794,43.49094],[22.13232,43.48571],[22.13143,43.48418],[22.13272,43.48258],[22.12928,43.48253],[22.12966,43.47926],[22.13789,43.47799],[22.14248,43.47416],[22.14947,43.47414],[22.15251,43.47226],[22.15676,43.47296],[22.16082,43.4708],[22.16679,43.47051],[22.17362,43.4735],[22.17348,43.47103],[22.18112,43.47043],[22.18222,43.47418],[22.18947,43.47265],[22.19038,43.47488],[22.19297,43.47459],[22.19893,43.4789],[22.19897,43.48239],[22.20789,43.48313],[22.21356,43.47969],[22.2179,43.48064],[22.23153,43.47456],[22.23609,43.47447],[22.23913,43.47196],[22.23921,43.4691],[22.2335,43.46429],[22.23307,43.46028],[22.2348,43.46061],[22.23419,43.45971],[22.23947,43.45427],[22.23969,43.45765],[22.236,43.46209],[22.24054,43.45999],[22.24583,43.46243],[22.24456,43.46029],[22.24727,43.46265],[22.25134,43.45923],[22.26119,43.4571],[22.26741,43.45004],[22.2704,43.44964],[22.27089,43.44697],[22.27305,43.44709],[22.27251,43.44963],[22.27686,43.45479],[22.28912,43.4621],[22.29398,43.47175],[22.29889,43.47121],[22.29823,43.47375],[22.30336,43.46955],[22.30367,43.46649],[22.31032,43.4665],[22.31153,43.46386],[22.31499,43.46514],[22.31645,43.45852],[22.31725,43.45999],[22.31926,43.45982],[22.3191,43.46133],[22.32341,43.4561],[22.32563,43.4562],[22.32578,43.45829],[22.32909,43.45534],[22.33539,43.45312],[22.33377,43.45087],[22.33674,43.45088],[22.33656,43.44914],[22.33952,43.45098],[22.34181,43.44981],[22.3437,43.44813],[22.34302,43.44513],[22.34529,43.44416],[22.34464,43.44209],[22.34571,43.44178],[22.34425,43.44046],[22.34235,43.44129],[22.34176,43.43969],[22.34656,43.43559],[22.34501,43.4316],[22.34533,43.42638],[22.34388,43.4254],[22.3454,43.42335],[22.33878,43.41679],[22.33673,43.40957],[22.34063,43.40478],[22.34028,43.40283],[22.3328,43.39375],[22.33205,43.38759],[22.348,43.3826],[22.35793,43.38107],[22.36122,43.38343],[22.36569,43.38121],[22.36528,43.38008],[22.36877,43.38123],[22.37355,43.37562],[22.37691,43.37451],[22.37755,43.37228],[22.38106,43.37326],[22.38334,43.36943],[22.38743,43.36813],[22.38979,43.36493],[22.39505,43.36946],[22.40353,43.36987],[22.41251,43.3671],[22.41528,43.36229],[22.42394,43.35818],[22.42672,43.35391],[22.43184,43.35485],[22.44082,43.3515],[22.44437,43.35354],[22.45026,43.34951],[22.4689,43.35688],[22.47248,43.36102],[22.47231,43.36278],[22.47708,43.36551],[22.47471,43.36669],[22.47591,43.36895],[22.48624,43.37287],[22.4941,43.3687],[22.49739,43.36274],[22.49782,43.35767],[22.50033,43.35516],[22.50801,43.34876],[22.515,43.34764],[22.51464,43.34401],[22.52154,43.34324],[22.52191,43.34023],[22.52533,43.3381],[22.52464,43.33417],[22.53238,43.33824],[22.53819,43.33798],[22.54517,43.33433],[22.55167,43.33409],[22.57147,43.32605],[22.58094,43.32535],[22.58175,43.32986],[22.57348,43.33913],[22.57714,43.34407],[22.57661,43.35312],[22.58197,43.35407],[22.58722,43.35783],[22.60393,43.36407],[22.60897,43.3697],[22.61528,43.37147],[22.61841,43.37083],[22.62467,43.37464],[22.62774,43.38198],[22.63516,43.39172],[22.63555,43.39459],[22.64217,43.39875],[22.65846,43.4],[22.66691,43.40271],[22.66664,43.41168],[22.65954,43.4229],[22.66116,43.4259],[22.63874,43.43342],[22.63234,43.42934],[22.62468,43.42824],[22.59774,43.43566],[22.59117,43.44039],[22.58958,43.44786],[22.58678,43.45245],[22.57868,43.45938],[22.57568,43.46398],[22.554,43.46167],[22.5332,43.47146],[22.53273,43.47923],[22.52449,43.48603],[22.52447,43.49624],[22.5156,43.50349],[22.51396,43.50609],[22.51433,43.51029],[22.50668,43.51629],[22.50704,43.51852],[22.50446,43.52256],[22.50496,43.52539],[22.50151,43.52938],[22.50361,43.53978],[22.49715,43.54737],[22.49402,43.54869],[22.49321,43.55267],[22.48999,43.55579],[22.48772,43.56863],[22.49127,43.57146],[22.49666,43.58358],[22.48926,43.58758],[22.487,43.59128],[22.49372,43.6007],[22.48989,43.60783],[22.49052,43.61078],[22.48837,43.61842],[22.48177,43.62565],[22.49158,43.63343],[22.49205,43.63933],[22.4838,43.6471],[22.48248,43.653],[22.47641,43.65756],[22.4588,43.65918],[22.45219,43.66281],[22.44618,43.66648],[22.43956,43.67383],[22.43696,43.67356],[22.42472,43.67833],[22.42049,43.68156],[22.42172,43.68415],[22.40774,43.69602],[22.40557,43.69448],[22.39972,43.69489],[22.38577,43.69217],[22.37334,43.69663],[22.36679,43.69225],[22.36717,43.69099],[22.36245,43.69071],[22.36315,43.68897],[22.36079,43.68786],[22.35583,43.69003],[22.35666,43.69551],[22.35029,43.693],[22.34357,43.69515],[22.34477,43.69322],[22.34679,43.69353],[22.34608,43.69161],[22.34086,43.69077],[22.33756,43.69309],[22.33697,43.68732],[22.3346,43.68798],[22.33584,43.68894],[22.33247,43.6892],[22.32838,43.68631],[22.32789,43.68842],[22.32435,43.68746],[22.3269,43.6887],[22.32483,43.68943],[22.32623,43.69024],[22.3254,43.6913],[22.31923,43.69151],[22.31557,43.69429],[22.31283,43.69103],[22.30542,43.69209],[22.30292,43.69425],[22.29456,43.69641],[22.29642,43.69938],[22.29384,43.69986],[22.28771,43.70041],[22.28646,43.69671],[22.27711,43.70056],[22.27164,43.69918],[22.26311,43.70004],[22.2556,43.70292],[22.24687,43.70274],[22.2477,43.70398],[22.2464,43.70431],[22.24119,43.70346],[22.23847,43.70174],[22.24009,43.70147],[22.23913,43.70094],[22.23145,43.69846],[22.2157,43.69903],[22.21167,43.70013],[22.21159,43.70318],[22.20528,43.70258],[22.20191,43.70557],[22.20529,43.70815],[22.20417,43.71037],[22.20513,43.7145],[22.20307,43.71398],[22.20273,43.71152],[22.20005,43.7127],[22.19723,43.71167],[22.19337,43.71491],[22.18665,43.71433],[22.18422,43.71981],[22.17696,43.72255],[22.17538,43.72537],[22.1687,43.72818],[22.1679,43.73004]]]}},{"type":"Feature","properties":{"OBJECTID":96,"Value_e":"SOKOBANJA","Value_sl":"SOKOBANJA","Value_sc":"СОКОБАЊА","Municipality_DOM_ID":"71129","Region_DOM_ID":"11","SHAPE.STArea()":525432609.1947381,"SHAPE.STLength()":137445.71366146524},"geometry":{"type":"Polygon","coordinates":[[[21.73812,43.77218],[21.73471,43.77372],[21.72933,43.77208],[21.71913,43.77579],[21.70553,43.7783],[21.70087,43.77441],[21.71117,43.76992],[21.71217,43.76783],[21.70975,43.76622],[21.69702,43.76392],[21.6861,43.76817],[21.67807,43.76632],[21.6755,43.76326],[21.67427,43.75349],[21.68982,43.75014],[21.69539,43.74659],[21.70082,43.74216],[21.70773,43.7281],[21.70451,43.72487],[21.69083,43.71999],[21.68875,43.71319],[21.69323,43.71039],[21.69638,43.70119],[21.69645,43.69776],[21.69362,43.69542],[21.69663,43.69169],[21.69458,43.68727],[21.70031,43.68352],[21.7023,43.68025],[21.71002,43.67659],[21.71268,43.67263],[21.7133,43.67069],[21.70921,43.66777],[21.71218,43.65616],[21.72059,43.64582],[21.74335,43.63618],[21.74724,43.62755],[21.75959,43.62428],[21.76204,43.62025],[21.75833,43.61666],[21.76036,43.61065],[21.7587,43.60359],[21.76791,43.60073],[21.78456,43.5921],[21.79286,43.5906],[21.80211,43.59376],[21.81037,43.59211],[21.82775,43.59549],[21.83548,43.58593],[21.84245,43.58331],[21.85702,43.58786],[21.85366,43.58892],[21.84973,43.59282],[21.8497,43.59418],[21.85393,43.59679],[21.8595,43.59798],[21.86518,43.59539],[21.8805,43.58024],[21.88137,43.57632],[21.88391,43.57358],[21.8845,43.56851],[21.88763,43.56218],[21.88988,43.5607],[21.88695,43.55613],[21.89253,43.55159],[21.89427,43.55345],[21.8957,43.55126],[21.89409,43.54786],[21.90095,43.54522],[21.90564,43.53773],[21.9134,43.53586],[21.91098,43.53013],[21.91355,43.52785],[21.9258,43.52994],[21.92893,43.53309],[21.93269,43.53183],[21.93391,43.5335],[21.94016,43.53339],[21.94249,43.53689],[21.9554,43.53736],[21.95692,43.54069],[21.97052,43.53292],[21.98229,43.53358],[21.98563,43.53724],[21.98686,43.54145],[21.97653,43.54743],[21.97319,43.55072],[21.97473,43.5518],[21.97393,43.55311],[21.9644,43.55756],[21.9526,43.56754],[21.95392,43.59237],[21.96269,43.5934],[21.96963,43.59061],[21.97295,43.59156],[21.97641,43.58766],[21.98471,43.58577],[21.98792,43.582],[21.98987,43.5725],[21.99416,43.5689],[22.00662,43.58017],[22.01035,43.59233],[22.03574,43.60537],[22.03602,43.60399],[22.0395,43.6039],[22.03929,43.6022],[22.04081,43.60216],[22.04382,43.60738],[22.05014,43.606],[22.06312,43.59429],[22.07169,43.59553],[22.07366,43.59726],[22.08088,43.59624],[22.08336,43.59943],[22.08967,43.59852],[22.09337,43.60413],[22.08801,43.60745],[22.08552,43.60692],[22.07884,43.60952],[22.06814,43.61701],[22.05862,43.62043],[22.05866,43.62614],[22.06306,43.62804],[22.06094,43.62824],[22.06383,43.63293],[22.06234,43.63812],[22.06376,43.63926],[22.06689,43.63796],[22.06801,43.64035],[22.05859,43.65469],[22.05833,43.65808],[22.0531,43.66209],[22.06089,43.67162],[22.05958,43.67666],[22.0614,43.68288],[22.06038,43.68769],[22.0453,43.69883],[22.02481,43.70576],[22.02411,43.71109],[22.00752,43.70892],[21.99181,43.70989],[21.98411,43.71216],[21.97316,43.71135],[21.97071,43.70964],[21.96454,43.71464],[21.96158,43.71442],[21.95247,43.71845],[21.9453,43.72577],[21.94322,43.73007],[21.93964,43.73968],[21.94106,43.74733],[21.92972,43.7588],[21.9179,43.76275],[21.914,43.76707],[21.90606,43.772],[21.89329,43.77611],[21.87315,43.77672],[21.85114,43.76985],[21.83435,43.76897],[21.81891,43.76436],[21.81388,43.76476],[21.8042,43.76064],[21.78237,43.76373],[21.77553,43.76999],[21.76673,43.77032],[21.7625,43.77238],[21.75309,43.7712],[21.73812,43.77218]]]}},{"type":"Feature","properties":{"OBJECTID":107,"Value_e":"BOLJEVAC","Value_sl":"BOLJEVAC","Value_sc":"БОЉЕВАЦ","Municipality_DOM_ID":"70319","Region_DOM_ID":"11","SHAPE.STArea()":827694611.6782721,"SHAPE.STLength()":165205.55075102882},"geometry":{"type":"Polygon","coordinates":[[[21.88138,44.01623],[21.86,44.01353],[21.85605,44.0107],[21.84465,44.00804],[21.83743,44.01455],[21.83476,44.01245],[21.83059,44.01415],[21.82778,44.01238],[21.81979,44.01681],[21.80778,44.01308],[21.8078,44.01032],[21.80134,44.01656],[21.79405,44.02017],[21.79348,44.02329],[21.77964,44.02572],[21.78036,44.02148],[21.78335,44.01884],[21.7811,44.01439],[21.78222,44.01169],[21.77787,44.00577],[21.77999,44.00103],[21.77839,43.996],[21.78128,43.99364],[21.779,43.98781],[21.77451,43.98485],[21.76025,43.98099],[21.75817,43.97725],[21.75946,43.974],[21.75282,43.96527],[21.75362,43.96279],[21.75073,43.95835],[21.73576,43.95],[21.73531,43.94711],[21.73808,43.9435],[21.73855,43.93608],[21.74321,43.93228],[21.73973,43.9233],[21.7353,43.92189],[21.73101,43.91756],[21.7143,43.92056],[21.71127,43.91862],[21.70992,43.91365],[21.70598,43.91515],[21.70432,43.91381],[21.69073,43.91463],[21.68836,43.91043],[21.68914,43.90879],[21.67858,43.90459],[21.68217,43.89574],[21.67644,43.88771],[21.6759,43.88193],[21.68779,43.87638],[21.68763,43.87383],[21.69383,43.86785],[21.69435,43.86319],[21.69156,43.85787],[21.68897,43.85724],[21.67764,43.84727],[21.67706,43.84158],[21.67272,43.83373],[21.66748,43.83018],[21.65494,43.82631],[21.65276,43.82424],[21.65299,43.82154],[21.65655,43.819],[21.65809,43.81456],[21.66184,43.81346],[21.66648,43.80618],[21.70245,43.78013],[21.72933,43.77208],[21.73471,43.77372],[21.73944,43.77177],[21.74692,43.77259],[21.75359,43.77121],[21.7614,43.77255],[21.76673,43.77032],[21.77553,43.76999],[21.78237,43.76373],[21.8042,43.76064],[21.81388,43.76476],[21.81891,43.76436],[21.83435,43.76897],[21.85114,43.76985],[21.87315,43.77672],[21.89329,43.77611],[21.90606,43.772],[21.914,43.76707],[21.9179,43.76275],[21.92644,43.7608],[21.934,43.75517],[21.94106,43.74733],[21.93967,43.73953],[21.9453,43.72577],[21.95181,43.71884],[21.96137,43.71449],[21.96454,43.71464],[21.97071,43.70964],[21.97316,43.71135],[21.98411,43.71216],[21.99181,43.70989],[22.00752,43.70892],[22.02255,43.71067],[22.03316,43.71778],[22.03166,43.72385],[22.03421,43.72719],[22.03433,43.73091],[22.04267,43.72862],[22.04905,43.72974],[22.05311,43.72594],[22.05719,43.733],[22.05554,43.73689],[22.05698,43.74454],[22.06258,43.74797],[22.06358,43.75061],[22.0637,43.75338],[22.06092,43.75675],[22.06358,43.76244],[22.06569,43.76433],[22.06822,43.76208],[22.07543,43.76342],[22.08687,43.76746],[22.08819,43.77129],[22.09074,43.77099],[22.09004,43.77208],[22.09229,43.77548],[22.09688,43.77735],[22.09754,43.78078],[22.10323,43.7799],[22.10728,43.782],[22.10997,43.78003],[22.11116,43.7815],[22.10715,43.78297],[22.10755,43.7851],[22.11155,43.78679],[22.11287,43.78992],[22.11102,43.78987],[22.11193,43.79242],[22.11048,43.7947],[22.11665,43.79717],[22.11588,43.79824],[22.12022,43.80009],[22.1198,43.8013],[22.12316,43.80345],[22.12126,43.80727],[22.12423,43.80871],[22.12205,43.81158],[22.11636,43.8124],[22.11976,43.81473],[22.1187,43.82485],[22.11359,43.82827],[22.0954,43.83103],[22.08487,43.83686],[22.07363,43.83772],[22.06883,43.83629],[22.06686,43.83787],[22.06966,43.84059],[22.07345,43.83943],[22.07458,43.84048],[22.07312,43.84672],[22.07736,43.85308],[22.08083,43.85536],[22.08612,43.85785],[22.09419,43.85715],[22.10845,43.86585],[22.11725,43.87405],[22.12784,43.87197],[22.12915,43.8747],[22.12822,43.87804],[22.13274,43.88332],[22.12972,43.88897],[22.13091,43.89294],[22.1265,43.89467],[22.12651,43.90372],[22.12866,43.9053],[22.12083,43.90467],[22.11872,43.89889],[22.11348,43.89608],[22.111,43.89826],[22.11097,43.902],[22.10896,43.90492],[22.0843,43.91384],[22.08519,43.91582],[22.08323,43.91693],[22.07615,43.91873],[22.07467,43.91773],[22.07514,43.91622],[22.07233,43.91548],[22.0691,43.91684],[22.069,43.91847],[22.0671,43.91835],[22.06387,43.92274],[22.06502,43.9337],[22.06401,43.93821],[22.05572,43.94803],[22.05875,43.95603],[22.04522,43.96387],[22.04522,43.96574],[22.04729,43.96635],[22.0463,43.9702],[22.05411,43.97118],[22.05275,43.97328],[22.05358,43.97452],[22.04738,43.97995],[22.04327,43.98012],[22.04533,43.97654],[22.04425,43.97375],[22.04165,43.9736],[22.03448,43.97431],[22.02759,43.97938],[22.02496,43.97476],[22.02646,43.97351],[22.02602,43.96959],[22.01851,43.96984],[22.01563,43.96707],[22.01676,43.96496],[22.01547,43.96285],[22.00982,43.96093],[22.00839,43.95759],[21.99792,43.9585],[21.99303,43.96346],[21.98795,43.96313],[21.98473,43.96495],[21.98327,43.96331],[21.97901,43.96512],[21.97814,43.96339],[21.96957,43.96865],[21.96788,43.96702],[21.96144,43.97075],[21.96117,43.97281],[21.95743,43.97046],[21.9481,43.97597],[21.93658,43.97931],[21.93469,43.98284],[21.92644,43.98961],[21.91779,43.99117],[21.91514,43.9942],[21.91438,44.00321],[21.91138,44.00397],[21.9081,44.00875],[21.9036,44.00983],[21.90408,44.01085],[21.89329,44.0144],[21.8891,44.01283],[21.88138,44.01623]]]}},{"type":"Feature","properties":{"OBJECTID":116,"Value_e":"ZAJEČAR-GRAD","Value_sl":"ZAJEČAR-GRAD","Value_sc":"ЗАЈЕЧАР-ГРАД","Municipality_DOM_ID":"70556","Region_DOM_ID":"11","SHAPE.STArea()":1068792820.7345054,"SHAPE.STLength()":251173.34256298858},"geometry":{"type":"Polygon","coordinates":[[[22.24957,44.17997],[22.23887,44.18512],[22.23759,44.18859],[22.23305,44.18738],[22.23266,44.18052],[22.2296,44.17985],[22.23001,44.17723],[22.22647,44.17552],[22.22966,44.17311],[22.22815,44.17047],[22.23102,44.16598],[22.22317,44.16177],[22.22299,44.15443],[22.22051,44.15245],[22.22134,44.15087],[22.21956,44.15015],[22.20956,44.15327],[22.20479,44.1521],[22.20081,44.14851],[22.20306,44.14177],[22.20136,44.13878],[22.21194,44.12582],[22.21566,44.12606],[22.21686,44.11853],[22.22051,44.11729],[22.22468,44.11106],[22.22041,44.11022],[22.22049,44.10562],[22.2228,44.1036],[22.22406,44.09809],[22.22747,44.09705],[22.22463,44.09538],[22.22516,44.09371],[22.22935,44.08896],[22.23356,44.09016],[22.23101,44.08729],[22.2276,44.08747],[22.22883,44.08657],[22.22698,44.08282],[22.22947,44.0831],[22.23327,44.07995],[22.23625,44.07229],[22.23873,44.07191],[22.2387,44.07026],[22.24476,44.06985],[22.24827,44.06516],[22.24627,44.0642],[22.2409,44.05444],[22.24419,44.04714],[22.24292,44.03965],[22.23765,44.03531],[22.23807,44.03034],[22.23278,44.02774],[22.23118,44.02943],[22.22838,44.02811],[22.22742,44.02984],[22.22683,44.02728],[22.22036,44.02693],[22.22118,44.02489],[22.2188,44.02374],[22.22018,44.02196],[22.21791,44.01628],[22.19522,44.00444],[22.1943,43.99955],[22.19133,43.99782],[22.18978,43.99436],[22.18526,43.99456],[22.18739,43.99296],[22.18898,43.98804],[22.18583,43.98136],[22.1846,43.96819],[22.17982,43.96885],[22.17988,43.96516],[22.17049,43.96071],[22.1676,43.95735],[22.17098,43.95199],[22.16995,43.9505],[22.17189,43.94647],[22.17081,43.94504],[22.17401,43.94312],[22.16717,43.93717],[22.16789,43.93397],[22.16441,43.92651],[22.16589,43.92451],[22.14564,43.92326],[22.14246,43.9208],[22.13928,43.92055],[22.13545,43.91538],[22.13518,43.91402],[22.13789,43.91352],[22.13582,43.91031],[22.12667,43.90418],[22.1265,43.89467],[22.13091,43.89294],[22.12972,43.88897],[22.13274,43.88332],[22.12822,43.87804],[22.12885,43.87309],[22.12744,43.87182],[22.11725,43.87405],[22.10845,43.86585],[22.09419,43.85715],[22.08612,43.85785],[22.08083,43.85536],[22.07736,43.85308],[22.07312,43.84672],[22.07458,43.84048],[22.07345,43.83943],[22.06966,43.84059],[22.06686,43.83787],[22.06883,43.83629],[22.07363,43.83772],[22.08487,43.83686],[22.0954,43.83103],[22.11314,43.82852],[22.1187,43.82485],[22.11976,43.81473],[22.11636,43.8124],[22.12205,43.81158],[22.12423,43.80871],[22.12126,43.80727],[22.1234,43.80404],[22.12232,43.80196],[22.11588,43.79824],[22.11665,43.79717],[22.11039,43.79451],[22.11193,43.79242],[22.11102,43.78987],[22.11277,43.79018],[22.11287,43.78992],[22.11155,43.78679],[22.10755,43.7851],[22.10715,43.78297],[22.11116,43.7815],[22.10997,43.78003],[22.10728,43.782],[22.10323,43.7799],[22.09754,43.78078],[22.09688,43.77735],[22.09229,43.77548],[22.09004,43.77208],[22.09074,43.77099],[22.08819,43.77129],[22.08687,43.76746],[22.07543,43.76342],[22.06822,43.76208],[22.06569,43.76433],[22.06358,43.76244],[22.06092,43.75675],[22.0637,43.75338],[22.06358,43.75061],[22.06258,43.74797],[22.05698,43.74454],[22.05554,43.73689],[22.05719,43.733],[22.05311,43.72594],[22.05681,43.72254],[22.0581,43.72379],[22.06297,43.72141],[22.06598,43.7156],[22.07009,43.71291],[22.07349,43.71357],[22.08888,43.71008],[22.08919,43.71177],[22.09453,43.71462],[22.10273,43.71102],[22.12849,43.71206],[22.13597,43.71492],[22.15059,43.71706],[22.15243,43.71833],[22.14993,43.72127],[22.14964,43.72629],[22.14766,43.72898],[22.14952,43.73208],[22.1679,43.73004],[22.1687,43.72818],[22.17538,43.72537],[22.17696,43.72255],[22.18422,43.71981],[22.18665,43.71433],[22.19337,43.71491],[22.19828,43.71148],[22.20005,43.7127],[22.20273,43.71152],[22.20307,43.71398],[22.20558,43.71424],[22.20417,43.71037],[22.20529,43.70815],[22.20191,43.70557],[22.20528,43.70258],[22.21159,43.70318],[22.21118,43.70065],[22.2125,43.69957],[22.23145,43.69846],[22.23913,43.70094],[22.24009,43.70147],[22.23847,43.70174],[22.24119,43.70346],[22.2464,43.70431],[22.2477,43.70398],[22.24687,43.70274],[22.2556,43.70292],[22.26311,43.70004],[22.27164,43.69918],[22.27711,43.70056],[22.28646,43.69671],[22.28771,43.70041],[22.29384,43.69986],[22.29642,43.69938],[22.29456,43.69641],[22.30292,43.69425],[22.30542,43.69209],[22.31283,43.69103],[22.31557,43.69429],[22.31923,43.69151],[22.3254,43.6913],[22.32623,43.69024],[22.32483,43.68943],[22.3269,43.6887],[22.32435,43.68746],[22.32789,43.68842],[22.32838,43.68631],[22.33247,43.6892],[22.33584,43.68894],[22.3346,43.68798],[22.33697,43.68732],[22.33756,43.69309],[22.34086,43.69077],[22.34608,43.69161],[22.34679,43.69353],[22.34477,43.69322],[22.34357,43.69515],[22.35029,43.693],[22.35666,43.69551],[22.35583,43.69003],[22.35917,43.68787],[22.36315,43.68897],[22.36245,43.69071],[22.36717,43.69099],[22.36679,43.69225],[22.37334,43.69663],[22.38577,43.69217],[22.39972,43.69489],[22.40557,43.69448],[22.40774,43.69602],[22.40607,43.70039],[22.40696,43.70696],[22.40393,43.7125],[22.40454,43.71693],[22.40192,43.7235],[22.39403,43.72991],[22.39992,43.73814],[22.39808,43.74311],[22.3985,43.75057],[22.39925,43.75464],[22.40269,43.75891],[22.39543,43.75923],[22.39095,43.76439],[22.38404,43.76786],[22.38222,43.7716],[22.37756,43.77523],[22.37379,43.78481],[22.37045,43.78757],[22.36725,43.7953],[22.36232,43.79955],[22.36062,43.80672],[22.35711,43.80978],[22.36061,43.82324],[22.36598,43.82538],[22.37926,43.84694],[22.38862,43.87897],[22.38962,43.89542],[22.39444,43.90781],[22.39196,43.91323],[22.39307,43.91678],[22.38788,43.92401],[22.38836,43.92672],[22.39243,43.93104],[22.40886,43.93965],[22.40612,43.94781],[22.41132,43.95476],[22.41069,43.96166],[22.41314,43.97215],[22.41076,43.97493],[22.41217,43.97984],[22.40818,43.98159],[22.40974,43.98439],[22.40871,43.98712],[22.41724,43.99237],[22.40916,43.99725],[22.412,43.99978],[22.40945,44.00424],[22.41404,44.0062],[22.42208,44.00611],[22.44116,44.01025],[22.44223,44.0166],[22.44926,44.01725],[22.46785,44.01507],[22.48455,44.02038],[22.49542,44.01829],[22.52721,44.01966],[22.531,44.02086],[22.53242,44.02505],[22.53878,44.02588],[22.5434,44.03366],[22.53769,44.0382],[22.54197,44.0421],[22.53633,44.04538],[22.52863,44.04519],[22.52465,44.04286],[22.51597,44.04603],[22.50236,44.0457],[22.49953,44.04819],[22.50003,44.04946],[22.49786,44.04837],[22.49193,44.04983],[22.48832,44.04666],[22.48874,44.03786],[22.4816,44.02977],[22.46435,44.03169],[22.46767,44.03468],[22.46709,44.03866],[22.46899,44.04188],[22.46747,44.04522],[22.46944,44.04787],[22.46844,44.04915],[22.46026,44.04862],[22.45531,44.05274],[22.45649,44.06545],[22.45933,44.06734],[22.45832,44.06841],[22.46045,44.07049],[22.45839,44.07274],[22.45423,44.073],[22.45201,44.07908],[22.45371,44.08008],[22.45962,44.07802],[22.47181,44.08097],[22.47596,44.08533],[22.47345,44.09438],[22.47461,44.0965],[22.47927,44.09639],[22.4867,44.08932],[22.49107,44.09412],[22.4899,44.0947],[22.49144,44.09833],[22.49341,44.09867],[22.4867,44.10149],[22.48752,44.10311],[22.48075,44.1153],[22.47639,44.11889],[22.47492,44.12577],[22.47656,44.12727],[22.47328,44.1269],[22.47014,44.12912],[22.46452,44.12823],[22.46181,44.12975],[22.45708,44.1274],[22.45132,44.1295],[22.44742,44.12904],[22.4472,44.13156],[22.4441,44.1303],[22.43748,44.13433],[22.42848,44.13592],[22.43176,44.14067],[22.43108,44.14506],[22.42355,44.14776],[22.42362,44.14941],[22.4192,44.1509],[22.4179,44.15297],[22.41108,44.1515],[22.41064,44.15528],[22.41306,44.15658],[22.41202,44.15809],[22.40482,44.15831],[22.40497,44.161],[22.39976,44.16174],[22.39801,44.16185],[22.39897,44.16036],[22.39781,44.15936],[22.39245,44.15963],[22.38204,44.1645],[22.37851,44.16338],[22.37982,44.16192],[22.37377,44.1634],[22.37363,44.1619],[22.37046,44.16322],[22.36559,44.16164],[22.36398,44.16292],[22.36098,44.16225],[22.36305,44.15971],[22.36287,44.15721],[22.35625,44.15588],[22.35429,44.15681],[22.35484,44.1556],[22.35148,44.15247],[22.34997,44.15338],[22.35102,44.15494],[22.34756,44.15588],[22.34511,44.14866],[22.34835,44.14879],[22.34441,44.14732],[22.34415,44.14942],[22.33975,44.14908],[22.34315,44.14801],[22.33408,44.15045],[22.32967,44.14946],[22.31518,44.15585],[22.30314,44.15684],[22.2953,44.15927],[22.28582,44.16008],[22.27591,44.15779],[22.27372,44.15941],[22.27473,44.16206],[22.27229,44.16233],[22.27094,44.16711],[22.2629,44.16649],[22.26079,44.17184],[22.24957,44.17997]]]}},{"type":"Feature","properties":{"OBJECTID":121,"Value_e":"BOR","Value_sl":"BOR","Value_sc":"БОР","Municipality_DOM_ID":"70327","Region_DOM_ID":"12","SHAPE.STArea()":856585527.597439,"SHAPE.STLength()":182496.23451113666},"geometry":{"type":"Polygon","coordinates":[[[22.09677,44.28123],[22.08978,44.28881],[22.08053,44.29031],[22.07714,44.2888],[22.07699,44.2865],[22.07987,44.28576],[22.07739,44.28339],[22.0721,44.28277],[22.06329,44.27894],[22.05499,44.27799],[22.04241,44.27976],[22.04299,44.2825],[22.03295,44.28593],[22.02591,44.28524],[22.02358,44.28649],[22.01978,44.28487],[22.01597,44.2859],[22.01324,44.28226],[22.01567,44.27689],[22.01631,44.26747],[22.01747,44.26728],[22.01759,44.25796],[22.02688,44.24565],[22.0272,44.23707],[22.02424,44.23232],[22.02488,44.22821],[22.02244,44.22657],[22.02238,44.22249],[22.0203,44.22023],[22.01621,44.21928],[22.01334,44.21406],[22.01484,44.20298],[22.00838,44.20062],[22.00296,44.20059],[21.99418,44.20285],[21.98556,44.20801],[21.98109,44.2065],[21.98016,44.20187],[21.96847,44.20198],[21.96642,44.19716],[21.96755,44.19481],[21.96679,44.1887],[21.96433,44.1845],[21.96649,44.17799],[21.96185,44.17036],[21.96157,44.1654],[21.95316,44.16476],[21.95104,44.16721],[21.95045,44.16631],[21.95337,44.15554],[21.9568,44.15071],[21.95593,44.14738],[21.96654,44.13939],[21.96384,44.12955],[21.96086,44.12803],[21.9565,44.12932],[21.95034,44.12216],[21.94091,44.12312],[21.93619,44.12006],[21.9253,44.12232],[21.91464,44.12174],[21.90836,44.11891],[21.90286,44.11886],[21.89847,44.1148],[21.88539,44.1086],[21.88378,44.10483],[21.87474,44.09993],[21.87305,44.09538],[21.86869,44.09194],[21.86205,44.09135],[21.86061,44.09326],[21.84841,44.09566],[21.83283,44.09064],[21.822,44.0825],[21.8179,44.07729],[21.82246,44.07171],[21.81901,44.0703],[21.81526,44.06235],[21.80826,44.06175],[21.79889,44.05832],[21.79997,44.04999],[21.79787,44.03619],[21.79399,44.03299],[21.78332,44.03029],[21.7801,44.02594],[21.79348,44.02329],[21.79405,44.02017],[21.80134,44.01656],[21.8078,44.01032],[21.80778,44.01308],[21.81979,44.01681],[21.82778,44.01238],[21.83059,44.01415],[21.83476,44.01245],[21.83743,44.01455],[21.84465,44.00804],[21.85605,44.0107],[21.86,44.01353],[21.87308,44.01544],[21.88138,44.01623],[21.88931,44.0128],[21.89329,44.0144],[21.9081,44.00875],[21.91088,44.00444],[21.9148,44.00246],[21.91565,43.99328],[21.91844,43.99072],[21.92644,43.98961],[21.93469,43.98284],[21.93658,43.97931],[21.9481,43.97597],[21.95743,43.97046],[21.96117,43.97281],[21.96144,43.97075],[21.96788,43.96702],[21.96957,43.96865],[21.97814,43.96339],[21.97901,43.96512],[21.98327,43.96331],[21.98473,43.96495],[21.98795,43.96313],[21.99303,43.96346],[21.99761,43.95862],[22.00254,43.95762],[22.00839,43.95759],[22.00982,43.96093],[22.01547,43.96285],[22.01676,43.96496],[22.01563,43.96707],[22.01851,43.96984],[22.02602,43.96959],[22.02646,43.97351],[22.02496,43.97476],[22.02759,43.97938],[22.03448,43.97431],[22.04165,43.9736],[22.04425,43.97375],[22.04533,43.97654],[22.04327,43.98012],[22.04738,43.97995],[22.05358,43.97452],[22.05275,43.97328],[22.05411,43.97118],[22.0463,43.9702],[22.04729,43.96635],[22.04522,43.96574],[22.04522,43.96387],[22.05875,43.95603],[22.05572,43.94803],[22.06453,43.93673],[22.06441,43.92682],[22.06332,43.92664],[22.06478,43.92106],[22.07233,43.91548],[22.07514,43.91622],[22.07467,43.91773],[22.07615,43.91873],[22.08323,43.91693],[22.08519,43.91582],[22.0843,43.91384],[22.10896,43.90492],[22.11097,43.902],[22.111,43.89826],[22.11348,43.89608],[22.11872,43.89889],[22.12083,43.90467],[22.12961,43.90537],[22.13508,43.90951],[22.13789,43.91352],[22.13518,43.91402],[22.13545,43.91538],[22.13928,43.92055],[22.14246,43.9208],[22.14564,43.92326],[22.16589,43.92451],[22.16441,43.92651],[22.16789,43.93397],[22.16717,43.93717],[22.17401,43.94312],[22.17081,43.94504],[22.17189,43.94647],[22.16995,43.9505],[22.17098,43.95199],[22.1676,43.95735],[22.17049,43.96071],[22.17988,43.96516],[22.17982,43.96885],[22.1846,43.96819],[22.18583,43.98136],[22.18898,43.98804],[22.18739,43.99296],[22.18526,43.99456],[22.18978,43.99436],[22.19133,43.99782],[22.1943,43.99955],[22.19522,44.00444],[22.21791,44.01628],[22.22018,44.02196],[22.2188,44.02374],[22.22118,44.02489],[22.22036,44.02693],[22.22683,44.02728],[22.22742,44.02984],[22.22838,44.02811],[22.23118,44.02943],[22.23278,44.02774],[22.23807,44.03034],[22.23765,44.03531],[22.24336,44.04119],[22.24419,44.04714],[22.2409,44.05444],[22.24627,44.0642],[22.24827,44.06516],[22.24476,44.06985],[22.2387,44.07026],[22.23873,44.07191],[22.23625,44.07229],[22.23327,44.07995],[22.22947,44.0831],[22.22698,44.08282],[22.22883,44.08657],[22.2276,44.08747],[22.23101,44.08729],[22.23356,44.09016],[22.22935,44.08896],[22.22516,44.09371],[22.22463,44.09538],[22.22747,44.09705],[22.22406,44.09809],[22.2228,44.1036],[22.22049,44.10562],[22.22041,44.11022],[22.22468,44.11106],[22.22051,44.11729],[22.21686,44.11853],[22.21566,44.12606],[22.21194,44.12582],[22.20136,44.13878],[22.20306,44.14177],[22.20081,44.14851],[22.20479,44.1521],[22.20956,44.15327],[22.21956,44.15015],[22.22134,44.15087],[22.22051,44.15245],[22.22299,44.15443],[22.22317,44.16177],[22.23102,44.16598],[22.22815,44.17047],[22.22966,44.17311],[22.22647,44.17552],[22.23001,44.17723],[22.2296,44.17985],[22.23266,44.18052],[22.23305,44.18738],[22.23759,44.18859],[22.23554,44.19074],[22.2381,44.19777],[22.22753,44.2022],[22.22013,44.20926],[22.21757,44.21488],[22.21873,44.21821],[22.21708,44.22056],[22.22044,44.22229],[22.22216,44.22631],[22.21581,44.23459],[22.21496,44.24276],[22.20884,44.24704],[22.20709,44.25302],[22.19447,44.26094],[22.18402,44.25542],[22.18332,44.25351],[22.17647,44.25154],[22.1671,44.25339],[22.15884,44.25264],[22.15722,44.25702],[22.14793,44.25348],[22.14921,44.25569],[22.1463,44.25608],[22.14466,44.25939],[22.14161,44.26106],[22.13977,44.26014],[22.13831,44.26257],[22.13127,44.26503],[22.13149,44.26848],[22.12777,44.27346],[22.1183,44.27305],[22.11946,44.27498],[22.11682,44.27455],[22.10994,44.27725],[22.10671,44.28035],[22.09967,44.27982],[22.09677,44.28123]]]}},{"type":"Feature","properties":{"OBJECTID":132,"Value_e":"NEGOTIN","Value_sl":"NEGOTIN","Value_sc":"НЕГОТИН","Municipality_DOM_ID":"70840","Region_DOM_ID":"12","SHAPE.STArea()":1088859027.260711,"SHAPE.STLength()":199668.46606770935},"geometry":{"type":"Polygon","coordinates":[[[22.36849,44.47057],[22.35665,44.47255],[22.34249,44.48193],[22.33039,44.48021],[22.32309,44.48159],[22.3195,44.4801],[22.31237,44.48086],[22.30268,44.47829],[22.29711,44.47902],[22.29878,44.47659],[22.29742,44.47446],[22.28654,44.47476],[22.27571,44.47894],[22.27056,44.47095],[22.26832,44.46407],[22.27064,44.46266],[22.27069,44.45786],[22.27349,44.45097],[22.27298,44.44884],[22.27014,44.44763],[22.27193,44.44461],[22.27134,44.44276],[22.25948,44.44069],[22.25482,44.44157],[22.2482,44.4394],[22.23029,44.44254],[22.22522,44.43861],[22.22492,44.43623],[22.22802,44.42972],[22.22724,44.42622],[22.23087,44.4223],[22.23102,44.41882],[22.23418,44.41369],[22.23456,44.40341],[22.23254,44.40032],[22.23461,44.39589],[22.23332,44.39158],[22.23571,44.38667],[22.23951,44.38352],[22.23898,44.3788],[22.24349,44.36424],[22.23765,44.36102],[22.23363,44.36214],[22.23273,44.35614],[22.2276,44.35158],[22.22979,44.35097],[22.22629,44.34871],[22.22885,44.34651],[22.22814,44.34431],[22.23023,44.34391],[22.22962,44.33995],[22.23108,44.33883],[22.2266,44.33679],[22.22647,44.33085],[22.21727,44.33125],[22.20945,44.32871],[22.20757,44.33013],[22.20257,44.32754],[22.20364,44.32544],[22.207,44.32466],[22.2038,44.32143],[22.20451,44.31676],[22.19641,44.30954],[22.19646,44.308],[22.19884,44.30692],[22.19758,44.30312],[22.19443,44.3022],[22.19391,44.3001],[22.19565,44.29568],[22.19392,44.29029],[22.2012,44.28078],[22.19843,44.27726],[22.19714,44.26979],[22.19132,44.26241],[22.20709,44.25302],[22.20884,44.24704],[22.21496,44.24276],[22.21581,44.23459],[22.22216,44.22631],[22.22044,44.22229],[22.21708,44.22056],[22.21873,44.21821],[22.21757,44.21488],[22.22013,44.20926],[22.22753,44.2022],[22.2381,44.19777],[22.23554,44.19074],[22.23887,44.18512],[22.24878,44.18088],[22.25597,44.17573],[22.26079,44.17184],[22.2629,44.16649],[22.27056,44.16742],[22.27229,44.16233],[22.27473,44.16206],[22.27372,44.15941],[22.27591,44.15779],[22.28582,44.16008],[22.2953,44.15927],[22.30314,44.15684],[22.31518,44.15585],[22.32967,44.14946],[22.33408,44.15045],[22.34315,44.14801],[22.33975,44.14908],[22.34415,44.14942],[22.34441,44.14732],[22.34567,44.14735],[22.34835,44.14879],[22.34511,44.14866],[22.34756,44.15588],[22.35102,44.15494],[22.34997,44.15338],[22.35148,44.15247],[22.35484,44.1556],[22.35429,44.15681],[22.35625,44.15588],[22.36319,44.15744],[22.36098,44.16225],[22.36398,44.16292],[22.36559,44.16164],[22.37046,44.16322],[22.37363,44.1619],[22.37377,44.1634],[22.37982,44.16192],[22.37851,44.16338],[22.38204,44.1645],[22.39245,44.15963],[22.39806,44.15943],[22.39801,44.16185],[22.40478,44.16106],[22.40482,44.15831],[22.4103,44.15854],[22.41306,44.15658],[22.41064,44.15528],[22.41108,44.1515],[22.4179,44.15297],[22.4192,44.1509],[22.42362,44.14941],[22.42355,44.14776],[22.43108,44.14506],[22.43176,44.14067],[22.42877,44.13799],[22.42872,44.1358],[22.43748,44.13433],[22.4441,44.1303],[22.4472,44.13156],[22.44742,44.12904],[22.45132,44.1295],[22.45708,44.1274],[22.46181,44.12975],[22.46452,44.12823],[22.47014,44.12912],[22.47328,44.1269],[22.47656,44.12727],[22.47492,44.12577],[22.47639,44.11889],[22.48075,44.1153],[22.48752,44.10311],[22.4867,44.10149],[22.49341,44.09867],[22.49144,44.09833],[22.4899,44.0947],[22.49107,44.09412],[22.4867,44.08932],[22.47927,44.09639],[22.47461,44.0965],[22.47345,44.09438],[22.47596,44.08533],[22.47181,44.08097],[22.45962,44.07802],[22.45371,44.08008],[22.45201,44.07908],[22.45423,44.073],[22.45839,44.07274],[22.46045,44.07049],[22.45832,44.06841],[22.45933,44.06734],[22.45649,44.06545],[22.45531,44.05274],[22.46026,44.04862],[22.46844,44.04915],[22.46944,44.04787],[22.46747,44.04522],[22.46899,44.04188],[22.46709,44.03866],[22.46767,44.03468],[22.46435,44.03169],[22.4816,44.02977],[22.48874,44.03786],[22.48832,44.04666],[22.49193,44.04983],[22.49786,44.04837],[22.50003,44.04946],[22.49953,44.04819],[22.50236,44.0457],[22.51597,44.04603],[22.5252,44.04286],[22.52863,44.04519],[22.53614,44.04507],[22.53494,44.04706],[22.53059,44.04837],[22.53484,44.05219],[22.55429,44.05355],[22.5602,44.05762],[22.58003,44.05401],[22.58208,44.06204],[22.62133,44.06331],[22.61904,44.06891],[22.62444,44.0727],[22.61791,44.07555],[22.61876,44.07677],[22.61655,44.08021],[22.62038,44.08361],[22.61976,44.0975],[22.61336,44.10123],[22.61006,44.10648],[22.62034,44.1506],[22.62581,44.14769],[22.62848,44.1575],[22.62346,44.15874],[22.62187,44.16267],[22.61716,44.16122],[22.61334,44.16516],[22.61664,44.16728],[22.61834,44.17282],[22.62179,44.1735],[22.62427,44.1709],[22.62917,44.17198],[22.62865,44.17977],[22.63134,44.18409],[22.62926,44.18653],[22.63134,44.18938],[22.6373,44.1893],[22.63749,44.1921],[22.64184,44.19288],[22.64527,44.19734],[22.64756,44.20326],[22.64452,44.20839],[22.64931,44.20756],[22.65245,44.20509],[22.66225,44.2123],[22.66523,44.21166],[22.66634,44.20858],[22.67503,44.21511],[22.67139,44.22214],[22.67208,44.22899],[22.68329,44.24722],[22.68494,44.25352],[22.68442,44.26606],[22.68142,44.27508],[22.67387,44.28233],[22.65665,44.28978],[22.612,44.29329],[22.5991,44.29686],[22.57291,44.30073],[22.55931,44.30697],[22.55033,44.31924],[22.53176,44.33306],[22.52615,44.34001],[22.51935,44.3507],[22.51602,44.36217],[22.50451,44.37857],[22.50004,44.39052],[22.4991,44.40562],[22.50111,44.40768],[22.50257,44.41348],[22.50246,44.42374],[22.50023,44.42638],[22.48816,44.4289],[22.48161,44.43379],[22.47618,44.43444],[22.472,44.43829],[22.46598,44.43478],[22.47136,44.42922],[22.45905,44.42291],[22.43785,44.42335],[22.43433,44.42208],[22.4281,44.42331],[22.42216,44.4256],[22.41801,44.43059],[22.41331,44.43278],[22.39622,44.43854],[22.39016,44.44286],[22.38234,44.44429],[22.38396,44.44987],[22.38787,44.45316],[22.38482,44.45584],[22.37701,44.45865],[22.36849,44.47057]]]}},{"type":"Feature","properties":{"OBJECTID":142,"Value_e":"MAJDANPEK","Value_sl":"MAJDANPEK","Value_sc":"МАЈДАНПЕК","Municipality_DOM_ID":"70785","Region_DOM_ID":"12","SHAPE.STArea()":931599436.8282509,"SHAPE.STLength()":228890.14147274618},"geometry":{"type":"Polygon","coordinates":[[[22.31676,44.60049],[22.30761,44.60796],[22.29275,44.60476],[22.2898,44.6062],[22.28804,44.60345],[22.28366,44.60606],[22.26976,44.60649],[22.26073,44.59114],[22.24062,44.56977],[22.22785,44.55887],[22.21293,44.5357],[22.20524,44.52045],[22.19403,44.50744],[22.18295,44.48213],[22.16435,44.47247],[22.13964,44.46988],[22.13184,44.47133],[22.113,44.48195],[22.09747,44.49353],[22.08312,44.49919],[22.07943,44.50415],[22.07111,44.5238],[22.05799,44.53231],[22.03774,44.54159],[22.02563,44.5655],[22.02873,44.57159],[22.02889,44.58345],[22.02587,44.59221],[22.01295,44.6028],[22.00448,44.59535],[21.99695,44.58553],[21.9885,44.58421],[21.98744,44.57307],[21.97969,44.56868],[21.97864,44.56303],[21.96589,44.55681],[21.96589,44.553],[21.97346,44.55034],[21.97239,44.54511],[21.96673,44.54717],[21.96204,44.54485],[21.95634,44.54515],[21.95093,44.54179],[21.94492,44.54235],[21.9397,44.54076],[21.93926,44.53124],[21.94531,44.5309],[21.94948,44.5223],[21.94799,44.51563],[21.94035,44.51324],[21.93532,44.50525],[21.9352,44.49812],[21.93324,44.49635],[21.9348,44.49357],[21.92983,44.49066],[21.93043,44.48861],[21.92491,44.48299],[21.92501,44.47896],[21.93221,44.47611],[21.93343,44.47241],[21.92886,44.46788],[21.92925,44.46257],[21.92538,44.46042],[21.92905,44.45346],[21.92709,44.45044],[21.92052,44.44821],[21.8957,44.45063],[21.89098,44.45326],[21.88283,44.45331],[21.88246,44.44747],[21.8841,44.44399],[21.88253,44.43818],[21.8815,44.43711],[21.87424,44.43839],[21.8733,44.43553],[21.8746,44.4297],[21.86782,44.42318],[21.85918,44.41736],[21.85221,44.42051],[21.85532,44.4223],[21.86132,44.42255],[21.86207,44.42871],[21.86067,44.43064],[21.85741,44.42685],[21.85244,44.42684],[21.84834,44.42417],[21.83959,44.42295],[21.83828,44.41829],[21.8316,44.41444],[21.83718,44.41218],[21.83538,44.40802],[21.82934,44.40577],[21.82913,44.40207],[21.82517,44.39512],[21.81747,44.39119],[21.81301,44.39137],[21.81072,44.38801],[21.8113,44.38443],[21.80742,44.37886],[21.80757,44.37538],[21.80029,44.36821],[21.80936,44.36144],[21.81619,44.35982],[21.82308,44.3512],[21.82268,44.34804],[21.82488,44.34615],[21.81584,44.33284],[21.81701,44.3284],[21.81926,44.32651],[21.82704,44.32854],[21.83557,44.32806],[21.84788,44.32246],[21.85412,44.327],[21.86915,44.32511],[21.8746,44.32078],[21.89496,44.31246],[21.9019,44.30703],[21.90612,44.30642],[21.90598,44.30201],[21.8969,44.30286],[21.89894,44.29345],[21.89816,44.29112],[21.90182,44.28905],[21.90446,44.28185],[21.9082,44.27853],[21.90616,44.2759],[21.90205,44.27804],[21.89659,44.27527],[21.89678,44.27375],[21.90271,44.27004],[21.90456,44.26456],[21.90743,44.26178],[21.90604,44.25895],[21.90921,44.25429],[21.90378,44.24467],[21.90674,44.24317],[21.91012,44.2462],[21.91206,44.24391],[21.9103,44.24208],[21.92572,44.23207],[21.92543,44.23502],[21.92804,44.23658],[21.93066,44.23677],[21.93789,44.24192],[21.94337,44.24184],[21.94807,44.24849],[21.94709,44.25068],[21.95073,44.25078],[21.94913,44.25271],[21.96231,44.25199],[21.96195,44.24992],[21.96511,44.24966],[21.96574,44.24789],[21.95807,44.24099],[21.95677,44.23737],[21.95353,44.23568],[21.96093,44.22934],[21.96404,44.23062],[21.96338,44.22739],[21.95847,44.22667],[21.9599,44.22325],[21.958,44.22046],[21.96556,44.21707],[21.97014,44.21051],[21.96891,44.20467],[21.966,44.20438],[21.96847,44.20198],[21.98016,44.20187],[21.98109,44.2065],[21.98556,44.20801],[21.99418,44.20285],[22.00296,44.20059],[22.00838,44.20062],[22.01496,44.20304],[22.01334,44.21406],[22.01621,44.21928],[22.0203,44.22023],[22.02238,44.22249],[22.02165,44.22457],[22.02488,44.22821],[22.0241,44.23166],[22.0272,44.23707],[22.02626,44.23874],[22.02736,44.24076],[22.02634,44.24788],[22.01759,44.25796],[22.01747,44.26728],[22.01631,44.26747],[22.01567,44.27689],[22.01324,44.28226],[22.01597,44.2859],[22.01978,44.28487],[22.02358,44.28649],[22.02591,44.28524],[22.03295,44.28593],[22.04299,44.2825],[22.04241,44.27976],[22.05759,44.27806],[22.07739,44.28339],[22.07987,44.28576],[22.07699,44.2865],[22.07714,44.2888],[22.07931,44.29002],[22.08978,44.28881],[22.0953,44.28404],[22.09551,44.28198],[22.09967,44.27982],[22.10671,44.28035],[22.10994,44.27725],[22.11682,44.27455],[22.11946,44.27498],[22.1183,44.27305],[22.12777,44.27346],[22.13149,44.26848],[22.13127,44.26503],[22.13831,44.26257],[22.13977,44.26014],[22.14161,44.26106],[22.14466,44.25939],[22.1463,44.25608],[22.14921,44.25569],[22.14793,44.25348],[22.15722,44.25702],[22.15884,44.25264],[22.1671,44.25339],[22.17647,44.25154],[22.18332,44.25351],[22.18402,44.25542],[22.19456,44.26099],[22.19132,44.26241],[22.19714,44.26979],[22.19843,44.27726],[22.20116,44.28056],[22.19392,44.29029],[22.19565,44.29568],[22.19391,44.3001],[22.19443,44.3022],[22.19758,44.30312],[22.19884,44.30692],[22.19646,44.308],[22.19641,44.30954],[22.20451,44.31676],[22.2038,44.32143],[22.207,44.32466],[22.20364,44.32544],[22.20257,44.32754],[22.20757,44.33013],[22.20945,44.32871],[22.21727,44.33125],[22.22647,44.33085],[22.2266,44.33679],[22.23108,44.33883],[22.22962,44.33995],[22.23023,44.34391],[22.22814,44.34431],[22.22885,44.34651],[22.22629,44.34871],[22.22979,44.35097],[22.2276,44.35158],[22.23273,44.35614],[22.23363,44.36214],[22.23765,44.36102],[22.24349,44.36424],[22.23898,44.3788],[22.23951,44.38352],[22.23571,44.38667],[22.23332,44.39158],[22.23461,44.39589],[22.23254,44.40032],[22.23456,44.40341],[22.23418,44.41369],[22.23102,44.41882],[22.23087,44.4223],[22.22724,44.42622],[22.22802,44.42972],[22.22492,44.43623],[22.22522,44.43861],[22.23029,44.44254],[22.2482,44.4394],[22.25482,44.44157],[22.25948,44.44069],[22.27134,44.44276],[22.27193,44.44461],[22.27014,44.44763],[22.27298,44.44884],[22.27349,44.45097],[22.27069,44.45786],[22.27064,44.46266],[22.26832,44.46407],[22.27531,44.47861],[22.27928,44.47835],[22.28654,44.47476],[22.29742,44.47446],[22.29878,44.47659],[22.29711,44.47902],[22.30268,44.47829],[22.31237,44.48086],[22.3129,44.48723],[22.31159,44.49137],[22.30315,44.4964],[22.29768,44.49669],[22.29007,44.50212],[22.30697,44.51318],[22.30398,44.51851],[22.30464,44.52113],[22.31385,44.52901],[22.31536,44.53208],[22.31193,44.53427],[22.31213,44.53559],[22.3185,44.54453],[22.32194,44.55421],[22.33331,44.55803],[22.34301,44.55809],[22.35603,44.5626],[22.35519,44.56635],[22.35712,44.5686],[22.35546,44.57237],[22.35026,44.57327],[22.34222,44.57132],[22.32177,44.58209],[22.32133,44.5898],[22.31885,44.593],[22.31676,44.60049]]]}},{"type":"Feature","properties":{"OBJECTID":149,"Value_e":"KLADOVO","Value_sl":"KLADOVO","Value_sc":"КЛАДОВО","Municipality_DOM_ID":"70572","Region_DOM_ID":"12","SHAPE.STArea()":629386178.6071461,"SHAPE.STLength()":137808.0995336913},"geometry":{"type":"Polygon","coordinates":[[[22.51241,44.6881],[22.48915,44.70097],[22.48045,44.71042],[22.4665,44.71509],[22.45797,44.71574],[22.45253,44.71227],[22.4466,44.7121],[22.43716,44.70901],[22.42721,44.70936],[22.41333,44.6994],[22.39727,44.68386],[22.37793,44.67408],[22.35754,44.67225],[22.33785,44.67638],[22.32883,44.67337],[22.3211,44.66538],[22.31234,44.66185],[22.30622,44.65736],[22.30198,44.65146],[22.30284,44.64314],[22.3002,44.63787],[22.28186,44.63106],[22.27457,44.62639],[22.26992,44.6065],[22.28366,44.60606],[22.28804,44.60345],[22.2898,44.6062],[22.29275,44.60476],[22.30761,44.60796],[22.31676,44.60049],[22.31885,44.593],[22.32133,44.5898],[22.32177,44.58209],[22.34222,44.57132],[22.35026,44.57327],[22.35546,44.57237],[22.35681,44.5703],[22.35519,44.56635],[22.35603,44.5626],[22.35463,44.56153],[22.34301,44.55809],[22.33265,44.55789],[22.32194,44.55421],[22.3185,44.54453],[22.31213,44.53559],[22.31193,44.53427],[22.31536,44.53208],[22.31385,44.52901],[22.30464,44.52113],[22.30398,44.51851],[22.30697,44.51318],[22.29007,44.50212],[22.29768,44.49669],[22.30315,44.4964],[22.31159,44.49137],[22.3129,44.48723],[22.31237,44.48086],[22.3195,44.4801],[22.32309,44.48159],[22.33039,44.48021],[22.34249,44.48193],[22.35665,44.47255],[22.36887,44.47042],[22.37777,44.45797],[22.38711,44.45447],[22.38799,44.45258],[22.38396,44.44987],[22.38209,44.44537],[22.38487,44.44293],[22.39016,44.44286],[22.39622,44.43854],[22.41331,44.43278],[22.41801,44.43059],[22.42216,44.4256],[22.4281,44.42331],[22.43433,44.42208],[22.43785,44.42335],[22.45876,44.42285],[22.47136,44.42922],[22.46598,44.43478],[22.472,44.43829],[22.46244,44.44893],[22.46036,44.458],[22.4556,44.46604],[22.45603,44.47026],[22.46126,44.47863],[22.46847,44.4813],[22.4778,44.48136],[22.51339,44.47273],[22.52185,44.47213],[22.5345,44.47811],[22.5414,44.47859],[22.54828,44.48157],[22.55529,44.48877],[22.55511,44.49607],[22.5599,44.50512],[22.55932,44.51173],[22.56245,44.53132],[22.56909,44.53721],[22.57258,44.54263],[22.57987,44.54807],[22.58758,44.55016],[22.61361,44.55081],[22.64118,44.54519],[22.66684,44.52841],[22.68873,44.51799],[22.69634,44.51611],[22.71545,44.5206],[22.75239,44.53368],[22.76052,44.53794],[22.76346,44.5414],[22.76244,44.55295],[22.75724,44.56155],[22.74668,44.57313],[22.73582,44.5807],[22.71995,44.59653],[22.70849,44.60475],[22.69856,44.60451],[22.68659,44.60744],[22.68265,44.6108],[22.68027,44.61652],[22.67479,44.61845],[22.65628,44.6187],[22.63161,44.61379],[22.61445,44.61671],[22.58767,44.63095],[22.56796,44.63879],[22.54197,44.66312],[22.53405,44.66892],[22.52079,44.67536],[22.51241,44.6881]]]}},{"type":"Feature","properties":{"OBJECTID":35,"Value_e":"KOVIN","Value_sl":"KOVIN","Value_sc":"КОВИН","Municipality_DOM_ID":"80225","Region_DOM_ID":"13","SHAPE.STArea()":737975867.2757819,"SHAPE.STLength()":156314.29255073043},"geometry":{"type":"Polygon","coordinates":[[[20.94316,44.98469],[20.92871,44.99825],[20.925,44.99685],[20.92196,45.00362],[20.90537,45.02062],[20.89763,45.00457],[20.91046,44.99206],[20.91825,44.92316],[20.95197,44.89979],[20.94867,44.89355],[20.8676,44.86829],[20.80519,44.83872],[20.7934,44.82557],[20.81308,44.82024],[20.81215,44.80646],[20.8167,44.8032],[20.8186,44.79715],[20.8174,44.79327],[20.81927,44.79105],[20.82823,44.78887],[20.85106,44.79182],[20.84793,44.7894],[20.8458,44.78487],[20.84902,44.78336],[20.86007,44.73197],[20.85901,44.72829],[20.8373,44.71081],[20.82509,44.69061],[20.80117,44.68846],[20.80136,44.65851],[20.84661,44.65726],[20.9133,44.6661],[20.93105,44.6752],[20.96131,44.69808],[20.99496,44.71715],[21.0119,44.72013],[21.04774,44.71659],[21.07573,44.7188],[21.10817,44.73134],[21.11911,44.73185],[21.12841,44.7356],[21.14331,44.73673],[21.14911,44.73852],[21.16038,44.74602],[21.16287,44.74844],[21.16506,44.75584],[21.1743,44.76215],[21.18208,44.76599],[21.19341,44.76692],[21.19824,44.76887],[21.21755,44.78352],[21.25956,44.79234],[21.27476,44.79956],[21.27484,44.80179],[21.26977,44.80397],[21.27068,44.80487],[21.26908,44.80664],[21.25962,44.8121],[21.28587,44.837],[21.2556,44.85561],[21.24866,44.859],[21.23494,44.84617],[21.21575,44.85679],[21.22936,44.86973],[21.16404,44.90624],[21.14041,44.88461],[21.05677,44.93034],[21.06692,44.9397],[21.02762,44.96239],[21.02994,44.96494],[21.02897,44.96706],[21.01054,44.97605],[20.97535,44.93687],[20.97076,44.9618],[20.9678,44.96612],[20.96308,44.97175],[20.94316,44.98469]]]}},{"type":"Feature","properties":{"OBJECTID":36,"Value_e":"BELA CRKVA","Value_sl":"BELA CRKVA","Value_sc":"БЕЛА ЦРКВА","Municipality_DOM_ID":"80098","Region_DOM_ID":"13","SHAPE.STArea()":352361864.8678801,"SHAPE.STLength()":135408.96517214735},"geometry":{"type":"Polygon","coordinates":[[[21.377,45.00672],[21.36023,45.02045],[21.36033,45.01816],[21.35632,45.01871],[21.3518,45.0122],[21.34647,45.00861],[21.35612,44.99758],[21.34677,44.99149],[21.34496,44.98675],[21.33995,44.98265],[21.33638,44.98084],[21.33515,44.98233],[21.3275,44.98052],[21.32699,44.97731],[21.32509,44.97715],[21.32543,44.9717],[21.32254,44.96871],[21.32865,44.96538],[21.34654,44.94958],[21.34251,44.94655],[21.32892,44.95278],[21.31559,44.96749],[21.30727,44.96552],[21.30798,44.96285],[21.3055,44.96221],[21.30574,44.95963],[21.29967,44.95927],[21.29701,44.95629],[21.29748,44.95353],[21.30241,44.9523],[21.30152,44.95017],[21.29845,44.95224],[21.29683,44.94957],[21.29634,44.95236],[21.29299,44.95004],[21.27358,44.94551],[21.27114,44.94605],[21.27059,44.94945],[21.26713,44.94811],[21.26811,44.9463],[21.26599,44.94485],[21.26566,44.94088],[21.27264,44.93796],[21.2681,44.93456],[21.2692,44.93309],[21.26604,44.93045],[21.26967,44.9286],[21.26778,44.92749],[21.24681,44.93895],[21.24617,44.93792],[21.22921,44.942],[21.22645,44.94939],[21.23039,44.9519],[21.21354,44.954],[21.17449,44.97027],[21.16457,44.95894],[21.17584,44.95375],[21.16543,44.94868],[21.15894,44.94752],[21.13424,44.95885],[21.12955,44.95467],[21.18388,44.92433],[21.16404,44.90624],[21.22936,44.86973],[21.21575,44.85679],[21.23494,44.84617],[21.24866,44.859],[21.28587,44.837],[21.25962,44.8121],[21.26908,44.80664],[21.27068,44.80487],[21.26977,44.80397],[21.27343,44.80146],[21.27484,44.80179],[21.27463,44.79635],[21.27866,44.7953],[21.29152,44.79417],[21.31285,44.80096],[21.32196,44.80759],[21.32445,44.81382],[21.32316,44.81795],[21.32957,44.82064],[21.3546,44.8227],[21.35781,44.8218],[21.35701,44.82845],[21.36218,44.82835],[21.36305,44.82987],[21.36251,44.83154],[21.3564,44.8311],[21.35553,44.83324],[21.35941,44.83641],[21.357,44.83595],[21.35408,44.83844],[21.35319,44.84182],[21.36029,44.84057],[21.36069,44.84346],[21.3576,44.84409],[21.35713,44.84699],[21.35946,44.84764],[21.35715,44.85083],[21.35962,44.85162],[21.35994,44.85483],[21.36602,44.86461],[21.37222,44.86728],[21.3838,44.86569],[21.38628,44.86958],[21.38823,44.87006],[21.39582,44.86671],[21.39904,44.86833],[21.40527,44.86683],[21.40599,44.86937],[21.41085,44.8692],[21.41563,44.87358],[21.42819,44.87084],[21.43202,44.86821],[21.43392,44.87089],[21.43614,44.87077],[21.43758,44.86823],[21.4434,44.86667],[21.44082,44.86937],[21.4467,44.87348],[21.44877,44.87333],[21.45056,44.86989],[21.45254,44.87335],[21.45465,44.87307],[21.46425,44.867],[21.47019,44.87077],[21.47646,44.86831],[21.4782,44.87051],[21.48556,44.86819],[21.48826,44.87108],[21.49382,44.87118],[21.51081,44.88089],[21.53517,44.88365],[21.5586,44.88953],[21.55578,44.9033],[21.55739,44.90487],[21.55683,44.90669],[21.54907,44.91525],[21.55125,44.92334],[21.54506,44.92832],[21.54514,44.93013],[21.52421,44.93889],[21.51892,44.93702],[21.46916,44.95852],[21.44581,44.96223],[21.4374,44.96042],[21.40663,44.97838],[21.41466,44.98675],[21.4051,44.98979],[21.40653,44.99239],[21.38842,44.99806],[21.38296,45.00185],[21.38683,45.00442],[21.37826,45.00819],[21.377,45.00672]]]}},{"type":"Feature","properties":{"OBJECTID":161,"Value_e":"OPOVO","Value_sl":"OPOVO","Value_sc":"ОПОВО","Municipality_DOM_ID":"80292","Region_DOM_ID":"13","SHAPE.STArea()":203502355.95383632,"SHAPE.STLength()":75054.6604684582},"geometry":{"type":"Polygon","coordinates":[[[20.50214,45.17681],[20.48281,45.18513],[20.47957,45.18246],[20.46958,45.18346],[20.47231,45.17207],[20.46518,45.17413],[20.46633,45.16676],[20.46014,45.17251],[20.45795,45.17004],[20.46652,45.16266],[20.4634,45.15666],[20.47324,45.15624],[20.4749,45.15445],[20.4743,45.15247],[20.46978,45.1513],[20.45955,45.15303],[20.45848,45.15088],[20.46407,45.14795],[20.46675,45.14428],[20.45846,45.14477],[20.45307,45.13881],[20.44846,45.13821],[20.44471,45.1319],[20.4346,45.13263],[20.43498,45.13049],[20.45127,45.12877],[20.45471,45.12614],[20.44402,45.11684],[20.42153,45.10603],[20.40834,45.09594],[20.41213,45.09373],[20.41064,45.09016],[20.41544,45.09328],[20.41727,45.09163],[20.41728,45.0875],[20.41434,45.08417],[20.41942,45.08187],[20.4218,45.07643],[20.41724,45.0706],[20.41896,45.06375],[20.41594,45.05345],[20.42268,45.0484],[20.42162,45.0458],[20.42287,45.04134],[20.4286,45.03479],[20.44147,45.02889],[20.44144,45.02611],[20.45835,45.01907],[20.46953,45.00732],[20.47762,44.99553],[20.48204,44.99288],[20.48655,44.99374],[20.48995,44.98935],[20.49972,44.98856],[20.50393,44.99522],[20.51961,45.0053],[20.60743,45.02003],[20.60303,45.04041],[20.59217,45.03699],[20.58622,45.04066],[20.57039,45.0655],[20.5883,45.099],[20.58716,45.10172],[20.60477,45.10118],[20.59567,45.10606],[20.59696,45.11188],[20.50214,45.17681]]]}},{"type":"Feature","properties":{"OBJECTID":165,"Value_e":"KOVAČICA","Value_sl":"KOVAČICA","Value_sc":"КОВАЧИЦА","Municipality_DOM_ID":"80217","Region_DOM_ID":"13","SHAPE.STArea()":419631950.879632,"SHAPE.STLength()":131718.29019411688},"geometry":{"type":"Polygon","coordinates":[[[20.6243,45.22299],[20.58454,45.23791],[20.57822,45.23444],[20.578,45.22393],[20.57378,45.20994],[20.56199,45.21098],[20.56546,45.20493],[20.56478,45.20352],[20.5581,45.20471],[20.55439,45.21277],[20.55084,45.21116],[20.54964,45.20572],[20.54836,45.20529],[20.54666,45.20899],[20.54984,45.21576],[20.53866,45.21382],[20.53775,45.21476],[20.53997,45.21712],[20.53898,45.21798],[20.52696,45.20657],[20.52373,45.2067],[20.51826,45.21026],[20.51898,45.2032],[20.51429,45.20333],[20.51055,45.20543],[20.50874,45.20907],[20.49806,45.21057],[20.49981,45.21321],[20.51237,45.21816],[20.50593,45.22231],[20.49543,45.21367],[20.48821,45.20316],[20.48729,45.19953],[20.48982,45.19135],[20.48685,45.19143],[20.4786,45.19628],[20.47837,45.19953],[20.47637,45.19583],[20.47664,45.1912],[20.48228,45.18507],[20.50721,45.17451],[20.57948,45.12417],[20.59696,45.11188],[20.59567,45.10606],[20.60477,45.10118],[20.58716,45.10172],[20.5883,45.099],[20.57039,45.0655],[20.58622,45.04066],[20.59217,45.03699],[20.60303,45.04041],[20.6073,45.02442],[20.6072,45.0109],[20.6297,44.98],[20.62157,44.97726],[20.62535,44.97217],[20.63719,44.97616],[20.63374,44.98118],[20.65215,44.98889],[20.65666,44.98263],[20.71568,45.00271],[20.69692,45.02649],[20.76082,45.05273],[20.7675,45.04132],[20.77219,45.0444],[20.79712,45.05317],[20.79209,45.07036],[20.80086,45.08155],[20.81586,45.11469],[20.82037,45.11385],[20.83756,45.14674],[20.81664,45.15247],[20.81281,45.15717],[20.80986,45.16466],[20.77929,45.18302],[20.80398,45.21639],[20.81065,45.22104],[20.79347,45.22352],[20.78284,45.20774],[20.76475,45.21314],[20.75412,45.19423],[20.73593,45.16726],[20.73225,45.16888],[20.71908,45.18285],[20.68337,45.19735],[20.69217,45.20598],[20.68813,45.20854],[20.68898,45.20964],[20.68478,45.20979],[20.6809,45.21247],[20.67738,45.21195],[20.62675,45.23272],[20.62557,45.22366],[20.6243,45.22299]]]}},{"type":"Feature","properties":{"OBJECTID":166,"Value_e":"VRŠAC","Value_sl":"VRŠAC","Value_sc":"ВРШАЦ","Municipality_DOM_ID":"80128","Region_DOM_ID":"13","SHAPE.STArea()":795961987.4009212,"SHAPE.STLength()":166599.16550361965},"geometry":{"type":"Polygon","coordinates":[[[21.27565,45.22953],[21.25486,45.24266],[21.22505,45.25289],[21.21086,45.24731],[21.21744,45.21745],[21.23384,45.20227],[21.10822,45.12164],[21.10123,45.1198],[21.10521,45.1001],[21.10749,45.09689],[21.09478,45.05737],[21.09972,45.05809],[21.08559,45.01216],[21.09089,45.01122],[21.08556,44.99001],[21.08287,44.98812],[21.08128,44.98325],[21.08885,44.9758],[21.0891,44.97264],[21.09483,44.9695],[21.06786,44.94244],[21.06434,44.94106],[21.06692,44.9397],[21.05677,44.93034],[21.14041,44.88461],[21.18388,44.92433],[21.12955,44.95467],[21.13424,44.95885],[21.15894,44.94752],[21.16543,44.94868],[21.17584,44.95375],[21.16457,44.95894],[21.17449,44.97027],[21.21354,44.954],[21.23039,44.9519],[21.22645,44.94939],[21.22921,44.942],[21.24617,44.93792],[21.24681,44.93895],[21.26778,44.92749],[21.26967,44.9286],[21.26604,44.93045],[21.2692,44.93309],[21.2681,44.93456],[21.27264,44.93796],[21.26566,44.94088],[21.26599,44.94485],[21.26811,44.9463],[21.26713,44.94811],[21.27059,44.94945],[21.27114,44.94605],[21.27358,44.94551],[21.29299,44.95004],[21.29634,44.95236],[21.29683,44.94957],[21.29845,44.95224],[21.30152,44.95017],[21.30241,44.9523],[21.29748,44.95353],[21.29701,44.95629],[21.29967,44.95927],[21.30574,44.95963],[21.3055,44.96221],[21.30798,44.96285],[21.30727,44.96552],[21.31559,44.96749],[21.32892,44.95278],[21.34251,44.94655],[21.34654,44.94958],[21.32865,44.96538],[21.32254,44.96871],[21.32543,44.9717],[21.32509,44.97715],[21.32699,44.97731],[21.3275,44.98052],[21.33515,44.98233],[21.33638,44.98084],[21.33995,44.98265],[21.34496,44.98675],[21.34677,44.99149],[21.35625,44.99778],[21.34647,45.00861],[21.3518,45.0122],[21.35621,45.01864],[21.36053,45.01826],[21.36078,45.02102],[21.36688,45.02436],[21.3743,45.0274],[21.38227,45.02612],[21.38164,45.02746],[21.38758,45.03041],[21.39319,45.02746],[21.39491,45.02811],[21.3951,45.03008],[21.39705,45.0292],[21.39749,45.03112],[21.40117,45.03133],[21.40417,45.03701],[21.41913,45.03759],[21.42208,45.0338],[21.43054,45.03706],[21.45489,45.04174],[21.45231,45.04786],[21.44739,45.0539],[21.44733,45.05762],[21.451,45.06226],[21.45584,45.0652],[21.45971,45.07191],[21.474,45.08825],[21.4811,45.09375],[21.46777,45.10501],[21.46804,45.10874],[21.47417,45.1158],[21.47756,45.12283],[21.47959,45.1243],[21.49852,45.12737],[21.52458,45.14027],[21.5258,45.14743],[21.52447,45.15316],[21.52061,45.1608],[21.51133,45.17186],[21.50242,45.17087],[21.49014,45.17387],[21.48026,45.19313],[21.43822,45.20275],[21.4272,45.2145],[21.41257,45.22114],[21.4083,45.22143],[21.40722,45.2256],[21.40144,45.22944],[21.39282,45.21955],[21.36684,45.2261],[21.3571,45.22195],[21.34137,45.23144],[21.33516,45.23333],[21.3357,45.23492],[21.32719,45.23684],[21.32814,45.23943],[21.32313,45.24055],[21.32237,45.23793],[21.31642,45.23785],[21.29374,45.24225],[21.27922,45.23013],[21.27565,45.22953]]]}},{"type":"Feature","properties":{"OBJECTID":167,"Value_e":"ALIBUNAR","Value_sl":"ALIBUNAR","Value_sc":"АЛИБУНАР","Municipality_DOM_ID":"80039","Region_DOM_ID":"13","SHAPE.STArea()":597767720.4427538,"SHAPE.STLength()":121040.32094676585},"geometry":{"type":"Polygon","coordinates":[[[21.10528,45.14498],[20.86393,45.25725],[20.80398,45.21639],[20.77929,45.18302],[20.80986,45.16466],[20.81281,45.15717],[20.81664,45.15247],[20.83756,45.14674],[20.82037,45.11385],[20.81586,45.11469],[20.80086,45.08155],[20.79209,45.07036],[20.79712,45.05317],[20.77219,45.0444],[20.82644,45.01105],[20.82908,45.01094],[20.86884,44.96978],[20.90948,44.99376],[20.89763,45.00457],[20.90537,45.02062],[20.92196,45.00362],[20.925,44.99685],[20.92871,44.99825],[20.94316,44.98469],[20.96308,44.97175],[20.96644,44.96784],[20.97076,44.9618],[20.97535,44.93687],[21.01054,44.97605],[21.02897,44.96706],[21.02994,44.96494],[21.02762,44.96239],[21.06434,44.94106],[21.06786,44.94244],[21.09483,44.9695],[21.0891,44.97264],[21.08885,44.9758],[21.08128,44.98325],[21.08287,44.98812],[21.08556,44.99001],[21.09089,45.01122],[21.08559,45.01216],[21.09972,45.05809],[21.09478,45.05737],[21.10749,45.09689],[21.10521,45.1001],[21.10123,45.1198],[21.10822,45.12164],[21.10414,45.14368],[21.10528,45.14498]]]}},{"type":"Feature","properties":{"OBJECTID":169,"Value_e":"PLANDIŠTE","Value_sl":"PLANDIŠTE","Value_sc":"ПЛАНДИШТЕ","Municipality_DOM_ID":"80349","Region_DOM_ID":"13","SHAPE.STArea()":383253672.9491999,"SHAPE.STLength()":94175.15262263911},"geometry":{"type":"Polygon","coordinates":[[[21.0612,45.31586],[21.06338,45.33193],[21.02972,45.32607],[20.9481,45.31709],[20.90568,45.30519],[20.86906,45.28427],[20.8257,45.27515],[21.10528,45.14498],[21.10414,45.14368],[21.10822,45.12164],[21.23384,45.20227],[21.21744,45.21745],[21.21086,45.24731],[21.21898,45.25059],[21.20283,45.26544],[21.20872,45.27527],[21.19573,45.28267],[21.19133,45.28678],[21.18944,45.29452],[21.18103,45.3081],[21.17993,45.31257],[21.18394,45.31604],[21.18065,45.31887],[21.18387,45.32073],[21.18081,45.32342],[21.1793,45.32255],[21.17623,45.32524],[21.16661,45.31976],[21.16506,45.32315],[21.16202,45.3251],[21.1496,45.31594],[21.1542,45.31236],[21.14451,45.30485],[21.12797,45.30467],[21.1097,45.30075],[21.09653,45.2959],[21.08099,45.31781],[21.07094,45.31401],[21.07111,45.31514],[21.0612,45.31586]]]}},{"type":"Feature","properties":{"OBJECTID":194,"Value_e":"PANČEVO-GRAD","Value_sl":"PANČEVO-GRAD","Value_sc":"ПАНЧЕВО-ГРАД","Municipality_DOM_ID":"80314","Region_DOM_ID":"13","SHAPE.STArea()":755249458.7762825,"SHAPE.STLength()":167290.56311398765},"geometry":{"type":"Polygon","coordinates":[[[20.7675,45.04132],[20.76082,45.05273],[20.69692,45.02649],[20.71568,45.00271],[20.65666,44.98263],[20.65215,44.98889],[20.63374,44.98118],[20.63719,44.97616],[20.62535,44.97217],[20.62157,44.97726],[20.6297,44.98],[20.6072,45.0109],[20.60743,45.02003],[20.51961,45.0053],[20.50393,44.99522],[20.49972,44.98856],[20.51262,44.98472],[20.52218,44.97859],[20.52277,44.9774],[20.51718,44.97254],[20.53398,44.94969],[20.53725,44.94884],[20.54303,44.95309],[20.54954,44.95401],[20.55267,44.95224],[20.54681,44.948],[20.55168,44.94197],[20.56669,44.93998],[20.56755,44.94179],[20.5719,44.94318],[20.57566,44.94134],[20.57479,44.93688],[20.57606,44.93559],[20.58281,44.93717],[20.59046,44.93574],[20.59635,44.9324],[20.61023,44.91791],[20.62236,44.90846],[20.61842,44.90244],[20.6197,44.89481],[20.61427,44.88782],[20.62322,44.86937],[20.61963,44.86732],[20.60193,44.86706],[20.59115,44.86269],[20.59285,44.86099],[20.61738,44.85748],[20.62129,44.85603],[20.62066,44.85434],[20.596,44.85527],[20.58251,44.85209],[20.57623,44.84865],[20.58261,44.84626],[20.5863,44.84272],[20.58972,44.83861],[20.59119,44.83295],[20.59688,44.82829],[20.61742,44.82908],[20.61775,44.82508],[20.6136,44.81943],[20.63012,44.80197],[20.62914,44.79566],[20.62476,44.78661],[20.62339,44.77458],[20.62869,44.76308],[20.63512,44.75459],[20.64535,44.74647],[20.66444,44.73974],[20.67478,44.7333],[20.68127,44.72733],[20.69151,44.71154],[20.72412,44.68288],[20.7593,44.66779],[20.76726,44.66176],[20.78037,44.65949],[20.80136,44.65851],[20.80117,44.68846],[20.82509,44.69061],[20.8373,44.71081],[20.85901,44.72829],[20.86007,44.73197],[20.84902,44.78336],[20.8458,44.78487],[20.84793,44.7894],[20.85106,44.79182],[20.82823,44.78887],[20.81927,44.79105],[20.8174,44.79327],[20.8186,44.79715],[20.8167,44.8032],[20.81215,44.80646],[20.81308,44.82024],[20.7934,44.82557],[20.80519,44.83872],[20.8676,44.86829],[20.94833,44.8934],[20.95197,44.89979],[20.91825,44.92316],[20.91613,44.95061],[20.90948,44.99376],[20.86884,44.96978],[20.82908,45.01094],[20.82644,45.01105],[20.77219,45.0444],[20.7675,45.04132]]]}},{"type":"Feature","properties":{"OBJECTID":31,"Value_e":"ŠABAC-GRAD","Value_sl":"ŠABAC-GRAD","Value_sc":"ШАБАЦ-ГРАД","Municipality_DOM_ID":"71269","Region_DOM_ID":"14","SHAPE.STArea()":796771712.3171548,"SHAPE.STLength()":227054.36649873038},"geometry":{"type":"Polygon","coordinates":[[[19.70539,44.92528],[19.7012,44.92633],[19.67933,44.92373],[19.67384,44.92487],[19.67266,44.92245],[19.67495,44.91833],[19.65598,44.91121],[19.65745,44.91042],[19.63854,44.90897],[19.63875,44.9066],[19.63744,44.90667],[19.63641,44.90394],[19.64021,44.90299],[19.63923,44.90089],[19.62897,44.90187],[19.63213,44.89038],[19.6239,44.8753],[19.62324,44.87116],[19.61822,44.87018],[19.61739,44.8721],[19.61362,44.87133],[19.61726,44.86516],[19.61531,44.86451],[19.61713,44.86219],[19.6139,44.85849],[19.60951,44.85885],[19.60918,44.85607],[19.60021,44.85267],[19.60281,44.85157],[19.59619,44.84992],[19.59557,44.85158],[19.58974,44.85003],[19.59043,44.84852],[19.58775,44.84785],[19.58988,44.83678],[19.58819,44.83673],[19.58947,44.8327],[19.58747,44.83236],[19.58873,44.82854],[19.59585,44.82608],[19.59973,44.8162],[19.59666,44.81224],[19.59367,44.81234],[19.59167,44.81516],[19.58949,44.81243],[19.5884,44.80441],[19.58348,44.80457],[19.57894,44.80129],[19.57021,44.79835],[19.5682,44.79559],[19.57056,44.79441],[19.56874,44.79205],[19.56608,44.79336],[19.56492,44.78999],[19.56381,44.79167],[19.56019,44.79159],[19.55957,44.78807],[19.56434,44.78536],[19.5639,44.78176],[19.56616,44.78197],[19.56427,44.76946],[19.54701,44.76131],[19.54385,44.76364],[19.53566,44.75786],[19.53751,44.75679],[19.53595,44.75529],[19.53146,44.75428],[19.52699,44.74969],[19.52203,44.75142],[19.52045,44.74767],[19.51325,44.7459],[19.50618,44.73898],[19.49985,44.73896],[19.50117,44.74238],[19.50434,44.74239],[19.504,44.74678],[19.51142,44.7511],[19.51047,44.75272],[19.50352,44.75252],[19.50421,44.75488],[19.50215,44.75519],[19.5041,44.76022],[19.50039,44.76137],[19.49971,44.76037],[19.48856,44.76572],[19.4885,44.76779],[19.49152,44.76906],[19.48162,44.77326],[19.47319,44.77201],[19.45554,44.77614],[19.45475,44.77454],[19.45186,44.77479],[19.45172,44.77635],[19.44916,44.7762],[19.44937,44.77456],[19.44787,44.77455],[19.44324,44.76776],[19.44189,44.76862],[19.44003,44.76342],[19.438,44.76336],[19.43505,44.75931],[19.42387,44.76005],[19.42555,44.75182],[19.43463,44.75001],[19.43354,44.74768],[19.42897,44.74673],[19.43082,44.74498],[19.431,44.74207],[19.42939,44.74083],[19.41303,44.74065],[19.41144,44.73658],[19.40379,44.73962],[19.39695,44.73998],[19.39734,44.74266],[19.38399,44.74236],[19.38342,44.73816],[19.36547,44.73805],[19.36524,44.73449],[19.35992,44.73473],[19.35943,44.73637],[19.35757,44.73356],[19.34577,44.73542],[19.34274,44.73131],[19.34316,44.73323],[19.33985,44.7342],[19.34005,44.73281],[19.33592,44.73301],[19.33659,44.73062],[19.33231,44.73049],[19.32021,44.74047],[19.31212,44.7412],[19.30173,44.73095],[19.30343,44.72743],[19.31238,44.72351],[19.31407,44.72078],[19.31082,44.71612],[19.30165,44.71383],[19.30235,44.70864],[19.31174,44.70987],[19.3239,44.70917],[19.32799,44.70639],[19.33672,44.70536],[19.33621,44.70043],[19.34617,44.69836],[19.34527,44.68707],[19.34897,44.68732],[19.34942,44.6845],[19.35563,44.68444],[19.35648,44.68318],[19.35348,44.68091],[19.35561,44.68009],[19.35402,44.67896],[19.36084,44.6748],[19.36143,44.67094],[19.3629,44.67083],[19.36193,44.67358],[19.38015,44.67767],[19.38416,44.67991],[19.3887,44.67913],[19.38963,44.67642],[19.39157,44.67711],[19.39694,44.67277],[19.39806,44.67332],[19.39871,44.67144],[19.40178,44.67139],[19.40402,44.66855],[19.40828,44.66878],[19.40945,44.66608],[19.40758,44.66239],[19.41062,44.6624],[19.41111,44.6606],[19.4103,44.65271],[19.4146,44.64805],[19.41148,44.64285],[19.41479,44.63712],[19.42197,44.63235],[19.42324,44.62952],[19.42241,44.62295],[19.42819,44.62058],[19.43072,44.62201],[19.43525,44.62027],[19.43906,44.62049],[19.44028,44.62215],[19.45294,44.62138],[19.45219,44.61962],[19.44916,44.62084],[19.44902,44.61947],[19.45306,44.61502],[19.45607,44.61629],[19.46674,44.61555],[19.47712,44.61078],[19.48718,44.60992],[19.49267,44.60688],[19.49485,44.60223],[19.509,44.59748],[19.5264,44.58609],[19.52991,44.57689],[19.53391,44.57478],[19.53591,44.57124],[19.53169,44.56164],[19.53437,44.56017],[19.53422,44.55872],[19.53875,44.55688],[19.53969,44.55583],[19.53763,44.55365],[19.54082,44.5521],[19.54616,44.54503],[19.55773,44.53525],[19.55857,44.5302],[19.55723,44.52838],[19.55984,44.52592],[19.56875,44.52288],[19.57264,44.51836],[19.56989,44.51308],[19.56495,44.50965],[19.56499,44.50674],[19.56262,44.50391],[19.56458,44.50176],[19.56322,44.4995],[19.5603,44.49918],[19.56252,44.49644],[19.56437,44.48878],[19.55736,44.48042],[19.56418,44.47922],[19.56773,44.47597],[19.58094,44.48054],[19.58622,44.48075],[19.58574,44.48202],[19.58786,44.48282],[19.59001,44.48145],[19.59256,44.48366],[19.59421,44.48939],[19.60298,44.48908],[19.61006,44.48537],[19.61737,44.48478],[19.61469,44.49613],[19.61794,44.50484],[19.61973,44.50583],[19.62512,44.50431],[19.62891,44.52151],[19.63594,44.52512],[19.6382,44.52373],[19.64007,44.52756],[19.64337,44.52931],[19.64526,44.53476],[19.64876,44.53658],[19.65819,44.54962],[19.66254,44.55319],[19.66187,44.5549],[19.66788,44.56019],[19.66658,44.5616],[19.66752,44.56381],[19.67883,44.57291],[19.67953,44.57425],[19.67669,44.57824],[19.68006,44.58138],[19.67892,44.58308],[19.68676,44.58565],[19.69044,44.58896],[19.68822,44.59049],[19.69157,44.59248],[19.69036,44.59521],[19.68612,44.59469],[19.68283,44.59614],[19.68629,44.59941],[19.68171,44.60315],[19.68228,44.60745],[19.68512,44.60628],[19.69392,44.61208],[19.69491,44.6102],[19.70488,44.61431],[19.70827,44.6138],[19.70817,44.61517],[19.71065,44.61637],[19.71186,44.61919],[19.70535,44.62096],[19.70474,44.62402],[19.71091,44.62799],[19.70968,44.63292],[19.70114,44.63677],[19.7033,44.63722],[19.70287,44.63943],[19.69773,44.64076],[19.69796,44.64478],[19.68925,44.64831],[19.68993,44.65005],[19.68725,44.65276],[19.68551,44.65255],[19.68423,44.66206],[19.69009,44.66406],[19.69284,44.66307],[19.69429,44.66578],[19.71544,44.67285],[19.71835,44.6699],[19.72253,44.67126],[19.72598,44.66704],[19.73001,44.66794],[19.73084,44.66586],[19.74698,44.66404],[19.7474,44.66136],[19.75589,44.66148],[19.76066,44.66837],[19.76485,44.66955],[19.76033,44.67353],[19.76438,44.67739],[19.76352,44.67999],[19.76571,44.6802],[19.76533,44.68288],[19.77158,44.6833],[19.77172,44.68556],[19.77894,44.68467],[19.78354,44.69124],[19.78696,44.69174],[19.78848,44.69134],[19.78723,44.69006],[19.78876,44.68867],[19.78622,44.68851],[19.78897,44.68791],[19.78967,44.68586],[19.79062,44.68769],[19.7996,44.68405],[19.79993,44.68008],[19.80468,44.67483],[19.80522,44.67021],[19.81038,44.67014],[19.80976,44.67251],[19.81413,44.67793],[19.82573,44.68257],[19.82515,44.68512],[19.82754,44.68564],[19.82553,44.688],[19.83281,44.69183],[19.83213,44.69298],[19.83627,44.6939],[19.83917,44.69703],[19.83868,44.69894],[19.84092,44.69875],[19.84424,44.70369],[19.84295,44.70508],[19.84477,44.70853],[19.84012,44.70832],[19.84384,44.71288],[19.8454,44.71241],[19.85186,44.71729],[19.84088,44.72518],[19.82162,44.73512],[19.81975,44.73822],[19.79929,44.74612],[19.78904,44.74839],[19.75039,44.74669],[19.75055,44.74803],[19.7316,44.7503],[19.73007,44.74884],[19.72218,44.75223],[19.70286,44.76829],[19.69601,44.78718],[19.69482,44.7951],[19.69666,44.81586],[19.70471,44.83198],[19.70205,44.83249],[19.70586,44.84154],[19.71552,44.85687],[19.7189,44.85771],[19.72204,44.85405],[19.73699,44.87358],[19.74103,44.88301],[19.74526,44.88819],[19.75592,44.89515],[19.75913,44.90382],[19.7558,44.91049],[19.74962,44.91309],[19.73974,44.91275],[19.7276,44.90974],[19.72297,44.91056],[19.70539,44.92528]]]}},{"type":"Feature","properties":{"OBJECTID":33,"Value_e":"BOGATIĆ","Value_sl":"BOGATIĆ","Value_sc":"БОГАТИЋ","Municipality_DOM_ID":"70289","Region_DOM_ID":"14","SHAPE.STArea()":384558100.4397104,"SHAPE.STLength()":155451.07511849285},"geometry":{"type":"Polygon","coordinates":[[[19.47757,44.93016],[19.46877,44.93079],[19.44394,44.94125],[19.43805,44.94139],[19.43311,44.93987],[19.43007,44.93575],[19.43409,44.93178],[19.44274,44.92821],[19.44435,44.92423],[19.438,44.9218],[19.43042,44.92306],[19.43008,44.92165],[19.42798,44.9221],[19.42562,44.91974],[19.42785,44.91713],[19.42685,44.91598],[19.41912,44.92382],[19.41778,44.92266],[19.40128,44.924],[19.39899,44.92019],[19.39276,44.91533],[19.38386,44.91212],[19.33334,44.92164],[19.32609,44.92145],[19.32137,44.91909],[19.32053,44.91422],[19.32927,44.90635],[19.33535,44.90345],[19.3482,44.90129],[19.35434,44.89872],[19.35455,44.89204],[19.35116,44.88909],[19.352,44.8862],[19.36878,44.88051],[19.37129,44.87828],[19.36453,44.87393],[19.35998,44.86815],[19.35923,44.8646],[19.36627,44.85931],[19.36738,44.85616],[19.36542,44.85445],[19.35145,44.85858],[19.34586,44.85252],[19.3473,44.8471],[19.34528,44.83995],[19.35535,44.8346],[19.35309,44.82649],[19.33561,44.82809],[19.33349,44.8239],[19.33572,44.81919],[19.33335,44.81782],[19.32522,44.82347],[19.31768,44.82161],[19.31714,44.81903],[19.322,44.81664],[19.32399,44.81279],[19.31291,44.81256],[19.31004,44.80541],[19.31131,44.80228],[19.31631,44.80049],[19.3179,44.79799],[19.31681,44.79483],[19.30566,44.79484],[19.30174,44.78971],[19.29489,44.78664],[19.29417,44.78442],[19.2955,44.78292],[19.29863,44.78199],[19.3056,44.78391],[19.3111,44.78],[19.3137,44.78043],[19.31794,44.78549],[19.32484,44.78333],[19.32635,44.77789],[19.32292,44.77458],[19.30875,44.77369],[19.30224,44.77176],[19.30116,44.76922],[19.30305,44.76617],[19.30741,44.76402],[19.32378,44.76375],[19.32424,44.75782],[19.31602,44.75656],[19.31506,44.75251],[19.31819,44.75028],[19.32976,44.74976],[19.33057,44.748],[19.3273,44.74602],[19.32724,44.74249],[19.32021,44.74047],[19.32149,44.73874],[19.33191,44.73212],[19.33231,44.73049],[19.33505,44.73051],[19.33659,44.73062],[19.33592,44.73301],[19.34005,44.73281],[19.33985,44.7342],[19.34316,44.73323],[19.34274,44.73131],[19.34577,44.73542],[19.35757,44.73356],[19.35943,44.73637],[19.35992,44.73473],[19.36524,44.73449],[19.36547,44.73805],[19.38342,44.73816],[19.38399,44.74236],[19.39734,44.74266],[19.39695,44.73998],[19.40379,44.73962],[19.41144,44.73658],[19.41303,44.74065],[19.42939,44.74083],[19.431,44.74207],[19.43082,44.74498],[19.42897,44.74673],[19.43354,44.74768],[19.43463,44.75001],[19.42555,44.75182],[19.42387,44.76005],[19.43505,44.75931],[19.438,44.76336],[19.44003,44.76342],[19.44189,44.76862],[19.44324,44.76776],[19.44787,44.77455],[19.44937,44.77456],[19.44916,44.7762],[19.45172,44.77635],[19.45186,44.77479],[19.45475,44.77454],[19.45554,44.77614],[19.47319,44.77201],[19.48162,44.77326],[19.49152,44.76906],[19.4885,44.76779],[19.48856,44.76572],[19.49971,44.76037],[19.50039,44.76137],[19.5041,44.76022],[19.50215,44.75519],[19.50421,44.75488],[19.50352,44.75252],[19.51047,44.75272],[19.51142,44.7511],[19.504,44.74678],[19.50434,44.74239],[19.50117,44.74238],[19.49985,44.73896],[19.50618,44.73898],[19.51325,44.7459],[19.52045,44.74767],[19.52203,44.75142],[19.52699,44.74969],[19.53146,44.75428],[19.53595,44.75529],[19.53751,44.75679],[19.53566,44.75786],[19.54385,44.76364],[19.54701,44.76131],[19.56427,44.76946],[19.56616,44.78197],[19.5639,44.78176],[19.56434,44.78536],[19.55957,44.78807],[19.56019,44.79159],[19.56381,44.79167],[19.56492,44.78999],[19.56608,44.79336],[19.56874,44.79205],[19.57056,44.79441],[19.5682,44.79559],[19.57021,44.79835],[19.57894,44.80129],[19.58348,44.80457],[19.5884,44.80441],[19.58949,44.81243],[19.59167,44.81516],[19.59367,44.81234],[19.59666,44.81224],[19.59973,44.8162],[19.59585,44.82608],[19.58873,44.82854],[19.58747,44.83236],[19.58947,44.8327],[19.58819,44.83673],[19.58988,44.83678],[19.58775,44.84785],[19.59043,44.84852],[19.58974,44.85003],[19.59557,44.85158],[19.59619,44.84992],[19.60281,44.85157],[19.60021,44.85267],[19.60918,44.85607],[19.60951,44.85885],[19.6139,44.85849],[19.61713,44.86219],[19.61531,44.86451],[19.61726,44.86516],[19.61362,44.87133],[19.61739,44.8721],[19.61822,44.87018],[19.62324,44.87116],[19.6239,44.8753],[19.63213,44.89038],[19.62897,44.90187],[19.63923,44.90089],[19.64021,44.90299],[19.63641,44.90394],[19.63744,44.90667],[19.63875,44.9066],[19.63854,44.90897],[19.65745,44.91042],[19.65598,44.91121],[19.67495,44.91833],[19.67149,44.92111],[19.66204,44.91746],[19.65329,44.91705],[19.65197,44.9194],[19.64749,44.91821],[19.63798,44.92323],[19.63558,44.92091],[19.6309,44.92233],[19.62755,44.92011],[19.62564,44.92201],[19.61894,44.92116],[19.6192,44.91933],[19.60762,44.91323],[19.61029,44.90877],[19.60168,44.90719],[19.60195,44.90859],[19.59278,44.90858],[19.5933,44.90606],[19.59091,44.90399],[19.5874,44.90422],[19.58672,44.90679],[19.58447,44.90636],[19.58421,44.90432],[19.57783,44.90425],[19.57624,44.90668],[19.56853,44.90626],[19.56735,44.90956],[19.56454,44.91142],[19.55872,44.90915],[19.55615,44.91226],[19.55172,44.90904],[19.54855,44.91087],[19.54539,44.91004],[19.53727,44.91855],[19.52735,44.92424],[19.52229,44.92437],[19.52122,44.92156],[19.52307,44.92047],[19.51831,44.91725],[19.51932,44.91604],[19.5175,44.91475],[19.51975,44.91368],[19.51884,44.91139],[19.51398,44.91393],[19.51105,44.91265],[19.50879,44.91078],[19.51346,44.90807],[19.51232,44.90717],[19.51018,44.90603],[19.50662,44.90684],[19.50308,44.90128],[19.49788,44.90232],[19.49398,44.90025],[19.48866,44.90202],[19.48714,44.90643],[19.48325,44.9067],[19.48319,44.91169],[19.47869,44.91228],[19.48008,44.91341],[19.47823,44.9155],[19.4803,44.91872],[19.4788,44.92094],[19.48039,44.92411],[19.47315,44.92761],[19.47757,44.93016]]]}},{"type":"Feature","properties":{"OBJECTID":126,"Value_e":"LJUBOVIJA","Value_sl":"LJUBOVIJA","Value_sc":"ЉУБОВИЈА","Municipality_DOM_ID":"70777","Region_DOM_ID":"14","SHAPE.STArea()":356185948.00997823,"SHAPE.STLength()":127140.6346151846},"geometry":{"type":"Polygon","coordinates":[[[19.29626,44.32873],[19.29259,44.33238],[19.29358,44.33853],[19.29085,44.34456],[19.28798,44.34022],[19.2818,44.33833],[19.2789,44.33429],[19.26665,44.32652],[19.25284,44.31305],[19.2505,44.30968],[19.24805,44.29608],[19.24609,44.29331],[19.25194,44.28844],[19.24892,44.2849],[19.2546,44.28435],[19.25732,44.281],[19.25526,44.27842],[19.25448,44.27923],[19.25346,44.2762],[19.24643,44.27401],[19.24307,44.26781],[19.24269,44.2616],[19.25159,44.26269],[19.26412,44.26747],[19.27948,44.27671],[19.29823,44.26933],[19.30359,44.26962],[19.31288,44.27305],[19.32495,44.27138],[19.32801,44.26836],[19.32786,44.25807],[19.33007,44.25036],[19.34185,44.24337],[19.34853,44.23213],[19.34333,44.22355],[19.34359,44.21924],[19.34973,44.21465],[19.35448,44.21379],[19.35962,44.20783],[19.35535,44.19824],[19.35721,44.18744],[19.35911,44.18428],[19.36791,44.18065],[19.38068,44.17969],[19.39739,44.17124],[19.40833,44.16908],[19.41988,44.14415],[19.43366,44.13517],[19.44406,44.13164],[19.44882,44.13165],[19.45626,44.14206],[19.46686,44.14894],[19.47425,44.14978],[19.48173,44.14592],[19.48338,44.14202],[19.48232,44.13893],[19.47117,44.1295],[19.46976,44.12152],[19.47473,44.11708],[19.49082,44.11651],[19.49312,44.11523],[19.49482,44.10345],[19.49712,44.09908],[19.50283,44.10231],[19.50261,44.10023],[19.50445,44.10145],[19.50962,44.09985],[19.51102,44.10224],[19.52012,44.09963],[19.52936,44.10763],[19.53195,44.10536],[19.52997,44.10342],[19.53228,44.10218],[19.53484,44.10596],[19.54789,44.10739],[19.55061,44.11028],[19.56236,44.10935],[19.56325,44.11323],[19.56637,44.11545],[19.56656,44.11938],[19.57271,44.1218],[19.57794,44.13068],[19.58664,44.13266],[19.58856,44.13364],[19.58795,44.1353],[19.59377,44.13617],[19.60323,44.14076],[19.6114,44.14036],[19.6177,44.13686],[19.62073,44.13254],[19.61973,44.13182],[19.62641,44.13043],[19.63071,44.13513],[19.63049,44.13883],[19.63401,44.13905],[19.63295,44.14421],[19.63479,44.14581],[19.63348,44.14801],[19.63821,44.15211],[19.64002,44.15671],[19.63609,44.16326],[19.63878,44.16668],[19.644,44.16819],[19.63409,44.16894],[19.62557,44.1734],[19.62124,44.18023],[19.61548,44.18177],[19.60988,44.18581],[19.60418,44.1863],[19.60396,44.18821],[19.60033,44.19072],[19.60071,44.1926],[19.59694,44.19594],[19.59685,44.20144],[19.59512,44.20204],[19.59292,44.20899],[19.59399,44.21055],[19.5911,44.21237],[19.59278,44.21823],[19.59081,44.22162],[19.5879,44.22119],[19.58913,44.22264],[19.58707,44.22376],[19.58869,44.22527],[19.58479,44.22568],[19.58547,44.22769],[19.57825,44.22828],[19.57073,44.2305],[19.57114,44.23168],[19.56884,44.23292],[19.56508,44.23292],[19.56438,44.23488],[19.56273,44.23472],[19.55981,44.23846],[19.55553,44.24066],[19.5392,44.23923],[19.53644,44.24161],[19.5333,44.24116],[19.51899,44.24502],[19.51901,44.24707],[19.51639,44.24754],[19.51611,44.25133],[19.51193,44.25367],[19.50577,44.25319],[19.50349,44.24974],[19.50543,44.24827],[19.50345,44.24829],[19.49739,44.24923],[19.49285,44.25361],[19.48869,44.25289],[19.48159,44.25688],[19.47535,44.25602],[19.47088,44.25879],[19.47034,44.26262],[19.46234,44.26472],[19.46319,44.26762],[19.46003,44.26557],[19.45418,44.26579],[19.43818,44.27],[19.43008,44.26896],[19.42694,44.27075],[19.41916,44.26617],[19.41172,44.26577],[19.41148,44.27255],[19.41579,44.27546],[19.40734,44.27658],[19.40411,44.2789],[19.40303,44.28206],[19.40929,44.28527],[19.40832,44.29095],[19.40512,44.29422],[19.40151,44.29242],[19.39938,44.29339],[19.39728,44.3],[19.38696,44.30891],[19.38818,44.31125],[19.38628,44.31402],[19.38388,44.3159],[19.37858,44.31513],[19.3779,44.31612],[19.38122,44.31623],[19.38377,44.31947],[19.38056,44.31967],[19.37833,44.32303],[19.37506,44.32447],[19.37215,44.32418],[19.36346,44.32844],[19.3466,44.32911],[19.34366,44.33431],[19.33653,44.33619],[19.31951,44.33614],[19.30507,44.329],[19.29626,44.32873]]]}},{"type":"Feature","properties":{"OBJECTID":133,"Value_e":"KRUPANJ","Value_sl":"KRUPANJ","Value_sc":"КРУПАЊ","Municipality_DOM_ID":"70661","Region_DOM_ID":"14","SHAPE.STArea()":342010188.2765491,"SHAPE.STLength()":138659.4045421375},"geometry":{"type":"Polygon","coordinates":[[[19.55115,44.48298],[19.54144,44.48567],[19.53389,44.48095],[19.52426,44.47793],[19.50982,44.4812],[19.5068,44.48387],[19.49878,44.48123],[19.47449,44.48048],[19.47488,44.47764],[19.47053,44.4783],[19.47023,44.47605],[19.46593,44.4783],[19.46313,44.47695],[19.46209,44.48016],[19.45942,44.48069],[19.45859,44.4789],[19.45421,44.47924],[19.44144,44.47391],[19.43649,44.46714],[19.4396,44.46278],[19.43378,44.46015],[19.42725,44.45319],[19.42233,44.45258],[19.42129,44.44704],[19.41389,44.45132],[19.40997,44.45127],[19.39857,44.45818],[19.40068,44.46433],[19.39585,44.46488],[19.39437,44.46727],[19.39108,44.4685],[19.38057,44.4691],[19.38005,44.47038],[19.37621,44.47072],[19.37749,44.47177],[19.37661,44.4724],[19.37439,44.47234],[19.36784,44.46117],[19.3638,44.46049],[19.36184,44.4619],[19.36089,44.45988],[19.35434,44.46021],[19.3484,44.45788],[19.34343,44.45884],[19.34294,44.45558],[19.33477,44.44606],[19.33503,44.44366],[19.32814,44.44482],[19.32074,44.45298],[19.31005,44.44748],[19.30063,44.44645],[19.2942,44.43949],[19.28463,44.43877],[19.27919,44.44131],[19.27567,44.43875],[19.27717,44.43665],[19.27598,44.4344],[19.27891,44.43306],[19.27837,44.43074],[19.27034,44.42728],[19.2708,44.421],[19.27437,44.41878],[19.27413,44.41566],[19.28013,44.41141],[19.27851,44.40709],[19.28053,44.40139],[19.27771,44.39942],[19.27797,44.39697],[19.27158,44.39427],[19.27205,44.38787],[19.26878,44.38435],[19.26828,44.38118],[19.26559,44.38102],[19.26374,44.37549],[19.25043,44.37555],[19.24467,44.3726],[19.23518,44.37392],[19.23302,44.37613],[19.22634,44.37498],[19.22374,44.373],[19.21182,44.3754],[19.21428,44.36669],[19.21116,44.36569],[19.21563,44.35864],[19.21666,44.35215],[19.21441,44.3502],[19.22089,44.34805],[19.22442,44.34314],[19.22643,44.33274],[19.22912,44.33182],[19.23526,44.33127],[19.24275,44.33868],[19.25715,44.33578],[19.27352,44.33781],[19.27573,44.34308],[19.28793,44.34593],[19.29267,44.3423],[19.29259,44.33238],[19.29626,44.32873],[19.30507,44.329],[19.32137,44.33636],[19.33674,44.33615],[19.34366,44.33431],[19.3466,44.32911],[19.36377,44.32837],[19.37215,44.32418],[19.37794,44.32324],[19.38104,44.31944],[19.38377,44.31947],[19.38122,44.31623],[19.3779,44.31612],[19.37858,44.31513],[19.38493,44.31525],[19.38803,44.31192],[19.38778,44.30784],[19.39728,44.3],[19.39938,44.29339],[19.40151,44.29242],[19.40512,44.29422],[19.40832,44.29095],[19.40929,44.28527],[19.40303,44.28206],[19.40411,44.2789],[19.40734,44.27658],[19.41579,44.27546],[19.41148,44.27255],[19.41172,44.26577],[19.41916,44.26617],[19.42694,44.27075],[19.42842,44.2692],[19.43518,44.26894],[19.43665,44.26978],[19.43648,44.27267],[19.44408,44.27496],[19.45052,44.2698],[19.45489,44.27256],[19.455,44.27748],[19.45737,44.27922],[19.4582,44.27782],[19.45927,44.27963],[19.45613,44.28476],[19.45029,44.2844],[19.44726,44.28631],[19.45088,44.28983],[19.45384,44.29049],[19.45362,44.29178],[19.45807,44.29113],[19.45847,44.2935],[19.46308,44.28999],[19.46345,44.29161],[19.46037,44.2945],[19.46675,44.29398],[19.46823,44.29486],[19.46711,44.29591],[19.47072,44.29736],[19.47093,44.29612],[19.4728,44.29636],[19.4731,44.29852],[19.47483,44.29765],[19.47399,44.29937],[19.47575,44.30147],[19.4728,44.30826],[19.47608,44.31147],[19.47483,44.3137],[19.47801,44.31541],[19.47672,44.31713],[19.48213,44.3199],[19.48303,44.32411],[19.48773,44.32386],[19.48842,44.32548],[19.49667,44.32435],[19.50633,44.32821],[19.50921,44.33145],[19.51622,44.33446],[19.51827,44.33794],[19.522,44.33731],[19.52066,44.34253],[19.51851,44.34177],[19.51288,44.34564],[19.51147,44.34454],[19.50661,44.34926],[19.5074,44.35286],[19.50478,44.35656],[19.50072,44.35752],[19.50094,44.35964],[19.49854,44.3626],[19.488,44.35967],[19.48633,44.3576],[19.48134,44.35735],[19.48185,44.36344],[19.47832,44.36559],[19.4767,44.36924],[19.47322,44.37006],[19.47092,44.37665],[19.47183,44.38079],[19.47643,44.38216],[19.47727,44.38128],[19.47584,44.37947],[19.48205,44.38017],[19.48959,44.3783],[19.48956,44.37948],[19.49919,44.37865],[19.50377,44.38331],[19.50758,44.38258],[19.50905,44.38912],[19.50725,44.39571],[19.51268,44.40045],[19.50878,44.4038],[19.5093,44.40541],[19.5198,44.41157],[19.51517,44.41778],[19.53101,44.42784],[19.52497,44.43247],[19.52359,44.43755],[19.51889,44.43648],[19.51185,44.43773],[19.50956,44.44094],[19.50282,44.44209],[19.50247,44.44656],[19.50687,44.44706],[19.51307,44.45123],[19.52439,44.45102],[19.53153,44.45638],[19.53967,44.45702],[19.54111,44.45479],[19.54448,44.45416],[19.5603,44.45548],[19.56928,44.4619],[19.57435,44.46216],[19.57893,44.46467],[19.57794,44.46746],[19.5698,44.47129],[19.56807,44.4757],[19.56418,44.47922],[19.55375,44.48052],[19.55115,44.48298]]]}},{"type":"Feature","properties":{"OBJECTID":135,"Value_e":"MALI ZVORNIK","Value_sl":"MALI ZVORNIK","Value_sc":"МАЛИ ЗВОРНИК","Municipality_DOM_ID":"70793","Region_DOM_ID":"14","SHAPE.STArea()":184007070.98164487,"SHAPE.STLength()":93640.64645105542},"geometry":{"type":"Polygon","coordinates":[[[19.17698,44.48858],[19.16255,44.48604],[19.14206,44.47647],[19.13771,44.47588],[19.14096,44.46861],[19.13728,44.46446],[19.13863,44.46092],[19.13651,44.45874],[19.13648,44.45597],[19.14485,44.45067],[19.14404,44.44586],[19.14928,44.4367],[19.14726,44.42895],[19.14703,44.41496],[19.14268,44.41118],[19.11851,44.40292],[19.11014,44.39745],[19.10704,44.39337],[19.10701,44.38311],[19.10374,44.3781],[19.10273,44.37126],[19.10653,44.36683],[19.11252,44.36947],[19.11993,44.36707],[19.11939,44.3637],[19.11183,44.36057],[19.10915,44.35744],[19.10898,44.35478],[19.11428,44.34426],[19.12285,44.34081],[19.13627,44.33918],[19.1365,44.33531],[19.1297,44.32933],[19.1297,44.32295],[19.13157,44.31808],[19.13723,44.31286],[19.14784,44.30964],[19.15606,44.30331],[19.15869,44.30043],[19.16145,44.28904],[19.16385,44.28565],[19.17495,44.28023],[19.17965,44.27979],[19.18897,44.28354],[19.19852,44.29113],[19.2099,44.29109],[19.21508,44.28942],[19.21737,44.28693],[19.22092,44.27206],[19.22654,44.26567],[19.23106,44.26333],[19.24269,44.2616],[19.24307,44.26781],[19.24643,44.27401],[19.25346,44.2762],[19.25448,44.27923],[19.25526,44.27842],[19.25732,44.281],[19.2546,44.28435],[19.24892,44.2849],[19.25194,44.28844],[19.24609,44.29331],[19.24805,44.29608],[19.25059,44.30988],[19.26029,44.32121],[19.2789,44.33429],[19.2818,44.33833],[19.28798,44.34022],[19.29085,44.34456],[19.28793,44.34593],[19.27573,44.34308],[19.27352,44.33781],[19.25715,44.33578],[19.243,44.33871],[19.23516,44.33121],[19.22643,44.33274],[19.22423,44.34358],[19.22089,44.34805],[19.21441,44.3502],[19.21666,44.35215],[19.21563,44.35864],[19.21116,44.36569],[19.21431,44.3676],[19.21122,44.37488],[19.22374,44.373],[19.22634,44.37498],[19.23302,44.37613],[19.23518,44.37392],[19.24305,44.3725],[19.25043,44.37555],[19.26374,44.37549],[19.26516,44.38048],[19.26828,44.38118],[19.26878,44.38435],[19.27205,44.38787],[19.27151,44.39415],[19.27473,44.39581],[19.26374,44.40082],[19.25807,44.39947],[19.25311,44.40637],[19.24218,44.41071],[19.22865,44.41218],[19.21668,44.41968],[19.21596,44.42269],[19.21748,44.4263],[19.21492,44.42714],[19.2149,44.42957],[19.20877,44.43231],[19.21523,44.43474],[19.21574,44.43953],[19.22192,44.44291],[19.22225,44.45006],[19.22667,44.45514],[19.21685,44.45745],[19.21229,44.46217],[19.20839,44.46318],[19.20585,44.46724],[19.19969,44.46757],[19.19638,44.4704],[19.1974,44.47505],[19.19079,44.47602],[19.18325,44.48016],[19.18029,44.48524],[19.17699,44.48627],[19.17698,44.48858]]]}},{"type":"Feature","properties":{"OBJECTID":140,"Value_e":"KOCELJEVA","Value_sl":"KOCELJEVA","Value_sc":"КОЦЕЉЕВА","Municipality_DOM_ID":"70637","Region_DOM_ID":"14","SHAPE.STArea()":257261658.50437856,"SHAPE.STLength()":105096.56799892815},"geometry":{"type":"Polygon","coordinates":[[[19.79883,44.57012],[19.79144,44.56735],[19.79131,44.5659],[19.7848,44.5644],[19.78421,44.56272],[19.77717,44.56307],[19.77129,44.56096],[19.77168,44.55957],[19.76734,44.55609],[19.76771,44.5535],[19.76475,44.55025],[19.75328,44.54736],[19.74709,44.54415],[19.74215,44.54861],[19.74092,44.55186],[19.73365,44.55503],[19.71789,44.55444],[19.71279,44.54765],[19.71426,44.53925],[19.71038,44.53374],[19.71321,44.52811],[19.71705,44.52569],[19.72013,44.50941],[19.70946,44.50375],[19.7121,44.50232],[19.71142,44.50045],[19.70576,44.50374],[19.70237,44.5015],[19.70039,44.50239],[19.69626,44.50104],[19.69346,44.50477],[19.68334,44.50379],[19.68155,44.50822],[19.68237,44.51113],[19.67952,44.51159],[19.67999,44.51383],[19.69249,44.51987],[19.68729,44.52433],[19.67953,44.52243],[19.67755,44.52496],[19.6675,44.52568],[19.6578,44.52214],[19.64339,44.52038],[19.63594,44.52512],[19.62855,44.52097],[19.62817,44.51374],[19.6264,44.51241],[19.62512,44.50431],[19.61973,44.50583],[19.61746,44.50438],[19.6146,44.49534],[19.61693,44.49051],[19.61701,44.48443],[19.61006,44.48537],[19.60298,44.48908],[19.59421,44.48939],[19.59256,44.48366],[19.5902,44.48158],[19.58786,44.48282],[19.58574,44.48202],[19.58622,44.48075],[19.56935,44.47715],[19.56773,44.47597],[19.56911,44.47206],[19.57794,44.46746],[19.57902,44.46466],[19.58789,44.45667],[19.61024,44.44315],[19.61416,44.43894],[19.62603,44.43839],[19.63131,44.4401],[19.64125,44.44024],[19.645,44.44421],[19.66171,44.45219],[19.67045,44.45255],[19.6807,44.45698],[19.68977,44.45523],[19.69716,44.45579],[19.69968,44.45723],[19.70043,44.46037],[19.70749,44.45749],[19.71158,44.45835],[19.71321,44.45306],[19.71853,44.44615],[19.72739,44.44164],[19.7382,44.4392],[19.75299,44.44117],[19.75989,44.43622],[19.77011,44.43725],[19.77322,44.43584],[19.78306,44.43618],[19.78387,44.43339],[19.78813,44.4302],[19.78965,44.42628],[19.78951,44.42358],[19.78817,44.42381],[19.79069,44.4198],[19.78936,44.41858],[19.79095,44.41838],[19.79278,44.40877],[19.79407,44.40797],[19.80716,44.41],[19.81431,44.40842],[19.8192,44.41009],[19.84438,44.40683],[19.8532,44.40995],[19.85577,44.40643],[19.85867,44.40531],[19.85767,44.41085],[19.86258,44.42204],[19.85755,44.42857],[19.86017,44.43335],[19.85506,44.43735],[19.85661,44.4399],[19.86761,44.4434],[19.86529,44.44868],[19.86713,44.45357],[19.87001,44.45579],[19.88036,44.45776],[19.88023,44.45984],[19.8767,44.46293],[19.87956,44.46701],[19.88449,44.46853],[19.88507,44.47193],[19.88286,44.48115],[19.88617,44.48963],[19.88322,44.49034],[19.88811,44.49532],[19.89056,44.50541],[19.89477,44.50972],[19.88924,44.51158],[19.89051,44.51523],[19.88339,44.51619],[19.87793,44.51881],[19.87823,44.53091],[19.87557,44.53963],[19.87763,44.54898],[19.87937,44.54875],[19.87985,44.55078],[19.87361,44.55226],[19.86781,44.54662],[19.85792,44.5444],[19.8477,44.55172],[19.84423,44.55022],[19.84035,44.55534],[19.83948,44.56228],[19.83404,44.56334],[19.82907,44.55835],[19.8235,44.5558],[19.81214,44.55472],[19.81034,44.55815],[19.81009,44.56563],[19.79883,44.57012]]]}},{"type":"Feature","properties":{"OBJECTID":147,"Value_e":"LOZNICA-GRAD","Value_sl":"LOZNICA-GRAD","Value_sc":"ЛОЗНИЦА-ГРАД","Municipality_DOM_ID":"70734","Region_DOM_ID":"14","SHAPE.STArea()":612248732.4135329,"SHAPE.STLength()":153671.2640279498},"geometry":{"type":"Polygon","coordinates":[[[19.32534,44.70872],[19.30674,44.70908],[19.30898,44.70572],[19.30542,44.70318],[19.29999,44.69515],[19.30378,44.69042],[19.30301,44.68834],[19.29684,44.6876],[19.2915,44.6918],[19.28863,44.69099],[19.28724,44.68743],[19.29047,44.68515],[19.29126,44.68251],[19.28905,44.6816],[19.28912,44.67949],[19.28109,44.67828],[19.27914,44.67132],[19.2762,44.66802],[19.28268,44.66206],[19.28046,44.6618],[19.27959,44.65879],[19.27259,44.65723],[19.26386,44.66034],[19.25883,44.65699],[19.26633,44.64808],[19.25731,44.6347],[19.25077,44.63385],[19.23643,44.62299],[19.22471,44.61998],[19.21491,44.61934],[19.21571,44.61663],[19.22285,44.61493],[19.22719,44.6108],[19.22214,44.60343],[19.22007,44.59438],[19.2147,44.58891],[19.21113,44.58839],[19.20665,44.58328],[19.20547,44.58111],[19.20647,44.57692],[19.20212,44.57755],[19.19893,44.57486],[19.19094,44.57698],[19.18581,44.57615],[19.18373,44.57347],[19.18183,44.56574],[19.18357,44.56273],[19.18241,44.5614],[19.19217,44.55473],[19.19207,44.55184],[19.19006,44.54681],[19.17665,44.53642],[19.17563,44.53178],[19.17086,44.52613],[19.16312,44.52212],[19.16351,44.52342],[19.15711,44.52399],[19.15541,44.52558],[19.15163,44.52394],[19.144,44.52693],[19.14054,44.52467],[19.13141,44.52287],[19.12896,44.52068],[19.12308,44.50055],[19.13266,44.49077],[19.13394,44.48123],[19.13703,44.47651],[19.14206,44.47647],[19.16255,44.48604],[19.17698,44.48858],[19.17699,44.48627],[19.18029,44.48524],[19.18325,44.48016],[19.19079,44.47602],[19.1974,44.47505],[19.19638,44.4704],[19.19969,44.46757],[19.20585,44.46724],[19.20839,44.46318],[19.21229,44.46217],[19.21685,44.45745],[19.22667,44.45514],[19.22225,44.45006],[19.22192,44.44291],[19.21574,44.43953],[19.21523,44.43474],[19.20877,44.43231],[19.2149,44.42957],[19.21492,44.42714],[19.21748,44.4263],[19.21596,44.42269],[19.21668,44.41968],[19.22865,44.41218],[19.24218,44.41071],[19.25311,44.40637],[19.25807,44.39947],[19.26374,44.40082],[19.27473,44.39581],[19.27797,44.39697],[19.27771,44.39942],[19.27981,44.3998],[19.28065,44.4032],[19.27851,44.40709],[19.28013,44.41141],[19.27413,44.41566],[19.27437,44.41878],[19.2708,44.421],[19.27033,44.42788],[19.27742,44.42988],[19.27898,44.43178],[19.27586,44.43467],[19.27717,44.43646],[19.27605,44.43952],[19.27919,44.44131],[19.28463,44.43877],[19.29478,44.43966],[19.30063,44.44645],[19.31005,44.44748],[19.32074,44.45298],[19.32814,44.44482],[19.33503,44.44366],[19.33477,44.44606],[19.34294,44.45558],[19.34343,44.45884],[19.3484,44.45788],[19.35434,44.46021],[19.36089,44.45988],[19.36184,44.4619],[19.3638,44.46049],[19.36784,44.46117],[19.37439,44.47234],[19.37661,44.4724],[19.37749,44.47177],[19.37621,44.47072],[19.38005,44.47038],[19.38057,44.4691],[19.39108,44.4685],[19.39437,44.46727],[19.39585,44.46488],[19.40068,44.46433],[19.39857,44.45818],[19.40997,44.45127],[19.41389,44.45132],[19.42129,44.44704],[19.42233,44.45258],[19.42725,44.45319],[19.43378,44.46015],[19.4396,44.46278],[19.43649,44.46714],[19.44144,44.47391],[19.45421,44.47924],[19.45859,44.4789],[19.45942,44.48069],[19.46209,44.48016],[19.46313,44.47695],[19.46593,44.4783],[19.47023,44.47605],[19.47053,44.4783],[19.47488,44.47764],[19.47449,44.48048],[19.49878,44.48123],[19.5068,44.48387],[19.50982,44.4812],[19.52426,44.47793],[19.53389,44.48095],[19.54144,44.48567],[19.55052,44.48386],[19.55439,44.48045],[19.55762,44.48056],[19.56214,44.48476],[19.56437,44.48878],[19.56252,44.49644],[19.5603,44.49918],[19.56322,44.4995],[19.56458,44.50176],[19.56262,44.50391],[19.56499,44.50674],[19.56495,44.50965],[19.56989,44.51308],[19.57264,44.51836],[19.56875,44.52288],[19.55984,44.52592],[19.55723,44.52838],[19.55857,44.5302],[19.55773,44.53525],[19.54616,44.54503],[19.54082,44.5521],[19.53763,44.55365],[19.53969,44.55583],[19.53875,44.55688],[19.53422,44.55872],[19.53437,44.56017],[19.53169,44.56164],[19.53591,44.57124],[19.53391,44.57478],[19.52991,44.57689],[19.5264,44.58609],[19.509,44.59748],[19.49485,44.60223],[19.49267,44.60688],[19.48718,44.60992],[19.47712,44.61078],[19.46674,44.61555],[19.45607,44.61629],[19.45306,44.61502],[19.44902,44.61947],[19.44916,44.62084],[19.45219,44.61962],[19.45294,44.62138],[19.44028,44.62215],[19.43906,44.62049],[19.43525,44.62027],[19.43072,44.62201],[19.42819,44.62058],[19.42241,44.62295],[19.42324,44.62952],[19.42197,44.63235],[19.41479,44.63712],[19.41148,44.64285],[19.4146,44.64805],[19.4103,44.65271],[19.41111,44.6606],[19.41062,44.6624],[19.40758,44.66239],[19.40945,44.66608],[19.40828,44.66878],[19.40402,44.66855],[19.40178,44.67139],[19.39871,44.67144],[19.39806,44.67332],[19.39694,44.67277],[19.39157,44.67711],[19.38963,44.67642],[19.3887,44.67913],[19.38416,44.67991],[19.38015,44.67767],[19.36193,44.67358],[19.3629,44.67083],[19.36143,44.67094],[19.36084,44.6748],[19.35402,44.67896],[19.35561,44.68009],[19.35348,44.68091],[19.35648,44.68318],[19.35563,44.68444],[19.34942,44.6845],[19.34897,44.68732],[19.34527,44.68707],[19.34617,44.69836],[19.33621,44.70043],[19.33672,44.70536],[19.32799,44.70639],[19.32534,44.70872]]]}},{"type":"Feature","properties":{"OBJECTID":148,"Value_e":"VLADIMIRCI","Value_sl":"VLADIMIRCI","Value_sc":"ВЛАДИМИРЦИ","Municipality_DOM_ID":"70408","Region_DOM_ID":"14","SHAPE.STArea()":337950824.2752702,"SHAPE.STLength()":150200.9296331694},"geometry":{"type":"Polygon","coordinates":[[[19.86367,44.70871],[19.85186,44.71729],[19.8454,44.71241],[19.84384,44.71288],[19.84012,44.70832],[19.84477,44.70853],[19.84295,44.70508],[19.84424,44.70369],[19.84092,44.69875],[19.83868,44.69894],[19.83917,44.69703],[19.83627,44.6939],[19.83213,44.69298],[19.83281,44.69183],[19.82553,44.688],[19.82754,44.68564],[19.82515,44.68512],[19.82573,44.68257],[19.81413,44.67793],[19.80976,44.67251],[19.81038,44.67014],[19.80522,44.67021],[19.80468,44.67483],[19.79993,44.68008],[19.7996,44.68405],[19.79062,44.68769],[19.78967,44.68586],[19.78897,44.68791],[19.78622,44.68851],[19.78876,44.68867],[19.78723,44.69006],[19.78848,44.69134],[19.78696,44.69174],[19.78354,44.69124],[19.77894,44.68467],[19.77172,44.68556],[19.77158,44.6833],[19.76533,44.68288],[19.76571,44.6802],[19.76352,44.67999],[19.76438,44.67739],[19.76033,44.67353],[19.76485,44.66955],[19.76066,44.66837],[19.75589,44.66148],[19.7474,44.66136],[19.74698,44.66404],[19.73084,44.66586],[19.73001,44.66794],[19.72598,44.66704],[19.72253,44.67126],[19.71835,44.6699],[19.71544,44.67285],[19.69429,44.66578],[19.69284,44.66307],[19.69009,44.66406],[19.68423,44.66206],[19.68551,44.65255],[19.68725,44.65276],[19.68993,44.65005],[19.68925,44.64831],[19.69796,44.64478],[19.69773,44.64076],[19.70287,44.63943],[19.7033,44.63722],[19.70114,44.63677],[19.70968,44.63292],[19.71091,44.62799],[19.70474,44.62402],[19.70535,44.62096],[19.71184,44.61913],[19.70827,44.6138],[19.70488,44.61431],[19.69491,44.6102],[19.69392,44.61208],[19.68512,44.60628],[19.68228,44.60745],[19.68171,44.60315],[19.68629,44.59941],[19.68283,44.59614],[19.68612,44.59469],[19.69036,44.59521],[19.69157,44.59248],[19.68822,44.59049],[19.69044,44.58896],[19.68676,44.58565],[19.67892,44.58308],[19.68006,44.58138],[19.67669,44.57824],[19.67953,44.57425],[19.67883,44.57291],[19.66752,44.56381],[19.66658,44.5616],[19.66788,44.56019],[19.66187,44.5549],[19.66254,44.55319],[19.65819,44.54962],[19.64876,44.53658],[19.64526,44.53476],[19.64357,44.52956],[19.64007,44.52756],[19.6382,44.52373],[19.64339,44.52038],[19.6578,44.52214],[19.6675,44.52568],[19.67755,44.52496],[19.67953,44.52243],[19.68714,44.52438],[19.69249,44.51987],[19.67999,44.51383],[19.67952,44.51159],[19.68237,44.51113],[19.68155,44.50822],[19.68334,44.50379],[19.69346,44.50477],[19.69626,44.50104],[19.70039,44.50239],[19.70237,44.5015],[19.70576,44.50374],[19.71142,44.50045],[19.7121,44.50232],[19.70946,44.50375],[19.72013,44.50941],[19.71705,44.52569],[19.71321,44.52811],[19.71038,44.53374],[19.71426,44.53925],[19.71279,44.54765],[19.71789,44.55444],[19.73365,44.55503],[19.74092,44.55186],[19.74215,44.54861],[19.74709,44.54415],[19.75328,44.54736],[19.76475,44.55025],[19.76771,44.5535],[19.76734,44.55609],[19.77168,44.55957],[19.77129,44.56096],[19.77717,44.56307],[19.78421,44.56272],[19.7848,44.5644],[19.79131,44.5659],[19.79144,44.56735],[19.79854,44.57017],[19.81009,44.56563],[19.81034,44.55815],[19.81214,44.55472],[19.8235,44.5558],[19.82907,44.55835],[19.83376,44.56335],[19.83944,44.56232],[19.84035,44.55534],[19.84423,44.55022],[19.8477,44.55172],[19.85441,44.54778],[19.85591,44.54506],[19.8601,44.54418],[19.86967,44.5477],[19.87099,44.55081],[19.87361,44.55226],[19.87948,44.55312],[19.88247,44.55645],[19.88176,44.55806],[19.88311,44.55971],[19.88565,44.55997],[19.8861,44.56278],[19.89313,44.56519],[19.89703,44.56767],[19.89703,44.56946],[19.90519,44.57177],[19.90837,44.57642],[19.92881,44.575],[19.92848,44.57279],[19.93594,44.57079],[19.94842,44.57381],[19.95587,44.57313],[19.95937,44.57503],[19.96327,44.57474],[19.96342,44.57649],[19.97053,44.57658],[19.97508,44.57983],[19.98487,44.58165],[19.98881,44.58428],[19.98838,44.58588],[19.99037,44.5857],[19.99028,44.58724],[19.99321,44.58568],[19.9954,44.58887],[20.00014,44.5903],[19.99927,44.59348],[19.99575,44.59565],[19.99675,44.59727],[19.99117,44.60101],[19.99107,44.60326],[19.98753,44.60329],[19.98829,44.60448],[19.98711,44.60445],[19.98573,44.60896],[19.98298,44.60918],[19.97574,44.61381],[19.97556,44.61726],[19.97768,44.61766],[19.97535,44.61893],[19.9779,44.62138],[19.97725,44.62447],[19.97924,44.62418],[19.97738,44.62636],[19.97976,44.6262],[19.97877,44.62735],[19.98095,44.62733],[19.98083,44.62881],[19.98556,44.62823],[19.9859,44.62993],[19.98389,44.62968],[19.98623,44.63124],[19.98264,44.63245],[19.98601,44.63354],[19.98427,44.63502],[19.98516,44.63565],[19.9885,44.63592],[19.9853,44.63803],[19.98824,44.63853],[19.98583,44.64228],[19.96838,44.63203],[19.95303,44.62974],[19.92686,44.63657],[19.92266,44.63935],[19.91988,44.64391],[19.92184,44.65177],[19.931,44.65732],[19.94189,44.66019],[19.96745,44.66178],[19.99061,44.67292],[19.99653,44.67767],[20.00015,44.68296],[20.00005,44.68723],[19.99798,44.69019],[19.99272,44.69273],[19.96711,44.69092],[19.94837,44.69373],[19.94241,44.69261],[19.92525,44.69456],[19.90633,44.69424],[19.8781,44.70182],[19.86367,44.70871]]]}},{"type":"Feature","properties":{"OBJECTID":29,"Value_e":"BEOGRAD-NOVI BEOGRAD","Value_sl":"BEOGRAD-NOVI BEOGRAD","Value_sc":"БЕОГРАД-НОВИ БЕОГРАД","Municipality_DOM_ID":"70181","Region_DOM_ID":"15","SHAPE.STArea()":40767300.803498395,"SHAPE.STLength()":31721.893041257244},"geometry":{"type":"Polygon","coordinates":[[[20.4095,44.83514],[20.39564,44.83425],[20.39069,44.82496],[20.38258,44.82799],[20.37757,44.82811],[20.37557,44.8299],[20.3626,44.83066],[20.35851,44.83241],[20.32574,44.83425],[20.33533,44.8011],[20.33363,44.80039],[20.33603,44.78982],[20.33847,44.79079],[20.33823,44.78835],[20.3405,44.78591],[20.34177,44.78713],[20.34745,44.77132],[20.35096,44.7688],[20.36025,44.77421],[20.37254,44.78597],[20.37791,44.78913],[20.41192,44.79672],[20.42877,44.79676],[20.44035,44.80231],[20.44661,44.80844],[20.44806,44.81531],[20.44358,44.82559],[20.43519,44.82253],[20.42917,44.82336],[20.42744,44.82663],[20.42203,44.82475],[20.41983,44.82821],[20.41696,44.82787],[20.4157,44.83388],[20.4101,44.83331],[20.4095,44.83514]]]}},{"type":"Feature","properties":{"OBJECTID":30,"Value_e":"BEOGRAD-SURČIN","Value_sl":"BEOGRAD-SURČIN","Value_sc":"БЕОГРАД-СУРЧИН","Municipality_DOM_ID":"71293","Region_DOM_ID":"15","SHAPE.STArea()":288070463.4013953,"SHAPE.STLength()":94968.71235747928},"geometry":{"type":"Polygon","coordinates":[[[20.28582,44.84477],[20.27943,44.87542],[20.261,44.88266],[20.25431,44.87088],[20.21378,44.85932],[20.19643,44.8453],[20.18589,44.84368],[20.18107,44.84558],[20.17584,44.81956],[20.16093,44.81965],[20.15871,44.81207],[20.15561,44.80924],[20.14238,44.81115],[20.13895,44.80296],[20.09664,44.80727],[20.08789,44.78734],[20.09543,44.78599],[20.09651,44.78148],[20.09859,44.77998],[20.1054,44.77953],[20.11608,44.77373],[20.12762,44.77253],[20.13162,44.76792],[20.13579,44.76671],[20.13494,44.76082],[20.12438,44.76022],[20.12369,44.75737],[20.11374,44.7584],[20.11201,44.75203],[20.13245,44.7388],[20.12765,44.73636],[20.12421,44.73741],[20.12128,44.73623],[20.1194,44.73282],[20.12173,44.72767],[20.11579,44.72673],[20.1124,44.72877],[20.10468,44.72748],[20.10464,44.72544],[20.10293,44.72571],[20.10211,44.7239],[20.11797,44.71435],[20.12464,44.71562],[20.12402,44.71397],[20.12851,44.71168],[20.14395,44.71384],[20.15463,44.70895],[20.15968,44.70391],[20.16144,44.69963],[20.15811,44.68435],[20.15894,44.67983],[20.164,44.67461],[20.1716,44.67227],[20.17969,44.67288],[20.18698,44.67561],[20.19729,44.68274],[20.20967,44.70577],[20.21517,44.71171],[20.22533,44.71472],[20.23415,44.7138],[20.23995,44.70965],[20.24122,44.70483],[20.23906,44.70068],[20.22953,44.69346],[20.22706,44.68968],[20.22719,44.68344],[20.23137,44.67775],[20.24505,44.66715],[20.25425,44.66307],[20.27696,44.66173],[20.28642,44.66478],[20.30466,44.68674],[20.30629,44.69642],[20.30605,44.71949],[20.30929,44.73259],[20.32202,44.74484],[20.33981,44.75588],[20.35096,44.7688],[20.34745,44.77132],[20.34172,44.78721],[20.3405,44.78591],[20.33823,44.78835],[20.33847,44.79079],[20.33603,44.78982],[20.33363,44.80039],[20.33533,44.8011],[20.32574,44.83425],[20.2857,44.83324],[20.28582,44.84477]]]}},{"type":"Feature","properties":{"OBJECTID":32,"Value_e":"BEOGRAD-ZEMUN","Value_sl":"BEOGRAD-ZEMUN","Value_sc":"БЕОГРАД-ЗЕМУН","Municipality_DOM_ID":"70157","Region_DOM_ID":"15","SHAPE.STArea()":149742757.41062075,"SHAPE.STLength()":80221.63824475554},"geometry":{"type":"Polygon","coordinates":[[[20.33909,44.91175],[20.30113,44.94268],[20.29462,44.94025],[20.29627,44.93826],[20.27464,44.93042],[20.2704,44.93457],[20.22144,44.91549],[20.22525,44.907],[20.20147,44.90887],[20.16924,44.90704],[20.17095,44.8937],[20.16349,44.88534],[20.16591,44.86925],[20.16011,44.86252],[20.14609,44.85678],[20.14578,44.83011],[20.14238,44.81115],[20.15561,44.80924],[20.15871,44.81207],[20.16093,44.81965],[20.17562,44.8193],[20.18107,44.84558],[20.18589,44.84368],[20.19643,44.8453],[20.21378,44.85932],[20.25431,44.87088],[20.261,44.88266],[20.27943,44.87542],[20.28582,44.84477],[20.2857,44.83324],[20.32115,44.83427],[20.34937,44.83325],[20.37557,44.8299],[20.37757,44.82811],[20.38258,44.82799],[20.39069,44.82496],[20.39564,44.83425],[20.40959,44.8358],[20.4101,44.83331],[20.4157,44.83388],[20.41696,44.82787],[20.41983,44.82821],[20.42152,44.825],[20.42744,44.82663],[20.42917,44.82336],[20.43519,44.82253],[20.44284,44.82489],[20.45209,44.83386],[20.42449,44.84315],[20.41387,44.85265],[20.39121,44.85983],[20.37173,44.87056],[20.35882,44.88177],[20.35589,44.89125],[20.34594,44.90804],[20.34368,44.91041],[20.33909,44.91175]]]}},{"type":"Feature","properties":{"OBJECTID":38,"Value_e":"BEOGRAD-PALILULA","Value_sl":"BEOGRAD-PALILULA","Value_sc":"БЕОГРАД-ПАЛИЛУЛА","Municipality_DOM_ID":"70203","Region_DOM_ID":"15","SHAPE.STArea()":451152363.81953305,"SHAPE.STLength()":125303.00073943894},"geometry":{"type":"Polygon","coordinates":[[[20.41942,45.08187],[20.40496,45.08865],[20.37483,45.0969],[20.34543,45.07926],[20.33411,45.07441],[20.34534,45.06604],[20.35782,45.04915],[20.36299,45.03076],[20.35941,45.01649],[20.35749,45.01327],[20.35092,45.00935],[20.32,45.00303],[20.29925,44.99292],[20.29063,44.98675],[20.28763,44.96932],[20.28845,44.96143],[20.28904,44.95808],[20.29494,44.94947],[20.30599,44.93769],[20.31433,44.93263],[20.33909,44.91175],[20.34368,44.91041],[20.35589,44.89125],[20.35882,44.88177],[20.37938,44.86551],[20.39121,44.85983],[20.41387,44.85265],[20.42449,44.84315],[20.44571,44.83563],[20.48214,44.82932],[20.47872,44.82679],[20.47699,44.81931],[20.47464,44.81936],[20.47493,44.81479],[20.4666,44.81037],[20.47174,44.80721],[20.47733,44.80484],[20.49197,44.81499],[20.50861,44.81119],[20.52299,44.80147],[20.53106,44.80288],[20.53582,44.81165],[20.53804,44.81061],[20.5368,44.80894],[20.54246,44.80729],[20.54352,44.80227],[20.55022,44.79094],[20.55362,44.78982],[20.55985,44.79016],[20.56355,44.79217],[20.56555,44.79065],[20.56932,44.79115],[20.57403,44.78868],[20.57436,44.78545],[20.57775,44.78725],[20.57922,44.78433],[20.58233,44.78457],[20.58172,44.78261],[20.58524,44.78087],[20.58699,44.78537],[20.59228,44.78868],[20.59225,44.79155],[20.5983,44.79544],[20.60591,44.79653],[20.6078,44.79548],[20.60881,44.79706],[20.61677,44.79634],[20.61827,44.79882],[20.62148,44.79996],[20.62941,44.79919],[20.63012,44.80197],[20.62479,44.80895],[20.6136,44.81943],[20.61775,44.82508],[20.61742,44.82908],[20.59688,44.82829],[20.59119,44.83295],[20.58972,44.83861],[20.5863,44.84272],[20.58261,44.84626],[20.57623,44.84865],[20.58251,44.85209],[20.596,44.85527],[20.62066,44.85434],[20.62129,44.85603],[20.61738,44.85748],[20.59285,44.86099],[20.59115,44.86269],[20.60193,44.86706],[20.61963,44.86732],[20.62322,44.86937],[20.61427,44.88782],[20.6197,44.89481],[20.61842,44.90244],[20.62236,44.90846],[20.61023,44.91791],[20.59635,44.9324],[20.59046,44.93574],[20.58281,44.93717],[20.57606,44.93559],[20.57479,44.93688],[20.57566,44.94134],[20.5719,44.94318],[20.56755,44.94179],[20.56669,44.93998],[20.55168,44.94197],[20.54681,44.948],[20.55267,44.95224],[20.54954,44.95401],[20.54303,44.95309],[20.53725,44.94884],[20.53398,44.94969],[20.51718,44.97254],[20.52277,44.9774],[20.52085,44.98006],[20.50683,44.98693],[20.48925,44.98945],[20.48655,44.99374],[20.48089,44.99324],[20.47688,44.9963],[20.46953,45.00732],[20.45835,45.01907],[20.4419,45.02583],[20.44118,45.0291],[20.42827,45.03502],[20.4227,45.0417],[20.42162,45.0458],[20.42268,45.0484],[20.41599,45.0525],[20.41698,45.06045],[20.41896,45.06375],[20.41724,45.0706],[20.4218,45.07643],[20.41942,45.08187]]]}},{"type":"Feature","properties":{"OBJECTID":41,"Value_e":"BEOGRAD-MLADENOVAC","Value_sl":"BEOGRAD-MLADENOVAC","Value_sc":"БЕОГРАД-МЛАДЕНОВАЦ","Municipality_DOM_ID":"70173","Region_DOM_ID":"15","SHAPE.STArea()":338646029.5167867,"SHAPE.STLength()":147466.25330698793},"geometry":{"type":"Polygon","coordinates":[[[20.69544,44.56252],[20.68604,44.57022],[20.6715,44.56793],[20.67078,44.56508],[20.67293,44.56306],[20.67249,44.56031],[20.66985,44.55975],[20.66985,44.55684],[20.65989,44.54783],[20.65817,44.54452],[20.65802,44.53887],[20.66104,44.53402],[20.64041,44.52371],[20.64157,44.51852],[20.64519,44.51461],[20.63403,44.51033],[20.6288,44.51406],[20.62717,44.51325],[20.6299,44.50897],[20.63193,44.50882],[20.63009,44.50761],[20.64084,44.49914],[20.64408,44.49395],[20.62657,44.48938],[20.60829,44.47999],[20.60053,44.47181],[20.59393,44.46784],[20.59262,44.46335],[20.58554,44.46423],[20.577,44.4722],[20.57353,44.46862],[20.56637,44.46537],[20.56708,44.46196],[20.56377,44.45383],[20.55775,44.44883],[20.54657,44.44552],[20.54427,44.44018],[20.54996,44.42336],[20.5496,44.42028],[20.54771,44.4201],[20.5475,44.41699],[20.54883,44.41638],[20.5472,44.41037],[20.55181,44.40867],[20.55329,44.40582],[20.55226,44.40515],[20.55429,44.4031],[20.553,44.39787],[20.54623,44.39157],[20.54898,44.38712],[20.54983,44.3807],[20.55615,44.37781],[20.57132,44.38678],[20.58926,44.3884],[20.6003,44.3925],[20.6165,44.39527],[20.61737,44.40076],[20.6252,44.40051],[20.62897,44.39779],[20.63333,44.39748],[20.63543,44.3916],[20.63275,44.39011],[20.63215,44.38695],[20.63599,44.38683],[20.63475,44.38066],[20.63836,44.37971],[20.63785,44.37714],[20.63565,44.37753],[20.63501,44.37408],[20.63932,44.37351],[20.64017,44.36856],[20.64174,44.36885],[20.64255,44.36491],[20.64429,44.36528],[20.64547,44.36096],[20.64433,44.36012],[20.64821,44.36163],[20.64621,44.36134],[20.64533,44.36398],[20.64873,44.36536],[20.65023,44.36255],[20.65683,44.36243],[20.65996,44.35859],[20.65533,44.35345],[20.65589,44.3521],[20.6582,44.35267],[20.65987,44.35023],[20.66242,44.35184],[20.66787,44.34995],[20.68888,44.35803],[20.68986,44.35699],[20.69708,44.35794],[20.69978,44.36054],[20.70251,44.35669],[20.7069,44.35563],[20.70836,44.35907],[20.71149,44.35802],[20.71706,44.36043],[20.72303,44.35838],[20.71739,44.34853],[20.73523,44.3464],[20.73908,44.34869],[20.74401,44.34914],[20.74401,44.34792],[20.75264,44.34402],[20.75914,44.33468],[20.76232,44.33511],[20.77003,44.32937],[20.76955,44.32816],[20.7738,44.32693],[20.77645,44.32712],[20.77693,44.32857],[20.78173,44.32516],[20.78778,44.33124],[20.78539,44.33539],[20.78794,44.33613],[20.78862,44.33861],[20.78305,44.34374],[20.78604,44.34478],[20.78335,44.34856],[20.7775,44.35111],[20.77617,44.35004],[20.77348,44.35105],[20.77488,44.35321],[20.77891,44.35323],[20.77836,44.35631],[20.77955,44.35509],[20.78429,44.35795],[20.78737,44.35804],[20.77961,44.36093],[20.78221,44.36606],[20.78409,44.36681],[20.78519,44.36413],[20.78972,44.36359],[20.79477,44.36716],[20.79883,44.36548],[20.80048,44.3677],[20.7981,44.36942],[20.80264,44.37601],[20.798,44.37646],[20.79804,44.37392],[20.79488,44.37277],[20.79045,44.37339],[20.7899,44.37468],[20.78799,44.37409],[20.78849,44.3729],[20.78612,44.37349],[20.78237,44.37546],[20.782,44.37751],[20.78131,44.37648],[20.77431,44.37715],[20.77413,44.3757],[20.77165,44.37542],[20.76886,44.37792],[20.76601,44.37786],[20.76646,44.38097],[20.76184,44.38281],[20.76297,44.38575],[20.75957,44.38754],[20.75866,44.39207],[20.75515,44.39097],[20.7514,44.39477],[20.74836,44.39481],[20.74764,44.39872],[20.75386,44.40078],[20.75356,44.40358],[20.7551,44.40348],[20.75615,44.40827],[20.75808,44.4085],[20.75962,44.41196],[20.75858,44.41301],[20.76182,44.41352],[20.76433,44.42253],[20.7674,44.42691],[20.76609,44.42904],[20.76766,44.42781],[20.7702,44.42852],[20.76846,44.43087],[20.76563,44.43042],[20.76962,44.43161],[20.76723,44.43797],[20.76427,44.44064],[20.76701,44.44078],[20.77068,44.43739],[20.77266,44.4393],[20.77013,44.44059],[20.77264,44.44177],[20.77946,44.44033],[20.77958,44.44247],[20.77539,44.44226],[20.77538,44.44348],[20.78198,44.44442],[20.78639,44.44883],[20.78977,44.44912],[20.79031,44.44725],[20.79178,44.4473],[20.79289,44.45055],[20.79957,44.44915],[20.80033,44.44656],[20.80316,44.44551],[20.81476,44.44397],[20.81827,44.43986],[20.82187,44.44186],[20.82484,44.44145],[20.82477,44.43943],[20.83173,44.43852],[20.84149,44.44281],[20.83932,44.44444],[20.84086,44.44657],[20.84536,44.44565],[20.84244,44.44897],[20.84451,44.45301],[20.8487,44.45271],[20.85372,44.46505],[20.85046,44.46612],[20.85094,44.46804],[20.84425,44.47551],[20.83685,44.4757],[20.83568,44.47974],[20.83815,44.47989],[20.8386,44.48232],[20.83659,44.483],[20.83539,44.48732],[20.83246,44.48724],[20.82691,44.49133],[20.828,44.49223],[20.82651,44.49372],[20.82147,44.49462],[20.82027,44.49675],[20.81704,44.4962],[20.8163,44.49809],[20.81506,44.4972],[20.80661,44.50189],[20.8088,44.50325],[20.80659,44.50383],[20.8083,44.50498],[20.80635,44.50753],[20.80809,44.50816],[20.80493,44.51138],[20.80652,44.51586],[20.80372,44.51518],[20.79729,44.51739],[20.79434,44.51634],[20.78456,44.52013],[20.78169,44.51928],[20.78238,44.52068],[20.77777,44.52184],[20.77398,44.52153],[20.77307,44.51997],[20.77092,44.52075],[20.77194,44.52292],[20.76649,44.53726],[20.76936,44.54031],[20.76603,44.54286],[20.76384,44.54386],[20.75477,44.54237],[20.7533,44.54403],[20.75023,44.54174],[20.7452,44.54722],[20.74648,44.54878],[20.74471,44.55159],[20.74844,44.55208],[20.74619,44.55351],[20.74265,44.55142],[20.7366,44.55401],[20.73495,44.5519],[20.73208,44.55307],[20.72733,44.55872],[20.72334,44.55641],[20.72379,44.55335],[20.72539,44.5534],[20.72525,44.55012],[20.71846,44.54465],[20.71658,44.54102],[20.71135,44.54985],[20.71144,44.55757],[20.70387,44.56111],[20.69544,44.56252]]]}},{"type":"Feature","properties":{"OBJECTID":139,"Value_e":"BEOGRAD-LAZAREVAC","Value_sl":"BEOGRAD-LAZAREVAC","Value_sc":"БЕОГРАД-ЛАЗАРЕВАЦ","Municipality_DOM_ID":"70165","Region_DOM_ID":"15","SHAPE.STArea()":383541693.55181456,"SHAPE.STLength()":153305.55094088457},"geometry":{"type":"Polygon","coordinates":[[[20.29844,44.55699],[20.3017,44.56447],[20.29313,44.56277],[20.27239,44.55606],[20.2633,44.55854],[20.26013,44.55118],[20.2619,44.54614],[20.26059,44.54163],[20.26355,44.53953],[20.26634,44.53996],[20.26463,44.53737],[20.26531,44.53594],[20.27309,44.53364],[20.27334,44.53102],[20.27613,44.53256],[20.28015,44.53085],[20.27616,44.52779],[20.2793,44.5277],[20.27891,44.52455],[20.271,44.52666],[20.27174,44.52235],[20.25792,44.51917],[20.25288,44.51244],[20.2517,44.50806],[20.23904,44.50457],[20.23841,44.50267],[20.24103,44.5027],[20.23925,44.50147],[20.24039,44.50056],[20.23953,44.49819],[20.23621,44.49743],[20.24055,44.49453],[20.24317,44.49574],[20.24567,44.49343],[20.24515,44.49059],[20.24326,44.49101],[20.24076,44.48783],[20.24395,44.48612],[20.2468,44.4869],[20.24523,44.48492],[20.24343,44.48581],[20.24169,44.48331],[20.24275,44.48151],[20.24466,44.48287],[20.24306,44.48057],[20.24531,44.47878],[20.24118,44.47963],[20.24405,44.47748],[20.23891,44.47621],[20.24172,44.47319],[20.24692,44.47162],[20.2451,44.47054],[20.24779,44.46904],[20.24566,44.46653],[20.24399,44.46681],[20.24535,44.46788],[20.23995,44.46847],[20.2403,44.46574],[20.23801,44.46682],[20.23395,44.46463],[20.23365,44.45949],[20.23735,44.45964],[20.23872,44.4613],[20.24128,44.45777],[20.23948,44.45849],[20.23798,44.45599],[20.23634,44.45875],[20.23238,44.45731],[20.23675,44.45622],[20.23538,44.45423],[20.23776,44.45144],[20.23613,44.44873],[20.23784,44.44809],[20.23768,44.4462],[20.24427,44.44882],[20.24506,44.44646],[20.24134,44.44534],[20.24616,44.44545],[20.24812,44.4431],[20.24464,44.44161],[20.24167,44.43736],[20.24494,44.43552],[20.2434,44.43323],[20.24607,44.43219],[20.24687,44.42929],[20.2414,44.42887],[20.2445,44.42444],[20.24009,44.42587],[20.24052,44.42445],[20.23152,44.41978],[20.22809,44.42158],[20.22207,44.41716],[20.22018,44.41364],[20.21817,44.41398],[20.22155,44.41076],[20.21911,44.41068],[20.21869,44.40927],[20.22288,44.40786],[20.22243,44.40645],[20.21941,44.40283],[20.21314,44.4039],[20.20848,44.40012],[20.21078,44.3994],[20.21148,44.39584],[20.21626,44.39804],[20.21596,44.39543],[20.21935,44.39427],[20.2181,44.39223],[20.22027,44.39136],[20.21949,44.38895],[20.22134,44.38756],[20.21735,44.38681],[20.2169,44.38896],[20.21065,44.39032],[20.20945,44.38795],[20.21461,44.38624],[20.21173,44.38473],[20.20843,44.38649],[20.20787,44.38249],[20.21039,44.381],[20.20897,44.37796],[20.20697,44.37894],[20.20626,44.3779],[20.2067,44.37583],[20.21336,44.37363],[20.21678,44.3703],[20.21294,44.36926],[20.21774,44.36178],[20.23184,44.35236],[20.22867,44.35102],[20.21205,44.35222],[20.1945,44.34956],[20.19118,44.34721],[20.19261,44.34593],[20.19157,44.34326],[20.1944,44.34327],[20.19473,44.34114],[20.19657,44.34087],[20.1973,44.34295],[20.19924,44.34326],[20.20043,44.34129],[20.19938,44.3406],[20.20153,44.34028],[20.1967,44.33544],[20.2028,44.33307],[20.20298,44.33059],[20.2066,44.33173],[20.20844,44.33604],[20.21248,44.33544],[20.21052,44.33172],[20.21531,44.32951],[20.20976,44.32873],[20.21573,44.32472],[20.20779,44.3242],[20.20987,44.32367],[20.21056,44.32161],[20.21345,44.32151],[20.21491,44.31861],[20.21315,44.31752],[20.21594,44.3159],[20.21861,44.31727],[20.22091,44.3171],[20.21997,44.31614],[20.22133,44.31561],[20.22661,44.31637],[20.22778,44.31488],[20.22617,44.31344],[20.22806,44.31329],[20.22889,44.31125],[20.22362,44.31009],[20.22679,44.30731],[20.22933,44.30827],[20.22999,44.30663],[20.23228,44.30631],[20.22973,44.30393],[20.23277,44.3032],[20.23271,44.30113],[20.2356,44.30406],[20.23688,44.30157],[20.24059,44.30228],[20.24038,44.2988],[20.23931,44.3003],[20.23747,44.29989],[20.23861,44.29814],[20.23766,44.29671],[20.24339,44.29319],[20.24682,44.29522],[20.25043,44.29466],[20.25373,44.29134],[20.24886,44.2904],[20.2507,44.2891],[20.25055,44.28691],[20.25644,44.28588],[20.25663,44.28794],[20.25939,44.28879],[20.25937,44.28293],[20.25795,44.28237],[20.25903,44.28117],[20.26815,44.27923],[20.26427,44.27724],[20.27102,44.27667],[20.27882,44.2785],[20.27787,44.27791],[20.27953,44.27565],[20.27722,44.27435],[20.27878,44.27244],[20.27385,44.27196],[20.27899,44.27003],[20.27774,44.26819],[20.2879,44.26688],[20.2989,44.26278],[20.30098,44.26308],[20.30055,44.26931],[20.30228,44.27498],[20.30721,44.2806],[20.30959,44.28],[20.30946,44.27761],[20.31165,44.27529],[20.31714,44.27642],[20.32169,44.27423],[20.32987,44.27408],[20.33347,44.27767],[20.3425,44.28055],[20.34429,44.2845],[20.34783,44.2853],[20.34747,44.28787],[20.35196,44.28744],[20.35579,44.29206],[20.35985,44.29192],[20.36127,44.29795],[20.36815,44.29918],[20.36849,44.30312],[20.36583,44.309],[20.36813,44.30814],[20.37273,44.31075],[20.37603,44.31022],[20.37845,44.31363],[20.38249,44.31125],[20.38734,44.31286],[20.38952,44.31375],[20.39048,44.31785],[20.39452,44.31734],[20.39997,44.31277],[20.40737,44.32459],[20.40896,44.33344],[20.41288,44.33716],[20.41239,44.34149],[20.41635,44.34609],[20.41422,44.34702],[20.41482,44.35045],[20.41833,44.34999],[20.41852,44.3523],[20.4204,44.35236],[20.41909,44.35375],[20.42111,44.35791],[20.42442,44.35905],[20.42565,44.3634],[20.42885,44.36448],[20.43311,44.37127],[20.43792,44.37556],[20.44772,44.37958],[20.45598,44.3807],[20.44622,44.38756],[20.44292,44.38818],[20.44493,44.39202],[20.4313,44.39436],[20.42081,44.40094],[20.42123,44.40398],[20.4197,44.40539],[20.42138,44.41116],[20.41649,44.41239],[20.41337,44.41672],[20.41567,44.4212],[20.42029,44.42405],[20.42457,44.42402],[20.42552,44.42698],[20.43302,44.42437],[20.4365,44.42627],[20.44446,44.43806],[20.44378,44.44252],[20.43091,44.44682],[20.42927,44.44862],[20.4262,44.44792],[20.41425,44.45486],[20.41344,44.46319],[20.41458,44.46493],[20.41114,44.46633],[20.40414,44.46486],[20.39991,44.46734],[20.38936,44.46729],[20.37976,44.46955],[20.37499,44.47227],[20.3644,44.47383],[20.36015,44.47711],[20.35949,44.47541],[20.35482,44.47513],[20.35347,44.47775],[20.35535,44.48204],[20.35092,44.48684],[20.3493,44.49259],[20.34758,44.49212],[20.34711,44.49423],[20.34447,44.49631],[20.34303,44.49578],[20.33981,44.49951],[20.34543,44.50032],[20.34563,44.50291],[20.34781,44.5028],[20.34694,44.50416],[20.35329,44.50633],[20.35562,44.50991],[20.34527,44.52042],[20.34681,44.5208],[20.34242,44.52721],[20.33458,44.53148],[20.33146,44.53122],[20.33104,44.5338],[20.3282,44.53397],[20.32879,44.53599],[20.30845,44.53862],[20.30035,44.54292],[20.3002,44.55228],[20.29844,44.55699]]]}},{"type":"Feature","properties":{"OBJECTID":145,"Value_e":"BEOGRAD-BARAJEVO","Value_sl":"BEOGRAD-BARAJEVO","Value_sc":"БЕОГРАД-БАРАЈЕВО","Municipality_DOM_ID":"70092","Region_DOM_ID":"15","SHAPE.STArea()":213106692.32853633,"SHAPE.STLength()":85254.65232191126},"geometry":{"type":"Polygon","coordinates":[[[20.41354,44.65057],[20.40649,44.65897],[20.40172,44.65229],[20.40469,44.64998],[20.39773,44.64806],[20.39425,44.64414],[20.39181,44.64499],[20.38594,44.65174],[20.38389,44.64922],[20.3754,44.64645],[20.37922,44.64223],[20.37835,44.63881],[20.38154,44.63434],[20.38104,44.63085],[20.36048,44.63018],[20.35427,44.63934],[20.3431,44.63164],[20.33063,44.62981],[20.32622,44.62429],[20.31594,44.61914],[20.26777,44.60362],[20.27475,44.59692],[20.2719,44.59591],[20.276,44.58749],[20.269,44.58305],[20.27754,44.58196],[20.27725,44.5808],[20.28185,44.57836],[20.27982,44.57759],[20.27965,44.57563],[20.28602,44.57104],[20.29039,44.57212],[20.29422,44.56941],[20.29562,44.57017],[20.30092,44.56787],[20.30218,44.56309],[20.29844,44.55699],[20.3002,44.55228],[20.30035,44.54292],[20.30845,44.53862],[20.32879,44.53599],[20.3282,44.53397],[20.33104,44.5338],[20.33146,44.53122],[20.33458,44.53148],[20.34242,44.52721],[20.34681,44.5208],[20.34527,44.52042],[20.35562,44.50991],[20.35329,44.50633],[20.34694,44.50416],[20.34781,44.5028],[20.34563,44.50291],[20.34543,44.50032],[20.33981,44.49951],[20.34303,44.49578],[20.34447,44.49631],[20.34711,44.49423],[20.34758,44.49212],[20.3493,44.49259],[20.35092,44.48684],[20.35535,44.48204],[20.3535,44.478],[20.35424,44.47568],[20.35717,44.47465],[20.36015,44.47711],[20.3656,44.47343],[20.37499,44.47227],[20.37976,44.46955],[20.38936,44.46729],[20.39991,44.46734],[20.40414,44.46486],[20.41034,44.46639],[20.41398,44.46513],[20.41524,44.46654],[20.41848,44.48442],[20.42293,44.49071],[20.42207,44.49438],[20.42655,44.49607],[20.43012,44.50058],[20.42927,44.50505],[20.43222,44.50389],[20.44392,44.50706],[20.44587,44.51289],[20.44494,44.51456],[20.43113,44.52152],[20.42888,44.52121],[20.42508,44.52675],[20.43032,44.53207],[20.42788,44.53319],[20.43501,44.53686],[20.43716,44.54065],[20.43985,44.54051],[20.44836,44.54533],[20.45156,44.55095],[20.4698,44.55867],[20.48247,44.56746],[20.49387,44.56701],[20.49909,44.57147],[20.49435,44.57444],[20.49402,44.57566],[20.4977,44.57648],[20.49519,44.57953],[20.49597,44.5826],[20.49312,44.58652],[20.49352,44.59001],[20.4911,44.59239],[20.49228,44.60011],[20.48548,44.61175],[20.47917,44.61974],[20.46982,44.6231],[20.46981,44.62668],[20.45537,44.63984],[20.45293,44.64497],[20.4496,44.6459],[20.44305,44.64425],[20.4356,44.6471],[20.43557,44.64909],[20.43326,44.64784],[20.42936,44.64929],[20.42369,44.64726],[20.41842,44.64271],[20.41725,44.64366],[20.41669,44.64217],[20.41241,44.64131],[20.40873,44.64633],[20.41273,44.64448],[20.41625,44.64598],[20.41391,44.64772],[20.41848,44.64879],[20.41354,44.65057]]]}},{"type":"Feature","properties":{"OBJECTID":146,"Value_e":"BEOGRAD-OBRENOVAC","Value_sl":"BEOGRAD-OBRENOVAC","Value_sc":"БЕОГРАД-ОБРЕНОВАЦ","Municipality_DOM_ID":"70190","Region_DOM_ID":"15","SHAPE.STArea()":410091410.1550712,"SHAPE.STLength()":158152.25522270135},"geometry":{"type":"Polygon","coordinates":[[[20.23619,44.71288],[20.22533,44.71472],[20.2139,44.71084],[20.20967,44.70577],[20.19729,44.68274],[20.18979,44.67699],[20.17969,44.67288],[20.16975,44.67258],[20.16091,44.67661],[20.15814,44.68303],[20.16141,44.69716],[20.15971,44.70385],[20.14887,44.71245],[20.14057,44.71413],[20.12471,44.71044],[20.10098,44.69708],[20.07781,44.69408],[20.06046,44.68807],[20.03789,44.68308],[20.00388,44.6628],[19.98583,44.64228],[19.98824,44.63853],[19.9853,44.63803],[19.9885,44.63592],[19.98516,44.63565],[19.98427,44.63502],[19.98601,44.63354],[19.98264,44.63245],[19.98623,44.63124],[19.98389,44.62968],[19.9859,44.62993],[19.9857,44.62836],[19.98083,44.62881],[19.98095,44.62733],[19.97877,44.62735],[19.97976,44.6262],[19.97738,44.62636],[19.97924,44.62418],[19.97725,44.62447],[19.9779,44.62138],[19.97535,44.61893],[19.97768,44.61766],[19.97556,44.61726],[19.97649,44.6127],[19.98573,44.60896],[19.98711,44.60445],[19.98829,44.60448],[19.98753,44.60329],[19.99107,44.60326],[19.99117,44.60101],[19.99675,44.59727],[19.99636,44.59456],[19.99793,44.5948],[20.0002,44.59211],[20.00003,44.59018],[19.9954,44.58887],[19.99321,44.58568],[19.9899,44.58702],[19.99507,44.57806],[19.98966,44.57166],[19.98794,44.5635],[19.98842,44.55852],[19.99526,44.55155],[19.99314,44.55023],[20.00737,44.54388],[20.01316,44.53671],[20.01122,44.53343],[20.01875,44.53303],[20.01864,44.53627],[20.01637,44.53635],[20.0181,44.53915],[20.02541,44.5375],[20.02871,44.5407],[20.03222,44.53889],[20.02968,44.53621],[20.03536,44.53414],[20.036,44.532],[20.04932,44.52659],[20.05328,44.52681],[20.05278,44.52513],[20.06211,44.52111],[20.07489,44.52797],[20.07408,44.52885],[20.07576,44.52921],[20.08041,44.536],[20.07861,44.53694],[20.08205,44.54596],[20.09353,44.54675],[20.09294,44.54954],[20.09406,44.5501],[20.09437,44.5476],[20.09909,44.54746],[20.09803,44.54573],[20.10051,44.54763],[20.11042,44.54765],[20.11021,44.54424],[20.11251,44.54309],[20.11445,44.54518],[20.11309,44.54569],[20.11375,44.54753],[20.11714,44.54674],[20.11965,44.54529],[20.12049,44.5414],[20.11818,44.53995],[20.1226,44.5374],[20.12166,44.53629],[20.13017,44.5301],[20.13612,44.52341],[20.13763,44.51774],[20.14811,44.5102],[20.15398,44.51334],[20.15455,44.51808],[20.15937,44.52032],[20.1598,44.52252],[20.16779,44.52422],[20.16657,44.52584],[20.16762,44.52858],[20.1896,44.54423],[20.19049,44.54755],[20.18919,44.54862],[20.19016,44.55112],[20.18864,44.55568],[20.19075,44.56032],[20.18838,44.56552],[20.19423,44.56468],[20.19473,44.56689],[20.20075,44.56871],[20.20226,44.56791],[20.20134,44.56663],[20.20887,44.56436],[20.2081,44.56018],[20.213,44.56023],[20.20731,44.55695],[20.20945,44.5543],[20.20579,44.5547],[20.20783,44.55421],[20.20621,44.55331],[20.21005,44.55059],[20.20725,44.55158],[20.20392,44.55022],[20.20572,44.54954],[20.20669,44.54556],[20.20809,44.54849],[20.20833,44.54645],[20.21409,44.54658],[20.21435,44.5446],[20.21196,44.54497],[20.21174,44.54254],[20.21525,44.5415],[20.21008,44.54177],[20.20975,44.54044],[20.21159,44.54112],[20.21299,44.53977],[20.21106,44.53989],[20.20949,44.5377],[20.21152,44.53573],[20.21103,44.53866],[20.21555,44.53782],[20.21575,44.53628],[20.21361,44.53722],[20.21291,44.53512],[20.21712,44.53588],[20.21615,44.5351],[20.21765,44.53363],[20.21474,44.53269],[20.21887,44.53364],[20.22021,44.53146],[20.2171,44.53126],[20.21895,44.52984],[20.21727,44.53005],[20.21472,44.52677],[20.21302,44.52749],[20.21132,44.52556],[20.21496,44.52462],[20.21517,44.52307],[20.21285,44.52455],[20.21292,44.52167],[20.20804,44.52076],[20.2084,44.51856],[20.21989,44.51901],[20.21912,44.5173],[20.21674,44.51781],[20.21711,44.51547],[20.21528,44.51741],[20.20971,44.51534],[20.21441,44.51488],[20.2129,44.51092],[20.21665,44.50971],[20.22103,44.51185],[20.22195,44.51017],[20.22445,44.51201],[20.22639,44.511],[20.22383,44.5096],[20.22364,44.50783],[20.22462,44.50904],[20.22557,44.50735],[20.22626,44.50869],[20.22866,44.50631],[20.23048,44.51039],[20.2314,44.50763],[20.23371,44.51019],[20.23437,44.50856],[20.23627,44.50867],[20.23606,44.50708],[20.23421,44.50797],[20.23169,44.50554],[20.2337,44.50466],[20.23382,44.50635],[20.23552,44.50562],[20.23446,44.50432],[20.23734,44.50373],[20.23762,44.50616],[20.23948,44.5063],[20.23891,44.50447],[20.2517,44.50806],[20.25288,44.51244],[20.25792,44.51917],[20.27174,44.52235],[20.271,44.52666],[20.27891,44.52455],[20.2793,44.5277],[20.27616,44.52779],[20.28015,44.53085],[20.27613,44.53256],[20.27334,44.53102],[20.27309,44.53364],[20.26531,44.53594],[20.26463,44.53737],[20.26634,44.53996],[20.26355,44.53953],[20.26059,44.54163],[20.2619,44.54614],[20.26013,44.55118],[20.2633,44.55854],[20.2702,44.55596],[20.27457,44.55636],[20.28197,44.55961],[20.3019,44.56447],[20.30092,44.56787],[20.29562,44.57017],[20.29422,44.56941],[20.29175,44.57175],[20.28612,44.571],[20.28371,44.57262],[20.27965,44.57563],[20.27982,44.57759],[20.28185,44.57836],[20.27725,44.5808],[20.27754,44.58196],[20.269,44.58305],[20.276,44.58749],[20.2719,44.59591],[20.27475,44.59692],[20.26777,44.60362],[20.31594,44.61914],[20.3264,44.62444],[20.33261,44.63281],[20.3244,44.63812],[20.32798,44.63925],[20.32662,44.64068],[20.32342,44.63906],[20.32202,44.64035],[20.32362,44.64158],[20.3204,44.64176],[20.32027,44.64517],[20.31616,44.6508],[20.31135,44.64933],[20.30738,44.65462],[20.30176,44.65612],[20.28756,44.66577],[20.27696,44.66173],[20.25425,44.66307],[20.24505,44.66715],[20.2327,44.67655],[20.22804,44.68162],[20.22645,44.68704],[20.22953,44.69346],[20.2377,44.69932],[20.24099,44.70376],[20.23995,44.70965],[20.23619,44.71288]]]}},{"type":"Feature","properties":{"OBJECTID":151,"Value_e":"BEOGRAD-RAKOVICA","Value_sl":"BEOGRAD-RAKOVICA","Value_sc":"БЕОГРАД-РАКОВИЦА","Municipality_DOM_ID":"70211","Region_DOM_ID":"15","SHAPE.STArea()":30037656.85438242,"SHAPE.STLength()":33055.19776837478},"geometry":{"type":"Polygon","coordinates":[[[20.44008,44.77335],[20.43806,44.77377],[20.43723,44.77109],[20.43843,44.7687],[20.43517,44.76454],[20.43463,44.76695],[20.43228,44.7636],[20.43491,44.76169],[20.4331,44.75943],[20.43704,44.75598],[20.43684,44.75341],[20.42498,44.74342],[20.41262,44.74189],[20.41875,44.73643],[20.42021,44.7296],[20.41461,44.71541],[20.41293,44.70247],[20.41921,44.70213],[20.42174,44.70349],[20.42132,44.70192],[20.42516,44.69763],[20.42797,44.69807],[20.43136,44.69406],[20.43584,44.69335],[20.44014,44.69053],[20.44519,44.69101],[20.44951,44.68804],[20.45397,44.68883],[20.45298,44.69114],[20.45509,44.69192],[20.45343,44.69292],[20.45713,44.69578],[20.45774,44.69775],[20.45595,44.6993],[20.45865,44.70192],[20.46463,44.70185],[20.46911,44.70528],[20.48021,44.70336],[20.48776,44.707],[20.49034,44.70626],[20.48619,44.71267],[20.47668,44.71661],[20.47731,44.71805],[20.47529,44.71955],[20.47704,44.72347],[20.48488,44.72776],[20.47719,44.72854],[20.47137,44.73494],[20.46882,44.73591],[20.46646,44.73439],[20.46423,44.73663],[20.46308,44.74148],[20.46859,44.74312],[20.46775,44.75031],[20.46532,44.7546],[20.45789,44.75824],[20.44884,44.75858],[20.44767,44.76308],[20.44094,44.77034],[20.44008,44.77335]]]}},{"type":"Feature","properties":{"OBJECTID":152,"Value_e":"BEOGRAD-VOŽDOVAC","Value_sl":"BEOGRAD-VOŽDOVAC","Value_sc":"БЕОГРАД-ВОЖДОВАЦ","Municipality_DOM_ID":"70106","Region_DOM_ID":"15","SHAPE.STArea()":148502467.39429435,"SHAPE.STLength()":94891.1268231781},"geometry":{"type":"Polygon","coordinates":[[[20.47021,44.7903],[20.46625,44.79228],[20.46527,44.78752],[20.46828,44.77962],[20.46725,44.77156],[20.46571,44.76981],[20.47381,44.76148],[20.47091,44.75488],[20.46233,44.75652],[20.46724,44.75147],[20.46859,44.74312],[20.46343,44.74187],[20.46368,44.73796],[20.46646,44.73439],[20.46882,44.73591],[20.47151,44.73484],[20.47719,44.72854],[20.48488,44.72776],[20.47704,44.72347],[20.47529,44.71955],[20.47731,44.71805],[20.47668,44.71661],[20.48619,44.71267],[20.49034,44.70626],[20.48776,44.707],[20.48021,44.70336],[20.46911,44.70528],[20.46463,44.70185],[20.46151,44.70275],[20.45703,44.70088],[20.45595,44.6993],[20.45774,44.69775],[20.45713,44.69578],[20.45343,44.69292],[20.45509,44.69192],[20.45298,44.69114],[20.45394,44.68878],[20.46349,44.68675],[20.46762,44.68818],[20.46896,44.68442],[20.4723,44.68438],[20.47558,44.68129],[20.48131,44.68001],[20.47911,44.67512],[20.48117,44.67234],[20.47749,44.67122],[20.47692,44.66726],[20.46811,44.6639],[20.46669,44.66145],[20.45776,44.6633],[20.45909,44.65818],[20.45807,44.65646],[20.43642,44.65033],[20.4356,44.6471],[20.44336,44.64421],[20.4496,44.6459],[20.45293,44.64497],[20.45537,44.63984],[20.46981,44.62668],[20.46982,44.6231],[20.47638,44.62139],[20.48174,44.61698],[20.49228,44.60011],[20.4911,44.59239],[20.49352,44.59001],[20.49312,44.58652],[20.49597,44.5826],[20.49565,44.57813],[20.49971,44.57536],[20.50506,44.57879],[20.51361,44.5787],[20.51916,44.58252],[20.52024,44.58518],[20.52829,44.58788],[20.54528,44.58798],[20.55748,44.59372],[20.56336,44.59869],[20.55731,44.60541],[20.55679,44.61069],[20.55909,44.61426],[20.57827,44.61043],[20.59296,44.61501],[20.59696,44.61405],[20.60643,44.61685],[20.61249,44.62587],[20.61047,44.6299],[20.59523,44.63956],[20.59406,44.64304],[20.58334,44.64236],[20.58057,44.64345],[20.58063,44.64184],[20.57775,44.63963],[20.56397,44.63437],[20.55669,44.63335],[20.55201,44.63488],[20.55166,44.64278],[20.55473,44.65011],[20.55017,44.65548],[20.54879,44.66078],[20.54279,44.66404],[20.5415,44.67259],[20.53297,44.68083],[20.5625,44.67857],[20.56838,44.6794],[20.58397,44.68562],[20.5815,44.68838],[20.58284,44.6919],[20.58119,44.69636],[20.57772,44.69883],[20.57773,44.70112],[20.57268,44.70513],[20.57153,44.70438],[20.56768,44.70664],[20.56714,44.70867],[20.56936,44.71079],[20.56803,44.71161],[20.57,44.71606],[20.56643,44.71915],[20.54876,44.72754],[20.54604,44.72994],[20.54603,44.73449],[20.54326,44.73918],[20.53297,44.73984],[20.52905,44.74438],[20.5223,44.74732],[20.51574,44.75508],[20.5125,44.75592],[20.51427,44.75703],[20.51042,44.75824],[20.51129,44.75964],[20.50585,44.75942],[20.5055,44.76339],[20.50086,44.76565],[20.50246,44.76734],[20.50048,44.76934],[20.5101,44.77337],[20.51278,44.77667],[20.50187,44.78051],[20.49772,44.79141],[20.48402,44.79229],[20.47021,44.7903]]]}},{"type":"Feature","properties":{"OBJECTID":153,"Value_e":"BEOGRAD-ČUKARICA","Value_sl":"BEOGRAD-ČUKARICA","Value_sc":"БЕОГРАД-ЧУКАРИЦА","Municipality_DOM_ID":"70254","Region_DOM_ID":"15","SHAPE.STArea()":156997588.44183087,"SHAPE.STLength()":74961.48627689594},"geometry":{"type":"Polygon","coordinates":[[[20.41772,44.79679],[20.39792,44.79403],[20.38696,44.79024],[20.37791,44.78913],[20.37254,44.78597],[20.36025,44.77421],[20.35096,44.7688],[20.33981,44.75588],[20.32202,44.74484],[20.30929,44.73259],[20.30605,44.71949],[20.30629,44.69642],[20.30466,44.68674],[20.28756,44.66577],[20.30176,44.65612],[20.30738,44.65462],[20.31135,44.64933],[20.31616,44.6508],[20.32027,44.64517],[20.3204,44.64176],[20.32362,44.64158],[20.32202,44.64035],[20.32342,44.63906],[20.32662,44.64068],[20.32798,44.63925],[20.3244,44.63812],[20.33223,44.63343],[20.33063,44.62981],[20.3431,44.63164],[20.35453,44.63939],[20.36048,44.63018],[20.38104,44.63085],[20.38154,44.63434],[20.37835,44.63881],[20.37922,44.64223],[20.3754,44.64645],[20.38389,44.64922],[20.38533,44.6516],[20.39425,44.64414],[20.39773,44.64806],[20.40469,44.64998],[20.40172,44.65229],[20.40649,44.65897],[20.41239,44.6529],[20.41246,44.6509],[20.41848,44.64879],[20.41391,44.64772],[20.41625,44.64598],[20.41273,44.64448],[20.40927,44.64686],[20.40855,44.64608],[20.41048,44.64548],[20.41241,44.64131],[20.41494,44.64152],[20.42499,44.64798],[20.42936,44.64929],[20.43326,44.64784],[20.44392,44.65317],[20.45124,44.65379],[20.45807,44.65646],[20.45909,44.65818],[20.45776,44.6633],[20.46669,44.66145],[20.46811,44.6639],[20.47692,44.66726],[20.47749,44.67122],[20.48117,44.67234],[20.47911,44.67512],[20.48131,44.68001],[20.47558,44.68129],[20.4723,44.68438],[20.46896,44.68442],[20.46762,44.68818],[20.46349,44.68675],[20.45713,44.6887],[20.4491,44.6881],[20.44611,44.69071],[20.44014,44.69053],[20.43584,44.69335],[20.43136,44.69406],[20.42797,44.69807],[20.42516,44.69763],[20.42132,44.70192],[20.42174,44.70349],[20.41921,44.70213],[20.41293,44.70247],[20.41461,44.71541],[20.42021,44.7296],[20.41875,44.73643],[20.41262,44.74189],[20.42498,44.74342],[20.43253,44.74876],[20.43736,44.75472],[20.43314,44.75935],[20.43497,44.76153],[20.43228,44.7636],[20.43463,44.76695],[20.43517,44.76454],[20.43843,44.7687],[20.43612,44.77662],[20.43688,44.78222],[20.43035,44.78501],[20.42948,44.78835],[20.42479,44.79278],[20.42877,44.79676],[20.41772,44.79679]]]}},{"type":"Feature","properties":{"OBJECTID":155,"Value_e":"BEOGRAD-VRAČAR","Value_sl":"BEOGRAD-VRAČAR","Value_sc":"БЕОГРАД-ВРАЧАР","Municipality_DOM_ID":"70114","Region_DOM_ID":"15","SHAPE.STArea()":2891691.61206965,"SHAPE.STLength()":8316.572666467644},"geometry":{"type":"Polygon","coordinates":[[[20.48201,44.80267],[20.4666,44.81037],[20.46261,44.80744],[20.46621,44.80305],[20.46503,44.79525],[20.46625,44.79228],[20.47021,44.7903],[20.48402,44.79229],[20.4976,44.79142],[20.49003,44.79554],[20.48201,44.80267]]]}},{"type":"Feature","properties":{"OBJECTID":156,"Value_e":"BEOGRAD-ZVEZDARA","Value_sl":"BEOGRAD-ZVEZDARA","Value_sc":"БЕОГРАД-ЗВЕЗДАРА","Municipality_DOM_ID":"70149","Region_DOM_ID":"15","SHAPE.STArea()":31137715.72853443,"SHAPE.STLength()":40310.5905431269},"geometry":{"type":"Polygon","coordinates":[[[20.50981,44.81062],[20.49154,44.81487],[20.477,44.80478],[20.49772,44.79141],[20.50187,44.78051],[20.51278,44.77667],[20.5101,44.77337],[20.50048,44.76934],[20.50246,44.76734],[20.50038,44.7664],[20.50086,44.76565],[20.5055,44.76339],[20.50565,44.75962],[20.51129,44.75964],[20.51042,44.75824],[20.51427,44.75703],[20.5125,44.75592],[20.51574,44.75508],[20.5223,44.74732],[20.52905,44.74438],[20.53297,44.73984],[20.54326,44.73918],[20.54603,44.73449],[20.54604,44.72994],[20.54832,44.72813],[20.55127,44.73075],[20.55111,44.73365],[20.54837,44.73456],[20.55035,44.73522],[20.55095,44.74343],[20.54167,44.75212],[20.53585,44.75532],[20.53492,44.76098],[20.53925,44.76244],[20.54494,44.76987],[20.54952,44.77134],[20.54887,44.77321],[20.56474,44.76491],[20.57115,44.77079],[20.57722,44.7711],[20.57989,44.77278],[20.58524,44.78087],[20.58172,44.78261],[20.58233,44.78457],[20.57922,44.78433],[20.57775,44.78725],[20.57436,44.78545],[20.57403,44.78868],[20.56932,44.79115],[20.56555,44.79065],[20.56355,44.79217],[20.55985,44.79016],[20.55362,44.78982],[20.55022,44.79094],[20.54352,44.80227],[20.54246,44.80729],[20.5368,44.80894],[20.53804,44.81061],[20.53582,44.81165],[20.53106,44.80288],[20.52299,44.80147],[20.50981,44.81062]]]}},{"type":"Feature","properties":{"OBJECTID":157,"Value_e":"BEOGRAD-SAVSKI VENAC","Value_sl":"BEOGRAD-SAVSKI VENAC","Value_sc":"БЕОГРАД-САВСКИ ВЕНАЦ","Municipality_DOM_ID":"70220","Region_DOM_ID":"15","SHAPE.STArea()":14090790.86007202,"SHAPE.STLength()":18800.02136438833},"geometry":{"type":"Polygon","coordinates":[[[20.45789,44.81392],[20.44806,44.81531],[20.44737,44.80968],[20.44181,44.80335],[20.42877,44.79676],[20.42479,44.79278],[20.42948,44.78835],[20.43035,44.78501],[20.43688,44.78222],[20.43698,44.77154],[20.43811,44.77381],[20.44003,44.77378],[20.44094,44.77034],[20.44767,44.76308],[20.44884,44.75858],[20.45777,44.75827],[20.47043,44.7547],[20.47279,44.75685],[20.47381,44.76148],[20.46571,44.76981],[20.46725,44.77156],[20.46828,44.77962],[20.46527,44.78752],[20.46682,44.7918],[20.46503,44.79525],[20.46621,44.80305],[20.45789,44.81392]]]}},{"type":"Feature","properties":{"OBJECTID":159,"Value_e":"BEOGRAD-STARI GRAD","Value_sl":"BEOGRAD-STARI GRAD","Value_sc":"БЕОГРАД-СТАРИ ГРАД","Municipality_DOM_ID":"70246","Region_DOM_ID":"15","SHAPE.STArea()":5428696.330315615,"SHAPE.STLength()":9850.66586152754},"geometry":{"type":"Polygon","coordinates":[[[20.48214,44.82932],[20.45209,44.83386],[20.4445,44.82744],[20.44367,44.82484],[20.44806,44.81531],[20.45744,44.8142],[20.46274,44.80756],[20.47493,44.81479],[20.47464,44.81936],[20.47699,44.81931],[20.47872,44.82679],[20.48214,44.82932]]]}},{"type":"Feature","properties":{"OBJECTID":191,"Value_e":"BEOGRAD-SOPOT","Value_sl":"BEOGRAD-SOPOT","Value_sc":"БЕОГРАД-СОПОТ","Municipality_DOM_ID":"70238","Region_DOM_ID":"15","SHAPE.STArea()":270647711.1881382,"SHAPE.STLength()":88951.09513191739},"geometry":{"type":"Polygon","coordinates":[[[20.62463,44.60933],[20.61119,44.61144],[20.60653,44.61698],[20.59696,44.61405],[20.59296,44.61501],[20.57883,44.61046],[20.56859,44.61138],[20.55909,44.61426],[20.55679,44.61069],[20.55731,44.60541],[20.56336,44.59869],[20.55711,44.59349],[20.54528,44.58798],[20.52829,44.58788],[20.52024,44.58518],[20.51916,44.58252],[20.51361,44.5787],[20.50506,44.57879],[20.50003,44.57533],[20.4977,44.57648],[20.49402,44.57566],[20.49903,44.57168],[20.49655,44.56817],[20.49289,44.56684],[20.48651,44.56826],[20.48247,44.56746],[20.4698,44.55867],[20.45137,44.55084],[20.44836,44.54533],[20.43985,44.54051],[20.43702,44.54057],[20.43501,44.53686],[20.42788,44.53319],[20.43032,44.53207],[20.42508,44.52675],[20.4286,44.5214],[20.44126,44.51718],[20.44587,44.51289],[20.44392,44.50706],[20.43222,44.50389],[20.42927,44.50505],[20.43012,44.50058],[20.42655,44.49607],[20.42207,44.49438],[20.42293,44.49071],[20.41848,44.48442],[20.41705,44.47387],[20.41519,44.47155],[20.41574,44.46742],[20.41344,44.46319],[20.41425,44.45486],[20.4262,44.44792],[20.42927,44.44862],[20.43091,44.44682],[20.44378,44.44252],[20.44446,44.43806],[20.45139,44.4428],[20.46132,44.44205],[20.46508,44.44348],[20.46853,44.43908],[20.4736,44.43721],[20.47487,44.43479],[20.48205,44.43397],[20.48696,44.42587],[20.49172,44.4265],[20.49582,44.42021],[20.5005,44.42149],[20.50616,44.41882],[20.50824,44.42202],[20.51159,44.42091],[20.51586,44.42425],[20.52352,44.42099],[20.52855,44.42175],[20.5475,44.41699],[20.54996,44.42336],[20.54423,44.44123],[20.54726,44.44619],[20.55775,44.44883],[20.56393,44.45399],[20.56708,44.46196],[20.56637,44.46537],[20.57353,44.46862],[20.577,44.4722],[20.58554,44.46423],[20.59288,44.46344],[20.59393,44.46784],[20.60053,44.47181],[20.60829,44.47999],[20.62657,44.48938],[20.64408,44.49395],[20.64084,44.49914],[20.63009,44.50761],[20.63193,44.50882],[20.6299,44.50897],[20.62691,44.5128],[20.62825,44.51427],[20.63403,44.51033],[20.64519,44.51461],[20.64157,44.51852],[20.64041,44.52371],[20.66104,44.53402],[20.65802,44.53887],[20.65854,44.54567],[20.66985,44.55684],[20.66985,44.55975],[20.67302,44.56129],[20.67078,44.56508],[20.6715,44.57321],[20.65525,44.58462],[20.65005,44.59162],[20.64709,44.59113],[20.64389,44.59483],[20.63917,44.59415],[20.63718,44.59883],[20.63877,44.60215],[20.63553,44.60126],[20.63329,44.60439],[20.62463,44.60933]]]}},{"type":"Feature","properties":{"OBJECTID":193,"Value_e":"BEOGRAD-GROCKA","Value_sl":"BEOGRAD-GROCKA","Value_sc":"БЕОГРАД-ГРОЦКА","Municipality_DOM_ID":"70122","Region_DOM_ID":"15","SHAPE.STArea()":299113257.2496545,"SHAPE.STLength()":113598.792646899},"geometry":{"type":"Polygon","coordinates":[[[20.62941,44.79919],[20.61827,44.79882],[20.61677,44.79634],[20.60881,44.79706],[20.6078,44.79548],[20.60591,44.79653],[20.59782,44.79521],[20.59225,44.79155],[20.592,44.78832],[20.58699,44.78537],[20.57989,44.77278],[20.57722,44.7711],[20.57115,44.77079],[20.56474,44.76491],[20.54887,44.77321],[20.54952,44.77134],[20.54494,44.76987],[20.53925,44.76244],[20.53492,44.76098],[20.53585,44.75532],[20.54167,44.75212],[20.55095,44.74343],[20.55035,44.73522],[20.54837,44.73456],[20.55111,44.73365],[20.55127,44.73075],[20.54823,44.72802],[20.57,44.71606],[20.56803,44.71161],[20.56936,44.71079],[20.56714,44.70867],[20.56768,44.70664],[20.57153,44.70438],[20.57268,44.70513],[20.57773,44.70112],[20.5771,44.69985],[20.58117,44.69642],[20.58284,44.6919],[20.5815,44.68838],[20.58397,44.68643],[20.56391,44.67872],[20.53297,44.68083],[20.5415,44.67259],[20.54279,44.66404],[20.54879,44.66078],[20.55017,44.65548],[20.55473,44.65011],[20.55166,44.64278],[20.55201,44.63488],[20.55669,44.63335],[20.56397,44.63437],[20.57775,44.63963],[20.58063,44.64184],[20.58057,44.64345],[20.58334,44.64236],[20.59406,44.64304],[20.59523,44.63956],[20.61082,44.62935],[20.61224,44.6241],[20.60653,44.61698],[20.61119,44.61144],[20.62603,44.60959],[20.63553,44.60126],[20.63877,44.60215],[20.63718,44.59883],[20.63917,44.59415],[20.64389,44.59483],[20.64709,44.59113],[20.65005,44.59162],[20.65525,44.58462],[20.6715,44.57321],[20.6715,44.56793],[20.68602,44.57025],[20.69539,44.56254],[20.70387,44.56111],[20.71144,44.55757],[20.71135,44.54985],[20.71658,44.54102],[20.71846,44.54465],[20.72525,44.55012],[20.72399,44.55775],[20.72733,44.55872],[20.73208,44.55307],[20.73495,44.5519],[20.7366,44.55401],[20.74265,44.55142],[20.74465,44.55445],[20.75079,44.55645],[20.75334,44.55953],[20.75507,44.55868],[20.75525,44.56106],[20.75843,44.55929],[20.758,44.56214],[20.7663,44.56207],[20.76846,44.56363],[20.76865,44.56685],[20.77187,44.56866],[20.77008,44.57032],[20.77684,44.57179],[20.77448,44.57243],[20.77552,44.57441],[20.77747,44.57464],[20.77807,44.57319],[20.78169,44.57422],[20.78082,44.57524],[20.78346,44.57803],[20.79159,44.57772],[20.79277,44.58023],[20.79529,44.57919],[20.80454,44.58396],[20.80939,44.58392],[20.81113,44.58609],[20.81343,44.58421],[20.81937,44.58391],[20.82024,44.58696],[20.81766,44.59135],[20.81808,44.59581],[20.81325,44.59741],[20.81283,44.60238],[20.80802,44.60312],[20.80893,44.60457],[20.80576,44.60731],[20.80227,44.60626],[20.79837,44.61116],[20.79201,44.61183],[20.79353,44.61833],[20.80328,44.6276],[20.8028,44.64021],[20.80057,44.6432],[20.80072,44.64706],[20.80249,44.64773],[20.80158,44.64889],[20.81441,44.65271],[20.81952,44.65787],[20.78037,44.65949],[20.76726,44.66176],[20.7593,44.66779],[20.72238,44.68413],[20.69151,44.71154],[20.68127,44.72733],[20.67478,44.7333],[20.66444,44.73974],[20.64535,44.74647],[20.63512,44.75459],[20.62869,44.76308],[20.62339,44.77458],[20.62476,44.78661],[20.62941,44.79919]]]}},{"type":"Feature","properties":{"OBJECTID":123,"Value_e":"LJIG","Value_sl":"LJIG","Value_sc":"ЉИГ","Municipality_DOM_ID":"70769","Region_DOM_ID":"16","SHAPE.STArea()":278691694.93600845,"SHAPE.STLength()":119570.75175180254},"geometry":{"type":"Polygon","coordinates":[[[20.42789,44.32182],[20.41816,44.32072],[20.41574,44.31763],[20.40979,44.31525],[20.40916,44.31287],[20.39945,44.31266],[20.39891,44.31449],[20.392,44.318],[20.39005,44.3178],[20.38952,44.31375],[20.38734,44.31286],[20.38249,44.31125],[20.37845,44.31363],[20.37603,44.31022],[20.37273,44.31075],[20.36813,44.30814],[20.36619,44.30917],[20.3654,44.30844],[20.36849,44.30312],[20.36815,44.29918],[20.36127,44.29795],[20.35985,44.29192],[20.35579,44.29206],[20.35196,44.28744],[20.34747,44.28787],[20.34783,44.2853],[20.34429,44.2845],[20.3425,44.28055],[20.33347,44.27767],[20.32987,44.27408],[20.32169,44.27423],[20.31714,44.27642],[20.31165,44.27529],[20.30946,44.27761],[20.30959,44.28],[20.30721,44.2806],[20.30127,44.2724],[20.30041,44.26288],[20.27944,44.26896],[20.27774,44.26819],[20.27899,44.27003],[20.27385,44.27196],[20.27878,44.27244],[20.27722,44.27435],[20.27953,44.27565],[20.27787,44.27791],[20.27882,44.2785],[20.27102,44.27667],[20.26427,44.27724],[20.26815,44.27923],[20.25903,44.28117],[20.25795,44.28237],[20.25937,44.28293],[20.25939,44.28879],[20.25663,44.28794],[20.25644,44.28588],[20.25055,44.28691],[20.2507,44.2891],[20.24886,44.2904],[20.25373,44.29134],[20.25043,44.29466],[20.24682,44.29522],[20.24339,44.29319],[20.23766,44.29671],[20.23861,44.29814],[20.23747,44.29989],[20.24068,44.29909],[20.24034,44.30247],[20.23688,44.30157],[20.2356,44.30406],[20.22757,44.2982],[20.22404,44.29829],[20.22007,44.29382],[20.2215,44.2917],[20.22093,44.28929],[20.2248,44.285],[20.22316,44.28237],[20.22571,44.28186],[20.2268,44.27983],[20.22452,44.27706],[20.23249,44.27308],[20.23172,44.27107],[20.22947,44.26989],[20.22565,44.27069],[20.2214,44.27507],[20.21017,44.27313],[20.20334,44.27003],[20.20246,44.26817],[20.19292,44.26574],[20.18737,44.25824],[20.18532,44.26023],[20.18683,44.25565],[20.18511,44.25371],[20.18974,44.25149],[20.19341,44.2524],[20.20662,44.24871],[20.20485,44.24476],[20.2022,44.24317],[20.19882,44.24331],[20.19126,44.23961],[20.18868,44.24028],[20.18257,44.23649],[20.18293,44.23336],[20.18035,44.23001],[20.1809,44.22546],[20.17493,44.22009],[20.177,44.2186],[20.17576,44.21703],[20.17808,44.21379],[20.17982,44.21402],[20.18153,44.20763],[20.18879,44.20565],[20.1919,44.20109],[20.18537,44.19785],[20.18637,44.19647],[20.18452,44.19179],[20.1714,44.19163],[20.1643,44.18747],[20.1601,44.18367],[20.1595,44.18017],[20.1551,44.17724],[20.15002,44.17691],[20.14486,44.17195],[20.14508,44.16959],[20.14332,44.16838],[20.14678,44.16631],[20.14617,44.16529],[20.13896,44.16312],[20.15495,44.1514],[20.15401,44.14517],[20.1552,44.14345],[20.16084,44.14041],[20.16308,44.14079],[20.16482,44.13833],[20.16111,44.13162],[20.16407,44.12472],[20.16278,44.12051],[20.17276,44.11948],[20.18057,44.12276],[20.17646,44.12499],[20.17576,44.12762],[20.1918,44.13605],[20.20052,44.13392],[20.21463,44.13579],[20.21972,44.13479],[20.22246,44.13539],[20.22145,44.13895],[20.23958,44.13873],[20.24805,44.13546],[20.26042,44.13742],[20.26353,44.14071],[20.26991,44.14204],[20.27215,44.14493],[20.2852,44.14511],[20.2867,44.1474],[20.29454,44.14418],[20.29844,44.14599],[20.30591,44.1441],[20.30985,44.14655],[20.31106,44.15498],[20.30898,44.15725],[20.30968,44.15929],[20.32077,44.16278],[20.3222,44.16543],[20.33433,44.16455],[20.33689,44.16577],[20.33818,44.16423],[20.35234,44.16966],[20.34906,44.17588],[20.35041,44.17891],[20.3486,44.18266],[20.35126,44.18944],[20.34992,44.19175],[20.35175,44.19406],[20.36778,44.1958],[20.37516,44.20039],[20.38864,44.19809],[20.38818,44.20441],[20.39061,44.20721],[20.38863,44.20825],[20.39166,44.21273],[20.39033,44.21355],[20.39239,44.21849],[20.39467,44.22042],[20.39294,44.22311],[20.39846,44.2288],[20.39966,44.23151],[20.39867,44.23229],[20.4089,44.23106],[20.41066,44.22779],[20.4182,44.22684],[20.42541,44.23844],[20.42506,44.23978],[20.41758,44.24152],[20.42214,44.2429],[20.42223,44.2462],[20.42524,44.2474],[20.42448,44.25268],[20.42864,44.2523],[20.42777,44.25514],[20.42927,44.25777],[20.4281,44.26019],[20.42972,44.26335],[20.43616,44.26599],[20.43477,44.26771],[20.43707,44.26899],[20.43486,44.27112],[20.43259,44.27028],[20.4288,44.27403],[20.42632,44.27984],[20.42745,44.29203],[20.43091,44.29459],[20.43346,44.29937],[20.43147,44.30354],[20.42884,44.30403],[20.43041,44.31845],[20.42789,44.32182]]]}},{"type":"Feature","properties":{"OBJECTID":124,"Value_e":"MIONICA","Value_sl":"MIONICA","Value_sc":"МИОНИЦА","Municipality_DOM_ID":"70831","Region_DOM_ID":"16","SHAPE.STArea()":329278021.62336874,"SHAPE.STLength()":115988.6343000556},"geometry":{"type":"Polygon","coordinates":[[[20.11599,44.32065],[20.11293,44.32379],[20.10785,44.32158],[20.09966,44.32185],[20.09175,44.31723],[20.09112,44.31834],[20.0797,44.31633],[20.08489,44.30941],[20.08408,44.30285],[20.08709,44.2982],[20.06815,44.3012],[20.06509,44.30018],[20.06611,44.30222],[20.05768,44.29856],[20.05647,44.29457],[20.05169,44.29371],[20.04356,44.28512],[20.03381,44.28393],[20.03536,44.28492],[20.02585,44.28877],[20.00598,44.29155],[20.00337,44.2913],[20.0014,44.28753],[19.99513,44.28637],[19.98673,44.28129],[19.98562,44.27881],[19.98805,44.27751],[19.9917,44.28],[19.9936,44.27921],[19.99107,44.27666],[19.99505,44.2745],[19.99926,44.26927],[20.0021,44.27061],[20.00311,44.26964],[20.00072,44.26852],[20.00722,44.26438],[20.00196,44.2626],[20.00392,44.25972],[20.00074,44.25635],[20.00525,44.25169],[20.00405,44.24504],[19.99984,44.24318],[20.00091,44.24287],[19.99949,44.24164],[20.00023,44.23809],[19.99228,44.23183],[19.99364,44.22986],[19.98698,44.23021],[19.9865,44.22631],[19.98144,44.22785],[19.97778,44.23106],[19.97123,44.2296],[19.96577,44.22269],[19.95597,44.21815],[19.95687,44.21632],[19.96044,44.21588],[19.95688,44.21116],[19.96059,44.2092],[19.9567,44.20647],[19.95321,44.20728],[19.95502,44.20364],[19.94648,44.19098],[19.94623,44.18515],[19.93712,44.17399],[19.93798,44.17186],[19.9368,44.16982],[19.93921,44.16544],[19.94689,44.16123],[19.94536,44.15484],[19.94209,44.14971],[19.9469,44.14907],[19.94866,44.14418],[19.95216,44.1408],[19.96054,44.13697],[19.96218,44.13125],[19.96922,44.13701],[19.97929,44.139],[19.97953,44.14092],[19.98459,44.14397],[19.992,44.14116],[20.00021,44.14255],[20.00953,44.1412],[20.01401,44.13996],[20.01361,44.13703],[20.0168,44.13274],[20.01431,44.1321],[20.01433,44.12965],[20.02063,44.12694],[20.02096,44.12462],[20.01888,44.1236],[20.02269,44.11911],[20.02603,44.12085],[20.03435,44.11582],[20.04444,44.1171],[20.05527,44.11428],[20.06234,44.11521],[20.07482,44.11176],[20.08269,44.11456],[20.08657,44.11092],[20.09682,44.10811],[20.10376,44.10764],[20.11251,44.1098],[20.1162,44.10293],[20.12162,44.10123],[20.12643,44.1017],[20.12628,44.09978],[20.13171,44.09692],[20.13488,44.10128],[20.13977,44.10159],[20.13853,44.09953],[20.14986,44.095],[20.15183,44.10086],[20.15012,44.10753],[20.14871,44.10909],[20.14488,44.10874],[20.14164,44.1105],[20.1401,44.1206],[20.14199,44.12197],[20.15102,44.11924],[20.15201,44.12124],[20.15533,44.11959],[20.16273,44.12059],[20.16407,44.12472],[20.16111,44.13162],[20.16482,44.13833],[20.16308,44.14079],[20.16084,44.14041],[20.1552,44.14345],[20.15401,44.14517],[20.15495,44.1514],[20.13896,44.16312],[20.14617,44.16529],[20.14678,44.16631],[20.14332,44.16838],[20.14508,44.16959],[20.14486,44.17195],[20.15002,44.17691],[20.1551,44.17724],[20.1595,44.18017],[20.1601,44.18367],[20.1643,44.18747],[20.1714,44.19163],[20.18452,44.19179],[20.18637,44.19647],[20.18537,44.19785],[20.1919,44.20109],[20.18879,44.20565],[20.18153,44.20763],[20.17982,44.21402],[20.17808,44.21379],[20.17576,44.21703],[20.177,44.2186],[20.17493,44.22009],[20.1809,44.22546],[20.18035,44.23001],[20.18293,44.23336],[20.18257,44.23649],[20.18868,44.24028],[20.19126,44.23961],[20.20485,44.24476],[20.20652,44.24876],[20.19341,44.2524],[20.18974,44.25149],[20.18511,44.25371],[20.18683,44.25565],[20.18532,44.26023],[20.18737,44.25824],[20.19292,44.26574],[20.20246,44.26817],[20.20596,44.27097],[20.20302,44.27421],[20.20082,44.27325],[20.19792,44.27865],[20.19231,44.27764],[20.18048,44.27933],[20.16815,44.27743],[20.16508,44.27415],[20.16266,44.27788],[20.16337,44.28429],[20.15288,44.29271],[20.15268,44.29872],[20.1497,44.30322],[20.15226,44.30719],[20.15195,44.30981],[20.14725,44.31836],[20.14237,44.32019],[20.1391,44.31567],[20.12133,44.32064],[20.11599,44.32065]]]}},{"type":"Feature","properties":{"OBJECTID":130,"Value_e":"VALJEVO-GRAD","Value_sl":"VALJEVO-GRAD","Value_sc":"ВАЉЕВО-ГРАД","Municipality_DOM_ID":"70360","Region_DOM_ID":"16","SHAPE.STArea()":905436887.0750947,"SHAPE.STLength()":244738.6947315663},"geometry":{"type":"Polygon","coordinates":[[[19.7382,44.4392],[19.71853,44.44615],[19.71321,44.45306],[19.71158,44.45835],[19.70749,44.45749],[19.70043,44.46037],[19.69968,44.45723],[19.69716,44.45579],[19.68977,44.45523],[19.68056,44.45697],[19.67045,44.45255],[19.66171,44.45219],[19.64726,44.4449],[19.65756,44.44565],[19.6599,44.44422],[19.66115,44.44023],[19.66472,44.4371],[19.65948,44.43215],[19.6622,44.42993],[19.66647,44.42935],[19.66883,44.42635],[19.67926,44.42004],[19.6851,44.40717],[19.68035,44.40512],[19.67905,44.40263],[19.68151,44.39916],[19.68157,44.3926],[19.68743,44.38506],[19.68777,44.37999],[19.68429,44.37726],[19.68313,44.37151],[19.68604,44.36643],[19.68489,44.3581],[19.67558,44.34851],[19.6703,44.35126],[19.66521,44.35082],[19.6642,44.3477],[19.66655,44.34443],[19.66191,44.34398],[19.65905,44.33891],[19.66307,44.3378],[19.66541,44.33533],[19.6594,44.33526],[19.65815,44.33303],[19.66848,44.32641],[19.67641,44.32489],[19.69125,44.31861],[19.69357,44.31409],[19.69101,44.31031],[19.68231,44.31155],[19.67678,44.30411],[19.66963,44.30143],[19.65915,44.3011],[19.64959,44.3062],[19.6488,44.30415],[19.64549,44.30628],[19.64018,44.30487],[19.64022,44.29808],[19.63236,44.29046],[19.63484,44.28913],[19.63306,44.28764],[19.63518,44.28491],[19.63041,44.27944],[19.61619,44.28084],[19.6058,44.27573],[19.60143,44.27537],[19.61832,44.26398],[19.61728,44.26141],[19.62084,44.2573],[19.62069,44.25316],[19.62511,44.24921],[19.62575,44.24169],[19.62224,44.23974],[19.62259,44.23612],[19.62019,44.23072],[19.61272,44.22973],[19.60631,44.22572],[19.60661,44.22368],[19.60317,44.22077],[19.60388,44.21528],[19.60226,44.21183],[19.59405,44.21066],[19.59297,44.20922],[19.59512,44.20204],[19.59685,44.20144],[19.59694,44.19594],[19.60071,44.1926],[19.60065,44.19016],[19.60396,44.18821],[19.60426,44.18625],[19.60988,44.18581],[19.61548,44.18177],[19.62124,44.18023],[19.62557,44.1734],[19.63409,44.16894],[19.65014,44.16913],[19.66633,44.16286],[19.6662,44.15965],[19.66914,44.15685],[19.68783,44.15593],[19.69367,44.14651],[19.69839,44.14725],[19.70094,44.14515],[19.72074,44.13953],[19.72176,44.13986],[19.71975,44.14202],[19.72909,44.14361],[19.73122,44.141],[19.73619,44.14046],[19.73914,44.13816],[19.73733,44.13261],[19.73972,44.13065],[19.74781,44.12888],[19.75204,44.13007],[19.75238,44.12824],[19.75504,44.12748],[19.75587,44.12892],[19.75431,44.13052],[19.75991,44.13055],[19.76419,44.12761],[19.76014,44.12614],[19.76406,44.124],[19.76322,44.12317],[19.76586,44.12029],[19.77709,44.11628],[19.78325,44.11047],[19.78107,44.10243],[19.78541,44.09851],[19.79392,44.09582],[19.78992,44.09384],[19.79713,44.0907],[19.79623,44.08951],[19.79813,44.08528],[19.79627,44.08417],[19.79857,44.08308],[19.79821,44.07955],[19.80275,44.07681],[19.79999,44.07599],[19.8048,44.07528],[19.80764,44.0717],[19.81847,44.0692],[19.82693,44.07464],[19.82849,44.08396],[19.83052,44.08576],[19.82788,44.09035],[19.83166,44.09316],[19.83312,44.09641],[19.82674,44.10592],[19.82816,44.10979],[19.82179,44.11623],[19.81405,44.11744],[19.8188,44.12283],[19.81565,44.12646],[19.80641,44.12944],[19.80163,44.13309],[19.79428,44.13238],[19.79469,44.13397],[19.79194,44.13663],[19.7945,44.13875],[19.79664,44.13783],[19.80801,44.14189],[19.81187,44.1417],[19.82985,44.13241],[19.83943,44.13297],[19.84934,44.13004],[19.85291,44.12798],[19.85211,44.12524],[19.8544,44.12467],[19.85901,44.12808],[19.85884,44.1337],[19.86041,44.13686],[19.86744,44.13498],[19.87257,44.13649],[19.87284,44.1381],[19.87527,44.13783],[19.87442,44.14177],[19.87564,44.14336],[19.87393,44.14385],[19.87716,44.14564],[19.87733,44.14901],[19.88076,44.15175],[19.88427,44.15215],[19.88437,44.15586],[19.8876,44.15541],[19.88825,44.15389],[19.89646,44.15336],[19.90158,44.15061],[19.90368,44.15131],[19.90716,44.14908],[19.91028,44.15044],[19.91794,44.14899],[19.92065,44.14619],[19.92661,44.1438],[19.92643,44.14255],[19.93024,44.14189],[19.93328,44.1375],[19.93248,44.13572],[19.92501,44.13199],[19.9272,44.1319],[19.9269,44.13036],[19.93041,44.12894],[19.92664,44.1262],[19.92068,44.12501],[19.92392,44.12426],[19.92269,44.121],[19.92406,44.11836],[19.92762,44.11936],[19.92408,44.11618],[19.92814,44.11551],[19.92922,44.11283],[19.93322,44.11133],[19.93672,44.11308],[19.93821,44.11106],[19.94346,44.11302],[19.9461,44.11231],[19.94704,44.10796],[19.95245,44.10774],[19.95695,44.10382],[19.96001,44.10445],[19.96035,44.10268],[19.95803,44.1008],[19.95857,44.09885],[19.97106,44.09708],[19.98423,44.09908],[19.99727,44.09582],[20.00556,44.09869],[20.00658,44.09953],[20.00475,44.10522],[20.00603,44.10624],[20.0047,44.10906],[20.00912,44.11267],[20.00988,44.11698],[20.01671,44.11939],[20.02269,44.11911],[20.01888,44.1236],[20.02096,44.12462],[20.02063,44.12694],[20.01433,44.12965],[20.01431,44.1321],[20.0168,44.13274],[20.01361,44.13703],[20.01401,44.13996],[20.00021,44.14255],[19.992,44.14116],[19.98459,44.14397],[19.97953,44.14092],[19.97929,44.139],[19.96922,44.13701],[19.96218,44.13125],[19.96054,44.13697],[19.95216,44.1408],[19.94866,44.14418],[19.9469,44.14907],[19.94209,44.14971],[19.94536,44.15484],[19.94689,44.16123],[19.93921,44.16544],[19.9368,44.16982],[19.93798,44.17186],[19.93712,44.17399],[19.94623,44.18515],[19.94648,44.19098],[19.95502,44.20364],[19.95321,44.20728],[19.9567,44.20647],[19.96059,44.2092],[19.95688,44.21116],[19.96044,44.21588],[19.95687,44.21632],[19.95597,44.21815],[19.96577,44.22269],[19.97123,44.2296],[19.97778,44.23106],[19.98144,44.22785],[19.9865,44.22631],[19.98698,44.23021],[19.99364,44.22986],[19.99228,44.23183],[20.00023,44.23809],[19.99949,44.24164],[20.00091,44.24287],[19.99984,44.24318],[20.00405,44.24504],[20.00525,44.25169],[20.00074,44.25635],[20.00392,44.25972],[20.00196,44.2626],[20.00722,44.26438],[20.00072,44.26852],[20.00311,44.26964],[20.0021,44.27061],[19.99926,44.26927],[19.99505,44.2745],[19.99107,44.27666],[19.9936,44.27921],[19.9917,44.28],[19.98805,44.27751],[19.98562,44.27881],[19.98673,44.28129],[19.99513,44.28637],[20.0014,44.28753],[20.00337,44.2913],[20.00598,44.29155],[20.02585,44.28877],[20.03536,44.28492],[20.03381,44.28393],[20.04356,44.28512],[20.05169,44.29371],[20.05647,44.29457],[20.05768,44.29856],[20.06611,44.30222],[20.06509,44.30018],[20.06815,44.3012],[20.08709,44.2982],[20.08408,44.30285],[20.08489,44.30941],[20.07971,44.31613],[20.08079,44.32074],[20.07897,44.31988],[20.07529,44.322],[20.06999,44.33154],[20.05996,44.33699],[20.05481,44.34244],[20.0565,44.34526],[20.05418,44.35125],[20.05556,44.35576],[20.05281,44.35745],[20.05036,44.35679],[20.05168,44.35604],[20.05035,44.354],[20.04359,44.35512],[20.04238,44.35151],[20.03577,44.35515],[20.02935,44.35471],[20.02074,44.34868],[20.01647,44.3511],[20.02107,44.3535],[20.01283,44.35404],[20.00803,44.35733],[20.00747,44.36094],[20.00337,44.36568],[20.00495,44.36874],[20.00403,44.37279],[19.99807,44.37442],[19.9931,44.3738],[19.98891,44.37933],[19.98577,44.37844],[19.98462,44.37991],[19.98294,44.37719],[19.98128,44.37714],[19.9822,44.37288],[19.97635,44.37488],[19.97513,44.37286],[19.971,44.37246],[19.97132,44.37682],[19.96787,44.38116],[19.96641,44.38087],[19.96651,44.37593],[19.96194,44.37543],[19.9619,44.37218],[19.95916,44.37242],[19.95702,44.37463],[19.9543,44.37473],[19.95325,44.37289],[19.94803,44.37427],[19.9394,44.37205],[19.93021,44.37349],[19.92818,44.37597],[19.92254,44.3779],[19.92226,44.37989],[19.92422,44.38162],[19.92058,44.38294],[19.9242,44.38635],[19.92334,44.38895],[19.91341,44.39203],[19.91015,44.38161],[19.90688,44.37907],[19.90718,44.37598],[19.90115,44.37696],[19.89483,44.39046],[19.89557,44.39498],[19.89276,44.39836],[19.88907,44.39982],[19.89534,44.40427],[19.89278,44.40709],[19.88836,44.40806],[19.88218,44.41287],[19.87564,44.4153],[19.87702,44.41587],[19.87431,44.42273],[19.86015,44.43245],[19.85755,44.42857],[19.86258,44.42204],[19.85767,44.41085],[19.85867,44.40531],[19.85577,44.40643],[19.8532,44.40995],[19.84438,44.40683],[19.8192,44.41009],[19.81431,44.40842],[19.80716,44.41],[19.79407,44.40797],[19.79278,44.40877],[19.79095,44.41838],[19.78936,44.41858],[19.79069,44.4198],[19.78817,44.42381],[19.78951,44.42358],[19.78965,44.42628],[19.78813,44.4302],[19.78387,44.43339],[19.78306,44.43618],[19.77322,44.43584],[19.77011,44.43725],[19.75989,44.43622],[19.75299,44.44117],[19.7382,44.4392]]]}},{"type":"Feature","properties":{"OBJECTID":131,"Value_e":"OSEČINA","Value_sl":"OSEČINA","Value_sc":"ОСЕЧИНА","Municipality_DOM_ID":"70882","Region_DOM_ID":"16","SHAPE.STArea()":318839452.9017272,"SHAPE.STLength()":124049.87889795951},"geometry":{"type":"Polygon","coordinates":[[[19.58919,44.4559],[19.57896,44.46474],[19.57435,44.46216],[19.56928,44.4619],[19.5603,44.45548],[19.54448,44.45416],[19.54111,44.45479],[19.53967,44.45702],[19.53153,44.45638],[19.52439,44.45102],[19.51307,44.45123],[19.50687,44.44706],[19.50247,44.44656],[19.50282,44.44209],[19.50956,44.44094],[19.51185,44.43773],[19.51889,44.43648],[19.52359,44.43755],[19.52497,44.43247],[19.53101,44.42784],[19.51517,44.41778],[19.5198,44.41157],[19.5093,44.40541],[19.50878,44.4038],[19.51268,44.40045],[19.50725,44.39571],[19.50905,44.38912],[19.50758,44.38258],[19.50377,44.38331],[19.49919,44.37865],[19.48956,44.37948],[19.48959,44.3783],[19.48205,44.38017],[19.47584,44.37947],[19.47727,44.38128],[19.47643,44.38216],[19.4718,44.38075],[19.47097,44.37543],[19.47322,44.37006],[19.4767,44.36924],[19.47832,44.36559],[19.48185,44.36344],[19.48182,44.35699],[19.49854,44.3626],[19.50094,44.35964],[19.50072,44.35752],[19.50478,44.35656],[19.5074,44.35286],[19.50661,44.34926],[19.51147,44.34454],[19.51288,44.34564],[19.51851,44.34177],[19.52066,44.34253],[19.522,44.33731],[19.51827,44.33794],[19.51622,44.33446],[19.50921,44.33145],[19.50633,44.32821],[19.49667,44.32435],[19.48842,44.32548],[19.48773,44.32386],[19.48303,44.32411],[19.48213,44.3199],[19.47672,44.31713],[19.47801,44.31541],[19.47483,44.3137],[19.47608,44.31147],[19.4728,44.30826],[19.47575,44.30147],[19.47399,44.29937],[19.47483,44.29765],[19.4731,44.29852],[19.4728,44.29636],[19.47093,44.29612],[19.47072,44.29736],[19.46711,44.29591],[19.46823,44.29486],[19.46675,44.29398],[19.46037,44.2945],[19.46345,44.29161],[19.46308,44.28999],[19.45847,44.2935],[19.45807,44.29113],[19.45362,44.29178],[19.45384,44.29049],[19.45088,44.28983],[19.44726,44.28631],[19.45029,44.2844],[19.45613,44.28476],[19.45799,44.28295],[19.45924,44.27932],[19.455,44.27748],[19.45489,44.27256],[19.44884,44.26991],[19.44897,44.2723],[19.44408,44.27496],[19.43604,44.27168],[19.43665,44.26978],[19.45418,44.26579],[19.46003,44.26557],[19.46319,44.26762],[19.46234,44.26472],[19.47065,44.26241],[19.47088,44.25879],[19.4739,44.25661],[19.48085,44.25708],[19.48869,44.25289],[19.49258,44.25371],[19.49739,44.24923],[19.50543,44.24827],[19.50349,44.24974],[19.50577,44.25319],[19.51113,44.25384],[19.51611,44.25133],[19.51562,44.24922],[19.51639,44.24754],[19.51901,44.24707],[19.51873,44.24518],[19.52514,44.24285],[19.53644,44.24161],[19.5392,44.23923],[19.55553,44.24066],[19.55981,44.23846],[19.56273,44.23472],[19.56438,44.23488],[19.56508,44.23292],[19.56884,44.23292],[19.57114,44.23168],[19.57073,44.2305],[19.57825,44.22828],[19.58547,44.22769],[19.58479,44.22568],[19.58869,44.22527],[19.58707,44.22376],[19.58913,44.22264],[19.5879,44.22119],[19.59081,44.22162],[19.59292,44.21758],[19.5911,44.21237],[19.5949,44.21028],[19.60226,44.21183],[19.60388,44.21528],[19.60317,44.22077],[19.60661,44.22368],[19.60631,44.22572],[19.61272,44.22973],[19.62019,44.23072],[19.62259,44.23612],[19.62224,44.23974],[19.62575,44.24169],[19.62511,44.24921],[19.62069,44.25316],[19.62084,44.2573],[19.61728,44.26141],[19.61832,44.26398],[19.60143,44.27537],[19.6058,44.27573],[19.61619,44.28084],[19.63041,44.27944],[19.63518,44.28491],[19.63306,44.28764],[19.63484,44.28913],[19.63236,44.29046],[19.64022,44.29808],[19.64018,44.30487],[19.64549,44.30628],[19.6488,44.30415],[19.64959,44.3062],[19.65915,44.3011],[19.66963,44.30143],[19.67678,44.30411],[19.68231,44.31155],[19.69101,44.31031],[19.69361,44.31504],[19.69125,44.31861],[19.67641,44.32489],[19.66848,44.32641],[19.65815,44.33303],[19.6594,44.33526],[19.66541,44.33533],[19.66307,44.3378],[19.65905,44.33891],[19.66191,44.34398],[19.66655,44.34443],[19.6642,44.3477],[19.66521,44.35082],[19.6703,44.35126],[19.67558,44.34851],[19.68495,44.35823],[19.68604,44.36643],[19.68313,44.37151],[19.68429,44.37726],[19.68696,44.37818],[19.68783,44.38084],[19.68731,44.38542],[19.68157,44.3926],[19.68151,44.39916],[19.67905,44.40263],[19.68035,44.40512],[19.6851,44.40717],[19.67926,44.42004],[19.66883,44.42635],[19.66647,44.42935],[19.6622,44.42993],[19.65948,44.43215],[19.66472,44.4371],[19.65756,44.44565],[19.64506,44.44425],[19.64116,44.44022],[19.63131,44.4401],[19.62603,44.43839],[19.61416,44.43894],[19.61024,44.44315],[19.58919,44.4559]]]}},{"type":"Feature","properties":{"OBJECTID":134,"Value_e":"LAJKOVAC","Value_sl":"LAJKOVAC","Value_sc":"ЛАЈКОВАЦ","Municipality_DOM_ID":"70700","Region_DOM_ID":"16","SHAPE.STArea()":185754610.22985232,"SHAPE.STLength()":131309.24728220326},"geometry":{"type":"Polygon","coordinates":[[[20.24383,44.49536],[20.23266,44.49528],[20.23376,44.49467],[20.23194,44.49309],[20.23283,44.49176],[20.22951,44.48862],[20.2267,44.48751],[20.22248,44.48859],[20.22046,44.48508],[20.21524,44.48535],[20.21565,44.48365],[20.21418,44.48271],[20.2106,44.48353],[20.21047,44.48218],[20.20683,44.4808],[20.2082,44.48005],[20.20592,44.47864],[20.20625,44.47721],[20.20469,44.47779],[20.20352,44.47558],[20.20043,44.47511],[20.1986,44.4705],[20.20203,44.46033],[20.20689,44.45327],[20.2018,44.44897],[20.18335,44.44515],[20.17531,44.43742],[20.16628,44.43446],[20.1597,44.43482],[20.15173,44.4294],[20.14842,44.42913],[20.14759,44.42691],[20.14998,44.42549],[20.14809,44.42541],[20.14782,44.42498],[20.1498,44.42428],[20.14796,44.41964],[20.14568,44.42064],[20.14632,44.41962],[20.14297,44.41794],[20.1413,44.41944],[20.1386,44.41842],[20.13184,44.4196],[20.13192,44.41818],[20.12637,44.41655],[20.13593,44.40388],[20.13345,44.40239],[20.13449,44.40143],[20.13233,44.40158],[20.12643,44.3901],[20.1223,44.39055],[20.11651,44.38725],[20.10132,44.3948],[20.10039,44.39812],[20.09459,44.39911],[20.09702,44.4006],[20.09715,44.40282],[20.09145,44.40314],[20.09286,44.40602],[20.08287,44.41384],[20.07572,44.41347],[20.0757,44.41207],[20.06886,44.40758],[20.06451,44.40644],[20.06116,44.40245],[20.05545,44.40072],[20.05594,44.39758],[20.05304,44.39504],[20.05461,44.39386],[20.05015,44.3898],[20.04925,44.38673],[20.05237,44.38389],[20.04983,44.38315],[20.04909,44.37934],[20.0499,44.37456],[20.05295,44.37057],[20.04823,44.36578],[20.04851,44.36308],[20.05159,44.36041],[20.05036,44.35679],[20.05281,44.35745],[20.05556,44.35576],[20.05418,44.35125],[20.05652,44.34553],[20.05458,44.34314],[20.0561,44.3406],[20.06339,44.33456],[20.06999,44.33154],[20.07529,44.322],[20.07897,44.31988],[20.08079,44.32074],[20.0797,44.31633],[20.09112,44.31834],[20.09175,44.31723],[20.09966,44.32185],[20.10785,44.32158],[20.11293,44.32379],[20.11599,44.32065],[20.12788,44.31922],[20.13859,44.31573],[20.14237,44.32019],[20.14701,44.31851],[20.15195,44.30981],[20.15226,44.30719],[20.1497,44.30322],[20.15268,44.29872],[20.15288,44.29271],[20.16337,44.28429],[20.16266,44.27788],[20.16544,44.27397],[20.16815,44.27743],[20.18315,44.27963],[20.19231,44.27764],[20.19843,44.27847],[20.20082,44.27325],[20.20302,44.27421],[20.20589,44.27137],[20.2214,44.27507],[20.22565,44.27069],[20.22947,44.26989],[20.23172,44.27107],[20.23249,44.27308],[20.22452,44.27706],[20.2268,44.27983],[20.22571,44.28186],[20.22316,44.28237],[20.2248,44.285],[20.22097,44.28919],[20.22007,44.29382],[20.22458,44.29865],[20.22757,44.2982],[20.23266,44.30206],[20.23277,44.3032],[20.22973,44.30393],[20.23228,44.30631],[20.22999,44.30663],[20.22933,44.30827],[20.22679,44.30731],[20.22362,44.31009],[20.22889,44.31125],[20.22806,44.31329],[20.22617,44.31344],[20.22771,44.3151],[20.22628,44.31661],[20.22526,44.31528],[20.22459,44.31663],[20.22133,44.31561],[20.21997,44.31614],[20.22091,44.3171],[20.21861,44.31727],[20.21627,44.31586],[20.21322,44.31743],[20.21491,44.31861],[20.21351,44.32144],[20.21056,44.32161],[20.20776,44.32445],[20.21406,44.32366],[20.21573,44.32472],[20.20976,44.32873],[20.21531,44.32951],[20.21052,44.33172],[20.21248,44.33544],[20.20844,44.33604],[20.2066,44.33173],[20.20298,44.33059],[20.2028,44.33307],[20.1967,44.33544],[20.20153,44.34028],[20.19938,44.3406],[20.20043,44.34129],[20.19924,44.34326],[20.1973,44.34295],[20.19657,44.34087],[20.19473,44.34114],[20.1944,44.34327],[20.19157,44.34326],[20.19261,44.34593],[20.19118,44.34721],[20.1945,44.34956],[20.21205,44.35222],[20.22867,44.35102],[20.23184,44.35236],[20.21774,44.36178],[20.21294,44.36926],[20.21678,44.3703],[20.21336,44.37363],[20.2067,44.37583],[20.20626,44.3779],[20.20697,44.37894],[20.20897,44.37796],[20.21039,44.381],[20.20787,44.38249],[20.20843,44.38649],[20.21173,44.38473],[20.21461,44.38624],[20.20945,44.38795],[20.21065,44.39032],[20.2169,44.38896],[20.21735,44.38681],[20.22134,44.38756],[20.21949,44.38895],[20.22027,44.39136],[20.2181,44.39223],[20.21935,44.39427],[20.21596,44.39543],[20.21626,44.39804],[20.21148,44.39584],[20.21078,44.3994],[20.20848,44.40012],[20.21314,44.4039],[20.21941,44.40283],[20.22243,44.40645],[20.22288,44.40786],[20.21869,44.40927],[20.21911,44.41068],[20.22155,44.41076],[20.21817,44.41398],[20.22018,44.41364],[20.22207,44.41716],[20.22809,44.42158],[20.23152,44.41978],[20.24052,44.42445],[20.24009,44.42587],[20.2445,44.42444],[20.2414,44.42887],[20.24687,44.42929],[20.24607,44.43219],[20.2434,44.43323],[20.24494,44.43552],[20.24167,44.43736],[20.24464,44.44161],[20.24812,44.4431],[20.24616,44.44545],[20.24134,44.44534],[20.24506,44.44646],[20.24427,44.44882],[20.23768,44.4462],[20.23784,44.44809],[20.23613,44.44873],[20.23776,44.45144],[20.23538,44.45423],[20.23675,44.45622],[20.23238,44.45731],[20.23634,44.45875],[20.23798,44.45599],[20.23948,44.45849],[20.24128,44.45777],[20.23872,44.4613],[20.23735,44.45964],[20.23365,44.45949],[20.23395,44.46463],[20.23801,44.46682],[20.2403,44.46574],[20.23995,44.46847],[20.24535,44.46788],[20.24399,44.46681],[20.24566,44.46653],[20.24779,44.46904],[20.2451,44.47054],[20.24692,44.47162],[20.24172,44.47319],[20.23891,44.47621],[20.24405,44.47748],[20.24118,44.47963],[20.24533,44.47885],[20.24306,44.48057],[20.24466,44.48287],[20.24275,44.48151],[20.24169,44.48331],[20.24343,44.48581],[20.24523,44.48492],[20.2468,44.4869],[20.24395,44.48612],[20.24076,44.48783],[20.24326,44.49101],[20.24521,44.49066],[20.24567,44.49343],[20.24383,44.49536]]]}},{"type":"Feature","properties":{"OBJECTID":141,"Value_e":"UB","Value_sl":"UB","Value_sc":"УБ","Municipality_DOM_ID":"71218","Region_DOM_ID":"16","SHAPE.STArea()":456895319.70318115,"SHAPE.STLength()":179009.66642353224},"geometry":{"type":"Polygon","coordinates":[[[19.99029,44.58565],[19.98838,44.58588],[19.98881,44.58428],[19.98487,44.58165],[19.97508,44.57983],[19.9706,44.5766],[19.96342,44.57649],[19.96327,44.57474],[19.95937,44.57503],[19.95587,44.57313],[19.94746,44.57368],[19.94107,44.5712],[19.93464,44.57088],[19.92848,44.57279],[19.92881,44.575],[19.9262,44.57445],[19.92346,44.576],[19.90837,44.57642],[19.90519,44.57177],[19.89703,44.56946],[19.89703,44.56767],[19.89313,44.56519],[19.8861,44.56278],[19.88565,44.55997],[19.88311,44.55971],[19.88035,44.55378],[19.87694,44.55194],[19.87985,44.55078],[19.87937,44.54875],[19.87763,44.54898],[19.87557,44.53963],[19.87823,44.53091],[19.87793,44.51881],[19.88339,44.51619],[19.89051,44.51523],[19.88924,44.51158],[19.89477,44.50972],[19.89056,44.50541],[19.88811,44.49532],[19.88322,44.49034],[19.88617,44.48963],[19.88286,44.48115],[19.88507,44.47193],[19.88449,44.46853],[19.87956,44.46701],[19.8767,44.46293],[19.88023,44.45984],[19.88036,44.45776],[19.87001,44.45579],[19.86713,44.45357],[19.86529,44.44868],[19.86761,44.4434],[19.85661,44.4399],[19.85506,44.43735],[19.87431,44.42273],[19.87702,44.41587],[19.87564,44.4153],[19.88218,44.41287],[19.88836,44.40806],[19.89278,44.40709],[19.89534,44.40427],[19.88907,44.39982],[19.89276,44.39836],[19.89557,44.39498],[19.89483,44.39046],[19.90115,44.37696],[19.90718,44.37598],[19.90688,44.37907],[19.91015,44.38161],[19.91341,44.39203],[19.92334,44.38895],[19.9242,44.38635],[19.92058,44.38294],[19.92422,44.38162],[19.92226,44.37989],[19.92254,44.3779],[19.92818,44.37597],[19.93021,44.37349],[19.9394,44.37205],[19.94803,44.37427],[19.95325,44.37289],[19.9543,44.37473],[19.95702,44.37463],[19.95916,44.37242],[19.9619,44.37218],[19.96194,44.37543],[19.96651,44.37593],[19.96641,44.38087],[19.96787,44.38116],[19.97132,44.37682],[19.971,44.37246],[19.97513,44.37286],[19.97635,44.37488],[19.9822,44.37288],[19.98128,44.37714],[19.98294,44.37719],[19.98462,44.37991],[19.98577,44.37844],[19.98891,44.37933],[19.9931,44.3738],[19.99807,44.37442],[20.00403,44.37279],[20.00495,44.36874],[20.00337,44.36568],[20.00747,44.36094],[20.00803,44.35733],[20.01283,44.35404],[20.02107,44.3535],[20.01647,44.3511],[20.02074,44.34868],[20.02935,44.35471],[20.03577,44.35515],[20.04238,44.35151],[20.04359,44.35512],[20.05035,44.354],[20.05159,44.36041],[20.04851,44.36308],[20.04823,44.36578],[20.05295,44.37057],[20.0499,44.37456],[20.04909,44.37934],[20.04983,44.38315],[20.05237,44.38389],[20.04925,44.38673],[20.05015,44.3898],[20.05461,44.39386],[20.05304,44.39504],[20.05594,44.39758],[20.05545,44.40072],[20.06116,44.40245],[20.06451,44.40644],[20.06886,44.40758],[20.0757,44.41207],[20.07572,44.41347],[20.08287,44.41384],[20.09286,44.40602],[20.09145,44.40314],[20.09715,44.40282],[20.09702,44.4006],[20.09459,44.39911],[20.10039,44.39812],[20.10132,44.3948],[20.11651,44.38725],[20.1223,44.39055],[20.12643,44.3901],[20.13233,44.40158],[20.13449,44.40143],[20.13345,44.40239],[20.13593,44.40388],[20.12637,44.41655],[20.13192,44.41818],[20.13184,44.4196],[20.1386,44.41842],[20.1413,44.41944],[20.14297,44.41794],[20.14632,44.41962],[20.14568,44.42064],[20.14796,44.41964],[20.1498,44.42428],[20.14782,44.42498],[20.14998,44.42549],[20.14759,44.42691],[20.14842,44.42913],[20.15173,44.4294],[20.1597,44.43482],[20.16628,44.43446],[20.17531,44.43742],[20.18335,44.44515],[20.20201,44.44911],[20.20689,44.45327],[20.20203,44.46033],[20.1986,44.4705],[20.20043,44.47511],[20.20352,44.47558],[20.20469,44.47779],[20.20625,44.47721],[20.20592,44.47864],[20.2082,44.48005],[20.20683,44.4808],[20.21047,44.48218],[20.2106,44.48353],[20.21418,44.48271],[20.21565,44.48365],[20.21524,44.48535],[20.22046,44.48508],[20.22248,44.48859],[20.2267,44.48751],[20.22951,44.48862],[20.23283,44.49176],[20.23194,44.49309],[20.23376,44.49467],[20.23254,44.4952],[20.23762,44.49615],[20.23621,44.49743],[20.23953,44.49819],[20.24039,44.50056],[20.23925,44.50147],[20.24092,44.50195],[20.24062,44.50327],[20.23838,44.50275],[20.2392,44.50644],[20.23751,44.5061],[20.23734,44.50373],[20.23446,44.50432],[20.23552,44.50562],[20.23382,44.50635],[20.2337,44.50466],[20.23169,44.50554],[20.23421,44.50797],[20.23606,44.50708],[20.23627,44.50867],[20.23437,44.50856],[20.23371,44.51019],[20.2314,44.50763],[20.23048,44.51039],[20.22866,44.50631],[20.22626,44.50869],[20.22548,44.50732],[20.22462,44.50904],[20.22343,44.50816],[20.22613,44.51127],[20.22353,44.512],[20.22171,44.51014],[20.22103,44.51185],[20.21966,44.51023],[20.21582,44.50981],[20.21269,44.51116],[20.21414,44.51517],[20.2095,44.51482],[20.21528,44.51741],[20.21711,44.51547],[20.21712,44.51818],[20.21989,44.51782],[20.21788,44.51984],[20.21364,44.5181],[20.20765,44.5194],[20.20845,44.52151],[20.21305,44.5218],[20.21265,44.52447],[20.21517,44.52307],[20.21496,44.52462],[20.21132,44.52556],[20.21302,44.52749],[20.21472,44.52677],[20.21727,44.53005],[20.21895,44.52984],[20.2171,44.53126],[20.22021,44.53146],[20.21887,44.53364],[20.21474,44.53269],[20.21765,44.53363],[20.21615,44.5351],[20.21712,44.53588],[20.21291,44.53512],[20.21361,44.53722],[20.21575,44.53628],[20.21555,44.53782],[20.21103,44.53866],[20.21152,44.53573],[20.20949,44.5377],[20.21106,44.53989],[20.21299,44.53977],[20.21159,44.54112],[20.20975,44.54044],[20.21008,44.54177],[20.21525,44.5415],[20.21174,44.54254],[20.21196,44.54497],[20.21435,44.5446],[20.21409,44.54658],[20.20833,44.54645],[20.20809,44.54849],[20.20669,44.54556],[20.20572,44.54954],[20.20392,44.55022],[20.20725,44.55158],[20.21005,44.55059],[20.20621,44.55331],[20.20783,44.55421],[20.20579,44.5547],[20.20945,44.5543],[20.20731,44.55695],[20.213,44.56023],[20.2081,44.56018],[20.20887,44.56436],[20.20134,44.56663],[20.20227,44.56783],[20.20113,44.56867],[20.19473,44.56689],[20.19423,44.56468],[20.18838,44.56552],[20.19075,44.56032],[20.18864,44.55568],[20.19016,44.55112],[20.18919,44.54862],[20.19049,44.54755],[20.1896,44.54423],[20.16762,44.52858],[20.16657,44.52584],[20.16779,44.52422],[20.1598,44.52252],[20.15937,44.52032],[20.15455,44.51808],[20.15398,44.51334],[20.14773,44.5102],[20.13763,44.51774],[20.13612,44.52341],[20.13017,44.5301],[20.12166,44.53629],[20.1226,44.5374],[20.11818,44.53995],[20.12049,44.5414],[20.11943,44.54556],[20.11386,44.54753],[20.11309,44.54569],[20.11445,44.54518],[20.11251,44.54309],[20.11021,44.54424],[20.11042,44.54765],[20.10051,44.54763],[20.09803,44.54573],[20.09909,44.54746],[20.09437,44.5476],[20.09406,44.5501],[20.09294,44.54954],[20.09353,44.54675],[20.08205,44.54596],[20.07861,44.53694],[20.08041,44.536],[20.07576,44.52921],[20.07408,44.52885],[20.07489,44.52797],[20.06211,44.52111],[20.05278,44.52513],[20.05328,44.52681],[20.04932,44.52659],[20.036,44.532],[20.03536,44.53414],[20.02968,44.53621],[20.03222,44.53889],[20.02871,44.5407],[20.02541,44.5375],[20.0181,44.53915],[20.01637,44.53635],[20.01864,44.53627],[20.01875,44.53303],[20.01122,44.53343],[20.01316,44.53671],[20.00829,44.54298],[19.99314,44.55023],[19.995,44.55215],[19.99255,44.5531],[19.99245,44.55523],[19.98842,44.55852],[19.98882,44.56941],[19.99144,44.57486],[19.99507,44.57806],[19.99029,44.58565]]]}},{"type":"Feature","properties":{"OBJECTID":26,"Value_e":"ZRENJANIN-GRAD","Value_sl":"ZRENJANIN-GRAD","Value_sc":"ЗРЕЊАНИН-ГРАД","Municipality_DOM_ID":"80152","Region_DOM_ID":"17","SHAPE.STArea()":1325627612.2590408,"SHAPE.STLength()":271803.5993154272},"geometry":{"type":"Polygon","coordinates":[[[20.4256,45.56282],[20.38703,45.61022],[20.37987,45.60284],[20.36712,45.6042],[20.33503,45.61917],[20.2669,45.53339],[20.28796,45.51152],[20.28584,45.50123],[20.25293,45.49518],[20.20914,45.49043],[20.19111,45.49394],[20.17393,45.50455],[20.14728,45.49155],[20.1547,45.48367],[20.18491,45.46023],[20.18202,45.45894],[20.16057,45.45937],[20.16151,45.45643],[20.15272,45.45551],[20.15432,45.44474],[20.15107,45.44456],[20.15987,45.42808],[20.17862,45.43082],[20.18412,45.42817],[20.18458,45.4263],[20.19016,45.42698],[20.1993,45.42386],[20.20657,45.42486],[20.21056,45.42942],[20.22507,45.43101],[20.22455,45.41846],[20.21206,45.39803],[20.2043,45.39083],[20.2022,45.38591],[20.20265,45.38189],[20.21347,45.36469],[20.23525,45.35813],[20.25049,45.34821],[20.25878,45.34497],[20.26835,45.33359],[20.26625,45.33103],[20.25489,45.32917],[20.25136,45.32558],[20.25052,45.32219],[20.2685,45.31903],[20.27146,45.31678],[20.2697,45.31446],[20.26536,45.3133],[20.23935,45.31249],[20.23251,45.31039],[20.22888,45.30567],[20.23879,45.30382],[20.23594,45.29163],[20.23977,45.2861],[20.27159,45.27278],[20.2814,45.26469],[20.29004,45.2552],[20.31292,45.22299],[20.31248,45.21235],[20.31401,45.20538],[20.31021,45.18739],[20.30704,45.18219],[20.3036,45.17987],[20.28613,45.1767],[20.27811,45.17234],[20.27594,45.16754],[20.28017,45.15692],[20.2811,45.14863],[20.27704,45.13632],[20.27226,45.13411],[20.28548,45.12191],[20.30216,45.09996],[20.32202,45.08149],[20.33001,45.0789],[20.33411,45.07441],[20.34543,45.07926],[20.37483,45.0969],[20.40496,45.08865],[20.41434,45.08417],[20.41728,45.0875],[20.41727,45.09163],[20.41544,45.09328],[20.41064,45.09016],[20.41213,45.09373],[20.40834,45.09594],[20.42153,45.10603],[20.44402,45.11684],[20.45471,45.12614],[20.45127,45.12877],[20.43498,45.13049],[20.4346,45.13263],[20.44471,45.1319],[20.44846,45.13821],[20.45307,45.13881],[20.45846,45.14477],[20.46675,45.14428],[20.46407,45.14795],[20.45848,45.15088],[20.45955,45.15303],[20.46978,45.1513],[20.4743,45.15247],[20.4749,45.15445],[20.47324,45.15624],[20.4634,45.15666],[20.46652,45.16266],[20.45856,45.1686],[20.45834,45.1718],[20.46014,45.17251],[20.46633,45.16676],[20.46518,45.17413],[20.47231,45.17207],[20.46958,45.18346],[20.47957,45.18246],[20.48235,45.18438],[20.47677,45.19074],[20.47707,45.19845],[20.47905,45.1994],[20.4786,45.19628],[20.48685,45.19143],[20.4897,45.19124],[20.48729,45.19953],[20.48821,45.20316],[20.49543,45.21367],[20.50551,45.2222],[20.51237,45.21816],[20.49981,45.21321],[20.49806,45.21057],[20.50874,45.20907],[20.51055,45.20543],[20.51429,45.20333],[20.51898,45.2032],[20.51826,45.21026],[20.52373,45.2067],[20.52696,45.20657],[20.53898,45.21798],[20.53997,45.21712],[20.53775,45.21476],[20.53866,45.21382],[20.54984,45.21576],[20.54666,45.20899],[20.54836,45.20529],[20.54964,45.20572],[20.55084,45.21116],[20.55439,45.21277],[20.5581,45.20471],[20.56437,45.20343],[20.56546,45.20493],[20.56199,45.21098],[20.57235,45.20959],[20.57425,45.21055],[20.578,45.22393],[20.5774,45.23222],[20.57972,45.23602],[20.587,45.23793],[20.6243,45.22299],[20.62557,45.22366],[20.62675,45.23272],[20.67738,45.21195],[20.6809,45.21247],[20.68478,45.20979],[20.68898,45.20964],[20.68813,45.20854],[20.69217,45.20598],[20.68337,45.19735],[20.71819,45.18327],[20.69598,45.20736],[20.70298,45.21813],[20.70347,45.22317],[20.69206,45.23963],[20.71958,45.28401],[20.67157,45.29752],[20.64553,45.2987],[20.6498,45.30613],[20.65823,45.30693],[20.66266,45.3104],[20.66011,45.31639],[20.66011,45.32702],[20.66157,45.33139],[20.66399,45.3318],[20.66898,45.33633],[20.67895,45.32903],[20.68464,45.32888],[20.68879,45.33069],[20.6867,45.33379],[20.67566,45.34093],[20.67249,45.3487],[20.67432,45.34952],[20.67726,45.34575],[20.68173,45.34726],[20.67897,45.35246],[20.67806,45.36665],[20.67546,45.37818],[20.67917,45.38701],[20.653,45.40853],[20.66618,45.41833],[20.65549,45.42694],[20.6708,45.43253],[20.67914,45.42773],[20.68119,45.43054],[20.65178,45.44628],[20.63085,45.4356],[20.62759,45.43859],[20.61793,45.43881],[20.62911,45.42795],[20.60543,45.41564],[20.59487,45.42807],[20.57953,45.42172],[20.58294,45.41894],[20.57807,45.41688],[20.58191,45.4131],[20.56641,45.40658],[20.56842,45.40419],[20.56583,45.40208],[20.56134,45.40131],[20.55862,45.40871],[20.55152,45.40575],[20.54948,45.41162],[20.55385,45.42224],[20.54857,45.42665],[20.54077,45.42478],[20.53921,45.42783],[20.53549,45.42696],[20.52775,45.44315],[20.52957,45.44388],[20.51666,45.45907],[20.50583,45.45508],[20.50326,45.45795],[20.50184,45.45747],[20.49407,45.46657],[20.50669,45.47207],[20.50142,45.47849],[20.49984,45.48359],[20.47503,45.48066],[20.4699,45.49554],[20.47934,45.49445],[20.48346,45.49563],[20.48619,45.49438],[20.48978,45.49849],[20.49532,45.49589],[20.49594,45.49928],[20.4256,45.56282]]]}},{"type":"Feature","properties":{"OBJECTID":173,"Value_e":"SEČANJ","Value_sl":"SEČANJ","Value_sc":"СЕЧАЊ","Municipality_DOM_ID":"80373","Region_DOM_ID":"17","SHAPE.STArea()":523817972.7356364,"SHAPE.STLength()":132817.712676052},"geometry":{"type":"Polygon","coordinates":[[[20.77104,45.48804],[20.75396,45.4795],[20.74043,45.49556],[20.72828,45.48958],[20.72606,45.49201],[20.69072,45.47742],[20.69176,45.47602],[20.67467,45.46192],[20.7071,45.45328],[20.69694,45.44227],[20.68661,45.43541],[20.67914,45.42773],[20.6708,45.43253],[20.65549,45.42694],[20.66618,45.41833],[20.653,45.40853],[20.67917,45.38701],[20.67546,45.37818],[20.67806,45.36665],[20.67897,45.35246],[20.68173,45.34726],[20.67726,45.34575],[20.67432,45.34952],[20.67249,45.3487],[20.67566,45.34093],[20.6867,45.33379],[20.68881,45.33092],[20.68539,45.32901],[20.67895,45.32903],[20.66898,45.33633],[20.66399,45.3318],[20.66157,45.33139],[20.66011,45.32702],[20.66011,45.31639],[20.66266,45.3104],[20.65823,45.30693],[20.6498,45.30613],[20.64553,45.2987],[20.67157,45.29752],[20.71958,45.28401],[20.69206,45.23963],[20.70347,45.22317],[20.70298,45.21813],[20.69598,45.20736],[20.73225,45.16888],[20.73593,45.16726],[20.75412,45.19423],[20.76475,45.21314],[20.78284,45.20774],[20.79347,45.22352],[20.81065,45.22104],[20.86393,45.25725],[20.8257,45.27515],[20.86906,45.28427],[20.90641,45.30542],[20.9481,45.31709],[21.01245,45.32417],[21.01445,45.3294],[21.0099,45.34121],[20.99953,45.3416],[20.99118,45.34681],[20.98305,45.35545],[20.97496,45.36094],[20.96027,45.36672],[20.95103,45.37489],[20.94852,45.38541],[20.94607,45.38361],[20.94213,45.38628],[20.93129,45.38668],[20.93011,45.39228],[20.93564,45.39273],[20.93141,45.40201],[20.92807,45.40212],[20.92786,45.40497],[20.924,45.40728],[20.92017,45.41731],[20.90038,45.41693],[20.87492,45.42598],[20.86581,45.4311],[20.86973,45.43304],[20.8662,45.43472],[20.86646,45.43609],[20.87532,45.43901],[20.87268,45.44599],[20.88085,45.44627],[20.8776,45.45016],[20.87876,45.45461],[20.87045,45.45584],[20.87238,45.45697],[20.87126,45.45989],[20.86639,45.46499],[20.86125,45.46525],[20.83302,45.47996],[20.77111,45.47996],[20.77104,45.48804]]]}},{"type":"Feature","properties":{"OBJECTID":175,"Value_e":"ŽITIŠTE","Value_sl":"ŽITIŠTE","Value_sc":"ЖИТИШТЕ","Municipality_DOM_ID":"80144","Region_DOM_ID":"17","SHAPE.STArea()":524810137.27997,"SHAPE.STLength()":145012.80980423494},"geometry":{"type":"Polygon","coordinates":[[[20.77107,45.68831],[20.74582,45.68873],[20.74396,45.68583],[20.75456,45.65284],[20.67791,45.63796],[20.68849,45.60536],[20.67175,45.60428],[20.65356,45.59725],[20.64873,45.58643],[20.57715,45.61433],[20.5729,45.61408],[20.5753,45.62086],[20.54669,45.62604],[20.53572,45.6139],[20.45104,45.62075],[20.40483,45.60899],[20.39445,45.60135],[20.4256,45.56282],[20.49618,45.49906],[20.49557,45.49582],[20.48968,45.49827],[20.48628,45.49422],[20.48347,45.49545],[20.4794,45.49426],[20.46998,45.49532],[20.47503,45.48066],[20.49984,45.48359],[20.50142,45.47849],[20.50669,45.47207],[20.49407,45.46657],[20.50184,45.45747],[20.50326,45.45795],[20.50583,45.45508],[20.51666,45.45907],[20.52957,45.44388],[20.52775,45.44315],[20.53549,45.42696],[20.53921,45.42783],[20.54077,45.42478],[20.54857,45.42665],[20.55385,45.42224],[20.54948,45.41162],[20.55152,45.40575],[20.55862,45.40871],[20.56134,45.40131],[20.56583,45.40208],[20.56842,45.40419],[20.56641,45.40658],[20.58191,45.4131],[20.57807,45.41688],[20.58294,45.41894],[20.57953,45.42172],[20.59446,45.42791],[20.60543,45.41564],[20.62911,45.42795],[20.61798,45.43884],[20.62759,45.43859],[20.63085,45.4356],[20.65178,45.44628],[20.68119,45.43054],[20.69694,45.44227],[20.70743,45.45394],[20.67467,45.46192],[20.69176,45.47602],[20.69072,45.47742],[20.72606,45.49201],[20.72828,45.48958],[20.74043,45.49556],[20.75403,45.47952],[20.7769,45.49056],[20.76877,45.50024],[20.80708,45.51584],[20.82789,45.53403],[20.83257,45.53589],[20.81961,45.55038],[20.82321,45.55188],[20.81133,45.56582],[20.81361,45.5681],[20.79532,45.58764],[20.772,45.58285],[20.76561,45.61249],[20.7793,45.62255],[20.78888,45.64556],[20.80499,45.65723],[20.80003,45.67195],[20.80299,45.68201],[20.79617,45.68703],[20.78926,45.68738],[20.78148,45.68507],[20.77894,45.68196],[20.7709,45.68209],[20.77107,45.68831]]]}},{"type":"Feature","properties":{"OBJECTID":179,"Value_e":"NOVI BEČEJ","Value_sl":"NOVI BEČEJ","Value_sc":"НОВИ БЕЧЕЈ","Municipality_DOM_ID":"80268","Region_DOM_ID":"17","SHAPE.STArea()":608584055.452516,"SHAPE.STLength()":157018.40237010925},"geometry":{"type":"Polygon","coordinates":[[[20.305,45.78875],[20.26094,45.7843],[20.17102,45.78014],[20.16674,45.7758],[20.14685,45.7651],[20.14857,45.758],[20.16644,45.74224],[20.1682,45.73449],[20.16507,45.72956],[20.14428,45.7166],[20.12944,45.71138],[20.11148,45.7102],[20.09538,45.71323],[20.09265,45.71136],[20.09897,45.69891],[20.09896,45.68991],[20.09031,45.68332],[20.08898,45.67988],[20.11483,45.66052],[20.11647,45.65595],[20.09705,45.65615],[20.06426,45.65364],[20.04356,45.64947],[20.02946,45.64316],[20.02961,45.63888],[20.03382,45.6328],[20.04058,45.62772],[20.04474,45.62649],[20.06173,45.62772],[20.06766,45.63133],[20.07349,45.64014],[20.07798,45.64261],[20.08256,45.642],[20.09163,45.6351],[20.0929,45.63556],[20.0961,45.63113],[20.08866,45.61788],[20.07704,45.61195],[20.05732,45.60802],[20.05656,45.60634],[20.05784,45.60451],[20.06863,45.59109],[20.07173,45.58925],[20.08088,45.58807],[20.09161,45.59232],[20.11328,45.59622],[20.12934,45.59342],[20.13336,45.59023],[20.13392,45.58774],[20.13117,45.58286],[20.116,45.57514],[20.11101,45.5706],[20.10562,45.57269],[20.08183,45.55972],[20.05307,45.55595],[20.0485,45.55358],[20.04949,45.55117],[20.06402,45.5457],[20.06686,45.54091],[20.06628,45.53073],[20.05765,45.51105],[20.05698,45.49955],[20.05461,45.49263],[20.05471,45.47604],[20.05722,45.47549],[20.07077,45.48177],[20.08956,45.4935],[20.0894,45.50637],[20.08607,45.51907],[20.08802,45.52241],[20.09067,45.52357],[20.10962,45.52186],[20.13118,45.50388],[20.12935,45.50247],[20.13317,45.49517],[20.13846,45.49774],[20.14515,45.49142],[20.1503,45.49262],[20.17393,45.50455],[20.19111,45.49394],[20.20914,45.49043],[20.25293,45.49518],[20.28584,45.50123],[20.28796,45.51152],[20.2669,45.53339],[20.32161,45.6038],[20.34763,45.63408],[20.36431,45.63796],[20.3722,45.64772],[20.36831,45.6524],[20.35376,45.65766],[20.3496,45.66223],[20.34958,45.66876],[20.35845,45.67964],[20.35999,45.67911],[20.35284,45.66636],[20.35381,45.66307],[20.3686,45.65972],[20.36958,45.66291],[20.37316,45.66198],[20.37836,45.66388],[20.38077,45.66865],[20.38946,45.66597],[20.39716,45.68124],[20.41304,45.67468],[20.41603,45.6776],[20.41576,45.68441],[20.42132,45.69176],[20.42878,45.69357],[20.43469,45.69795],[20.43168,45.70009],[20.43082,45.70318],[20.42217,45.70795],[20.42219,45.71104],[20.39155,45.718],[20.39264,45.72098],[20.39032,45.72671],[20.39172,45.72756],[20.38797,45.73265],[20.38479,45.74255],[20.37385,45.75571],[20.36586,45.76835],[20.36441,45.7831],[20.34145,45.78484],[20.3353,45.77729],[20.305,45.78875]]]}},{"type":"Feature","properties":{"OBJECTID":180,"Value_e":"NOVA CRNJA","Value_sl":"NOVA CRNJA","Value_sc":"НОВА ЦРЊА","Municipality_DOM_ID":"80250","Region_DOM_ID":"17","SHAPE.STArea()":272541470.5182188,"SHAPE.STLength()":96030.92062370692},"geometry":{"type":"Polygon","coordinates":[[[20.70065,45.75056],[20.69684,45.76051],[20.69293,45.75985],[20.69071,45.7663],[20.6946,45.76696],[20.68143,45.79731],[20.64901,45.79243],[20.65631,45.76977],[20.63076,45.74946],[20.62783,45.70466],[20.62167,45.70328],[20.55754,45.70889],[20.54662,45.69317],[20.53137,45.68531],[20.52272,45.68591],[20.51486,45.66189],[20.53572,45.6139],[20.54669,45.62604],[20.5753,45.62086],[20.5729,45.61408],[20.57715,45.61433],[20.64873,45.58643],[20.65356,45.59725],[20.67175,45.60428],[20.68849,45.60536],[20.67791,45.63796],[20.75456,45.65284],[20.74395,45.68574],[20.74582,45.68873],[20.77107,45.68831],[20.7709,45.68209],[20.77894,45.68196],[20.78148,45.68507],[20.78926,45.68738],[20.79577,45.68613],[20.80246,45.69986],[20.79879,45.70218],[20.80108,45.70196],[20.80265,45.73779],[20.80816,45.74842],[20.81595,45.74927],[20.82309,45.77507],[20.78351,45.7859],[20.77415,45.75455],[20.73272,45.75588],[20.71795,45.75198],[20.71815,45.7494],[20.71401,45.74893],[20.71219,45.75091],[20.70065,45.75056]]]}},{"type":"Feature","properties":{"OBJECTID":34,"Value_e":"PEĆINCI","Value_sl":"PEĆINCI","Value_sc":"ПЕЋИНЦИ","Municipality_DOM_ID":"80322","Region_DOM_ID":"18","SHAPE.STArea()":488475388.5385285,"SHAPE.STLength()":150693.29678615858},"geometry":{"type":"Polygon","coordinates":[[[20.05772,44.93011],[20.01837,44.94757],[20.01718,44.95251],[20.01527,44.95233],[19.9957,44.94788],[20.00004,44.94323],[19.98696,44.93984],[19.97741,44.93925],[19.96241,44.94168],[19.94827,44.93985],[19.93261,44.93173],[19.90968,44.92601],[19.90586,44.92043],[19.90625,44.90663],[19.90476,44.90663],[19.91044,44.89623],[19.91761,44.89311],[19.94194,44.89088],[19.9444,44.88332],[19.92918,44.88769],[19.92316,44.88756],[19.89432,44.88104],[19.89366,44.8774],[19.88399,44.86296],[19.87795,44.84887],[19.89053,44.84975],[19.92544,44.84593],[19.9318,44.84347],[19.9148,44.8336],[19.91298,44.82869],[19.90719,44.82148],[19.89627,44.81298],[19.90009,44.8133],[19.89942,44.81152],[19.90099,44.81045],[19.90481,44.81233],[19.90837,44.81036],[19.90691,44.80815],[19.9084,44.80689],[19.9035,44.80545],[19.90468,44.80477],[19.91305,44.80637],[19.91266,44.80801],[19.91716,44.809],[19.91846,44.80803],[19.9169,44.80647],[19.91896,44.80662],[19.91742,44.80438],[19.89898,44.79859],[19.87692,44.79476],[19.87581,44.79328],[19.8783,44.79229],[19.87246,44.78492],[19.87669,44.78367],[19.88365,44.78498],[19.88854,44.78349],[19.88673,44.78168],[19.88811,44.77636],[19.89477,44.77607],[19.89681,44.77291],[19.90757,44.76756],[19.9079,44.76392],[19.90163,44.7589],[19.90306,44.75802],[19.90717,44.75781],[19.90587,44.75917],[19.90764,44.7613],[19.92844,44.75657],[19.92524,44.75458],[19.90938,44.7557],[19.88612,44.76059],[19.88108,44.75863],[19.87654,44.75435],[19.88207,44.75111],[19.88049,44.7499],[19.89347,44.73726],[19.9008,44.73233],[19.91193,44.72838],[19.90316,44.69499],[19.94241,44.69261],[19.94934,44.69367],[19.96711,44.69092],[19.99272,44.69273],[19.9971,44.69093],[20.00005,44.68723],[19.99965,44.68194],[19.99422,44.67546],[19.9731,44.66406],[19.96158,44.66066],[19.93689,44.6591],[19.92788,44.65584],[19.92184,44.65177],[19.91988,44.64391],[19.92326,44.63879],[19.94542,44.63082],[19.96076,44.63001],[19.97558,44.63536],[19.98583,44.64228],[20.00388,44.6628],[20.03789,44.68308],[20.06046,44.68807],[20.07781,44.69408],[20.10313,44.69774],[20.12851,44.71168],[20.12402,44.71397],[20.12464,44.71562],[20.11797,44.71435],[20.10211,44.7239],[20.10293,44.72571],[20.10464,44.72544],[20.10468,44.72748],[20.1124,44.72877],[20.11579,44.72673],[20.12173,44.72767],[20.1194,44.73282],[20.12128,44.73623],[20.12421,44.73741],[20.12765,44.73636],[20.13245,44.7388],[20.11201,44.75203],[20.11374,44.7584],[20.12369,44.75737],[20.12438,44.76022],[20.13494,44.76082],[20.13579,44.76671],[20.13162,44.76792],[20.12762,44.77253],[20.11608,44.77373],[20.1054,44.77953],[20.09859,44.77998],[20.09651,44.78148],[20.09543,44.78599],[20.08789,44.78734],[20.09664,44.80727],[20.13895,44.80296],[20.14264,44.81151],[20.14578,44.83011],[20.14612,44.85684],[20.12974,44.86109],[20.12014,44.87946],[20.09766,44.91027],[20.09618,44.91576],[20.0916,44.92262],[20.06953,44.91953],[20.06889,44.91423],[20.06296,44.91429],[20.06273,44.91717],[20.05755,44.91703],[20.05873,44.92239],[20.06106,44.92227],[20.06134,44.92441],[20.0566,44.9239],[20.05772,44.93011]]]}},{"type":"Feature","properties":{"OBJECTID":37,"Value_e":"IRIG","Value_sl":"IRIG","Value_sc":"ИРИГ","Municipality_DOM_ID":"80187","Region_DOM_ID":"18","SHAPE.STArea()":230159285.09960583,"SHAPE.STLength()":103728.7862919743},"geometry":{"type":"MultiPolygon","coordinates":[[[[19.76866,45.1609],[19.75728,45.16094],[19.75559,45.15813],[19.75113,45.1564],[19.74423,45.15619],[19.74054,45.15809],[19.72813,45.15311],[19.71973,45.15582],[19.71394,45.15122],[19.72122,45.1414],[19.72714,45.1252],[19.73248,45.12085],[19.73019,45.10817],[19.7317,45.10755],[19.73145,45.10338],[19.73485,45.10197],[19.73514,45.09997],[19.7337,45.09975],[19.7353,45.09904],[19.73533,45.09434],[19.73302,45.08677],[19.73461,45.08164],[19.73313,45.07821],[19.72958,45.07645],[19.72986,45.07236],[19.73055,45.07341],[19.73556,45.07142],[19.73483,45.0689],[19.74876,45.06661],[19.74828,45.05965],[19.75094,45.05307],[19.7495,45.04633],[19.75104,45.04622],[19.74251,45.0174],[19.76932,45.02429],[19.76677,45.03247],[19.76581,45.04299],[19.76921,45.05427],[19.77625,45.06373],[19.77534,45.06904],[19.78433,45.07017],[19.78428,45.07868],[19.78777,45.07947],[19.78788,45.08522],[19.79752,45.08757],[19.79712,45.08364],[19.80167,45.08411],[19.80426,45.08087],[19.8039,45.07156],[19.8093,45.07153],[19.8053,45.04576],[19.80205,45.03789],[19.79404,45.03662],[19.79528,45.0304],[19.88692,45.05314],[19.88813,45.05044],[19.90012,45.04021],[19.90894,45.04237],[19.91039,45.03804],[19.91923,45.03969],[19.92817,45.04352],[19.93057,45.03832],[19.93309,45.03657],[19.93725,45.02621],[19.93914,45.02838],[19.93846,45.03038],[19.9434,45.03187],[19.94239,45.04708],[19.94777,45.05343],[19.95388,45.05769],[19.95647,45.063],[19.95576,45.06632],[19.97412,45.05462],[19.98921,45.04714],[20.00689,45.0489],[20.0025,45.05602],[19.99813,45.07342],[19.99145,45.08173],[19.98874,45.08139],[19.98515,45.08425],[19.98293,45.08944],[19.97521,45.09496],[19.96916,45.10381],[19.97479,45.10668],[19.97259,45.10891],[19.97819,45.11153],[19.97324,45.11572],[19.967,45.12514],[19.94988,45.13924],[19.95008,45.14078],[19.94256,45.14329],[19.94068,45.14668],[19.9415,45.14983],[19.93234,45.14907],[19.91835,45.15339],[19.91608,45.15153],[19.91301,45.15251],[19.90883,45.15125],[19.90533,45.14556],[19.89063,45.1556],[19.8827,45.15562],[19.87118,45.15888],[19.86281,45.15724],[19.8595,45.15882],[19.85397,45.15483],[19.84788,45.15364],[19.83954,45.15525],[19.83754,45.15133],[19.83277,45.15189],[19.83117,45.15006],[19.82461,45.14974],[19.82227,45.15366],[19.81802,45.15264],[19.80876,45.15608],[19.79297,45.15698],[19.78342,45.15948],[19.78152,45.1572],[19.77567,45.15773],[19.76866,45.1609]]],[[[19.73368,45.02057],[19.71369,45.02274],[19.7156,45.01101],[19.734,45.01531],[19.73368,45.02057]]]]}},{"type":"Feature","properties":{"OBJECTID":39,"Value_e":"STARA PAZOVA","Value_sl":"STARA PAZOVA","Value_sc":"СТАРА ПАЗОВА","Municipality_DOM_ID":"80420","Region_DOM_ID":"18","SHAPE.STArea()":343882905.9928397,"SHAPE.STLength()":99456.65169199169},"geometry":{"type":"Polygon","coordinates":[[[20.32202,45.08149],[20.30216,45.09996],[20.29962,45.10458],[20.23213,45.06876],[20.23749,45.0599],[20.23845,45.05105],[20.23622,45.02919],[20.17124,45.02696],[20.13439,45.03112],[20.13524,45.04663],[20.10524,45.02412],[20.09511,45.01015],[20.05958,45.00917],[20.02063,45.00062],[20.01539,44.97717],[20.01837,44.94757],[20.05772,44.93011],[20.0566,44.9239],[20.06134,44.92441],[20.06106,44.92227],[20.05873,44.92239],[20.05755,44.91703],[20.06273,44.91717],[20.06296,44.91429],[20.06889,44.91423],[20.06953,44.91953],[20.0916,44.92262],[20.09618,44.91576],[20.09766,44.91027],[20.12014,44.87946],[20.12974,44.86109],[20.14609,44.85678],[20.15932,44.86204],[20.16591,44.86925],[20.16349,44.88534],[20.17095,44.8937],[20.16924,44.90704],[20.20147,44.90887],[20.22525,44.907],[20.22138,44.91546],[20.23354,44.92097],[20.2704,44.93457],[20.27464,44.93042],[20.29627,44.93826],[20.29462,44.94025],[20.30113,44.94268],[20.28904,44.95808],[20.28763,44.96932],[20.29063,44.98675],[20.29925,44.99292],[20.32,45.00303],[20.35092,45.00935],[20.35749,45.01327],[20.36299,45.03076],[20.35782,45.04915],[20.34534,45.06604],[20.33001,45.0789],[20.32202,45.08149]]]}},{"type":"Feature","properties":{"OBJECTID":40,"Value_e":"RUMA","Value_sl":"RUMA","Value_sc":"РУМА","Municipality_DOM_ID":"80357","Region_DOM_ID":"18","SHAPE.STArea()":582650264.2996343,"SHAPE.STLength()":215402.10093907642},"geometry":{"type":"Polygon","coordinates":[[[19.74876,45.06661],[19.73483,45.0689],[19.73556,45.07142],[19.73055,45.07341],[19.72986,45.07236],[19.72958,45.07645],[19.73313,45.07821],[19.73461,45.08164],[19.73302,45.08677],[19.73515,45.09101],[19.7353,45.09904],[19.7337,45.09975],[19.73514,45.09997],[19.73448,45.10239],[19.73145,45.10338],[19.7313,45.10832],[19.72664,45.10806],[19.72542,45.10105],[19.7239,45.09779],[19.72221,45.09784],[19.71338,45.06686],[19.70883,45.04008],[19.71369,45.02274],[19.73368,45.02057],[19.734,45.01531],[19.67875,45.00252],[19.69016,44.98887],[19.71675,44.9809],[19.75261,44.97847],[19.75209,44.98841],[19.76335,44.98855],[19.76791,44.9728],[19.76111,44.97173],[19.7799,44.95745],[19.78589,44.95064],[19.82407,44.94565],[19.80998,44.92358],[19.80862,44.91727],[19.80219,44.90912],[19.79801,44.90652],[19.79078,44.89427],[19.78825,44.89361],[19.78185,44.89714],[19.77531,44.89294],[19.77428,44.8895],[19.76941,44.88909],[19.76533,44.89135],[19.75378,44.89338],[19.74526,44.88819],[19.74103,44.88301],[19.73699,44.87358],[19.72204,44.85405],[19.7189,44.85771],[19.71552,44.85687],[19.70586,44.84154],[19.70205,44.83249],[19.70471,44.83198],[19.69666,44.81586],[19.69516,44.79155],[19.70091,44.77224],[19.70286,44.76829],[19.71002,44.76176],[19.72505,44.75047],[19.73007,44.74884],[19.7316,44.7503],[19.75055,44.74803],[19.75039,44.74669],[19.78617,44.74846],[19.79929,44.74612],[19.81975,44.73822],[19.82162,44.73512],[19.84088,44.72518],[19.87208,44.70409],[19.90316,44.69499],[19.91193,44.72838],[19.9008,44.73233],[19.89347,44.73726],[19.88049,44.7499],[19.88207,44.75111],[19.87654,44.75435],[19.88108,44.75863],[19.88612,44.76059],[19.90938,44.7557],[19.92524,44.75458],[19.92844,44.75657],[19.90764,44.7613],[19.90587,44.75917],[19.90717,44.75781],[19.90306,44.75802],[19.90163,44.7589],[19.9079,44.76392],[19.90757,44.76756],[19.89681,44.77291],[19.89477,44.77607],[19.88811,44.77636],[19.88673,44.78168],[19.88854,44.78349],[19.88365,44.78498],[19.87669,44.78367],[19.87246,44.78492],[19.8783,44.79229],[19.87581,44.79328],[19.87692,44.79476],[19.89898,44.79859],[19.91742,44.80438],[19.91896,44.80662],[19.9169,44.80647],[19.91846,44.80803],[19.91716,44.809],[19.91266,44.80801],[19.91305,44.80637],[19.90468,44.80477],[19.9035,44.80545],[19.9084,44.80689],[19.90691,44.80815],[19.90837,44.81036],[19.90481,44.81233],[19.90099,44.81045],[19.89942,44.81152],[19.90009,44.8133],[19.89627,44.81298],[19.90719,44.82148],[19.91298,44.82869],[19.9148,44.8336],[19.9318,44.84347],[19.92544,44.84593],[19.89053,44.84975],[19.87795,44.84887],[19.88399,44.86296],[19.89366,44.8774],[19.89432,44.88104],[19.92316,44.88756],[19.92918,44.88769],[19.9444,44.88332],[19.94185,44.89067],[19.9175,44.89292],[19.91038,44.89604],[19.90476,44.90663],[19.90625,44.90663],[19.90586,44.92043],[19.90968,44.92601],[19.93261,44.93173],[19.94827,44.93985],[19.96241,44.94168],[19.97741,44.93925],[19.98696,44.93984],[20.00004,44.94323],[19.9957,44.94788],[20.01718,44.95251],[20.01539,44.97717],[20.02068,45.00076],[20.01848,45.00107],[20.02496,45.00407],[20.02056,45.00807],[20.02494,45.01051],[20.02189,45.01317],[20.00717,45.005],[20.00604,45.00608],[20.00968,45.01616],[20.00944,45.01989],[20.00298,45.02999],[20.00493,45.03563],[20.00735,45.0367],[20.00766,45.04224],[20.0055,45.04853],[19.98921,45.04714],[19.97412,45.05462],[19.95576,45.06632],[19.95647,45.063],[19.95388,45.05769],[19.94777,45.05343],[19.94239,45.04708],[19.9434,45.03187],[19.93846,45.03038],[19.93914,45.02838],[19.93725,45.02621],[19.93309,45.03657],[19.93057,45.03832],[19.92817,45.04352],[19.91923,45.03969],[19.91039,45.03804],[19.90894,45.04237],[19.90012,45.04021],[19.88813,45.05044],[19.88692,45.05314],[19.79528,45.0304],[19.79404,45.03662],[19.80205,45.03789],[19.8053,45.04576],[19.8093,45.07153],[19.8039,45.07156],[19.80426,45.08087],[19.80167,45.08411],[19.79712,45.08364],[19.79752,45.08757],[19.78788,45.08522],[19.78777,45.07947],[19.78428,45.07868],[19.78433,45.07017],[19.77534,45.06904],[19.77625,45.06373],[19.76921,45.05427],[19.76581,45.04299],[19.76677,45.03247],[19.76932,45.02429],[19.74251,45.0174],[19.75104,45.04622],[19.7495,45.04633],[19.75094,45.05307],[19.74828,45.05965],[19.74876,45.06661]]]}},{"type":"Feature","properties":{"OBJECTID":160,"Value_e":"SREMSKA MITROVICA-GRAD","Value_sl":"SREMSKA MITROVICA-GRAD","Value_sc":"СРЕМСКА МИТРОВИЦА-ГРАД","Municipality_DOM_ID":"80403","Region_DOM_ID":"18","SHAPE.STArea()":760031986.0901932,"SHAPE.STLength()":209886.67828950452},"geometry":{"type":"Polygon","coordinates":[[[19.54168,45.15785],[19.53722,45.16305],[19.53152,45.16148],[19.53124,45.16605],[19.52695,45.16733],[19.52042,45.17279],[19.51607,45.17275],[19.51045,45.16762],[19.51144,45.16368],[19.50908,45.16095],[19.51087,45.15644],[19.50343,45.15169],[19.50288,45.14904],[19.50152,45.14893],[19.50316,45.14807],[19.50175,45.14686],[19.50272,45.14637],[19.49411,45.14673],[19.48944,45.14381],[19.48636,45.14607],[19.47983,45.14397],[19.47659,45.14551],[19.47468,45.14357],[19.47256,45.14425],[19.46866,45.13916],[19.46859,45.12937],[19.46604,45.12359],[19.47471,45.11761],[19.46678,45.08177],[19.46477,45.07812],[19.4569,45.0715],[19.45407,45.064],[19.45099,45.06365],[19.44517,45.05542],[19.42768,45.05838],[19.41702,45.05771],[19.38716,45.06116],[19.38328,45.0549],[19.3462,45.04419],[19.34708,45.0423],[19.34891,45.04254],[19.34937,45.03914],[19.35266,45.03984],[19.35387,45.03807],[19.36226,45.04065],[19.36242,45.03806],[19.35974,45.03677],[19.34828,45.03746],[19.34706,45.03406],[19.3345,45.03623],[19.33396,45.03468],[19.33196,45.03496],[19.32837,45.03235],[19.32136,45.03392],[19.31497,45.03936],[19.31193,45.03885],[19.31329,45.0236],[19.3253,45.01966],[19.34854,45.00241],[19.34753,44.99677],[19.34524,44.99566],[19.35734,44.97136],[19.36298,44.96443],[19.3571,44.94929],[19.34901,44.95413],[19.33814,44.95435],[19.32358,44.95194],[19.30117,44.94154],[19.295,44.94194],[19.28968,44.94604],[19.28406,44.94345],[19.28219,44.94011],[19.26924,44.93859],[19.26798,44.93987],[19.26445,44.93515],[19.25148,44.93519],[19.25156,44.9488],[19.21328,44.94886],[19.21373,44.93525],[19.19432,44.9353],[19.19906,44.92749],[19.19908,44.91991],[19.20818,44.91137],[19.21364,44.89915],[19.2208,44.89614],[19.22895,44.89739],[19.24519,44.91127],[19.25396,44.91342],[19.2611,44.91195],[19.27124,44.90606],[19.27905,44.9043],[19.29102,44.90925],[19.30545,44.90842],[19.31873,44.89988],[19.33356,44.89609],[19.34603,44.88953],[19.35122,44.8891],[19.35455,44.89204],[19.35434,44.89872],[19.3482,44.90129],[19.33535,44.90345],[19.32927,44.90635],[19.32053,44.91422],[19.32137,44.91909],[19.32609,44.92145],[19.33334,44.92164],[19.38386,44.91212],[19.39276,44.91533],[19.39899,44.92019],[19.40128,44.924],[19.41778,44.92266],[19.41912,44.92382],[19.42685,44.91598],[19.42785,44.91713],[19.42562,44.91974],[19.42798,44.9221],[19.43008,44.92165],[19.43042,44.92306],[19.438,44.9218],[19.44435,44.92423],[19.44274,44.92821],[19.43409,44.93178],[19.43007,44.93575],[19.43311,44.93987],[19.44008,44.94149],[19.44394,44.94125],[19.46877,44.93079],[19.47777,44.93006],[19.47315,44.92761],[19.48039,44.92411],[19.4788,44.92094],[19.4803,44.91872],[19.47823,44.9155],[19.48008,44.91341],[19.47869,44.91228],[19.48319,44.91169],[19.48325,44.9067],[19.48714,44.90643],[19.48866,44.90202],[19.49398,44.90025],[19.49788,44.90232],[19.50308,44.90128],[19.50662,44.90684],[19.51018,44.90603],[19.51232,44.90717],[19.51346,44.90807],[19.50879,44.91078],[19.51105,44.91265],[19.51398,44.91393],[19.51884,44.91139],[19.51975,44.91368],[19.5175,44.91475],[19.51932,44.91604],[19.51831,44.91725],[19.52307,44.92047],[19.52122,44.92156],[19.52229,44.92437],[19.52735,44.92424],[19.53727,44.91855],[19.54539,44.91004],[19.54855,44.91087],[19.55172,44.90904],[19.55615,44.91226],[19.55872,44.90915],[19.56454,44.91142],[19.56735,44.90956],[19.56853,44.90626],[19.57624,44.90668],[19.57783,44.90425],[19.58421,44.90432],[19.58447,44.90636],[19.58672,44.90679],[19.5874,44.90422],[19.59091,44.90399],[19.5933,44.90606],[19.59278,44.90858],[19.60195,44.90859],[19.60168,44.90719],[19.61029,44.90877],[19.60762,44.91323],[19.6192,44.91933],[19.61842,44.92106],[19.62564,44.92201],[19.62755,44.92011],[19.6309,44.92233],[19.63558,44.92091],[19.63927,44.92312],[19.64749,44.91821],[19.65197,44.9194],[19.65329,44.91705],[19.6604,44.91726],[19.67149,44.92111],[19.67311,44.92041],[19.67384,44.92487],[19.68565,44.92393],[19.7012,44.92633],[19.70771,44.92401],[19.71244,44.91808],[19.72297,44.91056],[19.7276,44.90974],[19.74687,44.91325],[19.7558,44.91049],[19.75913,44.90382],[19.75693,44.89651],[19.75378,44.89338],[19.76533,44.89135],[19.76941,44.88909],[19.77428,44.8895],[19.77531,44.89294],[19.78185,44.89714],[19.78825,44.89361],[19.79078,44.89427],[19.79801,44.90652],[19.80219,44.90912],[19.80862,44.91727],[19.80998,44.92358],[19.82407,44.94565],[19.78589,44.95064],[19.7799,44.95745],[19.76111,44.97173],[19.76791,44.9728],[19.76335,44.98855],[19.75209,44.98841],[19.75261,44.97847],[19.71675,44.9809],[19.69016,44.98887],[19.67875,45.00252],[19.7156,45.01101],[19.70883,45.04008],[19.71338,45.06686],[19.72221,45.09784],[19.7239,45.09779],[19.72542,45.10105],[19.72664,45.10806],[19.73019,45.10817],[19.73257,45.12022],[19.72714,45.1252],[19.72122,45.1414],[19.7166,45.14787],[19.71046,45.15068],[19.65388,45.14982],[19.6421,45.15102],[19.6228,45.14554],[19.62145,45.14403],[19.61274,45.14257],[19.60243,45.14863],[19.60213,45.15158],[19.59719,45.14984],[19.58727,45.1533],[19.5675,45.15461],[19.56061,45.1591],[19.54772,45.16162],[19.54168,45.15785]]]}},{"type":"Feature","properties":{"OBJECTID":162,"Value_e":"INĐIJA","Value_sl":"INĐIJA","Value_sc":"ИНЂИЈА","Municipality_DOM_ID":"80179","Region_DOM_ID":"18","SHAPE.STArea()":386110348.2758082,"SHAPE.STLength()":101106.12663940818},"geometry":{"type":"Polygon","coordinates":[[[20.086,45.16972],[20.04824,45.16769],[20.02774,45.17093],[20.03114,45.17568],[20.04274,45.18328],[20.04652,45.18974],[20.047,45.19404],[20.04663,45.19592],[20.03771,45.20223],[20.02973,45.20523],[20.02279,45.20283],[20.00702,45.19109],[20.01298,45.18705],[20.00923,45.17873],[20.00409,45.17952],[19.99793,45.16874],[19.98553,45.1621],[19.95811,45.15395],[19.95773,45.15228],[19.95166,45.15052],[19.95069,45.1528],[19.94126,45.14986],[19.94068,45.14668],[19.94256,45.14329],[19.95008,45.14078],[19.94988,45.13924],[19.967,45.12514],[19.97324,45.11572],[19.97819,45.11153],[19.97259,45.10891],[19.97479,45.10668],[19.96916,45.10381],[19.97521,45.09496],[19.98293,45.08944],[19.98515,45.08425],[19.98874,45.08139],[19.99145,45.08173],[19.99813,45.07342],[20.0025,45.05602],[20.00689,45.0489],[20.0055,45.04853],[20.00766,45.04224],[20.00735,45.0367],[20.00493,45.03563],[20.00298,45.02999],[20.00961,45.01942],[20.00884,45.01105],[20.00604,45.00608],[20.00717,45.005],[20.02189,45.01317],[20.02494,45.01051],[20.02056,45.00807],[20.02496,45.00407],[20.01872,45.00074],[20.05958,45.00917],[20.09511,45.01015],[20.10524,45.02412],[20.13524,45.04663],[20.13439,45.03112],[20.17124,45.02696],[20.23622,45.02919],[20.23845,45.05105],[20.23749,45.0599],[20.23213,45.06876],[20.29962,45.10458],[20.28548,45.12191],[20.27226,45.13411],[20.27483,45.1353],[20.27422,45.13977],[20.26943,45.1505],[20.25762,45.15803],[20.2451,45.16104],[20.23631,45.16549],[20.23473,45.17039],[20.22736,45.17581],[20.21399,45.17995],[20.20294,45.1806],[20.19952,45.18226],[20.19715,45.17821],[20.17428,45.18369],[20.15157,45.17816],[20.12993,45.19296],[20.1115,45.19399],[20.09634,45.18334],[20.08665,45.17332],[20.086,45.16972]]]}},{"type":"Feature","properties":{"OBJECTID":163,"Value_e":"ŠID","Value_sl":"ŠID","Value_sc":"ШИД","Municipality_DOM_ID":"80497","Region_DOM_ID":"18","SHAPE.STArea()":685139364.3934855,"SHAPE.STLength()":207653.44089197845},"geometry":{"type":"Polygon","coordinates":[[[19.33069,45.18526],[19.32213,45.19883],[19.32064,45.20779],[19.28852,45.20516],[19.2832,45.20708],[19.28502,45.19906],[19.28896,45.19547],[19.28778,45.19362],[19.28326,45.19403],[19.28154,45.19277],[19.2941,45.17849],[19.29369,45.17516],[19.29631,45.17175],[19.29058,45.17258],[19.28742,45.17061],[19.27791,45.17153],[19.27252,45.17598],[19.25001,45.17281],[19.2475,45.17784],[19.23782,45.17538],[19.22755,45.18464],[19.21399,45.18792],[19.191,45.20119],[19.18555,45.20194],[19.17912,45.20039],[19.17649,45.20262],[19.16944,45.19778],[19.166,45.18973],[19.18519,45.18409],[19.1946,45.1789],[19.187,45.16591],[19.14195,45.12972],[19.1201,45.13376],[19.11448,45.13754],[19.08645,45.14541],[19.08767,45.1383],[19.0812,45.13422],[19.08141,45.13201],[19.07785,45.12773],[19.07632,45.11484],[19.08443,45.11134],[19.08202,45.11002],[19.08387,45.10737],[19.08787,45.10699],[19.09336,45.10153],[19.09259,45.10048],[19.0944,45.09772],[19.09162,45.09299],[19.0927,45.09088],[19.10018,45.08295],[19.10505,45.08123],[19.10594,45.07922],[19.09526,45.05865],[19.10148,45.05591],[19.10146,45.05381],[19.10568,45.05155],[19.10207,45.04654],[19.10258,45.04414],[19.09457,45.03717],[19.09594,45.03371],[19.09909,45.03298],[19.09735,45.02433],[19.10006,45.01484],[19.10303,45.01075],[19.09618,45.0045],[19.09534,44.99489],[19.09148,44.99377],[19.08399,44.98705],[19.06512,44.98252],[19.05848,44.97981],[19.05723,44.9773],[19.08051,44.9713],[19.09154,44.97443],[19.09785,44.97119],[19.11269,44.96989],[19.11817,44.97552],[19.13862,44.98061],[19.14728,44.97526],[19.14685,44.95719],[19.1537,44.95785],[19.15388,44.95493],[19.15606,44.95298],[19.14523,44.9475],[19.14588,44.94363],[19.14454,44.943],[19.12827,44.94161],[19.11558,44.93324],[19.1105,44.93304],[19.10732,44.93025],[19.0926,44.92543],[19.08943,44.91973],[19.09342,44.91822],[19.09272,44.91642],[19.08977,44.91678],[19.08581,44.91347],[19.09241,44.91044],[19.08722,44.90615],[19.08065,44.90574],[19.07465,44.90148],[19.06939,44.90218],[19.05014,44.91194],[19.03864,44.92229],[19.01935,44.9209],[19.00287,44.91531],[19.00329,44.9134],[19.0015,44.91136],[18.99423,44.90594],[18.99641,44.90337],[18.99801,44.89388],[19.00487,44.88547],[19.0086,44.88492],[19.0265,44.85541],[19.04926,44.8594],[19.06611,44.86046],[19.07484,44.86291],[19.08213,44.8673],[19.09366,44.87962],[19.12314,44.88627],[19.12845,44.89066],[19.13383,44.89861],[19.14905,44.90247],[19.15842,44.90684],[19.17606,44.92047],[19.18793,44.92171],[19.19908,44.91991],[19.19906,44.92749],[19.19432,44.9353],[19.21373,44.93525],[19.21328,44.94886],[19.25156,44.9488],[19.25148,44.93519],[19.26445,44.93515],[19.26798,44.93987],[19.26924,44.93859],[19.28219,44.94011],[19.28406,44.94345],[19.29084,44.94646],[19.29544,44.94255],[19.30179,44.94243],[19.32492,44.95298],[19.3464,44.95522],[19.35138,44.95367],[19.3571,44.94929],[19.36298,44.96443],[19.35734,44.97136],[19.34524,44.99566],[19.34753,44.99677],[19.34854,45.00241],[19.3253,45.01966],[19.31329,45.0236],[19.31193,45.03885],[19.31497,45.03936],[19.32136,45.03392],[19.32837,45.03235],[19.33196,45.03496],[19.33396,45.03468],[19.3345,45.03623],[19.34706,45.03406],[19.34828,45.03746],[19.35974,45.03677],[19.36242,45.03806],[19.36226,45.04065],[19.35387,45.03807],[19.35266,45.03984],[19.34937,45.03914],[19.34891,45.04254],[19.34708,45.0423],[19.3462,45.04419],[19.38328,45.0549],[19.38716,45.06116],[19.41702,45.05771],[19.42768,45.05838],[19.44517,45.05542],[19.45099,45.06365],[19.45407,45.064],[19.4569,45.0715],[19.46477,45.07812],[19.46678,45.08177],[19.47471,45.11761],[19.46607,45.12341],[19.46859,45.12937],[19.46912,45.14018],[19.47256,45.14425],[19.47468,45.14357],[19.47659,45.14551],[19.47983,45.14397],[19.48636,45.14607],[19.48944,45.14381],[19.49411,45.14673],[19.50272,45.14637],[19.50175,45.14686],[19.50316,45.14807],[19.50152,45.14893],[19.50288,45.14904],[19.50343,45.15169],[19.51087,45.15644],[19.50908,45.16095],[19.51144,45.16368],[19.51053,45.16665],[19.50842,45.16565],[19.49957,45.16946],[19.4746,45.17231],[19.46572,45.16566],[19.46526,45.16215],[19.46934,45.16229],[19.48562,45.15645],[19.47494,45.15797],[19.47258,45.15975],[19.47071,45.15904],[19.46786,45.16124],[19.46313,45.16083],[19.46496,45.15859],[19.45937,45.15308],[19.46078,45.1518],[19.45485,45.15014],[19.44774,45.14327],[19.44165,45.14733],[19.44052,45.15123],[19.43564,45.15746],[19.42623,45.15831],[19.42587,45.16119],[19.42384,45.16289],[19.42525,45.16789],[19.41854,45.16574],[19.38796,45.17325],[19.37236,45.17076],[19.36763,45.1722],[19.36406,45.17547],[19.36,45.17357],[19.36083,45.17099],[19.35576,45.1698],[19.35599,45.16537],[19.3492,45.16552],[19.34754,45.17251],[19.33151,45.17659],[19.33464,45.18179],[19.33069,45.18526]]]}},{"type":"Feature","properties":{"OBJECTID":1,"Value_e":"GORA","Value_sl":"GORA","Value_sc":"ГОРА","Municipality_DOM_ID":"90336","Region_DOM_ID":"19","SHAPE.STArea()":302647488.5362869,"SHAPE.STLength()":92109.69347035034},"geometry":{"type":"Polygon","coordinates":[[[20.61471,42.10761],[20.60778,42.11792],[20.58946,42.11626],[20.57143,42.10137],[20.57378,42.09739],[20.5638,42.08685],[20.56302,42.08101],[20.56491,42.07456],[20.57674,42.05867],[20.58256,42.05697],[20.60186,42.03959],[20.60389,42.02159],[20.60911,42.01633],[20.61862,41.98608],[20.62198,41.97964],[20.62845,41.97602],[20.63352,41.96168],[20.62916,41.95329],[20.62613,41.93677],[20.61037,41.92818],[20.60063,41.92685],[20.59233,41.91645],[20.5812,41.91635],[20.57983,41.91497],[20.58734,41.90737],[20.59446,41.88968],[20.60011,41.88283],[20.60126,41.87728],[20.60019,41.87524],[20.61037,41.86432],[20.61529,41.86198],[20.61633,41.85823],[20.62771,41.85216],[20.63177,41.85568],[20.64747,41.86365],[20.65196,41.87196],[20.65945,41.87521],[20.66947,41.87479],[20.67862,41.87212],[20.6875,41.86512],[20.68643,41.8594],[20.68928,41.85719],[20.71121,41.86428],[20.73325,41.8639],[20.7411,41.87679],[20.74164,41.8861],[20.74577,41.89236],[20.75386,41.89545],[20.75534,41.90039],[20.75884,41.90237],[20.75931,41.9058],[20.77831,41.92018],[20.77564,41.92184],[20.76888,41.93455],[20.75935,41.94645],[20.76425,41.95228],[20.76226,41.96347],[20.75282,41.9786],[20.74933,41.9786],[20.74947,41.99543],[20.75857,42.02019],[20.75814,42.02906],[20.76369,42.03865],[20.76289,42.0453],[20.75875,42.04863],[20.74814,42.04895],[20.74665,42.05183],[20.74764,42.05499],[20.74467,42.05918],[20.72353,42.06538],[20.71264,42.0668],[20.70075,42.06554],[20.69324,42.05763],[20.68965,42.05666],[20.64802,42.0648],[20.6408,42.06931],[20.64168,42.07524],[20.64804,42.0804],[20.64205,42.08506],[20.64167,42.09165],[20.63756,42.09772],[20.62073,42.10365],[20.61471,42.10761]]]}},{"type":"Feature","properties":{"OBJECTID":3,"Value_e":"PRIZREN","Value_sl":"PRIZREN","Value_sc":"ПРИЗРЕН","Municipality_DOM_ID":"90255","Region_DOM_ID":"19","SHAPE.STArea()":757994406.830322,"SHAPE.STLength()":145849.24574908643},"geometry":{"type":"Polygon","coordinates":[[[20.75095,42.33641],[20.7392,42.3383],[20.72823,42.34666],[20.71846,42.3371],[20.71987,42.33333],[20.71785,42.33037],[20.71806,42.32536],[20.70722,42.31037],[20.69938,42.3191],[20.6906,42.33746],[20.67776,42.34093],[20.66719,42.33439],[20.67009,42.33014],[20.6651,42.3293],[20.66569,42.32305],[20.66171,42.32373],[20.66138,42.317],[20.65702,42.31871],[20.65281,42.30977],[20.64661,42.30969],[20.64249,42.3037],[20.63861,42.30124],[20.63426,42.30334],[20.62464,42.30304],[20.6221,42.3077],[20.61237,42.31042],[20.61262,42.31406],[20.6082,42.31501],[20.59404,42.31154],[20.59177,42.30569],[20.5864,42.30643],[20.57957,42.30134],[20.57298,42.30667],[20.57119,42.31085],[20.56645,42.3131],[20.56369,42.31096],[20.56789,42.30713],[20.567,42.30163],[20.57132,42.29286],[20.56293,42.28974],[20.55653,42.29178],[20.5469,42.28152],[20.52374,42.27416],[20.52003,42.26629],[20.50565,42.25899],[20.48285,42.25166],[20.50082,42.24045],[20.50492,42.23621],[20.50841,42.22743],[20.52142,42.22185],[20.53027,42.20993],[20.53767,42.18523],[20.54871,42.16659],[20.55224,42.16352],[20.54951,42.15911],[20.56494,42.14467],[20.56111,42.13896],[20.5706,42.12876],[20.57443,42.12218],[20.57263,42.11586],[20.56785,42.10835],[20.57143,42.10137],[20.58946,42.11626],[20.60778,42.11792],[20.61471,42.10761],[20.62073,42.10365],[20.63756,42.09772],[20.64167,42.09165],[20.64205,42.08506],[20.64804,42.0804],[20.64168,42.07524],[20.6408,42.06931],[20.64802,42.0648],[20.68965,42.05666],[20.69324,42.05763],[20.70075,42.06554],[20.71264,42.0668],[20.72353,42.06538],[20.74467,42.05918],[20.74764,42.05499],[20.74665,42.05183],[20.74814,42.04895],[20.75875,42.04863],[20.76289,42.0453],[20.76207,42.05046],[20.76352,42.05314],[20.78276,42.0647],[20.78869,42.07237],[20.78847,42.07636],[20.79232,42.08246],[20.8078,42.08146],[20.83879,42.08625],[20.84362,42.09461],[20.85093,42.09885],[20.85683,42.09931],[20.88825,42.09475],[20.89721,42.09767],[20.91139,42.11184],[20.91453,42.11313],[20.91965,42.12176],[20.91986,42.12686],[20.92807,42.12613],[20.93407,42.12789],[20.94935,42.13813],[20.9618,42.13678],[20.97786,42.1374],[20.98484,42.1393],[20.99067,42.1495],[20.98915,42.15686],[20.97768,42.17615],[20.96725,42.18235],[20.94218,42.18993],[20.88906,42.19681],[20.87114,42.20246],[20.86759,42.21195],[20.86834,42.2151],[20.8799,42.21836],[20.87558,42.22222],[20.8745,42.22771],[20.87628,42.23361],[20.88465,42.24164],[20.88446,42.24389],[20.87719,42.24975],[20.87907,42.2577],[20.86657,42.26472],[20.86416,42.2689],[20.84972,42.26569],[20.84335,42.26832],[20.84002,42.26743],[20.81739,42.27059],[20.81427,42.27561],[20.81361,42.27996],[20.80986,42.28399],[20.80035,42.28814],[20.78832,42.28494],[20.78462,42.28787],[20.78262,42.29443],[20.77495,42.29626],[20.77867,42.30254],[20.77824,42.31085],[20.76399,42.30923],[20.75718,42.32106],[20.7596,42.32586],[20.75424,42.32758],[20.75231,42.33088],[20.75666,42.33149],[20.75666,42.3328],[20.75095,42.33641]]]}},{"type":"Feature","properties":{"OBJECTID":8,"Value_e":"SUVA REKA","Value_sl":"SUVA REKA","Value_sc":"СУВА РЕКА","Municipality_DOM_ID":"90280","Region_DOM_ID":"19","SHAPE.STArea()":431056451.6656517,"SHAPE.STLength()":107434.71716727933},"geometry":{"type":"Polygon","coordinates":[[[20.86376,42.51058],[20.85922,42.50912],[20.84522,42.51136],[20.83955,42.50836],[20.82566,42.51341],[20.79179,42.51198],[20.79082,42.50683],[20.78368,42.50174],[20.76609,42.47273],[20.76285,42.47235],[20.77059,42.46055],[20.77863,42.45295],[20.77906,42.45021],[20.77208,42.44196],[20.78117,42.42283],[20.77409,42.42008],[20.77248,42.41704],[20.77724,42.40129],[20.77327,42.40071],[20.76675,42.40284],[20.75459,42.39942],[20.74854,42.39867],[20.74149,42.40093],[20.73742,42.39872],[20.73561,42.38958],[20.73682,42.37015],[20.73452,42.36583],[20.73347,42.35491],[20.72823,42.34666],[20.7392,42.3383],[20.75325,42.33596],[20.75666,42.3328],[20.75666,42.33149],[20.75231,42.33088],[20.75424,42.32758],[20.7596,42.32586],[20.75718,42.32106],[20.76399,42.30923],[20.77824,42.31085],[20.77867,42.30254],[20.77495,42.29626],[20.78262,42.29443],[20.78462,42.28787],[20.78832,42.28494],[20.80035,42.28814],[20.80986,42.28399],[20.81361,42.27996],[20.81427,42.27561],[20.81739,42.27059],[20.82247,42.26906],[20.84002,42.26743],[20.84335,42.26832],[20.84972,42.26569],[20.86416,42.2689],[20.86657,42.26472],[20.87907,42.2577],[20.87719,42.24975],[20.88446,42.24389],[20.88465,42.24164],[20.89081,42.2383],[20.90318,42.23689],[20.91091,42.23919],[20.95219,42.267],[20.96871,42.27057],[20.9865,42.27767],[20.98763,42.28058],[20.98665,42.29009],[20.98421,42.29495],[20.99002,42.30783],[20.98581,42.31451],[20.98428,42.32124],[20.97942,42.32751],[20.98606,42.33868],[20.98127,42.34185],[20.97954,42.34632],[20.97977,42.35388],[20.97715,42.3635],[20.96703,42.37404],[20.95953,42.37428],[20.94705,42.37748],[20.93879,42.38459],[20.94555,42.38992],[20.96269,42.38724],[20.96992,42.39284],[20.96985,42.39696],[20.9629,42.39589],[20.95458,42.39805],[20.95025,42.40178],[20.94972,42.4059],[20.95568,42.41219],[20.97044,42.41674],[20.98119,42.42262],[20.9792,42.42521],[20.97531,42.42557],[20.96839,42.42965],[20.96221,42.43507],[20.96041,42.44287],[20.95535,42.44913],[20.94469,42.44965],[20.93082,42.45595],[20.91166,42.46],[20.90963,42.46324],[20.91067,42.4668],[20.93096,42.4747],[20.91814,42.47632],[20.90913,42.4734],[20.90617,42.47506],[20.90519,42.48241],[20.90335,42.48475],[20.89003,42.49104],[20.88496,42.489],[20.88056,42.48935],[20.87711,42.48648],[20.87369,42.48752],[20.86771,42.48397],[20.8645,42.48535],[20.86052,42.48859],[20.86436,42.49586],[20.86376,42.51058]]]}},{"type":"Feature","properties":{"OBJECTID":9,"Value_e":"ORAHOVAC","Value_sl":"ORAHOVAC","Value_sc":"ОРАХОВАЦ","Municipality_DOM_ID":"90212","Region_DOM_ID":"19","SHAPE.STArea()":400583754.2453063,"SHAPE.STLength()":105364.3459040339},"geometry":{"type":"Polygon","coordinates":[[[20.70356,42.53035],[20.69203,42.53266],[20.6861,42.53155],[20.67856,42.53401],[20.67651,42.53809],[20.6701,42.53646],[20.65623,42.52538],[20.64388,42.52562],[20.64092,42.52369],[20.6283,42.52277],[20.62555,42.52114],[20.61921,42.52192],[20.61514,42.52019],[20.61306,42.52561],[20.60832,42.52601],[20.60947,42.52107],[20.60472,42.52346],[20.59752,42.5226],[20.57621,42.52468],[20.5779,42.52174],[20.57309,42.51966],[20.56898,42.52274],[20.56499,42.5228],[20.56705,42.5193],[20.55752,42.51542],[20.54841,42.51677],[20.54457,42.50961],[20.54485,42.50701],[20.53159,42.50737],[20.52688,42.50489],[20.51655,42.48528],[20.52029,42.48213],[20.52586,42.48071],[20.526,42.47542],[20.52156,42.47355],[20.51653,42.47587],[20.5164,42.4701],[20.51093,42.4694],[20.51022,42.46555],[20.51786,42.46215],[20.51787,42.45946],[20.51233,42.4569],[20.51346,42.45457],[20.52173,42.45199],[20.52269,42.44884],[20.51919,42.44594],[20.5206,42.44368],[20.52589,42.44288],[20.52485,42.43319],[20.52919,42.4238],[20.53304,42.42039],[20.5287,42.41576],[20.52891,42.41261],[20.52613,42.41225],[20.5225,42.41464],[20.52066,42.41313],[20.52291,42.40984],[20.51728,42.40686],[20.51492,42.40054],[20.52377,42.39556],[20.5225,42.39143],[20.52473,42.39082],[20.52999,42.39345],[20.5316,42.38989],[20.52552,42.38627],[20.52796,42.3815],[20.52556,42.3806],[20.52304,42.38272],[20.52147,42.38216],[20.52533,42.374],[20.52593,42.36865],[20.53352,42.36943],[20.53281,42.36497],[20.5373,42.36538],[20.5398,42.35943],[20.55137,42.34841],[20.55269,42.34519],[20.56443,42.34777],[20.5667,42.3416],[20.57857,42.33875],[20.58008,42.33505],[20.59323,42.33385],[20.59659,42.33098],[20.60935,42.33266],[20.61429,42.32814],[20.61247,42.32244],[20.61237,42.31042],[20.6221,42.3077],[20.62464,42.30304],[20.63426,42.30334],[20.63861,42.30124],[20.64249,42.3037],[20.64661,42.30969],[20.65281,42.30977],[20.65702,42.31871],[20.66138,42.317],[20.66171,42.32373],[20.66569,42.32305],[20.6651,42.3293],[20.67009,42.33014],[20.66719,42.33439],[20.67776,42.34093],[20.6906,42.33746],[20.69938,42.3191],[20.70722,42.31037],[20.71806,42.32536],[20.71785,42.33037],[20.71987,42.33333],[20.71846,42.3371],[20.72823,42.34666],[20.73347,42.35491],[20.73452,42.36583],[20.73682,42.37015],[20.73561,42.38958],[20.73742,42.39872],[20.74149,42.40093],[20.74854,42.39867],[20.75459,42.39942],[20.76675,42.40284],[20.77327,42.40071],[20.77724,42.40129],[20.77248,42.41704],[20.77409,42.42008],[20.78117,42.42283],[20.77208,42.44196],[20.77906,42.45021],[20.77863,42.45295],[20.77059,42.46055],[20.76285,42.47235],[20.76609,42.47273],[20.78368,42.50174],[20.77397,42.50068],[20.75099,42.49391],[20.74253,42.49629],[20.73776,42.50363],[20.72793,42.50275],[20.71601,42.50964],[20.70886,42.51134],[20.70463,42.51462],[20.70092,42.51936],[20.70356,42.53035]]]}},{"type":"Feature","properties":{"OBJECTID":4,"Value_e":"PREŠEVO","Value_sl":"PREŠEVO","Value_sc":"ПРЕШЕВО","Municipality_DOM_ID":"70963","Region_DOM_ID":"2","SHAPE.STArea()":260644029.95128664,"SHAPE.STLength()":105112.34268387475},"geometry":{"type":"Polygon","coordinates":[[[21.64548,42.40976],[21.63797,42.40354],[21.63569,42.40356],[21.63719,42.39884],[21.6275,42.39228],[21.62071,42.3781],[21.61867,42.377],[21.60564,42.3754],[21.60284,42.38196],[21.59989,42.38362],[21.59303,42.37999],[21.58956,42.38144],[21.5797,42.37531],[21.57951,42.37357],[21.58487,42.36765],[21.57834,42.36497],[21.57682,42.36243],[21.57388,42.36543],[21.56679,42.36757],[21.56645,42.36638],[21.56358,42.36717],[21.55861,42.36532],[21.55772,42.36208],[21.55296,42.3645],[21.55238,42.36765],[21.55006,42.36768],[21.54579,42.37298],[21.5449,42.37057],[21.54171,42.36946],[21.5415,42.36717],[21.53727,42.36614],[21.54081,42.35941],[21.53742,42.35623],[21.53894,42.35346],[21.53635,42.35264],[21.53558,42.34723],[21.53072,42.34167],[21.53238,42.33243],[21.52957,42.3267],[21.5303,42.32515],[21.54245,42.3205],[21.53834,42.31948],[21.54129,42.31778],[21.54344,42.31865],[21.53898,42.3107],[21.54179,42.30894],[21.5485,42.311],[21.55081,42.31372],[21.55283,42.31224],[21.55493,42.31404],[21.55855,42.31385],[21.55924,42.31546],[21.56577,42.30981],[21.56459,42.30807],[21.56523,42.30387],[21.56313,42.30167],[21.56566,42.29987],[21.56181,42.29883],[21.58421,42.28314],[21.58411,42.28088],[21.58212,42.2797],[21.58336,42.27551],[21.59,42.26717],[21.5869,42.26286],[21.59339,42.25751],[21.60084,42.2542],[21.60013,42.25661],[21.60525,42.25466],[21.61276,42.25706],[21.61902,42.25307],[21.62477,42.25164],[21.64892,42.24959],[21.65491,42.24709],[21.65732,42.24883],[21.66111,42.24875],[21.66481,42.24268],[21.6687,42.24326],[21.67163,42.24182],[21.67325,42.24332],[21.67605,42.24076],[21.67972,42.24119],[21.67881,42.24284],[21.68435,42.2422],[21.69107,42.23886],[21.69453,42.23321],[21.69932,42.2316],[21.69926,42.23383],[21.70226,42.23407],[21.70337,42.23247],[21.70489,42.23913],[21.71076,42.24022],[21.71622,42.24631],[21.71462,42.25213],[21.72331,42.25745],[21.72412,42.26431],[21.7274,42.26454],[21.73418,42.261],[21.75037,42.26139],[21.75673,42.25693],[21.76162,42.25801],[21.76513,42.25969],[21.76585,42.26486],[21.76803,42.26403],[21.77076,42.26729],[21.77142,42.27203],[21.77491,42.27156],[21.77506,42.27586],[21.78578,42.27992],[21.78677,42.28467],[21.78963,42.28467],[21.79228,42.28971],[21.79525,42.29856],[21.8036,42.29372],[21.81411,42.29351],[21.82416,42.29939],[21.82575,42.30146],[21.82355,42.3032],[21.83142,42.30888],[21.82428,42.31619],[21.82185,42.32136],[21.81624,42.32385],[21.81537,42.32615],[21.80686,42.33278],[21.80746,42.33591],[21.80117,42.33954],[21.79371,42.33842],[21.79104,42.33968],[21.78176,42.33957],[21.78197,42.33674],[21.77847,42.3332],[21.76735,42.33569],[21.76674,42.33903],[21.76439,42.33983],[21.75694,42.33802],[21.75575,42.34064],[21.7515,42.33672],[21.74979,42.33717],[21.74933,42.33451],[21.73934,42.3355],[21.73966,42.33353],[21.73742,42.33342],[21.73886,42.33288],[21.7387,42.33158],[21.73079,42.33609],[21.73177,42.3376],[21.73017,42.33608],[21.7247,42.33771],[21.72592,42.34166],[21.72898,42.34159],[21.7204,42.34602],[21.71948,42.34441],[21.71572,42.34498],[21.71879,42.34787],[21.71905,42.35157],[21.72045,42.35248],[21.71729,42.35262],[21.71544,42.35483],[21.714,42.36109],[21.7169,42.367],[21.7214,42.37015],[21.72522,42.36804],[21.72682,42.37163],[21.72895,42.37041],[21.72997,42.3715],[21.72652,42.37352],[21.72717,42.37475],[21.72393,42.37853],[21.72513,42.37917],[21.72194,42.3812],[21.72042,42.38498],[21.71292,42.38507],[21.71074,42.38875],[21.70435,42.38574],[21.70397,42.38707],[21.69964,42.38815],[21.69341,42.38418],[21.69192,42.38645],[21.68846,42.3849],[21.67872,42.38938],[21.67508,42.38771],[21.66965,42.38963],[21.66476,42.38926],[21.65531,42.39859],[21.65471,42.40354],[21.64548,42.40976]]]}},{"type":"Feature","properties":{"OBJECTID":7,"Value_e":"TRGOVIŠTE","Value_sl":"TRGOVIŠTE","Value_sc":"ТРГОВИШТЕ","Municipality_DOM_ID":"71161","Region_DOM_ID":"2","SHAPE.STArea()":370509949.92098176,"SHAPE.STLength()":117481.29461510532},"geometry":{"type":"Polygon","coordinates":[[[22.2387,42.46813],[22.22885,42.47128],[22.22538,42.47489],[22.22451,42.47856],[22.21744,42.48309],[22.21002,42.47849],[22.20388,42.47691],[22.20205,42.47389],[22.20366,42.46566],[22.2018,42.46376],[22.20163,42.45856],[22.19426,42.45809],[22.19078,42.45583],[22.18013,42.45756],[22.17829,42.45139],[22.17173,42.44602],[22.17142,42.44403],[22.1602,42.44686],[22.159,42.44499],[22.15178,42.44227],[22.14399,42.4456],[22.13955,42.44516],[22.13016,42.45367],[22.12322,42.45416],[22.11371,42.45732],[22.109,42.46062],[22.10672,42.45319],[22.10369,42.45126],[22.10467,42.43444],[22.10957,42.42164],[22.10528,42.42159],[22.10176,42.41786],[22.0948,42.42558],[22.09015,42.42739],[22.07804,42.42716],[22.07299,42.42378],[22.06749,42.42293],[22.06506,42.41876],[22.05544,42.4177],[22.04923,42.41345],[22.04789,42.41084],[22.04479,42.40982],[22.03222,42.41433],[22.03305,42.41534],[22.0299,42.4206],[22.02324,42.42655],[22.01714,42.42658],[22.01014,42.42236],[22.01298,42.41728],[22.01191,42.4142],[22.0131,42.41243],[22.01121,42.4112],[22.00526,42.40892],[21.9991,42.41218],[21.9929,42.40594],[21.98662,42.40528],[21.97807,42.40725],[21.97152,42.40537],[21.9639,42.40664],[21.95715,42.4013],[21.95192,42.38818],[21.94842,42.3911],[21.93541,42.38986],[21.93191,42.38625],[21.93015,42.38161],[21.94374,42.38069],[21.9396,42.37554],[21.94158,42.37534],[21.9421,42.37064],[21.94752,42.36614],[21.94758,42.35794],[21.94389,42.35904],[21.93782,42.36649],[21.93242,42.36482],[21.93198,42.36237],[21.92806,42.35951],[21.92415,42.35922],[21.92357,42.3575],[21.92663,42.35434],[21.92605,42.35147],[21.92905,42.34845],[21.92791,42.34786],[21.93059,42.34775],[21.93494,42.34042],[21.94777,42.34394],[21.95004,42.34117],[21.9569,42.33991],[21.96235,42.33482],[21.96535,42.33491],[21.97397,42.32804],[21.98064,42.32504],[21.98602,42.32515],[21.99724,42.32039],[21.99743,42.31884],[22.0062,42.3149],[22.00862,42.31046],[22.01748,42.3079],[22.02325,42.30053],[22.03193,42.29816],[22.03825,42.30124],[22.04157,42.30608],[22.04516,42.30739],[22.05086,42.30769],[22.05441,42.30396],[22.06083,42.30361],[22.06572,42.29843],[22.07268,42.30054],[22.074,42.30327],[22.08169,42.30177],[22.09788,42.307],[22.10157,42.30534],[22.1051,42.3095],[22.10954,42.3089],[22.11902,42.31493],[22.12548,42.30939],[22.13265,42.30714],[22.13986,42.31245],[22.13933,42.31442],[22.14552,42.32142],[22.15889,42.31784],[22.16181,42.31353],[22.16648,42.31224],[22.17102,42.31589],[22.17424,42.32006],[22.17378,42.32155],[22.18093,42.32435],[22.18235,42.32848],[22.18162,42.33248],[22.18722,42.33401],[22.19396,42.33791],[22.19458,42.33972],[22.20213,42.34027],[22.20647,42.33616],[22.21953,42.33861],[22.22248,42.3371],[22.22208,42.33475],[22.22853,42.33538],[22.24441,42.34644],[22.24107,42.34852],[22.236,42.34872],[22.23545,42.35116],[22.23836,42.35323],[22.2458,42.35287],[22.24614,42.35779],[22.24981,42.36156],[22.25301,42.36056],[22.25993,42.36584],[22.26331,42.36657],[22.26887,42.36197],[22.27357,42.36131],[22.28086,42.36861],[22.29392,42.37385],[22.30421,42.37154],[22.31421,42.37351],[22.31211,42.38097],[22.31376,42.38513],[22.31291,42.38758],[22.31662,42.39622],[22.31226,42.40558],[22.31179,42.41046],[22.31562,42.41285],[22.31386,42.41994],[22.30774,42.42193],[22.30262,42.42889],[22.30136,42.42791],[22.29373,42.42955],[22.28965,42.43888],[22.28989,42.44359],[22.27961,42.45276],[22.27145,42.45278],[22.25849,42.4585],[22.25315,42.45871],[22.24805,42.46407],[22.24212,42.46373],[22.2387,42.46813]]]}},{"type":"Feature","properties":{"OBJECTID":12,"Value_e":"BOSILEGRAD","Value_sl":"BOSILEGRAD","Value_sc":"БОСИЛЕГРАД","Municipality_DOM_ID":"70335","Region_DOM_ID":"2","SHAPE.STArea()":571189653.0079623,"SHAPE.STLength()":121373.15342626734},"geometry":{"type":"Polygon","coordinates":[[[22.28899,42.6027],[22.28553,42.6048],[22.28222,42.61174],[22.28029,42.61226],[22.27444,42.60812],[22.27199,42.60418],[22.27113,42.59677],[22.25926,42.58476],[22.2486,42.57998],[22.24953,42.57646],[22.24448,42.56519],[22.24476,42.5626],[22.23541,42.56184],[22.23498,42.55815],[22.23648,42.55567],[22.23398,42.55391],[22.2318,42.54751],[22.23164,42.53683],[22.23372,42.53255],[22.23037,42.52905],[22.22511,42.52933],[22.21906,42.52679],[22.21206,42.52626],[22.20825,42.5228],[22.2133,42.51469],[22.20895,42.50714],[22.21626,42.50114],[22.22189,42.49984],[22.21423,42.49521],[22.21267,42.48961],[22.21744,42.48309],[22.22451,42.47856],[22.22538,42.47489],[22.22885,42.47128],[22.2387,42.46813],[22.24212,42.46373],[22.24805,42.46407],[22.25315,42.45871],[22.25849,42.4585],[22.27145,42.45278],[22.27961,42.45276],[22.28989,42.44359],[22.28965,42.43888],[22.29373,42.42955],[22.30136,42.42791],[22.30262,42.42889],[22.30774,42.42193],[22.31386,42.41994],[22.31562,42.41285],[22.31179,42.41046],[22.31226,42.40558],[22.31662,42.39622],[22.31291,42.38758],[22.31376,42.38513],[22.31211,42.38097],[22.31421,42.37351],[22.29965,42.37047],[22.29804,42.36749],[22.29907,42.36496],[22.29516,42.36257],[22.29087,42.35256],[22.29221,42.3497],[22.307,42.33886],[22.30894,42.33905],[22.31052,42.33543],[22.31562,42.33198],[22.32256,42.33405],[22.3333,42.32136],[22.33697,42.31954],[22.33861,42.32047],[22.35084,42.31808],[22.35647,42.31147],[22.36019,42.31109],[22.36295,42.31777],[22.36637,42.32093],[22.36581,42.32391],[22.36976,42.32173],[22.38033,42.32422],[22.38313,42.32265],[22.38681,42.32309],[22.38847,42.32539],[22.39119,42.32589],[22.4007,42.32616],[22.40375,42.33253],[22.41546,42.32928],[22.42096,42.33056],[22.42383,42.33362],[22.43237,42.32302],[22.44005,42.32847],[22.45321,42.33184],[22.46326,42.34487],[22.46097,42.34759],[22.46161,42.35144],[22.45953,42.36196],[22.46858,42.37115],[22.46958,42.37619],[22.48054,42.38024],[22.48099,42.38739],[22.47808,42.39422],[22.50863,42.39729],[22.51379,42.39465],[22.51603,42.39517],[22.5212,42.39776],[22.52025,42.40137],[22.52227,42.40451],[22.5214,42.40646],[22.52312,42.41288],[22.52647,42.41714],[22.53497,42.42107],[22.53653,42.42903],[22.53551,42.43152],[22.53752,42.43374],[22.53728,42.43653],[22.54154,42.44052],[22.54093,42.44577],[22.54401,42.44879],[22.54053,42.45378],[22.54385,42.45869],[22.54355,42.46299],[22.54978,42.46712],[22.55342,42.47143],[22.55237,42.47295],[22.55922,42.48027],[22.55875,42.48532],[22.55428,42.49427],[22.55148,42.49564],[22.54768,42.507],[22.52857,42.51946],[22.52501,42.52473],[22.52092,42.52759],[22.51356,42.52713],[22.50582,42.53339],[22.49896,42.53545],[22.49243,42.54605],[22.48793,42.54981],[22.47744,42.55375],[22.47102,42.56193],[22.4514,42.56696],[22.43848,42.56594],[22.43626,42.56424],[22.43306,42.56948],[22.43449,42.57038],[22.43198,42.57461],[22.43359,42.57588],[22.43146,42.57691],[22.42141,42.57839],[22.41639,42.57177],[22.41345,42.57314],[22.41364,42.57461],[22.40791,42.57893],[22.40834,42.58101],[22.4019,42.58659],[22.39677,42.58495],[22.38121,42.58877],[22.36497,42.58488],[22.36253,42.58684],[22.36055,42.58474],[22.35737,42.5877],[22.34672,42.58623],[22.34372,42.58821],[22.33829,42.58476],[22.32986,42.58805],[22.32622,42.59536],[22.32307,42.5976],[22.31071,42.5971],[22.30792,42.59574],[22.2966,42.59679],[22.2919,42.5951],[22.29051,42.59306],[22.28819,42.59511],[22.28899,42.6027]]]}},{"type":"Feature","properties":{"OBJECTID":15,"Value_e":"VRANJE-GRAD","Value_sl":"VRANJE-GRAD","Value_sc":"ВРАЊЕ-ГРАД","Municipality_DOM_ID":"70432","Region_DOM_ID":"2","SHAPE.STArea()":857858863.7406707,"SHAPE.STLength()":204045.5799415262},"geometry":{"type":"Polygon","coordinates":[[[21.94684,42.79056],[21.94136,42.79657],[21.9325,42.79355],[21.92294,42.79517],[21.91568,42.79256],[21.91582,42.78997],[21.91305,42.78939],[21.89638,42.79219],[21.88773,42.78718],[21.87496,42.78671],[21.87144,42.78414],[21.86742,42.78627],[21.86864,42.78791],[21.86638,42.78984],[21.85313,42.78499],[21.82882,42.7857],[21.82108,42.78423],[21.81897,42.78134],[21.82023,42.77912],[21.81888,42.77583],[21.81571,42.7756],[21.80773,42.7685],[21.81052,42.76459],[21.81642,42.76462],[21.81856,42.76265],[21.81798,42.76048],[21.81359,42.75904],[21.81238,42.75635],[21.8005,42.75686],[21.80037,42.7542],[21.80258,42.75175],[21.80095,42.74819],[21.80311,42.74788],[21.80276,42.74677],[21.79497,42.74679],[21.79375,42.74312],[21.79056,42.74455],[21.78606,42.74309],[21.78371,42.73515],[21.78855,42.73002],[21.78887,42.72589],[21.78698,42.72304],[21.78899,42.71878],[21.78591,42.71251],[21.77581,42.70317],[21.77642,42.69937],[21.77023,42.69889],[21.7578,42.70368],[21.75333,42.70099],[21.75332,42.69583],[21.75633,42.69352],[21.75972,42.68375],[21.77176,42.67689],[21.77252,42.67118],[21.77134,42.66726],[21.77871,42.66411],[21.7875,42.65568],[21.78993,42.65133],[21.79348,42.64983],[21.79725,42.64879],[21.79857,42.65183],[21.80123,42.65258],[21.8048,42.64776],[21.82725,42.64397],[21.82764,42.63894],[21.83519,42.63368],[21.8336,42.62668],[21.83718,42.62597],[21.84102,42.61999],[21.84515,42.61844],[21.84829,42.61483],[21.85241,42.61385],[21.85183,42.61137],[21.84642,42.60683],[21.84966,42.60203],[21.84758,42.60086],[21.84704,42.5963],[21.84426,42.5933],[21.84165,42.59344],[21.84163,42.58919],[21.83858,42.58674],[21.82923,42.58687],[21.82912,42.58453],[21.82337,42.57974],[21.80234,42.57333],[21.79944,42.57102],[21.7958,42.57126],[21.79186,42.56777],[21.79065,42.56308],[21.78466,42.56411],[21.77568,42.56047],[21.76913,42.54836],[21.76587,42.54616],[21.76092,42.53874],[21.7615,42.52942],[21.76994,42.52137],[21.77844,42.52027],[21.78326,42.51588],[21.79574,42.51041],[21.82748,42.47469],[21.83554,42.46776],[21.85161,42.46123],[21.8546,42.45493],[21.85877,42.45428],[21.86278,42.44987],[21.87456,42.4469],[21.87534,42.44199],[21.89265,42.42902],[21.89425,42.41929],[21.89799,42.41445],[21.90865,42.41397],[21.91819,42.41071],[21.94122,42.41165],[21.94693,42.40513],[21.9478,42.40184],[21.9535,42.40056],[21.9567,42.40048],[21.9639,42.40664],[21.96747,42.40536],[21.97765,42.40725],[21.98475,42.4053],[21.9929,42.40594],[21.99952,42.41224],[22.00615,42.40909],[22.0131,42.41243],[22.01191,42.4142],[22.01298,42.41728],[22.01011,42.421],[22.01058,42.423],[22.01999,42.42731],[22.02324,42.42655],[22.02865,42.42208],[22.03305,42.41534],[22.03222,42.41433],[22.04479,42.40982],[22.04789,42.41084],[22.04923,42.41345],[22.05544,42.4177],[22.06506,42.41876],[22.06749,42.42293],[22.07299,42.42378],[22.07804,42.42716],[22.09015,42.42739],[22.0948,42.42558],[22.10176,42.41786],[22.10528,42.42159],[22.10958,42.42171],[22.10467,42.43444],[22.10369,42.45126],[22.10672,42.45319],[22.109,42.46062],[22.11371,42.45732],[22.12322,42.45416],[22.13016,42.45367],[22.13955,42.44516],[22.14399,42.4456],[22.15178,42.44227],[22.159,42.44499],[22.1602,42.44686],[22.17142,42.44403],[22.17173,42.44602],[22.17829,42.45139],[22.18013,42.45756],[22.19078,42.45583],[22.19426,42.45809],[22.20163,42.45856],[22.2018,42.46376],[22.20366,42.46566],[22.20205,42.47389],[22.20388,42.47691],[22.21002,42.47849],[22.21744,42.48309],[22.21268,42.49117],[22.21423,42.49521],[22.22189,42.49984],[22.21626,42.50114],[22.20895,42.50714],[22.2133,42.51469],[22.20825,42.5228],[22.21206,42.52626],[22.21906,42.52679],[22.22511,42.52933],[22.23037,42.52905],[22.23379,42.53266],[22.23164,42.53683],[22.2318,42.54751],[22.23398,42.55391],[22.23648,42.55567],[22.23498,42.55815],[22.23541,42.56184],[22.23846,42.56166],[22.23598,42.56409],[22.23213,42.56537],[22.22619,42.56371],[22.22031,42.56523],[22.21903,42.5683],[22.22141,42.56992],[22.22036,42.57181],[22.21052,42.57572],[22.20375,42.58333],[22.19231,42.58223],[22.19049,42.58343],[22.1772,42.58339],[22.174,42.58587],[22.16826,42.58706],[22.16544,42.58952],[22.16722,42.59215],[22.16439,42.5958],[22.15954,42.59838],[22.15864,42.60221],[22.15687,42.60156],[22.1541,42.60464],[22.15095,42.60434],[22.15158,42.60665],[22.14881,42.60921],[22.14932,42.61141],[22.14534,42.61327],[22.142,42.61945],[22.13913,42.62052],[22.13418,42.61423],[22.1325,42.60816],[22.12857,42.61116],[22.12291,42.60772],[22.11687,42.6064],[22.11798,42.59906],[22.10647,42.59443],[22.09513,42.59921],[22.0907,42.59623],[22.07951,42.59992],[22.07431,42.59973],[22.07312,42.60171],[22.06863,42.60304],[22.06698,42.60763],[22.06216,42.60698],[22.05579,42.60889],[22.05375,42.6073],[22.04996,42.61094],[22.03802,42.61191],[22.03478,42.61424],[22.03624,42.61636],[22.03401,42.61749],[22.03307,42.61097],[22.02557,42.60923],[22.02369,42.60318],[22.01564,42.59923],[22.01076,42.60078],[22.00656,42.59999],[22.00835,42.59814],[22.00701,42.59531],[22.00256,42.59396],[21.99853,42.58846],[21.99802,42.58082],[21.99375,42.57955],[21.99051,42.58382],[21.98796,42.58399],[21.98667,42.58775],[21.98798,42.58916],[21.98196,42.5897],[21.97401,42.59598],[21.97492,42.59722],[21.98135,42.59694],[21.98092,42.59957],[21.98308,42.60287],[21.97985,42.60597],[21.97706,42.61216],[21.97796,42.61582],[21.97188,42.61944],[21.97099,42.62439],[21.96851,42.62537],[21.96879,42.62748],[21.96139,42.62947],[21.95993,42.63204],[21.95678,42.63029],[21.94536,42.62934],[21.93619,42.63214],[21.92855,42.63169],[21.92356,42.63504],[21.91532,42.64987],[21.91927,42.65531],[21.92005,42.66322],[21.9274,42.67182],[21.91751,42.68599],[21.91578,42.6926],[21.91668,42.69702],[21.92513,42.70557],[21.92515,42.7151],[21.92888,42.7212],[21.93078,42.7306],[21.93028,42.74099],[21.92222,42.75251],[21.92487,42.75703],[21.92289,42.75914],[21.92406,42.76301],[21.93186,42.77122],[21.93252,42.78085],[21.94402,42.78482],[21.94687,42.78778],[21.94684,42.79056]]]}},{"type":"Feature","properties":{"OBJECTID":17,"Value_e":"SURDULICA","Value_sl":"SURDULICA","Value_sc":"СУРДУЛИЦА","Municipality_DOM_ID":"71137","Region_DOM_ID":"2","SHAPE.STArea()":628459760.6620603,"SHAPE.STLength()":159660.2437304231},"geometry":{"type":"Polygon","coordinates":[[[22.44138,42.82527],[22.43853,42.82568],[22.4307,42.82063],[22.4219,42.82156],[22.41986,42.81819],[22.41264,42.81388],[22.408,42.81527],[22.40829,42.81131],[22.40553,42.80993],[22.38893,42.80863],[22.37527,42.81366],[22.37789,42.81017],[22.37835,42.80455],[22.37353,42.79987],[22.37457,42.79503],[22.37293,42.79253],[22.36444,42.78871],[22.36127,42.7836],[22.35426,42.78065],[22.33386,42.77538],[22.31656,42.77666],[22.31463,42.77559],[22.31533,42.77216],[22.31038,42.77199],[22.30905,42.77045],[22.30363,42.77093],[22.30301,42.76867],[22.29472,42.7623],[22.29167,42.74893],[22.27366,42.74838],[22.26959,42.7524],[22.26918,42.75592],[22.2635,42.75348],[22.26296,42.75177],[22.25285,42.7515],[22.2403,42.7574],[22.23098,42.75886],[22.22219,42.76783],[22.21788,42.77535],[22.20174,42.76974],[22.1959,42.77262],[22.18698,42.78026],[22.16757,42.76585],[22.16339,42.75431],[22.15214,42.75873],[22.13824,42.75683],[22.13716,42.75279],[22.13847,42.7488],[22.13411,42.73863],[22.13071,42.73759],[22.1314,42.73377],[22.12618,42.73394],[22.12719,42.73224],[22.12006,42.72895],[22.12078,42.72661],[22.11933,42.72517],[22.12027,42.72359],[22.13399,42.72027],[22.13582,42.71541],[22.13365,42.71257],[22.13648,42.70906],[22.13326,42.70487],[22.13404,42.70368],[22.13185,42.70321],[22.13423,42.70121],[22.12794,42.69805],[22.11787,42.69633],[22.11446,42.70192],[22.10852,42.70312],[22.1041,42.70592],[22.10206,42.70574],[22.10205,42.70221],[22.09872,42.70212],[22.09983,42.69781],[22.09353,42.69956],[22.09862,42.6856],[22.09745,42.68224],[22.09022,42.67883],[22.08787,42.6741],[22.08879,42.67142],[22.08736,42.66838],[22.09335,42.66878],[22.09092,42.66484],[22.08252,42.66147],[22.08499,42.65967],[22.09007,42.65945],[22.09335,42.65688],[22.09243,42.65444],[22.08336,42.65621],[22.06861,42.6634],[22.06442,42.6621],[22.06824,42.65893],[22.06704,42.6577],[22.06831,42.65702],[22.06473,42.65737],[22.0634,42.65521],[22.0647,42.65113],[22.06298,42.64922],[22.06809,42.64589],[22.06728,42.64018],[22.07122,42.62686],[22.07472,42.62141],[22.0796,42.62272],[22.08272,42.62683],[22.08505,42.62301],[22.08721,42.62227],[22.08449,42.61908],[22.08637,42.61643],[22.0978,42.61163],[22.10612,42.61131],[22.11685,42.60465],[22.11687,42.6064],[22.12291,42.60772],[22.12857,42.61116],[22.1325,42.60816],[22.13418,42.61423],[22.13876,42.62038],[22.142,42.61945],[22.14515,42.61348],[22.14932,42.61141],[22.14881,42.60921],[22.15158,42.60665],[22.15095,42.60434],[22.1541,42.60464],[22.15687,42.60156],[22.15864,42.60221],[22.15954,42.59838],[22.16263,42.59743],[22.1672,42.5922],[22.16544,42.58952],[22.16826,42.58706],[22.174,42.58587],[22.1772,42.58339],[22.19049,42.58343],[22.19231,42.58223],[22.2039,42.58327],[22.21052,42.57572],[22.22036,42.57181],[22.22141,42.56992],[22.21903,42.5683],[22.22031,42.56523],[22.22619,42.56371],[22.23258,42.56538],[22.23846,42.56166],[22.2439,42.56166],[22.24946,42.57622],[22.2486,42.57998],[22.26239,42.58741],[22.27136,42.59708],[22.27199,42.60418],[22.27444,42.60812],[22.28029,42.61226],[22.28268,42.61142],[22.28553,42.6048],[22.28899,42.6027],[22.28819,42.59511],[22.29051,42.59306],[22.2919,42.5951],[22.2966,42.59679],[22.30792,42.59574],[22.31071,42.5971],[22.32307,42.5976],[22.32622,42.59536],[22.32986,42.58805],[22.33859,42.58471],[22.34387,42.58822],[22.34672,42.58623],[22.35737,42.5877],[22.36055,42.58474],[22.36253,42.58684],[22.36497,42.58488],[22.38074,42.5888],[22.39677,42.58495],[22.40174,42.58665],[22.40834,42.58101],[22.40791,42.57893],[22.41364,42.57461],[22.41345,42.57314],[22.41639,42.57177],[22.42141,42.57839],[22.43356,42.5759],[22.43198,42.57461],[22.43449,42.57038],[22.43306,42.56948],[22.43626,42.56424],[22.43768,42.56467],[22.43961,42.56739],[22.43783,42.57216],[22.44063,42.57788],[22.43897,42.5816],[22.44114,42.58579],[22.44052,42.58856],[22.44977,42.59515],[22.45119,42.61181],[22.45279,42.61624],[22.45557,42.61733],[22.45845,42.62159],[22.45949,42.62565],[22.45838,42.63122],[22.46486,42.63251],[22.46763,42.64079],[22.45402,42.6465],[22.46155,42.64853],[22.46153,42.65239],[22.45875,42.65517],[22.46654,42.65956],[22.46796,42.66356],[22.47272,42.66694],[22.47596,42.67569],[22.46977,42.68194],[22.46025,42.68378],[22.45861,42.68947],[22.46846,42.69167],[22.47239,42.69509],[22.4712,42.7003],[22.47565,42.71027],[22.48283,42.71484],[22.48666,42.72167],[22.49674,42.72263],[22.4958,42.73217],[22.49794,42.73333],[22.50135,42.73985],[22.49808,42.74503],[22.49097,42.74876],[22.48719,42.74873],[22.48531,42.75074],[22.48068,42.75879],[22.47597,42.76297],[22.47626,42.76739],[22.47207,42.76863],[22.46048,42.77718],[22.45913,42.78697],[22.45739,42.78813],[22.45808,42.78977],[22.45595,42.79316],[22.44949,42.79573],[22.44884,42.80244],[22.44072,42.80578],[22.43962,42.81299],[22.44085,42.81699],[22.43935,42.82232],[22.44138,42.82527]]]}},{"type":"Feature","properties":{"OBJECTID":19,"Value_e":"VLADIČIN HAN","Value_sl":"VLADIČIN HAN","Value_sc":"ВЛАДИЧИН ХАН","Municipality_DOM_ID":"70416","Region_DOM_ID":"2","SHAPE.STArea()":365608227.99498487,"SHAPE.STLength()":143965.56517051958},"geometry":{"type":"MultiPolygon","coordinates":[[[[22.18688,42.7803],[22.18305,42.78211],[22.17859,42.78774],[22.17078,42.78944],[22.16062,42.797],[22.16332,42.80138],[22.16962,42.80519],[22.17747,42.80579],[22.18569,42.80349],[22.18018,42.80629],[22.17737,42.80968],[22.16314,42.80783],[22.15569,42.81006],[22.15057,42.80938],[22.14903,42.80594],[22.14664,42.80644],[22.14569,42.80376],[22.14375,42.80426],[22.14144,42.8022],[22.14224,42.80021],[22.13954,42.79978],[22.13395,42.79497],[22.13331,42.796],[22.12927,42.79214],[22.11452,42.7964],[22.10176,42.80313],[22.11252,42.80867],[22.11765,42.81339],[22.11816,42.8167],[22.11237,42.82158],[22.1088,42.83214],[22.10306,42.83274],[22.09168,42.82574],[22.08744,42.82922],[22.08202,42.82833],[22.07863,42.83082],[22.07125,42.82968],[22.06777,42.8284],[22.06499,42.82453],[22.05022,42.81896],[22.04368,42.81402],[22.03204,42.81355],[22.02844,42.81191],[22.01683,42.81315],[22.01633,42.82109],[22.01471,42.82444],[22.01144,42.82652],[22.01029,42.83046],[22.0028,42.82978],[21.99923,42.82663],[21.9898,42.82482],[21.98337,42.81384],[21.98399,42.81024],[21.98248,42.8078],[21.98438,42.80507],[21.98217,42.79865],[21.97747,42.79583],[21.97531,42.79775],[21.9746,42.80142],[21.97146,42.80147],[21.96596,42.79913],[21.96137,42.79265],[21.95628,42.79217],[21.95507,42.79032],[21.94684,42.79056],[21.94687,42.78778],[21.94402,42.78482],[21.93252,42.78085],[21.93186,42.77122],[21.92323,42.76112],[21.92289,42.75914],[21.92487,42.75703],[21.92222,42.75251],[21.93028,42.74099],[21.93078,42.7306],[21.92888,42.7212],[21.92515,42.7151],[21.92509,42.70548],[21.91607,42.69478],[21.91747,42.68606],[21.9274,42.67182],[21.92005,42.66322],[21.91927,42.65531],[21.91532,42.64987],[21.91698,42.64614],[21.92356,42.63504],[21.92855,42.63169],[21.93619,42.63214],[21.94536,42.62934],[21.95678,42.63029],[21.95993,42.63204],[21.96139,42.62947],[21.96879,42.62748],[21.96851,42.62537],[21.97099,42.62439],[21.97188,42.61944],[21.97796,42.61582],[21.97706,42.61216],[21.97985,42.60597],[21.98308,42.60287],[21.98092,42.59957],[21.98135,42.59694],[21.97492,42.59722],[21.97401,42.59598],[21.98196,42.5897],[21.98798,42.58916],[21.98667,42.58775],[21.98796,42.58399],[21.99051,42.58382],[21.99375,42.57955],[21.99822,42.58116],[21.99853,42.58846],[22.0059,42.59671],[22.00604,42.60042],[22.00867,42.60143],[22.01577,42.59992],[22.02294,42.60384],[22.02527,42.61011],[22.03247,42.61203],[22.03186,42.61389],[22.03394,42.61751],[22.03624,42.61636],[22.03481,42.61431],[22.03819,42.61197],[22.04996,42.61094],[22.05375,42.6073],[22.05579,42.60889],[22.06216,42.60698],[22.06698,42.60763],[22.06863,42.60304],[22.07312,42.60171],[22.07431,42.59973],[22.07951,42.59992],[22.0907,42.59623],[22.09513,42.59921],[22.10647,42.59443],[22.11302,42.59655],[22.11798,42.59906],[22.11685,42.60465],[22.11406,42.60683],[22.10612,42.61131],[22.0978,42.61163],[22.08637,42.61643],[22.08449,42.61908],[22.08721,42.62227],[22.08505,42.62301],[22.08272,42.62683],[22.0796,42.62272],[22.07436,42.62166],[22.06855,42.6341],[22.06724,42.64092],[22.06809,42.64589],[22.06298,42.64922],[22.0647,42.65113],[22.0634,42.65521],[22.06473,42.65737],[22.06831,42.65702],[22.06704,42.6577],[22.06824,42.65893],[22.06442,42.6621],[22.06861,42.6634],[22.08336,42.65621],[22.09243,42.65444],[22.09335,42.65688],[22.09007,42.65945],[22.08499,42.65967],[22.08252,42.66147],[22.09092,42.66484],[22.09335,42.66878],[22.08736,42.66838],[22.08879,42.67142],[22.08787,42.6741],[22.09022,42.67883],[22.09745,42.68224],[22.09862,42.6856],[22.09353,42.69956],[22.09983,42.69781],[22.09872,42.70212],[22.10205,42.70221],[22.10206,42.70574],[22.1041,42.70592],[22.10852,42.70312],[22.11446,42.70192],[22.11787,42.69633],[22.12794,42.69805],[22.13423,42.70121],[22.13185,42.70321],[22.13404,42.70368],[22.13326,42.70487],[22.13648,42.70906],[22.13365,42.71257],[22.13582,42.71541],[22.13399,42.72027],[22.12027,42.72359],[22.11933,42.72517],[22.12078,42.72661],[22.12006,42.72895],[22.12719,42.73224],[22.12618,42.73394],[22.1314,42.73377],[22.13071,42.73759],[22.13411,42.73863],[22.13847,42.7488],[22.13716,42.75279],[22.13824,42.75683],[22.15214,42.75873],[22.16339,42.75431],[22.16757,42.76585],[22.18688,42.7803]]],[[[22.18698,42.78026],[22.1959,42.77262],[22.20185,42.76972],[22.21789,42.77539],[22.21336,42.77824],[22.21716,42.78317],[22.21578,42.7861],[22.20776,42.79299],[22.20544,42.79856],[22.1996,42.79625],[22.19544,42.79667],[22.19491,42.79451],[22.19819,42.78817],[22.18698,42.78026]]]]}},{"type":"Feature","properties":{"OBJECTID":46,"Value_e":"BUJANOVAC","Value_sl":"BUJANOVAC","Value_sc":"БУЈАНОВАЦ","Municipality_DOM_ID":"70351","Region_DOM_ID":"2","SHAPE.STArea()":459796723.67867583,"SHAPE.STLength()":161291.83209389178},"geometry":{"type":"Polygon","coordinates":[[[21.80264,42.65211],[21.79951,42.65252],[21.79725,42.64879],[21.78993,42.65133],[21.78399,42.64671],[21.77928,42.64672],[21.7797,42.64338],[21.7755,42.63774],[21.76857,42.63347],[21.76118,42.63774],[21.75856,42.63641],[21.75815,42.63314],[21.75516,42.6319],[21.75444,42.62838],[21.7573,42.61816],[21.75263,42.61369],[21.75101,42.6074],[21.74585,42.60881],[21.74492,42.60345],[21.74128,42.6038],[21.73823,42.59783],[21.74013,42.59116],[21.74447,42.58677],[21.74508,42.5827],[21.74776,42.58075],[21.74683,42.57601],[21.74806,42.57022],[21.74481,42.56507],[21.7489,42.56166],[21.74756,42.5588],[21.74136,42.55311],[21.7285,42.54711],[21.71712,42.54997],[21.70701,42.5499],[21.70611,42.54779],[21.70184,42.54555],[21.70326,42.54416],[21.70136,42.54086],[21.69343,42.53938],[21.69794,42.53499],[21.69682,42.53087],[21.70369,42.52423],[21.70705,42.52294],[21.71069,42.51669],[21.70852,42.51629],[21.70927,42.51522],[21.70759,42.51324],[21.69667,42.51624],[21.69356,42.51476],[21.6919,42.51559],[21.69113,42.50843],[21.69378,42.50535],[21.6921,42.50522],[21.68997,42.50202],[21.67546,42.49765],[21.66735,42.49288],[21.67221,42.48663],[21.67123,42.48434],[21.66121,42.4853],[21.65784,42.48379],[21.66029,42.48029],[21.65692,42.47816],[21.65804,42.47621],[21.64137,42.46825],[21.63029,42.45967],[21.62995,42.45501],[21.62859,42.45496],[21.62578,42.44615],[21.63266,42.43899],[21.63197,42.43481],[21.63779,42.42928],[21.63876,42.42443],[21.63664,42.42176],[21.64446,42.41678],[21.64651,42.41349],[21.6451,42.41],[21.65471,42.40354],[21.65531,42.39859],[21.66187,42.39341],[21.66427,42.38957],[21.67508,42.38771],[21.67872,42.38938],[21.68846,42.3849],[21.69192,42.38645],[21.69341,42.38418],[21.69964,42.38815],[21.70397,42.38707],[21.70435,42.38574],[21.71074,42.38875],[21.71292,42.38507],[21.72042,42.38498],[21.72194,42.3812],[21.72513,42.37917],[21.72393,42.37853],[21.72717,42.37475],[21.72652,42.37352],[21.72997,42.3715],[21.72895,42.37041],[21.72682,42.37163],[21.72522,42.36804],[21.7214,42.37015],[21.71625,42.36588],[21.714,42.36109],[21.71498,42.3556],[21.71729,42.35262],[21.72045,42.35248],[21.71905,42.35157],[21.71879,42.34787],[21.71572,42.34498],[21.71948,42.34441],[21.7204,42.34602],[21.72764,42.34289],[21.72898,42.34159],[21.72592,42.34166],[21.7247,42.33771],[21.73017,42.33608],[21.73177,42.3376],[21.73079,42.33609],[21.73862,42.33277],[21.73624,42.33217],[21.73893,42.33158],[21.73886,42.33288],[21.73742,42.33342],[21.73966,42.33353],[21.73934,42.3355],[21.74933,42.33451],[21.74979,42.33717],[21.7515,42.33672],[21.75575,42.34064],[21.75694,42.33802],[21.76439,42.33983],[21.76674,42.33903],[21.76735,42.33569],[21.77847,42.3332],[21.78197,42.33674],[21.78176,42.33957],[21.79104,42.33968],[21.79371,42.33842],[21.80024,42.33974],[21.80746,42.33591],[21.80686,42.33278],[21.81537,42.32615],[21.81624,42.32385],[21.82185,42.32136],[21.82428,42.31619],[21.83153,42.30892],[21.83506,42.31239],[21.83396,42.32173],[21.84419,42.32574],[21.85154,42.32576],[21.85712,42.32329],[21.86049,42.31917],[21.86572,42.31748],[21.86909,42.30926],[21.87348,42.30848],[21.8738,42.31082],[21.87635,42.30972],[21.87743,42.31186],[21.88185,42.31343],[21.88497,42.31247],[21.88663,42.30773],[21.89345,42.30024],[21.92384,42.30673],[21.9283,42.31001],[21.93127,42.32126],[21.93023,42.32453],[21.93344,42.33005],[21.93305,42.33478],[21.93456,42.33607],[21.93234,42.33856],[21.93474,42.33972],[21.933,42.34062],[21.93439,42.34085],[21.93059,42.34775],[21.92791,42.34786],[21.92905,42.34845],[21.92605,42.35147],[21.92663,42.35434],[21.92356,42.35848],[21.92806,42.35951],[21.93198,42.36237],[21.93242,42.36482],[21.93782,42.36649],[21.94389,42.35904],[21.94732,42.3576],[21.94819,42.36437],[21.94508,42.36905],[21.9421,42.37064],[21.94158,42.37534],[21.9396,42.37554],[21.94374,42.38069],[21.93329,42.38079],[21.93023,42.38154],[21.93005,42.38305],[21.93541,42.38986],[21.94842,42.3911],[21.95192,42.38818],[21.9567,42.40048],[21.9478,42.40184],[21.94693,42.40513],[21.94106,42.41169],[21.91819,42.41071],[21.90865,42.41397],[21.89799,42.41445],[21.89425,42.41929],[21.89265,42.42902],[21.87534,42.44199],[21.87456,42.4469],[21.86278,42.44987],[21.85877,42.45428],[21.8546,42.45493],[21.85161,42.46123],[21.83554,42.46776],[21.82748,42.47469],[21.79574,42.51041],[21.78326,42.51588],[21.77844,42.52027],[21.76994,42.52137],[21.7611,42.53004],[21.76092,42.53874],[21.76587,42.54616],[21.76913,42.54836],[21.77568,42.56047],[21.78466,42.56411],[21.79065,42.56308],[21.79186,42.56777],[21.7958,42.57126],[21.79944,42.57102],[21.80234,42.57333],[21.82337,42.57974],[21.82912,42.58453],[21.82923,42.58687],[21.83831,42.58656],[21.84163,42.58919],[21.84157,42.59335],[21.84455,42.59355],[21.84721,42.59668],[21.84758,42.60086],[21.84966,42.60203],[21.84642,42.60683],[21.85183,42.61137],[21.85234,42.61416],[21.84829,42.61483],[21.84515,42.61844],[21.84102,42.61999],[21.83718,42.62597],[21.8336,42.62668],[21.83519,42.63368],[21.82764,42.63894],[21.82725,42.64397],[21.8048,42.64776],[21.80264,42.65211]]]}},{"type":"Feature","properties":{"OBJECTID":52,"Value_e":"CRNA TRAVA","Value_sl":"CRNA TRAVA","Value_sc":"ЦРНА ТРАВА","Municipality_DOM_ID":"71226","Region_DOM_ID":"20","SHAPE.STArea()":312130252.49318755,"SHAPE.STLength()":109563.32367053289},"geometry":{"type":"Polygon","coordinates":[[[22.31516,42.94786],[22.30516,42.94913],[22.30536,42.9473],[22.30267,42.94525],[22.30442,42.9401],[22.30769,42.9344],[22.31218,42.9331],[22.32061,42.92701],[22.32311,42.92134],[22.31408,42.9175],[22.29888,42.9187],[22.28953,42.91423],[22.28857,42.91239],[22.28358,42.91286],[22.2769,42.91438],[22.27521,42.92042],[22.26698,42.9268],[22.26412,42.9242],[22.26472,42.92044],[22.26109,42.91397],[22.26018,42.90823],[22.24156,42.90419],[22.23544,42.91372],[22.23217,42.91338],[22.22912,42.90985],[22.22908,42.90596],[22.22513,42.90334],[22.22575,42.89271],[22.22264,42.89092],[22.22013,42.88499],[22.22233,42.88161],[22.22197,42.87768],[22.2188,42.87667],[22.21789,42.87363],[22.20806,42.86335],[22.20963,42.85714],[22.20825,42.85437],[22.20596,42.85243],[22.20173,42.85503],[22.19789,42.84584],[22.18999,42.8426],[22.18745,42.84364],[22.18453,42.84008],[22.18972,42.83726],[22.1936,42.8412],[22.19374,42.83746],[22.19719,42.84029],[22.1979,42.83824],[22.20076,42.84207],[22.20223,42.84089],[22.20574,42.84222],[22.21592,42.83104],[22.21139,42.82771],[22.2139,42.82798],[22.2134,42.82698],[22.21081,42.82649],[22.21555,42.82403],[22.21546,42.82141],[22.22008,42.81462],[22.21972,42.81303],[22.22329,42.80886],[22.22624,42.80889],[22.22891,42.80616],[22.21945,42.8067],[22.21272,42.80943],[22.21124,42.80721],[22.20724,42.80773],[22.20646,42.80567],[22.20285,42.80648],[22.19582,42.80498],[22.18449,42.80886],[22.18112,42.80756],[22.17893,42.80913],[22.18018,42.80629],[22.18509,42.80418],[22.1882,42.80007],[22.19544,42.79667],[22.1996,42.79625],[22.20252,42.79831],[22.20608,42.79838],[22.20776,42.79299],[22.21578,42.7861],[22.21716,42.78317],[22.21336,42.77824],[22.21756,42.77651],[22.22219,42.76783],[22.23151,42.7585],[22.2403,42.7574],[22.25304,42.75145],[22.26296,42.75177],[22.2635,42.75348],[22.26918,42.75592],[22.26959,42.7524],[22.27366,42.74838],[22.29167,42.74893],[22.29472,42.7623],[22.30301,42.76867],[22.30363,42.77093],[22.30905,42.77045],[22.31038,42.77199],[22.31533,42.77216],[22.31463,42.77559],[22.31656,42.77666],[22.33386,42.77538],[22.35426,42.78065],[22.36127,42.7836],[22.36444,42.78871],[22.37293,42.79253],[22.37457,42.79503],[22.37353,42.79987],[22.37835,42.80455],[22.37789,42.81017],[22.37527,42.81366],[22.38893,42.80863],[22.40576,42.81],[22.40829,42.81131],[22.40795,42.81523],[22.41264,42.81388],[22.41986,42.81819],[22.4219,42.82156],[22.4307,42.82063],[22.43853,42.82568],[22.44586,42.82473],[22.46545,42.83354],[22.46995,42.8306],[22.4747,42.83155],[22.49938,42.84928],[22.50719,42.85062],[22.51065,42.8544],[22.51581,42.85695],[22.51766,42.86172],[22.51501,42.86339],[22.51755,42.86423],[22.51742,42.86638],[22.51235,42.87064],[22.50135,42.87313],[22.49779,42.87846],[22.49049,42.88077],[22.47944,42.88068],[22.46827,42.88357],[22.44888,42.88246],[22.43879,42.88653],[22.43376,42.89086],[22.41684,42.89242],[22.40685,42.90087],[22.3929,42.90705],[22.39524,42.91139],[22.39252,42.91711],[22.3728,42.92693],[22.37047,42.93131],[22.36009,42.93905],[22.35315,42.94085],[22.34281,42.93741],[22.34148,42.93906],[22.33227,42.9396],[22.32065,42.94279],[22.31516,42.94786]]]}},{"type":"Feature","properties":{"OBJECTID":53,"Value_e":"LEBANE","Value_sl":"LEBANE","Value_sc":"ЛЕБАНЕ","Municipality_DOM_ID":"70718","Region_DOM_ID":"20","SHAPE.STArea()":336803274.15070367,"SHAPE.STLength()":141409.99709044152},"geometry":{"type":"Polygon","coordinates":[[[21.82097,42.99336],[21.81713,42.99296],[21.81496,42.98969],[21.8124,42.98912],[21.79067,42.99093],[21.78285,42.98206],[21.77988,42.98297],[21.78063,42.98397],[21.77585,42.98714],[21.77402,42.99088],[21.7703,42.98921],[21.76396,42.99107],[21.75081,42.98448],[21.74802,42.9844],[21.74427,42.98756],[21.73845,42.98242],[21.74071,42.97846],[21.73192,42.98101],[21.73131,42.97092],[21.72839,42.97038],[21.72735,42.96351],[21.72502,42.96748],[21.72042,42.97011],[21.71903,42.96906],[21.71459,42.97008],[21.71215,42.97299],[21.71113,42.97186],[21.70314,42.97227],[21.69443,42.97541],[21.68827,42.97368],[21.68547,42.97808],[21.67469,42.98435],[21.67532,42.98026],[21.67388,42.97893],[21.67667,42.97742],[21.67103,42.97424],[21.67187,42.9724],[21.66888,42.97042],[21.66788,42.96608],[21.66113,42.96057],[21.65305,42.9589],[21.64224,42.95396],[21.638,42.95904],[21.62946,42.95903],[21.63032,42.96248],[21.61674,42.96883],[21.60442,42.97308],[21.60355,42.97162],[21.5968,42.97177],[21.5943,42.97371],[21.59113,42.97348],[21.58827,42.97603],[21.57804,42.97317],[21.57886,42.9715],[21.57562,42.97007],[21.57276,42.96491],[21.54945,42.96433],[21.55478,42.95642],[21.55834,42.94742],[21.55775,42.94367],[21.56241,42.94225],[21.56127,42.93795],[21.56245,42.93694],[21.57314,42.9398],[21.58213,42.9374],[21.58875,42.94045],[21.59666,42.93855],[21.61248,42.93044],[21.62307,42.93222],[21.62967,42.91258],[21.63308,42.91077],[21.63142,42.90733],[21.64052,42.9085],[21.64409,42.91046],[21.64559,42.90862],[21.65436,42.90982],[21.65798,42.90478],[21.65804,42.90164],[21.66039,42.9003],[21.6608,42.89686],[21.66352,42.89476],[21.66926,42.89483],[21.67197,42.89282],[21.67141,42.88466],[21.67278,42.88034],[21.67992,42.87611],[21.68017,42.87076],[21.67504,42.86606],[21.67923,42.85868],[21.67896,42.84933],[21.67579,42.84415],[21.66937,42.84013],[21.67846,42.83633],[21.68425,42.82634],[21.68772,42.82547],[21.68739,42.81962],[21.68895,42.818],[21.68245,42.81606],[21.67974,42.8179],[21.67136,42.81797],[21.6672,42.8124],[21.66489,42.8133],[21.66251,42.81123],[21.65106,42.80977],[21.64581,42.80755],[21.64929,42.80246],[21.6538,42.80242],[21.65349,42.7956],[21.65793,42.79308],[21.6595,42.78744],[21.66453,42.78759],[21.66823,42.78577],[21.67207,42.77789],[21.67639,42.77729],[21.67764,42.77497],[21.67993,42.77447],[21.68097,42.76753],[21.67687,42.76366],[21.67864,42.76168],[21.68651,42.7598],[21.69272,42.75001],[21.69104,42.74634],[21.69582,42.74046],[21.69365,42.73403],[21.69659,42.72775],[21.69501,42.72478],[21.69553,42.71741],[21.69864,42.71602],[21.70065,42.71248],[21.69869,42.71223],[21.69785,42.71013],[21.70316,42.70906],[21.69989,42.70609],[21.6911,42.70463],[21.68861,42.69553],[21.69159,42.69125],[21.70427,42.69188],[21.70393,42.69478],[21.70968,42.7039],[21.70586,42.71268],[21.70777,42.72044],[21.72355,42.72618],[21.72359,42.73118],[21.72958,42.73359],[21.72948,42.73605],[21.73222,42.73848],[21.73231,42.74296],[21.74488,42.75183],[21.74849,42.75758],[21.74832,42.76076],[21.75425,42.76338],[21.75455,42.76568],[21.7586,42.76963],[21.75905,42.78009],[21.75467,42.78722],[21.75601,42.78908],[21.76019,42.78774],[21.76251,42.78929],[21.75996,42.78998],[21.76221,42.79499],[21.75923,42.79703],[21.7644,42.79858],[21.76578,42.80049],[21.77437,42.8012],[21.77788,42.80815],[21.78278,42.81238],[21.7833,42.81749],[21.77635,42.81949],[21.77446,42.82756],[21.77665,42.84083],[21.7808,42.84562],[21.77921,42.85078],[21.78144,42.8536],[21.78117,42.85543],[21.77913,42.85549],[21.77611,42.85882],[21.77895,42.86192],[21.77616,42.86375],[21.77513,42.86672],[21.77778,42.87127],[21.78429,42.87154],[21.8,42.88113],[21.80386,42.89363],[21.81206,42.90273],[21.82002,42.90048],[21.82263,42.9008],[21.82455,42.90329],[21.82759,42.90276],[21.83534,42.91334],[21.84001,42.91655],[21.84107,42.91309],[21.84535,42.91023],[21.85409,42.90763],[21.8591,42.9118],[21.859,42.9161],[21.86747,42.92003],[21.87104,42.91591],[21.87438,42.9193],[21.8801,42.9183],[21.89266,42.92616],[21.88919,42.93034],[21.89018,42.93127],[21.88592,42.93416],[21.88051,42.94116],[21.87403,42.94529],[21.86752,42.95388],[21.86019,42.95898],[21.8619,42.95998],[21.85982,42.96331],[21.85944,42.96518],[21.86103,42.96567],[21.85983,42.9675],[21.84979,42.97245],[21.84266,42.98034],[21.83564,42.98392],[21.83149,42.98833],[21.82097,42.99336]]]}},{"type":"Feature","properties":{"OBJECTID":54,"Value_e":"MEDVEĐA","Value_sl":"MEDVEĐA","Value_sc":"МЕДВЕЂА","Municipality_DOM_ID":"70815","Region_DOM_ID":"20","SHAPE.STArea()":522503370.22056854,"SHAPE.STLength()":137710.56394188415},"geometry":{"type":"Polygon","coordinates":[[[21.53279,42.97921],[21.52763,42.98305],[21.51741,42.98644],[21.50728,42.99483],[21.49327,42.99511],[21.48673,42.99904],[21.47551,42.99742],[21.45998,42.99213],[21.45582,42.98788],[21.44924,42.98851],[21.44763,42.98658],[21.44763,42.98534],[21.45218,42.98457],[21.45651,42.98077],[21.4642,42.96872],[21.46398,42.96616],[21.4665,42.9627],[21.4657,42.95202],[21.47255,42.94497],[21.47125,42.94427],[21.4717,42.9423],[21.4681,42.93993],[21.46731,42.93747],[21.46919,42.93577],[21.46664,42.9327],[21.45748,42.93017],[21.45495,42.92384],[21.449,42.91821],[21.45279,42.91368],[21.45593,42.91479],[21.45996,42.91362],[21.45604,42.91121],[21.44926,42.91109],[21.45118,42.90754],[21.45671,42.90736],[21.45783,42.90427],[21.45692,42.89894],[21.45126,42.89474],[21.45526,42.88944],[21.45297,42.88854],[21.44994,42.89018],[21.44262,42.88726],[21.44303,42.87716],[21.43508,42.87233],[21.43441,42.86963],[21.43643,42.86442],[21.43554,42.85846],[21.43713,42.85155],[21.42375,42.8473],[21.42429,42.83283],[21.41862,42.82881],[21.41719,42.82524],[21.41898,42.82075],[21.4179,42.8173],[21.42472,42.81063],[21.42267,42.81056],[21.42272,42.80581],[21.41376,42.80682],[21.41,42.8053],[21.40638,42.79466],[21.40722,42.79298],[21.41202,42.79266],[21.41332,42.79034],[21.40825,42.78773],[21.4097,42.7837],[21.40773,42.78195],[21.4113,42.7761],[21.40835,42.77207],[21.40758,42.7669],[21.40279,42.76728],[21.39676,42.7623],[21.3967,42.75935],[21.39451,42.758],[21.39493,42.7497],[21.39841,42.74483],[21.40866,42.74343],[21.41501,42.7461],[21.41795,42.74414],[21.42011,42.74619],[21.42633,42.74567],[21.43196,42.74814],[21.44108,42.74898],[21.44262,42.74735],[21.44909,42.75013],[21.45165,42.7451],[21.46327,42.73804],[21.4727,42.74741],[21.4776,42.74828],[21.48635,42.74218],[21.49779,42.7378],[21.50154,42.73353],[21.51139,42.73248],[21.513,42.72972],[21.54064,42.72307],[21.54226,42.72908],[21.55284,42.7313],[21.55437,42.7343],[21.55938,42.73772],[21.56179,42.73325],[21.56454,42.73154],[21.56636,42.73216],[21.57143,42.72782],[21.578,42.72873],[21.58126,42.7253],[21.58285,42.72769],[21.59232,42.72621],[21.59484,42.71156],[21.59129,42.70694],[21.59265,42.70334],[21.60021,42.70399],[21.60546,42.70219],[21.61118,42.69762],[21.62016,42.6971],[21.62395,42.6949],[21.62534,42.6967],[21.63009,42.69694],[21.6306,42.6997],[21.63295,42.70042],[21.63642,42.697],[21.63842,42.69822],[21.64057,42.69242],[21.64953,42.68593],[21.64972,42.67986],[21.66604,42.66522],[21.66797,42.66918],[21.67482,42.67123],[21.67562,42.6755],[21.6785,42.67664],[21.67696,42.68286],[21.67919,42.68693],[21.69169,42.69121],[21.68861,42.69553],[21.6911,42.70463],[21.69989,42.70609],[21.70316,42.70906],[21.69785,42.71013],[21.69869,42.71223],[21.70065,42.71248],[21.69864,42.71602],[21.69553,42.71741],[21.69501,42.72478],[21.69659,42.72775],[21.69365,42.73403],[21.69582,42.74046],[21.69104,42.74634],[21.69272,42.75001],[21.68651,42.7598],[21.67864,42.76168],[21.67687,42.76366],[21.68097,42.76753],[21.67993,42.77447],[21.67764,42.77497],[21.67639,42.77729],[21.67207,42.77789],[21.66823,42.78577],[21.66453,42.78759],[21.6595,42.78744],[21.65793,42.79308],[21.65349,42.7956],[21.6538,42.80242],[21.64929,42.80246],[21.64581,42.80755],[21.65106,42.80977],[21.66251,42.81123],[21.66489,42.8133],[21.6672,42.8124],[21.67136,42.81797],[21.67974,42.8179],[21.68245,42.81606],[21.68895,42.818],[21.68739,42.81962],[21.68772,42.82547],[21.68425,42.82634],[21.67846,42.83633],[21.66937,42.84013],[21.67579,42.84415],[21.67896,42.84933],[21.67923,42.85868],[21.67504,42.86606],[21.68004,42.86948],[21.67992,42.87611],[21.67278,42.88034],[21.67141,42.88466],[21.67197,42.89282],[21.66926,42.89483],[21.66352,42.89476],[21.6608,42.89686],[21.66039,42.9003],[21.65804,42.90164],[21.65798,42.90478],[21.65436,42.90982],[21.64559,42.90862],[21.64409,42.91046],[21.64052,42.9085],[21.63142,42.90733],[21.63308,42.91077],[21.62967,42.91258],[21.62307,42.93222],[21.61248,42.93044],[21.59666,42.93855],[21.58875,42.94045],[21.58213,42.9374],[21.57314,42.9398],[21.56164,42.93748],[21.56241,42.94225],[21.55775,42.94367],[21.55834,42.94742],[21.54983,42.96436],[21.53981,42.97711],[21.53279,42.97921]]]}},{"type":"Feature","properties":{"OBJECTID":58,"Value_e":"VLASOTINCE","Value_sl":"VLASOTINCE","Value_sc":"ВЛАСОТИНЦЕ","Municipality_DOM_ID":"70424","Region_DOM_ID":"20","SHAPE.STArea()":307882134.8391195,"SHAPE.STLength()":130022.79031058193},"geometry":{"type":"Polygon","coordinates":[[[22.22689,43.08012],[22.22636,43.07886],[22.22272,43.07893],[22.22166,43.07534],[22.21152,43.06666],[22.21196,43.06341],[22.21025,43.06332],[22.21166,43.06223],[22.21039,43.06187],[22.20678,43.06353],[22.20105,43.06238],[22.19244,43.06443],[22.18739,43.06349],[22.18557,43.06625],[22.18261,43.06484],[22.17936,43.06821],[22.17796,43.06499],[22.17585,43.06417],[22.17702,43.06327],[22.17435,43.06255],[22.17312,43.07141],[22.17141,43.07192],[22.15415,43.0714],[22.15153,43.06849],[22.14816,43.06758],[22.14235,43.06886],[22.14109,43.0667],[22.14256,43.06084],[22.13788,43.05874],[22.13454,43.05487],[22.12691,43.05564],[22.12338,43.05194],[22.11619,43.05168],[22.11672,43.04979],[22.11468,43.04732],[22.11167,43.04716],[22.11652,43.0443],[22.11656,43.04361],[22.10967,43.04509],[22.11188,43.04272],[22.10963,43.04074],[22.10374,43.04094],[22.10218,43.0394],[22.10348,43.03797],[22.09924,43.03591],[22.09866,43.03386],[22.08866,43.03244],[22.09037,43.02869],[22.08853,43.02734],[22.08364,43.02798],[22.07916,43.02663],[22.07981,43.02444],[22.07839,43.02228],[22.08486,43.02224],[22.08777,43.02379],[22.08719,43.01938],[22.09107,43.01157],[22.08583,43.00355],[22.08207,43.00191],[22.07886,43.0031],[22.07434,43.00184],[22.06278,43.00485],[22.05927,43.00364],[22.05913,42.99962],[22.05614,42.99883],[22.05385,42.99506],[22.05513,42.99235],[22.05188,42.99002],[22.05332,42.98697],[22.04786,42.98822],[22.03585,42.98274],[22.03821,42.97188],[22.03709,42.96983],[22.04,42.96557],[22.03637,42.95942],[22.0373,42.95103],[22.04253,42.95002],[22.04162,42.94621],[22.04476,42.94115],[22.05146,42.94122],[22.04982,42.93564],[22.054,42.92799],[22.05747,42.92751],[22.06105,42.92297],[22.06476,42.9218],[22.07513,42.92969],[22.08537,42.93072],[22.08323,42.9317],[22.08314,42.93402],[22.08527,42.93974],[22.08924,42.93832],[22.10351,42.94042],[22.1136,42.9396],[22.11133,42.93746],[22.11365,42.93685],[22.11427,42.93478],[22.11243,42.92983],[22.12098,42.92884],[22.12371,42.92425],[22.12225,42.92184],[22.12542,42.92011],[22.12904,42.92097],[22.13066,42.91937],[22.13193,42.92064],[22.1363,42.91948],[22.14568,42.90608],[22.16018,42.90343],[22.1606,42.89893],[22.16489,42.89355],[22.16749,42.89443],[22.16849,42.89093],[22.17484,42.89158],[22.17343,42.88989],[22.17817,42.88937],[22.17848,42.88695],[22.18099,42.88651],[22.18751,42.887],[22.19337,42.88977],[22.1971,42.88755],[22.20949,42.88601],[22.22564,42.89253],[22.22513,42.90334],[22.22908,42.90596],[22.22912,42.90985],[22.23217,42.91338],[22.23544,42.91372],[22.24156,42.90419],[22.26036,42.90834],[22.26109,42.91397],[22.26472,42.92044],[22.26412,42.9242],[22.26698,42.9268],[22.27521,42.92042],[22.2769,42.91438],[22.28358,42.91286],[22.28857,42.91239],[22.28953,42.91423],[22.29888,42.9187],[22.31408,42.9175],[22.32311,42.92134],[22.31981,42.9278],[22.30756,42.93452],[22.30267,42.94525],[22.30536,42.9473],[22.30516,42.94913],[22.31451,42.9481],[22.32065,42.94279],[22.33227,42.9396],[22.34148,42.93906],[22.34281,42.93741],[22.3544,42.94089],[22.36009,42.93905],[22.36605,42.93441],[22.38351,42.93933],[22.39033,42.9537],[22.38601,42.95549],[22.38764,42.95783],[22.36776,42.96632],[22.36001,42.97187],[22.35973,42.97408],[22.33616,42.9753],[22.33225,42.97836],[22.33019,42.9781],[22.3275,42.98124],[22.31763,42.98179],[22.31552,42.9834],[22.31806,42.98537],[22.31365,42.98732],[22.30596,42.98712],[22.30256,42.98556],[22.29951,42.98801],[22.29762,42.98716],[22.29295,42.98881],[22.2958,42.9917],[22.29448,42.99362],[22.28774,42.99417],[22.28525,42.99555],[22.28468,42.99912],[22.28096,42.99895],[22.28086,43.00012],[22.27554,42.99907],[22.26137,43.00003],[22.25616,42.99801],[22.25462,42.99403],[22.25172,42.99513],[22.24944,43.00089],[22.24444,43.00353],[22.24454,43.00645],[22.23867,43.00923],[22.23627,43.01317],[22.23018,43.01444],[22.22299,43.01253],[22.21947,43.01429],[22.21013,43.0152],[22.20899,43.01564],[22.20948,43.01913],[22.20025,43.02137],[22.19831,43.02456],[22.19482,43.02625],[22.2042,43.03452],[22.2162,43.0405],[22.21648,43.04286],[22.22058,43.04621],[22.23162,43.04943],[22.23204,43.05169],[22.24018,43.05286],[22.24322,43.05689],[22.24737,43.05736],[22.24802,43.05924],[22.25706,43.063],[22.257,43.06566],[22.24552,43.06818],[22.23837,43.07223],[22.23703,43.07515],[22.23133,43.07585],[22.22895,43.07972],[22.22689,43.08012]]]}},{"type":"Feature","properties":{"OBJECTID":59,"Value_e":"BOJNIK","Value_sl":"BOJNIK","Value_sc":"БОЈНИК","Municipality_DOM_ID":"70297","Region_DOM_ID":"20","SHAPE.STArea()":263833085.68627644,"SHAPE.STLength()":93756.87473765289},"geometry":{"type":"Polygon","coordinates":[[[21.78587,43.11525],[21.77028,43.10617],[21.76005,43.10522],[21.75057,43.1021],[21.74256,43.10302],[21.73169,43.10132],[21.72879,43.09647],[21.7297,43.09417],[21.71261,43.09017],[21.70805,43.08732],[21.69959,43.08681],[21.69161,43.08201],[21.69239,43.07643],[21.6871,43.0744],[21.68276,43.07006],[21.68024,43.07145],[21.67825,43.06844],[21.66741,43.06468],[21.65342,43.06158],[21.64822,43.06493],[21.64837,43.0668],[21.62755,43.06581],[21.62921,43.06253],[21.61759,43.05369],[21.61282,43.0458],[21.6096,43.04391],[21.60212,43.04375],[21.59093,43.03752],[21.59034,43.04023],[21.58809,43.04095],[21.58328,43.03865],[21.58115,43.03983],[21.57546,43.03838],[21.56772,43.04025],[21.53811,43.0338],[21.52983,43.03058],[21.52698,43.02658],[21.52828,43.02305],[21.51846,43.0197],[21.50685,43.00763],[21.49634,43.00697],[21.48753,43.00253],[21.48555,42.99892],[21.49327,42.99511],[21.50728,42.99483],[21.51051,42.9932],[21.51741,42.98644],[21.53981,42.97711],[21.54935,42.96445],[21.57276,42.96491],[21.57562,42.97007],[21.57886,42.9715],[21.57804,42.97317],[21.58827,42.97603],[21.59113,42.97348],[21.5943,42.97371],[21.5968,42.97177],[21.60355,42.97162],[21.60442,42.97308],[21.61674,42.96883],[21.63032,42.96248],[21.62946,42.95903],[21.638,42.95904],[21.64224,42.95396],[21.65305,42.9589],[21.66113,42.96057],[21.66788,42.96608],[21.66888,42.97042],[21.67187,42.9724],[21.67103,42.97424],[21.67667,42.97742],[21.67388,42.97893],[21.67532,42.98026],[21.67469,42.98435],[21.68547,42.97808],[21.68827,42.97368],[21.69443,42.97541],[21.70314,42.97227],[21.71113,42.97186],[21.71215,42.97299],[21.71459,42.97008],[21.71903,42.96906],[21.72042,42.97011],[21.72502,42.96748],[21.72735,42.96351],[21.72839,42.97038],[21.73131,42.97092],[21.73192,42.98101],[21.74071,42.97846],[21.73845,42.98242],[21.74427,42.98756],[21.74802,42.9844],[21.75081,42.98448],[21.76396,42.99107],[21.7703,42.98921],[21.77402,42.99088],[21.77585,42.98714],[21.78063,42.98397],[21.77988,42.98297],[21.78285,42.98206],[21.79288,42.99405],[21.79787,42.99654],[21.80009,42.99956],[21.80049,43.00481],[21.81371,43.0243],[21.81269,43.0249],[21.81753,43.02983],[21.81828,43.0364],[21.82068,43.04075],[21.82419,43.04225],[21.83869,43.04195],[21.84228,43.04562],[21.83874,43.05318],[21.83383,43.05807],[21.83333,43.07126],[21.83091,43.06984],[21.82569,43.07515],[21.81936,43.07679],[21.81504,43.08045],[21.81596,43.08665],[21.81353,43.08885],[21.81501,43.09197],[21.81403,43.0968],[21.80883,43.0978],[21.8043,43.10304],[21.80074,43.10065],[21.79525,43.10163],[21.79302,43.10801],[21.78659,43.11284],[21.78587,43.11525]]]}},{"type":"Feature","properties":{"OBJECTID":62,"Value_e":"LESKOVAC-GRAD","Value_sl":"LESKOVAC-GRAD","Value_sc":"ЛЕСКОВАЦ-ГРАД","Municipality_DOM_ID":"70726","Region_DOM_ID":"20","SHAPE.STArea()":1025089626.7031611,"SHAPE.STLength()":287137.9302772968},"geometry":{"type":"MultiPolygon","coordinates":[[[[21.89195,43.16644],[21.88932,43.17073],[21.88749,43.17039],[21.88464,43.16734],[21.88774,43.16302],[21.88619,43.16187],[21.88053,43.16247],[21.87324,43.16033],[21.86169,43.15094],[21.85543,43.14959],[21.85255,43.15139],[21.83282,43.15499],[21.82458,43.15284],[21.81139,43.15433],[21.80633,43.15045],[21.81451,43.14649],[21.81942,43.14019],[21.82072,43.13482],[21.8173,43.1339],[21.81547,43.13568],[21.80998,43.13569],[21.80508,43.13392],[21.80483,43.12545],[21.80023,43.12516],[21.79856,43.12207],[21.79154,43.11951],[21.7858,43.11476],[21.79302,43.10801],[21.79525,43.10163],[21.80074,43.10065],[21.8043,43.10304],[21.80883,43.0978],[21.81403,43.0968],[21.81501,43.09197],[21.81353,43.08885],[21.81596,43.08665],[21.81504,43.08045],[21.81936,43.07679],[21.82569,43.07515],[21.83091,43.06984],[21.83333,43.07126],[21.83383,43.05807],[21.83874,43.05318],[21.84228,43.04562],[21.83869,43.04195],[21.82419,43.04225],[21.82068,43.04075],[21.81828,43.0364],[21.81753,43.02983],[21.81269,43.0249],[21.81371,43.0243],[21.80049,43.00481],[21.80009,42.99956],[21.79067,42.99093],[21.8124,42.98912],[21.81935,42.99352],[21.82988,42.98937],[21.83564,42.98392],[21.84266,42.98034],[21.84979,42.97245],[21.85983,42.9675],[21.86103,42.96567],[21.85944,42.96518],[21.85982,42.96331],[21.8619,42.95998],[21.86019,42.95898],[21.86752,42.95388],[21.87403,42.94529],[21.88051,42.94116],[21.88592,42.93416],[21.89018,42.93127],[21.88919,42.93034],[21.89266,42.92616],[21.8801,42.9183],[21.87435,42.9192],[21.87111,42.91584],[21.86747,42.92003],[21.859,42.9161],[21.8591,42.9118],[21.85409,42.90763],[21.84535,42.91023],[21.84107,42.91309],[21.84001,42.91655],[21.83534,42.91334],[21.82759,42.90276],[21.82455,42.90329],[21.82263,42.9008],[21.82002,42.90048],[21.81206,42.90273],[21.80386,42.89363],[21.8,42.88113],[21.78429,42.87154],[21.77778,42.87127],[21.77513,42.86672],[21.77616,42.86375],[21.77895,42.86192],[21.77611,42.85882],[21.77913,42.85549],[21.78117,42.85543],[21.78145,42.85374],[21.77921,42.85078],[21.78038,42.84415],[21.77665,42.84083],[21.77561,42.83661],[21.77488,42.82328],[21.77688,42.81901],[21.78287,42.81817],[21.78372,42.81444],[21.77695,42.80688],[21.77518,42.80174],[21.76804,42.79973],[21.76578,42.80049],[21.7644,42.79858],[21.75923,42.79703],[21.76221,42.79499],[21.75996,42.78998],[21.76251,42.78929],[21.76019,42.78774],[21.75601,42.78908],[21.75467,42.7873],[21.75905,42.78009],[21.75963,42.77561],[21.75853,42.76948],[21.75466,42.76583],[21.75425,42.76338],[21.74832,42.76076],[21.74771,42.75587],[21.74219,42.74904],[21.73494,42.7458],[21.73231,42.74296],[21.73222,42.73848],[21.72948,42.73605],[21.72958,42.73359],[21.72359,42.73118],[21.72355,42.72618],[21.70777,42.72044],[21.70586,42.71268],[21.70968,42.7039],[21.70391,42.69468],[21.70451,42.69257],[21.70885,42.68991],[21.71801,42.68978],[21.72056,42.69239],[21.72336,42.69196],[21.72517,42.69531],[21.73329,42.69393],[21.73842,42.69508],[21.74669,42.70032],[21.75333,42.70099],[21.75642,42.70359],[21.77043,42.69884],[21.77642,42.69937],[21.77581,42.70317],[21.78591,42.71251],[21.78899,42.71878],[21.78698,42.72304],[21.78887,42.72589],[21.78855,42.73002],[21.78371,42.73515],[21.78606,42.74309],[21.79056,42.74455],[21.79375,42.74312],[21.79497,42.74679],[21.80276,42.74677],[21.80311,42.74788],[21.80095,42.74819],[21.80258,42.75175],[21.80037,42.7542],[21.8005,42.75686],[21.81238,42.75635],[21.81359,42.75904],[21.81798,42.76048],[21.81856,42.76265],[21.81642,42.76462],[21.81052,42.76459],[21.80773,42.7685],[21.81571,42.7756],[21.81888,42.77583],[21.82023,42.77912],[21.81897,42.78134],[21.82108,42.78423],[21.82882,42.7857],[21.85313,42.78499],[21.86638,42.78984],[21.86864,42.78791],[21.86742,42.78627],[21.87144,42.78414],[21.87496,42.78671],[21.88773,42.78718],[21.89638,42.79219],[21.91305,42.78939],[21.91582,42.78997],[21.91568,42.79256],[21.92294,42.79517],[21.9325,42.79355],[21.94136,42.79657],[21.94698,42.79048],[21.95507,42.79032],[21.95628,42.79217],[21.96166,42.79285],[21.96596,42.79913],[21.97146,42.80147],[21.9746,42.80142],[21.97531,42.79775],[21.97747,42.79583],[21.98368,42.80129],[21.98438,42.80507],[21.98248,42.8078],[21.98631,42.82066],[21.9898,42.82482],[21.99923,42.82663],[22.0028,42.82978],[22.0107,42.83012],[22.01144,42.82652],[22.01471,42.82444],[22.01633,42.82109],[22.01695,42.81304],[22.02191,42.81361],[22.02844,42.81191],[22.03204,42.81355],[22.04368,42.81402],[22.05022,42.81896],[22.06499,42.82453],[22.06777,42.8284],[22.07125,42.82968],[22.07863,42.83082],[22.08202,42.82833],[22.08744,42.82922],[22.09168,42.82574],[22.10306,42.83274],[22.1088,42.83214],[22.11237,42.82158],[22.11816,42.8167],[22.11765,42.81339],[22.1124,42.8086],[22.10164,42.8033],[22.11452,42.7964],[22.12927,42.79214],[22.13331,42.796],[22.13395,42.79497],[22.13954,42.79978],[22.14224,42.80021],[22.14137,42.80202],[22.1434,42.80397],[22.14569,42.80376],[22.14658,42.80639],[22.14903,42.80594],[22.15034,42.80924],[22.15341,42.81005],[22.16251,42.80784],[22.17422,42.80987],[22.18103,42.80757],[22.18449,42.80886],[22.19582,42.80498],[22.20285,42.80648],[22.20646,42.80567],[22.20724,42.80773],[22.21124,42.80721],[22.21272,42.80943],[22.21945,42.8067],[22.22891,42.80616],[22.22624,42.80889],[22.22329,42.80886],[22.21972,42.81303],[22.22008,42.81462],[22.21546,42.82141],[22.21555,42.82403],[22.21081,42.82649],[22.2134,42.82698],[22.2139,42.82798],[22.21139,42.82771],[22.21597,42.83088],[22.20905,42.83764],[22.20708,42.84171],[22.20334,42.84229],[22.20223,42.84089],[22.20076,42.84207],[22.1979,42.83824],[22.19719,42.84029],[22.19374,42.83746],[22.1936,42.8412],[22.18972,42.83726],[22.18449,42.83983],[22.18745,42.84364],[22.18999,42.8426],[22.19789,42.84584],[22.20173,42.85503],[22.20596,42.85243],[22.20825,42.85437],[22.20963,42.85714],[22.20784,42.8629],[22.21503,42.87208],[22.21789,42.87363],[22.2188,42.87667],[22.22197,42.87768],[22.22233,42.88161],[22.22017,42.88534],[22.22264,42.89092],[22.22447,42.89171],[22.22529,42.89248],[22.20949,42.88601],[22.1971,42.88755],[22.19337,42.88977],[22.18751,42.887],[22.18099,42.88651],[22.17848,42.88695],[22.17817,42.88937],[22.17343,42.88989],[22.17484,42.89158],[22.16849,42.89093],[22.16749,42.89443],[22.16489,42.89355],[22.1606,42.89893],[22.16018,42.90343],[22.14568,42.90608],[22.1363,42.91948],[22.13193,42.92064],[22.13066,42.91937],[22.12904,42.92097],[22.12542,42.92011],[22.12225,42.92184],[22.12371,42.92425],[22.12098,42.92884],[22.11243,42.92983],[22.11427,42.93478],[22.11365,42.93685],[22.11133,42.93746],[22.1136,42.9396],[22.10351,42.94042],[22.08924,42.93832],[22.08527,42.93974],[22.08314,42.93402],[22.08323,42.9317],[22.08537,42.93072],[22.07513,42.92969],[22.07076,42.92516],[22.06385,42.92166],[22.05747,42.92751],[22.05409,42.92791],[22.05052,42.93245],[22.04998,42.93804],[22.05132,42.94139],[22.04476,42.94115],[22.04162,42.94621],[22.04253,42.95002],[22.0373,42.95103],[22.03637,42.95942],[22.04,42.96557],[22.03709,42.96983],[22.03821,42.97188],[22.03585,42.98274],[22.04786,42.98822],[22.05332,42.98697],[22.05188,42.99002],[22.05513,42.99235],[22.05385,42.99506],[22.05614,42.99883],[22.05913,42.99962],[22.05927,43.00364],[22.06278,43.00485],[22.07434,43.00184],[22.07886,43.0031],[22.08207,43.00191],[22.08583,43.00355],[22.09107,43.01157],[22.08719,43.01938],[22.08777,43.02379],[22.08486,43.02224],[22.07839,43.02228],[22.07981,43.02444],[22.07916,43.02663],[22.08364,43.02798],[22.08853,43.02734],[22.09037,43.02869],[22.08866,43.03244],[22.09866,43.03386],[22.09924,43.03591],[22.10348,43.03797],[22.10218,43.0394],[22.10374,43.04094],[22.10963,43.04074],[22.11188,43.04272],[22.10967,43.04509],[22.11656,43.04361],[22.11167,43.04716],[22.11468,43.04732],[22.11672,43.04979],[22.11619,43.05168],[22.12338,43.05194],[22.12691,43.05564],[22.13454,43.05487],[22.13788,43.05874],[22.14256,43.06084],[22.1411,43.06743],[22.14294,43.07064],[22.13921,43.07437],[22.14012,43.07777],[22.13619,43.08388],[22.13049,43.08575],[22.12591,43.09059],[22.11105,43.09555],[22.09707,43.11014],[22.09398,43.10655],[22.08986,43.10762],[22.08111,43.11297],[22.07554,43.11852],[22.06715,43.12096],[22.06359,43.12563],[22.05934,43.12747],[22.06222,43.13011],[22.06122,43.13163],[22.05122,43.1361],[22.04445,43.14389],[22.03851,43.14215],[22.03972,43.14864],[22.03366,43.15717],[22.02851,43.15867],[22.02804,43.16328],[22.02575,43.16313],[22.02176,43.15568],[22.01726,43.15257],[22.01297,43.15618],[22.00131,43.15852],[21.98246,43.16675],[21.97963,43.16386],[21.9798,43.16009],[21.97666,43.16217],[21.9743,43.15798],[21.96956,43.15423],[21.96781,43.15502],[21.96424,43.15287],[21.94627,43.14842],[21.94448,43.14925],[21.94603,43.15166],[21.94403,43.15415],[21.9445,43.15621],[21.94117,43.15738],[21.93417,43.1486],[21.93111,43.14172],[21.92423,43.13844],[21.91398,43.13622],[21.9123,43.13667],[21.91156,43.13959],[21.91542,43.14643],[21.91443,43.14981],[21.90343,43.16087],[21.89195,43.16644]]],[[[22.18443,42.80428],[22.1695,42.80515],[22.16332,42.80138],[22.16062,42.797],[22.17078,42.78944],[22.17859,42.78774],[22.18305,42.78211],[22.18698,42.78026],[22.19819,42.78817],[22.19491,42.79451],[22.19544,42.79667],[22.1882,42.80007],[22.18443,42.80428]]]]}},{"type":"Feature","properties":{"OBJECTID":103,"Value_e":"REKOVAC","Value_sl":"REKOVAC","Value_sc":"РЕКОВАЦ","Municipality_DOM_ID":"71030","Region_DOM_ID":"21","SHAPE.STArea()":365963723.33273727,"SHAPE.STLength()":115146.35976988087},"geometry":{"type":"Polygon","coordinates":[[[21.05687,43.92351],[21.04236,43.92841],[21.04372,43.9306],[21.04246,43.93134],[21.0358,43.9264],[21.02488,43.92596],[21.02058,43.92155],[21.01399,43.92304],[21.01555,43.91688],[21.01272,43.91499],[21.0142,43.91416],[21.01421,43.91103],[21.01149,43.90691],[21.01726,43.90402],[21.01776,43.90048],[21.01567,43.89744],[21.01832,43.89467],[21.02575,43.8944],[21.02838,43.89156],[21.03321,43.89063],[21.02548,43.88426],[21.02772,43.87752],[21.02055,43.87705],[21.01606,43.87933],[21.01179,43.86922],[21.00756,43.86388],[20.98925,43.8571],[20.97811,43.85631],[20.97239,43.85395],[20.96949,43.84931],[20.96321,43.8472],[20.95811,43.84326],[20.95683,43.83964],[20.95793,43.83243],[20.95264,43.82785],[20.94412,43.82706],[20.93528,43.83132],[20.92905,43.8294],[20.92484,43.83105],[20.92616,43.82356],[20.9233,43.82039],[20.92706,43.81525],[20.92674,43.80795],[20.93007,43.80087],[20.93357,43.79857],[20.93172,43.79462],[20.9332,43.79372],[20.93313,43.79031],[20.93842,43.78816],[20.93989,43.78443],[20.93949,43.78002],[20.93563,43.7753],[20.93832,43.77366],[20.94508,43.77426],[20.9481,43.77298],[20.95091,43.76867],[20.95573,43.76778],[20.95791,43.76389],[20.96179,43.76209],[20.95958,43.75666],[20.95659,43.75614],[20.96331,43.75391],[20.96735,43.75051],[20.97087,43.74677],[20.97185,43.74253],[20.97544,43.7441],[20.97627,43.74617],[20.9827,43.74802],[20.98941,43.74554],[20.99371,43.74836],[20.99283,43.74953],[20.99681,43.75405],[21.00545,43.75592],[21.00804,43.75408],[21.00796,43.74848],[21.0145,43.749],[21.01655,43.74693],[21.02394,43.74691],[21.02326,43.74564],[21.03222,43.74124],[21.03896,43.74598],[21.04124,43.74532],[21.04143,43.74353],[21.04574,43.74279],[21.0488,43.73951],[21.05025,43.74085],[21.05647,43.73984],[21.05682,43.742],[21.0588,43.73999],[21.0618,43.74151],[21.06644,43.73933],[21.06818,43.73601],[21.07372,43.73406],[21.0733,43.73261],[21.07755,43.73083],[21.07774,43.72924],[21.08709,43.73183],[21.08816,43.73307],[21.087,43.73596],[21.08985,43.7367],[21.0951,43.7355],[21.10066,43.73645],[21.1056,43.73407],[21.10887,43.72966],[21.1129,43.72981],[21.11777,43.72665],[21.12212,43.72637],[21.124,43.72876],[21.12942,43.7308],[21.13797,43.72984],[21.13784,43.73297],[21.1422,43.73187],[21.14626,43.73439],[21.151,43.73472],[21.14355,43.7426],[21.14461,43.74379],[21.14309,43.7464],[21.14377,43.75717],[21.14589,43.75854],[21.14383,43.76625],[21.14546,43.7708],[21.15128,43.77309],[21.16504,43.76283],[21.17509,43.76462],[21.17449,43.75973],[21.17746,43.76138],[21.17508,43.75758],[21.17935,43.7542],[21.18061,43.75715],[21.18427,43.75757],[21.18833,43.7627],[21.19431,43.76449],[21.19176,43.766],[21.19211,43.7678],[21.197,43.76696],[21.2001,43.76818],[21.19886,43.77071],[21.20538,43.76496],[21.20677,43.76737],[21.20862,43.76688],[21.21096,43.77143],[21.21294,43.77034],[21.21871,43.77316],[21.22374,43.77994],[21.22526,43.78005],[21.22372,43.78357],[21.22559,43.78481],[21.24247,43.7864],[21.24903,43.78934],[21.25039,43.79345],[21.25291,43.79432],[21.25331,43.80347],[21.25494,43.80684],[21.2645,43.81205],[21.26635,43.81506],[21.25914,43.82135],[21.25843,43.82791],[21.26053,43.83023],[21.26083,43.84097],[21.23538,43.84789],[21.23293,43.84918],[21.23232,43.85243],[21.22898,43.85355],[21.22498,43.84993],[21.22328,43.85083],[21.224,43.85325],[21.22553,43.85344],[21.22431,43.85452],[21.22141,43.85232],[21.21588,43.85726],[21.21147,43.8568],[21.21394,43.85958],[21.20873,43.86068],[21.21026,43.86311],[21.20378,43.86517],[21.20093,43.86779],[21.20004,43.86662],[21.19709,43.86967],[21.19465,43.86917],[21.19342,43.87191],[21.19075,43.86966],[21.18975,43.87161],[21.18174,43.87483],[21.17962,43.88228],[21.17699,43.88392],[21.1666,43.88495],[21.15525,43.88829],[21.1501,43.88834],[21.14028,43.8851],[21.13343,43.88546],[21.13156,43.88694],[21.13281,43.89113],[21.13488,43.89185],[21.13423,43.89311],[21.1195,43.89583],[21.11759,43.89774],[21.11787,43.9021],[21.11396,43.90268],[21.11565,43.90742],[21.11739,43.90829],[21.11632,43.91364],[21.10627,43.9133],[21.10071,43.90992],[21.08267,43.91604],[21.0714,43.91357],[21.06418,43.91692],[21.05687,43.92351]]]}},{"type":"Feature","properties":{"OBJECTID":105,"Value_e":"PARAĆIN","Value_sl":"PARAĆIN","Value_sc":"ПАРАЋИН","Municipality_DOM_ID":"70904","Region_DOM_ID":"21","SHAPE.STArea()":540592901.8683704,"SHAPE.STLength()":168337.43330795248},"geometry":{"type":"Polygon","coordinates":[[[21.60261,43.97592],[21.59602,43.97642],[21.59179,43.97872],[21.59031,43.98249],[21.58203,43.98626],[21.57934,43.98472],[21.57812,43.98575],[21.57054,43.98093],[21.56583,43.97987],[21.56459,43.97761],[21.55962,43.97743],[21.56004,43.97525],[21.55445,43.974],[21.55196,43.97052],[21.53639,43.96733],[21.52603,43.96145],[21.51361,43.95811],[21.50518,43.95306],[21.49632,43.95153],[21.48852,43.94708],[21.48192,43.94731],[21.48241,43.9458],[21.47905,43.94414],[21.47591,43.9434],[21.47713,43.94418],[21.47151,43.94573],[21.47058,43.94371],[21.46164,43.94305],[21.45517,43.9435],[21.45087,43.9461],[21.44117,43.94189],[21.43124,43.94077],[21.42079,43.94231],[21.42098,43.94008],[21.41511,43.93936],[21.41379,43.93668],[21.41515,43.9346],[21.4139,43.93394],[21.42079,43.93206],[21.42248,43.93287],[21.42551,43.93105],[21.43356,43.93173],[21.44909,43.92906],[21.44973,43.93153],[21.45153,43.93201],[21.47017,43.93152],[21.46736,43.92433],[21.46876,43.92383],[21.4664,43.92366],[21.46896,43.91714],[21.48324,43.91344],[21.48185,43.90772],[21.4691,43.89805],[21.46249,43.89677],[21.4559,43.90027],[21.45523,43.89846],[21.45063,43.89645],[21.45258,43.89378],[21.44353,43.88985],[21.42988,43.89078],[21.40969,43.8979],[21.38413,43.89758],[21.38168,43.89324],[21.37602,43.89133],[21.37713,43.88688],[21.37428,43.88721],[21.37193,43.88425],[21.36995,43.88581],[21.36036,43.88476],[21.35949,43.88581],[21.35266,43.88275],[21.35046,43.87629],[21.34276,43.87776],[21.34077,43.87993],[21.34127,43.88175],[21.35247,43.89478],[21.35253,43.90028],[21.33939,43.89357],[21.3385,43.88998],[21.34007,43.88699],[21.33732,43.88572],[21.33584,43.8856],[21.33564,43.88733],[21.32905,43.88733],[21.32152,43.88323],[21.30454,43.88086],[21.29803,43.88404],[21.28577,43.88302],[21.27895,43.88403],[21.27587,43.87928],[21.26594,43.87116],[21.26705,43.86061],[21.27037,43.85383],[21.27564,43.85307],[21.27866,43.85455],[21.28403,43.85202],[21.28303,43.84413],[21.28866,43.84046],[21.28538,43.83928],[21.28475,43.83458],[21.28707,43.83357],[21.28426,43.83241],[21.28197,43.82899],[21.28269,43.8199],[21.2784,43.81532],[21.27824,43.81274],[21.27619,43.81213],[21.27663,43.80479],[21.27188,43.80373],[21.27183,43.79742],[21.26682,43.79523],[21.26778,43.79102],[21.27128,43.78707],[21.27802,43.78556],[21.28004,43.78361],[21.28183,43.78443],[21.28479,43.78195],[21.29267,43.78285],[21.29304,43.78429],[21.29464,43.78255],[21.29645,43.78425],[21.30362,43.7838],[21.3262,43.78666],[21.32529,43.7911],[21.33201,43.79052],[21.33239,43.79574],[21.33472,43.78901],[21.33769,43.78832],[21.33605,43.7905],[21.34493,43.79332],[21.34788,43.79593],[21.35686,43.79693],[21.36676,43.79586],[21.37145,43.79326],[21.3722,43.79129],[21.3652,43.78249],[21.37358,43.77277],[21.37789,43.77399],[21.37913,43.78258],[21.38165,43.78556],[21.39158,43.78618],[21.39473,43.78455],[21.39659,43.78114],[21.39265,43.77367],[21.38614,43.77151],[21.37679,43.76393],[21.36982,43.76165],[21.36806,43.76019],[21.36853,43.75837],[21.37433,43.75604],[21.37555,43.75612],[21.37526,43.75809],[21.38086,43.7547],[21.38432,43.75457],[21.38398,43.75595],[21.3871,43.75585],[21.39184,43.75997],[21.39365,43.76522],[21.40275,43.76907],[21.40799,43.76386],[21.40444,43.76068],[21.39952,43.76009],[21.3974,43.7526],[21.40234,43.74895],[21.4074,43.74806],[21.41202,43.74321],[21.41181,43.73802],[21.41364,43.73799],[21.41978,43.74001],[21.42076,43.74347],[21.4249,43.74661],[21.4281,43.74669],[21.42753,43.74905],[21.43725,43.75264],[21.44426,43.75189],[21.44454,43.75463],[21.45301,43.75991],[21.47997,43.76725],[21.48403,43.77921],[21.50409,43.78391],[21.50878,43.78815],[21.50915,43.79536],[21.51776,43.79249],[21.52056,43.78943],[21.52038,43.79075],[21.52551,43.79458],[21.53127,43.79567],[21.53616,43.79998],[21.55227,43.80816],[21.5567,43.80858],[21.55499,43.80992],[21.55732,43.81147],[21.5621,43.80961],[21.56738,43.81144],[21.58329,43.81063],[21.58928,43.81557],[21.59845,43.8149],[21.61294,43.81059],[21.61459,43.8088],[21.63422,43.81149],[21.64902,43.81526],[21.6566,43.81887],[21.65299,43.82154],[21.65276,43.82424],[21.67272,43.83373],[21.67706,43.84158],[21.67764,43.84727],[21.68897,43.85724],[21.69156,43.85787],[21.69435,43.86319],[21.69383,43.86785],[21.68763,43.87383],[21.68779,43.87638],[21.6759,43.88193],[21.67644,43.88771],[21.68217,43.89574],[21.67858,43.90459],[21.68914,43.90879],[21.68836,43.91043],[21.69073,43.91463],[21.70432,43.91381],[21.70598,43.91515],[21.70992,43.91365],[21.71127,43.91862],[21.7143,43.92056],[21.73101,43.91756],[21.7353,43.92189],[21.73973,43.9233],[21.74321,43.93228],[21.73855,43.93608],[21.73808,43.9435],[21.73517,43.94797],[21.73683,43.95158],[21.7476,43.95694],[21.74211,43.95588],[21.72775,43.9593],[21.71975,43.96371],[21.71298,43.96384],[21.70709,43.96955],[21.69687,43.97166],[21.67881,43.97279],[21.67825,43.9708],[21.67014,43.97019],[21.66348,43.9666],[21.65336,43.97161],[21.63176,43.97558],[21.61524,43.96643],[21.60986,43.97009],[21.60348,43.9707],[21.60261,43.97592]]]}},{"type":"Feature","properties":{"OBJECTID":108,"Value_e":"ĆUPRIJA","Value_sl":"ĆUPRIJA","Value_sc":"ЋУПРИЈА","Municipality_DOM_ID":"71200","Region_DOM_ID":"21","SHAPE.STArea()":288268868.66073006,"SHAPE.STLength()":132555.83059381516},"geometry":{"type":"Polygon","coordinates":[[[21.39774,44.063],[21.38443,44.06662],[21.36973,44.06124],[21.37115,44.05712],[21.36956,44.05633],[21.36773,44.05884],[21.36719,44.05654],[21.37007,44.05265],[21.36851,44.05028],[21.37066,44.04989],[21.36988,44.04828],[21.37119,44.0479],[21.36813,44.04578],[21.36887,44.0443],[21.3646,44.04373],[21.36955,44.03863],[21.36672,44.03915],[21.36387,44.0376],[21.36529,44.03606],[21.36035,44.03794],[21.35704,44.03529],[21.35183,44.03946],[21.34908,44.03909],[21.35,44.04066],[21.34462,44.0394],[21.34594,44.0377],[21.34338,44.03672],[21.34314,44.03876],[21.33853,44.03733],[21.3337,44.03345],[21.33472,44.03079],[21.32832,44.02824],[21.32408,44.02908],[21.32424,44.025],[21.32056,44.02448],[21.31832,44.02104],[21.31494,44.01929],[21.30822,44.01911],[21.29649,44.00897],[21.29728,44.0056],[21.30483,44.00505],[21.30677,44.00063],[21.31113,43.998],[21.31722,44.00175],[21.32107,43.99809],[21.32468,43.99975],[21.32896,43.99767],[21.33244,44.00229],[21.33353,44.00093],[21.33133,43.99878],[21.33122,43.99581],[21.32363,43.99543],[21.32126,43.99207],[21.32481,43.99013],[21.33778,43.99011],[21.33509,43.98649],[21.33474,43.97634],[21.33753,43.97271],[21.34164,43.97195],[21.3386,43.96992],[21.33963,43.96858],[21.33296,43.96373],[21.32751,43.96501],[21.32695,43.96314],[21.32421,43.96429],[21.32144,43.96255],[21.31158,43.96383],[21.30118,43.96008],[21.30995,43.95401],[21.30179,43.95257],[21.30551,43.94941],[21.31206,43.94683],[21.31832,43.95209],[21.31924,43.94678],[21.33317,43.93924],[21.33124,43.9385],[21.33234,43.93636],[21.32833,43.93496],[21.32251,43.93355],[21.32087,43.93629],[21.31428,43.93243],[21.30418,43.93007],[21.30384,43.92593],[21.29643,43.92153],[21.29626,43.91989],[21.29027,43.91849],[21.29003,43.91632],[21.2836,43.9141],[21.28216,43.90904],[21.27945,43.90663],[21.27212,43.90715],[21.26429,43.90407],[21.27122,43.89936],[21.27274,43.89503],[21.27769,43.89086],[21.28121,43.88399],[21.29803,43.88404],[21.30454,43.88086],[21.32152,43.88323],[21.32905,43.88733],[21.33564,43.88733],[21.33584,43.8856],[21.33732,43.88572],[21.34007,43.88699],[21.3385,43.88998],[21.33939,43.89357],[21.35253,43.90028],[21.35247,43.89478],[21.34069,43.88033],[21.34276,43.87776],[21.34991,43.87617],[21.35266,43.88275],[21.35865,43.88548],[21.36995,43.88581],[21.37193,43.88425],[21.37428,43.88721],[21.37713,43.88688],[21.37602,43.89133],[21.38168,43.89324],[21.38413,43.89758],[21.40969,43.8979],[21.41699,43.89618],[21.42521,43.89192],[21.44228,43.88951],[21.45258,43.89378],[21.45063,43.89645],[21.45523,43.89846],[21.4559,43.90027],[21.46249,43.89677],[21.4691,43.89805],[21.48185,43.90772],[21.48324,43.91344],[21.46896,43.91714],[21.4664,43.92366],[21.46876,43.92383],[21.46736,43.92433],[21.47017,43.93152],[21.45153,43.93201],[21.44973,43.93153],[21.44909,43.92906],[21.43356,43.93173],[21.42551,43.93105],[21.42248,43.93287],[21.42079,43.93206],[21.4139,43.93394],[21.41515,43.9346],[21.41379,43.93668],[21.41499,43.93926],[21.42098,43.94008],[21.42079,43.94231],[21.43124,43.94077],[21.44117,43.94189],[21.45087,43.9461],[21.45517,43.9435],[21.46164,43.94305],[21.47058,43.94371],[21.47108,43.94545],[21.47343,43.94581],[21.47713,43.94418],[21.47591,43.9434],[21.48124,43.9448],[21.48192,43.94731],[21.48852,43.94708],[21.49632,43.95153],[21.50518,43.95306],[21.51361,43.95811],[21.52603,43.96145],[21.53639,43.96733],[21.55196,43.97052],[21.55445,43.974],[21.56004,43.97525],[21.55962,43.97743],[21.56459,43.97761],[21.56583,43.97987],[21.57139,43.98209],[21.56919,43.98563],[21.56492,43.98719],[21.56163,43.97985],[21.55639,43.9803],[21.5564,43.98195],[21.55819,43.98241],[21.55473,43.98715],[21.55146,43.98891],[21.55983,43.99216],[21.56448,44.00069],[21.57084,44.00388],[21.57764,44.00426],[21.58409,44.01068],[21.58392,44.01235],[21.57643,44.01595],[21.56891,44.02203],[21.56914,44.02678],[21.56733,44.02894],[21.55838,44.02457],[21.54543,44.0256],[21.53974,44.02998],[21.53227,44.02982],[21.51415,44.04182],[21.51035,44.04231],[21.50872,44.04052],[21.50712,44.04135],[21.50123,44.03932],[21.50058,44.04085],[21.49978,44.03957],[21.49864,44.04445],[21.49387,44.04536],[21.48671,44.04397],[21.48801,44.04094],[21.48642,44.04054],[21.48198,44.04114],[21.48233,44.04277],[21.47437,44.04118],[21.46672,44.0428],[21.46422,44.04158],[21.44805,44.04541],[21.43724,44.04614],[21.4372,44.04761],[21.43341,44.04871],[21.42857,44.05301],[21.42467,44.06075],[21.42228,44.05985],[21.41736,44.06389],[21.40402,44.06495],[21.39774,44.063]]]}},{"type":"Feature","properties":{"OBJECTID":111,"Value_e":"JAGODINA-GRAD","Value_sl":"JAGODINA-GRAD","Value_sc":"ЈАГОДИНА-ГРАД","Municipality_DOM_ID":"71048","Region_DOM_ID":"21","SHAPE.STArea()":469537059.74952096,"SHAPE.STLength()":173063.4473174234},"geometry":{"type":"Polygon","coordinates":[[[21.29659,44.12238],[21.29884,44.12459],[21.29732,44.12563],[21.28969,44.11936],[21.28248,44.12185],[21.28089,44.12019],[21.27852,44.12055],[21.28015,44.11946],[21.27553,44.11948],[21.276,44.12123],[21.27193,44.11939],[21.26829,44.12234],[21.26588,44.12192],[21.2692,44.11997],[21.2661,44.11732],[21.26735,44.11322],[21.26944,44.11451],[21.27398,44.11292],[21.27142,44.11282],[21.27118,44.11115],[21.26511,44.1073],[21.2651,44.10269],[21.2602,44.09633],[21.26162,44.09464],[21.25964,44.09479],[21.25986,44.09331],[21.25741,44.09446],[21.25333,44.09263],[21.24482,44.09266],[21.24398,44.09071],[21.23896,44.09046],[21.23955,44.08841],[21.23719,44.08934],[21.23476,44.08788],[21.2334,44.08935],[21.23211,44.08728],[21.22871,44.08652],[21.22881,44.08284],[21.22637,44.07899],[21.23203,44.0765],[21.23297,44.07183],[21.20821,44.06522],[21.20024,44.06593],[21.19446,44.07244],[21.18901,44.08603],[21.19117,44.09035],[21.17496,44.09001],[21.17074,44.09243],[21.17156,44.09452],[21.17581,44.09631],[21.19232,44.09464],[21.1939,44.09789],[21.19987,44.10214],[21.19945,44.1044],[21.19576,44.1068],[21.18452,44.10491],[21.18017,44.10679],[21.17976,44.11323],[21.18412,44.11843],[21.18221,44.12339],[21.15432,44.12258],[21.1523,44.11969],[21.15447,44.11621],[21.14272,44.11163],[21.14273,44.1057],[21.1377,44.10162],[21.13815,44.09986],[21.13373,44.09947],[21.13619,44.097],[21.13159,44.09726],[21.128,44.09334],[21.12015,44.0905],[21.11781,44.09393],[21.11362,44.09283],[21.10844,44.08832],[21.09552,44.08539],[21.08127,44.079],[21.08579,44.06974],[21.08792,44.07063],[21.08977,44.06863],[21.09129,44.07028],[21.09535,44.06981],[21.09901,44.06305],[21.11047,44.06141],[21.10631,44.05534],[21.108,44.05111],[21.11057,44.05064],[21.11148,44.04761],[21.11476,44.04666],[21.11373,44.04436],[21.11492,44.04247],[21.11161,44.04083],[21.10926,44.0342],[21.10573,44.03151],[21.10516,44.02473],[21.09828,44.01883],[21.09749,44.01153],[21.08941,44.01116],[21.08409,44.01433],[21.07317,44.01699],[21.06898,44.01512],[21.07251,44.01138],[21.07075,44.01091],[21.06937,44.01328],[21.06783,44.01233],[21.06857,44.01024],[21.06324,44.01104],[21.06776,44.00641],[21.06745,44.0047],[21.06117,44.00678],[21.06098,44.00162],[21.05649,44.00512],[21.04861,44.00495],[21.0476,44.00329],[21.04826,43.99689],[21.05287,43.98762],[21.06581,43.97903],[21.06792,43.97688],[21.07074,43.96809],[21.07705,43.96322],[21.06663,43.95678],[21.06481,43.95708],[21.06404,43.9544],[21.05952,43.95545],[21.05806,43.95822],[21.04944,43.95699],[21.05608,43.94957],[21.05337,43.94256],[21.05587,43.94122],[21.05504,43.93954],[21.05869,43.93741],[21.0588,43.92812],[21.06081,43.92654],[21.05802,43.92591],[21.05743,43.92228],[21.0714,43.91357],[21.08267,43.91604],[21.10071,43.90992],[21.10627,43.9133],[21.11632,43.91364],[21.11739,43.90829],[21.11565,43.90742],[21.11396,43.90268],[21.11787,43.9021],[21.11759,43.89774],[21.1195,43.89583],[21.13423,43.89311],[21.13488,43.89185],[21.13281,43.89113],[21.13156,43.88694],[21.13343,43.88546],[21.14028,43.8851],[21.1501,43.88834],[21.15525,43.88829],[21.1666,43.88495],[21.17699,43.88392],[21.17962,43.88228],[21.18174,43.87483],[21.18975,43.87161],[21.19075,43.86966],[21.19342,43.87191],[21.19465,43.86917],[21.19709,43.86967],[21.20004,43.86662],[21.20093,43.86779],[21.20378,43.86517],[21.21026,43.86311],[21.20873,43.86068],[21.21394,43.85958],[21.21147,43.8568],[21.21588,43.85726],[21.22141,43.85232],[21.22431,43.85452],[21.22553,43.85344],[21.224,43.85325],[21.22328,43.85083],[21.22498,43.84993],[21.22898,43.85355],[21.23232,43.85243],[21.23293,43.84918],[21.23538,43.84789],[21.26083,43.84097],[21.26085,43.84483],[21.26555,43.8486],[21.26846,43.8537],[21.27037,43.85383],[21.26705,43.86061],[21.26594,43.87116],[21.27587,43.87928],[21.27685,43.88248],[21.28103,43.88411],[21.27769,43.89086],[21.27274,43.89503],[21.27122,43.89936],[21.26429,43.90407],[21.27212,43.90715],[21.27945,43.90663],[21.28216,43.90904],[21.2836,43.9141],[21.29003,43.91632],[21.29027,43.91849],[21.29626,43.91989],[21.29643,43.92153],[21.30384,43.92593],[21.30418,43.93007],[21.30589,43.9309],[21.31428,43.93243],[21.32087,43.93629],[21.32251,43.93355],[21.33234,43.93636],[21.33124,43.9385],[21.33317,43.93924],[21.33217,43.94066],[21.31924,43.94678],[21.31832,43.95209],[21.31206,43.94683],[21.30551,43.94941],[21.30179,43.95257],[21.30995,43.95401],[21.30118,43.96008],[21.31158,43.96383],[21.32144,43.96255],[21.32421,43.96429],[21.32695,43.96314],[21.32751,43.96501],[21.33296,43.96373],[21.34149,43.97111],[21.33628,43.97375],[21.33457,43.97718],[21.33509,43.98649],[21.33778,43.99011],[21.32481,43.99013],[21.32126,43.99207],[21.32363,43.99543],[21.33122,43.99581],[21.33133,43.99878],[21.33353,44.00093],[21.33244,44.00229],[21.32896,43.99767],[21.32468,43.99975],[21.32107,43.99809],[21.31722,44.00175],[21.31113,43.998],[21.30677,44.00063],[21.30483,44.00505],[21.29728,44.0056],[21.29649,44.00897],[21.30822,44.01911],[21.31494,44.01929],[21.31832,44.02104],[21.32056,44.02448],[21.32424,44.025],[21.32408,44.02908],[21.32832,44.02824],[21.33472,44.03079],[21.3337,44.03345],[21.33853,44.03733],[21.34314,44.03876],[21.34338,44.03672],[21.34594,44.0377],[21.34462,44.0394],[21.35,44.04066],[21.34908,44.03909],[21.35183,44.03946],[21.35704,44.03529],[21.36035,44.03794],[21.36529,44.03606],[21.36387,44.0376],[21.36672,44.03915],[21.36955,44.03863],[21.3646,44.04373],[21.36887,44.0443],[21.36813,44.04578],[21.37119,44.0479],[21.36988,44.04828],[21.37066,44.04989],[21.36851,44.05028],[21.37007,44.05265],[21.36761,44.0551],[21.36739,44.06007],[21.36547,44.05866],[21.36339,44.05948],[21.35963,44.06417],[21.35581,44.06303],[21.35125,44.06677],[21.34693,44.07342],[21.33858,44.07626],[21.32217,44.07949],[21.31813,44.07821],[21.31375,44.0808],[21.30852,44.08099],[21.30761,44.08209],[21.30901,44.0834],[21.30764,44.08266],[21.30324,44.08896],[21.30638,44.08885],[21.30243,44.09025],[21.30169,44.09113],[21.30325,44.09166],[21.3014,44.09311],[21.30672,44.09382],[21.30323,44.09629],[21.30713,44.09693],[21.30278,44.09889],[21.30449,44.10019],[21.30732,44.09915],[21.30587,44.10122],[21.30831,44.10308],[21.30579,44.10368],[21.30773,44.10588],[21.31203,44.10661],[21.30793,44.10645],[21.30788,44.11015],[21.29697,44.11908],[21.29659,44.12238]]]}},{"type":"Feature","properties":{"OBJECTID":117,"Value_e":"DESPOTOVAC","Value_sl":"DESPOTOVAC","Value_sc":"ДЕСПОТОВАЦ","Municipality_DOM_ID":"70491","Region_DOM_ID":"21","SHAPE.STArea()":623185748.2209622,"SHAPE.STLength()":182964.89472493742},"geometry":{"type":"Polygon","coordinates":[[[21.44888,44.21582],[21.43886,44.21642],[21.43852,44.21819],[21.43524,44.21597],[21.42365,44.21574],[21.42146,44.21841],[21.41519,44.21732],[21.41297,44.21486],[21.41043,44.21704],[21.40482,44.21254],[21.39775,44.21066],[21.40928,44.20344],[21.4039,44.20069],[21.40271,44.19585],[21.39514,44.18859],[21.39497,44.18212],[21.38832,44.17443],[21.38809,44.17154],[21.39138,44.17039],[21.39015,44.16862],[21.39304,44.16647],[21.3938,44.16296],[21.39102,44.16344],[21.39272,44.162],[21.3913,44.15895],[21.39289,44.15792],[21.39012,44.15445],[21.39029,44.14747],[21.38884,44.14491],[21.3899,44.14389],[21.3859,44.14402],[21.37685,44.14829],[21.37604,44.14947],[21.37757,44.14981],[21.37471,44.15095],[21.37624,44.15434],[21.36766,44.1627],[21.368,44.1644],[21.36625,44.16488],[21.36409,44.16898],[21.36338,44.16794],[21.3627,44.17143],[21.36053,44.16946],[21.35649,44.17031],[21.35231,44.16881],[21.34972,44.16652],[21.3494,44.16815],[21.34699,44.16849],[21.34792,44.1672],[21.34528,44.16632],[21.3465,44.16377],[21.33473,44.16493],[21.33209,44.16845],[21.32745,44.16978],[21.32853,44.17249],[21.32577,44.17237],[21.32085,44.17612],[21.31871,44.18055],[21.31524,44.18122],[21.31438,44.18009],[21.31853,44.17754],[21.31176,44.17922],[21.30409,44.17456],[21.30768,44.17199],[21.30457,44.16634],[21.30563,44.16683],[21.29912,44.16251],[21.29531,44.15623],[21.296,44.15382],[21.27574,44.13347],[21.26289,44.12839],[21.26259,44.12993],[21.26074,44.12997],[21.2623,44.1324],[21.25377,44.12809],[21.26002,44.1259],[21.2601,44.12051],[21.2635,44.12068],[21.26324,44.11925],[21.268,44.11993],[21.26879,44.11852],[21.26855,44.12151],[21.26588,44.12192],[21.26829,44.12234],[21.27193,44.11939],[21.276,44.12123],[21.27553,44.11948],[21.28015,44.11946],[21.27852,44.12055],[21.28089,44.12019],[21.28248,44.12185],[21.28969,44.11936],[21.29824,44.12507],[21.29573,44.12215],[21.29697,44.11908],[21.30778,44.11027],[21.30793,44.10645],[21.31203,44.10661],[21.30773,44.10588],[21.30579,44.10368],[21.30831,44.10308],[21.30587,44.10122],[21.30732,44.09915],[21.30449,44.10019],[21.30278,44.09889],[21.30713,44.09693],[21.30323,44.09629],[21.30672,44.09382],[21.3014,44.09311],[21.30325,44.09166],[21.30169,44.09113],[21.30243,44.09025],[21.30463,44.09044],[21.30638,44.08885],[21.30324,44.08896],[21.30764,44.08266],[21.30901,44.0834],[21.30761,44.08209],[21.30852,44.08099],[21.31375,44.0808],[21.31813,44.07821],[21.32217,44.07949],[21.34419,44.07482],[21.35581,44.06303],[21.35963,44.06417],[21.36098,44.06094],[21.36547,44.05866],[21.36739,44.06007],[21.36956,44.05633],[21.37115,44.05712],[21.36973,44.06124],[21.38443,44.06662],[21.39693,44.06306],[21.40402,44.06495],[21.41458,44.0643],[21.41736,44.06389],[21.42228,44.05985],[21.42467,44.06075],[21.42857,44.05301],[21.43341,44.04871],[21.4372,44.04761],[21.43724,44.04614],[21.44805,44.04541],[21.46422,44.04158],[21.46672,44.0428],[21.47437,44.04118],[21.48233,44.04277],[21.48198,44.04114],[21.48642,44.04054],[21.48801,44.04094],[21.48671,44.04397],[21.49387,44.04536],[21.49864,44.04445],[21.49978,44.03957],[21.50058,44.04085],[21.50123,44.03932],[21.50712,44.04135],[21.50872,44.04052],[21.51035,44.04231],[21.51415,44.04182],[21.53227,44.02982],[21.53974,44.02998],[21.54543,44.0256],[21.55838,44.02457],[21.56733,44.02894],[21.56892,44.02752],[21.56845,44.02314],[21.5701,44.0208],[21.58427,44.01133],[21.57834,44.00461],[21.57084,44.00388],[21.56448,44.00069],[21.55983,43.99216],[21.55146,43.98891],[21.55473,43.98715],[21.55819,43.98241],[21.5564,43.98195],[21.55639,43.9803],[21.56163,43.97985],[21.56492,43.98719],[21.56919,43.98563],[21.57139,43.98209],[21.58203,43.98626],[21.59082,43.98222],[21.59179,43.97872],[21.59602,43.97642],[21.60257,43.97595],[21.60348,43.9707],[21.60986,43.97009],[21.61524,43.96643],[21.63176,43.97558],[21.65336,43.97161],[21.66348,43.9666],[21.67014,43.97019],[21.67825,43.9708],[21.67881,43.97279],[21.69687,43.97166],[21.70742,43.9694],[21.71298,43.96384],[21.71975,43.96371],[21.72737,43.95942],[21.74211,43.95588],[21.75073,43.95835],[21.75362,43.96279],[21.75282,43.96527],[21.75946,43.974],[21.75817,43.97725],[21.76025,43.98099],[21.77451,43.98485],[21.77882,43.98752],[21.78128,43.99364],[21.77839,43.996],[21.77999,44.00103],[21.77787,44.00577],[21.78222,44.01169],[21.7811,44.01439],[21.78335,44.01884],[21.77994,44.02227],[21.77989,44.0264],[21.78332,44.03029],[21.7945,44.03321],[21.79846,44.03696],[21.79997,44.04999],[21.79889,44.05832],[21.80826,44.06175],[21.81513,44.06228],[21.81901,44.0703],[21.82246,44.07171],[21.81775,44.07675],[21.822,44.08302],[21.81836,44.08669],[21.81874,44.08983],[21.8127,44.09598],[21.80146,44.10112],[21.79976,44.09827],[21.79585,44.09773],[21.79409,44.09218],[21.76871,44.09551],[21.76296,44.09936],[21.76109,44.10296],[21.75785,44.10204],[21.75538,44.10847],[21.75579,44.1125],[21.74817,44.11577],[21.74341,44.11252],[21.72443,44.11116],[21.70842,44.10722],[21.7031,44.10685],[21.69564,44.10981],[21.69028,44.10967],[21.68192,44.11356],[21.68116,44.11675],[21.67575,44.12101],[21.67506,44.12668],[21.67285,44.13026],[21.66791,44.13398],[21.66022,44.13435],[21.65557,44.13717],[21.64895,44.1381],[21.63891,44.13704],[21.62661,44.14015],[21.6202,44.13975],[21.61713,44.14322],[21.60929,44.1465],[21.60391,44.14415],[21.60317,44.14245],[21.5904,44.13848],[21.5781,44.13941],[21.57628,44.14145],[21.57228,44.1415],[21.57061,44.14611],[21.5655,44.14603],[21.56395,44.14745],[21.55919,44.14599],[21.55771,44.14979],[21.55422,44.15105],[21.55066,44.1556],[21.55299,44.15819],[21.55136,44.16254],[21.55541,44.16386],[21.56092,44.17333],[21.55923,44.17147],[21.55653,44.17173],[21.55464,44.16694],[21.55097,44.16352],[21.53276,44.17403],[21.52413,44.18529],[21.52337,44.19303],[21.51293,44.18936],[21.50536,44.19421],[21.4995,44.20223],[21.4852,44.20278],[21.48347,44.20464],[21.47505,44.20624],[21.47271,44.20136],[21.47136,44.2012],[21.47065,44.20431],[21.46434,44.20171],[21.45791,44.20974],[21.45004,44.21272],[21.44888,44.21582]]]}},{"type":"Feature","properties":{"OBJECTID":122,"Value_e":"SVILAJNAC","Value_sl":"SVILAJNAC","Value_sc":"СВИЛАЈНАЦ","Municipality_DOM_ID":"71056","Region_DOM_ID":"21","SHAPE.STArea()":325385390.8478797,"SHAPE.STLength()":158693.41746162256},"geometry":{"type":"Polygon","coordinates":[[[21.18731,44.30597],[21.18259,44.30568],[21.17887,44.3091],[21.17172,44.31095],[21.16966,44.31298],[21.17094,44.31482],[21.16727,44.31636],[21.16481,44.31477],[21.15803,44.31807],[21.14755,44.31517],[21.15011,44.31103],[21.14981,44.30767],[21.14759,44.30528],[21.14175,44.30483],[21.12626,44.30781],[21.12198,44.30435],[21.12155,44.29907],[21.12398,44.29646],[21.13333,44.29479],[21.13538,44.29168],[21.13466,44.28921],[21.13794,44.28497],[21.14872,44.28285],[21.15565,44.28342],[21.15825,44.28195],[21.1589,44.27932],[21.15704,44.27579],[21.15223,44.27326],[21.14096,44.2792],[21.12839,44.27543],[21.13424,44.26711],[21.13983,44.26417],[21.14302,44.25992],[21.14675,44.26233],[21.14961,44.26884],[21.15786,44.26912],[21.15816,44.26555],[21.15142,44.26216],[21.16615,44.24912],[21.16847,44.24475],[21.16586,44.24219],[21.1544,44.23841],[21.14987,44.23319],[21.15038,44.22936],[21.15687,44.22179],[21.15734,44.21308],[21.14951,44.20768],[21.14429,44.21023],[21.13945,44.21654],[21.13559,44.2165],[21.13435,44.21433],[21.13646,44.20975],[21.13564,44.20811],[21.12537,44.20161],[21.12482,44.19866],[21.1277,44.19633],[21.12999,44.19638],[21.1361,44.20143],[21.14365,44.19965],[21.14462,44.19759],[21.14314,44.18787],[21.14674,44.18265],[21.14529,44.1779],[21.14123,44.17748],[21.12533,44.16665],[21.12899,44.16392],[21.13782,44.16799],[21.14239,44.16696],[21.14402,44.16475],[21.14415,44.16261],[21.13906,44.15753],[21.13802,44.15448],[21.13994,44.14487],[21.14258,44.14152],[21.14813,44.14098],[21.16797,44.14408],[21.1744,44.14346],[21.17845,44.14092],[21.18031,44.13784],[21.17989,44.12957],[21.18412,44.11843],[21.17976,44.11323],[21.1795,44.10787],[21.18452,44.10491],[21.19576,44.1068],[21.20014,44.10314],[21.1939,44.09789],[21.19232,44.09464],[21.17581,44.09631],[21.17156,44.09452],[21.17074,44.09243],[21.17496,44.09001],[21.19117,44.09035],[21.18921,44.08803],[21.18958,44.0837],[21.19446,44.07244],[21.20024,44.06593],[21.20821,44.06522],[21.23091,44.07084],[21.23297,44.07183],[21.23203,44.0765],[21.22637,44.07899],[21.22881,44.08284],[21.22871,44.08652],[21.23211,44.08728],[21.2334,44.08935],[21.23476,44.08788],[21.23719,44.08934],[21.23955,44.08841],[21.23896,44.09046],[21.24398,44.09071],[21.24482,44.09266],[21.25333,44.09263],[21.25741,44.09446],[21.25986,44.09331],[21.25964,44.09479],[21.26162,44.09464],[21.2602,44.09633],[21.2651,44.10269],[21.26511,44.1073],[21.27118,44.11115],[21.27142,44.11282],[21.274,44.11329],[21.26912,44.11452],[21.26735,44.11322],[21.2661,44.11732],[21.26835,44.11861],[21.268,44.11993],[21.26324,44.11925],[21.2635,44.12068],[21.2601,44.12051],[21.26002,44.1259],[21.25393,44.12841],[21.2623,44.1324],[21.26074,44.12997],[21.26259,44.12993],[21.26289,44.12839],[21.26619,44.12895],[21.27574,44.13347],[21.296,44.15382],[21.29531,44.15623],[21.29912,44.16251],[21.30252,44.16389],[21.30563,44.16683],[21.30457,44.16634],[21.30768,44.17199],[21.30409,44.17456],[21.31176,44.17922],[21.31853,44.17754],[21.31438,44.18009],[21.31524,44.18122],[21.31871,44.18055],[21.32085,44.17612],[21.32577,44.17237],[21.32853,44.17249],[21.32745,44.16978],[21.33209,44.16845],[21.33473,44.16493],[21.3465,44.16377],[21.34528,44.16632],[21.34792,44.1672],[21.34699,44.16849],[21.3494,44.16815],[21.34972,44.16652],[21.35231,44.16881],[21.35649,44.17031],[21.36053,44.16946],[21.3627,44.17143],[21.36338,44.16794],[21.36409,44.16898],[21.36625,44.16488],[21.368,44.1644],[21.36766,44.1627],[21.37624,44.15434],[21.37471,44.15095],[21.37757,44.14981],[21.37604,44.14947],[21.37685,44.14829],[21.3859,44.14402],[21.3899,44.14389],[21.38884,44.14491],[21.39029,44.14747],[21.39012,44.15445],[21.39289,44.15792],[21.3913,44.15895],[21.39272,44.162],[21.39102,44.16344],[21.3938,44.16296],[21.39304,44.16647],[21.39015,44.16862],[21.39138,44.17039],[21.38809,44.17154],[21.38832,44.17443],[21.39497,44.18212],[21.39514,44.18859],[21.40271,44.19585],[21.4039,44.20069],[21.40928,44.20344],[21.40401,44.20673],[21.40089,44.20389],[21.3976,44.20476],[21.38899,44.20258],[21.38784,44.20425],[21.38,44.20274],[21.37175,44.20796],[21.37226,44.20635],[21.3634,44.20611],[21.36228,44.20353],[21.3596,44.20448],[21.36082,44.20909],[21.35973,44.21053],[21.3624,44.21173],[21.3625,44.21504],[21.36461,44.21606],[21.3639,44.2178],[21.36569,44.21817],[21.36427,44.21936],[21.37583,44.22833],[21.37654,44.23075],[21.37425,44.23233],[21.37827,44.23941],[21.37447,44.24022],[21.37764,44.24122],[21.37466,44.24128],[21.3739,44.24285],[21.36941,44.24321],[21.37031,44.24522],[21.36826,44.2477],[21.36716,44.24663],[21.35395,44.24775],[21.34634,44.24383],[21.34645,44.24567],[21.34498,44.24596],[21.34824,44.25305],[21.34189,44.25622],[21.34102,44.27354],[21.33859,44.2795],[21.33552,44.28246],[21.32076,44.28891],[21.31379,44.2894],[21.30478,44.29617],[21.3013,44.29226],[21.29696,44.2927],[21.291,44.28382],[21.28854,44.28511],[21.29001,44.28235],[21.2887,44.2809],[21.28427,44.28143],[21.28661,44.27816],[21.28253,44.27558],[21.28218,44.27121],[21.27877,44.26922],[21.27892,44.26786],[21.27362,44.2656],[21.28165,44.26435],[21.28144,44.26219],[21.27873,44.26019],[21.27116,44.26476],[21.26592,44.26567],[21.26698,44.26808],[21.26403,44.26917],[21.26268,44.2678],[21.25775,44.26823],[21.25738,44.26618],[21.25198,44.26595],[21.24985,44.26798],[21.24567,44.26617],[21.2436,44.26785],[21.2443,44.26885],[21.24228,44.26918],[21.23977,44.26795],[21.24035,44.26948],[21.23796,44.26969],[21.23892,44.27059],[21.22436,44.28383],[21.22679,44.28641],[21.22515,44.28667],[21.22551,44.28826],[21.22273,44.28796],[21.22397,44.29148],[21.22542,44.2914],[21.22368,44.29509],[21.22288,44.29266],[21.22054,44.29438],[21.2196,44.29397],[21.22123,44.29254],[21.21755,44.29308],[21.21074,44.30337],[21.20453,44.30098],[21.20405,44.3027],[21.20668,44.30322],[21.2028,44.30643],[21.19381,44.30729],[21.19187,44.30911],[21.18731,44.30597]]]}},{"type":"Feature","properties":{"OBJECTID":136,"Value_e":"VELIKA PLANA","Value_sl":"VELIKA PLANA","Value_sc":"ВЕЛИКА ПЛАНА","Municipality_DOM_ID":"70386","Region_DOM_ID":"22","SHAPE.STArea()":346073984.19263774,"SHAPE.STLength()":160440.1075271262},"geometry":{"type":"Polygon","coordinates":[[[21.13911,44.51527],[21.13495,44.51478],[21.13291,44.51215],[21.12845,44.51127],[21.12909,44.50959],[21.12519,44.50311],[21.12181,44.50325],[21.11516,44.49821],[21.11178,44.49823],[21.11078,44.49624],[21.1075,44.49559],[21.10408,44.4896],[21.10241,44.48989],[21.10208,44.4866],[21.10055,44.4875],[21.10093,44.48636],[21.09378,44.48494],[21.09311,44.48335],[21.09048,44.4843],[21.08797,44.48296],[21.08796,44.48119],[21.08092,44.48256],[21.08011,44.4798],[21.07651,44.47743],[21.07354,44.48054],[21.05914,44.48167],[21.05846,44.4831],[21.04107,44.49012],[21.03599,44.48989],[21.03589,44.48781],[21.03282,44.48756],[21.02913,44.48993],[21.02743,44.48945],[21.02757,44.48779],[21.02303,44.48637],[21.01344,44.48802],[21.00632,44.48709],[21.00673,44.48312],[21.0126,44.48013],[21.02423,44.47775],[21.02489,44.47541],[21.02912,44.47312],[21.02659,44.46618],[21.02839,44.4615],[21.02712,44.4607],[21.03107,44.45761],[21.03585,44.46002],[21.0361,44.45858],[21.0298,44.45487],[21.03258,44.45192],[21.02845,44.44626],[21.03019,44.4455],[21.02963,44.44408],[21.02476,44.44269],[21.02699,44.44173],[21.02698,44.43761],[21.01696,44.43227],[21.01476,44.42639],[20.99722,44.42195],[20.99899,44.42013],[20.99301,44.41563],[20.99032,44.41736],[20.97584,44.41039],[20.97428,44.40795],[20.97721,44.40636],[20.97865,44.40116],[20.97714,44.40011],[20.97963,44.39823],[20.98109,44.39978],[20.98194,44.39833],[20.98198,44.39614],[20.97779,44.39657],[20.97886,44.39045],[20.98262,44.38452],[20.98453,44.38618],[20.98768,44.38382],[20.99107,44.38522],[20.99429,44.38267],[21.00278,44.38851],[21.00824,44.39031],[21.01465,44.38475],[21.02947,44.38029],[21.03601,44.37364],[21.03827,44.36894],[21.03627,44.36487],[21.03949,44.36052],[21.04078,44.36073],[21.04115,44.35798],[21.04326,44.35837],[21.04478,44.35593],[21.03986,44.35525],[21.03807,44.35317],[21.03333,44.35331],[21.03285,44.35208],[21.02451,44.35284],[21.02107,44.35155],[21.01734,44.3529],[21.01243,44.34985],[21.00298,44.35246],[21.00248,44.35119],[20.99774,44.35084],[20.99818,44.35244],[20.99417,44.35317],[20.99166,44.35233],[20.9903,44.34979],[20.98739,44.35017],[20.9864,44.34724],[20.98228,44.34692],[20.98152,44.3447],[20.97291,44.34295],[20.99162,44.33437],[20.99025,44.32645],[20.98207,44.31439],[20.98147,44.30284],[20.98682,44.29443],[20.98565,44.29047],[20.98173,44.28621],[20.97999,44.2786],[20.98979,44.27767],[20.98524,44.27343],[20.9886,44.26706],[20.98659,44.25793],[20.99321,44.25519],[20.98845,44.25297],[20.99374,44.25278],[21.00466,44.24528],[21.04611,44.23259],[21.05042,44.23029],[21.0564,44.22246],[21.07676,44.22441],[21.09036,44.22111],[21.10385,44.22575],[21.10754,44.22483],[21.11582,44.21899],[21.11808,44.21658],[21.11751,44.21493],[21.13007,44.21616],[21.13345,44.2142],[21.13798,44.21696],[21.14145,44.21504],[21.14429,44.21023],[21.14951,44.20768],[21.15734,44.21308],[21.15808,44.21665],[21.15678,44.22201],[21.14987,44.23038],[21.15024,44.23412],[21.15607,44.23934],[21.16719,44.24303],[21.16831,44.24579],[21.15142,44.26216],[21.15816,44.26555],[21.15786,44.26912],[21.14961,44.26884],[21.14675,44.26233],[21.14302,44.25992],[21.13983,44.26417],[21.13424,44.26711],[21.12839,44.27543],[21.14096,44.2792],[21.15223,44.27326],[21.15704,44.27579],[21.1589,44.27932],[21.15825,44.28195],[21.15565,44.28342],[21.14872,44.28285],[21.13794,44.28497],[21.13466,44.28921],[21.13538,44.29168],[21.13333,44.29479],[21.12398,44.29646],[21.12155,44.29907],[21.12198,44.30435],[21.12502,44.30757],[21.14594,44.30475],[21.14981,44.30767],[21.14953,44.31255],[21.13956,44.32222],[21.13357,44.32245],[21.1249,44.31854],[21.1213,44.32019],[21.12068,44.3226],[21.1265,44.32722],[21.13438,44.32819],[21.13624,44.33144],[21.14403,44.33129],[21.14374,44.3345],[21.14762,44.33511],[21.14521,44.33646],[21.1516,44.33797],[21.15104,44.33929],[21.15504,44.34358],[21.15877,44.34285],[21.15814,44.34101],[21.16541,44.34244],[21.16654,44.34617],[21.17233,44.34659],[21.17763,44.35182],[21.17539,44.35227],[21.1772,44.35609],[21.17448,44.35684],[21.17473,44.35984],[21.17205,44.36012],[21.17039,44.36465],[21.1654,44.36581],[21.16087,44.37029],[21.16239,44.37245],[21.16105,44.37389],[21.15587,44.37025],[21.14705,44.37417],[21.14256,44.37311],[21.14092,44.37098],[21.13596,44.3715],[21.13537,44.37388],[21.12825,44.37623],[21.12813,44.37802],[21.12226,44.37741],[21.11991,44.38314],[21.1269,44.38532],[21.12737,44.38794],[21.12596,44.38879],[21.13075,44.391],[21.13114,44.39807],[21.13598,44.4001],[21.14204,44.40016],[21.14602,44.40284],[21.14428,44.40567],[21.13672,44.4075],[21.12153,44.40614],[21.11909,44.40893],[21.12099,44.4125],[21.13909,44.41916],[21.14559,44.42793],[21.14875,44.42955],[21.1601,44.43065],[21.16554,44.42504],[21.17,44.42486],[21.17175,44.42684],[21.169,44.43893],[21.16416,44.44215],[21.15832,44.44351],[21.15673,44.4471],[21.15922,44.4499],[21.17058,44.45142],[21.17233,44.4528],[21.17235,44.45616],[21.16579,44.45891],[21.15541,44.45641],[21.14755,44.46241],[21.14831,44.46463],[21.15283,44.46732],[21.16251,44.46715],[21.16958,44.4691],[21.17145,44.47309],[21.16593,44.47824],[21.15681,44.48175],[21.15514,44.48763],[21.16115,44.49239],[21.16087,44.49557],[21.14381,44.50152],[21.14469,44.51223],[21.13911,44.51527]],[[21.13154,44.33877],[21.13848,44.33935],[21.13999,44.33697],[21.13335,44.33326],[21.12976,44.33628],[21.13154,44.33877]]]}},{"type":"Feature","properties":{"OBJECTID":138,"Value_e":"SMEDEREVSKA PALANKA","Value_sl":"SMEDEREVSKA PALANKA","Value_sc":"СМЕДЕРЕВСКА ПАЛАНКА","Municipality_DOM_ID":"71102","Region_DOM_ID":"22","SHAPE.STArea()":421519051.6079898,"SHAPE.STLength()":184200.13019162626},"geometry":{"type":"Polygon","coordinates":[[[20.88641,44.53368],[20.87571,44.53194],[20.87426,44.53386],[20.86975,44.53339],[20.87331,44.53321],[20.87376,44.53124],[20.86645,44.53138],[20.86533,44.52914],[20.86347,44.53077],[20.85835,44.52938],[20.85713,44.5305],[20.85571,44.52856],[20.84871,44.52782],[20.84835,44.52609],[20.84489,44.5275],[20.84522,44.52615],[20.84297,44.52583],[20.84342,44.52437],[20.83672,44.52436],[20.83622,44.52645],[20.83471,44.5261],[20.83484,44.52407],[20.81954,44.52319],[20.81686,44.52176],[20.81499,44.51823],[20.81281,44.51875],[20.80623,44.5148],[20.80493,44.51138],[20.80809,44.50816],[20.80635,44.50753],[20.8083,44.50498],[20.80659,44.50383],[20.8088,44.50325],[20.80661,44.50189],[20.81506,44.4972],[20.8163,44.49809],[20.81704,44.4962],[20.82027,44.49675],[20.82147,44.49462],[20.82651,44.49372],[20.828,44.49223],[20.82691,44.49133],[20.83246,44.48724],[20.83539,44.48732],[20.83659,44.483],[20.8386,44.48232],[20.83815,44.47989],[20.83568,44.47974],[20.83685,44.4757],[20.84425,44.47551],[20.85094,44.46804],[20.85046,44.46612],[20.85372,44.46505],[20.8487,44.45271],[20.84451,44.45301],[20.84244,44.44897],[20.84584,44.44653],[20.84086,44.44657],[20.83932,44.44444],[20.84149,44.44281],[20.83173,44.43852],[20.82477,44.43943],[20.82484,44.44145],[20.82187,44.44186],[20.81827,44.43986],[20.81476,44.44397],[20.80316,44.44551],[20.80033,44.44656],[20.79957,44.44915],[20.79289,44.45055],[20.79178,44.4473],[20.79031,44.44725],[20.78977,44.44912],[20.78639,44.44883],[20.78198,44.44442],[20.77538,44.44348],[20.77539,44.44226],[20.77958,44.44247],[20.77946,44.44033],[20.77264,44.44177],[20.77013,44.44059],[20.77266,44.4393],[20.77068,44.43739],[20.76701,44.44078],[20.76427,44.44064],[20.76723,44.43797],[20.76962,44.43161],[20.76563,44.43042],[20.76846,44.43087],[20.7702,44.42852],[20.76766,44.42781],[20.76609,44.42904],[20.7674,44.42691],[20.76433,44.42253],[20.76182,44.41352],[20.75858,44.41301],[20.75962,44.41196],[20.75808,44.4085],[20.75615,44.40827],[20.7551,44.40348],[20.75356,44.40358],[20.75386,44.40078],[20.74764,44.39872],[20.74903,44.39601],[20.74794,44.39561],[20.7514,44.39477],[20.75463,44.39114],[20.75866,44.39207],[20.75957,44.38754],[20.76297,44.38575],[20.76184,44.38281],[20.76646,44.38097],[20.76601,44.37786],[20.76886,44.37792],[20.77165,44.37542],[20.77413,44.3757],[20.77431,44.37715],[20.78131,44.37648],[20.782,44.37751],[20.78237,44.37546],[20.78612,44.37349],[20.78849,44.3729],[20.78799,44.37409],[20.7899,44.37468],[20.79045,44.37339],[20.79488,44.37277],[20.79804,44.37392],[20.798,44.37646],[20.8026,44.37616],[20.7981,44.36942],[20.80048,44.3677],[20.79883,44.36548],[20.79477,44.36716],[20.78972,44.36359],[20.78519,44.36413],[20.78409,44.36681],[20.78221,44.36606],[20.77961,44.36093],[20.78737,44.35804],[20.78429,44.35795],[20.77955,44.35509],[20.77836,44.35631],[20.77891,44.35323],[20.77488,44.35321],[20.77348,44.35105],[20.77617,44.35004],[20.7775,44.35111],[20.7833,44.34859],[20.78595,44.34513],[20.7829,44.34425],[20.78862,44.33861],[20.78794,44.33613],[20.78539,44.33539],[20.78778,44.33124],[20.78352,44.32662],[20.78678,44.32513],[20.78546,44.32233],[20.78646,44.31984],[20.80474,44.32124],[20.81906,44.31711],[20.83486,44.31586],[20.83146,44.30243],[20.8285,44.30318],[20.82649,44.3007],[20.82838,44.29839],[20.82742,44.29557],[20.83356,44.2913],[20.83229,44.28957],[20.83595,44.28845],[20.83549,44.2852],[20.83693,44.28361],[20.84797,44.28196],[20.85198,44.28395],[20.85269,44.28222],[20.85482,44.28204],[20.85669,44.28514],[20.85811,44.28499],[20.86055,44.28197],[20.86608,44.28066],[20.86714,44.27804],[20.86514,44.2766],[20.86885,44.27467],[20.86883,44.2789],[20.87395,44.27803],[20.87594,44.28061],[20.87759,44.27761],[20.88137,44.27553],[20.8803,44.2709],[20.88243,44.27087],[20.88344,44.2686],[20.89844,44.27158],[20.90175,44.27625],[20.90708,44.27318],[20.90876,44.26937],[20.91295,44.27153],[20.91579,44.26902],[20.91769,44.27004],[20.91915,44.26829],[20.92142,44.26907],[20.92714,44.26721],[20.92917,44.26853],[20.92691,44.26964],[20.93355,44.27384],[20.93621,44.27181],[20.95086,44.27269],[20.95237,44.2752],[20.95898,44.27455],[20.95944,44.27806],[20.96873,44.27339],[20.97411,44.27365],[20.98044,44.27915],[20.98173,44.28621],[20.98565,44.29047],[20.98682,44.29443],[20.98147,44.30284],[20.98166,44.31158],[20.98254,44.3162],[20.99025,44.32645],[20.99162,44.33437],[20.97445,44.34145],[20.97298,44.34327],[20.98152,44.3447],[20.98228,44.34692],[20.9864,44.34724],[20.98739,44.35017],[20.9903,44.34979],[20.99166,44.35233],[20.99417,44.35317],[20.99818,44.35244],[20.99774,44.35084],[21.00248,44.35119],[21.00298,44.35246],[21.01243,44.34985],[21.01734,44.3529],[21.02107,44.35155],[21.02451,44.35284],[21.03285,44.35208],[21.03333,44.35331],[21.03807,44.35317],[21.03986,44.35525],[21.04478,44.35593],[21.04326,44.35837],[21.04115,44.35798],[21.04078,44.36073],[21.03949,44.36052],[21.03627,44.36487],[21.03827,44.36894],[21.03601,44.37364],[21.02978,44.38004],[21.01465,44.38475],[21.00824,44.39031],[21.00278,44.38851],[20.99429,44.38267],[20.99107,44.38522],[20.98768,44.38382],[20.98453,44.38618],[20.98308,44.38434],[20.9806,44.38592],[20.98128,44.38813],[20.97886,44.39045],[20.97779,44.39657],[20.98198,44.39614],[20.98194,44.39833],[20.98109,44.39978],[20.97963,44.39823],[20.97714,44.40011],[20.97865,44.40116],[20.97721,44.40636],[20.97428,44.40795],[20.97627,44.41073],[20.99032,44.41736],[20.99301,44.41563],[20.99899,44.42013],[20.99722,44.42195],[21.01476,44.42639],[21.01696,44.43227],[21.02698,44.43761],[21.02699,44.44173],[21.02476,44.44269],[21.02963,44.44408],[21.03019,44.4455],[21.02845,44.44626],[21.03258,44.45192],[21.0298,44.45487],[21.03616,44.45945],[21.03129,44.45758],[21.02789,44.45918],[21.02659,44.46618],[21.02912,44.47312],[21.02489,44.47541],[21.02423,44.47775],[21.0126,44.48013],[21.00673,44.48312],[21.00632,44.48709],[21.01406,44.4876],[21.01382,44.48947],[21.00614,44.48893],[21.01033,44.49444],[21.01427,44.49585],[21.02069,44.50169],[21.01867,44.50303],[21.01566,44.50118],[21.00483,44.49065],[20.99873,44.48992],[20.99321,44.49137],[20.99306,44.48831],[20.99134,44.49138],[20.98799,44.49037],[20.98907,44.48706],[20.9877,44.48402],[20.98964,44.48209],[20.98673,44.48235],[20.98657,44.48089],[20.99029,44.4795],[20.98896,44.47847],[20.98775,44.47982],[20.98276,44.47415],[20.97851,44.47427],[20.97945,44.4717],[20.97346,44.47078],[20.97136,44.46821],[20.97336,44.4669],[20.97099,44.46539],[20.96554,44.46683],[20.96284,44.46464],[20.96182,44.46705],[20.95726,44.46793],[20.95659,44.47085],[20.95374,44.4708],[20.95263,44.46837],[20.95041,44.46915],[20.94883,44.46726],[20.94475,44.46741],[20.94679,44.4699],[20.94233,44.46965],[20.94516,44.47098],[20.94885,44.46963],[20.94981,44.47355],[20.94447,44.47749],[20.94001,44.47736],[20.93816,44.48045],[20.93326,44.48277],[20.92917,44.48114],[20.92821,44.48234],[20.93246,44.48555],[20.93005,44.4857],[20.93196,44.49036],[20.93632,44.49321],[20.93341,44.49544],[20.93636,44.49426],[20.94831,44.5043],[20.95169,44.5049],[20.95299,44.50756],[20.95872,44.50677],[20.95976,44.50837],[20.95712,44.50871],[20.95467,44.51149],[20.95156,44.50974],[20.94962,44.51256],[20.9448,44.51309],[20.94114,44.51605],[20.93562,44.5165],[20.93582,44.51809],[20.9306,44.52103],[20.9304,44.5237],[20.92667,44.52484],[20.92248,44.52385],[20.92041,44.52675],[20.91817,44.52633],[20.91415,44.52924],[20.90909,44.52837],[20.90695,44.52978],[20.90306,44.52807],[20.90085,44.53038],[20.89461,44.53028],[20.89322,44.53202],[20.89089,44.53082],[20.88641,44.53368]]]}},{"type":"Feature","properties":{"OBJECTID":192,"Value_e":"SMEDEREVO-GRAD","Value_sl":"SMEDEREVO-GRAD","Value_sc":"СМЕДЕРЕВО-ГРАД","Municipality_DOM_ID":"71099","Region_DOM_ID":"22","SHAPE.STArea()":481290155.65985584,"SHAPE.STLength()":193637.90658865686},"geometry":{"type":"Polygon","coordinates":[[[21.01663,44.7201],[21.00526,44.71958],[20.99496,44.71715],[20.96131,44.69808],[20.93105,44.6752],[20.9133,44.6661],[20.84661,44.65726],[20.81952,44.65787],[20.81441,44.65271],[20.8017,44.64897],[20.80249,44.64773],[20.80072,44.64706],[20.80057,44.6432],[20.8028,44.64021],[20.80328,44.6276],[20.79361,44.61834],[20.79208,44.61183],[20.79841,44.6112],[20.802,44.60643],[20.80499,44.60605],[20.80576,44.60731],[20.80893,44.60457],[20.80802,44.60312],[20.81283,44.60238],[20.81325,44.59741],[20.81808,44.59581],[20.81766,44.59135],[20.82024,44.58696],[20.81937,44.58391],[20.81343,44.58421],[20.81113,44.58609],[20.80939,44.58392],[20.80454,44.58396],[20.79529,44.57919],[20.79277,44.58023],[20.79159,44.57772],[20.78346,44.57803],[20.78082,44.57379],[20.77552,44.57441],[20.77448,44.57243],[20.77684,44.57179],[20.77008,44.57032],[20.77187,44.56866],[20.76865,44.56685],[20.76846,44.56363],[20.7663,44.56207],[20.758,44.56214],[20.75843,44.55929],[20.75525,44.56106],[20.75507,44.55868],[20.75334,44.55953],[20.75079,44.55645],[20.74392,44.55377],[20.74449,44.55232],[20.74619,44.55351],[20.74861,44.55187],[20.74469,44.55154],[20.74718,44.54381],[20.74979,44.54366],[20.75023,44.54174],[20.7533,44.54403],[20.75477,44.54237],[20.75831,44.54208],[20.76384,44.54386],[20.76886,44.54102],[20.76649,44.53726],[20.77194,44.52292],[20.77092,44.52075],[20.78004,44.52149],[20.78238,44.52068],[20.78169,44.51928],[20.78456,44.52013],[20.79434,44.51634],[20.79729,44.51739],[20.80372,44.51518],[20.80887,44.51545],[20.80858,44.517],[20.81499,44.51823],[20.81686,44.52176],[20.81954,44.52319],[20.83484,44.52407],[20.83471,44.5261],[20.83622,44.52645],[20.83672,44.52436],[20.84342,44.52437],[20.84297,44.52583],[20.84522,44.52615],[20.84489,44.5275],[20.84835,44.52609],[20.84871,44.52782],[20.85571,44.52856],[20.85713,44.5305],[20.85835,44.52938],[20.86347,44.53077],[20.86533,44.52914],[20.86645,44.53138],[20.87376,44.53124],[20.87331,44.53321],[20.86982,44.53273],[20.86975,44.53339],[20.87426,44.53386],[20.87768,44.53149],[20.88687,44.53362],[20.89089,44.53082],[20.89322,44.53202],[20.89461,44.53028],[20.90085,44.53038],[20.90306,44.52807],[20.90695,44.52978],[20.90909,44.52837],[20.91347,44.52939],[20.91817,44.52633],[20.92041,44.52675],[20.92248,44.52385],[20.92667,44.52484],[20.9304,44.5237],[20.9306,44.52103],[20.93582,44.51809],[20.93562,44.5165],[20.94114,44.51605],[20.9448,44.51309],[20.94962,44.51256],[20.95156,44.50974],[20.95467,44.51149],[20.95712,44.50871],[20.95976,44.50837],[20.95872,44.50677],[20.95299,44.50756],[20.95169,44.5049],[20.94831,44.5043],[20.93636,44.49426],[20.93341,44.49544],[20.93632,44.49321],[20.93196,44.49036],[20.93005,44.4857],[20.93246,44.48555],[20.92821,44.48234],[20.92917,44.48114],[20.93326,44.48277],[20.93816,44.48045],[20.94001,44.47736],[20.94447,44.47749],[20.94981,44.47355],[20.94885,44.46963],[20.94516,44.47098],[20.94233,44.46965],[20.94679,44.4699],[20.94475,44.46741],[20.94883,44.46726],[20.95041,44.46915],[20.95263,44.46837],[20.95374,44.4708],[20.95659,44.47085],[20.95726,44.46793],[20.96182,44.46705],[20.96284,44.46464],[20.96554,44.46683],[20.97099,44.46539],[20.97336,44.4669],[20.97136,44.46821],[20.97346,44.47078],[20.97945,44.4717],[20.97851,44.47427],[20.98276,44.47415],[20.98775,44.47982],[20.98896,44.47847],[20.99029,44.4795],[20.98657,44.48089],[20.98673,44.48235],[20.98964,44.48209],[20.9877,44.48402],[20.98907,44.48706],[20.98799,44.49037],[20.99134,44.49138],[20.99306,44.48831],[20.99321,44.49137],[20.99873,44.48992],[21.00483,44.49065],[21.01867,44.50303],[21.02069,44.50169],[21.01427,44.49585],[21.01033,44.49444],[21.00614,44.48893],[21.01382,44.48947],[21.0141,44.48764],[21.02303,44.48637],[21.02757,44.48779],[21.02743,44.48945],[21.02913,44.48993],[21.03282,44.48756],[21.03589,44.48781],[21.03599,44.48989],[21.04107,44.49012],[21.05846,44.4831],[21.05914,44.48167],[21.07354,44.48054],[21.07651,44.47743],[21.08011,44.4798],[21.08092,44.48256],[21.08796,44.48119],[21.08797,44.48296],[21.09048,44.4843],[21.09311,44.48335],[21.09378,44.48494],[21.10093,44.48636],[21.10055,44.4875],[21.10208,44.4866],[21.10241,44.48989],[21.10408,44.4896],[21.1075,44.49559],[21.11078,44.49624],[21.11178,44.49823],[21.11516,44.49821],[21.12181,44.50325],[21.12519,44.50311],[21.12909,44.50959],[21.12845,44.51127],[21.13425,44.51307],[21.13495,44.51478],[21.13044,44.51453],[21.12641,44.5168],[21.12715,44.52109],[21.12894,44.5219],[21.1295,44.52793],[21.13356,44.52939],[21.13921,44.52629],[21.14196,44.52655],[21.14806,44.5354],[21.15151,44.53779],[21.15082,44.54039],[21.14219,44.54217],[21.1409,44.5408],[21.14089,44.53372],[21.13791,44.53216],[21.13468,44.53268],[21.13091,44.53461],[21.12646,44.54127],[21.11804,44.54607],[21.12364,44.54894],[21.12867,44.54826],[21.1361,44.54441],[21.13956,44.5454],[21.14038,44.54796],[21.13896,44.55078],[21.13296,44.55647],[21.1282,44.56702],[21.13218,44.56997],[21.13853,44.57019],[21.13732,44.57987],[21.14614,44.57864],[21.14838,44.58056],[21.14844,44.5828],[21.14406,44.58555],[21.11734,44.58562],[21.11555,44.5884],[21.11734,44.59306],[21.11417,44.59529],[21.10502,44.59333],[21.10009,44.58764],[21.09408,44.58702],[21.08644,44.59175],[21.08676,44.60072],[21.0772,44.60416],[21.07373,44.60749],[21.07629,44.61064],[21.08749,44.60934],[21.08909,44.61112],[21.08863,44.61319],[21.07491,44.61169],[21.07184,44.60786],[21.0687,44.60676],[21.06635,44.60824],[21.0645,44.61282],[21.05818,44.61459],[21.05767,44.61705],[21.06185,44.6195],[21.06602,44.61844],[21.06976,44.61424],[21.07328,44.61749],[21.08124,44.61739],[21.08175,44.62236],[21.08757,44.62507],[21.08873,44.62843],[21.08283,44.63226],[21.0754,44.63262],[21.07328,44.6315],[21.07179,44.62609],[21.06625,44.6249],[21.06333,44.62666],[21.06516,44.63349],[21.06208,44.63632],[21.05739,44.6367],[21.05478,44.63208],[21.05023,44.63228],[21.0498,44.63612],[21.05339,44.64071],[21.06215,44.64227],[21.06185,44.64479],[21.04977,44.64247],[21.04524,44.63724],[21.03699,44.64057],[21.03604,44.64559],[21.04368,44.64706],[21.0476,44.65104],[21.04593,44.6536],[21.03925,44.65735],[21.03069,44.65981],[21.02808,44.66307],[21.02801,44.66592],[21.03165,44.66819],[21.03697,44.66877],[21.04075,44.66739],[21.04446,44.66261],[21.04858,44.66423],[21.04136,44.67491],[21.02606,44.67259],[21.02222,44.67567],[21.02213,44.67892],[21.02719,44.68217],[21.04001,44.68149],[21.04235,44.68536],[21.03861,44.69053],[21.03937,44.69254],[21.04596,44.69541],[21.05276,44.69312],[21.05514,44.69725],[21.04396,44.69952],[21.04377,44.70158],[21.04874,44.70662],[21.04538,44.71078],[21.04423,44.71052],[21.04408,44.70447],[21.03201,44.69891],[21.03321,44.70246],[21.04083,44.70625],[21.03996,44.71005],[21.03645,44.70867],[21.03319,44.70938],[21.03139,44.70208],[21.02484,44.70392],[21.02346,44.70737],[21.02424,44.70993],[21.03261,44.71298],[21.03746,44.71815],[21.01663,44.7201]]]}},{"type":"Feature","properties":{"OBJECTID":81,"Value_e":"BRUS","Value_sl":"BRUS","Value_sc":"БРУС","Municipality_DOM_ID":"70343","Region_DOM_ID":"23","SHAPE.STArea()":605645235.2211051,"SHAPE.STLength()":167326.00103565858},"geometry":{"type":"Polygon","coordinates":[[[20.99522,43.45106],[20.98976,43.45302],[20.98601,43.45659],[20.97791,43.45656],[20.97327,43.45329],[20.96869,43.45431],[20.96494,43.44923],[20.96075,43.44668],[20.95769,43.44696],[20.95758,43.44942],[20.95206,43.45044],[20.9517,43.45503],[20.9454,43.45318],[20.94069,43.4551],[20.93708,43.45354],[20.93131,43.44648],[20.91553,43.43825],[20.90794,43.43771],[20.90586,43.43619],[20.90242,43.43789],[20.90118,43.43505],[20.89666,43.43541],[20.88475,43.43231],[20.88582,43.42848],[20.88183,43.42527],[20.88126,43.41903],[20.88311,43.41704],[20.88133,43.41384],[20.88185,43.41105],[20.87465,43.40607],[20.87068,43.40614],[20.869,43.4032],[20.86343,43.40123],[20.86091,43.40279],[20.85424,43.40274],[20.8522,43.39825],[20.85151,43.39957],[20.84951,43.39877],[20.85088,43.40008],[20.84989,43.40164],[20.84364,43.40076],[20.84342,43.39259],[20.85172,43.37992],[20.84878,43.37473],[20.85141,43.36958],[20.84849,43.36111],[20.85374,43.34905],[20.85303,43.34256],[20.84481,43.3373],[20.84275,43.33206],[20.83592,43.32436],[20.83338,43.3231],[20.82951,43.32404],[20.82329,43.31811],[20.82522,43.31084],[20.82454,43.30553],[20.82816,43.29689],[20.82886,43.29059],[20.82735,43.28608],[20.81919,43.2796],[20.81945,43.27321],[20.82299,43.26917],[20.83095,43.2671],[20.83198,43.26299],[20.83053,43.26175],[20.8359,43.26173],[20.83691,43.25685],[20.84765,43.25168],[20.85197,43.2512],[20.86162,43.23789],[20.87315,43.23085],[20.87696,43.22632],[20.87696,43.2233],[20.8797,43.22225],[20.87981,43.21082],[20.88594,43.20773],[20.88932,43.20374],[20.88313,43.20386],[20.88077,43.20592],[20.86574,43.20554],[20.86365,43.20767],[20.84925,43.20496],[20.84356,43.20711],[20.84125,43.20276],[20.84345,43.19811],[20.84963,43.19482],[20.84943,43.19308],[20.85501,43.18917],[20.84839,43.18557],[20.83418,43.1836],[20.83108,43.17914],[20.83845,43.17298],[20.8561,43.17436],[20.86324,43.16482],[20.86886,43.16452],[20.87794,43.16761],[20.88165,43.16696],[20.88082,43.16556],[20.88554,43.16269],[20.88578,43.15849],[20.88928,43.1559],[20.89575,43.15414],[20.89968,43.15567],[20.90854,43.14825],[20.92155,43.14773],[20.92352,43.1461],[20.9251,43.15336],[20.93217,43.15757],[20.93873,43.17037],[20.94351,43.1732],[20.94634,43.17894],[20.94856,43.18077],[20.96012,43.18029],[20.96517,43.18467],[20.97008,43.18545],[20.97188,43.18699],[20.97196,43.1906],[20.97899,43.19483],[20.97355,43.19622],[20.97427,43.19754],[20.973,43.19732],[20.97043,43.20189],[20.96946,43.2056],[20.97063,43.20861],[20.9744,43.2116],[20.97293,43.2156],[20.96734,43.21659],[20.96845,43.21725],[20.9661,43.22512],[20.96977,43.2325],[20.96553,43.23817],[20.96786,43.24155],[20.97853,43.24662],[20.97908,43.24818],[20.98767,43.24777],[20.98967,43.25136],[20.98533,43.25274],[20.98911,43.26117],[20.98782,43.27037],[20.99938,43.27286],[21.00511,43.27149],[21.01882,43.26349],[21.02563,43.26179],[21.03389,43.26892],[21.05226,43.27403],[21.05493,43.27345],[21.06348,43.26637],[21.06865,43.2661],[21.06961,43.26015],[21.08682,43.24959],[21.09619,43.24836],[21.10471,43.25085],[21.11902,43.25081],[21.13014,43.26253],[21.14132,43.26348],[21.14849,43.26768],[21.1492,43.27056],[21.14675,43.27511],[21.14702,43.27929],[21.14563,43.2798],[21.15344,43.28239],[21.16666,43.28213],[21.16676,43.28777],[21.16421,43.29398],[21.17225,43.30746],[21.17297,43.31025],[21.17139,43.31434],[21.17336,43.31767],[21.17631,43.31957],[21.18641,43.31968],[21.19131,43.32467],[21.19248,43.32912],[21.19834,43.33077],[21.20343,43.33563],[21.21445,43.33872],[21.21623,43.34067],[21.20994,43.35196],[21.20792,43.36086],[21.22001,43.36821],[21.22318,43.36852],[21.22394,43.37156],[21.22213,43.38023],[21.22284,43.38425],[21.218,43.38785],[21.21499,43.39552],[21.20682,43.39225],[21.19793,43.39315],[21.19921,43.39452],[21.19871,43.40241],[21.19297,43.40565],[21.18628,43.4037],[21.17822,43.404],[21.17562,43.40574],[21.16118,43.40727],[21.16003,43.40372],[21.15613,43.40362],[21.14645,43.40884],[21.14244,43.40906],[21.14214,43.40506],[21.14079,43.40452],[21.14177,43.40168],[21.14737,43.4001],[21.14897,43.39817],[21.14429,43.39754],[21.13656,43.40071],[21.13107,43.4059],[21.12721,43.40162],[21.12328,43.40023],[21.12508,43.38815],[21.1199,43.38351],[21.11495,43.3878],[21.10671,43.38865],[21.10223,43.3868],[21.09408,43.39115],[21.08744,43.38919],[21.08308,43.3908],[21.08398,43.39386],[21.08263,43.39395],[21.07923,43.38751],[21.07564,43.38622],[21.07182,43.3881],[21.07246,43.39025],[21.06853,43.39446],[21.06872,43.39836],[21.06696,43.39979],[21.07031,43.40782],[21.06916,43.41652],[21.07259,43.41836],[21.07244,43.42297],[21.0753,43.42308],[21.07496,43.43056],[21.07037,43.43114],[21.06777,43.43348],[21.06102,43.43378],[21.05753,43.43889],[21.05001,43.43754],[21.04587,43.43897],[21.03875,43.43386],[21.03625,43.43547],[21.03511,43.43479],[21.03691,43.43226],[21.03521,43.42817],[21.03612,43.42625],[21.03392,43.42433],[21.03616,43.42214],[21.03727,43.41697],[21.03621,43.41427],[21.03286,43.41376],[21.02088,43.4192],[21.01527,43.41987],[21.01302,43.42323],[21.01297,43.42667],[21.0042,43.42863],[21.00626,43.42912],[21.00315,43.43305],[21.00277,43.43198],[21.00247,43.43651],[20.9991,43.43823],[20.996,43.44278],[20.99522,43.45106]]]}},{"type":"Feature","properties":{"OBJECTID":85,"Value_e":"ALEKSANDROVAC","Value_sl":"ALEKSANDROVAC","Value_sc":"АЛЕКСАНДРОВАЦ","Municipality_DOM_ID":"70017","Region_DOM_ID":"23","SHAPE.STArea()":386559291.16677165,"SHAPE.STLength()":163377.31312084798},"geometry":{"type":"Polygon","coordinates":[[[21.18884,43.54893],[21.18397,43.54755],[21.18456,43.55189],[21.17544,43.5461],[21.17138,43.54651],[21.17132,43.54812],[21.16901,43.54859],[21.16783,43.54597],[21.16201,43.54652],[21.16229,43.54801],[21.16031,43.5465],[21.15923,43.5424],[21.15743,43.54385],[21.15299,43.54037],[21.15281,43.53877],[21.15585,43.53629],[21.15581,43.52642],[21.14457,43.52172],[21.14746,43.51689],[21.14195,43.51347],[21.13849,43.50846],[21.13483,43.50593],[21.12811,43.50628],[21.12592,43.50837],[21.11915,43.50832],[21.11611,43.51018],[21.10661,43.50381],[21.10353,43.50738],[21.09928,43.50817],[21.1,43.50908],[21.09702,43.51087],[21.0997,43.51143],[21.09855,43.51323],[21.10246,43.51524],[21.1026,43.52015],[21.10049,43.52092],[21.10074,43.52228],[21.09797,43.5209],[21.09446,43.52263],[21.0898,43.51926],[21.08579,43.52223],[21.07802,43.52099],[21.0716,43.51216],[21.06675,43.50972],[21.06407,43.51012],[21.05998,43.50512],[21.05134,43.50909],[21.04553,43.50832],[21.04023,43.51023],[21.03038,43.51682],[21.02419,43.51817],[21.02026,43.52654],[21.01791,43.5271],[21.01503,43.53185],[21.01567,43.53391],[21.01096,43.53486],[21.00713,43.53946],[21.00193,43.53925],[20.997,43.54754],[20.99364,43.5447],[20.9876,43.54364],[20.98155,43.53403],[20.97113,43.53436],[20.96807,43.53288],[20.96844,43.53123],[20.96679,43.52999],[20.96145,43.53087],[20.96004,43.52918],[20.95702,43.52971],[20.95649,43.52785],[20.95131,43.53015],[20.95089,43.52788],[20.9405,43.51919],[20.93488,43.51887],[20.92932,43.52067],[20.90695,43.51441],[20.89988,43.51477],[20.89704,43.51291],[20.88533,43.51432],[20.88294,43.51743],[20.87818,43.51704],[20.87169,43.52083],[20.86632,43.52013],[20.86039,43.5218],[20.86007,43.52392],[20.85239,43.53237],[20.85195,43.53577],[20.84031,43.53571],[20.82894,43.52599],[20.82863,43.52245],[20.82178,43.52144],[20.80919,43.52718],[20.79783,43.52767],[20.79225,43.53376],[20.78697,43.53536],[20.77409,43.52618],[20.77536,43.52412],[20.78157,43.52135],[20.7829,43.51274],[20.78768,43.50983],[20.7898,43.50534],[20.79243,43.50511],[20.7932,43.50005],[20.79512,43.49867],[20.794,43.49509],[20.79677,43.49433],[20.79539,43.49247],[20.7982,43.49229],[20.79982,43.49023],[20.80049,43.48118],[20.80533,43.47857],[20.805,43.47684],[20.80207,43.47699],[20.79648,43.47415],[20.79552,43.46895],[20.79934,43.45708],[20.79822,43.45508],[20.79076,43.45392],[20.79282,43.45297],[20.78957,43.43922],[20.78558,43.43503],[20.78454,43.43024],[20.77935,43.42555],[20.78367,43.417],[20.77892,43.40992],[20.78779,43.40696],[20.79281,43.40102],[20.79702,43.40454],[20.80797,43.40292],[20.81118,43.40033],[20.81337,43.40341],[20.81754,43.40396],[20.81942,43.40161],[20.82151,43.40212],[20.82054,43.4032],[20.82254,43.40477],[20.82495,43.40393],[20.82526,43.40111],[20.83059,43.40335],[20.83071,43.40539],[20.83264,43.40485],[20.83311,43.4027],[20.83529,43.40375],[20.83708,43.40187],[20.84,43.40371],[20.84409,43.40143],[20.84989,43.40164],[20.85088,43.40008],[20.84951,43.39877],[20.85151,43.39957],[20.8522,43.39825],[20.85424,43.40274],[20.86091,43.40279],[20.86343,43.40123],[20.869,43.4032],[20.87068,43.40614],[20.87465,43.40607],[20.88185,43.41105],[20.88133,43.41384],[20.88311,43.41704],[20.88126,43.41903],[20.88183,43.42527],[20.88582,43.42848],[20.88475,43.43231],[20.89666,43.43541],[20.90118,43.43505],[20.90242,43.43789],[20.90586,43.43619],[20.90794,43.43771],[20.91553,43.43825],[20.93131,43.44648],[20.93708,43.45354],[20.94069,43.4551],[20.9454,43.45318],[20.9517,43.45503],[20.95206,43.45044],[20.95758,43.44942],[20.95769,43.44696],[20.96075,43.44668],[20.96494,43.44923],[20.96869,43.45431],[20.97327,43.45329],[20.97791,43.45656],[20.98482,43.45683],[20.99522,43.45106],[20.996,43.44278],[20.9991,43.43823],[21.00247,43.43651],[21.00277,43.43198],[21.00315,43.43305],[21.00626,43.42912],[21.0042,43.42863],[21.01297,43.42667],[21.01302,43.42323],[21.01527,43.41987],[21.02088,43.4192],[21.03286,43.41376],[21.03621,43.41427],[21.03727,43.41697],[21.03616,43.42214],[21.03392,43.42433],[21.03612,43.42625],[21.03607,43.4354],[21.03884,43.43389],[21.04619,43.43905],[21.05001,43.43754],[21.05753,43.43889],[21.06102,43.43378],[21.06777,43.43348],[21.07037,43.43114],[21.07391,43.43117],[21.07606,43.42799],[21.0753,43.42308],[21.07244,43.42297],[21.07259,43.41836],[21.06916,43.41652],[21.07031,43.40782],[21.06696,43.39979],[21.06872,43.39836],[21.06853,43.39446],[21.07246,43.39025],[21.07182,43.3881],[21.07564,43.38622],[21.07807,43.38681],[21.08198,43.3939],[21.08398,43.39386],[21.08308,43.3908],[21.08718,43.38926],[21.09408,43.39115],[21.10223,43.3868],[21.10671,43.38865],[21.11495,43.3878],[21.1199,43.38351],[21.12508,43.38815],[21.12355,43.40059],[21.12721,43.40162],[21.13107,43.4059],[21.13656,43.40071],[21.14429,43.39754],[21.14897,43.39817],[21.14737,43.4001],[21.14195,43.40144],[21.1408,43.40387],[21.14234,43.40897],[21.14591,43.409],[21.14314,43.41145],[21.1447,43.41306],[21.152,43.41744],[21.15769,43.4172],[21.15882,43.4187],[21.16045,43.41716],[21.16195,43.42072],[21.16377,43.4206],[21.16341,43.42209],[21.16524,43.42235],[21.17053,43.42926],[21.1725,43.43545],[21.17478,43.4377],[21.17851,43.43963],[21.18456,43.43876],[21.18493,43.44221],[21.19723,43.45087],[21.20262,43.4596],[21.21272,43.46313],[21.21641,43.46828],[21.21333,43.47047],[21.2124,43.47341],[21.205,43.47707],[21.19975,43.48187],[21.20253,43.48423],[21.20644,43.48421],[21.20438,43.48575],[21.20545,43.48689],[21.21977,43.49196],[21.22088,43.4951],[21.22357,43.49487],[21.22739,43.49954],[21.23389,43.50279],[21.22721,43.50465],[21.20956,43.50319],[21.20643,43.50663],[21.20525,43.51103],[21.20067,43.51293],[21.20262,43.51687],[21.20151,43.51961],[21.20824,43.52506],[21.20612,43.52613],[21.20702,43.5306],[21.20526,43.53399],[21.20441,43.54558],[21.19967,43.54899],[21.18884,43.54893]]]}},{"type":"Feature","properties":{"OBJECTID":90,"Value_e":"KRUŠEVAC-GRAD","Value_sl":"KRUŠEVAC-GRAD","Value_sc":"КРУШЕВАЦ-ГРАД","Municipality_DOM_ID":"70670","Region_DOM_ID":"23","SHAPE.STArea()":853875938.0809371,"SHAPE.STLength()":195344.75172462026},"geometry":{"type":"Polygon","coordinates":[[[21.19468,43.69139],[21.18231,43.69558],[21.179,43.70079],[21.16375,43.69987],[21.16149,43.69904],[21.16218,43.69659],[21.15982,43.69817],[21.15658,43.69697],[21.15763,43.69303],[21.15293,43.6922],[21.15122,43.68951],[21.15274,43.6891],[21.15227,43.68775],[21.15022,43.68805],[21.14856,43.68484],[21.14615,43.68501],[21.14354,43.67944],[21.14068,43.67879],[21.14192,43.67604],[21.14602,43.6737],[21.14335,43.67221],[21.14246,43.66789],[21.14433,43.66493],[21.15433,43.66184],[21.15325,43.65967],[21.15425,43.65754],[21.15948,43.65745],[21.15736,43.6565],[21.15658,43.65235],[21.16448,43.64548],[21.16396,43.64313],[21.16126,43.64141],[21.16317,43.63935],[21.1709,43.63673],[21.1706,43.63552],[21.16617,43.63685],[21.16335,43.63258],[21.16656,43.63107],[21.16619,43.62859],[21.16421,43.62844],[21.16574,43.62727],[21.16492,43.62497],[21.16704,43.62422],[21.16906,43.61957],[21.16196,43.60607],[21.15898,43.60431],[21.15855,43.59857],[21.16286,43.59628],[21.16626,43.59704],[21.16315,43.60318],[21.16537,43.60631],[21.16869,43.60566],[21.17299,43.60073],[21.17739,43.60073],[21.17962,43.60298],[21.18304,43.60124],[21.18418,43.59857],[21.18087,43.59487],[21.18099,43.5925],[21.18768,43.59087],[21.18932,43.5891],[21.18596,43.58425],[21.18008,43.58323],[21.18135,43.58091],[21.16945,43.57261],[21.16909,43.56962],[21.16324,43.56792],[21.16195,43.56986],[21.15871,43.56409],[21.15092,43.55924],[21.14646,43.5466],[21.15199,43.54412],[21.15184,43.54219],[21.15408,43.54575],[21.15559,43.54571],[21.15334,43.54052],[21.15743,43.54385],[21.15923,43.5424],[21.16031,43.5465],[21.16229,43.54801],[21.16201,43.54652],[21.16783,43.54597],[21.16901,43.54859],[21.17132,43.54812],[21.17138,43.54651],[21.17544,43.5461],[21.18456,43.55189],[21.18403,43.54729],[21.18884,43.54893],[21.2014,43.54871],[21.20531,43.54374],[21.20526,43.53399],[21.20702,43.5306],[21.20612,43.52613],[21.20824,43.52506],[21.20151,43.51961],[21.20262,43.51687],[21.20067,43.51293],[21.20525,43.51103],[21.20643,43.50663],[21.20956,43.50319],[21.22721,43.50465],[21.23389,43.50279],[21.22739,43.49954],[21.22357,43.49487],[21.22088,43.4951],[21.21977,43.49196],[21.20545,43.48689],[21.20438,43.48575],[21.20644,43.48421],[21.20253,43.48423],[21.19975,43.48187],[21.205,43.47707],[21.2124,43.47341],[21.21333,43.47047],[21.21641,43.46828],[21.21272,43.46313],[21.20262,43.4596],[21.19723,43.45087],[21.18493,43.44221],[21.18456,43.43876],[21.17851,43.43963],[21.1755,43.43832],[21.1725,43.43545],[21.17053,43.42926],[21.16524,43.42235],[21.16341,43.42209],[21.16377,43.4206],[21.16195,43.42072],[21.16045,43.41716],[21.15882,43.4187],[21.15769,43.4172],[21.15006,43.41687],[21.14314,43.41145],[21.1446,43.40904],[21.15613,43.40362],[21.16003,43.40372],[21.16118,43.40727],[21.17562,43.40574],[21.17822,43.404],[21.18628,43.4037],[21.19394,43.40541],[21.19922,43.40089],[21.19921,43.39452],[21.19793,43.39315],[21.20682,43.39225],[21.21499,43.39552],[21.218,43.38785],[21.22284,43.38425],[21.22213,43.38023],[21.22362,43.37593],[21.23137,43.37779],[21.23892,43.37349],[21.24457,43.37448],[21.25273,43.37332],[21.25476,43.37899],[21.26362,43.38235],[21.27133,43.38059],[21.28135,43.38338],[21.28406,43.38794],[21.28383,43.39123],[21.29361,43.39136],[21.29585,43.38882],[21.29988,43.3898],[21.30429,43.39331],[21.31168,43.39282],[21.31222,43.39496],[21.31461,43.39594],[21.3222,43.39653],[21.32868,43.39899],[21.3345,43.39752],[21.34249,43.39973],[21.35191,43.40669],[21.35903,43.40551],[21.36517,43.40199],[21.36674,43.39931],[21.37201,43.40005],[21.37526,43.39855],[21.37819,43.39445],[21.38248,43.39399],[21.39342,43.39779],[21.40894,43.39676],[21.41326,43.40175],[21.42417,43.398],[21.4323,43.39779],[21.45252,43.38592],[21.4653,43.38296],[21.46887,43.38608],[21.47428,43.38596],[21.47767,43.37991],[21.48013,43.37898],[21.48068,43.38444],[21.4923,43.38723],[21.49993,43.3871],[21.50401,43.39063],[21.51415,43.39405],[21.52526,43.40398],[21.52384,43.40452],[21.52626,43.40524],[21.52433,43.40724],[21.52728,43.41088],[21.53093,43.41023],[21.53606,43.41352],[21.53802,43.41136],[21.54397,43.41114],[21.5487,43.41291],[21.55172,43.41697],[21.56017,43.41901],[21.57114,43.42558],[21.57391,43.43444],[21.57719,43.43934],[21.58049,43.44127],[21.57132,43.44771],[21.56347,43.44726],[21.56088,43.44877],[21.56054,43.45169],[21.56334,43.45191],[21.56313,43.45352],[21.55648,43.45671],[21.55358,43.46591],[21.54749,43.47201],[21.54801,43.47507],[21.55314,43.47847],[21.55479,43.48636],[21.56296,43.49769],[21.56257,43.50341],[21.56793,43.51054],[21.56734,43.5153],[21.57559,43.52392],[21.57525,43.52904],[21.57702,43.53332],[21.56983,43.54272],[21.55757,43.54337],[21.55154,43.54615],[21.55252,43.54686],[21.54922,43.55242],[21.54997,43.55668],[21.54314,43.56852],[21.54841,43.57079],[21.54866,43.57441],[21.53538,43.58152],[21.53432,43.5875],[21.5294,43.59117],[21.52879,43.59617],[21.53458,43.59859],[21.53635,43.60398],[21.54378,43.60974],[21.54381,43.61535],[21.54085,43.61524],[21.53936,43.61321],[21.52986,43.60937],[21.51604,43.61825],[21.51083,43.61361],[21.51161,43.60796],[21.50512,43.60545],[21.49976,43.60667],[21.49529,43.61146],[21.49049,43.61164],[21.49002,43.6072],[21.48845,43.60677],[21.49149,43.60119],[21.48051,43.59972],[21.47543,43.59557],[21.45885,43.5901],[21.45144,43.59086],[21.44282,43.59787],[21.44697,43.60901],[21.44483,43.61259],[21.44193,43.61373],[21.44011,43.62144],[21.43446,43.62147],[21.43055,43.61927],[21.42201,43.62114],[21.41919,43.6276],[21.40865,43.62905],[21.40081,43.63394],[21.40019,43.63973],[21.39598,43.64308],[21.39279,43.6423],[21.38939,43.64504],[21.38271,43.64698],[21.37646,43.63898],[21.36146,43.63749],[21.35352,43.6396],[21.35022,43.64324],[21.33932,43.64315],[21.33763,43.6455],[21.33809,43.64925],[21.33669,43.64998],[21.32581,43.6473],[21.32444,43.65215],[21.32131,43.65464],[21.31979,43.66223],[21.32348,43.66921],[21.32623,43.66824],[21.32682,43.67288],[21.32253,43.67347],[21.32094,43.67727],[21.3185,43.67759],[21.32044,43.6787],[21.31622,43.68083],[21.31519,43.68413],[21.31098,43.68166],[21.30985,43.68271],[21.30793,43.68118],[21.30543,43.68273],[21.30019,43.68169],[21.29688,43.67434],[21.29196,43.67455],[21.2805,43.67775],[21.26905,43.67652],[21.24906,43.68045],[21.24487,43.67928],[21.24077,43.68373],[21.23751,43.68223],[21.23523,43.68423],[21.22205,43.68317],[21.21615,43.68567],[21.2123,43.68497],[21.20502,43.6867],[21.20226,43.68486],[21.19468,43.69139]]]}},{"type":"Feature","properties":{"OBJECTID":94,"Value_e":"TRSTENIK","Value_sl":"TRSTENIK","Value_sc":"ТРСТЕНИК","Municipality_DOM_ID":"71170","Region_DOM_ID":"23","SHAPE.STArea()":447681779.14609987,"SHAPE.STLength()":141354.10244991313},"geometry":{"type":"Polygon","coordinates":[[[20.95659,43.75614],[20.95214,43.75482],[20.95039,43.7508],[20.94211,43.74938],[20.93857,43.751],[20.93179,43.74508],[20.92908,43.74466],[20.93416,43.74175],[20.93604,43.73537],[20.93428,43.73177],[20.92744,43.73199],[20.92942,43.7241],[20.92662,43.7174],[20.92734,43.714],[20.92568,43.71219],[20.92683,43.70728],[20.93465,43.69992],[20.93325,43.69883],[20.9343,43.69577],[20.93247,43.6934],[20.92428,43.69195],[20.92146,43.6891],[20.90725,43.6839],[20.90178,43.67547],[20.90237,43.66995],[20.90074,43.66896],[20.90189,43.66848],[20.90097,43.66709],[20.89706,43.66773],[20.89159,43.66583],[20.89295,43.66507],[20.89171,43.66368],[20.89594,43.6609],[20.90734,43.65775],[20.91178,43.658],[20.9178,43.66276],[20.92137,43.66293],[20.92726,43.65812],[20.92813,43.65023],[20.9247,43.64742],[20.92684,43.64561],[20.93855,43.64795],[20.94245,43.64143],[20.95694,43.64091],[20.95908,43.64017],[20.95763,43.63818],[20.95918,43.63666],[20.96752,43.6344],[20.95888,43.62486],[20.9551,43.62639],[20.94607,43.62095],[20.94821,43.61804],[20.94561,43.61447],[20.93573,43.61155],[20.92649,43.6119],[20.92335,43.60858],[20.92464,43.60572],[20.92352,43.60371],[20.92427,43.59928],[20.91942,43.58984],[20.92311,43.58597],[20.92115,43.58024],[20.92281,43.57785],[20.92163,43.57514],[20.93384,43.57458],[20.93669,43.57142],[20.93235,43.56507],[20.93672,43.5592],[20.93427,43.55311],[20.93908,43.55022],[20.93942,43.54808],[20.93789,43.54748],[20.94386,43.54579],[20.94376,43.54339],[20.94143,43.54147],[20.9413,43.53644],[20.9475,43.5332],[20.94945,43.53049],[20.9551,43.52952],[20.95649,43.52785],[20.95702,43.52971],[20.96004,43.52918],[20.96145,43.53087],[20.96679,43.52999],[20.96844,43.53123],[20.96807,43.53288],[20.97113,43.53436],[20.98155,43.53403],[20.9876,43.54364],[20.99364,43.5447],[20.997,43.54754],[21.00193,43.53925],[21.00713,43.53946],[21.01096,43.53486],[21.01567,43.53391],[21.01503,43.53185],[21.01791,43.5271],[21.02026,43.52654],[21.02419,43.51817],[21.03038,43.51682],[21.04491,43.50842],[21.05134,43.50909],[21.05998,43.50512],[21.06407,43.51012],[21.06675,43.50972],[21.0716,43.51216],[21.07802,43.52099],[21.08579,43.52223],[21.0898,43.51926],[21.09446,43.52263],[21.09797,43.5209],[21.10074,43.52228],[21.10049,43.52092],[21.1026,43.52015],[21.10191,43.51416],[21.09945,43.51427],[21.0997,43.51143],[21.09702,43.51087],[21.1,43.50908],[21.09928,43.50817],[21.10353,43.50738],[21.10648,43.50384],[21.11384,43.50748],[21.11611,43.51018],[21.11915,43.50832],[21.12592,43.50837],[21.12799,43.50629],[21.13657,43.50695],[21.14195,43.51347],[21.14746,43.51689],[21.14457,43.52172],[21.15581,43.52642],[21.15585,43.53629],[21.15274,43.53924],[21.15563,43.54567],[21.15408,43.54575],[21.15184,43.54219],[21.15199,43.54412],[21.14646,43.5466],[21.14916,43.55626],[21.15095,43.55742],[21.1499,43.55785],[21.15871,43.56409],[21.16195,43.56986],[21.16324,43.56792],[21.16909,43.56962],[21.16945,43.57261],[21.18135,43.58091],[21.18008,43.58323],[21.18596,43.58425],[21.1863,43.58641],[21.18924,43.58861],[21.18768,43.59087],[21.18099,43.5925],[21.18087,43.59487],[21.18418,43.59857],[21.18304,43.60124],[21.17962,43.60298],[21.17739,43.60073],[21.17299,43.60073],[21.16869,43.60566],[21.16537,43.60631],[21.16315,43.60318],[21.16626,43.59704],[21.16286,43.59628],[21.15855,43.59857],[21.15898,43.60431],[21.16196,43.60607],[21.16906,43.61957],[21.16704,43.62422],[21.16492,43.62497],[21.16574,43.62727],[21.16421,43.62844],[21.16619,43.62859],[21.16656,43.63107],[21.16335,43.63258],[21.16617,43.63685],[21.1706,43.63552],[21.1709,43.63673],[21.16317,43.63935],[21.16126,43.64141],[21.16396,43.64313],[21.16448,43.64548],[21.15658,43.65235],[21.15736,43.6565],[21.15948,43.65745],[21.15425,43.65754],[21.15325,43.65967],[21.15433,43.66184],[21.14433,43.66493],[21.14246,43.66789],[21.14335,43.67221],[21.14602,43.6737],[21.14192,43.67604],[21.14068,43.67879],[21.14354,43.67944],[21.14615,43.68501],[21.14856,43.68484],[21.15022,43.68805],[21.15227,43.68775],[21.15274,43.6891],[21.15122,43.68951],[21.15293,43.6922],[21.15763,43.69303],[21.15658,43.69697],[21.15982,43.69817],[21.16218,43.69659],[21.1625,43.69948],[21.17543,43.70023],[21.17469,43.70129],[21.17211,43.70359],[21.1667,43.7035],[21.16389,43.70734],[21.15936,43.70575],[21.15779,43.71009],[21.1558,43.70927],[21.15139,43.71297],[21.14127,43.71275],[21.14133,43.71484],[21.13948,43.71553],[21.13121,43.7151],[21.12967,43.71791],[21.13089,43.71856],[21.1255,43.72096],[21.12255,43.72672],[21.11777,43.72665],[21.1129,43.72981],[21.10887,43.72966],[21.1056,43.73407],[21.10053,43.7365],[21.08719,43.7361],[21.08816,43.73307],[21.08709,43.73183],[21.07774,43.72924],[21.07755,43.73083],[21.0733,43.73261],[21.07372,43.73406],[21.06818,43.73601],[21.06644,43.73933],[21.0618,43.74151],[21.0588,43.73999],[21.05682,43.742],[21.05647,43.73984],[21.05025,43.74085],[21.0488,43.73951],[21.04574,43.74279],[21.04143,43.74353],[21.04124,43.74532],[21.03896,43.74598],[21.03222,43.74124],[21.02326,43.74564],[21.02394,43.74691],[21.01655,43.74693],[21.0145,43.749],[21.00796,43.74848],[21.00804,43.75408],[21.00545,43.75592],[20.99681,43.75405],[20.99283,43.74953],[20.99371,43.74836],[20.98941,43.74554],[20.9827,43.74802],[20.97627,43.74617],[20.97544,43.7441],[20.97185,43.74253],[20.97087,43.74677],[20.96735,43.75051],[20.96331,43.75391],[20.95659,43.75614]]]}},{"type":"Feature","properties":{"OBJECTID":95,"Value_e":"ĆIĆEVAC","Value_sl":"ĆIĆEVAC","Value_sc":"ЋИЋЕВАЦ","Municipality_DOM_ID":"71196","Region_DOM_ID":"23","SHAPE.STArea()":123792526.6359465,"SHAPE.STLength()":82055.58296819872},"geometry":{"type":"Polygon","coordinates":[[[21.48627,43.74141],[21.48374,43.74646],[21.47835,43.7512],[21.48001,43.75299],[21.4817,43.76376],[21.47747,43.76623],[21.46764,43.76485],[21.46483,43.76268],[21.45169,43.75934],[21.44454,43.75463],[21.44426,43.75189],[21.43725,43.75264],[21.42753,43.74905],[21.4281,43.74669],[21.4249,43.74661],[21.42076,43.74347],[21.41978,43.74001],[21.41181,43.73802],[21.40937,43.73398],[21.39803,43.72969],[21.38883,43.73098],[21.38508,43.73553],[21.38488,43.74187],[21.38154,43.74433],[21.37176,43.7453],[21.36945,43.74017],[21.36963,43.73167],[21.3747,43.72188],[21.37854,43.72037],[21.3971,43.72059],[21.40658,43.71559],[21.41818,43.71551],[21.42019,43.71292],[21.41958,43.71005],[21.42508,43.70391],[21.42329,43.70116],[21.41955,43.70069],[21.41109,43.70868],[21.40839,43.70821],[21.40613,43.70664],[21.40291,43.6976],[21.38765,43.68626],[21.38682,43.6797],[21.39266,43.67731],[21.39552,43.67022],[21.38847,43.66462],[21.38114,43.67029],[21.37587,43.66918],[21.37554,43.66638],[21.38003,43.65927],[21.38186,43.64769],[21.38939,43.64504],[21.39212,43.64252],[21.39686,43.64262],[21.40019,43.63973],[21.40081,43.63394],[21.40865,43.62905],[21.41919,43.6276],[21.4225,43.6209],[21.43055,43.61927],[21.43446,43.62147],[21.43993,43.62159],[21.44193,43.61373],[21.44483,43.61259],[21.44697,43.60901],[21.44282,43.59787],[21.45144,43.59086],[21.45885,43.5901],[21.47543,43.59557],[21.48051,43.59972],[21.49149,43.60119],[21.48897,43.60449],[21.48845,43.60677],[21.49002,43.6072],[21.49058,43.61135],[21.48738,43.61373],[21.4877,43.61669],[21.49141,43.61985],[21.50406,43.61779],[21.50702,43.62135],[21.50468,43.62451],[21.49687,43.62686],[21.48801,43.62227],[21.48462,43.62399],[21.48412,43.62853],[21.4894,43.63521],[21.48867,43.64433],[21.48281,43.6512],[21.48069,43.65703],[21.47528,43.66257],[21.47262,43.66253],[21.46767,43.65729],[21.4661,43.65749],[21.46846,43.65973],[21.46116,43.67018],[21.46378,43.68328],[21.47495,43.68905],[21.47862,43.68886],[21.47542,43.69046],[21.47818,43.69645],[21.48127,43.69762],[21.48195,43.69525],[21.48479,43.69407],[21.48941,43.69561],[21.48981,43.69223],[21.49814,43.68879],[21.49988,43.69146],[21.50183,43.70609],[21.50421,43.70881],[21.51164,43.7134],[21.51206,43.71196],[21.52492,43.71407],[21.52435,43.72082],[21.52578,43.72208],[21.52108,43.72997],[21.51841,43.72863],[21.5154,43.73003],[21.51664,43.73167],[21.51215,43.73175],[21.50252,43.74241],[21.48987,43.74009],[21.48627,43.74141]]]}},{"type":"Feature","properties":{"OBJECTID":100,"Value_e":"VARVARIN","Value_sl":"VARVARIN","Value_sc":"ВАРВАРИН","Municipality_DOM_ID":"70378","Region_DOM_ID":"23","SHAPE.STArea()":249360247.62661892,"SHAPE.STLength()":133727.8948238368},"geometry":{"type":"Polygon","coordinates":[[[21.28467,43.85],[21.27866,43.85455],[21.27564,43.85307],[21.26924,43.8542],[21.26414,43.847],[21.26085,43.84483],[21.26058,43.83056],[21.25843,43.82791],[21.25914,43.82135],[21.26635,43.81506],[21.2645,43.81205],[21.25494,43.80684],[21.25331,43.80347],[21.25291,43.79432],[21.25039,43.79345],[21.24903,43.78934],[21.24247,43.7864],[21.22559,43.78481],[21.22372,43.78357],[21.22526,43.78005],[21.22374,43.77994],[21.21871,43.77316],[21.21294,43.77034],[21.21096,43.77143],[21.20862,43.76688],[21.20677,43.76737],[21.20538,43.76496],[21.19886,43.77071],[21.2001,43.76818],[21.197,43.76696],[21.19211,43.7678],[21.19176,43.766],[21.19431,43.76449],[21.18833,43.7627],[21.18427,43.75757],[21.18061,43.75715],[21.17935,43.7542],[21.17508,43.75758],[21.17746,43.76138],[21.17449,43.75973],[21.17509,43.76462],[21.16504,43.76283],[21.15699,43.76985],[21.14945,43.77296],[21.14413,43.76899],[21.14589,43.75854],[21.14377,43.75717],[21.14309,43.7464],[21.14459,43.74557],[21.14359,43.74243],[21.15085,43.73442],[21.14626,43.73439],[21.1422,43.73187],[21.13784,43.73297],[21.13797,43.72984],[21.1326,43.73106],[21.1266,43.73009],[21.12236,43.7268],[21.1255,43.72096],[21.13089,43.71856],[21.12967,43.71791],[21.13121,43.7151],[21.13948,43.71553],[21.14133,43.71484],[21.14127,43.71275],[21.15139,43.71297],[21.1558,43.70927],[21.15779,43.71009],[21.15936,43.70575],[21.16389,43.70734],[21.1667,43.7035],[21.17211,43.70359],[21.17543,43.70023],[21.179,43.70079],[21.18231,43.69558],[21.19468,43.69139],[21.20226,43.68486],[21.20502,43.6867],[21.2123,43.68497],[21.21615,43.68567],[21.22205,43.68317],[21.23523,43.68423],[21.23751,43.68223],[21.24077,43.68373],[21.24487,43.67928],[21.24906,43.68045],[21.26905,43.67652],[21.2805,43.67775],[21.29688,43.67434],[21.30019,43.68169],[21.30543,43.68273],[21.30793,43.68118],[21.30985,43.68271],[21.31098,43.68166],[21.31519,43.68413],[21.31622,43.68083],[21.32044,43.6787],[21.3185,43.67759],[21.32094,43.67727],[21.32253,43.67347],[21.32682,43.67288],[21.32623,43.66824],[21.32348,43.66921],[21.31979,43.66223],[21.32131,43.65464],[21.32444,43.65215],[21.32581,43.6473],[21.33669,43.64998],[21.33809,43.64925],[21.33763,43.6455],[21.33932,43.64315],[21.35022,43.64324],[21.35352,43.6396],[21.35997,43.63763],[21.37646,43.63898],[21.38236,43.6468],[21.38003,43.65927],[21.37554,43.66638],[21.37587,43.66918],[21.38114,43.67029],[21.38847,43.66462],[21.39552,43.67022],[21.39266,43.67731],[21.38682,43.6797],[21.38765,43.68626],[21.40291,43.6976],[21.40613,43.70664],[21.40839,43.70821],[21.41109,43.70868],[21.41955,43.70069],[21.42502,43.70295],[21.42463,43.70513],[21.41958,43.71005],[21.42019,43.71292],[21.41818,43.71551],[21.40658,43.71559],[21.3971,43.72059],[21.37755,43.72059],[21.37333,43.72369],[21.36963,43.73167],[21.36907,43.7383],[21.37176,43.7453],[21.3837,43.74317],[21.38574,43.73921],[21.38508,43.73553],[21.38883,43.73098],[21.39175,43.72998],[21.39803,43.72969],[21.41059,43.73488],[21.41288,43.73979],[21.41171,43.74362],[21.40686,43.74849],[21.40234,43.74895],[21.3974,43.7526],[21.39952,43.76009],[21.40444,43.76068],[21.4079,43.76478],[21.40275,43.76907],[21.39922,43.76843],[21.39365,43.76522],[21.39184,43.75997],[21.3871,43.75585],[21.38398,43.75595],[21.38432,43.75457],[21.38086,43.7547],[21.37526,43.75809],[21.37555,43.75612],[21.37433,43.75604],[21.36853,43.75837],[21.36806,43.76019],[21.36982,43.76165],[21.37679,43.76393],[21.38614,43.77151],[21.39265,43.77367],[21.39659,43.78114],[21.39473,43.78455],[21.39158,43.78618],[21.38165,43.78556],[21.37913,43.78258],[21.37789,43.77399],[21.37358,43.77277],[21.3652,43.78249],[21.37118,43.7886],[21.37213,43.79186],[21.36547,43.79622],[21.34788,43.79593],[21.34493,43.79332],[21.33605,43.7905],[21.33769,43.78832],[21.33472,43.78901],[21.33239,43.79574],[21.33201,43.79052],[21.32529,43.7911],[21.3262,43.78666],[21.30362,43.7838],[21.29645,43.78425],[21.29464,43.78255],[21.29304,43.78429],[21.29267,43.78285],[21.28398,43.78211],[21.28183,43.78443],[21.28004,43.78361],[21.27802,43.78556],[21.27073,43.78738],[21.26778,43.79102],[21.26682,43.79523],[21.27183,43.79742],[21.27188,43.80373],[21.27663,43.80479],[21.27619,43.81213],[21.27824,43.81274],[21.2784,43.81532],[21.28269,43.8199],[21.28197,43.82899],[21.28426,43.83241],[21.28707,43.83357],[21.28475,43.83458],[21.28538,43.83928],[21.28866,43.84046],[21.28331,43.84354],[21.28264,43.84552],[21.28467,43.85]]]}},{"type":"Feature","properties":{"OBJECTID":177,"Value_e":"MALI IĐOŠ","Value_sl":"MALI IĐOŠ","Value_sc":"МАЛИ ИЂОШ","Municipality_DOM_ID":"80241","Region_DOM_ID":"24","SHAPE.STArea()":181101206.31097645,"SHAPE.STLength()":55074.652580315436},"geometry":{"type":"Polygon","coordinates":[[[19.76688,45.7319],[19.74286,45.76462],[19.69512,45.75581],[19.64184,45.75563],[19.59495,45.73111],[19.58328,45.72061],[19.57169,45.70391],[19.61877,45.67849],[19.6277,45.66354],[19.59837,45.6481],[19.70523,45.61226],[19.72903,45.61679],[19.7425,45.62362],[19.75348,45.63936],[19.75074,45.65907],[19.7604,45.66852],[19.76705,45.68319],[19.78244,45.7055],[19.76688,45.7319]]]}},{"type":"Feature","properties":{"OBJECTID":183,"Value_e":"BAČKA TOPOLA","Value_sl":"BAČKA TOPOLA","Value_sc":"БАЧКА ТОПОЛА","Municipality_DOM_ID":"80071","Region_DOM_ID":"24","SHAPE.STArea()":595711214.8274248,"SHAPE.STLength()":133620.51955980866},"geometry":{"type":"Polygon","coordinates":[[[19.43747,45.9434],[19.37462,45.94117],[19.33357,45.91468],[19.35831,45.88211],[19.3612,45.86286],[19.3601,45.85007],[19.36217,45.84022],[19.3795,45.82327],[19.39547,45.81745],[19.42181,45.79522],[19.45547,45.75314],[19.50351,45.72641],[19.53416,45.74773],[19.54673,45.75457],[19.57202,45.73558],[19.57149,45.73425],[19.57473,45.73179],[19.5804,45.73149],[19.58691,45.72754],[19.61251,45.73921],[19.6338,45.75242],[19.64184,45.75563],[19.69512,45.75581],[19.74286,45.76462],[19.76688,45.7319],[19.83919,45.74962],[19.87844,45.76344],[19.87448,45.76831],[19.87515,45.77247],[19.87222,45.77318],[19.87058,45.77604],[19.86564,45.77598],[19.86312,45.77759],[19.8611,45.77946],[19.8633,45.7815],[19.86073,45.78431],[19.858,45.78308],[19.85613,45.79761],[19.86481,45.79859],[19.86207,45.8138],[19.85968,45.81354],[19.85881,45.81928],[19.82787,45.8108],[19.82029,45.8233],[19.82256,45.83981],[19.81931,45.84795],[19.78856,45.88017],[19.78419,45.88732],[19.77408,45.88282],[19.76721,45.89151],[19.72679,45.86897],[19.72989,45.85065],[19.71768,45.84908],[19.71616,45.8581],[19.6987,45.85586],[19.68541,45.90287],[19.6624,45.89596],[19.60671,45.88625],[19.60613,45.88842],[19.57279,45.87831],[19.55199,45.86608],[19.53204,45.88215],[19.52937,45.90312],[19.52277,45.90986],[19.49465,45.92533],[19.47264,45.93104],[19.43747,45.9434]]]}},{"type":"Feature","properties":{"OBJECTID":190,"Value_e":"SUBOTICA-GRAD","Value_sl":"SUBOTICA-GRAD","Value_sc":"СУБОТИЦА-ГРАД","Municipality_DOM_ID":"80438","Region_DOM_ID":"24","SHAPE.STArea()":1007438620.8838931,"SHAPE.STLength()":164783.16352136966},"geometry":{"type":"Polygon","coordinates":[[[19.7179,46.17173],[19.71769,46.176],[19.70331,46.18398],[19.69982,46.18747],[19.69645,46.18747],[19.6863,46.1818],[19.68652,46.18011],[19.68255,46.17975],[19.67657,46.18185],[19.67029,46.18657],[19.66958,46.18403],[19.66154,46.19006],[19.63126,46.1692],[19.56746,46.17875],[19.55978,46.17394],[19.56317,46.16986],[19.55861,46.16803],[19.56035,46.16626],[19.52653,46.14765],[19.51685,46.15183],[19.50244,46.14209],[19.50942,46.13735],[19.50808,46.13359],[19.52702,46.12094],[19.50902,46.11072],[19.4858,46.10347],[19.48185,46.1048],[19.48035,46.10176],[19.47079,46.0966],[19.46443,46.09528],[19.46694,46.08901],[19.46653,46.08166],[19.43977,46.06718],[19.42299,46.05486],[19.41543,46.04575],[19.39508,46.04201],[19.38019,46.03581],[19.36417,46.05218],[19.28163,46.01454],[19.30578,45.98828],[19.31824,45.97731],[19.32957,45.96025],[19.34775,45.96555],[19.34544,45.93741],[19.3484,45.93496],[19.36296,45.94346],[19.37822,45.94071],[19.39841,45.94289],[19.43591,45.94394],[19.47264,45.93104],[19.49465,45.92533],[19.52277,45.90986],[19.52943,45.90315],[19.5322,45.88216],[19.55199,45.86608],[19.57279,45.87831],[19.60613,45.88842],[19.60671,45.88625],[19.6624,45.89596],[19.68541,45.90287],[19.6987,45.85586],[19.71616,45.8581],[19.71768,45.84908],[19.72989,45.85065],[19.72679,45.86897],[19.76721,45.89151],[19.77408,45.88282],[19.78419,45.88732],[19.78875,45.88028],[19.82452,45.89973],[19.82154,45.90292],[19.82728,45.9037],[19.80934,45.92672],[19.81185,45.98042],[19.82982,46.0062],[19.86309,46.04359],[19.86793,46.05653],[19.8651,46.08225],[19.86687,46.10287],[19.87576,46.10297],[19.88335,46.1061],[19.88684,46.10983],[19.89176,46.11996],[19.89562,46.12368],[19.86543,46.15024],[19.85342,46.14968],[19.84434,46.14132],[19.81816,46.12787],[19.80172,46.13496],[19.79731,46.13948],[19.79153,46.13931],[19.7807,46.14455],[19.77179,46.14416],[19.7585,46.14788],[19.74841,46.1565],[19.74104,46.16566],[19.73405,46.16984],[19.72706,46.16812],[19.7179,46.17173]]]}},{"type":"Feature","properties":{"OBJECTID":28,"Value_e":"ODŽACI","Value_sl":"ODŽACI","Value_sc":"ОЏАЦИ","Municipality_DOM_ID":"80306","Region_DOM_ID":"25","SHAPE.STArea()":410335682.64453185,"SHAPE.STLength()":124296.14074219344},"geometry":{"type":"Polygon","coordinates":[[[19.2794,45.64144],[19.26176,45.65407],[19.25358,45.65193],[19.23411,45.65215],[19.21199,45.63233],[19.22366,45.6294],[19.23444,45.61353],[19.24253,45.59098],[19.23571,45.58361],[19.1891,45.57382],[19.18746,45.56929],[19.18109,45.56753],[19.15581,45.56964],[19.15113,45.57371],[19.14038,45.56507],[19.1399,45.5606],[19.1373,45.55645],[19.13116,45.55214],[19.11153,45.54963],[19.10781,45.54712],[19.10568,45.54225],[19.09787,45.54512],[19.08952,45.54557],[19.08454,45.54066],[19.0772,45.52839],[19.09254,45.52245],[19.10004,45.51613],[19.10206,45.51179],[19.10205,45.5071],[19.09833,45.499],[19.09192,45.49285],[19.07835,45.48713],[19.05336,45.48423],[19.03328,45.48586],[19.03023,45.47854],[19.03288,45.47173],[19.04022,45.46635],[19.05333,45.46422],[19.05642,45.46518],[19.0542,45.46883],[19.05612,45.47213],[19.07344,45.47452],[19.07509,45.47335],[19.07436,45.47017],[19.07729,45.46038],[19.11308,45.45941],[19.11713,45.45422],[19.11357,45.452],[19.114,45.44784],[19.10661,45.44397],[19.10935,45.44221],[19.11572,45.44275],[19.11955,45.44554],[19.12138,45.44303],[19.15215,45.44086],[19.15572,45.44391],[19.15619,45.44844],[19.16247,45.45016],[19.19204,45.44239],[19.19783,45.43895],[19.19594,45.43665],[19.20014,45.43417],[19.19878,45.42948],[19.20125,45.42684],[19.20049,45.42124],[19.20652,45.42244],[19.21291,45.42754],[19.22036,45.42612],[19.274,45.43487],[19.27609,45.44591],[19.27987,45.45358],[19.28166,45.45439],[19.30065,45.43451],[19.30717,45.42562],[19.33807,45.43634],[19.35177,45.43669],[19.37452,45.43377],[19.38559,45.44345],[19.38615,45.44585],[19.37635,45.45465],[19.37331,45.46204],[19.37292,45.48621],[19.41816,45.50193],[19.41248,45.51051],[19.41604,45.52517],[19.40477,45.52576],[19.38341,45.53716],[19.38286,45.53909],[19.36884,45.53887],[19.35769,45.54668],[19.35164,45.54887],[19.35638,45.55129],[19.35445,45.55333],[19.35847,45.55527],[19.3522,45.56188],[19.35613,45.56369],[19.35414,45.56582],[19.36837,45.56465],[19.36087,45.57275],[19.36845,45.57632],[19.36364,45.58151],[19.37928,45.58984],[19.38188,45.59358],[19.3651,45.606],[19.34871,45.60135],[19.32131,45.59922],[19.31431,45.62016],[19.32909,45.63232],[19.3323,45.63732],[19.33172,45.63883],[19.31963,45.64253],[19.29753,45.64276],[19.29193,45.6395],[19.2891,45.64216],[19.2794,45.64144]]]}},{"type":"Feature","properties":{"OBJECTID":178,"Value_e":"APATIN","Value_sl":"APATIN","Value_sc":"АПАТИН","Municipality_DOM_ID":"80047","Region_DOM_ID":"25","SHAPE.STArea()":378535332.867064,"SHAPE.STLength()":101731.92101613051},"geometry":{"type":"Polygon","coordinates":[[[18.96993,45.75019],[18.97247,45.75894],[18.97106,45.76326],[18.96667,45.76625],[18.9596,45.76742],[18.95039,45.7639],[18.94769,45.76214],[18.94774,45.76013],[18.91968,45.74562],[18.90829,45.74524],[18.89392,45.75156],[18.89792,45.74089],[18.90309,45.71342],[18.9082,45.70518],[18.92697,45.68954],[18.96413,45.67316],[18.968,45.66689],[18.9663,45.66224],[18.96132,45.65757],[18.93841,45.64323],[18.93118,45.62931],[18.91295,45.62337],[18.90756,45.61958],[18.90603,45.61543],[18.90616,45.60742],[18.90791,45.60408],[18.913,45.60019],[18.9135,45.59617],[18.89625,45.58362],[18.89008,45.57722],[18.88746,45.56992],[18.89013,45.56363],[18.90017,45.55764],[18.91968,45.55376],[18.93628,45.53874],[18.94703,45.53383],[18.95523,45.53263],[18.98104,45.53585],[18.99013,45.53865],[18.99844,45.54376],[19.00772,45.55615],[19.0159,45.55812],[19.0215,45.5565],[19.02592,45.55312],[19.0309,45.53934],[19.03521,45.53419],[19.06367,45.53217],[19.0772,45.52839],[19.08454,45.54066],[19.08952,45.54557],[19.09787,45.54512],[19.10568,45.54225],[19.10781,45.54712],[19.11153,45.54963],[19.12716,45.55132],[19.13483,45.55394],[19.13951,45.55977],[19.14038,45.56507],[19.15113,45.57371],[19.14535,45.57995],[19.14312,45.58953],[19.15189,45.60441],[19.1511,45.60823],[19.15902,45.62206],[19.17218,45.63436],[19.15585,45.64308],[19.13726,45.64286],[19.13895,45.64916],[19.13755,45.65415],[19.13417,45.65813],[19.12507,45.66329],[19.12475,45.67033],[19.14514,45.67922],[19.13515,45.68955],[19.13177,45.70287],[19.12037,45.70403],[19.10979,45.70274],[19.07914,45.70517],[19.05861,45.71018],[19.04415,45.71168],[19.03533,45.72454],[19.05489,45.73505],[19.05724,45.73852],[19.057,45.75155],[19.0275,45.75667],[19.02216,45.75541],[19.00594,45.75667],[18.98885,45.75425],[18.98186,45.75176],[18.96993,45.75019]]]}},{"type":"Feature","properties":{"OBJECTID":181,"Value_e":"KULA","Value_sl":"KULA","Value_sc":"КУЛА","Municipality_DOM_ID":"80233","Region_DOM_ID":"25","SHAPE.STArea()":481503003.52446616,"SHAPE.STLength()":119061.24139214335},"geometry":{"type":"Polygon","coordinates":[[[19.42199,45.795],[19.34555,45.75888],[19.33114,45.74897],[19.3203,45.73207],[19.32987,45.72655],[19.33544,45.71909],[19.33109,45.7218],[19.31347,45.72404],[19.28345,45.73298],[19.28408,45.72526],[19.27972,45.71448],[19.2695,45.70778],[19.32305,45.69776],[19.29142,45.6761],[19.3073,45.6654],[19.32545,45.66511],[19.35292,45.64589],[19.3334,45.63589],[19.3323,45.63732],[19.32909,45.63232],[19.31431,45.62016],[19.32131,45.59922],[19.34871,45.60135],[19.3651,45.606],[19.38188,45.59358],[19.37928,45.58984],[19.36364,45.58151],[19.36845,45.57632],[19.36087,45.57275],[19.36837,45.56465],[19.35414,45.56582],[19.35613,45.56369],[19.3522,45.56188],[19.35847,45.55527],[19.35445,45.55333],[19.35638,45.55129],[19.35164,45.54887],[19.35769,45.54668],[19.36884,45.53887],[19.38286,45.53909],[19.38341,45.53716],[19.40477,45.52576],[19.41604,45.52517],[19.42804,45.52774],[19.43622,45.53175],[19.46161,45.5387],[19.48189,45.52757],[19.49153,45.52447],[19.5155,45.53501],[19.52805,45.54227],[19.53133,45.56842],[19.54173,45.57254],[19.57612,45.5751],[19.57208,45.598],[19.57351,45.60689],[19.57696,45.61285],[19.59837,45.6481],[19.6277,45.66354],[19.61877,45.67849],[19.57169,45.70391],[19.58328,45.72061],[19.59311,45.73002],[19.59036,45.73001],[19.58691,45.72754],[19.5804,45.73149],[19.57473,45.73179],[19.57149,45.73425],[19.57202,45.73558],[19.54673,45.75457],[19.53416,45.74773],[19.50351,45.72641],[19.45547,45.75314],[19.42199,45.795]]]}},{"type":"Feature","properties":{"OBJECTID":187,"Value_e":"SOMBOR-GRAD","Value_sl":"SOMBOR-GRAD","Value_sc":"СОМБОР-ГРАД","Municipality_DOM_ID":"80381","Region_DOM_ID":"25","SHAPE.STArea()":1217314157.6139088,"SHAPE.STLength()":222399.72159364008},"geometry":{"type":"Polygon","coordinates":[[[19.20492,45.99268],[19.14775,45.99612],[19.14567,46.00134],[19.14721,46.00798],[19.13379,46.03703],[19.11363,46.03796],[19.10464,46.03994],[19.06569,46.00005],[19.07955,45.96353],[19.06339,45.9638],[19.05501,45.96549],[19.03268,45.96465],[19.01877,45.96314],[19.00582,45.95871],[18.99787,45.94621],[19.00885,45.9233],[18.9947,45.92389],[18.98796,45.93221],[18.96202,45.92587],[18.90602,45.93527],[18.88992,45.92138],[18.8865,45.9214],[18.87915,45.91644],[18.87122,45.9162],[18.86463,45.92075],[18.86822,45.91125],[18.82756,45.90479],[18.82164,45.91465],[18.81499,45.90941],[18.82346,45.90309],[18.82765,45.89685],[18.82871,45.87746],[18.83281,45.86869],[18.83804,45.86568],[18.85008,45.86311],[18.85554,45.85955],[18.85755,45.85618],[18.85791,45.84752],[18.85621,45.8384],[18.84714,45.81028],[18.84921,45.79734],[18.85352,45.79118],[18.85754,45.78834],[18.87835,45.78322],[18.88645,45.77861],[18.88993,45.77269],[18.89392,45.75156],[18.90829,45.74524],[18.91968,45.74562],[18.94774,45.76013],[18.94769,45.76214],[18.95039,45.7639],[18.9596,45.76742],[18.96667,45.76625],[18.97106,45.76326],[18.97247,45.75894],[18.96993,45.75019],[19.00594,45.75667],[19.02216,45.75541],[19.0275,45.75667],[19.057,45.75155],[19.05724,45.73852],[19.05489,45.73505],[19.03533,45.72454],[19.04415,45.71168],[19.05861,45.71018],[19.07914,45.70517],[19.10979,45.70274],[19.12037,45.70403],[19.13177,45.70287],[19.13515,45.68955],[19.14514,45.67922],[19.12475,45.67033],[19.12507,45.66329],[19.13417,45.65813],[19.13755,45.65415],[19.13895,45.64916],[19.13726,45.64286],[19.15585,45.64308],[19.17218,45.63436],[19.15902,45.62206],[19.1511,45.60823],[19.15189,45.60441],[19.14312,45.58953],[19.14535,45.57995],[19.15581,45.56964],[19.17798,45.56768],[19.18746,45.56929],[19.1891,45.57382],[19.23571,45.58361],[19.24253,45.59098],[19.23444,45.61353],[19.22366,45.6294],[19.21199,45.63233],[19.23411,45.65215],[19.25358,45.65193],[19.26176,45.65407],[19.2794,45.64144],[19.2891,45.64216],[19.29193,45.6395],[19.29753,45.64276],[19.31963,45.64253],[19.33172,45.63883],[19.3334,45.63589],[19.35286,45.64584],[19.32545,45.66511],[19.3073,45.6654],[19.29142,45.6761],[19.32305,45.69776],[19.2695,45.70778],[19.27972,45.71448],[19.28408,45.72526],[19.28345,45.73298],[19.31347,45.72404],[19.33109,45.7218],[19.33544,45.71909],[19.32987,45.72655],[19.3203,45.73207],[19.33114,45.74897],[19.34555,45.75888],[19.42197,45.79503],[19.39547,45.81745],[19.3795,45.82327],[19.36206,45.84039],[19.3601,45.85007],[19.3612,45.86286],[19.35831,45.88211],[19.33357,45.91468],[19.37462,45.94117],[19.36296,45.94346],[19.3484,45.93496],[19.34544,45.93741],[19.34775,45.96555],[19.32957,45.96025],[19.31824,45.97731],[19.3027,45.99156],[19.29652,45.9878],[19.28535,45.99676],[19.23665,45.99506],[19.23271,45.99934],[19.19952,45.99821],[19.20492,45.99268]]]}},{"type":"Feature","properties":{"OBJECTID":22,"Value_e":"BAČKA PALANKA","Value_sl":"BAČKA PALANKA","Value_sc":"БАЧКА ПАЛАНКА","Municipality_DOM_ID":"80063","Region_DOM_ID":"26","SHAPE.STArea()":591125432.0096698,"SHAPE.STLength()":151674.87728470136},"geometry":{"type":"Polygon","coordinates":[[[19.42519,45.49333],[19.4184,45.50202],[19.373,45.48633],[19.37331,45.46204],[19.37635,45.45465],[19.38615,45.44585],[19.38559,45.44345],[19.37355,45.43222],[19.37145,45.4179],[19.34853,45.41534],[19.32226,45.40834],[19.32223,45.4062],[19.32889,45.39649],[19.32625,45.39555],[19.32606,45.39111],[19.32857,45.38797],[19.32804,45.38426],[19.31348,45.38254],[19.3064,45.38006],[19.30316,45.37648],[19.28816,45.37444],[19.27857,45.36901],[19.27492,45.35952],[19.27591,45.35694],[19.2724,45.356],[19.2661,45.34705],[19.26624,45.33787],[19.26325,45.32842],[19.25935,45.32663],[19.23809,45.32513],[19.21439,45.30726],[19.20103,45.30247],[19.20179,45.28978],[19.18683,45.26729],[19.23962,45.24826],[19.26442,45.24094],[19.28841,45.23602],[19.36565,45.23147],[19.42064,45.23315],[19.42249,45.22429],[19.4278,45.21623],[19.44695,45.19591],[19.44192,45.19358],[19.43557,45.19307],[19.4332,45.18872],[19.42822,45.18766],[19.43579,45.17322],[19.42525,45.16789],[19.42384,45.16289],[19.4266,45.15813],[19.43564,45.15746],[19.44052,45.15123],[19.44165,45.14733],[19.44781,45.14327],[19.45485,45.15014],[19.46078,45.1518],[19.45937,45.15308],[19.46496,45.15859],[19.46313,45.16083],[19.46786,45.16124],[19.47071,45.15904],[19.47258,45.15975],[19.47494,45.15797],[19.48562,45.15645],[19.46934,45.16229],[19.46526,45.16215],[19.46572,45.16566],[19.4746,45.17231],[19.49957,45.16946],[19.50842,45.16565],[19.51704,45.17281],[19.51482,45.1729],[19.50863,45.16826],[19.50617,45.17694],[19.50062,45.1824],[19.5007,45.18551],[19.49633,45.19344],[19.49166,45.19831],[19.49246,45.19916],[19.48226,45.20343],[19.4775,45.20736],[19.47949,45.2127],[19.4828,45.21227],[19.48618,45.20593],[19.49107,45.20569],[19.48678,45.21592],[19.48926,45.22971],[19.49714,45.22893],[19.50906,45.2431],[19.51005,45.24683],[19.52559,45.25279],[19.54383,45.25055],[19.55016,45.27197],[19.54973,45.28197],[19.55977,45.29853],[19.56405,45.31715],[19.56431,45.32992],[19.51611,45.33058],[19.49912,45.35586],[19.48159,45.35151],[19.47854,45.35472],[19.51158,45.3919],[19.51535,45.39029],[19.52389,45.41941],[19.55812,45.42608],[19.57843,45.44707],[19.5734,45.46738],[19.56987,45.4735],[19.56141,45.48002],[19.53429,45.48476],[19.50384,45.47677],[19.49429,45.46793],[19.48897,45.47484],[19.47966,45.48175],[19.47827,45.48577],[19.48071,45.49452],[19.42519,45.49333]]]}},{"type":"Feature","properties":{"OBJECTID":23,"Value_e":"BAČ","Value_sl":"BAČ","Value_sc":"БАЧ","Municipality_DOM_ID":"80055","Region_DOM_ID":"26","SHAPE.STArea()":367185504.5529494,"SHAPE.STLength()":114513.2651061521},"geometry":{"type":"Polygon","coordinates":[[[19.04648,45.46481],[19.04022,45.46635],[19.03196,45.47304],[19.03026,45.47922],[19.03328,45.48586],[19.00984,45.49666],[19.00357,45.49639],[18.99755,45.49207],[18.9906,45.47791],[18.99025,45.46494],[18.9869,45.45433],[18.98784,45.44675],[18.9934,45.44013],[19.02532,45.42543],[19.0306,45.41919],[19.031,45.4133],[19.02647,45.40589],[19.01714,45.40088],[18.98839,45.40029],[18.97896,45.39702],[18.97295,45.39191],[18.96932,45.38591],[18.96905,45.38212],[18.97148,45.37635],[18.98901,45.36402],[19.02933,45.34372],[19.07471,45.34271],[19.08831,45.3388],[19.09539,45.33303],[19.09922,45.32635],[19.1,45.32045],[19.09838,45.30542],[19.10131,45.29897],[19.10457,45.29627],[19.14296,45.28185],[19.16791,45.27562],[19.18683,45.26729],[19.20179,45.28978],[19.20103,45.30247],[19.21439,45.30726],[19.23809,45.32513],[19.25935,45.32663],[19.26325,45.32842],[19.26624,45.33787],[19.2661,45.34705],[19.2724,45.356],[19.27591,45.35694],[19.27492,45.35952],[19.27857,45.36901],[19.28816,45.37444],[19.30316,45.37648],[19.3064,45.38006],[19.31348,45.38254],[19.32804,45.38426],[19.32857,45.38797],[19.32606,45.39111],[19.32625,45.39555],[19.32889,45.39649],[19.32223,45.4062],[19.32226,45.40834],[19.34853,45.41534],[19.37145,45.4179],[19.37452,45.43377],[19.35177,45.43669],[19.33807,45.43634],[19.30717,45.42562],[19.30065,45.43451],[19.28166,45.45439],[19.27987,45.45358],[19.27609,45.44591],[19.274,45.43487],[19.22036,45.42612],[19.21291,45.42754],[19.20652,45.42244],[19.20227,45.42107],[19.20049,45.42124],[19.20125,45.42684],[19.19878,45.42948],[19.20014,45.43417],[19.19582,45.43704],[19.19783,45.43895],[19.18717,45.44383],[19.16247,45.45016],[19.15619,45.44844],[19.15572,45.44391],[19.15215,45.44086],[19.12124,45.44302],[19.11994,45.44542],[19.11579,45.44255],[19.10932,45.44205],[19.10625,45.44404],[19.10776,45.446],[19.1137,45.44799],[19.11326,45.45212],[19.11676,45.45425],[19.11308,45.45941],[19.07729,45.46038],[19.07436,45.47017],[19.07509,45.47335],[19.07344,45.47452],[19.05668,45.47236],[19.0542,45.46883],[19.05642,45.46518],[19.04648,45.46481]]]}},{"type":"Feature","properties":{"OBJECTID":24,"Value_e":"SRBOBRAN","Value_sl":"SRBOBRAN","Value_sc":"СРБОБРАН","Municipality_DOM_ID":"80390","Region_DOM_ID":"26","SHAPE.STArea()":284110158.5724754,"SHAPE.STLength()":89151.6309177264},"geometry":{"type":"MultiPolygon","coordinates":[[[[19.87091,45.59596],[19.89635,45.61562],[19.8781,45.63104],[19.87203,45.63961],[19.86021,45.66386],[19.85679,45.68164],[19.77479,45.69444],[19.76712,45.68317],[19.76046,45.66849],[19.75079,45.65904],[19.75355,45.63935],[19.74255,45.62359],[19.72907,45.61674],[19.70524,45.6122],[19.71281,45.59628],[19.72005,45.58606],[19.72451,45.57129],[19.72085,45.54941],[19.72254,45.52252],[19.74537,45.50027],[19.7791,45.49582],[19.79947,45.48831],[19.82591,45.47315],[19.8459,45.47341],[19.88714,45.48187],[19.91864,45.46869],[19.92502,45.46913],[19.92666,45.47045],[19.92018,45.47444],[19.96569,45.50932],[19.95319,45.51609],[19.94183,45.5331],[19.93994,45.53389],[19.93713,45.54383],[19.92894,45.54488],[19.92055,45.54152],[19.92226,45.5359],[19.92,45.53381],[19.90895,45.53493],[19.90402,45.54018],[19.89598,45.54448],[19.88092,45.5454],[19.87889,45.54256],[19.86884,45.54824],[19.86982,45.5496],[19.86785,45.5548],[19.86925,45.56177],[19.86365,45.56368],[19.86486,45.56596],[19.86223,45.57643],[19.86925,45.57721],[19.87091,45.59596]]],[[[20.05408,45.50791],[20.05831,45.51565],[20.02735,45.50843],[20.03353,45.50326],[20.04422,45.50016],[20.05309,45.50143],[20.05408,45.50791]]]]}},{"type":"Feature","properties":{"OBJECTID":25,"Value_e":"ŽABALJ","Value_sl":"ŽABALJ","Value_sc":"ЖАБАЉ","Municipality_DOM_ID":"80136","Region_DOM_ID":"26","SHAPE.STArea()":399589456.4890333,"SHAPE.STLength()":127081.87591980257},"geometry":{"type":"Polygon","coordinates":[[[20.13118,45.50388],[20.10962,45.52186],[20.08904,45.52324],[20.08607,45.51907],[20.0894,45.50637],[20.08956,45.4935],[20.07505,45.48405],[20.05722,45.47549],[20.05423,45.47678],[20.05461,45.49263],[20.05698,45.49955],[20.05765,45.51105],[20.06061,45.51623],[20.05831,45.51565],[20.05449,45.50889],[20.05309,45.50143],[20.04573,45.50015],[20.03353,45.50326],[20.02735,45.50843],[20.01493,45.50456],[19.98469,45.49944],[19.96601,45.50908],[19.92049,45.47424],[19.92666,45.47045],[19.92453,45.46856],[19.94755,45.4672],[19.95783,45.4644],[19.97185,45.45785],[19.97721,45.45377],[19.95616,45.42587],[19.94097,45.39288],[19.95319,45.38551],[19.94126,45.37049],[19.9283,45.36225],[19.95584,45.35618],[19.98487,45.3438],[19.97335,45.32627],[20.00616,45.30886],[20.00807,45.29862],[20.05379,45.2956],[20.05252,45.30261],[20.07464,45.29929],[20.07754,45.30032],[20.07796,45.3062],[20.11104,45.30857],[20.11385,45.31192],[20.12276,45.31147],[20.14498,45.32415],[20.14731,45.32188],[20.15875,45.33262],[20.1554,45.33728],[20.15536,45.34323],[20.1516,45.34875],[20.16037,45.35654],[20.16721,45.35865],[20.17522,45.35707],[20.18467,45.34675],[20.16532,45.32469],[20.15473,45.31822],[20.24493,45.31734],[20.25084,45.33173],[20.23214,45.3378],[20.23626,45.34579],[20.24606,45.35085],[20.23525,45.35813],[20.21347,45.36469],[20.20214,45.38401],[20.2043,45.39083],[20.21206,45.39803],[20.21602,45.40631],[20.22392,45.41709],[20.22578,45.42701],[20.22507,45.43101],[20.21056,45.42942],[20.20657,45.42486],[20.1993,45.42386],[20.19016,45.42698],[20.18458,45.4263],[20.18412,45.42817],[20.17862,45.43082],[20.15987,45.42808],[20.15107,45.44456],[20.15432,45.44474],[20.15272,45.45551],[20.16151,45.45643],[20.16057,45.45937],[20.18202,45.45894],[20.18491,45.46023],[20.17761,45.46476],[20.17014,45.47277],[20.1547,45.48367],[20.14672,45.49214],[20.14515,45.49142],[20.13846,45.49774],[20.13317,45.49517],[20.12935,45.50247],[20.13118,45.50388]]]}},{"type":"Feature","properties":{"OBJECTID":27,"Value_e":"VRBAS","Value_sl":"VRBAS","Value_sc":"ВРБАС","Municipality_DOM_ID":"80462","Region_DOM_ID":"26","SHAPE.STArea()":375487028.53770894,"SHAPE.STLength()":101097.08522118075},"geometry":{"type":"Polygon","coordinates":[[[19.70524,45.6122],[19.59837,45.6481],[19.59469,45.64275],[19.57351,45.60689],[19.57208,45.598],[19.57612,45.5751],[19.54173,45.57254],[19.53133,45.56842],[19.52805,45.54227],[19.5155,45.53501],[19.49153,45.52447],[19.48189,45.52757],[19.46161,45.5387],[19.41604,45.52517],[19.41248,45.51051],[19.42592,45.4924],[19.48071,45.49452],[19.47827,45.48577],[19.47966,45.48175],[19.48897,45.47484],[19.49429,45.46793],[19.50384,45.47677],[19.53429,45.48476],[19.56141,45.48002],[19.56987,45.4735],[19.5734,45.46738],[19.57843,45.44707],[19.55759,45.42555],[19.57888,45.41614],[19.63432,45.40226],[19.64497,45.4166],[19.65342,45.42154],[19.7025,45.43146],[19.71436,45.42501],[19.72133,45.41724],[19.74587,45.43884],[19.75436,45.44038],[19.75843,45.45279],[19.76237,45.45919],[19.76571,45.48255],[19.76913,45.48789],[19.77909,45.49581],[19.74537,45.50027],[19.72254,45.52252],[19.72085,45.54941],[19.72451,45.57129],[19.72005,45.58606],[19.71281,45.59628],[19.70524,45.6122]]]}},{"type":"Feature","properties":{"OBJECTID":164,"Value_e":"SREMSKI KARLOVCI","Value_sl":"SREMSKI KARLOVCI","Value_sc":"СРЕМСКИ КАРЛОВЦИ","Municipality_DOM_ID":"80411","Region_DOM_ID":"26","SHAPE.STArea()":50495516.73589287,"SHAPE.STLength()":36062.41576712139},"geometry":{"type":"Polygon","coordinates":[[[19.98047,45.20633],[19.95704,45.20282],[19.95105,45.20733],[19.94687,45.20532],[19.92842,45.22636],[19.91551,45.21875],[19.90631,45.20906],[19.89786,45.20587],[19.89747,45.20471],[19.90098,45.2041],[19.90042,45.20204],[19.9056,45.2025],[19.90647,45.19694],[19.90165,45.19004],[19.9031,45.18704],[19.9018,45.18565],[19.90349,45.17545],[19.90181,45.17312],[19.8959,45.1717],[19.89684,45.16748],[19.892,45.16236],[19.89318,45.16058],[19.89122,45.15491],[19.90535,45.14567],[19.90872,45.15133],[19.91271,45.15263],[19.91581,45.1516],[19.9186,45.15354],[19.93772,45.1488],[19.95069,45.1528],[19.95166,45.15052],[19.95773,45.15228],[19.95811,45.15395],[19.9926,45.16547],[19.99865,45.16922],[20.00409,45.17952],[20.00923,45.17873],[20.01298,45.18705],[20.00702,45.19109],[20.01912,45.1998],[20.01723,45.20417],[19.9978,45.19827],[19.98047,45.20633]]]}},{"type":"Feature","properties":{"OBJECTID":168,"Value_e":"BEOČIN","Value_sl":"BEOČIN","Value_sc":"БЕОЧИН","Municipality_DOM_ID":"80101","Region_DOM_ID":"26","SHAPE.STArea()":184178618.9954188,"SHAPE.STLength()":74475.60436883522},"geometry":{"type":"Polygon","coordinates":[[[19.54383,45.25055],[19.52559,45.25279],[19.51005,45.24683],[19.50906,45.2431],[19.49714,45.22893],[19.48926,45.22971],[19.48678,45.21592],[19.49107,45.20569],[19.48618,45.20593],[19.4828,45.21227],[19.47949,45.2127],[19.4775,45.20736],[19.48226,45.20343],[19.49246,45.19916],[19.49166,45.19831],[19.49633,45.19344],[19.5007,45.18551],[19.50062,45.1824],[19.50617,45.17694],[19.50863,45.16826],[19.51482,45.1729],[19.52042,45.17279],[19.52695,45.16733],[19.53124,45.16605],[19.53152,45.16148],[19.53722,45.16305],[19.54168,45.15785],[19.54772,45.16162],[19.56061,45.1591],[19.5675,45.15461],[19.58727,45.1533],[19.59719,45.14984],[19.60213,45.15158],[19.60243,45.14863],[19.61274,45.14257],[19.62145,45.14403],[19.6228,45.14554],[19.6421,45.15102],[19.65388,45.14982],[19.71046,45.15068],[19.7166,45.14787],[19.71394,45.15122],[19.71973,45.15582],[19.72813,45.15311],[19.74054,45.15809],[19.74423,45.15619],[19.75113,45.1564],[19.75958,45.16138],[19.76866,45.1609],[19.77567,45.15773],[19.7813,45.15719],[19.78319,45.15942],[19.78539,45.15915],[19.78332,45.17314],[19.79115,45.17901],[19.79275,45.18191],[19.79216,45.18439],[19.79797,45.19033],[19.79512,45.19333],[19.78798,45.19468],[19.78514,45.19682],[19.78204,45.19582],[19.78316,45.20611],[19.77713,45.21666],[19.78132,45.22497],[19.74108,45.22619],[19.71206,45.23116],[19.69599,45.22571],[19.67587,45.22325],[19.66733,45.22402],[19.63252,45.22155],[19.60414,45.21393],[19.58169,45.21242],[19.57333,45.2154],[19.56585,45.22053],[19.56122,45.22612],[19.55636,45.23716],[19.54327,45.2486],[19.54383,45.25055]]]}},{"type":"Feature","properties":{"OBJECTID":170,"Value_e":"TITEL","Value_sl":"TITEL","Value_sc":"ТИТЕЛ","Municipality_DOM_ID":"80454","Region_DOM_ID":"26","SHAPE.STArea()":259810829.71949056,"SHAPE.STLength()":103444.13589938715},"geometry":{"type":"Polygon","coordinates":[[[20.24493,45.31734],[20.15473,45.31822],[20.16532,45.32469],[20.18467,45.34675],[20.17522,45.35707],[20.16721,45.35865],[20.16037,45.35654],[20.1516,45.34875],[20.15536,45.34323],[20.1554,45.33728],[20.15875,45.33262],[20.14731,45.32188],[20.14498,45.32415],[20.12276,45.31147],[20.11385,45.31192],[20.11107,45.30851],[20.07796,45.3062],[20.07754,45.30032],[20.07617,45.29952],[20.05252,45.30261],[20.06145,45.25287],[20.08329,45.25425],[20.08288,45.24414],[20.08004,45.23508],[20.09114,45.23604],[20.08863,45.22785],[20.10446,45.22932],[20.09714,45.21397],[20.09821,45.20145],[20.09465,45.18459],[20.09631,45.1833],[20.1115,45.19399],[20.11928,45.1944],[20.12993,45.19296],[20.13417,45.19087],[20.15157,45.17816],[20.17428,45.18369],[20.19715,45.17821],[20.19952,45.18226],[20.20294,45.1806],[20.21399,45.17995],[20.22736,45.17581],[20.23377,45.17136],[20.23662,45.1677],[20.23631,45.16549],[20.24076,45.16285],[20.25762,45.15803],[20.2681,45.15156],[20.27236,45.14587],[20.27483,45.1353],[20.27704,45.13632],[20.28129,45.15259],[20.27625,45.16515],[20.27613,45.16898],[20.28054,45.17449],[20.3036,45.17987],[20.30891,45.1847],[20.31401,45.20538],[20.31248,45.21235],[20.31292,45.22299],[20.29004,45.2552],[20.2814,45.26469],[20.27159,45.27278],[20.23977,45.2861],[20.23594,45.29163],[20.23879,45.30382],[20.22888,45.30567],[20.23251,45.31039],[20.23935,45.31249],[20.26493,45.31324],[20.27107,45.31535],[20.26986,45.31863],[20.25052,45.32219],[20.25427,45.32874],[20.26625,45.33103],[20.26803,45.33499],[20.25878,45.34497],[20.24606,45.35085],[20.23626,45.34579],[20.23214,45.3378],[20.25084,45.33173],[20.24493,45.31734]]]}},{"type":"Feature","properties":{"OBJECTID":171,"Value_e":"BAČKI PETROVAC","Value_sl":"BAČKI PETROVAC","Value_sc":"БАЧКИ ПЕТРОВАЦ","Municipality_DOM_ID":"80080","Region_DOM_ID":"26","SHAPE.STArea()":158718109.72381586,"SHAPE.STLength()":66896.55710611067},"geometry":{"type":"Polygon","coordinates":[[[19.55812,45.42608],[19.52389,45.41941],[19.51535,45.39029],[19.51158,45.3919],[19.47854,45.35472],[19.48159,45.35151],[19.49912,45.35586],[19.51611,45.33058],[19.56431,45.32992],[19.56405,45.31715],[19.55977,45.29853],[19.54973,45.28197],[19.55016,45.27197],[19.54327,45.2486],[19.55636,45.23716],[19.58639,45.25942],[19.6028,45.26563],[19.60001,45.29509],[19.63045,45.29551],[19.63041,45.2978],[19.62297,45.30998],[19.62027,45.3219],[19.63029,45.32139],[19.66958,45.31011],[19.67292,45.31501],[19.67618,45.32476],[19.67059,45.33571],[19.67453,45.34372],[19.66853,45.36403],[19.64741,45.39237],[19.63432,45.40226],[19.57888,45.41614],[19.55812,45.42608]]]}},{"type":"Feature","properties":{"OBJECTID":172,"Value_e":"NOVI SAD-GRAD","Value_sl":"NOVI SAD-GRAD","Value_sc":"НОВИ САД-ГРАД","Municipality_DOM_ID":"80284","Region_DOM_ID":"26","SHAPE.STArea()":699209798.7198821,"SHAPE.STLength()":169737.96661906334},"geometry":{"type":"Polygon","coordinates":[[[19.72116,45.41718],[19.71436,45.42501],[19.7025,45.43146],[19.65342,45.42154],[19.64492,45.41654],[19.63432,45.40226],[19.64741,45.39237],[19.66853,45.36403],[19.67453,45.34372],[19.67059,45.33571],[19.67618,45.32476],[19.67292,45.31501],[19.66958,45.31011],[19.63029,45.32139],[19.62027,45.3219],[19.62297,45.30998],[19.63041,45.2978],[19.63045,45.29551],[19.60001,45.29509],[19.6028,45.26563],[19.58639,45.25942],[19.55636,45.23716],[19.56122,45.22612],[19.56799,45.21839],[19.57894,45.21302],[19.5924,45.2122],[19.63252,45.22155],[19.66733,45.22402],[19.67587,45.22325],[19.69599,45.22571],[19.7041,45.22937],[19.71341,45.23121],[19.74108,45.22619],[19.78132,45.22497],[19.77713,45.21666],[19.78316,45.20611],[19.78204,45.19582],[19.78514,45.19682],[19.79805,45.19119],[19.79216,45.18439],[19.79153,45.17947],[19.78332,45.17314],[19.78539,45.15915],[19.79295,45.15702],[19.80875,45.15613],[19.81802,45.15264],[19.82227,45.15366],[19.82461,45.14974],[19.83117,45.15006],[19.83277,45.15189],[19.83754,45.15133],[19.83954,45.15525],[19.84777,45.15364],[19.85363,45.15471],[19.85966,45.15884],[19.86281,45.15724],[19.87506,45.15878],[19.88254,45.15565],[19.89083,45.15563],[19.89318,45.16058],[19.89212,45.16263],[19.89684,45.16748],[19.8959,45.1717],[19.90181,45.17312],[19.90349,45.17545],[19.9018,45.18565],[19.9031,45.18704],[19.90165,45.19004],[19.90645,45.19684],[19.90631,45.20022],[19.90518,45.20267],[19.90042,45.20204],[19.90098,45.2041],[19.89747,45.20471],[19.89786,45.20587],[19.90631,45.20906],[19.91551,45.21875],[19.92842,45.22636],[19.94687,45.20532],[19.95105,45.20733],[19.95704,45.20282],[19.96012,45.20428],[19.98114,45.2063],[19.99806,45.19823],[20.01723,45.20417],[20.01912,45.1998],[20.02772,45.20483],[20.03518,45.20374],[20.04663,45.19592],[20.04652,45.18974],[20.0419,45.18238],[20.03114,45.17568],[20.02774,45.17093],[20.0519,45.16756],[20.06825,45.16969],[20.086,45.16972],[20.08665,45.17332],[20.09631,45.1833],[20.09465,45.18459],[20.09821,45.20145],[20.09714,45.21397],[20.10446,45.22932],[20.08863,45.22785],[20.09114,45.23604],[20.08004,45.23508],[20.08288,45.24414],[20.08329,45.25425],[20.06145,45.25287],[20.05379,45.2956],[20.00807,45.29862],[20.00616,45.30886],[19.97335,45.32627],[19.98487,45.3438],[19.95584,45.35618],[19.9283,45.36225],[19.88728,45.33642],[19.85914,45.34988],[19.86086,45.35212],[19.85422,45.35204],[19.86302,45.37041],[19.83716,45.38391],[19.82991,45.39284],[19.82352,45.40954],[19.81766,45.41812],[19.81619,45.4241],[19.80199,45.42515],[19.80345,45.41849],[19.7738,45.42224],[19.74982,45.42114],[19.73599,45.4135],[19.72671,45.42232],[19.72116,45.41718]]]}},{"type":"Feature","properties":{"OBJECTID":174,"Value_e":"TEMERIN","Value_sl":"TEMERIN","Value_sc":"ТЕМЕРИН","Municipality_DOM_ID":"80446","Region_DOM_ID":"26","SHAPE.STArea()":169532766.31820855,"SHAPE.STLength()":65311.93633212922},"geometry":{"type":"Polygon","coordinates":[[[19.8259,45.47311],[19.79945,45.48828],[19.77907,45.49578],[19.76913,45.48789],[19.76571,45.48255],[19.76237,45.45919],[19.75843,45.45279],[19.75436,45.44038],[19.74587,45.43884],[19.72671,45.42232],[19.73599,45.4135],[19.74982,45.42114],[19.7738,45.42224],[19.80345,45.41849],[19.80199,45.42515],[19.81619,45.4241],[19.81766,45.41812],[19.82352,45.40954],[19.82991,45.39284],[19.83716,45.38391],[19.86302,45.37041],[19.85422,45.35204],[19.86086,45.35212],[19.85914,45.34988],[19.88728,45.33642],[19.9402,45.36969],[19.94829,45.37833],[19.95319,45.38551],[19.94097,45.39288],[19.95616,45.42587],[19.97661,45.45441],[19.95783,45.4644],[19.93931,45.46797],[19.92023,45.4678],[19.8874,45.48176],[19.84591,45.47337],[19.8259,45.47311]]]}},{"type":"Feature","properties":{"OBJECTID":176,"Value_e":"BEČEJ","Value_sl":"BEČEJ","Value_sc":"БЕЧЕЈ","Municipality_DOM_ID":"80110","Region_DOM_ID":"26","SHAPE.STArea()":486478331.52491313,"SHAPE.STLength()":130606.52047179636},"geometry":{"type":"Polygon","coordinates":[[[19.88649,45.76401],[19.87362,45.76212],[19.83919,45.74962],[19.76688,45.7319],[19.78244,45.7055],[19.77475,45.69445],[19.85679,45.68164],[19.86021,45.66386],[19.87203,45.63961],[19.8781,45.63104],[19.89635,45.61562],[19.87079,45.59593],[19.86925,45.57721],[19.86223,45.57643],[19.86486,45.56596],[19.86365,45.56368],[19.86925,45.56177],[19.86785,45.5548],[19.86982,45.5496],[19.86884,45.54824],[19.87889,45.54256],[19.88092,45.5454],[19.89598,45.54448],[19.90402,45.54018],[19.90895,45.53493],[19.92,45.53381],[19.92226,45.5359],[19.92055,45.54152],[19.92894,45.54488],[19.93713,45.54383],[19.93994,45.53389],[19.94183,45.5331],[19.95319,45.51609],[19.98468,45.49949],[20.01473,45.50461],[20.06061,45.51623],[20.06628,45.53073],[20.06686,45.54091],[20.06402,45.5457],[20.04949,45.55117],[20.0485,45.55358],[20.05307,45.55595],[20.08183,45.55972],[20.10562,45.57269],[20.11101,45.5706],[20.116,45.57514],[20.13233,45.58411],[20.13392,45.58774],[20.13143,45.59239],[20.11328,45.59622],[20.09161,45.59232],[20.07817,45.58774],[20.06863,45.59109],[20.05656,45.60634],[20.06044,45.60938],[20.08015,45.61314],[20.09025,45.61927],[20.0961,45.63113],[20.0929,45.63556],[20.09163,45.6351],[20.08372,45.64138],[20.07939,45.6427],[20.07555,45.64186],[20.06602,45.63004],[20.06173,45.62772],[20.05258,45.62617],[20.04058,45.62772],[20.03382,45.6328],[20.02921,45.63985],[20.02946,45.64316],[20.03176,45.64516],[20.05236,45.65162],[20.08874,45.65568],[20.11647,45.65595],[20.11483,45.66052],[20.08971,45.67859],[20.08883,45.68118],[20.09896,45.68991],[20.09897,45.69891],[20.09289,45.71011],[20.09372,45.71273],[20.11791,45.70993],[20.12944,45.71138],[20.11433,45.73118],[20.07455,45.74661],[20.03855,45.74679],[20.00026,45.74928],[19.98079,45.75359],[19.95377,45.76306],[19.88649,45.76401]]]}},{"type":"Feature","properties":{"OBJECTID":20,"Value_e":"SRBICA","Value_sl":"SRBICA","Value_sc":"СРБИЦА","Municipality_DOM_ID":"90271","Region_DOM_ID":"27","SHAPE.STArea()":375193553.3278034,"SHAPE.STLength()":119642.19328834773},"geometry":{"type":"Polygon","coordinates":[[[20.67771,42.85311],[20.67126,42.85509],[20.66323,42.86151],[20.6606,42.85877],[20.66108,42.8552],[20.66579,42.84807],[20.66422,42.84443],[20.65837,42.83968],[20.65936,42.82814],[20.6567,42.81983],[20.65291,42.81501],[20.65136,42.80725],[20.65304,42.79056],[20.6489,42.78087],[20.64575,42.77819],[20.63652,42.77531],[20.64316,42.77334],[20.64415,42.76472],[20.65016,42.75615],[20.65764,42.75171],[20.65999,42.74821],[20.66,42.74512],[20.6499,42.73548],[20.64578,42.72325],[20.64113,42.72214],[20.63264,42.72555],[20.62873,42.7241],[20.62722,42.71229],[20.62948,42.70644],[20.64198,42.70401],[20.64009,42.69275],[20.64541,42.69111],[20.65602,42.67534],[20.66134,42.67199],[20.67456,42.67119],[20.68738,42.67527],[20.69089,42.68009],[20.69219,42.68565],[20.69542,42.68758],[20.70597,42.6795],[20.71361,42.66001],[20.7051,42.65018],[20.70404,42.63658],[20.70714,42.63095],[20.72027,42.62816],[20.72528,42.62995],[20.73045,42.62932],[20.74505,42.61837],[20.74824,42.61049],[20.74695,42.60787],[20.75334,42.60297],[20.77121,42.60583],[20.77476,42.61431],[20.77079,42.62697],[20.77332,42.63524],[20.78047,42.64472],[20.77621,42.65786],[20.77705,42.65924],[20.79126,42.65829],[20.8007,42.66044],[20.8016,42.66217],[20.80569,42.66235],[20.8059,42.66091],[20.80767,42.66086],[20.81033,42.66294],[20.8167,42.66041],[20.81786,42.6609],[20.81739,42.66356],[20.82967,42.66837],[20.82491,42.67353],[20.82028,42.6822],[20.82755,42.69079],[20.84097,42.69456],[20.8429,42.70055],[20.8455,42.70112],[20.84675,42.70347],[20.85236,42.70467],[20.86951,42.70047],[20.87723,42.69045],[20.88942,42.68528],[20.89739,42.69723],[20.91627,42.7132],[20.92822,42.71038],[20.95129,42.72244],[20.94208,42.73279],[20.94366,42.737],[20.93848,42.73633],[20.9348,42.73959],[20.93253,42.74644],[20.93103,42.74697],[20.9191,42.74775],[20.9037,42.75388],[20.89994,42.75204],[20.89595,42.7461],[20.89329,42.74513],[20.88182,42.74473],[20.87673,42.74784],[20.86676,42.74857],[20.86493,42.75241],[20.87318,42.75829],[20.87562,42.76788],[20.87397,42.77183],[20.86375,42.77511],[20.86581,42.77925],[20.86323,42.783],[20.86718,42.78599],[20.86581,42.78954],[20.87387,42.79683],[20.86317,42.80607],[20.85776,42.80655],[20.85727,42.81246],[20.85354,42.81716],[20.84583,42.81111],[20.83563,42.813],[20.83521,42.82069],[20.83322,42.82191],[20.81295,42.81923],[20.8033,42.82188],[20.79274,42.81827],[20.79084,42.81905],[20.78965,42.82373],[20.78112,42.82604],[20.77833,42.83048],[20.77256,42.83454],[20.77391,42.83675],[20.77305,42.83798],[20.7654,42.8381],[20.76387,42.84028],[20.76096,42.8408],[20.75734,42.84028],[20.75359,42.83674],[20.75418,42.83057],[20.76078,42.81794],[20.75733,42.80802],[20.73812,42.82376],[20.72383,42.82765],[20.71895,42.83492],[20.71724,42.84096],[20.71078,42.84555],[20.71543,42.85036],[20.71407,42.85317],[20.70755,42.8577],[20.69905,42.85967],[20.69308,42.85856],[20.6916,42.85595],[20.68647,42.8558],[20.68434,42.8535],[20.67771,42.85311]]]}},{"type":"Feature","properties":{"OBJECTID":51,"Value_e":"VUČITRN","Value_sl":"VUČITRN","Value_sc":"ВУЧИТРН","Municipality_DOM_ID":"90026","Region_DOM_ID":"27","SHAPE.STArea()":346799560.8249722,"SHAPE.STLength()":105058.5083570779},"geometry":{"type":"Polygon","coordinates":[[[21.08292,42.93683],[21.08605,42.94004],[21.08584,42.94731],[21.08259,42.94605],[21.07902,42.94136],[21.07219,42.94224],[21.07594,42.93502],[21.07383,42.93232],[21.07055,42.93319],[21.06908,42.93173],[21.06233,42.9336],[21.06027,42.9397],[21.05859,42.93982],[21.04438,42.93476],[21.03968,42.93651],[21.02128,42.92869],[21.01876,42.93043],[21.01768,42.93399],[21.00876,42.93639],[21.00599,42.94028],[20.99744,42.9433],[20.99117,42.94411],[20.98612,42.93853],[20.97773,42.93757],[20.97645,42.93591],[20.98408,42.9322],[20.98801,42.92626],[20.98862,42.92324],[20.98474,42.91531],[20.98527,42.90612],[20.98091,42.90423],[20.97814,42.89879],[20.9729,42.89522],[20.96931,42.89486],[20.9664,42.89572],[20.96513,42.89908],[20.96035,42.90027],[20.96036,42.90508],[20.95849,42.90513],[20.95099,42.90129],[20.94941,42.89022],[20.94791,42.88915],[20.94239,42.89132],[20.9413,42.8898],[20.93984,42.89042],[20.93914,42.86328],[20.93583,42.85341],[20.93865,42.84906],[20.93142,42.84342],[20.92482,42.84245],[20.92207,42.84327],[20.92059,42.8478],[20.91383,42.84846],[20.89976,42.83896],[20.88731,42.8363],[20.8864,42.83004],[20.88086,42.82697],[20.86904,42.82576],[20.86225,42.81999],[20.85354,42.81716],[20.85727,42.81246],[20.85776,42.80655],[20.86317,42.80607],[20.87387,42.79683],[20.86581,42.78954],[20.86718,42.78599],[20.86323,42.783],[20.86581,42.77925],[20.86375,42.77511],[20.87397,42.77183],[20.87562,42.76788],[20.87318,42.75829],[20.86493,42.75241],[20.86676,42.74857],[20.87673,42.74784],[20.88182,42.74473],[20.89329,42.74513],[20.89595,42.7461],[20.89994,42.75204],[20.9037,42.75388],[20.9191,42.74775],[20.93253,42.74644],[20.9348,42.73959],[20.93848,42.73633],[20.94366,42.737],[20.94208,42.73279],[20.94789,42.72775],[20.95671,42.71026],[20.97226,42.69907],[20.97365,42.6938],[20.97981,42.68399],[20.99516,42.68698],[21.00086,42.69135],[21.01711,42.69856],[21.02323,42.70569],[21.0339,42.70776],[21.0413,42.71654],[21.0543,42.71809],[21.05621,42.72113],[21.05464,42.72613],[21.05656,42.72716],[21.06414,42.72613],[21.07292,42.73035],[21.07309,42.73149],[21.06539,42.73582],[21.06865,42.74134],[21.07491,42.74613],[21.07519,42.75231],[21.082,42.75758],[21.07861,42.7601],[21.07891,42.76497],[21.073,42.7674],[21.07758,42.77279],[21.06848,42.77052],[21.07347,42.78246],[21.08192,42.78724],[21.08898,42.79478],[21.10605,42.79999],[21.1099,42.80448],[21.12505,42.80782],[21.1255,42.81497],[21.1127,42.82998],[21.10902,42.83297],[21.10293,42.83478],[21.10194,42.83917],[21.09624,42.83919],[21.09406,42.8413],[21.08818,42.84201],[21.09112,42.85103],[21.0874,42.85663],[21.08806,42.8624],[21.08666,42.86737],[21.07916,42.88334],[21.07962,42.88966],[21.07385,42.8947],[21.07088,42.89982],[21.06502,42.90403],[21.06453,42.90588],[21.06857,42.91058],[21.06526,42.91269],[21.06573,42.91442],[21.07193,42.91631],[21.07527,42.92423],[21.08269,42.93321],[21.08292,42.93683]]]}},{"type":"Feature","properties":{"OBJECTID":55,"Value_e":"ZUBIN POTOK","Value_sl":"ZUBIN POTOK","Value_sc":"ЗУБИН ПОТОК","Municipality_DOM_ID":"90093","Region_DOM_ID":"27","SHAPE.STArea()":340341519.7813298,"SHAPE.STLength()":103679.9174558226},"geometry":{"type":"Polygon","coordinates":[[[20.66948,43.03534],[20.65511,43.03469],[20.65216,43.03331],[20.65238,43.03066],[20.65071,43.02887],[20.65125,43.02197],[20.64523,43.02366],[20.64197,43.02265],[20.64056,43.01861],[20.63706,43.01619],[20.6383,43.01268],[20.64145,43.01038],[20.64063,43.00675],[20.62953,43.00859],[20.62353,43.00349],[20.61734,43.00276],[20.61486,43.00465],[20.61664,43.00659],[20.61878,43.01675],[20.61771,43.01746],[20.61372,43.01537],[20.60666,43.01718],[20.59978,43.0155],[20.591,43.01693],[20.5906,43.01461],[20.58143,43.01269],[20.58009,43.01183],[20.58207,43.00878],[20.58134,43.00196],[20.57189,42.99951],[20.56791,42.99637],[20.56506,42.9901],[20.56497,42.98457],[20.56114,42.98104],[20.55713,42.98114],[20.55198,42.97557],[20.55461,42.96859],[20.55149,42.96803],[20.54687,42.96134],[20.54019,42.96353],[20.53635,42.97456],[20.52977,42.97522],[20.51769,42.97027],[20.51462,42.97077],[20.51371,42.96558],[20.50738,42.96384],[20.49609,42.95228],[20.49572,42.94481],[20.48903,42.93578],[20.48456,42.93381],[20.48609,42.93296],[20.48628,42.92906],[20.49987,42.91771],[20.50548,42.90529],[20.52056,42.89809],[20.5204,42.8936],[20.53247,42.89075],[20.53252,42.8893],[20.53527,42.88909],[20.53569,42.88501],[20.53881,42.88514],[20.53847,42.88397],[20.54847,42.87945],[20.5662,42.88753],[20.57539,42.8886],[20.59108,42.88218],[20.62438,42.87427],[20.62549,42.87298],[20.62225,42.87132],[20.62407,42.8648],[20.62979,42.86069],[20.63418,42.85988],[20.63449,42.85384],[20.63695,42.84752],[20.63595,42.84436],[20.63803,42.83949],[20.64205,42.83806],[20.65409,42.83795],[20.66422,42.84443],[20.66579,42.84807],[20.66108,42.8552],[20.6606,42.85877],[20.66323,42.86151],[20.67126,42.85509],[20.67771,42.85311],[20.68434,42.8535],[20.68647,42.8558],[20.6916,42.85595],[20.69308,42.85856],[20.69905,42.85967],[20.70755,42.8577],[20.71407,42.85317],[20.71543,42.85036],[20.71078,42.84555],[20.71724,42.84096],[20.71895,42.83492],[20.72383,42.82765],[20.73812,42.82376],[20.75733,42.80802],[20.76078,42.81794],[20.75418,42.83057],[20.75359,42.83674],[20.75734,42.84028],[20.75665,42.84206],[20.7331,42.86461],[20.73206,42.86811],[20.75132,42.87193],[20.75552,42.87438],[20.75923,42.87985],[20.7743,42.88241],[20.78737,42.89215],[20.79166,42.89657],[20.79578,42.90481],[20.79527,42.91661],[20.79348,42.91898],[20.79601,42.92609],[20.79526,42.92822],[20.77673,42.93289],[20.77107,42.94512],[20.76524,42.95152],[20.76093,42.96108],[20.76084,42.96568],[20.75579,42.96893],[20.75012,42.97015],[20.74588,42.97498],[20.74648,42.97952],[20.75074,42.98385],[20.75796,42.98728],[20.76077,42.98703],[20.7591,42.99093],[20.74979,42.99691],[20.72214,43.00918],[20.7098,43.0164],[20.69356,43.01908],[20.68877,43.02141],[20.66948,43.03534]]]}},{"type":"Feature","properties":{"OBJECTID":56,"Value_e":"ZVEČAN","Value_sl":"ZVEČAN","Value_sc":"ЗВЕЧАН","Municipality_DOM_ID":"90352","Region_DOM_ID":"27","SHAPE.STArea()":118302800.02837817,"SHAPE.STLength()":71940.69993670394},"geometry":{"type":"Polygon","coordinates":[[[20.72094,43.02799],[20.71408,43.03595],[20.70948,43.03745],[20.70478,43.04149],[20.7098,43.05194],[20.69188,43.05768],[20.68669,43.05848],[20.67728,43.05634],[20.67041,43.05819],[20.67049,43.05553],[20.66554,43.04988],[20.67102,43.04614],[20.67137,43.03908],[20.66883,43.03564],[20.68877,43.02141],[20.69356,43.01908],[20.7098,43.0164],[20.72214,43.00918],[20.74979,42.99691],[20.7591,42.99093],[20.76077,42.98703],[20.75796,42.98728],[20.75074,42.98385],[20.74648,42.97952],[20.74588,42.97498],[20.75012,42.97015],[20.75579,42.96893],[20.76084,42.96568],[20.76093,42.96108],[20.76524,42.95152],[20.77107,42.94512],[20.77673,42.93289],[20.79526,42.92822],[20.79601,42.92609],[20.79348,42.91898],[20.79444,42.91743],[20.80295,42.91504],[20.80633,42.90958],[20.8137,42.90485],[20.83876,42.90297],[20.85559,42.893],[20.86062,42.89234],[20.86303,42.89284],[20.8639,42.89629],[20.86159,42.90011],[20.85202,42.90777],[20.8519,42.90981],[20.86605,42.91141],[20.87547,42.89948],[20.87817,42.90507],[20.88844,42.91158],[20.88888,42.91495],[20.88644,42.91743],[20.87984,42.91951],[20.88643,42.92678],[20.88787,42.94287],[20.89361,42.94605],[20.89486,42.94878],[20.88932,42.94988],[20.88508,42.95279],[20.87148,42.9554],[20.83899,42.97383],[20.82881,42.98293],[20.82306,42.98534],[20.82663,42.98922],[20.81863,42.99697],[20.80856,42.99542],[20.80619,42.99698],[20.80179,43.00682],[20.80979,43.00882],[20.81449,43.01272],[20.8149,43.0202],[20.81301,43.02179],[20.81048,43.02126],[20.80609,43.01641],[20.79526,43.02],[20.79518,43.02398],[20.77465,43.02652],[20.77009,43.03416],[20.76792,43.03517],[20.76732,43.03937],[20.7632,43.04041],[20.75661,43.03909],[20.74394,43.0404],[20.73205,43.03618],[20.72421,43.02875],[20.72094,43.02799]]]}},{"type":"Feature","properties":{"OBJECTID":57,"Value_e":"KOSOVSKA MITROVICA","Value_sl":"KOSOVSKA MITROVICA","Value_sc":"КОСОВСКА МИТРОВИЦА","Municipality_DOM_ID":"90298","Region_DOM_ID":"27","SHAPE.STArea()":345801232.05999804,"SHAPE.STLength()":128347.81893169312},"geometry":{"type":"Polygon","coordinates":[[[21.00321,43.07303],[20.99749,43.07387],[20.99367,43.07247],[20.99227,43.06628],[20.98615,43.06022],[20.98519,43.05362],[20.98035,43.04329],[20.97197,43.04023],[20.96336,43.04077],[20.95658,43.03789],[20.94919,43.03755],[20.9465,43.03602],[20.94095,43.02739],[20.93908,43.02167],[20.9302,43.01623],[20.91993,43.01411],[20.91593,43.01912],[20.90358,43.02478],[20.89976,43.02872],[20.89534,43.02931],[20.89268,43.02715],[20.89216,43.02021],[20.89899,43.01498],[20.89627,43.00634],[20.8687,43.00211],[20.86218,43.00289],[20.84583,42.9923],[20.84228,42.9924],[20.84002,42.98839],[20.83694,42.98816],[20.83943,42.98482],[20.83469,42.9836],[20.83174,42.98625],[20.82782,42.98566],[20.8294,42.98122],[20.85336,42.96477],[20.87148,42.9554],[20.88508,42.95279],[20.88932,42.94988],[20.89486,42.94878],[20.89361,42.94605],[20.88787,42.94287],[20.88643,42.92678],[20.87984,42.91951],[20.88644,42.91743],[20.88888,42.91495],[20.88844,42.91158],[20.87817,42.90507],[20.87547,42.89948],[20.86605,42.91141],[20.8519,42.90981],[20.85202,42.90777],[20.86159,42.90011],[20.8639,42.89629],[20.86303,42.89284],[20.85559,42.893],[20.83876,42.90297],[20.8137,42.90485],[20.80633,42.90958],[20.80295,42.91504],[20.79527,42.91661],[20.79578,42.90481],[20.79166,42.89657],[20.77983,42.88562],[20.7743,42.88241],[20.75923,42.87985],[20.75552,42.87438],[20.75132,42.87193],[20.73206,42.86811],[20.7331,42.86461],[20.74854,42.85118],[20.75734,42.84028],[20.76096,42.8408],[20.76387,42.84028],[20.7654,42.8381],[20.77305,42.83798],[20.77391,42.83675],[20.77256,42.83454],[20.77833,42.83048],[20.78112,42.82604],[20.78965,42.82373],[20.79084,42.81905],[20.79572,42.81871],[20.8033,42.82188],[20.81295,42.81923],[20.83322,42.82191],[20.83521,42.82069],[20.83563,42.813],[20.84583,42.81111],[20.85464,42.81848],[20.86225,42.81999],[20.86904,42.82576],[20.88086,42.82697],[20.8864,42.83004],[20.88731,42.8363],[20.89976,42.83896],[20.91383,42.84846],[20.92059,42.8478],[20.92207,42.84327],[20.92482,42.84245],[20.93142,42.84342],[20.93865,42.84906],[20.93583,42.85341],[20.93914,42.86328],[20.93984,42.89042],[20.9413,42.8898],[20.94239,42.89132],[20.94791,42.88915],[20.94941,42.89022],[20.95099,42.90129],[20.95849,42.90513],[20.96036,42.90508],[20.96035,42.90027],[20.96513,42.89908],[20.9664,42.89572],[20.96931,42.89486],[20.9729,42.89522],[20.97814,42.89879],[20.98091,42.90423],[20.98527,42.90612],[20.98474,42.91531],[20.98862,42.92324],[20.98801,42.92626],[20.98408,42.9322],[20.97645,42.93591],[20.97773,42.93757],[20.98612,42.93853],[20.99117,42.94411],[21.00599,42.94028],[21.00876,42.93639],[21.01768,42.93399],[21.01876,42.93043],[21.02128,42.92869],[21.03968,42.93651],[21.04438,42.93476],[21.05859,42.93982],[21.06027,42.9397],[21.06233,42.9336],[21.06477,42.93239],[21.07383,42.93232],[21.07594,42.93502],[21.07219,42.94224],[21.07902,42.94136],[21.08795,42.94994],[21.08982,42.9562],[21.08901,42.9667],[21.09286,42.9714],[21.09228,42.97304],[21.08502,42.9769],[21.08646,42.98096],[21.08362,42.98286],[21.08264,42.98642],[21.0796,42.98942],[21.07814,42.99594],[21.07402,42.99947],[21.07072,43.00782],[21.06135,43.02072],[21.05464,43.02527],[21.04895,43.0244],[21.04473,43.03089],[21.03592,43.03171],[21.03506,43.03287],[21.03749,43.03893],[21.03547,43.04745],[21.01503,43.05988],[21.01121,43.06857],[21.00507,43.06831],[21.00321,43.07303]]]}},{"type":"Feature","properties":{"OBJECTID":66,"Value_e":"LEPOSAVIĆ","Value_sl":"LEPOSAVIĆ","Value_sc":"ЛЕПОСАВИЋ","Municipality_DOM_ID":"90158","Region_DOM_ID":"27","SHAPE.STArea()":539900496.448268,"SHAPE.STLength()":144699.3907360732},"geometry":{"type":"Polygon","coordinates":[[[20.83198,43.26299],[20.83095,43.2671],[20.82673,43.26795],[20.82842,43.26579],[20.80125,43.26706],[20.79724,43.26201],[20.79221,43.25933],[20.79297,43.24477],[20.7829,43.24524],[20.77819,43.24197],[20.77591,43.24525],[20.77291,43.24449],[20.76929,43.24758],[20.7613,43.24401],[20.74741,43.24486],[20.72827,43.24871],[20.72017,43.23988],[20.71844,43.23989],[20.719,43.23701],[20.71744,43.23401],[20.71063,43.23156],[20.70945,43.22719],[20.69933,43.22515],[20.69755,43.22248],[20.68835,43.21804],[20.68761,43.21359],[20.67156,43.20858],[20.65596,43.20885],[20.65249,43.21104],[20.64471,43.2075],[20.63722,43.20674],[20.63323,43.20969],[20.61529,43.20433],[20.60409,43.20703],[20.60051,43.21079],[20.5938,43.20504],[20.60956,43.19198],[20.61412,43.18075],[20.60781,43.17518],[20.61118,43.16973],[20.62183,43.16808],[20.62857,43.16372],[20.64094,43.16225],[20.64655,43.15846],[20.65216,43.15776],[20.65197,43.156],[20.65446,43.15444],[20.65869,43.15379],[20.65745,43.15022],[20.66205,43.14432],[20.65759,43.13805],[20.67276,43.13154],[20.67342,43.12673],[20.68486,43.12321],[20.68927,43.11285],[20.69266,43.10939],[20.69309,43.10573],[20.68753,43.10263],[20.69323,43.0948],[20.69261,43.09072],[20.68766,43.08394],[20.67274,43.07838],[20.66446,43.07731],[20.66215,43.07842],[20.65628,43.07372],[20.65772,43.06996],[20.66194,43.06674],[20.66849,43.06648],[20.66975,43.06184],[20.66881,43.059],[20.67728,43.05634],[20.68669,43.05848],[20.69188,43.05768],[20.7098,43.05194],[20.70478,43.04149],[20.70948,43.03745],[20.71408,43.03595],[20.72094,43.02799],[20.72421,43.02875],[20.73205,43.03618],[20.74394,43.0404],[20.75661,43.03909],[20.7632,43.04041],[20.76732,43.03937],[20.76792,43.03517],[20.77009,43.03416],[20.77465,43.02652],[20.79518,43.02398],[20.79526,43.02],[20.80609,43.01641],[20.81048,43.02126],[20.81301,43.02179],[20.8149,43.0202],[20.81449,43.01272],[20.80979,43.00882],[20.80179,43.00682],[20.80144,43.00551],[20.80619,42.99698],[20.80856,42.99542],[20.81863,42.99697],[20.82663,42.98922],[20.82306,42.98534],[20.82881,42.98293],[20.82782,42.98566],[20.83174,42.98625],[20.83469,42.9836],[20.83943,42.98482],[20.83694,42.98816],[20.84002,42.98839],[20.84228,42.9924],[20.84583,42.9923],[20.86218,43.00289],[20.8687,43.00211],[20.89627,43.00634],[20.89899,43.01498],[20.89216,43.02021],[20.89268,43.02715],[20.89534,43.02931],[20.89976,43.02872],[20.90358,43.02478],[20.90733,43.02413],[20.90849,43.02208],[20.91593,43.01912],[20.91993,43.01411],[20.92267,43.01369],[20.9302,43.01623],[20.93908,43.02167],[20.94095,43.02739],[20.9465,43.03602],[20.94919,43.03755],[20.95658,43.03789],[20.96336,43.04077],[20.97197,43.04023],[20.98035,43.04329],[20.98519,43.05362],[20.98615,43.06022],[20.99227,43.06628],[20.99367,43.07247],[20.99749,43.07387],[21.00321,43.07303],[21.00792,43.08282],[21.00969,43.09512],[21.00856,43.10115],[21.00441,43.10283],[21.00268,43.10543],[20.99485,43.109],[20.98925,43.10765],[20.98264,43.11075],[20.97505,43.11103],[20.97295,43.1187],[20.96853,43.12522],[20.96516,43.12437],[20.95175,43.12726],[20.94277,43.13348],[20.9336,43.13421],[20.92871,43.14439],[20.92155,43.14773],[20.90854,43.14825],[20.89968,43.15567],[20.89575,43.15414],[20.88928,43.1559],[20.88578,43.15849],[20.88554,43.16269],[20.88082,43.16556],[20.88165,43.16696],[20.87794,43.16761],[20.86886,43.16452],[20.86324,43.16482],[20.8561,43.17436],[20.83869,43.17285],[20.83108,43.17914],[20.83427,43.18364],[20.84839,43.18557],[20.85501,43.18917],[20.84943,43.19308],[20.84963,43.19482],[20.84345,43.19811],[20.84125,43.20276],[20.84356,43.20711],[20.84925,43.20496],[20.86365,43.20767],[20.86574,43.20554],[20.88077,43.20592],[20.88313,43.20386],[20.88932,43.20374],[20.88594,43.20773],[20.87981,43.21082],[20.8797,43.22225],[20.87696,43.2233],[20.87696,43.22632],[20.87315,43.23085],[20.86162,43.23789],[20.85197,43.2512],[20.84765,43.25168],[20.83691,43.25685],[20.8359,43.26173],[20.83053,43.26175],[20.83198,43.26299]]]}},{"type":"Feature","properties":{"OBJECTID":10,"Value_e":"ĐAKOVICA","Value_sl":"ĐAKOVICA","Value_sc":"ЂАКОВИЦА","Municipality_DOM_ID":"90085","Region_DOM_ID":"28","SHAPE.STArea()":590171154.2995187,"SHAPE.STLength()":160356.4248138426},"geometry":{"type":"Polygon","coordinates":[[[20.52168,42.54298],[20.51804,42.5523],[20.50866,42.55123],[20.49705,42.5591],[20.49381,42.55951],[20.47427,42.55859],[20.46868,42.5559],[20.46553,42.5565],[20.45673,42.55413],[20.45677,42.5498],[20.46061,42.54597],[20.45775,42.54349],[20.45594,42.5384],[20.44529,42.53609],[20.44036,42.53696],[20.42537,42.53079],[20.41508,42.52923],[20.41163,42.52104],[20.41434,42.51954],[20.41584,42.51516],[20.41163,42.51157],[20.40773,42.51148],[20.40146,42.50767],[20.39778,42.50402],[20.39725,42.50127],[20.4062,42.49529],[20.40491,42.4932],[20.40998,42.49],[20.40944,42.48856],[20.40016,42.48892],[20.39808,42.48355],[20.39576,42.48361],[20.39458,42.48079],[20.38839,42.47863],[20.38822,42.47623],[20.37612,42.47185],[20.37226,42.46805],[20.36854,42.46927],[20.36269,42.47789],[20.35996,42.47945],[20.34532,42.47128],[20.34229,42.46828],[20.34232,42.46632],[20.35296,42.45113],[20.35884,42.44766],[20.35571,42.44586],[20.3518,42.44721],[20.34201,42.44338],[20.33775,42.44295],[20.33439,42.44444],[20.32852,42.45581],[20.32628,42.45697],[20.32613,42.44502],[20.32438,42.44425],[20.31989,42.44773],[20.30795,42.45274],[20.30501,42.45136],[20.2845,42.4531],[20.28189,42.45432],[20.27933,42.45856],[20.26668,42.46151],[20.26461,42.46417],[20.25551,42.46501],[20.24939,42.46914],[20.2447,42.46893],[20.24168,42.47331],[20.2297,42.47392],[20.21273,42.48789],[20.20894,42.49391],[20.21082,42.49942],[20.20919,42.50353],[20.21018,42.50573],[20.20747,42.50709],[20.19169,42.50026],[20.17243,42.49614],[20.17328,42.49331],[20.18528,42.48398],[20.18887,42.4724],[20.20032,42.4621],[20.20075,42.45702],[20.19852,42.45014],[20.21131,42.44376],[20.22235,42.43524],[20.23246,42.42061],[20.23228,42.41223],[20.21899,42.40761],[20.21334,42.39961],[20.24568,42.37718],[20.24705,42.37117],[20.25111,42.36461],[20.25034,42.35128],[20.24481,42.34925],[20.24245,42.3456],[20.25126,42.33624],[20.25235,42.33089],[20.24906,42.32696],[20.2505,42.32257],[20.25718,42.32172],[20.26222,42.31811],[20.27194,42.31782],[20.29752,42.3227],[20.30118,42.3188],[20.30999,42.31693],[20.30992,42.31466],[20.31308,42.31344],[20.3206,42.32007],[20.33996,42.32704],[20.35306,42.32271],[20.35897,42.31539],[20.36025,42.30805],[20.38055,42.30389],[20.39255,42.29811],[20.40052,42.29629],[20.40907,42.283],[20.42825,42.28013],[20.43161,42.27692],[20.43671,42.27523],[20.44605,42.27533],[20.46293,42.27004],[20.48034,42.25686],[20.48285,42.25166],[20.50565,42.25899],[20.52003,42.26629],[20.52374,42.27416],[20.5469,42.28152],[20.55653,42.29178],[20.56293,42.28974],[20.57132,42.29286],[20.567,42.30163],[20.56789,42.30713],[20.56369,42.31096],[20.56645,42.3131],[20.57119,42.31085],[20.57298,42.30667],[20.57957,42.30134],[20.5864,42.30643],[20.59177,42.30569],[20.59404,42.31154],[20.6082,42.31501],[20.61262,42.31406],[20.61343,42.31873],[20.61247,42.32244],[20.61429,42.32814],[20.60935,42.33266],[20.59659,42.33098],[20.59323,42.33385],[20.58008,42.33505],[20.57857,42.33875],[20.5667,42.3416],[20.56443,42.34777],[20.55269,42.34519],[20.55137,42.34841],[20.5398,42.35943],[20.5373,42.36538],[20.53281,42.36497],[20.53352,42.36943],[20.52593,42.36865],[20.52533,42.374],[20.52147,42.38216],[20.52304,42.38272],[20.52556,42.3806],[20.52796,42.3815],[20.52552,42.38627],[20.5316,42.38989],[20.52999,42.39345],[20.52473,42.39082],[20.5225,42.39143],[20.52377,42.39556],[20.51492,42.40054],[20.51728,42.40686],[20.52291,42.40984],[20.52066,42.41313],[20.5225,42.41464],[20.52613,42.41225],[20.52891,42.41261],[20.5287,42.41576],[20.53304,42.42039],[20.52919,42.4238],[20.52485,42.43319],[20.52589,42.44288],[20.5206,42.44368],[20.51919,42.44594],[20.52269,42.44884],[20.52173,42.45199],[20.51346,42.45457],[20.51233,42.4569],[20.51787,42.45946],[20.51786,42.46215],[20.51022,42.46555],[20.51093,42.4694],[20.5164,42.4701],[20.51653,42.47587],[20.52156,42.47355],[20.526,42.47542],[20.52586,42.48071],[20.52029,42.48213],[20.51655,42.48528],[20.52688,42.50489],[20.53159,42.50737],[20.54485,42.50701],[20.54457,42.50961],[20.54841,42.51677],[20.54496,42.51937],[20.54885,42.52055],[20.54827,42.52281],[20.5428,42.52217],[20.54205,42.52389],[20.54453,42.52651],[20.53887,42.52628],[20.54071,42.52883],[20.54005,42.53034],[20.53586,42.53115],[20.53807,42.53363],[20.53767,42.53699],[20.53285,42.53635],[20.52881,42.54238],[20.52168,42.54298]]]}},{"type":"Feature","properties":{"OBJECTID":13,"Value_e":"KLINA","Value_sl":"KLINA","Value_sc":"КЛИНА","Municipality_DOM_ID":"90123","Region_DOM_ID":"28","SHAPE.STArea()":401866051.9050815,"SHAPE.STLength()":113755.89967501668},"geometry":{"type":"Polygon","coordinates":[[[20.62948,42.70644],[20.62722,42.71229],[20.61879,42.70615],[20.61432,42.70552],[20.60971,42.69858],[20.60554,42.69602],[20.59828,42.69552],[20.59417,42.69709],[20.59275,42.70004],[20.58883,42.70202],[20.58871,42.70669],[20.58481,42.70556],[20.58527,42.69219],[20.58284,42.6928],[20.56886,42.68205],[20.56587,42.68341],[20.54309,42.67997],[20.5314,42.68623],[20.52903,42.68089],[20.52615,42.68047],[20.52525,42.6773],[20.52267,42.68061],[20.51691,42.68352],[20.51029,42.68522],[20.50453,42.68423],[20.49902,42.68669],[20.49269,42.68591],[20.48415,42.68153],[20.47085,42.68294],[20.47095,42.68115],[20.47357,42.6802],[20.47415,42.67705],[20.47863,42.6761],[20.4795,42.6726],[20.47742,42.66456],[20.47858,42.65962],[20.48931,42.6565],[20.49788,42.64383],[20.50625,42.64434],[20.50868,42.64291],[20.50169,42.63334],[20.49798,42.63188],[20.48166,42.61521],[20.48687,42.60417],[20.48711,42.59765],[20.4841,42.59072],[20.49655,42.59088],[20.49851,42.58952],[20.49751,42.58397],[20.50019,42.57813],[20.50987,42.57596],[20.51982,42.57023],[20.5225,42.56502],[20.52688,42.56298],[20.5285,42.55797],[20.53684,42.54859],[20.52881,42.54238],[20.53285,42.53635],[20.53767,42.53699],[20.53807,42.53363],[20.53586,42.53115],[20.54005,42.53034],[20.54071,42.52883],[20.53887,42.52628],[20.54453,42.52651],[20.54205,42.52389],[20.5428,42.52217],[20.54827,42.52281],[20.54885,42.52055],[20.54496,42.51937],[20.54841,42.51677],[20.55752,42.51542],[20.56705,42.5193],[20.56499,42.5228],[20.56898,42.52274],[20.57309,42.51966],[20.57605,42.52001],[20.5779,42.52174],[20.57621,42.52468],[20.59752,42.5226],[20.60472,42.52346],[20.60947,42.52107],[20.60832,42.52601],[20.61306,42.52561],[20.61514,42.52019],[20.61921,42.52192],[20.62555,42.52114],[20.6283,42.52277],[20.64092,42.52369],[20.64388,42.52562],[20.65623,42.52538],[20.6701,42.53646],[20.67651,42.53809],[20.67856,42.53401],[20.6861,42.53155],[20.69826,42.53247],[20.70356,42.53035],[20.70092,42.51936],[20.70463,42.51462],[20.70886,42.51134],[20.71601,42.50964],[20.72793,42.50275],[20.73776,42.50363],[20.74253,42.49629],[20.75099,42.49391],[20.77397,42.50068],[20.78482,42.50187],[20.79082,42.50683],[20.79179,42.51198],[20.78884,42.51313],[20.79053,42.51678],[20.80775,42.52355],[20.80757,42.5294],[20.80349,42.53717],[20.80351,42.54115],[20.80526,42.54618],[20.8092,42.5491],[20.81349,42.54791],[20.81294,42.55216],[20.81003,42.55412],[20.81332,42.56164],[20.81704,42.56587],[20.81158,42.57],[20.79406,42.57298],[20.79134,42.57963],[20.79469,42.58349],[20.80199,42.58549],[20.80791,42.59124],[20.80932,42.59531],[20.7997,42.60316],[20.78793,42.6058],[20.77607,42.60424],[20.77121,42.60583],[20.75334,42.60297],[20.74695,42.60787],[20.74824,42.61049],[20.74505,42.61837],[20.73045,42.62932],[20.72528,42.62995],[20.72027,42.62816],[20.70714,42.63095],[20.70404,42.63658],[20.7051,42.65018],[20.71361,42.66001],[20.70597,42.6795],[20.69542,42.68758],[20.69219,42.68565],[20.69089,42.68009],[20.68738,42.67527],[20.67456,42.67119],[20.66134,42.67199],[20.65602,42.67534],[20.64541,42.69111],[20.64009,42.69275],[20.64198,42.70401],[20.62948,42.70644]]]}},{"type":"Feature","properties":{"OBJECTID":18,"Value_e":"PEĆ","Value_sl":"PEĆ","Value_sc":"ПЕЋ","Municipality_DOM_ID":"90239","Region_DOM_ID":"28","SHAPE.STArea()":599011515.4056721,"SHAPE.STLength()":157850.63016625872},"geometry":{"type":"Polygon","coordinates":[[[20.32688,42.82693],[20.32349,42.82498],[20.31945,42.8284],[20.31883,42.83382],[20.30605,42.83313],[20.30063,42.83448],[20.29742,42.82758],[20.30025,42.82314],[20.29439,42.82303],[20.29135,42.82386],[20.28634,42.83038],[20.28269,42.82472],[20.28156,42.81661],[20.27458,42.81581],[20.26278,42.81122],[20.26057,42.80866],[20.26247,42.80586],[20.26913,42.80267],[20.26998,42.79326],[20.27456,42.77605],[20.26808,42.77231],[20.25598,42.75723],[20.23652,42.75317],[20.22428,42.74781],[20.22026,42.74376],[20.21075,42.74937],[20.20135,42.74822],[20.19628,42.74462],[20.18939,42.75103],[20.15956,42.76615],[20.1565,42.76489],[20.15507,42.76042],[20.15595,42.75679],[20.1531,42.75381],[20.14694,42.7546],[20.14168,42.75786],[20.12885,42.76196],[20.11429,42.76406],[20.10866,42.76663],[20.11036,42.77172],[20.10499,42.77546],[20.09976,42.77652],[20.09742,42.77408],[20.0705,42.7757],[20.05002,42.77306],[20.04383,42.76938],[20.03838,42.76192],[20.03015,42.76227],[20.02382,42.74313],[20.02009,42.73733],[20.02031,42.72346],[20.03206,42.72238],[20.03641,42.71829],[20.03172,42.71421],[20.02098,42.71014],[20.02196,42.70699],[20.03996,42.71097],[20.04067,42.70748],[20.03756,42.70374],[20.03868,42.69736],[20.04591,42.69602],[20.06041,42.68221],[20.07018,42.68284],[20.07358,42.67902],[20.08531,42.67924],[20.09241,42.67771],[20.09657,42.66641],[20.10637,42.66401],[20.11746,42.65667],[20.11805,42.65443],[20.13167,42.65697],[20.14255,42.65045],[20.16065,42.64653],[20.17292,42.64695],[20.18386,42.64304],[20.19813,42.64705],[20.20355,42.64523],[20.20865,42.64629],[20.20511,42.63981],[20.20115,42.63691],[20.1968,42.62788],[20.19712,42.62486],[20.20546,42.61956],[20.20964,42.62],[20.21228,42.61713],[20.21546,42.60877],[20.2211,42.60366],[20.24809,42.6008],[20.25755,42.60237],[20.26599,42.59699],[20.27288,42.5958],[20.28083,42.59124],[20.28585,42.59141],[20.29546,42.5881],[20.30441,42.59385],[20.31885,42.59955],[20.3227,42.60376],[20.32093,42.60458],[20.31649,42.60236],[20.31833,42.6045],[20.31784,42.60706],[20.32358,42.60864],[20.33002,42.59755],[20.33291,42.59702],[20.33712,42.59888],[20.35477,42.58676],[20.34959,42.58399],[20.3464,42.57807],[20.34975,42.57829],[20.35041,42.57678],[20.34918,42.57073],[20.35216,42.56992],[20.35417,42.56712],[20.36648,42.56814],[20.3679,42.56623],[20.37134,42.56617],[20.37137,42.56381],[20.36156,42.55967],[20.36035,42.55159],[20.37423,42.54724],[20.38452,42.54767],[20.40877,42.55763],[20.41494,42.55719],[20.42222,42.55982],[20.42828,42.5571],[20.4333,42.55664],[20.43793,42.55831],[20.44073,42.5564],[20.45673,42.55413],[20.46553,42.5565],[20.46868,42.5559],[20.47427,42.55859],[20.49381,42.55951],[20.49705,42.5591],[20.50866,42.55123],[20.51804,42.5523],[20.52168,42.54298],[20.52881,42.54238],[20.53684,42.54859],[20.5285,42.55797],[20.52688,42.56298],[20.5225,42.56502],[20.51982,42.57023],[20.50987,42.57596],[20.50019,42.57813],[20.49751,42.58397],[20.49851,42.58952],[20.49655,42.59088],[20.4841,42.59072],[20.48711,42.59765],[20.48687,42.60417],[20.48166,42.61521],[20.49798,42.63188],[20.50169,42.63334],[20.50868,42.64291],[20.50625,42.64434],[20.49788,42.64383],[20.48931,42.6565],[20.47858,42.65962],[20.47742,42.66456],[20.4795,42.6726],[20.47863,42.6761],[20.47415,42.67705],[20.47357,42.6802],[20.47095,42.68115],[20.47085,42.68294],[20.45937,42.68592],[20.44672,42.67974],[20.44265,42.68234],[20.41479,42.68492],[20.40663,42.68959],[20.40293,42.69601],[20.38467,42.709],[20.3773,42.7111],[20.36586,42.71887],[20.35868,42.71931],[20.35126,42.72553],[20.35261,42.7302],[20.35683,42.73222],[20.35376,42.73611],[20.35552,42.74138],[20.35164,42.74208],[20.34927,42.74674],[20.34875,42.76019],[20.34544,42.76485],[20.34693,42.77378],[20.34635,42.79342],[20.34947,42.79817],[20.33788,42.82178],[20.32688,42.82693]]]}},{"type":"Feature","properties":{"OBJECTID":21,"Value_e":"ISTOK","Value_sl":"ISTOK","Value_sc":"ИСТОК","Municipality_DOM_ID":"90107","Region_DOM_ID":"28","SHAPE.STArea()":459027916.03403425,"SHAPE.STLength()":96524.6448994509},"geometry":{"type":"Polygon","coordinates":[[[20.59108,42.88218],[20.57539,42.8886],[20.5662,42.88753],[20.54847,42.87945],[20.53847,42.88397],[20.53407,42.88122],[20.51569,42.87854],[20.50208,42.871],[20.48583,42.86763],[20.47712,42.85929],[20.46355,42.85312],[20.44132,42.83392],[20.43815,42.83317],[20.42871,42.83526],[20.41945,42.84332],[20.4086,42.84713],[20.39335,42.8445],[20.38978,42.84249],[20.37996,42.84177],[20.36361,42.83233],[20.36078,42.83322],[20.34666,42.83135],[20.33841,42.83522],[20.3293,42.83174],[20.32688,42.82693],[20.33788,42.82178],[20.34947,42.79817],[20.34635,42.79342],[20.34693,42.77378],[20.34544,42.76485],[20.34875,42.76019],[20.34927,42.74674],[20.35164,42.74208],[20.35552,42.74138],[20.35376,42.73611],[20.35683,42.73222],[20.35261,42.7302],[20.35126,42.72553],[20.35868,42.71931],[20.36586,42.71887],[20.3773,42.7111],[20.38467,42.709],[20.40293,42.69601],[20.40663,42.68959],[20.41479,42.68492],[20.44265,42.68234],[20.44672,42.67974],[20.45937,42.68592],[20.48415,42.68153],[20.49269,42.68591],[20.49902,42.68669],[20.50453,42.68423],[20.51029,42.68522],[20.51691,42.68352],[20.52267,42.68061],[20.52525,42.6773],[20.52615,42.68047],[20.52903,42.68089],[20.5314,42.68623],[20.54309,42.67997],[20.56587,42.68341],[20.56886,42.68205],[20.58284,42.6928],[20.58527,42.69219],[20.58481,42.70556],[20.58871,42.70669],[20.58883,42.70202],[20.59275,42.70004],[20.59417,42.69709],[20.59828,42.69552],[20.60554,42.69602],[20.60971,42.69858],[20.61432,42.70552],[20.61879,42.70615],[20.62722,42.71229],[20.62873,42.7241],[20.63264,42.72555],[20.64113,42.72214],[20.64578,42.72325],[20.6499,42.73548],[20.66,42.74512],[20.65999,42.74821],[20.65764,42.75171],[20.65016,42.75615],[20.64415,42.76472],[20.64316,42.77334],[20.63652,42.77531],[20.64575,42.77819],[20.6489,42.78087],[20.65304,42.79056],[20.65136,42.80725],[20.65291,42.81501],[20.6567,42.81983],[20.65936,42.82814],[20.65837,42.83968],[20.64737,42.8378],[20.63803,42.83949],[20.63595,42.84436],[20.63695,42.84752],[20.63449,42.85384],[20.63503,42.85789],[20.63418,42.85988],[20.62979,42.86069],[20.62407,42.8648],[20.62225,42.87132],[20.62549,42.87298],[20.62438,42.87427],[20.59108,42.88218]]]}},{"type":"Feature","properties":{"OBJECTID":47,"Value_e":"DEČANI","Value_sl":"DEČANI","Value_sc":"ДЕЧАНИ","Municipality_DOM_ID":"90069","Region_DOM_ID":"28","SHAPE.STArea()":370891283.95992035,"SHAPE.STLength()":112304.33024054526},"geometry":{"type":"Polygon","coordinates":[[[20.20865,42.64629],[20.20355,42.64523],[20.19813,42.64705],[20.18386,42.64304],[20.17292,42.64695],[20.16065,42.64653],[20.14255,42.65045],[20.13167,42.65697],[20.12535,42.65631],[20.11805,42.65443],[20.11893,42.65111],[20.10288,42.64132],[20.0989,42.63339],[20.08399,42.62216],[20.07909,42.60145],[20.08891,42.58442],[20.09061,42.57704],[20.09007,42.56856],[20.08581,42.56111],[20.08956,42.55194],[20.095,42.54827],[20.09711,42.54355],[20.10409,42.53597],[20.10452,42.53247],[20.1259,42.52417],[20.12826,42.52144],[20.15781,42.51217],[20.16875,42.50606],[20.17336,42.50162],[20.17243,42.49614],[20.19169,42.50026],[20.20747,42.50709],[20.21018,42.50573],[20.20919,42.50353],[20.21082,42.49942],[20.20894,42.49391],[20.21273,42.48789],[20.2297,42.47392],[20.24168,42.47331],[20.2447,42.46893],[20.24939,42.46914],[20.25551,42.46501],[20.26461,42.46417],[20.26668,42.46151],[20.27933,42.45856],[20.28189,42.45432],[20.2845,42.4531],[20.30501,42.45136],[20.30795,42.45274],[20.31989,42.44773],[20.32438,42.44425],[20.32613,42.44502],[20.32628,42.45697],[20.32852,42.45581],[20.33439,42.44444],[20.33775,42.44295],[20.3518,42.44721],[20.35571,42.44586],[20.35884,42.44766],[20.35296,42.45113],[20.34232,42.46632],[20.34229,42.46828],[20.34532,42.47128],[20.35996,42.47945],[20.36269,42.47789],[20.36854,42.46927],[20.37226,42.46805],[20.37612,42.47185],[20.38822,42.47623],[20.38839,42.47863],[20.39458,42.48079],[20.39576,42.48361],[20.39808,42.48355],[20.40016,42.48892],[20.40944,42.48856],[20.40998,42.49],[20.40491,42.4932],[20.4062,42.49529],[20.39725,42.50127],[20.39778,42.50402],[20.40146,42.50767],[20.40773,42.51148],[20.41163,42.51157],[20.41584,42.51516],[20.41434,42.51954],[20.41163,42.52104],[20.41508,42.52923],[20.42537,42.53079],[20.44036,42.53696],[20.44529,42.53609],[20.45594,42.5384],[20.45775,42.54349],[20.46061,42.54597],[20.45677,42.5498],[20.45673,42.55413],[20.44073,42.5564],[20.43793,42.55831],[20.4333,42.55664],[20.42828,42.5571],[20.42222,42.55982],[20.41494,42.55719],[20.40877,42.55763],[20.38452,42.54767],[20.37423,42.54724],[20.36035,42.55159],[20.36156,42.55967],[20.37137,42.56381],[20.37134,42.56617],[20.3679,42.56623],[20.36648,42.56814],[20.35417,42.56712],[20.35216,42.56992],[20.34918,42.57073],[20.35041,42.57678],[20.34975,42.57829],[20.3464,42.57807],[20.34959,42.58399],[20.35477,42.58676],[20.33712,42.59888],[20.33291,42.59702],[20.33002,42.59755],[20.32358,42.60864],[20.31784,42.60706],[20.31833,42.6045],[20.31649,42.60236],[20.32093,42.60458],[20.3227,42.60376],[20.31885,42.59955],[20.30441,42.59385],[20.29546,42.5881],[20.28585,42.59141],[20.28083,42.59124],[20.27288,42.5958],[20.26599,42.59699],[20.25755,42.60237],[20.24809,42.6008],[20.2211,42.60366],[20.21546,42.60877],[20.21228,42.61713],[20.20964,42.62],[20.20546,42.61956],[20.19712,42.62486],[20.1968,42.62788],[20.20115,42.63691],[20.20511,42.63981],[20.20865,42.64629]]]}},{"type":"Feature","properties":{"OBJECTID":5,"Value_e":"VITINA","Value_sl":"VITINA","Value_sc":"ВИТИНА","Municipality_DOM_ID":"90018","Region_DOM_ID":"29","SHAPE.STArea()":292001364.6664735,"SHAPE.STLength()":97247.12385443505},"geometry":{"type":"Polygon","coordinates":[[[21.37053,42.43515],[21.37035,42.44157],[21.36727,42.44272],[21.36086,42.43873],[21.34914,42.43987],[21.34915,42.43122],[21.329,42.42609],[21.31757,42.42095],[21.30954,42.42045],[21.30192,42.39171],[21.31189,42.37879],[21.31206,42.37179],[21.31044,42.36746],[21.30768,42.36669],[21.30155,42.36837],[21.29854,42.37192],[21.29557,42.37245],[21.2763,42.36657],[21.2734,42.36099],[21.25572,42.36449],[21.25386,42.36245],[21.255,42.35284],[21.25042,42.34114],[21.25389,42.33787],[21.26421,42.33347],[21.26457,42.32542],[21.26968,42.32534],[21.28632,42.33381],[21.28846,42.33326],[21.28761,42.32648],[21.29242,42.31882],[21.28747,42.31508],[21.2822,42.31505],[21.27302,42.30984],[21.26985,42.30399],[21.26364,42.29777],[21.26631,42.2914],[21.26621,42.28573],[21.27286,42.28485],[21.28062,42.27845],[21.29348,42.25987],[21.30357,42.25823],[21.31542,42.25854],[21.32488,42.25626],[21.33278,42.2517],[21.34307,42.24867],[21.34373,42.25623],[21.34703,42.25769],[21.35848,42.25095],[21.36614,42.24351],[21.38032,42.23954],[21.38267,42.23741],[21.38846,42.2385],[21.38768,42.24249],[21.39114,42.24555],[21.3975,42.24461],[21.40332,42.24888],[21.41038,42.24753],[21.41727,42.24384],[21.42087,42.24402],[21.42542,42.23808],[21.44239,42.22874],[21.44805,42.23082],[21.44736,42.24127],[21.44005,42.24771],[21.43729,42.25535],[21.43844,42.25885],[21.4476,42.26605],[21.44682,42.2699],[21.44361,42.27199],[21.44691,42.27663],[21.46438,42.2701],[21.47248,42.27395],[21.47316,42.28049],[21.47674,42.28105],[21.48448,42.27933],[21.49455,42.27212],[21.50512,42.27436],[21.51596,42.27064],[21.5147,42.27705],[21.51698,42.28043],[21.52295,42.28357],[21.52479,42.28622],[21.52539,42.29186],[21.52024,42.29905],[21.51198,42.30313],[21.50899,42.30641],[21.51065,42.31107],[21.5176,42.31579],[21.51712,42.31764],[21.51043,42.32104],[21.50685,42.31815],[21.49479,42.32228],[21.49189,42.32783],[21.47372,42.33901],[21.47612,42.34033],[21.47485,42.34746],[21.46969,42.35492],[21.47132,42.35795],[21.47118,42.36365],[21.46494,42.36767],[21.46528,42.37008],[21.46203,42.37053],[21.45744,42.36695],[21.45105,42.36768],[21.44389,42.37032],[21.4391,42.37424],[21.44439,42.37657],[21.44419,42.37808],[21.42091,42.38133],[21.41764,42.38509],[21.414,42.39654],[21.41065,42.39769],[21.41393,42.40341],[21.41274,42.40662],[21.40962,42.40833],[21.40759,42.40722],[21.39897,42.40786],[21.39646,42.40902],[21.39475,42.41279],[21.37858,42.4173],[21.37941,42.42644],[21.37059,42.42797],[21.36983,42.42934],[21.38018,42.43194],[21.37053,42.43515]]]}},{"type":"Feature","properties":{"OBJECTID":11,"Value_e":"GNJILANE","Value_sl":"GNJILANE","Value_sc":"ГЊИЛАНЕ","Municipality_DOM_ID":"90042","Region_DOM_ID":"29","SHAPE.STArea()":511959116.0529516,"SHAPE.STLength()":164165.5743688732},"geometry":{"type":"Polygon","coordinates":[[[21.45424,42.57891],[21.43194,42.58045],[21.42679,42.57622],[21.42807,42.56759],[21.42589,42.56326],[21.42763,42.5564],[21.43101,42.55173],[21.43068,42.54756],[21.41378,42.53924],[21.39993,42.53943],[21.39981,42.54363],[21.39162,42.5554],[21.38079,42.56056],[21.37503,42.56932],[21.37089,42.56627],[21.36467,42.56638],[21.3536,42.55911],[21.34236,42.55987],[21.3378,42.56094],[21.33713,42.56266],[21.33039,42.55912],[21.32985,42.56591],[21.32031,42.56407],[21.31137,42.56574],[21.31208,42.56093],[21.31088,42.55997],[21.30261,42.56074],[21.28877,42.54402],[21.28749,42.5369],[21.29109,42.53053],[21.29507,42.53124],[21.30191,42.52572],[21.30504,42.52808],[21.30848,42.52707],[21.30366,42.51935],[21.30293,42.51042],[21.31956,42.49164],[21.3147,42.48735],[21.31576,42.48358],[21.30735,42.4812],[21.28173,42.48352],[21.27926,42.48055],[21.27986,42.47664],[21.2876,42.47346],[21.28585,42.46501],[21.28264,42.4619],[21.28659,42.45684],[21.28057,42.44932],[21.28637,42.44441],[21.29257,42.42916],[21.29654,42.43088],[21.30285,42.42275],[21.30954,42.42045],[21.31757,42.42095],[21.329,42.42609],[21.34915,42.43122],[21.34914,42.43987],[21.36086,42.43873],[21.36727,42.44272],[21.37035,42.44157],[21.37053,42.43515],[21.38018,42.43194],[21.36983,42.42934],[21.37059,42.42797],[21.37941,42.42644],[21.37858,42.4173],[21.39475,42.41279],[21.39646,42.40902],[21.39897,42.40786],[21.40759,42.40722],[21.40962,42.40833],[21.41274,42.40662],[21.41393,42.40341],[21.41065,42.39769],[21.414,42.39654],[21.41764,42.38509],[21.42091,42.38133],[21.44419,42.37808],[21.44439,42.37657],[21.4391,42.37424],[21.44389,42.37032],[21.45105,42.36768],[21.45744,42.36695],[21.46203,42.37053],[21.46528,42.37008],[21.46494,42.36767],[21.47118,42.36365],[21.47132,42.35795],[21.46969,42.35492],[21.47485,42.34746],[21.47612,42.34033],[21.47372,42.33901],[21.49189,42.32783],[21.49479,42.32228],[21.50685,42.31815],[21.51043,42.32104],[21.51712,42.31764],[21.5176,42.31579],[21.51065,42.31107],[21.50899,42.30641],[21.51198,42.30313],[21.52024,42.29905],[21.52539,42.29186],[21.52479,42.28622],[21.52295,42.28357],[21.51698,42.28043],[21.5147,42.27705],[21.51596,42.27064],[21.52645,42.25942],[21.52702,42.24815],[21.52963,42.24325],[21.53836,42.24002],[21.54355,42.24107],[21.54558,42.24525],[21.54564,42.25101],[21.55595,42.24627],[21.56044,42.25068],[21.5725,42.25243],[21.58095,42.26094],[21.58768,42.2617],[21.58707,42.26329],[21.59009,42.26629],[21.58918,42.26973],[21.58531,42.27213],[21.58336,42.27551],[21.58212,42.2797],[21.58411,42.28088],[21.58421,42.28314],[21.56181,42.29883],[21.56566,42.29987],[21.56313,42.30167],[21.56523,42.30387],[21.56459,42.30807],[21.56577,42.30981],[21.55924,42.31546],[21.55855,42.31385],[21.55493,42.31404],[21.55283,42.31224],[21.55081,42.31372],[21.5485,42.311],[21.54179,42.30894],[21.53898,42.3107],[21.54344,42.31865],[21.54129,42.31778],[21.53834,42.31948],[21.54245,42.3205],[21.5303,42.32515],[21.52957,42.3267],[21.53238,42.33243],[21.53072,42.34167],[21.53558,42.34723],[21.53635,42.35264],[21.53894,42.35346],[21.53742,42.35623],[21.54081,42.35941],[21.53727,42.36614],[21.5415,42.36717],[21.54171,42.36946],[21.5449,42.37057],[21.54579,42.37298],[21.55006,42.36768],[21.55238,42.36765],[21.55296,42.3645],[21.55772,42.36208],[21.55861,42.36532],[21.56358,42.36717],[21.56645,42.36638],[21.56679,42.36757],[21.57388,42.36543],[21.57682,42.36243],[21.57834,42.36497],[21.58487,42.36765],[21.57951,42.37357],[21.5797,42.37531],[21.58956,42.38144],[21.59303,42.37999],[21.59989,42.38362],[21.60284,42.38196],[21.60564,42.3754],[21.61867,42.377],[21.62071,42.3781],[21.6275,42.39228],[21.63719,42.39884],[21.63569,42.40356],[21.63774,42.40342],[21.6449,42.40842],[21.64651,42.41349],[21.64413,42.41714],[21.63664,42.42176],[21.63876,42.42443],[21.63779,42.42928],[21.63197,42.43481],[21.63266,42.43899],[21.62578,42.44615],[21.63184,42.46104],[21.6266,42.45942],[21.62193,42.46326],[21.60356,42.46539],[21.59598,42.47464],[21.59768,42.48309],[21.59257,42.48437],[21.58805,42.48168],[21.57887,42.4811],[21.56753,42.48429],[21.56292,42.48193],[21.55897,42.47595],[21.55545,42.4739],[21.55302,42.47447],[21.55053,42.47714],[21.55667,42.48637],[21.55339,42.5027],[21.54579,42.5039],[21.53944,42.5183],[21.5279,42.53249],[21.52115,42.53086],[21.51685,42.53448],[21.51339,42.54875],[21.50892,42.54976],[21.50695,42.55354],[21.49994,42.55532],[21.5014,42.56119],[21.49702,42.56282],[21.49335,42.5683],[21.48441,42.57121],[21.48513,42.57396],[21.47795,42.57675],[21.47322,42.57563],[21.46428,42.56872],[21.46236,42.56947],[21.45901,42.57632],[21.45424,42.57891]]]}},{"type":"Feature","properties":{"OBJECTID":14,"Value_e":"KOSOVSKA KAMENICA","Value_sl":"KOSOVSKA KAMENICA","Value_sc":"КОСОВСКА КАМЕНИЦА","Municipality_DOM_ID":"90140","Region_DOM_ID":"29","SHAPE.STArea()":510192089.35419375,"SHAPE.STLength()":136526.1336804731},"geometry":{"type":"Polygon","coordinates":[[[21.56454,42.73154],[21.56179,42.73325],[21.55938,42.73772],[21.55437,42.7343],[21.55284,42.7313],[21.54226,42.72908],[21.54064,42.72307],[21.513,42.72972],[21.51139,42.73248],[21.50154,42.73353],[21.49821,42.73739],[21.49141,42.72547],[21.4832,42.71679],[21.48341,42.71335],[21.47803,42.70679],[21.47927,42.69942],[21.46978,42.6994],[21.45971,42.70265],[21.44723,42.70335],[21.43841,42.71167],[21.43182,42.70945],[21.43119,42.70684],[21.42354,42.70825],[21.4204,42.70645],[21.41889,42.69882],[21.43056,42.69434],[21.43216,42.68282],[21.43516,42.68098],[21.44904,42.67891],[21.4543,42.67338],[21.47336,42.66385],[21.47357,42.66069],[21.46642,42.66025],[21.47115,42.65114],[21.47016,42.64861],[21.46625,42.64837],[21.46339,42.64554],[21.46124,42.64636],[21.46016,42.6434],[21.46351,42.64232],[21.46102,42.64038],[21.46199,42.63641],[21.46046,42.63077],[21.46216,42.62748],[21.47337,42.62142],[21.47662,42.62199],[21.48566,42.61914],[21.4867,42.61633],[21.48325,42.6078],[21.48739,42.60226],[21.4851,42.59827],[21.48671,42.59706],[21.49177,42.60022],[21.50852,42.59686],[21.50881,42.59528],[21.50411,42.59114],[21.50924,42.58485],[21.50811,42.57914],[21.49635,42.5758],[21.49369,42.57228],[21.49383,42.56645],[21.49702,42.56282],[21.5014,42.56119],[21.49994,42.55532],[21.50695,42.55354],[21.50892,42.54976],[21.51339,42.54875],[21.51685,42.53448],[21.52115,42.53086],[21.5279,42.53249],[21.53944,42.5183],[21.54579,42.5039],[21.55339,42.5027],[21.55667,42.48637],[21.55063,42.47619],[21.55545,42.4739],[21.55897,42.47595],[21.56292,42.48193],[21.56753,42.48429],[21.57887,42.4811],[21.58805,42.48168],[21.59257,42.48437],[21.59768,42.48309],[21.59598,42.47464],[21.60356,42.46539],[21.62193,42.46326],[21.62827,42.45921],[21.64137,42.46825],[21.65804,42.47621],[21.65692,42.47816],[21.66029,42.48029],[21.65784,42.48379],[21.66121,42.4853],[21.67123,42.48434],[21.67221,42.48663],[21.66735,42.49288],[21.67546,42.49765],[21.69106,42.50277],[21.6921,42.50522],[21.69378,42.50535],[21.69113,42.50843],[21.6919,42.51559],[21.69356,42.51476],[21.69667,42.51624],[21.70759,42.51324],[21.70927,42.51522],[21.70852,42.51629],[21.71069,42.51669],[21.70705,42.52294],[21.70369,42.52423],[21.69682,42.53087],[21.69794,42.53499],[21.69343,42.53938],[21.70136,42.54086],[21.70326,42.54416],[21.70184,42.54555],[21.70611,42.54779],[21.70701,42.5499],[21.71712,42.54997],[21.7285,42.54711],[21.74136,42.55311],[21.74756,42.5588],[21.7489,42.56166],[21.74481,42.56507],[21.74806,42.57022],[21.74683,42.57601],[21.74776,42.58075],[21.74508,42.5827],[21.74447,42.58677],[21.74013,42.59116],[21.7388,42.60083],[21.74182,42.60406],[21.74492,42.60345],[21.74585,42.60881],[21.75101,42.6074],[21.75263,42.61369],[21.7573,42.61816],[21.75444,42.62838],[21.75516,42.6319],[21.75815,42.63314],[21.75856,42.63641],[21.76048,42.63792],[21.76832,42.63355],[21.77103,42.63438],[21.7797,42.64338],[21.77928,42.64672],[21.78399,42.64671],[21.78993,42.65133],[21.78104,42.66221],[21.77134,42.66726],[21.77252,42.67118],[21.77176,42.67689],[21.75972,42.68375],[21.75633,42.69352],[21.75348,42.6954],[21.75343,42.70085],[21.7522,42.7014],[21.74669,42.70032],[21.73705,42.69474],[21.72517,42.69531],[21.72336,42.69196],[21.72056,42.69239],[21.71801,42.68978],[21.70981,42.68962],[21.70451,42.69257],[21.70044,42.69078],[21.69165,42.69123],[21.67919,42.68693],[21.67696,42.68286],[21.6785,42.67664],[21.67562,42.6755],[21.67482,42.67123],[21.66797,42.66918],[21.66577,42.66522],[21.64972,42.67986],[21.64953,42.68593],[21.64057,42.69242],[21.63842,42.69822],[21.63642,42.697],[21.63295,42.70042],[21.6306,42.6997],[21.63009,42.69694],[21.62534,42.6967],[21.62395,42.6949],[21.62016,42.6971],[21.61118,42.69762],[21.60546,42.70219],[21.60021,42.70399],[21.59265,42.70334],[21.59129,42.70694],[21.59484,42.71156],[21.59232,42.72621],[21.58285,42.72769],[21.58126,42.7253],[21.578,42.72873],[21.57143,42.72782],[21.56636,42.73216],[21.56454,42.73154]]]}},{"type":"Feature","properties":{"OBJECTID":45,"Value_e":"NOVO BRDO","Value_sl":"NOVO BRDO","Value_sc":"НОВО БРДО","Municipality_DOM_ID":"90182","Region_DOM_ID":"29","SHAPE.STArea()":80787558.76460554,"SHAPE.STLength()":52330.556615812144},"geometry":{"type":"Polygon","coordinates":[[[21.4372,42.62243],[21.43293,42.62233],[21.42819,42.63121],[21.42502,42.63225],[21.42263,42.63123],[21.42,42.62368],[21.41703,42.62302],[21.40531,42.62863],[21.40341,42.6322],[21.39997,42.634],[21.39613,42.63339],[21.38504,42.62385],[21.37542,42.62238],[21.35514,42.58802],[21.35007,42.58525],[21.34166,42.58953],[21.33718,42.58339],[21.33739,42.58099],[21.33028,42.5688],[21.33039,42.55912],[21.33713,42.56266],[21.3378,42.56094],[21.34236,42.55987],[21.3536,42.55911],[21.36467,42.56638],[21.37089,42.56627],[21.37503,42.56932],[21.38079,42.56056],[21.39162,42.5554],[21.39981,42.54363],[21.39993,42.53943],[21.41378,42.53924],[21.43068,42.54756],[21.43101,42.55173],[21.42763,42.5564],[21.42589,42.56326],[21.42807,42.56759],[21.42679,42.57622],[21.43194,42.58045],[21.45424,42.57891],[21.45901,42.57632],[21.46236,42.56947],[21.46428,42.56872],[21.47322,42.57563],[21.47795,42.57675],[21.48513,42.57396],[21.48441,42.57121],[21.49335,42.5683],[21.49369,42.57228],[21.49635,42.5758],[21.50811,42.57914],[21.50924,42.58485],[21.50411,42.59114],[21.50881,42.59528],[21.50852,42.59686],[21.49177,42.60022],[21.48873,42.59746],[21.4851,42.59827],[21.48739,42.60226],[21.48325,42.6078],[21.4867,42.61633],[21.48566,42.61914],[21.47662,42.62199],[21.47337,42.62142],[21.46216,42.62748],[21.46112,42.6294],[21.44692,42.627],[21.4372,42.62243]]]}},{"type":"Feature","properties":{"OBJECTID":79,"Value_e":"SJENICA","Value_sl":"SJENICA","Value_sc":"СЈЕНИЦА","Municipality_DOM_ID":"71072","Region_DOM_ID":"3","SHAPE.STArea()":1058367788.4790182,"SHAPE.STLength()":218129.27922872314},"geometry":{"type":"Polygon","coordinates":[[[20.07305,43.41332],[20.06028,43.42884],[20.06018,43.43244],[20.06268,43.4369],[20.05801,43.43294],[20.05229,43.43356],[20.04448,43.43034],[20.03846,43.42629],[20.03742,43.4239],[20.02848,43.42367],[20.02763,43.42062],[20.02468,43.4182],[20.01935,43.42129],[20.01615,43.42045],[20.01373,43.41559],[20.01542,43.41574],[20.01479,43.41417],[20.01219,43.41259],[20.01042,43.41576],[20.00836,43.4089],[20.01025,43.40555],[20.01409,43.40467],[20.00985,43.39888],[20.00504,43.39967],[20.00298,43.40207],[20.00238,43.40031],[19.99008,43.40225],[19.98264,43.40048],[19.97337,43.40482],[19.97089,43.40405],[19.96591,43.40586],[19.96015,43.40406],[19.95389,43.40648],[19.95477,43.40797],[19.95335,43.40879],[19.95135,43.40758],[19.94986,43.40896],[19.94577,43.4056],[19.9434,43.40737],[19.94228,43.40569],[19.94408,43.4037],[19.93896,43.40017],[19.93949,43.39837],[19.93605,43.39814],[19.93781,43.39521],[19.93454,43.39072],[19.92957,43.38895],[19.92581,43.38489],[19.90983,43.37454],[19.91147,43.37017],[19.90746,43.36381],[19.90983,43.35856],[19.91492,43.35633],[19.91173,43.35439],[19.91064,43.34987],[19.9025,43.34809],[19.89568,43.35101],[19.89182,43.34668],[19.8916,43.34337],[19.88666,43.34472],[19.87857,43.34315],[19.88139,43.33896],[19.88024,43.32894],[19.87887,43.32804],[19.88079,43.32758],[19.87942,43.31998],[19.88864,43.31769],[19.89134,43.31269],[19.89962,43.30831],[19.89361,43.3065],[19.88755,43.30752],[19.88875,43.30309],[19.87517,43.29679],[19.86316,43.29427],[19.84867,43.29606],[19.8432,43.29431],[19.84027,43.29024],[19.83421,43.29208],[19.82891,43.28097],[19.83425,43.28034],[19.83487,43.27793],[19.82903,43.27436],[19.82932,43.27152],[19.83075,43.27021],[19.83781,43.27228],[19.83545,43.26768],[19.84088,43.26246],[19.83692,43.26105],[19.83662,43.2591],[19.84103,43.25932],[19.84488,43.25448],[19.85005,43.25428],[19.84799,43.25136],[19.85039,43.24857],[19.85156,43.24284],[19.84841,43.23852],[19.84407,43.23845],[19.84006,43.23197],[19.84213,43.22947],[19.84617,43.2285],[19.84667,43.21913],[19.85682,43.21247],[19.86559,43.21083],[19.86418,43.19695],[19.86197,43.19639],[19.85984,43.19169],[19.85477,43.19419],[19.85045,43.18994],[19.84602,43.18932],[19.84591,43.18683],[19.83779,43.18543],[19.82444,43.18959],[19.8164,43.18714],[19.81064,43.18897],[19.7912,43.19003],[19.77427,43.18531],[19.76597,43.18966],[19.76276,43.18879],[19.76151,43.18646],[19.76262,43.18285],[19.77291,43.17538],[19.77381,43.17046],[19.77032,43.16467],[19.7732,43.16054],[19.77857,43.15836],[19.77965,43.15634],[19.78054,43.15231],[19.77895,43.14648],[19.78074,43.14345],[19.7766,43.13798],[19.78076,43.13793],[19.78302,43.13454],[19.78713,43.13377],[19.78598,43.12831],[19.79108,43.12343],[19.80498,43.12232],[19.80744,43.12105],[19.80672,43.11736],[19.81142,43.11549],[19.82011,43.11562],[19.82601,43.11812],[19.83705,43.11569],[19.84029,43.11194],[19.83912,43.10992],[19.83318,43.10728],[19.8363,43.09994],[19.83384,43.09605],[19.83869,43.09408],[19.84512,43.09987],[19.85161,43.10026],[19.85033,43.10191],[19.86068,43.10625],[19.86132,43.1103],[19.86991,43.11309],[19.87811,43.10967],[19.88294,43.10504],[19.8813,43.10272],[19.88597,43.10172],[19.88761,43.0973],[19.90294,43.09926],[19.90683,43.09092],[19.91679,43.08594],[19.91786,43.09153],[19.92198,43.09599],[19.92983,43.09604],[19.93726,43.10068],[19.94428,43.10106],[19.94804,43.10324],[19.94997,43.10249],[19.9558,43.10808],[19.95944,43.10847],[19.96279,43.11109],[19.96948,43.11146],[19.96986,43.11285],[19.97345,43.10696],[19.97354,43.10371],[19.9696,43.08831],[19.96741,43.08721],[19.97507,43.07446],[19.98405,43.06612],[19.99212,43.05181],[20.01216,43.04258],[20.02872,43.03734],[20.04463,43.02864],[20.04739,43.02643],[20.04928,43.02193],[20.05636,43.01762],[20.05411,43.00942],[20.06389,43.00681],[20.07072,43.01013],[20.07394,43.01348],[20.0761,43.02576],[20.07336,43.02918],[20.07522,43.03322],[20.08088,43.03271],[20.08324,43.03567],[20.08806,43.05157],[20.09689,43.06595],[20.10319,43.0704],[20.10412,43.07268],[20.1061,43.07268],[20.10453,43.07439],[20.11419,43.08451],[20.11421,43.08741],[20.11663,43.08854],[20.11692,43.09048],[20.12314,43.09209],[20.12094,43.09337],[20.12301,43.0941],[20.12131,43.09515],[20.1226,43.09734],[20.13267,43.10472],[20.14477,43.10891],[20.15445,43.111],[20.16665,43.10879],[20.17489,43.11208],[20.17731,43.11566],[20.17689,43.11775],[20.17349,43.12179],[20.16972,43.12251],[20.16981,43.12417],[20.16419,43.12894],[20.16335,43.13338],[20.16498,43.13603],[20.16742,43.1366],[20.17053,43.13445],[20.17214,43.13737],[20.17991,43.13659],[20.18096,43.13861],[20.18384,43.13915],[20.18707,43.14488],[20.188,43.15151],[20.19632,43.15626],[20.21099,43.15691],[20.2165,43.15359],[20.22551,43.15639],[20.238,43.15621],[20.25684,43.16216],[20.26667,43.16794],[20.26753,43.16646],[20.2867,43.17077],[20.29663,43.17536],[20.29779,43.17736],[20.29645,43.18111],[20.29859,43.18436],[20.28205,43.19262],[20.27363,43.19495],[20.26865,43.19833],[20.26834,43.20152],[20.2623,43.19801],[20.25459,43.1979],[20.25436,43.20096],[20.25044,43.20505],[20.25842,43.21156],[20.2583,43.21855],[20.25555,43.217],[20.2488,43.21766],[20.24583,43.21644],[20.23834,43.21852],[20.23212,43.21744],[20.22648,43.22081],[20.23635,43.22595],[20.23185,43.23082],[20.22957,43.23066],[20.23207,43.2381],[20.23583,43.23878],[20.23417,43.24009],[20.23644,43.23992],[20.23678,43.24136],[20.23956,43.24119],[20.23999,43.23894],[20.24145,43.24211],[20.24464,43.2435],[20.25327,43.24177],[20.25404,43.24984],[20.26039,43.25315],[20.26345,43.25929],[20.25671,43.2704],[20.25823,43.27602],[20.26318,43.27908],[20.26319,43.28226],[20.26462,43.28281],[20.2625,43.28704],[20.26695,43.28854],[20.26744,43.29125],[20.27239,43.29351],[20.2707,43.29848],[20.27677,43.30375],[20.29578,43.31169],[20.28782,43.32172],[20.28345,43.33017],[20.26997,43.33494],[20.25872,43.33201],[20.24882,43.33354],[20.23916,43.32883],[20.23915,43.32501],[20.23634,43.32098],[20.22839,43.3246],[20.2151,43.32255],[20.20045,43.32381],[20.19794,43.31962],[20.19264,43.3189],[20.18515,43.32177],[20.17047,43.3223],[20.16662,43.32059],[20.1607,43.31381],[20.14461,43.31218],[20.14333,43.31681],[20.13416,43.31999],[20.13,43.32606],[20.12457,43.32762],[20.11722,43.3335],[20.11769,43.33864],[20.1254,43.3518],[20.1162,43.3597],[20.10826,43.36182],[20.10557,43.36613],[20.10646,43.36956],[20.10314,43.37925],[20.09022,43.38466],[20.08379,43.39619],[20.07871,43.40086],[20.077,43.41276],[20.07305,43.41332]]]}},{"type":"Feature","properties":{"OBJECTID":84,"Value_e":"PRIJEPOLJE","Value_sl":"PRIJEPOLJE","Value_sc":"ПРИЈЕПОЉЕ","Municipality_DOM_ID":"70980","Region_DOM_ID":"3","SHAPE.STArea()":827436123.8534411,"SHAPE.STLength()":155923.81773800694},"geometry":{"type":"Polygon","coordinates":[[[19.64493,43.48386],[19.62322,43.4958],[19.61084,43.49654],[19.6066,43.4895],[19.59987,43.48263],[19.57882,43.47423],[19.57427,43.47102],[19.57482,43.47344],[19.57036,43.47774],[19.56369,43.48034],[19.53627,43.48592],[19.52338,43.48578],[19.51825,43.48855],[19.5042,43.49055],[19.49782,43.48539],[19.49189,43.4836],[19.49169,43.481],[19.48897,43.47869],[19.49047,43.47594],[19.4864,43.47567],[19.48543,43.47203],[19.48372,43.47258],[19.48051,43.4698],[19.48366,43.46736],[19.4827,43.46267],[19.46764,43.45772],[19.46416,43.45233],[19.45887,43.45157],[19.45532,43.4478],[19.44961,43.44765],[19.44846,43.44493],[19.44401,43.44356],[19.44246,43.44061],[19.44457,43.43641],[19.44233,43.43514],[19.44261,43.4337],[19.45148,43.42729],[19.46739,43.40811],[19.47015,43.40684],[19.47268,43.40216],[19.47242,43.40072],[19.46728,43.40031],[19.46292,43.3969],[19.4633,43.39565],[19.45826,43.39529],[19.45821,43.39709],[19.45365,43.39691],[19.45384,43.39231],[19.44793,43.39221],[19.44764,43.3903],[19.44408,43.38934],[19.44873,43.38793],[19.45107,43.38177],[19.45044,43.36723],[19.45744,43.36503],[19.4618,43.35873],[19.46,43.35442],[19.46306,43.35149],[19.46115,43.34486],[19.482,43.33322],[19.48534,43.32742],[19.5173,43.32016],[19.52138,43.32075],[19.528,43.31694],[19.53271,43.30959],[19.53553,43.30905],[19.5377,43.30394],[19.52741,43.28498],[19.52718,43.27901],[19.52951,43.27296],[19.53348,43.27109],[19.53881,43.26351],[19.54266,43.26082],[19.54135,43.26009],[19.54424,43.25419],[19.54353,43.25006],[19.54491,43.24722],[19.56233,43.24175],[19.5661,43.24281],[19.57272,43.24047],[19.57982,43.24105],[19.59081,43.23915],[19.60142,43.23443],[19.61809,43.23043],[19.61873,43.22585],[19.62567,43.22243],[19.6334,43.2106],[19.6397,43.207],[19.63685,43.20356],[19.637,43.19988],[19.64061,43.18882],[19.66015,43.18498],[19.66421,43.18624],[19.67091,43.18372],[19.67884,43.17873],[19.68016,43.17288],[19.68499,43.16768],[19.70392,43.1704],[19.73379,43.17093],[19.7348,43.16596],[19.73779,43.16343],[19.7365,43.16193],[19.74103,43.15891],[19.74613,43.15873],[19.7556,43.16041],[19.75588,43.16265],[19.75983,43.1643],[19.76482,43.16328],[19.77025,43.16535],[19.77264,43.16824],[19.77381,43.17046],[19.77291,43.17538],[19.76246,43.18304],[19.76155,43.18709],[19.76316,43.18902],[19.76597,43.18966],[19.77427,43.18531],[19.7912,43.19003],[19.81064,43.18897],[19.8164,43.18714],[19.82444,43.18959],[19.83779,43.18543],[19.84591,43.18683],[19.84602,43.18932],[19.85045,43.18994],[19.85477,43.19419],[19.85984,43.19169],[19.86197,43.19639],[19.86418,43.19695],[19.86559,43.21083],[19.85682,43.21247],[19.84667,43.21913],[19.84617,43.2285],[19.84213,43.22947],[19.84006,43.23197],[19.84407,43.23845],[19.84841,43.23852],[19.85156,43.24284],[19.85039,43.24857],[19.84799,43.25136],[19.85005,43.25428],[19.84488,43.25448],[19.84103,43.25932],[19.83662,43.2591],[19.83692,43.26105],[19.84088,43.26246],[19.83545,43.26768],[19.83781,43.27228],[19.83075,43.27021],[19.82932,43.27152],[19.82903,43.27436],[19.83487,43.27793],[19.83425,43.28034],[19.82891,43.28097],[19.83421,43.29208],[19.84027,43.29024],[19.8432,43.29431],[19.84867,43.29606],[19.86316,43.29427],[19.87517,43.29679],[19.88875,43.30309],[19.88755,43.30752],[19.89361,43.3065],[19.89962,43.30831],[19.89134,43.31269],[19.88864,43.31769],[19.87942,43.31998],[19.88079,43.32758],[19.87887,43.32804],[19.88024,43.32894],[19.88139,43.33896],[19.8771,43.34577],[19.87123,43.34702],[19.86777,43.3508],[19.85976,43.35363],[19.85919,43.36201],[19.86084,43.36314],[19.85494,43.36966],[19.84685,43.36748],[19.83197,43.37099],[19.82962,43.36959],[19.8217,43.36972],[19.82015,43.37327],[19.82258,43.3791],[19.81329,43.3844],[19.8131,43.38785],[19.81135,43.38844],[19.81381,43.39048],[19.81229,43.39431],[19.80485,43.39649],[19.80521,43.40647],[19.79022,43.41005],[19.79008,43.41619],[19.78622,43.41667],[19.7825,43.42012],[19.76739,43.42305],[19.76591,43.4336],[19.74806,43.44035],[19.74043,43.4413],[19.73966,43.44468],[19.73069,43.44285],[19.72249,43.44697],[19.71628,43.44793],[19.71349,43.43815],[19.70785,43.44097],[19.70284,43.43919],[19.69899,43.44122],[19.69536,43.44811],[19.68604,43.44873],[19.67229,43.45438],[19.66656,43.45458],[19.65999,43.46061],[19.65118,43.46493],[19.64993,43.46663],[19.65311,43.46963],[19.64616,43.47947],[19.64493,43.48386]]]}},{"type":"Feature","properties":{"OBJECTID":87,"Value_e":"NOVA VAROŠ","Value_sl":"NOVA VAROŠ","Value_sc":"НОВА ВАРОШ","Municipality_DOM_ID":"70866","Region_DOM_ID":"3","SHAPE.STArea()":582146257.905753,"SHAPE.STLength()":147382.8347172009},"geometry":{"type":"Polygon","coordinates":[[[19.7954,43.5903],[19.79115,43.59527],[19.7858,43.59698],[19.7872,43.60279],[19.7831,43.6057],[19.78298,43.60929],[19.77924,43.61145],[19.78048,43.61249],[19.77837,43.61848],[19.77539,43.62171],[19.77421,43.62786],[19.76795,43.63485],[19.76422,43.63367],[19.76293,43.63693],[19.75828,43.63815],[19.74974,43.6272],[19.74449,43.62419],[19.74223,43.61978],[19.74398,43.61904],[19.74325,43.61787],[19.73433,43.61845],[19.73026,43.61281],[19.73065,43.61032],[19.72714,43.60647],[19.72175,43.60576],[19.7191,43.60269],[19.71728,43.60275],[19.71569,43.60014],[19.71529,43.59308],[19.70275,43.5896],[19.6994,43.58611],[19.69247,43.58522],[19.69143,43.58357],[19.69348,43.58104],[19.69138,43.57966],[19.69294,43.57816],[19.69222,43.57583],[19.69497,43.57415],[19.6959,43.57116],[19.70355,43.57278],[19.70097,43.57051],[19.70064,43.56702],[19.70545,43.56636],[19.70555,43.5629],[19.69906,43.55909],[19.69161,43.55734],[19.68784,43.55121],[19.68373,43.55127],[19.6762,43.54484],[19.66359,43.54556],[19.66012,43.54431],[19.66061,43.54184],[19.65894,43.54115],[19.66285,43.53835],[19.66168,43.53396],[19.66342,43.52993],[19.66099,43.52492],[19.65872,43.5256],[19.6524,43.52145],[19.65225,43.51952],[19.65674,43.51605],[19.65091,43.51383],[19.65289,43.50746],[19.64951,43.50496],[19.6481,43.50062],[19.64298,43.50145],[19.63738,43.49329],[19.63308,43.4909],[19.64493,43.48386],[19.64616,43.47947],[19.65311,43.46963],[19.64993,43.46663],[19.65118,43.46493],[19.65999,43.46061],[19.66696,43.45441],[19.67229,43.45438],[19.68604,43.44873],[19.69536,43.44811],[19.69899,43.44122],[19.70284,43.43919],[19.70785,43.44097],[19.71349,43.43815],[19.71628,43.44793],[19.72249,43.44697],[19.73069,43.44285],[19.73966,43.44468],[19.74043,43.4413],[19.74806,43.44035],[19.76591,43.4336],[19.76739,43.42305],[19.7825,43.42012],[19.78622,43.41667],[19.79008,43.41619],[19.79022,43.41005],[19.80521,43.40647],[19.80485,43.39649],[19.81229,43.39431],[19.81381,43.39048],[19.81135,43.38844],[19.8131,43.38785],[19.81329,43.3844],[19.82258,43.3791],[19.82015,43.37327],[19.8217,43.36972],[19.82962,43.36959],[19.83197,43.37099],[19.84685,43.36748],[19.85494,43.36966],[19.86084,43.36314],[19.85919,43.36201],[19.85976,43.35363],[19.86777,43.3508],[19.87123,43.34702],[19.87622,43.34645],[19.87857,43.34315],[19.88666,43.34472],[19.8916,43.34337],[19.89182,43.34668],[19.89568,43.35101],[19.9025,43.34809],[19.91064,43.34987],[19.91173,43.35439],[19.91492,43.35633],[19.90983,43.35856],[19.90746,43.36381],[19.91147,43.37017],[19.90983,43.37454],[19.92581,43.38489],[19.92957,43.38895],[19.93454,43.39072],[19.93781,43.39521],[19.93605,43.39814],[19.93949,43.39837],[19.93896,43.40017],[19.94408,43.4037],[19.94228,43.40569],[19.9434,43.40737],[19.94577,43.4056],[19.94986,43.40896],[19.95135,43.40758],[19.95335,43.40879],[19.95477,43.40797],[19.95389,43.40648],[19.96015,43.40406],[19.96591,43.40586],[19.97089,43.40405],[19.97337,43.40482],[19.98264,43.40048],[19.99008,43.40225],[20.00238,43.40031],[20.00298,43.40207],[20.00504,43.39967],[20.00985,43.39888],[20.01409,43.40467],[20.01025,43.40555],[20.00836,43.4089],[20.01042,43.41576],[20.01219,43.41259],[20.01479,43.41417],[20.01542,43.41574],[20.01373,43.41559],[20.01563,43.42015],[20.01935,43.42129],[20.02468,43.4182],[20.02763,43.42062],[20.02848,43.42367],[20.03742,43.4239],[20.03846,43.42629],[20.04448,43.43034],[20.05229,43.43356],[20.05801,43.43294],[20.06268,43.4369],[20.06171,43.44075],[20.05159,43.44124],[20.04643,43.44769],[20.04562,43.45247],[20.04265,43.45514],[20.04369,43.46304],[20.04088,43.46789],[20.04044,43.47592],[20.03125,43.48223],[20.02739,43.49272],[20.02809,43.4982],[20.01726,43.50262],[19.98724,43.50537],[19.98687,43.50814],[19.98846,43.50981],[19.98341,43.51352],[19.98558,43.5171],[19.97742,43.52084],[19.97014,43.52116],[19.96221,43.51816],[19.95744,43.52182],[19.95143,43.5227],[19.95414,43.52394],[19.95318,43.52484],[19.94293,43.52462],[19.9384,43.53183],[19.93125,43.5352],[19.93097,43.53912],[19.92776,43.54106],[19.92695,43.54565],[19.91607,43.5513],[19.91782,43.55421],[19.92971,43.5579],[19.93219,43.56316],[19.94129,43.56847],[19.94185,43.57268],[19.93774,43.57304],[19.9382,43.58128],[19.95011,43.58377],[19.9516,43.5868],[19.94992,43.58672],[19.94443,43.59272],[19.93945,43.59468],[19.93707,43.5913],[19.93049,43.59218],[19.93058,43.5977],[19.92658,43.59519],[19.91745,43.59596],[19.91291,43.59201],[19.8937,43.59466],[19.88808,43.59234],[19.88082,43.59391],[19.87534,43.59794],[19.87163,43.5967],[19.86854,43.6002],[19.86608,43.5991],[19.8587,43.60177],[19.85865,43.59979],[19.85668,43.59932],[19.85268,43.60216],[19.84658,43.59917],[19.83109,43.60535],[19.82354,43.60677],[19.81932,43.60414],[19.81117,43.60266],[19.81055,43.60172],[19.81322,43.60131],[19.8096,43.59711],[19.80375,43.598],[19.80304,43.59539],[19.79817,43.59382],[19.7954,43.5903]]]}},{"type":"Feature","properties":{"OBJECTID":88,"Value_e":"PRIBOJ","Value_sl":"PRIBOJ","Value_sc":"ПРИБОЈ","Municipality_DOM_ID":"70971","Region_DOM_ID":"3","SHAPE.STArea()":553841884.5037748,"SHAPE.STLength()":173617.21592536417},"geometry":{"type":"Polygon","coordinates":[[[19.51971,43.62754],[19.50704,43.62799],[19.50715,43.63333],[19.50064,43.63331],[19.49871,43.63894],[19.49451,43.63769],[19.48754,43.63155],[19.49223,43.62559],[19.49184,43.61968],[19.49954,43.61591],[19.49502,43.6088],[19.49427,43.60394],[19.49127,43.60072],[19.49167,43.59644],[19.49487,43.59855],[19.4969,43.59811],[19.50083,43.59191],[19.51084,43.58596],[19.50626,43.58467],[19.49743,43.57763],[19.48061,43.57179],[19.47363,43.57638],[19.45175,43.57899],[19.44607,43.58187],[19.44269,43.58008],[19.43674,43.5811],[19.41818,43.57842],[19.41734,43.57766],[19.42146,43.57713],[19.42225,43.57507],[19.40876,43.56968],[19.40283,43.57046],[19.40503,43.57712],[19.40048,43.57797],[19.3924,43.57389],[19.38777,43.5771],[19.39966,43.58139],[19.40022,43.58632],[19.40188,43.58765],[19.39549,43.59185],[19.38843,43.59055],[19.38476,43.5917],[19.38262,43.59453],[19.3819,43.60175],[19.3705,43.60563],[19.36936,43.6108],[19.36246,43.60785],[19.36176,43.60567],[19.35666,43.60587],[19.33677,43.58851],[19.33116,43.59084],[19.31993,43.58809],[19.30384,43.58967],[19.29103,43.59998],[19.28866,43.59529],[19.27313,43.59675],[19.26622,43.60542],[19.26332,43.60657],[19.25649,43.60055],[19.25537,43.59776],[19.26881,43.60162],[19.27223,43.59632],[19.26526,43.59356],[19.2627,43.58944],[19.24562,43.59267],[19.24746,43.59008],[19.24625,43.5885],[19.252,43.58137],[19.25364,43.57528],[19.25031,43.56596],[19.25156,43.56228],[19.24686,43.55756],[19.24879,43.55545],[19.2483,43.55055],[19.2462,43.54776],[19.24675,43.53947],[19.25064,43.52925],[19.22831,43.52872],[19.2223,43.5265],[19.22699,43.51167],[19.22502,43.50521],[19.22243,43.50309],[19.22539,43.49545],[19.22227,43.49101],[19.22612,43.48672],[19.2215,43.48302],[19.24642,43.46897],[19.25327,43.46122],[19.26391,43.4588],[19.27283,43.45388],[19.27632,43.4542],[19.28179,43.44873],[19.28337,43.44923],[19.29048,43.44468],[19.29818,43.44426],[19.30852,43.44],[19.32137,43.44093],[19.3333,43.43666],[19.34898,43.41527],[19.35001,43.4161],[19.36027,43.4112],[19.36499,43.41306],[19.38234,43.41242],[19.38886,43.4091],[19.38993,43.40779],[19.38814,43.40639],[19.39343,43.40093],[19.39923,43.40016],[19.40032,43.3982],[19.40576,43.39663],[19.41033,43.39304],[19.41897,43.39381],[19.42501,43.39175],[19.42844,43.39294],[19.43753,43.39071],[19.43945,43.39172],[19.44408,43.38934],[19.44764,43.3903],[19.44793,43.39221],[19.45384,43.39231],[19.45365,43.39691],[19.45821,43.39709],[19.45826,43.39529],[19.4633,43.39565],[19.46292,43.3969],[19.46728,43.40031],[19.47242,43.40072],[19.47268,43.40216],[19.47015,43.40684],[19.46739,43.40811],[19.45148,43.42729],[19.44261,43.4337],[19.44224,43.43501],[19.44459,43.4367],[19.44251,43.44104],[19.44401,43.44356],[19.44846,43.44493],[19.44961,43.44765],[19.45532,43.4478],[19.45887,43.45157],[19.46416,43.45233],[19.46764,43.45772],[19.48316,43.46303],[19.48366,43.46736],[19.48051,43.4698],[19.48372,43.47258],[19.48543,43.47203],[19.4864,43.47567],[19.49047,43.47594],[19.48897,43.47869],[19.49303,43.48459],[19.49782,43.48539],[19.5042,43.49055],[19.51825,43.48855],[19.52338,43.48578],[19.53199,43.48627],[19.54605,43.48436],[19.57036,43.47774],[19.57482,43.47344],[19.57427,43.47102],[19.57882,43.47423],[19.59987,43.48263],[19.6066,43.4895],[19.61084,43.49654],[19.62322,43.4958],[19.63308,43.4909],[19.63738,43.49329],[19.64298,43.50145],[19.6481,43.50062],[19.64951,43.50496],[19.65289,43.50746],[19.65091,43.51383],[19.65674,43.51605],[19.65225,43.51952],[19.6524,43.52145],[19.65872,43.5256],[19.66099,43.52492],[19.66342,43.52993],[19.66168,43.53396],[19.66285,43.53835],[19.65894,43.54115],[19.66061,43.54184],[19.66012,43.54431],[19.66359,43.54556],[19.6762,43.54484],[19.68373,43.55127],[19.68784,43.55121],[19.69161,43.55734],[19.69906,43.55909],[19.70555,43.5629],[19.70545,43.56636],[19.70064,43.56702],[19.70097,43.57051],[19.70355,43.57278],[19.6959,43.57116],[19.69497,43.57415],[19.69222,43.57583],[19.69294,43.57816],[19.69138,43.57966],[19.69347,43.58172],[19.69143,43.58357],[19.6927,43.58556],[19.68892,43.58718],[19.69056,43.59025],[19.68614,43.59153],[19.68817,43.59436],[19.68606,43.59641],[19.67966,43.59333],[19.67205,43.5922],[19.67664,43.59028],[19.67749,43.58668],[19.67216,43.58647],[19.67164,43.57997],[19.6634,43.58047],[19.66278,43.57791],[19.66472,43.57539],[19.66115,43.57404],[19.66257,43.57191],[19.66063,43.57083],[19.65435,43.57275],[19.65339,43.57662],[19.65547,43.58044],[19.65087,43.57897],[19.64649,43.58261],[19.64767,43.58512],[19.63789,43.58741],[19.6355,43.58879],[19.63463,43.5915],[19.63106,43.59119],[19.63127,43.59415],[19.62686,43.59482],[19.62431,43.59716],[19.61877,43.59591],[19.612,43.60571],[19.60119,43.61055],[19.59738,43.60885],[19.59437,43.61341],[19.59105,43.61108],[19.58372,43.6135],[19.57809,43.6113],[19.5761,43.61484],[19.56325,43.62037],[19.55277,43.62243],[19.54552,43.61836],[19.5387,43.61886],[19.53607,43.6241],[19.52902,43.62369],[19.51971,43.62754]],[[19.39562,43.55391],[19.40774,43.55492],[19.41258,43.56532],[19.42344,43.56828],[19.42446,43.5665],[19.42346,43.55902],[19.42791,43.55663],[19.42894,43.55347],[19.42102,43.54171],[19.41398,43.53969],[19.41135,43.54687],[19.39562,43.55391]]]}},{"type":"Feature","properties":{"OBJECTID":97,"Value_e":"ARILJE","Value_sl":"ARILJE","Value_sc":"АРИЉЕ","Municipality_DOM_ID":"70041","Region_DOM_ID":"3","SHAPE.STArea()":349169613.87427694,"SHAPE.STLength()":123979.6547448761},"geometry":{"type":"Polygon","coordinates":[[[20.14101,43.78691],[20.1248,43.79251],[20.1173,43.79197],[20.11743,43.79446],[20.11491,43.79599],[20.11168,43.79494],[20.1106,43.79438],[20.11202,43.79078],[20.11074,43.78476],[20.10187,43.78352],[20.10028,43.77843],[20.09871,43.77971],[20.09283,43.77944],[20.08949,43.77662],[20.07907,43.77679],[20.07414,43.77368],[20.06846,43.77495],[20.06702,43.77305],[20.06845,43.77222],[20.0674,43.77007],[20.05649,43.76597],[20.05213,43.76581],[20.05402,43.76415],[20.04602,43.75879],[20.04474,43.7537],[20.03927,43.74883],[20.04005,43.74546],[20.03582,43.74501],[20.03391,43.74278],[20.0298,43.74586],[20.02231,43.74539],[20.0207,43.74306],[20.0111,43.73988],[20.00162,43.73377],[19.99246,43.74023],[19.98423,43.73897],[19.97655,43.73981],[19.96939,43.74421],[19.96834,43.74783],[19.96612,43.75018],[19.96288,43.75054],[19.96423,43.75145],[19.96234,43.7532],[19.95819,43.75417],[19.95379,43.75838],[19.95288,43.76202],[19.9475,43.76578],[19.94159,43.76361],[19.93592,43.76472],[19.93621,43.762],[19.93983,43.75775],[19.93886,43.75505],[19.94157,43.75179],[19.93692,43.74946],[19.93525,43.74168],[19.93146,43.7383],[19.93074,43.7325],[19.93735,43.73201],[19.94269,43.72911],[19.94498,43.72697],[19.94382,43.72552],[19.94978,43.72358],[19.95036,43.71992],[19.94751,43.71651],[19.93829,43.7114],[19.93553,43.71134],[19.93529,43.70973],[19.9329,43.71036],[19.92882,43.70778],[19.92472,43.70736],[19.92421,43.70544],[19.91943,43.70241],[19.90595,43.69718],[19.90281,43.69259],[19.90433,43.69229],[19.90243,43.68894],[19.91202,43.68591],[19.91575,43.68308],[19.92008,43.68321],[19.92364,43.67923],[19.92204,43.67687],[19.92469,43.67274],[19.92099,43.6722],[19.92027,43.66853],[19.91085,43.66392],[19.91032,43.66592],[19.90647,43.66758],[19.90449,43.66557],[19.91001,43.65856],[19.907,43.65716],[19.90844,43.65407],[19.91485,43.65144],[19.91609,43.6491],[19.91449,43.64939],[19.91481,43.64813],[19.9113,43.64679],[19.91039,43.64488],[19.90621,43.64513],[19.90475,43.64357],[19.89966,43.64332],[19.89631,43.64494],[19.89064,43.64408],[19.88662,43.64675],[19.88512,43.64472],[19.88325,43.64571],[19.88237,43.64296],[19.88041,43.64224],[19.88074,43.63883],[19.88574,43.63517],[19.88739,43.6272],[19.89476,43.62716],[19.89904,43.62467],[19.90733,43.62416],[19.90979,43.61042],[19.91169,43.60993],[19.90545,43.60414],[19.90561,43.59943],[19.91118,43.60044],[19.91453,43.59653],[19.92005,43.59527],[19.9267,43.59521],[19.93058,43.5977],[19.92985,43.59291],[19.93574,43.59223],[19.93575,43.59114],[19.93945,43.59468],[19.94473,43.59252],[19.95021,43.58648],[19.95521,43.58693],[19.95598,43.58553],[19.96297,43.58427],[19.96828,43.58046],[19.97583,43.57113],[19.98469,43.57145],[20.00713,43.5777],[20.00695,43.58058],[20.01285,43.58191],[20.01573,43.58844],[20.01805,43.59003],[20.01705,43.59107],[20.01522,43.58862],[20.01359,43.59333],[20.0197,43.59592],[20.01881,43.59714],[20.02156,43.59903],[20.02039,43.60034],[20.02291,43.6007],[20.02452,43.60387],[20.03332,43.60288],[20.03842,43.60409],[20.03917,43.60693],[20.04588,43.60751],[20.04691,43.61074],[20.05186,43.6122],[20.05584,43.61749],[20.06471,43.62229],[20.06535,43.62479],[20.10079,43.62048],[20.1061,43.62161],[20.11385,43.62644],[20.11439,43.62739],[20.11089,43.62969],[20.11283,43.63136],[20.11174,43.63306],[20.1135,43.63298],[20.11171,43.63503],[20.11382,43.63839],[20.11168,43.63839],[20.10985,43.64251],[20.10667,43.64499],[20.10651,43.64839],[20.10384,43.65068],[20.10877,43.66048],[20.11121,43.66067],[20.11214,43.6587],[20.11363,43.6597],[20.11141,43.66256],[20.1079,43.66278],[20.10867,43.66544],[20.12291,43.66356],[20.12788,43.66009],[20.14624,43.65825],[20.15162,43.65398],[20.16029,43.65595],[20.16702,43.65409],[20.17216,43.65491],[20.17913,43.65144],[20.18661,43.65301],[20.18699,43.66613],[20.18985,43.66892],[20.19896,43.67153],[20.19727,43.67509],[20.19907,43.67933],[20.19862,43.68248],[20.17911,43.68975],[20.17442,43.69373],[20.17589,43.69568],[20.18166,43.69724],[20.1835,43.70051],[20.18667,43.69988],[20.18772,43.70109],[20.18542,43.70392],[20.1875,43.71069],[20.18399,43.71583],[20.19176,43.72318],[20.18985,43.72871],[20.19158,43.73764],[20.18707,43.73806],[20.17745,43.74255],[20.16937,43.7411],[20.16637,43.7457],[20.15349,43.75113],[20.15172,43.75017],[20.14877,43.7513],[20.149,43.75463],[20.1442,43.7605],[20.14394,43.76296],[20.14948,43.7694],[20.14792,43.77637],[20.14101,43.78691]]]}},{"type":"Feature","properties":{"OBJECTID":99,"Value_e":"ČAJETINA","Value_sl":"ČAJETINA","Value_sc":"ЧАЈЕТИНА","Municipality_DOM_ID":"71234","Region_DOM_ID":"3","SHAPE.STArea()":646813390.8531557,"SHAPE.STLength()":170671.4203524818},"geometry":{"type":"Polygon","coordinates":[[[19.74894,43.84199],[19.74663,43.84155],[19.74808,43.83868],[19.74484,43.83749],[19.73965,43.83996],[19.73476,43.84513],[19.72869,43.8464],[19.72361,43.84464],[19.71924,43.84678],[19.71598,43.84363],[19.71813,43.84082],[19.71938,43.83311],[19.71563,43.83087],[19.70921,43.83072],[19.70879,43.82923],[19.70156,43.82794],[19.69636,43.82515],[19.68842,43.82943],[19.68259,43.83547],[19.66955,43.83069],[19.64796,43.83479],[19.64738,43.83374],[19.65043,43.83184],[19.64623,43.83149],[19.64334,43.83211],[19.63849,43.83709],[19.63822,43.82784],[19.63533,43.82445],[19.63484,43.82009],[19.62114,43.81754],[19.61882,43.81513],[19.61355,43.81795],[19.6066,43.81403],[19.61067,43.81303],[19.60926,43.80738],[19.60572,43.80275],[19.60602,43.79581],[19.60786,43.79277],[19.60141,43.78767],[19.59577,43.78701],[19.59205,43.7908],[19.58178,43.78346],[19.5805,43.7784],[19.57733,43.78245],[19.5741,43.78251],[19.56865,43.78712],[19.56732,43.7864],[19.56781,43.78448],[19.56478,43.78557],[19.56435,43.78391],[19.5624,43.78521],[19.56276,43.78673],[19.55933,43.78565],[19.55685,43.78884],[19.55054,43.78806],[19.55165,43.78957],[19.54605,43.78708],[19.54718,43.78185],[19.54942,43.7805],[19.55078,43.7748],[19.54922,43.77271],[19.55162,43.76722],[19.55022,43.76553],[19.54643,43.76572],[19.54466,43.76069],[19.54475,43.75512],[19.54843,43.74869],[19.54615,43.74612],[19.54822,43.74433],[19.54193,43.73936],[19.53306,43.73879],[19.528,43.7353],[19.52513,43.73589],[19.52858,43.72309],[19.53244,43.72074],[19.53281,43.71801],[19.53855,43.71625],[19.51929,43.71],[19.51899,43.70597],[19.51454,43.70083],[19.5183,43.69597],[19.51878,43.69247],[19.51715,43.68939],[19.52825,43.6705],[19.53181,43.66792],[19.53076,43.66246],[19.52629,43.64957],[19.5152,43.6468],[19.5124,43.64415],[19.51501,43.64038],[19.51189,43.63542],[19.5106,43.62819],[19.51971,43.62754],[19.52902,43.62369],[19.53607,43.6241],[19.5387,43.61886],[19.54552,43.61836],[19.55277,43.62243],[19.56325,43.62037],[19.5761,43.61484],[19.57809,43.6113],[19.58372,43.6135],[19.59105,43.61108],[19.59437,43.61341],[19.59738,43.60885],[19.60119,43.61055],[19.612,43.60571],[19.61877,43.59591],[19.62431,43.59716],[19.62686,43.59482],[19.63127,43.59415],[19.63106,43.59119],[19.63463,43.5915],[19.6355,43.58879],[19.63789,43.58741],[19.64767,43.58512],[19.64649,43.58261],[19.65087,43.57897],[19.65547,43.58044],[19.65339,43.57662],[19.65435,43.57275],[19.66063,43.57083],[19.66257,43.57191],[19.66115,43.57404],[19.66472,43.57539],[19.66278,43.57791],[19.6634,43.58047],[19.67164,43.57997],[19.67216,43.58647],[19.67749,43.58668],[19.67664,43.59028],[19.67314,43.59074],[19.67246,43.59246],[19.67966,43.59333],[19.68606,43.59641],[19.68817,43.59436],[19.686,43.59274],[19.68642,43.59114],[19.69082,43.58969],[19.68892,43.58718],[19.69347,43.58503],[19.6994,43.58611],[19.70681,43.59124],[19.71038,43.59087],[19.71529,43.59308],[19.71569,43.60014],[19.71728,43.60275],[19.7191,43.60269],[19.72175,43.60576],[19.72714,43.60647],[19.73065,43.61032],[19.73026,43.61281],[19.73433,43.61845],[19.74325,43.61787],[19.74398,43.61904],[19.74223,43.61978],[19.74449,43.62419],[19.74974,43.6272],[19.75828,43.63815],[19.76293,43.63693],[19.76422,43.63367],[19.76795,43.63485],[19.77421,43.62786],[19.77539,43.62171],[19.77837,43.61848],[19.78048,43.61249],[19.77924,43.61145],[19.78298,43.60929],[19.7831,43.6057],[19.7872,43.60279],[19.7858,43.59698],[19.79115,43.59527],[19.7954,43.5903],[19.79817,43.59382],[19.80304,43.59539],[19.80375,43.598],[19.8096,43.59711],[19.81322,43.60131],[19.81055,43.60172],[19.81117,43.60266],[19.81932,43.60414],[19.82354,43.60677],[19.83109,43.60535],[19.84658,43.59917],[19.85268,43.60216],[19.85668,43.59932],[19.85865,43.59979],[19.8587,43.60177],[19.86608,43.5991],[19.86854,43.6002],[19.87163,43.5967],[19.87534,43.59794],[19.88082,43.59391],[19.88808,43.59234],[19.8937,43.59466],[19.91284,43.59201],[19.91669,43.59434],[19.91804,43.59593],[19.91453,43.59653],[19.91166,43.60027],[19.90529,43.59998],[19.90545,43.60414],[19.91169,43.60993],[19.90979,43.61042],[19.90733,43.62416],[19.89904,43.62467],[19.89476,43.62716],[19.88739,43.6272],[19.88574,43.63517],[19.88074,43.63883],[19.88041,43.64224],[19.88237,43.64296],[19.88325,43.64571],[19.88512,43.64472],[19.88662,43.64675],[19.89064,43.64408],[19.89631,43.64494],[19.89966,43.64332],[19.90475,43.64357],[19.90621,43.64513],[19.91039,43.64488],[19.9113,43.64679],[19.91481,43.64813],[19.91449,43.64939],[19.91609,43.6491],[19.91485,43.65144],[19.90844,43.65407],[19.907,43.65716],[19.91001,43.65856],[19.90449,43.66557],[19.90647,43.66758],[19.91032,43.66592],[19.91085,43.66392],[19.92027,43.66853],[19.92099,43.6722],[19.92469,43.67274],[19.92204,43.67687],[19.92364,43.67923],[19.92008,43.68321],[19.91575,43.68308],[19.91202,43.68591],[19.90243,43.68894],[19.90433,43.69229],[19.90281,43.69259],[19.90549,43.69655],[19.90088,43.69712],[19.90132,43.70293],[19.8959,43.70711],[19.8924,43.70671],[19.89272,43.70796],[19.88688,43.71253],[19.88516,43.7169],[19.88192,43.71474],[19.87653,43.71767],[19.87707,43.72033],[19.87486,43.72025],[19.87062,43.7243],[19.87108,43.72999],[19.85804,43.73448],[19.85017,43.73343],[19.84952,43.73629],[19.84722,43.73742],[19.84459,43.73569],[19.82597,43.7361],[19.82608,43.74161],[19.82984,43.75094],[19.83543,43.75753],[19.84068,43.76045],[19.84183,43.76277],[19.84017,43.76681],[19.84355,43.76949],[19.84342,43.77218],[19.84787,43.77763],[19.84031,43.78201],[19.84156,43.78398],[19.83765,43.78773],[19.82228,43.79591],[19.82026,43.79988],[19.81545,43.80373],[19.80283,43.80991],[19.80134,43.81276],[19.79721,43.8127],[19.78817,43.80943],[19.77657,43.81104],[19.76971,43.81018],[19.74973,43.79716],[19.74428,43.80263],[19.74124,43.80225],[19.74199,43.80702],[19.73941,43.80755],[19.74265,43.81142],[19.74158,43.81229],[19.73775,43.81063],[19.73855,43.81281],[19.7367,43.81311],[19.73827,43.81501],[19.73672,43.81512],[19.73704,43.81712],[19.74009,43.81702],[19.74044,43.81917],[19.74454,43.81961],[19.7475,43.82313],[19.7527,43.82304],[19.75553,43.82633],[19.7542,43.83787],[19.74894,43.84199]]]}},{"type":"Feature","properties":{"OBJECTID":104,"Value_e":"UŽICE-GRAD","Value_sl":"UŽICE-GRAD","Value_sc":"УЖИЦЕ-ГРАД","Municipality_DOM_ID":"71145","Region_DOM_ID":"3","SHAPE.STArea()":667003873.0312736,"SHAPE.STLength()":225233.93730970097},"geometry":{"type":"Polygon","coordinates":[[[19.88014,43.97714],[19.86895,43.97491],[19.85898,43.97913],[19.84322,43.97563],[19.83523,43.97832],[19.82951,43.97453],[19.82231,43.97367],[19.81775,43.97126],[19.80346,43.97389],[19.79191,43.96645],[19.78387,43.96334],[19.79714,43.95304],[19.79462,43.95197],[19.79546,43.95072],[19.79151,43.94666],[19.79365,43.94193],[19.78425,43.93367],[19.78323,43.93132],[19.7859,43.92836],[19.7836,43.92818],[19.78319,43.92559],[19.77231,43.91964],[19.75522,43.92046],[19.73702,43.90789],[19.72545,43.90428],[19.72062,43.90495],[19.70774,43.89703],[19.67985,43.89995],[19.67443,43.89945],[19.67292,43.89781],[19.66933,43.89939],[19.65287,43.89956],[19.6406,43.90199],[19.62776,43.89376],[19.62088,43.88827],[19.62069,43.88659],[19.60222,43.88661],[19.59975,43.88369],[19.58114,43.88985],[19.57167,43.89],[19.5685,43.89242],[19.55939,43.89173],[19.55293,43.88772],[19.54861,43.88859],[19.54251,43.88673],[19.54017,43.88845],[19.53514,43.88705],[19.52968,43.87938],[19.52288,43.87742],[19.52075,43.87956],[19.51762,43.87927],[19.51537,43.88091],[19.509,43.88757],[19.504,43.88717],[19.48505,43.89414],[19.4808,43.89859],[19.46969,43.90033],[19.45811,43.89636],[19.45409,43.89805],[19.44915,43.89725],[19.44382,43.89439],[19.44617,43.89055],[19.44478,43.8902],[19.44478,43.88797],[19.43801,43.88611],[19.43587,43.88396],[19.43891,43.88107],[19.43048,43.87787],[19.43248,43.8755],[19.4378,43.87585],[19.43649,43.87386],[19.44042,43.8707],[19.43891,43.86782],[19.44289,43.86244],[19.44608,43.86027],[19.45062,43.86032],[19.452,43.85826],[19.4497,43.85779],[19.45634,43.85171],[19.45393,43.84809],[19.45078,43.84897],[19.44669,43.84757],[19.44529,43.84875],[19.435,43.84517],[19.43681,43.83826],[19.43588,43.83545],[19.43982,43.83288],[19.42924,43.82717],[19.42661,43.82227],[19.42041,43.82064],[19.41922,43.8185],[19.41412,43.818],[19.41183,43.81402],[19.39606,43.81763],[19.39244,43.81383],[19.39126,43.80972],[19.39435,43.80244],[19.39419,43.79878],[19.40059,43.79689],[19.4061,43.7974],[19.41118,43.79395],[19.41516,43.79397],[19.41848,43.79734],[19.42164,43.79634],[19.43106,43.7845],[19.43101,43.7768],[19.44706,43.77523],[19.45465,43.77113],[19.45897,43.76664],[19.46553,43.76448],[19.46722,43.7538],[19.47688,43.74763],[19.47714,43.74141],[19.48093,43.73358],[19.49707,43.72622],[19.49824,43.72408],[19.5084,43.72066],[19.513,43.71565],[19.51902,43.71431],[19.51929,43.71],[19.53855,43.71625],[19.53281,43.71801],[19.53244,43.72074],[19.52858,43.72309],[19.52513,43.73589],[19.528,43.7353],[19.53306,43.73879],[19.54193,43.73936],[19.54822,43.74433],[19.54615,43.74612],[19.54843,43.74869],[19.54475,43.75512],[19.54466,43.76069],[19.54643,43.76572],[19.55022,43.76553],[19.55162,43.76722],[19.54922,43.77271],[19.55078,43.7748],[19.54942,43.7805],[19.54718,43.78185],[19.54624,43.78724],[19.55165,43.78957],[19.55054,43.78806],[19.55685,43.78884],[19.55933,43.78565],[19.56276,43.78673],[19.5624,43.78521],[19.56435,43.78391],[19.56478,43.78557],[19.56781,43.78448],[19.56732,43.7864],[19.56865,43.78712],[19.5741,43.78251],[19.57733,43.78245],[19.5805,43.7784],[19.58178,43.78346],[19.59205,43.7908],[19.59637,43.7869],[19.60141,43.78767],[19.60708,43.79174],[19.60572,43.80275],[19.60926,43.80738],[19.61067,43.81303],[19.6066,43.81403],[19.61355,43.81795],[19.61882,43.81513],[19.62114,43.81754],[19.63484,43.82009],[19.63533,43.82445],[19.63822,43.82784],[19.6384,43.83706],[19.64334,43.83211],[19.64623,43.83149],[19.65043,43.83184],[19.64738,43.83374],[19.64796,43.83479],[19.66955,43.83069],[19.68259,43.83547],[19.68842,43.82943],[19.69636,43.82515],[19.70156,43.82794],[19.70879,43.82923],[19.70921,43.83072],[19.71184,43.83011],[19.71844,43.83236],[19.72003,43.83408],[19.71613,43.84421],[19.71924,43.84678],[19.72361,43.84464],[19.72869,43.8464],[19.73545,43.84479],[19.74312,43.83784],[19.74808,43.83868],[19.74663,43.84155],[19.74884,43.84201],[19.7542,43.83787],[19.75366,43.8353],[19.75569,43.83241],[19.75422,43.83109],[19.75572,43.82778],[19.75437,43.8245],[19.75006,43.82236],[19.7475,43.82313],[19.74454,43.81961],[19.74044,43.81917],[19.74009,43.81702],[19.73704,43.81712],[19.73672,43.81512],[19.73827,43.81501],[19.7367,43.81311],[19.73855,43.81281],[19.73775,43.81063],[19.74158,43.81229],[19.74265,43.81142],[19.73941,43.80755],[19.74199,43.80702],[19.74124,43.80225],[19.74428,43.80263],[19.74973,43.79716],[19.76971,43.81018],[19.77657,43.81104],[19.78817,43.80943],[19.79609,43.81253],[19.80134,43.81276],[19.80283,43.80991],[19.81613,43.80326],[19.82246,43.79577],[19.83765,43.78773],[19.84156,43.78398],[19.84031,43.78201],[19.84787,43.77763],[19.84342,43.77218],[19.84355,43.76949],[19.84017,43.76681],[19.84183,43.76277],[19.84068,43.76045],[19.83543,43.75753],[19.82984,43.75094],[19.82608,43.74161],[19.82597,43.7361],[19.84459,43.73569],[19.84722,43.73742],[19.84952,43.73629],[19.85017,43.73343],[19.85804,43.73448],[19.87108,43.72999],[19.87062,43.7243],[19.87486,43.72025],[19.87707,43.72033],[19.87642,43.71794],[19.87858,43.71587],[19.8823,43.71475],[19.88516,43.7169],[19.88688,43.71253],[19.89272,43.70796],[19.8924,43.70671],[19.8959,43.70711],[19.90132,43.70293],[19.90088,43.69712],[19.90827,43.69758],[19.91943,43.70241],[19.92421,43.70544],[19.92472,43.70736],[19.92882,43.70778],[19.9329,43.71036],[19.93529,43.70973],[19.93513,43.7111],[19.93829,43.7114],[19.94924,43.71826],[19.94998,43.72329],[19.94382,43.72552],[19.94498,43.72697],[19.94269,43.72911],[19.93735,43.73201],[19.93074,43.7325],[19.93146,43.7383],[19.93525,43.74168],[19.93692,43.74946],[19.94157,43.75179],[19.93886,43.75505],[19.93956,43.75848],[19.93553,43.76426],[19.94159,43.76361],[19.9475,43.76578],[19.95288,43.76202],[19.95245,43.76615],[19.95403,43.76966],[19.95255,43.77052],[19.95537,43.77372],[19.9562,43.77758],[19.95315,43.78175],[19.95761,43.78168],[19.95921,43.78456],[19.96346,43.78667],[19.97476,43.78919],[19.9772,43.7926],[19.97609,43.79756],[19.97294,43.80365],[19.96968,43.80548],[19.96887,43.80925],[19.96313,43.81011],[19.96127,43.81302],[19.96248,43.81613],[19.96049,43.82774],[19.95381,43.83097],[19.9507,43.83473],[19.94725,43.83517],[19.94621,43.837],[19.94724,43.83902],[19.94024,43.83947],[19.93794,43.84326],[19.92969,43.84471],[19.92685,43.84664],[19.92997,43.84947],[19.93024,43.85193],[19.92359,43.85169],[19.9155,43.85575],[19.91608,43.86047],[19.91358,43.86277],[19.93558,43.87231],[19.94461,43.88072],[19.94827,43.88012],[19.95394,43.87408],[19.96089,43.8724],[19.96577,43.86645],[19.96797,43.86576],[19.96745,43.86431],[19.97117,43.86375],[19.97244,43.8647],[19.96759,43.87528],[19.96918,43.88205],[19.9748,43.8861],[19.9696,43.89968],[19.9702,43.90202],[19.96788,43.90322],[19.96788,43.90512],[19.95637,43.90893],[19.95831,43.91308],[19.9525,43.91602],[19.94973,43.91993],[19.94255,43.92248],[19.94025,43.92497],[19.94035,43.92797],[19.93489,43.93134],[19.93847,43.93312],[19.93739,43.93367],[19.93828,43.93824],[19.93575,43.93932],[19.93573,43.94303],[19.93907,43.94592],[19.94571,43.94779],[19.94301,43.95059],[19.93988,43.95179],[19.93375,43.95832],[19.9261,43.96058],[19.91111,43.9686],[19.89086,43.97534],[19.88707,43.97363],[19.88014,43.97714]]]}},{"type":"Feature","properties":{"OBJECTID":110,"Value_e":"POŽEGA","Value_sl":"POŽEGA","Value_sc":"ПОЖЕГА","Municipality_DOM_ID":"70955","Region_DOM_ID":"3","SHAPE.STArea()":426407650.0787952,"SHAPE.STLength()":156760.27238918055},"geometry":{"type":"Polygon","coordinates":[[[20.04818,44.11661],[20.03435,44.11582],[20.02603,44.12085],[20.01008,44.11715],[20.00912,44.11267],[20.0047,44.10906],[20.00658,44.09953],[19.99675,44.096],[19.99587,44.08823],[19.98976,44.08261],[19.99512,44.07362],[19.99333,44.05867],[19.9982,44.05141],[20.00058,44.05147],[20.00298,44.04871],[20.00398,44.04224],[20.00167,44.03861],[19.99812,44.03785],[19.99777,44.03265],[19.99386,44.03085],[19.99483,44.02824],[19.99288,44.02238],[19.99468,44.0208],[19.99884,44.02094],[20.00023,44.0212],[19.99905,44.02331],[20.00049,44.02427],[20.00625,44.02331],[20.00322,44.02028],[20.00706,44.01235],[20.00986,44.0107],[20.00778,44.00955],[20.00946,44.00818],[20.00891,44.00498],[20.02171,43.99599],[20.02271,43.98837],[20.01983,43.9857],[20.01932,43.98149],[20.01526,43.98025],[20.01503,43.97797],[20.01063,43.9756],[20.00736,43.97875],[19.99915,43.97295],[19.99666,43.97329],[19.99677,43.97152],[19.99292,43.96795],[19.99406,43.96641],[19.99122,43.9624],[19.99256,43.96043],[19.98776,43.95842],[19.98915,43.95737],[19.9864,43.95616],[19.9866,43.9524],[19.98122,43.95462],[19.97831,43.95407],[19.97342,43.94784],[19.96968,43.94897],[19.96024,43.94805],[19.95554,43.95129],[19.95181,43.94741],[19.94571,43.94779],[19.93907,43.94592],[19.93573,43.94303],[19.93575,43.93932],[19.93828,43.93824],[19.93739,43.93367],[19.93847,43.93312],[19.93489,43.93134],[19.94035,43.92797],[19.94058,43.92457],[19.94577,43.9206],[19.94973,43.91993],[19.9525,43.91602],[19.95831,43.91308],[19.95637,43.90893],[19.96775,43.90522],[19.96788,43.90322],[19.9702,43.90202],[19.9696,43.89968],[19.9748,43.8861],[19.96918,43.88205],[19.96756,43.87481],[19.97242,43.86438],[19.96755,43.86424],[19.96797,43.86576],[19.96577,43.86645],[19.96099,43.87233],[19.95394,43.87408],[19.94827,43.88012],[19.94461,43.88072],[19.93845,43.87399],[19.91353,43.86248],[19.91608,43.86047],[19.9155,43.85575],[19.92359,43.85169],[19.93024,43.85193],[19.92997,43.84947],[19.92685,43.84664],[19.92969,43.84471],[19.93794,43.84326],[19.94024,43.83947],[19.94724,43.83902],[19.94621,43.837],[19.94725,43.83517],[19.9507,43.83473],[19.95381,43.83097],[19.96049,43.82774],[19.96248,43.81613],[19.96127,43.81302],[19.96313,43.81011],[19.96859,43.8096],[19.96968,43.80548],[19.97294,43.80365],[19.97624,43.79722],[19.9772,43.7926],[19.97476,43.78919],[19.96346,43.78667],[19.95921,43.78456],[19.95761,43.78168],[19.95315,43.78175],[19.9562,43.77758],[19.95537,43.77372],[19.95252,43.77037],[19.95403,43.76966],[19.95241,43.7646],[19.95379,43.75838],[19.95819,43.75417],[19.963,43.75264],[19.96423,43.75145],[19.96288,43.75054],[19.96612,43.75018],[19.96939,43.74421],[19.97655,43.73981],[19.98423,43.73897],[19.99246,43.74023],[20.00115,43.73378],[20.0111,43.73988],[20.0207,43.74306],[20.02231,43.74539],[20.0298,43.74586],[20.03391,43.74278],[20.03582,43.74501],[20.04005,43.74546],[20.03927,43.74883],[20.04474,43.7537],[20.04602,43.75879],[20.05402,43.76415],[20.05213,43.76581],[20.05649,43.76597],[20.0674,43.77007],[20.06845,43.77222],[20.06702,43.77305],[20.06846,43.77495],[20.07414,43.77368],[20.07907,43.77679],[20.08949,43.77662],[20.09283,43.77944],[20.09871,43.77971],[20.10028,43.77843],[20.10187,43.78352],[20.11074,43.78476],[20.11202,43.79078],[20.1106,43.79438],[20.11478,43.796],[20.11743,43.79446],[20.1173,43.79197],[20.1248,43.79251],[20.13308,43.78897],[20.13576,43.79325],[20.13826,43.79177],[20.13961,43.7935],[20.13751,43.79438],[20.14018,43.79994],[20.15386,43.8066],[20.15832,43.81122],[20.153,43.81655],[20.14131,43.82079],[20.13778,43.82765],[20.13179,43.82909],[20.12838,43.83333],[20.12452,43.83423],[20.12198,43.84286],[20.12281,43.84567],[20.11929,43.84656],[20.12186,43.85535],[20.11322,43.85827],[20.11306,43.85994],[20.1084,43.86282],[20.11082,43.86248],[20.11168,43.86382],[20.1081,43.86629],[20.11042,43.86944],[20.11415,43.86858],[20.12028,43.8725],[20.11672,43.87481],[20.11294,43.88137],[20.12384,43.88567],[20.12395,43.88882],[20.1213,43.89018],[20.12272,43.89522],[20.13297,43.8975],[20.14307,43.89236],[20.14859,43.89196],[20.16057,43.89901],[20.17041,43.89885],[20.16177,43.90607],[20.15283,43.90527],[20.15096,43.90762],[20.14445,43.90852],[20.14341,43.91084],[20.13404,43.91185],[20.12679,43.91944],[20.12506,43.92368],[20.12031,43.92518],[20.11815,43.92834],[20.11232,43.93133],[20.11283,43.93464],[20.10867,43.93939],[20.11543,43.94441],[20.11725,43.949],[20.12563,43.95175],[20.12209,43.95554],[20.10995,43.96276],[20.10659,43.96677],[20.10454,43.96629],[20.10048,43.97248],[20.09487,43.97361],[20.09275,43.97824],[20.08484,43.9814],[20.082,43.98945],[20.08378,43.99115],[20.07967,43.99386],[20.08191,43.99673],[20.07088,43.99963],[20.06769,44.00249],[20.06913,44.00541],[20.07598,44.00931],[20.07838,44.01419],[20.08134,44.01529],[20.08352,44.01893],[20.08703,44.02025],[20.09186,44.01965],[20.09125,44.02174],[20.09436,44.02586],[20.09105,44.02781],[20.09279,44.02946],[20.09202,44.03327],[20.08288,44.04306],[20.08167,44.04974],[20.08302,44.05307],[20.08124,44.05675],[20.08316,44.05947],[20.08184,44.06658],[20.07805,44.06951],[20.0809,44.07506],[20.0788,44.07633],[20.07951,44.07925],[20.08612,44.08335],[20.08463,44.08886],[20.0871,44.08941],[20.08734,44.09305],[20.08422,44.09923],[20.07324,44.10832],[20.07273,44.11003],[20.07482,44.11176],[20.06234,44.11521],[20.05544,44.11426],[20.04818,44.11661]]]}},{"type":"Feature","properties":{"OBJECTID":112,"Value_e":"KOSJERIĆ","Value_sl":"KOSJERIĆ","Value_sc":"КОСЈЕРИЋ","Municipality_DOM_ID":"70629","Region_DOM_ID":"3","SHAPE.STArea()":358547682.05808437,"SHAPE.STLength()":137260.28566083944},"geometry":{"type":"Polygon","coordinates":[[[19.93317,44.13733],[19.93024,44.14189],[19.92643,44.14255],[19.92661,44.1438],[19.92065,44.14619],[19.91794,44.14899],[19.91028,44.15044],[19.90716,44.14908],[19.89346,44.15414],[19.88825,44.15389],[19.88597,44.15586],[19.88414,44.15571],[19.88427,44.15215],[19.88076,44.15175],[19.87733,44.14901],[19.87716,44.14564],[19.87393,44.14385],[19.87564,44.14336],[19.87442,44.14177],[19.87527,44.13783],[19.87284,44.1381],[19.87257,44.13649],[19.86744,44.13498],[19.86041,44.13686],[19.85884,44.1337],[19.85901,44.12808],[19.8544,44.12467],[19.85211,44.12524],[19.85291,44.12798],[19.84934,44.13004],[19.83943,44.13297],[19.82985,44.13241],[19.81187,44.1417],[19.80801,44.14189],[19.79664,44.13783],[19.7945,44.13875],[19.79194,44.13663],[19.79469,44.13397],[19.79428,44.13238],[19.80163,44.13309],[19.80641,44.12944],[19.80905,44.12948],[19.81696,44.1253],[19.8188,44.12283],[19.81405,44.11744],[19.82179,44.11623],[19.82816,44.10979],[19.82674,44.10592],[19.8331,44.09651],[19.83166,44.09316],[19.82788,44.09035],[19.83052,44.08576],[19.82849,44.08396],[19.82693,44.07464],[19.81847,44.0692],[19.80764,44.0717],[19.8048,44.07528],[19.79999,44.07599],[19.80275,44.07681],[19.79821,44.07955],[19.79857,44.08308],[19.79627,44.08417],[19.79813,44.08528],[19.79623,44.08951],[19.79713,44.0907],[19.78992,44.09384],[19.79392,44.09582],[19.78541,44.09851],[19.78127,44.10221],[19.78101,44.10579],[19.78325,44.11047],[19.77709,44.11628],[19.76586,44.12029],[19.76322,44.12317],[19.76406,44.124],[19.76014,44.12614],[19.76302,44.12621],[19.7637,44.12815],[19.75745,44.1311],[19.75414,44.13036],[19.75587,44.12892],[19.75504,44.12748],[19.75238,44.12824],[19.75204,44.13007],[19.74781,44.12888],[19.73972,44.13065],[19.73733,44.13261],[19.73915,44.13514],[19.73754,44.13977],[19.73122,44.141],[19.72909,44.14361],[19.7249,44.1428],[19.72559,44.13911],[19.72151,44.13961],[19.71913,44.13742],[19.71781,44.12942],[19.72394,44.12274],[19.72575,44.1152],[19.73742,44.11251],[19.73651,44.11134],[19.73785,44.1103],[19.72912,44.09943],[19.73012,44.09656],[19.72875,44.09231],[19.72087,44.08945],[19.71579,44.08292],[19.71203,44.08078],[19.70899,44.0822],[19.70567,44.08019],[19.70253,44.08095],[19.70176,44.07981],[19.70642,44.07503],[19.69873,44.07306],[19.69771,44.07142],[19.69884,44.07024],[19.68769,44.06791],[19.69306,44.0642],[19.6924,44.06182],[19.68854,44.06052],[19.68842,44.05785],[19.69045,44.05641],[19.69007,44.05399],[19.6937,44.05354],[19.70066,44.04808],[19.69949,44.04387],[19.70065,44.03983],[19.71487,44.0394],[19.7175,44.0436],[19.72334,44.04392],[19.74166,44.03425],[19.75093,44.03683],[19.75443,44.03539],[19.75897,44.02942],[19.7598,44.0257],[19.77906,44.0119],[19.77085,43.99908],[19.77595,43.98623],[19.78256,43.98245],[19.78866,43.98124],[19.79092,43.9786],[19.79046,43.9738],[19.78679,43.97222],[19.78886,43.97053],[19.78892,43.96553],[19.80379,43.97403],[19.81775,43.97126],[19.82231,43.97367],[19.82951,43.97453],[19.83523,43.97832],[19.84322,43.97563],[19.85898,43.97913],[19.86895,43.97491],[19.88079,43.97709],[19.88707,43.97363],[19.89086,43.97534],[19.89801,43.9733],[19.92219,43.96371],[19.9261,43.96058],[19.93055,43.96],[19.94627,43.94758],[19.95181,43.94741],[19.9558,43.95133],[19.96024,43.94805],[19.96968,43.94897],[19.97342,43.94784],[19.97831,43.95407],[19.98122,43.95462],[19.9866,43.9524],[19.9864,43.95616],[19.98915,43.95737],[19.98776,43.95842],[19.99256,43.96043],[19.99122,43.9624],[19.99406,43.96641],[19.99292,43.96795],[19.99677,43.97152],[19.99666,43.97329],[19.99915,43.97295],[20.00736,43.97875],[20.01063,43.9756],[20.01503,43.97797],[20.01526,43.98025],[20.01922,43.9814],[20.01983,43.9857],[20.02271,43.98837],[20.02174,43.99585],[20.00891,44.00498],[20.00946,44.00818],[20.00778,44.00955],[20.00986,44.0107],[20.00706,44.01235],[20.00322,44.02028],[20.00625,44.02331],[20.00049,44.02427],[19.99905,44.02331],[20.00023,44.0212],[19.99884,44.02094],[19.99468,44.0208],[19.99288,44.02238],[19.99483,44.02824],[19.99386,44.03085],[19.99777,44.03265],[19.99812,44.03785],[20.00167,44.03861],[20.00398,44.04224],[20.00298,44.04871],[20.00058,44.05147],[19.9982,44.05141],[19.99333,44.05867],[19.99512,44.07362],[19.99265,44.07919],[19.98973,44.08177],[19.99115,44.08509],[19.99587,44.08823],[19.99667,44.09619],[19.98387,44.0991],[19.97106,44.09708],[19.95923,44.09865],[19.95781,44.09954],[19.96035,44.10268],[19.96001,44.10445],[19.95695,44.10382],[19.95245,44.10774],[19.94704,44.10796],[19.9461,44.11231],[19.94346,44.11302],[19.93821,44.11106],[19.93672,44.11308],[19.93334,44.11133],[19.92922,44.11283],[19.92814,44.11551],[19.92408,44.11618],[19.92762,44.11936],[19.92406,44.11836],[19.92269,44.121],[19.92392,44.12426],[19.92068,44.12501],[19.92664,44.1262],[19.93016,44.12868],[19.9269,44.13036],[19.9272,44.1319],[19.92501,44.13199],[19.93183,44.135],[19.93317,44.13733]]]}},{"type":"Feature","properties":{"OBJECTID":113,"Value_e":"BAJINA BAŠTA","Value_sl":"BAJINA BAŠTA","Value_sc":"БАЈИНА БАШТА","Municipality_DOM_ID":"70068","Region_DOM_ID":"3","SHAPE.STArea()":673256164.4987549,"SHAPE.STLength()":215446.8926307801},"geometry":{"type":"Polygon","coordinates":[[[19.66633,44.16286],[19.65014,44.16913],[19.63864,44.16656],[19.63609,44.16326],[19.63991,44.15723],[19.63888,44.15312],[19.63348,44.14801],[19.63479,44.14581],[19.63295,44.14421],[19.63401,44.13905],[19.63049,44.13883],[19.63071,44.13513],[19.62655,44.13046],[19.61973,44.13182],[19.62073,44.13254],[19.6177,44.13686],[19.6114,44.14036],[19.60323,44.14076],[19.59377,44.13617],[19.58795,44.1353],[19.58856,44.13364],[19.58664,44.13266],[19.57794,44.13068],[19.57271,44.1218],[19.56656,44.11938],[19.56637,44.11545],[19.56325,44.11323],[19.56236,44.10935],[19.55061,44.11028],[19.54789,44.10739],[19.53484,44.10596],[19.53228,44.10218],[19.52997,44.10342],[19.53195,44.10536],[19.52936,44.10763],[19.52012,44.09963],[19.51102,44.10224],[19.50962,44.09985],[19.50445,44.10145],[19.50261,44.10023],[19.50283,44.10231],[19.49712,44.09908],[19.5113,44.08125],[19.54136,44.07603],[19.55703,44.07044],[19.56546,44.06191],[19.56857,44.05144],[19.57481,44.04638],[19.57883,44.04634],[19.58165,44.04862],[19.58303,44.05787],[19.58206,44.06757],[19.58593,44.07131],[19.59007,44.07227],[19.59834,44.07114],[19.60053,44.06945],[19.6021,44.06506],[19.60223,44.05555],[19.60445,44.05091],[19.61162,44.05015],[19.61771,44.05396],[19.62367,44.05098],[19.62284,44.04699],[19.61393,44.03578],[19.6146,44.03272],[19.62204,44.02279],[19.62239,44.01953],[19.62007,44.01548],[19.61633,44.01309],[19.59865,44.01017],[19.58995,44.00365],[19.56374,43.99901],[19.56365,43.99551],[19.56773,43.98895],[19.56681,43.98454],[19.55045,43.98013],[19.53957,43.97401],[19.52809,43.95671],[19.48767,43.95553],[19.44692,43.95961],[19.43189,43.95792],[19.42019,43.95984],[19.41073,43.96478],[19.40748,43.96824],[19.40292,43.96867],[19.3994,43.96694],[19.3959,43.96169],[19.38831,43.9603],[19.37885,43.96254],[19.37586,43.96646],[19.36181,43.97212],[19.35684,43.97688],[19.35833,43.97926],[19.35751,43.98101],[19.33579,43.98215],[19.31516,43.99372],[19.30376,43.9977],[19.28461,43.99724],[19.26672,44.00056],[19.26055,44.00376],[19.24946,44.01371],[19.24289,44.01479],[19.23516,44.0107],[19.23533,43.99459],[19.23891,43.98287],[19.24991,43.97252],[19.25441,43.96546],[19.25535,43.96042],[19.25068,43.95486],[19.25802,43.94885],[19.26716,43.94674],[19.26964,43.94454],[19.27181,43.93854],[19.2839,43.931],[19.28373,43.92702],[19.28836,43.92521],[19.29403,43.91988],[19.29673,43.91449],[19.29696,43.91009],[19.3105,43.89757],[19.30914,43.89487],[19.31523,43.88974],[19.31394,43.88651],[19.31571,43.8831],[19.31967,43.88019],[19.32648,43.87825],[19.33338,43.8721],[19.3358,43.86973],[19.33796,43.86326],[19.35376,43.84614],[19.35886,43.84342],[19.36451,43.83759],[19.37403,43.835],[19.37454,43.83208],[19.37135,43.82732],[19.37213,43.82444],[19.39112,43.80927],[19.39225,43.81352],[19.39606,43.81763],[19.41183,43.81402],[19.41412,43.818],[19.41922,43.8185],[19.42041,43.82064],[19.42661,43.82227],[19.42924,43.82717],[19.43982,43.83288],[19.43588,43.83545],[19.43681,43.83826],[19.435,43.84517],[19.44529,43.84875],[19.44669,43.84757],[19.45078,43.84897],[19.45393,43.84809],[19.45634,43.85171],[19.4497,43.85779],[19.452,43.85826],[19.45062,43.86032],[19.44608,43.86027],[19.44289,43.86244],[19.43891,43.86782],[19.44042,43.8707],[19.43649,43.87386],[19.4378,43.87585],[19.43248,43.8755],[19.43048,43.87787],[19.43891,43.88107],[19.43587,43.88396],[19.43801,43.88611],[19.44478,43.88797],[19.44478,43.8902],[19.44617,43.89055],[19.44382,43.89439],[19.44915,43.89725],[19.45409,43.89805],[19.45811,43.89636],[19.46969,43.90033],[19.4808,43.89859],[19.48505,43.89414],[19.504,43.88717],[19.509,43.88757],[19.51537,43.88091],[19.51762,43.87927],[19.52075,43.87956],[19.52288,43.87742],[19.52968,43.87938],[19.53514,43.88705],[19.54017,43.88845],[19.54251,43.88673],[19.54861,43.88859],[19.55293,43.88772],[19.55939,43.89173],[19.5685,43.89242],[19.57167,43.89],[19.58114,43.88985],[19.59975,43.88369],[19.60222,43.88661],[19.62069,43.88659],[19.62088,43.88827],[19.62776,43.89376],[19.6406,43.90199],[19.65287,43.89956],[19.66933,43.89939],[19.67292,43.89781],[19.67443,43.89945],[19.67985,43.89995],[19.70774,43.89703],[19.72062,43.90495],[19.72545,43.90428],[19.73702,43.90789],[19.75522,43.92046],[19.77566,43.92045],[19.78073,43.92528],[19.78319,43.92559],[19.7836,43.92818],[19.7859,43.92836],[19.78343,43.93201],[19.79365,43.94193],[19.79151,43.94666],[19.79546,43.95072],[19.79462,43.95197],[19.79714,43.95304],[19.78387,43.96334],[19.78904,43.96555],[19.78886,43.97053],[19.78679,43.97222],[19.79046,43.9738],[19.79092,43.9786],[19.78859,43.98127],[19.77746,43.98489],[19.77176,43.99512],[19.77098,44.00045],[19.77746,44.00805],[19.77871,44.01257],[19.7598,44.0257],[19.75688,44.03289],[19.75106,44.03684],[19.74166,44.03425],[19.72334,44.04392],[19.7175,44.0436],[19.71487,44.0394],[19.70065,44.03983],[19.69949,44.04387],[19.70066,44.04808],[19.6937,44.05354],[19.69007,44.05399],[19.69045,44.05641],[19.68842,44.05785],[19.68854,44.06052],[19.6924,44.06182],[19.69306,44.0642],[19.68769,44.06791],[19.69884,44.07024],[19.69771,44.07142],[19.69873,44.07306],[19.70642,44.07503],[19.70176,44.07981],[19.70253,44.08095],[19.70567,44.08019],[19.70899,44.0822],[19.71203,44.08078],[19.71579,44.08292],[19.72087,44.08945],[19.72875,44.09231],[19.73012,44.09656],[19.72912,44.09943],[19.73785,44.1103],[19.73651,44.11134],[19.73742,44.11251],[19.72575,44.1152],[19.72394,44.12274],[19.71781,44.12942],[19.72001,44.13861],[19.72569,44.1394],[19.72386,44.14231],[19.71929,44.14174],[19.72176,44.13986],[19.7206,44.13954],[19.70094,44.14515],[19.69839,44.14725],[19.69367,44.14651],[19.68783,44.15593],[19.66914,44.15685],[19.6662,44.15965],[19.66633,44.16286]]]}},{"type":"Feature","properties":{"OBJECTID":2,"Value_e":"KAČANIK","Value_sl":"KAČANIK","Value_sc":"КАЧАНИК","Municipality_DOM_ID":"90115","Region_DOM_ID":"30","SHAPE.STArea()":305574650.9623777,"SHAPE.STLength()":98888.48523348964},"geometry":{"type":"Polygon","coordinates":[[[21.28846,42.33326],[21.28632,42.33381],[21.26968,42.32534],[21.25306,42.32423],[21.24375,42.31832],[21.24023,42.31841],[21.2374,42.31294],[21.22585,42.31431],[21.21881,42.31275],[21.21099,42.30795],[21.20966,42.29907],[21.20616,42.29589],[21.20539,42.29288],[21.20196,42.29187],[21.20197,42.28821],[21.19859,42.28749],[21.19555,42.28923],[21.19383,42.29294],[21.19004,42.29345],[21.18565,42.29821],[21.18269,42.29857],[21.16998,42.29391],[21.16447,42.28776],[21.1602,42.28565],[21.15141,42.28556],[21.14606,42.28745],[21.13882,42.29428],[21.13333,42.29013],[21.11945,42.28709],[21.12006,42.28491],[21.1396,42.27787],[21.14235,42.27477],[21.15372,42.27525],[21.15347,42.26756],[21.15083,42.2614],[21.13709,42.25427],[21.12774,42.25349],[21.11815,42.25526],[21.11674,42.25307],[21.11202,42.25234],[21.11116,42.24809],[21.11123,42.23394],[21.1146,42.21772],[21.11486,42.20593],[21.12309,42.20607],[21.13311,42.2006],[21.14604,42.19984],[21.1675,42.1945],[21.16922,42.1903],[21.1708,42.19084],[21.17325,42.1865],[21.17239,42.18376],[21.17551,42.18114],[21.18396,42.16633],[21.20014,42.14975],[21.20932,42.14503],[21.2126,42.14089],[21.21276,42.13814],[21.21515,42.13744],[21.22436,42.12695],[21.22073,42.12347],[21.21809,42.10804],[21.22751,42.09995],[21.23832,42.09481],[21.23823,42.09295],[21.24117,42.09156],[21.25,42.09026],[21.2624,42.09389],[21.27495,42.09491],[21.27774,42.09798],[21.29134,42.10153],[21.29716,42.11083],[21.30148,42.10991],[21.30363,42.10371],[21.30971,42.10312],[21.32164,42.1062],[21.32569,42.10576],[21.32659,42.112],[21.32169,42.1189],[21.31783,42.12037],[21.31497,42.12821],[21.31129,42.12941],[21.30707,42.14042],[21.32093,42.15859],[21.31953,42.16533],[21.32172,42.17073],[21.33159,42.17822],[21.33618,42.18423],[21.33902,42.19059],[21.33613,42.19562],[21.33582,42.20163],[21.34031,42.20555],[21.34861,42.2048],[21.36273,42.2194],[21.36598,42.22116],[21.37078,42.22085],[21.37676,42.22623],[21.37966,42.23616],[21.38267,42.23741],[21.38032,42.23954],[21.36614,42.24351],[21.35848,42.25095],[21.34703,42.25769],[21.34373,42.25623],[21.34307,42.24867],[21.33278,42.2517],[21.32488,42.25626],[21.31542,42.25854],[21.30357,42.25823],[21.29348,42.25987],[21.28062,42.27845],[21.27286,42.28485],[21.26621,42.28573],[21.26631,42.2914],[21.26364,42.29777],[21.26985,42.30399],[21.27302,42.30984],[21.2822,42.31505],[21.28747,42.31508],[21.29242,42.31882],[21.28761,42.32648],[21.28846,42.33326]]]}},{"type":"Feature","properties":{"OBJECTID":6,"Value_e":"UROŠEVAC","Value_sl":"UROŠEVAC","Value_sc":"УРОШЕВАЦ","Municipality_DOM_ID":"90301","Region_DOM_ID":"30","SHAPE.STArea()":350225746.1385047,"SHAPE.STLength()":99949.88046229882},"geometry":{"type":"Polygon","coordinates":[[[21.25206,42.45335],[21.25204,42.45532],[21.2567,42.46071],[21.25128,42.46438],[21.24527,42.46235],[21.24725,42.46003],[21.24514,42.45816],[21.22969,42.46335],[21.2167,42.46368],[21.19587,42.46168],[21.18914,42.45923],[21.18603,42.45633],[21.18333,42.45658],[21.18144,42.45966],[21.17753,42.46073],[21.16883,42.45921],[21.16603,42.45433],[21.16002,42.45333],[21.15434,42.45528],[21.14721,42.45263],[21.14274,42.45671],[21.13419,42.45394],[21.1269,42.44705],[21.12058,42.44523],[21.12393,42.43869],[21.12213,42.43142],[21.11961,42.42882],[21.11033,42.42743],[21.10181,42.41717],[21.09548,42.41267],[21.08779,42.4136],[21.08296,42.41191],[21.08241,42.40344],[21.08454,42.40092],[21.08769,42.40015],[21.08868,42.39844],[21.08646,42.39741],[21.08202,42.39743],[21.06141,42.39149],[21.05034,42.38488],[21.04658,42.38443],[21.04109,42.38671],[21.02295,42.38795],[21.00807,42.39166],[20.99116,42.3837],[20.97805,42.37489],[20.97444,42.37525],[20.97186,42.37759],[20.96427,42.37735],[20.96355,42.37507],[20.96703,42.37404],[20.97715,42.3635],[20.97977,42.35388],[20.97954,42.34632],[20.98127,42.34185],[20.98606,42.33868],[20.97942,42.32751],[20.98428,42.32124],[20.98581,42.31451],[20.9902,42.30597],[21.01454,42.308],[21.03159,42.30072],[21.03675,42.29678],[21.04581,42.29378],[21.05079,42.29473],[21.0548,42.29965],[21.05529,42.3037],[21.05128,42.31086],[21.0515,42.3169],[21.05662,42.32051],[21.06199,42.32111],[21.06841,42.31961],[21.07471,42.30326],[21.07729,42.3016],[21.10022,42.3006],[21.11945,42.28709],[21.13333,42.29013],[21.13882,42.29428],[21.14606,42.28745],[21.15141,42.28556],[21.1602,42.28565],[21.16447,42.28776],[21.16998,42.29391],[21.18269,42.29857],[21.18565,42.29821],[21.19004,42.29345],[21.19383,42.29294],[21.19555,42.28923],[21.19859,42.28749],[21.20197,42.28821],[21.20196,42.29187],[21.20539,42.29288],[21.20616,42.29589],[21.20966,42.29907],[21.21217,42.30904],[21.21881,42.31275],[21.22585,42.31431],[21.2374,42.31294],[21.24023,42.31841],[21.24375,42.31832],[21.25306,42.32423],[21.26457,42.32542],[21.26421,42.33347],[21.25389,42.33787],[21.25042,42.34114],[21.255,42.35284],[21.25386,42.36245],[21.25572,42.36449],[21.2734,42.36099],[21.2763,42.36657],[21.29557,42.37245],[21.29854,42.37192],[21.30155,42.36837],[21.30768,42.36669],[21.31044,42.36746],[21.31206,42.37179],[21.31189,42.37879],[21.30192,42.39171],[21.30954,42.42045],[21.30285,42.42275],[21.29654,42.43088],[21.29257,42.42916],[21.28637,42.44441],[21.28057,42.44932],[21.2755,42.44661],[21.26311,42.44475],[21.25206,42.45335]]]}},{"type":"Feature","properties":{"OBJECTID":16,"Value_e":"PRIŠTINA-GRAD","Value_sl":"PRIŠTINA-GRAD","Value_sc":"ПРИШТИНА-ГРАД","Municipality_DOM_ID":"90263","Region_DOM_ID":"30","SHAPE.STArea()":562905823.4013519,"SHAPE.STLength()":163846.04306885082},"geometry":{"type":"Polygon","coordinates":[[[21.34346,42.80157],[21.33741,42.80516],[21.32936,42.81623],[21.32721,42.81711],[21.32442,42.81614],[21.32287,42.81338],[21.3092,42.80957],[21.30409,42.80867],[21.29698,42.81095],[21.29106,42.80722],[21.28887,42.80343],[21.27232,42.79969],[21.27023,42.79597],[21.2722,42.79434],[21.26999,42.79267],[21.26046,42.7944],[21.25246,42.79339],[21.24951,42.78321],[21.25314,42.77479],[21.24489,42.77968],[21.23536,42.7825],[21.22658,42.78409],[21.22389,42.78291],[21.22298,42.7816],[21.22466,42.77412],[21.21937,42.76509],[21.21685,42.77263],[21.2146,42.77337],[21.21182,42.77741],[21.207,42.77799],[21.20527,42.78182],[21.20023,42.78234],[21.19002,42.77918],[21.18664,42.78068],[21.18476,42.7841],[21.18638,42.79251],[21.18101,42.798],[21.17659,42.79975],[21.16806,42.79763],[21.16932,42.79393],[21.1639,42.78854],[21.15752,42.7852],[21.15683,42.78114],[21.14915,42.77717],[21.14723,42.77394],[21.13863,42.77682],[21.13859,42.77984],[21.13248,42.7833],[21.13085,42.78658],[21.12258,42.77869],[21.11954,42.7635],[21.1033,42.76557],[21.10296,42.76368],[21.10918,42.75882],[21.10091,42.75086],[21.10088,42.74688],[21.11146,42.73625],[21.11177,42.73426],[21.10652,42.73001],[21.10646,42.72839],[21.11212,42.72348],[21.10852,42.71522],[21.10969,42.71138],[21.11406,42.70544],[21.11671,42.71494],[21.11912,42.71557],[21.12232,42.71319],[21.1262,42.70237],[21.12232,42.70022],[21.11671,42.70203],[21.11487,42.70064],[21.11482,42.69762],[21.11709,42.69551],[21.12398,42.69494],[21.1371,42.68845],[21.13744,42.68678],[21.13476,42.68294],[21.13446,42.6782],[21.13115,42.67495],[21.12234,42.6733],[21.11987,42.67124],[21.11898,42.66806],[21.12172,42.6582],[21.12926,42.65885],[21.13201,42.65456],[21.13123,42.65058],[21.12417,42.64628],[21.12527,42.64435],[21.13123,42.64371],[21.15481,42.64601],[21.15577,42.64416],[21.14563,42.63825],[21.1334,42.63487],[21.13456,42.63199],[21.14148,42.6293],[21.14349,42.61833],[21.14046,42.61625],[21.13242,42.61955],[21.13214,42.61323],[21.1294,42.60937],[21.11444,42.59724],[21.10993,42.58808],[21.11202,42.57828],[21.11936,42.57812],[21.12757,42.57537],[21.13162,42.57828],[21.13406,42.57665],[21.13401,42.56697],[21.13707,42.567],[21.16825,42.58198],[21.16986,42.58652],[21.17254,42.58778],[21.17819,42.58205],[21.18131,42.58475],[21.18393,42.58301],[21.18521,42.57764],[21.18252,42.57755],[21.1822,42.58057],[21.18026,42.58021],[21.17865,42.5756],[21.18283,42.57522],[21.18619,42.56755],[21.18837,42.571],[21.19502,42.56767],[21.20446,42.56857],[21.22264,42.5634],[21.22617,42.56995],[21.23049,42.57368],[21.23842,42.57827],[21.24296,42.57905],[21.24667,42.57731],[21.24937,42.57909],[21.24989,42.58218],[21.2434,42.58805],[21.24395,42.59595],[21.24092,42.60101],[21.24551,42.60543],[21.24602,42.60852],[21.23935,42.61445],[21.24025,42.61666],[21.2446,42.61799],[21.25009,42.62523],[21.25742,42.62596],[21.26432,42.62395],[21.26877,42.61759],[21.27249,42.6172],[21.2732,42.61412],[21.2795,42.61381],[21.28429,42.61769],[21.30047,42.60893],[21.302,42.61312],[21.30795,42.61119],[21.31722,42.60621],[21.31805,42.59935],[21.32178,42.59779],[21.32083,42.59174],[21.33003,42.59104],[21.33472,42.5958],[21.33694,42.59582],[21.33919,42.59473],[21.34166,42.58953],[21.35007,42.58525],[21.35514,42.58802],[21.37542,42.62238],[21.38504,42.62385],[21.39613,42.63339],[21.39997,42.634],[21.40341,42.6322],[21.40531,42.62863],[21.41703,42.62302],[21.42,42.62368],[21.42263,42.63123],[21.42502,42.63225],[21.42819,42.63121],[21.43293,42.62233],[21.43984,42.62271],[21.44692,42.627],[21.46112,42.6294],[21.46102,42.64038],[21.46351,42.64232],[21.46016,42.6434],[21.46124,42.64636],[21.46339,42.64554],[21.46625,42.64837],[21.47016,42.64861],[21.47115,42.65114],[21.46642,42.66025],[21.47357,42.66069],[21.4744,42.66207],[21.46728,42.66788],[21.46131,42.66929],[21.4543,42.67338],[21.44904,42.67891],[21.43516,42.68098],[21.43216,42.68282],[21.43056,42.69434],[21.41889,42.69882],[21.4204,42.70645],[21.42354,42.70825],[21.43119,42.70684],[21.43182,42.70945],[21.43841,42.71167],[21.44723,42.70335],[21.45971,42.70265],[21.46978,42.6994],[21.47927,42.69942],[21.47803,42.70679],[21.48341,42.71335],[21.4832,42.71679],[21.49141,42.72547],[21.49821,42.73739],[21.47473,42.74858],[21.46327,42.73804],[21.45165,42.7451],[21.44909,42.75013],[21.44262,42.74735],[21.44068,42.74899],[21.43196,42.74814],[21.42633,42.74567],[21.42117,42.74644],[21.41795,42.74414],[21.41501,42.7461],[21.40866,42.74343],[21.39841,42.74483],[21.39493,42.7497],[21.39451,42.758],[21.39068,42.76363],[21.38722,42.76567],[21.38092,42.78033],[21.37454,42.78469],[21.36017,42.78768],[21.35387,42.79165],[21.34631,42.79291],[21.34424,42.79414],[21.34346,42.80157]]]}},{"type":"Feature","properties":{"OBJECTID":42,"Value_e":"ŠTRPCE","Value_sl":"ŠTRPCE","Value_sc":"ШТРПЦЕ","Municipality_DOM_ID":"90328","Region_DOM_ID":"30","SHAPE.STArea()":233023242.0633564,"SHAPE.STLength()":76560.90660403816},"geometry":{"type":"Polygon","coordinates":[[[21.06841,42.31961],[21.06199,42.32111],[21.05662,42.32051],[21.0515,42.3169],[21.05128,42.31086],[21.05529,42.3037],[21.0548,42.29965],[21.05079,42.29473],[21.04581,42.29378],[21.03675,42.29678],[21.03159,42.30072],[21.01454,42.308],[20.9902,42.30597],[20.98421,42.29495],[20.98665,42.29009],[20.98763,42.28058],[20.98483,42.27606],[20.95219,42.267],[20.91091,42.23919],[20.90318,42.23689],[20.89081,42.2383],[20.88465,42.24164],[20.87628,42.23361],[20.8745,42.22771],[20.87558,42.22222],[20.8799,42.21836],[20.86834,42.2151],[20.86759,42.21195],[20.87114,42.20246],[20.88906,42.19681],[20.94218,42.18993],[20.96725,42.18235],[20.97768,42.17615],[20.98915,42.15686],[20.99067,42.1495],[20.98484,42.1393],[21.00983,42.14517],[21.01428,42.14796],[21.03045,42.15084],[21.04122,42.16075],[21.05326,42.16598],[21.06378,42.17856],[21.07436,42.18558],[21.08462,42.18704],[21.09166,42.19003],[21.09834,42.19405],[21.09901,42.19679],[21.106,42.20486],[21.11486,42.20593],[21.1146,42.21772],[21.11123,42.23394],[21.11202,42.25234],[21.11674,42.25307],[21.11815,42.25526],[21.12774,42.25349],[21.13709,42.25427],[21.15083,42.2614],[21.15347,42.26756],[21.15372,42.27525],[21.14373,42.27435],[21.1396,42.27787],[21.12006,42.28491],[21.11945,42.28709],[21.10022,42.3006],[21.07729,42.3016],[21.07471,42.30326],[21.06841,42.31961]]]}},{"type":"Feature","properties":{"OBJECTID":43,"Value_e":"ŠTIMLJE","Value_sl":"ŠTIMLJE","Value_sc":"ШТИМЉЕ","Municipality_DOM_ID":"90310","Region_DOM_ID":"30","SHAPE.STArea()":136516041.05937937,"SHAPE.STLength()":69385.75064210435},"geometry":{"type":"Polygon","coordinates":[[[20.98583,42.47822],[20.98039,42.48137],[20.97036,42.4937],[20.96782,42.49543],[20.96286,42.49524],[20.93997,42.48325],[20.9366,42.4768],[20.93367,42.47502],[20.91067,42.4668],[20.90963,42.46324],[20.91166,42.46],[20.93082,42.45595],[20.94469,42.44965],[20.95535,42.44913],[20.96041,42.44287],[20.96221,42.43507],[20.96839,42.42965],[20.97531,42.42557],[20.9792,42.42521],[20.98119,42.42262],[20.97044,42.41674],[20.95568,42.41219],[20.95168,42.40898],[20.94972,42.4059],[20.95025,42.40178],[20.95458,42.39805],[20.9629,42.39589],[20.96801,42.39752],[20.96985,42.39696],[20.97067,42.39442],[20.96269,42.38724],[20.94555,42.38992],[20.93879,42.38459],[20.94705,42.37748],[20.95953,42.37428],[20.96355,42.37507],[20.96427,42.37735],[20.97186,42.37759],[20.97444,42.37525],[20.97805,42.37489],[20.99116,42.3837],[21.00807,42.39166],[21.02295,42.38795],[21.03045,42.38836],[21.04658,42.38443],[21.05034,42.38488],[21.06141,42.39149],[21.08202,42.39743],[21.08646,42.39741],[21.08868,42.39844],[21.08769,42.40015],[21.08454,42.40092],[21.08241,42.40344],[21.08296,42.41191],[21.08779,42.4136],[21.09548,42.41267],[21.10181,42.41717],[21.11033,42.42743],[21.11961,42.42882],[21.12213,42.43142],[21.12393,42.43869],[21.12058,42.44523],[21.1269,42.44705],[21.13419,42.45394],[21.14274,42.45671],[21.139,42.46813],[21.13599,42.46973],[21.11385,42.46779],[21.10539,42.46934],[21.10433,42.47559],[21.0998,42.4774],[21.09845,42.48242],[21.08902,42.47361],[21.07658,42.4723],[21.08102,42.47083],[21.08128,42.46898],[21.07158,42.46573],[21.05406,42.4729],[21.02848,42.47584],[21.02088,42.47368],[21.02162,42.47523],[21.017,42.47847],[21.01223,42.48605],[21.00253,42.47744],[20.98583,42.47822]]]}},{"type":"Feature","properties":{"OBJECTID":44,"Value_e":"LIPLJAN","Value_sl":"LIPLJAN","Value_sc":"ЛИПЉАН","Municipality_DOM_ID":"90166","Region_DOM_ID":"30","SHAPE.STArea()":405978507.1990596,"SHAPE.STLength()":143757.26342585613},"geometry":{"type":"Polygon","coordinates":[[[21.2732,42.61412],[21.27249,42.6172],[21.26877,42.61759],[21.26432,42.62395],[21.25742,42.62596],[21.25009,42.62523],[21.2446,42.61799],[21.24025,42.61666],[21.23935,42.61445],[21.24602,42.60852],[21.24551,42.60543],[21.24092,42.60101],[21.24395,42.59595],[21.2434,42.58805],[21.24989,42.58218],[21.24937,42.57909],[21.24667,42.57731],[21.24296,42.57905],[21.23842,42.57827],[21.23049,42.57368],[21.22617,42.56995],[21.22264,42.5634],[21.20446,42.56857],[21.19502,42.56767],[21.18837,42.571],[21.18619,42.56755],[21.18283,42.57522],[21.17865,42.5756],[21.18026,42.58021],[21.1822,42.58057],[21.18252,42.57755],[21.18521,42.57764],[21.18393,42.58301],[21.18131,42.58475],[21.17819,42.58205],[21.17254,42.58778],[21.16986,42.58652],[21.16825,42.58198],[21.13511,42.56671],[21.13401,42.56697],[21.13406,42.57665],[21.13162,42.57828],[21.12757,42.57537],[21.11936,42.57812],[21.11202,42.57828],[21.11426,42.5717],[21.10842,42.57076],[21.10384,42.57931],[21.10147,42.58053],[21.07139,42.5816],[21.06297,42.579],[21.06196,42.58475],[21.0649,42.58656],[21.05497,42.5854],[21.05355,42.58805],[21.05455,42.58923],[21.05116,42.59201],[21.0356,42.58935],[21.02836,42.59011],[21.02678,42.58921],[21.02717,42.58234],[21.02543,42.58082],[21.01876,42.57973],[21.01454,42.57675],[21.01023,42.57863],[20.99849,42.57558],[20.99372,42.57183],[20.98069,42.56592],[20.97763,42.56647],[20.96013,42.55953],[20.95792,42.55273],[20.96396,42.54819],[20.96655,42.5377],[20.95701,42.53231],[20.95344,42.53392],[20.94953,42.5321],[20.94492,42.5363],[20.93935,42.5366],[20.93315,42.54067],[20.92916,42.54048],[20.92448,42.53431],[20.92409,42.52914],[20.91841,42.52617],[20.90903,42.52434],[20.90539,42.52031],[20.89199,42.51252],[20.89021,42.51013],[20.88772,42.5091],[20.88448,42.51337],[20.87408,42.5121],[20.86852,42.51431],[20.86376,42.51058],[20.86436,42.49586],[20.86052,42.48859],[20.86771,42.48397],[20.87369,42.48752],[20.87711,42.48648],[20.88056,42.48935],[20.88496,42.489],[20.89003,42.49104],[20.90335,42.48475],[20.90519,42.48241],[20.90617,42.47506],[20.90913,42.4734],[20.91814,42.47632],[20.93096,42.4747],[20.9366,42.4768],[20.93997,42.48325],[20.94649,42.48748],[20.96286,42.49524],[20.96782,42.49543],[20.98039,42.48137],[20.98583,42.47822],[21.00253,42.47744],[21.01223,42.48605],[21.017,42.47847],[21.02162,42.47523],[21.02088,42.47368],[21.02848,42.47584],[21.05406,42.4729],[21.07158,42.46573],[21.08128,42.46898],[21.08102,42.47083],[21.07658,42.4723],[21.08902,42.47361],[21.09845,42.48242],[21.0998,42.4774],[21.10433,42.47559],[21.10539,42.46934],[21.11385,42.46779],[21.13599,42.46973],[21.139,42.46813],[21.14274,42.45671],[21.14721,42.45263],[21.15434,42.45528],[21.16002,42.45333],[21.16603,42.45433],[21.16883,42.45921],[21.17753,42.46073],[21.18144,42.45966],[21.18333,42.45658],[21.18603,42.45633],[21.18914,42.45923],[21.19587,42.46168],[21.2167,42.46368],[21.22969,42.46335],[21.24514,42.45816],[21.24725,42.46003],[21.24527,42.46235],[21.25128,42.46438],[21.2567,42.46071],[21.25204,42.45532],[21.25206,42.45335],[21.25657,42.44869],[21.26543,42.44449],[21.2755,42.44661],[21.28057,42.44932],[21.28659,42.45684],[21.28264,42.4619],[21.28585,42.46501],[21.2876,42.47346],[21.27986,42.47664],[21.27926,42.48055],[21.28173,42.48352],[21.30735,42.4812],[21.31576,42.48358],[21.3147,42.48735],[21.31956,42.49164],[21.30293,42.51042],[21.30366,42.51935],[21.30848,42.52707],[21.30504,42.52808],[21.30191,42.52572],[21.29507,42.53124],[21.28978,42.53128],[21.28749,42.5369],[21.28877,42.54402],[21.30261,42.56074],[21.31208,42.56093],[21.31137,42.56574],[21.32031,42.56407],[21.32985,42.56591],[21.33739,42.58099],[21.33718,42.58339],[21.34166,42.58953],[21.33919,42.59473],[21.33694,42.59582],[21.33472,42.5958],[21.33003,42.59104],[21.32083,42.59174],[21.32178,42.59779],[21.31805,42.59935],[21.31722,42.60621],[21.30795,42.61119],[21.302,42.61312],[21.30047,42.60893],[21.28429,42.61769],[21.2795,42.61381],[21.2732,42.61412]]]}},{"type":"Feature","properties":{"OBJECTID":48,"Value_e":"KOSOVO POLJE","Value_sl":"KOSOVO POLJE","Value_sc":"КОСОВО ПОЉЕ","Municipality_DOM_ID":"90131","Region_DOM_ID":"30","SHAPE.STArea()":99471184.67053986,"SHAPE.STLength()":62609.4499958545},"geometry":{"type":"Polygon","coordinates":[[[21.01782,42.66095],[21.00375,42.6679],[21.00266,42.66679],[21.00416,42.66014],[20.99979,42.65468],[20.97388,42.65247],[20.97501,42.64108],[20.98143,42.63496],[20.99146,42.63003],[20.98333,42.61954],[20.97511,42.61273],[20.97094,42.61238],[20.96895,42.60924],[20.96142,42.60403],[20.96575,42.60063],[20.97759,42.5982],[20.98554,42.59476],[20.98868,42.59019],[20.99141,42.58225],[20.98813,42.57343],[20.98069,42.56592],[20.99372,42.57183],[20.99849,42.57558],[21.01023,42.57863],[21.01454,42.57675],[21.01876,42.57973],[21.02543,42.58082],[21.02717,42.58234],[21.02678,42.58921],[21.02836,42.59011],[21.0356,42.58935],[21.04866,42.59192],[21.05116,42.59201],[21.05455,42.58923],[21.05355,42.58805],[21.05497,42.5854],[21.0649,42.58656],[21.06196,42.58475],[21.06297,42.579],[21.07139,42.5816],[21.10147,42.58053],[21.10384,42.57931],[21.10842,42.57076],[21.11426,42.5717],[21.10993,42.58808],[21.11444,42.59724],[21.1294,42.60937],[21.13214,42.61323],[21.13242,42.61955],[21.14046,42.61625],[21.14349,42.61833],[21.14148,42.6293],[21.13456,42.63199],[21.1334,42.63487],[21.14563,42.63825],[21.15577,42.64416],[21.15481,42.64601],[21.12527,42.64435],[21.12417,42.64628],[21.13123,42.65058],[21.13201,42.65456],[21.12926,42.65885],[21.10122,42.65529],[21.09483,42.64714],[21.08929,42.65095],[21.08604,42.65058],[21.08173,42.64697],[21.07992,42.64272],[21.07544,42.65063],[21.07046,42.65437],[21.06701,42.65496],[21.06182,42.65368],[21.06389,42.64574],[21.05799,42.64308],[21.05228,42.64564],[21.04941,42.65029],[21.03387,42.65167],[21.02303,42.66044],[21.01782,42.66095]]]}},{"type":"Feature","properties":{"OBJECTID":49,"Value_e":"GLOGOVAC","Value_sl":"GLOGOVAC","Value_sc":"ГЛОГОВАЦ","Municipality_DOM_ID":"90034","Region_DOM_ID":"30","SHAPE.STArea()":289595948.51980686,"SHAPE.STLength()":89692.68153539373},"geometry":{"type":"Polygon","coordinates":[[[20.97226,42.69907],[20.95671,42.71026],[20.95129,42.72244],[20.92822,42.71038],[20.91627,42.7132],[20.89739,42.69723],[20.88942,42.68528],[20.87723,42.69045],[20.86951,42.70047],[20.84897,42.70445],[20.8429,42.70055],[20.84097,42.69456],[20.82476,42.68898],[20.82028,42.6822],[20.82491,42.67353],[20.82967,42.66837],[20.81739,42.66356],[20.81786,42.6609],[20.81033,42.66294],[20.80767,42.66086],[20.8059,42.66091],[20.80569,42.66235],[20.8016,42.66217],[20.8007,42.66044],[20.79126,42.65829],[20.77705,42.65924],[20.77621,42.65786],[20.78047,42.64472],[20.77332,42.63524],[20.77079,42.62697],[20.77476,42.61431],[20.77121,42.60583],[20.77607,42.60424],[20.78793,42.6058],[20.7997,42.60316],[20.80932,42.59531],[20.80791,42.59124],[20.80199,42.58549],[20.79469,42.58349],[20.79134,42.57963],[20.79406,42.57298],[20.81158,42.57],[20.81704,42.56587],[20.81332,42.56164],[20.81003,42.55412],[20.81294,42.55216],[20.81349,42.54791],[20.8092,42.5491],[20.80526,42.54618],[20.80351,42.54115],[20.80349,42.53717],[20.80757,42.5294],[20.80775,42.52355],[20.79053,42.51678],[20.78884,42.51313],[20.78969,42.5121],[20.82566,42.51341],[20.83955,42.50836],[20.84522,42.51136],[20.85922,42.50912],[20.86852,42.51431],[20.87408,42.5121],[20.88448,42.51337],[20.88772,42.5091],[20.90539,42.52031],[20.90903,42.52434],[20.91841,42.52617],[20.92409,42.52914],[20.92448,42.53431],[20.92916,42.54048],[20.93315,42.54067],[20.93935,42.5366],[20.94492,42.5363],[20.94953,42.5321],[20.95344,42.53392],[20.95701,42.53231],[20.96655,42.5377],[20.96396,42.54819],[20.95792,42.55273],[20.96013,42.55953],[20.97763,42.56647],[20.98069,42.56592],[20.98813,42.57343],[20.99141,42.58225],[20.98554,42.59476],[20.97759,42.5982],[20.96575,42.60063],[20.96142,42.60403],[20.96895,42.60924],[20.97094,42.61238],[20.97511,42.61273],[20.98333,42.61954],[20.99146,42.63003],[20.98143,42.63496],[20.97501,42.64108],[20.97014,42.67063],[20.96484,42.6758],[20.96407,42.68498],[20.96629,42.68913],[20.97365,42.6938],[20.97398,42.696],[20.97226,42.69907]]]}},{"type":"Feature","properties":{"OBJECTID":50,"Value_e":"OBILIĆ","Value_sl":"OBILIĆ","Value_sc":"ОБИЛИЋ","Municipality_DOM_ID":"90204","Region_DOM_ID":"30","SHAPE.STArea()":106918154.95545714,"SHAPE.STLength()":73446.8301486939},"geometry":{"type":"Polygon","coordinates":[[[21.13085,42.78658],[21.12355,42.8017],[21.12564,42.80522],[21.12505,42.80782],[21.1099,42.80448],[21.10605,42.79999],[21.08898,42.79478],[21.08192,42.78724],[21.07347,42.78246],[21.06848,42.77052],[21.07758,42.77279],[21.073,42.7674],[21.07891,42.76497],[21.07861,42.7601],[21.082,42.75758],[21.07519,42.75231],[21.07491,42.74613],[21.06865,42.74134],[21.06539,42.73582],[21.07309,42.73149],[21.07292,42.73035],[21.06414,42.72613],[21.05656,42.72716],[21.05464,42.72613],[21.05621,42.72113],[21.0543,42.71809],[21.0413,42.71654],[21.0339,42.70776],[21.02323,42.70569],[21.01711,42.69856],[21.00086,42.69135],[20.99516,42.68698],[20.97981,42.68399],[20.97365,42.6938],[20.96629,42.68913],[20.96407,42.68498],[20.96484,42.6758],[20.97014,42.67063],[20.97388,42.65247],[20.99979,42.65468],[21.00416,42.66014],[21.00266,42.66679],[21.00375,42.6679],[21.01782,42.66095],[21.02303,42.66044],[21.03387,42.65167],[21.04941,42.65029],[21.05228,42.64564],[21.05799,42.64308],[21.06389,42.64574],[21.06182,42.65368],[21.06701,42.65496],[21.07046,42.65437],[21.07544,42.65063],[21.07992,42.64272],[21.08173,42.64697],[21.08604,42.65058],[21.08929,42.65095],[21.09483,42.64714],[21.10122,42.65529],[21.12172,42.6582],[21.11898,42.66806],[21.11987,42.67124],[21.12234,42.6733],[21.13115,42.67495],[21.13446,42.6782],[21.1371,42.68845],[21.12398,42.69494],[21.11709,42.69551],[21.11482,42.69762],[21.11487,42.70064],[21.11671,42.70203],[21.12232,42.70022],[21.1262,42.70237],[21.12232,42.71319],[21.11912,42.71557],[21.11671,42.71494],[21.11406,42.70544],[21.10969,42.71138],[21.10852,42.71522],[21.11212,42.72348],[21.10646,42.72839],[21.10652,42.73001],[21.11177,42.73426],[21.11146,42.73625],[21.10088,42.74688],[21.10091,42.75086],[21.10918,42.75882],[21.10296,42.76368],[21.1033,42.76557],[21.11954,42.7635],[21.12258,42.77869],[21.13085,42.78658]]]}},{"type":"Feature","properties":{"OBJECTID":60,"Value_e":"PODUJEVO","Value_sl":"PODUJEVO","Value_sc":"ПОДУЈЕВО","Municipality_DOM_ID":"90247","Region_DOM_ID":"30","SHAPE.STArea()":609503081.5723138,"SHAPE.STLength()":180303.05620826656},"geometry":{"type":"Polygon","coordinates":[[[21.01409,43.13438],[21.00292,43.13527],[20.99522,43.13835],[20.9864,43.13546],[20.97691,43.1357],[20.96791,43.13055],[20.96853,43.12522],[20.97295,43.1187],[20.97505,43.11103],[20.98264,43.11075],[20.98925,43.10765],[20.99485,43.109],[21.00856,43.10115],[21.00969,43.09512],[21.00792,43.08282],[21.00321,43.07303],[21.00383,43.06926],[21.01121,43.06857],[21.01503,43.05988],[21.03547,43.04745],[21.03749,43.03893],[21.03506,43.03287],[21.03592,43.03171],[21.04473,43.03089],[21.04895,43.0244],[21.05464,43.02527],[21.06135,43.02072],[21.07072,43.00782],[21.07402,42.99947],[21.07814,42.99594],[21.0796,42.98942],[21.08264,42.98642],[21.08362,42.98286],[21.08646,42.98096],[21.08502,42.9769],[21.09228,42.97304],[21.09286,42.9714],[21.08901,42.9667],[21.08982,42.9562],[21.08584,42.94731],[21.08605,42.94004],[21.08292,42.93683],[21.08269,42.93321],[21.07978,42.92859],[21.07527,42.92423],[21.07193,42.91631],[21.06573,42.91442],[21.06526,42.91269],[21.06857,42.91058],[21.0684,42.90893],[21.06453,42.90588],[21.07962,42.88966],[21.07916,42.88334],[21.08666,42.86737],[21.08806,42.8624],[21.0874,42.85663],[21.09112,42.85103],[21.08818,42.84201],[21.09406,42.8413],[21.09624,42.83919],[21.10194,42.83917],[21.10293,42.83478],[21.10902,42.83297],[21.1127,42.82998],[21.1255,42.81497],[21.1243,42.79858],[21.13248,42.7833],[21.13859,42.77984],[21.13863,42.77682],[21.14723,42.77394],[21.14915,42.77717],[21.15683,42.78114],[21.15752,42.7852],[21.1639,42.78854],[21.16932,42.79393],[21.16806,42.79763],[21.17659,42.79975],[21.18101,42.798],[21.18638,42.79251],[21.18476,42.7841],[21.18664,42.78068],[21.19002,42.77918],[21.20023,42.78234],[21.20527,42.78182],[21.207,42.77799],[21.21182,42.77741],[21.2146,42.77337],[21.21685,42.77263],[21.21937,42.76509],[21.22466,42.77412],[21.22298,42.7816],[21.22389,42.78291],[21.22658,42.78409],[21.23536,42.7825],[21.24489,42.77968],[21.25314,42.77479],[21.24951,42.78321],[21.25246,42.79339],[21.26046,42.7944],[21.26999,42.79267],[21.2722,42.79434],[21.27023,42.79597],[21.27232,42.79969],[21.28887,42.80343],[21.29106,42.80722],[21.29698,42.81095],[21.30409,42.80867],[21.3092,42.80957],[21.32287,42.81338],[21.32442,42.81614],[21.32721,42.81711],[21.32936,42.81623],[21.33741,42.80516],[21.34346,42.80157],[21.34424,42.79414],[21.35387,42.79165],[21.36017,42.78768],[21.37454,42.78469],[21.38092,42.78033],[21.38722,42.76567],[21.39068,42.76363],[21.39451,42.758],[21.3967,42.75935],[21.39676,42.7623],[21.40279,42.76728],[21.40758,42.7669],[21.40835,42.77207],[21.4113,42.7761],[21.40773,42.78195],[21.4097,42.7837],[21.40825,42.78773],[21.41332,42.79034],[21.41202,42.79266],[21.40722,42.79298],[21.40664,42.79702],[21.41,42.8053],[21.41376,42.80682],[21.42272,42.80581],[21.42267,42.81056],[21.42472,42.81063],[21.4179,42.8173],[21.41898,42.82075],[21.41719,42.82524],[21.41862,42.82881],[21.42429,42.83283],[21.42375,42.8473],[21.43713,42.85155],[21.43554,42.85846],[21.43643,42.86442],[21.43426,42.86733],[21.43508,42.87233],[21.41348,42.8751],[21.4116,42.87346],[21.40682,42.8731],[21.40246,42.87466],[21.39453,42.87157],[21.39293,42.86713],[21.38549,42.86656],[21.3802,42.87048],[21.38021,42.87232],[21.37692,42.87305],[21.36978,42.8734],[21.36518,42.87092],[21.36111,42.87231],[21.35812,42.8778],[21.35253,42.87877],[21.34997,42.88099],[21.35132,42.8874],[21.34394,42.89105],[21.34527,42.89441],[21.34187,42.89962],[21.33987,42.90043],[21.33619,42.89888],[21.33089,42.90261],[21.31606,42.90185],[21.3045,42.90613],[21.29978,42.90117],[21.29248,42.90322],[21.28698,42.9009],[21.28259,42.89529],[21.2748,42.89487],[21.27115,42.8972],[21.27032,42.91003],[21.26556,42.9126],[21.2619,42.91809],[21.25348,42.92578],[21.25118,42.93115],[21.24518,42.93394],[21.24485,42.93849],[21.23963,42.94374],[21.2377,42.94965],[21.23567,42.95041],[21.23435,42.95924],[21.2383,42.96339],[21.24081,42.97131],[21.23976,42.9747],[21.24383,42.98106],[21.23769,42.98974],[21.23869,42.99143],[21.23752,42.99502],[21.23879,42.99655],[21.23778,43.00551],[21.23507,43.00997],[21.2322,43.00942],[21.22909,43.01472],[21.22562,43.0168],[21.22513,43.02036],[21.21299,43.02138],[21.20542,43.02465],[21.19981,43.02265],[21.19725,43.02333],[21.19206,43.01522],[21.19306,43.00795],[21.17534,42.9995],[21.1712,43.00042],[21.17224,43.00303],[21.16897,43.00449],[21.16935,43.00745],[21.16341,43.0147],[21.16722,43.01984],[21.16621,43.02471],[21.16775,43.0263],[21.16542,43.02852],[21.15571,43.0295],[21.15576,43.03318],[21.15222,43.0402],[21.15401,43.04491],[21.15214,43.04934],[21.15298,43.06008],[21.14993,43.06716],[21.14663,43.06894],[21.14717,43.07161],[21.1427,43.07361],[21.14389,43.07596],[21.13954,43.08217],[21.14992,43.09099],[21.14132,43.10524],[21.14134,43.10937],[21.13727,43.11349],[21.12995,43.11158],[21.12407,43.11315],[21.12235,43.11167],[21.11339,43.11118],[21.10713,43.11766],[21.10266,43.11735],[21.09921,43.12588],[21.08861,43.1358],[21.07893,43.12903],[21.07925,43.11818],[21.07586,43.11506],[21.0644,43.11358],[21.06232,43.11019],[21.05031,43.10753],[21.04631,43.11242],[21.04327,43.11244],[21.03813,43.1187],[21.03313,43.12042],[21.03044,43.12403],[21.02792,43.12484],[21.0254,43.12946],[21.01549,43.1314],[21.01409,43.13438]]]}},{"type":"Feature","properties":{"OBJECTID":63,"Value_e":"TUTIN","Value_sl":"TUTIN","Value_sc":"ТУТИН","Municipality_DOM_ID":"71188","Region_DOM_ID":"4","SHAPE.STArea()":741713005.5692772,"SHAPE.STLength()":158181.58554517862},"geometry":{"type":"Polygon","coordinates":[[[20.30602,43.17535],[20.30017,43.1785],[20.29855,43.18431],[20.29645,43.18111],[20.29779,43.17736],[20.29293,43.17355],[20.2867,43.17077],[20.26753,43.16646],[20.26667,43.16794],[20.25684,43.16216],[20.238,43.15621],[20.22551,43.15639],[20.2165,43.15359],[20.21099,43.15691],[20.19632,43.15626],[20.188,43.15151],[20.18707,43.14488],[20.18384,43.13915],[20.18096,43.13861],[20.17991,43.13659],[20.17214,43.13737],[20.17053,43.13445],[20.16742,43.1366],[20.16498,43.13603],[20.16335,43.13338],[20.16419,43.12894],[20.16981,43.12417],[20.16972,43.12251],[20.17349,43.12179],[20.17689,43.11775],[20.17731,43.11566],[20.17489,43.11208],[20.16665,43.10879],[20.15445,43.111],[20.14477,43.10891],[20.13267,43.10472],[20.1226,43.09734],[20.12131,43.09515],[20.12301,43.0941],[20.12094,43.09337],[20.12314,43.09209],[20.11692,43.09048],[20.11663,43.08854],[20.11421,43.08741],[20.11419,43.08451],[20.10453,43.07439],[20.1061,43.07268],[20.10412,43.07268],[20.10319,43.0704],[20.09689,43.06595],[20.08806,43.05157],[20.08324,43.03567],[20.08088,43.03271],[20.07522,43.03322],[20.07336,43.02918],[20.0761,43.02576],[20.07516,43.01702],[20.07072,43.01013],[20.06391,43.00685],[20.06577,43.00134],[20.0738,42.99651],[20.07848,42.99727],[20.08108,42.99372],[20.08661,42.99562],[20.08713,42.9924],[20.10074,42.98228],[20.10283,42.97449],[20.10804,42.97128],[20.11106,42.97164],[20.11725,42.96547],[20.12157,42.96372],[20.12544,42.96709],[20.13157,42.96938],[20.1363,42.97419],[20.13748,42.97927],[20.14703,42.98914],[20.14927,42.98878],[20.15084,42.9881],[20.15138,42.98521],[20.1531,42.98513],[20.15145,42.98317],[20.15267,42.98174],[20.15151,42.98032],[20.15253,42.97455],[20.15888,42.97551],[20.17387,42.97228],[20.17982,42.96882],[20.17948,42.96711],[20.18311,42.96562],[20.18848,42.96026],[20.20119,42.95731],[20.2072,42.95918],[20.21023,42.95832],[20.22904,42.9445],[20.23273,42.94488],[20.23889,42.9407],[20.25174,42.94011],[20.26983,42.93156],[20.27797,42.9343],[20.27825,42.93223],[20.28345,42.93155],[20.28208,42.9289],[20.28396,42.92726],[20.28739,42.92752],[20.29873,42.92192],[20.31123,42.92344],[20.31239,42.92167],[20.31062,42.92105],[20.31024,42.91738],[20.31591,42.91725],[20.32026,42.91488],[20.3222,42.91576],[20.32565,42.91229],[20.3293,42.9138],[20.33621,42.9078],[20.34549,42.91126],[20.34987,42.89618],[20.34535,42.88966],[20.34585,42.87638],[20.34198,42.8692],[20.34872,42.85567],[20.34715,42.85241],[20.34798,42.84636],[20.35171,42.84071],[20.35138,42.83683],[20.35334,42.83278],[20.36361,42.83233],[20.37996,42.84177],[20.38978,42.84249],[20.39335,42.8445],[20.4086,42.84713],[20.41945,42.84332],[20.42871,42.83526],[20.43815,42.83317],[20.44132,42.83392],[20.46355,42.85312],[20.47712,42.85929],[20.48583,42.86763],[20.50208,42.871],[20.51569,42.87854],[20.53407,42.88122],[20.53823,42.88321],[20.53881,42.88514],[20.53569,42.88501],[20.53527,42.88909],[20.5204,42.8936],[20.52056,42.89809],[20.50548,42.90529],[20.49987,42.91771],[20.48628,42.92906],[20.48609,42.93296],[20.48456,42.93381],[20.48903,42.93578],[20.49291,42.94046],[20.49629,42.94645],[20.49609,42.95228],[20.49955,42.95685],[20.50738,42.96384],[20.51371,42.96558],[20.51529,42.96902],[20.51167,42.97306],[20.52037,42.98328],[20.51657,42.98647],[20.51841,42.9902],[20.51422,42.99597],[20.51093,42.99755],[20.51129,43.001],[20.50862,43.0037],[20.51271,43.00396],[20.51734,43.00677],[20.51572,43.01436],[20.51303,43.0161],[20.50641,43.01616],[20.49466,43.01084],[20.48594,43.01026],[20.48264,43.00727],[20.4688,43.00722],[20.4604,43.00365],[20.43641,43.02452],[20.42851,43.02665],[20.42789,43.02917],[20.42995,43.03027],[20.42388,43.03103],[20.42083,43.03319],[20.41717,43.04412],[20.41792,43.04701],[20.42562,43.05252],[20.4305,43.05858],[20.42637,43.07909],[20.42255,43.07717],[20.41496,43.07752],[20.41197,43.07336],[20.40557,43.07567],[20.40141,43.07471],[20.4016,43.07634],[20.39833,43.07502],[20.39582,43.07951],[20.38948,43.07718],[20.38935,43.08129],[20.38636,43.08553],[20.37822,43.09001],[20.37596,43.09419],[20.37364,43.09322],[20.37147,43.09604],[20.37248,43.09746],[20.36768,43.10013],[20.36273,43.1063],[20.36199,43.11232],[20.35208,43.128],[20.34502,43.13243],[20.33849,43.13396],[20.33879,43.13579],[20.33526,43.13718],[20.33242,43.13493],[20.33179,43.14206],[20.32812,43.1435],[20.32631,43.14649],[20.32423,43.14594],[20.32271,43.14795],[20.31419,43.15128],[20.31253,43.15835],[20.30385,43.16351],[20.30877,43.16861],[20.30602,43.17535]]]}},{"type":"Feature","properties":{"OBJECTID":70,"Value_e":"NOVI PAZAR-GRAD","Value_sl":"NOVI PAZAR-GRAD","Value_sc":"НОВИ ПАЗАР-ГРАД","Municipality_DOM_ID":"70874","Region_DOM_ID":"4","SHAPE.STArea()":743039416.8645539,"SHAPE.STLength()":159120.1881640415},"geometry":{"type":"Polygon","coordinates":[[[20.29578,43.31169],[20.27677,43.30375],[20.2707,43.29848],[20.27239,43.29351],[20.26744,43.29125],[20.26695,43.28854],[20.2625,43.28704],[20.26462,43.28281],[20.26319,43.28226],[20.26318,43.27908],[20.25823,43.27602],[20.25671,43.2704],[20.26345,43.25929],[20.26039,43.25315],[20.25404,43.24984],[20.25327,43.24177],[20.24464,43.2435],[20.24145,43.24211],[20.23999,43.23894],[20.23956,43.24119],[20.23678,43.24136],[20.23644,43.23992],[20.23417,43.24009],[20.23583,43.23878],[20.23207,43.2381],[20.22957,43.23066],[20.23185,43.23082],[20.23635,43.22595],[20.22656,43.22018],[20.23212,43.21744],[20.23834,43.21852],[20.24583,43.21644],[20.2488,43.21766],[20.25555,43.217],[20.2583,43.21855],[20.25842,43.21156],[20.25044,43.20505],[20.25436,43.20096],[20.25459,43.1979],[20.2623,43.19801],[20.26834,43.20152],[20.26865,43.19833],[20.27363,43.19495],[20.28205,43.19262],[20.29859,43.18436],[20.30017,43.1785],[20.30602,43.17535],[20.30877,43.16861],[20.30385,43.16351],[20.31253,43.15835],[20.31419,43.15128],[20.32271,43.14795],[20.32423,43.14594],[20.32631,43.14649],[20.32812,43.1435],[20.33179,43.14206],[20.33242,43.13493],[20.33526,43.13718],[20.33879,43.13579],[20.33849,43.13396],[20.34502,43.13243],[20.35208,43.128],[20.36199,43.11232],[20.36273,43.1063],[20.36768,43.10013],[20.37248,43.09746],[20.37147,43.09604],[20.37364,43.09322],[20.37596,43.09419],[20.37822,43.09001],[20.38636,43.08553],[20.38935,43.08129],[20.38948,43.07718],[20.39582,43.07951],[20.39833,43.07502],[20.4016,43.07634],[20.40141,43.07471],[20.40557,43.07567],[20.41197,43.07336],[20.41496,43.07752],[20.42255,43.07717],[20.42637,43.07909],[20.4305,43.05858],[20.42562,43.05252],[20.41792,43.04701],[20.41717,43.04412],[20.42083,43.03319],[20.42388,43.03103],[20.42995,43.03027],[20.42789,43.02917],[20.42851,43.02665],[20.43641,43.02452],[20.46082,43.0036],[20.4688,43.00722],[20.48264,43.00727],[20.48594,43.01026],[20.49466,43.01084],[20.50641,43.01616],[20.51411,43.01569],[20.51802,43.00802],[20.51458,43.00476],[20.50862,43.0037],[20.51129,43.001],[20.51093,42.99755],[20.51422,42.99597],[20.51841,42.9902],[20.51657,42.98647],[20.52038,42.9832],[20.51167,42.97306],[20.51676,42.97016],[20.52977,42.97522],[20.53635,42.97456],[20.54019,42.96353],[20.54661,42.96118],[20.55149,42.96803],[20.55461,42.96859],[20.55198,42.97557],[20.55713,42.98114],[20.56114,42.98104],[20.56497,42.98457],[20.56506,42.9901],[20.56791,42.99637],[20.57189,42.99951],[20.58134,43.00196],[20.58207,43.00878],[20.58009,43.01183],[20.58143,43.01269],[20.5906,43.01461],[20.591,43.01693],[20.59978,43.0155],[20.60666,43.01718],[20.61372,43.01537],[20.61771,43.01746],[20.61878,43.01675],[20.61664,43.00659],[20.61486,43.00465],[20.61734,43.00276],[20.62353,43.00349],[20.62953,43.00859],[20.64063,43.00675],[20.64145,43.01038],[20.6383,43.01268],[20.63706,43.01619],[20.64056,43.01861],[20.64197,43.02265],[20.64523,43.02366],[20.65125,43.02197],[20.65071,43.02887],[20.65238,43.03066],[20.65216,43.03331],[20.65511,43.03469],[20.66948,43.03534],[20.67137,43.03908],[20.67102,43.04614],[20.67008,43.04796],[20.66547,43.04959],[20.67049,43.05553],[20.67041,43.05819],[20.66881,43.059],[20.66911,43.06523],[20.66768,43.06666],[20.66613,43.0656],[20.66194,43.06674],[20.65772,43.06996],[20.65628,43.07372],[20.66215,43.07842],[20.66773,43.07739],[20.68386,43.08188],[20.68766,43.08394],[20.69261,43.09072],[20.69323,43.0948],[20.68753,43.10263],[20.69309,43.10573],[20.69279,43.10904],[20.68927,43.11285],[20.68599,43.12159],[20.67993,43.12566],[20.67342,43.12673],[20.67276,43.13154],[20.65759,43.13805],[20.66205,43.14432],[20.65745,43.15022],[20.65814,43.15419],[20.65446,43.15444],[20.65197,43.156],[20.65216,43.15776],[20.64655,43.15846],[20.64094,43.16225],[20.62857,43.16372],[20.62183,43.16808],[20.61118,43.16973],[20.60781,43.17518],[20.61412,43.18075],[20.60938,43.19225],[20.59433,43.2048],[20.58971,43.20362],[20.58289,43.20892],[20.57804,43.21927],[20.57208,43.2209],[20.56628,43.22662],[20.55082,43.23589],[20.5484,43.24154],[20.53767,43.24695],[20.52772,43.24664],[20.51929,43.25053],[20.51725,43.25501],[20.51248,43.25799],[20.50816,43.25844],[20.50173,43.26492],[20.49048,43.26863],[20.47163,43.28187],[20.46724,43.28289],[20.46332,43.28823],[20.44271,43.2884],[20.4372,43.29134],[20.42686,43.29189],[20.41688,43.2855],[20.41125,43.28402],[20.39325,43.28876],[20.38804,43.29277],[20.38386,43.28734],[20.37947,43.28475],[20.36213,43.28057],[20.35551,43.27621],[20.34408,43.27672],[20.32608,43.2829],[20.31173,43.29104],[20.30662,43.29729],[20.30655,43.30278],[20.30026,43.3094],[20.29578,43.31169]]]}},{"type":"Feature","properties":{"OBJECTID":82,"Value_e":"RAŠKA","Value_sl":"RAŠKA","Value_sc":"РАШКА","Municipality_DOM_ID":"71021","Region_DOM_ID":"4","SHAPE.STArea()":670015246.4147047,"SHAPE.STLength()":149802.1379793168},"geometry":{"type":"Polygon","coordinates":[[[20.76959,43.45808],[20.75428,43.46001],[20.75255,43.4558],[20.75631,43.45491],[20.7521,43.45145],[20.74294,43.45037],[20.73963,43.44762],[20.72771,43.4468],[20.7141,43.43895],[20.71197,43.44015],[20.69846,43.43986],[20.67883,43.4376],[20.67759,43.43641],[20.67921,43.43273],[20.68296,43.42935],[20.68156,43.42546],[20.67891,43.42602],[20.68157,43.42066],[20.67991,43.42149],[20.66913,43.41932],[20.66828,43.42072],[20.66054,43.42101],[20.65903,43.42228],[20.65935,43.426],[20.65287,43.42974],[20.64321,43.42857],[20.639,43.42566],[20.62833,43.43024],[20.62954,43.42839],[20.62557,43.42511],[20.61737,43.42611],[20.60585,43.4234],[20.6039,43.42205],[20.60319,43.41869],[20.59367,43.41106],[20.58335,43.4083],[20.57792,43.40456],[20.57651,43.40129],[20.57324,43.40045],[20.55813,43.40072],[20.55502,43.40805],[20.54973,43.41083],[20.5462,43.41503],[20.53546,43.41843],[20.52905,43.41758],[20.5277,43.41572],[20.5235,43.41582],[20.52172,43.41421],[20.51883,43.40707],[20.52062,43.40368],[20.51912,43.40256],[20.52136,43.40049],[20.51903,43.40033],[20.51538,43.40388],[20.51243,43.4041],[20.50809,43.40723],[20.50008,43.40235],[20.48856,43.40301],[20.48561,43.40186],[20.47677,43.39107],[20.47454,43.39003],[20.46795,43.39116],[20.46255,43.38826],[20.45862,43.38874],[20.45121,43.39274],[20.44964,43.3952],[20.44343,43.397],[20.44221,43.39114],[20.43951,43.39099],[20.43684,43.39398],[20.43244,43.38867],[20.4379,43.37981],[20.44437,43.37733],[20.44288,43.37166],[20.4447,43.36607],[20.44381,43.36165],[20.43486,43.35531],[20.43303,43.35222],[20.43555,43.34935],[20.43469,43.34734],[20.43694,43.34313],[20.43497,43.33964],[20.43109,43.33774],[20.42902,43.33868],[20.42724,43.34148],[20.42792,43.34494],[20.42601,43.34593],[20.41779,43.34762],[20.40921,43.34632],[20.4034,43.33916],[20.40396,43.33533],[20.40246,43.33164],[20.40357,43.32634],[20.40233,43.32282],[20.38971,43.32012],[20.38665,43.30999],[20.38183,43.31052],[20.37491,43.30878],[20.36841,43.30435],[20.36735,43.30557],[20.35943,43.30373],[20.35796,43.3003],[20.35945,43.29659],[20.35612,43.29003],[20.36059,43.2873],[20.36469,43.28135],[20.37982,43.28491],[20.38386,43.28734],[20.38804,43.29277],[20.39325,43.28876],[20.41125,43.28402],[20.41688,43.2855],[20.42686,43.29189],[20.4372,43.29134],[20.44271,43.2884],[20.46332,43.28823],[20.46724,43.28289],[20.47163,43.28187],[20.49048,43.26863],[20.50173,43.26492],[20.50816,43.25844],[20.51248,43.25799],[20.51725,43.25501],[20.51929,43.25053],[20.52772,43.24664],[20.53767,43.24695],[20.5484,43.24154],[20.55082,43.23589],[20.56628,43.22662],[20.57208,43.2209],[20.57804,43.21927],[20.58289,43.20892],[20.58971,43.20362],[20.59281,43.20403],[20.60051,43.21079],[20.60409,43.20703],[20.61529,43.20433],[20.63323,43.20969],[20.63722,43.20674],[20.64471,43.2075],[20.65249,43.21104],[20.65596,43.20885],[20.67156,43.20858],[20.68713,43.21339],[20.68963,43.21915],[20.69755,43.22248],[20.69933,43.22515],[20.70945,43.22719],[20.71063,43.23156],[20.71744,43.23401],[20.719,43.23701],[20.71844,43.23989],[20.72017,43.23988],[20.72827,43.24871],[20.74741,43.24486],[20.7613,43.24401],[20.76929,43.24758],[20.77291,43.24449],[20.77591,43.24525],[20.77819,43.24197],[20.7829,43.24524],[20.79218,43.24427],[20.79374,43.24601],[20.79361,43.24865],[20.79215,43.24941],[20.7934,43.25152],[20.79221,43.25933],[20.79724,43.26201],[20.80025,43.26653],[20.80376,43.26766],[20.82842,43.26579],[20.82183,43.27008],[20.81927,43.27449],[20.81919,43.2796],[20.82735,43.28608],[20.82886,43.29059],[20.82816,43.29689],[20.82454,43.30553],[20.82522,43.31084],[20.82329,43.31811],[20.82951,43.32404],[20.83338,43.3231],[20.83592,43.32436],[20.84275,43.33206],[20.84481,43.3373],[20.85303,43.34256],[20.85374,43.34905],[20.84849,43.36111],[20.85141,43.36958],[20.84878,43.37473],[20.85172,43.37992],[20.84342,43.39259],[20.84409,43.40143],[20.84273,43.40333],[20.83966,43.40369],[20.83708,43.40187],[20.83529,43.40375],[20.83311,43.4027],[20.83264,43.40485],[20.83071,43.40539],[20.83059,43.40335],[20.82498,43.4011],[20.82495,43.40393],[20.8223,43.40474],[20.82054,43.4032],[20.82151,43.40212],[20.81942,43.40161],[20.81754,43.40396],[20.81337,43.40341],[20.81118,43.40033],[20.80797,43.40292],[20.79702,43.40454],[20.79281,43.40102],[20.78779,43.40696],[20.77892,43.40992],[20.78367,43.417],[20.77935,43.42555],[20.78454,43.43024],[20.78558,43.43503],[20.78957,43.43922],[20.7928,43.45303],[20.7776,43.4538],[20.76959,43.45808]]]}},{"type":"Feature","properties":{"OBJECTID":91,"Value_e":"VRNJAČKA BANJA","Value_sl":"VRNJAČKA BANJA","Value_sc":"ВРЊАЧКА БАЊА","Municipality_DOM_ID":"70459","Region_DOM_ID":"4","SHAPE.STArea()":239093511.19666296,"SHAPE.STLength()":101741.99001953322},"geometry":{"type":"Polygon","coordinates":[[[20.83701,43.69445],[20.83989,43.69957],[20.83815,43.70293],[20.83387,43.70599],[20.82494,43.7088],[20.82075,43.70819],[20.82328,43.70427],[20.82058,43.70204],[20.81444,43.70152],[20.80937,43.69828],[20.80734,43.69888],[20.80468,43.69367],[20.79457,43.68273],[20.79492,43.68051],[20.79345,43.68035],[20.79391,43.67818],[20.79118,43.67463],[20.77479,43.66854],[20.76878,43.66333],[20.7641,43.65717],[20.76732,43.65264],[20.76144,43.65082],[20.76081,43.64241],[20.75048,43.63582],[20.7494,43.63108],[20.75099,43.62696],[20.75622,43.62488],[20.75805,43.62039],[20.75677,43.61573],[20.76118,43.61393],[20.76359,43.60944],[20.76916,43.60573],[20.76983,43.60295],[20.76819,43.59967],[20.77787,43.59194],[20.77934,43.58895],[20.77794,43.5881],[20.77972,43.58515],[20.77913,43.58202],[20.78269,43.58351],[20.79175,43.58176],[20.79342,43.57896],[20.79323,43.57524],[20.80007,43.57374],[20.80399,43.56868],[20.80766,43.56772],[20.80899,43.56346],[20.80665,43.55814],[20.79511,43.55592],[20.79295,43.55384],[20.78094,43.55868],[20.77245,43.56025],[20.76296,43.55946],[20.75982,43.56237],[20.75488,43.55885],[20.73868,43.55839],[20.735,43.55271],[20.73617,43.54678],[20.73516,43.53481],[20.74579,43.53222],[20.75032,43.53395],[20.75407,43.53175],[20.77206,43.52768],[20.78031,43.53019],[20.78742,43.53542],[20.79288,43.53331],[20.79783,43.52767],[20.80919,43.52718],[20.82178,43.52144],[20.82863,43.52245],[20.82894,43.52599],[20.83634,43.53277],[20.84031,43.53571],[20.84554,43.53656],[20.85195,43.53577],[20.85239,43.53237],[20.86007,43.52392],[20.86039,43.5218],[20.86632,43.52013],[20.87169,43.52083],[20.87818,43.51704],[20.88294,43.51743],[20.88533,43.51432],[20.89704,43.51291],[20.89988,43.51477],[20.90695,43.51441],[20.92932,43.52067],[20.93488,43.51887],[20.9405,43.51919],[20.95089,43.52788],[20.95103,43.5299],[20.9413,43.53644],[20.94143,43.54147],[20.94376,43.54339],[20.94386,43.54579],[20.93789,43.54748],[20.93942,43.54808],[20.93908,43.55022],[20.93427,43.55311],[20.93672,43.5592],[20.93235,43.56507],[20.93669,43.57142],[20.93384,43.57458],[20.92163,43.57514],[20.92281,43.57785],[20.92115,43.58024],[20.92311,43.58597],[20.91942,43.58984],[20.92427,43.59928],[20.92352,43.60371],[20.92464,43.60572],[20.92335,43.60858],[20.92649,43.6119],[20.93573,43.61155],[20.94561,43.61447],[20.94821,43.61804],[20.94607,43.62095],[20.9551,43.62639],[20.95888,43.62486],[20.96752,43.6344],[20.95918,43.63666],[20.95763,43.63818],[20.95908,43.64017],[20.95694,43.64091],[20.94245,43.64143],[20.93855,43.64795],[20.92684,43.64561],[20.9247,43.64742],[20.92813,43.65023],[20.92726,43.65812],[20.92137,43.66293],[20.9178,43.66276],[20.91178,43.658],[20.90734,43.65775],[20.89649,43.66066],[20.88726,43.66552],[20.88719,43.66753],[20.8913,43.66915],[20.89582,43.6737],[20.88661,43.67919],[20.87659,43.677],[20.86993,43.68346],[20.86549,43.67947],[20.86648,43.67573],[20.86503,43.67386],[20.86119,43.67313],[20.85881,43.67482],[20.86093,43.67878],[20.86042,43.68157],[20.85274,43.67832],[20.84606,43.67949],[20.84366,43.68089],[20.84389,43.68302],[20.85783,43.68694],[20.85808,43.69006],[20.85233,43.69405],[20.83973,43.69146],[20.83701,43.69445]]]}},{"type":"Feature","properties":{"OBJECTID":101,"Value_e":"KRALJEVO-GRAD","Value_sl":"KRALJEVO-GRAD","Value_sc":"КРАЉЕВО-ГРАД","Municipality_DOM_ID":"70653","Region_DOM_ID":"4","SHAPE.STArea()":1529827248.9677293,"SHAPE.STLength()":285863.0330668553},"geometry":{"type":"Polygon","coordinates":[[[20.64354,43.87691],[20.63998,43.87807],[20.63913,43.88137],[20.62799,43.87578],[20.63019,43.87313],[20.62733,43.86839],[20.62393,43.87052],[20.6164,43.86819],[20.61358,43.87051],[20.61118,43.87012],[20.6075,43.86417],[20.60525,43.86451],[20.60515,43.86252],[20.60341,43.86198],[20.60204,43.86335],[20.59951,43.85871],[20.59015,43.85148],[20.57145,43.84308],[20.57179,43.84106],[20.58029,43.83764],[20.57617,43.82955],[20.58119,43.82785],[20.57866,43.82427],[20.57457,43.82309],[20.56738,43.81337],[20.5647,43.81229],[20.56875,43.80991],[20.56494,43.8043],[20.56122,43.80314],[20.55951,43.80751],[20.55402,43.80673],[20.55399,43.7985],[20.54883,43.79727],[20.54756,43.79361],[20.52978,43.79032],[20.52087,43.78428],[20.51651,43.78643],[20.51009,43.78498],[20.51185,43.77894],[20.51082,43.77432],[20.50923,43.76923],[20.50282,43.76319],[20.50362,43.75911],[20.48764,43.76102],[20.48374,43.75818],[20.47264,43.7618],[20.46211,43.7602],[20.45789,43.75578],[20.45779,43.75226],[20.43917,43.75419],[20.43559,43.75099],[20.43309,43.75102],[20.43262,43.74908],[20.4286,43.74798],[20.42894,43.74359],[20.42314,43.73035],[20.42777,43.72774],[20.42801,43.72239],[20.43987,43.7211],[20.43968,43.71629],[20.4474,43.7108],[20.44663,43.70463],[20.4426,43.70187],[20.45032,43.6964],[20.44824,43.69418],[20.45044,43.69175],[20.4509,43.68436],[20.4445,43.67343],[20.44534,43.67201],[20.44236,43.67253],[20.44197,43.66909],[20.43935,43.66832],[20.43967,43.66613],[20.42786,43.66223],[20.41966,43.66706],[20.41995,43.67066],[20.41415,43.67151],[20.40902,43.66722],[20.40473,43.66745],[20.40205,43.66483],[20.39938,43.66475],[20.39354,43.65786],[20.38981,43.65802],[20.38725,43.65448],[20.38304,43.65286],[20.37888,43.64769],[20.37801,43.64371],[20.38333,43.63856],[20.39156,43.63548],[20.39517,43.6313],[20.39586,43.62526],[20.39857,43.62273],[20.39645,43.61872],[20.38998,43.61598],[20.38597,43.60907],[20.3882,43.60347],[20.38581,43.59955],[20.38619,43.59564],[20.39254,43.59286],[20.38725,43.59248],[20.38163,43.58912],[20.37937,43.58562],[20.37982,43.58341],[20.37413,43.57797],[20.3737,43.5749],[20.36284,43.57366],[20.35488,43.56915],[20.35186,43.56658],[20.35048,43.56268],[20.34151,43.5568],[20.33338,43.55709],[20.3295,43.55279],[20.32473,43.5518],[20.3241,43.54994],[20.32853,43.54885],[20.33889,43.55071],[20.3335,43.54518],[20.34437,43.54358],[20.34359,43.53712],[20.34682,43.53532],[20.35317,43.53624],[20.35555,43.53252],[20.35601,43.52793],[20.35892,43.52703],[20.3602,43.52432],[20.37413,43.52117],[20.37429,43.51976],[20.38942,43.51378],[20.39184,43.50975],[20.39647,43.50789],[20.39766,43.50563],[20.39615,43.50179],[20.39915,43.50111],[20.40493,43.49618],[20.405,43.49241],[20.40787,43.49032],[20.40703,43.48802],[20.40987,43.48858],[20.40871,43.48539],[20.41151,43.48507],[20.4137,43.48196],[20.41798,43.48055],[20.4248,43.47148],[20.43015,43.46724],[20.43127,43.46279],[20.4294,43.45846],[20.42641,43.4576],[20.42208,43.45244],[20.4217,43.44957],[20.4238,43.44719],[20.42421,43.44357],[20.42066,43.44079],[20.42277,43.43853],[20.42199,43.43369],[20.41689,43.43064],[20.42235,43.42682],[20.4241,43.42412],[20.42394,43.42025],[20.43286,43.4204],[20.43047,43.41791],[20.43063,43.41575],[20.42663,43.41372],[20.42319,43.41422],[20.42008,43.41263],[20.4171,43.41383],[20.41436,43.41186],[20.41565,43.40994],[20.41421,43.40694],[20.4231,43.39382],[20.42937,43.39321],[20.44045,43.3996],[20.4441,43.39933],[20.44332,43.39703],[20.44964,43.3952],[20.45121,43.39274],[20.45862,43.38874],[20.46255,43.38826],[20.46795,43.39116],[20.47454,43.39003],[20.48226,43.39621],[20.48455,43.40115],[20.48856,43.40301],[20.50008,43.40235],[20.50809,43.40723],[20.51243,43.4041],[20.51538,43.40388],[20.51903,43.40033],[20.52136,43.40049],[20.51912,43.40256],[20.52062,43.40368],[20.51883,43.40707],[20.52172,43.41421],[20.5235,43.41582],[20.5277,43.41572],[20.52905,43.41758],[20.53546,43.41843],[20.5462,43.41503],[20.54973,43.41083],[20.55502,43.40805],[20.55813,43.40072],[20.57324,43.40045],[20.57651,43.40129],[20.57792,43.40456],[20.58335,43.4083],[20.59367,43.41106],[20.60319,43.41869],[20.6039,43.42205],[20.60585,43.4234],[20.61737,43.42611],[20.62557,43.42511],[20.62954,43.42839],[20.62833,43.43024],[20.639,43.42566],[20.64321,43.42857],[20.65287,43.42974],[20.65935,43.426],[20.65903,43.42228],[20.66054,43.42101],[20.66828,43.42072],[20.66913,43.41932],[20.67991,43.42149],[20.68157,43.42066],[20.67891,43.42602],[20.68156,43.42546],[20.68296,43.42935],[20.67921,43.43273],[20.67759,43.43641],[20.67883,43.4376],[20.69846,43.43986],[20.71197,43.44015],[20.7141,43.43895],[20.72771,43.4468],[20.73963,43.44762],[20.74294,43.45037],[20.7521,43.45145],[20.75631,43.45491],[20.75255,43.4558],[20.75428,43.46001],[20.76763,43.45864],[20.7776,43.4538],[20.79822,43.45508],[20.79935,43.45724],[20.79552,43.46895],[20.79648,43.47415],[20.80207,43.47699],[20.805,43.47684],[20.80533,43.47857],[20.80049,43.48118],[20.79982,43.49023],[20.7982,43.49229],[20.79539,43.49247],[20.79677,43.49433],[20.794,43.49509],[20.79512,43.49867],[20.7932,43.50005],[20.79243,43.50511],[20.7898,43.50534],[20.78768,43.50983],[20.7829,43.51274],[20.78299,43.51855],[20.78148,43.52145],[20.77449,43.5255],[20.776,43.52862],[20.77092,43.52779],[20.75407,43.53175],[20.75032,43.53395],[20.74579,43.53222],[20.73491,43.5353],[20.73617,43.54678],[20.735,43.55271],[20.73868,43.55839],[20.75488,43.55885],[20.75982,43.56237],[20.76296,43.55946],[20.77245,43.56025],[20.78094,43.55868],[20.79295,43.55384],[20.79973,43.55727],[20.80561,43.55712],[20.80899,43.56346],[20.80766,43.56772],[20.80399,43.56868],[20.80162,43.57281],[20.79259,43.57586],[20.79342,43.57896],[20.79167,43.58182],[20.78269,43.58351],[20.77913,43.58202],[20.77972,43.58515],[20.77794,43.5881],[20.77934,43.58895],[20.77787,43.59194],[20.76812,43.59983],[20.76983,43.60295],[20.76916,43.60573],[20.76359,43.60944],[20.76118,43.61393],[20.75677,43.61573],[20.75802,43.62053],[20.75596,43.62512],[20.75071,43.62722],[20.7494,43.63108],[20.75048,43.63582],[20.76081,43.64241],[20.76144,43.65082],[20.76732,43.65264],[20.76442,43.65519],[20.76422,43.65754],[20.77196,43.66671],[20.79118,43.67463],[20.79391,43.67818],[20.79345,43.68035],[20.79492,43.68051],[20.79457,43.68273],[20.80468,43.69367],[20.80734,43.69888],[20.8117,43.69896],[20.81444,43.70152],[20.81946,43.70147],[20.82284,43.70368],[20.82126,43.70861],[20.82685,43.7084],[20.83815,43.70293],[20.83989,43.69957],[20.83698,43.6945],[20.83973,43.69146],[20.85153,43.69411],[20.85748,43.69088],[20.85783,43.68694],[20.84479,43.68363],[20.84422,43.68038],[20.85081,43.67813],[20.86042,43.68157],[20.86093,43.67878],[20.85881,43.67482],[20.86119,43.67313],[20.86503,43.67386],[20.86648,43.67573],[20.86549,43.67947],[20.86993,43.68346],[20.87659,43.677],[20.88661,43.67919],[20.89582,43.6737],[20.8913,43.66915],[20.88719,43.66753],[20.88726,43.66552],[20.89171,43.66368],[20.89295,43.66507],[20.89159,43.66583],[20.89315,43.66666],[20.90141,43.66762],[20.90178,43.67547],[20.90725,43.6839],[20.92146,43.6891],[20.92428,43.69195],[20.93247,43.6934],[20.9343,43.69577],[20.93325,43.69883],[20.93465,43.69992],[20.92683,43.70728],[20.92568,43.71219],[20.92734,43.714],[20.92662,43.7174],[20.92942,43.7241],[20.92744,43.73199],[20.93428,43.73177],[20.93604,43.73537],[20.93416,43.74175],[20.92908,43.74466],[20.93179,43.74508],[20.93857,43.751],[20.94211,43.74938],[20.95039,43.7508],[20.95323,43.75563],[20.95958,43.75666],[20.96179,43.76209],[20.95791,43.76389],[20.95573,43.76778],[20.95356,43.76727],[20.94862,43.77049],[20.94795,43.77307],[20.94349,43.77465],[20.93832,43.77366],[20.93563,43.7753],[20.93949,43.78002],[20.93989,43.78443],[20.93842,43.78816],[20.93313,43.79031],[20.9332,43.79372],[20.93172,43.79462],[20.93357,43.79857],[20.93007,43.80087],[20.92674,43.80795],[20.92706,43.81525],[20.9233,43.82039],[20.92616,43.82356],[20.92509,43.83154],[20.9214,43.83195],[20.91592,43.84313],[20.90703,43.84928],[20.90605,43.85367],[20.89734,43.85569],[20.88697,43.85268],[20.88095,43.85606],[20.8799,43.85836],[20.87466,43.85907],[20.8752,43.86432],[20.87045,43.86645],[20.86958,43.86384],[20.86487,43.86388],[20.86291,43.86099],[20.85393,43.86417],[20.85259,43.85978],[20.85515,43.85828],[20.85658,43.85235],[20.84676,43.85268],[20.83839,43.85707],[20.82614,43.85738],[20.80213,43.85608],[20.79572,43.85337],[20.78475,43.85256],[20.77802,43.84957],[20.77362,43.84992],[20.77292,43.84705],[20.77441,43.8451],[20.77054,43.8443],[20.77046,43.84299],[20.77458,43.84204],[20.77383,43.83962],[20.77726,43.83745],[20.77622,43.83459],[20.78235,43.83264],[20.78273,43.83048],[20.78789,43.82642],[20.78448,43.81661],[20.78816,43.81309],[20.78805,43.81125],[20.78559,43.81019],[20.78522,43.80784],[20.78151,43.81118],[20.77782,43.80925],[20.77639,43.8104],[20.77225,43.80837],[20.77074,43.8046],[20.76735,43.80319],[20.75952,43.80129],[20.74611,43.80117],[20.73574,43.79699],[20.72358,43.79855],[20.7162,43.8063],[20.70572,43.81075],[20.70163,43.81781],[20.69794,43.8182],[20.69422,43.82237],[20.68872,43.82417],[20.69166,43.82932],[20.68627,43.83138],[20.68285,43.83771],[20.67737,43.84145],[20.68028,43.84973],[20.67843,43.85252],[20.67896,43.85564],[20.65726,43.86284],[20.65721,43.86464],[20.65105,43.87152],[20.64392,43.8747],[20.64354,43.87691]]]}},{"type":"Feature","properties":{"OBJECTID":61,"Value_e":"BABUŠNICA","Value_sl":"BABUŠNICA","Value_sc":"БАБУШНИЦА","Municipality_DOM_ID":"70050","Region_DOM_ID":"5","SHAPE.STArea()":528726755.6005712,"SHAPE.STLength()":146042.48538127428},"geometry":{"type":"Polygon","coordinates":[[[22.43041,43.14075],[22.42893,43.14437],[22.42514,43.14368],[22.42224,43.14677],[22.4245,43.14953],[22.4238,43.15305],[22.41323,43.15954],[22.41207,43.15547],[22.40493,43.15122],[22.39169,43.13113],[22.38704,43.12866],[22.37981,43.13073],[22.38246,43.12876],[22.37824,43.12774],[22.37937,43.12499],[22.37445,43.12442],[22.37203,43.1215],[22.36646,43.12204],[22.36476,43.12083],[22.35902,43.12441],[22.35625,43.12365],[22.35471,43.11569],[22.34778,43.11566],[22.3469,43.11284],[22.34263,43.11252],[22.34411,43.10888],[22.34307,43.10836],[22.33616,43.1091],[22.32895,43.10625],[22.31819,43.10574],[22.31122,43.10687],[22.30162,43.11155],[22.29886,43.11094],[22.29535,43.11376],[22.28978,43.11466],[22.27746,43.10927],[22.26223,43.10986],[22.24992,43.10596],[22.22689,43.08012],[22.22895,43.07972],[22.23133,43.07585],[22.23703,43.07515],[22.23837,43.07223],[22.24552,43.06818],[22.257,43.06566],[22.25676,43.06235],[22.24802,43.05924],[22.24737,43.05736],[22.24322,43.05689],[22.24018,43.05286],[22.23204,43.05169],[22.23162,43.04943],[22.22058,43.04621],[22.21648,43.04286],[22.2162,43.0405],[22.2042,43.03452],[22.19482,43.02625],[22.19831,43.02456],[22.20025,43.02137],[22.20948,43.01913],[22.20899,43.01564],[22.21013,43.0152],[22.21947,43.01429],[22.22299,43.01253],[22.23018,43.01444],[22.23627,43.01317],[22.23867,43.00923],[22.24454,43.00645],[22.24444,43.00353],[22.24944,43.00089],[22.25172,42.99513],[22.25462,42.99403],[22.25616,42.99801],[22.26137,43.00003],[22.27554,42.99907],[22.28086,43.00012],[22.28096,42.99895],[22.28468,42.99912],[22.28525,42.99555],[22.28774,42.99417],[22.29448,42.99362],[22.2958,42.9917],[22.29295,42.98881],[22.29762,42.98716],[22.29951,42.98801],[22.30256,42.98556],[22.30596,42.98712],[22.31365,42.98732],[22.31806,42.98537],[22.31552,42.9834],[22.31763,42.98179],[22.3275,42.98124],[22.33019,42.9781],[22.33225,42.97836],[22.33616,42.9753],[22.35973,42.97408],[22.36001,42.97187],[22.36776,42.96632],[22.38684,42.95856],[22.38601,42.95549],[22.39033,42.9537],[22.38351,42.93933],[22.36681,42.93479],[22.3725,42.92717],[22.39252,42.91711],[22.39524,42.91139],[22.3929,42.90705],[22.40685,42.90087],[22.41684,42.89242],[22.43376,42.89086],[22.43578,42.88821],[22.44513,42.88357],[22.44888,42.88246],[22.46827,42.88357],[22.47944,42.88068],[22.49049,42.88077],[22.49836,42.87816],[22.50135,42.87313],[22.51235,42.87064],[22.5153,42.86838],[22.52047,42.87584],[22.52796,42.87669],[22.53648,42.88215],[22.55373,42.87242],[22.5639,42.87033],[22.57536,42.86294],[22.57206,42.87157],[22.57382,42.87368],[22.5729,42.87645],[22.58075,42.8844],[22.58129,42.88821],[22.58447,42.89213],[22.59178,42.89049],[22.59704,42.89424],[22.60388,42.89181],[22.61761,42.89621],[22.62453,42.89206],[22.62435,42.89531],[22.632,42.90245],[22.63197,42.90837],[22.63359,42.91168],[22.64277,42.91979],[22.63642,42.92149],[22.63109,42.92897],[22.62562,42.92847],[22.62821,42.93382],[22.62686,42.93459],[22.61773,42.93632],[22.61486,42.93398],[22.61101,42.93445],[22.60903,42.93297],[22.60744,42.9353],[22.60526,42.93265],[22.60311,42.93364],[22.59655,42.9376],[22.59301,42.94171],[22.59022,42.94163],[22.58641,42.94404],[22.59035,42.94524],[22.5903,42.94808],[22.58685,42.95013],[22.58566,42.9535],[22.58175,42.95711],[22.57547,42.95865],[22.56609,42.96387],[22.55829,42.97234],[22.55075,42.9739],[22.54834,42.97676],[22.53789,42.98267],[22.53322,42.99128],[22.52998,42.99237],[22.52725,42.99461],[22.5284,42.99592],[22.52252,42.99953],[22.52235,43.00178],[22.52461,43.00373],[22.51826,43.00841],[22.52174,43.01058],[22.52235,43.01326],[22.52513,43.01383],[22.52906,43.02289],[22.5351,43.02514],[22.53597,43.02777],[22.52595,43.03053],[22.52318,43.02949],[22.51313,43.0304],[22.50256,43.03393],[22.4981,43.03933],[22.49883,43.04317],[22.49209,43.04946],[22.49524,43.05049],[22.49463,43.05264],[22.49717,43.05636],[22.49664,43.06],[22.49313,43.06318],[22.4839,43.06508],[22.47135,43.07258],[22.46945,43.07599],[22.4715,43.07691],[22.47035,43.07884],[22.46658,43.0796],[22.46681,43.08259],[22.47546,43.08971],[22.474,43.0939],[22.48088,43.09491],[22.47872,43.10027],[22.48042,43.10311],[22.48123,43.1132],[22.46901,43.12312],[22.46584,43.13067],[22.46644,43.13233],[22.45872,43.13306],[22.45688,43.13521],[22.44966,43.13758],[22.44216,43.13588],[22.44058,43.1372],[22.43679,43.13457],[22.42901,43.13763],[22.43041,43.14075]]]}},{"type":"Feature","properties":{"OBJECTID":64,"Value_e":"DIMITROVGRAD","Value_sl":"DIMITROVGRAD","Value_sc":"ДИМИТРОВГРАД","Municipality_DOM_ID":"70505","Region_DOM_ID":"5","SHAPE.STArea()":483286615.6342914,"SHAPE.STLength()":183344.75173915652},"geometry":{"type":"Polygon","coordinates":[[[22.95227,43.20618],[22.94125,43.20247],[22.93488,43.20906],[22.92268,43.21491],[22.91868,43.21933],[22.91055,43.22164],[22.9079,43.22092],[22.90975,43.2132],[22.90748,43.20885],[22.90399,43.20625],[22.90695,43.20314],[22.90718,43.19698],[22.90398,43.19094],[22.90699,43.17952],[22.90123,43.17711],[22.89897,43.16896],[22.89449,43.16952],[22.89747,43.16742],[22.89574,43.16655],[22.8975,43.16543],[22.88689,43.15959],[22.89043,43.15654],[22.8886,43.1532],[22.88347,43.15161],[22.87985,43.14726],[22.87518,43.14484],[22.8802,43.1421],[22.87728,43.13966],[22.86976,43.1394],[22.86728,43.13635],[22.85841,43.13498],[22.85516,43.13143],[22.84376,43.12532],[22.8264,43.1381],[22.81678,43.14184],[22.8128,43.14146],[22.80459,43.14524],[22.79671,43.14302],[22.79139,43.13731],[22.78454,43.14181],[22.78158,43.14173],[22.77911,43.14549],[22.77198,43.14457],[22.77027,43.14381],[22.7708,43.1417],[22.76548,43.14173],[22.76054,43.13906],[22.75621,43.13987],[22.75622,43.1413],[22.75528,43.13981],[22.74714,43.13992],[22.74398,43.13603],[22.74584,43.13378],[22.74877,43.13398],[22.74532,43.13226],[22.74783,43.13151],[22.74736,43.13031],[22.73894,43.1259],[22.742,43.11938],[22.74063,43.11558],[22.75357,43.11388],[22.7541,43.11277],[22.74874,43.10992],[22.74904,43.10691],[22.75717,43.1033],[22.75726,43.10043],[22.75539,43.09907],[22.75981,43.0983],[22.76192,43.09471],[22.7589,43.09329],[22.74239,43.09559],[22.74214,43.09066],[22.74052,43.091],[22.73928,43.08868],[22.73555,43.08706],[22.74226,43.08342],[22.74534,43.07775],[22.75198,43.07803],[22.75217,43.07607],[22.75572,43.07411],[22.75491,43.07238],[22.7578,43.0753],[22.75871,43.0743],[22.7585,43.06836],[22.75621,43.06835],[22.75607,43.06588],[22.75231,43.0659],[22.75207,43.06106],[22.74595,43.055],[22.7443,43.05269],[22.74523,43.05165],[22.74357,43.05129],[22.74462,43.05019],[22.74225,43.0495],[22.74319,43.04884],[22.74184,43.04518],[22.73831,43.04223],[22.74163,43.03962],[22.73701,43.03832],[22.73691,43.03709],[22.74127,43.03661],[22.74293,43.03488],[22.74106,43.03471],[22.74294,43.03313],[22.73968,43.03269],[22.73552,43.03445],[22.73222,43.03055],[22.72749,43.02749],[22.7261,43.02924],[22.72162,43.02518],[22.71884,43.02772],[22.71253,43.02975],[22.70841,43.02717],[22.69676,43.02399],[22.69821,43.02259],[22.69567,43.02052],[22.69266,43.02081],[22.69201,43.01858],[22.69278,43.01079],[22.69589,43.00857],[22.6943,43.00742],[22.69551,43.00629],[22.69109,43.00554],[22.68773,43.00255],[22.68646,43.00324],[22.68448,43.0033],[22.6835,43.00307],[22.68533,43.00118],[22.68006,43.00122],[22.68294,42.99603],[22.68055,42.99637],[22.68109,42.99774],[22.67703,43.0025],[22.67435,43.00234],[22.66778,43.00561],[22.66531,43.01142],[22.66232,43.00979],[22.65664,43.01171],[22.66004,43.00852],[22.65961,43.00711],[22.65178,43.00406],[22.65201,42.99868],[22.65033,42.99665],[22.65129,42.99346],[22.65778,42.98877],[22.65506,42.98703],[22.65147,42.97766],[22.6485,42.98053],[22.63831,42.9807],[22.63654,42.98302],[22.63345,42.98136],[22.63278,42.97921],[22.62038,42.97876],[22.60957,42.97348],[22.60871,42.97584],[22.60028,42.97712],[22.59332,42.98055],[22.58981,42.98868],[22.58486,42.99235],[22.58441,42.99709],[22.58204,42.99735],[22.58166,43.00136],[22.56636,43.00124],[22.56201,42.99718],[22.5558,42.99456],[22.54996,42.99485],[22.54716,42.99973],[22.54271,42.99852],[22.53599,43.00215],[22.53212,43.00131],[22.52461,43.00373],[22.52235,43.00178],[22.52248,42.9996],[22.5284,42.99592],[22.52725,42.99461],[22.52998,42.99237],[22.53322,42.99128],[22.53748,42.98318],[22.54179,42.97979],[22.54834,42.97676],[22.55075,42.9739],[22.55829,42.97234],[22.56609,42.96387],[22.58396,42.95543],[22.58685,42.95013],[22.5903,42.94808],[22.59035,42.94524],[22.58681,42.94496],[22.58662,42.94384],[22.59301,42.94171],[22.59655,42.9376],[22.60526,42.93265],[22.60744,42.9353],[22.60911,42.93296],[22.61101,42.93445],[22.61486,42.93398],[22.61729,42.93629],[22.62763,42.93428],[22.62562,42.92847],[22.63109,42.92897],[22.63642,42.92149],[22.64277,42.91979],[22.63359,42.91168],[22.63197,42.90837],[22.632,42.90245],[22.62412,42.89418],[22.62505,42.89055],[22.62916,42.88611],[22.64003,42.87805],[22.64718,42.87984],[22.65279,42.88323],[22.66053,42.88209],[22.66726,42.87679],[22.67445,42.87533],[22.6727,42.87355],[22.67509,42.8699],[22.67433,42.86836],[22.67525,42.86612],[22.67831,42.86527],[22.68222,42.86833],[22.68142,42.87209],[22.69456,42.87794],[22.69541,42.88372],[22.69763,42.88447],[22.70187,42.88429],[22.70522,42.8794],[22.71382,42.88699],[22.72083,42.88496],[22.73004,42.88873],[22.73574,42.88491],[22.74439,42.88608],[22.75424,42.89453],[22.75289,42.89923],[22.75969,42.9025],[22.75898,42.90405],[22.76201,42.90778],[22.76029,42.91113],[22.76813,42.91784],[22.77361,42.91839],[22.77591,42.92445],[22.77776,42.92566],[22.77992,42.93181],[22.77565,42.93516],[22.77213,42.93568],[22.77373,42.93824],[22.76953,42.94386],[22.76854,42.94829],[22.77473,42.94929],[22.77537,42.95098],[22.77783,42.95017],[22.77877,42.95313],[22.78212,42.94998],[22.78291,42.95281],[22.78076,42.95376],[22.78069,42.95558],[22.78474,42.95825],[22.78257,42.96407],[22.78653,42.96858],[22.78382,42.97119],[22.78406,42.974],[22.78623,42.9753],[22.78436,42.97692],[22.78399,42.98168],[22.82336,42.99348],[22.8493,43.00466],[22.86254,43.02142],[22.89842,43.03617],[22.89931,43.04745],[22.90917,43.05574],[22.9084,43.05665],[22.91059,43.05838],[22.91168,43.06367],[22.9173,43.07315],[22.91836,43.08004],[22.93335,43.08832],[22.95268,43.09241],[22.95472,43.09549],[22.95982,43.09692],[22.98319,43.11148],[22.98462,43.12099],[22.9919,43.12906],[22.99494,43.13542],[22.99607,43.13986],[22.99419,43.14299],[22.99507,43.14736],[22.99362,43.1506],[22.9975,43.15588],[22.99579,43.1616],[22.98636,43.16708],[23.00619,43.18697],[23.00513,43.19151],[23.00617,43.19294],[23.00251,43.19235],[22.99731,43.1941],[22.9829,43.20277],[22.97957,43.20201],[22.96131,43.20688],[22.95227,43.20618]]]}},{"type":"Feature","properties":{"OBJECTID":75,"Value_e":"BELA PALANKA","Value_sl":"BELA PALANKA","Value_sc":"БЕЛА ПАЛАНКА","Municipality_DOM_ID":"70084","Region_DOM_ID":"5","SHAPE.STArea()":516976174.5864235,"SHAPE.STLength()":137339.3943595859},"geometry":{"type":"Polygon","coordinates":[[[22.36176,43.38294],[22.35793,43.38107],[22.33773,43.38553],[22.33976,43.38131],[22.33892,43.3777],[22.33157,43.37329],[22.33141,43.36978],[22.33404,43.3674],[22.33389,43.36548],[22.32652,43.35765],[22.32825,43.35217],[22.32757,43.34944],[22.33069,43.34415],[22.33198,43.33791],[22.32741,43.33674],[22.32287,43.3322],[22.3125,43.3291],[22.30195,43.32836],[22.29426,43.33049],[22.28136,43.33078],[22.26296,43.32636],[22.25089,43.32828],[22.24866,43.32683],[22.24945,43.32915],[22.24185,43.33221],[22.21319,43.3385],[22.20662,43.3473],[22.19347,43.35013],[22.17683,43.35048],[22.16449,43.35329],[22.14668,43.34787],[22.13807,43.34747],[22.13472,43.34469],[22.13336,43.34041],[22.13677,43.33731],[22.14251,43.33605],[22.1483,43.33246],[22.14532,43.32827],[22.1472,43.32498],[22.14186,43.31877],[22.14589,43.31563],[22.14312,43.31364],[22.14395,43.31059],[22.14638,43.30977],[22.14595,43.3082],[22.1494,43.30426],[22.14744,43.3036],[22.14538,43.29952],[22.1466,43.29765],[22.15547,43.29667],[22.15959,43.29335],[22.16033,43.29002],[22.16591,43.28419],[22.16708,43.28007],[22.17569,43.27663],[22.16749,43.26996],[22.16728,43.26612],[22.16126,43.26936],[22.15961,43.26787],[22.15179,43.26782],[22.15139,43.2663],[22.14229,43.26508],[22.14567,43.25838],[22.14051,43.25686],[22.14186,43.25615],[22.13872,43.25279],[22.13493,43.25149],[22.1328,43.24704],[22.13397,43.24277],[22.13164,43.23747],[22.1228,43.23462],[22.1231,43.23039],[22.1208,43.22669],[22.12038,43.22228],[22.12191,43.21813],[22.11937,43.21569],[22.11717,43.20896],[22.13649,43.20165],[22.16875,43.18362],[22.17449,43.18224],[22.19072,43.17222],[22.20174,43.17109],[22.21195,43.16796],[22.21654,43.16503],[22.21758,43.16234],[22.21495,43.15696],[22.22203,43.15512],[22.25444,43.15488],[22.25947,43.16218],[22.26615,43.15699],[22.26738,43.15161],[22.27609,43.14885],[22.27639,43.14699],[22.27209,43.14402],[22.27211,43.13957],[22.28976,43.11467],[22.29535,43.11376],[22.29886,43.11094],[22.30162,43.11155],[22.31301,43.10636],[22.32385,43.10549],[22.33565,43.10903],[22.34307,43.10836],[22.34411,43.10888],[22.34263,43.11252],[22.3469,43.11284],[22.34778,43.11566],[22.35471,43.11569],[22.35625,43.12365],[22.35902,43.12441],[22.36476,43.12083],[22.36646,43.12204],[22.37203,43.1215],[22.37445,43.12442],[22.37937,43.12499],[22.37824,43.12774],[22.38246,43.12876],[22.37981,43.13073],[22.38704,43.12866],[22.39169,43.13113],[22.40493,43.15122],[22.41214,43.1556],[22.41373,43.1605],[22.41172,43.16416],[22.41386,43.16761],[22.41011,43.17001],[22.41181,43.17255],[22.41105,43.1755],[22.41863,43.17694],[22.41736,43.17962],[22.41851,43.18261],[22.43334,43.18897],[22.42429,43.19416],[22.42159,43.20193],[22.41958,43.20326],[22.42505,43.2071],[22.44701,43.20417],[22.44651,43.22408],[22.45026,43.22578],[22.44861,43.22913],[22.45163,43.22968],[22.45258,43.23335],[22.45042,43.23352],[22.45072,43.23537],[22.44706,43.23791],[22.44619,43.24411],[22.44271,43.24947],[22.43355,43.2593],[22.42822,43.26218],[22.42927,43.26493],[22.42117,43.26459],[22.41762,43.2672],[22.41454,43.26508],[22.4156,43.26633],[22.41113,43.26825],[22.41378,43.27017],[22.41541,43.26963],[22.41475,43.27324],[22.41674,43.27418],[22.41404,43.2742],[22.41028,43.27741],[22.40822,43.27971],[22.40887,43.2814],[22.40692,43.28022],[22.40821,43.27928],[22.40389,43.27998],[22.40183,43.28238],[22.39907,43.28206],[22.40005,43.28518],[22.39847,43.28601],[22.40099,43.28591],[22.39927,43.28705],[22.40188,43.28903],[22.40216,43.29294],[22.3975,43.30221],[22.39815,43.30365],[22.38953,43.30798],[22.38564,43.31339],[22.38814,43.31526],[22.38663,43.31658],[22.39025,43.32052],[22.3953,43.32227],[22.39808,43.32027],[22.41018,43.32552],[22.41074,43.32896],[22.41481,43.3331],[22.41361,43.33749],[22.41817,43.33647],[22.42467,43.33884],[22.4248,43.34082],[22.42791,43.34174],[22.42847,43.34549],[22.43088,43.34641],[22.43334,43.35396],[22.42672,43.35391],[22.42394,43.35818],[22.41528,43.36229],[22.41251,43.3671],[22.40353,43.36987],[22.39505,43.36946],[22.38979,43.36493],[22.38743,43.36813],[22.38334,43.36943],[22.38106,43.37326],[22.37755,43.37228],[22.37691,43.37451],[22.37355,43.37562],[22.36909,43.38107],[22.36528,43.38008],[22.36569,43.38121],[22.36176,43.38294]]]}},{"type":"Feature","properties":{"OBJECTID":78,"Value_e":"PIROT","Value_sl":"PIROT","Value_sc":"ПИРОТ","Municipality_DOM_ID":"70939","Region_DOM_ID":"5","SHAPE.STArea()":1232556843.1573522,"SHAPE.STLength()":220832.75930042978},"geometry":{"type":"Polygon","coordinates":[[[22.66691,43.40271],[22.65846,43.4],[22.64217,43.39875],[22.63555,43.39459],[22.63516,43.39172],[22.62774,43.38198],[22.62467,43.37464],[22.61841,43.37083],[22.61528,43.37147],[22.60897,43.3697],[22.60393,43.36407],[22.58722,43.35783],[22.58197,43.35407],[22.57661,43.35312],[22.57714,43.34407],[22.57348,43.33913],[22.58175,43.32986],[22.58094,43.32535],[22.57147,43.32605],[22.55167,43.33409],[22.54517,43.33433],[22.53819,43.33798],[22.53238,43.33824],[22.52464,43.33417],[22.52533,43.3381],[22.52191,43.34023],[22.52154,43.34324],[22.51464,43.34401],[22.515,43.34764],[22.50801,43.34876],[22.50033,43.35516],[22.49782,43.35767],[22.49739,43.36274],[22.4941,43.3687],[22.48624,43.37287],[22.47591,43.36895],[22.47471,43.36669],[22.47708,43.36551],[22.47231,43.36278],[22.47015,43.35802],[22.46021,43.35267],[22.45026,43.34951],[22.44437,43.35354],[22.44082,43.3515],[22.43779,43.35362],[22.433,43.3538],[22.43088,43.34641],[22.42847,43.34549],[22.42791,43.34174],[22.4248,43.34082],[22.42467,43.33884],[22.41817,43.33647],[22.41361,43.33749],[22.41481,43.3331],[22.41074,43.32896],[22.41018,43.32552],[22.39808,43.32027],[22.3953,43.32227],[22.39025,43.32052],[22.38663,43.31658],[22.38814,43.31526],[22.38565,43.31345],[22.38953,43.30798],[22.39815,43.30365],[22.3975,43.30221],[22.40216,43.29294],[22.40188,43.28903],[22.39927,43.28705],[22.40099,43.28591],[22.39847,43.28601],[22.40005,43.28518],[22.39907,43.28206],[22.40183,43.28238],[22.40389,43.27998],[22.40821,43.27928],[22.40692,43.28022],[22.40887,43.2814],[22.40822,43.27971],[22.41028,43.27741],[22.41404,43.2742],[22.41674,43.27418],[22.41475,43.27324],[22.41541,43.26963],[22.41378,43.27017],[22.41113,43.26825],[22.4156,43.26633],[22.41454,43.26508],[22.41762,43.2672],[22.42117,43.26459],[22.42927,43.26493],[22.42822,43.26218],[22.43355,43.2593],[22.44271,43.24947],[22.44619,43.24411],[22.44706,43.23791],[22.45072,43.23537],[22.45042,43.23352],[22.45258,43.23335],[22.45163,43.22968],[22.44861,43.22913],[22.45026,43.22578],[22.44651,43.22408],[22.44701,43.20417],[22.42505,43.2071],[22.41958,43.20326],[22.42159,43.20193],[22.42429,43.19416],[22.43334,43.18897],[22.41851,43.18261],[22.41736,43.17962],[22.41863,43.17694],[22.41105,43.1755],[22.41181,43.17255],[22.41004,43.17022],[22.41386,43.16761],[22.41172,43.16416],[22.41316,43.16348],[22.41323,43.15954],[22.4238,43.15305],[22.4245,43.14953],[22.42224,43.14677],[22.42514,43.14368],[22.42893,43.14437],[22.43043,43.14254],[22.42901,43.13763],[22.43679,43.13457],[22.44058,43.1372],[22.44216,43.13588],[22.44966,43.13758],[22.45688,43.13521],[22.45872,43.13306],[22.46644,43.13233],[22.46584,43.13067],[22.46901,43.12312],[22.48123,43.1132],[22.48042,43.10311],[22.47872,43.10027],[22.48088,43.09491],[22.474,43.0939],[22.47546,43.08971],[22.46681,43.08259],[22.46658,43.0796],[22.47035,43.07884],[22.4715,43.07691],[22.46945,43.07599],[22.47135,43.07258],[22.4839,43.06508],[22.49313,43.06318],[22.49664,43.06],[22.49717,43.05636],[22.49463,43.05264],[22.49524,43.05049],[22.49209,43.04946],[22.49883,43.04317],[22.4981,43.03933],[22.50256,43.03393],[22.51313,43.0304],[22.52318,43.02949],[22.52595,43.03053],[22.53597,43.02777],[22.5351,43.02514],[22.52906,43.02289],[22.52513,43.01383],[22.52223,43.01315],[22.51887,43.00751],[22.5271,43.00246],[22.53599,43.00215],[22.54271,42.99852],[22.54716,42.99973],[22.54996,42.99485],[22.55862,42.99551],[22.56906,43.00192],[22.57046,43.00061],[22.57221,43.00185],[22.58166,43.00136],[22.58204,42.99735],[22.58441,42.99709],[22.58486,42.99235],[22.58981,42.98868],[22.59332,42.98055],[22.60028,42.97712],[22.60871,42.97584],[22.60957,42.97348],[22.62038,42.97876],[22.63278,42.97921],[22.63345,42.98136],[22.63654,42.98302],[22.63831,42.9807],[22.6485,42.98053],[22.65147,42.97766],[22.65506,42.98703],[22.65778,42.98877],[22.65129,42.99346],[22.65033,42.99665],[22.65201,42.99868],[22.65178,43.00406],[22.65961,43.00711],[22.66004,43.00852],[22.65664,43.01171],[22.66232,43.00979],[22.66531,43.01142],[22.66778,43.00561],[22.67435,43.00234],[22.67703,43.0025],[22.68109,42.99774],[22.68055,42.99637],[22.68294,42.99603],[22.68006,43.00122],[22.68533,43.00118],[22.6835,43.00307],[22.68773,43.00255],[22.69109,43.00554],[22.69551,43.00629],[22.6943,43.00742],[22.69589,43.00857],[22.69278,43.01079],[22.69201,43.01858],[22.69266,43.02081],[22.69567,43.02052],[22.69821,43.02259],[22.69676,43.02399],[22.70841,43.02717],[22.71253,43.02975],[22.71884,43.02772],[22.72162,43.02518],[22.7261,43.02924],[22.72749,43.02749],[22.73222,43.03055],[22.73552,43.03445],[22.73968,43.03269],[22.74294,43.03313],[22.74106,43.03471],[22.74293,43.03488],[22.74127,43.03661],[22.73691,43.03709],[22.73701,43.03832],[22.74163,43.03962],[22.73831,43.04223],[22.74184,43.04518],[22.74319,43.04884],[22.74225,43.0495],[22.74462,43.05019],[22.74357,43.05129],[22.74523,43.05165],[22.7443,43.05269],[22.74595,43.055],[22.75207,43.06106],[22.75231,43.0659],[22.75607,43.06588],[22.75621,43.06835],[22.7585,43.06836],[22.75871,43.0743],[22.7578,43.0753],[22.75491,43.07238],[22.75572,43.07411],[22.75217,43.07607],[22.75198,43.07803],[22.74534,43.07775],[22.74226,43.08342],[22.73555,43.08706],[22.73928,43.08868],[22.74052,43.091],[22.74214,43.09066],[22.74239,43.09559],[22.7589,43.09329],[22.76192,43.09471],[22.75981,43.0983],[22.75539,43.09907],[22.75726,43.10043],[22.75717,43.1033],[22.74904,43.10691],[22.74874,43.10992],[22.7541,43.11277],[22.75357,43.11388],[22.74063,43.11558],[22.742,43.11938],[22.73894,43.1259],[22.74736,43.13031],[22.74783,43.13151],[22.74532,43.13226],[22.74877,43.13398],[22.74584,43.13378],[22.74398,43.13603],[22.74714,43.13992],[22.75528,43.13981],[22.75622,43.1413],[22.75621,43.13987],[22.76054,43.13906],[22.76548,43.14173],[22.7708,43.1417],[22.77027,43.14381],[22.77198,43.14457],[22.77911,43.14549],[22.78158,43.14173],[22.78454,43.14181],[22.79139,43.13731],[22.79671,43.14302],[22.80459,43.14524],[22.8128,43.14146],[22.81678,43.14184],[22.8264,43.1381],[22.84376,43.12532],[22.85516,43.13143],[22.85841,43.13498],[22.86728,43.13635],[22.86976,43.1394],[22.87728,43.13966],[22.8802,43.1421],[22.87518,43.14484],[22.87985,43.14726],[22.88347,43.15161],[22.8886,43.1532],[22.89043,43.15654],[22.88689,43.15959],[22.8975,43.16543],[22.89574,43.16655],[22.89747,43.16742],[22.89449,43.16952],[22.89897,43.16896],[22.90123,43.17711],[22.90699,43.17952],[22.90398,43.19094],[22.90718,43.19698],[22.90695,43.20314],[22.90399,43.20625],[22.90748,43.20885],[22.90975,43.2132],[22.9079,43.22092],[22.89626,43.22698],[22.89627,43.23079],[22.88811,43.23583],[22.88384,43.24072],[22.88276,43.24487],[22.87664,43.24841],[22.87508,43.25218],[22.87052,43.25467],[22.86894,43.26742],[22.86403,43.26951],[22.86274,43.2727],[22.85892,43.27447],[22.8478,43.27631],[22.84769,43.27938],[22.84521,43.28072],[22.84234,43.28571],[22.84458,43.28993],[22.84373,43.29826],[22.83785,43.30205],[22.83715,43.30725],[22.83194,43.31234],[22.83029,43.31639],[22.83127,43.31799],[22.82859,43.31957],[22.82745,43.32931],[22.81364,43.33696],[22.80473,43.33778],[22.79639,43.34168],[22.7865,43.35431],[22.7699,43.3637],[22.76859,43.3672],[22.76994,43.37098],[22.76804,43.37658],[22.75451,43.38124],[22.74505,43.38769],[22.73284,43.38934],[22.73157,43.39125],[22.72096,43.39596],[22.70444,43.39372],[22.67984,43.39436],[22.66691,43.40271]]]}},{"type":"Feature","properties":{"OBJECTID":65,"Value_e":"GADŽIN HAN","Value_sl":"GADŽIN HAN","Value_sc":"ГАЏИН ХАН","Municipality_DOM_ID":"70467","Region_DOM_ID":"6","SHAPE.STArea()":324780782.05444455,"SHAPE.STLength()":111236.69823957064},"geometry":{"type":"Polygon","coordinates":[[[22.05341,43.25921],[22.05199,43.25727],[22.04909,43.25761],[22.04477,43.26135],[22.03419,43.25768],[22.02389,43.25737],[22.01927,43.25527],[22.01122,43.25659],[22.00774,43.25484],[22.00666,43.25034],[21.99878,43.2486],[21.99118,43.24431],[21.97662,43.24431],[21.96948,43.24045],[21.96785,43.24215],[21.96652,43.23656],[21.96222,43.2361],[21.9585,43.23328],[21.95598,43.22787],[21.95084,43.2284],[21.94439,43.22518],[21.93619,43.2354],[21.93534,43.23337],[21.93194,43.23294],[21.92763,43.23432],[21.9273,43.23665],[21.92092,43.22882],[21.91391,43.22947],[21.91326,43.22616],[21.91861,43.2221],[21.92012,43.2161],[21.91529,43.21517],[21.91288,43.21298],[21.91161,43.20677],[21.9092,43.20621],[21.90583,43.20027],[21.90558,43.19436],[21.90252,43.18779],[21.90411,43.18366],[21.90372,43.17721],[21.90731,43.16705],[21.90032,43.16266],[21.91443,43.14981],[21.91542,43.14643],[21.91157,43.13972],[21.9123,43.13667],[21.92423,43.13844],[21.9306,43.14133],[21.93382,43.1455],[21.93417,43.1486],[21.94117,43.15738],[21.9445,43.15621],[21.94403,43.15415],[21.94603,43.15166],[21.94448,43.14925],[21.94627,43.14842],[21.96424,43.15287],[21.96781,43.15502],[21.96956,43.15423],[21.9743,43.15798],[21.97666,43.16217],[21.9798,43.16009],[21.97963,43.16386],[21.98246,43.16675],[22.00131,43.15852],[22.01297,43.15618],[22.01726,43.15257],[22.02176,43.15568],[22.02575,43.16313],[22.02804,43.16328],[22.02851,43.15867],[22.03366,43.15717],[22.03972,43.14864],[22.03851,43.14215],[22.04445,43.14389],[22.05122,43.1361],[22.06122,43.13163],[22.06222,43.13011],[22.05934,43.12747],[22.06359,43.12563],[22.06715,43.12096],[22.07554,43.11852],[22.08111,43.11297],[22.08986,43.10762],[22.09398,43.10655],[22.09707,43.11014],[22.11105,43.09555],[22.12591,43.09059],[22.13049,43.08575],[22.13619,43.08388],[22.14012,43.07777],[22.13921,43.07437],[22.14283,43.07098],[22.14187,43.06864],[22.14816,43.06758],[22.15153,43.06849],[22.15415,43.0714],[22.17141,43.07192],[22.17312,43.07141],[22.17435,43.06255],[22.17702,43.06327],[22.17585,43.06417],[22.17796,43.06499],[22.17936,43.06821],[22.18261,43.06484],[22.18557,43.06625],[22.18739,43.06349],[22.19244,43.06443],[22.1997,43.06246],[22.20678,43.06353],[22.21165,43.06208],[22.21025,43.06332],[22.21196,43.06341],[22.21152,43.06666],[22.22166,43.07534],[22.22272,43.07893],[22.22636,43.07886],[22.23773,43.09375],[22.24057,43.09466],[22.24992,43.10596],[22.26223,43.10986],[22.27746,43.10927],[22.28978,43.11466],[22.27211,43.13957],[22.27209,43.14402],[22.27639,43.14699],[22.27609,43.14885],[22.26738,43.15161],[22.26747,43.15489],[22.26408,43.15957],[22.25947,43.16218],[22.25444,43.15488],[22.22203,43.15512],[22.21495,43.15696],[22.21758,43.16234],[22.21654,43.16503],[22.21195,43.16796],[22.20174,43.17109],[22.19072,43.17222],[22.17449,43.18224],[22.16875,43.18362],[22.13649,43.20165],[22.12038,43.20714],[22.10413,43.21618],[22.0868,43.23223],[22.08444,43.24069],[22.07872,43.24778],[22.07507,43.24998],[22.06792,43.24968],[22.0629,43.25277],[22.05772,43.25373],[22.05341,43.25921]]]}},{"type":"Feature","properties":{"OBJECTID":69,"Value_e":"DOLJEVAC","Value_sl":"DOLJEVAC","Value_sc":"ДОЉЕВАЦ","Municipality_DOM_ID":"70513","Region_DOM_ID":"6","SHAPE.STArea()":121201797.15539727,"SHAPE.STLength()":62332.469377107176},"geometry":{"type":"Polygon","coordinates":[[[21.8953,43.28635],[21.89083,43.28367],[21.88362,43.28668],[21.87677,43.27808],[21.86577,43.28167],[21.85003,43.28016],[21.84803,43.2739],[21.84964,43.26902],[21.84146,43.26875],[21.83715,43.26698],[21.83947,43.26494],[21.83736,43.26179],[21.83785,43.25681],[21.82986,43.25699],[21.82557,43.25538],[21.82442,43.25289],[21.82608,43.24947],[21.81145,43.24835],[21.80028,43.24406],[21.79756,43.25306],[21.7939,43.25893],[21.79517,43.25926],[21.79434,43.26142],[21.78952,43.26127],[21.77707,43.26574],[21.77415,43.26513],[21.77583,43.25786],[21.77503,43.24722],[21.78266,43.2369],[21.7854,43.22555],[21.78265,43.22167],[21.77471,43.22154],[21.77799,43.21524],[21.78158,43.19449],[21.78787,43.19496],[21.78813,43.1926],[21.79344,43.18952],[21.7954,43.18304],[21.80375,43.17709],[21.80866,43.17094],[21.80619,43.16534],[21.80002,43.16153],[21.79473,43.15514],[21.80386,43.15021],[21.8061,43.15026],[21.81139,43.15433],[21.82458,43.15284],[21.83282,43.15499],[21.85255,43.15139],[21.85543,43.14959],[21.86169,43.15094],[21.87324,43.16033],[21.88053,43.16247],[21.88619,43.16187],[21.88774,43.16302],[21.88464,43.16734],[21.88766,43.17047],[21.88932,43.17073],[21.89195,43.16644],[21.90032,43.16266],[21.90731,43.16705],[21.90372,43.17721],[21.90411,43.18366],[21.90252,43.18779],[21.90558,43.19436],[21.90531,43.19874],[21.9092,43.20621],[21.91161,43.20677],[21.91288,43.21298],[21.92029,43.21701],[21.91845,43.2188],[21.91861,43.2221],[21.91326,43.22616],[21.91391,43.23095],[21.91229,43.23416],[21.9134,43.24356],[21.90515,43.24937],[21.90239,43.25468],[21.89801,43.25841],[21.8984,43.26347],[21.8959,43.26512],[21.89997,43.27255],[21.89862,43.27305],[21.89767,43.27595],[21.89876,43.27718],[21.8946,43.28404],[21.8953,43.28635]]]}},{"type":"Feature","properties":{"OBJECTID":71,"Value_e":"NIŠ-MEDIANA","Value_sl":"NIŠ-MEDIANA","Value_sc":"НИШ-МЕДИАНА","Municipality_DOM_ID":"71331","Region_DOM_ID":"6","SHAPE.STArea()":10667727.07088733,"SHAPE.STLength()":19935.251802494262},"geometry":{"type":"Polygon","coordinates":[[[21.97775,43.32524],[21.97211,43.32863],[21.9665,43.32528],[21.96391,43.31934],[21.96117,43.31721],[21.95166,43.32012],[21.94108,43.3198],[21.93075,43.3253],[21.92393,43.32448],[21.90551,43.32629],[21.8961,43.32243],[21.88698,43.32126],[21.88319,43.31697],[21.88972,43.31259],[21.92307,43.31148],[21.97214,43.30446],[21.97081,43.30517],[21.97365,43.30966],[21.97285,43.31287],[21.97775,43.32524]]]}},{"type":"Feature","properties":{"OBJECTID":72,"Value_e":"NIŠ-PALILULA","Value_sl":"NIŠ-PALILULA","Value_sc":"НИШ-ПАЛИЛУЛА","Municipality_DOM_ID":"71323","Region_DOM_ID":"6","SHAPE.STArea()":117206226.58671457,"SHAPE.STLength()":83639.4806845005},"geometry":{"type":"Polygon","coordinates":[[[21.79192,43.35409],[21.78752,43.35502],[21.78656,43.35968],[21.77459,43.35695],[21.77559,43.35557],[21.77266,43.35436],[21.77357,43.35292],[21.76534,43.35046],[21.76443,43.3519],[21.75662,43.34936],[21.75489,43.35232],[21.75305,43.35203],[21.7548,43.34752],[21.74956,43.34943],[21.74585,43.34699],[21.73816,43.33944],[21.73373,43.33142],[21.72727,43.32733],[21.73922,43.31629],[21.73892,43.31422],[21.74121,43.31362],[21.73989,43.31332],[21.74147,43.30946],[21.74484,43.30892],[21.75171,43.30037],[21.7542,43.3033],[21.7604,43.30128],[21.76409,43.30312],[21.76521,43.30157],[21.7789,43.30649],[21.78162,43.31013],[21.78287,43.30812],[21.78473,43.30869],[21.7859,43.31129],[21.78622,43.30795],[21.79108,43.30357],[21.79241,43.29885],[21.8031,43.28354],[21.80924,43.28621],[21.81273,43.28151],[21.8228,43.27843],[21.82278,43.27338],[21.81775,43.27197],[21.81583,43.26905],[21.81654,43.26759],[21.83715,43.26698],[21.84146,43.26875],[21.84964,43.26902],[21.84803,43.2739],[21.85003,43.28016],[21.86577,43.28167],[21.87677,43.27808],[21.88362,43.28668],[21.89083,43.28367],[21.8953,43.28635],[21.8946,43.28404],[21.89876,43.27718],[21.89767,43.27595],[21.89862,43.27305],[21.89997,43.27255],[21.8959,43.26512],[21.8984,43.26347],[21.89801,43.25841],[21.90239,43.25468],[21.90515,43.24937],[21.9134,43.24356],[21.91229,43.23416],[21.91387,43.22953],[21.91592,43.22844],[21.92092,43.22882],[21.9273,43.23665],[21.92763,43.23432],[21.93194,43.23294],[21.93534,43.23337],[21.93619,43.2354],[21.94415,43.22516],[21.95084,43.2284],[21.95537,43.22761],[21.95892,43.23363],[21.96222,43.2361],[21.96652,43.23656],[21.96788,43.24293],[21.97105,43.24755],[21.97678,43.24942],[21.9749,43.261],[21.97886,43.26585],[21.97488,43.26861],[21.97251,43.27612],[21.97356,43.27695],[21.97006,43.28068],[21.97056,43.28219],[21.96607,43.2859],[21.96237,43.28395],[21.9601,43.28758],[21.96922,43.29101],[21.97108,43.29558],[21.97499,43.29827],[21.97214,43.30446],[21.92307,43.31148],[21.88972,43.31259],[21.88323,43.31678],[21.88698,43.32126],[21.88117,43.32524],[21.87184,43.32378],[21.86584,43.32101],[21.8593,43.32107],[21.86002,43.31715],[21.85742,43.31652],[21.85263,43.31872],[21.85022,43.32379],[21.84603,43.32494],[21.84128,43.32026],[21.84044,43.3231],[21.83809,43.32396],[21.83069,43.32463],[21.82767,43.32171],[21.82452,43.3219],[21.81986,43.32575],[21.82427,43.32675],[21.82538,43.32882],[21.81981,43.33218],[21.81645,43.3294],[21.81221,43.32959],[21.80376,43.33328],[21.80362,43.33788],[21.80514,43.33785],[21.80738,43.34152],[21.80498,43.34154],[21.80308,43.34367],[21.8014,43.34294],[21.80093,43.34527],[21.79849,43.3453],[21.79192,43.35409]]]}},{"type":"Feature","properties":{"OBJECTID":73,"Value_e":"NIŠ-NIŠKA BANJA","Value_sl":"NIŠ-NIŠKA BANJA","Value_sc":"НИШ-НИШКА БАЊА","Municipality_DOM_ID":"71285","Region_DOM_ID":"6","SHAPE.STArea()":145474031.61561367,"SHAPE.STLength()":78130.0842672914},"geometry":{"type":"Polygon","coordinates":[[[22.11288,43.35759],[22.09,43.35506],[22.08366,43.35928],[22.07641,43.36088],[22.07671,43.35716],[22.07183,43.35695],[22.06921,43.35387],[22.06707,43.35504],[22.06346,43.35329],[22.06062,43.35599],[22.0589,43.35147],[22.06007,43.35074],[22.05601,43.34928],[22.05802,43.34706],[22.05109,43.34454],[22.04839,43.34624],[22.04575,43.34339],[22.04651,43.34086],[22.04317,43.34041],[22.04583,43.33724],[22.04548,43.33456],[22.04319,43.33299],[22.04606,43.32975],[22.04549,43.32641],[22.04733,43.32114],[22.04221,43.32112],[22.04447,43.31874],[22.04071,43.31513],[22.03716,43.31611],[22.03751,43.31137],[22.03574,43.31143],[22.03348,43.30736],[22.02807,43.30963],[22.0166,43.30293],[22.01031,43.3029],[22.0038,43.30671],[21.99962,43.30573],[21.99547,43.30187],[21.98654,43.30243],[21.98117,43.31317],[21.97393,43.31421],[21.97285,43.31287],[21.97365,43.30966],[21.97081,43.30517],[21.97499,43.29827],[21.97108,43.29558],[21.96922,43.29101],[21.9601,43.28758],[21.96237,43.28395],[21.96607,43.2859],[21.97056,43.28219],[21.97006,43.28068],[21.97356,43.27695],[21.97251,43.27612],[21.97488,43.26861],[21.97886,43.26585],[21.9749,43.261],[21.97494,43.25526],[21.97697,43.2498],[21.97105,43.24755],[21.96785,43.24215],[21.96948,43.24045],[21.97662,43.24431],[21.99118,43.24431],[21.99878,43.2486],[22.00666,43.25034],[22.00774,43.25484],[22.01122,43.25659],[22.01927,43.25527],[22.02337,43.25727],[22.03332,43.25747],[22.04563,43.26136],[22.04909,43.25761],[22.05199,43.25727],[22.05341,43.25921],[22.05747,43.25384],[22.06297,43.25274],[22.06627,43.25018],[22.07454,43.25009],[22.07852,43.24795],[22.08444,43.24069],[22.08605,43.23368],[22.08853,43.2304],[22.10075,43.21844],[22.11717,43.20896],[22.11937,43.21569],[22.12191,43.21813],[22.12038,43.22228],[22.1208,43.22669],[22.1231,43.23039],[22.1228,43.23462],[22.13164,43.23747],[22.13397,43.24277],[22.1328,43.24704],[22.13493,43.25149],[22.13872,43.25279],[22.14186,43.25615],[22.14051,43.25686],[22.14567,43.25838],[22.14229,43.26508],[22.15139,43.2663],[22.15179,43.26782],[22.15961,43.26787],[22.16126,43.26936],[22.16728,43.26612],[22.16749,43.26996],[22.17569,43.27663],[22.16708,43.28007],[22.16591,43.28419],[22.16033,43.29002],[22.15959,43.29335],[22.15547,43.29667],[22.1466,43.29765],[22.14538,43.29952],[22.14744,43.3036],[22.1494,43.30426],[22.14595,43.3082],[22.14638,43.30977],[22.14395,43.31059],[22.14312,43.31364],[22.14589,43.31563],[22.14186,43.31877],[22.1472,43.32498],[22.14532,43.32827],[22.1483,43.33246],[22.14251,43.33605],[22.13677,43.33731],[22.13336,43.34041],[22.13472,43.34469],[22.1386,43.34766],[22.13806,43.35089],[22.13413,43.35299],[22.12637,43.35238],[22.11288,43.35759]]]}},{"type":"Feature","properties":{"OBJECTID":74,"Value_e":"MEROŠINA","Value_sl":"MEROŠINA","Value_sc":"МЕРОШИНА","Municipality_DOM_ID":"70823","Region_DOM_ID":"6","SHAPE.STArea()":193315632.1021675,"SHAPE.STLength()":93501.17700734944},"geometry":{"type":"Polygon","coordinates":[[[21.63483,43.38682],[21.62904,43.39087],[21.62567,43.38726],[21.61444,43.3823],[21.61027,43.37728],[21.59712,43.37504],[21.59699,43.36858],[21.59835,43.36826],[21.60018,43.3632],[21.59406,43.35815],[21.5959,43.35559],[21.59415,43.34832],[21.58747,43.3431],[21.5855,43.33696],[21.58531,43.3319],[21.58724,43.33006],[21.58576,43.32387],[21.58831,43.3199],[21.59028,43.31961],[21.59398,43.31123],[21.59658,43.30941],[21.59581,43.30793],[21.60294,43.30316],[21.60399,43.29619],[21.60585,43.29384],[21.61731,43.28981],[21.62668,43.28305],[21.63478,43.2866],[21.64189,43.28651],[21.63679,43.28565],[21.63226,43.28254],[21.63107,43.28001],[21.62078,43.27387],[21.61737,43.26947],[21.61921,43.26885],[21.61844,43.26694],[21.62577,43.26242],[21.62349,43.2599],[21.62667,43.25829],[21.62585,43.25716],[21.63226,43.25318],[21.63617,43.25448],[21.6416,43.24861],[21.64411,43.25027],[21.64838,43.2455],[21.64945,43.24136],[21.65322,43.24161],[21.65286,43.24322],[21.65861,43.24206],[21.65989,43.24367],[21.65981,43.24123],[21.66318,43.2422],[21.6709,43.23554],[21.68036,43.23186],[21.68029,43.23048],[21.68361,43.22919],[21.68273,43.22812],[21.6902,43.22709],[21.69451,43.22003],[21.69958,43.22083],[21.70179,43.21879],[21.70602,43.22078],[21.71116,43.23709],[21.70892,43.24136],[21.70551,43.26502],[21.72802,43.2683],[21.73759,43.25776],[21.74958,43.26154],[21.75139,43.26004],[21.76981,43.25823],[21.77541,43.2558],[21.77407,43.26493],[21.77707,43.26574],[21.78952,43.26127],[21.79434,43.26142],[21.79517,43.25926],[21.7939,43.25893],[21.79756,43.25306],[21.80028,43.24406],[21.81145,43.24835],[21.82608,43.24947],[21.82442,43.25289],[21.82557,43.25538],[21.83852,43.25755],[21.83723,43.26106],[21.83945,43.26504],[21.83716,43.26701],[21.81654,43.26759],[21.81583,43.26905],[21.81775,43.27197],[21.82278,43.27338],[21.8228,43.27843],[21.81273,43.28151],[21.80924,43.28621],[21.8031,43.28354],[21.79241,43.29885],[21.79108,43.30357],[21.78622,43.30795],[21.7859,43.31129],[21.78473,43.30869],[21.78287,43.30812],[21.78162,43.31013],[21.7789,43.30649],[21.76521,43.30157],[21.76409,43.30312],[21.7604,43.30128],[21.7542,43.3033],[21.75171,43.30037],[21.74484,43.30892],[21.74147,43.30946],[21.73989,43.31332],[21.74121,43.31362],[21.73892,43.31422],[21.73922,43.31629],[21.72725,43.3274],[21.73373,43.33142],[21.73816,43.33944],[21.74744,43.34809],[21.74015,43.35452],[21.73197,43.36673],[21.72542,43.37248],[21.70054,43.38451],[21.69102,43.37936],[21.66535,43.37736],[21.65383,43.37313],[21.64717,43.37487],[21.64126,43.38431],[21.63483,43.38682]]]}},{"type":"Feature","properties":{"OBJECTID":80,"Value_e":"NIŠ-PANTELEJ","Value_sl":"NIŠ-PANTELEJ","Value_sc":"НИШ-ПАНТЕЛЕЈ","Municipality_DOM_ID":"71307","Region_DOM_ID":"6","SHAPE.STArea()":141727581.94962138,"SHAPE.STLength()":82236.20829535028},"geometry":{"type":"Polygon","coordinates":[[[21.92086,43.44014],[21.91262,43.44466],[21.89181,43.44272],[21.88053,43.44391],[21.87853,43.4467],[21.8755,43.44221],[21.86559,43.43794],[21.8705,43.43552],[21.87009,43.43423],[21.8665,43.43391],[21.86877,43.42864],[21.89631,43.42343],[21.90561,43.41723],[21.91763,43.41404],[21.92328,43.41013],[21.91543,43.40657],[21.91333,43.4023],[21.91401,43.4005],[21.91122,43.39745],[21.91053,43.3951],[21.91605,43.39155],[21.91164,43.39014],[21.91353,43.38733],[21.91186,43.38389],[21.91286,43.381],[21.91101,43.37934],[21.90913,43.37078],[21.90991,43.36686],[21.90711,43.36152],[21.90317,43.35961],[21.90418,43.35783],[21.89852,43.3515],[21.89555,43.35363],[21.88728,43.35124],[21.88567,43.3489],[21.88894,43.34167],[21.89699,43.34209],[21.90623,43.33995],[21.90076,43.33428],[21.90739,43.33273],[21.90558,43.33012],[21.90303,43.32969],[21.90291,43.3256],[21.93075,43.3253],[21.94108,43.3198],[21.95166,43.32012],[21.96117,43.31721],[21.96391,43.31934],[21.96471,43.32363],[21.97211,43.32863],[21.97488,43.32541],[21.97775,43.32524],[21.97362,43.31348],[21.98117,43.31317],[21.98372,43.31],[21.98597,43.30269],[21.99547,43.30187],[21.99962,43.30573],[22.0038,43.30671],[22.01031,43.3029],[22.0166,43.30293],[22.02653,43.30933],[22.02962,43.30951],[22.03348,43.30736],[22.03574,43.31143],[22.03751,43.31137],[22.03716,43.31611],[22.04071,43.31513],[22.04447,43.31874],[22.04221,43.32112],[22.04724,43.32096],[22.04549,43.32641],[22.04606,43.32975],[22.04319,43.33299],[22.04548,43.33456],[22.04583,43.33724],[22.04317,43.34041],[22.04651,43.34086],[22.04575,43.34339],[22.04839,43.34624],[22.05109,43.34454],[22.05802,43.34706],[22.05601,43.34928],[22.06007,43.35074],[22.0589,43.35147],[22.06062,43.35599],[22.06346,43.35329],[22.06707,43.35504],[22.06921,43.35387],[22.07183,43.35695],[22.07671,43.35716],[22.07641,43.36088],[22.08366,43.35928],[22.09,43.35506],[22.11288,43.35759],[22.111,43.36221],[22.10053,43.37018],[22.09332,43.37206],[22.09141,43.37428],[22.07576,43.37829],[22.06978,43.38377],[22.06218,43.38425],[22.05981,43.38694],[22.05249,43.38927],[22.03653,43.38755],[22.02772,43.38842],[22.02018,43.3867],[22.00917,43.38865],[22.00025,43.387],[21.99426,43.38987],[21.98765,43.39028],[21.98565,43.39143],[21.98349,43.40149],[21.9632,43.41001],[21.96298,43.41386],[21.9654,43.41752],[21.96531,43.42468],[21.95236,43.43953],[21.94204,43.44438],[21.93214,43.4402],[21.92086,43.44014]]]}},{"type":"Feature","properties":{"OBJECTID":83,"Value_e":"NIŠ-CRVENI KRST","Value_sl":"NIŠ-CRVENI KRST","Value_sc":"НИШ-ЦРВЕНИ КРСТ","Municipality_DOM_ID":"71315","Region_DOM_ID":"6","SHAPE.STArea()":181492133.88520375,"SHAPE.STLength()":94910.00565944187},"geometry":{"type":"Polygon","coordinates":[[[21.86642,43.47805],[21.86663,43.47976],[21.85976,43.48225],[21.85742,43.4826],[21.85602,43.48112],[21.8499,43.48221],[21.83879,43.47038],[21.82849,43.464],[21.81973,43.44972],[21.81034,43.44446],[21.80743,43.43829],[21.80488,43.43844],[21.80034,43.43458],[21.79292,43.43408],[21.78707,43.43994],[21.77427,43.43748],[21.77163,43.43942],[21.76875,43.43896],[21.76374,43.44287],[21.75899,43.44037],[21.75526,43.43745],[21.7584,43.43257],[21.75289,43.42718],[21.75318,43.42512],[21.75471,43.42319],[21.76417,43.42699],[21.76741,43.42513],[21.76643,43.42165],[21.7615,43.41859],[21.76145,43.41538],[21.76713,43.41343],[21.77339,43.41357],[21.7761,43.41145],[21.77694,43.40865],[21.77249,43.39958],[21.7664,43.39985],[21.74857,43.39589],[21.74225,43.392],[21.73477,43.39083],[21.72848,43.38671],[21.71469,43.38152],[21.70885,43.38105],[21.71531,43.37628],[21.72744,43.37114],[21.73197,43.36673],[21.73323,43.3633],[21.73559,43.36231],[21.74015,43.35452],[21.74822,43.34773],[21.74956,43.34943],[21.7548,43.34752],[21.75305,43.35203],[21.75489,43.35232],[21.75662,43.34936],[21.76443,43.3519],[21.76534,43.35046],[21.77357,43.35292],[21.77266,43.35436],[21.77559,43.35557],[21.77459,43.35695],[21.78656,43.35968],[21.78752,43.35502],[21.79197,43.3541],[21.79849,43.3453],[21.80093,43.34527],[21.8014,43.34294],[21.80308,43.34367],[21.80498,43.34154],[21.80738,43.34152],[21.80514,43.33785],[21.80362,43.33788],[21.80376,43.33328],[21.81221,43.32959],[21.81645,43.3294],[21.81981,43.33218],[21.82538,43.32882],[21.82427,43.32675],[21.81986,43.32575],[21.82452,43.3219],[21.82767,43.32171],[21.83069,43.32463],[21.83809,43.32396],[21.84044,43.3231],[21.84128,43.32026],[21.84603,43.32494],[21.85022,43.32379],[21.85263,43.31872],[21.85742,43.31652],[21.86002,43.31715],[21.85885,43.3209],[21.86584,43.32101],[21.87275,43.32402],[21.88247,43.32506],[21.88547,43.32197],[21.89007,43.321],[21.90291,43.3256],[21.90303,43.32969],[21.90558,43.33012],[21.90739,43.33273],[21.90076,43.33428],[21.90623,43.33995],[21.89699,43.34209],[21.88894,43.34167],[21.88567,43.3489],[21.88728,43.35124],[21.89555,43.35363],[21.89852,43.3515],[21.90418,43.35783],[21.90317,43.35961],[21.90711,43.36152],[21.90991,43.36686],[21.90913,43.37078],[21.91101,43.37934],[21.91286,43.381],[21.91186,43.38389],[21.91353,43.38733],[21.91164,43.39014],[21.91605,43.39155],[21.91053,43.3951],[21.91122,43.39745],[21.91401,43.4005],[21.91333,43.4023],[21.91543,43.40657],[21.92328,43.41013],[21.91763,43.41404],[21.90561,43.41723],[21.89631,43.42343],[21.86877,43.42864],[21.8665,43.43391],[21.87009,43.43423],[21.8705,43.43552],[21.86561,43.43799],[21.8755,43.44221],[21.87853,43.4467],[21.88053,43.44391],[21.89181,43.44272],[21.91262,43.44466],[21.92122,43.44003],[21.93214,43.4402],[21.94203,43.44443],[21.93196,43.46199],[21.93091,43.46444],[21.93198,43.46774],[21.92935,43.46855],[21.92756,43.47142],[21.9192,43.47315],[21.91171,43.48105],[21.89881,43.47835],[21.89371,43.47374],[21.88769,43.47784],[21.86642,43.47805]]]}},{"type":"Feature","properties":{"OBJECTID":86,"Value_e":"SVRLJIG","Value_sl":"SVRLJIG","Value_sc":"СВРЉИГ","Municipality_DOM_ID":"71064","Region_DOM_ID":"6","SHAPE.STArea()":497287864.0265855,"SHAPE.STLength()":148976.95156367845},"geometry":{"type":"Polygon","coordinates":[[[21.98533,43.58537],[21.97641,43.58766],[21.97295,43.59156],[21.96963,43.59061],[21.96269,43.5934],[21.95392,43.59237],[21.95208,43.57063],[21.95328,43.56658],[21.95824,43.56391],[21.96227,43.55902],[21.97393,43.55311],[21.97473,43.5518],[21.97319,43.55072],[21.97533,43.54846],[21.98686,43.54145],[21.98543,43.53694],[21.98229,43.53358],[21.97052,43.53292],[21.95692,43.54069],[21.9554,43.53736],[21.94249,43.53689],[21.94016,43.53339],[21.93391,43.5335],[21.93269,43.53183],[21.92893,43.53309],[21.9258,43.52994],[21.91367,43.52786],[21.92143,43.52136],[21.9202,43.51631],[21.92216,43.51413],[21.91763,43.5079],[21.91745,43.49925],[21.90452,43.49741],[21.90408,43.49091],[21.90583,43.48574],[21.91528,43.47818],[21.91764,43.47428],[21.92756,43.47142],[21.92935,43.46855],[21.93198,43.46774],[21.93091,43.46444],[21.94029,43.44577],[21.94648,43.4414],[21.95236,43.43953],[21.96531,43.42468],[21.9654,43.41752],[21.96298,43.41386],[21.9632,43.41001],[21.98349,43.40149],[21.98585,43.39126],[21.99426,43.38987],[22.00025,43.387],[22.00917,43.38865],[22.02018,43.3867],[22.02772,43.38842],[22.03653,43.38755],[22.05214,43.38935],[22.05981,43.38694],[22.06218,43.38425],[22.06978,43.38377],[22.07576,43.37829],[22.09141,43.37428],[22.09332,43.37206],[22.10053,43.37018],[22.111,43.36221],[22.11412,43.35629],[22.12637,43.35238],[22.13443,43.35291],[22.13806,43.35089],[22.13955,43.3469],[22.16449,43.35329],[22.17683,43.35048],[22.19347,43.35013],[22.20662,43.3473],[22.21319,43.3385],[22.24185,43.33221],[22.24945,43.32915],[22.24866,43.32683],[22.25089,43.32828],[22.26296,43.32636],[22.28136,43.33078],[22.29426,43.33049],[22.30195,43.32836],[22.3125,43.3291],[22.32287,43.3322],[22.32741,43.33674],[22.33147,43.33706],[22.3322,43.33972],[22.32829,43.34695],[22.32652,43.35765],[22.33389,43.36548],[22.33404,43.3674],[22.33141,43.36978],[22.33157,43.37329],[22.33682,43.37534],[22.33976,43.38131],[22.33818,43.38497],[22.33205,43.38759],[22.33157,43.3892],[22.3328,43.39375],[22.33995,43.40141],[22.34063,43.40478],[22.3366,43.41092],[22.33878,43.41679],[22.3454,43.42335],[22.34388,43.4254],[22.34533,43.42638],[22.34501,43.4316],[22.34656,43.43559],[22.34176,43.43969],[22.34235,43.44129],[22.34425,43.44046],[22.34571,43.44199],[22.34464,43.44209],[22.34529,43.44416],[22.34302,43.44513],[22.3437,43.44813],[22.34181,43.44981],[22.33952,43.45098],[22.33656,43.44914],[22.33674,43.45088],[22.33377,43.45087],[22.33539,43.45312],[22.32909,43.45534],[22.32578,43.45829],[22.32563,43.4562],[22.32341,43.4561],[22.3191,43.46133],[22.31926,43.45982],[22.31725,43.45999],[22.31645,43.45852],[22.31499,43.46514],[22.31153,43.46386],[22.31032,43.4665],[22.30367,43.46649],[22.30336,43.46955],[22.29823,43.47375],[22.29889,43.47121],[22.29398,43.47175],[22.28912,43.4621],[22.27686,43.45479],[22.27251,43.44963],[22.272,43.44683],[22.2704,43.44964],[22.26567,43.45145],[22.26119,43.4571],[22.25134,43.45923],[22.24727,43.46265],[22.24456,43.46029],[22.24583,43.46243],[22.24054,43.45999],[22.236,43.46209],[22.23969,43.45765],[22.23947,43.45427],[22.23419,43.45971],[22.2348,43.46061],[22.23307,43.46028],[22.2335,43.46429],[22.23921,43.4691],[22.23776,43.47334],[22.23153,43.47456],[22.2179,43.48064],[22.21356,43.47969],[22.20851,43.48301],[22.19897,43.48239],[22.19893,43.4789],[22.19297,43.47459],[22.19038,43.47488],[22.18947,43.47265],[22.18222,43.47418],[22.18112,43.47043],[22.17348,43.47103],[22.17362,43.4735],[22.16453,43.47027],[22.15676,43.47296],[22.15251,43.47226],[22.14947,43.47414],[22.14248,43.47416],[22.13789,43.47799],[22.12966,43.47926],[22.12928,43.48253],[22.13272,43.48258],[22.13143,43.48418],[22.13232,43.48571],[22.1279,43.49097],[22.11407,43.49201],[22.10326,43.49848],[22.10419,43.50122],[22.09514,43.50002],[22.07626,43.50948],[22.07442,43.50784],[22.07497,43.50615],[22.0632,43.49941],[22.05489,43.50616],[22.05353,43.50538],[22.04902,43.5097],[22.04481,43.5106],[22.0448,43.51627],[22.03851,43.5247],[22.02774,43.52743],[22.0273,43.53038],[22.02596,43.5291],[22.02262,43.53069],[22.02663,43.53713],[22.02677,43.54259],[22.03495,43.55025],[22.02797,43.5552],[22.01147,43.55608],[22.01084,43.5603],[22.00618,43.56495],[22.00112,43.56628],[21.99567,43.56549],[21.98954,43.57313],[21.99014,43.57604],[21.98792,43.582],[21.98533,43.58537]]]}},{"type":"Feature","properties":{"OBJECTID":92,"Value_e":"ALEKSINAC","Value_sl":"ALEKSINAC","Value_sc":"АЛЕКСИНАЦ","Municipality_DOM_ID":"70025","Region_DOM_ID":"6","SHAPE.STArea()":706871558.5602213,"SHAPE.STLength()":168591.0951110381},"geometry":{"type":"Polygon","coordinates":[[[21.68914,43.71263],[21.68352,43.71306],[21.6777,43.70894],[21.66771,43.70736],[21.66238,43.70355],[21.65876,43.70527],[21.65087,43.70199],[21.64097,43.69419],[21.63025,43.68824],[21.62344,43.67568],[21.62947,43.66463],[21.63189,43.64678],[21.61607,43.6371],[21.62014,43.63754],[21.62187,43.63546],[21.62265,43.63416],[21.62022,43.63187],[21.60491,43.62789],[21.60252,43.62849],[21.59969,43.62615],[21.59467,43.62851],[21.59132,43.62688],[21.5879,43.63327],[21.58667,43.63335],[21.5841,43.6281],[21.56993,43.63396],[21.56978,43.63039],[21.56781,43.63043],[21.56355,43.63595],[21.55907,43.63213],[21.56319,43.62576],[21.56376,43.62088],[21.55706,43.61607],[21.55877,43.61414],[21.55404,43.6125],[21.55427,43.61031],[21.54901,43.60935],[21.55058,43.60735],[21.54899,43.60536],[21.54931,43.60124],[21.54711,43.60109],[21.54307,43.60409],[21.54378,43.60974],[21.53635,43.60398],[21.53458,43.59859],[21.52879,43.59617],[21.53026,43.5897],[21.53514,43.58616],[21.53538,43.58152],[21.54866,43.57441],[21.54841,43.57079],[21.54314,43.56852],[21.54997,43.55668],[21.54922,43.55242],[21.55252,43.54686],[21.55154,43.54615],[21.55757,43.54337],[21.56983,43.54272],[21.57666,43.53463],[21.57559,43.52392],[21.56734,43.5153],[21.56793,43.51054],[21.56257,43.50341],[21.56296,43.49769],[21.55479,43.48636],[21.55314,43.47847],[21.54801,43.47507],[21.54749,43.47196],[21.55358,43.46591],[21.55648,43.45671],[21.56313,43.45352],[21.56334,43.45191],[21.56054,43.45169],[21.56088,43.44877],[21.56347,43.44726],[21.57132,43.44771],[21.58053,43.44116],[21.57719,43.43934],[21.57391,43.43444],[21.57114,43.42558],[21.56645,43.4225],[21.56017,43.41901],[21.55172,43.41697],[21.5487,43.41291],[21.54397,43.41114],[21.53802,43.41136],[21.53606,43.41352],[21.53093,43.41023],[21.52728,43.41088],[21.52433,43.40724],[21.52626,43.40524],[21.52384,43.40452],[21.52526,43.40398],[21.51415,43.39405],[21.50401,43.39063],[21.49993,43.3871],[21.4923,43.38723],[21.48043,43.3843],[21.48013,43.37898],[21.48355,43.37583],[21.50433,43.3673],[21.52079,43.3677],[21.52609,43.36491],[21.53219,43.36462],[21.54512,43.35997],[21.56683,43.35717],[21.57555,43.36044],[21.58049,43.35773],[21.59076,43.36401],[21.5933,43.36737],[21.59336,43.37139],[21.59811,43.37589],[21.61027,43.37728],[21.61436,43.38225],[21.62567,43.38726],[21.62932,43.39095],[21.64126,43.38431],[21.64717,43.37487],[21.65383,43.37313],[21.66535,43.37736],[21.69102,43.37936],[21.70017,43.38449],[21.70494,43.38142],[21.71426,43.3814],[21.72848,43.38671],[21.73477,43.39083],[21.74225,43.392],[21.74857,43.39589],[21.7664,43.39985],[21.77249,43.39958],[21.77694,43.40865],[21.7761,43.41145],[21.77339,43.41357],[21.76713,43.41343],[21.76145,43.41538],[21.7615,43.41859],[21.76643,43.42165],[21.76741,43.42513],[21.76417,43.42699],[21.75471,43.42319],[21.75314,43.42527],[21.75289,43.42718],[21.7584,43.43257],[21.75526,43.43745],[21.76374,43.44287],[21.76875,43.43896],[21.77163,43.43942],[21.77427,43.43748],[21.78707,43.43994],[21.79292,43.43408],[21.80034,43.43458],[21.80488,43.43844],[21.80743,43.43829],[21.81034,43.44446],[21.81973,43.44972],[21.82849,43.464],[21.83879,43.47038],[21.85003,43.48227],[21.85602,43.48112],[21.85742,43.4826],[21.85976,43.48225],[21.86663,43.47976],[21.86752,43.47779],[21.88769,43.47784],[21.89371,43.47374],[21.89881,43.47835],[21.91163,43.48087],[21.90448,43.4875],[21.90452,43.49741],[21.91745,43.49925],[21.91763,43.5079],[21.92216,43.51413],[21.9202,43.51631],[21.92143,43.52136],[21.91112,43.52976],[21.9134,43.53586],[21.90564,43.53773],[21.90095,43.54522],[21.89409,43.54786],[21.8957,43.55126],[21.89427,43.55345],[21.89253,43.55159],[21.88695,43.55613],[21.88988,43.5607],[21.88763,43.56218],[21.8845,43.56851],[21.88391,43.57358],[21.88137,43.57632],[21.8805,43.58024],[21.86906,43.59272],[21.86009,43.59786],[21.85393,43.59679],[21.8497,43.59418],[21.84973,43.59282],[21.85366,43.58892],[21.85702,43.58786],[21.84245,43.58331],[21.83548,43.58593],[21.82775,43.59549],[21.81037,43.59211],[21.80211,43.59376],[21.79094,43.59074],[21.78456,43.5921],[21.76791,43.60073],[21.7591,43.60333],[21.75821,43.60547],[21.76023,43.6073],[21.76036,43.61065],[21.75833,43.61666],[21.76204,43.62025],[21.76038,43.62318],[21.75856,43.62483],[21.74741,43.62743],[21.74648,43.63133],[21.74208,43.63716],[21.72347,43.64436],[21.71876,43.64773],[21.71218,43.65616],[21.70973,43.66331],[21.70934,43.66809],[21.7133,43.67069],[21.71097,43.67561],[21.70127,43.68098],[21.70031,43.68352],[21.69458,43.68727],[21.69663,43.69169],[21.69362,43.69542],[21.69645,43.69776],[21.69638,43.70119],[21.69323,43.71039],[21.68914,43.71263]]]}},{"type":"Feature","properties":{"OBJECTID":98,"Value_e":"RAŽANJ","Value_sl":"RAŽANJ","Value_sc":"РАЖАЊ","Municipality_DOM_ID":"71005","Region_DOM_ID":"6","SHAPE.STArea()":288806817.7681031,"SHAPE.STLength()":107864.95643684297},"geometry":{"type":"Polygon","coordinates":[[[21.67716,43.79959],[21.66614,43.80649],[21.66163,43.81367],[21.65809,43.81456],[21.6566,43.81887],[21.64902,43.81526],[21.63422,43.81149],[21.61459,43.8088],[21.61294,43.81059],[21.59818,43.81497],[21.58899,43.81555],[21.58329,43.81063],[21.56738,43.81144],[21.5621,43.80961],[21.55732,43.81147],[21.55499,43.80992],[21.5567,43.80858],[21.55227,43.80816],[21.53616,43.79998],[21.53127,43.79567],[21.52551,43.79458],[21.52038,43.79075],[21.52056,43.78943],[21.51776,43.79249],[21.50915,43.79536],[21.50878,43.78815],[21.50409,43.78391],[21.48403,43.77921],[21.48032,43.76772],[21.47747,43.76623],[21.4817,43.76376],[21.47859,43.75061],[21.48374,43.74646],[21.48766,43.74016],[21.50252,43.74241],[21.51215,43.73175],[21.51664,43.73167],[21.5154,43.73003],[21.51841,43.72863],[21.52108,43.72997],[21.52586,43.7216],[21.52435,43.72082],[21.52452,43.71369],[21.51206,43.71196],[21.51164,43.7134],[21.50278,43.70744],[21.49988,43.69146],[21.49814,43.68879],[21.48981,43.69223],[21.48941,43.69561],[21.48273,43.69451],[21.48127,43.69762],[21.47818,43.69645],[21.47541,43.69121],[21.47885,43.68958],[21.47821,43.6885],[21.47495,43.68905],[21.46378,43.68328],[21.46115,43.67029],[21.46846,43.65973],[21.46583,43.65778],[21.46701,43.65693],[21.47204,43.66217],[21.47528,43.66257],[21.48069,43.65703],[21.48281,43.6512],[21.48867,43.64433],[21.4894,43.63521],[21.48412,43.62853],[21.48462,43.62399],[21.48801,43.62227],[21.49687,43.62686],[21.50468,43.62451],[21.5069,43.62243],[21.5065,43.61982],[21.50406,43.61779],[21.49124,43.61982],[21.48736,43.61611],[21.48816,43.61246],[21.49529,43.61146],[21.49976,43.60667],[21.50512,43.60545],[21.51161,43.60796],[21.51083,43.61361],[21.51604,43.61825],[21.52986,43.60937],[21.54306,43.61571],[21.54399,43.60774],[21.54275,43.60488],[21.5481,43.60083],[21.54945,43.60155],[21.54899,43.60536],[21.55058,43.60735],[21.54901,43.60935],[21.55427,43.61031],[21.55404,43.6125],[21.55877,43.61414],[21.55706,43.61607],[21.56376,43.62088],[21.56319,43.62576],[21.55907,43.63213],[21.56355,43.63595],[21.56781,43.63043],[21.56978,43.63039],[21.56993,43.63396],[21.5841,43.6281],[21.58667,43.63335],[21.5879,43.63327],[21.59132,43.62688],[21.59467,43.62851],[21.59969,43.62615],[21.60252,43.62849],[21.61676,43.63022],[21.62209,43.63328],[21.62014,43.63754],[21.61607,43.6371],[21.63189,43.64678],[21.62947,43.66463],[21.62344,43.67568],[21.63025,43.68824],[21.64097,43.69419],[21.65087,43.70199],[21.65876,43.70527],[21.66238,43.70355],[21.66771,43.70736],[21.6777,43.70894],[21.68352,43.71306],[21.68914,43.71263],[21.69083,43.71999],[21.70451,43.72487],[21.70773,43.7281],[21.69991,43.74308],[21.68982,43.75014],[21.67427,43.75349],[21.6745,43.75623],[21.6755,43.76326],[21.67878,43.76664],[21.68629,43.76816],[21.69798,43.76393],[21.70866,43.76577],[21.71217,43.76783],[21.7116,43.7693],[21.70087,43.77441],[21.70539,43.77871],[21.68061,43.795],[21.67716,43.79959]]]}},{"type":"Feature","properties":{"OBJECTID":89,"Value_e":"IVANJICA","Value_sl":"IVANJICA","Value_sc":"ИВАЊИЦА","Municipality_DOM_ID":"70564","Region_DOM_ID":"7","SHAPE.STArea()":1089572311.1960392,"SHAPE.STLength()":202858.55023249358},"geometry":{"type":"Polygon","coordinates":[[[20.22734,43.66729],[20.22521,43.67076],[20.22246,43.66998],[20.21866,43.67365],[20.21262,43.67033],[20.20854,43.67097],[20.20339,43.66822],[20.19896,43.67153],[20.194,43.67074],[20.18699,43.66613],[20.18661,43.65301],[20.17913,43.65144],[20.17216,43.65491],[20.16702,43.65409],[20.16029,43.65595],[20.15162,43.65398],[20.14624,43.65825],[20.12788,43.66009],[20.12291,43.66356],[20.10867,43.66544],[20.1079,43.66278],[20.11141,43.66256],[20.11363,43.6597],[20.11214,43.6587],[20.11121,43.66067],[20.10877,43.66048],[20.10384,43.65068],[20.10651,43.64839],[20.10667,43.64499],[20.10985,43.64251],[20.11168,43.63839],[20.11382,43.63839],[20.11171,43.63503],[20.1135,43.63298],[20.11174,43.63306],[20.11283,43.63136],[20.11089,43.62969],[20.11439,43.62701],[20.1061,43.62161],[20.09364,43.62079],[20.08167,43.62354],[20.06535,43.62479],[20.06471,43.62229],[20.05584,43.61749],[20.05186,43.6122],[20.04691,43.61074],[20.04588,43.60751],[20.03917,43.60693],[20.03842,43.60409],[20.03332,43.60288],[20.02452,43.60387],[20.02291,43.6007],[20.02039,43.60034],[20.02156,43.59903],[20.01881,43.59714],[20.0197,43.59592],[20.01354,43.59326],[20.01522,43.58862],[20.01705,43.59107],[20.01805,43.59003],[20.01573,43.58844],[20.01285,43.58191],[20.00695,43.58058],[20.00789,43.57837],[20.00645,43.57727],[19.99355,43.57345],[19.97583,43.57113],[19.96815,43.58057],[19.96297,43.58427],[19.95598,43.58553],[19.95521,43.58693],[19.9516,43.5868],[19.94857,43.58331],[19.93915,43.58221],[19.93709,43.57637],[19.93774,43.57304],[19.94185,43.57268],[19.94129,43.56847],[19.93219,43.56316],[19.92971,43.5579],[19.91782,43.55421],[19.916,43.55143],[19.92695,43.54565],[19.92776,43.54106],[19.93097,43.53912],[19.93125,43.5352],[19.9384,43.53183],[19.94293,43.52462],[19.95318,43.52484],[19.95414,43.52394],[19.95143,43.5227],[19.95744,43.52182],[19.96221,43.51816],[19.97014,43.52116],[19.97742,43.52084],[19.98558,43.5171],[19.98341,43.51352],[19.98846,43.50981],[19.98687,43.50814],[19.98724,43.50537],[20.01726,43.50262],[20.02809,43.4982],[20.02739,43.49272],[20.03125,43.48223],[20.04044,43.47592],[20.04088,43.46789],[20.04369,43.46304],[20.04265,43.45514],[20.04562,43.45247],[20.04676,43.44712],[20.05159,43.44124],[20.06171,43.44075],[20.06273,43.43704],[20.06018,43.43244],[20.06028,43.42884],[20.07305,43.41332],[20.077,43.41276],[20.07871,43.40086],[20.08379,43.39619],[20.09022,43.38466],[20.10314,43.37925],[20.10646,43.36956],[20.10557,43.36613],[20.10803,43.3621],[20.1162,43.3597],[20.1254,43.3518],[20.11769,43.33864],[20.11722,43.3335],[20.12457,43.32762],[20.13,43.32606],[20.13416,43.31999],[20.14333,43.31681],[20.14455,43.31221],[20.1607,43.31381],[20.16662,43.32059],[20.17047,43.3223],[20.18515,43.32177],[20.19264,43.3189],[20.19794,43.31962],[20.20045,43.32381],[20.2151,43.32255],[20.22839,43.3246],[20.23634,43.32098],[20.23915,43.32501],[20.23916,43.32883],[20.24503,43.33267],[20.24967,43.3336],[20.25872,43.33201],[20.26698,43.33493],[20.27221,43.33464],[20.27593,43.33185],[20.28027,43.33195],[20.28345,43.33017],[20.28782,43.32172],[20.29633,43.31096],[20.30026,43.3094],[20.30655,43.30278],[20.30662,43.29729],[20.31173,43.29104],[20.32608,43.2829],[20.33614,43.28039],[20.34108,43.27726],[20.35551,43.27621],[20.36469,43.28144],[20.36059,43.2873],[20.35609,43.2901],[20.35945,43.29659],[20.35796,43.3003],[20.35943,43.30373],[20.36735,43.30557],[20.36841,43.30435],[20.37491,43.30878],[20.38183,43.31052],[20.38665,43.30999],[20.38971,43.32012],[20.40233,43.32282],[20.40357,43.32634],[20.40246,43.33164],[20.40396,43.33533],[20.4034,43.33916],[20.40921,43.34632],[20.41779,43.34762],[20.42601,43.34593],[20.42792,43.34494],[20.42723,43.34159],[20.42875,43.33889],[20.43109,43.33774],[20.43435,43.33896],[20.43694,43.34313],[20.43469,43.34734],[20.43555,43.34935],[20.43309,43.35242],[20.43486,43.35531],[20.44381,43.36165],[20.4447,43.36607],[20.44288,43.37166],[20.44437,43.37733],[20.4379,43.37981],[20.4324,43.3883],[20.43684,43.39398],[20.43951,43.39099],[20.44221,43.39114],[20.4441,43.39933],[20.43875,43.39937],[20.42937,43.39321],[20.4231,43.39382],[20.41421,43.40694],[20.41565,43.40994],[20.41436,43.41186],[20.4171,43.41383],[20.42008,43.41263],[20.42319,43.41422],[20.42663,43.41372],[20.43063,43.41575],[20.43047,43.41791],[20.43286,43.4204],[20.42394,43.42025],[20.4241,43.42412],[20.42235,43.42682],[20.41689,43.43064],[20.42199,43.43369],[20.42277,43.43853],[20.42066,43.44079],[20.42421,43.44357],[20.4238,43.44719],[20.4217,43.44957],[20.42208,43.45244],[20.42641,43.4576],[20.4294,43.45846],[20.43127,43.46279],[20.43015,43.46724],[20.4248,43.47148],[20.41798,43.48055],[20.4137,43.48196],[20.41151,43.48507],[20.40871,43.48539],[20.40987,43.48858],[20.40703,43.48802],[20.40787,43.49032],[20.405,43.49241],[20.40493,43.49618],[20.39915,43.50111],[20.39615,43.50179],[20.39766,43.50563],[20.39647,43.50789],[20.39184,43.50975],[20.38942,43.51378],[20.37429,43.51976],[20.37413,43.52117],[20.3602,43.52432],[20.35892,43.52703],[20.35601,43.52793],[20.35555,43.53252],[20.35317,43.53624],[20.34682,43.53532],[20.34359,43.53712],[20.34437,43.54358],[20.3335,43.54518],[20.33889,43.55071],[20.32923,43.54883],[20.32406,43.54999],[20.32539,43.55218],[20.3295,43.55279],[20.33338,43.55709],[20.34151,43.5568],[20.35048,43.56268],[20.35186,43.56658],[20.35748,43.571],[20.36292,43.57369],[20.3737,43.5749],[20.37413,43.57797],[20.37982,43.58341],[20.37937,43.58562],[20.38163,43.58912],[20.38725,43.59248],[20.39254,43.59286],[20.38619,43.59564],[20.38581,43.59955],[20.3882,43.60347],[20.38597,43.60907],[20.39058,43.61658],[20.39693,43.61945],[20.3936,43.62023],[20.3867,43.62745],[20.38386,43.62724],[20.38122,43.63001],[20.37616,43.62994],[20.3752,43.62673],[20.3694,43.6277],[20.36474,43.63486],[20.35952,43.63629],[20.35205,43.6357],[20.3496,43.64394],[20.34419,43.64643],[20.34086,43.64995],[20.33273,43.65266],[20.32982,43.65188],[20.32953,43.6492],[20.32667,43.64777],[20.31231,43.64703],[20.30724,43.64508],[20.29924,43.64877],[20.29633,43.64728],[20.29317,43.65001],[20.28946,43.64925],[20.28805,43.64585],[20.28565,43.64492],[20.28162,43.64554],[20.28176,43.64194],[20.28028,43.64198],[20.27831,43.64238],[20.27597,43.64804],[20.27411,43.65591],[20.27589,43.65982],[20.27,43.6659],[20.26683,43.66555],[20.26038,43.67044],[20.25471,43.67172],[20.24985,43.66964],[20.2461,43.67054],[20.2393,43.66655],[20.2308,43.67083],[20.22734,43.66729]]]}},{"type":"Feature","properties":{"OBJECTID":102,"Value_e":"LUČANI","Value_sl":"LUČANI","Value_sc":"ЛУЧАНИ","Municipality_DOM_ID":"70742","Region_DOM_ID":"7","SHAPE.STArea()":454328319.3657629,"SHAPE.STLength()":127874.03806896145},"geometry":{"type":"Polygon","coordinates":[[[20.20798,43.90141],[20.19575,43.90494],[20.18984,43.90058],[20.19053,43.89778],[20.18674,43.89634],[20.18046,43.8972],[20.18015,43.89983],[20.177,43.90088],[20.17033,43.89867],[20.16057,43.89901],[20.14873,43.89197],[20.14307,43.89236],[20.13297,43.8975],[20.12288,43.8953],[20.1213,43.89018],[20.12395,43.88882],[20.12384,43.88567],[20.11294,43.88137],[20.11672,43.87481],[20.12028,43.8725],[20.11415,43.86858],[20.11042,43.86944],[20.1081,43.86629],[20.11168,43.86382],[20.11082,43.86248],[20.1084,43.86282],[20.11306,43.85994],[20.11322,43.85827],[20.12186,43.85535],[20.11929,43.84656],[20.12281,43.84567],[20.12198,43.84286],[20.12452,43.83423],[20.12838,43.83333],[20.13179,43.82909],[20.13778,43.82765],[20.14131,43.82079],[20.153,43.81655],[20.15832,43.81122],[20.15351,43.8063],[20.14018,43.79994],[20.13751,43.79438],[20.13961,43.7935],[20.13826,43.79177],[20.13576,43.79325],[20.13308,43.78897],[20.14101,43.78691],[20.14792,43.77637],[20.14948,43.7694],[20.14394,43.76296],[20.1442,43.7605],[20.149,43.75463],[20.14877,43.7513],[20.15172,43.75017],[20.15349,43.75113],[20.16637,43.7457],[20.16937,43.7411],[20.17745,43.74255],[20.18707,43.73806],[20.19158,43.73764],[20.18985,43.72871],[20.19176,43.72318],[20.18399,43.71583],[20.1875,43.71069],[20.18542,43.70392],[20.18772,43.70109],[20.18667,43.69988],[20.1835,43.70051],[20.18166,43.69724],[20.17589,43.69568],[20.17442,43.69373],[20.17911,43.68975],[20.19851,43.68258],[20.19907,43.67933],[20.19727,43.67509],[20.2019,43.66821],[20.20854,43.67097],[20.21262,43.67033],[20.21866,43.67365],[20.22246,43.66998],[20.22521,43.67076],[20.22734,43.66729],[20.2308,43.67083],[20.2393,43.66655],[20.2461,43.67054],[20.24985,43.66964],[20.25471,43.67172],[20.26038,43.67044],[20.26683,43.66555],[20.27,43.6659],[20.27589,43.65982],[20.27411,43.65591],[20.27831,43.64238],[20.28176,43.64194],[20.28162,43.64554],[20.28565,43.64492],[20.28805,43.64585],[20.28946,43.64925],[20.29317,43.65001],[20.29633,43.64728],[20.29924,43.64877],[20.30724,43.64508],[20.31231,43.64703],[20.32667,43.64777],[20.33206,43.65283],[20.34086,43.64995],[20.34419,43.64643],[20.3496,43.64394],[20.35205,43.6357],[20.35952,43.63629],[20.36474,43.63486],[20.3694,43.6277],[20.3752,43.62673],[20.37616,43.62994],[20.38122,43.63001],[20.38386,43.62724],[20.3867,43.62745],[20.3936,43.62023],[20.39695,43.61939],[20.39857,43.62273],[20.39565,43.62573],[20.39517,43.6313],[20.39088,43.63593],[20.37924,43.64154],[20.37793,43.64408],[20.37888,43.64769],[20.38981,43.65802],[20.39381,43.65807],[20.39938,43.66475],[20.40205,43.66483],[20.40473,43.66745],[20.40902,43.66722],[20.41415,43.67151],[20.41995,43.67066],[20.41948,43.66726],[20.42717,43.66225],[20.43967,43.66613],[20.43935,43.66832],[20.44197,43.66909],[20.44236,43.67253],[20.44534,43.67201],[20.4445,43.67343],[20.4509,43.68436],[20.45044,43.69175],[20.44824,43.69418],[20.45032,43.6964],[20.4426,43.70187],[20.44663,43.70463],[20.4474,43.7108],[20.43968,43.71629],[20.43987,43.7211],[20.42801,43.72239],[20.42761,43.728],[20.42234,43.73108],[20.41626,43.72961],[20.40965,43.73232],[20.40659,43.7316],[20.40497,43.73584],[20.40236,43.7378],[20.40307,43.74286],[20.39674,43.74705],[20.39361,43.7504],[20.39358,43.75245],[20.38685,43.7562],[20.38444,43.76594],[20.38614,43.76964],[20.38346,43.77428],[20.37622,43.77647],[20.36816,43.78413],[20.36604,43.78828],[20.36142,43.79187],[20.35969,43.80005],[20.36135,43.80156],[20.35738,43.80261],[20.35729,43.80567],[20.35112,43.81169],[20.33409,43.81933],[20.33181,43.82178],[20.3303,43.82845],[20.32365,43.82918],[20.32248,43.82687],[20.32092,43.82589],[20.32083,43.83007],[20.31061,43.83272],[20.3105,43.83478],[20.308,43.83407],[20.30225,43.83632],[20.27937,43.84808],[20.28226,43.84867],[20.27984,43.84944],[20.27598,43.85605],[20.27379,43.85673],[20.26683,43.87157],[20.26396,43.8709],[20.25993,43.87321],[20.25849,43.87933],[20.25042,43.87577],[20.24397,43.87853],[20.23664,43.88412],[20.2276,43.88805],[20.22884,43.89433],[20.21355,43.89683],[20.20798,43.90141]]]}},{"type":"Feature","properties":{"OBJECTID":106,"Value_e":"ČAČAK-GRAD","Value_sl":"ČAČAK-GRAD","Value_sc":"ЧАЧАК-ГРАД","Municipality_DOM_ID":"71242","Region_DOM_ID":"7","SHAPE.STArea()":636361889.6743591,"SHAPE.STLength()":162724.9095826965},"geometry":{"type":"Polygon","coordinates":[[[20.27345,43.99827],[20.26511,43.99933],[20.26194,44.00598],[20.25622,44.00488],[20.25119,44.00714],[20.24855,44.00333],[20.24854,43.99173],[20.24586,43.99079],[20.24704,43.98921],[20.23699,43.98313],[20.23372,43.97904],[20.23422,43.97391],[20.22776,43.96771],[20.22374,43.96806],[20.2189,43.96439],[20.20851,43.96539],[20.20514,43.96741],[20.20546,43.97026],[20.19974,43.97203],[20.19684,43.96929],[20.1904,43.96932],[20.18818,43.9649],[20.18246,43.96591],[20.17538,43.96043],[20.16828,43.95986],[20.14215,43.96915],[20.13573,43.97009],[20.12743,43.97645],[20.11314,43.97233],[20.11192,43.96836],[20.10713,43.96569],[20.12563,43.95175],[20.11725,43.949],[20.11543,43.94441],[20.10865,43.93929],[20.11283,43.93464],[20.11232,43.93133],[20.11815,43.92834],[20.12031,43.92518],[20.12506,43.92368],[20.12679,43.91944],[20.13404,43.91185],[20.14341,43.91084],[20.14445,43.90852],[20.15096,43.90762],[20.15283,43.90527],[20.16126,43.90624],[20.17033,43.89867],[20.17736,43.90084],[20.18015,43.89983],[20.18046,43.8972],[20.18616,43.89635],[20.19053,43.89778],[20.18984,43.90058],[20.19832,43.90547],[20.20779,43.90152],[20.21355,43.89683],[20.22884,43.89433],[20.2276,43.88805],[20.23664,43.88412],[20.24397,43.87853],[20.25042,43.87577],[20.25849,43.87933],[20.25993,43.87321],[20.26396,43.8709],[20.26683,43.87157],[20.27379,43.85673],[20.27598,43.85605],[20.27984,43.84944],[20.28226,43.84867],[20.27937,43.84808],[20.30225,43.83632],[20.308,43.83407],[20.3105,43.83478],[20.31061,43.83272],[20.32083,43.83007],[20.32092,43.82589],[20.32365,43.82918],[20.3303,43.82845],[20.33181,43.82178],[20.33409,43.81933],[20.35112,43.81169],[20.35729,43.80567],[20.35738,43.80261],[20.36143,43.80142],[20.35969,43.80005],[20.36142,43.79187],[20.37622,43.77647],[20.38346,43.77428],[20.38614,43.76964],[20.38444,43.76594],[20.38685,43.7562],[20.39358,43.75245],[20.39361,43.7504],[20.39674,43.74705],[20.40307,43.74286],[20.40236,43.7378],[20.40497,43.73584],[20.40659,43.7316],[20.40965,43.73232],[20.41626,43.72961],[20.42318,43.73053],[20.42894,43.74359],[20.4286,43.74798],[20.43262,43.74908],[20.43309,43.75102],[20.43559,43.75099],[20.43874,43.75409],[20.45779,43.75226],[20.45789,43.75578],[20.46211,43.7602],[20.47264,43.7618],[20.48374,43.75818],[20.48764,43.76102],[20.50362,43.75911],[20.50282,43.76319],[20.50923,43.76923],[20.51082,43.77432],[20.51185,43.77894],[20.51009,43.78498],[20.51651,43.78643],[20.52087,43.78428],[20.52978,43.79032],[20.54756,43.79361],[20.54883,43.79727],[20.55399,43.7985],[20.55402,43.80673],[20.55951,43.80751],[20.56122,43.80314],[20.56494,43.8043],[20.56875,43.80991],[20.5647,43.81229],[20.56738,43.81337],[20.57457,43.82309],[20.57866,43.82427],[20.58119,43.82785],[20.57617,43.82955],[20.58029,43.83764],[20.57065,43.8424],[20.59015,43.85148],[20.59951,43.85871],[20.60204,43.86335],[20.60341,43.86198],[20.60515,43.86252],[20.60525,43.86451],[20.6075,43.86417],[20.61118,43.87012],[20.61358,43.87051],[20.6164,43.86819],[20.62393,43.87052],[20.62751,43.86847],[20.63021,43.87331],[20.62799,43.87578],[20.63534,43.87996],[20.63247,43.88221],[20.63349,43.88518],[20.63092,43.88767],[20.62351,43.88962],[20.62228,43.89536],[20.61253,43.90002],[20.61357,43.90207],[20.61082,43.90807],[20.60139,43.91857],[20.59428,43.92141],[20.58945,43.92828],[20.57947,43.92816],[20.57111,43.93262],[20.56826,43.93734],[20.55977,43.93577],[20.56018,43.93822],[20.55825,43.93802],[20.55816,43.93985],[20.55524,43.94091],[20.55339,43.94369],[20.55725,43.94706],[20.55357,43.94768],[20.55356,43.95293],[20.54818,43.95232],[20.54948,43.95703],[20.54679,43.96081],[20.55088,43.96403],[20.54549,43.96624],[20.54325,43.9717],[20.53246,43.96685],[20.52527,43.96729],[20.52007,43.97101],[20.5183,43.96886],[20.51108,43.97113],[20.50813,43.96847],[20.50863,43.96728],[20.50272,43.96713],[20.49445,43.97088],[20.48597,43.9701],[20.48475,43.96841],[20.48273,43.9712],[20.48087,43.96987],[20.47954,43.96461],[20.47422,43.96756],[20.4717,43.97172],[20.46641,43.97294],[20.46639,43.97687],[20.46451,43.97964],[20.45156,43.98319],[20.44862,43.98046],[20.44869,43.97397],[20.44459,43.9692],[20.43699,43.96467],[20.42388,43.96506],[20.42033,43.96716],[20.41861,43.96668],[20.41671,43.96279],[20.40832,43.96144],[20.40855,43.95991],[20.40643,43.95968],[20.40425,43.95684],[20.40671,43.95615],[20.40621,43.95491],[20.40849,43.95333],[20.40299,43.94973],[20.40374,43.94672],[20.39638,43.94571],[20.39666,43.94712],[20.38902,43.95091],[20.3861,43.94749],[20.38301,43.94703],[20.38341,43.94597],[20.37741,43.94514],[20.36827,43.94997],[20.3664,43.95627],[20.36727,43.96106],[20.36517,43.96498],[20.36815,43.96782],[20.37032,43.97716],[20.36595,43.98157],[20.35922,43.98382],[20.35722,43.98846],[20.35394,43.99071],[20.34438,43.99064],[20.34295,43.99281],[20.33058,43.99822],[20.32964,44.00156],[20.31844,43.99794],[20.3121,44.00201],[20.30683,44.00155],[20.29985,43.99782],[20.29403,43.99814],[20.2932,43.99949],[20.28514,43.99497],[20.27616,43.99532],[20.27345,43.99827]]]}},{"type":"Feature","properties":{"OBJECTID":119,"Value_e":"GORNJI MILANOVAC","Value_sl":"GORNJI MILANOVAC","Value_sc":"ГОРЊИ МИЛАНОВАЦ","Municipality_DOM_ID":"70483","Region_DOM_ID":"7","SHAPE.STArea()":836446792.9140506,"SHAPE.STLength()":206267.27204596088},"geometry":{"type":"Polygon","coordinates":[[[20.44127,44.26187],[20.44144,44.26329],[20.43949,44.26324],[20.43802,44.26522],[20.43853,44.26731],[20.4354,44.26829],[20.43616,44.26599],[20.42972,44.26335],[20.4281,44.26019],[20.42927,44.25777],[20.42777,44.25514],[20.42864,44.2523],[20.42448,44.25268],[20.42524,44.2474],[20.42223,44.2462],[20.42191,44.24261],[20.41758,44.24152],[20.42546,44.23863],[20.41837,44.22692],[20.41066,44.22779],[20.4089,44.23106],[20.39867,44.23229],[20.39966,44.23151],[20.39846,44.2288],[20.39294,44.22311],[20.39456,44.22003],[20.39239,44.21849],[20.39033,44.21355],[20.39166,44.21273],[20.38863,44.20825],[20.39061,44.20721],[20.38818,44.20441],[20.38893,44.19828],[20.37516,44.20039],[20.36778,44.1958],[20.352,44.19424],[20.34992,44.19175],[20.35126,44.18944],[20.3486,44.18266],[20.35041,44.17891],[20.34906,44.17588],[20.35234,44.16966],[20.33818,44.16423],[20.33689,44.16577],[20.33433,44.16455],[20.3222,44.16543],[20.32077,44.16278],[20.30968,44.15929],[20.30898,44.15725],[20.31106,44.15498],[20.30892,44.14525],[20.30555,44.14407],[20.29844,44.14599],[20.29454,44.14418],[20.2867,44.1474],[20.2852,44.14511],[20.27215,44.14493],[20.26991,44.14204],[20.26353,44.14071],[20.26042,44.13742],[20.24805,44.13546],[20.23958,44.13873],[20.22145,44.13895],[20.22246,44.13539],[20.21972,44.13479],[20.21463,44.13579],[20.20052,44.13392],[20.1918,44.13605],[20.17604,44.12787],[20.17646,44.12499],[20.18057,44.12276],[20.1736,44.11966],[20.16072,44.12088],[20.15533,44.11959],[20.15201,44.12124],[20.15102,44.11924],[20.14199,44.12197],[20.13953,44.1189],[20.14191,44.11502],[20.14049,44.11246],[20.14244,44.10967],[20.14849,44.10916],[20.15012,44.10753],[20.15183,44.10086],[20.14967,44.09494],[20.13853,44.09953],[20.13977,44.10159],[20.13488,44.10128],[20.13171,44.09692],[20.12628,44.09978],[20.12643,44.1017],[20.12162,44.10123],[20.1162,44.10293],[20.11352,44.1096],[20.10376,44.10764],[20.09682,44.10811],[20.08657,44.11092],[20.08269,44.11456],[20.07614,44.1127],[20.07282,44.11017],[20.07304,44.10862],[20.08422,44.09923],[20.08734,44.09305],[20.0871,44.08941],[20.08463,44.08886],[20.08612,44.08335],[20.07951,44.07925],[20.0788,44.07633],[20.0809,44.07506],[20.07805,44.06951],[20.08184,44.06658],[20.08316,44.05947],[20.08124,44.05675],[20.08302,44.05307],[20.08167,44.04974],[20.08288,44.04306],[20.09202,44.03327],[20.09279,44.02946],[20.09105,44.02781],[20.09436,44.02586],[20.09125,44.02174],[20.09186,44.01965],[20.08703,44.02025],[20.08352,44.01893],[20.08134,44.01529],[20.07838,44.01419],[20.07598,44.00931],[20.06913,44.00541],[20.06777,44.00235],[20.07088,43.99963],[20.08191,43.99673],[20.07967,43.99386],[20.08378,43.99115],[20.082,43.98945],[20.08473,43.98152],[20.09275,43.97824],[20.09487,43.97361],[20.10048,43.97248],[20.10454,43.96629],[20.10713,43.96569],[20.11192,43.96836],[20.11236,43.97201],[20.12716,43.97649],[20.13573,43.97009],[20.14215,43.96915],[20.16828,43.95986],[20.17538,43.96043],[20.18246,43.96591],[20.18818,43.9649],[20.1904,43.96932],[20.19684,43.96929],[20.19974,43.97203],[20.20546,43.97026],[20.20514,43.96741],[20.20851,43.96539],[20.21336,43.96463],[20.2189,43.96439],[20.22374,43.96806],[20.22776,43.96771],[20.23422,43.97391],[20.23372,43.97904],[20.23699,43.98313],[20.24704,43.98921],[20.24586,43.99079],[20.24854,43.99173],[20.24855,44.00333],[20.25119,44.00714],[20.25622,44.00488],[20.26194,44.00598],[20.26511,43.99933],[20.27326,43.99836],[20.27666,43.99524],[20.28545,43.99503],[20.2932,43.99949],[20.29403,43.99814],[20.29985,43.99782],[20.3049,44.00097],[20.31099,44.00206],[20.31844,43.99794],[20.32964,44.00156],[20.33058,43.99822],[20.34295,43.99281],[20.34438,43.99064],[20.35075,43.99162],[20.35538,43.98995],[20.35922,43.98382],[20.36847,43.97966],[20.3704,43.97675],[20.36815,43.96782],[20.36514,43.96458],[20.36727,43.96106],[20.36626,43.95699],[20.36827,43.94997],[20.37125,43.94763],[20.3771,43.94519],[20.38203,43.9455],[20.38902,43.95091],[20.39666,43.94712],[20.39638,43.94571],[20.40114,43.94557],[20.40374,43.94672],[20.40254,43.94848],[20.40509,43.95219],[20.4082,43.95255],[20.40671,43.95615],[20.40425,43.95684],[20.40643,43.95968],[20.40855,43.95991],[20.40832,43.96144],[20.41671,43.96279],[20.41861,43.96668],[20.42033,43.96716],[20.42388,43.96506],[20.43699,43.96467],[20.44459,43.9692],[20.44869,43.97397],[20.44862,43.98046],[20.45156,43.98319],[20.46451,43.97964],[20.46639,43.97687],[20.46641,43.97294],[20.4717,43.97172],[20.47422,43.96756],[20.47954,43.96461],[20.48087,43.96987],[20.48273,43.9712],[20.48475,43.96841],[20.48597,43.9701],[20.49445,43.97088],[20.50272,43.96713],[20.50863,43.96728],[20.50813,43.96847],[20.51108,43.97113],[20.5183,43.96886],[20.52029,43.97095],[20.52594,43.96711],[20.53558,43.9673],[20.54222,43.97168],[20.5467,43.9713],[20.5521,43.96838],[20.55112,43.97065],[20.55505,43.97697],[20.5606,43.97731],[20.56654,43.98191],[20.57213,43.99002],[20.57686,43.99088],[20.57958,43.99467],[20.58618,43.99593],[20.59036,44.0007],[20.59234,44.00853],[20.60145,44.01174],[20.60613,44.01914],[20.609,44.02005],[20.60707,44.02103],[20.61045,44.02091],[20.6082,44.02247],[20.61207,44.02226],[20.61372,44.02433],[20.60994,44.02762],[20.61433,44.0309],[20.60983,44.03292],[20.61264,44.0319],[20.61488,44.03374],[20.61474,44.03181],[20.61645,44.03308],[20.61806,44.03129],[20.62032,44.03231],[20.62677,44.02396],[20.63373,44.02329],[20.63976,44.02545],[20.63875,44.03036],[20.63594,44.03114],[20.63671,44.03297],[20.64492,44.0341],[20.64667,44.03491],[20.64592,44.03675],[20.65344,44.03719],[20.65166,44.04371],[20.64611,44.04596],[20.64226,44.05061],[20.63927,44.05896],[20.63185,44.06056],[20.62598,44.06422],[20.61103,44.07832],[20.60456,44.0797],[20.59576,44.08581],[20.59028,44.0849],[20.58142,44.08658],[20.57559,44.08959],[20.56979,44.09593],[20.55207,44.10362],[20.5506,44.10834],[20.55404,44.11418],[20.55064,44.12212],[20.55144,44.12733],[20.54899,44.12856],[20.55004,44.13079],[20.54888,44.13591],[20.54659,44.13854],[20.54146,44.13932],[20.53993,44.14335],[20.53716,44.1438],[20.53286,44.14891],[20.53165,44.15661],[20.52798,44.15867],[20.52242,44.1591],[20.51695,44.16549],[20.51425,44.16646],[20.51398,44.1685],[20.50339,44.16891],[20.49975,44.17267],[20.49292,44.17589],[20.48872,44.1736],[20.48032,44.17231],[20.475,44.18089],[20.47709,44.18848],[20.47568,44.19029],[20.47986,44.19577],[20.47797,44.19963],[20.47338,44.20185],[20.47109,44.20123],[20.46957,44.19775],[20.46261,44.19799],[20.45941,44.19989],[20.45765,44.19868],[20.45845,44.20263],[20.45226,44.2063],[20.45394,44.21058],[20.45088,44.21592],[20.45529,44.21824],[20.45077,44.22563],[20.45563,44.22624],[20.45262,44.23012],[20.45007,44.22784],[20.44697,44.22882],[20.44745,44.23166],[20.45102,44.23174],[20.44937,44.2331],[20.45123,44.23394],[20.44632,44.23449],[20.44421,44.23638],[20.44609,44.23741],[20.45008,44.23528],[20.45284,44.23675],[20.44853,44.23967],[20.44971,44.241],[20.44839,44.24132],[20.45114,44.24318],[20.44894,44.24334],[20.44863,44.24448],[20.4519,44.24335],[20.45193,44.24507],[20.44845,44.24724],[20.44859,44.24492],[20.4478,44.24477],[20.44801,44.24639],[20.44623,44.24608],[20.44685,44.24926],[20.45328,44.24849],[20.45585,44.24968],[20.45072,44.25252],[20.45226,44.25346],[20.45011,44.25582],[20.44534,44.25301],[20.4415,44.2549],[20.43893,44.26152],[20.44127,44.26187]]]}},{"type":"Feature","properties":{"OBJECTID":109,"Value_e":"KNIĆ","Value_sl":"KNIĆ","Value_sc":"КНИЋ","Municipality_DOM_ID":"70599","Region_DOM_ID":"8","SHAPE.STArea()":412768511.863529,"SHAPE.STLength()":138215.86670365496},"geometry":{"type":"Polygon","coordinates":[[[20.68647,44.06218],[20.68209,44.0627],[20.67953,44.06731],[20.67345,44.07045],[20.66497,44.07362],[20.66117,44.07336],[20.66327,44.07039],[20.66229,44.06848],[20.66387,44.06208],[20.66222,44.05572],[20.65606,44.05328],[20.65442,44.05072],[20.65431,44.04766],[20.65152,44.04334],[20.65344,44.03719],[20.64592,44.03675],[20.64667,44.03491],[20.64492,44.0341],[20.63671,44.03297],[20.63594,44.03114],[20.63875,44.03036],[20.63976,44.02545],[20.63373,44.02329],[20.62677,44.02396],[20.62032,44.03231],[20.61806,44.03129],[20.61645,44.03308],[20.61474,44.03181],[20.61488,44.03374],[20.61264,44.0319],[20.60983,44.03292],[20.61433,44.0309],[20.60994,44.02762],[20.61372,44.02433],[20.61188,44.02205],[20.6082,44.02247],[20.61045,44.02091],[20.60707,44.02103],[20.609,44.02005],[20.60613,44.01914],[20.60145,44.01174],[20.59234,44.00853],[20.59036,44.0007],[20.58618,43.99593],[20.57958,43.99467],[20.57686,43.99088],[20.57213,43.99002],[20.56654,43.98191],[20.5606,43.97731],[20.55505,43.97697],[20.55112,43.97065],[20.5521,43.96838],[20.54327,43.97169],[20.54549,43.96624],[20.55088,43.96403],[20.54679,43.96081],[20.54948,43.95703],[20.54818,43.95232],[20.55356,43.95293],[20.55357,43.94768],[20.55725,43.94706],[20.55339,43.94369],[20.55524,43.94091],[20.55816,43.93985],[20.55825,43.93802],[20.56018,43.93822],[20.55977,43.93577],[20.56826,43.93734],[20.57111,43.93262],[20.57947,43.92816],[20.58945,43.92828],[20.59428,43.92141],[20.60139,43.91857],[20.61082,43.90807],[20.61357,43.90207],[20.61253,43.90002],[20.62228,43.89536],[20.62351,43.88962],[20.63006,43.88825],[20.63346,43.88523],[20.63247,43.88221],[20.63533,43.87999],[20.63913,43.88137],[20.63998,43.87807],[20.65105,43.87152],[20.65832,43.86222],[20.67896,43.85564],[20.67843,43.85252],[20.68028,43.84973],[20.67737,43.84145],[20.68285,43.83771],[20.68627,43.83138],[20.69166,43.82932],[20.68872,43.82417],[20.69422,43.82237],[20.69794,43.8182],[20.70163,43.81781],[20.70572,43.81075],[20.7162,43.8063],[20.72394,43.79837],[20.72729,43.79903],[20.73574,43.79699],[20.74611,43.80117],[20.76069,43.80148],[20.77074,43.8046],[20.77225,43.80837],[20.77535,43.81016],[20.77782,43.80925],[20.78111,43.81119],[20.78522,43.80784],[20.78559,43.81019],[20.78831,43.81201],[20.78448,43.81661],[20.78809,43.82606],[20.78273,43.83048],[20.78235,43.83264],[20.77622,43.83459],[20.77726,43.83745],[20.77383,43.83962],[20.77458,43.84204],[20.77065,43.84264],[20.77054,43.8443],[20.77441,43.8451],[20.77292,43.84705],[20.77362,43.84992],[20.77802,43.84957],[20.78475,43.85256],[20.79572,43.85337],[20.80213,43.85608],[20.82614,43.85738],[20.83839,43.85707],[20.84676,43.85268],[20.85658,43.85235],[20.85515,43.85828],[20.85259,43.85978],[20.85393,43.86417],[20.86291,43.86099],[20.86487,43.86388],[20.86958,43.86384],[20.87045,43.86645],[20.8752,43.86432],[20.87466,43.85907],[20.8799,43.85836],[20.88095,43.85606],[20.88697,43.85268],[20.89734,43.85569],[20.90605,43.85367],[20.90642,43.8639],[20.90869,43.86737],[20.9061,43.86949],[20.90612,43.87947],[20.90359,43.88203],[20.89597,43.8858],[20.89191,43.88281],[20.88752,43.88213],[20.88626,43.87924],[20.87963,43.88256],[20.87527,43.88725],[20.87548,43.89143],[20.86975,43.89593],[20.86842,43.89513],[20.86836,43.89714],[20.86583,43.89919],[20.86566,43.90403],[20.86282,43.90704],[20.86046,43.9073],[20.8572,43.9135],[20.85466,43.91387],[20.85258,43.91045],[20.84866,43.9162],[20.84186,43.92165],[20.84162,43.92401],[20.84639,43.92738],[20.84396,43.93023],[20.83519,43.93061],[20.83089,43.9344],[20.82943,43.92983],[20.82402,43.93143],[20.81976,43.93004],[20.81923,43.93226],[20.81705,43.9332],[20.81006,43.93288],[20.80846,43.93757],[20.80162,43.93846],[20.79425,43.94485],[20.79353,43.9603],[20.79625,43.96319],[20.79278,43.9653],[20.78744,43.97599],[20.78796,43.98215],[20.7853,43.98769],[20.78708,43.98891],[20.78882,43.98809],[20.78857,43.99111],[20.77481,43.99486],[20.77884,44.00037],[20.77769,44.00404],[20.78191,44.00564],[20.77494,44.01323],[20.77287,44.01812],[20.74785,44.02078],[20.74334,44.02192],[20.74443,44.0242],[20.73804,44.02229],[20.73325,44.01811],[20.72299,44.01933],[20.72119,44.01638],[20.71887,44.01932],[20.71323,44.0184],[20.71382,44.01972],[20.70991,44.02059],[20.70828,44.02283],[20.71054,44.02488],[20.70916,44.02617],[20.71213,44.02724],[20.71162,44.02879],[20.71355,44.02738],[20.71769,44.0297],[20.71834,44.03084],[20.71574,44.03227],[20.71931,44.03253],[20.71775,44.03422],[20.71868,44.03609],[20.73814,44.04196],[20.73498,44.04575],[20.73265,44.04628],[20.73246,44.05187],[20.72749,44.04607],[20.72671,44.04843],[20.71372,44.05149],[20.70569,44.05147],[20.70336,44.05309],[20.70317,44.05166],[20.69759,44.05421],[20.69062,44.05427],[20.68737,44.05595],[20.68647,44.06218]]]}},{"type":"Feature","properties":{"OBJECTID":114,"Value_e":"KRAGUJEVAC-GRAD","Value_sl":"KRAGUJEVAC-GRAD","Value_sc":"КРАГУЈЕВАЦ-ГРАД","Municipality_DOM_ID":"70645","Region_DOM_ID":"8","SHAPE.STArea()":834748704.7170926,"SHAPE.STLength()":226187.0621756697},"geometry":{"type":"Polygon","coordinates":[[[20.65348,44.18686],[20.64739,44.18662],[20.6486,44.18498],[20.64753,44.18278],[20.6418,44.18034],[20.64295,44.17951],[20.64216,44.1777],[20.63961,44.17536],[20.64239,44.17397],[20.64091,44.17117],[20.64288,44.16884],[20.63465,44.17079],[20.63063,44.16543],[20.62,44.15701],[20.61267,44.15767],[20.60656,44.15503],[20.59826,44.15573],[20.59144,44.15446],[20.57684,44.14626],[20.57111,44.14836],[20.56884,44.14661],[20.56442,44.14786],[20.56344,44.14123],[20.55044,44.12836],[20.55152,44.127],[20.55064,44.12212],[20.55404,44.11418],[20.5506,44.10834],[20.55197,44.10374],[20.56979,44.09593],[20.57559,44.08959],[20.58142,44.08658],[20.59028,44.0849],[20.59576,44.08581],[20.60456,44.0797],[20.61103,44.07832],[20.62598,44.06422],[20.63185,44.06056],[20.63927,44.05896],[20.64226,44.05061],[20.6497,44.04391],[20.65161,44.0435],[20.65606,44.05328],[20.66236,44.05593],[20.66406,44.06366],[20.66229,44.06848],[20.66327,44.07039],[20.66117,44.07336],[20.66497,44.07362],[20.67922,44.06758],[20.68209,44.0627],[20.68647,44.06218],[20.68737,44.05595],[20.69062,44.05427],[20.69759,44.05421],[20.70317,44.05166],[20.70336,44.05309],[20.70569,44.05147],[20.71372,44.05149],[20.72671,44.04843],[20.72821,44.046],[20.73246,44.05187],[20.73265,44.04628],[20.73498,44.04575],[20.73787,44.04158],[20.73459,44.04176],[20.72816,44.03965],[20.72878,44.03811],[20.72746,44.03921],[20.72472,44.03706],[20.72209,44.03797],[20.71868,44.03609],[20.71775,44.03422],[20.71931,44.03253],[20.71574,44.03227],[20.71834,44.03084],[20.71769,44.0297],[20.71355,44.02738],[20.71162,44.02879],[20.71213,44.02724],[20.70916,44.02617],[20.71054,44.02488],[20.70828,44.02283],[20.70953,44.0208],[20.71382,44.01972],[20.71422,44.01818],[20.71887,44.01932],[20.72119,44.01638],[20.72299,44.01933],[20.73325,44.01811],[20.73804,44.02229],[20.74443,44.0242],[20.74334,44.02192],[20.74785,44.02078],[20.77287,44.01812],[20.77494,44.01323],[20.78191,44.00564],[20.77769,44.00404],[20.77884,44.00037],[20.77481,43.99486],[20.78857,43.99111],[20.78882,43.98809],[20.78708,43.98891],[20.7853,43.98769],[20.78796,43.98215],[20.78744,43.97599],[20.79278,43.9653],[20.79625,43.96319],[20.79353,43.9603],[20.79425,43.94485],[20.80162,43.93846],[20.80846,43.93757],[20.81006,43.93288],[20.81705,43.9332],[20.81923,43.93226],[20.81976,43.93004],[20.82402,43.93143],[20.82943,43.92983],[20.83089,43.9344],[20.83519,43.93061],[20.84396,43.93023],[20.84639,43.92738],[20.84162,43.92401],[20.84186,43.92165],[20.84866,43.9162],[20.85258,43.91045],[20.85466,43.91387],[20.8572,43.9135],[20.86046,43.9073],[20.86282,43.90704],[20.86566,43.90403],[20.86583,43.89919],[20.86836,43.89714],[20.86842,43.89513],[20.86975,43.89593],[20.87548,43.89143],[20.87527,43.88725],[20.87963,43.88256],[20.88626,43.87924],[20.88752,43.88213],[20.89191,43.88281],[20.89597,43.8858],[20.90359,43.88203],[20.90612,43.87947],[20.9061,43.86949],[20.90869,43.86737],[20.90642,43.8639],[20.90569,43.85253],[20.91005,43.8461],[20.91592,43.84313],[20.9214,43.83195],[20.92905,43.8294],[20.93528,43.83132],[20.94412,43.82706],[20.95264,43.82785],[20.95793,43.83243],[20.95683,43.83964],[20.95811,43.84326],[20.96321,43.8472],[20.96949,43.84931],[20.97239,43.85395],[20.97811,43.85631],[20.98925,43.8571],[21.00756,43.86388],[21.01179,43.86922],[21.01606,43.87933],[21.02055,43.87705],[21.02772,43.87752],[21.02548,43.88426],[21.03321,43.89063],[21.02838,43.89156],[21.02575,43.8944],[21.01832,43.89467],[21.01567,43.89744],[21.01776,43.90048],[21.01726,43.90402],[21.01149,43.90691],[21.01421,43.91103],[21.0142,43.91416],[21.01272,43.91499],[21.01555,43.91688],[21.01399,43.92304],[21.02058,43.92155],[21.02488,43.92596],[21.0358,43.9264],[21.04246,43.93134],[21.04372,43.9306],[21.04236,43.92841],[21.05753,43.92391],[21.05817,43.92605],[21.06081,43.92654],[21.0588,43.92812],[21.05869,43.93741],[21.05504,43.93954],[21.05587,43.94122],[21.05337,43.94256],[21.05608,43.94957],[21.04944,43.95699],[21.05806,43.95822],[21.05952,43.95545],[21.06404,43.9544],[21.06481,43.95708],[21.06663,43.95678],[21.07709,43.96295],[21.07074,43.96809],[21.06792,43.97688],[21.05287,43.98762],[21.04826,43.99689],[21.0476,44.00329],[21.04861,44.00495],[21.05649,44.00512],[21.06098,44.00162],[21.06117,44.00678],[21.06745,44.0047],[21.06776,44.00641],[21.06324,44.01104],[21.06857,44.01024],[21.06783,44.01233],[21.06937,44.01328],[21.07075,44.01091],[21.07251,44.01138],[21.06898,44.01512],[21.07317,44.01699],[21.08409,44.01433],[21.08941,44.01116],[21.09749,44.01153],[21.09828,44.01883],[21.10516,44.02473],[21.10573,44.03151],[21.10926,44.0342],[21.11161,44.04083],[21.11492,44.04247],[21.11373,44.04436],[21.11476,44.04666],[21.11148,44.04761],[21.11057,44.05064],[21.108,44.05111],[21.10631,44.05534],[21.11047,44.06141],[21.09901,44.06305],[21.09535,44.06981],[21.09353,44.07029],[21.08977,44.06863],[21.08792,44.07063],[21.07886,44.06971],[21.0771,44.07215],[21.07464,44.07132],[21.07413,44.06816],[21.06977,44.06913],[21.05877,44.06513],[21.05192,44.06637],[21.0515,44.0674],[21.05394,44.06845],[21.04764,44.07171],[21.04602,44.07179],[21.04608,44.07044],[21.03889,44.07048],[21.03581,44.07259],[21.03246,44.07164],[21.0303,44.07354],[21.02871,44.08084],[21.02327,44.08611],[21.0215,44.08391],[21.01873,44.08468],[21.01997,44.08571],[21.01897,44.0878],[21.01708,44.08622],[21.01497,44.08789],[21.00751,44.08653],[21.00066,44.08811],[20.99857,44.08531],[20.99276,44.08586],[20.99299,44.08286],[20.98961,44.08092],[20.97519,44.08176],[20.9765,44.08404],[20.96761,44.08619],[20.96696,44.08979],[20.98684,44.09517],[20.98929,44.095],[20.99272,44.09151],[20.99176,44.09499],[20.99779,44.09712],[20.99316,44.0972],[20.99172,44.1008],[20.99064,44.09731],[20.989,44.09714],[20.98929,44.09871],[20.98546,44.10024],[20.98365,44.10338],[20.98595,44.10658],[20.98084,44.10613],[20.9812,44.1105],[20.97831,44.11199],[20.97625,44.11562],[20.97808,44.11634],[20.97687,44.11764],[20.9675,44.12294],[20.95816,44.12464],[20.95849,44.13176],[20.95242,44.13522],[20.94979,44.13305],[20.94544,44.13497],[20.93588,44.1329],[20.92739,44.13773],[20.92309,44.13777],[20.92445,44.13669],[20.92336,44.13561],[20.91881,44.13734],[20.91625,44.13558],[20.9186,44.13365],[20.91159,44.1274],[20.91141,44.12474],[20.90616,44.12464],[20.9019,44.11895],[20.89625,44.11545],[20.89423,44.11652],[20.89163,44.113],[20.88779,44.11364],[20.8805,44.12154],[20.88439,44.12311],[20.88474,44.12483],[20.87533,44.12673],[20.87217,44.13006],[20.86805,44.12911],[20.86412,44.13867],[20.86507,44.14186],[20.86781,44.14162],[20.86873,44.14784],[20.87245,44.15185],[20.87715,44.15333],[20.87938,44.1566],[20.87742,44.16031],[20.87495,44.15989],[20.87453,44.16122],[20.87897,44.163],[20.8801,44.16523],[20.87525,44.16758],[20.87311,44.17357],[20.8748,44.17514],[20.87925,44.17293],[20.87926,44.17099],[20.88302,44.17212],[20.87993,44.17715],[20.88552,44.17966],[20.88413,44.18273],[20.88086,44.18408],[20.87384,44.17778],[20.86907,44.17777],[20.86951,44.17388],[20.86211,44.17178],[20.86111,44.17389],[20.8503,44.17503],[20.85018,44.17748],[20.84284,44.17515],[20.83689,44.17691],[20.83555,44.1749],[20.83834,44.1691],[20.83588,44.16788],[20.83782,44.16399],[20.83062,44.16612],[20.81674,44.16327],[20.81372,44.16107],[20.81381,44.16373],[20.81065,44.16345],[20.81061,44.16158],[20.80898,44.16507],[20.80532,44.16448],[20.80503,44.16622],[20.80116,44.16617],[20.79629,44.16882],[20.78777,44.16941],[20.78436,44.16897],[20.78386,44.16515],[20.78186,44.16561],[20.78036,44.164],[20.77972,44.16559],[20.78195,44.16744],[20.77903,44.16718],[20.77904,44.16923],[20.76255,44.16659],[20.75126,44.16825],[20.74888,44.16635],[20.74368,44.16821],[20.73587,44.16496],[20.73526,44.16115],[20.72911,44.16907],[20.71814,44.16921],[20.71675,44.17279],[20.71488,44.1721],[20.71342,44.17423],[20.7073,44.17292],[20.70441,44.17977],[20.69817,44.17778],[20.6922,44.1783],[20.69162,44.1794],[20.69305,44.18003],[20.68892,44.18088],[20.69031,44.18353],[20.68662,44.18462],[20.68579,44.1865],[20.66358,44.18418],[20.65348,44.18686]]]}},{"type":"Feature","properties":{"OBJECTID":115,"Value_e":"BATOČINA","Value_sl":"BATOČINA","Value_sc":"БАТОЧИНА","Municipality_DOM_ID":"70076","Region_DOM_ID":"8","SHAPE.STArea()":135604103.60783085,"SHAPE.STLength()":82526.85691452191},"geometry":{"type":"Polygon","coordinates":[[[21.0484,44.19125],[21.0403,44.18941],[21.03823,44.19186],[21.03564,44.19256],[21.03405,44.19123],[21.0318,44.19437],[21.02778,44.19524],[21.02548,44.19442],[21.02393,44.19124],[21.0207,44.19043],[21.02054,44.18766],[21.02275,44.18457],[21.02543,44.18571],[21.0272,44.18375],[21.01608,44.18108],[21.01622,44.1772],[21.01378,44.17406],[21.0152,44.17307],[21.00892,44.1702],[21.01083,44.16972],[21.01276,44.17136],[21.01883,44.16541],[21.01945,44.16411],[21.01553,44.15999],[21.00547,44.16653],[21.00272,44.16597],[20.99749,44.16785],[20.99546,44.1625],[20.98275,44.16078],[20.98265,44.15706],[20.97906,44.15675],[20.98128,44.15506],[20.97428,44.15471],[20.97365,44.15643],[20.97162,44.15623],[20.97122,44.15341],[20.97411,44.15258],[20.97033,44.15219],[20.96543,44.153],[20.9657,44.15469],[20.96156,44.15426],[20.96092,44.15264],[20.95604,44.15405],[20.95357,44.15159],[20.95543,44.15002],[20.95204,44.14988],[20.95422,44.14616],[20.95148,44.14447],[20.94807,44.14573],[20.94786,44.14386],[20.95111,44.14327],[20.95203,44.14041],[20.94964,44.13775],[20.95356,44.13744],[20.95231,44.13522],[20.95849,44.13176],[20.95816,44.12464],[20.9675,44.12294],[20.97687,44.11764],[20.97808,44.11634],[20.97625,44.11562],[20.97831,44.11199],[20.9812,44.1105],[20.98084,44.10613],[20.98595,44.10658],[20.98365,44.10338],[20.98546,44.10024],[20.98929,44.09871],[20.98943,44.09683],[20.99172,44.1008],[20.99316,44.0972],[20.99779,44.09712],[20.99176,44.09499],[20.99272,44.09151],[20.98843,44.09527],[20.97223,44.09211],[20.97203,44.09048],[20.96696,44.08979],[20.96761,44.08619],[20.9765,44.08404],[20.97519,44.08176],[20.98254,44.08228],[20.98866,44.08086],[20.99278,44.08258],[20.99276,44.08586],[20.99857,44.08531],[21.00066,44.08811],[21.00751,44.08653],[21.01497,44.08789],[21.01708,44.08622],[21.01897,44.0878],[21.01997,44.08571],[21.01873,44.08468],[21.0215,44.08391],[21.02327,44.08611],[21.02871,44.08084],[21.0303,44.07354],[21.03246,44.07164],[21.03581,44.07259],[21.03889,44.07048],[21.04608,44.07044],[21.04602,44.07179],[21.04764,44.07171],[21.05394,44.06845],[21.0515,44.0674],[21.05192,44.06637],[21.0622,44.06558],[21.06977,44.06913],[21.07413,44.06816],[21.07498,44.07171],[21.0771,44.07215],[21.07886,44.06971],[21.08468,44.07068],[21.08127,44.079],[21.09552,44.08539],[21.10844,44.08832],[21.11338,44.09274],[21.11701,44.0939],[21.12015,44.0905],[21.128,44.09334],[21.13159,44.09726],[21.13619,44.097],[21.13373,44.09947],[21.13815,44.09986],[21.1377,44.10162],[21.14273,44.1057],[21.14272,44.11163],[21.15447,44.11621],[21.1523,44.11969],[21.15432,44.12258],[21.18221,44.12339],[21.1795,44.13146],[21.18031,44.13784],[21.17583,44.1429],[21.16331,44.14388],[21.14485,44.14097],[21.14207,44.14195],[21.13987,44.14597],[21.1387,44.14465],[21.13484,44.14674],[21.13085,44.14477],[21.12792,44.14555],[21.12841,44.14265],[21.12684,44.1455],[21.12295,44.14677],[21.12013,44.14587],[21.11981,44.14714],[21.11308,44.14836],[21.1118,44.14705],[21.10892,44.15065],[21.1077,44.14857],[21.10551,44.14884],[21.10194,44.1525],[21.09362,44.15384],[21.0946,44.15598],[21.08957,44.15788],[21.09003,44.1589],[21.06204,44.16942],[21.05615,44.17566],[21.05431,44.18373],[21.0484,44.19125]]]}},{"type":"Feature","properties":{"OBJECTID":118,"Value_e":"LAPOVO","Value_sl":"LAPOVO","Value_sc":"ЛАПОВО","Municipality_DOM_ID":"71277","Region_DOM_ID":"8","SHAPE.STArea()":55075713.79449174,"SHAPE.STLength()":43231.101977988044},"geometry":{"type":"Polygon","coordinates":[[[21.10708,44.22509],[21.10166,44.22571],[21.09036,44.22111],[21.07676,44.22441],[21.05177,44.22249],[21.04786,44.22083],[21.04578,44.21738],[21.04126,44.217],[21.04021,44.21538],[21.03843,44.21612],[21.03752,44.21404],[21.03331,44.21428],[21.0321,44.2129],[21.02857,44.21399],[21.02595,44.21151],[21.01693,44.21034],[21.0121,44.20679],[21.01424,44.20305],[21.01948,44.20103],[21.04449,44.19699],[21.04642,44.19145],[21.0484,44.19125],[21.05431,44.18373],[21.05615,44.17566],[21.05923,44.17183],[21.0745,44.16384],[21.09003,44.1589],[21.08957,44.15788],[21.0946,44.15598],[21.09362,44.15384],[21.10194,44.1525],[21.10551,44.14884],[21.1077,44.14857],[21.10892,44.15065],[21.1118,44.14705],[21.11308,44.14836],[21.11981,44.14714],[21.12013,44.14587],[21.12295,44.14677],[21.12684,44.1455],[21.12841,44.14265],[21.12792,44.14555],[21.13085,44.14477],[21.13484,44.14674],[21.1387,44.14465],[21.13987,44.14597],[21.13812,44.15592],[21.14343,44.16141],[21.14402,44.16475],[21.14239,44.16696],[21.13782,44.16799],[21.12899,44.16392],[21.12533,44.16665],[21.14659,44.17969],[21.14632,44.18416],[21.14314,44.18787],[21.14437,44.19859],[21.14115,44.20119],[21.1361,44.20143],[21.12999,44.19638],[21.12685,44.19667],[21.12482,44.19866],[21.12537,44.20161],[21.13455,44.20706],[21.13646,44.20975],[21.13435,44.21433],[21.13007,44.21616],[21.11751,44.21493],[21.11808,44.21658],[21.11582,44.21899],[21.10708,44.22509]]]}},{"type":"Feature","properties":{"OBJECTID":120,"Value_e":"RAČA","Value_sl":"RAČA","Value_sc":"РАЧА","Municipality_DOM_ID":"71013","Region_DOM_ID":"8","SHAPE.STArea()":216040795.88611937,"SHAPE.STLength()":114308.71191971531},"geometry":{"type":"Polygon","coordinates":[[[20.87395,44.27803],[20.86996,44.27942],[20.86885,44.27467],[20.86646,44.27516],[20.86514,44.2766],[20.86714,44.27804],[20.86663,44.28009],[20.86006,44.28223],[20.85811,44.28499],[20.85669,44.28514],[20.85482,44.28204],[20.85269,44.28222],[20.85198,44.28395],[20.84489,44.28195],[20.83462,44.28401],[20.83182,44.28038],[20.82324,44.27472],[20.82133,44.27254],[20.82199,44.27088],[20.81539,44.2641],[20.82064,44.25608],[20.81605,44.25315],[20.81904,44.25169],[20.819,44.24978],[20.81184,44.24672],[20.81264,44.24137],[20.81129,44.24054],[20.81268,44.23939],[20.80946,44.2377],[20.80849,44.23316],[20.80456,44.23072],[20.80764,44.22857],[20.80778,44.22379],[20.81102,44.22312],[20.80954,44.21961],[20.81123,44.21992],[20.81198,44.21622],[20.81517,44.21483],[20.81469,44.21276],[20.81959,44.2131],[20.82146,44.2093],[20.82595,44.21089],[20.82813,44.20799],[20.833,44.20796],[20.83221,44.2011],[20.83342,44.1992],[20.83218,44.19848],[20.83411,44.19566],[20.83685,44.19646],[20.83568,44.19965],[20.83761,44.20442],[20.84423,44.20228],[20.84197,44.19869],[20.84771,44.19761],[20.84844,44.19274],[20.8405,44.19009],[20.84351,44.18896],[20.84928,44.19105],[20.84528,44.18773],[20.8469,44.18656],[20.84229,44.18709],[20.83826,44.18484],[20.84623,44.18103],[20.84606,44.17732],[20.84216,44.17812],[20.84077,44.17596],[20.84284,44.17515],[20.85018,44.17748],[20.8503,44.17503],[20.86111,44.17389],[20.86211,44.17178],[20.86951,44.17388],[20.86907,44.17777],[20.87384,44.17778],[20.87926,44.18166],[20.87948,44.18367],[20.88413,44.18273],[20.88552,44.17966],[20.87993,44.17715],[20.88302,44.17212],[20.88228,44.17126],[20.87926,44.17099],[20.87925,44.17293],[20.8748,44.17514],[20.87311,44.17357],[20.87525,44.16758],[20.8801,44.16523],[20.87897,44.163],[20.87453,44.16122],[20.87495,44.15989],[20.87742,44.16031],[20.87938,44.1566],[20.87715,44.15333],[20.87245,44.15185],[20.86873,44.14784],[20.86781,44.14162],[20.86507,44.14186],[20.86412,44.13867],[20.86805,44.12911],[20.87217,44.13006],[20.87533,44.12673],[20.88474,44.12483],[20.88439,44.12311],[20.8805,44.12154],[20.88779,44.11364],[20.89163,44.113],[20.89423,44.11652],[20.89625,44.11545],[20.9019,44.11895],[20.90616,44.12464],[20.91141,44.12474],[20.91159,44.1274],[20.9186,44.13365],[20.91625,44.13558],[20.91881,44.13734],[20.92336,44.13561],[20.92445,44.13669],[20.92309,44.13777],[20.92739,44.13773],[20.93588,44.1329],[20.94211,44.13493],[20.95057,44.1334],[20.95356,44.13744],[20.94964,44.13775],[20.95203,44.14041],[20.95111,44.14327],[20.94786,44.14386],[20.94785,44.14527],[20.95148,44.14447],[20.95422,44.14616],[20.95204,44.14988],[20.95543,44.15002],[20.95357,44.15159],[20.95604,44.15405],[20.96092,44.15264],[20.96156,44.15426],[20.9657,44.15469],[20.96643,44.15261],[20.97411,44.15258],[20.97122,44.15341],[20.97162,44.15623],[20.97365,44.15643],[20.97428,44.15471],[20.98128,44.15506],[20.97906,44.15675],[20.98265,44.15706],[20.98275,44.16078],[20.99546,44.1625],[20.99749,44.16785],[21.00272,44.16597],[21.00547,44.16653],[21.01553,44.15999],[21.01945,44.16411],[21.01883,44.16541],[21.01276,44.17136],[21.01083,44.16972],[21.00892,44.1702],[21.0152,44.17307],[21.01378,44.17406],[21.01622,44.1772],[21.01608,44.18108],[21.0272,44.18375],[21.02543,44.18571],[21.02275,44.18457],[21.02054,44.18766],[21.0207,44.19043],[21.02393,44.19124],[21.02548,44.19442],[21.02778,44.19524],[21.0318,44.19437],[21.03405,44.19123],[21.03564,44.19256],[21.03823,44.19186],[21.0403,44.18941],[21.0463,44.19122],[21.04449,44.19699],[21.01948,44.20103],[21.01424,44.20305],[21.0121,44.20679],[21.01714,44.21043],[21.02595,44.21151],[21.02857,44.21399],[21.0321,44.2129],[21.03331,44.21428],[21.03752,44.21404],[21.03843,44.21612],[21.04021,44.21538],[21.04126,44.217],[21.04578,44.21738],[21.04533,44.21851],[21.04959,44.22186],[21.0564,44.22246],[21.05042,44.23029],[21.04611,44.23259],[21.00466,44.24528],[20.99374,44.25278],[20.98845,44.25297],[20.99321,44.25519],[20.98659,44.25793],[20.9886,44.26706],[20.98524,44.27343],[20.98953,44.27785],[20.97999,44.2786],[20.97411,44.27365],[20.96873,44.27339],[20.95944,44.27806],[20.95898,44.27455],[20.95237,44.2752],[20.95086,44.27269],[20.93621,44.27181],[20.93439,44.27412],[20.92691,44.26964],[20.92917,44.26853],[20.9284,44.26717],[20.92142,44.26907],[20.91915,44.26829],[20.91677,44.27018],[20.91579,44.26902],[20.91295,44.27153],[20.90876,44.26937],[20.90708,44.27318],[20.90175,44.27625],[20.89844,44.27158],[20.88344,44.2686],[20.88243,44.27087],[20.8803,44.2709],[20.88137,44.27553],[20.87759,44.27761],[20.87594,44.28061],[20.87395,44.27803]]]}},{"type":"Feature","properties":{"OBJECTID":127,"Value_e":"TOPOLA","Value_sl":"TOPOLA","Value_sc":"ТОПОЛА","Municipality_DOM_ID":"71153","Region_DOM_ID":"8","SHAPE.STArea()":356502831.2774166,"SHAPE.STLength()":150811.13462303916},"geometry":{"type":"Polygon","coordinates":[[[20.73523,44.3464],[20.71702,44.34874],[20.72303,44.35838],[20.71706,44.36043],[20.71149,44.35802],[20.70924,44.35936],[20.7066,44.35565],[20.70251,44.35669],[20.69978,44.36054],[20.69708,44.35794],[20.68986,44.35699],[20.68888,44.35803],[20.66787,44.34995],[20.66342,44.35045],[20.66381,44.34946],[20.6582,44.34811],[20.65802,44.34268],[20.65211,44.34162],[20.65335,44.3399],[20.65915,44.34035],[20.66294,44.33834],[20.66224,44.33643],[20.66383,44.33647],[20.6622,44.3331],[20.66453,44.33208],[20.66302,44.33077],[20.66827,44.32808],[20.66464,44.32532],[20.66001,44.32896],[20.65289,44.32262],[20.652,44.32007],[20.65322,44.31916],[20.65026,44.31755],[20.65347,44.31236],[20.65118,44.31141],[20.64989,44.3033],[20.65808,44.29018],[20.6623,44.28768],[20.6643,44.2836],[20.66077,44.27812],[20.66242,44.27656],[20.65899,44.27427],[20.66011,44.27235],[20.65664,44.27118],[20.65713,44.26978],[20.6591,44.27033],[20.65913,44.2679],[20.65452,44.26876],[20.64664,44.2645],[20.6334,44.26547],[20.62528,44.26789],[20.61403,44.26717],[20.60668,44.26475],[20.5994,44.26673],[20.59472,44.26413],[20.59453,44.26254],[20.59862,44.26053],[20.60349,44.26233],[20.6025,44.25982],[20.6046,44.25698],[20.61088,44.25583],[20.60989,44.25242],[20.61189,44.2543],[20.61501,44.25324],[20.62149,44.24381],[20.63372,44.23783],[20.62427,44.2292],[20.62519,44.22629],[20.6193,44.22425],[20.61903,44.21983],[20.60545,44.22221],[20.6011,44.22755],[20.58956,44.23291],[20.58812,44.23489],[20.58332,44.22766],[20.58026,44.22618],[20.57931,44.22773],[20.5745,44.22743],[20.5754,44.22573],[20.57043,44.22571],[20.57157,44.22256],[20.56743,44.22186],[20.56795,44.21836],[20.5617,44.2201],[20.5618,44.21483],[20.56008,44.21255],[20.55873,44.21322],[20.55619,44.2089],[20.55321,44.20855],[20.54621,44.20059],[20.53416,44.20153],[20.53062,44.19975],[20.52754,44.20216],[20.52412,44.19997],[20.52024,44.20185],[20.51317,44.20223],[20.50712,44.2053],[20.49554,44.20189],[20.49484,44.20383],[20.49702,44.20476],[20.49694,44.20738],[20.49087,44.20699],[20.48889,44.20232],[20.48175,44.2024],[20.48359,44.20046],[20.47568,44.19029],[20.47709,44.18848],[20.475,44.18089],[20.47607,44.17777],[20.4804,44.17229],[20.48872,44.1736],[20.49292,44.17589],[20.49975,44.17267],[20.50339,44.16891],[20.51398,44.1685],[20.51425,44.16646],[20.51695,44.16549],[20.52242,44.1591],[20.52798,44.15867],[20.53165,44.15661],[20.53286,44.14891],[20.53716,44.1438],[20.53993,44.14335],[20.54146,44.13932],[20.54629,44.13867],[20.54882,44.13598],[20.55004,44.13079],[20.54899,44.12856],[20.55044,44.12836],[20.56344,44.14123],[20.56442,44.14786],[20.56884,44.14661],[20.57111,44.14836],[20.57684,44.14626],[20.59144,44.15446],[20.59826,44.15573],[20.60656,44.15503],[20.61267,44.15767],[20.62,44.15701],[20.63063,44.16543],[20.63465,44.17079],[20.64276,44.16875],[20.64091,44.17117],[20.64239,44.17397],[20.63961,44.17536],[20.64216,44.1777],[20.64295,44.17951],[20.6418,44.18034],[20.64673,44.18195],[20.6486,44.18498],[20.64697,44.18623],[20.65114,44.18753],[20.66358,44.18418],[20.68579,44.1865],[20.68662,44.18462],[20.69031,44.18353],[20.68892,44.18088],[20.69305,44.18003],[20.69162,44.1794],[20.6922,44.1783],[20.69817,44.17778],[20.70441,44.17977],[20.7073,44.17292],[20.71342,44.17423],[20.71488,44.1721],[20.71675,44.17279],[20.71814,44.16921],[20.72911,44.16907],[20.73526,44.16115],[20.73587,44.16496],[20.74368,44.16821],[20.74888,44.16635],[20.75126,44.16825],[20.76255,44.16659],[20.77904,44.16923],[20.77903,44.16718],[20.78195,44.16744],[20.77972,44.16559],[20.78036,44.164],[20.78186,44.16561],[20.78386,44.16515],[20.78436,44.16897],[20.78777,44.16941],[20.79629,44.16882],[20.80116,44.16617],[20.80503,44.16622],[20.80532,44.16448],[20.80898,44.16507],[20.81061,44.16158],[20.81065,44.16345],[20.81381,44.16373],[20.81372,44.16107],[20.81674,44.16327],[20.83062,44.16612],[20.83782,44.16399],[20.83591,44.16838],[20.83834,44.1691],[20.83555,44.1749],[20.83689,44.17691],[20.84077,44.17596],[20.84216,44.17812],[20.84606,44.17732],[20.84626,44.17877],[20.8462,44.18108],[20.83826,44.18484],[20.84229,44.18709],[20.8469,44.18656],[20.84528,44.18773],[20.84928,44.19105],[20.84351,44.18896],[20.8405,44.19009],[20.84844,44.19274],[20.84771,44.19761],[20.84197,44.19869],[20.84423,44.20228],[20.83761,44.20442],[20.83568,44.19965],[20.83685,44.19646],[20.83411,44.19566],[20.83218,44.19848],[20.83342,44.1992],[20.83221,44.2011],[20.833,44.20796],[20.82813,44.20799],[20.82595,44.21089],[20.82146,44.2093],[20.81959,44.2131],[20.81469,44.21276],[20.81517,44.21483],[20.81198,44.21622],[20.81123,44.21992],[20.80954,44.21961],[20.81102,44.22312],[20.80778,44.22379],[20.80764,44.22857],[20.80456,44.23072],[20.80849,44.23316],[20.80946,44.2377],[20.81268,44.23939],[20.81129,44.24054],[20.81264,44.24137],[20.81184,44.24672],[20.819,44.24978],[20.81904,44.25169],[20.81605,44.25315],[20.82064,44.25608],[20.81539,44.2641],[20.82199,44.27088],[20.82133,44.27254],[20.82324,44.27472],[20.8359,44.28431],[20.83595,44.28845],[20.83229,44.28957],[20.83356,44.2913],[20.82742,44.29557],[20.82838,44.29839],[20.82649,44.3007],[20.8285,44.30318],[20.83146,44.30243],[20.83486,44.31586],[20.81906,44.31711],[20.80474,44.32124],[20.78646,44.31984],[20.78546,44.32233],[20.78678,44.32513],[20.78325,44.32666],[20.77979,44.32534],[20.78028,44.32648],[20.77737,44.32706],[20.77693,44.32857],[20.77645,44.32712],[20.7738,44.32693],[20.76955,44.32816],[20.77003,44.32937],[20.76232,44.33511],[20.75914,44.33468],[20.75264,44.34402],[20.74401,44.34792],[20.74401,44.34914],[20.73908,44.34869],[20.73523,44.3464]]]}},{"type":"Feature","properties":{"OBJECTID":129,"Value_e":"ARANĐELOVAC","Value_sl":"ARANĐELOVAC","Value_sc":"АРАНЂЕЛОВАЦ","Municipality_DOM_ID":"70033","Region_DOM_ID":"8","SHAPE.STArea()":375745242.0630378,"SHAPE.STLength()":137848.02620443967},"geometry":{"type":"Polygon","coordinates":[[[20.46508,44.44348],[20.46132,44.44205],[20.45139,44.4428],[20.44393,44.43773],[20.4365,44.42627],[20.43302,44.42437],[20.42552,44.42698],[20.42457,44.42402],[20.42029,44.42405],[20.41567,44.4212],[20.41337,44.41672],[20.41649,44.41239],[20.42138,44.41116],[20.4197,44.40539],[20.42123,44.40398],[20.42081,44.40094],[20.4313,44.39436],[20.44493,44.39202],[20.44292,44.38818],[20.44622,44.38756],[20.45598,44.3807],[20.44772,44.37958],[20.43792,44.37556],[20.43311,44.37127],[20.42885,44.36448],[20.42565,44.3634],[20.42442,44.35905],[20.42111,44.35791],[20.41909,44.35375],[20.4204,44.35236],[20.41852,44.3523],[20.41833,44.34999],[20.41482,44.35045],[20.41422,44.34702],[20.41635,44.34609],[20.41239,44.34149],[20.41288,44.33716],[20.40896,44.33344],[20.40737,44.32459],[20.40033,44.31312],[20.40916,44.31287],[20.41143,44.31651],[20.41532,44.31737],[20.41816,44.32072],[20.42207,44.32198],[20.42789,44.32182],[20.43027,44.31976],[20.42859,44.30524],[20.43147,44.30354],[20.43346,44.29937],[20.43091,44.29459],[20.42745,44.29203],[20.42632,44.27984],[20.4288,44.27403],[20.43259,44.27028],[20.43486,44.27112],[20.43707,44.26899],[20.4354,44.26829],[20.43853,44.26731],[20.43949,44.26324],[20.44144,44.26329],[20.44127,44.26187],[20.43893,44.26152],[20.4415,44.2549],[20.44534,44.25301],[20.45011,44.25582],[20.45226,44.25346],[20.45072,44.25252],[20.45585,44.24968],[20.45328,44.24849],[20.44685,44.24926],[20.44623,44.24608],[20.44801,44.24639],[20.4478,44.24477],[20.44845,44.24724],[20.45193,44.24507],[20.4519,44.24335],[20.44863,44.24448],[20.45114,44.24318],[20.44839,44.24132],[20.44971,44.241],[20.44853,44.23967],[20.45284,44.23675],[20.45008,44.23528],[20.44609,44.23741],[20.44421,44.23638],[20.44632,44.23449],[20.45123,44.23394],[20.44937,44.2331],[20.45102,44.23174],[20.44745,44.23166],[20.44697,44.22882],[20.45007,44.22784],[20.45262,44.23012],[20.45563,44.22624],[20.45077,44.22563],[20.45529,44.21824],[20.45088,44.21592],[20.45394,44.21058],[20.45226,44.2063],[20.45851,44.20247],[20.45678,44.19923],[20.46946,44.19773],[20.47109,44.20123],[20.47338,44.20185],[20.47797,44.19963],[20.47943,44.19616],[20.48374,44.20078],[20.48186,44.20259],[20.48889,44.20232],[20.49087,44.20699],[20.4968,44.2074],[20.49702,44.20476],[20.49484,44.20383],[20.49554,44.20189],[20.50712,44.2053],[20.51317,44.20223],[20.52024,44.20185],[20.52412,44.19997],[20.52754,44.20216],[20.53062,44.19975],[20.53416,44.20153],[20.54621,44.20059],[20.55321,44.20855],[20.55619,44.2089],[20.55873,44.21322],[20.56008,44.21255],[20.5618,44.21483],[20.5617,44.2201],[20.56795,44.21836],[20.56743,44.22186],[20.57157,44.22256],[20.57043,44.22571],[20.5754,44.22573],[20.5745,44.22743],[20.57931,44.22773],[20.58026,44.22618],[20.58332,44.22766],[20.58812,44.23489],[20.58956,44.23291],[20.6011,44.22755],[20.60545,44.22221],[20.61903,44.21983],[20.6193,44.22425],[20.62519,44.22629],[20.62427,44.2292],[20.63372,44.23783],[20.62149,44.24381],[20.61501,44.25324],[20.61189,44.2543],[20.60989,44.25242],[20.61088,44.25583],[20.6046,44.25698],[20.6025,44.25982],[20.60349,44.26233],[20.59862,44.26053],[20.59453,44.26254],[20.59472,44.26413],[20.5994,44.26673],[20.60668,44.26475],[20.61403,44.26717],[20.62528,44.26789],[20.6334,44.26547],[20.64664,44.2645],[20.65452,44.26876],[20.65913,44.2679],[20.6591,44.27033],[20.65713,44.26978],[20.65664,44.27118],[20.66011,44.27235],[20.65899,44.27427],[20.66242,44.27656],[20.66077,44.27812],[20.6643,44.2836],[20.6623,44.28768],[20.65808,44.29018],[20.64989,44.3033],[20.65118,44.31141],[20.65347,44.31236],[20.65026,44.31755],[20.65322,44.31916],[20.652,44.32007],[20.65289,44.32262],[20.66001,44.32896],[20.66464,44.32532],[20.66827,44.32808],[20.66302,44.33077],[20.66453,44.33208],[20.6622,44.3331],[20.66383,44.33647],[20.66224,44.33643],[20.66294,44.33834],[20.65224,44.3411],[20.65802,44.34268],[20.6582,44.34811],[20.66381,44.34946],[20.6633,44.3518],[20.65987,44.35023],[20.6582,44.35267],[20.65532,44.35266],[20.65996,44.35859],[20.65683,44.36243],[20.65023,44.36255],[20.64873,44.36536],[20.64533,44.36398],[20.64621,44.36134],[20.64821,44.36163],[20.64496,44.35943],[20.64429,44.36528],[20.64255,44.36491],[20.64174,44.36885],[20.64017,44.36856],[20.63932,44.37351],[20.63501,44.37408],[20.63565,44.37753],[20.63785,44.37714],[20.63836,44.37971],[20.63475,44.38066],[20.63599,44.38683],[20.63215,44.38695],[20.63275,44.39011],[20.63543,44.3916],[20.63333,44.39748],[20.61832,44.4013],[20.6165,44.39527],[20.6003,44.3925],[20.58926,44.3884],[20.57132,44.38678],[20.55615,44.37781],[20.55375,44.37828],[20.55003,44.38031],[20.54898,44.38712],[20.5463,44.39037],[20.5475,44.39376],[20.55418,44.39993],[20.55317,44.40235],[20.55423,44.40331],[20.55226,44.40515],[20.55298,44.4073],[20.54722,44.41027],[20.54876,44.41667],[20.52855,44.42175],[20.5232,44.42106],[20.51586,44.42425],[20.51159,44.42091],[20.50824,44.42202],[20.50616,44.41882],[20.5005,44.42149],[20.49582,44.42021],[20.49172,44.4265],[20.48696,44.42587],[20.48205,44.43397],[20.47487,44.43479],[20.4736,44.43721],[20.46853,44.43908],[20.46508,44.44348]]]}},{"type":"Feature","properties":{"OBJECTID":67,"Value_e":"ŽITORAĐA","Value_sl":"ŽITORAĐA","Value_sc":"ЖИТОРАЂА","Municipality_DOM_ID":"70548","Region_DOM_ID":"9","SHAPE.STArea()":214107912.91610995,"SHAPE.STLength()":88165.34796726094},"geometry":{"type":"Polygon","coordinates":[[[21.74958,43.26154],[21.73759,43.25776],[21.72802,43.2683],[21.70466,43.26478],[21.70651,43.26085],[21.70892,43.24136],[21.71116,43.23709],[21.70946,43.23469],[21.70788,43.2246],[21.70433,43.21905],[21.70179,43.21879],[21.69958,43.22083],[21.69451,43.22003],[21.6902,43.22709],[21.68273,43.22812],[21.68361,43.22919],[21.68029,43.23048],[21.68036,43.23186],[21.6709,43.23554],[21.66318,43.2422],[21.65981,43.24123],[21.65989,43.24367],[21.65861,43.24206],[21.65272,43.24319],[21.65322,43.24161],[21.64945,43.24136],[21.64991,43.23967],[21.64295,43.23726],[21.64192,43.23373],[21.64301,43.23165],[21.63933,43.22926],[21.64168,43.22581],[21.64477,43.22688],[21.64612,43.22367],[21.64834,43.224],[21.64799,43.22198],[21.64993,43.22016],[21.65416,43.21891],[21.65473,43.21255],[21.65168,43.21019],[21.64964,43.21425],[21.64484,43.21287],[21.64169,43.21555],[21.63801,43.21489],[21.63686,43.21706],[21.63321,43.20483],[21.6342,43.19764],[21.6285,43.19193],[21.62883,43.18982],[21.62297,43.18752],[21.62051,43.18073],[21.62658,43.18045],[21.63102,43.17617],[21.63502,43.17905],[21.64237,43.17624],[21.64328,43.17444],[21.65137,43.17466],[21.64889,43.17008],[21.64396,43.16762],[21.64354,43.1636],[21.64063,43.16021],[21.64266,43.15794],[21.64452,43.15934],[21.64767,43.15729],[21.65208,43.15413],[21.65321,43.15126],[21.6502,43.15031],[21.64283,43.14364],[21.63701,43.14402],[21.63785,43.1424],[21.63561,43.14263],[21.63402,43.14158],[21.63527,43.14009],[21.63387,43.14049],[21.63595,43.13705],[21.63498,43.13303],[21.63892,43.12872],[21.6368,43.12498],[21.63691,43.12046],[21.63255,43.11289],[21.63996,43.10646],[21.64102,43.10702],[21.64548,43.1008],[21.64309,43.09146],[21.64539,43.08569],[21.64811,43.08717],[21.66422,43.08005],[21.67513,43.07754],[21.68276,43.07006],[21.6871,43.0744],[21.69239,43.07643],[21.69161,43.08201],[21.69959,43.08681],[21.70805,43.08732],[21.71261,43.09017],[21.7297,43.09417],[21.729,43.09705],[21.73249,43.10158],[21.74256,43.10302],[21.75057,43.1021],[21.76005,43.10522],[21.77028,43.10617],[21.79154,43.11951],[21.79856,43.12207],[21.80023,43.12516],[21.80483,43.12545],[21.80508,43.13392],[21.80998,43.13569],[21.81547,43.13568],[21.8173,43.1339],[21.82072,43.13482],[21.81942,43.14019],[21.81451,43.14649],[21.79452,43.1554],[21.80002,43.16153],[21.80619,43.16534],[21.80866,43.17094],[21.80375,43.17709],[21.7954,43.18304],[21.79344,43.18952],[21.78813,43.1926],[21.78787,43.19496],[21.78158,43.19449],[21.77799,43.21524],[21.77471,43.22154],[21.78265,43.22167],[21.7854,43.22555],[21.78266,43.2369],[21.77503,43.24722],[21.77541,43.2558],[21.76981,43.25823],[21.75139,43.26004],[21.74958,43.26154]]]}},{"type":"Feature","properties":{"OBJECTID":68,"Value_e":"KURŠUMLIJA","Value_sl":"KURŠUMLIJA","Value_sc":"КУРШУМЛИЈА","Municipality_DOM_ID":"70688","Region_DOM_ID":"9","SHAPE.STArea()":951461127.8487428,"SHAPE.STLength()":226255.78845422764},"geometry":{"type":"Polygon","coordinates":[[[21.0507,43.27405],[21.03389,43.26892],[21.02563,43.26179],[21.01882,43.26349],[21.00511,43.27149],[20.99938,43.27286],[20.98782,43.27037],[20.98911,43.26117],[20.98533,43.25274],[20.98967,43.25136],[20.98767,43.24777],[20.97908,43.24818],[20.97853,43.24662],[20.96786,43.24155],[20.96553,43.23817],[20.96977,43.2325],[20.9661,43.22512],[20.96845,43.21725],[20.96734,43.21659],[20.97293,43.2156],[20.9744,43.2116],[20.97063,43.20861],[20.96946,43.2056],[20.97043,43.20189],[20.973,43.19732],[20.97427,43.19754],[20.97355,43.19622],[20.97899,43.19483],[20.97196,43.1906],[20.97188,43.18699],[20.97008,43.18545],[20.96517,43.18467],[20.96012,43.18029],[20.94856,43.18077],[20.94351,43.1732],[20.93873,43.17037],[20.93217,43.15757],[20.9251,43.15336],[20.92352,43.1461],[20.929,43.14409],[20.9336,43.13421],[20.94277,43.13348],[20.95175,43.12726],[20.96691,43.12419],[20.96924,43.12618],[20.96796,43.13061],[20.97691,43.1357],[20.9864,43.13546],[20.99522,43.13835],[21.00292,43.13527],[21.01409,43.13438],[21.01549,43.1314],[21.0254,43.12946],[21.02792,43.12484],[21.03044,43.12403],[21.03313,43.12042],[21.03813,43.1187],[21.04327,43.11244],[21.04631,43.11242],[21.05031,43.10753],[21.06232,43.11019],[21.0644,43.11358],[21.07586,43.11506],[21.07925,43.11818],[21.07893,43.12903],[21.08861,43.1358],[21.09921,43.12588],[21.10266,43.11735],[21.10713,43.11766],[21.11339,43.11118],[21.12235,43.11167],[21.12407,43.11315],[21.12995,43.11158],[21.13727,43.11349],[21.14134,43.10937],[21.14132,43.10524],[21.14992,43.09099],[21.13954,43.08217],[21.14389,43.07596],[21.1427,43.07361],[21.14717,43.07161],[21.14663,43.06894],[21.14993,43.06716],[21.15298,43.06008],[21.15214,43.04934],[21.15401,43.04491],[21.15222,43.0402],[21.15576,43.03318],[21.15571,43.0295],[21.16542,43.02852],[21.16775,43.0263],[21.16621,43.02471],[21.16722,43.01984],[21.16341,43.0147],[21.16935,43.00745],[21.16897,43.00449],[21.17224,43.00303],[21.1712,43.00042],[21.17534,42.9995],[21.19306,43.00795],[21.19206,43.01522],[21.19725,43.02333],[21.19981,43.02265],[21.20542,43.02465],[21.21299,43.02138],[21.22513,43.02036],[21.22562,43.0168],[21.22909,43.01472],[21.2322,43.00942],[21.23507,43.00997],[21.23778,43.00551],[21.23879,42.99655],[21.23752,42.99502],[21.23869,42.99143],[21.23769,42.98974],[21.24383,42.98106],[21.23976,42.9747],[21.24081,42.97131],[21.2383,42.96339],[21.23435,42.95924],[21.23567,42.95041],[21.2377,42.94965],[21.23963,42.94374],[21.24485,42.93849],[21.24518,42.93394],[21.25118,42.93115],[21.25348,42.92578],[21.2619,42.91809],[21.26556,42.9126],[21.27032,42.91003],[21.27115,42.8972],[21.2748,42.89487],[21.28259,42.89529],[21.28698,42.9009],[21.29248,42.90322],[21.29978,42.90117],[21.3045,42.90613],[21.31469,42.90207],[21.33089,42.90261],[21.33619,42.89888],[21.33987,42.90043],[21.34488,42.89568],[21.34544,42.89327],[21.34394,42.89105],[21.35132,42.8874],[21.34997,42.88099],[21.35253,42.87877],[21.35812,42.8778],[21.36111,42.87231],[21.36518,42.87092],[21.36978,42.8734],[21.38021,42.87232],[21.3802,42.87048],[21.38549,42.86656],[21.39293,42.86713],[21.39453,42.87157],[21.40246,42.87466],[21.40682,42.8731],[21.4116,42.87346],[21.41348,42.8751],[21.43522,42.87237],[21.44303,42.87716],[21.44198,42.8845],[21.44348,42.88815],[21.44994,42.89018],[21.4551,42.88902],[21.45444,42.89184],[21.45126,42.89474],[21.45692,42.89894],[21.45783,42.90427],[21.45671,42.90736],[21.45118,42.90754],[21.44926,42.91109],[21.45604,42.91121],[21.45996,42.91362],[21.45593,42.91479],[21.45279,42.91368],[21.449,42.91821],[21.45495,42.92384],[21.45748,42.93017],[21.46276,42.93064],[21.46812,42.93439],[21.46921,42.93667],[21.46742,42.93838],[21.46925,42.94159],[21.4717,42.9423],[21.47266,42.94564],[21.4657,42.95202],[21.4665,42.9627],[21.46398,42.96616],[21.4642,42.96872],[21.45651,42.98077],[21.45218,42.98457],[21.44763,42.98534],[21.44763,42.98658],[21.44924,42.98851],[21.45582,42.98788],[21.46311,42.99339],[21.48555,42.99892],[21.48438,43.00516],[21.46487,43.00182],[21.46167,43.00292],[21.45944,43.00492],[21.46052,43.00787],[21.45539,43.01107],[21.45432,43.01426],[21.44581,43.0164],[21.4424,43.0196],[21.43608,43.02043],[21.43414,43.02499],[21.43487,43.02895],[21.43305,43.02981],[21.43146,43.03442],[21.43536,43.03745],[21.42596,43.03891],[21.42362,43.04071],[21.42428,43.04567],[21.42919,43.04542],[21.42412,43.04746],[21.41257,43.04652],[21.40707,43.04286],[21.40594,43.0445],[21.4007,43.04524],[21.40255,43.04976],[21.39927,43.05258],[21.40067,43.05923],[21.39882,43.06288],[21.39188,43.06691],[21.38782,43.06749],[21.39207,43.07272],[21.39189,43.08926],[21.39486,43.09257],[21.3978,43.09303],[21.40628,43.0993],[21.39852,43.10606],[21.3944,43.1069],[21.39206,43.10336],[21.39023,43.10626],[21.39414,43.10873],[21.39905,43.11609],[21.40329,43.11494],[21.40405,43.11943],[21.412,43.12124],[21.41409,43.12424],[21.41217,43.12483],[21.41278,43.12744],[21.41548,43.12746],[21.40416,43.13303],[21.40435,43.13489],[21.4009,43.13659],[21.40191,43.14054],[21.39852,43.14113],[21.40008,43.14451],[21.40497,43.14808],[21.3931,43.15374],[21.39953,43.15771],[21.40118,43.16065],[21.39658,43.1641],[21.39869,43.1649],[21.39755,43.16762],[21.39968,43.16796],[21.39729,43.17155],[21.39925,43.17232],[21.39794,43.17376],[21.40176,43.17608],[21.40384,43.18278],[21.40309,43.18465],[21.39555,43.1862],[21.39218,43.18888],[21.39214,43.19258],[21.38777,43.19425],[21.38735,43.19816],[21.38458,43.20009],[21.38392,43.20325],[21.37647,43.20913],[21.37351,43.20843],[21.36948,43.21013],[21.36443,43.2084],[21.36088,43.20093],[21.36476,43.19355],[21.36457,43.19091],[21.35809,43.18795],[21.3585,43.1847],[21.34761,43.18736],[21.34491,43.18983],[21.34259,43.1887],[21.33857,43.1902],[21.33397,43.18948],[21.33579,43.19007],[21.33393,43.19237],[21.3334,43.19785],[21.3228,43.20016],[21.32214,43.20132],[21.32386,43.20191],[21.3194,43.20527],[21.32105,43.20738],[21.31924,43.2099],[21.32251,43.21173],[21.32406,43.21528],[21.32193,43.21785],[21.32188,43.22075],[21.31907,43.22143],[21.31684,43.22466],[21.31697,43.23005],[21.31834,43.23112],[21.32527,43.2304],[21.31782,43.23568],[21.31083,43.23498],[21.30928,43.237],[21.30297,43.23746],[21.29375,43.23683],[21.28872,43.22951],[21.28398,43.2266],[21.2765,43.21567],[21.25983,43.21594],[21.25646,43.20884],[21.25183,43.21045],[21.24767,43.21471],[21.23918,43.21513],[21.24036,43.21569],[21.23848,43.21881],[21.23595,43.21959],[21.23256,43.21601],[21.23,43.21685],[21.22735,43.21864],[21.22771,43.22013],[21.22563,43.21966],[21.22079,43.2233],[21.21812,43.22108],[21.21564,43.22225],[21.21019,43.21986],[21.2049,43.22061],[21.20655,43.21957],[21.20576,43.21849],[21.20117,43.22083],[21.20079,43.21889],[21.20432,43.21686],[21.19484,43.20711],[21.18818,43.21209],[21.18989,43.21622],[21.18647,43.21612],[21.18633,43.21765],[21.18118,43.21878],[21.18016,43.22205],[21.17351,43.22666],[21.16716,43.23836],[21.16023,43.23996],[21.15856,43.24446],[21.1569,43.24443],[21.15647,43.25274],[21.14814,43.25651],[21.14075,43.26341],[21.13014,43.26253],[21.11902,43.25081],[21.08924,43.2489],[21.07352,43.25669],[21.06868,43.26102],[21.06865,43.2661],[21.06348,43.26637],[21.05493,43.27345],[21.0507,43.27405]]]}},{"type":"Feature","properties":{"OBJECTID":76,"Value_e":"PROKUPLJE","Value_sl":"PROKUPLJE","Value_sc":"ПРОКУПЉЕ","Municipality_DOM_ID":"70998","Region_DOM_ID":"9","SHAPE.STArea()":758982527.3242586,"SHAPE.STLength()":186272.37190267647},"geometry":{"type":"Polygon","coordinates":[[[21.45252,43.38592],[21.4323,43.39779],[21.42417,43.398],[21.41244,43.40126],[21.40973,43.39816],[21.40963,43.39149],[21.40248,43.38566],[21.39949,43.37748],[21.39315,43.36897],[21.38783,43.36695],[21.38368,43.36255],[21.38083,43.35246],[21.37814,43.35],[21.37824,43.34595],[21.38272,43.337],[21.37535,43.33433],[21.3785,43.32554],[21.37703,43.32457],[21.37827,43.32337],[21.37721,43.3219],[21.38232,43.31568],[21.38385,43.31606],[21.38383,43.31328],[21.38901,43.30525],[21.39713,43.29656],[21.39875,43.29261],[21.39622,43.28953],[21.40375,43.27892],[21.38566,43.27044],[21.38813,43.26348],[21.39499,43.2569],[21.39099,43.25456],[21.3921,43.25256],[21.3867,43.24943],[21.37537,43.2473],[21.37638,43.24677],[21.37235,43.24525],[21.37576,43.24494],[21.37283,43.24422],[21.37556,43.24427],[21.37228,43.24153],[21.3737,43.24118],[21.37126,43.23599],[21.36055,43.23903],[21.35543,43.23344],[21.35399,43.23409],[21.35419,43.23201],[21.35142,43.2287],[21.34447,43.23297],[21.32784,43.2367],[21.32373,43.23292],[21.32295,43.23412],[21.32192,43.23307],[21.32521,43.2302],[21.31834,43.23112],[21.31627,43.2263],[21.31907,43.22143],[21.32188,43.22075],[21.32193,43.21785],[21.32406,43.21528],[21.32251,43.21173],[21.31924,43.2099],[21.32105,43.20738],[21.3194,43.20527],[21.32386,43.20191],[21.32214,43.20132],[21.3228,43.20016],[21.3334,43.19785],[21.33393,43.19237],[21.33579,43.19007],[21.33397,43.18948],[21.33857,43.1902],[21.34259,43.1887],[21.34491,43.18983],[21.34761,43.18736],[21.3585,43.1847],[21.35809,43.18795],[21.36339,43.18931],[21.36491,43.19263],[21.36088,43.20093],[21.36443,43.2084],[21.36948,43.21013],[21.37351,43.20843],[21.37647,43.20913],[21.38392,43.20325],[21.38458,43.20009],[21.38735,43.19816],[21.38777,43.19425],[21.39214,43.19258],[21.392,43.18924],[21.39364,43.18739],[21.40309,43.18465],[21.40377,43.18207],[21.40176,43.17608],[21.39765,43.1733],[21.39932,43.17265],[21.39725,43.1705],[21.39968,43.16796],[21.39755,43.16762],[21.39869,43.1649],[21.39658,43.1641],[21.40118,43.16065],[21.39953,43.15771],[21.3931,43.15374],[21.40497,43.14808],[21.40008,43.14451],[21.39852,43.14113],[21.40191,43.14054],[21.4009,43.13659],[21.40435,43.13489],[21.40416,43.13303],[21.41548,43.12746],[21.41278,43.12744],[21.41217,43.12483],[21.41409,43.12424],[21.412,43.12124],[21.40405,43.11943],[21.40329,43.11494],[21.39905,43.11609],[21.39414,43.10873],[21.39013,43.10576],[21.39206,43.10336],[21.3944,43.1069],[21.39852,43.10606],[21.40628,43.0993],[21.3978,43.09303],[21.39486,43.09257],[21.39189,43.08926],[21.39207,43.07272],[21.38782,43.06757],[21.39882,43.06288],[21.40067,43.05923],[21.39927,43.05258],[21.40255,43.04976],[21.4007,43.04524],[21.40594,43.0445],[21.40707,43.04286],[21.41257,43.04652],[21.42412,43.04746],[21.42919,43.04542],[21.42428,43.04567],[21.42362,43.04071],[21.42596,43.03891],[21.43536,43.03745],[21.43146,43.03442],[21.43305,43.02981],[21.43487,43.02895],[21.43414,43.02499],[21.43608,43.02043],[21.4424,43.0196],[21.44581,43.0164],[21.45432,43.01426],[21.45539,43.01107],[21.46052,43.00787],[21.45962,43.00465],[21.46318,43.00209],[21.48438,43.00516],[21.48555,42.99892],[21.48753,43.00253],[21.49634,43.00697],[21.50685,43.00763],[21.51846,43.0197],[21.52828,43.02305],[21.52698,43.02658],[21.52983,43.03058],[21.53811,43.0338],[21.56772,43.04025],[21.57546,43.03838],[21.58115,43.03983],[21.58328,43.03865],[21.58809,43.04095],[21.59034,43.04023],[21.59093,43.03752],[21.60212,43.04375],[21.6096,43.04391],[21.61323,43.04622],[21.61869,43.0548],[21.62921,43.06253],[21.62809,43.06598],[21.64837,43.0668],[21.64822,43.06493],[21.65342,43.06158],[21.67825,43.06844],[21.68029,43.07242],[21.67513,43.07754],[21.66422,43.08005],[21.64811,43.08717],[21.64539,43.08569],[21.64309,43.09146],[21.64548,43.1008],[21.64102,43.10702],[21.63996,43.10646],[21.63255,43.11289],[21.63691,43.12046],[21.6368,43.12498],[21.63892,43.12872],[21.63498,43.13303],[21.63595,43.13705],[21.63402,43.14158],[21.63774,43.14227],[21.63701,43.14402],[21.64283,43.14364],[21.6502,43.15031],[21.65321,43.15126],[21.65208,43.15413],[21.64767,43.15729],[21.64452,43.15934],[21.64266,43.15794],[21.64063,43.16021],[21.64354,43.1636],[21.64396,43.16762],[21.64889,43.17008],[21.65137,43.17466],[21.64328,43.17444],[21.64237,43.17624],[21.63502,43.17905],[21.63102,43.17617],[21.62658,43.18045],[21.62073,43.18059],[21.62076,43.18218],[21.62297,43.18752],[21.62883,43.18982],[21.6285,43.19193],[21.6342,43.19764],[21.63321,43.20483],[21.63657,43.21678],[21.63801,43.21489],[21.64169,43.21555],[21.64484,43.21287],[21.64964,43.21425],[21.65044,43.21097],[21.65269,43.21025],[21.65473,43.21255],[21.65428,43.21825],[21.64993,43.22016],[21.64799,43.22198],[21.64834,43.224],[21.64612,43.22367],[21.64477,43.22688],[21.64168,43.22581],[21.63926,43.2295],[21.64301,43.23165],[21.64192,43.23373],[21.64295,43.23726],[21.64991,43.23967],[21.6471,43.24736],[21.64411,43.25027],[21.6416,43.24861],[21.63617,43.25448],[21.63226,43.25318],[21.62976,43.25409],[21.62951,43.25575],[21.62349,43.2599],[21.62577,43.26242],[21.62465,43.26392],[21.61956,43.26606],[21.61801,43.26742],[21.61921,43.26885],[21.61737,43.26947],[21.62078,43.27387],[21.63107,43.28001],[21.63226,43.28254],[21.63679,43.28565],[21.64189,43.28651],[21.63478,43.2866],[21.62668,43.28305],[21.61731,43.28981],[21.60585,43.29384],[21.60399,43.29619],[21.60294,43.30316],[21.59581,43.30793],[21.59658,43.30941],[21.59398,43.31123],[21.59028,43.31961],[21.58831,43.3199],[21.58576,43.32387],[21.58724,43.33006],[21.58531,43.3319],[21.5855,43.33696],[21.58747,43.3431],[21.59415,43.34832],[21.5959,43.35559],[21.59406,43.35815],[21.60018,43.3632],[21.59835,43.36826],[21.59699,43.36858],[21.5979,43.37123],[21.59662,43.37339],[21.59336,43.37139],[21.5933,43.36737],[21.59076,43.36401],[21.58049,43.35773],[21.57555,43.36044],[21.56683,43.35717],[21.55985,43.35719],[21.54512,43.35997],[21.53219,43.36462],[21.52609,43.36491],[21.52079,43.3677],[21.50758,43.36703],[21.49936,43.3686],[21.47828,43.3793],[21.47428,43.38596],[21.46887,43.38608],[21.46481,43.38299],[21.45252,43.38592]]]}},{"type":"Feature","properties":{"OBJECTID":77,"Value_e":"BLACE","Value_sl":"BLACE","Value_sc":"БЛАЦЕ","Municipality_DOM_ID":"70262","Region_DOM_ID":"9","SHAPE.STArea()":306202892.591687,"SHAPE.STLength()":95557.43938042062},"geometry":{"type":"Polygon","coordinates":[[[21.36491,43.40212],[21.35886,43.40559],[21.35191,43.40669],[21.34249,43.39973],[21.3345,43.39752],[21.32868,43.39899],[21.3222,43.39653],[21.31461,43.39594],[21.31222,43.39496],[21.31168,43.39282],[21.30429,43.39331],[21.29988,43.3898],[21.29585,43.38882],[21.29361,43.39136],[21.28383,43.39123],[21.28406,43.38794],[21.28141,43.38342],[21.27133,43.38059],[21.26362,43.38235],[21.25476,43.37899],[21.25273,43.37332],[21.24457,43.37448],[21.23892,43.37349],[21.2348,43.3769],[21.23002,43.37798],[21.22362,43.37593],[21.22318,43.36852],[21.22001,43.36821],[21.20792,43.36086],[21.20927,43.35365],[21.21581,43.34007],[21.20343,43.33563],[21.19834,43.33077],[21.19248,43.32912],[21.19131,43.32467],[21.18641,43.31968],[21.17631,43.31957],[21.17336,43.31767],[21.17139,43.31434],[21.17297,43.31025],[21.17225,43.30746],[21.16421,43.29398],[21.16676,43.28777],[21.16666,43.28213],[21.15344,43.28239],[21.14563,43.2798],[21.14702,43.27929],[21.14675,43.27511],[21.1492,43.27056],[21.14849,43.26768],[21.14093,43.26293],[21.14814,43.25651],[21.15647,43.25274],[21.1569,43.24443],[21.15856,43.24446],[21.16023,43.23996],[21.16716,43.23836],[21.17351,43.22666],[21.18016,43.22205],[21.18118,43.21878],[21.18633,43.21765],[21.18647,43.21612],[21.18989,43.21622],[21.18818,43.21209],[21.19484,43.20711],[21.20432,43.21686],[21.20079,43.21889],[21.20117,43.22083],[21.20576,43.21849],[21.20655,43.21957],[21.2049,43.22061],[21.21019,43.21986],[21.21564,43.22225],[21.21812,43.22108],[21.22079,43.2233],[21.22563,43.21966],[21.22771,43.22013],[21.22735,43.21864],[21.23,43.21685],[21.23256,43.21601],[21.23595,43.21959],[21.23848,43.21881],[21.24036,43.21569],[21.23918,43.21513],[21.24767,43.21471],[21.25183,43.21045],[21.25646,43.20884],[21.25983,43.21594],[21.2765,43.21567],[21.28398,43.2266],[21.28872,43.22951],[21.29479,43.23737],[21.30928,43.237],[21.31083,43.23498],[21.31558,43.23606],[21.32368,43.2329],[21.32784,43.2367],[21.3341,43.23506],[21.33522,43.23598],[21.34447,43.23297],[21.35142,43.2287],[21.35419,43.23201],[21.35399,43.23409],[21.35543,43.23344],[21.36134,43.23935],[21.37126,43.23599],[21.3737,43.24118],[21.37228,43.24153],[21.37556,43.24427],[21.37283,43.24422],[21.37576,43.24494],[21.37235,43.24525],[21.37638,43.24677],[21.37537,43.2473],[21.3867,43.24943],[21.3921,43.25256],[21.39099,43.25456],[21.39499,43.2569],[21.38813,43.26348],[21.38566,43.27044],[21.40375,43.27883],[21.39622,43.28953],[21.39875,43.29261],[21.39713,43.29656],[21.38901,43.30525],[21.38383,43.31328],[21.38385,43.31606],[21.38232,43.31568],[21.37755,43.32119],[21.37827,43.32337],[21.37703,43.32457],[21.3785,43.32554],[21.37535,43.33433],[21.38272,43.337],[21.37824,43.34595],[21.37806,43.34928],[21.38083,43.35246],[21.38368,43.36255],[21.38783,43.36695],[21.39315,43.36897],[21.39949,43.37748],[21.40248,43.38566],[21.40963,43.39149],[21.41065,43.39694],[21.40471,43.39607],[21.39342,43.39779],[21.38248,43.39399],[21.37819,43.39445],[21.37556,43.39839],[21.37201,43.40005],[21.36674,43.39931],[21.36491,43.40212]]]}}]}