{
"type": "FeatureCollection",
"name": "municipalities_web.geojson.tmp",
"crs": { "type": "name", "properties": { "name": "urn:ogc:def:crs:OGC:1.3:CRS84" } },
"features": [
{ "type": "Feature", "properties": { "admin_id": "2432321", "name_local": "Општина Кисела Вода", "name_en": "Municipality of Kisela Voda", "name_en_status": "OSM_NAME_EN", "source_name": "Општина Кисела Вода", "source_admin_level": "7", "source_osm_relation_id": "2432321", "source_name_en": "Municipality of Kisela Voda" }, "geometry": { "type": "Polygon", "coordinates": [ [ [ 21.4418803, 41.987355794080365 ], [ 21.4392709, 41.986227394079883 ], [ 21.4328971, 41.988604294080908 ], [ 21.4296484, 41.98605179407982 ], [ 21.4275885, 41.985987994079757 ], [ 21.4258504, 41.983451994078635 ], [ 21.4262366, 41.982048294078005 ], [ 21.4283824, 41.980931794077506 ], [ 21.4268549, 41.980333594077244 ], [ 21.4266658, 41.979559994076958 ], [ 21.427618, 41.978484194076401 ], [ 21.4264593, 41.978000694076215 ], [ 21.4264854, 41.977768394076158 ], [ 21.4276314, 41.977827194076099 ], [ 21.4283824, 41.976720594075644 ], [ 21.4323306, 41.974008694074385 ], [ 21.4326954, 41.972748394073875 ], [ 21.4375019, 41.970993594073128 ], [ 21.4404845, 41.969126994072276 ], [ 21.4391756, 41.966781694071202 ], [ 21.4378023, 41.966175394070959 ], [ 21.4369011, 41.966207294071005 ], [ 21.4363861, 41.966877394071282 ], [ 21.4353937, 41.966422194071079 ], [ 21.4350343, 41.962043094069124 ], [ 21.4369226, 41.959841094068146 ], [ 21.4343905, 41.956777494066813 ], [ 21.4375019, 41.957846594067263 ], [ 21.4434242, 41.954910494065949 ], [ 21.4476343, 41.955941194066391 ], [ 21.4488396, 41.954916494065927 ], [ 21.4495075, 41.955421094066189 ], [ 21.4504838, 41.955022194066004 ], [ 21.4473724, 41.953346594065302 ], [ 21.4465785, 41.951862494064578 ], [ 21.4453769, 41.951351894064331 ], [ 21.448853, 41.947298294062577 ], [ 21.4515138, 41.945702394061847 ], [ 21.4512992, 41.944202094061154 ], [ 21.4530587, 41.941744194060114 ], [ 21.4522004, 41.939477794059115 ], [ 21.455183, 41.938982894058896 ], [ 21.4557838, 41.939589494059149 ], [ 21.456341699999989, 41.938727594058776 ], [ 21.4578867, 41.939110594058924 ], [ 21.4608049, 41.936301394057644 ], [ 21.46272, 41.93597219405752 ], [ 21.4633852, 41.936820094057936 ], [ 21.4675426, 41.936157694057613 ], [ 21.4686584, 41.935199994057214 ], [ 21.4774739, 41.936613094057819 ], [ 21.4857817, 41.928335794054121 ], [ 21.4872837, 41.926068794053137 ], [ 21.4920044, 41.925813394053058 ], [ 21.4958668, 41.928112294054067 ], [ 21.4971113, 41.927314094053678 ], [ 21.4977121, 41.924823594052576 ], [ 21.4960814, 41.921247294051 ], [ 21.495223, 41.915882594048611 ], [ 21.4920473, 41.912944494047274 ], [ 21.492347699999989, 41.912082294046904 ], [ 21.4938927, 41.911251894046501 ], [ 21.4968967, 41.913806794047694 ], [ 21.4985222, 41.914305794047884 ], [ 21.4991223, 41.91391809404773 ], [ 21.5014458, 41.916361594048823 ], [ 21.5032482, 41.917000294049075 ], [ 21.5035486, 41.915818694048568 ], [ 21.5075203, 41.913368694047477 ], [ 21.5085697, 41.915339694048377 ], [ 21.5117455, 41.915531294048463 ], [ 21.5122604, 41.914637094048018 ], [ 21.5160504, 41.915439494048393 ], [ 21.5183973, 41.915291794048308 ], [ 21.5217662, 41.917415394049279 ], [ 21.5252423, 41.921949794051287 ], [ 21.5302634, 41.926068794053137 ], [ 21.5295768, 41.927920694053974 ], [ 21.5307764, 41.930829694055276 ], [ 21.5321587, 41.930497694055127 ], [ 21.5339971, 41.933316394056369 ], [ 21.5366364, 41.934705094056973 ], [ 21.5377092, 41.934545494056906 ], [ 21.5396404, 41.935439394057298 ], [ 21.5401983, 41.936429094057729 ], [ 21.5453482, 41.933268494056371 ], [ 21.5481591, 41.93599809405756 ], [ 21.5498757, 41.939190394058976 ], [ 21.5511203, 41.939062794058913 ], [ 21.5510881, 41.941233494059922 ], [ 21.5523648, 41.941349194059953 ], [ 21.5534163, 41.944170194061194 ], [ 21.5496826, 41.944776694061467 ], [ 21.5447044, 41.949117694063375 ], [ 21.543889, 41.948894194063286 ], [ 21.5427303, 41.946947194062417 ], [ 21.5409279, 41.947585594062701 ], [ 21.5352631, 41.947521694062701 ], [ 21.5332031, 41.946117294062034 ], [ 21.5291691, 41.948351594063062 ], [ 21.5274525, 41.948032394062885 ], [ 21.5224743, 41.950138994063863 ], [ 21.522131, 41.952117894064699 ], [ 21.519556, 41.952117894064699 ], [ 21.5156937, 41.953139194065137 ], [ 21.511368599999987, 41.955276194066123 ], [ 21.5103491, 41.953886494065507 ], [ 21.5093207, 41.953841294065484 ], [ 21.5077677, 41.955253594066093 ], [ 21.5068228, 41.954278994065703 ], [ 21.4656493, 41.973391994074184 ], [ 21.4574241, 41.976529994075563 ], [ 21.4440014, 41.98273309407832 ], [ 21.4415287, 41.984929694079298 ], [ 21.4418803, 41.987355794080365 ] ] ] } },
{ "type": "Feature", "properties": { "admin_id": "2432325", "name_local": "Општина Аеродром", "name_en": "Municipality of Aerodrom", "name_en_status": "OSM_NAME_EN", "source_name": "Општина Аеродром", "source_admin_level": "7", "source_osm_relation_id": "2432325", "source_name_en": "Municipality of Aerodrom" }, "geometry": { "type": "Polygon", "coordinates": [ [ [ 21.4498621, 41.99474919408361 ], [ 21.4443469, 41.990310194081701 ], [ 21.4415824, 41.986925794080193 ], [ 21.4415287, 41.984929694079298 ], [ 21.4433928, 41.983094394078442 ], [ 21.4568503, 41.976778894075693 ], [ 21.4656493, 41.973391994074184 ], [ 21.5068228, 41.954278994065703 ], [ 21.5077677, 41.955253594066093 ], [ 21.5093207, 41.953841294065484 ], [ 21.5103491, 41.953886494065507 ], [ 21.511368599999987, 41.955276194066123 ], [ 21.5156937, 41.953139194065137 ], [ 21.519556, 41.952117894064699 ], [ 21.522131, 41.952117894064699 ], [ 21.5224743, 41.950138994063863 ], [ 21.5274525, 41.948032394062885 ], [ 21.5291691, 41.948351594063062 ], [ 21.5332031, 41.946117294062034 ], [ 21.5352631, 41.947521694062701 ], [ 21.5409279, 41.947585594062701 ], [ 21.5427303, 41.946947194062417 ], [ 21.543889, 41.948894194063286 ], [ 21.5447044, 41.949117694063375 ], [ 21.5496826, 41.944776694061467 ], [ 21.5534163, 41.944170194061194 ], [ 21.5523648, 41.941349194059953 ], [ 21.5538454, 41.941057894059767 ], [ 21.5545321, 41.941696294060094 ], [ 21.5551329, 41.941504794059995 ], [ 21.5568709, 41.943627594060949 ], [ 21.5620208, 41.947298294062584 ], [ 21.5623641, 41.950426294063959 ], [ 21.5617633, 41.951990194064663 ], [ 21.5605402, 41.952931694065072 ], [ 21.54935, 41.957343894067009 ], [ 21.54935, 41.961556394068865 ], [ 21.5467322, 41.96286479406951 ], [ 21.542269, 41.963694394069883 ], [ 21.5411103, 41.96481129407038 ], [ 21.5398765, 41.968584494072005 ], [ 21.5387392, 41.969142894072277 ], [ 21.5345442, 41.969549794072485 ], [ 21.5317145, 41.970534894072891 ], [ 21.5298986, 41.968696194072052 ], [ 21.5268087, 41.968185694071892 ], [ 21.5257144, 41.969254594072289 ], [ 21.5242982, 41.973785294074339 ], [ 21.5211654, 41.976064494075331 ], [ 21.5197062, 41.972572894073807 ], [ 21.5177536, 41.971950794073521 ], [ 21.5151787, 41.972365494073699 ], [ 21.5128827, 41.973944894074393 ], [ 21.5130544, 41.97502959407489 ], [ 21.5158439, 41.976720594075651 ], [ 21.5154147, 41.978124294076267 ], [ 21.5135908, 41.978874094076588 ], [ 21.5106726, 41.978810294076581 ], [ 21.5105653, 41.976943894075717 ], [ 21.5094709, 41.976321794075503 ], [ 21.5056944, 41.977406494075943 ], [ 21.5037632, 41.976226094075436 ], [ 21.5019608, 41.976481294075548 ], [ 21.5002228, 41.977820994076147 ], [ 21.4991069, 41.981059394077555 ], [ 21.4978194, 41.98255869407825 ], [ 21.4956522, 41.983754994078744 ], [ 21.4921331, 41.98461629407916 ], [ 21.4892149, 41.987582994080455 ], [ 21.4828473, 41.990254394081674 ], [ 21.4736377, 41.991224694082099 ], [ 21.4673648, 41.994239894083435 ], [ 21.465219, 41.994715594083637 ], [ 21.4622745, 41.994160194083406 ], [ 21.4584017, 41.990932194081971 ], [ 21.4565992, 41.990613194081796 ], [ 21.4539385, 41.991410694082177 ], [ 21.4498621, 41.99474919408361 ] ] ] } },
{ "type": "Feature", "properties": { "admin_id": "2433366", "name_local": "Општина Гази Баба", "name_en": "Municipality of Gazi Baba", "name_en_status": "OSM_NAME_EN", "source_name": "Општина Гази Баба", "source_admin_level": "7", "source_osm_relation_id": "2433366", "source_name_en": "Municipality of Gazi Baba" }, "geometry": { "type": "Polygon", "coordinates": [ [ [ 21.4510955, 41.999064894085556 ], [ 21.4503121, 42.00163269408668 ], [ 21.4488959, 42.002589494087097 ], [ 21.4504838, 42.003705594087599 ], [ 21.447067, 42.007724294089378 ], [ 21.4474303, 42.010567194090648 ], [ 21.4467384, 42.013078794091754 ], [ 21.4455642, 42.013505394091979 ], [ 21.4470082, 42.016453094093279 ], [ 21.4535905, 42.017253294093656 ], [ 21.4595819, 42.018692394094245 ], [ 21.4570928, 42.02041399409498 ], [ 21.4547324, 42.023665894096418 ], [ 21.4505696, 42.026216294097637 ], [ 21.4530158, 42.027363894098102 ], [ 21.4551616, 42.029786694099158 ], [ 21.4556766, 42.031348594099853 ], [ 21.4609122, 42.037723594102673 ], [ 21.4609981, 42.039062294103267 ], [ 21.4648604, 42.042568194104824 ], [ 21.4672865, 42.045980294106315 ], [ 21.4660929, 42.051985394109003 ], [ 21.4676714, 42.051602994108826 ], [ 21.4693236, 42.053467194109679 ], [ 21.4682937, 42.054231894109982 ], [ 21.4684653, 42.054964794110326 ], [ 21.4703536, 42.055952594110742 ], [ 21.4703965, 42.05869289411195 ], [ 21.4725852, 42.05964879411237 ], [ 21.4723706, 42.061464894113215 ], [ 21.4735723, 42.062133994113516 ], [ 21.4740014, 42.064013794114324 ], [ 21.4758897, 42.066180194115255 ], [ 21.475718, 42.067581994115898 ], [ 21.4764476, 42.06872889411639 ], [ 21.475718, 42.069748294116813 ], [ 21.477735, 42.071341194117537 ], [ 21.4784646, 42.073698494118631 ], [ 21.4792371, 42.07414449411884 ], [ 21.4788079, 42.076023894119643 ], [ 21.476748, 42.078285494120628 ], [ 21.4764476, 42.080292194121498 ], [ 21.4790654, 42.084719494123469 ], [ 21.4788508, 42.086375694124207 ], [ 21.4797521, 42.087490394124664 ], [ 21.4793658, 42.089241994125459 ], [ 21.4810395, 42.092362994126859 ], [ 21.4826274, 42.093159194127189 ], [ 21.4832926, 42.094225994127655 ], [ 21.4855456, 42.094942494127991 ], [ 21.486876, 42.098763694129708 ], [ 21.492455, 42.104367794132138 ], [ 21.4931417, 42.108347694133919 ], [ 21.5035057, 42.116004294137262 ], [ 21.508162, 42.117006994137746 ], [ 21.5122792, 42.126189294141774 ], [ 21.5168524, 42.122673194140212 ], [ 21.518569, 42.119426294138798 ], [ 21.5247488, 42.113950894136359 ], [ 21.529212, 42.10643739413306 ], [ 21.5389538, 42.100546894130481 ], [ 21.5415126, 42.098134794129408 ], [ 21.5443048, 42.097553694129168 ], [ 21.5461206, 42.096311794128589 ], [ 21.5472364, 42.092426694126885 ], [ 21.5465498, 42.090834394126176 ], [ 21.5462923, 42.084592094123408 ], [ 21.5501547, 42.081088494121865 ], [ 21.5495539, 42.077966994120494 ], [ 21.5512772, 42.07540279411937 ], [ 21.5517157, 42.076824194119979 ], [ 21.5537167, 42.075131994119246 ], [ 21.5571928, 42.073634794118568 ], [ 21.5596213, 42.066492294115449 ], [ 21.5593381, 42.064125094114338 ], [ 21.5600644, 42.064070994114324 ], [ 21.5584369, 42.062659494113745 ], [ 21.5558834, 42.061878894113356 ], [ 21.5567417, 42.059298094112215 ], [ 21.5563812, 42.058001294111683 ], [ 21.5574541, 42.056248794110878 ], [ 21.556746, 42.054161694109936 ], [ 21.5591922, 42.052329394109165 ], [ 21.5586729, 42.05173029410885 ], [ 21.5580506, 42.052256094109111 ], [ 21.5569777, 42.051539094108804 ], [ 21.5544672, 42.05110889410863 ], [ 21.5519137, 42.049499594107886 ], [ 21.556763, 42.049022494107668 ], [ 21.5568318, 42.047087194106794 ], [ 21.5577502, 42.04669519410664 ], [ 21.5596385, 42.042998294105004 ], [ 21.5585441, 42.039970494103684 ], [ 21.5562482, 42.037141794102418 ], [ 21.5578073, 42.034242094101117 ], [ 21.5582588, 42.030859994099657 ], [ 21.5596068, 42.029421094098971 ], [ 21.5593531, 42.028050794098384 ], [ 21.5580871, 42.027755894098291 ], [ 21.554965, 42.029278094098935 ], [ 21.5537938, 42.027441694098151 ], [ 21.547263, 42.026048394097529 ], [ 21.5475527, 42.025538294097309 ], [ 21.5487745, 42.025432694097219 ], [ 21.5486658, 42.022671194096013 ], [ 21.5477194, 42.022386094095914 ], [ 21.5484898, 42.020907294095238 ], [ 21.5449014, 42.02000899409483 ], [ 21.5505297, 42.007685694089382 ], [ 21.5473223, 42.006001694088617 ], [ 21.5500689, 42.00345049408751 ], [ 21.546877, 42.002184794086929 ], [ 21.5476227, 42.001359594086587 ], [ 21.5478373, 41.998475394085304 ], [ 21.5364636, 41.995162394083835 ], [ 21.5377092, 41.994201594083385 ], [ 21.5357351, 41.993627394083134 ], [ 21.5357351, 41.991841294082363 ], [ 21.5348447, 41.990928294081911 ], [ 21.5294347, 41.990878294081931 ], [ 21.5312586, 41.990758694081876 ], [ 21.5337181, 41.989767994081426 ], [ 21.5346622, 41.988173094080743 ], [ 21.538224199999988, 41.986546194080042 ], [ 21.5387392, 41.984632294079148 ], [ 21.5409842, 41.983230694078507 ], [ 21.5482235, 41.980580794077355 ], [ 21.5519136, 41.979516594076898 ], [ 21.5604115, 41.978539094076474 ], [ 21.5634155, 41.977326794075928 ], [ 21.57088280000001, 41.976561094075556 ], [ 21.5735744, 41.975704594075196 ], [ 21.5703812, 41.972552994073773 ], [ 21.579423, 41.970339494072789 ], [ 21.5813112, 41.966957194071291 ], [ 21.5856886, 41.962681294069434 ], [ 21.5841436, 41.961979194069109 ], [ 21.5834999, 41.96009639406828 ], [ 21.5813971, 41.960000694068206 ], [ 21.582942, 41.958341194067479 ], [ 21.5870382, 41.957221794066989 ], [ 21.5859246, 41.956107294066477 ], [ 21.5863967, 41.955532794066244 ], [ 21.5845942, 41.954415794065731 ], [ 21.5869546, 41.953234894065211 ], [ 21.5883279, 41.950490094063994 ], [ 21.583821799999988, 41.946372694062184 ], [ 21.5900606, 41.936664494057823 ], [ 21.5889946, 41.932840494056123 ], [ 21.5871209, 41.932574094056044 ], [ 21.5860748, 41.931241194055474 ], [ 21.581955, 41.930474894055109 ], [ 21.5782642, 41.934242194056765 ], [ 21.575861, 41.933412194056359 ], [ 21.5709484, 41.933250994056337 ], [ 21.5680933, 41.935104194057146 ], [ 21.5671277, 41.93659469405781 ], [ 21.5675944, 41.937638194058266 ], [ 21.5690817, 41.938276694058573 ], [ 21.5716392, 41.937494494058214 ], [ 21.573683, 41.938380394058605 ], [ 21.5743482, 41.939322094059023 ], [ 21.573903, 41.941325194059921 ], [ 21.5730071, 41.942230994060317 ], [ 21.5629998, 41.945802094061918 ], [ 21.5620208, 41.947298294062584 ], [ 21.5623641, 41.950426294063959 ], [ 21.5617633, 41.951990194064663 ], [ 21.5605402, 41.952931694065072 ], [ 21.54935, 41.957343894067009 ], [ 21.54935, 41.961556394068865 ], [ 21.5467322, 41.96286479406951 ], [ 21.542269, 41.963694394069883 ], [ 21.5411103, 41.96481129407038 ], [ 21.5396404, 41.968759994072116 ], [ 21.5345442, 41.969549794072485 ], [ 21.5317145, 41.970534894072891 ], [ 21.5298986, 41.968696194072052 ], [ 21.5268087, 41.968185694071892 ], [ 21.5257144, 41.969254594072289 ], [ 21.5242982, 41.973785294074339 ], [ 21.5211654, 41.976064494075331 ], [ 21.5197062, 41.972572894073807 ], [ 21.5177536, 41.971950794073521 ], [ 21.5151787, 41.972365494073699 ], [ 21.5128827, 41.973944894074393 ], [ 21.5130544, 41.97502959407489 ], [ 21.5158439, 41.976720594075651 ], [ 21.5154147, 41.978124294076267 ], [ 21.5135908, 41.978874094076588 ], [ 21.5106726, 41.978810294076581 ], [ 21.5105653, 41.976943894075717 ], [ 21.5094709, 41.976321794075503 ], [ 21.5056944, 41.977406494075943 ], [ 21.5037632, 41.976226094075436 ], [ 21.5019608, 41.976481294075548 ], [ 21.5002228, 41.977820994076147 ], [ 21.4991069, 41.981059394077555 ], [ 21.4978194, 41.98255869407825 ], [ 21.4956522, 41.983754994078744 ], [ 21.4921331, 41.98461629407916 ], [ 21.4892149, 41.987582994080455 ], [ 21.4818442, 41.990531494081758 ], [ 21.4739652, 41.991142794082037 ], [ 21.4673648, 41.994239894083435 ], [ 21.4648013, 41.994720994083657 ], [ 21.461921, 41.993960494083289 ], [ 21.4584017, 41.990932194081971 ], [ 21.4554405, 41.990772694081897 ], [ 21.4519429, 41.992670594082739 ], [ 21.4494109, 41.995058694083781 ], [ 21.4510955, 41.999064894085556 ] ] ] } },
{ "type": "Feature", "properties": { "admin_id": "2433475", "name_local": "Општина Бутел", "name_en": "Municipality of Butel", "name_en_status": "OSM_NAME_EN", "source_name": "Општина Бутел", "source_admin_level": "7", "source_osm_relation_id": "2433475", "source_name_en": "Municipality of Butel" }, "geometry": { "type": "Polygon", "coordinates": [ [ [ 21.4470082, 42.016453094093279 ], [ 21.4490408, 42.021250894095374 ], [ 21.430379, 42.022563394096004 ], [ 21.4297879, 42.025305294097222 ], [ 21.4265485, 42.025640694097298 ], [ 21.4219073, 42.027161294097979 ], [ 21.4189141, 42.027018994097958 ], [ 21.4116506, 42.025123594097096 ], [ 21.409467, 42.025139294097102 ], [ 21.4092763, 42.026634094097794 ], [ 21.4080003, 42.027188594098021 ], [ 21.4022255, 42.026710394097769 ], [ 21.3997149, 42.028543394098627 ], [ 21.3965821, 42.032655594100426 ], [ 21.3923764, 42.035556194101723 ], [ 21.3901019, 42.040815294104057 ], [ 21.3888574, 42.04094279410409 ], [ 21.3895869, 42.04365179410528 ], [ 21.3888807, 42.044490894105671 ], [ 21.3909334, 42.048508194107491 ], [ 21.3930489, 42.048366694107393 ], [ 21.3938792, 42.048884094107649 ], [ 21.397161499999989, 42.048352494107363 ], [ 21.3999081, 42.050583294108407 ], [ 21.3991141, 42.048400294107381 ], [ 21.4006591, 42.048495894107447 ], [ 21.4001441, 42.047635494107048 ], [ 21.4013672, 42.046695394106706 ], [ 21.4032125, 42.046312894106471 ], [ 21.4036846, 42.045579994106156 ], [ 21.4078474, 42.045994294106393 ], [ 21.4098188, 42.044442594105668 ], [ 21.4109695, 42.04474539410581 ], [ 21.4111184, 42.044056194105522 ], [ 21.4132333, 42.044161694105533 ], [ 21.4150786, 42.040464694103889 ], [ 21.4129972, 42.039779394103597 ], [ 21.4129758, 42.039157894103326 ], [ 21.4143491, 42.039030394103271 ], [ 21.4159155, 42.035858994101886 ], [ 21.4183402, 42.036002494101936 ], [ 21.4183402, 42.034344994101168 ], [ 21.4170527, 42.033898694100991 ], [ 21.4177394, 42.032528094100421 ], [ 21.4186406, 42.03233679410031 ], [ 21.4176965, 42.030997994099685 ], [ 21.4190698, 42.029627294099093 ], [ 21.4196947, 42.027857094098316 ], [ 21.4262313, 42.027314094098074 ], [ 21.4331836, 42.027537294098181 ], [ 21.4340633, 42.028126994098407 ], [ 21.4343637, 42.030358494099396 ], [ 21.432175, 42.037147894102425 ], [ 21.4309734, 42.038869094103212 ], [ 21.4310163, 42.041259494104288 ], [ 21.4295143, 42.044510294105656 ], [ 21.4274973, 42.045498294106132 ], [ 21.4284736, 42.048169294107318 ], [ 21.4373618, 42.04270619410493 ], [ 21.437081, 42.044947694105872 ], [ 21.4400294, 42.04568879410624 ], [ 21.4405352, 42.044835694105849 ], [ 21.4417934, 42.045054094105964 ], [ 21.4416647, 42.0472530941069 ], [ 21.4445159, 42.048410294107406 ], [ 21.4460421, 42.050631094108361 ], [ 21.4498583, 42.051908594108973 ], [ 21.4509479, 42.053971594109889 ], [ 21.4508675, 42.05532649411046 ], [ 21.4454166, 42.054166794109939 ], [ 21.4454723, 42.057025794111247 ], [ 21.4447162, 42.0583085941118 ], [ 21.4454906, 42.058260994111791 ], [ 21.4457664, 42.058777594112016 ], [ 21.4451838, 42.061656094113282 ], [ 21.4439821, 42.062994194113905 ], [ 21.4434671, 42.066944794115614 ], [ 21.4461279, 42.07255169411809 ], [ 21.442523, 42.074654194119027 ], [ 21.4423513, 42.076947694119994 ], [ 21.4434671, 42.079717894121259 ], [ 21.442008, 42.083445494122884 ], [ 21.4424372, 42.084974294123583 ], [ 21.4416647, 42.087203794124562 ], [ 21.4370298, 42.093700494127418 ], [ 21.4363432, 42.097203394128975 ], [ 21.437974, 42.097903994129304 ], [ 21.437974, 42.099241394129876 ], [ 21.4389181, 42.099750894130118 ], [ 21.437974, 42.101406594130815 ], [ 21.4408064, 42.109430194134362 ], [ 21.442523, 42.110512594134832 ], [ 21.4450121, 42.114332894136552 ], [ 21.4444113, 42.116688694137586 ], [ 21.445441200000012, 42.11808939413821 ], [ 21.4455271, 42.119553694138837 ], [ 21.4445586, 42.12432659414096 ], [ 21.4454461, 42.124181794140881 ], [ 21.4452696, 42.127065594142138 ], [ 21.4442396, 42.128402394142718 ], [ 21.4445829, 42.129993794143452 ], [ 21.4511919, 42.137377294146674 ], [ 21.4535522, 42.138491094147177 ], [ 21.4552259, 42.139732094147739 ], [ 21.4559126, 42.141195894148382 ], [ 21.4579296, 42.141800594148677 ], [ 21.4596033, 42.14342339414938 ], [ 21.4604616, 42.147814494151326 ], [ 21.4617062, 42.149564394152051 ], [ 21.4665985, 42.148355394151523 ], [ 21.4682722, 42.15252339415337 ], [ 21.4698172, 42.154241394154127 ], [ 21.4750957, 42.156563794155147 ], [ 21.4775011, 42.156576194155157 ], [ 21.4774329, 42.15776999415565 ], [ 21.4788936, 42.156507994155135 ], [ 21.4826929, 42.155290694154594 ], [ 21.4891867, 42.15673979415525 ], [ 21.4950943, 42.15140979415289 ], [ 21.501832, 42.147814494151319 ], [ 21.5059733, 42.142914294149151 ], [ 21.5070033, 42.138841094147352 ], [ 21.5097713, 42.136104294146122 ], [ 21.5100718, 42.132030694144362 ], [ 21.5122792, 42.126189294141774 ], [ 21.508162, 42.117006994137746 ], [ 21.5035057, 42.116004294137262 ], [ 21.4931417, 42.108347694133919 ], [ 21.492455, 42.104367794132138 ], [ 21.486876, 42.098763694129708 ], [ 21.4855456, 42.094942494127991 ], [ 21.4832926, 42.094225994127655 ], [ 21.4826274, 42.093159194127189 ], [ 21.4810395, 42.092362994126859 ], [ 21.4793658, 42.089241994125459 ], [ 21.4797521, 42.087490394124664 ], [ 21.4788508, 42.086375694124207 ], [ 21.4790654, 42.084719494123469 ], [ 21.4764476, 42.080292194121498 ], [ 21.476748, 42.078285494120628 ], [ 21.4788079, 42.076023894119643 ], [ 21.4792371, 42.07414449411884 ], [ 21.4784646, 42.073698494118631 ], [ 21.477735, 42.071341194117537 ], [ 21.475718, 42.069748294116813 ], [ 21.4764476, 42.06872889411639 ], [ 21.475718, 42.067581994115898 ], [ 21.4758897, 42.066180194115255 ], [ 21.4740014, 42.064013794114324 ], [ 21.4735723, 42.062133994113516 ], [ 21.4723706, 42.061464894113215 ], [ 21.4725852, 42.05964879411237 ], [ 21.4703965, 42.05869289411195 ], [ 21.4703536, 42.055952594110742 ], [ 21.4684653, 42.054964794110326 ], [ 21.4682937, 42.054231894109982 ], [ 21.4693236, 42.053467194109679 ], [ 21.4676714, 42.051602994108826 ], [ 21.4660929, 42.051985394109003 ], [ 21.4672865, 42.045980294106315 ], [ 21.4648604, 42.042568194104824 ], [ 21.4609981, 42.039062294103267 ], [ 21.4609122, 42.037723594102673 ], [ 21.4556766, 42.031348594099853 ], [ 21.4551616, 42.029786694099158 ], [ 21.4530158, 42.027363894098102 ], [ 21.4505696, 42.026216294097637 ], [ 21.4547324, 42.023665894096418 ], [ 21.4570928, 42.02041399409498 ], [ 21.4595819, 42.018692394094245 ], [ 21.4535905, 42.017253294093656 ], [ 21.4470082, 42.016453094093279 ] ] ] } },
{ "type": "Feature", "properties": { "admin_id": "2433521", "name_local": "Општина Чаир", "name_en": "Municipality of Chair", "name_en_status": "OSM_NAME_EN", "source_name": "Општина Чаир", "source_admin_level": "7", "source_osm_relation_id": "2433521", "source_name_en": "Municipality of Chair" }, "geometry": { "type": "Polygon", "coordinates": [ [ [ 21.4510955, 41.999064894085556 ], [ 21.4503121, 42.00163269408668 ], [ 21.4488959, 42.002589494087097 ], [ 21.4504838, 42.003705594087599 ], [ 21.447067, 42.007724294089378 ], [ 21.4474303, 42.010567194090648 ], [ 21.4467384, 42.013078794091754 ], [ 21.4455642, 42.013505394091979 ], [ 21.4490408, 42.021250894095374 ], [ 21.4294893, 42.022463894095921 ], [ 21.4290367, 42.020457994095018 ], [ 21.4278616, 42.019955194094841 ], [ 21.428203, 42.018529694094148 ], [ 21.4295071, 42.017372594093672 ], [ 21.4286058, 42.016730894093378 ], [ 21.4305067, 42.01416479409226 ], [ 21.4297342, 42.013463394091964 ], [ 21.4298254, 42.011761394091174 ], [ 21.4280833, 42.011499394091089 ], [ 21.4278889, 42.012195894091384 ], [ 21.4266634, 42.011781594091197 ], [ 21.4317506, 42.009498694090169 ], [ 21.4346051, 42.007085894089123 ], [ 21.4353347, 42.005618994088429 ], [ 21.4347035, 42.001765394086782 ], [ 21.434927, 42.001170294086492 ], [ 21.4364934, 42.000675994086301 ], [ 21.4355922, 41.999272694085654 ], [ 21.4402914, 41.998746494085388 ], [ 21.4403558, 41.999687294085838 ], [ 21.4415574, 42.000069994086019 ], [ 21.4426947, 42.001616794086672 ], [ 21.4444185, 42.001305494086573 ], [ 21.4448833, 42.001744294086748 ], [ 21.4476299, 41.99963949408582 ], [ 21.4510955, 41.999064894085556 ] ] ] } },
{ "type": "Feature", "properties": { "admin_id": "2433628", "name_local": "Општина Шуто Оризари", "name_en": "Municipality of Shuto Orizari", "name_en_status": "OSM_NAME_EN", "source_name": "Општина Шуто Оризари", "source_admin_level": "7", "source_osm_relation_id": "2433628", "source_name_en": "Municipality of Shuto Orizari" }, "geometry": { "type": "Polygon", "coordinates": [ [ [ 21.4073685, 42.070764994117333 ], [ 21.4052378, 42.070091294116992 ], [ 21.4046717, 42.068346594116228 ], [ 21.4023542, 42.06688109411558 ], [ 21.4030409, 42.065670494115047 ], [ 21.4016676, 42.064077494114379 ], [ 21.4013243, 42.062484494113662 ], [ 21.4000368, 42.062102094113442 ], [ 21.3999081, 42.060222294112663 ], [ 21.3993073, 42.060158594112593 ], [ 21.3985348, 42.061178094113068 ], [ 21.3930845, 42.061401194113152 ], [ 21.3931704, 42.06050899411278 ], [ 21.3922262, 42.059871794112496 ], [ 21.3924837, 42.058852194112063 ], [ 21.3956594, 42.057131594111269 ], [ 21.3946724, 42.055952594110742 ], [ 21.3921404, 42.056621794111024 ], [ 21.3917971, 42.052734194109341 ], [ 21.392312, 42.050885994108498 ], [ 21.3938792, 42.048884094107649 ], [ 21.396904, 42.04835249410737 ], [ 21.3999081, 42.050583294108407 ], [ 21.3991141, 42.048400294107381 ], [ 21.4006591, 42.048495894107447 ], [ 21.4001441, 42.047635494107048 ], [ 21.4013672, 42.046695394106706 ], [ 21.4032125, 42.046312894106471 ], [ 21.4036846, 42.045579994106156 ], [ 21.4078474, 42.045994294106393 ], [ 21.4098188, 42.044442594105668 ], [ 21.4109695, 42.04474539410581 ], [ 21.4111184, 42.044056194105522 ], [ 21.4132333, 42.044161694105533 ], [ 21.4150786, 42.040464694103889 ], [ 21.4129972, 42.039779394103597 ], [ 21.4129758, 42.039157894103326 ], [ 21.4143491, 42.039030394103271 ], [ 21.4159155, 42.035858994101886 ], [ 21.4183402, 42.036002494101936 ], [ 21.4183402, 42.034344994101168 ], [ 21.4170527, 42.033898694100991 ], [ 21.4177394, 42.032528094100421 ], [ 21.4186406, 42.03233679410031 ], [ 21.4176965, 42.030997994099685 ], [ 21.4190698, 42.029627294099093 ], [ 21.4196947, 42.027857094098316 ], [ 21.4262313, 42.027314094098074 ], [ 21.4331836, 42.027537294098181 ], [ 21.434235, 42.028382094098554 ], [ 21.4343637, 42.030358494099396 ], [ 21.432175, 42.037147894102425 ], [ 21.4309734, 42.038869094103212 ], [ 21.4310163, 42.041259494104288 ], [ 21.4295143, 42.044510294105656 ], [ 21.4274973, 42.045498294106132 ], [ 21.4280015, 42.046671494106683 ], [ 21.4267866, 42.046956594106753 ], [ 21.4268804, 42.047806794107132 ], [ 21.425963, 42.047695294107079 ], [ 21.4232111, 42.050312394108268 ], [ 21.4237261, 42.053690194109791 ], [ 21.4265585, 42.054263794110057 ], [ 21.4261293, 42.057832594111581 ], [ 21.4223957, 42.058374294111822 ], [ 21.4215374, 42.059138994112175 ], [ 21.4201641, 42.059075194112161 ], [ 21.4196491, 42.057928194111639 ], [ 21.4183617, 42.05799189411168 ], [ 21.4174604, 42.059107094112136 ], [ 21.417889599999988, 42.060636494112835 ], [ 21.4153147, 42.061401194113145 ], [ 21.414628, 42.063249094114013 ], [ 21.4133835, 42.063472094114054 ], [ 21.4113077, 42.065506694114966 ], [ 21.4106397, 42.065257394114866 ], [ 21.4099073, 42.066817394115546 ], [ 21.4081907, 42.06828289411618 ], [ 21.4073685, 42.070764994117333 ] ] ] } },
{ "type": "Feature", "properties": { "admin_id": "2439777", "name_local": "Општина Центар", "name_en": "Municipality of Centar", "name_en_status": "OSM_NAME_EN", "source_name": "Општина Центар", "source_admin_level": "7", "source_osm_relation_id": "2439777", "source_name_en": "Municipality of Centar" }, "geometry": { "type": "Polygon", "coordinates": [ [ [ 21.4264593, 41.978000694076215 ], [ 21.4249492, 41.978698594076526 ], [ 21.4238119, 41.980245894077235 ], [ 21.4208508, 41.981362394077728 ], [ 21.4190054, 41.980277794077224 ], [ 21.4130402, 41.981298594077678 ], [ 21.411345, 41.982622494078278 ], [ 21.4102292, 41.985684994079627 ], [ 21.4076328, 41.986466494080005 ], [ 21.4058518, 41.988906694081017 ], [ 21.4063239, 41.991873194082373 ], [ 21.4082766, 41.993324394083039 ], [ 21.411213, 41.993473594083085 ], [ 21.4135465, 42.001542294086654 ], [ 21.4154663, 42.003962394087708 ], [ 21.4169197, 42.005494394088444 ], [ 21.4187348, 42.004543294087995 ], [ 21.4212127, 42.007075694089082 ], [ 21.4219305, 42.006651094088937 ], [ 21.4242642, 42.00903819408996 ], [ 21.4196491, 42.012841594091661 ], [ 21.4147568, 42.01411699409222 ], [ 21.4254385, 42.01215299409138 ], [ 21.4335269, 42.008438594089725 ], [ 21.4353347, 42.005618994088429 ], [ 21.4346517, 42.00198439408684 ], [ 21.434927, 42.001170294086492 ], [ 21.4364934, 42.000675994086301 ], [ 21.435742399999988, 41.999129194085576 ], [ 21.4402914, 41.998746494085388 ], [ 21.4403558, 41.999687294085838 ], [ 21.4415574, 42.000069994086019 ], [ 21.4426947, 42.001616794086672 ], [ 21.4444185, 42.001305494086573 ], [ 21.4448833, 42.001744294086748 ], [ 21.4476299, 41.99963949408582 ], [ 21.4510955, 41.999064894085556 ], [ 21.4494109, 41.995058694083781 ], [ 21.4498621, 41.99474919408361 ], [ 21.446836, 41.992606794082697 ], [ 21.4406851, 41.986546194080042 ], [ 21.4392709, 41.986227394079883 ], [ 21.4368261, 41.986799894080143 ], [ 21.4328971, 41.988604294080908 ], [ 21.4296484, 41.98605179407982 ], [ 21.4273524, 41.98581259407969 ], [ 21.4258504, 41.983005394078447 ], [ 21.4262366, 41.982048294078005 ], [ 21.4283824, 41.980931794077506 ], [ 21.4268549, 41.980333594077244 ], [ 21.4266658, 41.979559994076958 ], [ 21.427618, 41.978484194076401 ], [ 21.4264593, 41.978000694076215 ] ] ] } },
{ "type": "Feature", "properties": { "admin_id": "2440308", "name_local": "Општина Сарај", "name_en": "Municipality of Saraj", "name_en_status": "OSM_NAME_EN", "source_name": "Општина Сарај", "source_admin_level": "7", "source_osm_relation_id": "2440308", "source_name_en": "Municipality of Saraj" }, "geometry": { "type": "Polygon", "coordinates": [ [ [ 21.2489473, 42.090809494126141 ], [ 21.2447845, 42.093565294127359 ], [ 21.2391347, 42.093891994127517 ], [ 21.2374451, 42.094689094127837 ], [ 21.2334426, 42.095313694128109 ], [ 21.2334527, 42.098240094129444 ], [ 21.2304775, 42.09736559412903 ], [ 21.2297074, 42.09606169412848 ], [ 21.229209, 42.096770194128787 ], [ 21.2276727, 42.097167394128945 ], [ 21.2269869, 42.095907294128416 ], [ 21.2255697, 42.095353694128164 ], [ 21.224329, 42.095554494128223 ], [ 21.2224731, 42.093631194127433 ], [ 21.221385, 42.09611989412852 ], [ 21.2221079, 42.097579094129173 ], [ 21.2216357, 42.099722494130084 ], [ 21.2201988, 42.100880094130602 ], [ 21.2203939, 42.102017294131088 ], [ 21.219057599999989, 42.102163994131168 ], [ 21.2165312, 42.104134394132025 ], [ 21.2163539, 42.105375794132584 ], [ 21.2142291, 42.107686694133626 ], [ 21.2143596, 42.108603394134036 ], [ 21.2126839, 42.110759894134951 ], [ 21.2118477, 42.109641094134439 ], [ 21.2069553, 42.106584594133118 ], [ 21.1986297, 42.105629494132707 ], [ 21.1957973, 42.104610594132247 ], [ 21.1927074, 42.102254394131201 ], [ 21.1883301, 42.102572794131362 ], [ 21.1822361, 42.101872294131063 ], [ 21.1820517, 42.103269294131678 ], [ 21.1781162, 42.103209594131656 ], [ 21.1763996, 42.102572794131362 ], [ 21.1727947, 42.102381794131269 ], [ 21.1695331, 42.100216594130316 ], [ 21.1659282, 42.101171794130735 ], [ 21.1627525, 42.099388694129928 ], [ 21.158461, 42.100534994130477 ], [ 21.1549768, 42.098658294129642 ], [ 21.155752, 42.094555194127778 ], [ 21.1622387, 42.091386594126384 ], [ 21.1624447, 42.086703394124363 ], [ 21.1595264, 42.085215994123729 ], [ 21.1575854, 42.081608794122083 ], [ 21.1577367, 42.076760294119964 ], [ 21.1591262, 42.07715279412016 ], [ 21.1598396, 42.078890694120872 ], [ 21.1628437, 42.079081894120947 ], [ 21.1650753, 42.079973694121364 ], [ 21.1660194, 42.081247794121943 ], [ 21.1701393, 42.08239439412246 ], [ 21.1712551, 42.083795894123085 ], [ 21.1750317, 42.084305494123313 ], [ 21.1753321, 42.088031794124959 ], [ 21.1789799, 42.09156689412648 ], [ 21.182857, 42.093255694127244 ], [ 21.1821985, 42.092426694126885 ], [ 21.1825848, 42.092140094126755 ], [ 21.1861467, 42.09089809412616 ], [ 21.1861467, 42.087649594124763 ], [ 21.18752, 42.083572894122959 ], [ 21.1884212, 42.082330694122426 ], [ 21.1900949, 42.081916694122263 ], [ 21.18958, 42.077648494120304 ], [ 21.191597, 42.076342494119778 ], [ 21.1940432, 42.076119494119631 ], [ 21.1945581, 42.073825994118636 ], [ 21.193614, 42.070640294117247 ], [ 21.1927557, 42.069875794116889 ], [ 21.1952019, 42.067804994115953 ], [ 21.1969614, 42.067454594115873 ], [ 21.1934423, 42.065606794115027 ], [ 21.191983199999989, 42.064077494114386 ], [ 21.1919282, 42.062637794113691 ], [ 21.1912322, 42.062904594113824 ], [ 21.1897087, 42.061496794113197 ], [ 21.1843872, 42.0598398941125 ], [ 21.1797523, 42.056526194111001 ], [ 21.1750317, 42.054295694110039 ], [ 21.1719847, 42.052033194109001 ], [ 21.1707401, 42.049706894107992 ], [ 21.1679077, 42.049643194107958 ], [ 21.1665237, 42.048796694107587 ], [ 21.1673874, 42.048647294107518 ], [ 21.1683798, 42.046806894106687 ], [ 21.1702681, 42.045914594106343 ], [ 21.1696672, 42.043938694105421 ], [ 21.1710405, 42.041835194104486 ], [ 21.1716413, 42.039349194103373 ], [ 21.1737442, 42.037596194102584 ], [ 21.1760187, 42.036671794102212 ], [ 21.1777353, 42.034313094101137 ], [ 21.1727571, 42.028192794098466 ], [ 21.1638308, 42.020621294095115 ], [ 21.1570072, 42.017703994093793 ], [ 21.1498886, 42.012833594091639 ], [ 21.1560202, 42.00345049408751 ], [ 21.156621, 41.99949589408574 ], [ 21.1634874, 41.995541094083983 ], [ 21.1658049, 41.993436094083059 ], [ 21.1680365, 41.99018259408161 ], [ 21.1718988, 41.987566994080481 ], [ 21.1734116, 41.985341994079462 ], [ 21.1731573, 41.984714594079186 ], [ 21.1751175, 41.984345194079026 ], [ 21.1765766, 41.984791794079221 ], [ 21.1782932, 41.983324394078537 ], [ 21.1815548, 41.982175894078054 ], [ 21.1843014, 41.979687594076971 ], [ 21.1919403, 41.979559994076943 ], [ 21.1934853, 41.980325594077229 ], [ 21.1947083, 41.979981194077105 ], [ 21.1931473, 41.978955794076633 ], [ 21.1919403, 41.979177094076732 ], [ 21.1893654, 41.978411494076383 ], [ 21.18752, 41.976975794075784 ], [ 21.1871767, 41.971807194073463 ], [ 21.1878633, 41.969637494072494 ], [ 21.187005, 41.967914494071742 ], [ 21.1876917, 41.966063794070926 ], [ 21.1891508, 41.964595894070229 ], [ 21.1884212, 41.963415194069746 ], [ 21.1873484, 41.963255694069659 ], [ 21.1877775, 41.962489794069313 ], [ 21.1872625, 41.960766594068559 ], [ 21.1883783, 41.959362394067945 ], [ 21.1868602, 41.955484894066196 ], [ 21.1834002, 41.951000794064235 ], [ 21.1835718, 41.949660294063619 ], [ 21.1827135, 41.948511194063101 ], [ 21.1831856, 41.947457894062644 ], [ 21.1851597, 41.946308794062091 ], [ 21.1878633, 41.945899894061988 ], [ 21.183486, 41.943978694061094 ], [ 21.1869192, 41.940084294059382 ], [ 21.1863613, 41.939669294059172 ], [ 21.1846447, 41.939988494059286 ], [ 21.1841726, 41.938615794058684 ], [ 21.1830139, 41.938328494058574 ], [ 21.1823702, 41.93740269405815 ], [ 21.1863184, 41.934976494057075 ], [ 21.1844301, 41.932358594055948 ], [ 21.1827135, 41.931209294055392 ], [ 21.1825418, 41.929995994054899 ], [ 21.1867476, 41.92188599405128 ], [ 21.1869192, 41.920480994050664 ], [ 21.1800957, 41.917064094049138 ], [ 21.1766906, 41.9143326940479 ], [ 21.1813831, 41.910421494046183 ], [ 21.1839581, 41.910293794046119 ], [ 21.1867046, 41.907802594044988 ], [ 21.1888504, 41.907610994044894 ], [ 21.1912966, 41.904321194043447 ], [ 21.1937428, 41.90365049404312 ], [ 21.1969185, 41.901414594042187 ], [ 21.1991501, 41.900456394041754 ], [ 21.2011242, 41.900328594041653 ], [ 21.2100506, 41.896175994039801 ], [ 21.2167982, 41.894180394038912 ], [ 21.2187624, 41.895760694039623 ], [ 21.2203074, 41.898699494040919 ], [ 21.2244701, 41.902308994042592 ], [ 21.2430096, 41.912273894046962 ], [ 21.2465286, 41.912401594047047 ], [ 21.2515068, 41.913678994047643 ], [ 21.2547684, 41.913487394047529 ], [ 21.262321499999988, 41.914253894047896 ], [ 21.2648535, 41.915690994048518 ], [ 21.2659264, 41.917447294049282 ], [ 21.2697029, 41.918533094049735 ], [ 21.281972, 41.919971994050428 ], [ 21.2811774, 41.92672739405343 ], [ 21.2816469, 41.927529394053764 ], [ 21.2829691, 41.928479394054207 ], [ 21.2852383, 41.928176094054095 ], [ 21.2877274, 41.92964479405471 ], [ 21.292104699999989, 41.930538794055174 ], [ 21.2951517, 41.932230894055884 ], [ 21.2965679, 41.934689194056951 ], [ 21.3012886, 41.935391494057264 ], [ 21.3043686, 41.937083794058033 ], [ 21.3057089, 41.938743494058734 ], [ 21.3053656, 41.942191094060277 ], [ 21.3024688, 41.947324294062589 ], [ 21.3098717, 41.948415494063056 ], [ 21.3124466, 41.950889094064181 ], [ 21.3195705, 41.952373194064791 ], [ 21.3207802, 41.956627794066719 ], [ 21.3229345, 41.959914894068184 ], [ 21.3279819, 41.95996879406821 ], [ 21.3328582, 41.961209394068725 ], [ 21.347723, 41.960734694068556 ], [ 21.3516712, 41.961564394068922 ], [ 21.3565636, 41.963670494069866 ], [ 21.363937, 41.963676494069865 ], [ 21.3626146, 41.966191394070982 ], [ 21.360383, 41.96842499407196 ], [ 21.3595247, 41.970977594073069 ], [ 21.3584089, 41.978634794076534 ], [ 21.3586664, 41.981186994077611 ], [ 21.3578081, 41.982016394077981 ], [ 21.3578939, 41.983164894078463 ], [ 21.3591814, 41.985206494079399 ], [ 21.3605547, 41.986099694079776 ], [ 21.3620138, 41.988842894081024 ], [ 21.3642454, 41.990820594081903 ], [ 21.3656187, 41.996944494084588 ], [ 21.3670792, 41.998022894085118 ], [ 21.3686116, 41.998076494085119 ], [ 21.3681051, 41.999525294085799 ], [ 21.3624349, 42.00069389408629 ], [ 21.356176, 41.998425494085268 ], [ 21.3542166, 41.998319894085192 ], [ 21.3521004, 41.999075394085573 ], [ 21.3452455, 42.003439894087478 ], [ 21.3411207, 42.002850594087278 ], [ 21.3356638, 42.006151194088716 ], [ 21.3314491, 42.006096694088662 ], [ 21.3276101, 42.005112694088233 ], [ 21.324918899999989, 42.006603594088872 ], [ 21.3213022, 42.007328394089228 ], [ 21.3251697, 42.010271694090541 ], [ 21.32339, 42.01129509409094 ], [ 21.32442, 42.014866294092542 ], [ 21.3227892, 42.015695294092929 ], [ 21.3212442, 42.017735894093839 ], [ 21.3213301, 42.019074994094431 ], [ 21.320343, 42.018979294094365 ], [ 21.3175965, 42.02161359409552 ], [ 21.317938399999989, 42.022053894095727 ], [ 21.3170815, 42.022741394096045 ], [ 21.3158798, 42.022613894096004 ], [ 21.3148069, 42.023602194096426 ], [ 21.3133478, 42.02640759409767 ], [ 21.3143671, 42.027714594098242 ], [ 21.3134336, 42.030806694099617 ], [ 21.3159657, 42.031412394099874 ], [ 21.320343, 42.028160894098441 ], [ 21.3212442, 42.029722894099173 ], [ 21.3225746, 42.030328594099409 ], [ 21.3239479, 42.028734694098695 ], [ 21.3231325, 42.033165594100659 ], [ 21.3199997, 42.034536194101292 ], [ 21.3180256, 42.034536194101307 ], [ 21.3174677, 42.035970594101919 ], [ 21.3161802, 42.036353094102097 ], [ 21.3154936, 42.038392994102963 ], [ 21.3133049, 42.04052839410393 ], [ 21.3115883, 42.040273494103829 ], [ 21.3103867, 42.039380994103432 ], [ 21.3090134, 42.039954694103663 ], [ 21.304636, 42.039189794103322 ], [ 21.301589, 42.04298249410499 ], [ 21.2979412, 42.044799094105834 ], [ 21.2957096, 42.044289194105609 ], [ 21.294508, 42.043333094105179 ], [ 21.2921208, 42.043735494105356 ], [ 21.2916327, 42.044129894105531 ], [ 21.2921476, 42.044830994105816 ], [ 21.2862253, 42.049929994108084 ], [ 21.2839508, 42.05142769410871 ], [ 21.2819338, 42.051905694108989 ], [ 21.2817621, 42.054646194110191 ], [ 21.2789297, 42.058214894111742 ], [ 21.2785864, 42.060190394112603 ], [ 21.2730503, 42.064236794114443 ], [ 21.2686729, 42.066658094115446 ], [ 21.2651539, 42.067804994115967 ], [ 21.2633514, 42.069589094116793 ], [ 21.2563133, 42.069971294116932 ], [ 21.2497084, 42.071671694117718 ], [ 21.2516356, 42.074654194119027 ], [ 21.2482023, 42.078158094120575 ], [ 21.2476015, 42.081024794121802 ], [ 21.2481165, 42.082681094122599 ], [ 21.2475157, 42.084974294123583 ], [ 21.2491465, 42.090070094125835 ], [ 21.2489473, 42.090809494126141 ] ] ] } },
{ "type": "Feature", "properties": { "admin_id": "2440352", "name_local": "Општина Ѓорче Петров", "name_en": "Municipality of Gjorche Petrov", "name_en_status": "OSM_NAME_EN", "source_name": "Општина Ѓорче Петров", "source_admin_level": "7", "source_osm_relation_id": "2440352", "source_name_en": "Municipality of Gjorche Petrov" }, "geometry": { "type": "Polygon", "coordinates": [ [ [ 21.3447668, 42.003572594087537 ], [ 21.3534884, 41.998475394085297 ], [ 21.3558649, 41.998355794085228 ], [ 21.3605372, 42.000372894086155 ], [ 21.3637707, 42.000644094086248 ], [ 21.3679358, 41.999651194085843 ], [ 21.368883, 41.997444794084807 ], [ 21.3700041, 41.996976394084598 ], [ 21.375449, 41.999671394085794 ], [ 21.3772238, 42.001386694086577 ], [ 21.367415499999989, 42.00714719408915 ], [ 21.3688449, 42.009175994090064 ], [ 21.3725987, 42.010067894090419 ], [ 21.3714575, 42.014222894092285 ], [ 21.3735259, 42.013804094092073 ], [ 21.374407, 42.014190694092264 ], [ 21.3697386, 42.016524294093273 ], [ 21.3687783, 42.0200951940949 ], [ 21.3652754, 42.022390694095876 ], [ 21.3636446, 42.024686094096914 ], [ 21.3638163, 42.026152494097552 ], [ 21.367507, 42.030296694099391 ], [ 21.3676357, 42.034428594101207 ], [ 21.3687086, 42.03686309410228 ], [ 21.3677645, 42.039667894103545 ], [ 21.3673353, 42.042536294104792 ], [ 21.3678383, 42.045013694105918 ], [ 21.366477, 42.051013494108602 ], [ 21.366477, 42.051905694108989 ], [ 21.368022, 42.053753894109768 ], [ 21.3656187, 42.055028494110317 ], [ 21.365447, 42.056876694111125 ], [ 21.363945, 42.057227194111313 ], [ 21.362958, 42.058214894111735 ], [ 21.362958, 42.062038394113458 ], [ 21.3621855, 42.062803094113768 ], [ 21.362443, 42.065797894115121 ], [ 21.3640738, 42.066626194115479 ], [ 21.3645029, 42.0688562941165 ], [ 21.3620138, 42.070003194116971 ], [ 21.360597599999988, 42.072456194118061 ], [ 21.3581514, 42.072870294118268 ], [ 21.356864, 42.075036394119174 ], [ 21.3566065, 42.077202494120108 ], [ 21.354332, 42.077489194120247 ], [ 21.353206799999988, 42.076971594120046 ], [ 21.3532591, 42.07879519412085 ], [ 21.3504696, 42.079846294121332 ], [ 21.3468255, 42.079481094121157 ], [ 21.3460922, 42.077489194120254 ], [ 21.3439465, 42.077743994120361 ], [ 21.3424873, 42.077298094120195 ], [ 21.3393545, 42.080642594121642 ], [ 21.3370371, 42.081852994122208 ], [ 21.3369513, 42.084400994123321 ], [ 21.3358355, 42.085165394123685 ], [ 21.3365221, 42.088031794124952 ], [ 21.3360071, 42.091025494126256 ], [ 21.3276386, 42.10506829413243 ], [ 21.3258362, 42.104940894132383 ], [ 21.3236904, 42.105641394132711 ], [ 21.3212942, 42.10801799413376 ], [ 21.3183732, 42.107231394133407 ], [ 21.3171961, 42.107533594133528 ], [ 21.3087092, 42.10613839413292 ], [ 21.3034979, 42.104474394132168 ], [ 21.3034281, 42.105980894132834 ], [ 21.3015078, 42.107123994133332 ], [ 21.2992445, 42.110031294134643 ], [ 21.2993601, 42.11092729413501 ], [ 21.2983694, 42.110865394135033 ], [ 21.2973641, 42.112546794135724 ], [ 21.294665, 42.111958394135499 ], [ 21.2953436, 42.110598694134922 ], [ 21.2941742, 42.109774194134502 ], [ 21.2942388, 42.109166494134286 ], [ 21.2925512, 42.108624194134038 ], [ 21.2931672, 42.108013094133746 ], [ 21.2920611, 42.107112094133356 ], [ 21.2929, 42.10637319413307 ], [ 21.2910204, 42.105389194132584 ], [ 21.2913479, 42.10509549413247 ], [ 21.2892179, 42.104551694132233 ], [ 21.2833725, 42.101289394130788 ], [ 21.2812804, 42.102056494131148 ], [ 21.2806765, 42.100794794130543 ], [ 21.278888099999989, 42.101042594130689 ], [ 21.2785581, 42.100203494130319 ], [ 21.2754332, 42.097881194129307 ], [ 21.2745321, 42.097791294129266 ], [ 21.2726113, 42.095931594128409 ], [ 21.2658546, 42.094314694127739 ], [ 21.2575202, 42.093911294127501 ], [ 21.2568786, 42.092785894126997 ], [ 21.2559218, 42.093115894127202 ], [ 21.2509125, 42.09229749412679 ], [ 21.2457953, 42.092674394126995 ], [ 21.2489473, 42.090809494126141 ], [ 21.2491465, 42.090070094125835 ], [ 21.2475157, 42.084974294123583 ], [ 21.2481165, 42.082681094122599 ], [ 21.2476015, 42.081024794121802 ], [ 21.2482023, 42.078158094120575 ], [ 21.2516356, 42.074654194119027 ], [ 21.2497084, 42.071671694117718 ], [ 21.2563133, 42.069971294116932 ], [ 21.2633514, 42.069589094116793 ], [ 21.2651539, 42.067804994115967 ], [ 21.2686729, 42.066658094115446 ], [ 21.2730503, 42.064236794114443 ], [ 21.2785864, 42.060190394112603 ], [ 21.2789297, 42.058214894111742 ], [ 21.2817621, 42.054646194110191 ], [ 21.2819338, 42.051905694108989 ], [ 21.2839508, 42.05142769410871 ], [ 21.2862253, 42.049929994108084 ], [ 21.2921476, 42.044830994105816 ], [ 21.2916327, 42.044129894105531 ], [ 21.2921208, 42.043735494105356 ], [ 21.294508, 42.043333094105179 ], [ 21.2957096, 42.044289194105609 ], [ 21.2979412, 42.044799094105834 ], [ 21.301589, 42.04298249410499 ], [ 21.304636, 42.039189794103322 ], [ 21.3090134, 42.039954694103663 ], [ 21.3103867, 42.039380994103432 ], [ 21.3115883, 42.040273494103829 ], [ 21.3133049, 42.04052839410393 ], [ 21.3154936, 42.038392994102963 ], [ 21.3161802, 42.036353094102097 ], [ 21.3174677, 42.035970594101919 ], [ 21.3180256, 42.034536194101307 ], [ 21.3199997, 42.034536194101292 ], [ 21.3231325, 42.033165594100659 ], [ 21.3239479, 42.028734694098695 ], [ 21.3225746, 42.030328594099409 ], [ 21.3212442, 42.029722894099173 ], [ 21.320343, 42.028160894098441 ], [ 21.3159657, 42.031412394099874 ], [ 21.3134336, 42.030806694099617 ], [ 21.3143671, 42.027714594098242 ], [ 21.3133478, 42.02640759409767 ], [ 21.3148069, 42.023602194096426 ], [ 21.3158798, 42.022613894096004 ], [ 21.3170815, 42.022741394096045 ], [ 21.317938399999989, 42.022053894095727 ], [ 21.3175965, 42.02161359409552 ], [ 21.320343, 42.018979294094365 ], [ 21.3213301, 42.019074994094431 ], [ 21.3212442, 42.017735894093839 ], [ 21.3227892, 42.015695294092929 ], [ 21.32442, 42.014866294092542 ], [ 21.32339, 42.01129509409094 ], [ 21.3251697, 42.010271694090541 ], [ 21.3213022, 42.007328394089228 ], [ 21.324918899999989, 42.006603594088872 ], [ 21.3276101, 42.005112694088233 ], [ 21.3314491, 42.006096694088662 ], [ 21.3356638, 42.006151194088716 ], [ 21.3406581, 42.002996094087315 ], [ 21.3420547, 42.002783294087237 ], [ 21.3447668, 42.003572594087537 ] ] ] } },
{ "type": "Feature", "properties": { "admin_id": "2440380", "name_local": "Општина Карпош", "name_en": "Municipality of Karposh", "name_en_status": "OSM_NAME_EN", "source_name": "Општина Карпош", "source_admin_level": "7", "source_osm_relation_id": "2440380", "source_name_en": "Municipality of Karposh" }, "geometry": { "type": "Polygon", "coordinates": [ [ [ 21.4354599, 41.966108094070947 ], [ 21.4360428, 41.966845494071244 ], [ 21.436986900000012, 41.966175394070959 ], [ 21.4391756, 41.966781694071202 ], [ 21.4404416, 41.968807894072135 ], [ 21.4401412, 41.969477994072442 ], [ 21.4326954, 41.972748394073875 ], [ 21.4323306, 41.974008694074385 ], [ 21.4283824, 41.976720594075644 ], [ 21.4276314, 41.977827194076099 ], [ 21.4264854, 41.977768394076158 ], [ 21.4250994, 41.978586894076479 ], [ 21.423254, 41.980532994077336 ], [ 21.4208508, 41.981362394077728 ], [ 21.4190054, 41.980277794077224 ], [ 21.4130402, 41.981298594077678 ], [ 21.411345, 41.982622494078278 ], [ 21.4102292, 41.985684994079627 ], [ 21.4071822, 41.986833294080114 ], [ 21.4057231, 41.989544694081374 ], [ 21.4063239, 41.991873194082373 ], [ 21.4079332, 41.993101194082925 ], [ 21.411213, 41.993473594083085 ], [ 21.4136169, 42.001709194086708 ], [ 21.4163358, 42.004881494088124 ], [ 21.4169197, 42.005494394088444 ], [ 21.4187348, 42.004543294087995 ], [ 21.4212127, 42.007075694089082 ], [ 21.4219305, 42.006651094088937 ], [ 21.4242642, 42.00903819408996 ], [ 21.4196491, 42.012841594091661 ], [ 21.4147568, 42.01411699409222 ], [ 21.4266634, 42.011781594091197 ], [ 21.4278889, 42.012195894091384 ], [ 21.4280833, 42.011499394091089 ], [ 21.4298254, 42.011761394091174 ], [ 21.4297342, 42.013463394091964 ], [ 21.4305067, 42.01416479409226 ], [ 21.4286058, 42.016730894093378 ], [ 21.4295071, 42.017372594093672 ], [ 21.428203, 42.018529694094148 ], [ 21.427851, 42.020101594094889 ], [ 21.4290367, 42.020457994095018 ], [ 21.4294893, 42.022463894095921 ], [ 21.430379, 42.022563394096004 ], [ 21.4297879, 42.025305294097222 ], [ 21.4265485, 42.025640694097298 ], [ 21.4215369, 42.027199994097998 ], [ 21.4189141, 42.027018994097958 ], [ 21.4116506, 42.025123594097096 ], [ 21.409467, 42.025139294097102 ], [ 21.4092763, 42.026634094097794 ], [ 21.4080003, 42.027188594098021 ], [ 21.4022255, 42.026710394097769 ], [ 21.3997149, 42.028543394098627 ], [ 21.3965821, 42.032655594100426 ], [ 21.3923764, 42.035556194101723 ], [ 21.3901019, 42.040815294104057 ], [ 21.3888574, 42.04094279410409 ], [ 21.3895869, 42.04365179410528 ], [ 21.3888807, 42.044490894105671 ], [ 21.3829136, 42.045245294106032 ], [ 21.3808537, 42.043333094105179 ], [ 21.3767338, 42.043141894105069 ], [ 21.3746384, 42.044960994105892 ], [ 21.37333, 42.044142494105529 ], [ 21.3698168, 42.044458294105659 ], [ 21.3692047, 42.045169094105958 ], [ 21.3676196, 42.044536194105731 ], [ 21.3673353, 42.042536294104792 ], [ 21.3687086, 42.03686309410228 ], [ 21.3676357, 42.034428594101207 ], [ 21.367507, 42.030296694099391 ], [ 21.3638163, 42.026152494097552 ], [ 21.3636446, 42.024686094096914 ], [ 21.3652754, 42.022390694095876 ], [ 21.3687783, 42.0200951940949 ], [ 21.3697386, 42.016524294093273 ], [ 21.374407, 42.014190694092264 ], [ 21.3735259, 42.013804094092073 ], [ 21.3714575, 42.014222894092285 ], [ 21.3725987, 42.010067894090419 ], [ 21.3688449, 42.009175994090064 ], [ 21.3673682, 42.007253594089192 ], [ 21.3772238, 42.001386694086577 ], [ 21.375449, 41.999671394085794 ], [ 21.3705862, 41.997099994084671 ], [ 21.3693912, 41.997086994084661 ], [ 21.3678865, 41.998159394085128 ], [ 21.3656187, 41.996944494084588 ], [ 21.3642454, 41.990820594081903 ], [ 21.3620138, 41.988842894081024 ], [ 21.3605547, 41.986099694079776 ], [ 21.3591814, 41.985206494079399 ], [ 21.3578939, 41.983164894078463 ], [ 21.3578081, 41.982016394077981 ], [ 21.3586664, 41.981186994077611 ], [ 21.3584089, 41.978634794076534 ], [ 21.3595247, 41.970977594073069 ], [ 21.360383, 41.96842499407196 ], [ 21.3626146, 41.966191394070982 ], [ 21.3639276, 41.963642594069817 ], [ 21.3696957, 41.964308694070155 ], [ 21.3746738, 41.963798194069874 ], [ 21.3824844, 41.964181094070092 ], [ 21.3893924, 41.963637794069847 ], [ 21.3970878, 41.965480894070694 ], [ 21.3992516, 41.964875594070371 ], [ 21.4051008, 41.965186194070505 ], [ 21.4098644, 41.963590694069801 ], [ 21.4104223, 41.965281994070516 ], [ 21.4149284, 41.965377694070568 ], [ 21.4170313, 41.964803294070336 ], [ 21.4174604, 41.965409594070621 ], [ 21.4267302, 41.963718394069872 ], [ 21.4288759, 41.96381409406991 ], [ 21.4301205, 41.964707594070319 ], [ 21.4354599, 41.966108094070947 ] ] ] } },
{ "type": "Feature", "properties": { "admin_id": "2454874", "name_local": "Општина Кочани", "name_en": "Municipality of Kochani", "name_en_status": "OSM_NAME_EN", "source_name": "Општина Кочани", "source_admin_level": "7", "source_osm_relation_id": "2454874", "source_name_en": "Municipality of Kochani" }, "geometry": { "type": "Polygon", "coordinates": [ [ [ 22.4661988, 41.894662594039104 ], [ 22.4648952, 41.893364794038597 ], [ 22.4620628, 41.892342494038111 ], [ 22.4590588, 41.892023094037974 ], [ 22.4560118, 41.890265994037165 ], [ 22.4518061, 41.883940094034358 ], [ 22.4528575, 41.880329594032752 ], [ 22.4482441, 41.880010094032592 ], [ 22.4370834, 41.877077394031268 ], [ 22.4344254, 41.875025294030394 ], [ 22.4303055, 41.874641894030219 ], [ 22.4273872, 41.873555394029722 ], [ 22.4271297, 41.8727245940294 ], [ 22.4226665, 41.874833594030306 ], [ 22.4215508, 41.874386194030116 ], [ 22.4179459, 41.874386194030116 ], [ 22.4168301, 41.873427594029657 ], [ 22.4139977, 41.8734914940297 ], [ 22.4129677, 41.871829794028955 ], [ 22.4050713, 41.869976294028163 ], [ 22.4045992, 41.868921694027684 ], [ 22.4020672, 41.868058794027277 ], [ 22.3989639, 41.864870894025877 ], [ 22.3977864, 41.864393494025663 ], [ 22.3957922, 41.867093094026899 ], [ 22.3916817, 41.866013394026375 ], [ 22.3873043, 41.863009194025061 ], [ 22.381897, 41.86249779402479 ], [ 22.377934, 41.861246294024227 ], [ 22.3745155, 41.864031894025487 ], [ 22.3711252, 41.865086594025961 ], [ 22.3705673, 41.866780494026727 ], [ 22.3682499, 41.866396894026543 ], [ 22.36781, 41.867155994026895 ], [ 22.3683116, 41.867605394027116 ], [ 22.3669624, 41.867930994027247 ], [ 22.3620701, 41.866972194026786 ], [ 22.3596239, 41.868218594027347 ], [ 22.3619843, 41.869976294028163 ], [ 22.360611, 41.869848394028118 ], [ 22.3572636, 41.871190594028704 ], [ 22.3558903, 41.871190594028704 ], [ 22.3534012, 41.873299794029634 ], [ 22.3510408, 41.872496894029254 ], [ 22.3523283, 41.87492949403034 ], [ 22.3507833, 41.881575794033317 ], [ 22.3516417, 41.883876194034343 ], [ 22.3506385, 41.886811594035635 ], [ 22.3457623, 41.88697539403573 ], [ 22.3452902, 41.887518494035959 ], [ 22.3441744, 41.90144659404217 ], [ 22.3462343, 41.901893694042414 ], [ 22.3440886, 41.905790494044091 ], [ 22.3451185, 41.912880694047288 ], [ 22.344346, 41.916712894049013 ], [ 22.3459768, 41.923482494051989 ], [ 22.3473501, 41.924568094052475 ], [ 22.3481226, 41.927441794053728 ], [ 22.3506117, 41.930059894054942 ], [ 22.3497537, 41.935867594057484 ], [ 22.3444748, 41.934689194056951 ], [ 22.3373508, 41.935263794057207 ], [ 22.3355484, 41.934433794056858 ], [ 22.3334026, 41.934306094056844 ], [ 22.3279953, 41.935263794057221 ], [ 22.3217002, 41.934930594057057 ], [ 22.3218584, 41.938041194058449 ], [ 22.3182535, 41.940211994059425 ], [ 22.317524, 41.941712294060039 ], [ 22.3162794, 41.941999594060221 ], [ 22.31679440000001, 41.943021094060654 ], [ 22.314023, 41.943892894061086 ], [ 22.3107862, 41.939701194059168 ], [ 22.3113012, 41.93306099405622 ], [ 22.3042202, 41.933667594056509 ], [ 22.3022032, 41.934529594056883 ], [ 22.301130300000011, 41.936476994057756 ], [ 22.2988987, 41.937179294058048 ], [ 22.2955942, 41.939509694059097 ], [ 22.2895432, 41.946181194062049 ], [ 22.2873116, 41.945925794061942 ], [ 22.2834063, 41.943595594060945 ], [ 22.2802305, 41.939956594059311 ], [ 22.2802305, 41.937913494058385 ], [ 22.2816896, 41.936955794057987 ], [ 22.2816038, 41.935167994057153 ], [ 22.2827357, 41.934246194056819 ], [ 22.277612699999988, 41.935327694057257 ], [ 22.2741795, 41.936796194057919 ], [ 22.2719479, 41.936413094057741 ], [ 22.2692871, 41.934944594057114 ], [ 22.2673881, 41.935806494057445 ], [ 22.2643948, 41.935583094057357 ], [ 22.2625923, 41.936732294057897 ], [ 22.257185, 41.937945394058396 ], [ 22.2552431, 41.939509694059105 ], [ 22.2552538, 41.945510794061775 ], [ 22.2538322, 41.952253494064756 ], [ 22.2567558, 41.952245494064748 ], [ 22.2574425, 41.953266794065264 ], [ 22.258729899999988, 41.95326679406525 ], [ 22.2595024, 41.954096594065589 ], [ 22.2615623, 41.954096594065597 ], [ 22.2610044, 41.957256194067028 ], [ 22.2639656, 41.958564594067546 ], [ 22.2657681, 41.958692294067646 ], [ 22.2670984, 41.959809194068136 ], [ 22.2669268, 41.962489794069313 ], [ 22.2683859, 41.964404494070166 ], [ 22.2659826, 41.96829739407189 ], [ 22.2665459, 41.970638594072966 ], [ 22.2720337, 41.969605594072512 ], [ 22.2752953, 41.96718059407138 ], [ 22.2768261, 41.966971694071319 ], [ 22.2794151, 41.967435794071541 ], [ 22.2851658, 41.971200994073193 ], [ 22.2908306, 41.973370594074126 ], [ 22.2932339, 41.973561994074267 ], [ 22.2964525, 41.976146294075363 ], [ 22.2975683, 41.978507194076435 ], [ 22.2989845, 41.978794294076593 ], [ 22.3018599, 41.980740394077394 ], [ 22.3057222, 41.98482369407926 ], [ 22.3061514, 41.988141194080711 ], [ 22.3087263, 41.99075679408184 ], [ 22.311717, 41.995264094083893 ], [ 22.3142624, 41.996529894084425 ], [ 22.3166656, 41.996721194084557 ], [ 22.3198414, 41.998252094085181 ], [ 22.3216438, 41.998379694085237 ], [ 22.3232746, 41.999974294085938 ], [ 22.3245487, 42.000147694086081 ], [ 22.3222017, 42.000835394086351 ], [ 22.3215151, 42.002366194087003 ], [ 22.3214293, 42.003705594087592 ], [ 22.3232317, 42.004981194088153 ], [ 22.3233175, 42.006639494088894 ], [ 22.326622, 42.008520894089749 ], [ 22.3293686, 42.009094894089984 ], [ 22.3330593, 42.011008094090847 ], [ 22.3346901, 42.0108805940908 ], [ 22.3394108, 42.013558994091987 ], [ 22.3431015, 42.014579294092457 ], [ 22.3459768, 42.017990894093934 ], [ 22.3482084, 42.019266294094486 ], [ 22.35044, 42.023028294096193 ], [ 22.3539591, 42.024558594096874 ], [ 22.3540449, 42.027873994098314 ], [ 22.3528433, 42.030487994099474 ], [ 22.35495, 42.034299194101173 ], [ 22.3558567, 42.038367094102981 ], [ 22.3561818, 42.039071494103283 ], [ 22.361047, 42.042013494104616 ], [ 22.3628855, 42.044193594105572 ], [ 22.3625422, 42.045914594106343 ], [ 22.3634863, 42.048081694107267 ], [ 22.363143, 42.051204694108648 ], [ 22.3606539, 42.055920794110726 ], [ 22.3612547, 42.057004094111235 ], [ 22.3606539, 42.058151194111737 ], [ 22.3620272, 42.060254094112679 ], [ 22.3624563, 42.063057894113925 ], [ 22.3644733, 42.06328099411401 ], [ 22.3677778, 42.065734194115123 ], [ 22.3674345, 42.071850894117752 ], [ 22.369666099999989, 42.075673494119449 ], [ 22.3737431, 42.079145594121002 ], [ 22.3793221, 42.081120394121896 ], [ 22.3793221, 42.083095194122762 ], [ 22.381382, 42.082712994122588 ], [ 22.3820257, 42.084783194123503 ], [ 22.3830128, 42.085579494123827 ], [ 22.384901, 42.085961694123995 ], [ 22.3867035, 42.08551579412385 ], [ 22.3876905, 42.086821594124395 ], [ 22.3864031, 42.090133794125848 ], [ 22.3800945, 42.093541294127355 ], [ 22.3773909, 42.095674894128308 ], [ 22.371726, 42.102361894131256 ], [ 22.3681211, 42.104399694132148 ], [ 22.3663187, 42.106946794133286 ], [ 22.3644304, 42.108411394133931 ], [ 22.3634005, 42.11032159413476 ], [ 22.3637438, 42.111658794135359 ], [ 22.3628855, 42.112486494135702 ], [ 22.3634026, 42.114813294136759 ], [ 22.3706532, 42.118184894138217 ], [ 22.3799229, 42.119076194138621 ], [ 22.3832327, 42.120411094139207 ], [ 22.3901367, 42.119076194138607 ], [ 22.3935699, 42.119521794138826 ], [ 22.398634, 42.118121194138205 ], [ 22.4055004, 42.114173794136484 ], [ 22.4096203, 42.113982794136405 ], [ 22.4164867, 42.115001494136877 ], [ 22.4256706, 42.119840194138909 ], [ 22.4291039, 42.119394494138817 ], [ 22.4327946, 42.119712794138927 ], [ 22.436662299999984, 42.11906619413864 ], [ 22.446785, 42.12264129414018 ], [ 22.4517632, 42.123468894140586 ], [ 22.4518858, 42.125830794141628 ], [ 22.4572563, 42.123914494140756 ], [ 22.4648738, 42.124025894140786 ], [ 22.4721479, 42.118916994138537 ], [ 22.4869108, 42.104272294132095 ], [ 22.486766, 42.096636194128742 ], [ 22.4764395, 42.091534994126476 ], [ 22.4710321, 42.084337294123316 ], [ 22.4686289, 42.078540394120772 ], [ 22.4689722, 42.075928394119558 ], [ 22.4681139, 42.073379994118433 ], [ 22.4688864, 42.071022594117416 ], [ 22.4712038, 42.0680279941161 ], [ 22.4731779, 42.067454594115873 ], [ 22.476182, 42.064141194114391 ], [ 22.4808598, 42.062197694113522 ], [ 22.4919319, 42.053594594109676 ], [ 22.4968243, 42.052511194109229 ], [ 22.4985409, 42.052893594109413 ], [ 22.5006866, 42.052319994109155 ], [ 22.5054073, 42.052829794109357 ], [ 22.512145, 42.05005749410816 ], [ 22.5142908, 42.044066094105538 ], [ 22.5130892, 42.041325194104239 ], [ 22.5140333, 42.040496594103921 ], [ 22.5132608, 42.039540394103476 ], [ 22.5139475, 42.037500494102588 ], [ 22.513175, 42.036608094102192 ], [ 22.5127459, 42.033420594100754 ], [ 22.5117159, 42.032273094100226 ], [ 22.512145, 42.031189294099818 ], [ 22.5111151, 42.027873994098321 ], [ 22.5114584, 42.026981394097952 ], [ 22.508325599999988, 42.025865594097432 ], [ 22.5078964, 42.025036794097083 ], [ 22.5137329, 42.020700994095158 ], [ 22.5180244, 42.019553194094605 ], [ 22.5196552, 42.021274794095397 ], [ 22.5220585, 42.021466094095473 ], [ 22.5228739, 42.020987894095271 ], [ 22.5240755, 42.01722569409359 ], [ 22.522788, 42.013718394092059 ], [ 22.5229785, 42.010040594090398 ], [ 22.5243759, 42.009541294090234 ], [ 22.5266075, 42.00979639409028 ], [ 22.5298691, 42.008648494089819 ], [ 22.5348902, 42.004343394087918 ], [ 22.5328302, 42.002366194087003 ], [ 22.5341177, 41.999559694085789 ], [ 22.5355768, 41.998539194085375 ], [ 22.5372076, 41.990118794081603 ], [ 22.5408125, 41.988332594080781 ], [ 22.5392675, 41.981378394077709 ], [ 22.5396109, 41.980357494077253 ], [ 22.5386667, 41.978251994076359 ], [ 22.5406408, 41.977550094076001 ], [ 22.5424433, 41.972955794074004 ], [ 22.5426149, 41.970722294072942 ], [ 22.5404692, 41.967722994071643 ], [ 22.5421858, 41.963510994069793 ], [ 22.5439453, 41.962394094069253 ], [ 22.5457907, 41.962043094069124 ], [ 22.5451899, 41.959107094067804 ], [ 22.5497246, 41.958724494067681 ], [ 22.5468636, 41.957032794066905 ], [ 22.5439453, 41.957926394067321 ], [ 22.538023, 41.956777494066813 ], [ 22.5369501, 41.9542561940657 ], [ 22.5396967, 41.95074539406405 ], [ 22.5380659, 41.948702694063172 ], [ 22.5389242, 41.946276894062123 ], [ 22.5357673, 41.944253994061228 ], [ 22.5321865, 41.943946794061063 ], [ 22.5296116, 41.941009994059797 ], [ 22.5243759, 41.941009994059797 ], [ 22.5232306, 41.93995059405934 ], [ 22.5222301, 41.940307694059427 ], [ 22.5214577, 41.939350094059016 ], [ 22.520299, 41.939765094059233 ], [ 22.5198269, 41.940946194059734 ], [ 22.5135183, 41.943212594060789 ], [ 22.514205, 41.944425594061272 ], [ 22.5124884, 41.945319294061697 ], [ 22.5129175, 41.948447394063102 ], [ 22.5110292, 41.951639094064518 ], [ 22.5104284, 41.954064694065615 ], [ 22.5107718, 41.956043394066434 ], [ 22.5099134, 41.957128494066929 ], [ 22.5106859, 41.957639094067204 ], [ 22.5106162, 41.958518794067587 ], [ 22.5085831, 41.959202894067872 ], [ 22.508111, 41.960319794068347 ], [ 22.5045919, 41.963064194069588 ], [ 22.50103, 41.964436394070162 ], [ 22.4990559, 41.966478594071098 ], [ 22.495451, 41.966478594071091 ], [ 22.4920177, 41.968393094071928 ], [ 22.4895287, 41.966031794070908 ], [ 22.4875116, 41.965361694070594 ], [ 22.4872112, 41.962521694069359 ], [ 22.485323, 41.962330294069218 ], [ 22.4843788, 41.961117594068718 ], [ 22.4830914, 41.960670894068521 ], [ 22.4808598, 41.961053794068683 ], [ 22.4801731, 41.959777294068139 ], [ 22.4787569, 41.959553894068016 ], [ 22.4785423, 41.95862849406759 ], [ 22.4742079, 41.956617894066703 ], [ 22.4737787, 41.952373194064798 ], [ 22.4728829, 41.952209594064755 ], [ 22.4723089, 41.950988794064223 ], [ 22.4742079, 41.945127794061577 ], [ 22.4739504, 41.943914794061065 ], [ 22.4724054, 41.941680394060086 ], [ 22.4728346, 41.940594994059587 ], [ 22.4703455, 41.938935094058856 ], [ 22.471633, 41.937530394058221 ], [ 22.471633, 41.936444994057773 ], [ 22.4704313, 41.934976494057089 ], [ 22.470603, 41.932997094056219 ], [ 22.4665689, 41.930570694055127 ], [ 22.4671698, 41.927377894053713 ], [ 22.469058, 41.92405729405224 ], [ 22.4688005, 41.922269094051451 ], [ 22.4670839, 41.919267494050096 ], [ 22.4674273, 41.918373394049681 ], [ 22.4668264, 41.917479294049294 ], [ 22.4633074, 41.914860694048151 ], [ 22.4613333, 41.912369694047044 ], [ 22.4635649, 41.907834594044985 ], [ 22.4659681, 41.906301494044342 ], [ 22.4671698, 41.904321194043455 ], [ 22.4659681, 41.90291589404282 ], [ 22.4658823, 41.901510394042205 ], [ 22.4639082, 41.900168894041599 ], [ 22.4622868, 41.897220094040264 ], [ 22.4649811, 41.897070394040227 ], [ 22.4661988, 41.894662594039104 ] ] ] } },
{ "type": "Feature", "properties": { "admin_id": "2460481", "name_local": "Општина Сопиште", "name_en": "Municipality of Sopishte", "name_en_status": "OSM_NAME_EN", "source_name": "Општина Сопиште", "source_admin_level": "7", "source_osm_relation_id": "2460481", "source_name_en": "Municipality of Sopishte" }, "geometry": { "type": "Polygon", "coordinates": [ [ [ 21.3440328, 41.81455889400339 ], [ 21.3469682, 41.8140342940032 ], [ 21.3510275, 41.823653194007434 ], [ 21.3518, 41.829281594009977 ], [ 21.3532591, 41.831392094010909 ], [ 21.3536882, 41.836508094013176 ], [ 21.354804, 41.838362594014008 ], [ 21.355834, 41.842774694016022 ], [ 21.3548899, 41.84616359401754 ], [ 21.3570786, 41.847282494018025 ], [ 21.358580599999989, 41.848848894018722 ], [ 21.3579798, 41.851662094019979 ], [ 21.3596106, 41.854730794021336 ], [ 21.3602114, 41.860420294023861 ], [ 21.3638592, 41.863392694025208 ], [ 21.3683224, 41.863456594025244 ], [ 21.3704681, 41.864031894025494 ], [ 21.3830853, 41.863866094025418 ], [ 21.3840723, 41.86515049402599 ], [ 21.383214, 41.866428894026562 ], [ 21.3833857, 41.868154694027325 ], [ 21.3853598, 41.869560794027954 ], [ 21.3850808, 41.871116694028636 ], [ 21.3836136, 41.870869094028563 ], [ 21.381669, 41.872053494029096 ], [ 21.3810682, 41.876207694030938 ], [ 21.3798988, 41.877925194031704 ], [ 21.3780749, 41.879007594032188 ], [ 21.378793699999989, 41.876431294031043 ], [ 21.3672066, 41.874002794029956 ], [ 21.3581944, 41.877517794031547 ], [ 21.3577223, 41.877933194031705 ], [ 21.3586235, 41.880010094032592 ], [ 21.3554478, 41.881863294033423 ], [ 21.3519287, 41.882054994033531 ], [ 21.3491821, 41.883460894034158 ], [ 21.3474092, 41.885940994035288 ], [ 21.3475943, 41.888285194036321 ], [ 21.3433886, 41.893524494038651 ], [ 21.3470793, 41.902276994042531 ], [ 21.3503861, 41.905985294044207 ], [ 21.3530445, 41.907674894044973 ], [ 21.3562202, 41.908313694045226 ], [ 21.3574219, 41.909782794045903 ], [ 21.3630009, 41.910996394046421 ], [ 21.3665199, 41.911124194046494 ], [ 21.3673782, 41.912018394046868 ], [ 21.3698673, 41.912082294046904 ], [ 21.3733864, 41.913359694047493 ], [ 21.3773346, 41.913950494047725 ], [ 21.3865614, 41.912002394046844 ], [ 21.3875484, 41.910405594046175 ], [ 21.3920385, 41.908213794045189 ], [ 21.3924891, 41.910645094046231 ], [ 21.3942003, 41.90981469404592 ], [ 21.3957882, 41.908121994045132 ], [ 21.3975906, 41.907674894044966 ], [ 21.3988781, 41.908313694045241 ], [ 21.4003372, 41.906780594044584 ], [ 21.4054441, 41.908409494045237 ], [ 21.405015, 41.910197994046079 ], [ 21.4055729, 41.911315794046551 ], [ 21.4092636, 41.911635094046716 ], [ 21.4128685, 41.910485394046205 ], [ 21.4154434, 41.911890594046824 ], [ 21.4167738, 41.910900594046346 ], [ 21.418195, 41.907585094044883 ], [ 21.418714, 41.907852794045048 ], [ 21.4193434, 41.906684794044502 ], [ 21.4218807, 41.907227694044735 ], [ 21.4226961, 41.906493094044443 ], [ 21.4228624, 41.901330794042096 ], [ 21.423824, 41.901660094042228 ], [ 21.4251852, 41.903874094043275 ], [ 21.4270306, 41.904800294043689 ], [ 21.4324379, 41.905055894043755 ], [ 21.4344978, 41.905630794044043 ], [ 21.4352274, 41.905407194043946 ], [ 21.4364129, 41.902790094042757 ], [ 21.4388752, 41.902117294042462 ], [ 21.4403772, 41.90349079404308 ], [ 21.4423084, 41.907099994044664 ], [ 21.4452267, 41.907099994044678 ], [ 21.4482442, 41.908866594045442 ], [ 21.4489697, 41.908579094045365 ], [ 21.4495678, 41.909635094045825 ], [ 21.4484453, 41.911219994046498 ], [ 21.44818780000001, 41.913072294047346 ], [ 21.4491749, 41.914126094047802 ], [ 21.4528227, 41.91422189404787 ], [ 21.4527369, 41.915754794048581 ], [ 21.4510202, 41.918437294049731 ], [ 21.4528656, 41.918277594049663 ], [ 21.454796800000011, 41.919075894050053 ], [ 21.4525652, 41.922205294051388 ], [ 21.4549685, 41.926228494053184 ], [ 21.4552259, 41.930634594055157 ], [ 21.4533028, 41.932880394056191 ], [ 21.4565134, 41.935120194057156 ], [ 21.4615774, 41.934896694057059 ], [ 21.463514, 41.935618994057393 ], [ 21.4604187, 41.93646099405774 ], [ 21.4578867, 41.939110594058924 ], [ 21.456341699999989, 41.938727594058776 ], [ 21.4557838, 41.939589494059149 ], [ 21.455183, 41.938982894058896 ], [ 21.4522004, 41.939477794059115 ], [ 21.4530587, 41.941744194060114 ], [ 21.4512992, 41.944202094061154 ], [ 21.4515138, 41.945702394061847 ], [ 21.448853, 41.947298294062577 ], [ 21.4453769, 41.951351894064331 ], [ 21.4465785, 41.951862494064578 ], [ 21.4467502, 41.952883794065052 ], [ 21.4501619, 41.954527494065779 ], [ 21.4503765, 41.955101994066048 ], [ 21.4495075, 41.955421094066189 ], [ 21.4488396, 41.954916494065927 ], [ 21.4476343, 41.955941194066391 ], [ 21.4434242, 41.954910494065949 ], [ 21.4375019, 41.957846594067263 ], [ 21.4343905, 41.956777494066813 ], [ 21.4369226, 41.959841094068146 ], [ 21.4350343, 41.962043094069124 ], [ 21.4354599, 41.966108094070947 ], [ 21.4301205, 41.964707594070319 ], [ 21.4288759, 41.96381409406991 ], [ 21.4233828, 41.964037494070048 ], [ 21.4186621, 41.96531389407054 ], [ 21.4174604, 41.965409594070621 ], [ 21.4168167, 41.964803294070336 ], [ 21.4144993, 41.965377694070568 ], [ 21.4104223, 41.965281994070516 ], [ 21.4098644, 41.963590694069801 ], [ 21.4051008, 41.965186194070505 ], [ 21.3992516, 41.964875594070371 ], [ 21.3970878, 41.965480894070694 ], [ 21.3893924, 41.963637794069847 ], [ 21.3677216, 41.964308694070169 ], [ 21.3640013, 41.963641594069848 ], [ 21.3565636, 41.963670494069866 ], [ 21.3516712, 41.961564394068922 ], [ 21.347723, 41.960734694068556 ], [ 21.3328582, 41.961209394068725 ], [ 21.3279819, 41.95996879406821 ], [ 21.3229345, 41.959914894068184 ], [ 21.3207802, 41.956627794066719 ], [ 21.3195705, 41.952373194064791 ], [ 21.3124466, 41.950889094064181 ], [ 21.3098717, 41.948415494063056 ], [ 21.3024688, 41.947324294062589 ], [ 21.3053656, 41.942191094060277 ], [ 21.3057089, 41.938743494058734 ], [ 21.3043686, 41.937083794058033 ], [ 21.3012886, 41.935391494057264 ], [ 21.2965679, 41.934689194056951 ], [ 21.2951517, 41.932230894055884 ], [ 21.292104699999989, 41.930538794055174 ], [ 21.2877274, 41.92964479405471 ], [ 21.2852383, 41.928176094054095 ], [ 21.2829691, 41.928479394054207 ], [ 21.2816469, 41.927529394053764 ], [ 21.2811774, 41.92672739405343 ], [ 21.281972, 41.919971994050428 ], [ 21.2697029, 41.918533094049735 ], [ 21.2659264, 41.917447294049282 ], [ 21.2648535, 41.915690994048518 ], [ 21.262321499999988, 41.914253894047896 ], [ 21.2547684, 41.913487394047529 ], [ 21.2515068, 41.913678994047643 ], [ 21.2465286, 41.912401594047047 ], [ 21.2430096, 41.912273894046962 ], [ 21.2232256, 41.901446594042184 ], [ 21.2203074, 41.898699494040919 ], [ 21.2187624, 41.895760694039623 ], [ 21.215415, 41.892821694038332 ], [ 21.2159729, 41.892023094037974 ], [ 21.2232685, 41.890617394037342 ], [ 21.2311649, 41.886591994035577 ], [ 21.2347698, 41.886847594035679 ], [ 21.2374654, 41.884613094034691 ], [ 21.239233, 41.884291594034515 ], [ 21.2411642, 41.883045494033979 ], [ 21.2423658, 41.881128394033119 ], [ 21.2431383, 41.876079794030844 ], [ 21.2406492, 41.870072094028217 ], [ 21.2415934, 41.868793794027617 ], [ 21.2420225, 41.86483089402585 ], [ 21.2388468, 41.85914179402333 ], [ 21.2387609, 41.857096094022417 ], [ 21.2355852, 41.849488294019011 ], [ 21.2379026, 41.846227494017562 ], [ 21.2379885, 41.842007394015674 ], [ 21.2371302, 41.839513594014555 ], [ 21.2378168, 41.836955794013434 ], [ 21.2378517, 41.830436694010452 ], [ 21.23994, 41.826758194008889 ], [ 21.242610200000012, 41.825464894008292 ], [ 21.2438786, 41.825862794008437 ], [ 21.2468158, 41.825663894008343 ], [ 21.2485514, 41.824221294007678 ], [ 21.249519299999989, 41.824469994007842 ], [ 21.2504873, 41.823723794007492 ], [ 21.2546928, 41.823176594007279 ], [ 21.2566287, 41.821286194006376 ], [ 21.2574649, 41.815045294003617 ], [ 21.261435, 41.806409993999793 ], [ 21.2680771, 41.799617593996743 ], [ 21.2723056, 41.792190293993364 ], [ 21.2787579, 41.786976193991045 ], [ 21.2796257, 41.783591493989533 ], [ 21.2833639, 41.778663393987308 ], [ 21.2917686, 41.772509193984583 ], [ 21.2939112, 41.766465993981889 ], [ 21.2948195, 41.760332593979157 ], [ 21.2963453, 41.758493793978296 ], [ 21.3036681, 41.756535793977406 ], [ 21.3104102, 41.75542409397692 ], [ 21.3152697, 41.751286593975081 ], [ 21.3175524, 41.748086993973587 ], [ 21.3267669, 41.744261993971904 ], [ 21.328454, 41.741282393970593 ], [ 21.3321447, 41.739104893969582 ], [ 21.3359642, 41.735358093967918 ], [ 21.3428561, 41.731305893966109 ], [ 21.3407278, 41.734237193967445 ], [ 21.3448477, 41.738688593969428 ], [ 21.3374662, 41.748390793973748 ], [ 21.3378096, 41.75319329397594 ], [ 21.341157, 41.758507693978267 ], [ 21.3412964, 41.762749293980221 ], [ 21.3391829, 41.770031393983487 ], [ 21.3412428, 41.774704293985593 ], [ 21.3466501, 41.776240493986244 ], [ 21.3473368, 41.783281093989416 ], [ 21.3511992, 41.788144993991608 ], [ 21.3533449, 41.795824093995016 ], [ 21.3513708, 41.805549693999353 ], [ 21.3481092, 41.808556594000741 ], [ 21.346736, 41.811883294002193 ], [ 21.3440328, 41.81455889400339 ] ] ] } },
{ "type": "Feature", "properties": { "admin_id": "2460539", "name_local": "Општина Студеничани", "name_en": "Municipality of Studenichani", "name_en_status": "OSM_NAME_EN", "source_name": "Општина Студеничани", "source_admin_level": "7", "source_osm_relation_id": "2460539", "source_name_en": "Municipality of Studenichani" }, "geometry": { "type": "Polygon", "coordinates": [ [ [ 21.3440328, 41.81455889400339 ], [ 21.3469682, 41.8140342940032 ], [ 21.3510275, 41.823653194007434 ], [ 21.3518, 41.829281594009977 ], [ 21.3532591, 41.831392094010909 ], [ 21.3536882, 41.836508094013176 ], [ 21.354804, 41.838362594014008 ], [ 21.355834, 41.842774694016022 ], [ 21.3548899, 41.84616359401754 ], [ 21.3570786, 41.847282494018025 ], [ 21.358580599999989, 41.848848894018722 ], [ 21.3579798, 41.851662094019979 ], [ 21.3596106, 41.854730794021336 ], [ 21.3602114, 41.860420294023861 ], [ 21.3638592, 41.863392694025208 ], [ 21.3683224, 41.863456594025244 ], [ 21.3704681, 41.864031894025494 ], [ 21.3830853, 41.863866094025418 ], [ 21.3840723, 41.86515049402599 ], [ 21.383214, 41.866428894026562 ], [ 21.3833857, 41.868154694027325 ], [ 21.3853598, 41.869560794027954 ], [ 21.3850808, 41.871116694028636 ], [ 21.3836136, 41.870869094028563 ], [ 21.381669, 41.872053494029096 ], [ 21.3810682, 41.876207694030938 ], [ 21.3798988, 41.877925194031704 ], [ 21.3780749, 41.879007594032188 ], [ 21.378793699999989, 41.876431294031043 ], [ 21.3672066, 41.874002794029956 ], [ 21.3581944, 41.877517794031547 ], [ 21.3577223, 41.877933194031705 ], [ 21.3586235, 41.880010094032592 ], [ 21.3554478, 41.881863294033423 ], [ 21.3519287, 41.882054994033531 ], [ 21.3491821, 41.883460894034158 ], [ 21.34761, 41.885373094034989 ], [ 21.3475943, 41.888285194036321 ], [ 21.3433886, 41.893524494038651 ], [ 21.3450193, 41.898443994040861 ], [ 21.3487959, 41.904576794043564 ], [ 21.3530445, 41.907674894044973 ], [ 21.3562202, 41.908313694045226 ], [ 21.3574219, 41.909782794045903 ], [ 21.3630009, 41.910996394046421 ], [ 21.3665199, 41.911124194046494 ], [ 21.3673782, 41.912018394046868 ], [ 21.3698673, 41.912082294046904 ], [ 21.3733864, 41.913359694047493 ], [ 21.3788795, 41.913918594047743 ], [ 21.3865614, 41.912002394046844 ], [ 21.3875484, 41.910405594046175 ], [ 21.3920385, 41.908213794045189 ], [ 21.3924891, 41.910645094046231 ], [ 21.3942003, 41.90981469404592 ], [ 21.3957882, 41.908121994045132 ], [ 21.3975906, 41.907674894044966 ], [ 21.3988781, 41.908313694045241 ], [ 21.399436, 41.907323594044797 ], [ 21.400938, 41.906780594044584 ], [ 21.4054441, 41.908409494045237 ], [ 21.405015, 41.910197994046079 ], [ 21.4055729, 41.911315794046551 ], [ 21.4092636, 41.911635094046716 ], [ 21.4128685, 41.910485394046205 ], [ 21.4154434, 41.911890594046824 ], [ 21.4167738, 41.910900594046346 ], [ 21.418195, 41.907585094044883 ], [ 21.418714, 41.907852794045048 ], [ 21.4193434, 41.906684794044502 ], [ 21.4218807, 41.907227694044735 ], [ 21.4226961, 41.906493094044443 ], [ 21.4228624, 41.901330794042096 ], [ 21.423824, 41.901660094042228 ], [ 21.4251852, 41.903874094043275 ], [ 21.4270306, 41.904800294043689 ], [ 21.4324379, 41.905055894043755 ], [ 21.4344978, 41.905630794044043 ], [ 21.4352274, 41.905407194043946 ], [ 21.4364129, 41.902790094042757 ], [ 21.4388752, 41.902117294042462 ], [ 21.4403772, 41.90349079404308 ], [ 21.4423084, 41.907099994044664 ], [ 21.4452267, 41.907099994044678 ], [ 21.4482442, 41.908866594045442 ], [ 21.4489697, 41.908579094045365 ], [ 21.4495678, 41.909635094045825 ], [ 21.4481878, 41.912816794047224 ], [ 21.4487886, 41.913838694047705 ], [ 21.4528227, 41.91422189404787 ], [ 21.4527369, 41.915754794048581 ], [ 21.4510202, 41.918437294049731 ], [ 21.4528656, 41.918277594049663 ], [ 21.454796800000011, 41.919075894050053 ], [ 21.4525652, 41.922652294051638 ], [ 21.4549685, 41.926228494053184 ], [ 21.4552259, 41.930634594055157 ], [ 21.4533028, 41.932880394056191 ], [ 21.4565134, 41.935120194057156 ], [ 21.4626074, 41.935152094057166 ], [ 21.463514, 41.935618994057393 ], [ 21.46272, 41.93597219405752 ], [ 21.4633852, 41.936820094057936 ], [ 21.4675426, 41.936157694057613 ], [ 21.4686584, 41.935199994057214 ], [ 21.4774739, 41.936613094057819 ], [ 21.4857817, 41.928335794054121 ], [ 21.4872837, 41.926068794053137 ], [ 21.4920044, 41.925813394053058 ], [ 21.4958668, 41.928112294054067 ], [ 21.4971113, 41.927314094053678 ], [ 21.4977121, 41.924823594052576 ], [ 21.4960814, 41.921247294051 ], [ 21.495223, 41.915882594048611 ], [ 21.4920473, 41.912944494047274 ], [ 21.492347699999989, 41.912082294046904 ], [ 21.4938927, 41.911251894046501 ], [ 21.4968967, 41.913806794047694 ], [ 21.4985222, 41.914305794047884 ], [ 21.4991223, 41.91391809404773 ], [ 21.5014458, 41.916361594048823 ], [ 21.5032482, 41.917000294049075 ], [ 21.5035486, 41.915818694048568 ], [ 21.5075203, 41.913368694047477 ], [ 21.5085697, 41.915339694048377 ], [ 21.5117455, 41.915531294048463 ], [ 21.5122604, 41.914637094048018 ], [ 21.5160504, 41.915439494048393 ], [ 21.5179682, 41.915163994048278 ], [ 21.5217662, 41.917415394049279 ], [ 21.5252423, 41.921949794051287 ], [ 21.5302634, 41.926068794053137 ], [ 21.5295768, 41.927920694053974 ], [ 21.5307764, 41.930829694055276 ], [ 21.5321587, 41.930497694055127 ], [ 21.5339971, 41.933316394056369 ], [ 21.5366364, 41.934705094056973 ], [ 21.5377092, 41.934545494056906 ], [ 21.5396404, 41.935439394057298 ], [ 21.5401983, 41.936429094057729 ], [ 21.5453482, 41.933268494056371 ], [ 21.5481591, 41.93599809405756 ], [ 21.5498757, 41.939190394058976 ], [ 21.5511203, 41.939062794058913 ], [ 21.5510881, 41.941233494059922 ], [ 21.5538454, 41.941057894059767 ], [ 21.5545321, 41.941696294060094 ], [ 21.5551329, 41.941504794059995 ], [ 21.5568709, 41.943627594060949 ], [ 21.5620208, 41.947298294062584 ], [ 21.5629998, 41.945802094061918 ], [ 21.5730071, 41.942230994060317 ], [ 21.5743482, 41.940439394059503 ], [ 21.5743482, 41.939322094059023 ], [ 21.5725726, 41.937733994058341 ], [ 21.5716392, 41.937494494058214 ], [ 21.5690817, 41.938276694058573 ], [ 21.5670848, 41.937019694058016 ], [ 21.5680933, 41.935104194057146 ], [ 21.5708667, 41.933481994056436 ], [ 21.5706682, 41.928974294054427 ], [ 21.5727282, 41.925270594052805 ], [ 21.572299, 41.923801794052146 ], [ 21.5698957, 41.922843894051724 ], [ 21.5702391, 41.921949794051301 ], [ 21.5718269, 41.921087694050918 ], [ 21.5752602, 41.92038519405061 ], [ 21.5795088, 41.917479294049294 ], [ 21.5816116, 41.915211894048312 ], [ 21.5841007, 41.914253894047896 ], [ 21.5859032, 41.91438159404796 ], [ 21.5869761, 41.915116094048287 ], [ 21.5875769, 41.916457394048834 ], [ 21.5873194, 41.918820494049903 ], [ 21.5884781, 41.920001994050452 ], [ 21.5895081, 41.920193594050502 ], [ 21.5931559, 41.919203694050061 ], [ 21.5947746, 41.910035294046004 ], [ 21.593129, 41.909183994045648 ], [ 21.5917397, 41.909782794045903 ], [ 21.5915251, 41.908601094045366 ], [ 21.5884352, 41.906748694044538 ], [ 21.5870619, 41.903937994043289 ], [ 21.5782642, 41.899561994041321 ], [ 21.5720844, 41.899561994041321 ], [ 21.5671197, 41.895712794039596 ], [ 21.5659046, 41.896303694039872 ], [ 21.5642738, 41.895409294039474 ], [ 21.5613556, 41.895217594039408 ], [ 21.5560341, 41.893300894038539 ], [ 21.5549183, 41.89355649403867 ], [ 21.5518713, 41.892885594038319 ], [ 21.5523863, 41.891863294037925 ], [ 21.5518713, 41.891096594037549 ], [ 21.5484636, 41.889066494036683 ], [ 21.5486205, 41.888101494036221 ], [ 21.5460348, 41.885665394035165 ], [ 21.5450048, 41.883492794034176 ], [ 21.5420008, 41.881703594033389 ], [ 21.5415716, 41.878763994032013 ], [ 21.539855, 41.876910694031238 ], [ 21.5400267, 41.876015894030829 ], [ 21.5379667, 41.874418194030127 ], [ 21.5383101, 41.867835094027171 ], [ 21.5377951, 41.865342294026085 ], [ 21.5350485, 41.863872094025432 ], [ 21.5331173, 41.861538994024379 ], [ 21.524663, 41.855370094021644 ], [ 21.5200281, 41.848209594018407 ], [ 21.5209347, 41.840924394015154 ], [ 21.5168095, 41.838522494014114 ], [ 21.5138912, 41.835708794012859 ], [ 21.5076256, 41.836220394013111 ], [ 21.5056944, 41.837467294013642 ], [ 21.5030336, 41.840792494015112 ], [ 21.5020895, 41.843478094016298 ], [ 21.5005445, 41.844948694016999 ], [ 21.4991283, 41.846195494017508 ], [ 21.4964592, 41.846779994017773 ], [ 21.4945364, 41.843925694016519 ], [ 21.4948797, 41.840280994014897 ], [ 21.4909744, 41.836220394013111 ], [ 21.4829975, 41.832371294011374 ], [ 21.4754391, 41.827522794009184 ], [ 21.4685297, 41.824484694007815 ], [ 21.4695597, 41.82039109400602 ], [ 21.4686155, 41.817448694004696 ], [ 21.4689589, 41.813930394003087 ], [ 21.4682467, 41.812506994002476 ], [ 21.4708013, 41.810019794001377 ], [ 21.4720488, 41.807596994000285 ], [ 21.4764261, 41.80343829399844 ], [ 21.4758556, 41.796702093995421 ], [ 21.4728802, 41.788208993991589 ], [ 21.4777136, 41.786225093990751 ], [ 21.480546, 41.782832993989174 ], [ 21.4804602, 41.779760893987813 ], [ 21.4811039, 41.779408893987657 ], [ 21.4823914, 41.779920893987885 ], [ 21.4852667, 41.778736793987356 ], [ 21.4859533, 41.777072593986631 ], [ 21.4897299, 41.775408393985884 ], [ 21.4899874, 41.774000193985216 ], [ 21.4929056, 41.77124769398398 ], [ 21.4941072, 41.76561419398147 ], [ 21.4933348, 41.764269793980901 ], [ 21.4938122, 41.762389193980056 ], [ 21.4930478, 41.76036249397913 ], [ 21.484623, 41.75930809397866 ], [ 21.4708042, 41.762189093979948 ], [ 21.4529514, 41.756554893977409 ], [ 21.450634, 41.753459493976031 ], [ 21.449132, 41.749351293974208 ], [ 21.4478445, 41.738528493969369 ], [ 21.442093799999988, 41.728024093964656 ], [ 21.4353561, 41.727927993964578 ], [ 21.4306784, 41.717581993959953 ], [ 21.42082, 41.714984293958743 ], [ 21.4040694, 41.703794793953762 ], [ 21.3935351, 41.71797039396008 ], [ 21.3930845, 41.720849293961422 ], [ 21.3877201, 41.721521993961709 ], [ 21.3844585, 41.723507893962612 ], [ 21.3811541, 41.724628993963115 ], [ 21.378665, 41.72763969396442 ], [ 21.3768625, 41.731739193966312 ], [ 21.3767767, 41.735902493968148 ], [ 21.369867299999989, 41.73990539396997 ], [ 21.3672066, 41.74060989397028 ], [ 21.3574219, 41.738560493969338 ], [ 21.3527012, 41.736639093968499 ], [ 21.3462639, 41.732539893966646 ], [ 21.3428561, 41.731305893966109 ], [ 21.3407278, 41.734237193967445 ], [ 21.3448477, 41.738688593969428 ], [ 21.3374662, 41.748390793973748 ], [ 21.3378096, 41.75319329397594 ], [ 21.341157, 41.758507693978267 ], [ 21.3412964, 41.762749293980221 ], [ 21.3391829, 41.770031393983487 ], [ 21.3412428, 41.774704293985593 ], [ 21.3466501, 41.776240493986244 ], [ 21.3473368, 41.783281093989416 ], [ 21.3511992, 41.788144993991608 ], [ 21.3533449, 41.795824093995016 ], [ 21.3513708, 41.805549693999353 ], [ 21.3481092, 41.808556594000741 ], [ 21.346736, 41.811883294002193 ], [ 21.3440328, 41.81455889400339 ] ] ] } },
{ "type": "Feature", "properties": { "admin_id": "2460678", "name_local": "Општина Зелениково", "name_en": "Municipality of Zelenikovo", "name_en_status": "OSM_NAME_EN", "source_name": "Општина Зелениково", "source_admin_level": "7", "source_osm_relation_id": "2460678", "source_name_en": "Municipality of Zelenikovo" }, "geometry": { "type": "Polygon", "coordinates": [ [ [ 21.5946941, 41.910000894046007 ], [ 21.593129, 41.909183994045648 ], [ 21.5917397, 41.909782794045903 ], [ 21.5915251, 41.908601094045366 ], [ 21.5884352, 41.906748694044538 ], [ 21.5870619, 41.903937994043289 ], [ 21.5788651, 41.899753594041393 ], [ 21.5720844, 41.899561994041321 ], [ 21.5671197, 41.895712794039596 ], [ 21.5659046, 41.896303694039872 ], [ 21.5642738, 41.895409294039474 ], [ 21.5613556, 41.895217594039408 ], [ 21.5560341, 41.893300894038539 ], [ 21.5549183, 41.89355649403867 ], [ 21.5518713, 41.892885594038319 ], [ 21.5523863, 41.891863294037925 ], [ 21.5518713, 41.891096594037549 ], [ 21.5484636, 41.889066494036683 ], [ 21.5486205, 41.888101494036221 ], [ 21.5460348, 41.885665394035165 ], [ 21.5450048, 41.883492794034176 ], [ 21.5420008, 41.881703594033389 ], [ 21.5415716, 41.878763994032013 ], [ 21.539855, 41.876910694031238 ], [ 21.5400267, 41.876015894030829 ], [ 21.5379667, 41.874418194030127 ], [ 21.5383101, 41.867835094027171 ], [ 21.5377951, 41.865342294026085 ], [ 21.5350485, 41.863872094025432 ], [ 21.5331173, 41.861538994024379 ], [ 21.524663, 41.855370094021644 ], [ 21.5200281, 41.848209594018407 ], [ 21.5209347, 41.840924394015154 ], [ 21.5161657, 41.838042894013853 ], [ 21.514535, 41.836124394013048 ], [ 21.511488, 41.835644794012843 ], [ 21.5071106, 41.836412194013128 ], [ 21.5030336, 41.840792494015112 ], [ 21.5020895, 41.843478094016298 ], [ 21.4991283, 41.846195494017508 ], [ 21.4964592, 41.846779994017773 ], [ 21.4945364, 41.843925694016519 ], [ 21.4948797, 41.840280994014897 ], [ 21.4909744, 41.836220394013111 ], [ 21.4829975, 41.832371294011374 ], [ 21.4754391, 41.827522794009184 ], [ 21.4685297, 41.824484694007815 ], [ 21.4695597, 41.82039109400602 ], [ 21.4686155, 41.817448694004696 ], [ 21.4689589, 41.813930394003087 ], [ 21.4682467, 41.812506994002476 ], [ 21.4708013, 41.810019794001377 ], [ 21.4720488, 41.807596994000285 ], [ 21.4764261, 41.80343829399844 ], [ 21.4758556, 41.796702093995421 ], [ 21.4728802, 41.788208993991589 ], [ 21.4777136, 41.786225093990751 ], [ 21.480546, 41.782832993989174 ], [ 21.4804602, 41.779760893987813 ], [ 21.4811039, 41.779408893987657 ], [ 21.4823914, 41.779920893987885 ], [ 21.4852667, 41.778736793987356 ], [ 21.4859533, 41.777072593986631 ], [ 21.4897299, 41.775408393985884 ], [ 21.4899874, 41.774000193985216 ], [ 21.4929056, 41.77124769398398 ], [ 21.4941072, 41.76561419398147 ], [ 21.4933348, 41.764269793980901 ], [ 21.4938122, 41.762389193980056 ], [ 21.4930478, 41.76036249397913 ], [ 21.4980984, 41.760460493979188 ], [ 21.4989138, 41.76318149398039 ], [ 21.503334, 41.765582193981452 ], [ 21.5080547, 41.765710293981542 ], [ 21.5205002, 41.764365893980901 ], [ 21.519996, 41.768418993982756 ], [ 21.5257788, 41.764141793980819 ], [ 21.5286112, 41.758507693978267 ], [ 21.5268677, 41.754117793976327 ], [ 21.537323, 41.75540239397688 ], [ 21.5513992, 41.757963493978096 ], [ 21.5586948, 41.757707393977967 ], [ 21.568796, 41.759067893978575 ], [ 21.5732431, 41.756202693977308 ], [ 21.5745306, 41.75453799397652 ], [ 21.5753889, 41.751400393975089 ], [ 21.5786711, 41.749334193974185 ], [ 21.5830708, 41.75124039397501 ], [ 21.5881348, 41.752456993975557 ], [ 21.592598, 41.75501819397676 ], [ 21.6034985, 41.759500093978758 ], [ 21.6059875, 41.7589878939785 ], [ 21.6116953, 41.759596193978801 ], [ 21.6136101, 41.762396893980018 ], [ 21.6124678, 41.765358193981392 ], [ 21.6140985, 41.768046893982593 ], [ 21.6222525, 41.772143793984448 ], [ 21.6247416, 41.776880593986505 ], [ 21.6244841, 41.778672793987369 ], [ 21.6263723, 41.784753093990084 ], [ 21.6286039, 41.786481093990858 ], [ 21.6296339, 41.789168893992041 ], [ 21.6409537, 41.798121693996087 ], [ 21.6381311, 41.801646793997627 ], [ 21.6378736, 41.806893193999933 ], [ 21.6364145, 41.811435494002033 ], [ 21.6330671, 41.817512694004748 ], [ 21.6312406, 41.818873894005321 ], [ 21.6340113, 41.825316194008231 ], [ 21.6330671, 41.829921094010281 ], [ 21.6336679, 41.832479294011407 ], [ 21.6351271, 41.833566394011854 ], [ 21.635835, 41.835470894012758 ], [ 21.6383336, 41.834674594012398 ], [ 21.6423368, 41.838618394014183 ], [ 21.6429377, 41.841431894015429 ], [ 21.6444826, 41.842518994015897 ], [ 21.6454268, 41.845204494017096 ], [ 21.6455126, 41.849743994019114 ], [ 21.6474009, 41.851086694019727 ], [ 21.6513189, 41.857406794022509 ], [ 21.6497183, 41.85811899402286 ], [ 21.6475725, 41.860292394023809 ], [ 21.6444826, 41.865278394026092 ], [ 21.6468, 41.870072094028203 ], [ 21.6533232, 41.87531289403055 ], [ 21.6525936, 41.876367394030986 ], [ 21.650362, 41.876942594031263 ], [ 21.6494608, 41.877869294031655 ], [ 21.6496325, 41.880808894033009 ], [ 21.6479158, 41.88481879403475 ], [ 21.6470267, 41.88545379403508 ], [ 21.6461992, 41.889882594036997 ], [ 21.6477442, 41.893396794038566 ], [ 21.6491175, 41.894035694038912 ], [ 21.6491175, 41.895505094039493 ], [ 21.6459846, 41.896048194039778 ], [ 21.642766, 41.897868994040586 ], [ 21.6456842, 41.899785594041418 ], [ 21.6427982, 41.902312894042545 ], [ 21.618948, 41.908632994045398 ], [ 21.6117731, 41.914730494048108 ], [ 21.6116095, 41.912178094046943 ], [ 21.610322, 41.911603194046698 ], [ 21.6093658, 41.910241894046109 ], [ 21.606959799999984, 41.910940994046406 ], [ 21.6085196, 41.908984394045554 ], [ 21.6054726, 41.906908394044592 ], [ 21.6020823, 41.906876394044602 ], [ 21.6039705, 41.909239894045605 ], [ 21.6030693, 41.910421494046183 ], [ 21.6013527, 41.910229894046068 ], [ 21.6003656, 41.908984394045554 ], [ 21.5983486, 41.907930394045081 ], [ 21.5964603, 41.908249794045211 ], [ 21.5946941, 41.910000894046007 ] ] ] } },
{ "type": "Feature", "properties": { "admin_id": "2460743", "name_local": "Општина Петровец", "name_en": "Municipality of Petrovec", "name_en_status": "OSM_NAME_EN", "source_name": "Општина Петровец", "source_admin_level": "7", "source_osm_relation_id": "2460743", "source_name_en": "Municipality of Petrovec" }, "geometry": { "type": "Polygon", "coordinates": [ [ [ 21.6383336, 41.834674594012398 ], [ 21.6408361, 41.832641294011466 ], [ 21.6418055, 41.829874094010265 ], [ 21.6434931, 41.828316794009538 ], [ 21.6471238, 41.826915294008934 ], [ 21.6508086, 41.828850394009741 ], [ 21.6559391, 41.828243994009519 ], [ 21.6580607, 41.82855659400969 ], [ 21.6593557, 41.831382194010892 ], [ 21.6612622, 41.832458194011366 ], [ 21.669237, 41.83214449401121 ], [ 21.6715227, 41.832791994011551 ], [ 21.6735398, 41.834591394012328 ], [ 21.67503, 41.83471769401239 ], [ 21.6770422, 41.833323994011771 ], [ 21.678468, 41.8306427940106 ], [ 21.6810542, 41.827899094009346 ], [ 21.6802404, 41.826445994008708 ], [ 21.6741175, 41.822603594006999 ], [ 21.6723785, 41.818841894005345 ], [ 21.6767374, 41.819511994005602 ], [ 21.682587, 41.821806894006613 ], [ 21.6869142, 41.828516094009657 ], [ 21.6873226, 41.830705494010658 ], [ 21.6925942, 41.832989094011644 ], [ 21.6962554, 41.831859894011117 ], [ 21.6974251, 41.836582794013239 ], [ 21.6979705, 41.836629294013235 ], [ 21.701173799999989, 41.835964594012999 ], [ 21.7037058, 41.833886194012017 ], [ 21.7063665, 41.829985094010254 ], [ 21.7107439, 41.826851194008874 ], [ 21.7124605, 41.822501894006976 ], [ 21.7142222, 41.822471494006955 ], [ 21.7142246, 41.820417194006055 ], [ 21.7176268, 41.821323094006452 ], [ 21.7177627, 41.819480194005578 ], [ 21.7203367, 41.819606794005615 ], [ 21.7203584, 41.820134294005861 ], [ 21.7231251, 41.820072094005866 ], [ 21.7231068, 41.819502494005583 ], [ 21.726617, 41.819574994005627 ], [ 21.7266277, 41.818601694005181 ], [ 21.7283727, 41.81863519400526 ], [ 21.728275, 41.820564594006058 ], [ 21.72766, 41.820557094006098 ], [ 21.7275761, 41.825130094008117 ], [ 21.7294571, 41.825134494008125 ], [ 21.7293075, 41.82796349400936 ], [ 21.7361635, 41.828177794009534 ], [ 21.7358821, 41.832153694011268 ], [ 21.7346397, 41.83217879401127 ], [ 21.7347765, 41.838874194014274 ], [ 21.7334023, 41.838915594014303 ], [ 21.7334278, 41.843400394016314 ], [ 21.7315455, 41.843378194016303 ], [ 21.7316578, 41.84682709401784 ], [ 21.7344536, 41.846694094017792 ], [ 21.7338049, 41.853657594020852 ], [ 21.7359775, 41.853706394020904 ], [ 21.7364861, 41.85237019402026 ], [ 21.7381812, 41.852977494020536 ], [ 21.7375074, 41.854125094021057 ], [ 21.7364818, 41.854433594021224 ], [ 21.7371798, 41.856968294022316 ], [ 21.7427158, 41.861538994024379 ], [ 21.7459345, 41.862977194025035 ], [ 21.7475653, 41.868218594027347 ], [ 21.7528868, 41.872053494029096 ], [ 21.7537451, 41.873459494029667 ], [ 21.7511702, 41.877613594031523 ], [ 21.7485952, 41.878188794031807 ], [ 21.7490753, 41.882102994033588 ], [ 21.7483377, 41.882981594033936 ], [ 21.7474794, 41.893780094038732 ], [ 21.7454708, 41.894931994039254 ], [ 21.7443037, 41.899593894041367 ], [ 21.7462349, 41.901670194042275 ], [ 21.7492819, 41.902979694042855 ], [ 21.7503548, 41.905630794044036 ], [ 21.7521572, 41.904417094043481 ], [ 21.7555046, 41.904672594043589 ], [ 21.7576504, 41.90320329404296 ], [ 21.7602253, 41.903842094043249 ], [ 21.763916, 41.903011694042881 ], [ 21.765976, 41.903905994043264 ], [ 21.7673646, 41.903835094043238 ], [ 21.7691946, 41.907706794044941 ], [ 21.7709112, 41.90885659404546 ], [ 21.7707396, 41.909814694045934 ], [ 21.7721558, 41.911635094046702 ], [ 21.7742157, 41.911571294046709 ], [ 21.7778206, 41.913551294047572 ], [ 21.7850304, 41.915658994048492 ], [ 21.786232, 41.915595194048478 ], [ 21.7881632, 41.916904494049049 ], [ 21.7901802, 41.919746494050337 ], [ 21.7926693, 41.918916294049936 ], [ 21.7947292, 41.919618794050272 ], [ 21.8047714, 41.919363294050143 ], [ 21.808033, 41.918085994049576 ], [ 21.8099642, 41.918884294049931 ], [ 21.8098783, 41.921502794051094 ], [ 21.8109083, 41.922205294051388 ], [ 21.8081617, 41.930570694055113 ], [ 21.8085051, 41.932550194056034 ], [ 21.8127108, 41.938041194058442 ], [ 21.8132257, 41.940658894059638 ], [ 21.817174, 41.945319294061704 ], [ 21.8174314, 41.951894394064631 ], [ 21.8207788, 41.95674559406676 ], [ 21.8206072, 41.959490094068002 ], [ 21.8213797, 41.96095809406863 ], [ 21.8206072, 41.96248979406932 ], [ 21.8173027, 41.964053394069978 ], [ 21.816659, 41.965425594070631 ], [ 21.8148136, 41.966797694071211 ], [ 21.8088055, 41.968520694072005 ], [ 21.8076897, 41.968393094071935 ], [ 21.8051147, 41.971137094073143 ], [ 21.8031406, 41.97139239407327 ], [ 21.8021107, 41.972477194073761 ], [ 21.8005657, 41.971902894073509 ], [ 21.7988062, 41.97614629407537 ], [ 21.7993212, 41.979655694076975 ], [ 21.7961745, 41.985874494079681 ], [ 21.7944717, 41.985365994079451 ], [ 21.7913818, 41.986003994079802 ], [ 21.7883778, 41.98581259407969 ], [ 21.7837429, 41.984345194079026 ], [ 21.7785072, 41.981729294077873 ], [ 21.7699242, 41.980899894077488 ], [ 21.7653751, 41.978985694076648 ], [ 21.7632294, 41.977262894075878 ], [ 21.7597961, 41.97783719407613 ], [ 21.754303, 41.974901994074813 ], [ 21.7495823, 41.973881094074365 ], [ 21.7467499, 41.974646794074701 ], [ 21.742115, 41.973817294074344 ], [ 21.7402267, 41.975667694075163 ], [ 21.7379951, 41.975986794075318 ], [ 21.7366648, 41.977167194075882 ], [ 21.7386389, 41.980229894077233 ], [ 21.7369223, 41.981569794077814 ], [ 21.7372656, 41.982399194078148 ], [ 21.7347336, 41.982813894078362 ], [ 21.7318153, 41.984472794079061 ], [ 21.7292404, 41.984536594079081 ], [ 21.729455, 41.986035894079784 ], [ 21.7281246, 41.98625919407985 ], [ 21.7268801, 41.987566994080467 ], [ 21.7275667, 41.989991294081555 ], [ 21.7244496, 41.992597894082671 ], [ 21.7215548, 41.992167994082472 ], [ 21.7192841, 41.995764394084055 ], [ 21.7181683, 41.995317894083911 ], [ 21.716795, 41.995828194084098 ], [ 21.7161083, 41.997167694084766 ], [ 21.7134476, 41.997741794084973 ], [ 21.7113018, 41.999400294085724 ], [ 21.7076969, 41.999400294085717 ], [ 21.7062378, 41.998889994085474 ], [ 21.7019463, 41.999336494085689 ], [ 21.6964531, 42.001122394086508 ], [ 21.694463, 42.001098894086454 ], [ 21.6915607, 41.999846794085897 ], [ 21.6892433, 42.000484594086167 ], [ 21.688385, 41.999655394085821 ], [ 21.6857243, 42.000038094085987 ], [ 21.6857122, 41.991771494082357 ], [ 21.6827926, 41.983761994078783 ], [ 21.6770554, 41.980963694077531 ], [ 21.6748667, 41.981031494077556 ], [ 21.6736273, 41.981452694077738 ], [ 21.6735422, 41.981406294077736 ], [ 21.6780853, 41.979432394076845 ], [ 21.6795015, 41.977932894076169 ], [ 21.6771841, 41.975316794074963 ], [ 21.6763258, 41.973274894074073 ], [ 21.6781282, 41.970339494072789 ], [ 21.6775274, 41.969063194072227 ], [ 21.6783428, 41.968201594071886 ], [ 21.6804028, 41.968201594071886 ], [ 21.6824198, 41.967340094071446 ], [ 21.6857672, 41.963064194069588 ], [ 21.6861963, 41.96146869406887 ], [ 21.6911802, 41.955922794066375 ], [ 21.6858101, 41.95377749406547 ], [ 21.6827202, 41.950330494063884 ], [ 21.6809177, 41.950841194064139 ], [ 21.6786861, 41.948926094063303 ], [ 21.6770554, 41.950075194063828 ], [ 21.6749096, 41.949500694063531 ], [ 21.6736221, 41.950075194063828 ], [ 21.6724205, 41.94969219406363 ], [ 21.6697598, 41.949947494063743 ], [ 21.6670132, 41.952436994064833 ], [ 21.657335799999988, 41.950641694064053 ], [ 21.6520357, 41.952660394064935 ], [ 21.6532373, 41.956298794066548 ], [ 21.6514778, 41.957351894067024 ], [ 21.6465855, 41.958436994067519 ], [ 21.6438389, 41.960415594068408 ], [ 21.6411781, 41.959521994068012 ], [ 21.6401052, 41.961149494068728 ], [ 21.6407061, 41.961979194069109 ], [ 21.6403627, 41.962872694069475 ], [ 21.6387749, 41.962904694069522 ], [ 21.6363716, 41.964563994070218 ], [ 21.6362245, 41.966279794070978 ], [ 21.6341636, 41.964839194070372 ], [ 21.6359282, 41.96216989406922 ], [ 21.6344354, 41.960597594068467 ], [ 21.6350084, 41.959398994067975 ], [ 21.6345706, 41.958245494067434 ], [ 21.6320111, 41.957115694066971 ], [ 21.6325692, 41.954174894065652 ], [ 21.6310737, 41.95264849406496 ], [ 21.6312882, 41.946721294062328 ], [ 21.6301661, 41.942683894060501 ], [ 21.6275062, 41.942409094060388 ], [ 21.6266512, 41.94514049406164 ], [ 21.6243807, 41.946159594062088 ], [ 21.6231643, 41.947929094062886 ], [ 21.6221023, 41.948111494062928 ], [ 21.6225442, 41.94896439406331 ], [ 21.62027, 41.952610394064926 ], [ 21.6204478, 41.951965394064629 ], [ 21.6180704, 41.953191094065211 ], [ 21.6133497, 41.949871794063711 ], [ 21.6103456, 41.950063294063803 ], [ 21.6093572, 41.94885639406327 ], [ 21.6079316, 41.948507294063155 ], [ 21.6096697, 41.947130794062502 ], [ 21.6087631, 41.946456594062163 ], [ 21.6104985, 41.944756794061433 ], [ 21.6078758, 41.94515969406163 ], [ 21.6030693, 41.94381909406102 ], [ 21.5962029, 41.946181194062071 ], [ 21.5950441, 41.945000094061548 ], [ 21.5965033, 41.942574194060455 ], [ 21.5971041, 41.938360394058613 ], [ 21.5898846, 41.936941294057945 ], [ 21.5890435, 41.932905294056177 ], [ 21.5871209, 41.932574094056044 ], [ 21.5860748, 41.931241194055474 ], [ 21.581955, 41.930474894055109 ], [ 21.5779209, 41.934306094056844 ], [ 21.575861, 41.933412194056359 ], [ 21.574058499999989, 41.933667594056502 ], [ 21.570479, 41.933128294056274 ], [ 21.5706682, 41.928974294054427 ], [ 21.5727282, 41.924887394052618 ], [ 21.572299, 41.923801794052146 ], [ 21.5703678, 41.92319509405187 ], [ 21.5699816, 41.922269094051451 ], [ 21.5718269, 41.921087694050918 ], [ 21.5752602, 41.92038519405061 ], [ 21.5828133, 41.914637094048032 ], [ 21.5853882, 41.914253894047917 ], [ 21.5869761, 41.915116094048287 ], [ 21.5875769, 41.916457394048834 ], [ 21.5873194, 41.918820494049903 ], [ 21.5884781, 41.920001994050452 ], [ 21.5926838, 41.919554894050236 ], [ 21.5933275, 41.918820494049903 ], [ 21.5946941, 41.910000894046007 ], [ 21.595645, 41.908792694045459 ], [ 21.5983486, 41.907930394045081 ], [ 21.6003656, 41.908984394045554 ], [ 21.6013527, 41.910229894046068 ], [ 21.6030693, 41.910421494046183 ], [ 21.6039705, 41.909239894045605 ], [ 21.6020823, 41.906876394044602 ], [ 21.6041851, 41.906588994044469 ], [ 21.6063309, 41.907227694044735 ], [ 21.6083479, 41.908664994045431 ], [ 21.6085196, 41.90936759404569 ], [ 21.606959799999984, 41.910940994046406 ], [ 21.6093658, 41.910241894046109 ], [ 21.610322, 41.911603194046698 ], [ 21.6116095, 41.912178094046943 ], [ 21.6117731, 41.914730494048108 ], [ 21.618948, 41.908632994045398 ], [ 21.6427982, 41.902312894042545 ], [ 21.6456842, 41.899785594041418 ], [ 21.642766, 41.897868994040586 ], [ 21.6459846, 41.896048194039778 ], [ 21.6491175, 41.895505094039493 ], [ 21.6491175, 41.894035694038912 ], [ 21.6477442, 41.893396794038566 ], [ 21.6461992, 41.889882594036997 ], [ 21.6470267, 41.88545379403508 ], [ 21.6479158, 41.88481879403475 ], [ 21.6496325, 41.880808894033009 ], [ 21.6494608, 41.877869294031655 ], [ 21.650362, 41.876942594031263 ], [ 21.6525936, 41.876367394030986 ], [ 21.6533232, 41.87531289403055 ], [ 21.6468, 41.870072094028203 ], [ 21.6444826, 41.865278394026092 ], [ 21.6475725, 41.860292394023809 ], [ 21.6497183, 41.85811899402286 ], [ 21.6513189, 41.857406794022509 ], [ 21.6474009, 41.851086694019727 ], [ 21.6455126, 41.849743994019114 ], [ 21.6454268, 41.845204494017096 ], [ 21.6444826, 41.842518994015897 ], [ 21.6429377, 41.841431894015429 ], [ 21.6423368, 41.838618394014183 ], [ 21.6383336, 41.834674594012398 ] ] ] } },
{ "type": "Feature", "properties": { "admin_id": "2460762", "name_local": "Општина Илинден", "name_en": "Municipality of Ilinden", "name_en_status": "OSM_NAME_EN", "source_name": "Општина Илинден", "source_admin_level": "7", "source_osm_relation_id": "2460762", "source_name_en": "Municipality of Ilinden" }, "geometry": { "type": "Polygon", "coordinates": [ [ [ 21.6855973, 41.991705894082266 ], [ 21.6854239, 41.999814894085887 ], [ 21.688385, 41.999655394085821 ], [ 21.6892433, 42.000484594086167 ], [ 21.6915607, 41.999846794085897 ], [ 21.6943883, 42.001045194086437 ], [ 21.6920328, 42.004279694087863 ], [ 21.6922045, 42.005874094088568 ], [ 21.690967, 42.006105794088697 ], [ 21.6968393, 42.012315494091411 ], [ 21.7000151, 42.016779394093383 ], [ 21.7016459, 42.024941094097017 ], [ 21.7007974, 42.031264594099859 ], [ 21.6988561, 42.030957294099693 ], [ 21.6965389, 42.032751194100484 ], [ 21.6915607, 42.033707494100931 ], [ 21.6820335, 42.033133694100677 ], [ 21.677742, 42.033962494101004 ], [ 21.6767979, 42.032432394100319 ], [ 21.6750813, 42.032559894100388 ], [ 21.668247, 42.035082094101533 ], [ 21.6673243, 42.035484494101674 ], [ 21.6680861, 42.037117994102452 ], [ 21.6683435, 42.041452694104343 ], [ 21.6671419, 42.042026394104596 ], [ 21.6670561, 42.045022194105925 ], [ 21.6642193, 42.046235194106472 ], [ 21.6646221, 42.04719399410687 ], [ 21.6597176, 42.048495894107447 ], [ 21.6566277, 42.046073894106414 ], [ 21.654911, 42.046838794106755 ], [ 21.6514661, 42.044458094105671 ], [ 21.6475418, 42.047795494107142 ], [ 21.6456842, 42.050503594108363 ], [ 21.6377263, 42.058316194111775 ], [ 21.6318115, 42.054088594109942 ], [ 21.6265791, 42.052484994109228 ], [ 21.6292795, 42.048599294107476 ], [ 21.6299554, 42.046559994106566 ], [ 21.6296392, 42.045141594105942 ], [ 21.6312053, 42.045129594105994 ], [ 21.6300683, 42.042930594105016 ], [ 21.6294265, 42.043329194105198 ], [ 21.6280843, 42.042127694104614 ], [ 21.627134, 42.039428694103407 ], [ 21.6266134, 42.039464494103434 ], [ 21.6272893, 42.041344994104293 ], [ 21.6257232, 42.041313094104297 ], [ 21.6098755, 42.037644794102611 ], [ 21.6086414, 42.030840094099659 ], [ 21.6060343, 42.027134294097976 ], [ 21.6046073, 42.026544494097763 ], [ 21.6010239, 42.02251169409594 ], [ 21.5954985, 42.020782094095182 ], [ 21.5959559, 42.018927694094394 ], [ 21.5872226, 42.016197594093128 ], [ 21.5868149, 42.016851294093421 ], [ 21.5881118, 42.018816894094293 ], [ 21.5870185, 42.019083094094427 ], [ 21.5855918, 42.018161694094012 ], [ 21.5831818, 42.018048194093957 ], [ 21.5827205, 42.017115594093525 ], [ 21.5806177, 42.016382294093255 ], [ 21.5799525, 42.017131494093569 ], [ 21.5781071, 42.017314894093623 ], [ 21.5763154, 42.0147082940925 ], [ 21.5730753, 42.016724994093366 ], [ 21.5711977, 42.016358394093245 ], [ 21.5686255, 42.014244394092287 ], [ 21.5692065, 42.013964594092144 ], [ 21.5673873, 42.011958494091303 ], [ 21.5679025, 42.011729494091163 ], [ 21.5671846, 42.010828594090789 ], [ 21.5676545, 42.010616994090668 ], [ 21.5656345, 42.008225094089632 ], [ 21.5645351, 42.007190994089143 ], [ 21.5637519, 42.007605594089334 ], [ 21.563194, 42.006967794089057 ], [ 21.5622284, 42.007525794089268 ], [ 21.5591814, 42.005078294088207 ], [ 21.5597179, 42.004400694087913 ], [ 21.5576794, 42.003308394087412 ], [ 21.5571, 42.003866494087674 ], [ 21.5530875, 42.002503194087076 ], [ 21.5505297, 42.007685694089382 ], [ 21.5473223, 42.006001694088617 ], [ 21.5500689, 42.003705594087592 ], [ 21.546877, 42.002184794086929 ], [ 21.5476227, 42.001359594086587 ], [ 21.5478373, 41.998475394085304 ], [ 21.5364636, 41.995162394083835 ], [ 21.5377092, 41.994201594083385 ], [ 21.5357351, 41.993627394083134 ], [ 21.5357351, 41.991841294082363 ], [ 21.5348447, 41.990928294081911 ], [ 21.5293944, 41.990988094081956 ], [ 21.5337181, 41.989767994081426 ], [ 21.5346622, 41.988173094080743 ], [ 21.538224199999988, 41.986546194080042 ], [ 21.5387392, 41.984632294079148 ], [ 21.5409842, 41.983230694078507 ], [ 21.5482235, 41.980580794077355 ], [ 21.5519136, 41.979516594076898 ], [ 21.5604115, 41.978539094076474 ], [ 21.5634155, 41.977326794075928 ], [ 21.57088280000001, 41.976561094075556 ], [ 21.5738534, 41.975575994075143 ], [ 21.5703812, 41.972552994073773 ], [ 21.5788651, 41.970754294072997 ], [ 21.5813112, 41.966957194071291 ], [ 21.5856886, 41.962681294069434 ], [ 21.5841436, 41.961979194069109 ], [ 21.5834999, 41.96009639406828 ], [ 21.5813971, 41.960000694068206 ], [ 21.582942, 41.958341194067479 ], [ 21.5870382, 41.957221794066989 ], [ 21.5859246, 41.956107294066477 ], [ 21.5863967, 41.955532794066244 ], [ 21.5845942, 41.954415794065731 ], [ 21.5869546, 41.953234894065211 ], [ 21.5883279, 41.950490094063994 ], [ 21.583821799999988, 41.946372694062184 ], [ 21.5898846, 41.936941294057945 ], [ 21.5971041, 41.938360394058613 ], [ 21.5965033, 41.942574194060455 ], [ 21.5950441, 41.945000094061548 ], [ 21.5962029, 41.946181194062071 ], [ 21.6030693, 41.94381909406102 ], [ 21.6078758, 41.94515969406163 ], [ 21.6104985, 41.944756794061433 ], [ 21.6087631, 41.946456594062163 ], [ 21.6096697, 41.947130794062502 ], [ 21.6079316, 41.948507294063155 ], [ 21.6093572, 41.94885639406327 ], [ 21.6103456, 41.950063294063803 ], [ 21.6133497, 41.949871794063711 ], [ 21.6180704, 41.953191094065211 ], [ 21.6204478, 41.951965394064629 ], [ 21.62027, 41.952610394064926 ], [ 21.6225442, 41.94896439406331 ], [ 21.6221023, 41.948111494062928 ], [ 21.6231643, 41.947929094062886 ], [ 21.6243807, 41.946159594062088 ], [ 21.6266512, 41.94514049406164 ], [ 21.6275062, 41.942409094060388 ], [ 21.6301661, 41.942683894060501 ], [ 21.6312882, 41.946721294062328 ], [ 21.6310737, 41.95264849406496 ], [ 21.6325692, 41.954174894065652 ], [ 21.6320111, 41.957115694066971 ], [ 21.6345706, 41.958245494067434 ], [ 21.6350084, 41.959398994067975 ], [ 21.6344354, 41.960597594068467 ], [ 21.6359282, 41.96216989406922 ], [ 21.6341636, 41.964839194070372 ], [ 21.6362245, 41.966279794070978 ], [ 21.6363716, 41.964563994070218 ], [ 21.6387749, 41.962904694069522 ], [ 21.6403627, 41.962872694069475 ], [ 21.6407061, 41.961979194069109 ], [ 21.6401052, 41.961149494068728 ], [ 21.6411781, 41.959521994068012 ], [ 21.6438389, 41.960415594068408 ], [ 21.6465855, 41.958436994067519 ], [ 21.6514778, 41.957351894067024 ], [ 21.6532373, 41.956298794066548 ], [ 21.6520357, 41.952660394064935 ], [ 21.657335799999988, 41.950641694064053 ], [ 21.6670132, 41.952436994064833 ], [ 21.6697598, 41.949947494063743 ], [ 21.6724205, 41.94969219406363 ], [ 21.6736221, 41.950075194063828 ], [ 21.6749096, 41.949500694063531 ], [ 21.6770554, 41.950075194063828 ], [ 21.6786861, 41.948926094063303 ], [ 21.6809177, 41.950841194064139 ], [ 21.6827202, 41.950330494063884 ], [ 21.6858101, 41.95377749406547 ], [ 21.6911802, 41.955922794066375 ], [ 21.6861963, 41.96146869406887 ], [ 21.6857672, 41.963064194069588 ], [ 21.6824198, 41.967340094071446 ], [ 21.6804028, 41.968201594071886 ], [ 21.6783428, 41.968201594071886 ], [ 21.6775274, 41.969063194072227 ], [ 21.6781282, 41.970339494072789 ], [ 21.6763258, 41.973274894074073 ], [ 21.6771841, 41.975316794074963 ], [ 21.6795015, 41.977932894076169 ], [ 21.6780853, 41.979432394076845 ], [ 21.6735422, 41.981406294077736 ], [ 21.6770554, 41.980963694077531 ], [ 21.6827926, 41.983761994078783 ], [ 21.6855973, 41.991705894082266 ] ] ] } },
{ "type": "Feature", "properties": { "admin_id": "2460854", "name_local": "Општина Чучер-Сандево", "name_en": "Municipality of Chucher-Sandevo", "name_en_status": "OSM_NAME_EN", "source_name": "Општина Чучер-Сандево", "source_admin_level": "7", "source_osm_relation_id": "2460854", "source_name_en": "Municipality of Chucher-Sandevo" }, "geometry": { "type": "Polygon", "coordinates": [ [ [ 21.5234705, 42.197504994173173 ], [ 21.5217447, 42.199720294174107 ], [ 21.5218306, 42.201691394174993 ], [ 21.5205431, 42.203471694175754 ], [ 21.5206289, 42.204488994176188 ], [ 21.5189123, 42.206332694177064 ], [ 21.5140629, 42.208780394178113 ], [ 21.5077543, 42.213325894180123 ], [ 21.5070677, 42.215042194180882 ], [ 21.5055227, 42.216440694181458 ], [ 21.5044069, 42.220826694183408 ], [ 21.5031195, 42.222352194184104 ], [ 21.4999008, 42.223718794184663 ], [ 21.4970684, 42.223782294184723 ], [ 21.4955235, 42.22359159418464 ], [ 21.4944077, 42.222765394184236 ], [ 21.4920044, 42.222765394184236 ], [ 21.488142, 42.224100094184855 ], [ 21.478529, 42.231472594188055 ], [ 21.4753532, 42.232616494188555 ], [ 21.4711905, 42.235126694189709 ], [ 21.4704609, 42.238335894191103 ], [ 21.4680576, 42.23719199419056 ], [ 21.4645386, 42.237128494190557 ], [ 21.4632511, 42.236429494190261 ], [ 21.4598179, 42.239352594191509 ], [ 21.4575863, 42.238272294191056 ], [ 21.4535308, 42.239042794191413 ], [ 21.4532089, 42.239535294191604 ], [ 21.452061, 42.238248494191033 ], [ 21.4507645, 42.238580794191215 ], [ 21.4497662, 42.23770219419081 ], [ 21.4480358, 42.237506794190715 ], [ 21.4466937, 42.236653494190328 ], [ 21.44547, 42.237170594190594 ], [ 21.4451054, 42.236855694190417 ], [ 21.4431768, 42.2383660941911 ], [ 21.4443186, 42.234930294189596 ], [ 21.4425173, 42.235052194189642 ], [ 21.438884, 42.233483694188955 ], [ 21.43766, 42.233758994189095 ], [ 21.4365712, 42.232541294188515 ], [ 21.4355424, 42.233132694188804 ], [ 21.4354373, 42.232408594188492 ], [ 21.4339417, 42.231690694188181 ], [ 21.4308435, 42.233986494189196 ], [ 21.4297731, 42.236668094190328 ], [ 21.4269216, 42.236217894190183 ], [ 21.4243668, 42.239795894191715 ], [ 21.4224204, 42.240873494192172 ], [ 21.4203156, 42.241033694192296 ], [ 21.4202795, 42.241454194192436 ], [ 21.4217771, 42.2413872941924 ], [ 21.4219777, 42.242386794192861 ], [ 21.4198325, 42.242259894192827 ], [ 21.419323, 42.243560994193395 ], [ 21.4201468, 42.243639294193414 ], [ 21.4199657, 42.244048794193567 ], [ 21.4185509, 42.245037794194062 ], [ 21.4180165, 42.244825794193929 ], [ 21.4172255, 42.24577699419433 ], [ 21.4159081, 42.245188094194077 ], [ 21.4160772, 42.244122294193623 ], [ 21.4138225, 42.243921694193482 ], [ 21.4115936, 42.244500494193801 ], [ 21.4108776, 42.245934094194439 ], [ 21.4092196, 42.247105694194914 ], [ 21.4068478, 42.247398094195063 ], [ 21.4052494, 42.24676799419484 ], [ 21.4035745, 42.24690279419486 ], [ 21.4033681, 42.247966694195334 ], [ 21.4012923, 42.249157094195795 ], [ 21.3987883, 42.249072294195798 ], [ 21.3972307, 42.247429094195063 ], [ 21.3960241, 42.247654094195148 ], [ 21.3910975, 42.246509494194676 ], [ 21.3908174, 42.24555829419424 ], [ 21.3883361, 42.245312394194158 ], [ 21.386313, 42.246703494194769 ], [ 21.3851024, 42.246479594194646 ], [ 21.3842196, 42.24527299419411 ], [ 21.3831199, 42.245555094194266 ], [ 21.3821545, 42.244607194193811 ], [ 21.3823876, 42.243812794193481 ], [ 21.384321499999988, 42.241930694192675 ], [ 21.3856659, 42.241457094192491 ], [ 21.3842232, 42.240561994192092 ], [ 21.3843603, 42.240043694191847 ], [ 21.3814209, 42.238992794191397 ], [ 21.3798616, 42.237215794190561 ], [ 21.3772537, 42.238066594190997 ], [ 21.377004, 42.237115994190511 ], [ 21.3753383, 42.235953594190029 ], [ 21.374066, 42.233262194188868 ], [ 21.3749486, 42.23098809418785 ], [ 21.3731148, 42.230432294187594 ], [ 21.3721175, 42.228829594186898 ], [ 21.3696801, 42.227288394186239 ], [ 21.3716302, 42.226070494185691 ], [ 21.3712864, 42.224254194184901 ], [ 21.3682289, 42.223108794184419 ], [ 21.3667412, 42.221167694183556 ], [ 21.3650327, 42.221841194183824 ], [ 21.3613896, 42.222165894183988 ], [ 21.3583791, 42.220768694183377 ], [ 21.3565316, 42.217512694181949 ], [ 21.3561622, 42.215076494180913 ], [ 21.3546421, 42.215275494180922 ], [ 21.35391, 42.216181894181382 ], [ 21.352572, 42.215315694181022 ], [ 21.3508854, 42.210622794178917 ], [ 21.3460974, 42.20733569417748 ], [ 21.345803, 42.204795494176345 ], [ 21.3413528, 42.20505549417647 ], [ 21.3383365, 42.203680294175882 ], [ 21.336665, 42.206819594177276 ], [ 21.3350177, 42.207483394177558 ], [ 21.3357451, 42.205100994176455 ], [ 21.3339333, 42.20482399417638 ], [ 21.3337423, 42.203758994175885 ], [ 21.3319864, 42.202059594175189 ], [ 21.3310617, 42.199071594173837 ], [ 21.3325731, 42.195224094172154 ], [ 21.3352824, 42.192584494171022 ], [ 21.3352026, 42.190324594170001 ], [ 21.3341608, 42.188248394169079 ], [ 21.3324251, 42.187163194168598 ], [ 21.3320221, 42.184936894167656 ], [ 21.33104, 42.183768794167079 ], [ 21.329416, 42.183213094166845 ], [ 21.3281026, 42.180255994165577 ], [ 21.3286559, 42.178955294164993 ], [ 21.3265307, 42.177017994164181 ], [ 21.326994599999988, 42.176154994163795 ], [ 21.3262476, 42.176269494163847 ], [ 21.3250628, 42.175429194163435 ], [ 21.3241948, 42.175798894163648 ], [ 21.3228755, 42.175438894163456 ], [ 21.3218409, 42.173758094162693 ], [ 21.320519, 42.173847894162762 ], [ 21.3181896, 42.172964394162371 ], [ 21.3204239, 42.171143394161582 ], [ 21.3184378, 42.170014394161115 ], [ 21.317269, 42.170049394161104 ], [ 21.3185725, 42.16480049415879 ], [ 21.3206129, 42.162653794157833 ], [ 21.3209891, 42.160764894156998 ], [ 21.3204788, 42.159777194156547 ], [ 21.3156205, 42.156426994155062 ], [ 21.3161119, 42.156139994154984 ], [ 21.3140415, 42.15552789415468 ], [ 21.3148842, 42.154913794154417 ], [ 21.3140832, 42.154166394154068 ], [ 21.3151322, 42.153455994153767 ], [ 21.313908, 42.152315294153283 ], [ 21.3128462, 42.152644794153439 ], [ 21.3135653, 42.15200299415315 ], [ 21.3122646, 42.151030794152724 ], [ 21.3115879, 42.149324994151989 ], [ 21.3103749, 42.149298294151968 ], [ 21.3095693, 42.148639994151672 ], [ 21.3085492, 42.148898694151761 ], [ 21.310185, 42.147143694151019 ], [ 21.3081567, 42.145510694150275 ], [ 21.308316, 42.145014394150074 ], [ 21.3096865, 42.144760294149947 ], [ 21.3093491, 42.144033294149637 ], [ 21.3077905, 42.143374494149306 ], [ 21.3068549, 42.143538394149431 ], [ 21.3023797, 42.141298194148419 ], [ 21.303589, 42.139920194147805 ], [ 21.3023361, 42.138502894147202 ], [ 21.3053601, 42.136169494146174 ], [ 21.3066138, 42.134019294145233 ], [ 21.3046243, 42.133751694145076 ], [ 21.3054819, 42.132854294144714 ], [ 21.3052315, 42.132091094144386 ], [ 21.3063162, 42.130807494143795 ], [ 21.3084212, 42.130211994143529 ], [ 21.3088675, 42.128926294143 ], [ 21.3105257, 42.127678794142419 ], [ 21.3103834, 42.12597829414171 ], [ 21.3115578, 42.124721294141104 ], [ 21.3120138, 42.121241094139577 ], [ 21.3127059, 42.12065239413932 ], [ 21.3139698, 42.120907094139447 ], [ 21.3158384, 42.119185194138666 ], [ 21.3166548, 42.117523094137951 ], [ 21.3147093, 42.115705794137149 ], [ 21.3150901, 42.11456539413664 ], [ 21.3186313, 42.111553694135338 ], [ 21.3201882, 42.108843094134137 ], [ 21.32236, 42.107392494133485 ], [ 21.3232183, 42.105927994132863 ], [ 21.3258362, 42.104940894132383 ], [ 21.3276386, 42.10506829413243 ], [ 21.3296556, 42.102425594131311 ], [ 21.3308573, 42.098859294129731 ], [ 21.3360071, 42.091025494126256 ], [ 21.3365221, 42.088031794124952 ], [ 21.3358355, 42.085165394123685 ], [ 21.3369513, 42.084400994123321 ], [ 21.3370371, 42.081852994122208 ], [ 21.3393545, 42.080642594121642 ], [ 21.3424873, 42.077298094120195 ], [ 21.3439465, 42.077743994120361 ], [ 21.3460922, 42.077489194120254 ], [ 21.3469786, 42.079523694121178 ], [ 21.3504696, 42.079846294121332 ], [ 21.3529587, 42.079018194120934 ], [ 21.353206799999988, 42.076971594120046 ], [ 21.354332, 42.077489194120247 ], [ 21.3566065, 42.077202494120108 ], [ 21.356864, 42.075036394119174 ], [ 21.3581514, 42.072870294118268 ], [ 21.360597599999988, 42.072456194118061 ], [ 21.3620138, 42.070003194116971 ], [ 21.3643312, 42.06911119411658 ], [ 21.3640738, 42.066626194115479 ], [ 21.362443, 42.065797894115121 ], [ 21.3621855, 42.062803094113768 ], [ 21.362958, 42.062038394113458 ], [ 21.3625288, 42.060254094112672 ], [ 21.3632154, 42.057832594111581 ], [ 21.365447, 42.056876694111125 ], [ 21.3656187, 42.055028494110317 ], [ 21.368022, 42.053753894109768 ], [ 21.366477, 42.051905694108989 ], [ 21.367771, 42.044599394105724 ], [ 21.3692047, 42.045169094105958 ], [ 21.3698168, 42.044458294105659 ], [ 21.37333, 42.044142494105529 ], [ 21.3746384, 42.044960994105892 ], [ 21.3767338, 42.043141894105069 ], [ 21.3808537, 42.043333094105179 ], [ 21.3829136, 42.045245294106032 ], [ 21.3888807, 42.044490894105671 ], [ 21.3909334, 42.048508194107491 ], [ 21.3939809, 42.048719594107553 ], [ 21.392312, 42.050885994108498 ], [ 21.3917971, 42.052734194109341 ], [ 21.3921404, 42.056621794111024 ], [ 21.3946724, 42.055952594110742 ], [ 21.3956594, 42.057131594111269 ], [ 21.3924837, 42.058852194112063 ], [ 21.3922262, 42.059871794112496 ], [ 21.3931704, 42.06050899411278 ], [ 21.3930845, 42.061401194113152 ], [ 21.3985348, 42.061178094113068 ], [ 21.3993073, 42.060158594112593 ], [ 21.3999081, 42.060222294112663 ], [ 21.4000368, 42.062102094113442 ], [ 21.4013243, 42.062484494113662 ], [ 21.4016676, 42.064077494114379 ], [ 21.4030409, 42.065670494115047 ], [ 21.4023542, 42.06688109411558 ], [ 21.4046717, 42.068346594116228 ], [ 21.4052378, 42.070091294116992 ], [ 21.4073685, 42.070764994117333 ], [ 21.4081907, 42.06828289411618 ], [ 21.4099073, 42.066817394115546 ], [ 21.4106397, 42.065257394114866 ], [ 21.4113077, 42.065506694114966 ], [ 21.4133835, 42.063472094114054 ], [ 21.414628, 42.063249094114013 ], [ 21.4153147, 42.061401194113145 ], [ 21.417889599999988, 42.060636494112835 ], [ 21.4174604, 42.059107094112136 ], [ 21.4183617, 42.05799189411168 ], [ 21.4196491, 42.057928194111639 ], [ 21.4201641, 42.059075194112161 ], [ 21.4215374, 42.059138994112175 ], [ 21.4223957, 42.058374294111822 ], [ 21.4261293, 42.057832594111581 ], [ 21.4265585, 42.054263794110057 ], [ 21.4237261, 42.053690194109791 ], [ 21.4232111, 42.050312394108268 ], [ 21.425963, 42.047695294107079 ], [ 21.4268804, 42.047806794107132 ], [ 21.4267866, 42.046956594106753 ], [ 21.4278909, 42.046697394106666 ], [ 21.4286238, 42.04836449410741 ], [ 21.4373618, 42.04270619410493 ], [ 21.437081, 42.044947694105872 ], [ 21.4400294, 42.04568879410624 ], [ 21.4405352, 42.044835694105849 ], [ 21.4417934, 42.045054094105964 ], [ 21.4416647, 42.0472530941069 ], [ 21.4445159, 42.048410294107406 ], [ 21.4460421, 42.050631094108361 ], [ 21.4502017, 42.052185294109094 ], [ 21.4508675, 42.05532649411046 ], [ 21.4454166, 42.054166794109939 ], [ 21.4454723, 42.057025794111247 ], [ 21.4447162, 42.0583085941118 ], [ 21.4454906, 42.058260994111791 ], [ 21.4457664, 42.058777594112016 ], [ 21.4451838, 42.061656094113282 ], [ 21.4439821, 42.062994194113905 ], [ 21.4434671, 42.066944794115614 ], [ 21.4461279, 42.07255169411809 ], [ 21.442523, 42.074654194119027 ], [ 21.4423513, 42.076947694119994 ], [ 21.4434671, 42.079717894121259 ], [ 21.442008, 42.083445494122884 ], [ 21.4424372, 42.084974294123583 ], [ 21.4416647, 42.087203794124562 ], [ 21.4370298, 42.093700494127418 ], [ 21.4363432, 42.097203394128975 ], [ 21.437974, 42.097903994129304 ], [ 21.437974, 42.099241394129876 ], [ 21.4389181, 42.099750894130118 ], [ 21.437974, 42.101406594130815 ], [ 21.4408064, 42.109430194134362 ], [ 21.442523, 42.110512594134832 ], [ 21.4450121, 42.114332894136552 ], [ 21.4444113, 42.116688694137586 ], [ 21.445441200000012, 42.11808939413821 ], [ 21.4455271, 42.119553694138837 ], [ 21.4445586, 42.12432659414096 ], [ 21.4454461, 42.124181794140881 ], [ 21.4452696, 42.127065594142138 ], [ 21.4442396, 42.128402394142718 ], [ 21.4445829, 42.129993794143452 ], [ 21.4511919, 42.137377294146674 ], [ 21.4535522, 42.138491094147177 ], [ 21.4552259, 42.139732094147739 ], [ 21.4559126, 42.141195894148382 ], [ 21.4579296, 42.141800594148677 ], [ 21.4596033, 42.14342339414938 ], [ 21.4604616, 42.147814494151326 ], [ 21.4617062, 42.149564394152051 ], [ 21.4665985, 42.148355394151523 ], [ 21.4682722, 42.15252339415337 ], [ 21.4698172, 42.154241394154127 ], [ 21.4750957, 42.156563794155147 ], [ 21.4775011, 42.156576194155157 ], [ 21.4774329, 42.15776999415565 ], [ 21.4788936, 42.156507994155135 ], [ 21.4826929, 42.155290694154594 ], [ 21.4891867, 42.15673979415525 ], [ 21.4872837, 42.163435194158204 ], [ 21.488657, 42.1636896941583 ], [ 21.4898586, 42.163117094158004 ], [ 21.4915752, 42.163307994158139 ], [ 21.4940643, 42.162735394157842 ], [ 21.4960384, 42.162989894157953 ], [ 21.4971113, 42.164357694158568 ], [ 21.4970255, 42.166393494159507 ], [ 21.4989138, 42.167983894160159 ], [ 21.4993858, 42.17043309416124 ], [ 21.5035057, 42.16973339416095 ], [ 21.505909, 42.171132894161588 ], [ 21.5100288, 42.170496694161301 ], [ 21.5135479, 42.172532294162181 ], [ 21.51402, 42.17650789416389 ], [ 21.5150499, 42.178670494164898 ], [ 21.5183745, 42.178794794164965 ], [ 21.5153074, 42.18394949416718 ], [ 21.5154791, 42.185412294167818 ], [ 21.5178823, 42.187765394168856 ], [ 21.5184832, 42.19469699417192 ], [ 21.5224743, 42.195746194172358 ], [ 21.5234705, 42.197504994173173 ] ] ] } },
{ "type": "Feature", "properties": { "admin_id": "2460855", "name_local": "Општина Арачиново", "name_en": "Municipality of Arachinovo", "name_en_status": "OSM_NAME_EN", "source_name": "Општина Арачиново", "source_admin_level": "7", "source_osm_relation_id": "2460855", "source_name_en": "Municipality of Arachinovo" }, "geometry": { "type": "Polygon", "coordinates": [ [ [ 21.6110781, 42.081403894121976 ], [ 21.6098099, 42.078530094120701 ], [ 21.610282, 42.07692149412 ], [ 21.605969, 42.074070494118772 ], [ 21.6091876, 42.070757494117274 ], [ 21.6119521, 42.066022394115201 ], [ 21.6087124, 42.060206394112654 ], [ 21.6082403, 42.057960094111657 ], [ 21.6097852, 42.05647839411094 ], [ 21.6080257, 42.054980794110307 ], [ 21.6076641, 42.052755794109373 ], [ 21.6051289, 42.051475594108766 ], [ 21.6036695, 42.054583894110117 ], [ 21.6038232, 42.057121294111305 ], [ 21.6017442, 42.057454194111401 ], [ 21.6018515, 42.05813129411171 ], [ 21.60039, 42.057328394111401 ], [ 21.5989523, 42.05745589411142 ], [ 21.5987345, 42.056908594111171 ], [ 21.5965885, 42.057405494111407 ], [ 21.596560899999989, 42.056627194111087 ], [ 21.5951726, 42.056844894111123 ], [ 21.5923005, 42.054237594109999 ], [ 21.5892181, 42.055825194110703 ], [ 21.5888887, 42.057041594111247 ], [ 21.5862494, 42.057678894111561 ], [ 21.5854734, 42.058632294111916 ], [ 21.5790182, 42.060610294112827 ], [ 21.5769904, 42.060084494112587 ], [ 21.5744262, 42.061502394113205 ], [ 21.5705209, 42.061948394113401 ], [ 21.5667444, 42.066281394115293 ], [ 21.5637907, 42.067351094115793 ], [ 21.5618842, 42.067101794115686 ], [ 21.558999, 42.068260394116187 ], [ 21.5596213, 42.066492294115449 ], [ 21.5593381, 42.064125094114338 ], [ 21.5600644, 42.064070994114324 ], [ 21.5584369, 42.062659494113745 ], [ 21.5558834, 42.061878894113356 ], [ 21.5567417, 42.059298094112215 ], [ 21.5563812, 42.058001294111683 ], [ 21.5574541, 42.056248794110878 ], [ 21.556746, 42.054161694109936 ], [ 21.5591922, 42.052329394109165 ], [ 21.5586729, 42.05173029410885 ], [ 21.5580506, 42.052256094109111 ], [ 21.5569777, 42.051539094108804 ], [ 21.5544672, 42.05110889410863 ], [ 21.5519137, 42.049499594107886 ], [ 21.556763, 42.049022494107668 ], [ 21.5568318, 42.047087194106794 ], [ 21.5577502, 42.04669519410664 ], [ 21.5596385, 42.042998294105004 ], [ 21.5585441, 42.039970494103684 ], [ 21.5562482, 42.037141794102418 ], [ 21.5578073, 42.034242094101117 ], [ 21.5582588, 42.030859994099657 ], [ 21.5596068, 42.029421094098971 ], [ 21.5593531, 42.028050794098384 ], [ 21.5580871, 42.027755894098291 ], [ 21.554965, 42.029278094098935 ], [ 21.5537938, 42.027441694098151 ], [ 21.547263, 42.026048394097529 ], [ 21.5475527, 42.025538294097309 ], [ 21.5487745, 42.025432694097219 ], [ 21.5486658, 42.022671194096013 ], [ 21.5477194, 42.022386094095914 ], [ 21.5484898, 42.020907294095238 ], [ 21.5449014, 42.02000899409483 ], [ 21.5530875, 42.002503194087076 ], [ 21.5571, 42.003866494087674 ], [ 21.5576794, 42.003308394087412 ], [ 21.5597179, 42.004400694087913 ], [ 21.5591814, 42.005078294088207 ], [ 21.5622284, 42.007525794089268 ], [ 21.563194, 42.006967794089057 ], [ 21.5637519, 42.007605594089334 ], [ 21.5645351, 42.007190994089143 ], [ 21.5676545, 42.010616994090668 ], [ 21.5671846, 42.010828594090789 ], [ 21.5679025, 42.011729494091163 ], [ 21.5673873, 42.011958494091303 ], [ 21.5692065, 42.013964594092144 ], [ 21.5686255, 42.014244394092287 ], [ 21.5718737, 42.016621394093328 ], [ 21.5730753, 42.016724994093366 ], [ 21.5763154, 42.0147082940925 ], [ 21.5781071, 42.017314894093623 ], [ 21.5799525, 42.017131494093569 ], [ 21.5806177, 42.016382294093255 ], [ 21.5827205, 42.017115594093525 ], [ 21.5831818, 42.018048194093957 ], [ 21.5855918, 42.018161694094012 ], [ 21.5870185, 42.019083094094427 ], [ 21.5881118, 42.018816894094293 ], [ 21.5868149, 42.016851294093421 ], [ 21.5872226, 42.016197594093128 ], [ 21.5959559, 42.018927694094394 ], [ 21.5954985, 42.020782094095182 ], [ 21.6010239, 42.02251169409594 ], [ 21.6046073, 42.026544494097763 ], [ 21.6060343, 42.027134294097976 ], [ 21.6086414, 42.030840094099659 ], [ 21.6098755, 42.037644794102611 ], [ 21.6257232, 42.041313094104297 ], [ 21.6272893, 42.041344994104293 ], [ 21.6266134, 42.039464494103434 ], [ 21.627134, 42.039428694103407 ], [ 21.6280843, 42.042127694104614 ], [ 21.6294265, 42.043329194105198 ], [ 21.6301593, 42.043018194105038 ], [ 21.6312053, 42.045129594105994 ], [ 21.6296392, 42.045141594105942 ], [ 21.6299554, 42.046559994106566 ], [ 21.6292795, 42.048599294107476 ], [ 21.6265791, 42.052484994109228 ], [ 21.6318115, 42.054088594109942 ], [ 21.6362962, 42.056900594111148 ], [ 21.6371223, 42.058087494111717 ], [ 21.6388851, 42.058650694111968 ], [ 21.6406843, 42.060684294112853 ], [ 21.6449576, 42.063175094113944 ], [ 21.645258, 42.063605194114139 ], [ 21.6431551, 42.065548694114995 ], [ 21.6449361, 42.068113294116138 ], [ 21.6439458, 42.06903159411651 ], [ 21.6443997, 42.07005659411697 ], [ 21.6433053, 42.071458294117619 ], [ 21.6445037, 42.072136894117904 ], [ 21.6433053, 42.073210394118391 ], [ 21.6419932, 42.073379194118452 ], [ 21.6414138, 42.074334894118905 ], [ 21.6404053, 42.072821794118234 ], [ 21.6395685, 42.074127794118802 ], [ 21.637662, 42.074293494118855 ], [ 21.6362425, 42.075131294119217 ], [ 21.6354486, 42.07454199411896 ], [ 21.6342684, 42.075927594119626 ], [ 21.6340571, 42.075201294119232 ], [ 21.631568, 42.074866894119104 ], [ 21.6306206, 42.07713809412013 ], [ 21.6294405, 42.076580594119868 ], [ 21.6289469, 42.079749994121293 ], [ 21.6237971, 42.079558894121185 ], [ 21.6180894, 42.081708894122123 ], [ 21.6110781, 42.081403894121976 ] ] ] } },
{ "type": "Feature", "properties": { "admin_id": "2572593", "name_local": "Општина Лозово", "name_en": "Municipality of Lozovo", "name_en_status": "OSM_NAME_EN", "source_name": "Општина Лозово", "source_admin_level": "7", "source_osm_relation_id": "2572593", "source_name_en": "Municipality of Lozovo" }, "geometry": { "type": "Polygon", "coordinates": [ [ [ 21.9684076, 41.677976393942131 ], [ 21.9674065, 41.67429519394053 ], [ 21.9618845, 41.672911793939882 ], [ 21.9663477, 41.665410293936475 ], [ 21.9663477, 41.664640893936138 ], [ 21.965189, 41.663646993935693 ], [ 21.963172, 41.663871493935787 ], [ 21.9594383, 41.669225293938219 ], [ 21.9563484, 41.669866493938521 ], [ 21.952529, 41.667141493937272 ], [ 21.9520569, 41.664865293936259 ], [ 21.9480658, 41.664127993935914 ], [ 21.9444609, 41.658228593933259 ], [ 21.9390965, 41.656144493932324 ], [ 21.9377232, 41.656913993932669 ], [ 21.9361782, 41.656657493932514 ], [ 21.9346333, 41.658260693933286 ], [ 21.9320583, 41.657555293932965 ], [ 21.9305134, 41.656465093932461 ], [ 21.9277668, 41.658260693933286 ], [ 21.9264793, 41.657683493933 ], [ 21.9204712, 41.66281349393536 ], [ 21.9178963, 41.66159519393478 ], [ 21.9142056, 41.662877593935349 ], [ 21.9127304, 41.661987893934906 ], [ 21.9112015, 41.66294169393538 ], [ 21.9089699, 41.663069993935423 ], [ 21.9061804, 41.667013293937224 ], [ 21.9056654, 41.67412989394041 ], [ 21.9037771, 41.677848193942054 ], [ 21.9046511, 41.682210793944073 ], [ 21.903519599999989, 41.688553093946922 ], [ 21.904463799999988, 41.689963193947548 ], [ 21.902833, 41.691757793948362 ], [ 21.9031763, 41.694065093949384 ], [ 21.9006014, 41.695923693950213 ], [ 21.9003439, 41.698166793951231 ], [ 21.9015455, 41.700409793952197 ], [ 21.8997431, 41.707586793955429 ], [ 21.897769, 41.709509093956314 ], [ 21.8980265, 41.710662393956852 ], [ 21.8971682, 41.711815693957355 ], [ 21.8975973, 41.714442593958509 ], [ 21.8993998, 41.717325693959843 ], [ 21.8974257, 41.721169593961569 ], [ 21.8933916, 41.721489993961704 ], [ 21.8847227, 41.730970593965978 ], [ 21.8807006, 41.734514993967515 ], [ 21.87644, 41.733244493966986 ], [ 21.8708675, 41.730495493965769 ], [ 21.8715048, 41.731675193966296 ], [ 21.8707752, 41.732603893966683 ], [ 21.8700027, 41.732731993966759 ], [ 21.8680829, 41.731731093966303 ], [ 21.8669558, 41.734173193967393 ], [ 21.8640375, 41.735133893967848 ], [ 21.8625355, 41.737855993969028 ], [ 21.8616772, 41.737855993969028 ], [ 21.8610764, 41.738560493969338 ], [ 21.8592304, 41.738325393969255 ], [ 21.8590351, 41.740443693970214 ], [ 21.8552586, 41.741069793970489 ], [ 21.8554206, 41.742996593971363 ], [ 21.8545365, 41.743771493971686 ], [ 21.8546535, 41.74509559397228 ], [ 21.8521569, 41.74509559397228 ], [ 21.8521633, 41.745893593972653 ], [ 21.8457743, 41.7468797939731 ], [ 21.8457185, 41.752086693975421 ], [ 21.8480488, 41.754382993976456 ], [ 21.8432824, 41.758847993978449 ], [ 21.8445323, 41.760144293979053 ], [ 21.8420432, 41.76160079397971 ], [ 21.8415228, 41.761176693979493 ], [ 21.840123, 41.761440793979631 ], [ 21.8360388, 41.764627193981021 ], [ 21.8438966, 41.772194393984428 ], [ 21.8465249, 41.773096793984841 ], [ 21.8492445, 41.773282993984971 ], [ 21.8488695, 41.776172693986211 ], [ 21.8508196, 41.776496593986408 ], [ 21.848588, 41.778416793987226 ], [ 21.8482447, 41.77944089398769 ], [ 21.8494463, 41.779760893987813 ], [ 21.8489313, 41.781232993988468 ], [ 21.8509054, 41.78174499398871 ], [ 21.849618, 41.786417093990828 ], [ 21.8503046, 41.788656993991843 ], [ 21.8484163, 41.789040893991988 ], [ 21.8407774, 41.79787169399598 ], [ 21.83743, 41.800431093997062 ], [ 21.8336535, 41.806573293999818 ], [ 21.8299198, 41.808780494000835 ], [ 21.8289746, 41.810540494001572 ], [ 21.8274302, 41.808570094000707 ], [ 21.8245892, 41.810022394001365 ], [ 21.8233441, 41.811583294002062 ], [ 21.8221526, 41.811780994002177 ], [ 21.8226504, 41.812522694002467 ], [ 21.8235345, 41.812535894002501 ], [ 21.8243499, 41.813840494003053 ], [ 21.8263583, 41.812132894002325 ], [ 21.827045, 41.814192794003219 ], [ 21.8286666, 41.812932194002677 ], [ 21.8293533, 41.816853894004431 ], [ 21.8301296, 41.816648994004318 ], [ 21.83001, 41.81488979400352 ], [ 21.8311118, 41.815017794003616 ], [ 21.8309064, 41.812721994002565 ], [ 21.8314466, 41.812817994002629 ], [ 21.8321586, 41.816537894004284 ], [ 21.8312485, 41.816598394004323 ], [ 21.830851, 41.81868379400521 ], [ 21.8321728, 41.817010994004512 ], [ 21.8324434, 41.815684294003908 ], [ 21.831767, 41.813573094002969 ], [ 21.8326235, 41.812650994002581 ], [ 21.8342543, 41.81572159400389 ], [ 21.8337393, 41.818536094005196 ], [ 21.8345118, 41.820646994006104 ], [ 21.8382454, 41.824388794007795 ], [ 21.8407774, 41.825252194008186 ], [ 21.8407774, 41.82800239400941 ], [ 21.8500471, 41.832607194011452 ], [ 21.8516779, 41.835484894012765 ], [ 21.8545532, 41.836476094013172 ], [ 21.8613768, 41.842582894015891 ], [ 21.8604326, 41.843989594016541 ], [ 21.8635225, 41.846419294017629 ], [ 21.8614626, 41.850127594019312 ], [ 21.8618917, 41.853324294020695 ], [ 21.862793, 41.854379194021178 ], [ 21.8641663, 41.854379194021178 ], [ 21.8655396, 41.855785594021782 ], [ 21.8691444, 41.854634894021309 ], [ 21.8744659, 41.850671094019546 ], [ 21.8812895, 41.84868909401866 ], [ 21.8907309, 41.841495894015459 ], [ 21.890645, 41.840600694015016 ], [ 21.8926191, 41.83912989401437 ], [ 21.8934774, 41.836891794013361 ], [ 21.8961382, 41.834077994012119 ], [ 21.8990564, 41.832287394011338 ], [ 21.8999147, 41.830496694010534 ], [ 21.9000006, 41.827810594009335 ], [ 21.9043145, 41.823126994007211 ], [ 21.9069958, 41.823685194007503 ], [ 21.9077039, 41.822214094006831 ], [ 21.9084442, 41.823437394007328 ], [ 21.9115448, 41.82266179400704 ], [ 21.9141197, 41.821318594006371 ], [ 21.9182695, 41.817768594004832 ], [ 21.9213295, 41.817992394004939 ], [ 21.9255352, 41.816649094004333 ], [ 21.9302559, 41.816265294004147 ], [ 21.9320154, 41.81425029400328 ], [ 21.9341183, 41.813258694002776 ], [ 21.9354916, 41.811851294002196 ], [ 21.9369507, 41.81210719400233 ], [ 21.9390965, 41.810187994001467 ], [ 21.9402981, 41.809676194001234 ], [ 21.941328, 41.809868094001274 ], [ 21.9485378, 41.804557993998934 ], [ 21.9512844, 41.803534293998482 ], [ 21.957078, 41.798959493996442 ], [ 21.9590521, 41.795824093995016 ], [ 21.9637513, 41.792528593993552 ], [ 21.9678685, 41.792972493993751 ], [ 21.9686651, 41.790320793992578 ], [ 21.9621849, 41.788560993991759 ], [ 21.9605548, 41.787581593991327 ], [ 21.9615001, 41.786528493990858 ], [ 21.9639874, 41.786832993991013 ], [ 21.9704247, 41.783249093989369 ], [ 21.9740295, 41.780048893987924 ], [ 21.979351, 41.778768793987389 ], [ 21.9809389, 41.777776693986937 ], [ 21.9811535, 41.776976593986582 ], [ 21.9835567, 41.776464493986339 ], [ 21.9853163, 41.77534439398584 ], [ 21.9877195, 41.77188779398432 ], [ 21.9917965, 41.771343693984058 ], [ 21.9952297, 41.766606493981925 ], [ 21.997032199999989, 41.766286393981794 ], [ 21.9996071, 41.767438793982294 ], [ 22.0029062, 41.767602793982363 ], [ 22.0017958, 41.764845993981147 ], [ 22.0030832, 41.760044293978964 ], [ 22.005744, 41.755946593977185 ], [ 22.0074177, 41.754185793976404 ], [ 22.0147991, 41.750920193974856 ], [ 22.017417, 41.74883909397397 ], [ 22.0193481, 41.746117493972719 ], [ 22.0171595, 41.741794693970789 ], [ 22.0198631, 41.740481793970211 ], [ 22.0232964, 41.740994193970415 ], [ 22.0249701, 41.740321693970145 ], [ 22.0258284, 41.738464393969309 ], [ 22.0230818, 41.736799193968537 ], [ 22.0226526, 41.735710393968056 ], [ 22.0211935, 41.734685593967662 ], [ 22.0211077, 41.733532693967078 ], [ 22.019434, 41.732924193966852 ], [ 22.0151854, 41.73404509396731 ], [ 22.0140266, 41.737279593968822 ], [ 22.0090485, 41.738560493969338 ], [ 22.0079756, 41.738144193969148 ], [ 22.0094347, 41.73628679396834 ], [ 22.0094347, 41.733468593967054 ], [ 22.0051432, 41.730778393965856 ], [ 22.0025682, 41.727767793964539 ], [ 22.0038986, 41.726903093964118 ], [ 22.0091343, 41.725942193963647 ], [ 22.010293, 41.724372693963005 ], [ 22.0100784, 41.723123493962412 ], [ 22.0051861, 41.723251693962489 ], [ 22.0022678, 41.723956293962814 ], [ 21.9991029, 41.721373793961618 ], [ 21.993084, 41.723123493962419 ], [ 21.9886637, 41.726422593963889 ], [ 21.982913, 41.733596693967144 ], [ 21.9781743, 41.734489593967517 ], [ 21.9772482, 41.73218759396655 ], [ 21.977334, 41.730201893965642 ], [ 21.9752312, 41.729209093965153 ], [ 21.9726133, 41.726806993964097 ], [ 21.9731283, 41.724052393962879 ], [ 21.9678926, 41.721746193961771 ], [ 21.9675064, 41.718510993960351 ], [ 21.9625282, 41.718959393960574 ], [ 21.9573784, 41.716909293959624 ], [ 21.953001, 41.717655793959985 ], [ 21.949803, 41.716609393959502 ], [ 21.9498682, 41.714378593958465 ], [ 21.9480658, 41.712007893957448 ], [ 21.9495536, 41.703907893953804 ], [ 21.9515419, 41.703069193953425 ], [ 21.9534302, 41.701146693952559 ], [ 21.9559193, 41.700121393952109 ], [ 21.956563, 41.698807593951521 ], [ 21.9587946, 41.697141393950766 ], [ 21.9563055, 41.694000993949338 ], [ 21.9623566, 41.691277093948109 ], [ 21.9693089, 41.692751293948767 ], [ 21.9737291, 41.688360793946806 ], [ 21.9702959, 41.685604593945556 ], [ 21.9700384, 41.683873893944813 ], [ 21.967206, 41.683168793944482 ], [ 21.967206, 41.679643193942894 ], [ 21.9684076, 41.677976393942131 ] ] ] } },
{ "type": "Feature", "properties": { "admin_id": "2572599", "name_local": "Општина Свети Николе", "name_en": "Municipality of Sveti Nikole", "name_en_status": "OSM_NAME_EN", "source_name": "Општина Свети Николе", "source_admin_level": "7", "source_osm_relation_id": "2572599", "source_name_en": "Municipality of Sveti Nikole" }, "geometry": { "type": "Polygon", "coordinates": [ [ [ 21.8619132, 41.852628994020371 ], [ 21.8609047, 41.85290869402052 ], [ 21.860218, 41.852417294020313 ], [ 21.8549395, 41.8579910940228 ], [ 21.8526649, 41.863264894025157 ], [ 21.8502617, 41.863136994025098 ], [ 21.8462276, 41.864479394025693 ], [ 21.8434381, 41.866620694026622 ], [ 21.8421936, 41.868889694027708 ], [ 21.839962, 41.868633994027533 ], [ 21.8385029, 41.869592794027973 ], [ 21.8370438, 41.869273194027834 ], [ 21.8353701, 41.870136094028226 ], [ 21.8344259, 41.873842994029879 ], [ 21.8323231, 41.875792294030738 ], [ 21.8309069, 41.876335494030997 ], [ 21.8264437, 41.882406494033702 ], [ 21.8215942, 41.885186194034944 ], [ 21.8200064, 41.886815594035632 ], [ 21.8203497, 41.888540794036416 ], [ 21.8197328, 41.889515194036846 ], [ 21.8209505, 41.889922594037017 ], [ 21.8223238, 41.892246694038072 ], [ 21.8207788, 41.892885594038319 ], [ 21.820693, 41.893524494038651 ], [ 21.822871, 41.896159994039856 ], [ 21.8168306, 41.902979694042848 ], [ 21.8159723, 41.906620894044515 ], [ 21.814599, 41.908537194045323 ], [ 21.810565, 41.911922594046857 ], [ 21.8103933, 41.912944494047288 ], [ 21.8064451, 41.916840594049035 ], [ 21.8055198, 41.91851309404975 ], [ 21.809320400000011, 41.918277594049655 ], [ 21.8099642, 41.918884294049931 ], [ 21.8098783, 41.921502794051094 ], [ 21.8109083, 41.921949794051287 ], [ 21.8081617, 41.930570694055113 ], [ 21.8085051, 41.932550194056034 ], [ 21.8127108, 41.938041194058442 ], [ 21.8132257, 41.940658894059638 ], [ 21.817174, 41.945319294061704 ], [ 21.8174314, 41.951894394064631 ], [ 21.8207788, 41.95674559406676 ], [ 21.8206072, 41.959490094068002 ], [ 21.8213511, 41.960591094068477 ], [ 21.8249416, 41.960543194068471 ], [ 21.8297911, 41.961787794069018 ], [ 21.8309927, 41.965234094070532 ], [ 21.8347692, 41.969637494072487 ], [ 21.8388462, 41.97164759407341 ], [ 21.8408203, 41.973434394074197 ], [ 21.8442535, 41.97445539407466 ], [ 21.8463993, 41.975859194075277 ], [ 21.8492746, 41.978251994076366 ], [ 21.8505192, 41.980580794077362 ], [ 21.8569136, 41.982130094078038 ], [ 21.8516779, 41.986035894079777 ], [ 21.8489709, 41.991332894082127 ], [ 21.8488455, 41.994137794083343 ], [ 21.8503904, 41.994711894083629 ], [ 21.8528795, 41.998028894085067 ], [ 21.8578148, 42.000101894086008 ], [ 21.8608189, 41.998762394085396 ], [ 21.8658829, 41.997741794084973 ], [ 21.8675566, 41.999687294085838 ], [ 21.8675566, 42.004152094087836 ], [ 21.8736345, 42.010812794090775 ], [ 21.8786716, 42.0108805940908 ], [ 21.8856239, 42.012985094091732 ], [ 21.8925762, 42.011454494091062 ], [ 21.894207, 42.014834394092588 ], [ 21.8965244, 42.014961994092602 ], [ 21.8991852, 42.016619994093332 ], [ 21.9022751, 42.017640194093779 ], [ 21.9030476, 42.018532994094194 ], [ 21.9042492, 42.018532994094208 ], [ 21.9057941, 42.01693879409347 ], [ 21.910429, 42.017448894093711 ], [ 21.9133472, 42.016874994093463 ], [ 21.9156218, 42.019840194094748 ], [ 21.9155407, 42.020702994095146 ], [ 21.9172096, 42.021529894095529 ], [ 21.9196558, 42.020796594095188 ], [ 21.9221878, 42.016874994093456 ], [ 21.9233036, 42.017512694093732 ], [ 21.924977299999988, 42.01722569409359 ], [ 21.9263506, 42.015695294092929 ], [ 21.9262648, 42.014993794092611 ], [ 21.9274664, 42.014356094092356 ], [ 21.9323587, 42.006511894088881 ], [ 21.9331312, 42.002621294087128 ], [ 21.9362211, 41.997646194084943 ], [ 21.9365644, 41.994839494083713 ], [ 21.9373369, 41.993946394083288 ], [ 21.936307, 41.986035894079784 ], [ 21.9370218, 41.984658194079138 ], [ 21.9382811, 41.985334094079469 ], [ 21.9393969, 41.987566994080467 ], [ 21.9424868, 41.989672294081373 ], [ 21.9442463, 41.992128294082448 ], [ 21.9464779, 41.992511094082644 ], [ 21.9510269, 41.995317894083911 ], [ 21.954546, 41.995381694083896 ], [ 21.9565201, 41.997167694084759 ], [ 21.9590092, 41.996848794084535 ], [ 21.9608974, 41.99761429408494 ], [ 21.9639874, 42.000356994086147 ], [ 21.9676781, 42.002525694087097 ], [ 21.9726563, 42.003673694087588 ], [ 21.9765186, 42.00278079408718 ], [ 21.9809818, 42.004821794088109 ], [ 21.9845867, 42.005076894088226 ], [ 21.98596, 42.005969794088642 ], [ 21.989754, 42.004182994087806 ], [ 21.9916677, 42.005300094088319 ], [ 21.9932985, 42.007787494089435 ], [ 21.9963907, 42.007042994089055 ], [ 21.9988191, 42.007304694089221 ], [ 22.0013177, 42.009479994090171 ], [ 22.0046815, 42.011014594090881 ], [ 22.0095527, 42.011200094090974 ], [ 22.0127409, 42.010403494090575 ], [ 22.0150851, 42.008973094089974 ], [ 22.0183718, 42.009160994090038 ], [ 22.0197235, 42.008087494089573 ], [ 22.0234338, 42.008275394089608 ], [ 22.0251303, 42.007250094089216 ], [ 22.025715, 42.006296994088757 ], [ 22.0252346, 42.005596194088461 ], [ 22.0262465, 42.004736994088049 ], [ 22.0285354, 42.004439494087968 ], [ 22.0305437, 42.005213594088303 ], [ 22.0318919, 42.004201994087857 ], [ 22.0344543, 42.003609994087597 ], [ 22.0355272, 42.001919694086858 ], [ 22.0334673, 41.996880694084609 ], [ 22.0306778, 41.99601959408421 ], [ 22.0294762, 41.994743794083639 ], [ 22.0247333, 41.992956594082841 ], [ 22.026515, 41.988715294080983 ], [ 22.0325232, 41.983228694078555 ], [ 22.0329523, 41.980548894077316 ], [ 22.0354414, 41.977294794075917 ], [ 22.0355272, 41.974997694074894 ], [ 22.0373726, 41.974582994074709 ], [ 22.0400763, 41.971551894073336 ], [ 22.0477581, 41.966414794071056 ], [ 22.0507622, 41.966478594071098 ], [ 22.0567703, 41.965457494070627 ], [ 22.0603752, 41.964308694070169 ], [ 22.0615768, 41.962968494069578 ], [ 22.0629984, 41.963167894069642 ], [ 22.070031199999985, 41.957447694067078 ], [ 22.0708895, 41.956043394066441 ], [ 22.0732498, 41.955245594066049 ], [ 22.0766401, 41.952788094065028 ], [ 22.0774126, 41.951256094064334 ], [ 22.0774126, 41.947936694062875 ], [ 22.0763183, 41.946779694062315 ], [ 22.076726, 41.945893894061932 ], [ 22.0808029, 41.944776694061474 ], [ 22.0842791, 41.942191094060277 ], [ 22.0860815, 41.939765094059233 ], [ 22.086339, 41.93823279405855 ], [ 22.0847082, 41.935614994057389 ], [ 22.0871973, 41.932997094056212 ], [ 22.0849657, 41.929229794054571 ], [ 22.0906734, 41.927218294053617 ], [ 22.0959949, 41.921087694050918 ], [ 22.1031189, 41.92012969405048 ], [ 22.1066809, 41.917926294049515 ], [ 22.1082902, 41.914114194047812 ], [ 22.1069384, 41.913647094047597 ], [ 22.1049643, 41.910389594046144 ], [ 22.1065521, 41.907610994044909 ], [ 22.1144485, 41.902053494042441 ], [ 22.1188259, 41.901797894042367 ], [ 22.1245766, 41.8997535940414 ], [ 22.1259552, 41.898749394041019 ], [ 22.1256065, 41.898348094040806 ], [ 22.1209717, 41.899050894041096 ], [ 22.1080112, 41.89962589404135 ], [ 22.1053505, 41.898731494040938 ], [ 22.0980549, 41.898507794040889 ], [ 22.1001751, 41.894640594039153 ], [ 22.104578, 41.895025994039337 ], [ 22.1080542, 41.893524494038651 ], [ 22.1097708, 41.889818694036975 ], [ 22.1114874, 41.888349094036343 ], [ 22.111463199999985, 41.885395794035006 ], [ 22.10917, 41.883556694034233 ], [ 22.1100283, 41.88048939403285 ], [ 22.10951330000001, 41.87850829403196 ], [ 22.103591, 41.874290394030076 ], [ 22.1044493, 41.871797794028979 ], [ 22.1009302, 41.8684742940275 ], [ 22.1005011, 41.863872094025425 ], [ 22.0990849, 41.865246394026045 ], [ 22.0982051, 41.864774994025815 ], [ 22.0984411, 41.863105094025066 ], [ 22.0966387, 41.858502494022986 ], [ 22.0977545, 41.854347194021194 ], [ 22.0993423, 41.852333394020263 ], [ 22.1009302, 41.852493194020326 ], [ 22.1058226, 41.844948694016999 ], [ 22.10814, 41.838618394014183 ], [ 22.1077108, 41.837723094013768 ], [ 22.1088266, 41.833374594011786 ], [ 22.1130659, 41.833591394011933 ], [ 22.1120453, 41.83251119401141 ], [ 22.10814, 41.830496694010534 ], [ 22.0996857, 41.820550994006055 ], [ 22.0974541, 41.820167294005905 ], [ 22.0965958, 41.818632094005217 ], [ 22.0931625, 41.817864494004873 ], [ 22.0880127, 41.815369694003742 ], [ 22.0879269, 41.814026394003143 ], [ 22.0824337, 41.811275594001941 ], [ 22.0782052, 41.807814894000373 ], [ 22.075696, 41.803374393998425 ], [ 22.0683146, 41.795248193994752 ], [ 22.0682287, 41.79211259399333 ], [ 22.0651388, 41.787696993991361 ], [ 22.0645809, 41.787344993991205 ], [ 22.0573711, 41.787664993991356 ], [ 22.0554829, 41.789592893992264 ], [ 22.0486164, 41.788368993991675 ], [ 22.0435953, 41.786544993990859 ], [ 22.0531225, 41.772143793984448 ], [ 22.0546675, 41.767982893982584 ], [ 22.05441, 41.766638493981965 ], [ 22.0578432, 41.762221093979981 ], [ 22.0573282, 41.760300393979094 ], [ 22.0535517, 41.757227193977727 ], [ 22.052865, 41.755498393976978 ], [ 22.0548391, 41.752104793975398 ], [ 22.0521784, 41.748710993973901 ], [ 22.0529509, 41.743011493971331 ], [ 22.0516634, 41.742242993971026 ], [ 22.0522079, 41.732844093966776 ], [ 22.0499039, 41.731194793966068 ], [ 22.0444536, 41.735069893967761 ], [ 22.0459127, 41.737439693968867 ], [ 22.0474577, 41.738592493969371 ], [ 22.0451832, 41.741762693970813 ], [ 22.0430374, 41.742915493971331 ], [ 22.0395184, 41.742915493971331 ], [ 22.0311928, 41.741058193970481 ], [ 22.0289183, 41.743139593971385 ], [ 22.0284033, 41.745829293972605 ], [ 22.026386299999988, 41.747206093973219 ], [ 22.0231247, 41.747910493973556 ], [ 22.019446, 41.745859293972657 ], [ 22.017417, 41.74883909397397 ], [ 22.0147991, 41.750920193974856 ], [ 22.0074177, 41.754185793976404 ], [ 22.005744, 41.755946593977185 ], [ 22.0030832, 41.760044293978964 ], [ 22.0017958, 41.764845993981147 ], [ 22.0029062, 41.767602793982363 ], [ 21.9996071, 41.767438793982294 ], [ 21.997032199999989, 41.766286393981794 ], [ 21.9952297, 41.766606493981925 ], [ 21.9917965, 41.771343693984058 ], [ 21.9877195, 41.77188779398432 ], [ 21.9853163, 41.77534439398584 ], [ 21.9835567, 41.776464493986339 ], [ 21.9811535, 41.776976593986582 ], [ 21.9809389, 41.777776693986937 ], [ 21.979351, 41.778768793987389 ], [ 21.9740295, 41.780048893987924 ], [ 21.9704247, 41.783249093989369 ], [ 21.9639874, 41.786832993991013 ], [ 21.9615001, 41.786528493990858 ], [ 21.9605548, 41.787581593991327 ], [ 21.9621849, 41.788560993991759 ], [ 21.9686651, 41.790320793992578 ], [ 21.9678685, 41.792972493993751 ], [ 21.9637513, 41.792528593993552 ], [ 21.9590521, 41.795824093995016 ], [ 21.957078, 41.798959493996442 ], [ 21.9512844, 41.803534293998482 ], [ 21.9485378, 41.804557993998934 ], [ 21.941328, 41.809868094001274 ], [ 21.9402981, 41.809676194001234 ], [ 21.9390965, 41.810187994001467 ], [ 21.9369507, 41.81210719400233 ], [ 21.9354916, 41.811851294002196 ], [ 21.9341183, 41.813258694002776 ], [ 21.9320154, 41.81425029400328 ], [ 21.9302559, 41.816265294004147 ], [ 21.9255352, 41.816649094004333 ], [ 21.9213295, 41.817992394004939 ], [ 21.9182695, 41.817768594004832 ], [ 21.9141197, 41.821318594006371 ], [ 21.9115448, 41.82266179400704 ], [ 21.9084442, 41.823437394007328 ], [ 21.9077039, 41.822214094006831 ], [ 21.9069958, 41.823685194007503 ], [ 21.9043145, 41.823126994007211 ], [ 21.9000006, 41.827810594009335 ], [ 21.8999147, 41.830496694010534 ], [ 21.8990564, 41.832287394011338 ], [ 21.8961382, 41.834077994012119 ], [ 21.8934774, 41.836891794013361 ], [ 21.8926191, 41.83912989401437 ], [ 21.890645, 41.840600694015016 ], [ 21.8907309, 41.841495894015459 ], [ 21.8812895, 41.84868909401866 ], [ 21.8744659, 41.850671094019546 ], [ 21.871891, 41.853036594020566 ], [ 21.8660545, 41.855913494021898 ], [ 21.8641663, 41.854379194021178 ], [ 21.862793, 41.854379194021178 ], [ 21.8619132, 41.852628994020371 ] ] ] } },
{ "type": "Feature", "properties": { "admin_id": "2575609", "name_local": "Општина Велес", "name_en": "Municipality of Veles", "name_en_status": "OSM_NAME_EN", "source_name": "Општина Велес", "source_admin_level": "7", "source_osm_relation_id": "2575609", "source_name_en": "Municipality of Veles" }, "geometry": { "type": "Polygon", "coordinates": [ [ [ 21.607572699999988, 41.720969393961447 ], [ 21.603756, 41.720048493961059 ], [ 21.600194, 41.721297793961618 ], [ 21.5990782, 41.723860193962743 ], [ 21.5892935, 41.735838493968117 ], [ 21.5859461, 41.742307093971036 ], [ 21.5810537, 41.7478144939735 ], [ 21.5786711, 41.749334193974185 ], [ 21.5830708, 41.75124039397501 ], [ 21.5881348, 41.752456993975557 ], [ 21.592598, 41.75501819397676 ], [ 21.6034985, 41.759500093978758 ], [ 21.6059875, 41.7589878939785 ], [ 21.6116953, 41.759596193978801 ], [ 21.6136101, 41.762396893980018 ], [ 21.6124678, 41.765358193981392 ], [ 21.6140985, 41.768046893982593 ], [ 21.6222525, 41.772143793984448 ], [ 21.6247416, 41.776880593986505 ], [ 21.6244841, 41.778672793987369 ], [ 21.6263723, 41.784753093990084 ], [ 21.6286039, 41.786481093990858 ], [ 21.6296339, 41.789168893992041 ], [ 21.6409537, 41.798121693996087 ], [ 21.6381311, 41.801646793997627 ], [ 21.6378736, 41.806893193999933 ], [ 21.6364145, 41.811435494002033 ], [ 21.6330671, 41.817512694004748 ], [ 21.6312406, 41.818873894005321 ], [ 21.6340113, 41.825316194008231 ], [ 21.6330671, 41.829921094010281 ], [ 21.6336679, 41.832479294011407 ], [ 21.6351271, 41.833566394011854 ], [ 21.635835, 41.835470894012758 ], [ 21.6396517, 41.834037794012104 ], [ 21.6418055, 41.829874094010265 ], [ 21.6434931, 41.828316794009538 ], [ 21.6471238, 41.826915294008934 ], [ 21.6508086, 41.828850394009741 ], [ 21.6559391, 41.828243994009519 ], [ 21.6580607, 41.82855659400969 ], [ 21.6593557, 41.831382194010892 ], [ 21.6612622, 41.832458194011366 ], [ 21.669237, 41.83214449401121 ], [ 21.6715227, 41.832791994011551 ], [ 21.6735398, 41.834591394012328 ], [ 21.67503, 41.83471769401239 ], [ 21.6770422, 41.833323994011771 ], [ 21.678468, 41.8306427940106 ], [ 21.6810542, 41.827899094009346 ], [ 21.6802404, 41.826445994008708 ], [ 21.6741175, 41.822603594006999 ], [ 21.6723785, 41.818841894005345 ], [ 21.6767374, 41.819511994005602 ], [ 21.682587, 41.821806894006613 ], [ 21.6869142, 41.828516094009657 ], [ 21.6873226, 41.830705494010658 ], [ 21.6925942, 41.832989094011644 ], [ 21.6962554, 41.831859894011117 ], [ 21.6974251, 41.836582794013239 ], [ 21.6979705, 41.836629294013235 ], [ 21.701173799999989, 41.835964594012999 ], [ 21.7037058, 41.833886194012017 ], [ 21.7063665, 41.829985094010254 ], [ 21.7107439, 41.826851194008874 ], [ 21.7124605, 41.822501894006976 ], [ 21.7142222, 41.822471494006955 ], [ 21.7142246, 41.820417194006055 ], [ 21.7176268, 41.821323094006452 ], [ 21.7177627, 41.819480194005578 ], [ 21.7203367, 41.819606794005615 ], [ 21.7203584, 41.820134294005861 ], [ 21.7231251, 41.820072094005866 ], [ 21.7231068, 41.819502494005583 ], [ 21.726617, 41.819574994005627 ], [ 21.7266277, 41.818601694005181 ], [ 21.7283727, 41.81863519400526 ], [ 21.728275, 41.820564594006058 ], [ 21.72766, 41.820557094006098 ], [ 21.7275761, 41.825130094008117 ], [ 21.7294571, 41.825134494008125 ], [ 21.7293075, 41.82796349400936 ], [ 21.7361635, 41.828177794009534 ], [ 21.7358821, 41.832153694011268 ], [ 21.7346397, 41.83217879401127 ], [ 21.7347765, 41.838874194014274 ], [ 21.7334023, 41.838915594014303 ], [ 21.7334278, 41.843400394016314 ], [ 21.7315455, 41.843378194016303 ], [ 21.7316578, 41.84682709401784 ], [ 21.7344536, 41.846694094017792 ], [ 21.7338049, 41.853657594020852 ], [ 21.7359775, 41.853706394020904 ], [ 21.7364861, 41.85237019402026 ], [ 21.7381812, 41.852977494020536 ], [ 21.7375074, 41.854125094021057 ], [ 21.7364818, 41.854433594021224 ], [ 21.7371798, 41.856968294022316 ], [ 21.7427158, 41.861538994024379 ], [ 21.7459345, 41.862977194025035 ], [ 21.7475653, 41.868218594027347 ], [ 21.7528868, 41.872053494029096 ], [ 21.7537451, 41.873459494029667 ], [ 21.7511702, 41.877613594031523 ], [ 21.7485952, 41.878188794031807 ], [ 21.7490753, 41.882102994033588 ], [ 21.7483377, 41.882981594033936 ], [ 21.7474794, 41.893780094038732 ], [ 21.7454708, 41.894931994039254 ], [ 21.7443037, 41.899593894041367 ], [ 21.7462349, 41.901670194042275 ], [ 21.7492819, 41.902979694042855 ], [ 21.7503548, 41.905630794044036 ], [ 21.7521572, 41.904417094043481 ], [ 21.7555046, 41.904672594043589 ], [ 21.7576504, 41.90320329404296 ], [ 21.7602253, 41.903842094043249 ], [ 21.763916, 41.903011694042881 ], [ 21.765976, 41.903905994043264 ], [ 21.7673646, 41.903835094043238 ], [ 21.7691946, 41.907706794044941 ], [ 21.7709112, 41.90885659404546 ], [ 21.7707396, 41.909814694045934 ], [ 21.7721558, 41.911635094046702 ], [ 21.7742157, 41.911571294046709 ], [ 21.7778206, 41.913551294047572 ], [ 21.7850304, 41.915658994048492 ], [ 21.786232, 41.915595194048478 ], [ 21.7881632, 41.916904494049049 ], [ 21.7901802, 41.919746494050337 ], [ 21.7926693, 41.918916294049936 ], [ 21.7947292, 41.919618794050272 ], [ 21.8056605, 41.919047894050031 ], [ 21.8064451, 41.916840594049035 ], [ 21.8103933, 41.912944494047288 ], [ 21.810565, 41.911922594046857 ], [ 21.814599, 41.908537194045323 ], [ 21.8159723, 41.906620894044515 ], [ 21.8168306, 41.902979694042848 ], [ 21.822871, 41.896159994039856 ], [ 21.820693, 41.893524494038651 ], [ 21.8207788, 41.892885594038319 ], [ 21.8223238, 41.892246694038072 ], [ 21.8209505, 41.889922594037017 ], [ 21.8197328, 41.889515194036846 ], [ 21.8203497, 41.888540794036416 ], [ 21.8200064, 41.886815594035632 ], [ 21.8215942, 41.885186194034944 ], [ 21.8264437, 41.882406494033702 ], [ 21.8309069, 41.876335494030997 ], [ 21.8323231, 41.875792294030738 ], [ 21.8344259, 41.873842994029879 ], [ 21.8353701, 41.870136094028226 ], [ 21.8370438, 41.869273194027834 ], [ 21.8385029, 41.869592794027973 ], [ 21.839962, 41.868633994027533 ], [ 21.8421936, 41.868889694027708 ], [ 21.8434381, 41.866620694026622 ], [ 21.8462276, 41.864479394025693 ], [ 21.8502617, 41.863136994025098 ], [ 21.8526649, 41.863264894025157 ], [ 21.8549395, 41.8579910940228 ], [ 21.860218, 41.852417294020313 ], [ 21.8609047, 41.85290869402052 ], [ 21.8619132, 41.852628994020371 ], [ 21.8614626, 41.850127594019312 ], [ 21.8635225, 41.846419294017629 ], [ 21.8604326, 41.843989594016541 ], [ 21.8613768, 41.842582894015891 ], [ 21.8545532, 41.836476094013172 ], [ 21.8516779, 41.835484894012765 ], [ 21.8500471, 41.832607194011452 ], [ 21.8407774, 41.82800239400941 ], [ 21.8407774, 41.825252194008186 ], [ 21.8382454, 41.824388794007795 ], [ 21.8345118, 41.820646994006104 ], [ 21.8337393, 41.818536094005196 ], [ 21.8342543, 41.81572159400389 ], [ 21.8326235, 41.812650994002581 ], [ 21.831767, 41.813573094002969 ], [ 21.8324434, 41.815684294003908 ], [ 21.8321728, 41.817010994004512 ], [ 21.830851, 41.81868379400521 ], [ 21.8312485, 41.816598394004323 ], [ 21.8321586, 41.816537894004284 ], [ 21.8314466, 41.812817994002629 ], [ 21.8309064, 41.812721994002565 ], [ 21.8311118, 41.815017794003616 ], [ 21.83001, 41.81488979400352 ], [ 21.8301296, 41.816648994004318 ], [ 21.8293533, 41.816853894004431 ], [ 21.8286666, 41.812932194002677 ], [ 21.827045, 41.814192794003219 ], [ 21.8263583, 41.812132894002325 ], [ 21.8243499, 41.813840494003053 ], [ 21.8235345, 41.812535894002501 ], [ 21.8226504, 41.812522694002467 ], [ 21.8221526, 41.811780994002177 ], [ 21.8233441, 41.811583294002062 ], [ 21.8245892, 41.810022394001365 ], [ 21.8274302, 41.808570094000707 ], [ 21.8289746, 41.810540494001572 ], [ 21.8299198, 41.808780494000835 ], [ 21.8336535, 41.806573293999818 ], [ 21.83743, 41.800431093997062 ], [ 21.8407774, 41.79787169399598 ], [ 21.8484163, 41.789040893991988 ], [ 21.8503046, 41.788656993991843 ], [ 21.849618, 41.786417093990828 ], [ 21.8509054, 41.78174499398871 ], [ 21.8489313, 41.781232993988468 ], [ 21.8494463, 41.779760893987813 ], [ 21.8482447, 41.77944089398769 ], [ 21.848588, 41.778416793987226 ], [ 21.8508196, 41.776496593986408 ], [ 21.8488695, 41.776172693986211 ], [ 21.8492445, 41.773282993984971 ], [ 21.8465249, 41.773096793984841 ], [ 21.8438966, 41.772194393984428 ], [ 21.8360388, 41.764627193981021 ], [ 21.840123, 41.761440793979631 ], [ 21.8415228, 41.761176693979493 ], [ 21.8420432, 41.76160079397971 ], [ 21.8445323, 41.760144293979053 ], [ 21.8432824, 41.758847993978449 ], [ 21.8480488, 41.754382993976456 ], [ 21.8457185, 41.752086693975421 ], [ 21.8457743, 41.7468797939731 ], [ 21.8521633, 41.745893593972653 ], [ 21.8521569, 41.74509559397228 ], [ 21.8546535, 41.74509559397228 ], [ 21.8545365, 41.743771493971686 ], [ 21.8554206, 41.742996593971363 ], [ 21.8552586, 41.741069793970489 ], [ 21.8590351, 41.740443693970214 ], [ 21.8592304, 41.738325393969255 ], [ 21.8610764, 41.738560493969338 ], [ 21.8616772, 41.737855993969028 ], [ 21.8625355, 41.737855993969028 ], [ 21.8640375, 41.735133893967848 ], [ 21.8669558, 41.734173193967393 ], [ 21.8680829, 41.731731093966303 ], [ 21.8700027, 41.732731993966759 ], [ 21.8713331, 41.73218759396655 ], [ 21.8708675, 41.730495493965769 ], [ 21.8741655, 41.728408393964827 ], [ 21.8745089, 41.727703793964501 ], [ 21.8737364, 41.727191293964296 ], [ 21.8743372, 41.725781993963622 ], [ 21.8763113, 41.724564893963056 ], [ 21.8787146, 41.721938393961906 ], [ 21.8802595, 41.719183593960679 ], [ 21.8799162, 41.715211493958861 ], [ 21.8744916, 41.710501693956779 ], [ 21.8742514, 41.708676093955972 ], [ 21.871419, 41.705600393954541 ], [ 21.8703032, 41.705215893954396 ], [ 21.8699598, 41.704062393953848 ], [ 21.8667841, 41.703101193953451 ], [ 21.8686724, 41.700409793952204 ], [ 21.8657541, 41.699448493951799 ], [ 21.8634367, 41.693295993949015 ], [ 21.8596172, 41.691148893948089 ], [ 21.8563557, 41.690443893947744 ], [ 21.8529654, 41.687912193946623 ], [ 21.8504333, 41.683777793944749 ], [ 21.8476009, 41.683200893944488 ], [ 21.8433952, 41.68005989394311 ], [ 21.8400478, 41.678713593942462 ], [ 21.8379879, 41.679034193942584 ], [ 21.8368721, 41.677303293941847 ], [ 21.8353271, 41.678072593942183 ], [ 21.8340856, 41.677702193942004 ], [ 21.8326768, 41.678179993942244 ], [ 21.8317652, 41.677014793941737 ], [ 21.8290186, 41.671437193939177 ], [ 21.8291919, 41.670047193938579 ], [ 21.8325806, 41.665378293936499 ], [ 21.8367004, 41.66300579393539 ], [ 21.8408793, 41.662124093935041 ], [ 21.8387175, 41.660216493934144 ], [ 21.83846, 41.659042193933594 ], [ 21.8371296, 41.659671393933905 ], [ 21.8282032, 41.654220593931505 ], [ 21.8249846, 41.649699293929444 ], [ 21.8214226, 41.648063793928699 ], [ 21.8116808, 41.641489493925739 ], [ 21.8082476, 41.638346493924281 ], [ 21.8084192, 41.636935193923655 ], [ 21.8073893, 41.636037193923258 ], [ 21.8069172, 41.63388819392231 ], [ 21.8047714, 41.633695693922192 ], [ 21.79739, 41.63100129392101 ], [ 21.7961025, 41.631899493921381 ], [ 21.7938709, 41.631065493921007 ], [ 21.7909527, 41.631322093921135 ], [ 21.786747, 41.630488093920775 ], [ 21.7836073, 41.632094893921483 ], [ 21.7818117, 41.628787993920014 ], [ 21.7843384, 41.618630593915412 ], [ 21.7846441, 41.614351393913459 ], [ 21.7841721, 41.613934293913267 ], [ 21.7804068, 41.612098793912452 ], [ 21.7754173, 41.613998493913314 ], [ 21.7675209, 41.615474393913985 ], [ 21.7633152, 41.615474393913985 ], [ 21.7618561, 41.614255193913429 ], [ 21.758337, 41.61675779391458 ], [ 21.7544746, 41.617720293915013 ], [ 21.752758, 41.619837693915976 ], [ 21.7496681, 41.619645193915908 ], [ 21.7477798, 41.620800193916402 ], [ 21.7448187, 41.625131093918348 ], [ 21.7413425, 41.627087893919224 ], [ 21.7399693, 41.627151993919249 ], [ 21.7376518, 41.628306893919785 ], [ 21.7357206, 41.630648493920845 ], [ 21.7364073, 41.632508893921674 ], [ 21.7362356, 41.636229593923346 ], [ 21.73150290000001, 41.638164093924203 ], [ 21.7314773, 41.63936479392477 ], [ 21.7343903, 41.639725593924958 ], [ 21.7348623, 41.640206693925151 ], [ 21.735034, 41.644760693927203 ], [ 21.7340899, 41.646492493928001 ], [ 21.7362356, 41.647582793928464 ], [ 21.7333174, 41.648993793929101 ], [ 21.7331457, 41.650725393929854 ], [ 21.7342615, 41.6530341939309 ], [ 21.7340689, 41.655326493931945 ], [ 21.7326736, 41.654990193931795 ], [ 21.7285453, 41.655681193932111 ], [ 21.7244339, 41.654669493931664 ], [ 21.7210007, 41.651270593930121 ], [ 21.7188549, 41.650565093929778 ], [ 21.7151642, 41.652553193930721 ], [ 21.7106152, 41.649346493929279 ], [ 21.7078686, 41.649667193929432 ], [ 21.7050898, 41.650997993930019 ], [ 21.7049932, 41.652136393930533 ], [ 21.7063665, 41.652585293930699 ], [ 21.706109, 41.654188593931416 ], [ 21.7052937, 41.654669493931664 ], [ 21.7046285, 41.654140393931407 ], [ 21.7036454, 41.654809793931683 ], [ 21.7019687, 41.6581474939332 ], [ 21.7031645, 41.661454193934716 ], [ 21.7016575, 41.665706393936652 ], [ 21.7028499, 41.665965193936749 ], [ 21.7046017, 41.665065493936289 ], [ 21.7047914, 41.665959893936751 ], [ 21.7038076, 41.66756849393748 ], [ 21.703676099999988, 41.67120979393907 ], [ 21.7003798, 41.671487393939181 ], [ 21.6996442, 41.673245993940043 ], [ 21.6981683, 41.67266109393973 ], [ 21.6954263, 41.674844493940711 ], [ 21.6911058, 41.67668789394159 ], [ 21.6910225, 41.679329993942765 ], [ 21.6900229, 41.680354093943194 ], [ 21.6907454, 41.682720093944248 ], [ 21.6899729, 41.684258493944981 ], [ 21.6893721, 41.691437393948206 ], [ 21.6884141, 41.692930593948887 ], [ 21.6873809, 41.692449093948618 ], [ 21.686999, 41.690395693947707 ], [ 21.6860237, 41.689104993947133 ], [ 21.6854969, 41.689250793947203 ], [ 21.6842878, 41.694453593949554 ], [ 21.6838973, 41.695444493949978 ], [ 21.683098, 41.695357193949938 ], [ 21.6842095, 41.696012493950278 ], [ 21.6816345, 41.697535393950943 ], [ 21.6816142, 41.69707559395075 ], [ 21.6795156, 41.697017093950677 ], [ 21.6791251, 41.695517393950048 ], [ 21.6773301, 41.695124093949872 ], [ 21.6774675, 41.703166793953436 ], [ 21.676356, 41.70489939395425 ], [ 21.6761221, 41.707204193955306 ], [ 21.6732237, 41.706257893954835 ], [ 21.6725815, 41.70791229395558 ], [ 21.6696848, 41.707759293955547 ], [ 21.6703891, 41.709247393956218 ], [ 21.6695598, 41.710234593956635 ], [ 21.6695893, 41.712314193957589 ], [ 21.6684853, 41.713446193958099 ], [ 21.6688192, 41.715619993959088 ], [ 21.6658115, 41.715371593958963 ], [ 21.6563702, 41.711591493957222 ], [ 21.6553402, 41.712424393957626 ], [ 21.6522503, 41.713129193957947 ], [ 21.6507912, 41.714602793958591 ], [ 21.6468, 41.716620993959502 ], [ 21.6456413, 41.718254693960226 ], [ 21.6430664, 41.719600093960857 ], [ 21.6405773, 41.718574993960424 ], [ 21.6345692, 41.718767193960439 ], [ 21.6327667, 41.718382793960316 ], [ 21.6263294, 41.721586093961719 ], [ 21.6244411, 41.723251693962489 ], [ 21.6217804, 41.72376419396273 ], [ 21.6180038, 41.72254699396219 ], [ 21.6148281, 41.723123493962419 ], [ 21.6137981, 41.722739193962234 ], [ 21.6111374, 41.723059493962381 ], [ 21.607572699999988, 41.720969393961447 ] ] ] } },
{ "type": "Feature", "properties": { "admin_id": "2575972", "name_local": "Општина Градско", "name_en": "Municipality of Gradsko", "name_en_status": "OSM_NAME_EN", "source_name": "Општина Градско", "source_admin_level": "7", "source_osm_relation_id": "2575972", "source_name_en": "Municipality of Gradsko" }, "geometry": { "type": "Polygon", "coordinates": [ [ [ 21.995219, 41.561642593889687 ], [ 22.0030403, 41.563862193890664 ], [ 22.0095634, 41.564119093890795 ], [ 22.0131683, 41.562770393890212 ], [ 22.0156145, 41.559784093888858 ], [ 22.0178032, 41.558595893888324 ], [ 22.0222664, 41.557439893887796 ], [ 22.0260429, 41.557696793887914 ], [ 22.0300716, 41.557010393887573 ], [ 22.0304471, 41.557479993887824 ], [ 22.0347977, 41.556412293887313 ], [ 22.0377588, 41.554967093886688 ], [ 22.0397329, 41.550535193884677 ], [ 22.0425224, 41.547419793883272 ], [ 22.0467281, 41.545685393882437 ], [ 22.0517063, 41.542601893881077 ], [ 22.054882, 41.54176679388069 ], [ 22.057457, 41.540224893880001 ], [ 22.0614052, 41.539325493879588 ], [ 22.0648384, 41.540032193879931 ], [ 22.0702457, 41.544850293882106 ], [ 22.0724773, 41.545878093882592 ], [ 22.0773482, 41.544115593881749 ], [ 22.0788717, 41.548222693883609 ], [ 22.0805025, 41.55053519388467 ], [ 22.0784426, 41.554581693886448 ], [ 22.0791292, 41.557857393887979 ], [ 22.0757818, 41.563444793890476 ], [ 22.0762847, 41.568737593892877 ], [ 22.0745802, 41.573783393895191 ], [ 22.0692587, 41.581295593898531 ], [ 22.0669413, 41.583093193899408 ], [ 22.0653105, 41.587266093901263 ], [ 22.0656538, 41.58874259390192 ], [ 22.0651388, 41.58964139390234 ], [ 22.0633793, 41.591214093903076 ], [ 22.0606327, 41.591920193903405 ], [ 22.059474, 41.594070593904334 ], [ 22.0581865, 41.594648293904612 ], [ 22.0578432, 41.597665193905947 ], [ 22.0529509, 41.605752093909587 ], [ 22.0517921, 41.610725793911833 ], [ 22.0453548, 41.613164293912959 ], [ 22.0299911, 41.61618029391434 ], [ 22.027244599999989, 41.614768593913645 ], [ 22.0196915, 41.613292593913016 ], [ 22.0127821, 41.607228193910288 ], [ 22.0112801, 41.604500593909066 ], [ 22.0063019, 41.601355793907643 ], [ 22.0010662, 41.599494393906745 ], [ 22.0002508, 41.599783293906896 ], [ 21.9967318, 41.604725293909155 ], [ 21.989007, 41.609987793911543 ], [ 21.9903803, 41.619420693915771 ], [ 21.990037, 41.622757093917272 ], [ 21.9887495, 41.624681993918166 ], [ 21.991024, 41.626767093919071 ], [ 21.9951868, 41.62898049392011 ], [ 22.0028257, 41.636293793923379 ], [ 22.0079756, 41.642772393926307 ], [ 22.0131254, 41.653034193930907 ], [ 22.0163441, 41.654990193931788 ], [ 22.0252705, 41.656208593932341 ], [ 22.0318794, 41.659863793934022 ], [ 22.0414764, 41.663688193935741 ], [ 22.0393467, 41.664688993936188 ], [ 22.0364285, 41.664977493936298 ], [ 22.0356131, 41.66571489393661 ], [ 22.0266438, 41.668503993937883 ], [ 22.0238972, 41.669946593938505 ], [ 22.0193052, 41.671260893939113 ], [ 22.0176744, 41.670780093938887 ], [ 22.01437, 41.672446993939666 ], [ 22.0092201, 41.672927793939856 ], [ 22.0058298, 41.674210093940431 ], [ 22.0003366, 41.672479093939643 ], [ 21.9984913, 41.672991993939952 ], [ 21.9978046, 41.673921593940307 ], [ 21.9966459, 41.674017693940357 ], [ 21.9929552, 41.672927793939856 ], [ 21.9911528, 41.673184293939975 ], [ 21.9885778, 41.671934093939441 ], [ 21.9877195, 41.672607293939748 ], [ 21.9857883, 41.672190593939511 ], [ 21.9845438, 41.674274193940434 ], [ 21.9826984, 41.673825393940241 ], [ 21.9824624, 41.672943893939909 ], [ 21.9810677, 41.672222593939551 ], [ 21.9809818, 41.672927793939849 ], [ 21.9785142, 41.673905493940346 ], [ 21.9779778, 41.675171693940918 ], [ 21.9744587, 41.675508293941029 ], [ 21.9717121, 41.675059493940857 ], [ 21.9681564, 41.675406493940983 ], [ 21.9674065, 41.67429519394053 ], [ 21.9620562, 41.673168293939987 ], [ 21.963172, 41.670283193938694 ], [ 21.9663477, 41.665410293936475 ], [ 21.9663477, 41.664640893936138 ], [ 21.965189, 41.663646993935693 ], [ 21.963172, 41.663871493935787 ], [ 21.9594383, 41.669225293938219 ], [ 21.9563484, 41.669866493938521 ], [ 21.952529, 41.667141493937272 ], [ 21.9520569, 41.664865293936259 ], [ 21.9480658, 41.664127993935914 ], [ 21.9444609, 41.658228593933259 ], [ 21.9390965, 41.656144493932324 ], [ 21.9377232, 41.656913993932669 ], [ 21.9361782, 41.656657493932514 ], [ 21.9346333, 41.658260693933286 ], [ 21.9320583, 41.657555293932965 ], [ 21.9305134, 41.656465093932461 ], [ 21.9277668, 41.658260693933286 ], [ 21.9264793, 41.657683493933 ], [ 21.9204712, 41.66281349393536 ], [ 21.9178963, 41.66159519393478 ], [ 21.9142056, 41.662877593935349 ], [ 21.9127304, 41.661987893934906 ], [ 21.9112015, 41.66294169393538 ], [ 21.9092274, 41.66294169393538 ], [ 21.9061804, 41.667013293937224 ], [ 21.9056654, 41.67412989394041 ], [ 21.9037771, 41.677848193942054 ], [ 21.9046511, 41.682210793944073 ], [ 21.903519599999989, 41.688553093946922 ], [ 21.904463799999988, 41.689963193947548 ], [ 21.902833, 41.691757793948362 ], [ 21.9031763, 41.694065093949384 ], [ 21.9006014, 41.695923693950213 ], [ 21.9003439, 41.698166793951231 ], [ 21.9015455, 41.700025293952052 ], [ 21.9006872, 41.702652693953226 ], [ 21.9008589, 41.704639193954144 ], [ 21.8999147, 41.705856693954679 ], [ 21.8997431, 41.707586793955429 ], [ 21.897769, 41.709509093956314 ], [ 21.8980265, 41.710662393956852 ], [ 21.8971682, 41.711815693957355 ], [ 21.8975973, 41.714442593958509 ], [ 21.8993998, 41.717325693959843 ], [ 21.8981981, 41.720080593961093 ], [ 21.8967819, 41.721521993961709 ], [ 21.8944645, 41.721073493961512 ], [ 21.8933916, 41.721489993961704 ], [ 21.8812037, 41.734237193967445 ], [ 21.8807006, 41.734514993967515 ], [ 21.87644, 41.733244493966986 ], [ 21.8710646, 41.730557593965756 ], [ 21.8741655, 41.728408393964827 ], [ 21.8745089, 41.727703793964501 ], [ 21.8737364, 41.727191293964296 ], [ 21.8743372, 41.725781993963622 ], [ 21.8763113, 41.724564893963056 ], [ 21.8787146, 41.721938393961906 ], [ 21.8802595, 41.719183593960679 ], [ 21.8803453, 41.715788093959141 ], [ 21.8744916, 41.710501693956779 ], [ 21.8742514, 41.708676093955972 ], [ 21.871419, 41.705600393954541 ], [ 21.8703032, 41.705215893954396 ], [ 21.8699598, 41.704062393953848 ], [ 21.8667841, 41.703101193953451 ], [ 21.8686724, 41.700409793952204 ], [ 21.8657541, 41.699448493951799 ], [ 21.8634367, 41.693295993949015 ], [ 21.8596172, 41.691148893948089 ], [ 21.8563557, 41.690443893947744 ], [ 21.8529654, 41.687912193946623 ], [ 21.8504333, 41.683777793944749 ], [ 21.8476009, 41.683200893944488 ], [ 21.8433952, 41.68005989394311 ], [ 21.8400478, 41.678713593942462 ], [ 21.8379879, 41.679034193942584 ], [ 21.8368721, 41.677303293941847 ], [ 21.8353271, 41.678072593942183 ], [ 21.8340856, 41.677702193942004 ], [ 21.8326768, 41.678179993942244 ], [ 21.8293619, 41.672334793939612 ], [ 21.8291919, 41.670047193938579 ], [ 21.8325806, 41.665378293936499 ], [ 21.8367004, 41.66300579393539 ], [ 21.8408793, 41.662124093935041 ], [ 21.8387175, 41.660216493934144 ], [ 21.83846, 41.659042193933594 ], [ 21.8371296, 41.659671393933905 ], [ 21.8282032, 41.654220593931505 ], [ 21.8249846, 41.649699293929444 ], [ 21.8214226, 41.648063793928699 ], [ 21.8116808, 41.641489493925739 ], [ 21.8082476, 41.638346493924281 ], [ 21.8084192, 41.636935193923655 ], [ 21.8073893, 41.636037193923258 ], [ 21.8069172, 41.63388819392231 ], [ 21.8047714, 41.633695693922192 ], [ 21.79739, 41.63100129392101 ], [ 21.7961025, 41.631899493921381 ], [ 21.7938709, 41.631065493921007 ], [ 21.7909527, 41.631322093921135 ], [ 21.786747, 41.630488093920775 ], [ 21.7836073, 41.632094893921483 ], [ 21.7818117, 41.62923709392021 ], [ 21.7843384, 41.618630593915412 ], [ 21.7846441, 41.614351393913459 ], [ 21.7804068, 41.612098793912452 ], [ 21.7819834, 41.60857589391091 ], [ 21.7805243, 41.596766493905541 ], [ 21.7838717, 41.59381389390424 ], [ 21.7869897, 41.589596193902373 ], [ 21.7897081, 41.588229093901695 ], [ 21.7929697, 41.58527599390036 ], [ 21.7942572, 41.583028993899397 ], [ 21.7968321, 41.581359793898613 ], [ 21.8016386, 41.57442549389544 ], [ 21.802969, 41.57394389389524 ], [ 21.8052864, 41.574264993895355 ], [ 21.8107427, 41.573575693895087 ], [ 21.8116808, 41.571985493894353 ], [ 21.8144475, 41.570335693893597 ], [ 21.8128824, 41.563701593890642 ], [ 21.8130541, 41.559591393888766 ], [ 21.810565, 41.556123193887188 ], [ 21.8076897, 41.552879693885707 ], [ 21.8050718, 41.552719093885599 ], [ 21.8042135, 41.549957093884387 ], [ 21.8010807, 41.547612493883342 ], [ 21.7928839, 41.545075093882168 ], [ 21.7914248, 41.541606193880646 ], [ 21.7895365, 41.539100693879469 ], [ 21.7829275, 41.532354593876462 ], [ 21.7832279, 41.531037493875871 ], [ 21.7874336, 41.530716193875662 ], [ 21.7894506, 41.528435193874678 ], [ 21.7915106, 41.521752293871657 ], [ 21.7913389, 41.517639393869764 ], [ 21.7922884, 41.515349893868731 ], [ 21.795373, 41.511790993867145 ], [ 21.7971754, 41.510698293866618 ], [ 21.8033552, 41.503049393863172 ], [ 21.805543899999989, 41.501153093862307 ], [ 21.8098783, 41.498935293861287 ], [ 21.8138346, 41.49222939385826 ], [ 21.8197489, 41.496492493860174 ], [ 21.8216372, 41.499449593861534 ], [ 21.8235254, 41.50684189386488 ], [ 21.8270874, 41.509444993866033 ], [ 21.8310356, 41.511051793866791 ], [ 21.8390179, 41.508930793865851 ], [ 21.8418503, 41.509894893866274 ], [ 21.8491191, 41.509798493866228 ], [ 21.8617201, 41.513719093868005 ], [ 21.858201, 41.51731809386964 ], [ 21.8610925, 41.521093593871313 ], [ 21.8561411, 41.530041493875387 ], [ 21.8532658, 41.531679993876125 ], [ 21.8494463, 41.532547393876513 ], [ 21.8493471, 41.536546893878331 ], [ 21.8585873, 41.537719393878909 ], [ 21.8625355, 41.53726969387867 ], [ 21.8664837, 41.537783593878913 ], [ 21.8701744, 41.536948393878539 ], [ 21.8720627, 41.537783593878913 ], [ 21.8738651, 41.53681989387848 ], [ 21.8762684, 41.538104893879016 ], [ 21.8814182, 41.537398193878751 ], [ 21.8830919, 41.538136993879064 ], [ 21.8831778, 41.539807293879818 ], [ 21.8839073, 41.540160693879947 ], [ 21.8882847, 41.537783593878927 ], [ 21.8941212, 41.537783593878927 ], [ 21.8950653, 41.534506993877407 ], [ 21.8968678, 41.53476399387754 ], [ 21.8974257, 41.536273793878202 ], [ 21.8999577, 41.537462393878769 ], [ 21.9030046, 41.536081093878138 ], [ 21.9018888, 41.534796093877539 ], [ 21.9024467, 41.534185793877256 ], [ 21.90588, 41.533543293876996 ], [ 21.9081974, 41.534442793877375 ], [ 21.9099998, 41.533414793876922 ], [ 21.9118881, 41.5345069938774 ], [ 21.9159732, 41.53236869387645 ], [ 21.918025, 41.534217893877276 ], [ 21.9181967, 41.536273793878202 ], [ 21.9201708, 41.537430293878742 ], [ 21.9196558, 41.540128593880013 ], [ 21.9207716, 41.542890993881201 ], [ 21.9203424, 41.544047293881739 ], [ 21.9233894, 41.545042993882184 ], [ 21.925106, 41.5463919938828 ], [ 21.9275951, 41.546070793882635 ], [ 21.928153, 41.546552593882858 ], [ 21.9279814, 41.54783729388344 ], [ 21.9305134, 41.549732293884325 ], [ 21.9334745, 41.550278193884587 ], [ 21.9330454, 41.553746793886077 ], [ 21.9353628, 41.555480893886866 ], [ 21.934762, 41.55638009388727 ], [ 21.9364588, 41.558481993888243 ], [ 21.9372994, 41.55790949388799 ], [ 21.9386941, 41.558937093888446 ], [ 21.9406414, 41.559045493888526 ], [ 21.9418859, 41.557215093887663 ], [ 21.9445038, 41.556797593887502 ], [ 21.9459629, 41.554934993886668 ], [ 21.9487953, 41.555384593886842 ], [ 21.9512023, 41.555038993886726 ], [ 21.9528737, 41.558461393888209 ], [ 21.9549349, 41.55827249388814 ], [ 21.952714, 41.552343793885491 ], [ 21.9530916, 41.551740893885174 ], [ 21.9635909, 41.547361693883239 ], [ 21.9621843, 41.545371093882324 ], [ 21.9588713, 41.545037093882186 ], [ 21.9597993, 41.543469693881448 ], [ 21.9667505, 41.540912793880331 ], [ 21.9656519, 41.539602293879703 ], [ 21.9664649, 41.539142093879505 ], [ 21.9667856, 41.540114893879917 ], [ 21.9684199, 41.540345293880065 ], [ 21.972943, 41.546088693882623 ], [ 21.9787292, 41.551138293884961 ], [ 21.9803799, 41.555278693886834 ], [ 21.9822586, 41.555219993886801 ], [ 21.9910991, 41.559137793888567 ], [ 21.995219, 41.561642593889687 ] ] ] } },
{ "type": "Feature", "properties": { "admin_id": "2576148", "name_local": "Општина Чашка", "name_en": "Municipality of Chashka", "name_en_status": "OSM_NAME_EN", "source_name": "Општина Чашка", "source_admin_level": "7", "source_osm_relation_id": "2576148", "source_name_en": "Municipality of Chashka" }, "geometry": { "type": "Polygon", "coordinates": [ [ [ 21.8098783, 41.498935293861287 ], [ 21.8180323, 41.4863343938556 ], [ 21.8180323, 41.483698093854386 ], [ 21.8164873, 41.481704793853481 ], [ 21.8169165, 41.47475989385034 ], [ 21.8148994, 41.472734093849418 ], [ 21.8114042, 41.471054393848654 ], [ 21.8094921, 41.469389893847868 ], [ 21.8079472, 41.469711493848074 ], [ 21.8006516, 41.474341893850152 ], [ 21.7982483, 41.474341893850152 ], [ 21.7946863, 41.473473693849733 ], [ 21.794858, 41.47051539384838 ], [ 21.7921114, 41.468200093847358 ], [ 21.7915964, 41.466077693846358 ], [ 21.7894506, 41.464469693845658 ], [ 21.7911673, 41.459709993843518 ], [ 21.7909527, 41.453180793840517 ], [ 21.7865753, 41.454338693841052 ], [ 21.782397, 41.45626989384197 ], [ 21.7779006, 41.456189493841897 ], [ 21.778977799999989, 41.457363293842427 ], [ 21.7792396, 41.460669693843904 ], [ 21.7800954, 41.460920093844059 ], [ 21.7791748, 41.462114893844607 ], [ 21.779829, 41.463838093845396 ], [ 21.7775139, 41.467466793847024 ], [ 21.774593, 41.470097593848259 ], [ 21.7679635, 41.468881393847688 ], [ 21.765807099999989, 41.467691593847107 ], [ 21.763442399999988, 41.467673893847163 ], [ 21.7617837, 41.468376593847431 ], [ 21.7610027, 41.469566393847977 ], [ 21.757048, 41.469204593847834 ], [ 21.7530312, 41.473502293849805 ], [ 21.7412895, 41.480318693852865 ], [ 21.7368263, 41.481604793853457 ], [ 21.7371696, 41.483225193854175 ], [ 21.7365581, 41.485755393855314 ], [ 21.7332405, 41.486390593855631 ], [ 21.7329512, 41.485989993855426 ], [ 21.7340823, 41.485263393855092 ], [ 21.7338248, 41.48389709385448 ], [ 21.7303487, 41.481646493853518 ], [ 21.7277327, 41.48086399385312 ], [ 21.7246409, 41.484668593854813 ], [ 21.7224093, 41.484957993854941 ], [ 21.7212506, 41.486083193855485 ], [ 21.7199202, 41.489973093857245 ], [ 21.7182036, 41.491548193857952 ], [ 21.7160579, 41.490808893857626 ], [ 21.7171737, 41.489683693857131 ], [ 21.716326099999989, 41.486313293855559 ], [ 21.7160579, 41.478849393852215 ], [ 21.7135323, 41.477428193851566 ], [ 21.7098351, 41.476437893851127 ], [ 21.7088052, 41.475408993850607 ], [ 21.7035695, 41.474444393850177 ], [ 21.7012585, 41.470611393848451 ], [ 21.6988123, 41.470000493848175 ], [ 21.6982232, 41.469087793847763 ], [ 21.7014097, 41.468579893847547 ], [ 21.7012249, 41.464746793845769 ], [ 21.6971386, 41.464501493845688 ], [ 21.6960869, 41.464035093845489 ], [ 21.6957458, 41.463011593845003 ], [ 21.6932211, 41.464239793845572 ], [ 21.6909694, 41.462943393844988 ], [ 21.6889906, 41.463693893845331 ], [ 21.6842824, 41.461169293844165 ], [ 21.6829177, 41.461305693844224 ], [ 21.6814848, 41.462329193844653 ], [ 21.6777319, 41.46260219384483 ], [ 21.674866099999988, 41.461510393844328 ], [ 21.6713057, 41.458197893842822 ], [ 21.6728507, 41.453373393840643 ], [ 21.6699813, 41.45030429383921 ], [ 21.6673919, 41.44881229383855 ], [ 21.6634991, 41.449580893838906 ], [ 21.660376, 41.449081593838699 ], [ 21.6562454, 41.45007479383915 ], [ 21.650513, 41.449983093839052 ], [ 21.6489737, 41.450691993839392 ], [ 21.6478496, 41.450109893839112 ], [ 21.6460468, 41.450804893839447 ], [ 21.6418165, 41.448239393838314 ], [ 21.6371977, 41.446328293837425 ], [ 21.6354425, 41.447731993838104 ], [ 21.6367103, 41.448735793838502 ], [ 21.636105, 41.449997393839105 ], [ 21.6350632, 41.450088993839124 ], [ 21.6346906, 41.451393993839766 ], [ 21.633055, 41.451100093839585 ], [ 21.6328437, 41.45155369383982 ], [ 21.6313615, 41.451496293839746 ], [ 21.631274, 41.451140293839622 ], [ 21.6304334, 41.451677193839856 ], [ 21.6277137, 41.45189029383998 ], [ 21.6268323, 41.451200593839623 ], [ 21.6230772, 41.451421693839755 ], [ 21.6222725, 41.450396393839263 ], [ 21.6209261, 41.450742193839439 ], [ 21.6203269, 41.451829993839951 ], [ 21.619740499999988, 41.451703193839869 ], [ 21.619549, 41.452449193840188 ], [ 21.6185405, 41.452718593840345 ], [ 21.616141, 41.452201693840124 ], [ 21.612392899999989, 41.453156993840544 ], [ 21.6077436, 41.453091893840536 ], [ 21.6066313, 41.455528793841587 ], [ 21.6043997, 41.457136993842383 ], [ 21.6015673, 41.460546193843861 ], [ 21.5989494, 41.461671793844374 ], [ 21.596632, 41.463665693845307 ], [ 21.5948296, 41.463922993845436 ], [ 21.5937996, 41.466302793846509 ], [ 21.5901947, 41.467460493847049 ], [ 21.5838432, 41.471319293848737 ], [ 21.5809018, 41.471372793848772 ], [ 21.5732861, 41.475113593850487 ], [ 21.5607119, 41.478643993852145 ], [ 21.5602817, 41.479004993852264 ], [ 21.561045, 41.479862493852607 ], [ 21.5676171, 41.483542493854323 ], [ 21.5633232, 41.483433093854273 ], [ 21.5631931, 41.487202193855978 ], [ 21.5573559, 41.48537629385514 ], [ 21.5465756, 41.487253793855999 ], [ 21.5394001, 41.48695809385584 ], [ 21.5397046, 41.485292293855096 ], [ 21.5392109, 41.484977593854978 ], [ 21.5396833, 41.492892293858553 ], [ 21.5387392, 41.49546389385975 ], [ 21.531229, 41.499288893861483 ], [ 21.5223026, 41.501088793862259 ], [ 21.5171434, 41.501094893862259 ], [ 21.5148354, 41.498967493861315 ], [ 21.5121746, 41.498774593861214 ], [ 21.5074539, 41.499738893861654 ], [ 21.5039349, 41.501474493862432 ], [ 21.5005016, 41.50134599386238 ], [ 21.4958668, 41.504238593863725 ], [ 21.4928627, 41.505395593864215 ], [ 21.4874554, 41.503724393863457 ], [ 21.4845216, 41.501706193862525 ], [ 21.4792156, 41.504945693864023 ], [ 21.4783152, 41.504739693863911 ], [ 21.4765139, 41.507547293865194 ], [ 21.4762564, 41.509282693865963 ], [ 21.4744111, 41.510182593866404 ], [ 21.4691325, 41.521461593871543 ], [ 21.4655407, 41.523674393872483 ], [ 21.4595838, 41.531260793875909 ], [ 21.4620066, 41.532483093876507 ], [ 21.464324, 41.534860393877601 ], [ 21.4670491, 41.541349193880507 ], [ 21.4662981, 41.542890993881194 ], [ 21.4665556, 41.545139393882209 ], [ 21.465354, 41.547580393883322 ], [ 21.4657831, 41.550470893884629 ], [ 21.4641523, 41.5543890938864 ], [ 21.4625387, 41.556519693887331 ], [ 21.458619399999989, 41.558945493888473 ], [ 21.4572013, 41.559245193888607 ], [ 21.4540765, 41.561754193889762 ], [ 21.4467999, 41.564789593891064 ], [ 21.4435131, 41.56750709389231 ], [ 21.4435557, 41.569564393893238 ], [ 21.4423889, 41.572067393894379 ], [ 21.4381129, 41.575418593895904 ], [ 21.4320897, 41.57859009389734 ], [ 21.4310217, 41.581423993898611 ], [ 21.4288759, 41.583478393899547 ], [ 21.4286184, 41.585083393900284 ], [ 21.4299059, 41.59060429390275 ], [ 21.4244986, 41.595546993904975 ], [ 21.4238763, 41.596959093905625 ], [ 21.4205933, 41.597312093905835 ], [ 21.4181042, 41.596926993905626 ], [ 21.4068604, 41.597055393905698 ], [ 21.402483, 41.599237693906687 ], [ 21.3977623, 41.600713893907297 ], [ 21.3943291, 41.603216993908433 ], [ 21.3900375, 41.604436493909034 ], [ 21.3835144, 41.60456479390907 ], [ 21.3799953, 41.606233493909826 ], [ 21.3739191, 41.60552899390953 ], [ 21.3741904, 41.60693029391016 ], [ 21.3729242, 41.608379693910805 ], [ 21.3729437, 41.612562593912656 ], [ 21.3745451, 41.613902293913306 ], [ 21.3758326, 41.616918193914636 ], [ 21.37815, 41.619356493915774 ], [ 21.3778067, 41.62294959391739 ], [ 21.3798666, 41.624874393918205 ], [ 21.3779783, 41.627376593919344 ], [ 21.37712, 41.631739093921333 ], [ 21.3770342, 41.638153993924213 ], [ 21.3742876, 41.640142493925111 ], [ 21.3723135, 41.644888993927225 ], [ 21.3700819, 41.647711093928542 ], [ 21.371207699999985, 41.651113993930096 ], [ 21.3793945, 41.651527093930227 ], [ 21.390642, 41.655083493931841 ], [ 21.3897371, 41.658741593933485 ], [ 21.3929129, 41.66303789393541 ], [ 21.3956165, 41.664288293935975 ], [ 21.3972902, 41.66617979393682 ], [ 21.3970327, 41.668359693937809 ], [ 21.3945436, 41.67137309393916 ], [ 21.394136, 41.673512893940128 ], [ 21.3924837, 41.674578693940624 ], [ 21.3906813, 41.677399493941891 ], [ 21.3914537, 41.679899593942991 ], [ 21.3896513, 41.681502193943771 ], [ 21.3896513, 41.685155893945371 ], [ 21.3908529, 41.686309693945887 ], [ 21.3908529, 41.68784809394657 ], [ 21.3923979, 41.689001793947121 ], [ 21.3923979, 41.690155493947636 ], [ 21.387677199999988, 41.698423093951327 ], [ 21.3847589, 41.705856693954679 ], [ 21.3833857, 41.71091869395692 ], [ 21.3839865, 41.712392393957622 ], [ 21.3935351, 41.71797039396008 ], [ 21.4040694, 41.703794793953762 ], [ 21.42082, 41.714984293958743 ], [ 21.4306784, 41.717581993959953 ], [ 21.4353561, 41.727927993964578 ], [ 21.442093799999988, 41.728024093964656 ], [ 21.4478445, 41.738528493969369 ], [ 21.449132, 41.749351293974208 ], [ 21.450634, 41.753459493976031 ], [ 21.4529514, 41.756554893977409 ], [ 21.4708042, 41.762189093979948 ], [ 21.484623, 41.75930809397866 ], [ 21.4980984, 41.760460493979188 ], [ 21.4989138, 41.76318149398039 ], [ 21.503334, 41.765582193981452 ], [ 21.5080547, 41.765710293981542 ], [ 21.5205002, 41.764365893980901 ], [ 21.519996, 41.768418993982756 ], [ 21.5257788, 41.764141793980819 ], [ 21.5286112, 41.758507693978267 ], [ 21.5268677, 41.754117793976327 ], [ 21.537323, 41.75540239397688 ], [ 21.5513992, 41.757963493978096 ], [ 21.5586948, 41.757707393977967 ], [ 21.568796, 41.759067893978575 ], [ 21.5732431, 41.756202693977308 ], [ 21.5745306, 41.75453799397652 ], [ 21.5753889, 41.751400393975089 ], [ 21.5805817, 41.748230693973667 ], [ 21.5859461, 41.742307093971036 ], [ 21.5892935, 41.735838493968117 ], [ 21.5990782, 41.723860193962743 ], [ 21.600194, 41.721297793961618 ], [ 21.6018677, 41.72049699396127 ], [ 21.6048717, 41.720176693961101 ], [ 21.607572699999988, 41.720969393961447 ], [ 21.6111374, 41.723059493962381 ], [ 21.6137981, 41.722739193962234 ], [ 21.6148281, 41.723123493962419 ], [ 21.6180038, 41.72254699396219 ], [ 21.6217804, 41.72376419396273 ], [ 21.6244411, 41.723251693962489 ], [ 21.6263294, 41.721586093961719 ], [ 21.6327667, 41.718382793960316 ], [ 21.6345692, 41.718767193960439 ], [ 21.6405773, 41.718574993960424 ], [ 21.6430664, 41.719600093960857 ], [ 21.6456413, 41.718254693960226 ], [ 21.6468, 41.716620993959502 ], [ 21.6507912, 41.714602793958591 ], [ 21.6522503, 41.713129193957947 ], [ 21.6553402, 41.712424393957626 ], [ 21.6563702, 41.711591493957222 ], [ 21.6658115, 41.715371593958963 ], [ 21.6688192, 41.715619993959088 ], [ 21.6684853, 41.713446193958099 ], [ 21.6695893, 41.712314193957589 ], [ 21.6695598, 41.710234593956635 ], [ 21.6703891, 41.709247393956218 ], [ 21.6696848, 41.707759293955547 ], [ 21.6725815, 41.70791229395558 ], [ 21.6732237, 41.706257893954835 ], [ 21.6761221, 41.707204193955306 ], [ 21.676356, 41.70489939395425 ], [ 21.6774675, 41.703166793953436 ], [ 21.6773301, 41.695124093949872 ], [ 21.6791251, 41.695517393950048 ], [ 21.6795156, 41.697017093950677 ], [ 21.6816142, 41.69707559395075 ], [ 21.6816345, 41.697535393950943 ], [ 21.6842095, 41.696012493950278 ], [ 21.683098, 41.695357193949938 ], [ 21.6838973, 41.695444493949978 ], [ 21.6842878, 41.694453593949554 ], [ 21.6854969, 41.689250793947203 ], [ 21.6860237, 41.689104993947133 ], [ 21.686999, 41.690395693947707 ], [ 21.6873809, 41.692449093948618 ], [ 21.6884141, 41.692930593948887 ], [ 21.6893721, 41.691437393948206 ], [ 21.6899729, 41.684258493944981 ], [ 21.6907454, 41.682720093944248 ], [ 21.6900229, 41.680354093943194 ], [ 21.6910225, 41.679329993942765 ], [ 21.6911058, 41.67668789394159 ], [ 21.6954263, 41.674844493940711 ], [ 21.6981683, 41.67266109393973 ], [ 21.6996442, 41.673245993940043 ], [ 21.7003798, 41.671487393939181 ], [ 21.703676099999988, 41.67120979393907 ], [ 21.7038076, 41.66756849393748 ], [ 21.7047914, 41.665959893936751 ], [ 21.7046017, 41.665065493936289 ], [ 21.7028499, 41.665965193936749 ], [ 21.7016575, 41.665706393936652 ], [ 21.7031645, 41.661454193934716 ], [ 21.7019687, 41.6581474939332 ], [ 21.7036454, 41.654809793931683 ], [ 21.7046285, 41.654140393931407 ], [ 21.7052937, 41.654669493931664 ], [ 21.706109, 41.654188593931416 ], [ 21.7063665, 41.652585293930699 ], [ 21.7049932, 41.652136393930533 ], [ 21.7050898, 41.650997993930019 ], [ 21.7078686, 41.649667193929432 ], [ 21.7106152, 41.649346493929279 ], [ 21.7151642, 41.652553193930721 ], [ 21.7188549, 41.650565093929778 ], [ 21.7210007, 41.651270593930121 ], [ 21.7244339, 41.654669493931664 ], [ 21.7285453, 41.655681193932111 ], [ 21.7326736, 41.654990193931795 ], [ 21.7340689, 41.655326493931945 ], [ 21.7342615, 41.6530341939309 ], [ 21.7331457, 41.650725393929854 ], [ 21.7333174, 41.648993793929101 ], [ 21.7362356, 41.647582793928464 ], [ 21.7340899, 41.646492493928001 ], [ 21.735034, 41.644760693927203 ], [ 21.7348623, 41.640206693925151 ], [ 21.7343903, 41.639725593924958 ], [ 21.7314773, 41.63936479392477 ], [ 21.73150290000001, 41.638164093924203 ], [ 21.7362356, 41.636229593923346 ], [ 21.7364073, 41.632508893921674 ], [ 21.7354631, 41.631033393920994 ], [ 21.7371798, 41.628659693919943 ], [ 21.7443466, 41.625483893918499 ], [ 21.7473936, 41.622051393916948 ], [ 21.7473936, 41.621088893916493 ], [ 21.7496681, 41.619645193915908 ], [ 21.752758, 41.619837693915976 ], [ 21.7544746, 41.617720293915013 ], [ 21.758337, 41.61675779391458 ], [ 21.7618561, 41.614255193913429 ], [ 21.7633152, 41.615474393913985 ], [ 21.7675209, 41.615474393913985 ], [ 21.7754173, 41.613998493913314 ], [ 21.7804068, 41.612098793912452 ], [ 21.7819834, 41.60857589391091 ], [ 21.7806959, 41.596509793905447 ], [ 21.7838717, 41.59381389390424 ], [ 21.7869897, 41.589596193902373 ], [ 21.7897081, 41.588229093901695 ], [ 21.7929697, 41.58527599390036 ], [ 21.7942572, 41.583028993899397 ], [ 21.7968321, 41.581359793898613 ], [ 21.8016386, 41.57442549389544 ], [ 21.802969, 41.57394389389524 ], [ 21.8052864, 41.574264993895355 ], [ 21.8107427, 41.573575693895087 ], [ 21.8116808, 41.571985493894353 ], [ 21.8144475, 41.570335693893597 ], [ 21.8128824, 41.563701593890642 ], [ 21.8130541, 41.559591393888766 ], [ 21.810565, 41.556123193887188 ], [ 21.8076897, 41.552879693885707 ], [ 21.8050718, 41.552719093885599 ], [ 21.8042135, 41.549957093884387 ], [ 21.8010807, 41.547612493883342 ], [ 21.7928839, 41.545075093882168 ], [ 21.7914248, 41.541606193880646 ], [ 21.7855024, 41.534539093877441 ], [ 21.7829275, 41.532354593876462 ], [ 21.7828417, 41.53132659387596 ], [ 21.7874336, 41.530716193875662 ], [ 21.7894506, 41.528435193874678 ], [ 21.7915106, 41.521752293871657 ], [ 21.7913389, 41.517639393869764 ], [ 21.7922884, 41.515349893868731 ], [ 21.795373, 41.511790993867145 ], [ 21.7971754, 41.510698293866618 ], [ 21.8033552, 41.503049393863172 ], [ 21.805543899999989, 41.501153093862307 ], [ 21.8098783, 41.498935293861287 ] ] ] } },
{ "type": "Feature", "properties": { "admin_id": "2577488", "name_local": "Општина Росоман", "name_en": "Municipality of Rosoman", "name_en_status": "OSM_NAME_EN", "source_name": "Општина Росоман", "source_admin_level": "7", "source_osm_relation_id": "2577488", "source_name_en": "Municipality of Rosoman" }, "geometry": { "type": "Polygon", "coordinates": [ [ [ 21.8114042, 41.471054393848654 ], [ 21.8104792, 41.469422093847932 ], [ 21.811595, 41.467235393846948 ], [ 21.8135262, 41.466881593846743 ], [ 21.8155003, 41.465273693846029 ], [ 21.8173027, 41.466817293846788 ], [ 21.8191051, 41.466302793846495 ], [ 21.8215513, 41.462797393844944 ], [ 21.8265295, 41.459967293843633 ], [ 21.8280745, 41.455979093841769 ], [ 21.8279886, 41.454306593841082 ], [ 21.8300915, 41.454145793840965 ], [ 21.8311214, 41.452344493840165 ], [ 21.8327522, 41.452280193840124 ], [ 21.8342972, 41.450671893839392 ], [ 21.8360996, 41.450350193839228 ], [ 21.8386583, 41.4466502938376 ], [ 21.8400049, 41.447487393837982 ], [ 21.8395758, 41.450189393839175 ], [ 21.8426228, 41.451894193839955 ], [ 21.8453693, 41.45195849383996 ], [ 21.8493391, 41.450410493839321 ], [ 21.8543386, 41.446843993837646 ], [ 21.8655209, 41.437049293833184 ], [ 21.8651533, 41.440603093834817 ], [ 21.8693161, 41.44275849383579 ], [ 21.8715477, 41.44346629383611 ], [ 21.8742943, 41.443530593836158 ], [ 21.8777275, 41.441793393835347 ], [ 21.8824482, 41.441149993835104 ], [ 21.8900871, 41.446940493837715 ], [ 21.8938637, 41.447776893838117 ], [ 21.8999577, 41.445010393836824 ], [ 21.9009876, 41.44520339383692 ], [ 21.9029617, 41.443015893835913 ], [ 21.9089336, 41.443515093836147 ], [ 21.9115019, 41.446972693837715 ], [ 21.9117594, 41.44832369383834 ], [ 21.9106436, 41.449610393838952 ], [ 21.9113302, 41.450961393839506 ], [ 21.9163084, 41.454756893841285 ], [ 21.9147635, 41.458037493842731 ], [ 21.9193554, 41.461800393844428 ], [ 21.9215548, 41.462708993844863 ], [ 21.9258356, 41.461125093844146 ], [ 21.9279814, 41.457265593842408 ], [ 21.9333458, 41.45517499384146 ], [ 21.9363499, 41.455496693841575 ], [ 21.9446259, 41.454208793840998 ], [ 21.9461346, 41.454596093841175 ], [ 21.947422, 41.453502493840702 ], [ 21.9496536, 41.454081393840923 ], [ 21.9521427, 41.452923493840409 ], [ 21.9573355, 41.458359193842909 ], [ 21.9629145, 41.46151099384435 ], [ 21.9637138, 41.464350093845638 ], [ 21.9663906, 41.464308893845583 ], [ 21.9725704, 41.467589093847103 ], [ 21.9761324, 41.471672993848962 ], [ 21.977334, 41.471994593849089 ], [ 21.9780636, 41.473570193849781 ], [ 21.9800377, 41.472541193849374 ], [ 21.9815002, 41.473299593849688 ], [ 21.9833422, 41.477396493851536 ], [ 21.982913, 41.478553993852081 ], [ 21.9860361, 41.478702893852109 ], [ 21.9756169, 41.487636093856196 ], [ 21.9778592, 41.486872593855828 ], [ 21.978342, 41.488552293856593 ], [ 21.9838572, 41.488006093856349 ], [ 21.9838572, 41.488841893856723 ], [ 21.9860888, 41.491284993857818 ], [ 21.9832563, 41.49565679385983 ], [ 21.984458, 41.496621093860256 ], [ 21.9837713, 41.498549593861092 ], [ 21.9857883, 41.49928889386149 ], [ 21.9875908, 41.498838893861247 ], [ 21.9910669, 41.501313793862394 ], [ 21.9866037, 41.504142193863665 ], [ 21.9941129, 41.508092893865467 ], [ 21.9932127, 41.512112293867261 ], [ 21.9909811, 41.517318093869633 ], [ 21.9924402, 41.519567393870631 ], [ 21.9905519, 41.524515493872876 ], [ 21.9917965, 41.525639993873419 ], [ 21.993556, 41.526057693873561 ], [ 21.9922037, 41.530331593875466 ], [ 21.9922686, 41.532547393876506 ], [ 21.9938993, 41.533446893876921 ], [ 21.9942427, 41.534731893877506 ], [ 21.9962168, 41.536466593878295 ], [ 21.9972467, 41.541284893880487 ], [ 21.9953585, 41.549700093884304 ], [ 21.996088, 41.550567293884669 ], [ 21.9982338, 41.550952693884881 ], [ 21.99965, 41.552654793885601 ], [ 22.0003366, 41.557022393887586 ], [ 22.0012808, 41.55849959388825 ], [ 22.000106, 41.56291489389028 ], [ 21.995219, 41.561642593889687 ], [ 21.9910991, 41.559137793888567 ], [ 21.9822586, 41.555219993886801 ], [ 21.9803799, 41.555278693886834 ], [ 21.9787292, 41.551138293884961 ], [ 21.972943, 41.546088693882623 ], [ 21.9684199, 41.540345293880065 ], [ 21.9667856, 41.540114893879917 ], [ 21.9664649, 41.539142093879505 ], [ 21.9656519, 41.539602293879703 ], [ 21.9667505, 41.540912793880331 ], [ 21.9597993, 41.543469693881448 ], [ 21.9588713, 41.545037093882186 ], [ 21.9621843, 41.545371093882324 ], [ 21.9635909, 41.547361693883239 ], [ 21.9530916, 41.551740893885174 ], [ 21.952714, 41.552343793885491 ], [ 21.9549349, 41.55827249388814 ], [ 21.9528737, 41.558461393888209 ], [ 21.9512023, 41.555038993886726 ], [ 21.9487953, 41.555384593886842 ], [ 21.9459629, 41.554934993886668 ], [ 21.9445038, 41.556797593887502 ], [ 21.9418859, 41.557215093887663 ], [ 21.9406414, 41.559045493888526 ], [ 21.9386941, 41.558937093888446 ], [ 21.9372994, 41.55790949388799 ], [ 21.9364588, 41.558481993888243 ], [ 21.934762, 41.55638009388727 ], [ 21.9353628, 41.555480893886866 ], [ 21.9330454, 41.553746793886077 ], [ 21.9334745, 41.550278193884587 ], [ 21.9305134, 41.549732293884325 ], [ 21.9279814, 41.54783729388344 ], [ 21.928153, 41.546552593882858 ], [ 21.9275951, 41.546070793882635 ], [ 21.925106, 41.5463919938828 ], [ 21.9233894, 41.545042993882184 ], [ 21.9203424, 41.544047293881739 ], [ 21.9207716, 41.542890993881201 ], [ 21.9196558, 41.540128593880013 ], [ 21.9201708, 41.537430293878742 ], [ 21.9181967, 41.536273793878202 ], [ 21.918025, 41.534217893877276 ], [ 21.9159732, 41.53236869387645 ], [ 21.9118881, 41.5345069938774 ], [ 21.9099998, 41.533414793876922 ], [ 21.9081974, 41.534442793877375 ], [ 21.90588, 41.533543293876996 ], [ 21.9024467, 41.534185793877256 ], [ 21.9018888, 41.534796093877539 ], [ 21.9030046, 41.536081093878138 ], [ 21.8999577, 41.537462393878769 ], [ 21.8974257, 41.536273793878202 ], [ 21.8968678, 41.53476399387754 ], [ 21.8950653, 41.534506993877407 ], [ 21.8941212, 41.537783593878927 ], [ 21.8882847, 41.537783593878927 ], [ 21.8839073, 41.540160693879947 ], [ 21.8831778, 41.539807293879818 ], [ 21.8830919, 41.538136993879064 ], [ 21.8814182, 41.537398193878751 ], [ 21.8762684, 41.538104893879016 ], [ 21.8738651, 41.53681989387848 ], [ 21.8720627, 41.537783593878913 ], [ 21.8701744, 41.536948393878539 ], [ 21.8664837, 41.537783593878913 ], [ 21.8625355, 41.53726969387867 ], [ 21.8585873, 41.537719393878909 ], [ 21.8493471, 41.536546893878331 ], [ 21.8494463, 41.532547393876513 ], [ 21.8532658, 41.531679993876125 ], [ 21.8561411, 41.530041493875387 ], [ 21.8610925, 41.521093593871313 ], [ 21.858201, 41.51731809386964 ], [ 21.8617201, 41.513719093868005 ], [ 21.8491191, 41.509798493866228 ], [ 21.8418503, 41.509894893866274 ], [ 21.8390179, 41.508930793865851 ], [ 21.8310356, 41.511051793866791 ], [ 21.8254566, 41.508609393865683 ], [ 21.8238688, 41.50735609386512 ], [ 21.8216372, 41.499449593861534 ], [ 21.8197489, 41.496492493860174 ], [ 21.8138346, 41.49222939385826 ], [ 21.8180323, 41.4863343938556 ], [ 21.8180323, 41.483698093854386 ], [ 21.8164873, 41.481704793853481 ], [ 21.8172598, 41.475853093850802 ], [ 21.8155432, 41.473216493849641 ], [ 21.8114042, 41.471054393848654 ] ] ] } },
{ "type": "Feature", "properties": { "admin_id": "2577610", "name_local": "Општина Кавадарци", "name_en": "Municipality of Kavadarci", "name_en_status": "OSM_NAME_EN", "source_name": "Општина Кавадарци", "source_admin_level": "7", "source_osm_relation_id": "2577610", "source_name_en": "Municipality of Kavadarci" }, "geometry": { "type": "Polygon", "coordinates": [ [ [ 22.0994085, 41.357769193797097 ], [ 22.1062517, 41.350976793794032 ], [ 22.1075392, 41.347239693792332 ], [ 22.1090841, 41.345435493791527 ], [ 22.1102858, 41.34247139379017 ], [ 22.112689, 41.339893693788973 ], [ 22.1188259, 41.337992693788095 ], [ 22.1210146, 41.336800393787549 ], [ 22.1217871, 41.334738193786613 ], [ 22.1237612, 41.33280469378569 ], [ 22.1288252, 41.329646593784275 ], [ 22.1295481, 41.328227693783653 ], [ 22.130749, 41.328406293783736 ], [ 22.1364236, 41.32312289378131 ], [ 22.1384998, 41.319912593779868 ], [ 22.1385521, 41.317868493778953 ], [ 22.1404015, 41.316151893778162 ], [ 22.1417972, 41.317789893778851 ], [ 22.1447468, 41.31749629377876 ], [ 22.14921, 41.32123509378048 ], [ 22.1516991, 41.321299493780487 ], [ 22.1531153, 41.320816093780287 ], [ 22.1548748, 41.318592193779246 ], [ 22.1605396, 41.316013593778067 ], [ 22.1629429, 41.314015093777201 ], [ 22.1661186, 41.313112593776744 ], [ 22.1707535, 41.313499393776958 ], [ 22.1710539, 41.312371193776443 ], [ 22.1701956, 41.309985793775276 ], [ 22.1758604, 41.303796193772456 ], [ 22.1763754, 41.302055293771701 ], [ 22.179122, 41.299218093770428 ], [ 22.1810102, 41.295735993768837 ], [ 22.182169, 41.294865393768418 ], [ 22.1840572, 41.294736393768375 ], [ 22.1881771, 41.291576493766911 ], [ 22.1916693, 41.294190293768118 ], [ 22.1953869, 41.291447493766839 ], [ 22.1989169, 41.290010793766193 ], [ 22.2013092, 41.290673593766506 ], [ 22.206974, 41.294349493768188 ], [ 22.2114372, 41.296284093769032 ], [ 22.2162437, 41.295316793768592 ], [ 22.2174454, 41.295703693768814 ], [ 22.2199345, 41.2954457937687 ], [ 22.2213078, 41.295123293768505 ], [ 22.2225952, 41.293898093767922 ], [ 22.2243118, 41.294220493768101 ], [ 22.226457599999989, 41.29351119376777 ], [ 22.2290325, 41.294091593768066 ], [ 22.2296333, 41.294736393768375 ], [ 22.2309208, 41.294478493768239 ], [ 22.2334099, 41.29525229376862 ], [ 22.2346973, 41.294155993768101 ], [ 22.2370148, 41.294865393768418 ], [ 22.2378489, 41.296213593769011 ], [ 22.2416496, 41.296219593769059 ], [ 22.2454262, 41.2954457937687 ], [ 22.2490311, 41.296155093769023 ], [ 22.2533655, 41.299282593770421 ], [ 22.2545671, 41.30224869377178 ], [ 22.256755799999983, 41.305053493773073 ], [ 22.2615623, 41.305569293773267 ], [ 22.2636652, 41.307471293774157 ], [ 22.2640085, 41.308696293774737 ], [ 22.267313, 41.310275893775447 ], [ 22.2696304, 41.310340293775482 ], [ 22.2729778, 41.30930879377501 ], [ 22.2773552, 41.31369279377703 ], [ 22.2813034, 41.315497793777837 ], [ 22.2829771, 41.31494989377758 ], [ 22.2864532, 41.311565293776034 ], [ 22.2925709, 41.309904093775287 ], [ 22.2899294, 41.302377693771803 ], [ 22.2902727, 41.293156493767604 ], [ 22.2915602, 41.289416093765894 ], [ 22.2925043, 41.28851319376551 ], [ 22.2909594, 41.287739193765169 ], [ 22.2913027, 41.284836993763811 ], [ 22.2901011, 41.278838493761086 ], [ 22.291131, 41.276451893759962 ], [ 22.293191, 41.275742293759627 ], [ 22.2997666, 41.264980093754751 ], [ 22.2928476, 41.251419193748553 ], [ 22.2852516, 41.249063893747454 ], [ 22.2515202, 41.244804593745492 ], [ 22.2458124, 41.243610693744962 ], [ 22.2500181, 41.236704793741779 ], [ 22.2527647, 41.235349393741139 ], [ 22.2532368, 41.233380693740258 ], [ 22.2679567, 41.229604593738564 ], [ 22.2695017, 41.218952793733621 ], [ 22.2694159, 41.217596993733011 ], [ 22.2682142, 41.215789193732199 ], [ 22.266798, 41.214723893731666 ], [ 22.2610474, 41.212851493730874 ], [ 22.2572708, 41.208912693729047 ], [ 22.2516918, 41.207104693728247 ], [ 22.2507048, 41.205457993727492 ], [ 22.2431087, 41.200388693725095 ], [ 22.2388172, 41.200646993725258 ], [ 22.2363281, 41.201486593725654 ], [ 22.2297192, 41.201034493725423 ], [ 22.2244835, 41.202196893725962 ], [ 22.2215652, 41.199872093724899 ], [ 22.2190762, 41.199290893724644 ], [ 22.2157717, 41.194673093722521 ], [ 22.2149134, 41.191572993721074 ], [ 22.2155142, 41.188278893719591 ], [ 22.2140551, 41.185630493718364 ], [ 22.2152567, 41.183111293717204 ], [ 22.2137117, 41.179752193715693 ], [ 22.2158575, 41.17807259371488 ], [ 22.2167158, 41.172451893712314 ], [ 22.2167158, 41.171482793711817 ], [ 22.2151426, 41.169975993711141 ], [ 22.208117, 41.166426093709575 ], [ 22.2055525, 41.163746993708301 ], [ 22.2048077, 41.161285393707161 ], [ 22.1914841, 41.162022693707527 ], [ 22.1859842, 41.160999393707066 ], [ 22.18104, 41.158899993706086 ], [ 22.1724308, 41.15735359370538 ], [ 22.1708648, 41.15557329370457 ], [ 22.1695367, 41.152566393703147 ], [ 22.1644158, 41.148948193701514 ], [ 22.1613447, 41.142431893698543 ], [ 22.1541486, 41.138200493696566 ], [ 22.1523378, 41.133946993694629 ], [ 22.1507815, 41.13230969369387 ], [ 22.148916, 41.128532693692115 ], [ 22.1402766, 41.125123893690542 ], [ 22.13737, 41.124797693690425 ], [ 22.1341109, 41.125888793690905 ], [ 22.1320366, 41.125855193690882 ], [ 22.1310145, 41.125442293690732 ], [ 22.12983, 41.123648593689865 ], [ 22.1284279, 41.123445693689789 ], [ 22.123724, 41.125783093690842 ], [ 22.1198153, 41.126431993691128 ], [ 22.1160505, 41.131152293693312 ], [ 22.1105771, 41.134566493694919 ], [ 22.1015932, 41.136625493695824 ], [ 22.0994511, 41.138193493696555 ], [ 22.0977806, 41.138616293696778 ], [ 22.0966144, 41.138515993696693 ], [ 22.0934786, 41.136833793695928 ], [ 22.0900966, 41.138254893696576 ], [ 22.087807, 41.137874693696439 ], [ 22.0840538, 41.142667193698614 ], [ 22.0821842, 41.143779993699134 ], [ 22.0795503, 41.14404229369925 ], [ 22.0786668, 41.14464009369955 ], [ 22.0788812, 41.146183893700247 ], [ 22.0809748, 41.148848893701462 ], [ 22.0798744, 41.151847993702852 ], [ 22.0741161, 41.156003293704778 ], [ 22.0716331, 41.155484393704484 ], [ 22.0673667, 41.156421593704934 ], [ 22.0652104, 41.159357793706313 ], [ 22.0622457, 41.16071309370691 ], [ 22.061565, 41.160026093706598 ], [ 22.0614329, 41.153070293703429 ], [ 22.0588522, 41.15006339370202 ], [ 22.0544484, 41.14781839370098 ], [ 22.0470308, 41.147701793700946 ], [ 22.0466045, 41.145316693699861 ], [ 22.0433557, 41.143937493699177 ], [ 22.041786, 41.140154793697484 ], [ 22.0340783, 41.137960793696472 ], [ 22.0315121, 41.135764193695437 ], [ 22.0297489, 41.133175993694266 ], [ 22.0188757, 41.132584193694015 ], [ 22.014779, 41.132021293693732 ], [ 22.0115369, 41.130926393693215 ], [ 22.0068226, 41.130709793693114 ], [ 22.0027501, 41.12781999369178 ], [ 21.9948835, 41.127575193691669 ], [ 21.9910581, 41.12586929369089 ], [ 21.9871259, 41.128331593692067 ], [ 21.9820704, 41.128252193691985 ], [ 21.9783873, 41.127548093691672 ], [ 21.977569400000011, 41.127839893691792 ], [ 21.9761143, 41.130030193692775 ], [ 21.9743715, 41.129828393692733 ], [ 21.9722707, 41.128611493692162 ], [ 21.9686851, 41.122936793689561 ], [ 21.9648376, 41.121364693688832 ], [ 21.9614202, 41.117431093687003 ], [ 21.9590862, 41.117344693686945 ], [ 21.957573, 41.116669393686642 ], [ 21.9542063, 41.116780793686686 ], [ 21.9532575, 41.115646993686177 ], [ 21.9523036, 41.112126293684575 ], [ 21.9509596, 41.110643193683892 ], [ 21.9483973, 41.111083993684062 ], [ 21.9466856, 41.110720193683967 ], [ 21.9329387, 41.104880793681247 ], [ 21.9314446, 41.103268693680477 ], [ 21.9321867, 41.101577293679696 ], [ 21.9316902, 41.100840893679333 ], [ 21.930233, 41.100277493679123 ], [ 21.9285531, 41.100172293679087 ], [ 21.9236244, 41.096255493677219 ], [ 21.9210003, 41.094775993676592 ], [ 21.9180096, 41.093785293676078 ], [ 21.9110463, 41.092650393675598 ], [ 21.9113522, 41.093373693675929 ], [ 21.9177061, 41.09423479367635 ], [ 21.920102, 41.095857193677055 ], [ 21.9238569, 41.096779193677527 ], [ 21.9277685, 41.100885593679401 ], [ 21.9302375, 41.100402893679195 ], [ 21.9315423, 41.100852593679349 ], [ 21.9314784, 41.102212893679976 ], [ 21.9302043, 41.103251193680485 ], [ 21.9324521, 41.105285293681405 ], [ 21.9392963, 41.108169493682752 ], [ 21.9389908, 41.110502193683807 ], [ 21.9399933, 41.110778593683918 ], [ 21.9390952, 41.113624193685247 ], [ 21.937715, 41.115272593685994 ], [ 21.9358355, 41.116267693686467 ], [ 21.9337561, 41.116475693686588 ], [ 21.9328312, 41.117274893686897 ], [ 21.9330665, 41.117996293687249 ], [ 21.9471202, 41.122418593689289 ], [ 21.9424699, 41.129439893692549 ], [ 21.937466, 41.127959393691853 ], [ 21.927338, 41.131217793693345 ], [ 21.9233726, 41.130706993693138 ], [ 21.9208938, 41.137307393696148 ], [ 21.9166049, 41.141672293698186 ], [ 21.9130438, 41.147117293700674 ], [ 21.9077031, 41.14905219370155 ], [ 21.9076589, 41.150431293702205 ], [ 21.900705, 41.153951693703817 ], [ 21.8982471, 41.156580093705031 ], [ 21.897226299999989, 41.156589093705051 ], [ 21.8982608, 41.157680493705527 ], [ 21.897321, 41.157985993705672 ], [ 21.8973148, 41.158834593706032 ], [ 21.8966805, 41.159071793706197 ], [ 21.8973337, 41.160080893706635 ], [ 21.8954654, 41.16146499370727 ], [ 21.8923967, 41.160634593706881 ], [ 21.8923139, 41.163975693708409 ], [ 21.890062, 41.169434193710927 ], [ 21.8943232, 41.177116593714459 ], [ 21.8928212, 41.1852236937182 ], [ 21.8943661, 41.188970093719895 ], [ 21.8916196, 41.195009093722653 ], [ 21.8893753, 41.195725393723016 ], [ 21.8881434, 41.205438793727467 ], [ 21.8835944, 41.214155893731437 ], [ 21.8851908, 41.22882689373818 ], [ 21.8936881, 41.23663719374175 ], [ 21.891405, 41.259917393752403 ], [ 21.893878099999988, 41.270143093757092 ], [ 21.8926872, 41.271570393757749 ], [ 21.8918396, 41.271473593757683 ], [ 21.8888248, 41.272860593758338 ], [ 21.8881703, 41.273900793758827 ], [ 21.890763, 41.275847193759724 ], [ 21.8918182, 41.275432793759499 ], [ 21.8934704, 41.275795593759682 ], [ 21.8939053, 41.278258093760819 ], [ 21.8953856, 41.279675693761462 ], [ 21.8923079, 41.282527293762769 ], [ 21.890638, 41.28283439376294 ], [ 21.885254, 41.280946793762041 ], [ 21.8825825, 41.280838093761993 ], [ 21.8789483, 41.282559393762767 ], [ 21.8774058, 41.284663593763753 ], [ 21.8722506, 41.28576399376427 ], [ 21.8666932, 41.281266193762157 ], [ 21.8652394, 41.280929193762013 ], [ 21.8643071, 41.279495593761403 ], [ 21.8601553, 41.277498193760444 ], [ 21.858782, 41.277498193760444 ], [ 21.8551694, 41.279235993761269 ], [ 21.8515723, 41.279433293761372 ], [ 21.8501418, 41.280152793761673 ], [ 21.8490765, 41.279698793761462 ], [ 21.848139, 41.277627193760537 ], [ 21.8469374, 41.276853193760168 ], [ 21.8452208, 41.276853193760168 ], [ 21.8435457, 41.279890693761566 ], [ 21.8412977, 41.280521593761875 ], [ 21.8424648, 41.281301493762207 ], [ 21.8428768, 41.282449593762713 ], [ 21.8425334, 41.283932993763422 ], [ 21.8404144, 41.28671999376467 ], [ 21.8427996, 41.290398693766377 ], [ 21.8418747, 41.291366893766821 ], [ 21.8405336, 41.291556193766858 ], [ 21.8402611, 41.292903993767538 ], [ 21.8393941, 41.292910393767499 ], [ 21.8385873, 41.291949593767107 ], [ 21.8363622, 41.292697593767386 ], [ 21.8378492, 41.296947293769357 ], [ 21.8366811, 41.2967879937693 ], [ 21.8334375, 41.298378893769986 ], [ 21.8329569, 41.299462193770502 ], [ 21.8304763, 41.299739393770622 ], [ 21.8292039, 41.298720593770156 ], [ 21.8240541, 41.296715193769266 ], [ 21.8228374, 41.297701793769697 ], [ 21.8227087, 41.298894693770222 ], [ 21.8212457, 41.300777093771075 ], [ 21.8198484, 41.300809793771137 ], [ 21.8178743, 41.302357393771821 ], [ 21.8184344, 41.303153793772204 ], [ 21.8171447, 41.305258893773185 ], [ 21.8172941, 41.306365793773665 ], [ 21.8189751, 41.309082193774941 ], [ 21.8177026, 41.30922399377495 ], [ 21.8163293, 41.311287093775903 ], [ 21.8157285, 41.310932493775745 ], [ 21.8161148, 41.309836493775258 ], [ 21.8148702, 41.309030593774871 ], [ 21.8128961, 41.309739793775208 ], [ 21.8097204, 41.30967529377515 ], [ 21.8096775, 41.311125893775831 ], [ 21.8156427, 41.315783793777975 ], [ 21.8255518, 41.318347993779135 ], [ 21.8284438, 41.321135693780427 ], [ 21.829877, 41.321194893780422 ], [ 21.8258587, 41.323018093781272 ], [ 21.8258266, 41.323748793781625 ], [ 21.8238824, 41.325188693782245 ], [ 21.8233202, 41.326745293782992 ], [ 21.8209856, 41.329255693784127 ], [ 21.8214009, 41.331563893785152 ], [ 21.8249713, 41.333733693786186 ], [ 21.8251547, 41.334595493786544 ], [ 21.8233105, 41.337089793787719 ], [ 21.8237826, 41.339603093788803 ], [ 21.8249284, 41.340629293789341 ], [ 21.8245551, 41.343727193790741 ], [ 21.8257138, 41.344500493791053 ], [ 21.8258687, 41.346395293791943 ], [ 21.8279021, 41.348142793792753 ], [ 21.8299621, 41.348883693793042 ], [ 21.8321937, 41.351557693794298 ], [ 21.8369143, 41.350848893793987 ], [ 21.8383306, 41.351911993794481 ], [ 21.8406051, 41.352524093794734 ], [ 21.8430107, 41.354842893795812 ], [ 21.8456714, 41.354552893795642 ], [ 21.8390888, 41.361502893798864 ], [ 21.8399637, 41.36254149379927 ], [ 21.8437402, 41.364216393800078 ], [ 21.8442895, 41.365512793800661 ], [ 21.8392341, 41.365633493800679 ], [ 21.8374746, 41.366019993800855 ], [ 21.8364446, 41.366921893801276 ], [ 21.8351915, 41.372565993803896 ], [ 21.8317259, 41.372631093803911 ], [ 21.8288677, 41.374603593804785 ], [ 21.8276041, 41.378225793806472 ], [ 21.8225635, 41.384917693809463 ], [ 21.8230784, 41.389634593811621 ], [ 21.8218983, 41.390407293811968 ], [ 21.8229711, 41.39230689381283 ], [ 21.8212545, 41.394576593813902 ], [ 21.8220699, 41.395783793814473 ], [ 21.8209327, 41.397940793815408 ], [ 21.8184393, 41.400858893816725 ], [ 21.817581, 41.404963093818644 ], [ 21.8183964, 41.405671293818948 ], [ 21.819731, 41.410510593821151 ], [ 21.8197911, 41.413041993822311 ], [ 21.8212932, 41.414779993823089 ], [ 21.8239539, 41.415327093823365 ], [ 21.823675, 41.416405193823813 ], [ 21.824941, 41.419156793825088 ], [ 21.8296436, 41.4194204938252 ], [ 21.8264336, 41.420383593825633 ], [ 21.8253837, 41.422616093826662 ], [ 21.8245976, 41.433443993831581 ], [ 21.8214713, 41.435958693832724 ], [ 21.8223232, 41.437547293833425 ], [ 21.8228446, 41.44181399383536 ], [ 21.8212846, 41.441810493835384 ], [ 21.8181093, 41.440418193834724 ], [ 21.8160076, 41.438072093833689 ], [ 21.8123399, 41.435935893832699 ], [ 21.8129676, 41.434923993832236 ], [ 21.8164437, 41.435486993832519 ], [ 21.8170488, 41.434806593832185 ], [ 21.8144525, 41.433487393831584 ], [ 21.8146885, 41.43240959383111 ], [ 21.8121788, 41.430382093830175 ], [ 21.8116261, 41.43056609383023 ], [ 21.8135045, 41.432680193831231 ], [ 21.809912, 41.434670593832116 ], [ 21.8090199, 41.434200793831948 ], [ 21.8077453, 41.435042193832288 ], [ 21.8070973, 41.434902193832265 ], [ 21.8066933, 41.43338359383155 ], [ 21.8042944, 41.435247693832373 ], [ 21.8022392, 41.435340193832452 ], [ 21.8021534, 41.432824193831308 ], [ 21.8026598, 41.432849493831327 ], [ 21.803355, 41.43124759383057 ], [ 21.797938599999988, 41.431716893830767 ], [ 21.7984305, 41.43230739383106 ], [ 21.7971173, 41.432746893831272 ], [ 21.7970379, 41.433249693831485 ], [ 21.798231, 41.433316193831544 ], [ 21.7981044, 41.434357293832036 ], [ 21.795722, 41.434656493832144 ], [ 21.79664, 41.435858193832644 ], [ 21.7978698, 41.435862893832656 ], [ 21.7974464, 41.438011893833675 ], [ 21.7955076, 41.43893499383406 ], [ 21.7936089, 41.436141293832819 ], [ 21.7912454, 41.437439393833372 ], [ 21.7933804, 41.439657193834385 ], [ 21.7920595, 41.440887893834933 ], [ 21.7943451, 41.443406693836117 ], [ 21.7933706, 41.444514593836608 ], [ 21.7913387, 41.442876893835837 ], [ 21.7904623, 41.443546493836116 ], [ 21.7896926, 41.443043593835959 ], [ 21.7883993, 41.443530593836165 ], [ 21.7879662, 41.443195193836019 ], [ 21.7904473, 41.44208399383551 ], [ 21.7911853, 41.440550793834809 ], [ 21.7905389, 41.439804993834436 ], [ 21.7915714, 41.439389693834286 ], [ 21.7902697, 41.438012493833668 ], [ 21.7914448, 41.435300593832409 ], [ 21.7913345, 41.433899993831744 ], [ 21.7854594, 41.43561649383259 ], [ 21.7836735, 41.435147193832364 ], [ 21.782574, 41.436518693832987 ], [ 21.7839789, 41.43917109383419 ], [ 21.7841109, 41.442611793835766 ], [ 21.7828202, 41.443369793836105 ], [ 21.7820831, 41.445104893836849 ], [ 21.77924, 41.447107393837761 ], [ 21.7775845, 41.450687593839426 ], [ 21.7796444, 41.450140693839188 ], [ 21.7812538, 41.448628893838503 ], [ 21.7817044, 41.449159693838716 ], [ 21.7800307, 41.450607193839389 ], [ 21.7735505, 41.45381609384085 ], [ 21.774766, 41.454827193841275 ], [ 21.774648, 41.455430293841573 ], [ 21.7755246, 41.456083593841875 ], [ 21.7769869, 41.455140793841416 ], [ 21.7779006, 41.456189493841897 ], [ 21.782397, 41.45626989384197 ], [ 21.7865753, 41.454338693841052 ], [ 21.7912531, 41.453277293840578 ], [ 21.7907381, 41.457844593842644 ], [ 21.7911673, 41.459709993843518 ], [ 21.7894506, 41.464469693845658 ], [ 21.7915964, 41.466077693846358 ], [ 21.7921114, 41.468200093847358 ], [ 21.794858, 41.47051539384838 ], [ 21.7946863, 41.473473693849733 ], [ 21.8003941, 41.474406193850143 ], [ 21.8079472, 41.469711493848074 ], [ 21.8094921, 41.469389893847868 ], [ 21.8114042, 41.471054393848654 ], [ 21.8104792, 41.469743593848065 ], [ 21.8106508, 41.468585993847555 ], [ 21.811595, 41.467235393846948 ], [ 21.8135262, 41.466881593846743 ], [ 21.8150711, 41.46540229384609 ], [ 21.8162727, 41.465595293846143 ], [ 21.8173027, 41.466817293846788 ], [ 21.8191051, 41.466302793846495 ], [ 21.8215513, 41.462797393844944 ], [ 21.8265295, 41.459967293843633 ], [ 21.8280745, 41.455979093841769 ], [ 21.8279886, 41.454306593841082 ], [ 21.8300915, 41.454145793840965 ], [ 21.8311214, 41.452344493840165 ], [ 21.8327522, 41.452280193840124 ], [ 21.8342972, 41.450671893839392 ], [ 21.8360996, 41.450350193839228 ], [ 21.8386583, 41.4466502938376 ], [ 21.8400049, 41.447487393837982 ], [ 21.8395758, 41.450189393839175 ], [ 21.8426228, 41.451894193839955 ], [ 21.8453693, 41.45195849383996 ], [ 21.8493391, 41.450410493839321 ], [ 21.8543386, 41.446843993837646 ], [ 21.8655209, 41.437049293833184 ], [ 21.8651533, 41.440603093834817 ], [ 21.8693161, 41.44275849383579 ], [ 21.8715477, 41.44346629383611 ], [ 21.8742943, 41.443530593836158 ], [ 21.8777275, 41.441793393835347 ], [ 21.8824482, 41.441149993835104 ], [ 21.8900871, 41.446940493837715 ], [ 21.8938637, 41.447776893838117 ], [ 21.8999577, 41.445010393836824 ], [ 21.9009876, 41.44520339383692 ], [ 21.9029617, 41.443015893835913 ], [ 21.9089336, 41.443515093836147 ], [ 21.9115019, 41.446972693837715 ], [ 21.9117594, 41.44832369383834 ], [ 21.9106436, 41.449610393838952 ], [ 21.9113302, 41.450961393839506 ], [ 21.9163084, 41.454756893841285 ], [ 21.9147635, 41.458037493842731 ], [ 21.9193554, 41.461800393844428 ], [ 21.9215548, 41.462708993844863 ], [ 21.9258356, 41.461125093844146 ], [ 21.9279814, 41.457265593842408 ], [ 21.9333458, 41.45517499384146 ], [ 21.9363499, 41.455496693841575 ], [ 21.9446259, 41.454208793840998 ], [ 21.9461346, 41.454596093841175 ], [ 21.947422, 41.453502493840702 ], [ 21.9496536, 41.454081393840923 ], [ 21.9521427, 41.452923493840409 ], [ 21.9573355, 41.458359193842909 ], [ 21.9629145, 41.46151099384435 ], [ 21.9637138, 41.464350093845638 ], [ 21.9663906, 41.464308893845583 ], [ 21.9725704, 41.467589093847103 ], [ 21.9761324, 41.471672993848962 ], [ 21.977334, 41.471994593849089 ], [ 21.9780636, 41.473570193849781 ], [ 21.9800377, 41.472541193849374 ], [ 21.9815002, 41.473299593849688 ], [ 21.9833422, 41.477396493851536 ], [ 21.982913, 41.478553993852081 ], [ 21.9860361, 41.478702893852109 ], [ 21.9756169, 41.487636093856196 ], [ 21.9778592, 41.486872593855828 ], [ 21.978342, 41.488552293856593 ], [ 21.9838572, 41.488006093856349 ], [ 21.9838572, 41.488841893856723 ], [ 21.9860888, 41.491284993857818 ], [ 21.9832563, 41.49565679385983 ], [ 21.984458, 41.496621093860256 ], [ 21.9837713, 41.498549593861092 ], [ 21.9857883, 41.49928889386149 ], [ 21.9875908, 41.498838893861247 ], [ 21.9910669, 41.501313793862394 ], [ 21.9866037, 41.503885093863545 ], [ 21.9874191, 41.504752793863929 ], [ 21.9956589, 41.508609393865683 ], [ 21.9977188, 41.508095193865437 ], [ 22.0063019, 41.513301293867812 ], [ 22.0114517, 41.513108493867726 ], [ 22.0137691, 41.512208693867294 ], [ 22.0181465, 41.514008293868116 ], [ 22.0190907, 41.515550693868832 ], [ 22.0220089, 41.516450493869236 ], [ 22.0241547, 41.514972293868553 ], [ 22.0270729, 41.515807793868902 ], [ 22.0306778, 41.513429893867858 ], [ 22.0319653, 41.513237093867815 ], [ 22.0338106, 41.514233193868208 ], [ 22.0341217, 41.517542993869725 ], [ 22.0402908, 41.51670759386937 ], [ 22.0420074, 41.517285993869606 ], [ 22.0434666, 41.517093193869513 ], [ 22.0490026, 41.511983793867223 ], [ 22.0502472, 41.511180393866852 ], [ 22.0510036, 41.511760793867083 ], [ 22.0518539, 41.510754493866699 ], [ 22.051491699999989, 41.509669993866197 ], [ 22.050333, 41.509637793866162 ], [ 22.0499468, 41.508770093865778 ], [ 22.0508909, 41.507934493865349 ], [ 22.0514917, 41.505941993864447 ], [ 22.0497322, 41.505524193864261 ], [ 22.0495176, 41.504849193863947 ], [ 22.0510626, 41.504206493863663 ], [ 22.0505476, 41.50317799386319 ], [ 22.0527792, 41.501442393862455 ], [ 22.0519209, 41.499963893861775 ], [ 22.0497751, 41.498678193861167 ], [ 22.049861, 41.498035393860889 ], [ 22.0484018, 41.497392493860602 ], [ 22.0492601, 41.496556793860208 ], [ 22.0489168, 41.49552819385972 ], [ 22.050032599999987, 41.493213793858729 ], [ 22.0502043, 41.489356293856964 ], [ 22.0508909, 41.487877493856324 ], [ 22.0502043, 41.4865915938557 ], [ 22.0504618, 41.484469693854692 ], [ 22.048831, 41.482990793854071 ], [ 22.0504347, 41.481362593853305 ], [ 22.0465994, 41.478168093851892 ], [ 22.049346, 41.475595893850716 ], [ 22.0491743, 41.474309693850188 ], [ 22.0510626, 41.469357793847877 ], [ 22.0510626, 41.468264393847363 ], [ 22.0499468, 41.467621293847088 ], [ 22.0526075, 41.466527893846624 ], [ 22.0522642, 41.465434493846089 ], [ 22.0536375, 41.464405393845617 ], [ 22.0530367, 41.463633593845294 ], [ 22.054925, 41.460353193843844 ], [ 22.0555258, 41.456557993842068 ], [ 22.0520067, 41.455142793841432 ], [ 22.0529509, 41.454177893840985 ], [ 22.0508051, 41.452826993840375 ], [ 22.0520926, 41.4517976938399 ], [ 22.0502605, 41.448931793838632 ], [ 22.0581436, 41.445460793837057 ], [ 22.0625961, 41.445653793837145 ], [ 22.0585299, 41.440603093834817 ], [ 22.059474, 41.440152693834641 ], [ 22.0592165, 41.438544093833897 ], [ 22.060504, 41.437128493833278 ], [ 22.060504, 41.436485093832964 ], [ 22.0593882, 41.435777293832629 ], [ 22.064023, 41.430114493830061 ], [ 22.0647097, 41.427218493828761 ], [ 22.060461, 41.426349693828357 ], [ 22.0582724, 41.424901693827685 ], [ 22.0611048, 41.422455993826595 ], [ 22.0617914, 41.420138993825525 ], [ 22.0641947, 41.416856493824 ], [ 22.0637655, 41.415311693823334 ], [ 22.0657825, 41.41457139382301 ], [ 22.06707, 41.413026593822302 ], [ 22.0688295, 41.412479393822025 ], [ 22.0653963, 41.410033293820923 ], [ 22.0641088, 41.405848993818999 ], [ 22.0667696, 41.398638393815737 ], [ 22.0693445, 41.394195693813707 ], [ 22.0692587, 41.391620093812556 ], [ 22.0713186, 41.389559593811619 ], [ 22.0715761, 41.38737019381059 ], [ 22.0732927, 41.384923193809477 ], [ 22.0788717, 41.372364393803764 ], [ 22.0774612, 41.366709193801171 ], [ 22.0804596, 41.365375593800621 ], [ 22.0828629, 41.362734393799407 ], [ 22.08397870000001, 41.362734393799407 ], [ 22.0870686, 41.360930693798572 ], [ 22.0883989, 41.359867693798051 ], [ 22.0884848, 41.358965793797687 ], [ 22.0918751, 41.356678693796617 ], [ 22.093935, 41.357709493797074 ], [ 22.0994085, 41.357769193797097 ] ] ] } },
{ "type": "Feature", "properties": { "admin_id": "2577657", "name_local": "Општина Неготино", "name_en": "Municipality of Negotino", "name_en_status": "OSM_NAME_EN", "source_name": "Општина Неготино", "source_admin_level": "7", "source_osm_relation_id": "2577657", "source_name_en": "Municipality of Negotino" }, "geometry": { "type": "Polygon", "coordinates": [ [ [ 22.1680498, 41.459468793843357 ], [ 22.1695518, 41.458262693842855 ], [ 22.1754098, 41.455838393841709 ], [ 22.172899199999989, 41.453502493840695 ], [ 22.1697235, 41.453759793840788 ], [ 22.1674061, 41.453245093840543 ], [ 22.166419, 41.452376693840201 ], [ 22.1667624, 41.450253693839215 ], [ 22.1683931, 41.448066393838239 ], [ 22.1668482, 41.447165693837796 ], [ 22.166290299999989, 41.445653793837138 ], [ 22.165260299999989, 41.446683193837579 ], [ 22.1640587, 41.44674749383762 ], [ 22.1631575, 41.445878993837205 ], [ 22.1632433, 41.444206193836436 ], [ 22.1616125, 41.443305393836056 ], [ 22.1619558, 41.432366793831065 ], [ 22.1592522, 41.431819793830812 ], [ 22.1580505, 41.432527693831155 ], [ 22.1559906, 41.430468393830218 ], [ 22.1550465, 41.430532793830217 ], [ 22.1550894, 41.428827393829437 ], [ 22.154145199999988, 41.428312593829226 ], [ 22.1538877, 41.426961093828595 ], [ 22.1513128, 41.427218493828747 ], [ 22.1519136, 41.426510593828411 ], [ 22.1519136, 41.42425809382739 ], [ 22.1484804, 41.421812393826258 ], [ 22.1461201, 41.418819593824921 ], [ 22.1443605, 41.421233193826019 ], [ 22.1430302, 41.42158719382622 ], [ 22.141614, 41.417113893824144 ], [ 22.1389103, 41.414957593823175 ], [ 22.1355039, 41.413621993822566 ], [ 22.1340609, 41.412286293821964 ], [ 22.1344042, 41.410676993821184 ], [ 22.1305096, 41.408500393820233 ], [ 22.1330738, 41.40633179381922 ], [ 22.139082, 41.405108593818689 ], [ 22.1414852, 41.403885393818129 ], [ 22.1453476, 41.406653693819401 ], [ 22.14715, 41.407039893819572 ], [ 22.1493816, 41.404657993818503 ], [ 22.1563339, 41.403434793817929 ], [ 22.1581793, 41.402243793817362 ], [ 22.1581793, 41.397221893815072 ], [ 22.1609956, 41.393491493813414 ], [ 22.1597242, 41.391748893812618 ], [ 22.1590376, 41.388142893811015 ], [ 22.1594667, 41.385438293809706 ], [ 22.1549177, 41.381445593807911 ], [ 22.1551752, 41.378869493806732 ], [ 22.1494246, 41.372879693803981 ], [ 22.151742, 41.369208293802338 ], [ 22.1504545, 41.367533493801581 ], [ 22.1477092, 41.359678493798022 ], [ 22.1260357, 41.356549893796569 ], [ 22.1210575, 41.357773993797124 ], [ 22.1188259, 41.355261393795971 ], [ 22.1151352, 41.354101693795457 ], [ 22.1125603, 41.355325793796034 ], [ 22.1024429, 41.354798293795746 ], [ 22.0994085, 41.357769193797097 ], [ 22.093935, 41.357709493797074 ], [ 22.0918751, 41.356678693796617 ], [ 22.0884848, 41.358965793797687 ], [ 22.0883989, 41.359867693798051 ], [ 22.0870686, 41.360930693798572 ], [ 22.08397870000001, 41.362734393799407 ], [ 22.0828629, 41.362734393799407 ], [ 22.0804596, 41.365375593800621 ], [ 22.0774612, 41.366709193801171 ], [ 22.0788717, 41.372364393803764 ], [ 22.0732927, 41.384923193809477 ], [ 22.0715761, 41.38737019381059 ], [ 22.0713186, 41.389559593811619 ], [ 22.0692587, 41.391620093812556 ], [ 22.0693445, 41.394195693813707 ], [ 22.0667696, 41.398638393815737 ], [ 22.0641088, 41.405848993818999 ], [ 22.0653963, 41.410033293820923 ], [ 22.0688295, 41.412479393822025 ], [ 22.06707, 41.413026593822302 ], [ 22.0657825, 41.41457139382301 ], [ 22.0637655, 41.415311693823334 ], [ 22.0641947, 41.416856493824 ], [ 22.0617914, 41.420138993825525 ], [ 22.0611048, 41.422455993826595 ], [ 22.0582724, 41.424901693827685 ], [ 22.060461, 41.426349693828357 ], [ 22.0647097, 41.427218493828761 ], [ 22.064023, 41.430114493830061 ], [ 22.0593882, 41.435777293832629 ], [ 22.060504, 41.436485093832964 ], [ 22.060504, 41.437128493833278 ], [ 22.0592165, 41.438544093833897 ], [ 22.059474, 41.440152693834641 ], [ 22.0585299, 41.440603093834817 ], [ 22.0625961, 41.445653793837145 ], [ 22.0581436, 41.445460793837057 ], [ 22.0502605, 41.448931793838632 ], [ 22.0520926, 41.4517976938399 ], [ 22.0508051, 41.452826993840375 ], [ 22.0529509, 41.454177893840985 ], [ 22.0520067, 41.455142793841432 ], [ 22.0555258, 41.456557993842068 ], [ 22.054925, 41.460353193843844 ], [ 22.0530367, 41.463633593845294 ], [ 22.0536375, 41.464405393845617 ], [ 22.0522642, 41.465434493846089 ], [ 22.0526075, 41.466527893846624 ], [ 22.0499468, 41.467621293847088 ], [ 22.0510626, 41.468264393847363 ], [ 22.0510626, 41.469357793847877 ], [ 22.0491743, 41.474309693850188 ], [ 22.049346, 41.475595893850716 ], [ 22.0465994, 41.478168093851892 ], [ 22.0504347, 41.481362593853305 ], [ 22.048831, 41.482990793854071 ], [ 22.0504618, 41.484469693854692 ], [ 22.0502043, 41.4865915938557 ], [ 22.0508909, 41.487877493856324 ], [ 22.0502043, 41.489356293856964 ], [ 22.050032599999987, 41.493213793858729 ], [ 22.0489168, 41.49552819385972 ], [ 22.0492601, 41.496556793860208 ], [ 22.0484018, 41.497392493860602 ], [ 22.049861, 41.498035393860889 ], [ 22.0497751, 41.498678193861167 ], [ 22.0519209, 41.499963893861775 ], [ 22.0527792, 41.501442393862455 ], [ 22.0505476, 41.50317799386319 ], [ 22.0510626, 41.504206493863663 ], [ 22.0495176, 41.504849193863947 ], [ 22.0497322, 41.505524193864261 ], [ 22.0514917, 41.505941993864447 ], [ 22.0508909, 41.507934493865349 ], [ 22.0499468, 41.508770093865778 ], [ 22.050333, 41.509637793866162 ], [ 22.051491699999989, 41.509669993866197 ], [ 22.0518539, 41.510754493866699 ], [ 22.0510036, 41.511760793867083 ], [ 22.0502472, 41.511180393866852 ], [ 22.0490026, 41.511983793867223 ], [ 22.0434666, 41.517093193869513 ], [ 22.0420074, 41.517285993869606 ], [ 22.0402908, 41.51670759386937 ], [ 22.0341217, 41.517542993869725 ], [ 22.0338106, 41.514233193868208 ], [ 22.0319653, 41.513237093867815 ], [ 22.0306778, 41.513429893867858 ], [ 22.0270729, 41.515807793868902 ], [ 22.0241547, 41.514972293868553 ], [ 22.0215797, 41.516450493869236 ], [ 22.0190907, 41.515550693868832 ], [ 22.0188761, 41.514490293868334 ], [ 22.0168591, 41.513237093867801 ], [ 22.0137691, 41.512208693867294 ], [ 22.0114517, 41.513108493867726 ], [ 22.0075035, 41.513558393867889 ], [ 22.0050144, 41.512658593867485 ], [ 22.0034695, 41.511244593866884 ], [ 22.0001221, 41.509894893866267 ], [ 21.9977188, 41.508095193865437 ], [ 21.9963992, 41.508733993865746 ], [ 21.9941129, 41.508092893865467 ], [ 21.9932127, 41.512112293867261 ], [ 21.9909811, 41.517318093869633 ], [ 21.9924402, 41.519567393870631 ], [ 21.9905519, 41.524515493872876 ], [ 21.9917965, 41.525639993873419 ], [ 21.993556, 41.526057693873561 ], [ 21.9922037, 41.530331593875466 ], [ 21.9922686, 41.532547393876506 ], [ 21.9938993, 41.533446893876921 ], [ 21.9942427, 41.534731893877506 ], [ 21.9962168, 41.536466593878295 ], [ 21.9972467, 41.541284893880487 ], [ 21.9953585, 41.549700093884304 ], [ 21.996088, 41.550567293884669 ], [ 21.9982338, 41.550952693884881 ], [ 21.99965, 41.552654793885601 ], [ 22.0003366, 41.557022393887586 ], [ 22.0012808, 41.55849959388825 ], [ 22.000106, 41.56291489389028 ], [ 22.0022678, 41.56373379389062 ], [ 22.0095634, 41.564119093890795 ], [ 22.0131683, 41.562770393890212 ], [ 22.0156145, 41.559784093888858 ], [ 22.0178032, 41.558595893888324 ], [ 22.0222664, 41.557439893887796 ], [ 22.0260429, 41.557696793887914 ], [ 22.0300716, 41.557010393887573 ], [ 22.0304471, 41.557479993887824 ], [ 22.0365143, 41.555705693886978 ], [ 22.0383596, 41.554196393886308 ], [ 22.0397329, 41.550535193884677 ], [ 22.0425224, 41.547419793883272 ], [ 22.0467281, 41.545685393882437 ], [ 22.0517063, 41.542601893881077 ], [ 22.054882, 41.54176679388069 ], [ 22.057457, 41.540224893880001 ], [ 22.0614052, 41.539325493879588 ], [ 22.0648384, 41.540032193879931 ], [ 22.0702457, 41.544850293882106 ], [ 22.0724773, 41.545878093882592 ], [ 22.0773482, 41.544115593881749 ], [ 22.0788717, 41.548222693883609 ], [ 22.0805025, 41.55053519388467 ], [ 22.0784426, 41.554581693886448 ], [ 22.0791292, 41.557857393887979 ], [ 22.0757818, 41.563444793890476 ], [ 22.0762847, 41.568737593892877 ], [ 22.0745802, 41.573783393895191 ], [ 22.0692587, 41.581295593898531 ], [ 22.0669413, 41.583093193899408 ], [ 22.0653105, 41.587266093901263 ], [ 22.0656538, 41.58874259390192 ], [ 22.0651388, 41.58964139390234 ], [ 22.0633793, 41.591214093903076 ], [ 22.0606327, 41.591920193903405 ], [ 22.059474, 41.594070593904334 ], [ 22.0581865, 41.594648293904612 ], [ 22.0578432, 41.597665193905947 ], [ 22.0529509, 41.605752093909587 ], [ 22.0517921, 41.610725793911833 ], [ 22.0453548, 41.613164293912959 ], [ 22.0299911, 41.61618029391434 ], [ 22.027244599999989, 41.614768593913645 ], [ 22.0196915, 41.613292593913016 ], [ 22.0127821, 41.607228193910288 ], [ 22.0112801, 41.604500593909066 ], [ 22.0063019, 41.601355793907643 ], [ 22.0010662, 41.599494393906745 ], [ 22.0002508, 41.599783293906896 ], [ 21.9967318, 41.604725293909155 ], [ 21.989007, 41.609987793911543 ], [ 21.9903803, 41.619420693915771 ], [ 21.990037, 41.622757093917272 ], [ 21.9887495, 41.624681993918166 ], [ 21.991024, 41.626767093919071 ], [ 21.9951868, 41.62898049392011 ], [ 22.0028257, 41.636293793923379 ], [ 22.0079756, 41.642772393926307 ], [ 22.0131254, 41.653034193930907 ], [ 22.0163441, 41.654990193931788 ], [ 22.0252705, 41.656208593932341 ], [ 22.0318794, 41.659863793934022 ], [ 22.0414764, 41.663688193935741 ], [ 22.0475006, 41.659943993934014 ], [ 22.0535731, 41.657042293932705 ], [ 22.0561266, 41.650404793929731 ], [ 22.064023, 41.640270793925154 ], [ 22.0666838, 41.633663693922188 ], [ 22.068572, 41.631803293921394 ], [ 22.0687437, 41.629044593920085 ], [ 22.0732498, 41.628306893919785 ], [ 22.0778847, 41.631257993921103 ], [ 22.0805883, 41.633727793922212 ], [ 22.0831633, 41.639885993924985 ], [ 22.0831633, 41.64238749392613 ], [ 22.0848799, 41.646364193927937 ], [ 22.0928621, 41.653547193931168 ], [ 22.0963812, 41.659318793933757 ], [ 22.1009409, 41.660072193934099 ], [ 22.1038055, 41.659030193933638 ], [ 22.1055222, 41.659286693933758 ], [ 22.1087837, 41.658388893933321 ], [ 22.1110582, 41.657074293932752 ], [ 22.1119165, 41.655086393931825 ], [ 22.1134615, 41.653547193931168 ], [ 22.1135473, 41.651815693930374 ], [ 22.1154356, 41.650019993929554 ], [ 22.1151781, 41.6457869939277 ], [ 22.1162939, 41.642451693926155 ], [ 22.1214437, 41.632316493921593 ], [ 22.1221304, 41.623783693917765 ], [ 22.1206713, 41.620703893916357 ], [ 22.1189547, 41.609666893911339 ], [ 22.1217012, 41.60395509390878 ], [ 22.1248341, 41.600328793907195 ], [ 22.1278703, 41.59846749390632 ], [ 22.1339321, 41.600200493907131 ], [ 22.1391678, 41.59975119390689 ], [ 22.14921, 41.602896093908313 ], [ 22.1526432, 41.603088693908411 ], [ 22.1538877, 41.604661093909087 ], [ 22.1566772, 41.606233493909826 ], [ 22.159338, 41.605274793909381 ], [ 22.1674919, 41.604243893908922 ], [ 22.1697235, 41.603088693908411 ], [ 22.1725559, 41.603216993908433 ], [ 22.1759033, 41.601933393907885 ], [ 22.1776628, 41.600425093907205 ], [ 22.1787786, 41.59798609390608 ], [ 22.1804953, 41.589898093902455 ], [ 22.1833277, 41.586752593901025 ], [ 22.1857309, 41.582258593898985 ], [ 22.187233, 41.581263493898547 ], [ 22.1906662, 41.5804287938982 ], [ 22.1940592, 41.577940893897058 ], [ 22.1957302, 41.578245893897204 ], [ 22.1992922, 41.57442549389544 ], [ 22.206041, 41.56947589389322 ], [ 22.2127247, 41.567715293892462 ], [ 22.2143984, 41.56627039389177 ], [ 22.2164154, 41.562706193890179 ], [ 22.2267151, 41.558917093888461 ], [ 22.2335815, 41.554164293886302 ], [ 22.2396755, 41.551081193884919 ], [ 22.2473145, 41.549154193884043 ], [ 22.2513485, 41.548832993883892 ], [ 22.2546959, 41.549860693884362 ], [ 22.2577858, 41.552815393885709 ], [ 22.2619057, 41.553843093886123 ], [ 22.2664966, 41.556421493887335 ], [ 22.2706068, 41.553353393885907 ], [ 22.2706282, 41.550302293884577 ], [ 22.2695982, 41.548194593883608 ], [ 22.2710466, 41.546809493882982 ], [ 22.271862, 41.546520493882838 ], [ 22.2770119, 41.547483993883269 ], [ 22.2802305, 41.545267793882289 ], [ 22.280488, 41.543854593881619 ], [ 22.282033, 41.542633993881118 ], [ 22.2821188, 41.541156493880429 ], [ 22.2839642, 41.539710993879758 ], [ 22.2867107, 41.540481893880106 ], [ 22.2876334, 41.54214419388088 ], [ 22.2889853, 41.541092193880409 ], [ 22.2896719, 41.539036393879471 ], [ 22.2884703, 41.5359525938781 ], [ 22.2910452, 41.533061393876743 ], [ 22.2909594, 41.532161893876335 ], [ 22.2991427, 41.527240493874153 ], [ 22.3004866, 41.521238193871412 ], [ 22.3052073, 41.518924693870325 ], [ 22.3052931, 41.5174465938697 ], [ 22.3066664, 41.515261493868692 ], [ 22.3111296, 41.511083993866833 ], [ 22.3142537, 41.49697159386038 ], [ 22.3121166, 41.497938893860834 ], [ 22.306366, 41.494081693859115 ], [ 22.2975254, 41.491574393857931 ], [ 22.2954655, 41.489452693857025 ], [ 22.2868824, 41.483665993854395 ], [ 22.2741795, 41.477492893851554 ], [ 22.2716475, 41.473280793849646 ], [ 22.2689867, 41.470579693848464 ], [ 22.2678709, 41.467170993846914 ], [ 22.2639455, 41.462664693844872 ], [ 22.2625065, 41.463858693845381 ], [ 22.2598457, 41.463215493845084 ], [ 22.2545242, 41.463601393845273 ], [ 22.2519922, 41.465756093846267 ], [ 22.2401905, 41.469968693848195 ], [ 22.2292471, 41.477396493851536 ], [ 22.2263718, 41.481222593853268 ], [ 22.2173595, 41.482058493853621 ], [ 22.2126308, 41.488134693856423 ], [ 22.2094631, 41.487845293856282 ], [ 22.2076607, 41.48668799385576 ], [ 22.2054948, 41.48680659385581 ], [ 22.2040987, 41.485369893855157 ], [ 22.2041845, 41.483633793854352 ], [ 22.2031116, 41.481029693853188 ], [ 22.1985626, 41.478778993852174 ], [ 22.1967602, 41.478714693852105 ], [ 22.1942711, 41.476849893851252 ], [ 22.1881771, 41.473763093849875 ], [ 22.1831131, 41.472348293849251 ], [ 22.1816969, 41.470386793848334 ], [ 22.1792078, 41.469293393847842 ], [ 22.1776199, 41.466302793846502 ], [ 22.1757317, 41.46675299384669 ], [ 22.1747446, 41.466334893846515 ], [ 22.1698523, 41.460739093843998 ], [ 22.1680498, 41.459468793843357 ] ] ] } },
{ "type": "Feature", "properties": { "admin_id": "2577810", "name_local": "Општина Демир Капија", "name_en": "Municipality of Demir Kapija", "name_en_status": "OSM_NAME_EN", "source_name": "Општина Демир Капија", "source_admin_level": "7", "source_osm_relation_id": "2577810", "source_name_en": "Municipality of Demir Kapija" }, "geometry": { "type": "Polygon", "coordinates": [ [ [ 22.1477092, 41.359678493798022 ], [ 22.1260357, 41.356549893796569 ], [ 22.1210575, 41.357773993797124 ], [ 22.1188259, 41.355261393795971 ], [ 22.1151352, 41.354101693795457 ], [ 22.1125603, 41.355325793796034 ], [ 22.1024429, 41.354798293795746 ], [ 22.1062517, 41.350976793794032 ], [ 22.1075392, 41.347239693792332 ], [ 22.1090841, 41.345435493791527 ], [ 22.1102858, 41.34247139379017 ], [ 22.112689, 41.339893693788973 ], [ 22.1188259, 41.337992693788095 ], [ 22.1210146, 41.336800393787549 ], [ 22.1217871, 41.334738193786613 ], [ 22.1237612, 41.33280469378569 ], [ 22.1288252, 41.329646593784275 ], [ 22.1295481, 41.328227693783653 ], [ 22.130749, 41.328406293783736 ], [ 22.1364236, 41.32312289378131 ], [ 22.1384998, 41.319912593779868 ], [ 22.1385521, 41.317868493778953 ], [ 22.1404015, 41.316151893778162 ], [ 22.1417972, 41.317789893778851 ], [ 22.1447468, 41.31749629377876 ], [ 22.14921, 41.32123509378048 ], [ 22.1516991, 41.321299493780487 ], [ 22.1531153, 41.320816093780287 ], [ 22.1548748, 41.318592193779246 ], [ 22.1605396, 41.316013593778067 ], [ 22.1629429, 41.314015093777201 ], [ 22.1661186, 41.313112593776744 ], [ 22.1707535, 41.313499393776958 ], [ 22.1710539, 41.312371193776443 ], [ 22.1701956, 41.309985793775276 ], [ 22.1758604, 41.303796193772456 ], [ 22.1763754, 41.302055293771701 ], [ 22.179122, 41.299218093770428 ], [ 22.1813536, 41.295348993768648 ], [ 22.1840572, 41.294736393768375 ], [ 22.1881771, 41.291576493766911 ], [ 22.1916693, 41.294190293768118 ], [ 22.1953869, 41.291447493766839 ], [ 22.1989169, 41.290010793766193 ], [ 22.2013092, 41.290673593766506 ], [ 22.206974, 41.294349493768188 ], [ 22.2114372, 41.296284093769032 ], [ 22.2162437, 41.295316793768592 ], [ 22.2174454, 41.295703693768814 ], [ 22.2199345, 41.2954457937687 ], [ 22.2213078, 41.295123293768505 ], [ 22.2225952, 41.293898093767922 ], [ 22.2243118, 41.294220493768101 ], [ 22.226457599999989, 41.29351119376777 ], [ 22.2290325, 41.294091593768066 ], [ 22.2296333, 41.294736393768375 ], [ 22.2309208, 41.294478493768239 ], [ 22.2334099, 41.29525229376862 ], [ 22.2346973, 41.294155993768101 ], [ 22.2370148, 41.294865393768418 ], [ 22.2378489, 41.296213593769011 ], [ 22.2416496, 41.296219593769059 ], [ 22.2454262, 41.2954457937687 ], [ 22.2490311, 41.296155093769023 ], [ 22.2533655, 41.299282593770421 ], [ 22.2545671, 41.30224869377178 ], [ 22.256755799999983, 41.305053493773073 ], [ 22.2615623, 41.305569293773267 ], [ 22.2636652, 41.307471293774157 ], [ 22.2640085, 41.308696293774737 ], [ 22.267313, 41.310275893775447 ], [ 22.2696304, 41.310340293775482 ], [ 22.2729778, 41.30930879377501 ], [ 22.2773552, 41.31369279377703 ], [ 22.2813034, 41.315497793777837 ], [ 22.2829771, 41.31494989377758 ], [ 22.2847795, 41.312822393776635 ], [ 22.2871399, 41.311307393775913 ], [ 22.2925709, 41.309904093775287 ], [ 22.2966671, 41.310469293775519 ], [ 22.3032331, 41.315336693777766 ], [ 22.3027182, 41.316819393778403 ], [ 22.3006582, 41.319075593779459 ], [ 22.2974396, 41.320268193779995 ], [ 22.295731, 41.321793093780727 ], [ 22.29568, 41.324876993782105 ], [ 22.2974825, 41.327519693783323 ], [ 22.2963238, 41.330065593784447 ], [ 22.3003578, 41.331096793784972 ], [ 22.306881, 41.328840993783935 ], [ 22.3146057, 41.333223593785938 ], [ 22.3181355, 41.334359593786438 ], [ 22.3195624, 41.334301093786394 ], [ 22.3210001, 41.336155993787301 ], [ 22.3210001, 41.337380393787804 ], [ 22.3187685, 41.340280393789151 ], [ 22.3206139, 41.341214793789575 ], [ 22.3244762, 41.339732593788909 ], [ 22.3262787, 41.33760599378796 ], [ 22.3298836, 41.336639293787499 ], [ 22.333445499999989, 41.338798193788499 ], [ 22.3346472, 41.340602593789328 ], [ 22.337265, 41.342632493790234 ], [ 22.3402691, 41.34301909379041 ], [ 22.342329, 41.341730293789794 ], [ 22.345676399999988, 41.342696893790261 ], [ 22.346921, 41.343953493790806 ], [ 22.3473072, 41.345983193791731 ], [ 22.3485947, 41.346176493791837 ], [ 22.3518562, 41.345274393791392 ], [ 22.3561281, 41.345263093791424 ], [ 22.349925, 41.35348959379516 ], [ 22.3575211, 41.352619793794766 ], [ 22.3604822, 41.355035893795886 ], [ 22.3604393, 41.356743193796653 ], [ 22.3621559, 41.357065293796822 ], [ 22.364645, 41.356163293796392 ], [ 22.3670707, 41.356829193796706 ], [ 22.3652029, 41.36031869379827 ], [ 22.3578215, 41.367726793801623 ], [ 22.357049, 41.36998119380268 ], [ 22.3631001, 41.375166193805036 ], [ 22.3680782, 41.376583093805721 ], [ 22.370438599999986, 41.378289893806453 ], [ 22.3706102, 41.380479593807458 ], [ 22.3692799, 41.385406093809678 ], [ 22.3664474, 41.383731793808956 ], [ 22.3642159, 41.383216593808712 ], [ 22.3582077, 41.38804639381091 ], [ 22.3539162, 41.390493293812042 ], [ 22.3518562, 41.390493293812042 ], [ 22.3480797, 41.389076693811404 ], [ 22.343874, 41.389012293811355 ], [ 22.3422432, 41.38959179381164 ], [ 22.3400974, 41.391652293812591 ], [ 22.3370467, 41.393346193813329 ], [ 22.3370504, 41.394453293813811 ], [ 22.3388529, 41.397479493815219 ], [ 22.338852899999988, 41.401535593817087 ], [ 22.3394537, 41.402630093817521 ], [ 22.3384237, 41.403853293818109 ], [ 22.3383379, 41.405784593819014 ], [ 22.3372221, 41.407007693819544 ], [ 22.3373938, 41.409647093820737 ], [ 22.3343039, 41.414346093822864 ], [ 22.3366213, 41.41795069382453 ], [ 22.3382521, 41.419044893825003 ], [ 22.3379946, 41.420653893825786 ], [ 22.3395824, 41.421844593826314 ], [ 22.3408699, 41.421651493826189 ], [ 22.3412561, 41.422584793826658 ], [ 22.3427153, 41.423357093826986 ], [ 22.3421144, 41.425094793827796 ], [ 22.3441744, 41.427411593828865 ], [ 22.3445177, 41.428763093829446 ], [ 22.3441858, 41.43004629383001 ], [ 22.3346472, 41.442855093835824 ], [ 22.3333597, 41.445621593837146 ], [ 22.333703, 41.447036993837756 ], [ 22.3317376, 41.448719493838482 ], [ 22.3339434, 41.449706493838981 ], [ 22.3371216, 41.448794493838577 ], [ 22.3387908, 41.451077893839575 ], [ 22.3382491, 41.452356693840152 ], [ 22.3398687, 41.455872393841737 ], [ 22.3400525, 41.458007393842756 ], [ 22.3392453, 41.459274893843329 ], [ 22.3407427, 41.461677493844377 ], [ 22.3347788, 41.468196593847352 ], [ 22.3408081, 41.471885293849034 ], [ 22.3444527, 41.477520893851619 ], [ 22.3428574, 41.48113049385325 ], [ 22.3381516, 41.485522693855231 ], [ 22.3297977, 41.487523893856114 ], [ 22.3280811, 41.48874549385669 ], [ 22.322073, 41.489966993857223 ], [ 22.3167086, 41.495399593859695 ], [ 22.3121166, 41.497938893860834 ], [ 22.306366, 41.494081693859115 ], [ 22.2975254, 41.491574393857931 ], [ 22.2954655, 41.489452693857025 ], [ 22.2868824, 41.483665993854395 ], [ 22.2741795, 41.477492893851554 ], [ 22.2716475, 41.473280793849646 ], [ 22.2689867, 41.470579693848464 ], [ 22.2678709, 41.467170993846914 ], [ 22.2639455, 41.462664693844872 ], [ 22.2625065, 41.463858693845381 ], [ 22.2598457, 41.463215493845084 ], [ 22.2545242, 41.463601393845273 ], [ 22.2519922, 41.465756093846267 ], [ 22.2401905, 41.469968693848195 ], [ 22.2292471, 41.477396493851536 ], [ 22.2263718, 41.481222593853268 ], [ 22.2173595, 41.482058493853621 ], [ 22.2126308, 41.488134693856423 ], [ 22.2094631, 41.487845293856282 ], [ 22.2076607, 41.48668799385576 ], [ 22.2054948, 41.48680659385581 ], [ 22.2040987, 41.485369893855157 ], [ 22.2041845, 41.483633793854352 ], [ 22.2031116, 41.481029693853188 ], [ 22.1985626, 41.478778993852174 ], [ 22.1967602, 41.478714693852105 ], [ 22.1942711, 41.476849893851252 ], [ 22.1881771, 41.473763093849875 ], [ 22.1831131, 41.472348293849251 ], [ 22.1816969, 41.470386793848334 ], [ 22.1792078, 41.469293393847842 ], [ 22.1776199, 41.466302793846502 ], [ 22.1757317, 41.46675299384669 ], [ 22.1747446, 41.466334893846515 ], [ 22.1698523, 41.460739093843998 ], [ 22.1680498, 41.459468793843357 ], [ 22.1695518, 41.458262693842855 ], [ 22.1754098, 41.455838393841709 ], [ 22.172899199999989, 41.453502493840695 ], [ 22.1697235, 41.453759793840788 ], [ 22.1674061, 41.453245093840543 ], [ 22.166419, 41.452376693840201 ], [ 22.1667624, 41.450253693839215 ], [ 22.1683931, 41.448066393838239 ], [ 22.1668482, 41.447165693837796 ], [ 22.166290299999989, 41.445653793837138 ], [ 22.165260299999989, 41.446683193837579 ], [ 22.1640587, 41.44674749383762 ], [ 22.1631575, 41.445878993837205 ], [ 22.1632433, 41.444206193836436 ], [ 22.1616125, 41.443305393836056 ], [ 22.1619558, 41.432366793831065 ], [ 22.1592522, 41.431819793830812 ], [ 22.1580505, 41.432527693831155 ], [ 22.1559906, 41.430468393830218 ], [ 22.1550465, 41.430532793830217 ], [ 22.1550894, 41.428827393829437 ], [ 22.154145199999988, 41.428312593829226 ], [ 22.1538877, 41.426961093828595 ], [ 22.1513128, 41.427218493828747 ], [ 22.1519136, 41.426510593828411 ], [ 22.1519136, 41.42425809382739 ], [ 22.1484804, 41.421812393826258 ], [ 22.1461201, 41.418819593824921 ], [ 22.1443605, 41.421233193826019 ], [ 22.1430302, 41.42158719382622 ], [ 22.141614, 41.417113893824144 ], [ 22.1389103, 41.414957593823175 ], [ 22.1355039, 41.413621993822566 ], [ 22.1340609, 41.412286293821964 ], [ 22.1344042, 41.410676993821184 ], [ 22.1305311, 41.408572893820235 ], [ 22.1330738, 41.40633179381922 ], [ 22.139082, 41.405108593818689 ], [ 22.1414852, 41.403885393818129 ], [ 22.1453476, 41.406653693819401 ], [ 22.14715, 41.407039893819572 ], [ 22.1493816, 41.404657993818503 ], [ 22.1563339, 41.403434793817929 ], [ 22.1581793, 41.402243793817362 ], [ 22.1581793, 41.397221893815072 ], [ 22.1609956, 41.393491493813414 ], [ 22.1597242, 41.391748893812618 ], [ 22.1590376, 41.388142893811015 ], [ 22.1594667, 41.385438293809706 ], [ 22.1549177, 41.381445593807911 ], [ 22.1551752, 41.378869493806732 ], [ 22.1494246, 41.372879693803981 ], [ 22.151742, 41.369208293802338 ], [ 22.1504545, 41.367533493801581 ], [ 22.1477092, 41.359678493798022 ] ] ] } },
{ "type": "Feature", "properties": { "admin_id": "2580154", "name_local": "Општина Штип", "name_en": "Municipality of Shtip", "name_en_status": "OSM_NAME_EN", "source_name": "Општина Штип", "source_admin_level": "7", "source_osm_relation_id": "2580154", "source_name_en": "Municipality of Shtip" }, "geometry": { "type": "Polygon", "coordinates": [ [ [ 22.4156887, 41.729086393965098 ], [ 22.4129677, 41.731194793966061 ], [ 22.4088478, 41.732796093966769 ], [ 22.4079144, 41.731967393966428 ], [ 22.4058008, 41.732123493966483 ], [ 22.4038696, 41.729465293965234 ], [ 22.398119, 41.730618293965776 ], [ 22.3967457, 41.730041793965547 ], [ 22.3957157, 41.730618293965762 ], [ 22.3945141, 41.730105893965607 ], [ 22.3932266, 41.731002593965982 ], [ 22.3924541, 41.729977793965539 ], [ 22.3903084, 41.730426093965711 ], [ 22.3880768, 41.729273093965205 ], [ 22.3861027, 41.729465293965241 ], [ 22.3823261, 41.728376393964822 ], [ 22.3782063, 41.728184193964708 ], [ 22.3741722, 41.726198393963756 ], [ 22.3671341, 41.727735793964499 ], [ 22.3610026, 41.730458193965731 ], [ 22.3597097, 41.728536493964853 ], [ 22.3561478, 41.726518693963946 ], [ 22.3513412, 41.725429693963477 ], [ 22.3486805, 41.72607029396378 ], [ 22.3409557, 41.720689193961327 ], [ 22.3374367, 41.72165009396177 ], [ 22.3355377, 41.723151593962434 ], [ 22.33226, 41.721417893961664 ], [ 22.3307419, 41.724596893963088 ], [ 22.324819600000012, 41.720945393961479 ], [ 22.3207855, 41.720881393961427 ], [ 22.3179531, 41.723059493962381 ], [ 22.3144341, 41.722290693962073 ], [ 22.3100862, 41.7264125939639 ], [ 22.3105288, 41.728216193964734 ], [ 22.3093271, 41.735710393968056 ], [ 22.3086727, 41.736402893968375 ], [ 22.3011303, 41.739393093969746 ], [ 22.2964096, 41.74342779397152 ], [ 22.2943068, 41.744228293971922 ], [ 22.2925901, 41.746597793972938 ], [ 22.2919035, 41.75031189397464 ], [ 22.290659, 41.750984193974922 ], [ 22.2873116, 41.751176293975007 ], [ 22.2853374, 41.752264893975479 ], [ 22.274437, 41.751880693975345 ], [ 22.2695017, 41.756330793977355 ], [ 22.2685575, 41.75901989397854 ], [ 22.2664547, 41.759948293978972 ], [ 22.2630215, 41.759820293978926 ], [ 22.261734, 41.760588493979235 ], [ 22.2589874, 41.760716593979296 ], [ 22.2577, 41.759500093978758 ], [ 22.2558975, 41.759820293978926 ], [ 22.2552967, 41.758603793978381 ], [ 22.2533655, 41.757835493978014 ], [ 22.2493744, 41.759692193978836 ], [ 22.2480869, 41.759628193978813 ], [ 22.2448254, 41.76212509397994 ], [ 22.2428968, 41.762801293980232 ], [ 22.2436666, 41.763821693980653 ], [ 22.2434092, 41.76561419398147 ], [ 22.2362852, 41.768558993982829 ], [ 22.2362852, 41.772847993984733 ], [ 22.2271872, 41.78148899398861 ], [ 22.2163296, 41.787728993991408 ], [ 22.2105789, 41.789136893992051 ], [ 22.209608, 41.790104793992484 ], [ 22.2013202, 41.792206793993429 ], [ 22.2004133, 41.791164693992968 ], [ 22.1975327, 41.79176069399319 ], [ 22.1927261, 41.79572809399496 ], [ 22.1910095, 41.796175993995185 ], [ 22.1884346, 41.795920093995058 ], [ 22.187233, 41.797775693995895 ], [ 22.1804523, 41.797391793995715 ], [ 22.1761608, 41.796112093995156 ], [ 22.1695518, 41.797391793995715 ], [ 22.1674061, 41.795344193994808 ], [ 22.1606255, 41.796495993995315 ], [ 22.1512032, 41.792255893993413 ], [ 22.151227, 41.79915139399651 ], [ 22.1555132, 41.804082093998737 ], [ 22.1546817, 41.804310093998794 ], [ 22.1531153, 41.806957194 ], [ 22.1528578, 41.810219994001471 ], [ 22.151227, 41.813994394003117 ], [ 22.1478152, 41.816713094004342 ], [ 22.1514416, 41.81703289400452 ], [ 22.1568489, 41.819591594005651 ], [ 22.1586835, 41.819607594005646 ], [ 22.1611726, 41.821794294006637 ], [ 22.1566343, 41.826211594008612 ], [ 22.1548319, 41.829153594009917 ], [ 22.1533728, 41.829793194010215 ], [ 22.1511412, 41.833822194012008 ], [ 22.1494675, 41.83379029401199 ], [ 22.1462059, 41.837243494013578 ], [ 22.1449184, 41.83788299401381 ], [ 22.1416569, 41.838010894013856 ], [ 22.1408844, 41.837051694013461 ], [ 22.1389961, 41.836859794013357 ], [ 22.1384811, 41.836156394013031 ], [ 22.1374941, 41.836444194013204 ], [ 22.1372044, 41.838954094014312 ], [ 22.1390229, 41.8398652940147 ], [ 22.13552, 41.847378394018087 ], [ 22.1364641, 41.847953794018323 ], [ 22.1365929, 41.849008794018772 ], [ 22.1392965, 41.84980799401913 ], [ 22.1385241, 41.850511294019441 ], [ 22.1418715, 41.855433994021652 ], [ 22.1425581, 41.858949994023192 ], [ 22.145133, 41.861379194024302 ], [ 22.1462917, 41.861986394024569 ], [ 22.1515274, 41.860707994024011 ], [ 22.1559477, 41.862849394024934 ], [ 22.1566464, 41.873014194029494 ], [ 22.1554327, 41.876143794030931 ], [ 22.1540165, 41.877581694031534 ], [ 22.1501487, 41.879255194032282 ], [ 22.1452618, 41.877389994031482 ], [ 22.1383095, 41.875983994030811 ], [ 22.1350479, 41.877262094031408 ], [ 22.1340609, 41.878572194031982 ], [ 22.1270657, 41.883333094034093 ], [ 22.111463199999985, 41.885395794035006 ], [ 22.10917, 41.883556694034233 ], [ 22.1100283, 41.88048939403285 ], [ 22.10951330000001, 41.87850829403196 ], [ 22.103591, 41.874290394030076 ], [ 22.1044493, 41.871797794028979 ], [ 22.1009302, 41.8684742940275 ], [ 22.1005011, 41.863872094025425 ], [ 22.0990849, 41.865246394026045 ], [ 22.0982051, 41.864774994025815 ], [ 22.0984411, 41.863105094025066 ], [ 22.0966387, 41.858502494022986 ], [ 22.0977545, 41.854347194021194 ], [ 22.0993423, 41.852333394020263 ], [ 22.1009302, 41.852493194020326 ], [ 22.1058226, 41.844948694016999 ], [ 22.10814, 41.838618394014183 ], [ 22.1077108, 41.837723094013768 ], [ 22.1088266, 41.833374594011786 ], [ 22.1130659, 41.833591394011933 ], [ 22.1120453, 41.83251119401141 ], [ 22.10814, 41.830496694010534 ], [ 22.0996857, 41.820550994006055 ], [ 22.0974541, 41.820167294005905 ], [ 22.0965958, 41.818632094005217 ], [ 22.0931625, 41.817864494004873 ], [ 22.0880127, 41.815369694003742 ], [ 22.0879269, 41.814026394003143 ], [ 22.0824337, 41.811275594001941 ], [ 22.0782052, 41.807814894000373 ], [ 22.075696, 41.803374393998425 ], [ 22.0683146, 41.795248193994752 ], [ 22.0682287, 41.79211259399333 ], [ 22.0651388, 41.787696993991361 ], [ 22.0645809, 41.787344993991205 ], [ 22.0573711, 41.787664993991356 ], [ 22.0554829, 41.789592893992264 ], [ 22.0486164, 41.788368993991675 ], [ 22.0435953, 41.786544993990859 ], [ 22.0531225, 41.772143793984448 ], [ 22.0546675, 41.767982893982584 ], [ 22.05441, 41.766638493981965 ], [ 22.0578432, 41.762221093979981 ], [ 22.0573282, 41.760300393979094 ], [ 22.0535517, 41.757227193977727 ], [ 22.052865, 41.755498393976978 ], [ 22.0548391, 41.752104793975398 ], [ 22.0521784, 41.748710993973901 ], [ 22.0529509, 41.743011493971331 ], [ 22.0516634, 41.742242993971026 ], [ 22.0522079, 41.732844093966776 ], [ 22.0494747, 41.731258793966092 ], [ 22.0447111, 41.734685593967654 ], [ 22.0444536, 41.735261993967889 ], [ 22.0474577, 41.738592493969371 ], [ 22.0473719, 41.739232993969644 ], [ 22.0451832, 41.741762693970813 ], [ 22.0430374, 41.742915493971331 ], [ 22.0395184, 41.742915493971331 ], [ 22.0311928, 41.741058193970481 ], [ 22.0289183, 41.743139593971385 ], [ 22.0284033, 41.745829293972605 ], [ 22.026386299999988, 41.747206093973219 ], [ 22.0231247, 41.747910493973556 ], [ 22.019446, 41.745859293972657 ], [ 22.0171595, 41.742114893970928 ], [ 22.0182323, 41.74099419397043 ], [ 22.0198631, 41.740481793970211 ], [ 22.0242405, 41.740802093970409 ], [ 22.0258284, 41.738464393969309 ], [ 22.0230818, 41.736799193968537 ], [ 22.0226526, 41.735710393968056 ], [ 22.0211935, 41.734685593967662 ], [ 22.0211077, 41.733532693967078 ], [ 22.019434, 41.732924193966852 ], [ 22.0162582, 41.733436593967035 ], [ 22.0146704, 41.734749593967628 ], [ 22.0140266, 41.737279593968822 ], [ 22.008276, 41.73836839396926 ], [ 22.0082331, 41.737247493968766 ], [ 22.0094347, 41.73628679396834 ], [ 22.0094347, 41.733468593967054 ], [ 22.0051432, 41.730778393965856 ], [ 22.0025682, 41.728024093964656 ], [ 22.0038986, 41.726903093964118 ], [ 22.0091343, 41.725942193963647 ], [ 22.010293, 41.724372693963005 ], [ 22.0100784, 41.723123493962412 ], [ 22.0051861, 41.723251693962489 ], [ 22.0022678, 41.723956293962814 ], [ 21.9991029, 41.721373793961618 ], [ 21.993084, 41.723123493962419 ], [ 21.9886637, 41.726422593963889 ], [ 21.982913, 41.733596693967144 ], [ 21.9781743, 41.734489593967517 ], [ 21.9772482, 41.73218759396655 ], [ 21.977334, 41.730201893965642 ], [ 21.9752312, 41.729209093965153 ], [ 21.9726133, 41.726806993964097 ], [ 21.9731283, 41.724052393962879 ], [ 21.9678926, 41.721746193961771 ], [ 21.967721, 41.718671093960431 ], [ 21.9625282, 41.718959393960574 ], [ 21.9573784, 41.716909293959624 ], [ 21.953001, 41.717655793959985 ], [ 21.9501152, 41.716819593959606 ], [ 21.9498682, 41.714378593958465 ], [ 21.9480658, 41.712007893957448 ], [ 21.9495536, 41.703907893953804 ], [ 21.9515419, 41.703069193953425 ], [ 21.9534302, 41.701146693952559 ], [ 21.9559193, 41.700121393952109 ], [ 21.956563, 41.698807593951521 ], [ 21.9587946, 41.697141393950766 ], [ 21.956563, 41.694770093949664 ], [ 21.9566059, 41.693712593949201 ], [ 21.9597816, 41.692815293948833 ], [ 21.9623566, 41.691277093948109 ], [ 21.9693089, 41.692751293948767 ], [ 21.9736433, 41.688553093946922 ], [ 21.9726133, 41.687014793946211 ], [ 21.9702959, 41.685604593945556 ], [ 21.9700384, 41.683873893944813 ], [ 21.967206, 41.683168793944482 ], [ 21.967206, 41.679643193942894 ], [ 21.9684076, 41.677976393942131 ], [ 21.9681564, 41.675406493940983 ], [ 21.9779778, 41.675171693940918 ], [ 21.9785142, 41.673905493940346 ], [ 21.9809818, 41.672927793939849 ], [ 21.9810677, 41.672222593939551 ], [ 21.9824624, 41.672943893939909 ], [ 21.9826984, 41.673825393940241 ], [ 21.9846725, 41.674274193940441 ], [ 21.9857883, 41.672190593939511 ], [ 21.9877195, 41.672607293939748 ], [ 21.9885778, 41.671934093939441 ], [ 21.9911528, 41.673184293939975 ], [ 21.9929552, 41.672927793939856 ], [ 21.9966459, 41.674017693940357 ], [ 21.9978046, 41.673921593940307 ], [ 21.9984913, 41.672991993939952 ], [ 22.0003366, 41.672479093939643 ], [ 22.0058298, 41.674210093940431 ], [ 22.0092201, 41.672927793939856 ], [ 22.01437, 41.672446993939666 ], [ 22.0176744, 41.670780093938887 ], [ 22.0193052, 41.671260893939113 ], [ 22.0356131, 41.66571489393661 ], [ 22.0364285, 41.664977493936298 ], [ 22.03969, 41.664592793936116 ], [ 22.0535731, 41.657042293932705 ], [ 22.0561266, 41.650404793929731 ], [ 22.064023, 41.640270793925154 ], [ 22.0666838, 41.633663693922188 ], [ 22.068572, 41.631803293921394 ], [ 22.0687437, 41.629044593920085 ], [ 22.0693016, 41.628820093920019 ], [ 22.0738506, 41.628435193919863 ], [ 22.0800734, 41.633086293921913 ], [ 22.0831633, 41.639885993924985 ], [ 22.0831633, 41.64238749392613 ], [ 22.0848799, 41.646364193927937 ], [ 22.0928621, 41.653547193931168 ], [ 22.0963812, 41.659318793933757 ], [ 22.1009409, 41.660072193934099 ], [ 22.1038055, 41.659030193933638 ], [ 22.1055222, 41.659286693933758 ], [ 22.1075821, 41.658837793933557 ], [ 22.110672, 41.657555293932965 ], [ 22.1134615, 41.653547193931168 ], [ 22.1135473, 41.651815693930374 ], [ 22.1154356, 41.650019993929554 ], [ 22.1151781, 41.6457869939277 ], [ 22.1162939, 41.642451693926155 ], [ 22.1214437, 41.632316493921593 ], [ 22.1221304, 41.623783693917765 ], [ 22.1206713, 41.620703893916357 ], [ 22.1189547, 41.609666893911339 ], [ 22.1217012, 41.60395509390878 ], [ 22.1248341, 41.600328793907195 ], [ 22.1278703, 41.59846749390632 ], [ 22.1339321, 41.600200493907131 ], [ 22.1391678, 41.59975119390689 ], [ 22.14921, 41.602896093908313 ], [ 22.1526432, 41.603088693908411 ], [ 22.1538877, 41.604661093909087 ], [ 22.1566772, 41.606233493909826 ], [ 22.159338, 41.605274793909381 ], [ 22.1674919, 41.604243893908922 ], [ 22.1697235, 41.603088693908411 ], [ 22.1725559, 41.603216993908433 ], [ 22.1751308, 41.602254293908047 ], [ 22.1776628, 41.600425093907205 ], [ 22.1787786, 41.59798609390608 ], [ 22.1804953, 41.589898093902455 ], [ 22.1833277, 41.586752593901025 ], [ 22.185216, 41.582836393899285 ], [ 22.186718, 41.581456093898638 ], [ 22.1906662, 41.5804287938982 ], [ 22.1940592, 41.577940893897058 ], [ 22.1957302, 41.578245893897204 ], [ 22.1992922, 41.57442549389544 ], [ 22.206041, 41.56947589389322 ], [ 22.2127247, 41.567715293892462 ], [ 22.2143984, 41.56627039389177 ], [ 22.2164154, 41.562706193890179 ], [ 22.2267151, 41.558917093888461 ], [ 22.2335815, 41.554164293886302 ], [ 22.2396755, 41.551081193884919 ], [ 22.2504902, 41.548768693883829 ], [ 22.2546959, 41.549860693884362 ], [ 22.2577858, 41.552815393885709 ], [ 22.2619057, 41.553843093886123 ], [ 22.2664966, 41.556421493887335 ], [ 22.2693729, 41.559238193888589 ], [ 22.2716475, 41.560297893889043 ], [ 22.274308199999989, 41.564279593890873 ], [ 22.2762823, 41.565949293891634 ], [ 22.2788143, 41.567715293892469 ], [ 22.2801876, 41.567907893892553 ], [ 22.2819901, 41.569962793893431 ], [ 22.2839642, 41.571311293894048 ], [ 22.2854233, 41.571311293894034 ], [ 22.2920322, 41.576126993896246 ], [ 22.2928905, 41.576126993896253 ], [ 22.2943497, 41.577411193896829 ], [ 22.3030186, 41.579465793897711 ], [ 22.3048639, 41.580846093898359 ], [ 22.3064089, 41.583478393899554 ], [ 22.3120737, 41.586559993900984 ], [ 22.3120522, 41.590082693902517 ], [ 22.3140907, 41.591984393903402 ], [ 22.3163223, 41.591470893903185 ], [ 22.320528, 41.592369593903598 ], [ 22.3225021, 41.594231093904405 ], [ 22.3242188, 41.593268193903974 ], [ 22.3283386, 41.593589193904151 ], [ 22.3301786, 41.595145493904838 ], [ 22.3302698, 41.59631719390535 ], [ 22.331214, 41.59715169390573 ], [ 22.3308706, 41.598178593906191 ], [ 22.3348188, 41.604404393908972 ], [ 22.3385096, 41.605495393909464 ], [ 22.3390675, 41.607581193910391 ], [ 22.3415136, 41.607869993910555 ], [ 22.3420286, 41.609345993911219 ], [ 22.3415995, 41.610565293911762 ], [ 22.339797, 41.611142893912067 ], [ 22.3382521, 41.614351393913459 ], [ 22.3395395, 41.615121493913854 ], [ 22.3390675, 41.615602693914028 ], [ 22.3370934, 41.616693593914519 ], [ 22.3346043, 41.617014393914694 ], [ 22.3330593, 41.618490293915343 ], [ 22.3264503, 41.620928493916466 ], [ 22.3249054, 41.622211793917039 ], [ 22.323103, 41.622083393916974 ], [ 22.3200989, 41.624200793917943 ], [ 22.3169231, 41.624264893917925 ], [ 22.3155311, 41.627348493919349 ], [ 22.3204422, 41.629397493920244 ], [ 22.3270941, 41.635267393922909 ], [ 22.3258924, 41.637320093923826 ], [ 22.324862499999988, 41.637576693923926 ], [ 22.3255491, 41.639180393924669 ], [ 22.3201418, 41.645722793927632 ], [ 22.3212006, 41.646888793928163 ], [ 22.3158932, 41.649603093929393 ], [ 22.3138332, 41.649410693929262 ], [ 22.3128462, 41.651174393930077 ], [ 22.3112154, 41.652200493930522 ], [ 22.3099279, 41.654637493931645 ], [ 22.3108721, 41.659511093933808 ], [ 22.312417, 41.661755493934834 ], [ 22.3108721, 41.663486693935624 ], [ 22.3100996, 41.671885993939384 ], [ 22.3088121, 41.673616993940193 ], [ 22.3089838, 41.674899193940718 ], [ 22.3106146, 41.677271293941807 ], [ 22.3140049, 41.678970093942567 ], [ 22.3155928, 41.680604693943337 ], [ 22.3157644, 41.683168793944482 ], [ 22.3168802, 41.685091793945368 ], [ 22.3259354, 41.690379793947727 ], [ 22.3278236, 41.690572093947843 ], [ 22.3298836, 41.691725793948322 ], [ 22.3330003, 41.69476209394972 ], [ 22.3361492, 41.693456293949112 ], [ 22.3382092, 41.69358439394918 ], [ 22.343874, 41.692302593948604 ], [ 22.3473072, 41.69281529394884 ], [ 22.349968, 41.692110293948531 ], [ 22.3528433, 41.689450493947277 ], [ 22.3537874, 41.68733529394634 ], [ 22.3534441, 41.68624559394582 ], [ 22.3542595, 41.685572593945558 ], [ 22.3583794, 41.685508493945541 ], [ 22.3612976, 41.684803393945195 ], [ 22.3648167, 41.685252093945429 ], [ 22.3679119, 41.683601493944664 ], [ 22.3764038, 41.684931593945237 ], [ 22.3833078, 41.681942893943898 ], [ 22.3829216, 41.683024593944474 ], [ 22.3836887, 41.682704093944281 ], [ 22.3845416, 41.683132693944472 ], [ 22.3842734, 41.683849893944824 ], [ 22.3858452, 41.683521393944623 ], [ 22.3891926, 41.6857007939456 ], [ 22.3914242, 41.686277693945854 ], [ 22.3949593, 41.689911093947529 ], [ 22.3938704, 41.691501493948216 ], [ 22.394042, 41.693231893949033 ], [ 22.3953295, 41.694962393949794 ], [ 22.3948145, 41.696372293950382 ], [ 22.3963594, 41.69887169395156 ], [ 22.3964453, 41.701947793952904 ], [ 22.3990631, 41.703645893953656 ], [ 22.4061871, 41.705760593954651 ], [ 22.4128389, 41.71111089395707 ], [ 22.4136972, 41.713097193957921 ], [ 22.412324, 41.715339593958952 ], [ 22.4143839, 41.718478893960324 ], [ 22.4157572, 41.719439893960761 ], [ 22.4144697, 41.722771193962309 ], [ 22.4156887, 41.729086393965098 ] ] ] } },
{ "type": "Feature", "properties": { "admin_id": "2580986", "name_local": "Општина Карбинци", "name_en": "Municipality of Karbinci", "name_en_status": "OSM_NAME_EN", "source_name": "Општина Карбинци", "source_admin_level": "7", "source_osm_relation_id": "2580986", "source_name_en": "Municipality of Karbinci" }, "geometry": { "type": "Polygon", "coordinates": [ [ [ 22.1803558, 41.875336894030546 ], [ 22.1760321, 41.874034694029973 ], [ 22.1730709, 41.872021494029056 ], [ 22.1719551, 41.872532794029276 ], [ 22.169981, 41.872213294029159 ], [ 22.1668911, 41.872660594029377 ], [ 22.1627712, 41.872085394029106 ], [ 22.1607971, 41.873171894029596 ], [ 22.1566464, 41.873014194029494 ], [ 22.1559477, 41.862849394024934 ], [ 22.1515274, 41.860707994024011 ], [ 22.1462917, 41.861986394024569 ], [ 22.145133, 41.861379194024302 ], [ 22.1425581, 41.858949994023192 ], [ 22.1418715, 41.855433994021652 ], [ 22.1385241, 41.850511294019441 ], [ 22.1392965, 41.84980799401913 ], [ 22.1365929, 41.849008794018772 ], [ 22.1364641, 41.847953794018323 ], [ 22.13552, 41.847378394018087 ], [ 22.1390229, 41.8398652940147 ], [ 22.1372044, 41.838954094014312 ], [ 22.1374941, 41.836444194013204 ], [ 22.1384811, 41.836156394013031 ], [ 22.1389961, 41.836859794013357 ], [ 22.1408844, 41.837051694013461 ], [ 22.1416569, 41.838010894013856 ], [ 22.1449184, 41.83788299401381 ], [ 22.1462059, 41.837243494013578 ], [ 22.1494675, 41.83379029401199 ], [ 22.1511412, 41.833822194012008 ], [ 22.1533728, 41.829793194010215 ], [ 22.1548319, 41.829153594009917 ], [ 22.1566343, 41.826211594008612 ], [ 22.1611726, 41.821794294006637 ], [ 22.1586835, 41.819607594005646 ], [ 22.1568489, 41.819591594005651 ], [ 22.1514416, 41.81703289400452 ], [ 22.1478152, 41.816713094004342 ], [ 22.151227, 41.813994394003117 ], [ 22.1528578, 41.810219994001471 ], [ 22.1531153, 41.806957194 ], [ 22.1546817, 41.804310093998794 ], [ 22.1555132, 41.804082093998737 ], [ 22.151227, 41.79915139399651 ], [ 22.1512032, 41.792255893993413 ], [ 22.1606255, 41.796495993995315 ], [ 22.1674061, 41.795344193994808 ], [ 22.1695518, 41.797391793995715 ], [ 22.1761608, 41.796112093995156 ], [ 22.1804523, 41.797391793995715 ], [ 22.187233, 41.797775693995895 ], [ 22.1884346, 41.795920093995058 ], [ 22.1910095, 41.796175993995185 ], [ 22.1927261, 41.79572809399496 ], [ 22.1975327, 41.79176069399319 ], [ 22.2004133, 41.791164693992968 ], [ 22.2013202, 41.792206793993429 ], [ 22.209608, 41.790104793992484 ], [ 22.2105789, 41.789136893992051 ], [ 22.2163296, 41.787728993991408 ], [ 22.2271872, 41.78148899398861 ], [ 22.2362852, 41.772847993984733 ], [ 22.2362852, 41.768558993982829 ], [ 22.2434092, 41.76561419398147 ], [ 22.2436666, 41.763821693980653 ], [ 22.2428968, 41.762801293980232 ], [ 22.2448254, 41.76212509397994 ], [ 22.2480869, 41.759628193978813 ], [ 22.2493744, 41.759692193978836 ], [ 22.2533655, 41.757835493978014 ], [ 22.2552967, 41.758603793978381 ], [ 22.2558975, 41.759820293978926 ], [ 22.2577, 41.759500093978758 ], [ 22.2589874, 41.760716593979296 ], [ 22.261734, 41.760588493979235 ], [ 22.2630215, 41.759820293978926 ], [ 22.2664547, 41.759948293978972 ], [ 22.2685575, 41.75901989397854 ], [ 22.2695017, 41.756330793977355 ], [ 22.274437, 41.751880693975345 ], [ 22.2853374, 41.752264893975479 ], [ 22.2873116, 41.751176293975007 ], [ 22.2912598, 41.750728093974828 ], [ 22.292161, 41.749927693974492 ], [ 22.2925901, 41.746597793972938 ], [ 22.2943068, 41.744228293971922 ], [ 22.2964096, 41.74342779397152 ], [ 22.3011303, 41.739393093969746 ], [ 22.3086727, 41.736402893968375 ], [ 22.3093271, 41.735710393968056 ], [ 22.3105288, 41.728216193964734 ], [ 22.3100862, 41.7264125939639 ], [ 22.3125029, 41.72386019396275 ], [ 22.3144341, 41.722290693962073 ], [ 22.3179531, 41.723059493962381 ], [ 22.3212147, 41.720753193961322 ], [ 22.324819600000012, 41.720945393961479 ], [ 22.3307419, 41.724596893963088 ], [ 22.33226, 41.721417893961664 ], [ 22.3355377, 41.723151593962434 ], [ 22.3374367, 41.72165009396177 ], [ 22.3409557, 41.720689193961327 ], [ 22.3486805, 41.72607029396378 ], [ 22.3513412, 41.725429693963477 ], [ 22.3561478, 41.726518693963946 ], [ 22.3597097, 41.728536493964853 ], [ 22.3610026, 41.730458193965731 ], [ 22.3671341, 41.727735793964499 ], [ 22.3741722, 41.726198393963756 ], [ 22.3782063, 41.728184193964708 ], [ 22.3823261, 41.728376393964822 ], [ 22.3861027, 41.729465293965241 ], [ 22.3880768, 41.729273093965205 ], [ 22.3903084, 41.730426093965711 ], [ 22.3924541, 41.729977793965539 ], [ 22.3932266, 41.731002593965982 ], [ 22.3945141, 41.730105893965607 ], [ 22.3957157, 41.730618293965762 ], [ 22.3967457, 41.730041793965547 ], [ 22.398119, 41.730618293965776 ], [ 22.4038696, 41.729465293965234 ], [ 22.4058008, 41.732123493966483 ], [ 22.4079144, 41.731967393966428 ], [ 22.4088478, 41.732796093966769 ], [ 22.4129677, 41.731194793966061 ], [ 22.4156887, 41.729086393965098 ], [ 22.4197483, 41.730041793965547 ], [ 22.4251382, 41.730495193965744 ], [ 22.4257135, 41.732379793966608 ], [ 22.4279451, 41.733980993967315 ], [ 22.4281168, 41.735197993967859 ], [ 22.4348116, 41.744612593972086 ], [ 22.4348116, 41.747814493973507 ], [ 22.4360132, 41.752745093975719 ], [ 22.4386311, 41.758787793978421 ], [ 22.4369144, 41.757963493978075 ], [ 22.4353266, 41.758699793978394 ], [ 22.4344683, 41.764333793980903 ], [ 22.4362707, 41.766510493981876 ], [ 22.4427509, 41.771791793984256 ], [ 22.4484158, 41.774032193985249 ], [ 22.4502182, 41.77326409398492 ], [ 22.4517632, 41.773648093985102 ], [ 22.4535227, 41.77284799398474 ], [ 22.4541235, 41.774704293985579 ], [ 22.453866, 41.777136593986633 ], [ 22.4554968, 41.779888893987867 ], [ 22.4636936, 41.786832993991013 ], [ 22.4656248, 41.787344993991205 ], [ 22.4685431, 41.793008493993753 ], [ 22.4698729, 41.793791093994152 ], [ 22.4636936, 41.799247393996559 ], [ 22.4605179, 41.797007893995577 ], [ 22.4560547, 41.79700789399557 ], [ 22.4534798, 41.80174279399769 ], [ 22.449789, 41.800527093997076 ], [ 22.4303484, 41.805179793999244 ], [ 22.4253273, 41.80315039399828 ], [ 22.4212933, 41.805773593999469 ], [ 22.4184608, 41.804557993998934 ], [ 22.4158001, 41.804685993998959 ], [ 22.4144697, 41.805421693999286 ], [ 22.4140406, 41.80746899400021 ], [ 22.4131393, 41.807884894000424 ], [ 22.4097061, 41.806669293999882 ], [ 22.406702, 41.806989193999989 ], [ 22.4059296, 41.80609349399964 ], [ 22.4027538, 41.806541393999794 ], [ 22.4014664, 41.807309094000161 ], [ 22.3995781, 41.806541393999794 ], [ 22.3967457, 41.807245094000137 ], [ 22.3966169, 41.804142093998735 ], [ 22.3955441, 41.803726193998543 ], [ 22.3929691, 41.804557993998934 ], [ 22.3899651, 41.806797293999892 ], [ 22.3856735, 41.808460694000622 ], [ 22.3796654, 41.812043194002293 ], [ 22.3766613, 41.813066794002737 ], [ 22.3753309, 41.814250294003259 ], [ 22.3740435, 41.817320794004651 ], [ 22.3709106, 41.818504194005151 ], [ 22.369537399999988, 41.82042309400601 ], [ 22.3643875, 41.820167294005913 ], [ 22.3634005, 41.821990194006737 ], [ 22.3613834, 41.82298159400716 ], [ 22.3544312, 41.824004994007645 ], [ 22.3528862, 41.82496439400807 ], [ 22.3479939, 41.820614994006093 ], [ 22.3461914, 41.821638394006577 ], [ 22.344389, 41.821894294006697 ], [ 22.335720099999989, 41.821382594006465 ], [ 22.3320293, 41.819719494005703 ], [ 22.3303986, 41.819527594005642 ], [ 22.3304522, 41.817728494004797 ], [ 22.329905, 41.817532694004747 ], [ 22.3268795, 41.820231194005935 ], [ 22.3246988, 41.820451094006017 ], [ 22.324605, 41.823461294007387 ], [ 22.323575, 41.824036994007656 ], [ 22.3231459, 41.825699994008374 ], [ 22.321558, 41.826627394008796 ], [ 22.3196697, 41.826499394008763 ], [ 22.3185539, 41.827202994009085 ], [ 22.315464, 41.827522794009177 ], [ 22.3132324, 41.8250283940081 ], [ 22.3116875, 41.824772494007952 ], [ 22.3096275, 41.825667994008349 ], [ 22.3059368, 41.824708594007966 ], [ 22.3019886, 41.827970494009378 ], [ 22.296018, 41.828781894009737 ], [ 22.2935772, 41.830272894010406 ], [ 22.2902298, 41.830784494010636 ], [ 22.288599, 41.832639094011441 ], [ 22.283406299999989, 41.835740694012863 ], [ 22.2838354, 41.836508094013176 ], [ 22.2833204, 41.83759519401373 ], [ 22.2813463, 41.838298594013992 ], [ 22.2802305, 41.841687694015519 ], [ 22.275365, 41.846758994017812 ], [ 22.2710761, 41.845048594017044 ], [ 22.268858, 41.84632339401761 ], [ 22.262764, 41.847090694017922 ], [ 22.2577429, 41.850191594019336 ], [ 22.2579145, 41.851917794020061 ], [ 22.2552538, 41.853324294020709 ], [ 22.2546959, 41.854506994021214 ], [ 22.2492456, 41.857415794022565 ], [ 22.249589, 41.858246794022904 ], [ 22.2489882, 41.858694294023145 ], [ 22.2502756, 41.860164594023765 ], [ 22.2479582, 41.861570894024382 ], [ 22.2484732, 41.862657594024888 ], [ 22.246542, 41.865182494026044 ], [ 22.2451687, 41.864862894025876 ], [ 22.2440314, 41.865877594026315 ], [ 22.2377014, 41.863456594025237 ], [ 22.2342682, 41.863840194025407 ], [ 22.2234535, 41.858214894022922 ], [ 22.2165012, 41.859429494023473 ], [ 22.2136688, 41.859045894023268 ], [ 22.2124243, 41.857257894022474 ], [ 22.2036266, 41.858278794022944 ], [ 22.1995926, 41.856936294022312 ], [ 22.1982193, 41.857383794022525 ], [ 22.1946144, 41.857191994022436 ], [ 22.1940565, 41.859844994023625 ], [ 22.1924686, 41.860963694024122 ], [ 22.1901941, 41.860931694024131 ], [ 22.1910524, 41.864639194025756 ], [ 22.1901083, 41.86617319402648 ], [ 22.1874475, 41.86770729402712 ], [ 22.1833277, 41.8745459940302 ], [ 22.1803558, 41.875336894030546 ] ] ] } },
{ "type": "Feature", "properties": { "admin_id": "2581655", "name_local": "Општина Зрновци", "name_en": "Municipality of Zrnovci", "name_en_status": "OSM_NAME_EN", "source_name": "Општина Зрновци", "source_admin_level": "7", "source_osm_relation_id": "2581655", "source_name_en": "Municipality of Zrnovci" }, "geometry": { "type": "Polygon", "coordinates": [ [ [ 22.3772931, 41.861536594024386 ], [ 22.3756742, 41.860420294023861 ], [ 22.374301, 41.854858594021415 ], [ 22.3761034, 41.852301394020245 ], [ 22.3758459, 41.849616194019063 ], [ 22.3748159, 41.848657094018606 ], [ 22.3755884, 41.841367994015386 ], [ 22.3840857, 41.835548894012781 ], [ 22.3846006, 41.830688594010631 ], [ 22.3899651, 41.828290194009526 ], [ 22.3920679, 41.828514094009627 ], [ 22.3967886, 41.820263194005982 ], [ 22.4078286, 41.806885194 ], [ 22.4097061, 41.806669293999882 ], [ 22.4131393, 41.807884894000424 ], [ 22.4140406, 41.80746899400021 ], [ 22.4144697, 41.805421693999286 ], [ 22.4158001, 41.804685993998959 ], [ 22.4184608, 41.804557993998934 ], [ 22.4212933, 41.805773593999469 ], [ 22.4253273, 41.80315039399828 ], [ 22.4303484, 41.805179793999244 ], [ 22.449789, 41.800527093997076 ], [ 22.4534798, 41.80174279399769 ], [ 22.4560547, 41.79700789399557 ], [ 22.4605179, 41.797007893995577 ], [ 22.4636936, 41.799247393996559 ], [ 22.4698729, 41.793791093994152 ], [ 22.4714613, 41.794544293994434 ], [ 22.4754095, 41.799343393996594 ], [ 22.4739504, 41.800111193996941 ], [ 22.474637, 41.801454893997509 ], [ 22.4745512, 41.803566293998443 ], [ 22.4736929, 41.804717893999012 ], [ 22.4752378, 41.805997493999577 ], [ 22.4743795, 41.806573293999818 ], [ 22.4748087, 41.809196394000978 ], [ 22.4737787, 41.809772194001241 ], [ 22.4728346, 41.812203194002336 ], [ 22.4714613, 41.812778894002612 ], [ 22.4687147, 41.818791994005288 ], [ 22.4732637, 41.821350594006446 ], [ 22.475152, 41.835356994012685 ], [ 22.4768472, 41.839719394014651 ], [ 22.4694872, 41.852429294020325 ], [ 22.4668264, 41.855370094021644 ], [ 22.4656248, 41.858822194023169 ], [ 22.4694014, 41.859781094023596 ], [ 22.4688864, 41.862337994024749 ], [ 22.4701738, 41.864127794025556 ], [ 22.4720192, 41.865438194026119 ], [ 22.4755812, 41.86636499402654 ], [ 22.4743795, 41.868474294027507 ], [ 22.473135, 41.868570094027504 ], [ 22.4715471, 41.869624694028012 ], [ 22.4725771, 41.871414294028789 ], [ 22.4712038, 41.871925594029022 ], [ 22.4713755, 41.872564794029273 ], [ 22.4688005, 41.874801694030303 ], [ 22.4678497, 41.876771894031158 ], [ 22.4639511, 41.875920094030825 ], [ 22.463007, 41.876878694031213 ], [ 22.4608612, 41.87751779403154 ], [ 22.4587154, 41.876750894031183 ], [ 22.453634, 41.880627194032883 ], [ 22.4507332, 41.880457394032817 ], [ 22.4370834, 41.877077394031268 ], [ 22.4344254, 41.875025294030394 ], [ 22.4303055, 41.874641894030219 ], [ 22.4273872, 41.873555394029722 ], [ 22.4271297, 41.8727245940294 ], [ 22.4226665, 41.874833594030306 ], [ 22.4215508, 41.874386194030116 ], [ 22.4179459, 41.874386194030116 ], [ 22.4168301, 41.873427594029657 ], [ 22.4139977, 41.8734914940297 ], [ 22.4129677, 41.871829794028955 ], [ 22.4050713, 41.869976294028163 ], [ 22.4045992, 41.868921694027684 ], [ 22.4020672, 41.868058794027277 ], [ 22.3989639, 41.864870894025877 ], [ 22.3977864, 41.864393494025663 ], [ 22.3957922, 41.867093094026899 ], [ 22.3916817, 41.866013394026375 ], [ 22.3873043, 41.863009194025061 ], [ 22.381897, 41.86249779402479 ], [ 22.3784477, 41.861230294024267 ], [ 22.3772931, 41.861536594024386 ] ] ] } },
{ "type": "Feature", "properties": { "admin_id": "2581719", "name_local": "Општина Чешиново-Облешево", "name_en": "Municipality of Cheshinovo-Obleshevo", "name_en_status": "OSM_NAME_EN", "source_name": "Општина Чешиново-Облешево", "source_admin_level": "7", "source_osm_relation_id": "2581719", "source_name_en": "Municipality of Cheshinovo-Obleshevo" }, "geometry": { "type": "Polygon", "coordinates": [ [ [ 22.2171664, 41.859443894023464 ], [ 22.2181749, 41.860228494023794 ], [ 22.21766, 41.861379194024302 ], [ 22.2186041, 41.863616394025321 ], [ 22.2219944, 41.866013394026368 ], [ 22.225771, 41.866780494026727 ], [ 22.2284746, 41.86636499402654 ], [ 22.2246122, 41.869560794027954 ], [ 22.2262859, 41.871318494028721 ], [ 22.228045500000011, 41.872053494029082 ], [ 22.2280455, 41.87460989403025 ], [ 22.2274876, 41.876175694030927 ], [ 22.226414699999989, 41.8767827940312 ], [ 22.2265917, 41.878588194031998 ], [ 22.2212219, 41.879179294032241 ], [ 22.2195053, 41.880840894033 ], [ 22.2164583, 41.882342594033659 ], [ 22.2160292, 41.884706894034714 ], [ 22.2141409, 41.885345894034977 ], [ 22.2142267, 41.887198994035828 ], [ 22.2118878, 41.889974494037048 ], [ 22.2122526, 41.892054994037977 ], [ 22.2114801, 41.894482894039101 ], [ 22.2094202, 41.896591194039985 ], [ 22.2091627, 41.89818839404073 ], [ 22.2075319, 41.899849494041476 ], [ 22.204442, 41.906109894044263 ], [ 22.2040129, 41.911283794046582 ], [ 22.2051287, 41.912305794046993 ], [ 22.2041685, 41.914437494047945 ], [ 22.2042704, 41.916457394048827 ], [ 22.2054291, 41.917766694049462 ], [ 22.2074032, 41.91648929404888 ], [ 22.2106647, 41.9161060940487 ], [ 22.2162867, 41.914205994047869 ], [ 22.2227669, 41.916297694048758 ], [ 22.2238398, 41.917032194049099 ], [ 22.2236681, 41.918054094049566 ], [ 22.2253847, 41.921247294051014 ], [ 22.2286463, 41.925078994052662 ], [ 22.2286892, 41.926771294053474 ], [ 22.2328091, 41.929133994054489 ], [ 22.2386456, 41.930091794054889 ], [ 22.2408772, 41.932454394055974 ], [ 22.2478294, 41.93283749405613 ], [ 22.2515202, 41.933667594056502 ], [ 22.2544813, 41.937211194058101 ], [ 22.2552431, 41.939509694059105 ], [ 22.257185, 41.937945394058396 ], [ 22.2625923, 41.936732294057897 ], [ 22.2643948, 41.935583094057357 ], [ 22.2673881, 41.935806494057445 ], [ 22.2692871, 41.934944594057114 ], [ 22.2719479, 41.936413094057741 ], [ 22.2741795, 41.936796194057919 ], [ 22.277612699999988, 41.935327694057257 ], [ 22.2827357, 41.934246194056819 ], [ 22.2816038, 41.935167994057153 ], [ 22.2816896, 41.936955794057987 ], [ 22.2802305, 41.937913494058385 ], [ 22.2802305, 41.939956594059311 ], [ 22.2834063, 41.943595594060945 ], [ 22.2882557, 41.946117294062034 ], [ 22.2900528, 41.94607639406199 ], [ 22.2931051, 41.941744194060114 ], [ 22.2955942, 41.939509694059097 ], [ 22.2988987, 41.937179294058048 ], [ 22.301130300000011, 41.936476994057756 ], [ 22.3022032, 41.934529594056883 ], [ 22.3042202, 41.933667594056509 ], [ 22.3113012, 41.93306099405622 ], [ 22.3107862, 41.939701194059168 ], [ 22.314023, 41.943892894061086 ], [ 22.31679440000001, 41.943021094060654 ], [ 22.3162794, 41.941999594060221 ], [ 22.317524, 41.941712294060039 ], [ 22.3182535, 41.940211994059425 ], [ 22.3218584, 41.938041194058449 ], [ 22.3217002, 41.934930594057057 ], [ 22.3279953, 41.935263794057221 ], [ 22.3322868, 41.934306094056844 ], [ 22.3355484, 41.934433794056858 ], [ 22.3373508, 41.935263794057207 ], [ 22.3444748, 41.934689194056951 ], [ 22.3490078, 41.935582994057377 ], [ 22.349291, 41.936056194057571 ], [ 22.3500296, 41.935515194057317 ], [ 22.3506117, 41.930059894054942 ], [ 22.3481226, 41.927441794053728 ], [ 22.3473501, 41.924568094052475 ], [ 22.3459768, 41.923482494051989 ], [ 22.3445177, 41.918437294049731 ], [ 22.3451185, 41.912880694047288 ], [ 22.3440886, 41.905790494044091 ], [ 22.3462343, 41.901702094042314 ], [ 22.3441744, 41.90144659404217 ], [ 22.3442602, 41.898188394040723 ], [ 22.3454618, 41.887135094035798 ], [ 22.3506385, 41.886811594035635 ], [ 22.3516417, 41.883876194034343 ], [ 22.3507833, 41.881575794033317 ], [ 22.3523283, 41.87492949403034 ], [ 22.3510408, 41.872496894029254 ], [ 22.3534012, 41.873299794029634 ], [ 22.3558903, 41.871190594028704 ], [ 22.3572636, 41.871190594028704 ], [ 22.360611, 41.869848394028118 ], [ 22.3619843, 41.869976294028163 ], [ 22.3596239, 41.868218594027347 ], [ 22.3620701, 41.866972194026786 ], [ 22.3669624, 41.867930994027247 ], [ 22.3683116, 41.867605394027116 ], [ 22.36781, 41.867155994026895 ], [ 22.3682499, 41.866396894026543 ], [ 22.3705673, 41.866780494026727 ], [ 22.3711252, 41.865086594025961 ], [ 22.3745155, 41.864031894025487 ], [ 22.3772931, 41.861536594024386 ], [ 22.3756742, 41.860420294023861 ], [ 22.374301, 41.854858594021415 ], [ 22.3761034, 41.852301394020245 ], [ 22.3758459, 41.849616194019063 ], [ 22.3748159, 41.848657094018606 ], [ 22.3755884, 41.841367994015386 ], [ 22.3840857, 41.835548894012781 ], [ 22.3846006, 41.830688594010631 ], [ 22.3899651, 41.828290194009526 ], [ 22.3920679, 41.828514094009627 ], [ 22.3967886, 41.820263194005982 ], [ 22.4078286, 41.806885194 ], [ 22.406702, 41.806989193999989 ], [ 22.4059296, 41.80609349399964 ], [ 22.4044704, 41.80609349399964 ], [ 22.4014664, 41.807309094000161 ], [ 22.3995781, 41.806541393999794 ], [ 22.3967457, 41.807245094000137 ], [ 22.3966169, 41.804142093998735 ], [ 22.396059, 41.803726193998536 ], [ 22.3929691, 41.804557993998934 ], [ 22.3899651, 41.806797293999892 ], [ 22.3766613, 41.813066794002737 ], [ 22.3753309, 41.814250294003259 ], [ 22.3740435, 41.817320794004651 ], [ 22.3709106, 41.818504194005151 ], [ 22.369537399999988, 41.82042309400601 ], [ 22.3643875, 41.820167294005913 ], [ 22.3634005, 41.821990194006737 ], [ 22.3613834, 41.82298159400716 ], [ 22.3544312, 41.824004994007645 ], [ 22.3528862, 41.82496439400807 ], [ 22.3479939, 41.820614994006093 ], [ 22.3461914, 41.821638394006577 ], [ 22.344389, 41.821894294006697 ], [ 22.335720099999989, 41.821382594006465 ], [ 22.3320293, 41.819719494005703 ], [ 22.3303986, 41.819527594005642 ], [ 22.3304522, 41.817728494004797 ], [ 22.329905, 41.817532694004747 ], [ 22.3268795, 41.820231194005935 ], [ 22.3246988, 41.820451094006017 ], [ 22.324605, 41.823461294007387 ], [ 22.323575, 41.824036994007656 ], [ 22.3231459, 41.825699994008374 ], [ 22.321558, 41.826627394008796 ], [ 22.3196697, 41.826499394008763 ], [ 22.3185539, 41.827202994009085 ], [ 22.315464, 41.827522794009177 ], [ 22.3132324, 41.8250283940081 ], [ 22.3116875, 41.824772494007952 ], [ 22.3096275, 41.825667994008349 ], [ 22.3059368, 41.824708594007966 ], [ 22.3019886, 41.827970494009378 ], [ 22.296018, 41.828781894009737 ], [ 22.2935772, 41.830272894010406 ], [ 22.2902298, 41.830784494010636 ], [ 22.288599, 41.832639094011441 ], [ 22.283406299999989, 41.835740694012863 ], [ 22.2838354, 41.836508094013176 ], [ 22.2833204, 41.83759519401373 ], [ 22.2813463, 41.838298594013992 ], [ 22.2802305, 41.841687694015519 ], [ 22.275365, 41.846758994017812 ], [ 22.2710761, 41.845048594017044 ], [ 22.268858, 41.84632339401761 ], [ 22.262764, 41.847090694017922 ], [ 22.2577429, 41.850191594019336 ], [ 22.2579145, 41.851917794020061 ], [ 22.2552538, 41.853324294020709 ], [ 22.2546959, 41.854506994021214 ], [ 22.2492456, 41.857415794022565 ], [ 22.249589, 41.858246794022904 ], [ 22.2489882, 41.858694294023145 ], [ 22.2502756, 41.860164594023765 ], [ 22.2479582, 41.861570894024382 ], [ 22.2484732, 41.862657594024888 ], [ 22.2467566, 41.865022694025953 ], [ 22.2451687, 41.864862894025876 ], [ 22.2440314, 41.865877594026315 ], [ 22.2377014, 41.863456594025237 ], [ 22.2342682, 41.863840194025407 ], [ 22.2234535, 41.858214894022922 ], [ 22.2171664, 41.859443894023464 ] ] ] } },
{ "type": "Feature", "properties": { "admin_id": "2582634", "name_local": "Општина Пробиштип", "name_en": "Municipality of Probishtip", "name_en_status": "OSM_NAME_EN", "source_name": "Општина Пробиштип", "source_admin_level": "7", "source_osm_relation_id": "2582634", "source_name_en": "Municipality of Probishtip" }, "geometry": { "type": "Polygon", "coordinates": [ [ [ 22.2538322, 41.952253494064756 ], [ 22.2552538, 41.945510794061775 ], [ 22.2552431, 41.939509694059105 ], [ 22.2544813, 41.937211194058101 ], [ 22.2515202, 41.933667594056502 ], [ 22.2478294, 41.93283749405613 ], [ 22.2408772, 41.932454394055974 ], [ 22.2386456, 41.930091794054889 ], [ 22.2328091, 41.929133994054489 ], [ 22.2286892, 41.926771294053474 ], [ 22.2286463, 41.925078994052662 ], [ 22.2253847, 41.921247294051014 ], [ 22.2236681, 41.918054094049566 ], [ 22.223668100000012, 41.916776694048991 ], [ 22.2197628, 41.915020294048198 ], [ 22.2162867, 41.914205994047869 ], [ 22.2106647, 41.9161060940487 ], [ 22.2074032, 41.91648929404888 ], [ 22.2058046, 41.917926394049488 ], [ 22.2043562, 41.917096094049178 ], [ 22.2041685, 41.914437494047945 ], [ 22.2051287, 41.912305794046993 ], [ 22.2040129, 41.911283794046582 ], [ 22.204442, 41.906109894044263 ], [ 22.2075319, 41.899849494041476 ], [ 22.2091627, 41.89818839404073 ], [ 22.2094202, 41.896591194039985 ], [ 22.2114801, 41.894482894039101 ], [ 22.2122526, 41.892054994037977 ], [ 22.2118878, 41.889974494037048 ], [ 22.2142267, 41.887198994035828 ], [ 22.2141409, 41.885345894034977 ], [ 22.2162867, 41.884323494034568 ], [ 22.2164583, 41.882342594033659 ], [ 22.2195053, 41.880840894033 ], [ 22.2212219, 41.879179294032241 ], [ 22.2265917, 41.878588194031998 ], [ 22.226414699999989, 41.8767827940312 ], [ 22.227788, 41.875760294030741 ], [ 22.228045500000011, 41.872053494029082 ], [ 22.2262859, 41.871318494028721 ], [ 22.2246122, 41.869560794027954 ], [ 22.2284746, 41.86636499402654 ], [ 22.225771, 41.866780494026727 ], [ 22.2219944, 41.866013394026368 ], [ 22.2186041, 41.863616394025321 ], [ 22.21766, 41.861379194024302 ], [ 22.2181749, 41.860228494023794 ], [ 22.2171664, 41.859443894023464 ], [ 22.2136688, 41.859045894023268 ], [ 22.2124243, 41.857257894022474 ], [ 22.2036266, 41.858278794022944 ], [ 22.1995926, 41.856936294022312 ], [ 22.1982193, 41.857383794022525 ], [ 22.1946144, 41.857191994022436 ], [ 22.1940565, 41.859844994023625 ], [ 22.1924686, 41.860963694024122 ], [ 22.1901941, 41.860931694024131 ], [ 22.1910524, 41.864639194025756 ], [ 22.1894646, 41.866908294026729 ], [ 22.1874475, 41.86770729402712 ], [ 22.1828556, 41.874769694030277 ], [ 22.1794224, 41.875408794030577 ], [ 22.1777058, 41.874258394030072 ], [ 22.1749592, 41.8734914940297 ], [ 22.1730709, 41.872021494029056 ], [ 22.1719551, 41.872532794029276 ], [ 22.169981, 41.872213294029159 ], [ 22.1668911, 41.872660594029377 ], [ 22.1627712, 41.872085394029106 ], [ 22.1607971, 41.873171894029596 ], [ 22.1571064, 41.872876294029446 ], [ 22.1550894, 41.876718894031157 ], [ 22.1506691, 41.879115394032198 ], [ 22.1496391, 41.879179294032241 ], [ 22.1404552, 41.876111794030855 ], [ 22.1383095, 41.875983994030811 ], [ 22.1350479, 41.877262094031408 ], [ 22.1340609, 41.878572194031982 ], [ 22.1270657, 41.883333094034093 ], [ 22.111463199999985, 41.885395794035006 ], [ 22.1114874, 41.888349094036343 ], [ 22.1097708, 41.889818694036975 ], [ 22.1080542, 41.893524494038651 ], [ 22.104578, 41.895025994039337 ], [ 22.1001751, 41.894640594039153 ], [ 22.0980549, 41.898507794040889 ], [ 22.1053505, 41.898731494040938 ], [ 22.1080112, 41.89962589404135 ], [ 22.1209717, 41.899050894041096 ], [ 22.1256065, 41.898348094040806 ], [ 22.1259552, 41.898749394041019 ], [ 22.1245766, 41.8997535940414 ], [ 22.1188259, 41.901797894042367 ], [ 22.1144485, 41.902053494042441 ], [ 22.1060801, 41.907962294045056 ], [ 22.1049643, 41.909878594045935 ], [ 22.1052217, 41.91115609404649 ], [ 22.1069384, 41.913647094047597 ], [ 22.1082902, 41.914114194047812 ], [ 22.1066809, 41.917926294049515 ], [ 22.1031189, 41.92012969405048 ], [ 22.0959949, 41.921087694050918 ], [ 22.0906734, 41.927218294053617 ], [ 22.0849657, 41.929229794054571 ], [ 22.0871973, 41.932997094056212 ], [ 22.0847082, 41.935614994057389 ], [ 22.086339, 41.93823279405855 ], [ 22.0860815, 41.939765094059233 ], [ 22.0842791, 41.942191094060277 ], [ 22.0808029, 41.944776694061474 ], [ 22.076726, 41.945893894061932 ], [ 22.0763183, 41.946779694062315 ], [ 22.0774126, 41.947936694062875 ], [ 22.0774126, 41.951256094064334 ], [ 22.0766401, 41.952788094065028 ], [ 22.0732498, 41.955245594066049 ], [ 22.0708895, 41.956043394066441 ], [ 22.070031199999985, 41.957447694067078 ], [ 22.0629984, 41.963167894069642 ], [ 22.0615768, 41.962968494069578 ], [ 22.0603752, 41.964308694070169 ], [ 22.0567703, 41.965457494070627 ], [ 22.0507622, 41.966478594071098 ], [ 22.0477581, 41.966414794071056 ], [ 22.0400763, 41.971551894073336 ], [ 22.0373726, 41.974582994074709 ], [ 22.0355272, 41.974997694074894 ], [ 22.0354414, 41.977294794075917 ], [ 22.0329523, 41.980548894077316 ], [ 22.0325232, 41.983228694078555 ], [ 22.026515, 41.988715294080983 ], [ 22.0247333, 41.992956594082841 ], [ 22.0294762, 41.994743794083639 ], [ 22.0306778, 41.99601959408421 ], [ 22.0334673, 41.996880694084609 ], [ 22.0355272, 42.001919694086858 ], [ 22.0344543, 42.003609994087597 ], [ 22.0318919, 42.004201994087857 ], [ 22.0305437, 42.005213594088303 ], [ 22.0319802, 42.007825894089464 ], [ 22.0334854, 42.008424494089745 ], [ 22.0330545, 42.009002594089992 ], [ 22.0336946, 42.011872394091242 ], [ 22.0351889, 42.014891994092586 ], [ 22.0343232, 42.015921994093006 ], [ 22.0388746, 42.0200951940949 ], [ 22.0405483, 42.025291794097157 ], [ 22.0430803, 42.023920994096578 ], [ 22.0461273, 42.021147294095321 ], [ 22.0490456, 42.020382194095021 ], [ 22.0505047, 42.019106894094413 ], [ 22.0602894, 42.016364894093229 ], [ 22.0656109, 42.014132994092236 ], [ 22.0667267, 42.01413299409225 ], [ 22.0692158, 42.012666194091551 ], [ 22.0710182, 42.013176394091779 ], [ 22.0725632, 42.011773394091222 ], [ 22.074194, 42.011008094090869 ], [ 22.0751381, 42.011263194090958 ], [ 22.0791855, 42.008467094089731 ], [ 22.0813608, 42.012634294091555 ], [ 22.08076, 42.014674994092502 ], [ 22.082777, 42.014643094092477 ], [ 22.0843649, 42.015631494092915 ], [ 22.0867682, 42.019329994094562 ], [ 22.0888281, 42.020477794095044 ], [ 22.0889997, 42.022008094095689 ], [ 22.0934629, 42.024558594096881 ], [ 22.0940638, 42.029531694099042 ], [ 22.097497, 42.032974294100605 ], [ 22.0987863, 42.034144294101111 ], [ 22.1022606, 42.033834994100957 ], [ 22.1057796, 42.036958694102324 ], [ 22.1093845, 42.038679794103139 ], [ 22.1110157, 42.039313594103362 ], [ 22.1130753, 42.039189794103322 ], [ 22.1155643, 42.03785109410272 ], [ 22.1177101, 42.037532394102612 ], [ 22.1266365, 42.038807294103172 ], [ 22.1315289, 42.041803294104476 ], [ 22.1364212, 42.043269394105167 ], [ 22.1406269, 42.046137694106385 ], [ 22.1466351, 42.047731094107128 ], [ 22.1498108, 42.047858594107183 ], [ 22.1522141, 42.047029994106801 ], [ 22.1529007, 42.04626509410646 ], [ 22.154789, 42.047603594107073 ], [ 22.1558189, 42.04766739410708 ], [ 22.1564627, 42.047253094106914 ], [ 22.1568918, 42.043938694105414 ], [ 22.1582383, 42.042322194104706 ], [ 22.1640587, 42.046902494106781 ], [ 22.1678352, 42.047922294107195 ], [ 22.1756458, 42.046392594106536 ], [ 22.1782207, 42.044699594105772 ], [ 22.1789503, 42.046998094106812 ], [ 22.1799374, 42.047794794107155 ], [ 22.1842289, 42.049133294107733 ], [ 22.1878338, 42.053084794109495 ], [ 22.1925159, 42.051909194108966 ], [ 22.1959019, 42.052447494109202 ], [ 22.1970606, 42.051650794108859 ], [ 22.1989489, 42.049866294108092 ], [ 22.1994638, 42.046998094106797 ], [ 22.2013521, 42.043492494105273 ], [ 22.2017813, 42.040369094103859 ], [ 22.2043991, 42.038424894102981 ], [ 22.2073174, 42.037659894102674 ], [ 22.2097206, 42.035237494101601 ], [ 22.2120381, 42.037661794102696 ], [ 22.2152231, 42.037727694102671 ], [ 22.2180975, 42.039163594103343 ], [ 22.218436, 42.040937594104122 ], [ 22.2204908, 42.043047994105052 ], [ 22.2214855, 42.045180894105975 ], [ 22.223454, 42.044865294105811 ], [ 22.2249927, 42.046141494106415 ], [ 22.2272203, 42.046521294106569 ], [ 22.2303113, 42.045444994106099 ], [ 22.2319057, 42.04266029410487 ], [ 22.235429, 42.040050294103686 ], [ 22.236414, 42.037149894102448 ], [ 22.2401889, 42.035622294101763 ], [ 22.2446884, 42.035592794101753 ], [ 22.2484711, 42.026410894097708 ], [ 22.253928, 42.024783894096963 ], [ 22.2583855, 42.022039794095754 ], [ 22.2627479, 42.020186894094905 ], [ 22.2643518, 42.021370494095436 ], [ 22.2636652, 42.022263194095828 ], [ 22.2640944, 42.023793394096543 ], [ 22.2661543, 42.024622294096879 ], [ 22.2656393, 42.026216294097637 ], [ 22.2673559, 42.026343794097677 ], [ 22.2674417, 42.029722894099166 ], [ 22.2691584, 42.030934194099679 ], [ 22.2700167, 42.032528094100414 ], [ 22.2692442, 42.034631894101338 ], [ 22.2699308, 42.037500494102581 ], [ 22.2690725, 42.041580194104398 ], [ 22.2695017, 42.043874894105421 ], [ 22.2683859, 42.046360794106491 ], [ 22.2689438, 42.047476194106991 ], [ 22.2707033, 42.04795419410722 ], [ 22.2699308, 42.049292594107797 ], [ 22.2707891, 42.050057494108174 ], [ 22.2705317, 42.051204694108641 ], [ 22.2689867, 42.05216069410907 ], [ 22.2671843, 42.055092294110395 ], [ 22.2681284, 42.056175694110806 ], [ 22.2665834, 42.056685494111072 ], [ 22.2671843, 42.05827869411177 ], [ 22.2658968, 42.058660994111975 ], [ 22.264266, 42.061464894113207 ], [ 22.2657251, 42.063376594114025 ], [ 22.2656393, 42.064268594114409 ], [ 22.2675276, 42.066052794115208 ], [ 22.2666693, 42.067964294116081 ], [ 22.2674417, 42.069812094116877 ], [ 22.2686371, 42.070777694117318 ], [ 22.2686005, 42.070226194117083 ], [ 22.2712612, 42.06856959411634 ], [ 22.2743511, 42.068187294116186 ], [ 22.2837067, 42.068824494116434 ], [ 22.2881699, 42.066721794115523 ], [ 22.2923756, 42.068824494116427 ], [ 22.2942638, 42.068250994116191 ], [ 22.2964954, 42.066084594115246 ], [ 22.2985554, 42.06710409411567 ], [ 22.3014736, 42.066466994115409 ], [ 22.3020315, 42.069557194116797 ], [ 22.3026752, 42.069971294116947 ], [ 22.3118591, 42.069716494116861 ], [ 22.3144341, 42.068951894116545 ], [ 22.3209572, 42.070098794117037 ], [ 22.3258495, 42.067486394115875 ], [ 22.328167, 42.067422694115855 ], [ 22.3316002, 42.065638594115043 ], [ 22.336235, 42.064810294114665 ], [ 22.3409557, 42.062834894113799 ], [ 22.3447752, 42.05936199411228 ], [ 22.3452044, 42.057131594111269 ], [ 22.3468351, 42.054901094110271 ], [ 22.3505688, 42.052638594109297 ], [ 22.355032, 42.051746394108896 ], [ 22.3567057, 42.050885994108498 ], [ 22.357564, 42.046042094106362 ], [ 22.361047, 42.042013494104616 ], [ 22.3561818, 42.039071494103283 ], [ 22.3558567, 42.038367094102981 ], [ 22.35495, 42.034299194101173 ], [ 22.3528433, 42.030487994099474 ], [ 22.3540449, 42.027873994098314 ], [ 22.3539591, 42.024558594096874 ], [ 22.35044, 42.023028294096193 ], [ 22.3482084, 42.019266294094486 ], [ 22.3459768, 42.017990894093934 ], [ 22.3431015, 42.014579294092457 ], [ 22.3394108, 42.013558994091987 ], [ 22.3346901, 42.0108805940908 ], [ 22.3330593, 42.011008094090847 ], [ 22.3293686, 42.009094894089984 ], [ 22.326622, 42.008520894089749 ], [ 22.3233175, 42.006639494088894 ], [ 22.3232317, 42.004981194088153 ], [ 22.3214293, 42.003705594087592 ], [ 22.3215151, 42.002366194087003 ], [ 22.3222017, 42.000835394086351 ], [ 22.3245487, 42.000147694086081 ], [ 22.3232746, 41.999974294085938 ], [ 22.3216438, 41.998379694085237 ], [ 22.3198414, 41.998252094085181 ], [ 22.3166656, 41.996721194084557 ], [ 22.3142624, 41.996529894084425 ], [ 22.311717, 41.995264094083893 ], [ 22.3087263, 41.99075679408184 ], [ 22.3061514, 41.988141194080711 ], [ 22.3057222, 41.98482369407926 ], [ 22.3018599, 41.980740394077394 ], [ 22.2989845, 41.978794294076593 ], [ 22.2975683, 41.978507194076435 ], [ 22.2964525, 41.976146294075363 ], [ 22.2932339, 41.973561994074267 ], [ 22.2908306, 41.973370594074126 ], [ 22.2851658, 41.971200994073193 ], [ 22.2794151, 41.967435794071541 ], [ 22.2768261, 41.966971694071319 ], [ 22.2752953, 41.96718059407138 ], [ 22.2720337, 41.969605594072512 ], [ 22.2665459, 41.970638594072966 ], [ 22.2659826, 41.96829739407189 ], [ 22.2683859, 41.964404494070166 ], [ 22.2669268, 41.962489794069313 ], [ 22.2670984, 41.959809194068136 ], [ 22.2657681, 41.958692294067646 ], [ 22.2639656, 41.958564594067546 ], [ 22.2610044, 41.957256194067028 ], [ 22.2615623, 41.954096594065597 ], [ 22.2595024, 41.954096594065589 ], [ 22.258729899999988, 41.95326679406525 ], [ 22.2574425, 41.953266794065264 ], [ 22.2567558, 41.952245494064748 ], [ 22.2538322, 41.952253494064756 ] ] ] } },
{ "type": "Feature", "properties": { "admin_id": "2583425", "name_local": "Општина Македонска Каменица", "name_en": "Municipality of Makedonska Kamenica", "name_en_status": "OSM_NAME_EN", "source_name": "Општина Македонска Каменица", "source_admin_level": "7", "source_osm_relation_id": "2583425", "source_name_en": "Municipality of Makedonska Kamenica" }, "geometry": { "type": "Polygon", "coordinates": [ [ [ 22.6297089, 42.012354294091452 ], [ 22.628274, 42.009254294090084 ], [ 22.6287889, 42.006830794089005 ], [ 22.6275873, 42.004917494088147 ], [ 22.6269847, 41.999647694085802 ], [ 22.6239093, 41.996277094084334 ], [ 22.6234679, 41.994944094083699 ], [ 22.6205613, 41.99531979408394 ], [ 22.6204795, 41.99229579408253 ], [ 22.6185013, 41.992837894082761 ], [ 22.617325199999989, 41.992336194082611 ], [ 22.6182586, 41.988864894081011 ], [ 22.6107216, 41.987152294080261 ], [ 22.6087475, 41.985493594079514 ], [ 22.6047134, 41.985046994079354 ], [ 22.6019669, 41.987216094080289 ], [ 22.6016182, 41.993499894083101 ], [ 22.5975841, 41.992443294082662 ], [ 22.5945854, 41.992818094082807 ], [ 22.5935876, 41.99185319408236 ], [ 22.5916135, 41.983156894078498 ], [ 22.5860828, 41.983105094078468 ], [ 22.5818717, 41.982056294078021 ], [ 22.5811207, 41.979272894076793 ], [ 22.5830412, 41.976521194075588 ], [ 22.5830948, 41.975205094074909 ], [ 22.5819898, 41.97424799407451 ], [ 22.5806081, 41.974042494074482 ], [ 22.5797978, 41.971044194073109 ], [ 22.5779157, 41.970856394073053 ], [ 22.5752306, 41.965425594070631 ], [ 22.572956099999988, 41.964691594070317 ], [ 22.5723124, 41.963574794069828 ], [ 22.5722265, 41.962234494069229 ], [ 22.5737715, 41.960830394068594 ], [ 22.5742865, 41.958468894067522 ], [ 22.565918, 41.956075394066488 ], [ 22.5634289, 41.95747959406706 ], [ 22.5612831, 41.955883894066375 ], [ 22.5587082, 41.956394494066615 ], [ 22.5554466, 41.955628594066269 ], [ 22.5548887, 41.95661789406671 ], [ 22.5564337, 41.960064494068256 ], [ 22.5534725, 41.962266394069232 ], [ 22.5500822, 41.960575094068439 ], [ 22.5497246, 41.958724494067681 ], [ 22.5453186, 41.959011394067808 ], [ 22.5457907, 41.962043094069124 ], [ 22.5439453, 41.962394094069253 ], [ 22.5421858, 41.963510994069793 ], [ 22.5404692, 41.967722994071643 ], [ 22.5426149, 41.970722294072942 ], [ 22.5424433, 41.972955794074004 ], [ 22.5406408, 41.977550094076001 ], [ 22.5386667, 41.978251994076359 ], [ 22.5396109, 41.980357494077253 ], [ 22.5392675, 41.981378394077709 ], [ 22.5408125, 41.988332594080781 ], [ 22.5372076, 41.990118794081603 ], [ 22.5355768, 41.998539194085375 ], [ 22.5341177, 41.999559694085789 ], [ 22.5328302, 42.002366194087003 ], [ 22.5348902, 42.004343394087918 ], [ 22.5298691, 42.008648494089819 ], [ 22.5266075, 42.00979639409028 ], [ 22.5243759, 42.009541294090234 ], [ 22.5229785, 42.010040594090398 ], [ 22.522788, 42.013718394092059 ], [ 22.5240755, 42.01722569409359 ], [ 22.5228739, 42.020987894095271 ], [ 22.5220585, 42.021466094095473 ], [ 22.5196552, 42.021274794095397 ], [ 22.5180244, 42.019553194094605 ], [ 22.5137329, 42.020700994095158 ], [ 22.5078964, 42.025036794097083 ], [ 22.508325599999988, 42.025865594097432 ], [ 22.5114584, 42.026981394097952 ], [ 22.5111151, 42.027873994098321 ], [ 22.512145, 42.031189294099818 ], [ 22.5117159, 42.032273094100226 ], [ 22.5127459, 42.033420594100754 ], [ 22.513175, 42.036608094102192 ], [ 22.5139475, 42.037500494102588 ], [ 22.5132608, 42.039540394103476 ], [ 22.5140333, 42.040496594103921 ], [ 22.5130892, 42.041325194104239 ], [ 22.5142908, 42.044066094105538 ], [ 22.512145, 42.05005749410816 ], [ 22.5054073, 42.052829794109357 ], [ 22.5006866, 42.052319994109155 ], [ 22.4985409, 42.052893594109413 ], [ 22.4968243, 42.052511194109229 ], [ 22.4919319, 42.053594594109676 ], [ 22.4808598, 42.062197694113522 ], [ 22.476182, 42.064141194114391 ], [ 22.4731779, 42.067454594115873 ], [ 22.4712038, 42.0680279941161 ], [ 22.4688864, 42.071022594117416 ], [ 22.4681139, 42.073379994118433 ], [ 22.4689722, 42.075928394119558 ], [ 22.4686289, 42.078540394120772 ], [ 22.4710321, 42.084337294123316 ], [ 22.4764395, 42.091534994126476 ], [ 22.486766, 42.096636194128742 ], [ 22.4869108, 42.104272294132095 ], [ 22.4721479, 42.118916994138537 ], [ 22.4648738, 42.124025894140786 ], [ 22.4572563, 42.123914494140756 ], [ 22.4518858, 42.125830794141628 ], [ 22.4594879, 42.125887994141657 ], [ 22.465066899999989, 42.128306894142675 ], [ 22.467083899999988, 42.132539894144564 ], [ 22.469573, 42.134067494145263 ], [ 22.4694872, 42.13763179414682 ], [ 22.4700022, 42.13826829414711 ], [ 22.4777699, 42.140909594148269 ], [ 22.4815893, 42.14533259415019 ], [ 22.4844646, 42.147146294151 ], [ 22.4890137, 42.1485462941516 ], [ 22.4923611, 42.15058259415251 ], [ 22.4973392, 42.148928094151763 ], [ 22.5036049, 42.150009894152284 ], [ 22.5090981, 42.153064194153608 ], [ 22.5102568, 42.154750394154355 ], [ 22.5132917, 42.155592694154741 ], [ 22.5126645, 42.152763894153431 ], [ 22.5176294, 42.149743894152159 ], [ 22.5242187, 42.14701639415091 ], [ 22.5250022, 42.14371749414952 ], [ 22.5289761, 42.139176394147484 ], [ 22.5317235, 42.138893594147333 ], [ 22.5419333, 42.135177794145697 ], [ 22.5481421, 42.134658294145503 ], [ 22.5535539, 42.128951594142968 ], [ 22.5565885, 42.12850459414279 ], [ 22.5578518, 42.125615294141532 ], [ 22.5626324, 42.123868694140747 ], [ 22.5639219, 42.11990109413896 ], [ 22.567229, 42.116882894137646 ], [ 22.5684676, 42.11701359413771 ], [ 22.578624, 42.111049494135102 ], [ 22.5846235, 42.10842809413392 ], [ 22.5856347, 42.109299894134324 ], [ 22.5899869, 42.110244194134751 ], [ 22.5927433, 42.107912494133728 ], [ 22.5952262, 42.104502694132208 ], [ 22.5956678, 42.102762494131419 ], [ 22.598744, 42.100369394130404 ], [ 22.6002673, 42.097911194129281 ], [ 22.6060807, 42.097750994129242 ], [ 22.6106129, 42.095781894128336 ], [ 22.6120696, 42.094604194127839 ], [ 22.617106, 42.096600994128671 ], [ 22.623915, 42.09479699412794 ], [ 22.6291937, 42.094016294127613 ], [ 22.634287, 42.089350994125503 ], [ 22.637759, 42.088386994125081 ], [ 22.640601, 42.08570899412392 ], [ 22.643048, 42.085523994123839 ], [ 22.646612, 42.081062994121879 ], [ 22.649739, 42.07980299412128 ], [ 22.6505408, 42.076623294119905 ], [ 22.656874, 42.07493499411914 ], [ 22.6612071, 42.072988694118273 ], [ 22.6608896, 42.071404894117592 ], [ 22.6576281, 42.069429794116715 ], [ 22.6559973, 42.066944794115621 ], [ 22.6526499, 42.064141194114377 ], [ 22.6527357, 42.059107094112136 ], [ 22.6517057, 42.054391194110089 ], [ 22.6529074, 42.049866294108092 ], [ 22.6524782, 42.048209094107314 ], [ 22.653594, 42.045787094106267 ], [ 22.6532507, 42.044894794105886 ], [ 22.6542807, 42.043492494105266 ], [ 22.6535082, 42.03864799410308 ], [ 22.6547956, 42.036480594102109 ], [ 22.6522207, 42.032974294100619 ], [ 22.6517057, 42.026088794097518 ], [ 22.6535665, 42.023152794096212 ], [ 22.6494312, 42.021211094095364 ], [ 22.6464272, 42.021338594095447 ], [ 22.6460543, 42.020852394095193 ], [ 22.641964, 42.02159369409555 ], [ 22.636385, 42.019935794094813 ], [ 22.6297089, 42.012354294091452 ] ] ] } },
{ "type": "Feature", "properties": { "admin_id": "2583460", "name_local": "Општина Виница", "name_en": "Municipality of Vinica", "name_en_status": "OSM_NAME_EN", "source_name": "Општина Виница", "source_admin_level": "7", "source_osm_relation_id": "2583460", "source_name_en": "Municipality of Vinica" }, "geometry": { "type": "Polygon", "coordinates": [ [ [ 22.696337700000011, 41.819687494005677 ], [ 22.6981401, 41.813994394003124 ], [ 22.6994276, 41.813162794002771 ], [ 22.6993418, 41.81079579400172 ], [ 22.697711, 41.808684594000766 ], [ 22.6977968, 41.806445393999759 ], [ 22.7001572, 41.805709593999438 ], [ 22.7014446, 41.805901593999536 ], [ 22.7026033, 41.804973893999119 ], [ 22.7028608, 41.800751093997206 ], [ 22.7010584, 41.797743693995898 ], [ 22.7028608, 41.796016093995092 ], [ 22.7032042, 41.794160393994275 ], [ 22.7016592, 41.792816593993706 ], [ 22.7011442, 41.790960793992824 ], [ 22.6998568, 41.789552893992223 ], [ 22.6984835, 41.784497093989948 ], [ 22.6958656, 41.782608993989108 ], [ 22.6944494, 41.782384993989005 ], [ 22.6929045, 41.779952893987883 ], [ 22.6935053, 41.777264593986743 ], [ 22.6960802, 41.774704293985579 ], [ 22.6968527, 41.77201579398438 ], [ 22.6963377, 41.766766593981963 ], [ 22.6946211, 41.765102093981255 ], [ 22.6941919, 41.763757693980622 ], [ 22.688913299999989, 41.759884293978907 ], [ 22.6857805, 41.758379693978227 ], [ 22.680974, 41.753513493976065 ], [ 22.6803732, 41.750952193974889 ], [ 22.6813173, 41.748967093974038 ], [ 22.6808882, 41.747558293973398 ], [ 22.679171599999986, 41.745509093972501 ], [ 22.6782543, 41.742231393971004 ], [ 22.6767683, 41.741602593970761 ], [ 22.6733351, 41.737119393968705 ], [ 22.6719189, 41.736446893968399 ], [ 22.6706314, 41.736510993968423 ], [ 22.6691294, 41.737375593968835 ], [ 22.6690435, 41.742627293971196 ], [ 22.667799, 41.746501693972938 ], [ 22.6644516, 41.746181493972756 ], [ 22.6614475, 41.74413229397183 ], [ 22.6550102, 41.742851393971279 ], [ 22.6533794, 41.74182679397083 ], [ 22.6483154, 41.742275093971017 ], [ 22.6433802, 41.738528493969369 ], [ 22.6426077, 41.736222793968317 ], [ 22.6401186, 41.735454193967968 ], [ 22.6401186, 41.734173193967386 ], [ 22.638058699999988, 41.730394093965707 ], [ 22.6382303, 41.728984893965055 ], [ 22.6372483, 41.727890993964593 ], [ 22.6358271, 41.729048993965115 ], [ 22.6343679, 41.732764093966779 ], [ 22.6294756, 41.738528493969369 ], [ 22.628274, 41.74416429397187 ], [ 22.6269007, 41.745957393972652 ], [ 22.6262999, 41.749735593974371 ], [ 22.6243687, 41.749767593974397 ], [ 22.6218796, 41.748999093974064 ], [ 22.6190472, 41.749383393974192 ], [ 22.6142406, 41.74727019397325 ], [ 22.6123524, 41.747526293973358 ], [ 22.6050836, 41.751972693975404 ], [ 22.602911, 41.752649093975677 ], [ 22.6005507, 41.754922193976697 ], [ 22.5966024, 41.76055649397923 ], [ 22.5946712, 41.761868993979803 ], [ 22.5758744, 41.767626793982402 ], [ 22.5700378, 41.768783093982925 ], [ 22.5641021, 41.771131593983974 ], [ 22.5576782, 41.770447493983681 ], [ 22.5565195, 41.76855899398285 ], [ 22.5550175, 41.768078893982583 ], [ 22.5516701, 41.768206993982687 ], [ 22.547636, 41.769999393983468 ], [ 22.5439453, 41.768655093982836 ], [ 22.5411987, 41.766542493981888 ], [ 22.5382805, 41.76724669398223 ], [ 22.5358772, 41.767182693982193 ], [ 22.5339031, 41.76596629398162 ], [ 22.5304699, 41.765262093981356 ], [ 22.5274229, 41.76372809398066 ], [ 22.5266933, 41.765134093981267 ], [ 22.5222301, 41.764941993981168 ], [ 22.520771, 41.765582193981452 ], [ 22.5193119, 41.764365893980923 ], [ 22.5170803, 41.76423779398084 ], [ 22.5132179, 41.766222393981721 ], [ 22.511158, 41.766222393981728 ], [ 22.510128, 41.765198093981297 ], [ 22.5084114, 41.764749993981098 ], [ 22.5057077, 41.766190393981702 ], [ 22.5054073, 41.767054693982125 ], [ 22.5020599, 41.766926593982092 ], [ 22.5013733, 41.76635049398179 ], [ 22.4997425, 41.766542493981888 ], [ 22.4970818, 41.769679293983273 ], [ 22.4955368, 41.769679293983302 ], [ 22.4927473, 41.771311693984011 ], [ 22.4910307, 41.775088393985754 ], [ 22.4879837, 41.778064693987069 ], [ 22.4839497, 41.778576793987284 ], [ 22.4810314, 41.777872693987014 ], [ 22.4780273, 41.780112893987997 ], [ 22.4756241, 41.780560893988202 ], [ 22.4744225, 41.781520993988593 ], [ 22.4713326, 41.781520993988586 ], [ 22.4707747, 41.782640993989148 ], [ 22.4692297, 41.783601093989532 ], [ 22.4681139, 41.786161093990678 ], [ 22.4656248, 41.787344993991205 ], [ 22.4685431, 41.793008493993753 ], [ 22.4714613, 41.794544293994434 ], [ 22.4754095, 41.799343393996594 ], [ 22.4739504, 41.800111193996941 ], [ 22.474637, 41.801454893997509 ], [ 22.4745512, 41.803566293998443 ], [ 22.4736929, 41.804717893999012 ], [ 22.4752378, 41.805677593999413 ], [ 22.4743795, 41.806573293999818 ], [ 22.4748087, 41.809196394000978 ], [ 22.4737787, 41.809772194001241 ], [ 22.4728346, 41.812203194002336 ], [ 22.4714613, 41.812778894002612 ], [ 22.4687147, 41.818791994005288 ], [ 22.4732637, 41.821350594006446 ], [ 22.475152, 41.835356994012685 ], [ 22.4768472, 41.839719394014651 ], [ 22.4694872, 41.852429294020325 ], [ 22.4668264, 41.855370094021644 ], [ 22.4656248, 41.859013894023228 ], [ 22.469101, 41.859557294023496 ], [ 22.4688864, 41.862337994024749 ], [ 22.4701738, 41.864127794025556 ], [ 22.4720192, 41.865438194026119 ], [ 22.4755812, 41.86636499402654 ], [ 22.4743795, 41.868474294027507 ], [ 22.473135, 41.868570094027504 ], [ 22.4715471, 41.869624694028012 ], [ 22.4725771, 41.871414294028789 ], [ 22.4712038, 41.871925594029022 ], [ 22.4713755, 41.872564794029273 ], [ 22.4688005, 41.874801694030303 ], [ 22.4678497, 41.876771894031158 ], [ 22.4639511, 41.875920094030825 ], [ 22.463007, 41.876878694031213 ], [ 22.4608612, 41.87751779403154 ], [ 22.4587154, 41.876750894031183 ], [ 22.453634, 41.880627194032883 ], [ 22.4527475, 41.880691094032912 ], [ 22.4518061, 41.883940094034358 ], [ 22.4560118, 41.890265994037165 ], [ 22.4590588, 41.892023094037974 ], [ 22.4620628, 41.892342494038111 ], [ 22.4648952, 41.893364794038597 ], [ 22.4661988, 41.894662594039104 ], [ 22.4649811, 41.897070394040227 ], [ 22.4622868, 41.897220094040264 ], [ 22.4639082, 41.900168894041599 ], [ 22.4658823, 41.901510394042205 ], [ 22.4659681, 41.90291589404282 ], [ 22.4671698, 41.904321194043455 ], [ 22.4659681, 41.906301494044342 ], [ 22.4635649, 41.907834594044985 ], [ 22.4613333, 41.912369694047044 ], [ 22.4633074, 41.914860694048151 ], [ 22.4668264, 41.917479294049294 ], [ 22.4674273, 41.918373394049681 ], [ 22.4670839, 41.919267494050096 ], [ 22.4688005, 41.922269094051451 ], [ 22.469058, 41.92405729405224 ], [ 22.4671698, 41.927377894053713 ], [ 22.4665689, 41.930570694055127 ], [ 22.470603, 41.932997094056219 ], [ 22.4704313, 41.934976494057089 ], [ 22.471633, 41.936444994057773 ], [ 22.471633, 41.937530394058221 ], [ 22.4703455, 41.938935094058856 ], [ 22.4728346, 41.940594994059587 ], [ 22.4724054, 41.941680394060086 ], [ 22.4739504, 41.943914794061065 ], [ 22.4742079, 41.945127794061577 ], [ 22.4723089, 41.950988794064223 ], [ 22.4728829, 41.952209594064755 ], [ 22.4737787, 41.952373194064798 ], [ 22.4742079, 41.956617894066703 ], [ 22.4785423, 41.95862849406759 ], [ 22.4787569, 41.959553894068016 ], [ 22.4801731, 41.959777294068139 ], [ 22.4808598, 41.961053794068683 ], [ 22.4830914, 41.960670894068521 ], [ 22.4843788, 41.961117594068718 ], [ 22.485323, 41.962330294069218 ], [ 22.4872112, 41.962521694069359 ], [ 22.4875116, 41.965361694070594 ], [ 22.4895287, 41.966031794070908 ], [ 22.4914598, 41.968105894071847 ], [ 22.4925327, 41.968393094071928 ], [ 22.495451, 41.966478594071091 ], [ 22.4990559, 41.966478594071098 ], [ 22.50103, 41.964436394070162 ], [ 22.5045919, 41.963064194069588 ], [ 22.508111, 41.960319794068347 ], [ 22.5085831, 41.959202894067872 ], [ 22.5106162, 41.958518794067587 ], [ 22.5106859, 41.957639094067204 ], [ 22.5099134, 41.957128494066929 ], [ 22.5107718, 41.956043394066434 ], [ 22.5104284, 41.954064694065615 ], [ 22.5110292, 41.951639094064518 ], [ 22.5129175, 41.948447394063102 ], [ 22.5124884, 41.945319294061697 ], [ 22.514205, 41.944425594061272 ], [ 22.5135183, 41.943212594060789 ], [ 22.5198269, 41.940946194059734 ], [ 22.5211143, 41.939350094059016 ], [ 22.5222301, 41.940307694059427 ], [ 22.5232306, 41.93995059405934 ], [ 22.5243759, 41.941009994059797 ], [ 22.5292683, 41.940882294059733 ], [ 22.5321865, 41.943946794061063 ], [ 22.5357673, 41.944253994061228 ], [ 22.5389242, 41.946276894062123 ], [ 22.5380659, 41.948702694063172 ], [ 22.5396967, 41.95074539406405 ], [ 22.5369501, 41.9542561940657 ], [ 22.5375509, 41.956426394066604 ], [ 22.5386238, 41.957096594066904 ], [ 22.544632, 41.957926394067314 ], [ 22.5468636, 41.957032794066905 ], [ 22.5499105, 41.958927594067745 ], [ 22.5500822, 41.960575094068439 ], [ 22.5529575, 41.962266394069218 ], [ 22.5545025, 41.961883494069056 ], [ 22.5564337, 41.960064494068256 ], [ 22.5548887, 41.95661789406671 ], [ 22.5554466, 41.955628594066269 ], [ 22.5587082, 41.956394494066615 ], [ 22.5612831, 41.955883894066375 ], [ 22.5634289, 41.95747959406706 ], [ 22.565918, 41.956075394066488 ], [ 22.5742865, 41.958468894067522 ], [ 22.5737715, 41.960830394068594 ], [ 22.5722265, 41.962234494069229 ], [ 22.5725698, 41.964340594070158 ], [ 22.5752306, 41.965425594070631 ], [ 22.5775266, 41.970367394072831 ], [ 22.5787175, 41.971125194073139 ], [ 22.5797978, 41.971044194073109 ], [ 22.5806081, 41.974042494074482 ], [ 22.5819898, 41.97424799407451 ], [ 22.5831807, 41.975468294075085 ], [ 22.5812387, 41.978842194076606 ], [ 22.581410399999989, 41.981474094077754 ], [ 22.5825369, 41.982415194078143 ], [ 22.584672, 41.982909694078373 ], [ 22.5916135, 41.983156894078498 ], [ 22.5942421, 41.992678494082725 ], [ 22.5975841, 41.992443294082662 ], [ 22.6016182, 41.993499894083101 ], [ 22.6019669, 41.987216094080289 ], [ 22.6047134, 41.985046994079354 ], [ 22.6087475, 41.985493594079514 ], [ 22.6107216, 41.987152294080261 ], [ 22.6182586, 41.988864894081011 ], [ 22.6199913, 41.988045494080637 ], [ 22.6223516, 41.985525494079539 ], [ 22.6233816, 41.982143994078051 ], [ 22.6262999, 41.98054889407733 ], [ 22.626214, 41.978570994076428 ], [ 22.6276302, 41.977773394076088 ], [ 22.6306343, 41.978347694076369 ], [ 22.6317072, 41.976592994075588 ], [ 22.6308489, 41.975189194074922 ], [ 22.6327801, 41.974901994074813 ], [ 22.6352262, 41.973210994074073 ], [ 22.636342, 41.971360494073281 ], [ 22.642951, 41.966893394071249 ], [ 22.643981, 41.965234094070539 ], [ 22.6443726, 41.964093294070018 ], [ 22.6423931, 41.962776994069493 ], [ 22.6385307, 41.96130909406881 ], [ 22.636385, 41.961755894069015 ], [ 22.6341534, 41.960862294068583 ], [ 22.631793, 41.959362394067945 ], [ 22.6305056, 41.956681694066738 ], [ 22.6305056, 41.955660494066279 ], [ 22.6332521, 41.950873094064136 ], [ 22.6377153, 41.948191994062938 ], [ 22.6398611, 41.944808594061492 ], [ 22.6418352, 41.943084894060696 ], [ 22.6442385, 41.939318094059061 ], [ 22.6438335, 41.937723994058288 ], [ 22.6468563, 41.936668494057884 ], [ 22.6492596, 41.934497594056893 ], [ 22.6514912, 41.933859094056587 ], [ 22.6525211, 41.93283749405613 ], [ 22.6562119, 41.93264589405603 ], [ 22.6588726, 41.931751994055674 ], [ 22.6612102, 41.929465294054658 ], [ 22.6711464, 41.931049594055331 ], [ 22.6749229, 41.930347194055003 ], [ 22.677927, 41.928750794054359 ], [ 22.6844501, 41.927665294053853 ], [ 22.6865959, 41.927856894053924 ], [ 22.6877975, 41.928750794054359 ], [ 22.6889992, 41.92855929405421 ], [ 22.6954365, 41.924536194052443 ], [ 22.6993847, 41.924025294052235 ], [ 22.703805, 41.918373394049681 ], [ 22.7071953, 41.9161060940487 ], [ 22.7085686, 41.9161060940487 ], [ 22.7127743, 41.914637094048018 ], [ 22.7184391, 41.914253894047896 ], [ 22.7323544, 41.908549194045314 ], [ 22.7349722, 41.90395789404328 ], [ 22.730412500000014, 41.900360494041699 ], [ 22.7264804, 41.894403094038999 ], [ 22.7238894, 41.892885594038319 ], [ 22.7246618, 41.887198994035828 ], [ 22.7226877, 41.885793194035223 ], [ 22.7220011, 41.884387394034569 ], [ 22.7247477, 41.879211294032274 ], [ 22.7205849, 41.876367394030986 ], [ 22.7186108, 41.875856194030774 ], [ 22.7163363, 41.873459494029667 ], [ 22.7182245, 41.867195894026914 ], [ 22.7163363, 41.86233799402477 ], [ 22.7164221, 41.860548094023962 ], [ 22.7121305, 41.853452194020768 ], [ 22.7126455, 41.848145594018398 ], [ 22.7118731, 41.846227494017576 ], [ 22.7107143, 41.845364294017138 ], [ 22.705822, 41.843893694016536 ], [ 22.7008867, 41.839833294014689 ], [ 22.7015734, 41.836124394013055 ], [ 22.7008867, 41.833630394011905 ], [ 22.698741, 41.831008294010765 ], [ 22.6972818, 41.830496694010534 ], [ 22.6965952, 41.828386194009589 ], [ 22.696337700000011, 41.819687494005677 ] ] ] } },
{ "type": "Feature", "properties": { "admin_id": "2583474", "name_local": "Општина Делчево", "name_en": "Municipality of Delchevo", "name_en_status": "OSM_NAME_EN", "source_name": "Општина Делчево", "source_admin_level": "7", "source_osm_relation_id": "2583474", "source_name_en": "Municipality of Delchevo" }, "geometry": { "type": "Polygon", "coordinates": [ [ [ 22.6612071, 42.072988694118273 ], [ 22.6608896, 42.071404894117592 ], [ 22.6576281, 42.069429794116715 ], [ 22.6559973, 42.066944794115621 ], [ 22.6526499, 42.064141194114377 ], [ 22.6527357, 42.059107094112136 ], [ 22.6517057, 42.054391194110089 ], [ 22.6529074, 42.049866294108092 ], [ 22.6524782, 42.048209094107314 ], [ 22.653594, 42.045787094106267 ], [ 22.6532507, 42.044894794105886 ], [ 22.6542807, 42.043492494105266 ], [ 22.6535082, 42.03864799410308 ], [ 22.6547956, 42.036480594102109 ], [ 22.6522207, 42.032974294100619 ], [ 22.6517057, 42.026088794097518 ], [ 22.6535665, 42.023152794096212 ], [ 22.6494312, 42.021211094095364 ], [ 22.6464272, 42.021338594095447 ], [ 22.6460543, 42.020852394095193 ], [ 22.641964, 42.02159369409555 ], [ 22.6355696, 42.019343994094498 ], [ 22.6324797, 42.014930094092612 ], [ 22.6301944, 42.013503194091982 ], [ 22.6288748, 42.011167594090949 ], [ 22.628274, 42.009254294090084 ], [ 22.6287889, 42.006830794089005 ], [ 22.6275873, 42.004917494088147 ], [ 22.6269847, 41.999647694085802 ], [ 22.6239093, 41.996277094084334 ], [ 22.6234679, 41.994944094083699 ], [ 22.6205613, 41.99531979408394 ], [ 22.6204795, 41.99229579408253 ], [ 22.6185013, 41.992837894082761 ], [ 22.617325199999989, 41.992336194082611 ], [ 22.6182586, 41.988864894081011 ], [ 22.6208925, 41.987311794080355 ], [ 22.6223516, 41.985525494079539 ], [ 22.6233816, 41.982143994078051 ], [ 22.6262999, 41.98054889407733 ], [ 22.626214, 41.978570994076428 ], [ 22.6276302, 41.977773394076088 ], [ 22.6306343, 41.978347694076369 ], [ 22.6317072, 41.976592994075588 ], [ 22.6308489, 41.975189194074922 ], [ 22.6327801, 41.974901994074813 ], [ 22.6352262, 41.973210994074073 ], [ 22.636342, 41.971360494073281 ], [ 22.642951, 41.966893394071249 ], [ 22.643981, 41.965234094070539 ], [ 22.6443726, 41.964093294070018 ], [ 22.6423931, 41.962776994069493 ], [ 22.6385307, 41.96130909406881 ], [ 22.6354408, 41.961628194068943 ], [ 22.631793, 41.959362394067945 ], [ 22.6305056, 41.955660494066279 ], [ 22.6332521, 41.950873094064136 ], [ 22.6377153, 41.948191994062938 ], [ 22.6398611, 41.944808594061492 ], [ 22.6418352, 41.943084894060696 ], [ 22.6442385, 41.939318094059061 ], [ 22.6438335, 41.937723994058288 ], [ 22.6468563, 41.936668494057884 ], [ 22.6492596, 41.934497594056893 ], [ 22.6514912, 41.933859094056587 ], [ 22.6525211, 41.93283749405613 ], [ 22.6572418, 41.932454394055966 ], [ 22.6592588, 41.931528494055556 ], [ 22.6612102, 41.929465294054658 ], [ 22.6711464, 41.931049594055331 ], [ 22.6749229, 41.930347194055003 ], [ 22.677927, 41.928750794054359 ], [ 22.6844501, 41.927665294053853 ], [ 22.6865959, 41.927856894053924 ], [ 22.6877975, 41.928750794054359 ], [ 22.6889992, 41.92855929405421 ], [ 22.6954365, 41.924536194052443 ], [ 22.6993847, 41.924025294052235 ], [ 22.703805, 41.918373394049681 ], [ 22.7071953, 41.9161060940487 ], [ 22.7085686, 41.9161060940487 ], [ 22.7127743, 41.914637094048018 ], [ 22.7184391, 41.914253894047896 ], [ 22.7323544, 41.908549194045314 ], [ 22.7349722, 41.90395789404328 ], [ 22.730412500000014, 41.900360494041699 ], [ 22.7264804, 41.894403094038999 ], [ 22.7238894, 41.892885594038319 ], [ 22.7246618, 41.887198994035828 ], [ 22.7226877, 41.885793194035223 ], [ 22.7220011, 41.884387394034569 ], [ 22.7247477, 41.879211294032274 ], [ 22.7205849, 41.876367394030986 ], [ 22.7186108, 41.875856194030774 ], [ 22.7163363, 41.873459494029667 ], [ 22.7182245, 41.867195894026914 ], [ 22.7163363, 41.86233799402477 ], [ 22.7164221, 41.860548094023962 ], [ 22.7121305, 41.853452194020768 ], [ 22.7126455, 41.848145594018398 ], [ 22.7118731, 41.846227494017576 ], [ 22.7107143, 41.845364294017138 ], [ 22.705822, 41.843893694016536 ], [ 22.7008867, 41.839833294014689 ], [ 22.7015734, 41.836124394013055 ], [ 22.7008867, 41.833630394011905 ], [ 22.698741, 41.831008294010765 ], [ 22.6972818, 41.830496694010534 ], [ 22.6965952, 41.828386194009589 ], [ 22.6967508, 41.817498694004733 ], [ 22.6982689, 41.81758959400473 ], [ 22.7017021, 41.819143794005427 ], [ 22.7061653, 41.818184294004993 ], [ 22.7131176, 41.821254594006454 ], [ 22.7156925, 41.820998794006272 ], [ 22.7185249, 41.818504194005158 ], [ 22.7232456, 41.817288794004611 ], [ 22.7254772, 41.817608594004746 ], [ 22.7319145, 41.815369694003742 ], [ 22.7333736, 41.815433694003779 ], [ 22.7392101, 41.812427094002445 ], [ 22.7432442, 41.811147594001874 ], [ 22.7496815, 41.813642494002963 ], [ 22.7504969, 41.814698094003433 ], [ 22.7501535, 41.817000894004508 ], [ 22.752943, 41.817992394004946 ], [ 22.7542734, 41.8165531940043 ], [ 22.7549601, 41.812842894002628 ], [ 22.7571917, 41.809772194001255 ], [ 22.7592087, 41.808396694000642 ], [ 22.7674484, 41.809036494000893 ], [ 22.777319, 41.803406293998428 ], [ 22.7835846, 41.80225469399786 ], [ 22.7855587, 41.802510593998015 ], [ 22.7875315, 41.803127393998302 ], [ 22.7855158, 41.8067012939999 ], [ 22.7837133, 41.808364694000652 ], [ 22.783713299999988, 41.809260394001008 ], [ 22.7892494, 41.81479399400348 ], [ 22.790966, 41.813130794002781 ], [ 22.7925968, 41.813322694002835 ], [ 22.7962017, 41.812363094002379 ], [ 22.8067589, 41.813322694002835 ], [ 22.8088617, 41.814378194003346 ], [ 22.8098917, 41.816105394004083 ], [ 22.8116083, 41.817000894004501 ], [ 22.8115675, 41.818856394005309 ], [ 22.8155136, 41.819015894005368 ], [ 22.8182602, 41.820295194005951 ], [ 22.820186, 41.818787994005298 ], [ 22.821157, 41.818799994005282 ], [ 22.8247833, 41.821574494006526 ], [ 22.8264999, 41.821958194006683 ], [ 22.8307915, 41.8224059940069 ], [ 22.8324223, 41.821510494006496 ], [ 22.8367138, 41.821446494006459 ], [ 22.8419495, 41.82266179400704 ], [ 22.8402328, 41.824516694007848 ], [ 22.8357267, 41.826979094008962 ], [ 22.8386021, 41.828993794009847 ], [ 22.8434515, 41.830560694010515 ], [ 22.8470564, 41.833630394011898 ], [ 22.8473139, 41.835101194012573 ], [ 22.8496313, 41.836891794013361 ], [ 22.8510904, 41.8396414940146 ], [ 22.8548348, 41.841779594015556 ], [ 22.8540945, 41.84469299401686 ], [ 22.8545237, 41.848657094018598 ], [ 22.8534079, 41.850639094019492 ], [ 22.85458, 41.851733694019998 ], [ 22.8520346, 41.854794694021351 ], [ 22.8517771, 41.857032194022395 ], [ 22.857399, 41.858406594022988 ], [ 22.8604031, 41.858598394023076 ], [ 22.8607035, 41.860292394023809 ], [ 22.8640079, 41.861411094024334 ], [ 22.8658104, 41.863009194025061 ], [ 22.8682995, 41.862881294024966 ], [ 22.8759384, 41.864287594025605 ], [ 22.8864098, 41.868761894027578 ], [ 22.8880835, 41.870199994028219 ], [ 22.8894567, 41.874929494030333 ], [ 22.8920317, 41.876463294031034 ], [ 22.892761199999988, 41.877581694031534 ], [ 22.8967953, 41.877965094031715 ], [ 22.9016111, 41.877638094031539 ], [ 22.90112, 41.879339994032314 ], [ 22.901849, 41.881609994033333 ], [ 22.900527, 41.883030994034009 ], [ 22.900762, 41.884661994034701 ], [ 22.899538, 41.885798994035184 ], [ 22.899057, 41.887587994035989 ], [ 22.899613, 41.889477994036838 ], [ 22.901725, 41.89126999403765 ], [ 22.901182, 41.892405994038135 ], [ 22.897697, 41.894111994038923 ], [ 22.89695, 41.897552994040424 ], [ 22.897815, 41.900492994041741 ], [ 22.899396, 41.902494994042641 ], [ 22.899335, 41.903909994043268 ], [ 22.896233, 41.906553994044451 ], [ 22.895727, 41.908765994045453 ], [ 22.89354, 41.910479994046213 ], [ 22.894442, 41.912950994047279 ], [ 22.894157, 41.915076994048214 ], [ 22.890852, 41.919595994050262 ], [ 22.884872, 41.920373994050571 ], [ 22.882506, 41.921995994051322 ], [ 22.879355, 41.925442994052858 ], [ 22.879528, 41.92837099405412 ], [ 22.877872, 41.93254199405601 ], [ 22.873801, 41.93598899405751 ], [ 22.875543, 41.938842994058831 ], [ 22.877594, 41.940374994059496 ], [ 22.877335, 41.941511994060029 ], [ 22.878064, 41.942481994060451 ], [ 22.877767, 41.943173994060757 ], [ 22.875098, 41.944656994061397 ], [ 22.874938, 41.945768994061893 ], [ 22.876, 41.947745994062778 ], [ 22.875024, 41.948770994063217 ], [ 22.873711, 41.954673994065843 ], [ 22.874889, 41.958756994067649 ], [ 22.876124, 41.959764994068124 ], [ 22.876779, 41.96701499407132 ], [ 22.876054, 41.969865994072592 ], [ 22.87855, 41.975715994075181 ], [ 22.877554, 41.976925994075749 ], [ 22.874713, 41.97797299407619 ], [ 22.873962, 41.97897499407663 ], [ 22.875242, 41.983419994078595 ], [ 22.874534, 41.985195994079412 ], [ 22.875682, 41.988837994080974 ], [ 22.87511, 41.990945994081954 ], [ 22.873805, 41.992086994082456 ], [ 22.875387, 41.994488994083532 ], [ 22.875661, 41.996795994084557 ], [ 22.871719, 41.998055994085092 ], [ 22.868902, 42.000421994086167 ], [ 22.865801, 42.000656994086235 ], [ 22.86349, 42.001854994086791 ], [ 22.866029, 42.00851199408973 ], [ 22.87007, 42.010550994090657 ], [ 22.868167, 42.014979994092592 ], [ 22.86808, 42.019409994094588 ], [ 22.867079, 42.02074399409517 ], [ 22.867129, 42.022066994095773 ], [ 22.864163, 42.022838994096062 ], [ 22.859332, 42.02249299409592 ], [ 22.8567, 42.024815994096969 ], [ 22.854773, 42.024531994096868 ], [ 22.852351, 42.025161994097168 ], [ 22.848354, 42.022900994096098 ], [ 22.84503, 42.022838994096062 ], [ 22.8402871, 42.023865794096537 ], [ 22.8378948, 42.023335394096335 ], [ 22.8343707, 42.021102094095319 ], [ 22.8321896, 42.020883794095212 ], [ 22.8305285, 42.021547694095496 ], [ 22.8275587, 42.021739394095597 ], [ 22.8247213, 42.022860694096096 ], [ 22.8203815, 42.026536394097732 ], [ 22.8148299, 42.028738794098722 ], [ 22.8123313, 42.03117669409977 ], [ 22.81238, 42.032689594100454 ], [ 22.811348, 42.03406699410106 ], [ 22.8050369, 42.039073594103279 ], [ 22.8045492, 42.043078894105051 ], [ 22.8006556, 42.044184994105549 ], [ 22.799167, 42.045786994106251 ], [ 22.798509, 42.045952994106294 ], [ 22.7979145, 42.045405294106082 ], [ 22.7966678, 42.04125609410427 ], [ 22.7934323, 42.039386794103436 ], [ 22.7922484, 42.038060794102833 ], [ 22.7873828, 42.037343694102503 ], [ 22.7837857, 42.038064194102816 ], [ 22.781626, 42.037032294102353 ], [ 22.7786611, 42.037023794102396 ], [ 22.7763831, 42.038600694103103 ], [ 22.772427, 42.039453994103475 ], [ 22.771129, 42.040738994104053 ], [ 22.7640943, 42.042814594104968 ], [ 22.754863, 42.043654994105289 ], [ 22.751934, 42.045063994105895 ], [ 22.749945, 42.046768994106699 ], [ 22.748771, 42.046212994106398 ], [ 22.745831, 42.046212994106412 ], [ 22.742087, 42.044396994105611 ], [ 22.734383, 42.046972994106767 ], [ 22.7306547, 42.050912794108541 ], [ 22.730281, 42.053496994109658 ], [ 22.728155, 42.055757994110664 ], [ 22.728081, 42.058154994111732 ], [ 22.723287, 42.059396994112248 ], [ 22.7219292, 42.061511594113213 ], [ 22.718308, 42.063721994114196 ], [ 22.717146, 42.065562994114991 ], [ 22.717035, 42.068162994116122 ], [ 22.712204, 42.067841994115987 ], [ 22.703975, 42.065111994114837 ], [ 22.700379, 42.065407994114942 ], [ 22.6993688, 42.063995994114336 ], [ 22.697457, 42.063251994113962 ], [ 22.694924, 42.063510994114111 ], [ 22.691971, 42.062626394113707 ], [ 22.690847, 42.063699994114145 ], [ 22.688746, 42.064477994114526 ], [ 22.686374, 42.063872994114242 ], [ 22.684249, 42.064255994114419 ], [ 22.682587, 42.063390994114066 ], [ 22.680597, 42.063353994114003 ], [ 22.674209, 42.065651994115051 ], [ 22.6714885, 42.068880094116452 ], [ 22.669304, 42.07027599411709 ], [ 22.665634, 42.070343994117131 ], [ 22.6612071, 42.072988694118273 ] ] ] } },
{ "type": "Feature", "properties": { "admin_id": "2583788", "name_local": "Општина Пехчево", "name_en": "Municipality of Pehchevo", "name_en_status": "OSM_NAME_EN", "source_name": "Општина Пехчево", "source_admin_level": "7", "source_osm_relation_id": "2583788", "source_name_en": "Municipality of Pehchevo" }, "geometry": { "type": "Polygon", "coordinates": [ [ [ 22.902615, 41.875781994030731 ], [ 22.907125, 41.875249994030483 ], [ 22.9114, 41.877992994031686 ], [ 22.91439, 41.876448994031051 ], [ 22.9162824, 41.876787894031189 ], [ 22.916083, 41.874956994030356 ], [ 22.918443, 41.873560994029738 ], [ 22.920321, 41.869766994028062 ], [ 22.9240331, 41.866991494026799 ], [ 22.925158, 41.863761994025339 ], [ 22.927846, 41.862192994024682 ], [ 22.927043, 41.860425994023878 ], [ 22.927265, 41.85869599402313 ], [ 22.930539, 41.855470994021672 ], [ 22.9307, 41.851591994019969 ], [ 22.93133, 41.850503994019448 ], [ 22.93374, 41.847933994018334 ], [ 22.937014, 41.847072994017928 ], [ 22.935865, 41.844934994016981 ], [ 22.93589, 41.841796994015581 ], [ 22.937162, 41.840594994015056 ], [ 22.937805, 41.838518994014102 ], [ 22.940387, 41.83609699401304 ], [ 22.940523, 41.833514994011871 ], [ 22.943291, 41.82801299400942 ], [ 22.940783, 41.821893994006658 ], [ 22.940918, 41.816318994004142 ], [ 22.941907, 41.814810994003523 ], [ 22.944465, 41.813908994003114 ], [ 22.945317, 41.812642994002509 ], [ 22.945503, 41.810245994001448 ], [ 22.947424, 41.80477199399904 ], [ 22.952613, 41.801855993997698 ], [ 22.953132, 41.798253993996099 ], [ 22.955647, 41.793932993994154 ], [ 22.959718, 41.790172993992478 ], [ 22.96345, 41.789464893992168 ], [ 22.964945, 41.788035993991556 ], [ 22.964586, 41.783994993989751 ], [ 22.965606, 41.779111993987506 ], [ 22.962733, 41.776139993986185 ], [ 22.96463, 41.773075993984826 ], [ 22.967471, 41.772025993984357 ], [ 22.970381, 41.769692993983277 ], [ 22.973371, 41.772065993984377 ], [ 22.976979, 41.770360993983594 ], [ 22.983021, 41.769152993983091 ], [ 22.988767, 41.77124099398398 ], [ 22.989805, 41.770387993983583 ], [ 22.990447, 41.768621993982862 ], [ 22.9953275, 41.766454493981875 ], [ 22.996953, 41.767969993982518 ], [ 23.000165, 41.769550993983252 ], [ 23.003155, 41.768191993982633 ], [ 23.0083227, 41.76910629398305 ], [ 23.011137, 41.761315993979579 ], [ 23.01262, 41.760302993979131 ], [ 23.013633, 41.758387993978282 ], [ 23.015894, 41.757312993977742 ], [ 23.015585, 41.750022993974497 ], [ 23.017414, 41.74815699397368 ], [ 23.021183, 41.747514993973397 ], [ 23.024272, 41.738518993969365 ], [ 23.027002, 41.736517993968455 ], [ 23.028238, 41.732476993966607 ], [ 23.031012, 41.729656993965392 ], [ 23.030147, 41.727580993964459 ], [ 23.031222, 41.724467993963025 ], [ 23.033372, 41.722379993962122 ], [ 23.0332062, 41.720593293961301 ], [ 23.030802, 41.718795993960512 ], [ 23.030678, 41.716794993959581 ], [ 23.032136, 41.712265993957509 ], [ 23.0335418, 41.711405093957175 ], [ 23.0341407, 41.7097055939564 ], [ 23.031142, 41.707162993955258 ], [ 23.029375, 41.706680993955061 ], [ 23.026595, 41.70239399395313 ], [ 23.0237874, 41.702904193953323 ], [ 23.022461, 41.702560993953192 ], [ 23.0167617, 41.69455399394959 ], [ 23.0114651, 41.690700293947856 ], [ 23.0098343, 41.69050799394779 ], [ 23.0052853, 41.692046193948464 ], [ 23.003397, 41.6914052939482 ], [ 22.9997921, 41.691597593948252 ], [ 22.9955864, 41.690123393947609 ], [ 22.993269, 41.690764393947923 ], [ 22.9909945, 41.692078293948505 ], [ 22.9899216, 41.696532593950515 ], [ 22.9879475, 41.695955793950205 ], [ 22.9847717, 41.696212093950379 ], [ 22.9838705, 41.698615393951428 ], [ 22.9817247, 41.699576693951876 ], [ 22.9809093, 41.701018593952526 ], [ 22.9741287, 41.703453693953577 ], [ 22.9716396, 41.703261393953525 ], [ 22.969923, 41.704414893954066 ], [ 22.9682064, 41.704735293954201 ], [ 22.9649019, 41.709124593956155 ], [ 22.965889, 41.711975893957401 ], [ 22.9641724, 41.711975893957408 ], [ 22.962112399999988, 41.712808793957819 ], [ 22.9596233, 41.712488493957657 ], [ 22.9581642, 41.713129193957947 ], [ 22.9513836, 41.713513593958112 ], [ 22.9482937, 41.715243493958894 ], [ 22.9458904, 41.715435693958959 ], [ 22.942028, 41.7170373939597 ], [ 22.9394102, 41.718478893960324 ], [ 22.9373932, 41.720560993961293 ], [ 22.929153399999986, 41.720881393961427 ], [ 22.9271793, 41.719920393960962 ], [ 22.9252911, 41.719856293960952 ], [ 22.9203129, 41.722803193962321 ], [ 22.916965500000011, 41.721842293961842 ], [ 22.9153347, 41.722482893962145 ], [ 22.9135752, 41.721810293961816 ], [ 22.9130173, 41.720304793961191 ], [ 22.9120731, 41.720304793961191 ], [ 22.9110432, 41.719279693960715 ], [ 22.9096699, 41.719407893960749 ], [ 22.9087257, 41.7179343939601 ], [ 22.906065, 41.718254693960226 ], [ 22.9055071, 41.718735193960505 ], [ 22.9056787, 41.720849293961422 ], [ 22.9043662, 41.722937693962329 ], [ 22.9055929, 41.728216193964734 ], [ 22.9025888, 41.732251593966495 ], [ 22.8969669, 41.736895293968608 ], [ 22.8822899, 41.740545893970264 ], [ 22.8816032, 41.741314393970576 ], [ 22.880187, 41.741410493970655 ], [ 22.8780842, 41.743812093971684 ], [ 22.8730202, 41.744388393971974 ], [ 22.8717327, 41.745092893972291 ], [ 22.8688145, 41.745092893972284 ], [ 22.8676987, 41.745925393972676 ], [ 22.8618622, 41.745733193972562 ], [ 22.857061, 41.749703493974373 ], [ 22.8556824, 41.749959693974446 ], [ 22.8535366, 41.748678993973925 ], [ 22.8515625, 41.748678993973925 ], [ 22.8504467, 41.748806993973979 ], [ 22.849502599999987, 41.749703493974373 ], [ 22.8477859, 41.749319293974196 ], [ 22.8440952, 41.75079209397483 ], [ 22.8420353, 41.747782493973531 ], [ 22.8398895, 41.748422793973795 ], [ 22.8386879, 41.749831593974434 ], [ 22.8375721, 41.74963949397435 ], [ 22.8360271, 41.750279793974642 ], [ 22.8350455, 41.748698993973889 ], [ 22.8330714, 41.74827069397373 ], [ 22.8304482, 41.745861293972645 ], [ 22.8287745, 41.745188893972291 ], [ 22.827272399999988, 41.742723293971231 ], [ 22.8258133, 41.742723293971238 ], [ 22.8240967, 41.742082893970938 ], [ 22.8236675, 41.741314393970576 ], [ 22.8219938, 41.740962193970418 ], [ 22.8218222, 41.739168893969605 ], [ 22.818084, 41.735569393968007 ], [ 22.8150845, 41.73516599396784 ], [ 22.813882799999988, 41.736895293968608 ], [ 22.8119087, 41.736703093968494 ], [ 22.810707099999988, 41.737151493968717 ], [ 22.8104925, 41.739232993969644 ], [ 22.8095055, 41.740225693970089 ], [ 22.8074455, 41.741058193970474 ], [ 22.804231, 41.74124379397059 ], [ 22.8038836, 41.743075593971405 ], [ 22.8015661, 41.746597793972938 ], [ 22.8022957, 41.74714209397321 ], [ 22.8042698, 41.746629793972978 ], [ 22.8068018, 41.747558293973398 ], [ 22.806716, 41.749671493974361 ], [ 22.8081322, 41.751048293974954 ], [ 22.8104925, 41.751336393975066 ], [ 22.811865799999989, 41.753961693976272 ], [ 22.8116941, 41.76081259397936 ], [ 22.8069735, 41.763565593980616 ], [ 22.8055143, 41.765422193981394 ], [ 22.806201, 41.766382493981816 ], [ 22.8046131, 41.767054693982132 ], [ 22.8035831, 41.766990593982136 ], [ 22.801652, 41.765102093981262 ], [ 22.8011717, 41.762571493980147 ], [ 22.7978754, 41.764269793980894 ], [ 22.7992487, 41.769775293983336 ], [ 22.7973604, 41.77201579398438 ], [ 22.7982187, 41.774448293985472 ], [ 22.7977037, 41.778096693987067 ], [ 22.7955151, 41.779728893987823 ], [ 22.7937984, 41.780240893988051 ], [ 22.787447, 41.780880993988333 ], [ 22.7870607, 41.782064993988847 ], [ 22.7858162, 41.78299309398929 ], [ 22.7840567, 41.783089093989311 ], [ 22.7847433, 41.78398509398972 ], [ 22.7843571, 41.78452909398996 ], [ 22.7829812, 41.784841793990132 ], [ 22.7853441, 41.786417093990821 ], [ 22.7863741, 41.78852899399174 ], [ 22.7868891, 41.791920693993255 ], [ 22.7851725, 41.794800293994541 ], [ 22.7876616, 41.797551793995794 ], [ 22.788949, 41.800047193996924 ], [ 22.7855158, 41.8067012939999 ], [ 22.7837133, 41.808364694000652 ], [ 22.7839708, 41.809644194001187 ], [ 22.7892494, 41.81479399400348 ], [ 22.790966, 41.813130794002781 ], [ 22.7925968, 41.813322694002835 ], [ 22.7962017, 41.812363094002379 ], [ 22.8067589, 41.813322694002835 ], [ 22.8088617, 41.814378194003346 ], [ 22.8098917, 41.816105394004083 ], [ 22.8116083, 41.817000894004501 ], [ 22.8115675, 41.818856394005309 ], [ 22.8155136, 41.819015894005368 ], [ 22.8182602, 41.820295194005951 ], [ 22.820186, 41.818787994005298 ], [ 22.821157, 41.818799994005282 ], [ 22.8247833, 41.821574494006526 ], [ 22.8264999, 41.821958194006683 ], [ 22.8307915, 41.8224059940069 ], [ 22.8324223, 41.821510494006496 ], [ 22.8367138, 41.821446494006459 ], [ 22.8419495, 41.82266179400704 ], [ 22.8402328, 41.824516694007848 ], [ 22.8357267, 41.826979094008962 ], [ 22.8386021, 41.828993794009847 ], [ 22.8434515, 41.830560694010515 ], [ 22.8470564, 41.833630394011898 ], [ 22.8473139, 41.835101194012573 ], [ 22.8496313, 41.836891794013361 ], [ 22.8510904, 41.8396414940146 ], [ 22.8548348, 41.841779594015556 ], [ 22.8540945, 41.84469299401686 ], [ 22.8545237, 41.848657094018598 ], [ 22.8534079, 41.850639094019492 ], [ 22.85458, 41.851733694019998 ], [ 22.8520346, 41.854794694021351 ], [ 22.8517771, 41.857032194022395 ], [ 22.857399, 41.858406594022988 ], [ 22.8604031, 41.858598394023076 ], [ 22.8607035, 41.860292394023809 ], [ 22.8640079, 41.861411094024334 ], [ 22.8658104, 41.863009194025061 ], [ 22.8682995, 41.862881294024966 ], [ 22.8759384, 41.864287594025605 ], [ 22.8864098, 41.868761894027578 ], [ 22.8880835, 41.870199994028219 ], [ 22.8894567, 41.874929494030333 ], [ 22.8920317, 41.876463294031034 ], [ 22.892761199999988, 41.877581694031534 ], [ 22.8967953, 41.877965094031715 ], [ 22.9016111, 41.877638094031539 ], [ 22.902615, 41.875781994030731 ] ] ] } },
{ "type": "Feature", "properties": { "admin_id": "2583831", "name_local": "Општина Берово", "name_en": "Municipality of Berovo", "name_en_status": "OSM_NAME_EN", "source_name": "Општина Берово", "source_admin_level": "7", "source_osm_relation_id": "2583831", "source_name_en": "Municipality of Berovo" }, "geometry": { "type": "Polygon", "coordinates": [ [ [ 22.7829812, 41.785097993990192 ], [ 22.7853441, 41.786417093990821 ], [ 22.7863741, 41.78852899399174 ], [ 22.7868891, 41.791920693993255 ], [ 22.7851725, 41.794800293994541 ], [ 22.7876616, 41.797551793995794 ], [ 22.788949, 41.800047193996924 ], [ 22.7875315, 41.803127393998302 ], [ 22.7835846, 41.80225469399786 ], [ 22.777319, 41.803406293998428 ], [ 22.7674484, 41.809036494000893 ], [ 22.7592087, 41.808396694000642 ], [ 22.7571917, 41.809772194001255 ], [ 22.7549601, 41.812842894002628 ], [ 22.7542734, 41.8165531940043 ], [ 22.7532005, 41.817928494004931 ], [ 22.7501535, 41.817000894004508 ], [ 22.7504969, 41.814698094003433 ], [ 22.7496815, 41.813642494002963 ], [ 22.7432442, 41.811147594001874 ], [ 22.7392101, 41.812427094002445 ], [ 22.7333736, 41.815433694003779 ], [ 22.7319145, 41.815369694003742 ], [ 22.7254772, 41.817608594004746 ], [ 22.7232456, 41.817288794004611 ], [ 22.7185249, 41.818504194005158 ], [ 22.7156925, 41.820998794006272 ], [ 22.7131176, 41.821254594006454 ], [ 22.7061653, 41.818184294004993 ], [ 22.7017021, 41.819143794005427 ], [ 22.6968554, 41.817454694004702 ], [ 22.6981401, 41.813994394003124 ], [ 22.6994276, 41.813162794002771 ], [ 22.6993418, 41.81079579400172 ], [ 22.697711, 41.808684594000766 ], [ 22.6977968, 41.806445393999759 ], [ 22.7001572, 41.805709593999438 ], [ 22.7014446, 41.805901593999536 ], [ 22.7026033, 41.804973893999119 ], [ 22.7028608, 41.800751093997206 ], [ 22.7010584, 41.797743693995898 ], [ 22.7028608, 41.796016093995092 ], [ 22.7032042, 41.794160393994275 ], [ 22.7016592, 41.792816593993706 ], [ 22.7011442, 41.790960793992824 ], [ 22.6998568, 41.789552893992223 ], [ 22.6984835, 41.784497093989948 ], [ 22.6958656, 41.782608993989108 ], [ 22.6944494, 41.782384993989005 ], [ 22.6929045, 41.779952893987883 ], [ 22.6935053, 41.777264593986743 ], [ 22.6960802, 41.774704293985579 ], [ 22.6968527, 41.77201579398438 ], [ 22.6963377, 41.766766593981963 ], [ 22.6946211, 41.765102093981255 ], [ 22.6941919, 41.763757693980622 ], [ 22.688913299999989, 41.759884293978907 ], [ 22.6857805, 41.758379693978227 ], [ 22.680974, 41.753513493976065 ], [ 22.6803732, 41.750952193974889 ], [ 22.6813173, 41.748967093974038 ], [ 22.6808882, 41.747558293973398 ], [ 22.679171599999986, 41.745509093972501 ], [ 22.6782543, 41.742231393971004 ], [ 22.6767683, 41.741602593970761 ], [ 22.6733351, 41.737119393968705 ], [ 22.6719189, 41.736446893968399 ], [ 22.6706314, 41.736510993968423 ], [ 22.6691294, 41.737375593968835 ], [ 22.6690435, 41.742627293971196 ], [ 22.667799, 41.746501693972938 ], [ 22.6644516, 41.746181493972756 ], [ 22.6614475, 41.74413229397183 ], [ 22.6550102, 41.742851393971279 ], [ 22.6533794, 41.74182679397083 ], [ 22.6483154, 41.742275093971017 ], [ 22.6433802, 41.738528493969369 ], [ 22.6426077, 41.736222793968317 ], [ 22.6401186, 41.735454193967968 ], [ 22.6401186, 41.734173193967386 ], [ 22.638058699999988, 41.730394093965707 ], [ 22.6382303, 41.728984893965055 ], [ 22.6372483, 41.727890993964593 ], [ 22.6388311, 41.726422593963889 ], [ 22.6396894, 41.723924293962789 ], [ 22.6397753, 41.722450893962154 ], [ 22.6390028, 41.721233693961551 ], [ 22.6393461, 41.718158593960226 ], [ 22.6425219, 41.709316793956262 ], [ 22.6425219, 41.707010093955205 ], [ 22.6437235, 41.706048893954758 ], [ 22.6456547, 41.700185493952119 ], [ 22.6496029, 41.70082629395241 ], [ 22.6526928, 41.700249493952114 ], [ 22.6543665, 41.698230893951255 ], [ 22.654109, 41.695859593950189 ], [ 22.6572418, 41.695571193950052 ], [ 22.6601171, 41.692847393948824 ], [ 22.6615699, 41.690385793947712 ], [ 22.6603103, 41.690072493947604 ], [ 22.6577139, 41.686566093945991 ], [ 22.6527786, 41.683521393944623 ], [ 22.6499462, 41.682303493944111 ], [ 22.6475859, 41.682463693944158 ], [ 22.6476717, 41.68022009394317 ], [ 22.6431227, 41.675540293941047 ], [ 22.6433802, 41.672591293939718 ], [ 22.6423502, 41.670026693938567 ], [ 22.6425219, 41.668487993937887 ], [ 22.6397753, 41.665730893936633 ], [ 22.6408052, 41.66303789393541 ], [ 22.643294, 41.661015593934515 ], [ 22.6440668, 41.647711093928557 ], [ 22.641666499999989, 41.64091929392545 ], [ 22.640204399999988, 41.640142493925104 ], [ 22.6407194, 41.639436893924795 ], [ 22.6375437, 41.638538893924363 ], [ 22.6395178, 41.635908893923194 ], [ 22.6387453, 41.633727793922212 ], [ 22.6402044, 41.631995693921453 ], [ 22.637457800000014, 41.630520193920788 ], [ 22.6377153, 41.629557893920364 ], [ 22.6417065, 41.626253793918849 ], [ 22.6429081, 41.626253793918849 ], [ 22.6440366, 41.624630293918102 ], [ 22.6443672, 41.625648293918552 ], [ 22.642951, 41.627248293919322 ], [ 22.6464272, 41.627151993919256 ], [ 22.6474142, 41.629301293920236 ], [ 22.649045, 41.630391893920702 ], [ 22.6481867, 41.632765493921788 ], [ 22.6491308, 41.634112693922354 ], [ 22.6490879, 41.635748493923131 ], [ 22.6532078, 41.636197493923341 ], [ 22.6642799, 41.644792793927216 ], [ 22.6663399, 41.64440799392704 ], [ 22.6731205, 41.646973493928172 ], [ 22.6758671, 41.646909393928169 ], [ 22.6786995, 41.645883193927737 ], [ 22.6838064, 41.640719793925356 ], [ 22.6856947, 41.637384293923894 ], [ 22.6888704, 41.637576693923926 ], [ 22.6908445, 41.634754193922689 ], [ 22.6907587, 41.633214593922027 ], [ 22.6948786, 41.628787993920014 ], [ 22.6950502, 41.627119993919258 ], [ 22.6967239, 41.625612293918586 ], [ 22.7013588, 41.624264893917925 ], [ 22.7038479, 41.624521593918075 ], [ 22.7105427, 41.623751593917703 ], [ 22.7139533, 41.622150293916981 ], [ 22.7111864, 41.621602193916729 ], [ 22.7101994, 41.619645193915908 ], [ 22.7085686, 41.620479393916234 ], [ 22.7060795, 41.618041093915139 ], [ 22.7048349, 41.617944893915073 ], [ 22.705779100000012, 41.616083993914273 ], [ 22.7056074, 41.614543993913607 ], [ 22.7043629, 41.614447693913512 ], [ 22.703805, 41.613709693913208 ], [ 22.7053499, 41.611656293912297 ], [ 22.7032042, 41.610051893911553 ], [ 22.704148299999989, 41.609217693911198 ], [ 22.7041483, 41.608126693910684 ], [ 22.7057791, 41.606907293910126 ], [ 22.7023029, 41.605784193909628 ], [ 22.6990843, 41.60350579390861 ], [ 22.6991701, 41.599526493906801 ], [ 22.6972818, 41.596060493905249 ], [ 22.6942778, 41.592722593903744 ], [ 22.6943636, 41.591053593902977 ], [ 22.6933336, 41.590475893902713 ], [ 22.6935911, 41.589512993902297 ], [ 22.6929903, 41.588870993901949 ], [ 22.6937628, 41.588164893901656 ], [ 22.6938486, 41.586367393900815 ], [ 22.6919603, 41.586238993900835 ], [ 22.6922178, 41.583349993899517 ], [ 22.6879813, 41.580306393898098 ], [ 22.6918316, 41.580107793898065 ], [ 22.7059937, 41.587875993901505 ], [ 22.7078819, 41.587169793901182 ], [ 22.716465, 41.587619193901432 ], [ 22.7312064, 41.58552479390049 ], [ 22.7332449, 41.584120393899852 ], [ 22.7332449, 41.581937593898886 ], [ 22.7343178, 41.581263493898547 ], [ 22.737751, 41.580878193898386 ], [ 22.7383089, 41.579754693897868 ], [ 22.7406531, 41.578442493897299 ], [ 22.741372, 41.579112593897591 ], [ 22.743845, 41.579529993897765 ], [ 22.7618694, 41.575099693895723 ], [ 22.7675335, 41.571862493894336 ], [ 22.7651071, 41.558796893888378 ], [ 22.7671909, 41.559173993888585 ], [ 22.7715683, 41.55499919388668 ], [ 22.7782631, 41.55454959388647 ], [ 22.7825546, 41.552558493885584 ], [ 22.7824792, 41.550264793884516 ], [ 22.7865469, 41.546453293882848 ], [ 22.7884769, 41.545813893882524 ], [ 22.790193599999988, 41.54645619388284 ], [ 22.7922964, 41.545139393882224 ], [ 22.793026, 41.541252793880425 ], [ 22.7980042, 41.54054609388016 ], [ 22.8004074, 41.537847893878912 ], [ 22.803669, 41.537655093878847 ], [ 22.8069305, 41.538875793879413 ], [ 22.8083038, 41.538618793879252 ], [ 22.8098059, 41.536659293878358 ], [ 22.8093767, 41.532418893876496 ], [ 22.811265, 41.529463293875168 ], [ 22.814312, 41.527696193874334 ], [ 22.8186035, 41.528467293874655 ], [ 22.8207397, 41.527791593874376 ], [ 22.8209798, 41.527125493874024 ], [ 22.8242254, 41.529591793875198 ], [ 22.8257275, 41.533157793876796 ], [ 22.829504, 41.532515293876521 ], [ 22.8339672, 41.532450993876473 ], [ 22.8351688, 41.532964993876703 ], [ 22.8386021, 41.532579493876504 ], [ 22.8410912, 41.535149493877704 ], [ 22.8434944, 41.535727693877973 ], [ 22.8456402, 41.535470693877812 ], [ 22.8486013, 41.536787793878432 ], [ 22.8515196, 41.540899493880303 ], [ 22.8555272, 41.543397393881463 ], [ 22.8553838, 41.542747393881164 ], [ 22.858858099999988, 41.541509793880607 ], [ 22.8642225, 41.54128489388048 ], [ 22.8667974, 41.538136993879064 ], [ 22.8662825, 41.535567093877908 ], [ 22.86551, 41.534860393877601 ], [ 22.8663683, 41.532547393876527 ], [ 22.8684282, 41.530876793875755 ], [ 22.8685999, 41.5299129938753 ], [ 22.8739214, 41.527535593874255 ], [ 22.8755522, 41.524708293872955 ], [ 22.875483, 41.523374293872365 ], [ 22.8771895, 41.524939693873065 ], [ 22.8776612, 41.526751693873877 ], [ 22.8785722, 41.526551693873785 ], [ 22.8799725, 41.528467293874655 ], [ 22.8812599, 41.528017493874479 ], [ 22.8828049, 41.528403093874623 ], [ 22.8863239, 41.530973193875809 ], [ 22.8879547, 41.531037493875864 ], [ 22.889328, 41.529623893875169 ], [ 22.8921604, 41.528338793874624 ], [ 22.8956795, 41.525704293873439 ], [ 22.8981686, 41.524868893873027 ], [ 22.8997993, 41.522748393872106 ], [ 22.9009151, 41.52313389387222 ], [ 22.9022884, 41.522041493871775 ], [ 22.9040051, 41.522298493871922 ], [ 22.9047775, 41.520948993871279 ], [ 22.9092407, 41.523326693872349 ], [ 22.9122448, 41.522619793872032 ], [ 22.9169204, 41.522967793872162 ], [ 22.9187679, 41.525061693873127 ], [ 22.9230595, 41.525254493873241 ], [ 22.924776099999988, 41.524290593872756 ], [ 22.9367065, 41.524804693873023 ], [ 22.9403973, 41.526025593873555 ], [ 22.9438305, 41.526411093873769 ], [ 22.9460621, 41.527503493874228 ], [ 22.9470062, 41.526860893873973 ], [ 22.9488945, 41.52698939387399 ], [ 22.9549456, 41.522973293872163 ], [ 22.9556751, 41.521848693871696 ], [ 22.96031, 41.520370693871023 ], [ 22.9614258, 41.519213893870493 ], [ 22.963142399999988, 41.519085393870448 ], [ 22.9645157, 41.518057093869984 ], [ 22.965374, 41.519085393870441 ], [ 22.968423499999989, 41.51978929387073 ], [ 22.962764, 41.524860993873055 ], [ 22.958563, 41.535276993877773 ], [ 22.960478, 41.538945993879416 ], [ 22.960947, 41.542306993880921 ], [ 22.966075, 41.543193993881353 ], [ 22.9683746, 41.542392793880971 ], [ 22.9702382, 41.542807293881154 ], [ 22.970536, 41.544848993882077 ], [ 22.969152, 41.553705993886133 ], [ 22.973093, 41.559849993888868 ], [ 22.972982, 41.562743993890173 ], [ 22.970845, 41.563237993890404 ], [ 22.966909, 41.567423993892319 ], [ 22.9659726, 41.57086989389385 ], [ 22.966514, 41.572903993894784 ], [ 22.9654052, 41.575547793895971 ], [ 22.9664726, 41.57758689389685 ], [ 22.9616352, 41.581327693898558 ], [ 22.961503, 41.584551993900021 ], [ 22.959428, 41.585676993900542 ], [ 22.953843, 41.585676993900528 ], [ 22.951693, 41.589120993902092 ], [ 22.951718, 41.592073993903441 ], [ 22.950507, 41.594569993904578 ], [ 22.95021, 41.599384993906746 ], [ 22.952533, 41.603468993908571 ], [ 22.950754, 41.606520993909953 ], [ 22.951582, 41.607558993910416 ], [ 22.951804, 41.610363993911712 ], [ 22.953484, 41.612513993912636 ], [ 22.953373, 41.615141993913824 ], [ 22.954584, 41.618848993915542 ], [ 22.952632, 41.621848993916863 ], [ 22.953101, 41.626988993919198 ], [ 22.950902, 41.62957099392036 ], [ 22.948283, 41.631213993921122 ], [ 22.948283, 41.632514993921667 ], [ 22.950952, 41.635961993923225 ], [ 22.951532, 41.64207199392596 ], [ 22.953966, 41.642392993926151 ], [ 22.955746, 41.643603993926661 ], [ 22.958285, 41.643940993926805 ], [ 22.958198, 41.645905993927727 ], [ 22.959236, 41.647634993928499 ], [ 22.960929, 41.646498993927956 ], [ 22.964166, 41.647891993928589 ], [ 22.967873, 41.648237993928767 ], [ 22.970492, 41.647013993928184 ], [ 22.973186, 41.647112993928232 ], [ 22.974817, 41.646507993927969 ], [ 22.978579, 41.648258993928785 ], [ 22.980532, 41.647912993928614 ], [ 22.981854, 41.646652993928043 ], [ 22.983942, 41.647418993928369 ], [ 22.984733, 41.651508993930214 ], [ 22.981557, 41.655066993931882 ], [ 22.981749, 41.65656599393251 ], [ 22.983231, 41.657553993932979 ], [ 22.985554, 41.657701993933024 ], [ 22.987766, 41.660210993934129 ], [ 22.98805, 41.662384993935106 ], [ 22.990002, 41.663187993935495 ], [ 22.990002, 41.665350993936464 ], [ 22.994154, 41.673350993940062 ], [ 22.996403, 41.674428993940573 ], [ 23.002976, 41.679531993942852 ], [ 23.003847, 41.681119993943568 ], [ 23.007369, 41.681836993943875 ], [ 23.00853, 41.682701993944285 ], [ 23.008876, 41.683738993944765 ], [ 23.008209, 41.684863993945228 ], [ 23.012416, 41.689002993947106 ], [ 23.01346, 41.691836893948377 ], [ 23.0106926, 41.690507993947783 ], [ 23.0052853, 41.692046193948464 ], [ 23.003397, 41.6914052939482 ], [ 22.9997921, 41.691597593948252 ], [ 22.9955864, 41.690123393947609 ], [ 22.993269, 41.690764393947923 ], [ 22.9909945, 41.692078293948505 ], [ 22.9899216, 41.696532593950515 ], [ 22.9879475, 41.695955793950205 ], [ 22.9847717, 41.696212093950379 ], [ 22.9838705, 41.698615393951428 ], [ 22.9817247, 41.699576693951876 ], [ 22.9809093, 41.701018593952526 ], [ 22.9741287, 41.703453693953577 ], [ 22.9716396, 41.703261393953525 ], [ 22.969923, 41.704414893954066 ], [ 22.9682064, 41.704735293954201 ], [ 22.9649019, 41.709124593956155 ], [ 22.965889, 41.711975893957401 ], [ 22.9641724, 41.711975893957408 ], [ 22.962112399999988, 41.712808793957819 ], [ 22.9596233, 41.712488493957657 ], [ 22.9581642, 41.713129193957947 ], [ 22.9513836, 41.713513593958112 ], [ 22.9482937, 41.715243493958894 ], [ 22.9458904, 41.715435693958959 ], [ 22.942028, 41.7170373939597 ], [ 22.9394102, 41.718478893960324 ], [ 22.9373932, 41.720560993961293 ], [ 22.929153399999986, 41.720881393961427 ], [ 22.9271793, 41.719920393960962 ], [ 22.9252911, 41.719856293960952 ], [ 22.9203129, 41.722803193962321 ], [ 22.916965500000011, 41.721842293961842 ], [ 22.9153347, 41.722482893962145 ], [ 22.9135752, 41.721810293961816 ], [ 22.9130173, 41.720304793961191 ], [ 22.9120731, 41.720304793961191 ], [ 22.9110432, 41.719279693960715 ], [ 22.9096699, 41.719407893960749 ], [ 22.9087257, 41.7179343939601 ], [ 22.906065, 41.718254693960226 ], [ 22.9055071, 41.718735193960505 ], [ 22.9056787, 41.720849293961422 ], [ 22.9043662, 41.722937693962329 ], [ 22.9055929, 41.728216193964734 ], [ 22.9025888, 41.732251593966495 ], [ 22.8969669, 41.736895293968608 ], [ 22.8822899, 41.740545893970264 ], [ 22.8816032, 41.741314393970576 ], [ 22.880187, 41.741410493970655 ], [ 22.8780842, 41.743812093971684 ], [ 22.8730202, 41.744388393971974 ], [ 22.8717327, 41.745092893972291 ], [ 22.8688145, 41.745092893972284 ], [ 22.8676987, 41.745925393972676 ], [ 22.8618622, 41.745733193972562 ], [ 22.8581285, 41.749159193974108 ], [ 22.8567016, 41.749787593974418 ], [ 22.8551674, 41.749831593974434 ], [ 22.8535366, 41.748678993973925 ], [ 22.8515625, 41.748678993973925 ], [ 22.8504467, 41.748806993973979 ], [ 22.849502599999987, 41.749703493974373 ], [ 22.8477859, 41.749319293974196 ], [ 22.8440952, 41.75079209397483 ], [ 22.8420353, 41.747782493973531 ], [ 22.8398895, 41.748422793973795 ], [ 22.8386879, 41.749831593974434 ], [ 22.8375721, 41.74963949397435 ], [ 22.8360271, 41.750279793974642 ], [ 22.8350455, 41.748698993973889 ], [ 22.8330714, 41.74827069397373 ], [ 22.8304482, 41.745861293972645 ], [ 22.8287745, 41.745188893972291 ], [ 22.827272399999988, 41.742723293971231 ], [ 22.8258133, 41.742723293971238 ], [ 22.8240967, 41.742082893970938 ], [ 22.8236675, 41.741314393970576 ], [ 22.8219938, 41.740962193970418 ], [ 22.8218222, 41.739168893969605 ], [ 22.8184616, 41.735639093968054 ], [ 22.8150845, 41.73516599396784 ], [ 22.813882799999988, 41.736895293968608 ], [ 22.8119087, 41.736703093968494 ], [ 22.810707099999988, 41.737151493968717 ], [ 22.8104925, 41.739232993969644 ], [ 22.8095055, 41.740225693970089 ], [ 22.8074455, 41.741058193970474 ], [ 22.804231, 41.74124379397059 ], [ 22.8038836, 41.743075593971405 ], [ 22.8015661, 41.746213493972803 ], [ 22.8022957, 41.74714209397321 ], [ 22.8042698, 41.746629793972978 ], [ 22.8068018, 41.747558293973398 ], [ 22.806716, 41.749671493974361 ], [ 22.8081322, 41.751048293974954 ], [ 22.8104925, 41.751336393975066 ], [ 22.811865799999989, 41.753961693976272 ], [ 22.8116083, 41.761004693979459 ], [ 22.8069735, 41.763565593980616 ], [ 22.8055143, 41.765422193981394 ], [ 22.806201, 41.766382493981816 ], [ 22.8046131, 41.767054693982132 ], [ 22.8035831, 41.766990593982136 ], [ 22.801652, 41.765102093981262 ], [ 22.8011717, 41.762571493980147 ], [ 22.7978754, 41.764269793980894 ], [ 22.7992487, 41.769775293983336 ], [ 22.7973604, 41.77201579398438 ], [ 22.7982187, 41.774448293985472 ], [ 22.7977037, 41.778096693987067 ], [ 22.7955151, 41.779728893987823 ], [ 22.7937984, 41.780240893988051 ], [ 22.787447, 41.780880993988333 ], [ 22.7870607, 41.782064993988847 ], [ 22.7858162, 41.78299309398929 ], [ 22.7840567, 41.783089093989311 ], [ 22.7847433, 41.78417709398979 ], [ 22.7829812, 41.785097993990192 ] ] ] } },
{ "type": "Feature", "properties": { "admin_id": "2585376", "name_local": "Општина Липково", "name_en": "Municipality of Lipkovo", "name_en_status": "OSM_NAME_EN", "source_name": "Општина Липково", "source_admin_level": "7", "source_osm_relation_id": "2585376", "source_name_en": "Municipality of Lipkovo" }, "geometry": { "type": "Polygon", "coordinates": [ [ [ 21.6110781, 42.081403894121976 ], [ 21.6126394, 42.082362594122422 ], [ 21.6101503, 42.088159194125019 ], [ 21.6115236, 42.090261194125901 ], [ 21.6139645, 42.091168694126345 ], [ 21.6136051, 42.092144094126752 ], [ 21.6167164, 42.091439494126469 ], [ 21.6185188, 42.093314394127269 ], [ 21.6229532, 42.091889594126606 ], [ 21.624527, 42.094623994127858 ], [ 21.6278315, 42.094082694127636 ], [ 21.6292906, 42.100323994130328 ], [ 21.6310156, 42.102692794131421 ], [ 21.6292048, 42.105609594132673 ], [ 21.6332388, 42.109812194134562 ], [ 21.6334963, 42.111212994135144 ], [ 21.6358566, 42.111117494135115 ], [ 21.6368437, 42.111722394135413 ], [ 21.6375303, 42.11414189413648 ], [ 21.6388178, 42.11516059413691 ], [ 21.6386461, 42.116561394137534 ], [ 21.6395044, 42.117070694137752 ], [ 21.6391611, 42.118089394138224 ], [ 21.6402769, 42.119680994138932 ], [ 21.6407919, 42.124391994140979 ], [ 21.6401052, 42.125155894141301 ], [ 21.6413927, 42.125983494141686 ], [ 21.6402233, 42.126824894142075 ], [ 21.642766, 42.128975294142997 ], [ 21.6425085, 42.129675494143306 ], [ 21.6439676, 42.131776094144222 ], [ 21.6431093, 42.132794494144704 ], [ 21.6461992, 42.135276894145804 ], [ 21.6454268, 42.138968394147412 ], [ 21.6465425, 42.140177694147972 ], [ 21.6475457, 42.148001394151407 ], [ 21.6466445, 42.148178394151437 ], [ 21.6461134, 42.15182339415307 ], [ 21.6450834, 42.152459694153322 ], [ 21.6450834, 42.153541494153828 ], [ 21.647572499999988, 42.153541494153821 ], [ 21.6478837, 42.155250494154579 ], [ 21.6521645, 42.154782194154393 ], [ 21.6574001, 42.155736694154811 ], [ 21.6605759, 42.154654994154292 ], [ 21.6628933, 42.154718594154325 ], [ 21.6660261, 42.153032394153598 ], [ 21.6668394, 42.151715894153007 ], [ 21.669605, 42.152108194153186 ], [ 21.6721201, 42.15513219415449 ], [ 21.671176, 42.160794894157036 ], [ 21.6715193, 42.165884594159252 ], [ 21.6709185, 42.170210494161132 ], [ 21.6742229, 42.17081479416138 ], [ 21.6768784, 42.172420194162129 ], [ 21.6722367, 42.177066594164167 ], [ 21.6764545, 42.178956694164974 ], [ 21.6854668, 42.184680894167514 ], [ 21.6889858, 42.18569849416798 ], [ 21.6918216, 42.187257894168667 ], [ 21.6960669, 42.187828994168868 ], [ 21.6964531, 42.190213794169964 ], [ 21.6996822, 42.190166494169915 ], [ 21.7010125, 42.190643394170152 ], [ 21.7008114, 42.191444694170492 ], [ 21.6993496, 42.191160094170385 ], [ 21.6993844, 42.192104494170806 ], [ 21.6980085, 42.192113994170789 ], [ 21.7003581, 42.192567094170997 ], [ 21.6992128, 42.192891394171141 ], [ 21.7004654, 42.193234794171296 ], [ 21.6931054, 42.192948594171142 ], [ 21.6944465, 42.194935794172061 ], [ 21.693674, 42.194657594171943 ], [ 21.6923714, 42.195127194172109 ], [ 21.6949528, 42.201658794175003 ], [ 21.6928032, 42.21793339418214 ], [ 21.6967861, 42.224837894185171 ], [ 21.6947174, 42.225036394185253 ], [ 21.6893852, 42.224313394184918 ], [ 21.6882452, 42.225888094185628 ], [ 21.6871187, 42.226158194185764 ], [ 21.6870141, 42.226823894186033 ], [ 21.6875693, 42.226857294186068 ], [ 21.6859814, 42.230344894187553 ], [ 21.6854128, 42.230249594187534 ], [ 21.6823578, 42.234164294189235 ], [ 21.6801691, 42.235602094189865 ], [ 21.6734005, 42.24322759419325 ], [ 21.6716729, 42.241789194192599 ], [ 21.6699386, 42.24200959419273 ], [ 21.669849, 42.242972894193109 ], [ 21.6686999, 42.2431794941932 ], [ 21.668439899999985, 42.24265199419299 ], [ 21.667133599999989, 42.243137994193191 ], [ 21.666606, 42.242077994192755 ], [ 21.6664959, 42.242939494193109 ], [ 21.6648623, 42.24261049419291 ], [ 21.6649973, 42.243211294193244 ], [ 21.6635659, 42.243893894193484 ], [ 21.6634754, 42.244613694193802 ], [ 21.6640479, 42.244689194193846 ], [ 21.6632954, 42.24652809419468 ], [ 21.6577929, 42.248923794195726 ], [ 21.6549834, 42.247092694194961 ], [ 21.6520591, 42.247924894195286 ], [ 21.6495081, 42.249567694196017 ], [ 21.6409893, 42.249721794196105 ], [ 21.6356621, 42.251278894196773 ], [ 21.6326158, 42.251585294196914 ], [ 21.6299186, 42.25123199419675 ], [ 21.6298629, 42.250790794196547 ], [ 21.628121899999989, 42.251051594196696 ], [ 21.6191639, 42.253143494197602 ], [ 21.6168857, 42.25509829419839 ], [ 21.612832, 42.257140194199351 ], [ 21.6054437, 42.254754994198308 ], [ 21.6040224, 42.256199094198905 ], [ 21.6002795, 42.256751194199147 ], [ 21.6009174, 42.254278194198072 ], [ 21.5979791, 42.256116794198867 ], [ 21.5920994, 42.258406994199881 ], [ 21.5915861, 42.26023219420069 ], [ 21.5895468, 42.261360094201166 ], [ 21.5877563, 42.261310594201156 ], [ 21.5869537, 42.262840694201806 ], [ 21.5850392, 42.260649394200875 ], [ 21.5834771, 42.259818494200502 ], [ 21.5835905, 42.259342794200279 ], [ 21.5817205, 42.259719194200457 ], [ 21.5817294, 42.260113294200657 ], [ 21.5803271, 42.259443594200363 ], [ 21.5782378, 42.256790694199189 ], [ 21.57614, 42.25577819419874 ], [ 21.5752678, 42.254077594198023 ], [ 21.5690465, 42.250743294196511 ], [ 21.5630464, 42.250736694196526 ], [ 21.558548, 42.253017194197504 ], [ 21.5589125, 42.251644394196937 ], [ 21.5576865, 42.250770694196547 ], [ 21.5537126, 42.250423294196395 ], [ 21.5524646, 42.252245794197201 ], [ 21.5504492, 42.25215239419714 ], [ 21.5495672, 42.253585094197739 ], [ 21.5475699, 42.253154394197558 ], [ 21.5449071, 42.253628994197776 ], [ 21.5437757, 42.253250494197644 ], [ 21.5443025, 42.251125194196696 ], [ 21.5423855, 42.251500494196833 ], [ 21.5427648, 42.252449994197292 ], [ 21.5388025, 42.250483494196423 ], [ 21.5366634, 42.246894994194861 ], [ 21.53437, 42.245491494194233 ], [ 21.5348333, 42.244765594193929 ], [ 21.5324052, 42.24267559419301 ], [ 21.5335522, 42.241592994192494 ], [ 21.532035, 42.24061689419208 ], [ 21.5212775, 42.241468994192495 ], [ 21.5213711, 42.244895794193958 ], [ 21.5205752, 42.24485069419395 ], [ 21.5207183, 42.246693494194737 ], [ 21.5192753, 42.249714994196111 ], [ 21.5203668, 42.251273594196739 ], [ 21.5203004, 42.252460494197244 ], [ 21.5176906, 42.259490094200373 ], [ 21.518598799999989, 42.260623394200849 ], [ 21.520146, 42.260647294200901 ], [ 21.519105, 42.262275794201543 ], [ 21.5143356, 42.263795194202253 ], [ 21.513834299999989, 42.26490699420274 ], [ 21.5111205, 42.266020094203206 ], [ 21.5109501, 42.268256894204178 ], [ 21.5121861, 42.269249094204604 ], [ 21.5111379, 42.270537494205229 ], [ 21.5084705, 42.270918494205368 ], [ 21.5072163, 42.271881594205787 ], [ 21.5038975, 42.269803894204891 ], [ 21.5005534, 42.271332594205568 ], [ 21.4999111, 42.272699494206151 ], [ 21.4981446, 42.272850094206213 ], [ 21.4962296, 42.274600394206971 ], [ 21.4950885, 42.273974594206699 ], [ 21.4935156, 42.274117894206796 ], [ 21.4920081, 42.273284394206406 ], [ 21.488875, 42.274088794206762 ], [ 21.4866586, 42.273906394206662 ], [ 21.475595899999988, 42.279227894209008 ], [ 21.4708012, 42.280035694209374 ], [ 21.466443, 42.279621894209164 ], [ 21.4660942, 42.278644094208758 ], [ 21.46408, 42.277776594208333 ], [ 21.4566557, 42.27650229420783 ], [ 21.4502448, 42.276731594207931 ], [ 21.4487668, 42.279003794208926 ], [ 21.4448576, 42.277897794208442 ], [ 21.4437949, 42.276377694207739 ], [ 21.4441749, 42.275349194207315 ], [ 21.4399878, 42.274265194206833 ], [ 21.44006, 42.272962494206261 ], [ 21.4412408, 42.271979694205839 ], [ 21.4399687, 42.269362594204679 ], [ 21.4410233, 42.267573694203911 ], [ 21.4404224, 42.262339794201594 ], [ 21.4370126, 42.260552894200821 ], [ 21.4321605, 42.259800594200492 ], [ 21.4345682, 42.252542294197326 ], [ 21.4347709, 42.249891294196118 ], [ 21.4365893, 42.247033094194869 ], [ 21.4393333, 42.245436994194179 ], [ 21.4418583, 42.242016894192716 ], [ 21.4435443, 42.24128829419238 ], [ 21.4421375, 42.239507194191596 ], [ 21.4425291, 42.238918994191366 ], [ 21.4451054, 42.236855694190417 ], [ 21.44547, 42.237170594190594 ], [ 21.4466937, 42.236653494190328 ], [ 21.4480358, 42.237506794190715 ], [ 21.4497662, 42.23770219419081 ], [ 21.4507645, 42.238580794191215 ], [ 21.452061, 42.238248494191033 ], [ 21.4532089, 42.239535294191604 ], [ 21.4535308, 42.239042794191413 ], [ 21.4575863, 42.238272294191056 ], [ 21.4602041, 42.239257194191495 ], [ 21.4632511, 42.236429494190261 ], [ 21.4645386, 42.237128494190557 ], [ 21.4680576, 42.23719199419056 ], [ 21.4704609, 42.238335894191103 ], [ 21.4711905, 42.235126694189709 ], [ 21.4753532, 42.232616494188555 ], [ 21.478529, 42.231472594188055 ], [ 21.488142, 42.224100094184855 ], [ 21.4920044, 42.222765394184236 ], [ 21.4944077, 42.222765394184236 ], [ 21.4955235, 42.22359159418464 ], [ 21.4976692, 42.223782294184723 ], [ 21.500845, 42.223528094184587 ], [ 21.5026474, 42.222701794184232 ], [ 21.5044069, 42.220826694183408 ], [ 21.5055227, 42.216440694181458 ], [ 21.5070677, 42.215042194180882 ], [ 21.5077543, 42.213325894180123 ], [ 21.5140629, 42.208780394178113 ], [ 21.5189123, 42.206332694177064 ], [ 21.5206289, 42.204488994176188 ], [ 21.5205431, 42.203471694175754 ], [ 21.5218306, 42.201691394174993 ], [ 21.5217447, 42.199720294174107 ], [ 21.5234613, 42.196731794172791 ], [ 21.5224743, 42.195746194172358 ], [ 21.5184832, 42.19469699417192 ], [ 21.5178823, 42.187765394168856 ], [ 21.5154791, 42.185412294167818 ], [ 21.5153074, 42.18394949416718 ], [ 21.5183745, 42.178794794164965 ], [ 21.5150499, 42.178670494164898 ], [ 21.51402, 42.17650789416389 ], [ 21.5139341, 42.172882194162327 ], [ 21.5100288, 42.170496694161301 ], [ 21.505909, 42.171132894161588 ], [ 21.5035057, 42.16973339416095 ], [ 21.4993858, 42.17043309416124 ], [ 21.4989138, 42.167983894160159 ], [ 21.4970255, 42.166393494159507 ], [ 21.4971113, 42.164357694158568 ], [ 21.4960384, 42.162989894157953 ], [ 21.4940643, 42.162735394157842 ], [ 21.488142, 42.1636896941583 ], [ 21.487155, 42.163339794158148 ], [ 21.487155, 42.162576394157817 ], [ 21.4891867, 42.15673979415525 ], [ 21.4950943, 42.15140979415289 ], [ 21.501832, 42.147814494151319 ], [ 21.5059733, 42.142914294149151 ], [ 21.5070033, 42.138841094147352 ], [ 21.5097713, 42.136104294146122 ], [ 21.5100718, 42.132030694144362 ], [ 21.5122792, 42.126189294141774 ], [ 21.5168524, 42.122673194140212 ], [ 21.518569, 42.119426294138798 ], [ 21.5247488, 42.113950894136359 ], [ 21.529212, 42.10643739413306 ], [ 21.5389538, 42.100546894130481 ], [ 21.5415126, 42.098134794129408 ], [ 21.5443048, 42.097553694129168 ], [ 21.5461206, 42.096311794128589 ], [ 21.5472364, 42.092426694126885 ], [ 21.5465498, 42.090834394126176 ], [ 21.5462923, 42.084592094123408 ], [ 21.5501547, 42.081088494121865 ], [ 21.5495539, 42.077966994120494 ], [ 21.5512772, 42.07540279411937 ], [ 21.5517157, 42.076824194119979 ], [ 21.5537167, 42.075131994119246 ], [ 21.5567207, 42.074112594118766 ], [ 21.558999, 42.068260394116187 ], [ 21.5618842, 42.067101794115686 ], [ 21.5637907, 42.067351094115793 ], [ 21.5667444, 42.066281394115293 ], [ 21.5705209, 42.061948394113401 ], [ 21.5744262, 42.061502394113205 ], [ 21.5769904, 42.060084494112587 ], [ 21.5790182, 42.060610294112827 ], [ 21.5845405, 42.059019794112118 ], [ 21.5862494, 42.057678894111561 ], [ 21.5888887, 42.057041594111247 ], [ 21.5890142, 42.056032294110757 ], [ 21.5905806, 42.054813494110235 ], [ 21.5923005, 42.054237594109999 ], [ 21.5951726, 42.056844894111123 ], [ 21.596560899999989, 42.056627194111087 ], [ 21.5965885, 42.057405494111407 ], [ 21.5987345, 42.056908594111171 ], [ 21.5989523, 42.05745589411142 ], [ 21.60039, 42.057328394111401 ], [ 21.6018515, 42.05813129411171 ], [ 21.6017442, 42.057454194111401 ], [ 21.6038232, 42.057121294111305 ], [ 21.6036695, 42.054583894110117 ], [ 21.6051289, 42.051475594108766 ], [ 21.6076641, 42.052755794109373 ], [ 21.6080257, 42.054980794110307 ], [ 21.6097852, 42.05647839411094 ], [ 21.6082403, 42.057960094111657 ], [ 21.6087124, 42.060206394112654 ], [ 21.6119521, 42.066022394115201 ], [ 21.6091876, 42.070757494117274 ], [ 21.605969, 42.074070494118772 ], [ 21.610282, 42.07692149412 ], [ 21.6098099, 42.078530094120701 ], [ 21.6110781, 42.081403894121976 ] ] ] } },
{ "type": "Feature", "properties": { "admin_id": "2585982", "name_local": "Општина Куманово", "name_en": "Municipality of Kumanovo", "name_en_status": "OSM_NAME_EN", "source_name": "Општина Куманово", "source_admin_level": "7", "source_osm_relation_id": "2585982", "source_name_en": "Municipality of Kumanovo" }, "geometry": { "type": "Polygon", "coordinates": [ [ [ 21.9690514, 42.052688494109326 ], [ 21.9699526, 42.053307794109557 ], [ 21.9707251, 42.05636689411093 ], [ 21.9689226, 42.058660994111975 ], [ 21.9648886, 42.061082594113017 ], [ 21.9666052, 42.06375889411423 ], [ 21.9650602, 42.065096994114782 ], [ 21.9650325, 42.066273294115334 ], [ 21.9633007, 42.066594394115448 ], [ 21.9579792, 42.063854494114238 ], [ 21.9546318, 42.062898594113804 ], [ 21.9463921, 42.062898594113804 ], [ 21.9445896, 42.063599594114137 ], [ 21.9398689, 42.063854494114246 ], [ 21.9368649, 42.067295294115773 ], [ 21.9331312, 42.068027994116107 ], [ 21.9327021, 42.070831494117328 ], [ 21.929698, 42.072742894118178 ], [ 21.9288397, 42.074080794118778 ], [ 21.9306126, 42.079880194121323 ], [ 21.9342041, 42.076788394119923 ], [ 21.9348478, 42.077011394120085 ], [ 21.9404268, 42.084400994123307 ], [ 21.9419718, 42.088031794124959 ], [ 21.9482803, 42.093222894127187 ], [ 21.9510269, 42.091821594126571 ], [ 21.9562626, 42.091312094126344 ], [ 21.9596529, 42.094401094127726 ], [ 21.9603395, 42.095929694128401 ], [ 21.9605112, 42.099559794129995 ], [ 21.9581509, 42.100228494130306 ], [ 21.9569492, 42.101311094130807 ], [ 21.9557476, 42.100928994130641 ], [ 21.9483232, 42.105291194132541 ], [ 21.9483662, 42.107615394133617 ], [ 21.9511557, 42.10783829413365 ], [ 21.9515848, 42.110703694134912 ], [ 21.9498682, 42.113568894136229 ], [ 21.9521856, 42.117134394137778 ], [ 21.9520998, 42.118152994138192 ], [ 21.9545889, 42.119680994138932 ], [ 21.9545031, 42.122800494140293 ], [ 21.9563913, 42.124710294141124 ], [ 21.9553614, 42.127956794142541 ], [ 21.9569063, 42.129866494143428 ], [ 21.9556189, 42.131075894143926 ], [ 21.9558764, 42.132921794144721 ], [ 21.9537735, 42.134608594145476 ], [ 21.9522285, 42.134544894145442 ], [ 21.9512415, 42.13565879414594 ], [ 21.952014, 42.136486194146279 ], [ 21.951584799999988, 42.137950094146909 ], [ 21.9478512, 42.138936594147403 ], [ 21.9482441, 42.139457094147623 ], [ 21.9468175, 42.140190294147928 ], [ 21.9466076, 42.140927394148228 ], [ 21.9426155, 42.139763994147771 ], [ 21.9414139, 42.140654994148164 ], [ 21.9359207, 42.141355094148452 ], [ 21.9335175, 42.143518894149416 ], [ 21.9329166, 42.143455194149382 ], [ 21.9296122, 42.141195894148382 ], [ 21.9292688, 42.139668494147742 ], [ 21.9298697, 42.138586494147255 ], [ 21.9286226, 42.138448594147143 ], [ 21.9287539, 42.137186294146616 ], [ 21.930728, 42.13495859414563 ], [ 21.9279814, 42.133176394144847 ], [ 21.9278526, 42.130534894143679 ], [ 21.9257069, 42.131298694144036 ], [ 21.9241619, 42.13104409414386 ], [ 21.9204358, 42.128722994142855 ], [ 21.91751, 42.130502994143669 ], [ 21.9156647, 42.1324443941445 ], [ 21.9122314, 42.133080994144841 ], [ 21.9097853, 42.131712394144202 ], [ 21.9093132, 42.130853094143809 ], [ 21.9071674, 42.131171394143962 ], [ 21.9011593, 42.128816194142914 ], [ 21.8948078, 42.129007194143007 ], [ 21.8936062, 42.127352094142296 ], [ 21.892662, 42.127606694142422 ], [ 21.8903446, 42.126524594141905 ], [ 21.888628, 42.127606694142415 ], [ 21.8870831, 42.125951594141675 ], [ 21.8851948, 42.128115994142604 ], [ 21.8798733, 42.130853094143795 ], [ 21.8773842, 42.133144594144838 ], [ 21.8758606, 42.133453194145005 ], [ 21.8759044, 42.134044894145198 ], [ 21.8750238, 42.134449394145392 ], [ 21.874938, 42.135085894145675 ], [ 21.8757963, 42.135467794145882 ], [ 21.875495899999986, 42.136072494146113 ], [ 21.871891, 42.137027194146562 ], [ 21.8699169, 42.136263394146205 ], [ 21.8669128, 42.136517994146296 ], [ 21.8659258, 42.139795794147744 ], [ 21.8639517, 42.142214194148821 ], [ 21.8636711, 42.144731494149951 ], [ 21.8606472, 42.144918894150038 ], [ 21.8519783, 42.143073394149184 ], [ 21.8436527, 42.142373294148932 ], [ 21.8424082, 42.139923094147832 ], [ 21.8398762, 42.139254794147512 ], [ 21.8391895, 42.138363794147139 ], [ 21.8371296, 42.137854594146916 ], [ 21.8361855, 42.138745594147316 ], [ 21.8341255, 42.137854594146916 ], [ 21.833353, 42.136645294146383 ], [ 21.8300056, 42.1367725941464 ], [ 21.8277311, 42.135404194145828 ], [ 21.8298769, 42.132348994144458 ], [ 21.8271303, 42.131839694144247 ], [ 21.8274736, 42.1308212941438 ], [ 21.8261862, 42.128975294142997 ], [ 21.8242121, 42.128720694142878 ], [ 21.8214359, 42.123655494140657 ], [ 21.8139553, 42.125378694141396 ], [ 21.8071747, 42.125824294141601 ], [ 21.800909, 42.126906494142105 ], [ 21.7955875, 42.126588194141945 ], [ 21.7905235, 42.125505994141442 ], [ 21.7878199, 42.125983494141686 ], [ 21.7829275, 42.13559509414592 ], [ 21.7782927, 42.139413894147609 ], [ 21.7769194, 42.141450494148522 ], [ 21.7758036, 42.147241694151042 ], [ 21.7727137, 42.14762359415122 ], [ 21.7724562, 42.15048709415246 ], [ 21.7713833, 42.151727994153042 ], [ 21.7696238, 42.152141594153214 ], [ 21.7692276, 42.154306794154145 ], [ 21.7739441, 42.156228594155024 ], [ 21.7710985, 42.165680794159151 ], [ 21.7715437, 42.172384094162112 ], [ 21.7685938, 42.178416094164803 ], [ 21.7679063, 42.188450794169164 ], [ 21.7706537, 42.192280594170875 ], [ 21.7775202, 42.19933879417394 ], [ 21.7750311, 42.209892994178581 ], [ 21.7764044, 42.215995794181303 ], [ 21.7726278, 42.219491894182831 ], [ 21.7724562, 42.222924294184352 ], [ 21.7693663, 42.227818194186476 ], [ 21.7681071, 42.234151994189247 ], [ 21.7734432, 42.233887494189133 ], [ 21.7760181, 42.234586594189416 ], [ 21.7779493, 42.236651894190345 ], [ 21.7788935, 42.239638494191652 ], [ 21.7838287, 42.243228594193255 ], [ 21.785717, 42.243800494193501 ], [ 21.7880344, 42.242847394193078 ], [ 21.7967614, 42.242648094192944 ], [ 21.7935705, 42.246882094194866 ], [ 21.7915964, 42.247771594195228 ], [ 21.7904806, 42.249296394195916 ], [ 21.7874765, 42.255268394198474 ], [ 21.7853308, 42.257872994199637 ], [ 21.7845583, 42.260286894200718 ], [ 21.7824554, 42.262097294201467 ], [ 21.7775631, 42.264638094202631 ], [ 21.7738705, 42.267781894203949 ], [ 21.7725225, 42.268255294204209 ], [ 21.7738033, 42.266026794203221 ], [ 21.7732018, 42.264341894202495 ], [ 21.7690705, 42.266166094203278 ], [ 21.7680668, 42.264018094202342 ], [ 21.7668337, 42.262834294201824 ], [ 21.7663391, 42.263249894201998 ], [ 21.7659356, 42.262870294201861 ], [ 21.7670894, 42.26157279420125 ], [ 21.7655515, 42.262010394201475 ], [ 21.7652291, 42.259664994200442 ], [ 21.7616797, 42.257996994199694 ], [ 21.7594449, 42.258281094199845 ], [ 21.756925, 42.256930294199243 ], [ 21.7504864, 42.261132194201082 ], [ 21.7448789, 42.261171894201084 ], [ 21.7413685, 42.260322094200724 ], [ 21.7336356, 42.260989494200992 ], [ 21.7320247, 42.26242189420163 ], [ 21.727261, 42.264653494202605 ], [ 21.7270845, 42.263168794201945 ], [ 21.7283308, 42.262404094201642 ], [ 21.7274679, 42.260930894200996 ], [ 21.7261047, 42.261336394201187 ], [ 21.7241989, 42.260730894200897 ], [ 21.7242164, 42.259457294200331 ], [ 21.7258968, 42.259573394200402 ], [ 21.7252847, 42.258034394199711 ], [ 21.7209789, 42.2573461941994 ], [ 21.7178997, 42.253687194197795 ], [ 21.7157095, 42.254825894198319 ], [ 21.7147157, 42.254419794198128 ], [ 21.7149159, 42.252831894197442 ], [ 21.7134718, 42.251872294197007 ], [ 21.7133595, 42.249333294195907 ], [ 21.7142429, 42.249232694195861 ], [ 21.7146086, 42.247824594195222 ], [ 21.7131616, 42.24674559419477 ], [ 21.7138953, 42.243856294193492 ], [ 21.7119992, 42.244171094193653 ], [ 21.7117625, 42.241244394192385 ], [ 21.7088515, 42.239285594191543 ], [ 21.7058688, 42.238783894191251 ], [ 21.7047998, 42.236728794190356 ], [ 21.7021501, 42.236885394190459 ], [ 21.7017061, 42.235246794189727 ], [ 21.7021966, 42.234006694189191 ], [ 21.6991199, 42.233831594189127 ], [ 21.6991536, 42.232471894188492 ], [ 21.6944386, 42.233132694188797 ], [ 21.691054, 42.238834194191305 ], [ 21.6883181, 42.23976819419169 ], [ 21.688376, 42.240155394191888 ], [ 21.6859719, 42.240402494191997 ], [ 21.684278, 42.242138394192715 ], [ 21.680736, 42.241916994192657 ], [ 21.6788284, 42.242787194193035 ], [ 21.6796334, 42.241114994192294 ], [ 21.6759227, 42.24072919419212 ], [ 21.6801691, 42.235602094189865 ], [ 21.6823578, 42.234164294189235 ], [ 21.6854128, 42.230249594187534 ], [ 21.6859814, 42.230344894187553 ], [ 21.6875693, 42.226857294186068 ], [ 21.6870141, 42.226823894186033 ], [ 21.6871187, 42.226158194185764 ], [ 21.6882452, 42.225888094185628 ], [ 21.6893852, 42.224313394184918 ], [ 21.6947174, 42.225036394185253 ], [ 21.6967861, 42.224837894185171 ], [ 21.6928032, 42.21793339418214 ], [ 21.6949528, 42.201658794175003 ], [ 21.6923714, 42.195127194172109 ], [ 21.693674, 42.194657594171943 ], [ 21.6944465, 42.194935794172061 ], [ 21.6931054, 42.192948594171142 ], [ 21.7004654, 42.193234794171296 ], [ 21.6992128, 42.192891394171141 ], [ 21.7003581, 42.192567094170997 ], [ 21.6980085, 42.192113994170789 ], [ 21.6993844, 42.192104494170806 ], [ 21.6993496, 42.191160094170385 ], [ 21.7008114, 42.191444694170492 ], [ 21.7010125, 42.190643394170152 ], [ 21.6996822, 42.190166494169915 ], [ 21.6964531, 42.190213794169964 ], [ 21.6960669, 42.187828994168868 ], [ 21.6918216, 42.187257894168667 ], [ 21.6889858, 42.18569849416798 ], [ 21.6854668, 42.184680894167514 ], [ 21.6764545, 42.178956694164974 ], [ 21.6722367, 42.177066594164167 ], [ 21.6768784, 42.172420194162129 ], [ 21.6742229, 42.17081479416138 ], [ 21.6709185, 42.170210494161132 ], [ 21.6715193, 42.165884594159252 ], [ 21.671176, 42.160794894157036 ], [ 21.6721201, 42.15513219415449 ], [ 21.669605, 42.152108194153186 ], [ 21.6668394, 42.151715894153007 ], [ 21.6660261, 42.153032394153598 ], [ 21.6628933, 42.154718594154325 ], [ 21.6605759, 42.154654994154292 ], [ 21.6574001, 42.155736694154811 ], [ 21.6521645, 42.154782194154393 ], [ 21.6478837, 42.155250494154579 ], [ 21.647572499999988, 42.153541494153821 ], [ 21.6450834, 42.153541494153828 ], [ 21.6450834, 42.152459694153322 ], [ 21.6461134, 42.15182339415307 ], [ 21.6466445, 42.148178394151437 ], [ 21.6475457, 42.148001394151407 ], [ 21.6465425, 42.140177694147972 ], [ 21.6454268, 42.138968394147412 ], [ 21.6461992, 42.135276894145804 ], [ 21.6431093, 42.132794494144704 ], [ 21.6439676, 42.131776094144222 ], [ 21.6425085, 42.129675494143306 ], [ 21.642766, 42.128975294142997 ], [ 21.6402233, 42.126824894142075 ], [ 21.6413927, 42.125983494141686 ], [ 21.6401052, 42.125155894141301 ], [ 21.6407919, 42.124391994140979 ], [ 21.6402769, 42.119680994138932 ], [ 21.6391611, 42.118089394138224 ], [ 21.6395044, 42.117070694137752 ], [ 21.6386461, 42.116561394137534 ], [ 21.6388178, 42.11516059413691 ], [ 21.6375303, 42.11414189413648 ], [ 21.6368437, 42.111722394135413 ], [ 21.6358566, 42.111117494135115 ], [ 21.6334963, 42.111212994135144 ], [ 21.6332388, 42.109812194134562 ], [ 21.6292048, 42.105609594132673 ], [ 21.6310156, 42.102692794131421 ], [ 21.6292906, 42.100323994130328 ], [ 21.6278315, 42.094082694127636 ], [ 21.624527, 42.094623994127858 ], [ 21.6229532, 42.091889594126606 ], [ 21.6185188, 42.093314394127269 ], [ 21.6167164, 42.091439494126469 ], [ 21.6136051, 42.092144094126752 ], [ 21.6139645, 42.091168694126345 ], [ 21.6115236, 42.090261194125901 ], [ 21.6101503, 42.088159194125019 ], [ 21.6126394, 42.082617394122508 ], [ 21.6110781, 42.081403894121976 ], [ 21.6180894, 42.081708894122123 ], [ 21.6237971, 42.079558894121185 ], [ 21.6289469, 42.079749994121293 ], [ 21.6294405, 42.076580594119868 ], [ 21.6306206, 42.07713809412013 ], [ 21.631568, 42.074866894119104 ], [ 21.6340571, 42.075201294119232 ], [ 21.6342684, 42.075927594119626 ], [ 21.6354486, 42.07454199411896 ], [ 21.6362425, 42.075131294119217 ], [ 21.637662, 42.074293494118855 ], [ 21.6395685, 42.074127794118802 ], [ 21.6404053, 42.072821794118234 ], [ 21.6414138, 42.074334894118905 ], [ 21.6419932, 42.073379194118452 ], [ 21.6433053, 42.073210394118391 ], [ 21.6445037, 42.072136894117904 ], [ 21.6433053, 42.071458294117619 ], [ 21.6443997, 42.07005659411697 ], [ 21.6439458, 42.06903159411651 ], [ 21.6449361, 42.068113294116138 ], [ 21.6431551, 42.065548694114995 ], [ 21.645258, 42.063605194114139 ], [ 21.6380901, 42.058311394111769 ], [ 21.6410494, 42.054646194110198 ], [ 21.6456842, 42.050503594108363 ], [ 21.6475418, 42.047795494107142 ], [ 21.6514661, 42.044458094105671 ], [ 21.654911, 42.046838794106755 ], [ 21.6566277, 42.046073894106414 ], [ 21.6602325, 42.04849589410744 ], [ 21.6646221, 42.04719399410687 ], [ 21.6642193, 42.046235194106472 ], [ 21.6670561, 42.045022194105925 ], [ 21.6671419, 42.042026394104596 ], [ 21.6683435, 42.041452694104343 ], [ 21.6680861, 42.037117994102452 ], [ 21.6673243, 42.035484494101674 ], [ 21.668247, 42.035082094101533 ], [ 21.6750813, 42.032559894100388 ], [ 21.6767979, 42.032432394100319 ], [ 21.677742, 42.033962494101004 ], [ 21.6820335, 42.033133694100677 ], [ 21.6915607, 42.033707494100931 ], [ 21.6965389, 42.032751194100484 ], [ 21.6988561, 42.030957294099693 ], [ 21.7007974, 42.031264594099859 ], [ 21.7016459, 42.024941094097017 ], [ 21.7000151, 42.016779394093383 ], [ 21.6968393, 42.012315494091411 ], [ 21.690967, 42.006105794088697 ], [ 21.6922045, 42.005874094088568 ], [ 21.6920328, 42.004279694087863 ], [ 21.6943883, 42.001045194086437 ], [ 21.6964531, 42.001122394086508 ], [ 21.7012596, 41.999464094085695 ], [ 21.7062378, 41.998889994085474 ], [ 21.7076969, 41.999400294085717 ], [ 21.7113018, 41.999400294085724 ], [ 21.7134476, 41.997741794084973 ], [ 21.7161083, 41.997167694084766 ], [ 21.716795, 41.995828194084098 ], [ 21.7181683, 41.995317894083911 ], [ 21.7192841, 41.995764394084055 ], [ 21.7215548, 41.992167994082472 ], [ 21.7244496, 41.992597894082671 ], [ 21.7275667, 41.989991294081555 ], [ 21.7268801, 41.987566994080467 ], [ 21.7281246, 41.98625919407985 ], [ 21.729455, 41.986035894079784 ], [ 21.7292404, 41.984536594079081 ], [ 21.7318153, 41.984472794079061 ], [ 21.7347336, 41.982813894078362 ], [ 21.7372656, 41.982399194078148 ], [ 21.7369223, 41.981569794077814 ], [ 21.7386389, 41.980229894077233 ], [ 21.7366648, 41.977167194075882 ], [ 21.7379951, 41.975986794075318 ], [ 21.7402267, 41.975667694075163 ], [ 21.742115, 41.973817294074344 ], [ 21.7467499, 41.974646794074701 ], [ 21.7495823, 41.973881094074365 ], [ 21.754303, 41.974901994074813 ], [ 21.7597961, 41.97783719407613 ], [ 21.7632294, 41.977262894075878 ], [ 21.7653751, 41.978985694076648 ], [ 21.7699242, 41.980899894077488 ], [ 21.7785072, 41.981729294077873 ], [ 21.7837429, 41.984345194079026 ], [ 21.7883778, 41.98581259407969 ], [ 21.7913818, 41.986003994079802 ], [ 21.7944717, 41.985365994079451 ], [ 21.7961745, 41.985874494079681 ], [ 21.7993212, 41.979655694076975 ], [ 21.7988062, 41.97614629407537 ], [ 21.8005657, 41.971902894073509 ], [ 21.8021107, 41.972477194073761 ], [ 21.8031406, 41.97139239407327 ], [ 21.8051147, 41.971137094073143 ], [ 21.8076897, 41.968393094071935 ], [ 21.8088055, 41.968520694072005 ], [ 21.8148136, 41.966797694071211 ], [ 21.816659, 41.965425594070631 ], [ 21.8173027, 41.964053394069978 ], [ 21.8206072, 41.96248979406932 ], [ 21.8213511, 41.960591094068477 ], [ 21.8249416, 41.960543194068471 ], [ 21.8297911, 41.961787794069018 ], [ 21.8309927, 41.965234094070532 ], [ 21.8347692, 41.969637494072487 ], [ 21.8388462, 41.97164759407341 ], [ 21.8408203, 41.973434394074197 ], [ 21.8442535, 41.97445539407466 ], [ 21.8463993, 41.975859194075277 ], [ 21.8492746, 41.978251994076366 ], [ 21.8501329, 41.980357494077268 ], [ 21.8569136, 41.982130094078038 ], [ 21.8516779, 41.986035894079777 ], [ 21.8489709, 41.991332894082127 ], [ 21.8488455, 41.994137794083343 ], [ 21.8503904, 41.994711894083629 ], [ 21.8509054, 41.995987694084199 ], [ 21.853523299999988, 41.998507294085321 ], [ 21.8573856, 42.000038094085987 ], [ 21.8658829, 41.997741794084973 ], [ 21.8675566, 41.999687294085838 ], [ 21.8675566, 42.004152094087836 ], [ 21.8736345, 42.010812794090775 ], [ 21.8786716, 42.0108805940908 ], [ 21.8856239, 42.012985094091732 ], [ 21.8925762, 42.011454494091062 ], [ 21.894207, 42.014834394092588 ], [ 21.8965244, 42.014961994092602 ], [ 21.8991852, 42.016619994093332 ], [ 21.9022751, 42.017640194093779 ], [ 21.9030476, 42.018532994094194 ], [ 21.9042492, 42.018532994094208 ], [ 21.9057941, 42.01693879409347 ], [ 21.910429, 42.017448894093711 ], [ 21.9133472, 42.016874994093463 ], [ 21.9156218, 42.019840194094748 ], [ 21.9155407, 42.020702994095146 ], [ 21.9172096, 42.021529894095529 ], [ 21.9191837, 42.021147294095329 ], [ 21.9221878, 42.016874994093456 ], [ 21.9233036, 42.017512694093732 ], [ 21.924977299999988, 42.01722569409359 ], [ 21.9263506, 42.015695294092929 ], [ 21.9262648, 42.014993794092611 ], [ 21.9274664, 42.014356094092356 ], [ 21.9323587, 42.006511894088881 ], [ 21.9331312, 42.002621294087128 ], [ 21.9362211, 41.997646194084943 ], [ 21.9365644, 41.994839494083713 ], [ 21.9373369, 41.993946394083288 ], [ 21.936307, 41.986035894079784 ], [ 21.9370218, 41.984658194079138 ], [ 21.9382811, 41.985334094079469 ], [ 21.9393969, 41.987566994080467 ], [ 21.9424868, 41.989672294081373 ], [ 21.9442463, 41.992128294082448 ], [ 21.9464779, 41.992511094082644 ], [ 21.9510269, 41.995317894083911 ], [ 21.954546, 41.995381694083896 ], [ 21.9565201, 41.997167694084759 ], [ 21.9590092, 41.996848794084535 ], [ 21.9608974, 41.99761429408494 ], [ 21.9639874, 42.000356994086147 ], [ 21.9683647, 42.00278079408718 ], [ 21.9736004, 42.003673694087588 ], [ 21.9765186, 42.00278079408718 ], [ 21.9809818, 42.004821794088109 ], [ 21.9845867, 42.005076894088226 ], [ 21.98596, 42.005969794088642 ], [ 21.9902086, 42.004343394087918 ], [ 21.9916677, 42.005300094088319 ], [ 21.9932985, 42.007787494089435 ], [ 21.9894535, 42.007236094089208 ], [ 21.9882863, 42.007681494089347 ], [ 21.9832992, 42.01066119409068 ], [ 21.9817652, 42.012201694091345 ], [ 21.9827615, 42.013100594091817 ], [ 21.982221, 42.013319094091855 ], [ 21.9816794, 42.012801694091607 ], [ 21.9787672, 42.014294394092325 ], [ 21.9783971, 42.015484294092843 ], [ 21.9768999, 42.014411194092332 ], [ 21.977103499999988, 42.01571319409296 ], [ 21.9785377, 42.016736694093382 ], [ 21.9784197, 42.017514894093736 ], [ 21.9835967, 42.022596394095977 ], [ 21.9826125, 42.02380469409654 ], [ 21.984293199999989, 42.025701894097352 ], [ 21.982398, 42.029149094098905 ], [ 21.9805527, 42.030201094099326 ], [ 21.9780207, 42.030742994099569 ], [ 21.977334, 42.03495059410146 ], [ 21.9741583, 42.038392994102963 ], [ 21.9707251, 42.040496594103914 ], [ 21.9708109, 42.046551994106593 ], [ 21.9690514, 42.052688494109326 ] ] ] } },
{ "type": "Feature", "properties": { "admin_id": "2586114", "name_local": "Општина Старо Нагоричане", "name_en": "Municipality of Staro Nagorichane", "name_en_status": "OSM_NAME_EN", "source_name": "Општина Старо Нагоричане", "source_admin_level": "7", "source_osm_relation_id": "2586114", "source_name_en": "Municipality of Staro Nagorichane" }, "geometry": { "type": "Polygon", "coordinates": [ [ [ 22.0379326, 42.18078019416577 ], [ 22.0390034, 42.182582094166577 ], [ 22.0428658, 42.182582094166591 ], [ 22.044754, 42.183472494167006 ], [ 22.046299, 42.183408894166973 ], [ 22.0524788, 42.186398094168283 ], [ 22.054882, 42.186588894168388 ], [ 22.0566845, 42.188115194168994 ], [ 22.0593452, 42.188369594169124 ], [ 22.0604342, 42.189502394169622 ], [ 22.0609331, 42.192852894171146 ], [ 22.0597315, 42.197749194173269 ], [ 22.0566416, 42.200356194174397 ], [ 22.05338, 42.204298194176147 ], [ 22.051749199999989, 42.208239994177838 ], [ 22.0519906, 42.211955094179515 ], [ 22.0504618, 42.214152294180465 ], [ 22.0499468, 42.217584894181961 ], [ 22.047801, 42.219618994182873 ], [ 22.046771, 42.222034394183922 ], [ 22.0430374, 42.222447594184089 ], [ 22.0408149, 42.224529094184994 ], [ 22.0438099, 42.224227194184877 ], [ 22.0455265, 42.226133994185702 ], [ 22.0477152, 42.226928494186048 ], [ 22.0478868, 42.231440794188096 ], [ 22.0496893, 42.233410894188907 ], [ 22.0490026, 42.237160294190559 ], [ 22.0516634, 42.239511394191616 ], [ 22.0514059, 42.24249789419293 ], [ 22.048316, 42.246119694194476 ], [ 22.047801, 42.255268394198467 ], [ 22.0454407, 42.256761294199165 ], [ 22.0436382, 42.256443594198998 ], [ 22.0421791, 42.258222394199819 ], [ 22.0378876, 42.259111694200165 ], [ 22.0368147, 42.261239694201144 ], [ 22.0344543, 42.262160794201513 ], [ 22.0338106, 42.263208894201952 ], [ 22.0342398, 42.264860394202735 ], [ 22.0363855, 42.267210494203695 ], [ 22.0375872, 42.267655094203953 ], [ 22.0396931, 42.270678394205234 ], [ 22.041235, 42.270227494205052 ], [ 22.0432949, 42.272069294205849 ], [ 22.0494747, 42.273148994206323 ], [ 22.0524788, 42.272005794205811 ], [ 22.0542812, 42.272640894206106 ], [ 22.0573711, 42.275435294207327 ], [ 22.0618343, 42.275562294207411 ], [ 22.064023, 42.278261394208585 ], [ 22.0657396, 42.282007994210247 ], [ 22.0675421, 42.283150994210686 ], [ 22.0682287, 42.288738794213138 ], [ 22.0694304, 42.291786494214506 ], [ 22.0670271, 42.295468794216113 ], [ 22.0673704, 42.29642119421657 ], [ 22.0663404, 42.297119494216844 ], [ 22.0666838, 42.297944794217187 ], [ 22.0641611, 42.299467294217855 ], [ 22.0622504, 42.30278479421932 ], [ 22.0610034, 42.303685394219727 ], [ 22.0592313, 42.304361894219994 ], [ 22.0586919, 42.303926794219819 ], [ 22.0544551, 42.304029094219857 ], [ 22.0536198, 42.305859394220661 ], [ 22.05136, 42.307471894221344 ], [ 22.0434428, 42.307089894221214 ], [ 22.0413483, 42.305998894220714 ], [ 22.0375634, 42.300867394218457 ], [ 22.0318972, 42.298126494217257 ], [ 22.0310674, 42.299183494217729 ], [ 22.0295827, 42.299010394217682 ], [ 22.0278315, 42.300005294218089 ], [ 22.0259236, 42.299318294217805 ], [ 22.0247047, 42.30051569421834 ], [ 22.0230755, 42.300626994218405 ], [ 22.022691, 42.301762794218845 ], [ 22.0215449, 42.302108394218983 ], [ 22.0216932, 42.303221294219497 ], [ 22.0187734, 42.305286394220431 ], [ 22.0187829, 42.30702109422117 ], [ 22.017645, 42.307968194221544 ], [ 22.0136706, 42.308744294221889 ], [ 22.008578, 42.310703394222799 ], [ 22.008147, 42.312069994223378 ], [ 22.0073574, 42.31246079422354 ], [ 22.0076488, 42.313589094224028 ], [ 22.0064606, 42.314973794224663 ], [ 22.002441, 42.316130594225129 ], [ 21.9993529, 42.318371194226138 ], [ 21.9973955, 42.319051594226451 ], [ 21.9969886, 42.320693294227148 ], [ 21.9957747, 42.320644394227124 ], [ 21.9928267, 42.322877894228114 ], [ 21.9906184, 42.322500394227895 ], [ 21.9891952, 42.32347569422835 ], [ 21.9868911, 42.323867694228539 ], [ 21.9862495, 42.325411394229171 ], [ 21.9837059, 42.324866194228953 ], [ 21.9822741, 42.325623594229292 ], [ 21.9804964, 42.325371994229158 ], [ 21.9798156, 42.326515794229714 ], [ 21.9784488, 42.326113194229528 ], [ 21.9779525, 42.327200294229975 ], [ 21.9766189, 42.327139594229941 ], [ 21.9767133, 42.328122094230402 ], [ 21.9743181, 42.328130994230371 ], [ 21.9724773, 42.330403894231381 ], [ 21.9709581, 42.330390894231378 ], [ 21.970155, 42.331541494231864 ], [ 21.9691038, 42.331643094231943 ], [ 21.9664653, 42.333459394232719 ], [ 21.9654302, 42.335012994233395 ], [ 21.9638657, 42.335340794233538 ], [ 21.9624233, 42.334931594233375 ], [ 21.9607919, 42.337242094234377 ], [ 21.958082, 42.338415494234887 ], [ 21.9572315, 42.339951294235561 ], [ 21.9547835, 42.340579194235808 ], [ 21.9530829, 42.340391294235744 ], [ 21.9516358, 42.341392394236195 ], [ 21.9504113, 42.341150194236036 ], [ 21.9490758, 42.342480394236638 ], [ 21.9481655, 42.342579894236657 ], [ 21.9479843, 42.343985794237319 ], [ 21.9459934, 42.344588594237599 ], [ 21.945115199999989, 42.343525894237125 ], [ 21.9376832, 42.341846594236351 ], [ 21.9349947, 42.340338994235694 ], [ 21.9336253, 42.340930894235974 ], [ 21.9330375, 42.340643494235849 ], [ 21.9347837, 42.339690994235461 ], [ 21.9342758, 42.338968194235107 ], [ 21.9330429, 42.339171994235151 ], [ 21.9323171, 42.338523794234895 ], [ 21.9342437, 42.337683794234565 ], [ 21.9337583, 42.337261394234346 ], [ 21.9346916, 42.33638449423399 ], [ 21.9330702, 42.334785894233278 ], [ 21.933623, 42.334061794233001 ], [ 21.9327986, 42.332542394232313 ], [ 21.933446299999989, 42.330079694231223 ], [ 21.9303654, 42.324894294228969 ], [ 21.9304753, 42.319330394226569 ], [ 21.9296287, 42.317786894225883 ], [ 21.9295683, 42.314253694224327 ], [ 21.9283035, 42.310012494222477 ], [ 21.9238424, 42.306734894221044 ], [ 21.9215565, 42.306014194220722 ], [ 21.9206974, 42.306384294220891 ], [ 21.9180663, 42.30586199422067 ], [ 21.9113576, 42.303857194219745 ], [ 21.9087563, 42.303991594219859 ], [ 21.8991657, 42.301190794218584 ], [ 21.8961481, 42.301514894218762 ], [ 21.8934322, 42.300214794218192 ], [ 21.8907817, 42.303589794219683 ], [ 21.8893012, 42.304469894220041 ], [ 21.8885252, 42.306808894221085 ], [ 21.8866268, 42.307738794221464 ], [ 21.8849681, 42.312477094223603 ], [ 21.8819393, 42.313564894224022 ], [ 21.880655, 42.312239894223431 ], [ 21.877293, 42.311764094223243 ], [ 21.8763708, 42.30971829422235 ], [ 21.8738076, 42.310829494222837 ], [ 21.8734918, 42.308500594221798 ], [ 21.8717995, 42.308684694221895 ], [ 21.8703384, 42.309629994222334 ], [ 21.8690934, 42.309262294222123 ], [ 21.8676521, 42.311512494223109 ], [ 21.867897, 42.312043194223342 ], [ 21.867105, 42.31246289422355 ], [ 21.8676963, 42.313593794223991 ], [ 21.86706, 42.31486189422457 ], [ 21.8661654, 42.315191494224713 ], [ 21.8662262, 42.31690609422548 ], [ 21.8635353, 42.318632294226205 ], [ 21.8599458, 42.319516894226602 ], [ 21.8585395, 42.320594394227093 ], [ 21.8585204, 42.322122194227752 ], [ 21.8571481, 42.323255794228238 ], [ 21.8524731, 42.324348494228722 ], [ 21.8516436, 42.325805094229359 ], [ 21.8462964, 42.325364994229183 ], [ 21.8440664, 42.325706094229311 ], [ 21.8426855, 42.32469849422889 ], [ 21.8380981, 42.323615994228426 ], [ 21.8342154, 42.321656694227592 ], [ 21.8336488, 42.319488694226607 ], [ 21.8345841, 42.317804994225845 ], [ 21.8339418, 42.315807294224996 ], [ 21.8357475, 42.311512594223132 ], [ 21.8302337, 42.308431794221775 ], [ 21.82823, 42.306206794220813 ], [ 21.8259724, 42.305455694220456 ], [ 21.8247291, 42.303374494219554 ], [ 21.8235264, 42.30320579421948 ], [ 21.8256695, 42.301408594218671 ], [ 21.823449299999989, 42.298727094217504 ], [ 21.8192649, 42.296833594216693 ], [ 21.8153133, 42.293806894215372 ], [ 21.8126252, 42.293732194215373 ], [ 21.8093258, 42.292635994214869 ], [ 21.8087261, 42.293425494215228 ], [ 21.8056499, 42.293381694215221 ], [ 21.8023495, 42.294070394215488 ], [ 21.799898, 42.296101694216397 ], [ 21.7950846, 42.298627994217512 ], [ 21.7935007, 42.295932694216326 ], [ 21.7937208, 42.292790894214924 ], [ 21.7926562, 42.29134849421429 ], [ 21.7925258, 42.289717294213609 ], [ 21.7895227, 42.284579194211361 ], [ 21.787845, 42.285151894211587 ], [ 21.7865491, 42.284405794211267 ], [ 21.7858683, 42.282724194210559 ], [ 21.7869742, 42.282922094210633 ], [ 21.7867138, 42.281422294209968 ], [ 21.7854996, 42.279723894209226 ], [ 21.7792489, 42.278191594208558 ], [ 21.7778633, 42.275928594207535 ], [ 21.780779899999988, 42.275968694207556 ], [ 21.7796557, 42.272928594206213 ], [ 21.7810422, 42.272540894206067 ], [ 21.7803795, 42.271780894205769 ], [ 21.7786983, 42.271577494205658 ], [ 21.7781208, 42.271958594205813 ], [ 21.7781036, 42.271613294205714 ], [ 21.7774076, 42.272073294205867 ], [ 21.7770387, 42.270916094205361 ], [ 21.7750875, 42.271471294205618 ], [ 21.7796985, 42.268234994204192 ], [ 21.7793031, 42.267596294203884 ], [ 21.7776065, 42.26836489420424 ], [ 21.7769163, 42.267546194203874 ], [ 21.7787315, 42.266959094203621 ], [ 21.7771317, 42.265008494202753 ], [ 21.7824554, 42.262097294201467 ], [ 21.7845583, 42.260286894200718 ], [ 21.7853308, 42.257872994199637 ], [ 21.7874765, 42.255268394198474 ], [ 21.7904806, 42.249296394195916 ], [ 21.7915964, 42.247771594195228 ], [ 21.7935705, 42.246882094194866 ], [ 21.7967614, 42.242648094192944 ], [ 21.7880344, 42.242847394193078 ], [ 21.785717, 42.243800494193501 ], [ 21.7838287, 42.243228594193255 ], [ 21.7788935, 42.239638494191652 ], [ 21.7779493, 42.236651894190345 ], [ 21.7760181, 42.234586594189416 ], [ 21.7734432, 42.233887494189133 ], [ 21.7681071, 42.234151994189247 ], [ 21.7693663, 42.227818194186476 ], [ 21.7724562, 42.222924294184352 ], [ 21.7726278, 42.219491894182831 ], [ 21.7764044, 42.215995794181303 ], [ 21.7750311, 42.209892994178581 ], [ 21.7775202, 42.19933879417394 ], [ 21.7706537, 42.192280594170875 ], [ 21.7679063, 42.188450794169164 ], [ 21.7685938, 42.178416094164803 ], [ 21.7715437, 42.172384094162112 ], [ 21.7710985, 42.165680794159151 ], [ 21.7739441, 42.156228594155024 ], [ 21.7692276, 42.154306794154145 ], [ 21.7696238, 42.152141594153214 ], [ 21.7713833, 42.151727994153042 ], [ 21.7724562, 42.15048709415246 ], [ 21.7727137, 42.14762359415122 ], [ 21.7758036, 42.147241694151042 ], [ 21.7769194, 42.141450494148522 ], [ 21.7782927, 42.139413894147609 ], [ 21.7829275, 42.13559509414592 ], [ 21.7881203, 42.125760694141569 ], [ 21.7905235, 42.125505994141442 ], [ 21.7955875, 42.126588194141945 ], [ 21.800909, 42.126906494142105 ], [ 21.8071747, 42.125824294141601 ], [ 21.8139553, 42.125378694141396 ], [ 21.8214359, 42.123655494140657 ], [ 21.8242121, 42.128720694142878 ], [ 21.8261862, 42.128975294142997 ], [ 21.8274736, 42.1308212941438 ], [ 21.8271303, 42.131839694144247 ], [ 21.8298769, 42.132348994144458 ], [ 21.8277311, 42.135404194145828 ], [ 21.8300056, 42.1367725941464 ], [ 21.833353, 42.136645294146383 ], [ 21.8341255, 42.137854594146916 ], [ 21.8361855, 42.138745594147316 ], [ 21.8371296, 42.137854594146916 ], [ 21.8391895, 42.138363794147139 ], [ 21.8398762, 42.139254794147512 ], [ 21.8424082, 42.139923094147832 ], [ 21.8436527, 42.142373294148932 ], [ 21.8519783, 42.143073394149184 ], [ 21.8622102, 42.145025994150068 ], [ 21.8636711, 42.144731494149951 ], [ 21.8639517, 42.142214194148821 ], [ 21.8659258, 42.139795794147744 ], [ 21.8669128, 42.136517994146296 ], [ 21.8699169, 42.136263394146205 ], [ 21.871891, 42.137027194146562 ], [ 21.875495899999986, 42.136072494146113 ], [ 21.8757963, 42.135467794145882 ], [ 21.874938, 42.135085894145675 ], [ 21.8750238, 42.134449394145392 ], [ 21.8759044, 42.134044894145198 ], [ 21.8758606, 42.133453194145005 ], [ 21.8773842, 42.133144594144838 ], [ 21.8798733, 42.130853094143795 ], [ 21.8851948, 42.128115994142604 ], [ 21.8870831, 42.125951594141675 ], [ 21.888628, 42.127606694142415 ], [ 21.8903446, 42.126524594141905 ], [ 21.892662, 42.127606694142422 ], [ 21.8936062, 42.127352094142296 ], [ 21.8948078, 42.129007194143007 ], [ 21.9011593, 42.128816194142914 ], [ 21.9071674, 42.131171394143962 ], [ 21.9093132, 42.130853094143809 ], [ 21.9097853, 42.131712394144202 ], [ 21.9122314, 42.133080994144841 ], [ 21.9156647, 42.1324443941445 ], [ 21.91751, 42.130502994143669 ], [ 21.9204358, 42.128722994142855 ], [ 21.9241619, 42.13104409414386 ], [ 21.9257069, 42.131298694144036 ], [ 21.9280672, 42.130693994143748 ], [ 21.9279814, 42.133176394144847 ], [ 21.930728, 42.13495859414563 ], [ 21.9287539, 42.137186294146616 ], [ 21.9286226, 42.138448594147143 ], [ 21.9298697, 42.138586494147255 ], [ 21.9292688, 42.139668494147742 ], [ 21.9296122, 42.141195894148382 ], [ 21.9335175, 42.143518894149416 ], [ 21.9359207, 42.141355094148452 ], [ 21.9414139, 42.140654994148164 ], [ 21.9426155, 42.139763994147771 ], [ 21.9466076, 42.140927394148228 ], [ 21.9468175, 42.140190294147928 ], [ 21.9482441, 42.139457094147623 ], [ 21.9478512, 42.138936594147403 ], [ 21.951584799999988, 42.137950094146909 ], [ 21.952014, 42.136486194146279 ], [ 21.9512415, 42.13565879414594 ], [ 21.9522285, 42.134544894145442 ], [ 21.9537735, 42.134608594145476 ], [ 21.9558764, 42.132921794144721 ], [ 21.9556189, 42.131075894143926 ], [ 21.9569063, 42.129866494143428 ], [ 21.9553614, 42.127956794142541 ], [ 21.9564754, 42.125732494141587 ], [ 21.960125, 42.124742094141119 ], [ 21.9638157, 42.120731394139355 ], [ 21.9678497, 42.119330794138747 ], [ 21.9705105, 42.12155909413972 ], [ 21.9723988, 42.120795094139403 ], [ 21.9736004, 42.121240794139567 ], [ 21.9757462, 42.120922394139427 ], [ 21.9765186, 42.121877394139844 ], [ 21.9778061, 42.121686394139807 ], [ 21.9783211, 42.12264129414018 ], [ 21.9822693, 42.122704994140236 ], [ 21.9828701, 42.123978194140776 ], [ 21.9843292, 42.123659894140687 ], [ 21.9865608, 42.124551094141069 ], [ 21.9877195, 42.12591979414168 ], [ 21.9872046, 42.126619994141976 ], [ 21.9894361, 42.128657094142845 ], [ 21.9887495, 42.129420894143195 ], [ 21.9894361, 42.130821294143814 ], [ 21.9905949, 42.130853094143795 ], [ 21.9925261, 42.132348994144458 ], [ 21.9933414, 42.134863194145602 ], [ 21.9952726, 42.134894994145597 ], [ 21.9944961, 42.135146294145727 ], [ 21.9949666, 42.135691994145965 ], [ 21.9945002, 42.137440894146742 ], [ 21.9969034, 42.140750394148178 ], [ 21.9961309, 42.14342339414938 ], [ 21.997246699999987, 42.147178094151023 ], [ 21.9967318, 42.150296194152354 ], [ 22.000165, 42.154623194154304 ], [ 21.9997358, 42.156913794155294 ], [ 22.0018816, 42.16028589415675 ], [ 22.0024824, 42.164803094158771 ], [ 22.0041132, 42.168810894160572 ], [ 22.0021391, 42.172118794161982 ], [ 22.0041132, 42.175490194163494 ], [ 22.0045424, 42.180133394165523 ], [ 22.001195, 42.184013094167234 ], [ 21.9995213, 42.184617294167488 ], [ 21.9981055, 42.186204594168188 ], [ 22.0031261, 42.187606394168817 ], [ 22.0061302, 42.185825694168045 ], [ 22.0100784, 42.186334494168236 ], [ 22.0151424, 42.185126094167728 ], [ 22.0167732, 42.184235694167334 ], [ 22.0242405, 42.185380494167802 ], [ 22.025528, 42.184362894167364 ], [ 22.0328236, 42.182709294166628 ], [ 22.0379326, 42.18078019416577 ] ] ] } },
{ "type": "Feature", "properties": { "admin_id": "2587448", "name_local": "Општина Кратово", "name_en": "Municipality of Kratovo", "name_en_status": "OSM_NAME_EN", "source_name": "Општина Кратово", "source_admin_level": "7", "source_osm_relation_id": "2587448", "source_name_en": "Municipality of Kratovo" }, "geometry": { "type": "Polygon", "coordinates": [ [ [ 22.0379326, 42.18078019416577 ], [ 22.0440245, 42.175553794163498 ], [ 22.0476294, 42.171419094161692 ], [ 22.0477152, 42.170528494161282 ], [ 22.0547104, 42.16515299415893 ], [ 22.0584011, 42.164580394158719 ], [ 22.0596886, 42.165598294159167 ], [ 22.0610619, 42.165025694158878 ], [ 22.0638084, 42.165916394159282 ], [ 22.0652676, 42.165343794159035 ], [ 22.0674992, 42.165979994159308 ], [ 22.0700741, 42.16515299415893 ], [ 22.0720482, 42.165204694158966 ], [ 22.0728636, 42.163085294158044 ], [ 22.0722091, 42.162246294157633 ], [ 22.0689154, 42.161558394157368 ], [ 22.0661688, 42.156404794155094 ], [ 22.0698595, 42.15131439415287 ], [ 22.075172, 42.14810169415145 ], [ 22.0755243, 42.149278094151938 ], [ 22.0823479, 42.152809694153511 ], [ 22.0846653, 42.150455294152408 ], [ 22.0861673, 42.149978094152196 ], [ 22.0850086, 42.145809894150439 ], [ 22.0880985, 42.145937194150484 ], [ 22.0899868, 42.145046194150076 ], [ 22.0982265, 42.143327894149358 ], [ 22.1021748, 42.144727994149932 ], [ 22.1057796, 42.143136994149252 ], [ 22.1064663, 42.145173494150129 ], [ 22.1099854, 42.144918894150038 ], [ 22.1165085, 42.148609894151662 ], [ 22.1177101, 42.148164494151459 ], [ 22.1185255, 42.146541694150699 ], [ 22.118268, 42.145650794150356 ], [ 22.1169806, 42.144823494149954 ], [ 22.1164656, 42.142214194148821 ], [ 22.1193838, 42.140941394148271 ], [ 22.1214437, 42.137186294146623 ], [ 22.1214437, 42.135722394146001 ], [ 22.1198559, 42.132953694144732 ], [ 22.1209717, 42.133399194144943 ], [ 22.1264648, 42.1330172941448 ], [ 22.1282244, 42.130884994143855 ], [ 22.1310139, 42.128879794142932 ], [ 22.1353912, 42.126715494141983 ], [ 22.1384811, 42.126651894142007 ], [ 22.1417427, 42.124360194140962 ], [ 22.143201799999989, 42.124041894140795 ], [ 22.1478796, 42.119426294138798 ], [ 22.1485662, 42.11745269413791 ], [ 22.151354, 42.113989794136373 ], [ 22.1572486, 42.110356694134786 ], [ 22.1624279, 42.110544494134842 ], [ 22.1701527, 42.113282394136071 ], [ 22.1726418, 42.113600694136238 ], [ 22.1733284, 42.114301094136536 ], [ 22.1749592, 42.114364794136577 ], [ 22.1785641, 42.11621119413735 ], [ 22.1887779, 42.116274794137404 ], [ 22.1911812, 42.118312194138319 ], [ 22.1956444, 42.117166194137802 ], [ 22.1981335, 42.117802894138087 ], [ 22.2017384, 42.117611894137994 ], [ 22.2067165, 42.118885194138535 ], [ 22.210364299999988, 42.123246094140463 ], [ 22.2094202, 42.12553789414148 ], [ 22.2055578, 42.128211494142647 ], [ 22.2052681, 42.128955394142963 ], [ 22.206974, 42.130662194143746 ], [ 22.208347299999989, 42.130853094143795 ], [ 22.2137117, 42.135976994146063 ], [ 22.2151279, 42.136645294146383 ], [ 22.2187328, 42.135945194146089 ], [ 22.2203636, 42.135054094145687 ], [ 22.2212648, 42.136422494146238 ], [ 22.2235394, 42.137727294146849 ], [ 22.2247329, 42.136581694146379 ], [ 22.2265434, 42.1367725941464 ], [ 22.2330666, 42.134099394145238 ], [ 22.2352552, 42.132603594144641 ], [ 22.2357273, 42.130725794143778 ], [ 22.2377443, 42.131521494144117 ], [ 22.2412205, 42.135499594145863 ], [ 22.2433662, 42.134608594145483 ], [ 22.246542, 42.135054094145687 ], [ 22.2474861, 42.134099394145238 ], [ 22.2497177, 42.133271894144862 ], [ 22.259860299999989, 42.133284894144886 ], [ 22.2599951, 42.133691394145067 ], [ 22.2634506, 42.1316805941442 ], [ 22.2643089, 42.132953694144732 ], [ 22.2680855, 42.133781094145142 ], [ 22.2727203, 42.133972094145221 ], [ 22.2740078, 42.135117794145707 ], [ 22.2752953, 42.134735894145514 ], [ 22.2771835, 42.136327094146246 ], [ 22.2802708, 42.136429494146284 ], [ 22.2808743, 42.137154494146621 ], [ 22.2864532, 42.137345394146692 ], [ 22.288599, 42.136708994146382 ], [ 22.2935772, 42.137790994146869 ], [ 22.2990704, 42.137281794146695 ], [ 22.3027182, 42.142596094149013 ], [ 22.3025036, 42.145491694150259 ], [ 22.3041693, 42.147090594151003 ], [ 22.3052743, 42.146495894150718 ], [ 22.3045206, 42.14380529414953 ], [ 22.308898, 42.139413894147609 ], [ 22.3082113, 42.135467794145882 ], [ 22.3058058, 42.13291489414474 ], [ 22.3123741, 42.129579994143249 ], [ 22.3137474, 42.129643694143276 ], [ 22.316923100000011, 42.131107694143942 ], [ 22.3200989, 42.129770994143328 ], [ 22.3241329, 42.130025594143476 ], [ 22.3246908, 42.131967094144322 ], [ 22.3264503, 42.13199889414431 ], [ 22.3273945, 42.133590194145036 ], [ 22.3297119, 42.132380794144495 ], [ 22.3350334, 42.130853094143816 ], [ 22.3356342, 42.128879794142925 ], [ 22.3387241, 42.127097494142177 ], [ 22.3403549, 42.127161094142203 ], [ 22.341814, 42.125124094141306 ], [ 22.3447323, 42.124169194140869 ], [ 22.3493671, 42.12028579413915 ], [ 22.3516846, 42.119458194138772 ], [ 22.3528004, 42.119712794138927 ], [ 22.3537445, 42.118503194138377 ], [ 22.3546886, 42.11875779413846 ], [ 22.3570919, 42.11729349413784 ], [ 22.3602676, 42.116720494137574 ], [ 22.3634026, 42.114813294136759 ], [ 22.3628855, 42.112486494135702 ], [ 22.3637438, 42.111658794135359 ], [ 22.3634005, 42.11032159413476 ], [ 22.3674345, 42.105036494132442 ], [ 22.371726, 42.102361894131256 ], [ 22.3795366, 42.093891594127513 ], [ 22.3864031, 42.090133794125848 ], [ 22.3876905, 42.087267494124625 ], [ 22.3870039, 42.08567499412392 ], [ 22.384901, 42.085961694123995 ], [ 22.3830128, 42.085579494123827 ], [ 22.3820257, 42.084783194123503 ], [ 22.381382, 42.082712994122588 ], [ 22.3793221, 42.083095194122762 ], [ 22.3793221, 42.081120394121896 ], [ 22.3737431, 42.079145594121002 ], [ 22.369666099999989, 42.075673494119449 ], [ 22.3674345, 42.071850894117752 ], [ 22.3677778, 42.065734194115123 ], [ 22.3644733, 42.06328099411401 ], [ 22.3624563, 42.063057894113925 ], [ 22.3620272, 42.060254094112679 ], [ 22.3606539, 42.058151194111737 ], [ 22.3612547, 42.057004094111235 ], [ 22.3606539, 42.055920794110726 ], [ 22.363143, 42.051204694108648 ], [ 22.3634863, 42.048081694107267 ], [ 22.3625422, 42.045914594106343 ], [ 22.3628855, 42.044193594105572 ], [ 22.361047, 42.042013494104616 ], [ 22.357564, 42.046042094106362 ], [ 22.3567057, 42.050885994108498 ], [ 22.355032, 42.051746394108896 ], [ 22.3505688, 42.052638594109297 ], [ 22.3468351, 42.054901094110271 ], [ 22.3452044, 42.057131594111269 ], [ 22.3447752, 42.05936199411228 ], [ 22.3409557, 42.062834894113799 ], [ 22.336235, 42.064810294114665 ], [ 22.3316002, 42.065638594115043 ], [ 22.328167, 42.067422694115855 ], [ 22.3258495, 42.067486394115875 ], [ 22.3209572, 42.070098794117037 ], [ 22.3144341, 42.068951894116545 ], [ 22.3118591, 42.069716494116861 ], [ 22.3026752, 42.069971294116947 ], [ 22.3020315, 42.069557194116797 ], [ 22.3014736, 42.066466994115409 ], [ 22.2985554, 42.06710409411567 ], [ 22.2964954, 42.066084594115246 ], [ 22.2942638, 42.068250994116191 ], [ 22.2923756, 42.068824494116427 ], [ 22.2881699, 42.066721794115523 ], [ 22.2837067, 42.068824494116434 ], [ 22.2743511, 42.068187294116186 ], [ 22.2712612, 42.06856959411634 ], [ 22.2686005, 42.070226194117083 ], [ 22.2686371, 42.070777694117318 ], [ 22.2674417, 42.069812094116877 ], [ 22.2666693, 42.067964294116081 ], [ 22.2675276, 42.066052794115208 ], [ 22.2656393, 42.064268594114409 ], [ 22.2657251, 42.063376594114025 ], [ 22.264266, 42.061464894113207 ], [ 22.2658968, 42.058660994111975 ], [ 22.2671843, 42.05827869411177 ], [ 22.2665834, 42.056685494111072 ], [ 22.2681284, 42.056175694110806 ], [ 22.2671843, 42.055092294110395 ], [ 22.2689867, 42.05216069410907 ], [ 22.2705317, 42.051204694108641 ], [ 22.2707891, 42.050057494108174 ], [ 22.2699308, 42.049292594107797 ], [ 22.2707033, 42.04795419410722 ], [ 22.2689438, 42.047476194106991 ], [ 22.2683859, 42.046360794106491 ], [ 22.2695017, 42.043874894105421 ], [ 22.2690725, 42.041580194104398 ], [ 22.2699308, 42.037500494102581 ], [ 22.2692442, 42.034631894101338 ], [ 22.2700167, 42.032528094100414 ], [ 22.2691584, 42.030934194099679 ], [ 22.2674417, 42.029722894099166 ], [ 22.2673559, 42.026343794097677 ], [ 22.2656393, 42.026216294097637 ], [ 22.2661543, 42.024622294096879 ], [ 22.2640944, 42.023793394096543 ], [ 22.2636652, 42.022263194095828 ], [ 22.2643518, 42.021370494095436 ], [ 22.2627479, 42.020186894094905 ], [ 22.2583855, 42.022039794095754 ], [ 22.253928, 42.024783894096963 ], [ 22.2484711, 42.026410894097708 ], [ 22.2446884, 42.035592794101753 ], [ 22.2401889, 42.035622294101763 ], [ 22.236414, 42.037149894102448 ], [ 22.235429, 42.040050294103686 ], [ 22.2319057, 42.04266029410487 ], [ 22.2303113, 42.045444994106099 ], [ 22.2272203, 42.046521294106569 ], [ 22.2249927, 42.046141494106415 ], [ 22.223454, 42.044865294105811 ], [ 22.2214855, 42.045180894105975 ], [ 22.2204908, 42.043047994105052 ], [ 22.218436, 42.040937594104122 ], [ 22.2180975, 42.039163594103343 ], [ 22.2152231, 42.037727694102671 ], [ 22.2120381, 42.037661794102696 ], [ 22.2097206, 42.035237494101601 ], [ 22.2073174, 42.037659894102674 ], [ 22.2043991, 42.038424894102981 ], [ 22.2017813, 42.040369094103859 ], [ 22.2013521, 42.043492494105273 ], [ 22.1994638, 42.046998094106797 ], [ 22.1989489, 42.049866294108092 ], [ 22.1970606, 42.051650794108859 ], [ 22.1959019, 42.052447494109202 ], [ 22.1925159, 42.051909194108966 ], [ 22.1878338, 42.053084794109495 ], [ 22.1842289, 42.049133294107733 ], [ 22.1799374, 42.047794794107155 ], [ 22.1789503, 42.046998094106812 ], [ 22.1782207, 42.044699594105772 ], [ 22.1756458, 42.046392594106536 ], [ 22.1678352, 42.047922294107195 ], [ 22.1640587, 42.046902494106781 ], [ 22.1582383, 42.042322194104706 ], [ 22.1568918, 42.043938694105414 ], [ 22.1564627, 42.047253094106914 ], [ 22.1558189, 42.04766739410708 ], [ 22.154789, 42.047603594107073 ], [ 22.1529007, 42.04626509410646 ], [ 22.1522141, 42.047029994106801 ], [ 22.1498108, 42.047858594107183 ], [ 22.1466351, 42.047731094107128 ], [ 22.1406269, 42.046137694106385 ], [ 22.1364212, 42.043269394105167 ], [ 22.1315289, 42.041803294104476 ], [ 22.1266365, 42.038807294103172 ], [ 22.1177101, 42.037532394102612 ], [ 22.1155643, 42.03785109410272 ], [ 22.1130753, 42.039189794103322 ], [ 22.1110157, 42.039313594103362 ], [ 22.1093845, 42.038679794103139 ], [ 22.1057796, 42.036958694102324 ], [ 22.1022606, 42.033834994100957 ], [ 22.0987863, 42.034144294101111 ], [ 22.097497, 42.032974294100605 ], [ 22.0940638, 42.029531694099042 ], [ 22.0934629, 42.024558594096881 ], [ 22.0889997, 42.022008094095689 ], [ 22.0888281, 42.020477794095044 ], [ 22.0867682, 42.019329994094562 ], [ 22.0843649, 42.015631494092915 ], [ 22.082777, 42.014643094092477 ], [ 22.08076, 42.014674994092502 ], [ 22.0813608, 42.012634294091555 ], [ 22.0791855, 42.008467094089731 ], [ 22.0751381, 42.011263194090958 ], [ 22.074194, 42.011008094090869 ], [ 22.0725632, 42.011773394091222 ], [ 22.0710182, 42.013176394091779 ], [ 22.0692158, 42.012666194091551 ], [ 22.0667267, 42.01413299409225 ], [ 22.0656109, 42.014132994092236 ], [ 22.0602894, 42.016364894093229 ], [ 22.0505047, 42.019106894094413 ], [ 22.0490456, 42.020382194095021 ], [ 22.0461273, 42.021147294095321 ], [ 22.0430803, 42.023920994096578 ], [ 22.0405483, 42.025291794097157 ], [ 22.0388746, 42.0200951940949 ], [ 22.0343232, 42.015921994093006 ], [ 22.0351889, 42.014891994092586 ], [ 22.0336946, 42.011872394091242 ], [ 22.0330545, 42.009002594089992 ], [ 22.0334854, 42.008424494089745 ], [ 22.0319802, 42.007825894089464 ], [ 22.0305437, 42.005213594088303 ], [ 22.0285354, 42.004439494087968 ], [ 22.0262465, 42.004736994088049 ], [ 22.0252346, 42.005596194088461 ], [ 22.025715, 42.006296994088757 ], [ 22.0251303, 42.007250094089216 ], [ 22.0234338, 42.008275394089608 ], [ 22.0197235, 42.008087494089573 ], [ 22.0183718, 42.009160994090038 ], [ 22.0150851, 42.008973094089974 ], [ 22.0127409, 42.010403494090575 ], [ 22.0095527, 42.011200094090974 ], [ 22.0046815, 42.011014594090881 ], [ 22.0013177, 42.009479994090171 ], [ 21.9988191, 42.007304694089221 ], [ 21.9963907, 42.007042994089055 ], [ 21.9932985, 42.007787494089435 ], [ 21.9894535, 42.007236094089208 ], [ 21.9882863, 42.007681494089347 ], [ 21.9832992, 42.01066119409068 ], [ 21.9817652, 42.012201694091345 ], [ 21.9827615, 42.013100594091817 ], [ 21.982221, 42.013319094091855 ], [ 21.9816794, 42.012801694091607 ], [ 21.9787672, 42.014294394092325 ], [ 21.9783971, 42.015484294092843 ], [ 21.9773469, 42.014387394092331 ], [ 21.9767068, 42.01488519409255 ], [ 21.9803753, 42.019818494094771 ], [ 21.9835967, 42.022596394095977 ], [ 21.9826125, 42.02380469409654 ], [ 21.984293199999989, 42.025701894097352 ], [ 21.982398, 42.029149094098905 ], [ 21.9805527, 42.030201094099326 ], [ 21.9780207, 42.030742994099569 ], [ 21.977334, 42.03495059410146 ], [ 21.9741583, 42.038392994102963 ], [ 21.9707251, 42.040496594103914 ], [ 21.9708109, 42.046551994106593 ], [ 21.9690514, 42.052688494109326 ], [ 21.9699526, 42.053307794109557 ], [ 21.9707251, 42.05636689411093 ], [ 21.9689226, 42.058660994111975 ], [ 21.9648886, 42.061082594113017 ], [ 21.9666052, 42.06375889411423 ], [ 21.9650602, 42.065096994114782 ], [ 21.9650325, 42.066273294115334 ], [ 21.9633007, 42.066594394115448 ], [ 21.9579792, 42.063854494114238 ], [ 21.9546318, 42.062898594113804 ], [ 21.9463921, 42.062898594113804 ], [ 21.9445896, 42.063599594114137 ], [ 21.9396114, 42.063918194114251 ], [ 21.938796, 42.065606794115027 ], [ 21.9368649, 42.067295294115773 ], [ 21.9331312, 42.068027994116107 ], [ 21.9327021, 42.070831494117328 ], [ 21.9290113, 42.073634794118568 ], [ 21.9298697, 42.078221794120601 ], [ 21.9309238, 42.079882194121311 ], [ 21.9342041, 42.076788394119923 ], [ 21.9348478, 42.077011394120085 ], [ 21.9404268, 42.084400994123307 ], [ 21.9419718, 42.088031794124959 ], [ 21.9482803, 42.093222894127187 ], [ 21.9510269, 42.091821594126571 ], [ 21.9562626, 42.091312094126344 ], [ 21.9596529, 42.094401094127726 ], [ 21.9605112, 42.099559794129995 ], [ 21.9581509, 42.100228494130306 ], [ 21.9569492, 42.101311094130807 ], [ 21.9557476, 42.100928994130641 ], [ 21.9551468, 42.101693194130959 ], [ 21.9497395, 42.104240494132064 ], [ 21.9483232, 42.105291194132541 ], [ 21.9480658, 42.107328894133431 ], [ 21.9511557, 42.10783829413365 ], [ 21.9515848, 42.110703694134912 ], [ 21.9498682, 42.113568894136229 ], [ 21.9521856, 42.117134394137778 ], [ 21.9520998, 42.118152994138192 ], [ 21.9545889, 42.119680994138932 ], [ 21.9544172, 42.122545794140144 ], [ 21.956048, 42.124137294140887 ], [ 21.9564754, 42.125732494141587 ], [ 21.960125, 42.124742094141119 ], [ 21.9636011, 42.120890594139446 ], [ 21.9661681, 42.11955089413884 ], [ 21.9684505, 42.119394494138817 ], [ 21.9688368, 42.120381294139221 ], [ 21.9705105, 42.12155909413972 ], [ 21.9723988, 42.120795094139403 ], [ 21.9736004, 42.121240794139567 ], [ 21.9757462, 42.120922394139427 ], [ 21.9765186, 42.121877394139844 ], [ 21.9778061, 42.121686394139807 ], [ 21.9783211, 42.12264129414018 ], [ 21.9822693, 42.122704994140236 ], [ 21.9828701, 42.123978194140776 ], [ 21.9843292, 42.123659894140687 ], [ 21.9865608, 42.124551094141069 ], [ 21.9877195, 42.12591979414168 ], [ 21.9872046, 42.126619994141976 ], [ 21.9894361, 42.128657094142845 ], [ 21.9887495, 42.129420894143195 ], [ 21.9894361, 42.130821294143814 ], [ 21.9905949, 42.130853094143795 ], [ 21.9925261, 42.132348994144458 ], [ 21.9933414, 42.134863194145602 ], [ 21.9952726, 42.134894994145597 ], [ 21.9944961, 42.135146294145727 ], [ 21.9949666, 42.135691994145965 ], [ 21.9945002, 42.137440894146742 ], [ 21.9969034, 42.140750394148178 ], [ 21.9961309, 42.14342339414938 ], [ 21.997246699999987, 42.147178094151023 ], [ 21.9967318, 42.150296194152354 ], [ 22.000165, 42.154623194154304 ], [ 21.9997358, 42.156913794155294 ], [ 22.0018816, 42.16028589415675 ], [ 22.0024824, 42.164803094158771 ], [ 22.0041132, 42.168810894160572 ], [ 22.0021391, 42.172118794161982 ], [ 22.0041132, 42.175490194163494 ], [ 22.0045424, 42.180133394165523 ], [ 22.001195, 42.184013094167234 ], [ 21.9995213, 42.184617294167488 ], [ 21.9981055, 42.186204594168188 ], [ 22.0031261, 42.187606394168817 ], [ 22.0061302, 42.185825694168045 ], [ 22.0100784, 42.186334494168236 ], [ 22.0151424, 42.185126094167728 ], [ 22.0167732, 42.184235694167334 ], [ 22.0242405, 42.185380494167802 ], [ 22.025528, 42.184362894167364 ], [ 22.0328236, 42.182709294166628 ], [ 22.0379326, 42.18078019416577 ] ] ] } },
{ "type": "Feature", "properties": { "admin_id": "2587610", "name_local": "Општина Ранковце", "name_en": "Municipality of Rankovce", "name_en_status": "OSM_NAME_EN", "source_name": "Општина Ранковце", "source_admin_level": "7", "source_osm_relation_id": "2587610", "source_name_en": "Municipality of Rankovce" }, "geometry": { "type": "Polygon", "coordinates": [ [ [ 22.1327916, 42.307251994221247 ], [ 22.1338034, 42.305562594220525 ], [ 22.1367216, 42.303975594219843 ], [ 22.1369791, 42.302832994219315 ], [ 22.1380949, 42.302134694219028 ], [ 22.1366358, 42.299658894217934 ], [ 22.1387815, 42.297881294217184 ], [ 22.1397257, 42.29318329421514 ], [ 22.1387815, 42.292167394214673 ], [ 22.1386957, 42.290072194213742 ], [ 22.1403694, 42.288580094213103 ], [ 22.1421719, 42.28908799421329 ], [ 22.1434593, 42.289024494213315 ], [ 22.1442318, 42.288262594212966 ], [ 22.1468496, 42.288611794213075 ], [ 22.1470213, 42.287341894212567 ], [ 22.1491671, 42.284928994211498 ], [ 22.149682, 42.281817494210166 ], [ 22.1561193, 42.276546694207831 ], [ 22.1613979, 42.26654359420349 ], [ 22.1638012, 42.266797694203547 ], [ 22.1680927, 42.266098994203247 ], [ 22.17556, 42.266543594203483 ], [ 22.1803665, 42.26355819420214 ], [ 22.1881771, 42.261462094201221 ], [ 22.1897221, 42.25981049420048 ], [ 22.1996784, 42.254474294198161 ], [ 22.2016954, 42.254887194198346 ], [ 22.2022963, 42.258190594199768 ], [ 22.2018671, 42.260540994200802 ], [ 22.2027254, 42.261557294201253 ], [ 22.2027254, 42.263081794201923 ], [ 22.2050053, 42.264330394202474 ], [ 22.2077894, 42.259079894200148 ], [ 22.2121668, 42.256665994199103 ], [ 22.2132826, 42.254823694198343 ], [ 22.2190329, 42.254469994198139 ], [ 22.2232363, 42.249328194195911 ], [ 22.221694, 42.245674894194323 ], [ 22.2202349, 42.24516659419406 ], [ 22.2204924, 42.244340594193737 ], [ 22.2170591, 42.237033194190531 ], [ 22.2179174, 42.23449119418941 ], [ 22.2202349, 42.232775394188643 ], [ 22.219891499999989, 42.228771594186881 ], [ 22.2208357, 42.22737339418623 ], [ 22.2200632, 42.2264835941859 ], [ 22.2199774, 42.224640394185094 ], [ 22.2191191, 42.224068294184825 ], [ 22.2210502, 42.222058194183965 ], [ 22.2186899, 42.218347694182327 ], [ 22.2152567, 42.215487194181051 ], [ 22.2153425, 42.214660794180659 ], [ 22.2139692, 42.214152294180479 ], [ 22.2124243, 42.211609394179355 ], [ 22.2099352, 42.210020094178653 ], [ 22.2116518, 42.207222794177405 ], [ 22.2154284, 42.203980294175977 ], [ 22.2168875, 42.201437094174892 ], [ 22.2199774, 42.199338794173947 ], [ 22.2235823, 42.193552394171398 ], [ 22.2240973, 42.191581094170516 ], [ 22.2268438, 42.188719294169289 ], [ 22.2276163, 42.184013094167234 ], [ 22.2269297, 42.182232294166489 ], [ 22.2273588, 42.179306594165119 ], [ 22.2260714, 42.177907294164534 ], [ 22.2266722, 42.176698694164031 ], [ 22.2263288, 42.175553794163498 ], [ 22.2243977, 42.174535994163087 ], [ 22.2240973, 42.17122829416158 ], [ 22.2250843, 42.170242294161163 ], [ 22.2250843, 42.172341494162104 ], [ 22.2271121, 42.17236139416211 ], [ 22.2277451, 42.171450894161723 ], [ 22.229805, 42.172023394161982 ], [ 22.2321653, 42.171927994161905 ], [ 22.2334528, 42.167856694160122 ], [ 22.2339678, 42.1611129941572 ], [ 22.2325945, 42.157168294155376 ], [ 22.2340536, 42.15589579415488 ], [ 22.2362852, 42.151823394153062 ], [ 22.2311783, 42.144346194149747 ], [ 22.2286892, 42.144664394149935 ], [ 22.2265005, 42.143996194149629 ], [ 22.2265005, 42.140814094148226 ], [ 22.2247329, 42.136581694146379 ], [ 22.2231102, 42.137727294146849 ], [ 22.2203636, 42.135054094145687 ], [ 22.2187328, 42.135945194146089 ], [ 22.2151279, 42.136645294146383 ], [ 22.2137117, 42.135976994146063 ], [ 22.208347299999989, 42.130853094143795 ], [ 22.2063303, 42.130184794143574 ], [ 22.2052681, 42.128955394142963 ], [ 22.2055578, 42.128211494142647 ], [ 22.2094202, 42.12553789414148 ], [ 22.210364299999988, 42.123246094140463 ], [ 22.2067165, 42.118885194138535 ], [ 22.2017384, 42.117611894137994 ], [ 22.1981335, 42.117802894138087 ], [ 22.1956444, 42.117166194137802 ], [ 22.1911812, 42.118312194138319 ], [ 22.1887779, 42.116274794137404 ], [ 22.1785641, 42.11621119413735 ], [ 22.1749592, 42.114364794136577 ], [ 22.1733284, 42.114301094136536 ], [ 22.1726418, 42.113600694136238 ], [ 22.1701527, 42.113282394136071 ], [ 22.1609688, 42.110289794134729 ], [ 22.1560764, 42.110671794134909 ], [ 22.151354, 42.113989794136373 ], [ 22.1485662, 42.11745269413791 ], [ 22.1478796, 42.119426294138798 ], [ 22.1442747, 42.123373394140557 ], [ 22.1417427, 42.124360194140962 ], [ 22.1384811, 42.126651894142007 ], [ 22.1353912, 42.126715494141983 ], [ 22.1310139, 42.128879794142932 ], [ 22.1282244, 42.130884994143855 ], [ 22.1264648, 42.1330172941448 ], [ 22.1209717, 42.133399194144943 ], [ 22.1198559, 42.132953694144732 ], [ 22.1214437, 42.135722394146001 ], [ 22.1214437, 42.137186294146623 ], [ 22.1193838, 42.140941394148271 ], [ 22.1164656, 42.142214194148821 ], [ 22.1169806, 42.144823494149954 ], [ 22.118268, 42.145650794150356 ], [ 22.1185255, 42.146541694150699 ], [ 22.1177101, 42.148164494151459 ], [ 22.1165085, 42.148609894151662 ], [ 22.1099854, 42.144918894150038 ], [ 22.1064663, 42.145173494150129 ], [ 22.1057796, 42.143136994149252 ], [ 22.1021748, 42.144727994149932 ], [ 22.0982265, 42.143327894149358 ], [ 22.0899868, 42.145046194150076 ], [ 22.0880985, 42.145937194150484 ], [ 22.0850086, 42.145809894150439 ], [ 22.0861673, 42.149978094152196 ], [ 22.0846653, 42.150455294152408 ], [ 22.0823479, 42.152809694153511 ], [ 22.0755243, 42.149278094151938 ], [ 22.075172, 42.14810169415145 ], [ 22.0698595, 42.15131439415287 ], [ 22.0661688, 42.156404794155094 ], [ 22.0689154, 42.161558394157368 ], [ 22.0722091, 42.162246294157633 ], [ 22.0728636, 42.163085294158044 ], [ 22.0720482, 42.165204694158966 ], [ 22.0700741, 42.16515299415893 ], [ 22.0674992, 42.165979994159308 ], [ 22.0652676, 42.165343794159035 ], [ 22.0638084, 42.165916394159282 ], [ 22.0610619, 42.165025694158878 ], [ 22.0596886, 42.165598294159167 ], [ 22.0584011, 42.164580394158719 ], [ 22.0547104, 42.16515299415893 ], [ 22.0477152, 42.170528494161282 ], [ 22.0476294, 42.171419094161692 ], [ 22.0440245, 42.175553794163498 ], [ 22.0405912, 42.178924894165014 ], [ 22.038745899999988, 42.179719994165318 ], [ 22.0378447, 42.181278294166056 ], [ 22.0390034, 42.182582094166577 ], [ 22.0428658, 42.182582094166591 ], [ 22.044754, 42.183472494167006 ], [ 22.046299, 42.183408894166973 ], [ 22.0524788, 42.186398094168283 ], [ 22.054882, 42.186588894168388 ], [ 22.0566845, 42.188115194168994 ], [ 22.0593452, 42.188369594169124 ], [ 22.0604342, 42.189502394169622 ], [ 22.0609331, 42.192852894171146 ], [ 22.0597315, 42.197749194173269 ], [ 22.0566416, 42.200356194174397 ], [ 22.05338, 42.204298194176147 ], [ 22.051749199999989, 42.208239994177838 ], [ 22.0519906, 42.211955094179515 ], [ 22.0504618, 42.214152294180465 ], [ 22.0499468, 42.217584894181961 ], [ 22.047801, 42.219618994182873 ], [ 22.046771, 42.222034394183922 ], [ 22.0430374, 42.222447594184089 ], [ 22.0408149, 42.224529094184994 ], [ 22.0438099, 42.224227194184877 ], [ 22.0455265, 42.226133994185702 ], [ 22.0477152, 42.226928494186048 ], [ 22.0478868, 42.231440794188096 ], [ 22.0496893, 42.233410894188907 ], [ 22.0490026, 42.237160294190559 ], [ 22.0516634, 42.239511394191616 ], [ 22.0514059, 42.24249789419293 ], [ 22.048316, 42.246119694194476 ], [ 22.047801, 42.255268394198467 ], [ 22.0454407, 42.256761294199165 ], [ 22.0436382, 42.256443594198998 ], [ 22.0421791, 42.258222394199819 ], [ 22.0378876, 42.259111694200165 ], [ 22.0368147, 42.261239694201144 ], [ 22.0340681, 42.262510194201674 ], [ 22.0342398, 42.264860394202735 ], [ 22.0363855, 42.267210494203695 ], [ 22.0375872, 42.267655094203953 ], [ 22.0396931, 42.270678394205234 ], [ 22.041235, 42.270227494205052 ], [ 22.0432949, 42.272069294205849 ], [ 22.0494747, 42.273148994206323 ], [ 22.0524788, 42.272005794205811 ], [ 22.0542812, 42.272640894206106 ], [ 22.0573711, 42.275435294207327 ], [ 22.0623064, 42.275848094207539 ], [ 22.064023, 42.278261394208585 ], [ 22.0647955, 42.28073799420968 ], [ 22.0675421, 42.283150994210686 ], [ 22.0682287, 42.288738794213138 ], [ 22.0694304, 42.291405494214338 ], [ 22.0683146, 42.294199094215529 ], [ 22.0670271, 42.295468794216113 ], [ 22.0673704, 42.29642119421657 ], [ 22.0663404, 42.297119494216844 ], [ 22.0666838, 42.297944794217187 ], [ 22.0655849, 42.298501494217405 ], [ 22.0697765, 42.30054639421828 ], [ 22.0712849, 42.299955194218057 ], [ 22.0725799, 42.301351394218663 ], [ 22.0728074, 42.30084209421846 ], [ 22.0735131, 42.301421694218675 ], [ 22.0741693, 42.303364694219553 ], [ 22.0797729, 42.302039494218981 ], [ 22.0844936, 42.302420394219155 ], [ 22.0867252, 42.303943894219763 ], [ 22.0899522, 42.304666394220142 ], [ 22.0916596, 42.304361494220025 ], [ 22.097891, 42.307120794221213 ], [ 22.0993221, 42.305118394220358 ], [ 22.101353, 42.305417394220484 ], [ 22.105119, 42.309629194222317 ], [ 22.1093326, 42.308882394221953 ], [ 22.1159717, 42.312816694223663 ], [ 22.116781, 42.314175094224282 ], [ 22.1189544, 42.315032594224668 ], [ 22.1216045, 42.313436594223944 ], [ 22.1227746, 42.311132194222957 ], [ 22.1248654, 42.310779194222775 ], [ 22.1254167, 42.309469494222199 ], [ 22.1271087, 42.30858549422183 ], [ 22.1307724, 42.308113794221612 ], [ 22.1327916, 42.307251994221247 ] ] ] } },
{ "type": "Feature", "properties": { "admin_id": "2587615", "name_local": "Општина Крива Паланка", "name_en": "Municipality of Kriva Palanka", "name_en_status": "OSM_NAME_EN", "source_name": "Општина Крива Паланка", "source_admin_level": "7", "source_osm_relation_id": "2587615", "source_name_en": "Municipality of Kriva Palanka" }, "geometry": { "type": "Polygon", "coordinates": [ [ [ 22.5169416, 42.156514394155117 ], [ 22.5102568, 42.154750394154355 ], [ 22.5090981, 42.153064194153608 ], [ 22.5036049, 42.150009894152284 ], [ 22.4973392, 42.148928094151763 ], [ 22.4923611, 42.15058259415251 ], [ 22.4890137, 42.1485462941516 ], [ 22.4833488, 42.146573494150736 ], [ 22.4777699, 42.140909594148269 ], [ 22.4700022, 42.13826829414711 ], [ 22.4694872, 42.13763179414682 ], [ 22.469573, 42.134067494145263 ], [ 22.467083899999988, 42.132539894144564 ], [ 22.4657965, 42.128975294142997 ], [ 22.463522, 42.127352094142303 ], [ 22.458715399999988, 42.125760694141562 ], [ 22.4518858, 42.125830794141628 ], [ 22.4517632, 42.123468894140586 ], [ 22.446785, 42.12264129414018 ], [ 22.436662299999984, 42.11906619413864 ], [ 22.4327946, 42.119712794138927 ], [ 22.4291039, 42.119394494138817 ], [ 22.4254131, 42.119776494138925 ], [ 22.41889, 42.115956494137272 ], [ 22.4137402, 42.114301094136543 ], [ 22.4061012, 42.11398279413639 ], [ 22.4002647, 42.117357194137888 ], [ 22.3953724, 42.119267194138708 ], [ 22.392711599999988, 42.119521794138819 ], [ 22.3901367, 42.119076194138607 ], [ 22.3836136, 42.120413094139188 ], [ 22.3799229, 42.119076194138621 ], [ 22.3706532, 42.118184894138217 ], [ 22.3634026, 42.114813294136759 ], [ 22.3602676, 42.116720494137574 ], [ 22.3570919, 42.11729349413784 ], [ 22.3546886, 42.11875779413846 ], [ 22.3537445, 42.118503194138377 ], [ 22.3528004, 42.119712794138927 ], [ 22.3516846, 42.119458194138772 ], [ 22.3493671, 42.12028579413915 ], [ 22.3447323, 42.124169194140869 ], [ 22.341814, 42.125124094141306 ], [ 22.3403549, 42.127161094142203 ], [ 22.3387241, 42.127097494142177 ], [ 22.3356342, 42.128879794142925 ], [ 22.3350334, 42.130853094143816 ], [ 22.3297119, 42.132380794144495 ], [ 22.3275661, 42.133590194145043 ], [ 22.3264503, 42.13199889414431 ], [ 22.3246908, 42.131967094144322 ], [ 22.3241329, 42.130025594143476 ], [ 22.3200989, 42.129770994143328 ], [ 22.316923100000011, 42.131107694143942 ], [ 22.3137474, 42.129643694143276 ], [ 22.3123741, 42.129579994143249 ], [ 22.3058058, 42.13291489414474 ], [ 22.3082113, 42.135467794145882 ], [ 22.308898, 42.139413894147609 ], [ 22.3045206, 42.14380529414953 ], [ 22.3052743, 42.146495894150718 ], [ 22.3041693, 42.147090594151003 ], [ 22.3025036, 42.145491694150259 ], [ 22.3027182, 42.142596094149013 ], [ 22.2990704, 42.137281794146695 ], [ 22.2935772, 42.137790994146869 ], [ 22.288599, 42.136708994146382 ], [ 22.2864532, 42.137345394146692 ], [ 22.2808743, 42.137154494146621 ], [ 22.2802708, 42.136429494146284 ], [ 22.2771835, 42.136327094146246 ], [ 22.2752953, 42.134735894145514 ], [ 22.2740078, 42.135117794145707 ], [ 22.2727203, 42.133972094145221 ], [ 22.2680855, 42.133781094145142 ], [ 22.2643089, 42.132953694144732 ], [ 22.2634506, 42.1316805941442 ], [ 22.2599951, 42.133691394145067 ], [ 22.259860299999989, 42.133284894144886 ], [ 22.2497177, 42.133271894144862 ], [ 22.2474861, 42.134099394145238 ], [ 22.246542, 42.135054094145687 ], [ 22.2433662, 42.134608594145483 ], [ 22.2412205, 42.135499594145863 ], [ 22.2377443, 42.131521494144117 ], [ 22.2357273, 42.130725794143778 ], [ 22.2352552, 42.132603594144641 ], [ 22.2330666, 42.134099394145238 ], [ 22.2265434, 42.1367725941464 ], [ 22.2247329, 42.136581694146379 ], [ 22.2265005, 42.140814094148226 ], [ 22.2265005, 42.143996194149629 ], [ 22.2286892, 42.144664394149935 ], [ 22.2311783, 42.144346194149747 ], [ 22.236371, 42.152205194153197 ], [ 22.2325945, 42.157168294155376 ], [ 22.2339678, 42.1611129941572 ], [ 22.2334528, 42.167856694160122 ], [ 22.2321653, 42.171927994161905 ], [ 22.229805, 42.172023394161982 ], [ 22.2277451, 42.171450894161723 ], [ 22.2271121, 42.17236139416211 ], [ 22.2250843, 42.172341494162104 ], [ 22.2250843, 42.170242294161163 ], [ 22.2240973, 42.17122829416158 ], [ 22.2243977, 42.174535994163087 ], [ 22.2263288, 42.175553794163498 ], [ 22.2266722, 42.176698694164031 ], [ 22.2260714, 42.177907294164534 ], [ 22.2273588, 42.179306594165119 ], [ 22.2269297, 42.182232294166489 ], [ 22.2276163, 42.184013094167234 ], [ 22.2268438, 42.188719294169289 ], [ 22.2240973, 42.191581094170516 ], [ 22.2235823, 42.193552394171398 ], [ 22.2199774, 42.199338794173947 ], [ 22.2168875, 42.201437094174892 ], [ 22.2154284, 42.203980294175977 ], [ 22.2116518, 42.207222794177405 ], [ 22.2099352, 42.210020094178653 ], [ 22.2124243, 42.211609394179355 ], [ 22.2139692, 42.214152294180479 ], [ 22.2153425, 42.214660794180659 ], [ 22.2152567, 42.215487194181051 ], [ 22.2186899, 42.218347694182327 ], [ 22.2210502, 42.222058194183965 ], [ 22.2191191, 42.224068294184825 ], [ 22.2199774, 42.224640394185094 ], [ 22.2200632, 42.2264835941859 ], [ 22.2208357, 42.22737339418623 ], [ 22.219891499999989, 42.228771594186881 ], [ 22.2202349, 42.232775394188643 ], [ 22.2179174, 42.23449119418941 ], [ 22.2170591, 42.237033194190531 ], [ 22.2204924, 42.244340594193737 ], [ 22.2202349, 42.24516659419406 ], [ 22.2217798, 42.245801994194338 ], [ 22.2215223, 42.246373794194611 ], [ 22.222724, 42.247390394195044 ], [ 22.2231799, 42.249540594195999 ], [ 22.2190329, 42.254469994198139 ], [ 22.2132826, 42.254823694198343 ], [ 22.2121668, 42.256665994199103 ], [ 22.2077894, 42.259079894200148 ], [ 22.2050053, 42.264330394202474 ], [ 22.2027254, 42.263081794201923 ], [ 22.2027254, 42.261557294201253 ], [ 22.2018671, 42.260540994200802 ], [ 22.2022963, 42.258190594199768 ], [ 22.2016954, 42.254887194198346 ], [ 22.1996784, 42.254474294198161 ], [ 22.1897221, 42.25981049420048 ], [ 22.1881771, 42.261462094201221 ], [ 22.1803665, 42.26355819420214 ], [ 22.17556, 42.266543594203483 ], [ 22.1680927, 42.266098994203247 ], [ 22.1638012, 42.266797694203547 ], [ 22.1613979, 42.26654359420349 ], [ 22.1561193, 42.276546694207831 ], [ 22.149682, 42.281817494210166 ], [ 22.1491671, 42.284928994211498 ], [ 22.1470213, 42.287341894212567 ], [ 22.1468496, 42.288611794213075 ], [ 22.1442318, 42.288262594212966 ], [ 22.1434593, 42.289024494213315 ], [ 22.1421719, 42.28908799421329 ], [ 22.1403694, 42.288580094213103 ], [ 22.1386957, 42.290072194213742 ], [ 22.1387815, 42.292167394214673 ], [ 22.1397257, 42.29318329421514 ], [ 22.1387815, 42.297881294217184 ], [ 22.1366358, 42.299658894217934 ], [ 22.1380949, 42.302134694219028 ], [ 22.1369791, 42.302832994219315 ], [ 22.1367216, 42.303975594219843 ], [ 22.1338034, 42.305562594220525 ], [ 22.1327916, 42.307251994221247 ], [ 22.1343399, 42.308049294221625 ], [ 22.1362455, 42.31031479422262 ], [ 22.14002, 42.312556594223608 ], [ 22.1394965, 42.314316494224329 ], [ 22.1407952, 42.314533594224415 ], [ 22.140543, 42.315542194224889 ], [ 22.1448021, 42.319763994226747 ], [ 22.1454718, 42.32142259422745 ], [ 22.1515695, 42.31904379422641 ], [ 22.1559551, 42.318846594226343 ], [ 22.1576121, 42.31762709422577 ], [ 22.158935599999989, 42.317933694225943 ], [ 22.1596858, 42.315344694224798 ], [ 22.161857, 42.315319394224765 ], [ 22.1618423, 42.313648994224074 ], [ 22.166495, 42.312287594223484 ], [ 22.1678089, 42.314101194224243 ], [ 22.1708369, 42.315840994225049 ], [ 22.171981, 42.318806594226302 ], [ 22.1740197, 42.320119394226921 ], [ 22.1737469, 42.321602994227518 ], [ 22.1762764, 42.322172194227754 ], [ 22.1767237, 42.322898694228066 ], [ 22.1784281, 42.322940894228083 ], [ 22.1791827, 42.323423694228318 ], [ 22.17921, 42.32448039422875 ], [ 22.1807973, 42.324422794228788 ], [ 22.1815154, 42.325300394229174 ], [ 22.1821985, 42.330375094231371 ], [ 22.1815258, 42.332555894232335 ], [ 22.1824244, 42.33329809423261 ], [ 22.187033, 42.334052694232994 ], [ 22.1887246, 42.335446694233568 ], [ 22.1936265, 42.337826894234595 ], [ 22.1947692, 42.339865494235511 ], [ 22.1965617, 42.340476194235777 ], [ 22.2021626, 42.340394094235734 ], [ 22.2037498, 42.339559994235366 ], [ 22.2064134, 42.336274894233966 ], [ 22.2083247, 42.337393294234431 ], [ 22.2152808, 42.337358094234411 ], [ 22.2180648, 42.338644494234998 ], [ 22.219326, 42.338629794234947 ], [ 22.2226336, 42.336974894234245 ], [ 22.2218245, 42.336570194234049 ], [ 22.2221935, 42.334890394233341 ], [ 22.2247694, 42.335831194233776 ], [ 22.2261986, 42.335624194233667 ], [ 22.2267232, 42.336135294233898 ], [ 22.2274181, 42.335546394233617 ], [ 22.2300311, 42.335836694233791 ], [ 22.2313084, 42.337811194234618 ], [ 22.2343261, 42.338865394235029 ], [ 22.2345043, 42.339688194235436 ], [ 22.2390526, 42.34180259423632 ], [ 22.2406861, 42.344585794237595 ], [ 22.2441525, 42.34634219423836 ], [ 22.2421671, 42.346674894238475 ], [ 22.2409749, 42.348451394239291 ], [ 22.2375185, 42.348000194239063 ], [ 22.2365296, 42.348340894239229 ], [ 22.2360964, 42.349131894239527 ], [ 22.2368649, 42.350123894239957 ], [ 22.2390597, 42.351169994240408 ], [ 22.2417718, 42.35146099424054 ], [ 22.2443622, 42.350342394240045 ], [ 22.2450566, 42.349445594239697 ], [ 22.2459815, 42.349435894239669 ], [ 22.2498016, 42.350019594239932 ], [ 22.2510294, 42.350882694240305 ], [ 22.2510654, 42.351929094240766 ], [ 22.2526035, 42.353208594241373 ], [ 22.2527929, 42.355612394242343 ], [ 22.2515946, 42.358345394243571 ], [ 22.251547, 42.362370294245316 ], [ 22.2561402, 42.362801194245527 ], [ 22.2573233, 42.364073994246084 ], [ 22.258733, 42.364113394246068 ], [ 22.2599164, 42.366017194246886 ], [ 22.2634349, 42.3666684942472 ], [ 22.2664704, 42.365262794246554 ], [ 22.2689016, 42.362137294245258 ], [ 22.2712035, 42.361143394244799 ], [ 22.2731836, 42.361343794244874 ], [ 22.280525, 42.366968294247336 ], [ 22.2808487, 42.368734394248115 ], [ 22.2821764, 42.369522594248437 ], [ 22.2943082, 42.3737934942503 ], [ 22.2976905, 42.370973494249078 ], [ 22.2980293, 42.367449594247567 ], [ 22.2990556, 42.364938994246486 ], [ 22.2950999, 42.362543694245446 ], [ 22.2942756, 42.357914594243397 ], [ 22.2908656, 42.352621794241117 ], [ 22.2932042, 42.34873969423937 ], [ 22.2957816, 42.346886494238568 ], [ 22.2981594, 42.346025294238231 ], [ 22.2991492, 42.34447589423754 ], [ 22.3055532, 42.341075294236056 ], [ 22.3069975, 42.338932394235094 ], [ 22.3078579, 42.339501894235319 ], [ 22.3089515, 42.339085994235134 ], [ 22.31066130000001, 42.335447794233573 ], [ 22.3143449, 42.332729694232398 ], [ 22.3164414, 42.331714494231939 ], [ 22.3200682, 42.333584694232769 ], [ 22.3208102, 42.333182294232557 ], [ 22.3225817, 42.334094194232975 ], [ 22.3239, 42.333007494232554 ], [ 22.324441, 42.330936694231646 ], [ 22.3256808, 42.330144994231254 ], [ 22.3256073, 42.329101094230822 ], [ 22.3269848, 42.328168794230386 ], [ 22.327752, 42.328269694230421 ], [ 22.3283368, 42.327257894229987 ], [ 22.3295789, 42.327175094229979 ], [ 22.3315735, 42.323992294228589 ], [ 22.3306527, 42.323278594228306 ], [ 22.3310008, 42.322848194228094 ], [ 22.3366243, 42.319563194226617 ], [ 22.3387033, 42.320407994227004 ], [ 22.3396829, 42.319658594226681 ], [ 22.3446034, 42.318936194226339 ], [ 22.3471413, 42.317829794225908 ], [ 22.3507834, 42.317986894225939 ], [ 22.351132400000012, 42.317223694225596 ], [ 22.3528717, 42.316696594225419 ], [ 22.3533485, 42.314719994224518 ], [ 22.3565331, 42.31140359422308 ], [ 22.3575499, 42.311699594223192 ], [ 22.3616162, 42.310855994222848 ], [ 22.3669818, 42.308860094221963 ], [ 22.367751, 42.308066994221626 ], [ 22.3711329, 42.308893894221974 ], [ 22.3733886, 42.307256194221274 ], [ 22.3782986, 42.309000394222046 ], [ 22.3816043, 42.306057494220752 ], [ 22.3816072, 42.304587194220119 ], [ 22.3830629, 42.304174194219925 ], [ 22.385503, 42.301292994218663 ], [ 22.387853, 42.299853994218012 ], [ 22.3890131, 42.294665694215745 ], [ 22.395957, 42.292285994214687 ], [ 22.3977673, 42.292738094214911 ], [ 22.398487, 42.291562994214409 ], [ 22.401934, 42.28995099421369 ], [ 22.401878, 42.289088994213273 ], [ 22.400655, 42.288226994212941 ], [ 22.400989, 42.28733799421255 ], [ 22.399627, 42.284890994211466 ], [ 22.40021, 42.283333994210821 ], [ 22.401712, 42.282305994210361 ], [ 22.402045, 42.280470994209551 ], [ 22.4036982, 42.279754894209255 ], [ 22.4062232, 42.276391894207784 ], [ 22.409357, 42.275118994207219 ], [ 22.409635, 42.27286699420624 ], [ 22.41311, 42.27088699420537 ], [ 22.414111, 42.267772994203973 ], [ 22.417391, 42.265131994202797 ], [ 22.420672, 42.26351899420213 ], [ 22.4240084, 42.263780594202252 ], [ 22.424925, 42.260273994200695 ], [ 22.424508, 42.258410994199892 ], [ 22.4250689, 42.255482394198573 ], [ 22.426121, 42.256186994198899 ], [ 22.428512, 42.256158994198891 ], [ 22.4294366, 42.256964994199237 ], [ 22.434183, 42.257993994199701 ], [ 22.4352039, 42.25679189419921 ], [ 22.435066, 42.255880994198776 ], [ 22.4371769, 42.253767994197837 ], [ 22.4400339, 42.252487794197272 ], [ 22.4393327, 42.250484394196391 ], [ 22.4395759, 42.247940494195305 ], [ 22.4410217, 42.247175194194945 ], [ 22.441751, 42.245850994194384 ], [ 22.4440553, 42.246325794194597 ], [ 22.4473085, 42.243327494193252 ], [ 22.450345, 42.242041994192704 ], [ 22.450703, 42.240114994191863 ], [ 22.448837, 42.23766799419078 ], [ 22.448714, 42.236209994190155 ], [ 22.4495202, 42.235128294189664 ], [ 22.451191, 42.234448994189378 ], [ 22.4515783, 42.232487494188533 ], [ 22.454601, 42.230143994187479 ], [ 22.4563472, 42.227747394186423 ], [ 22.457326, 42.22273899418424 ], [ 22.459896, 42.221083994183545 ], [ 22.4592923, 42.219471294182846 ], [ 22.459667, 42.218173994182266 ], [ 22.467563, 42.209511994178428 ], [ 22.469793, 42.204099994176062 ], [ 22.46899, 42.200970994174696 ], [ 22.471498, 42.201662994174995 ], [ 22.475612, 42.200896994174656 ], [ 22.486325, 42.201242994174777 ], [ 22.490835, 42.199024994173833 ], [ 22.493924, 42.198505994173573 ], [ 22.501498, 42.195339994172201 ], [ 22.503487, 42.193226994171262 ], [ 22.5042453, 42.190843894170193 ], [ 22.5010503, 42.186897794168495 ], [ 22.502414, 42.18211289416638 ], [ 22.5052932, 42.178038194164607 ], [ 22.5057556, 42.169537894160868 ], [ 22.5076694, 42.166326194159439 ], [ 22.5103156, 42.164647394158727 ], [ 22.5110272, 42.162904794157953 ], [ 22.5162208, 42.157884694155747 ], [ 22.5182368, 42.157817794155704 ], [ 22.5169416, 42.156514394155117 ] ] ] } },
{ "type": "Feature", "properties": { "admin_id": "2588938", "name_local": "Општина Радовиш", "name_en": "Municipality of Radovish", "name_en_status": "OSM_NAME_EN", "source_name": "Општина Радовиш", "source_admin_level": "7", "source_osm_relation_id": "2588938", "source_name_en": "Municipality of Radovish" }, "geometry": { "type": "Polygon", "coordinates": [ [ [ 22.5903757, 41.616865093914619 ], [ 22.5916243, 41.619163993915635 ], [ 22.6043272, 41.632573093921678 ], [ 22.6081896, 41.63385609392229 ], [ 22.614069, 41.640110493925079 ], [ 22.6247978, 41.637416293923913 ], [ 22.6276302, 41.640110493925093 ], [ 22.641666499999989, 41.64091929392545 ], [ 22.6440668, 41.647711093928557 ], [ 22.643981, 41.656689593932562 ], [ 22.643294, 41.661015593934515 ], [ 22.6408052, 41.66303789393541 ], [ 22.6397753, 41.665730893936633 ], [ 22.6425219, 41.668487993937887 ], [ 22.6423502, 41.670026693938567 ], [ 22.6433802, 41.672591293939718 ], [ 22.6431227, 41.675540293941047 ], [ 22.6476717, 41.68022009394317 ], [ 22.6475859, 41.682463693944158 ], [ 22.6499462, 41.682303493944111 ], [ 22.6518345, 41.683008593944436 ], [ 22.657156, 41.686149493945791 ], [ 22.6603103, 41.690072493947604 ], [ 22.6614255, 41.690128493947576 ], [ 22.661499, 41.691143593948055 ], [ 22.6609548, 41.690775593947883 ], [ 22.6601171, 41.692847393948824 ], [ 22.6572418, 41.695571193950052 ], [ 22.654109, 41.695859593950189 ], [ 22.6543665, 41.698230893951255 ], [ 22.6526928, 41.700249493952114 ], [ 22.6496029, 41.70082629395241 ], [ 22.6456547, 41.700185493952119 ], [ 22.6437235, 41.706048893954758 ], [ 22.6425219, 41.707010093955205 ], [ 22.6425219, 41.709316793956262 ], [ 22.6393461, 41.718158593960226 ], [ 22.6390028, 41.721233693961551 ], [ 22.6398611, 41.723347793962525 ], [ 22.6388311, 41.726422593963889 ], [ 22.6359987, 41.728792693964991 ], [ 22.6345396, 41.73250789396662 ], [ 22.6294756, 41.738528493969369 ], [ 22.628274, 41.74416429397187 ], [ 22.6269007, 41.745957393972652 ], [ 22.6262999, 41.749735593974371 ], [ 22.6243687, 41.749767593974397 ], [ 22.6218796, 41.748999093974064 ], [ 22.6190472, 41.749383393974192 ], [ 22.6142406, 41.74727019397325 ], [ 22.6123524, 41.747526293973358 ], [ 22.6050836, 41.751972693975404 ], [ 22.602911, 41.752649093975677 ], [ 22.6005507, 41.754922193976697 ], [ 22.5966024, 41.76055649397923 ], [ 22.5946712, 41.761868993979803 ], [ 22.5758744, 41.767626793982402 ], [ 22.5700378, 41.768783093982925 ], [ 22.5641021, 41.771131593983974 ], [ 22.5576782, 41.770447493983681 ], [ 22.5565195, 41.76855899398285 ], [ 22.5550175, 41.768078893982583 ], [ 22.5516701, 41.768206993982687 ], [ 22.547636, 41.769999393983468 ], [ 22.5439453, 41.768655093982836 ], [ 22.5411987, 41.766542493981888 ], [ 22.5382805, 41.76724669398223 ], [ 22.5358772, 41.767182693982193 ], [ 22.5339031, 41.76596629398162 ], [ 22.5304699, 41.765262093981356 ], [ 22.5274229, 41.76372809398066 ], [ 22.5266933, 41.765134093981267 ], [ 22.5222301, 41.764941993981168 ], [ 22.520771, 41.765582193981452 ], [ 22.5193119, 41.764365893980923 ], [ 22.5170803, 41.76423779398084 ], [ 22.5132179, 41.766222393981721 ], [ 22.511158, 41.766222393981728 ], [ 22.510128, 41.765198093981297 ], [ 22.5084114, 41.764749993981098 ], [ 22.5057077, 41.766190393981702 ], [ 22.5054073, 41.767054693982125 ], [ 22.5020599, 41.766926593982092 ], [ 22.5013733, 41.76635049398179 ], [ 22.4997425, 41.766542493981888 ], [ 22.4970818, 41.769679293983273 ], [ 22.4955368, 41.769679293983302 ], [ 22.4927473, 41.771311693984011 ], [ 22.4910307, 41.775088393985754 ], [ 22.4879837, 41.778064693987069 ], [ 22.4839497, 41.778576793987284 ], [ 22.4810314, 41.777872693987014 ], [ 22.4780273, 41.780112893987997 ], [ 22.4756241, 41.780560893988202 ], [ 22.4744225, 41.781520993988593 ], [ 22.4713326, 41.781520993988586 ], [ 22.4707747, 41.782640993989148 ], [ 22.4692297, 41.783601093989532 ], [ 22.4681139, 41.786161093990678 ], [ 22.4656248, 41.787344993991205 ], [ 22.4646378, 41.787216993991187 ], [ 22.4554968, 41.779888893987867 ], [ 22.453866, 41.777136593986633 ], [ 22.4541235, 41.774704293985579 ], [ 22.4535227, 41.77284799398474 ], [ 22.4517632, 41.773648093985102 ], [ 22.4502182, 41.77326409398492 ], [ 22.4484158, 41.774032193985249 ], [ 22.4435234, 41.772111793984401 ], [ 22.4349833, 41.765230093981295 ], [ 22.4344683, 41.764333793980903 ], [ 22.4351549, 41.758955893978502 ], [ 22.4369144, 41.757963493978075 ], [ 22.4386311, 41.758787793978421 ], [ 22.4360132, 41.752745093975719 ], [ 22.4348116, 41.747814493973507 ], [ 22.4348116, 41.744612593972086 ], [ 22.4281168, 41.735197993967859 ], [ 22.4279451, 41.733980993967315 ], [ 22.4257135, 41.732379793966608 ], [ 22.4251382, 41.730495193965744 ], [ 22.4197483, 41.730041793965547 ], [ 22.4153924, 41.728824793964968 ], [ 22.4144697, 41.722771193962309 ], [ 22.4157572, 41.719439893960761 ], [ 22.4143839, 41.718478893960324 ], [ 22.412324, 41.715339593958952 ], [ 22.4136114, 41.713609693958169 ], [ 22.4134398, 41.71213609395749 ], [ 22.4114656, 41.709573093956323 ], [ 22.4088907, 41.708355693955816 ], [ 22.4074745, 41.706529493954989 ], [ 22.404213, 41.704991593954283 ], [ 22.3990631, 41.703645893953656 ], [ 22.3964453, 41.701947793952904 ], [ 22.3963594, 41.69887169395156 ], [ 22.3948145, 41.696372293950382 ], [ 22.3953295, 41.694962393949794 ], [ 22.394042, 41.693231893949033 ], [ 22.3938704, 41.691501493948216 ], [ 22.3949593, 41.689911093947529 ], [ 22.3914242, 41.686277693945854 ], [ 22.3891926, 41.6857007939456 ], [ 22.3858452, 41.683521393944623 ], [ 22.3842734, 41.683849893944824 ], [ 22.3845416, 41.683132693944472 ], [ 22.3836887, 41.682704093944281 ], [ 22.3829216, 41.683024593944474 ], [ 22.3833078, 41.681942893943898 ], [ 22.3764038, 41.684931593945237 ], [ 22.3679119, 41.683601493944664 ], [ 22.3648167, 41.685252093945429 ], [ 22.3612976, 41.684803393945195 ], [ 22.3583794, 41.685508493945541 ], [ 22.3542595, 41.685572593945558 ], [ 22.3534441, 41.68624559394582 ], [ 22.3537874, 41.68733529394634 ], [ 22.3528433, 41.689450493947277 ], [ 22.349968, 41.692110293948531 ], [ 22.3473072, 41.69281529394884 ], [ 22.343874, 41.692302593948604 ], [ 22.3382092, 41.69358439394918 ], [ 22.3361492, 41.693456293949112 ], [ 22.3330003, 41.69476209394972 ], [ 22.3298836, 41.691725793948322 ], [ 22.3278236, 41.690572093947843 ], [ 22.3259354, 41.690379793947727 ], [ 22.3168802, 41.685091793945368 ], [ 22.3157644, 41.683168793944482 ], [ 22.3155928, 41.680604693943337 ], [ 22.3140049, 41.678970093942567 ], [ 22.3106146, 41.677271293941807 ], [ 22.3089838, 41.674899193940718 ], [ 22.3088121, 41.673616993940193 ], [ 22.3100996, 41.671885993939384 ], [ 22.3108721, 41.663486693935624 ], [ 22.312417, 41.661755493934834 ], [ 22.3102713, 41.657779693933051 ], [ 22.3102713, 41.653611393931186 ], [ 22.3138332, 41.649410693929262 ], [ 22.3158932, 41.649603093929393 ], [ 22.3212006, 41.646888793928163 ], [ 22.3201418, 41.645722793927632 ], [ 22.324175799999988, 41.64123299392562 ], [ 22.3255491, 41.639180393924669 ], [ 22.324862499999988, 41.637576693923926 ], [ 22.3258924, 41.637320093923826 ], [ 22.3270941, 41.635652293923108 ], [ 22.3268366, 41.63462589392261 ], [ 22.3204422, 41.629397493920244 ], [ 22.3155311, 41.627348493919349 ], [ 22.3169231, 41.624264893917925 ], [ 22.3200989, 41.624200793917943 ], [ 22.323103, 41.622083393916974 ], [ 22.3249054, 41.622211793917039 ], [ 22.3264503, 41.620928493916466 ], [ 22.3330593, 41.618490293915343 ], [ 22.3346043, 41.617014393914694 ], [ 22.3383808, 41.616051893914282 ], [ 22.3395395, 41.615121493913854 ], [ 22.3382521, 41.614351393913459 ], [ 22.3401833, 41.610918293911922 ], [ 22.3430157, 41.611110793911998 ], [ 22.3461914, 41.609827293911458 ], [ 22.3503971, 41.609570593911343 ], [ 22.352457, 41.608607993910887 ], [ 22.3540878, 41.608607993910894 ], [ 22.3554182, 41.606393893909868 ], [ 22.3594522, 41.603441693908572 ], [ 22.3622417, 41.600007893906998 ], [ 22.3643446, 41.599783293906903 ], [ 22.3664045, 41.603650293908657 ], [ 22.3688507, 41.601163193907553 ], [ 22.3721123, 41.600136293907099 ], [ 22.3734426, 41.598692093906422 ], [ 22.3726702, 41.594584093904544 ], [ 22.3767042, 41.591374593903112 ], [ 22.377305, 41.58874259390192 ], [ 22.3823261, 41.586142693900754 ], [ 22.3835278, 41.586335293900845 ], [ 22.3891926, 41.591214093903076 ], [ 22.3909521, 41.591888093903343 ], [ 22.3919821, 41.593813893904233 ], [ 22.394042, 41.595225993904855 ], [ 22.3934412, 41.596124693905253 ], [ 22.3969173, 41.596926993905619 ], [ 22.398119, 41.598274893906279 ], [ 22.4024963, 41.596926993905633 ], [ 22.4040413, 41.597440493905857 ], [ 22.40623, 41.596381393905354 ], [ 22.4067879, 41.595193893904877 ], [ 22.4079037, 41.595450693904979 ], [ 22.4117661, 41.59339659390406 ], [ 22.4129677, 41.593524993904069 ], [ 22.4203491, 41.591663493903262 ], [ 22.4220657, 41.591855993903344 ], [ 22.4236107, 41.591149893903015 ], [ 22.4267864, 41.590893093902892 ], [ 22.4328804, 41.591920193903398 ], [ 22.4359703, 41.590058593902498 ], [ 22.4383736, 41.589801793902417 ], [ 22.4422507, 41.59051599390277 ], [ 22.4441671, 41.587587093901398 ], [ 22.4484587, 41.584826593900168 ], [ 22.4523211, 41.577443293896827 ], [ 22.4527502, 41.57442549389544 ], [ 22.4566984, 41.570251793893569 ], [ 22.4565268, 41.568325293892684 ], [ 22.4598312, 41.567458393892338 ], [ 22.464036899999989, 41.567265793892211 ], [ 22.4669847, 41.565862993891571 ], [ 22.4665689, 41.564857593891148 ], [ 22.4687147, 41.563123693890333 ], [ 22.4677706, 41.561967693889827 ], [ 22.4688133, 41.560328993889094 ], [ 22.4714613, 41.558371193888199 ], [ 22.4758387, 41.551691393885179 ], [ 22.4794838, 41.550132693884478 ], [ 22.4783278, 41.548993593883978 ], [ 22.4781561, 41.542505493881031 ], [ 22.4760962, 41.537815793878934 ], [ 22.4760103, 41.535824093877984 ], [ 22.4737358, 41.532964993876696 ], [ 22.472105, 41.532643793876545 ], [ 22.4682856, 41.530298593875521 ], [ 22.4663906, 41.527065693874029 ], [ 22.4696159, 41.527053693874038 ], [ 22.4710751, 41.528145993874539 ], [ 22.4757957, 41.527439193874194 ], [ 22.4803448, 41.527696193874334 ], [ 22.4846363, 41.529174093875014 ], [ 22.4896145, 41.528531593874703 ], [ 22.4916744, 41.527888993874413 ], [ 22.4928761, 41.526668093873887 ], [ 22.4983692, 41.523969293872611 ], [ 22.5018024, 41.523262393872329 ], [ 22.5042057, 41.521077593871347 ], [ 22.5093555, 41.519149693870439 ], [ 22.5106001, 41.518153493869988 ], [ 22.5103426, 41.516868193869449 ], [ 22.5119305, 41.515357893868732 ], [ 22.5169837, 41.514600793868397 ], [ 22.5192133, 41.515042393868612 ], [ 22.5193709, 41.515799793868958 ], [ 22.5220156, 41.517189593869574 ], [ 22.5227022, 41.519503093870625 ], [ 22.524966, 41.522071593871786 ], [ 22.5251827, 41.522765293872126 ], [ 22.5232843, 41.523463293872425 ], [ 22.523045499999988, 41.525415093873285 ], [ 22.5193548, 41.529912993875293 ], [ 22.518754, 41.533896593877152 ], [ 22.519784, 41.53736599387873 ], [ 22.5249767, 41.541509793880593 ], [ 22.5286675, 41.543372793881403 ], [ 22.5307274, 41.543629693881556 ], [ 22.5333023, 41.546713193882944 ], [ 22.5363493, 41.547066493883086 ], [ 22.5366926, 41.549378993884147 ], [ 22.5384951, 41.550663593884714 ], [ 22.54004, 41.554710193886528 ], [ 22.5429583, 41.557857393887979 ], [ 22.5490093, 41.560779593889308 ], [ 22.5554305, 41.565565993891433 ], [ 22.5573778, 41.56408699389079 ], [ 22.5582361, 41.561903493889822 ], [ 22.5598669, 41.56061899388925 ], [ 22.5600386, 41.559141893888551 ], [ 22.5663766, 41.557205093887688 ], [ 22.5676131, 41.555175893886762 ], [ 22.5686202, 41.554796393886562 ], [ 22.5692976, 41.555223993886798 ], [ 22.5703812, 41.55242999388549 ], [ 22.5723553, 41.552558493885591 ], [ 22.5740719, 41.551081193884912 ], [ 22.5763035, 41.552622693885631 ], [ 22.5775051, 41.551723493885206 ], [ 22.5790501, 41.552044593885356 ], [ 22.580595, 41.551209593884977 ], [ 22.5808954, 41.550278193884601 ], [ 22.5854445, 41.547323393883197 ], [ 22.5844145, 41.545460593882389 ], [ 22.5849295, 41.544561193881954 ], [ 22.5859165, 41.544015193881684 ], [ 22.5871181, 41.544207893881818 ], [ 22.592783, 41.53913279387951 ], [ 22.5963449, 41.537494493878732 ], [ 22.5967902, 41.535428593877832 ], [ 22.6014519, 41.535213693877729 ], [ 22.6035118, 41.532193993876383 ], [ 22.6050997, 41.532663793876559 ], [ 22.6073742, 41.531037493875864 ], [ 22.6085758, 41.532258293876374 ], [ 22.6106787, 41.532997093876723 ], [ 22.6108074, 41.534121493877251 ], [ 22.6177168, 41.536723593878421 ], [ 22.6190042, 41.542505493881038 ], [ 22.6187468, 41.5488008938839 ], [ 22.6255354, 41.557587693887868 ], [ 22.6249266, 41.563380493890492 ], [ 22.6227808, 41.564857593891141 ], [ 22.6218367, 41.56627039389177 ], [ 22.6190901, 41.573719193895158 ], [ 22.6208067, 41.577443293896827 ], [ 22.6190901, 41.583863593899736 ], [ 22.6170731, 41.586463693900939 ], [ 22.6137257, 41.585885893900645 ], [ 22.6056576, 41.586527893900914 ], [ 22.5955712, 41.590068193902511 ], [ 22.5977182, 41.592337493903585 ], [ 22.601409, 41.594519893904547 ], [ 22.6036406, 41.599333993906697 ], [ 22.6026535, 41.600264693907128 ], [ 22.6008832, 41.599602693906824 ], [ 22.5994349, 41.602863993908308 ], [ 22.5962591, 41.605880493909709 ], [ 22.5905943, 41.61447979391351 ], [ 22.5903757, 41.616865093914619 ] ] ] } },
{ "type": "Feature", "properties": { "admin_id": "2589047", "name_local": "Општина Василево", "name_en": "Municipality of Vasilevo", "name_en_status": "OSM_NAME_EN", "source_name": "Општина Василево", "source_admin_level": "7", "source_osm_relation_id": "2589047", "source_name_en": "Municipality of Vasilevo" }, "geometry": { "type": "Polygon", "coordinates": [ [ [ 22.5223401, 41.471879493848981 ], [ 22.524418799999989, 41.473216493849648 ], [ 22.5251913, 41.474695593850306 ], [ 22.529397, 41.477589393851638 ], [ 22.5299549, 41.478971993852262 ], [ 22.5383234, 41.4836980938544 ], [ 22.5378942, 41.486784393855821 ], [ 22.5408983, 41.489227693856897 ], [ 22.5427008, 41.49385669385898 ], [ 22.5414133, 41.496492493860181 ], [ 22.5440311, 41.498967493861301 ], [ 22.5459784, 41.49992649386175 ], [ 22.5548458, 41.499031793861334 ], [ 22.5576782, 41.499481793861541 ], [ 22.5645447, 41.499353193861495 ], [ 22.565918, 41.499803193861702 ], [ 22.5686646, 41.498453193861089 ], [ 22.571926099999988, 41.498196093860933 ], [ 22.5735569, 41.497488893860627 ], [ 22.5735569, 41.496974593860443 ], [ 22.5715828, 41.49723179386055 ], [ 22.5710249, 41.49642819386014 ], [ 22.574029, 41.495849593859894 ], [ 22.5742006, 41.493020893858635 ], [ 22.5768614, 41.490256393857344 ], [ 22.5809813, 41.487748893856221 ], [ 22.5820971, 41.484791193854846 ], [ 22.5831699, 41.483794593854412 ], [ 22.5838137, 41.483890993854487 ], [ 22.584543199999988, 41.485273493855139 ], [ 22.5900364, 41.4830229938541 ], [ 22.5951381, 41.487999093856359 ], [ 22.5994778, 41.486752293855787 ], [ 22.6029539, 41.484855493854944 ], [ 22.6026106, 41.482733593853958 ], [ 22.6043272, 41.4810617938532 ], [ 22.6061296, 41.476045993850931 ], [ 22.6052713, 41.474888493850408 ], [ 22.6060438, 41.473087793849594 ], [ 22.6052713, 41.472187493849177 ], [ 22.6083612, 41.46897189384773 ], [ 22.6078463, 41.468264393847377 ], [ 22.6123953, 41.466720793846704 ], [ 22.6133555, 41.462045693844559 ], [ 22.6162148, 41.461414493844281 ], [ 22.620163, 41.461671793844367 ], [ 22.6233387, 41.460964293844086 ], [ 22.6225662, 41.462958193844997 ], [ 22.6296312, 41.464162193845496 ], [ 22.6293106, 41.465476193846129 ], [ 22.6342392, 41.467331793846995 ], [ 22.63587, 41.466238493846447 ], [ 22.6373291, 41.466559993846616 ], [ 22.6390082, 41.465559093846153 ], [ 22.6425648, 41.467331793846995 ], [ 22.6443672, 41.466945893846798 ], [ 22.645998, 41.467267493846968 ], [ 22.6474571, 41.468296593847427 ], [ 22.6487446, 41.468039293847319 ], [ 22.6513195, 41.469196993847802 ], [ 22.6552248, 41.473795293849875 ], [ 22.6568985, 41.474341893850152 ], [ 22.6597986, 41.473165193849596 ], [ 22.6603746, 41.470708293848496 ], [ 22.6619625, 41.468811093847656 ], [ 22.6643658, 41.468039293847319 ], [ 22.666769, 41.465860593846273 ], [ 22.6673913, 41.46571189384624 ], [ 22.6686144, 41.466817293846781 ], [ 22.6721871, 41.464574193845699 ], [ 22.6766181, 41.469040193847732 ], [ 22.6783186, 41.468927693847668 ], [ 22.6781631, 41.469840093848134 ], [ 22.6800406, 41.470575693848438 ], [ 22.681253, 41.470185793848252 ], [ 22.680459, 41.472275893849215 ], [ 22.6819021, 41.473280793849646 ], [ 22.6819986, 41.47404039384999 ], [ 22.6829427, 41.474104693850045 ], [ 22.6826584, 41.474944793850426 ], [ 22.6852173, 41.475973693850861 ], [ 22.6868695, 41.475732493850757 ], [ 22.6872343, 41.476986493851363 ], [ 22.6857537, 41.477613493851621 ], [ 22.6859897, 41.478489693852048 ], [ 22.6876742, 41.478626293852095 ], [ 22.6881784, 41.479188993852325 ], [ 22.6875132, 41.480000793852746 ], [ 22.6890475, 41.480973393853148 ], [ 22.6885056, 41.482083593853659 ], [ 22.69138, 41.482533493853886 ], [ 22.699213, 41.488874093856737 ], [ 22.7025604, 41.490095593857284 ], [ 22.705035, 41.486377693855623 ], [ 22.709384, 41.490192093857353 ], [ 22.7107573, 41.492313693858272 ], [ 22.713933, 41.494435293859247 ], [ 22.7159929, 41.497199593860515 ], [ 22.7181387, 41.501828093862635 ], [ 22.7248764, 41.504302893863752 ], [ 22.7273655, 41.504624293863884 ], [ 22.7288675, 41.505941993864454 ], [ 22.7308416, 41.511276793866891 ], [ 22.7314854, 41.511694593867077 ], [ 22.7341461, 41.511630293867043 ], [ 22.7373219, 41.512722893867533 ], [ 22.7380514, 41.514747393868454 ], [ 22.7416563, 41.517253793869592 ], [ 22.7433729, 41.520531293871059 ], [ 22.7452612, 41.520981193871279 ], [ 22.7456045, 41.522394893871891 ], [ 22.7445745, 41.523615893872474 ], [ 22.7444887, 41.525093793873154 ], [ 22.7421713, 41.526186193873642 ], [ 22.7417421, 41.527407093874203 ], [ 22.7429438, 41.528949193874922 ], [ 22.741313, 41.53126239387597 ], [ 22.7428579, 41.532161893876342 ], [ 22.743201299999988, 41.535310093877762 ], [ 22.7403688, 41.536530793878349 ], [ 22.740283, 41.538458193879201 ], [ 22.739253, 41.539357593879615 ], [ 22.740283, 41.545267793882282 ], [ 22.7413988, 41.547130693883112 ], [ 22.7459908, 41.548961393883971 ], [ 22.7479649, 41.551466593885074 ], [ 22.7496815, 41.551402293885054 ], [ 22.7518702, 41.552269493885497 ], [ 22.752471, 41.553040193885778 ], [ 22.7522135, 41.554067893886277 ], [ 22.754488, 41.557247193887662 ], [ 22.7596378, 41.560329993889098 ], [ 22.7633715, 41.561389693889581 ], [ 22.763629, 41.564408093890975 ], [ 22.7675335, 41.571862493894336 ], [ 22.7618694, 41.575099693895723 ], [ 22.743845, 41.579529993897765 ], [ 22.741372, 41.579112593897591 ], [ 22.7406531, 41.578442493897299 ], [ 22.7383089, 41.579754693897868 ], [ 22.737751, 41.580878193898386 ], [ 22.7343178, 41.581263493898547 ], [ 22.7332449, 41.581937593898886 ], [ 22.7332449, 41.584120393899852 ], [ 22.7312064, 41.58552479390049 ], [ 22.716465, 41.587619193901432 ], [ 22.7078819, 41.587169793901182 ], [ 22.7059937, 41.587875993901505 ], [ 22.6918316, 41.580107793898065 ], [ 22.6879813, 41.580306393898098 ], [ 22.6922178, 41.583349993899517 ], [ 22.6919603, 41.586238993900835 ], [ 22.6938486, 41.586367393900815 ], [ 22.6937628, 41.588164893901656 ], [ 22.6929903, 41.588870993901949 ], [ 22.6935911, 41.589512993902297 ], [ 22.6933336, 41.590475893902713 ], [ 22.6943636, 41.591053593902977 ], [ 22.6942778, 41.592722593903744 ], [ 22.6972818, 41.596060493905249 ], [ 22.6991701, 41.599526493906801 ], [ 22.6990843, 41.60350579390861 ], [ 22.7023029, 41.605784193909628 ], [ 22.7057791, 41.606907293910126 ], [ 22.7041483, 41.608126693910684 ], [ 22.704148299999989, 41.609217693911198 ], [ 22.7032042, 41.610051893911553 ], [ 22.7053499, 41.611656293912297 ], [ 22.703805, 41.613709693913208 ], [ 22.7043629, 41.614447693913512 ], [ 22.7056074, 41.614543993913607 ], [ 22.705779100000012, 41.616083993914273 ], [ 22.7048349, 41.617944893915073 ], [ 22.7060795, 41.618041093915139 ], [ 22.7085686, 41.620479393916234 ], [ 22.7101994, 41.619645193915908 ], [ 22.7111864, 41.621602193916729 ], [ 22.7139533, 41.622150293916981 ], [ 22.7105427, 41.623751593917703 ], [ 22.7038479, 41.624521593918075 ], [ 22.7013588, 41.624264893917925 ], [ 22.6967239, 41.625612293918586 ], [ 22.6950502, 41.627119993919258 ], [ 22.6948786, 41.628787993920014 ], [ 22.6907587, 41.633214593922027 ], [ 22.6908445, 41.634754193922689 ], [ 22.6888704, 41.637576693923926 ], [ 22.6856947, 41.637384293923894 ], [ 22.6838064, 41.640719793925356 ], [ 22.6812315, 41.642836493926289 ], [ 22.6800299, 41.644824893927215 ], [ 22.6773262, 41.646524493927977 ], [ 22.6731205, 41.646973493928172 ], [ 22.6663399, 41.64440799392704 ], [ 22.6642799, 41.644792793927216 ], [ 22.6532078, 41.636197493923341 ], [ 22.6490879, 41.635748493923131 ], [ 22.6491308, 41.634112693922354 ], [ 22.6481867, 41.632765493921788 ], [ 22.649045, 41.630391893920702 ], [ 22.6474142, 41.629301293920236 ], [ 22.6464272, 41.627151993919256 ], [ 22.642951, 41.627248293919322 ], [ 22.6443672, 41.625648293918552 ], [ 22.6439991, 41.624622793918107 ], [ 22.6429081, 41.626253793918849 ], [ 22.6417065, 41.626253793918849 ], [ 22.637372, 41.630263593920652 ], [ 22.6402044, 41.631803293921401 ], [ 22.6387453, 41.633727793922212 ], [ 22.6395178, 41.635908893923194 ], [ 22.6375437, 41.638538893924363 ], [ 22.6407194, 41.639436893924795 ], [ 22.640204399999988, 41.640142493925104 ], [ 22.641666499999989, 41.64091929392545 ], [ 22.6276302, 41.640110493925093 ], [ 22.6247978, 41.637416293923913 ], [ 22.614069, 41.640110493925079 ], [ 22.6081896, 41.63385609392229 ], [ 22.6043272, 41.632573093921678 ], [ 22.5959158, 41.623911993917822 ], [ 22.5916243, 41.619163993915635 ], [ 22.5903757, 41.616865093914619 ], [ 22.5904226, 41.615442293913972 ], [ 22.5962591, 41.605880493909709 ], [ 22.5996923, 41.602478993908115 ], [ 22.6008832, 41.599602693906824 ], [ 22.6026535, 41.600264693907128 ], [ 22.6036406, 41.599333993906697 ], [ 22.601409, 41.594519893904547 ], [ 22.5977182, 41.592337493903585 ], [ 22.5955712, 41.590068193902511 ], [ 22.6056576, 41.586527893900914 ], [ 22.6137257, 41.585885893900645 ], [ 22.6170731, 41.586463693900939 ], [ 22.6190901, 41.583863593899736 ], [ 22.6208067, 41.577443293896827 ], [ 22.6190901, 41.573719193895158 ], [ 22.6218367, 41.56627039389177 ], [ 22.6227808, 41.564857593891141 ], [ 22.6249266, 41.563380493890492 ], [ 22.6255354, 41.557587693887868 ], [ 22.6187468, 41.5488008938839 ], [ 22.6190042, 41.542505493881038 ], [ 22.6177168, 41.536723593878421 ], [ 22.6108074, 41.534121493877251 ], [ 22.6106787, 41.532997093876723 ], [ 22.6085758, 41.532258293876374 ], [ 22.6073742, 41.531037493875864 ], [ 22.6050997, 41.532663793876559 ], [ 22.6035118, 41.532193993876383 ], [ 22.6014519, 41.535213693877729 ], [ 22.5967902, 41.535428593877832 ], [ 22.5963449, 41.537494493878732 ], [ 22.592783, 41.53913279387951 ], [ 22.5871181, 41.544207893881818 ], [ 22.5859165, 41.544015193881684 ], [ 22.5849295, 41.544561193881954 ], [ 22.5844145, 41.545460593882389 ], [ 22.5854445, 41.547323393883197 ], [ 22.5808954, 41.550278193884601 ], [ 22.580595, 41.551209593884977 ], [ 22.5790501, 41.552044593885356 ], [ 22.5775051, 41.551723493885206 ], [ 22.5763035, 41.552622693885631 ], [ 22.5740719, 41.551081193884912 ], [ 22.5723553, 41.552558493885591 ], [ 22.5703812, 41.55242999388549 ], [ 22.5692976, 41.555223993886798 ], [ 22.5686202, 41.554796393886562 ], [ 22.5676131, 41.555175893886762 ], [ 22.5663766, 41.557205093887688 ], [ 22.5600386, 41.559141893888551 ], [ 22.5598669, 41.56061899388925 ], [ 22.5582361, 41.561903493889822 ], [ 22.5573778, 41.56408699389079 ], [ 22.5554305, 41.565565993891433 ], [ 22.5490093, 41.560779593889308 ], [ 22.5434303, 41.558210593888134 ], [ 22.54004, 41.554710193886528 ], [ 22.5386667, 41.55092059388484 ], [ 22.5366926, 41.549378993884147 ], [ 22.5363493, 41.547066493883086 ], [ 22.5333023, 41.546713193882944 ], [ 22.5307274, 41.543629693881556 ], [ 22.5286675, 41.543372793881403 ], [ 22.5249767, 41.541509793880593 ], [ 22.519784, 41.53736599387873 ], [ 22.518754, 41.533896593877152 ], [ 22.5193548, 41.529912993875293 ], [ 22.523045499999988, 41.525415093873285 ], [ 22.5232843, 41.523463293872425 ], [ 22.5251827, 41.522765293872126 ], [ 22.524966, 41.522071593871786 ], [ 22.5227022, 41.519503093870625 ], [ 22.5220156, 41.517189593869574 ], [ 22.5193709, 41.515799793868958 ], [ 22.5192133, 41.515042393868612 ], [ 22.5168175, 41.514610793868407 ], [ 22.5149775, 41.512305093867354 ], [ 22.512145, 41.511019693866743 ], [ 22.5112009, 41.508641593865676 ], [ 22.5093126, 41.507034693864938 ], [ 22.5095701, 41.504142193863672 ], [ 22.5085402, 41.503370793863319 ], [ 22.5089693, 41.5009280938622 ], [ 22.5077677, 41.497392493860602 ], [ 22.5093126, 41.492506593858373 ], [ 22.5186682, 41.481447593853332 ], [ 22.5196123, 41.47810379385183 ], [ 22.5185823, 41.475853093850787 ], [ 22.5196123, 41.473859593849916 ], [ 22.5223401, 41.471879493848981 ] ] ] } },
{ "type": "Feature", "properties": { "admin_id": "2589262", "name_local": "Општина Конче", "name_en": "Municipality of Konche", "name_en_status": "OSM_NAME_EN", "source_name": "Општина Конче", "source_admin_level": "7", "source_osm_relation_id": "2589262", "source_name_en": "Municipality of Konche" }, "geometry": { "type": "Polygon", "coordinates": [ [ [ 22.3851639, 41.453341693840628 ], [ 22.3962307, 41.452923493840409 ], [ 22.4170876, 41.455110693841426 ], [ 22.436142, 41.458584293842961 ], [ 22.4457433, 41.453404793840626 ], [ 22.4571061, 41.457973193842712 ], [ 22.4564409, 41.461253693844213 ], [ 22.4600029, 41.463858693845395 ], [ 22.4644661, 41.4661097938464 ], [ 22.4732208, 41.468296593847427 ], [ 22.4753666, 41.470032993848207 ], [ 22.479744, 41.471190693848669 ], [ 22.4833328, 41.474992993850407 ], [ 22.488842, 41.476528293851139 ], [ 22.4931335, 41.476013893850897 ], [ 22.4988842, 41.472734093849411 ], [ 22.5000858, 41.471512193848852 ], [ 22.5036907, 41.470225993848274 ], [ 22.5099564, 41.469389893847882 ], [ 22.5135612, 41.467717693847149 ], [ 22.5159645, 41.46829659384742 ], [ 22.518754, 41.463311993845132 ], [ 22.5218848, 41.46189789384448 ], [ 22.5210714, 41.469293393847842 ], [ 22.5211573, 41.47051539384838 ], [ 22.5223401, 41.471879493848981 ], [ 22.5196123, 41.473859593849916 ], [ 22.5185823, 41.475853093850787 ], [ 22.5196123, 41.47810379385183 ], [ 22.5186682, 41.481447593853332 ], [ 22.5093126, 41.492506593858373 ], [ 22.5077677, 41.497392493860602 ], [ 22.5089693, 41.5009280938622 ], [ 22.5085402, 41.503370793863319 ], [ 22.5095701, 41.504142193863672 ], [ 22.5093126, 41.507034693864938 ], [ 22.5112009, 41.508641593865676 ], [ 22.512145, 41.511019693866743 ], [ 22.5149775, 41.512305093867354 ], [ 22.5168175, 41.514610793868407 ], [ 22.5119305, 41.515357893868732 ], [ 22.5103426, 41.516868193869449 ], [ 22.5106001, 41.518153493869988 ], [ 22.5093555, 41.519149693870439 ], [ 22.5042057, 41.521077593871347 ], [ 22.5018024, 41.523262393872329 ], [ 22.4983692, 41.523969293872611 ], [ 22.4928761, 41.526668093873887 ], [ 22.4916744, 41.527888993874413 ], [ 22.4896145, 41.528531593874703 ], [ 22.4846363, 41.529174093875014 ], [ 22.4803448, 41.527696193874334 ], [ 22.4757957, 41.527439193874194 ], [ 22.4710751, 41.528145993874539 ], [ 22.4696159, 41.527053693874038 ], [ 22.4663906, 41.527065693874029 ], [ 22.4682856, 41.530298593875521 ], [ 22.472105, 41.532643793876545 ], [ 22.4737358, 41.532964993876696 ], [ 22.4760103, 41.535824093877984 ], [ 22.4760962, 41.537815793878934 ], [ 22.4781561, 41.542505493881031 ], [ 22.4783278, 41.548993593883978 ], [ 22.4794838, 41.550132693884478 ], [ 22.4758387, 41.551691393885179 ], [ 22.4714613, 41.558371193888199 ], [ 22.4688133, 41.560328993889094 ], [ 22.4677706, 41.561967693889827 ], [ 22.4687147, 41.563123693890333 ], [ 22.4665689, 41.564857593891148 ], [ 22.4669847, 41.565862993891571 ], [ 22.464036899999989, 41.567265793892211 ], [ 22.4598312, 41.567458393892338 ], [ 22.4565268, 41.568325293892684 ], [ 22.4566984, 41.570251793893569 ], [ 22.4527502, 41.57442549389544 ], [ 22.4523211, 41.577443293896827 ], [ 22.4484587, 41.584826593900168 ], [ 22.4441671, 41.587587093901398 ], [ 22.4422507, 41.59051599390277 ], [ 22.4383736, 41.589801793902417 ], [ 22.4359703, 41.590058593902498 ], [ 22.4328804, 41.591920193903398 ], [ 22.4267864, 41.590893093902892 ], [ 22.4236107, 41.591149893903015 ], [ 22.4220657, 41.591855993903344 ], [ 22.4203491, 41.591663493903262 ], [ 22.4129677, 41.593524993904069 ], [ 22.4117661, 41.59339659390406 ], [ 22.4079037, 41.595450693904979 ], [ 22.4067879, 41.595193893904877 ], [ 22.40623, 41.596381393905354 ], [ 22.4040413, 41.597440493905857 ], [ 22.4024963, 41.596926993905633 ], [ 22.398119, 41.598274893906279 ], [ 22.3969173, 41.596926993905619 ], [ 22.3934412, 41.596124693905253 ], [ 22.394042, 41.595225993904855 ], [ 22.3919821, 41.593813893904233 ], [ 22.3909521, 41.591888093903343 ], [ 22.3891926, 41.591214093903076 ], [ 22.3835278, 41.586335293900845 ], [ 22.3823261, 41.586142693900754 ], [ 22.3776913, 41.588325393901712 ], [ 22.3767042, 41.591374593903112 ], [ 22.3726702, 41.594584093904544 ], [ 22.3735285, 41.598306993906263 ], [ 22.3721123, 41.600136293907099 ], [ 22.3688507, 41.601163193907553 ], [ 22.3662349, 41.603743493908674 ], [ 22.3643446, 41.599783293906903 ], [ 22.3622417, 41.600007893906998 ], [ 22.3594522, 41.603441693908572 ], [ 22.3554182, 41.606393893909868 ], [ 22.3540878, 41.608607993910894 ], [ 22.352457, 41.608607993910887 ], [ 22.3503971, 41.609570593911343 ], [ 22.3461914, 41.609827293911458 ], [ 22.342329, 41.611110793912005 ], [ 22.3413501, 41.61090909391195 ], [ 22.3420286, 41.609345993911219 ], [ 22.3415136, 41.607869993910555 ], [ 22.3390675, 41.607581193910391 ], [ 22.3385096, 41.605495393909464 ], [ 22.3348188, 41.604404393908972 ], [ 22.3308706, 41.598178593906191 ], [ 22.331214, 41.59715169390573 ], [ 22.3302698, 41.59631719390535 ], [ 22.3301786, 41.595145493904838 ], [ 22.3283386, 41.593589193904151 ], [ 22.3242188, 41.593268193903974 ], [ 22.3225021, 41.594231093904405 ], [ 22.320528, 41.592369593903598 ], [ 22.3163223, 41.591470893903185 ], [ 22.3140907, 41.591984393903402 ], [ 22.3120522, 41.590082693902517 ], [ 22.3120737, 41.586559993900984 ], [ 22.3064089, 41.583478393899554 ], [ 22.3048639, 41.580846093898359 ], [ 22.3030186, 41.579465793897711 ], [ 22.2943497, 41.577411193896829 ], [ 22.2854233, 41.571311293894034 ], [ 22.2839642, 41.571311293894048 ], [ 22.2801876, 41.567907893892553 ], [ 22.2788143, 41.567715293892469 ], [ 22.2747803, 41.56469709389107 ], [ 22.2716475, 41.560297893889043 ], [ 22.2693729, 41.559238193888589 ], [ 22.2664966, 41.556421493887335 ], [ 22.2706068, 41.553353393885907 ], [ 22.2706282, 41.550302293884577 ], [ 22.2695982, 41.548194593883608 ], [ 22.2710466, 41.546809493882982 ], [ 22.271862, 41.546520493882838 ], [ 22.2770119, 41.547483993883269 ], [ 22.2802305, 41.545267793882289 ], [ 22.280488, 41.543854593881619 ], [ 22.282033, 41.542633993881118 ], [ 22.2821188, 41.541156493880429 ], [ 22.2839642, 41.539710993879758 ], [ 22.2867107, 41.540481893880106 ], [ 22.2876334, 41.54214419388088 ], [ 22.2889853, 41.541092193880409 ], [ 22.2896719, 41.539036393879471 ], [ 22.2884703, 41.5359525938781 ], [ 22.2910452, 41.533061393876743 ], [ 22.2909594, 41.532161893876335 ], [ 22.2991427, 41.527240493874153 ], [ 22.3004866, 41.521238193871412 ], [ 22.3052073, 41.518924693870325 ], [ 22.3052931, 41.5174465938697 ], [ 22.3066664, 41.515261493868692 ], [ 22.3111296, 41.511083993866833 ], [ 22.3142537, 41.49697159386038 ], [ 22.3176527, 41.494563893859329 ], [ 22.322073, 41.489966993857223 ], [ 22.3280811, 41.48874549385669 ], [ 22.3297977, 41.487523893856114 ], [ 22.3381516, 41.485522693855231 ], [ 22.3428574, 41.48113049385325 ], [ 22.3444527, 41.477520893851619 ], [ 22.3408081, 41.471885293849034 ], [ 22.3347788, 41.468196593847352 ], [ 22.3407427, 41.461677493844377 ], [ 22.3392453, 41.459274893843329 ], [ 22.3400525, 41.458007393842756 ], [ 22.3398687, 41.455872393841737 ], [ 22.3382491, 41.452356693840152 ], [ 22.3387908, 41.451077893839575 ], [ 22.3371216, 41.448794493838577 ], [ 22.3339434, 41.449706493838981 ], [ 22.3317376, 41.448719493838482 ], [ 22.333703, 41.447036993837756 ], [ 22.3333597, 41.445621593837146 ], [ 22.3346472, 41.442855093835824 ], [ 22.3441858, 41.43004629383001 ], [ 22.3503971, 41.447648193838035 ], [ 22.3851639, 41.453341693840628 ] ] ] } },
{ "type": "Feature", "properties": { "admin_id": "2589323", "name_local": "Општина Босилово", "name_en": "Municipality of Bosilovo", "name_en_status": "OSM_NAME_EN", "source_name": "Општина Босилово", "source_admin_level": "7", "source_osm_relation_id": "2589323", "source_name_en": "Municipality of Bosilovo" }, "geometry": { "type": "Polygon", "coordinates": [ [ [ 22.7114157, 41.423517993827048 ], [ 22.7092767, 41.424712593827614 ], [ 22.7059937, 41.425191293827851 ], [ 22.7030754, 41.427765593829022 ], [ 22.7008438, 41.427894293829027 ], [ 22.6998138, 41.427057593828692 ], [ 22.6988697, 41.427379393828822 ], [ 22.6944917, 41.433725393831679 ], [ 22.6951122, 41.433622393831634 ], [ 22.6973677, 41.436935493833133 ], [ 22.7003717, 41.439380593834251 ], [ 22.7032042, 41.443305393836056 ], [ 22.7062941, 41.445364293836988 ], [ 22.7084425, 41.447801793838082 ], [ 22.7076674, 41.448902693838619 ], [ 22.7080965, 41.449996393839101 ], [ 22.7074957, 41.45147609383978 ], [ 22.7077532, 41.452826993840368 ], [ 22.7091265, 41.453663293840741 ], [ 22.709384, 41.454499593841128 ], [ 22.7071524, 41.457136993842376 ], [ 22.718482, 41.462861693844943 ], [ 22.7141476, 41.464244593845564 ], [ 22.7106701, 41.467049893846841 ], [ 22.7073669, 41.465530993846137 ], [ 22.7063799, 41.465948993846332 ], [ 22.7068949, 41.466913793846764 ], [ 22.706337, 41.467653393847101 ], [ 22.7044487, 41.467524793847048 ], [ 22.7032202, 41.466744993846689 ], [ 22.7010155, 41.467781993847154 ], [ 22.6995134, 41.469229093847837 ], [ 22.6989985, 41.471415793848827 ], [ 22.6974535, 41.473795293849861 ], [ 22.6935053, 41.476560493851117 ], [ 22.6929045, 41.478875493852193 ], [ 22.6933336, 41.47964709385252 ], [ 22.69138, 41.482533493853886 ], [ 22.699213, 41.488874093856737 ], [ 22.7025604, 41.490095593857284 ], [ 22.705035, 41.486377693855623 ], [ 22.709384, 41.490192093857353 ], [ 22.7107573, 41.492313693858272 ], [ 22.713933, 41.494435293859247 ], [ 22.7159929, 41.497199593860515 ], [ 22.7181387, 41.501828093862635 ], [ 22.7248764, 41.504302893863752 ], [ 22.7273655, 41.504624293863884 ], [ 22.7288675, 41.505941993864454 ], [ 22.7308416, 41.511276793866891 ], [ 22.7314854, 41.511694593867077 ], [ 22.7341461, 41.511630293867043 ], [ 22.7373219, 41.512722893867533 ], [ 22.7380514, 41.514747393868454 ], [ 22.7416563, 41.517253793869592 ], [ 22.7433729, 41.520531293871059 ], [ 22.7452612, 41.520981193871279 ], [ 22.7456045, 41.522394893871891 ], [ 22.7445745, 41.523615893872474 ], [ 22.7444887, 41.525093793873154 ], [ 22.7421713, 41.526186193873642 ], [ 22.7417421, 41.527407093874203 ], [ 22.7429438, 41.528949193874922 ], [ 22.741313, 41.53126239387597 ], [ 22.7428579, 41.532161893876342 ], [ 22.743201299999988, 41.535310093877762 ], [ 22.7403688, 41.536530793878349 ], [ 22.740283, 41.538458193879201 ], [ 22.739253, 41.539357593879615 ], [ 22.740283, 41.545267793882282 ], [ 22.7413988, 41.547130693883112 ], [ 22.7459908, 41.548961393883971 ], [ 22.7479649, 41.551466593885074 ], [ 22.7496815, 41.551402293885054 ], [ 22.7518702, 41.552269493885497 ], [ 22.752471, 41.553040193885778 ], [ 22.7522135, 41.554067893886277 ], [ 22.754488, 41.557247193887662 ], [ 22.7596378, 41.560329993889098 ], [ 22.7633715, 41.561389693889581 ], [ 22.763629, 41.564408093890975 ], [ 22.7675335, 41.571862493894336 ], [ 22.7651071, 41.558796893888378 ], [ 22.7671909, 41.559173993888585 ], [ 22.7715683, 41.55499919388668 ], [ 22.7782631, 41.55454959388647 ], [ 22.7825546, 41.552558493885584 ], [ 22.7824792, 41.550264793884516 ], [ 22.7865469, 41.546453293882848 ], [ 22.7884769, 41.545813893882524 ], [ 22.790193599999988, 41.54645619388284 ], [ 22.7922964, 41.545139393882224 ], [ 22.793026, 41.541252793880425 ], [ 22.7980042, 41.54054609388016 ], [ 22.8004074, 41.537847893878912 ], [ 22.803669, 41.537655093878847 ], [ 22.8069305, 41.538875793879413 ], [ 22.8083038, 41.538618793879252 ], [ 22.8098059, 41.536659293878358 ], [ 22.8093767, 41.532418893876496 ], [ 22.811265, 41.529463293875168 ], [ 22.814312, 41.527696193874334 ], [ 22.8186035, 41.528467293874655 ], [ 22.8207397, 41.527791593874376 ], [ 22.8209798, 41.527125493874024 ], [ 22.8242254, 41.529591793875198 ], [ 22.8257275, 41.533157793876796 ], [ 22.829504, 41.532515293876521 ], [ 22.8339672, 41.532450993876473 ], [ 22.8351688, 41.532964993876703 ], [ 22.8386021, 41.532579493876504 ], [ 22.8410912, 41.535149493877704 ], [ 22.8434944, 41.535727693877973 ], [ 22.8456402, 41.535470693877812 ], [ 22.8486013, 41.536787793878432 ], [ 22.8515196, 41.540899493880303 ], [ 22.8555272, 41.543397393881463 ], [ 22.8553838, 41.542747393881164 ], [ 22.858858099999988, 41.541509793880607 ], [ 22.8642225, 41.54128489388048 ], [ 22.8667974, 41.538136993879064 ], [ 22.8662825, 41.535567093877908 ], [ 22.86551, 41.534860393877601 ], [ 22.8667116, 41.532033393876269 ], [ 22.8703594, 41.528788593874822 ], [ 22.8739214, 41.527535593874255 ], [ 22.8755522, 41.524708293872955 ], [ 22.8750078, 41.52021729387095 ], [ 22.8756221, 41.520433093871013 ], [ 22.876408, 41.519396593870582 ], [ 22.8768396, 41.517639393869764 ], [ 22.8763247, 41.516611193869316 ], [ 22.8770113, 41.515068693868621 ], [ 22.8750372, 41.509412893866049 ], [ 22.8758097, 41.507420293865131 ], [ 22.874608, 41.506327593864661 ], [ 22.8740072, 41.503306493863327 ], [ 22.875123, 41.500542393862013 ], [ 22.8739643, 41.499031793861342 ], [ 22.8712177, 41.498838893861247 ], [ 22.8698444, 41.498196093860933 ], [ 22.868557, 41.498581793861135 ], [ 22.866497, 41.498324593861042 ], [ 22.8648663, 41.498903193861267 ], [ 22.8630209, 41.496878193860383 ], [ 22.8621626, 41.49552819385972 ], [ 22.8623343, 41.49314949385866 ], [ 22.86089, 41.491622993858009 ], [ 22.8591585, 41.487491693856107 ], [ 22.8585577, 41.483440893854251 ], [ 22.8591585, 41.481961993853595 ], [ 22.8555965, 41.478393193851986 ], [ 22.850532499999989, 41.476592693851174 ], [ 22.8483438, 41.474373993850129 ], [ 22.8452539, 41.472573393849331 ], [ 22.8450823, 41.471222793848746 ], [ 22.8460264, 41.469743593848072 ], [ 22.8440523, 41.467621293847088 ], [ 22.8452539, 41.466720793846712 ], [ 22.8446531, 41.464984293845923 ], [ 22.8452539, 41.463697893845328 ], [ 22.8419495, 41.460256693843746 ], [ 22.839632, 41.460192393843691 ], [ 22.8353405, 41.458841593843154 ], [ 22.8307056, 41.460706993843964 ], [ 22.8256416, 41.459549193843415 ], [ 22.8200197, 41.454756893841278 ], [ 22.816844, 41.450446693839289 ], [ 22.8140285, 41.448619593838487 ], [ 22.8127241, 41.445878993837226 ], [ 22.8139257, 41.445106893836893 ], [ 22.8132391, 41.44279069383586 ], [ 22.8115225, 41.440474393834783 ], [ 22.8101492, 41.432624193831231 ], [ 22.8125525, 41.42972839382989 ], [ 22.8118658, 41.42799079382911 ], [ 22.8096342, 41.426446293828398 ], [ 22.8076169, 41.421223693826001 ], [ 22.812295, 41.418658693824852 ], [ 22.8128099, 41.414152993822768 ], [ 22.8158569, 41.4147644938231 ], [ 22.8174359, 41.413565593822526 ], [ 22.808733, 41.411481693821599 ], [ 22.8022957, 41.408134293820041 ], [ 22.7997208, 41.40980799382082 ], [ 22.7956295, 41.411162793821454 ], [ 22.7968293, 41.405420293818835 ], [ 22.789755599999985, 41.404040693818168 ], [ 22.7868762, 41.402735193817612 ], [ 22.7835417, 41.398767093815813 ], [ 22.7820826, 41.395354693814262 ], [ 22.7783489, 41.392489393812916 ], [ 22.7740001, 41.390922593812249 ], [ 22.770611, 41.390757493812167 ], [ 22.7692938, 41.393809393813527 ], [ 22.7675343, 41.395773193814421 ], [ 22.7654743, 41.39519369381415 ], [ 22.7630711, 41.397254093815079 ], [ 22.761097, 41.39654589381481 ], [ 22.7598095, 41.396674593814843 ], [ 22.749939, 41.3997006938162 ], [ 22.7482224, 41.399700693816193 ], [ 22.7471066, 41.400537693816638 ], [ 22.7435017, 41.400487393816597 ], [ 22.7440596, 41.40320949381784 ], [ 22.7435446, 41.403917593818122 ], [ 22.7444887, 41.405527093818897 ], [ 22.7414846, 41.406557093819359 ], [ 22.7429438, 41.409389593820642 ], [ 22.7427721, 41.410355193821069 ], [ 22.742171299999988, 41.411642593821632 ], [ 22.7398539, 41.41267249382215 ], [ 22.741313, 41.413251893822355 ], [ 22.7426758, 41.416679893823954 ], [ 22.7413516, 41.417122493824152 ], [ 22.7406263, 41.418529993824805 ], [ 22.7408838, 41.419945893825464 ], [ 22.7382188, 41.423952893827291 ], [ 22.7330303, 41.423839793827199 ], [ 22.7250481, 41.426735893828521 ], [ 22.7223873, 41.426864593828583 ], [ 22.7217865, 41.42763679382896 ], [ 22.7192236, 41.42771769382896 ], [ 22.716465, 41.425706193828056 ], [ 22.7114157, 41.423517993827048 ] ] ] } },
{ "type": "Feature", "properties": { "admin_id": "2589373", "name_local": "Општина Ново Село", "name_en": "Municipality of Novo Selo", "name_en_status": "OSM_NAME_EN", "source_name": "Општина Ново Село", "source_admin_level": "7", "source_osm_relation_id": "2589373", "source_name_en": "Municipality of Novo Selo" }, "geometry": { "type": "Polygon", "coordinates": [ [ [ 22.8068408, 41.338978093788555 ], [ 22.8013583, 41.338608393788384 ], [ 22.8005, 41.33909179378859 ], [ 22.8000933, 41.341151593789583 ], [ 22.7997977, 41.341477993789674 ], [ 22.7994063, 41.341091993789483 ], [ 22.7983046, 41.342084693789928 ], [ 22.7988195, 41.343309093790531 ], [ 22.7969742, 41.343856793790764 ], [ 22.7961588, 41.345435493791527 ], [ 22.7928972, 41.346981993792227 ], [ 22.8031969, 41.356131093796414 ], [ 22.8007078, 41.364634793800285 ], [ 22.8023815, 41.367243593801447 ], [ 22.804184, 41.36750129380156 ], [ 22.806716, 41.369014993802253 ], [ 22.8060293, 41.372364393803764 ], [ 22.8075743, 41.373008493804036 ], [ 22.8061581, 41.373491593804289 ], [ 22.8058577, 41.374167893804611 ], [ 22.8083467, 41.374811993804911 ], [ 22.8022528, 41.375262793805099 ], [ 22.8025532, 41.376196693805525 ], [ 22.8078318, 41.376164493805518 ], [ 22.8063726, 41.378933893806774 ], [ 22.805686, 41.382282793808329 ], [ 22.8013945, 41.38691939381043 ], [ 22.8010511, 41.388593693811174 ], [ 22.7994204, 41.390847493812181 ], [ 22.7998495, 41.394324493813805 ], [ 22.7982187, 41.399861693816305 ], [ 22.79706, 41.400795193816705 ], [ 22.7940559, 41.400923993816768 ], [ 22.7918243, 41.401954093817224 ], [ 22.7907503, 41.404138793818241 ], [ 22.7968293, 41.405420293818835 ], [ 22.7956295, 41.411162793821454 ], [ 22.7997208, 41.40980799382082 ], [ 22.8022957, 41.408134293820041 ], [ 22.808733, 41.411481693821599 ], [ 22.8174359, 41.413565593822526 ], [ 22.8158569, 41.4147644938231 ], [ 22.8128099, 41.414152993822768 ], [ 22.812295, 41.418658693824852 ], [ 22.8076169, 41.421223693826001 ], [ 22.8096342, 41.426446293828398 ], [ 22.8118658, 41.42799079382911 ], [ 22.8125525, 41.42972839382989 ], [ 22.8101492, 41.432624193831231 ], [ 22.8115225, 41.440474393834783 ], [ 22.8132391, 41.44279069383586 ], [ 22.8139257, 41.445106893836893 ], [ 22.8127241, 41.445878993837226 ], [ 22.8130674, 41.447165693837796 ], [ 22.8140285, 41.448619593838487 ], [ 22.816844, 41.450446693839289 ], [ 22.8200197, 41.454756893841278 ], [ 22.8256416, 41.459549193843415 ], [ 22.829761500000011, 41.460706993843971 ], [ 22.8320789, 41.460320993843787 ], [ 22.8353405, 41.458841593843154 ], [ 22.839632, 41.460192393843691 ], [ 22.8410912, 41.459935093843619 ], [ 22.8451681, 41.463504893845204 ], [ 22.8446531, 41.465434493846104 ], [ 22.8452539, 41.466720793846712 ], [ 22.8440523, 41.467621293847088 ], [ 22.8460264, 41.469743593848072 ], [ 22.8450823, 41.471222793848746 ], [ 22.8452539, 41.472573393849331 ], [ 22.8483438, 41.474373993850129 ], [ 22.850532499999989, 41.476592693851174 ], [ 22.8555965, 41.478393193851986 ], [ 22.8591585, 41.481961993853595 ], [ 22.8585577, 41.483440893854251 ], [ 22.8591585, 41.487491693856107 ], [ 22.86089, 41.491622993858009 ], [ 22.8623343, 41.49314949385866 ], [ 22.8621626, 41.49552819385972 ], [ 22.8630209, 41.496878193860383 ], [ 22.8648663, 41.498903193861267 ], [ 22.866497, 41.498324593861042 ], [ 22.868557, 41.498581793861135 ], [ 22.8698444, 41.498196093860933 ], [ 22.8712177, 41.498838893861247 ], [ 22.8739643, 41.499031793861342 ], [ 22.875123, 41.500542393862013 ], [ 22.8740072, 41.503306493863327 ], [ 22.874608, 41.506327593864661 ], [ 22.8758097, 41.507420293865131 ], [ 22.8750372, 41.509412893866049 ], [ 22.8770113, 41.515647093868878 ], [ 22.8763247, 41.516611193869316 ], [ 22.8768396, 41.517639393869764 ], [ 22.876408, 41.519396593870582 ], [ 22.8756221, 41.520433093871013 ], [ 22.8750078, 41.52021729387095 ], [ 22.8753312, 41.523092793872259 ], [ 22.8771895, 41.524939693873065 ], [ 22.8776612, 41.526751693873877 ], [ 22.8785722, 41.526551693873785 ], [ 22.8799725, 41.528467293874655 ], [ 22.8812599, 41.528017493874479 ], [ 22.8828049, 41.528403093874623 ], [ 22.8863239, 41.530973193875809 ], [ 22.8879547, 41.531037493875864 ], [ 22.889328, 41.529623893875169 ], [ 22.8921604, 41.528338793874624 ], [ 22.8956795, 41.525704293873439 ], [ 22.8981686, 41.524868893873027 ], [ 22.8997993, 41.522748393872106 ], [ 22.9009151, 41.52313389387222 ], [ 22.9022884, 41.522041493871775 ], [ 22.9040051, 41.522298493871922 ], [ 22.9047775, 41.520948993871279 ], [ 22.9092407, 41.523326693872349 ], [ 22.9122448, 41.522619793872032 ], [ 22.9169204, 41.522967793872162 ], [ 22.9187679, 41.525061693873127 ], [ 22.9230595, 41.525254493873241 ], [ 22.924776099999988, 41.524290593872756 ], [ 22.9367065, 41.524804693873023 ], [ 22.9403973, 41.526025593873555 ], [ 22.9438305, 41.526411093873769 ], [ 22.9460621, 41.527503493874228 ], [ 22.9470062, 41.526860893873973 ], [ 22.9488945, 41.52698939387399 ], [ 22.9549456, 41.522973293872163 ], [ 22.9556751, 41.521848693871696 ], [ 22.96031, 41.520370693871023 ], [ 22.9614258, 41.519213893870493 ], [ 22.963142399999988, 41.519085393870448 ], [ 22.9641724, 41.518057093869984 ], [ 22.965374, 41.519085393870441 ], [ 22.968423499999989, 41.51978929387073 ], [ 22.969331, 41.517968993869893 ], [ 22.971085, 41.51639099386923 ], [ 22.969455, 41.504049993863603 ], [ 22.966273, 41.501544993862517 ], [ 22.961775, 41.499629993861639 ], [ 22.958044, 41.493627993858865 ], [ 22.96054, 41.492095993858186 ], [ 22.960169, 41.489611993857068 ], [ 22.962529, 41.483535993854332 ], [ 22.9618418, 41.482496493853816 ], [ 22.9621331, 41.479587393852519 ], [ 22.9611872, 41.477232293851465 ], [ 22.963851, 41.475380993850628 ], [ 22.9677999, 41.474259393850133 ], [ 22.9662076, 41.472346193849248 ], [ 22.966244, 41.4704592938484 ], [ 22.9644398, 41.467745193847151 ], [ 22.9640857, 41.464758993845848 ], [ 22.96555, 41.463559993845223 ], [ 22.9657784, 41.46208119384459 ], [ 22.967533, 41.459657993843493 ], [ 22.977146, 41.452580993840279 ], [ 22.979617, 41.446721993837627 ], [ 22.9780187, 41.444433593836571 ], [ 22.977676, 41.442096993835527 ], [ 22.9749872, 41.440878193834948 ], [ 22.969312, 41.430914993830413 ], [ 22.9663905, 41.430779793830382 ], [ 22.9658984, 41.431566393830714 ], [ 22.964938, 41.431742993830817 ], [ 22.96101, 41.42903389382959 ], [ 22.9576037, 41.424918293827716 ], [ 22.9574786, 41.423678793827158 ], [ 22.9551708, 41.420592993825736 ], [ 22.9520216, 41.417497493824293 ], [ 22.9534549, 41.415917493823578 ], [ 22.9551526, 41.41209169382185 ], [ 22.9608034, 41.40918169382055 ], [ 22.9616849, 41.407748393819894 ], [ 22.9609634, 41.405351293818811 ], [ 22.9627731, 41.402700993817554 ], [ 22.9625497, 41.401505593817063 ], [ 22.966126, 41.396402793814708 ], [ 22.9667134, 41.393108093813204 ], [ 22.9644537, 41.390139193811848 ], [ 22.9632661, 41.386618393810259 ], [ 22.9621967, 41.37865239380664 ], [ 22.9633303, 41.375817093805367 ], [ 22.962844, 41.37359919380436 ], [ 22.964445, 41.368510793802038 ], [ 22.9656383, 41.36031659379826 ], [ 22.9650247, 41.358168493797294 ], [ 22.9655541, 41.353471693795164 ], [ 22.9527929, 41.352498193794695 ], [ 22.948903, 41.351706393794331 ], [ 22.9441712, 41.346599893792025 ], [ 22.9400271, 41.343772893790721 ], [ 22.937606, 41.341305993789611 ], [ 22.9351752, 41.340337993789191 ], [ 22.9282524, 41.341308693789593 ], [ 22.9275511, 41.338454293788331 ], [ 22.9240905, 41.338816893788483 ], [ 22.9133854, 41.341537093789718 ], [ 22.9045743, 41.340828093789398 ], [ 22.9033546, 41.33954229378881 ], [ 22.8975045, 41.338459593788343 ], [ 22.891387, 41.339005293788574 ], [ 22.8883993, 41.341106393789524 ], [ 22.887334, 41.341265793789596 ], [ 22.881150899999987, 41.340371993789205 ], [ 22.879183, 41.340773793789388 ], [ 22.8778158, 41.340046093788985 ], [ 22.8761308, 41.339983793789003 ], [ 22.8702943, 41.340979793789465 ], [ 22.8652579, 41.339952993789019 ], [ 22.862644, 41.340515893789252 ], [ 22.861813, 41.340255493789151 ], [ 22.8616485, 41.339335293788707 ], [ 22.8579538, 41.33792229378809 ], [ 22.855179, 41.338191093788197 ], [ 22.8522029, 41.339565493788804 ], [ 22.8491351, 41.337555793787864 ], [ 22.8450571, 41.336577293787428 ], [ 22.8432073, 41.336616493787467 ], [ 22.8423019, 41.337169093787715 ], [ 22.8367567, 41.337251593787791 ], [ 22.8328735, 41.336641893787515 ], [ 22.8275675, 41.33459719378655 ], [ 22.8242326, 41.335538093786987 ], [ 22.8222995, 41.334523693786501 ], [ 22.8177566, 41.336023493787245 ], [ 22.817214, 41.338166393788185 ], [ 22.8150228, 41.339711093788871 ], [ 22.8155539, 41.340986593789495 ], [ 22.8133453, 41.342599393790188 ], [ 22.8097921, 41.34301689379042 ], [ 22.8092576, 41.341993493789914 ], [ 22.80997, 41.34028049378913 ], [ 22.8093568, 41.338778893788422 ], [ 22.8084165, 41.338300793788228 ], [ 22.8068408, 41.338978093788555 ] ] ] } },
{ "type": "Feature", "properties": { "admin_id": "2590953", "name_local": "Општина Валандово", "name_en": "Municipality of Valandovo", "name_en_status": "OSM_NAME_EN", "source_name": "Општина Валандово", "source_admin_level": "7", "source_osm_relation_id": "2590953", "source_name_en": "Municipality of Valandovo" }, "geometry": { "type": "Polygon", "coordinates": [ [ [ 22.7797809, 41.327360293783222 ], [ 22.7730915, 41.325988293782615 ], [ 22.7677378, 41.324095293781774 ], [ 22.7645192, 41.32210509378087 ], [ 22.7629206, 41.318648393779299 ], [ 22.7626738, 41.316520993778283 ], [ 22.75879, 41.311669893776092 ], [ 22.7595517, 41.311073493775808 ], [ 22.7594981, 41.309840493775269 ], [ 22.7571275, 41.307849893774353 ], [ 22.7564087, 41.305383693773194 ], [ 22.7552607, 41.3052144937731 ], [ 22.7563443, 41.30443269377276 ], [ 22.7564409, 41.303908793772543 ], [ 22.7569773, 41.303650893772449 ], [ 22.7572383, 41.302973793772111 ], [ 22.7551906, 41.30520639377314 ], [ 22.7530633, 41.305351893773185 ], [ 22.7519261, 41.304731293772896 ], [ 22.7522616, 41.303143193772172 ], [ 22.7495818, 41.303006593772139 ], [ 22.7507942, 41.301402593771428 ], [ 22.7504777, 41.300439493770995 ], [ 22.7437722, 41.300894793771143 ], [ 22.7410631, 41.299032893770338 ], [ 22.7379464, 41.298589593770117 ], [ 22.7361171, 41.29673169376926 ], [ 22.7338886, 41.297638293769687 ], [ 22.728653, 41.2974447937696 ], [ 22.7252197, 41.298669993770176 ], [ 22.7226448, 41.298798993770184 ], [ 22.7168941, 41.29705789376942 ], [ 22.7122593, 41.299250293770392 ], [ 22.709341, 41.298992393770291 ], [ 22.7071095, 41.300797893771112 ], [ 22.7009471, 41.302973093772131 ], [ 22.6989555, 41.301378193771356 ], [ 22.695345299999989, 41.300507793771018 ], [ 22.6951999, 41.302724293772002 ], [ 22.6917667, 41.302184293771752 ], [ 22.6885802, 41.303223993772185 ], [ 22.6838814, 41.302579393771921 ], [ 22.6808365, 41.300910993771176 ], [ 22.678945, 41.300961793771208 ], [ 22.67694, 41.301732893771529 ], [ 22.6772833, 41.303344793772311 ], [ 22.6757383, 41.307277893774099 ], [ 22.6708031, 41.308341693774565 ], [ 22.6690006, 41.310146893775418 ], [ 22.6676273, 41.310856093775726 ], [ 22.665782, 41.310952793775762 ], [ 22.664237, 41.309276593775003 ], [ 22.6629657, 41.305432293773251 ], [ 22.6634645, 41.303538293772391 ], [ 22.6616192, 41.300169193770806 ], [ 22.6605032, 41.300316593770901 ], [ 22.6606215, 41.300783793771089 ], [ 22.6597012, 41.300991593771194 ], [ 22.6589076, 41.302117693771706 ], [ 22.6581053, 41.300866693771141 ], [ 22.6560883, 41.300387093770929 ], [ 22.6547257, 41.30085659377113 ], [ 22.6525211, 41.299701693770601 ], [ 22.6508102, 41.297060393769421 ], [ 22.6511908, 41.295542493768693 ], [ 22.6522636, 41.29505889376852 ], [ 22.6545811, 41.295381293768614 ], [ 22.6555252, 41.296026093768901 ], [ 22.6570272, 41.293285493767669 ], [ 22.6564264, 41.292189193767193 ], [ 22.6577997, 41.288771093765632 ], [ 22.6575422, 41.282128093762587 ], [ 22.658658, 41.280636493761918 ], [ 22.6517487, 41.279515793761391 ], [ 22.6443672, 41.279515793761398 ], [ 22.6402473, 41.27829019376081 ], [ 22.6374096, 41.27641559375995 ], [ 22.6283169, 41.274355393759052 ], [ 22.623132, 41.276509293760014 ], [ 22.6202488, 41.274419893759074 ], [ 22.6166439, 41.273903893758821 ], [ 22.6157856, 41.272807293758319 ], [ 22.6136398, 41.272355693758115 ], [ 22.6096916, 41.274613493759134 ], [ 22.6072884, 41.273968393758864 ], [ 22.6041126, 41.27454899375914 ], [ 22.6051855, 41.272387993758109 ], [ 22.602966, 41.268638293756439 ], [ 22.6031256, 41.267291593755807 ], [ 22.6006365, 41.266001293755188 ], [ 22.5996923, 41.262259293753473 ], [ 22.5978899, 41.261226993753027 ], [ 22.5948, 41.257097593751098 ], [ 22.5920534, 41.2560651937507 ], [ 22.5901222, 41.253258293749354 ], [ 22.5804234, 41.251580493748584 ], [ 22.5783634, 41.252225793748877 ], [ 22.5757027, 41.252225793748877 ], [ 22.5744018, 41.249858393747843 ], [ 22.5684071, 41.247708693746794 ], [ 22.5667763, 41.247644093746821 ], [ 22.5572491, 41.253451893749478 ], [ 22.5460052, 41.256678193750972 ], [ 22.5428295, 41.256936293751046 ], [ 22.5407696, 41.256420093750826 ], [ 22.5384709, 41.258777193751897 ], [ 22.5367785, 41.256000693750615 ], [ 22.531971899999988, 41.25245169374903 ], [ 22.5301695, 41.249096093747454 ], [ 22.5301695, 41.247869993746882 ], [ 22.5310278, 41.244836893745493 ], [ 22.5324869, 41.242900793744617 ], [ 22.5389779, 41.238798393742755 ], [ 22.5333881, 41.235704393741315 ], [ 22.5299549, 41.235704393741322 ], [ 22.5282383, 41.234736193740865 ], [ 22.5244188, 41.231153793739253 ], [ 22.5235605, 41.229152693738357 ], [ 22.5189257, 41.225344093736567 ], [ 22.5102568, 41.220825093734526 ], [ 22.5097418, 41.219469293733887 ], [ 22.513867, 41.217592993733035 ], [ 22.511673, 41.216144293732334 ], [ 22.5074673, 41.217564693733024 ], [ 22.5026178, 41.220502293734334 ], [ 22.5019312, 41.222697293735337 ], [ 22.5023603, 41.228055393737812 ], [ 22.4996138, 41.230637393739009 ], [ 22.4989271, 41.234122993740598 ], [ 22.4970388, 41.23618849374153 ], [ 22.4947214, 41.241351793743945 ], [ 22.493434, 41.246514793746307 ], [ 22.4904299, 41.250773893748246 ], [ 22.4872112, 41.251774093748686 ], [ 22.4858809, 41.253613193749565 ], [ 22.48528, 41.261549593753145 ], [ 22.4861383, 41.267549593755895 ], [ 22.4830484, 41.27277499375829 ], [ 22.4821901, 41.277741993760593 ], [ 22.4839067, 41.283740493763304 ], [ 22.4803877, 41.290060993766225 ], [ 22.476697, 41.29463969376831 ], [ 22.4754953, 41.297863993769745 ], [ 22.4764395, 41.300249793770902 ], [ 22.4828339, 41.303892893772542 ], [ 22.483649299999989, 41.305021193773079 ], [ 22.4823993, 41.307749393774316 ], [ 22.479958499999988, 41.307148893774013 ], [ 22.4788427, 41.311855393776142 ], [ 22.4806452, 41.316174693778144 ], [ 22.4780703, 41.321460693780573 ], [ 22.4763107, 41.322137493780865 ], [ 22.4722767, 41.321299493780494 ], [ 22.4691997, 41.322142993780901 ], [ 22.4680281, 41.325521593782426 ], [ 22.4686289, 41.327197393783194 ], [ 22.4671268, 41.327938593783536 ], [ 22.462492, 41.327358493783258 ], [ 22.456913, 41.327616393783373 ], [ 22.4500465, 41.326327293782768 ], [ 22.4491882, 41.326585093782889 ], [ 22.442708, 41.337509293787861 ], [ 22.4381161, 41.341021493789491 ], [ 22.4328804, 41.343856793790778 ], [ 22.4270868, 41.34846399379289 ], [ 22.424597699999989, 41.351298993794195 ], [ 22.4227095, 41.356195493796385 ], [ 22.4120665, 41.368177693801861 ], [ 22.402668, 41.372396593803785 ], [ 22.3987198, 41.374844193804911 ], [ 22.3949432, 41.375745893805338 ], [ 22.3870468, 41.375423793805147 ], [ 22.3800087, 41.376840793805812 ], [ 22.3766184, 41.379062693806787 ], [ 22.3752451, 41.380672793807562 ], [ 22.3749876, 41.382282793808329 ], [ 22.3757601, 41.38466559380938 ], [ 22.3751593, 41.38691939381043 ], [ 22.3740864, 41.387981993810889 ], [ 22.3720264, 41.388561493811139 ], [ 22.3703957, 41.388303893811013 ], [ 22.3681211, 41.384923193809477 ], [ 22.3664474, 41.383731793808956 ], [ 22.3642159, 41.383216593808712 ], [ 22.3582077, 41.38804639381091 ], [ 22.3539162, 41.390493293812042 ], [ 22.3518562, 41.390493293812042 ], [ 22.3500538, 41.38959179381164 ], [ 22.3460197, 41.388819093811271 ], [ 22.3422432, 41.38959179381164 ], [ 22.3400974, 41.391652293812591 ], [ 22.3370467, 41.393346193813329 ], [ 22.3370504, 41.394453293813811 ], [ 22.3388529, 41.397479493815219 ], [ 22.338852899999988, 41.401535593817087 ], [ 22.3394537, 41.402630093817521 ], [ 22.3384237, 41.403853293818109 ], [ 22.3383379, 41.405784593819014 ], [ 22.3372221, 41.407007693819544 ], [ 22.3373938, 41.409647093820737 ], [ 22.3343039, 41.414346093822864 ], [ 22.3366213, 41.41795069382453 ], [ 22.3382521, 41.419044893825003 ], [ 22.3379946, 41.420653893825786 ], [ 22.3395824, 41.421844593826314 ], [ 22.3408699, 41.421651493826189 ], [ 22.3412561, 41.422584793826658 ], [ 22.3427153, 41.423357093826986 ], [ 22.3421144, 41.425094793827796 ], [ 22.3441744, 41.427411593828865 ], [ 22.3442602, 41.430307493830135 ], [ 22.3503971, 41.447648193838035 ], [ 22.3851639, 41.453341693840628 ], [ 22.3962307, 41.452923493840409 ], [ 22.4170876, 41.455110693841426 ], [ 22.436142, 41.458584293842961 ], [ 22.4457433, 41.453404793840626 ], [ 22.4571061, 41.457973193842712 ], [ 22.4591446, 41.455560993841637 ], [ 22.4644232, 41.453019993840456 ], [ 22.464509, 41.452119393840043 ], [ 22.4664402, 41.450157193839175 ], [ 22.4678564, 41.449674693838929 ], [ 22.4705172, 41.445878993837205 ], [ 22.4802589, 41.438254593833797 ], [ 22.4880695, 41.435294693832397 ], [ 22.4940348, 41.430243193830108 ], [ 22.4943781, 41.429084793829603 ], [ 22.4987099, 41.424976093827716 ], [ 22.5007725, 41.424418993827487 ], [ 22.5069523, 41.420492993825718 ], [ 22.5086689, 41.420235593825552 ], [ 22.512188, 41.423839793827199 ], [ 22.5163937, 41.424805193827652 ], [ 22.5209427, 41.425062593827754 ], [ 22.523692, 41.422777793826747 ], [ 22.5250196, 41.420203393825524 ], [ 22.5276804, 41.417821893824446 ], [ 22.5359631, 41.415215093823278 ], [ 22.5413704, 41.412835393822206 ], [ 22.5336885, 41.406814593819483 ], [ 22.5332594, 41.402823193817653 ], [ 22.5340319, 41.401084893816822 ], [ 22.5339943, 41.397624293815262 ], [ 22.530942, 41.396191693814643 ], [ 22.5310278, 41.393101093813236 ], [ 22.5321436, 41.391555793812543 ], [ 22.530942, 41.391169393812341 ], [ 22.5308561, 41.389623993811639 ], [ 22.5245905, 41.38311999380872 ], [ 22.5242472, 41.380865993807646 ], [ 22.5224447, 41.377838993806265 ], [ 22.5246763, 41.37687299380584 ], [ 22.5239897, 41.376035693805434 ], [ 22.5273371, 41.371913593803548 ], [ 22.529397, 41.370689793803024 ], [ 22.5323582, 41.367630093801623 ], [ 22.5361642, 41.366337793801065 ], [ 22.5372584, 41.357665093797046 ], [ 22.5378352, 41.357355193796948 ], [ 22.5394821, 41.358546993797489 ], [ 22.5414562, 41.358546993797489 ], [ 22.5423145, 41.359320093797834 ], [ 22.5476789, 41.355808993796217 ], [ 22.547164, 41.353360693795096 ], [ 22.5460482, 41.352007693794491 ], [ 22.5463915, 41.349430493793335 ], [ 22.5432158, 41.346079893791789 ], [ 22.5427625, 41.344438793791028 ], [ 22.5465202, 41.342696893790269 ], [ 22.549696, 41.342761293790289 ], [ 22.553215, 41.341730293789787 ], [ 22.5545883, 41.342439093790119 ], [ 22.5553608, 41.342052493789943 ], [ 22.5568199, 41.342503593790184 ], [ 22.5587082, 41.342052493789943 ], [ 22.5604248, 41.342310293790092 ], [ 22.5707245, 41.339861493788973 ], [ 22.5794792, 41.342825793790347 ], [ 22.5931263, 41.334705893786612 ], [ 22.5963879, 41.334061493786287 ], [ 22.6005936, 41.33496369378669 ], [ 22.6053705, 41.331976993785361 ], [ 22.6048422, 41.330742293784787 ], [ 22.6070738, 41.326230593782725 ], [ 22.6071596, 41.324425793781892 ], [ 22.6060438, 41.3226853937811 ], [ 22.6060438, 41.320493793780138 ], [ 22.6048422, 41.317141693778623 ], [ 22.605502, 41.316287593778206 ], [ 22.6080608, 41.316400393778274 ], [ 22.6150131, 41.318011993779002 ], [ 22.6212788, 41.320590493780173 ], [ 22.6259136, 41.320977193780351 ], [ 22.6411057, 41.31833429377911 ], [ 22.6474571, 41.318592193779246 ], [ 22.6529503, 41.317109493778581 ], [ 22.6559544, 41.317302893778646 ], [ 22.6575208, 41.315965193778055 ], [ 22.659087199999988, 41.317850793778952 ], [ 22.6585722, 41.321202893780416 ], [ 22.6595163, 41.322040793780815 ], [ 22.6579714, 41.324619193782027 ], [ 22.6580573, 41.326119793782674 ], [ 22.6610184, 41.324844793782098 ], [ 22.6630783, 41.323233293781357 ], [ 22.6764625, 41.318126793779015 ], [ 22.6793222, 41.322627393781111 ], [ 22.6876688, 41.332160193785455 ], [ 22.6884413, 41.334415893786456 ], [ 22.6869822, 41.336478193787443 ], [ 22.6919603, 41.338991493788541 ], [ 22.6927328, 41.340538193789264 ], [ 22.6920033, 41.342310293790092 ], [ 22.6952648, 41.342116893790006 ], [ 22.6970243, 41.343888993790777 ], [ 22.6969385, 41.345177793791386 ], [ 22.6980543, 41.34672419379207 ], [ 22.6964235, 41.348077393792721 ], [ 22.6956511, 41.350976793794025 ], [ 22.6968098, 41.351717793794407 ], [ 22.6993847, 41.351975493794477 ], [ 22.7023298, 41.353668693795207 ], [ 22.7086544, 41.351395593794265 ], [ 22.7108002, 41.349913693793553 ], [ 22.7123552, 41.349759093793466 ], [ 22.7127991, 41.350413593793753 ], [ 22.7151775, 41.35062249379385 ], [ 22.7171516, 41.35146009379428 ], [ 22.7185678, 41.350976793794025 ], [ 22.7197266, 41.349527093793377 ], [ 22.7212715, 41.349591493793383 ], [ 22.7261692, 41.348137793792709 ], [ 22.7268988, 41.350636493793878 ], [ 22.7304554, 41.348947193793123 ], [ 22.7395535, 41.347207493792304 ], [ 22.7446175, 41.344501193791118 ], [ 22.7471066, 41.342310293790099 ], [ 22.7513981, 41.341472493789681 ], [ 22.755518, 41.339217093788669 ], [ 22.7569771, 41.337799293788052 ], [ 22.7669334, 41.335092593786769 ], [ 22.7698517, 41.334770393786663 ], [ 22.7722011, 41.335394293786905 ], [ 22.7737141, 41.334899293786698 ], [ 22.775044399999985, 41.333642593786109 ], [ 22.7747011, 41.332289093785462 ], [ 22.7765036, 41.331644593785214 ], [ 22.7762461, 41.329517693784275 ], [ 22.7769327, 41.327841993783451 ], [ 22.7783489, 41.327229593783173 ], [ 22.7797809, 41.327360293783222 ] ] ] } },
{ "type": "Feature", "properties": { "admin_id": "2591087", "name_local": "Општина Струмица", "name_en": "Municipality of Strumica", "name_en_status": "OSM_NAME_EN", "source_name": "Општина Струмица", "source_admin_level": "7", "source_osm_relation_id": "2591087", "source_name_en": "Municipality of Strumica" }, "geometry": { "type": "Polygon", "coordinates": [ [ [ 22.7907503, 41.404138793818241 ], [ 22.7868762, 41.402735193817612 ], [ 22.7835417, 41.398767093815813 ], [ 22.7820826, 41.395354693814262 ], [ 22.7783489, 41.392489393812916 ], [ 22.7740001, 41.390922593812249 ], [ 22.770611, 41.390757493812167 ], [ 22.7692938, 41.393809393813527 ], [ 22.7675343, 41.395773193814421 ], [ 22.7654743, 41.39519369381415 ], [ 22.7630711, 41.397254093815079 ], [ 22.761097, 41.39654589381481 ], [ 22.7598095, 41.396674593814843 ], [ 22.749939, 41.3997006938162 ], [ 22.7482224, 41.399700693816193 ], [ 22.7471066, 41.400537693816638 ], [ 22.7435017, 41.400487393816597 ], [ 22.7440596, 41.40320949381784 ], [ 22.7435446, 41.403917593818122 ], [ 22.7444887, 41.405527093818897 ], [ 22.7414846, 41.406557093819359 ], [ 22.7429438, 41.409389593820642 ], [ 22.7427721, 41.410355193821069 ], [ 22.742171299999988, 41.411642593821632 ], [ 22.7398539, 41.41267249382215 ], [ 22.741313, 41.413251893822355 ], [ 22.7426758, 41.416679893823954 ], [ 22.7413516, 41.417122493824152 ], [ 22.7406263, 41.418529993824805 ], [ 22.7408838, 41.419945893825464 ], [ 22.7382188, 41.423952893827291 ], [ 22.7330303, 41.423839793827199 ], [ 22.7250481, 41.426735893828521 ], [ 22.7223873, 41.426864593828583 ], [ 22.7217865, 41.42763679382896 ], [ 22.7192236, 41.42771769382896 ], [ 22.716465, 41.425706193828056 ], [ 22.7114157, 41.423517993827048 ], [ 22.7092767, 41.424712593827614 ], [ 22.7059937, 41.425191293827851 ], [ 22.7030754, 41.427765593829022 ], [ 22.7008438, 41.427894293829027 ], [ 22.6998138, 41.427057593828692 ], [ 22.6984835, 41.427668993828945 ], [ 22.6944917, 41.433725393831679 ], [ 22.6951122, 41.433622393831634 ], [ 22.6973677, 41.436935493833133 ], [ 22.7003717, 41.439380593834251 ], [ 22.7032042, 41.443305393836056 ], [ 22.7062941, 41.445364293836988 ], [ 22.7084425, 41.447801793838082 ], [ 22.7076674, 41.448902693838619 ], [ 22.7080965, 41.449996393839101 ], [ 22.7074957, 41.45147609383978 ], [ 22.7077532, 41.452826993840368 ], [ 22.7091265, 41.453663293840741 ], [ 22.709384, 41.454499593841128 ], [ 22.7071524, 41.457136993842376 ], [ 22.718482, 41.462861693844943 ], [ 22.7141476, 41.464244593845564 ], [ 22.7106701, 41.467049893846841 ], [ 22.7073669, 41.465530993846137 ], [ 22.7063799, 41.465948993846332 ], [ 22.7068949, 41.466913793846764 ], [ 22.706337, 41.467653393847101 ], [ 22.7044487, 41.467524793847048 ], [ 22.7032202, 41.466744993846689 ], [ 22.7010155, 41.467781993847154 ], [ 22.6995134, 41.469229093847837 ], [ 22.6989985, 41.471415793848827 ], [ 22.6974535, 41.473795293849861 ], [ 22.6935053, 41.476560493851117 ], [ 22.6929045, 41.478875493852193 ], [ 22.6933336, 41.47964709385252 ], [ 22.69138, 41.482533493853886 ], [ 22.6885056, 41.482083593853659 ], [ 22.6890475, 41.480973393853148 ], [ 22.6875132, 41.480000793852746 ], [ 22.6881784, 41.479188993852325 ], [ 22.6876742, 41.478626293852095 ], [ 22.6859897, 41.478489693852048 ], [ 22.6857537, 41.477613493851621 ], [ 22.6872343, 41.476986493851363 ], [ 22.6868695, 41.475732493850757 ], [ 22.6852173, 41.475973693850861 ], [ 22.6826584, 41.474944793850426 ], [ 22.6829427, 41.474104693850045 ], [ 22.6819986, 41.47404039384999 ], [ 22.6819021, 41.473280793849646 ], [ 22.680459, 41.472275893849215 ], [ 22.681253, 41.470185793848252 ], [ 22.6800406, 41.470575693848438 ], [ 22.6781631, 41.469840093848134 ], [ 22.6783186, 41.468927693847668 ], [ 22.6766181, 41.469040193847732 ], [ 22.6721871, 41.464574193845699 ], [ 22.6686144, 41.466817293846781 ], [ 22.6673913, 41.46571189384624 ], [ 22.666769, 41.465860593846273 ], [ 22.6643658, 41.468039293847319 ], [ 22.6619625, 41.468811093847656 ], [ 22.6603746, 41.470708293848496 ], [ 22.6597986, 41.473165193849596 ], [ 22.6568985, 41.474341893850152 ], [ 22.6552248, 41.473795293849875 ], [ 22.6513195, 41.469196993847802 ], [ 22.6487446, 41.468039293847319 ], [ 22.6474571, 41.468296593847427 ], [ 22.645998, 41.467267493846968 ], [ 22.6443672, 41.466945893846798 ], [ 22.6425648, 41.467331793846995 ], [ 22.6390082, 41.465559093846153 ], [ 22.6373291, 41.466559993846616 ], [ 22.63587, 41.466238493846447 ], [ 22.6342392, 41.467331793846995 ], [ 22.6293106, 41.465476193846129 ], [ 22.6296312, 41.464162193845496 ], [ 22.6225662, 41.462958193844997 ], [ 22.6233387, 41.460964293844086 ], [ 22.620163, 41.461671793844367 ], [ 22.6162148, 41.461414493844281 ], [ 22.6129371, 41.462222593844629 ], [ 22.6123953, 41.466720793846704 ], [ 22.6078463, 41.468264393847377 ], [ 22.6083612, 41.46897189384773 ], [ 22.6052713, 41.472187493849177 ], [ 22.6060438, 41.473087793849594 ], [ 22.6052713, 41.474888493850408 ], [ 22.6061296, 41.476045993850931 ], [ 22.6043272, 41.4810617938532 ], [ 22.6026106, 41.482733593853958 ], [ 22.6029539, 41.484855493854944 ], [ 22.6019669, 41.485466393855205 ], [ 22.5951381, 41.487999093856359 ], [ 22.5900364, 41.4830229938541 ], [ 22.584543199999988, 41.485273493855139 ], [ 22.5838137, 41.483890993854487 ], [ 22.5831699, 41.483794593854412 ], [ 22.5820971, 41.484791193854846 ], [ 22.5809813, 41.487748893856221 ], [ 22.5768614, 41.490256393857344 ], [ 22.5742006, 41.493020893858635 ], [ 22.574029, 41.495849593859894 ], [ 22.5710249, 41.49642819386014 ], [ 22.5715828, 41.49723179386055 ], [ 22.5735569, 41.496974593860443 ], [ 22.5735569, 41.497488893860627 ], [ 22.571926099999988, 41.498196093860933 ], [ 22.5686646, 41.498453193861089 ], [ 22.565918, 41.499803193861702 ], [ 22.5645447, 41.499353193861495 ], [ 22.5576782, 41.499481793861541 ], [ 22.5548458, 41.499031793861334 ], [ 22.5459784, 41.49992649386175 ], [ 22.5440311, 41.498967493861301 ], [ 22.5414133, 41.496492493860181 ], [ 22.5427008, 41.49385669385898 ], [ 22.5408983, 41.489227693856897 ], [ 22.5378942, 41.486784393855821 ], [ 22.5383234, 41.4836980938544 ], [ 22.5296545, 41.478746893852126 ], [ 22.529397, 41.477589393851638 ], [ 22.5251913, 41.474695593850306 ], [ 22.524418799999989, 41.473216493849648 ], [ 22.5211573, 41.47051539384838 ], [ 22.5218848, 41.46189789384448 ], [ 22.518754, 41.463311993845132 ], [ 22.5159645, 41.46829659384742 ], [ 22.5135612, 41.467717693847149 ], [ 22.5099564, 41.469389893847882 ], [ 22.5036907, 41.470225993848274 ], [ 22.5000858, 41.471512193848852 ], [ 22.4988842, 41.472734093849411 ], [ 22.4931335, 41.476013893850897 ], [ 22.488842, 41.476528293851139 ], [ 22.4833328, 41.474992993850407 ], [ 22.479744, 41.471190693848669 ], [ 22.4753666, 41.470032993848207 ], [ 22.4732208, 41.468296593847427 ], [ 22.4644661, 41.4661097938464 ], [ 22.4600029, 41.463858693845395 ], [ 22.4564409, 41.461253693844213 ], [ 22.4571061, 41.457973193842712 ], [ 22.4591446, 41.455560993841637 ], [ 22.4644232, 41.453019993840456 ], [ 22.464509, 41.452119393840043 ], [ 22.4664402, 41.450157193839175 ], [ 22.4678564, 41.449674693838929 ], [ 22.4705172, 41.445878993837205 ], [ 22.4802589, 41.438254593833797 ], [ 22.4886274, 41.434876393832248 ], [ 22.4940348, 41.430243193830108 ], [ 22.4943781, 41.429084793829603 ], [ 22.4987099, 41.424976093827716 ], [ 22.5007725, 41.424418993827487 ], [ 22.5024033, 41.423067493826835 ], [ 22.5083256, 41.420106893825491 ], [ 22.512188, 41.423839793827199 ], [ 22.5163937, 41.424805193827652 ], [ 22.5209427, 41.425062593827754 ], [ 22.523692, 41.422777793826747 ], [ 22.5250196, 41.420203393825524 ], [ 22.5276804, 41.417821893824446 ], [ 22.5359631, 41.415215093823278 ], [ 22.5413704, 41.412835393822206 ], [ 22.5336885, 41.406814593819483 ], [ 22.5332594, 41.402823193817653 ], [ 22.5340319, 41.401084893816822 ], [ 22.5339943, 41.397624293815262 ], [ 22.530942, 41.396191693814643 ], [ 22.5310278, 41.393101093813236 ], [ 22.5321436, 41.391555793812543 ], [ 22.530942, 41.391169393812341 ], [ 22.5308561, 41.389623993811639 ], [ 22.5245905, 41.38311999380872 ], [ 22.5242472, 41.380865993807646 ], [ 22.5224447, 41.377838993806265 ], [ 22.5246763, 41.37687299380584 ], [ 22.5239897, 41.376035693805434 ], [ 22.5273371, 41.371913593803548 ], [ 22.529397, 41.370689793803024 ], [ 22.5323582, 41.367630093801623 ], [ 22.5361642, 41.366337793801065 ], [ 22.5372584, 41.357665093797046 ], [ 22.5378352, 41.357355193796948 ], [ 22.5394821, 41.358546993797489 ], [ 22.5414562, 41.358546993797489 ], [ 22.5423145, 41.359320093797834 ], [ 22.5476789, 41.355808993796217 ], [ 22.547164, 41.353360693795096 ], [ 22.5460482, 41.352007693794491 ], [ 22.5463915, 41.349430493793335 ], [ 22.5432158, 41.346079893791789 ], [ 22.5427625, 41.344438793791028 ], [ 22.5465202, 41.342696893790269 ], [ 22.549696, 41.342761293790289 ], [ 22.553215, 41.341730293789787 ], [ 22.5545883, 41.342439093790119 ], [ 22.5553608, 41.342052493789943 ], [ 22.5568199, 41.342503593790184 ], [ 22.5587082, 41.342052493789943 ], [ 22.5604248, 41.342310293790092 ], [ 22.5707245, 41.339861493788973 ], [ 22.5794792, 41.342825793790347 ], [ 22.5931263, 41.334705893786612 ], [ 22.5963879, 41.334061493786287 ], [ 22.6005936, 41.33496369378669 ], [ 22.6053705, 41.331976993785361 ], [ 22.6048422, 41.330742293784787 ], [ 22.6070738, 41.326230593782725 ], [ 22.6071596, 41.324425793781892 ], [ 22.6060438, 41.3226853937811 ], [ 22.6060438, 41.320493793780138 ], [ 22.6048422, 41.317141693778623 ], [ 22.6057434, 41.316206993778181 ], [ 22.6150131, 41.318011993779002 ], [ 22.6212788, 41.320590493780173 ], [ 22.6259136, 41.320977193780351 ], [ 22.6411057, 41.31833429377911 ], [ 22.6474571, 41.318592193779246 ], [ 22.6529503, 41.317109493778581 ], [ 22.6559544, 41.317302893778646 ], [ 22.6575208, 41.315965193778055 ], [ 22.659087199999988, 41.317850793778952 ], [ 22.6585722, 41.321202893780416 ], [ 22.6595163, 41.322040793780815 ], [ 22.6579714, 41.324619193782027 ], [ 22.6580573, 41.326119793782674 ], [ 22.6610184, 41.324844793782098 ], [ 22.6630783, 41.323233293781357 ], [ 22.6764625, 41.318126793779015 ], [ 22.6793222, 41.322627393781111 ], [ 22.6876688, 41.332160193785455 ], [ 22.6884413, 41.334415893786456 ], [ 22.6869822, 41.336478193787443 ], [ 22.6919603, 41.338991493788541 ], [ 22.6927328, 41.340538193789264 ], [ 22.6920033, 41.342310293790092 ], [ 22.6952648, 41.342116893790006 ], [ 22.6970243, 41.343888993790777 ], [ 22.6969385, 41.345177793791386 ], [ 22.6980543, 41.34672419379207 ], [ 22.6964235, 41.348077393792721 ], [ 22.6956511, 41.350976793794025 ], [ 22.6968098, 41.351717793794407 ], [ 22.6993847, 41.351975493794477 ], [ 22.7023298, 41.353668693795207 ], [ 22.7086544, 41.351395593794265 ], [ 22.7108002, 41.349913693793553 ], [ 22.7123552, 41.349759093793466 ], [ 22.7127991, 41.350413593793753 ], [ 22.7151775, 41.35062249379385 ], [ 22.7171516, 41.35146009379428 ], [ 22.7185678, 41.350976793794025 ], [ 22.7197266, 41.349527093793377 ], [ 22.7212715, 41.349591493793383 ], [ 22.7261692, 41.348137793792709 ], [ 22.7268988, 41.350636493793878 ], [ 22.7304554, 41.348947193793123 ], [ 22.7395535, 41.347207493792304 ], [ 22.7446175, 41.344501193791118 ], [ 22.7471066, 41.342310293790099 ], [ 22.7513981, 41.341472493789681 ], [ 22.755518, 41.339217093788669 ], [ 22.7569771, 41.337799293788052 ], [ 22.7669334, 41.335092593786769 ], [ 22.7698517, 41.334770393786663 ], [ 22.7722011, 41.335394293786905 ], [ 22.7737141, 41.334899293786698 ], [ 22.775044399999985, 41.333642593786109 ], [ 22.7747011, 41.332289093785462 ], [ 22.7765036, 41.331644593785214 ], [ 22.7762461, 41.329517693784275 ], [ 22.7769327, 41.327841993783451 ], [ 22.7783489, 41.327229593783173 ], [ 22.7828872, 41.327342193783245 ], [ 22.7852207, 41.326806493783039 ], [ 22.7878072, 41.329013593784005 ], [ 22.7899583, 41.329351993784144 ], [ 22.7900441, 41.329927993784402 ], [ 22.791294, 41.330395293784647 ], [ 22.7932405, 41.330387593784643 ], [ 22.7939754, 41.331301993785047 ], [ 22.7936589, 41.332522593785548 ], [ 22.7951878, 41.334548693786545 ], [ 22.7963948, 41.334713793786619 ], [ 22.7970546, 41.335688593787054 ], [ 22.7984186, 41.335837293787108 ], [ 22.7985474, 41.336755693787524 ], [ 22.7975388, 41.337947893788048 ], [ 22.8000933, 41.341151593789583 ], [ 22.798562, 41.341569193789717 ], [ 22.7988195, 41.343309093790531 ], [ 22.7969742, 41.343856793790764 ], [ 22.7961588, 41.345435493791527 ], [ 22.7928972, 41.346981993792227 ], [ 22.8031969, 41.356131093796414 ], [ 22.8007078, 41.364634793800285 ], [ 22.8023815, 41.367243593801447 ], [ 22.804184, 41.36750129380156 ], [ 22.806716, 41.369014993802253 ], [ 22.8060293, 41.372364393803764 ], [ 22.8075743, 41.373008493804036 ], [ 22.8061581, 41.373491593804289 ], [ 22.8058577, 41.374167893804611 ], [ 22.8083467, 41.374811993804911 ], [ 22.8022528, 41.375262793805099 ], [ 22.8025532, 41.376196693805525 ], [ 22.8078318, 41.376164493805518 ], [ 22.8063726, 41.378933893806774 ], [ 22.805686, 41.382282793808329 ], [ 22.8013945, 41.38691939381043 ], [ 22.8010511, 41.388593693811174 ], [ 22.7994204, 41.390847493812181 ], [ 22.7998495, 41.394324493813805 ], [ 22.7982187, 41.399861693816305 ], [ 22.79706, 41.400795193816705 ], [ 22.7940559, 41.400923993816768 ], [ 22.7918243, 41.401954093817224 ], [ 22.7907503, 41.404138793818241 ] ] ] } },
{ "type": "Feature", "properties": { "admin_id": "2591259", "name_local": "Општина Дојран", "name_en": "Municipality of Dojran", "name_en_status": "OSM_NAME_EN", "source_name": "Општина Дојран", "source_admin_level": "7", "source_osm_relation_id": "2591259", "source_name_en": "Municipality of Dojran" }, "geometry": { "type": "Polygon", "coordinates": [ [ [ 22.5744018, 41.249858393747843 ], [ 22.5778484, 41.244804593745492 ], [ 22.5798225, 41.244417393745351 ], [ 22.5818825, 41.242803993744538 ], [ 22.5845432, 41.242093993744291 ], [ 22.5862598, 41.240028793743313 ], [ 22.5893927, 41.238963793742819 ], [ 22.588706, 41.235801193741345 ], [ 22.5952291, 41.230056493738708 ], [ 22.598877, 41.224730793736313 ], [ 22.6014519, 41.227312993737485 ], [ 22.6037693, 41.227442093737551 ], [ 22.6086617, 41.226215593737003 ], [ 22.6126957, 41.228668593738057 ], [ 22.6214504, 41.22789399373773 ], [ 22.6309776, 41.229055893738305 ], [ 22.6350975, 41.227958493737802 ], [ 22.6349688, 41.230250093738839 ], [ 22.6360846, 41.230960193739172 ], [ 22.6360095, 41.231791193739504 ], [ 22.6369318, 41.231864593739537 ], [ 22.6384449, 41.23092789373915 ], [ 22.6418781, 41.230669693739003 ], [ 22.6450539, 41.227571193737596 ], [ 22.6484871, 41.226990193737329 ], [ 22.6577568, 41.224085293736003 ], [ 22.6635933, 41.220986493734621 ], [ 22.6644087, 41.220243993734286 ], [ 22.6650953, 41.215143593731909 ], [ 22.6706851, 41.213867393731313 ], [ 22.670846, 41.211334093730152 ], [ 22.6679277, 41.204812293727194 ], [ 22.668271099999988, 41.200679293725273 ], [ 22.6677561, 41.19919399372462 ], [ 22.668786, 41.197708593723888 ], [ 22.6699018, 41.193058493721779 ], [ 22.6692152, 41.189958193720379 ], [ 22.6669768, 41.186063993718598 ], [ 22.6679804, 41.181363293716366 ], [ 22.66675, 41.180739593716098 ], [ 22.6686954, 41.180904493716206 ], [ 22.6734264, 41.178653193715164 ], [ 22.6767453, 41.174115493713089 ], [ 22.6761317, 41.171967093712063 ], [ 22.6776587, 41.170182493711252 ], [ 22.6813838, 41.168241793710372 ], [ 22.6830388, 41.165180093708969 ], [ 22.6858523, 41.163888093708351 ], [ 22.6880725, 41.15924749370626 ], [ 22.6899697, 41.157827893705559 ], [ 22.6932481, 41.156775193705101 ], [ 22.6967757, 41.154130893703893 ], [ 22.7035497, 41.146992193700619 ], [ 22.7059999, 41.143398693698956 ], [ 22.7109751, 41.139425893697108 ], [ 22.7163249, 41.143838493699157 ], [ 22.7287327, 41.144894893699615 ], [ 22.732563099999989, 41.14695479370058 ], [ 22.7428417, 41.159153993706227 ], [ 22.7474054, 41.162957093707966 ], [ 22.7486066, 41.17343189371276 ], [ 22.7496376, 41.176461293714176 ], [ 22.7548703, 41.226843293737254 ], [ 22.7608597, 41.26524089375485 ], [ 22.7609359, 41.26746489375585 ], [ 22.758774, 41.269517193756812 ], [ 22.7579372, 41.271904093757932 ], [ 22.7584629, 41.273980393758841 ], [ 22.7566175, 41.274407793759067 ], [ 22.7557592, 41.275786593759669 ], [ 22.7567506, 41.276917293760192 ], [ 22.7581893, 41.276895093760174 ], [ 22.7593577, 41.277900993760632 ], [ 22.7596484, 41.278717293761019 ], [ 22.7588008, 41.280797493761945 ], [ 22.7595615, 41.28101319376205 ], [ 22.7602492, 41.280176693761689 ], [ 22.7606773, 41.280706793761915 ], [ 22.7596259, 41.282625693762768 ], [ 22.7612781, 41.282343493762674 ], [ 22.764132, 41.283810793763351 ], [ 22.7632211, 41.284425593763615 ], [ 22.7639614, 41.285320393764003 ], [ 22.762631, 41.285933193764279 ], [ 22.7632104, 41.286715193764721 ], [ 22.7627051, 41.289357393765876 ], [ 22.765044, 41.290203793766288 ], [ 22.7662198, 41.292745293767439 ], [ 22.7657531, 41.29296699376755 ], [ 22.7661758, 41.293504893767789 ], [ 22.7646574, 41.294436693768198 ], [ 22.7637576, 41.295973693768943 ], [ 22.7613265, 41.297351093769556 ], [ 22.7597494, 41.297310693769525 ], [ 22.7586229, 41.297939493769825 ], [ 22.7580864, 41.299898093770679 ], [ 22.7573461, 41.30038979377094 ], [ 22.7574065, 41.302667593771993 ], [ 22.755673399999989, 41.304908193773016 ], [ 22.7542864, 41.305335793773217 ], [ 22.7523016, 41.305114193773136 ], [ 22.7522616, 41.303143193772172 ], [ 22.7495818, 41.303006593772139 ], [ 22.7507942, 41.301402593771428 ], [ 22.7504777, 41.300439493770995 ], [ 22.7437722, 41.300894793771143 ], [ 22.7410631, 41.299032893770338 ], [ 22.7379464, 41.298589593770117 ], [ 22.7361171, 41.29673169376926 ], [ 22.7338886, 41.297638293769687 ], [ 22.728653, 41.2974447937696 ], [ 22.7252197, 41.298669993770176 ], [ 22.7226448, 41.298798993770184 ], [ 22.7168941, 41.29705789376942 ], [ 22.7122593, 41.299250293770392 ], [ 22.709341, 41.298992393770291 ], [ 22.7071095, 41.300797893771112 ], [ 22.7009471, 41.302973093772131 ], [ 22.6989555, 41.301378193771356 ], [ 22.695345299999989, 41.300507793771018 ], [ 22.6951999, 41.302724293772002 ], [ 22.6917667, 41.302184293771752 ], [ 22.6885802, 41.303223993772185 ], [ 22.6838814, 41.302579393771921 ], [ 22.6808365, 41.300910993771176 ], [ 22.678945, 41.300961793771208 ], [ 22.67694, 41.301732893771529 ], [ 22.6772833, 41.303344793772311 ], [ 22.6757383, 41.307277893774099 ], [ 22.6708031, 41.308341693774565 ], [ 22.6690006, 41.310146893775418 ], [ 22.6676273, 41.310856093775726 ], [ 22.665782, 41.310952793775762 ], [ 22.664237, 41.309276593775003 ], [ 22.6629657, 41.305432293773251 ], [ 22.6634645, 41.303538293772391 ], [ 22.6616192, 41.300169193770806 ], [ 22.6605032, 41.300316593770901 ], [ 22.6606215, 41.300783793771089 ], [ 22.6597012, 41.300991593771194 ], [ 22.6589076, 41.302117693771706 ], [ 22.6581053, 41.300866693771141 ], [ 22.6560883, 41.300387093770929 ], [ 22.6547257, 41.30085659377113 ], [ 22.6525211, 41.299701693770601 ], [ 22.6508102, 41.297060393769421 ], [ 22.6511908, 41.295542493768693 ], [ 22.6522636, 41.29505889376852 ], [ 22.6545811, 41.295381293768614 ], [ 22.6555252, 41.296026093768901 ], [ 22.6570272, 41.293285493767669 ], [ 22.6564264, 41.292189193767193 ], [ 22.6577997, 41.288771093765632 ], [ 22.6575422, 41.282128093762587 ], [ 22.658658, 41.280636493761918 ], [ 22.6517487, 41.279515793761391 ], [ 22.6443672, 41.279515793761398 ], [ 22.6402473, 41.27829019376081 ], [ 22.6374096, 41.27641559375995 ], [ 22.6283169, 41.274355393759052 ], [ 22.623132, 41.276509293760014 ], [ 22.6202488, 41.274419893759074 ], [ 22.6166439, 41.273903893758821 ], [ 22.6157856, 41.272807293758319 ], [ 22.6136398, 41.272355693758115 ], [ 22.6096916, 41.274613493759134 ], [ 22.6072884, 41.273968393758864 ], [ 22.6041126, 41.27454899375914 ], [ 22.6051855, 41.272387993758109 ], [ 22.602966, 41.268638293756439 ], [ 22.6031256, 41.267291593755807 ], [ 22.6006365, 41.266001293755188 ], [ 22.5996923, 41.262259293753473 ], [ 22.5978899, 41.261226993753027 ], [ 22.5948, 41.257097593751098 ], [ 22.5920534, 41.2560651937507 ], [ 22.5901222, 41.253258293749354 ], [ 22.5804234, 41.251580493748584 ], [ 22.5783634, 41.252225793748877 ], [ 22.5757027, 41.252225793748877 ], [ 22.5744018, 41.249858393747843 ] ] ] } },
{ "type": "Feature", "properties": { "admin_id": "2591417", "name_local": "Општина Гевгелија", "name_en": "Municipality of Gevgelija", "name_en_status": "OSM_NAME_EN", "source_name": "Општина Гевгелија", "source_admin_level": "7", "source_osm_relation_id": "2591417", "source_name_en": "Municipality of Gevgelija" }, "geometry": { "type": "Polygon", "coordinates": [ [ [ 22.2852516, 41.249063893747454 ], [ 22.2458982, 41.243868793745044 ], [ 22.2500181, 41.236704793741779 ], [ 22.2527647, 41.235349393741139 ], [ 22.2532368, 41.233380693740258 ], [ 22.2679567, 41.229604593738564 ], [ 22.2694159, 41.217596993733011 ], [ 22.266798, 41.214723893731666 ], [ 22.2610474, 41.212851493730874 ], [ 22.2572708, 41.208912693729047 ], [ 22.2516918, 41.207104693728247 ], [ 22.2507048, 41.205457993727492 ], [ 22.2431087, 41.200388693725095 ], [ 22.2388172, 41.200646993725258 ], [ 22.2363281, 41.201486593725654 ], [ 22.2297192, 41.201034493725423 ], [ 22.2244835, 41.202196893725962 ], [ 22.2215652, 41.199872093724899 ], [ 22.2187757, 41.199064793724531 ], [ 22.2157717, 41.194673093722521 ], [ 22.2149134, 41.191572993721074 ], [ 22.2155142, 41.188278893719591 ], [ 22.2140551, 41.185630493718364 ], [ 22.2152567, 41.183111293717204 ], [ 22.2137117, 41.179752193715693 ], [ 22.2158575, 41.17807259371488 ], [ 22.2167158, 41.172451893712314 ], [ 22.2167158, 41.171482793711817 ], [ 22.2151426, 41.169975993711141 ], [ 22.2176493, 41.167825993710203 ], [ 22.2241229, 41.164611393708697 ], [ 22.2323223, 41.164998693708895 ], [ 22.2340099, 41.164556293708685 ], [ 22.2367067, 41.162805093707874 ], [ 22.238453, 41.163020993707988 ], [ 22.2446706, 41.166034293709345 ], [ 22.2455461, 41.165957593709308 ], [ 22.2470702, 41.164287393708541 ], [ 22.247854, 41.164251693708557 ], [ 22.248605, 41.165004293708904 ], [ 22.2540678, 41.165942993709308 ], [ 22.257608699999988, 41.165564293709153 ], [ 22.2611321, 41.165968793709311 ], [ 22.2628625, 41.163986293708419 ], [ 22.2675598, 41.163939993708368 ], [ 22.272844, 41.162470093707753 ], [ 22.2735907, 41.160769893706942 ], [ 22.2736451, 41.15766309370553 ], [ 22.2753564, 41.155121693704352 ], [ 22.2788619, 41.153588793703648 ], [ 22.2815815, 41.154449093704031 ], [ 22.2851482, 41.154376193704003 ], [ 22.2937165, 41.151260793702548 ], [ 22.2983127, 41.150337993702117 ], [ 22.3015869, 41.148791993701487 ], [ 22.305372399999989, 41.14570419370002 ], [ 22.3134219, 41.146723093700473 ], [ 22.3171874, 41.149561393701823 ], [ 22.3237477, 41.151467593702648 ], [ 22.3212113, 41.147611493700865 ], [ 22.3209652, 41.144923693699674 ], [ 22.3228304, 41.14163619369814 ], [ 22.3252785, 41.140014393697385 ], [ 22.3261743, 41.134451793694794 ], [ 22.3275297, 41.132733093694036 ], [ 22.3256635, 41.128013093691884 ], [ 22.3278446, 41.121739593689021 ], [ 22.334349, 41.120725893688558 ], [ 22.3339218, 41.125781893690814 ], [ 22.332586, 41.127023593691412 ], [ 22.3335466, 41.128604793692176 ], [ 22.3359649, 41.128369593692028 ], [ 22.3407394, 41.131023593693286 ], [ 22.343271, 41.130078193692839 ], [ 22.344391, 41.131121193693318 ], [ 22.3447868, 41.133324693694306 ], [ 22.3486454, 41.13348819369439 ], [ 22.3484318, 41.135070393695145 ], [ 22.3491709, 41.135468293695276 ], [ 22.352729, 41.135456193695319 ], [ 22.3570629, 41.134662393694924 ], [ 22.3632096, 41.132389993693884 ], [ 22.368985, 41.137786293696372 ], [ 22.3736978, 41.137717793696353 ], [ 22.3756174, 41.136303693695687 ], [ 22.3785868, 41.135282693695217 ], [ 22.3807982, 41.132899793694115 ], [ 22.3846489, 41.133188093694294 ], [ 22.3886904, 41.132388993693901 ], [ 22.3916976, 41.136178093695648 ], [ 22.3959623, 41.137777793696351 ], [ 22.4003989, 41.137731493696364 ], [ 22.4043439, 41.136741293695891 ], [ 22.4049038, 41.136316693695669 ], [ 22.4021027, 41.133467593694391 ], [ 22.4014733, 41.129504493692551 ], [ 22.4059532, 41.126864393691335 ], [ 22.4110008, 41.12508759369053 ], [ 22.4136691, 41.12266529368943 ], [ 22.4154324, 41.119879193688135 ], [ 22.4188952, 41.119323293687891 ], [ 22.4233277, 41.119708293688049 ], [ 22.4308686, 41.121711893688953 ], [ 22.4323229, 41.119209593687835 ], [ 22.4414534, 41.120036093688185 ], [ 22.4440109, 41.118687893687571 ], [ 22.4489733, 41.12094829368862 ], [ 22.4502316, 41.122145193689164 ], [ 22.4533665, 41.120926293688584 ], [ 22.45682, 41.121422993688832 ], [ 22.4647654, 41.117223493686915 ], [ 22.4696251, 41.120089493688219 ], [ 22.4774124, 41.120562093688442 ], [ 22.4793531, 41.121164193688735 ], [ 22.481114, 41.120025393688231 ], [ 22.4831359, 41.119736793688034 ], [ 22.4875244, 41.122010393689145 ], [ 22.4901798, 41.122243393689239 ], [ 22.4984125, 41.124521793690249 ], [ 22.5003499, 41.124087693690065 ], [ 22.502405, 41.124438693690223 ], [ 22.5093124, 41.126419893691128 ], [ 22.5384977, 41.130350693692975 ], [ 22.5619421, 41.131106193693334 ], [ 22.5630748, 41.128993193692324 ], [ 22.5700102, 41.121901293689064 ], [ 22.574206, 41.119052393687774 ], [ 22.5761103, 41.118494693687495 ], [ 22.5821346, 41.118240093687376 ], [ 22.5838458, 41.116773093686696 ], [ 22.5850842, 41.11750039368706 ], [ 22.5893811, 41.117556993687074 ], [ 22.6057452, 41.126594093691253 ], [ 22.6044989, 41.12792229369181 ], [ 22.603426, 41.130734593693163 ], [ 22.5981903, 41.131639593693535 ], [ 22.5956154, 41.133191193694252 ], [ 22.5849724, 41.136746593695861 ], [ 22.5838566, 41.138104093696526 ], [ 22.5829124, 41.138104093696526 ], [ 22.575531, 41.142176393698421 ], [ 22.5702953, 41.144180093699347 ], [ 22.5667763, 41.147864193700997 ], [ 22.5656605, 41.147734893700957 ], [ 22.559309, 41.150384793702173 ], [ 22.5539875, 41.15400389370383 ], [ 22.5483227, 41.15555489370454 ], [ 22.5472498, 41.157461293705424 ], [ 22.5447178, 41.158785993706047 ], [ 22.5421429, 41.159561493706434 ], [ 22.5346756, 41.15885069370605 ], [ 22.5312424, 41.159238393706225 ], [ 22.5272942, 41.158527593705912 ], [ 22.5248909, 41.159238393706211 ], [ 22.5211315, 41.158812693706047 ], [ 22.5209856, 41.161726193707345 ], [ 22.5236464, 41.166443193709561 ], [ 22.525247, 41.172805493712474 ], [ 22.5288928, 41.172027893712105 ], [ 22.5295767, 41.172975793712524 ], [ 22.5285387, 41.174325493713184 ], [ 22.5276804, 41.179364593715455 ], [ 22.5302553, 41.189441493720096 ], [ 22.5287104, 41.196546093723384 ], [ 22.5254488, 41.200550193725242 ], [ 22.5259638, 41.203197893726418 ], [ 22.5227022, 41.207524393728406 ], [ 22.5204706, 41.208944993729041 ], [ 22.5161791, 41.215272693731976 ], [ 22.5132133, 41.216836993732699 ], [ 22.5120163, 41.216144293732334 ], [ 22.5090981, 41.216789993732682 ], [ 22.5026178, 41.220502293734334 ], [ 22.5019312, 41.222697293735337 ], [ 22.5023603, 41.228055393737812 ], [ 22.4996138, 41.230637393739009 ], [ 22.4989271, 41.234122993740598 ], [ 22.4970388, 41.23618849374153 ], [ 22.4947214, 41.241351793743945 ], [ 22.493434, 41.246514793746307 ], [ 22.4904299, 41.250773893748246 ], [ 22.4872112, 41.251774093748686 ], [ 22.4858809, 41.253613193749565 ], [ 22.48528, 41.261549593753145 ], [ 22.4861383, 41.267549593755895 ], [ 22.4830484, 41.27277499375829 ], [ 22.4821901, 41.277741993760593 ], [ 22.4839067, 41.283740493763304 ], [ 22.4803877, 41.290060993766225 ], [ 22.476697, 41.29463969376831 ], [ 22.4754953, 41.297863993769745 ], [ 22.4764395, 41.300249793770902 ], [ 22.4828339, 41.303892893772542 ], [ 22.483649299999989, 41.305021193773079 ], [ 22.4823993, 41.307749393774316 ], [ 22.479958499999988, 41.307148893774013 ], [ 22.4788427, 41.311855393776142 ], [ 22.4806452, 41.316174693778144 ], [ 22.4780703, 41.321460693780573 ], [ 22.4763107, 41.322137493780865 ], [ 22.4722767, 41.321299493780494 ], [ 22.4691997, 41.322142993780901 ], [ 22.4680281, 41.325521593782426 ], [ 22.4686289, 41.327197393783194 ], [ 22.4671268, 41.327938593783536 ], [ 22.462492, 41.327358493783258 ], [ 22.456913, 41.327616393783373 ], [ 22.4500465, 41.326327293782768 ], [ 22.4491882, 41.326585093782889 ], [ 22.442708, 41.337509293787861 ], [ 22.4381161, 41.341021493789491 ], [ 22.4328804, 41.343856793790778 ], [ 22.4270868, 41.34846399379289 ], [ 22.424597699999989, 41.351298993794195 ], [ 22.4227095, 41.356195493796385 ], [ 22.4120665, 41.368177693801861 ], [ 22.402668, 41.372396593803785 ], [ 22.3987198, 41.374844193804911 ], [ 22.3949432, 41.375745893805338 ], [ 22.3870468, 41.375423793805147 ], [ 22.3800087, 41.376840793805812 ], [ 22.3766184, 41.379062693806787 ], [ 22.3752451, 41.380672793807562 ], [ 22.3749876, 41.382282793808329 ], [ 22.3757601, 41.38466559380938 ], [ 22.3751593, 41.38691939381043 ], [ 22.3740864, 41.387981993810889 ], [ 22.371254, 41.388561493811153 ], [ 22.3691511, 41.387112593810521 ], [ 22.3685896, 41.385419993809698 ], [ 22.369666099999989, 41.385116293809553 ], [ 22.369837799999988, 41.384472393809283 ], [ 22.370438599999986, 41.378289893806453 ], [ 22.3680782, 41.376583093805721 ], [ 22.3631001, 41.375166193805036 ], [ 22.357049, 41.36998119380268 ], [ 22.3578215, 41.367726793801623 ], [ 22.3652029, 41.36031869379827 ], [ 22.3670707, 41.356829193796706 ], [ 22.364645, 41.356163293796392 ], [ 22.3621559, 41.357065293796822 ], [ 22.3604393, 41.356743193796653 ], [ 22.3604822, 41.355035893795886 ], [ 22.3575211, 41.352619793794766 ], [ 22.349925, 41.35348959379516 ], [ 22.3561281, 41.345263093791424 ], [ 22.3518562, 41.345274393791392 ], [ 22.3485947, 41.346176493791837 ], [ 22.3473072, 41.345983193791731 ], [ 22.346921, 41.343953493790806 ], [ 22.345676399999988, 41.342696893790261 ], [ 22.342329, 41.341730293789794 ], [ 22.3402691, 41.34301909379041 ], [ 22.337265, 41.342632493790234 ], [ 22.3346472, 41.340602593789328 ], [ 22.333445499999989, 41.338798193788499 ], [ 22.3298836, 41.336639293787499 ], [ 22.3262787, 41.33760599378796 ], [ 22.3244762, 41.339732593788909 ], [ 22.3206139, 41.341214793789575 ], [ 22.3187685, 41.340280393789151 ], [ 22.3210001, 41.337380393787804 ], [ 22.3210001, 41.336155993787301 ], [ 22.3195624, 41.334301093786394 ], [ 22.3181355, 41.334359593786438 ], [ 22.3146057, 41.333223593785938 ], [ 22.306881, 41.328840993783935 ], [ 22.3003578, 41.331096793784972 ], [ 22.2961092, 41.329839993784347 ], [ 22.2974825, 41.327519693783323 ], [ 22.29568, 41.324876993782105 ], [ 22.295731, 41.321793093780727 ], [ 22.2974396, 41.320268193779995 ], [ 22.3006582, 41.319075593779459 ], [ 22.3027182, 41.316819393778403 ], [ 22.3032331, 41.315336693777766 ], [ 22.2966671, 41.310469293775519 ], [ 22.2925709, 41.309904093775287 ], [ 22.2907019, 41.305665993773317 ], [ 22.2899294, 41.302377693771803 ], [ 22.2902727, 41.293156493767604 ], [ 22.2925043, 41.288319693765409 ], [ 22.2909594, 41.287739193765169 ], [ 22.2913027, 41.284836993763811 ], [ 22.2901011, 41.278838493761086 ], [ 22.291131, 41.276451893759962 ], [ 22.293191, 41.275742293759627 ], [ 22.2997666, 41.264980093754751 ], [ 22.2928476, 41.251419193748553 ], [ 22.2852516, 41.249063893747454 ] ] ] } },
{ "type": "Feature", "properties": { "admin_id": "2591418", "name_local": "Општина Богданци", "name_en": "Municipality of Bogdanci", "name_en_status": "OSM_NAME_EN", "source_name": "Општина Богданци", "source_admin_level": "7", "source_osm_relation_id": "2591418", "source_name_en": "Municipality of Bogdanci" }, "geometry": { "type": "Polygon", "coordinates": [ [ [ 22.5211315, 41.158812693706047 ], [ 22.5248909, 41.159238393706211 ], [ 22.5272942, 41.158527593705912 ], [ 22.5312424, 41.159238393706225 ], [ 22.5346756, 41.15885069370605 ], [ 22.5421429, 41.159561493706434 ], [ 22.5447178, 41.158785993706047 ], [ 22.5472498, 41.157461293705424 ], [ 22.5483227, 41.15555489370454 ], [ 22.5539875, 41.15400389370383 ], [ 22.559309, 41.150384793702173 ], [ 22.5656605, 41.147734893700957 ], [ 22.5667763, 41.147864193700997 ], [ 22.5702953, 41.144180093699347 ], [ 22.575531, 41.142176393698421 ], [ 22.5829124, 41.138104093696526 ], [ 22.5838566, 41.138104093696526 ], [ 22.5849724, 41.136746593695861 ], [ 22.5956154, 41.133191193694252 ], [ 22.5981903, 41.131639593693535 ], [ 22.603426, 41.130734593693163 ], [ 22.6044989, 41.12792229369181 ], [ 22.6057452, 41.126594093691253 ], [ 22.615371699999987, 41.131506993693478 ], [ 22.6155737, 41.132220193693826 ], [ 22.6179338, 41.133704393694522 ], [ 22.6244838, 41.142620093698575 ], [ 22.6268491, 41.144596493699517 ], [ 22.6287736, 41.144918693699658 ], [ 22.6282679, 41.145878393700109 ], [ 22.635583499999989, 41.152311193703056 ], [ 22.6362898, 41.151823093702852 ], [ 22.6371948, 41.152024393702909 ], [ 22.6385888, 41.153465293703597 ], [ 22.6389674, 41.153254693703474 ], [ 22.6384923, 41.153759393703687 ], [ 22.6379649, 41.153419093703583 ], [ 22.6368486, 41.153874093703777 ], [ 22.6386044, 41.155214493704356 ], [ 22.6376552, 41.155675593704601 ], [ 22.6395802, 41.158557393705919 ], [ 22.6407985, 41.159033893706138 ], [ 22.64205, 41.160644593706898 ], [ 22.6414878, 41.162283893707645 ], [ 22.6427034, 41.165771493709265 ], [ 22.6412014, 41.169702793711025 ], [ 22.6443613, 41.171787393711995 ], [ 22.6459209, 41.176576593714195 ], [ 22.6493714, 41.180787593716147 ], [ 22.6510399, 41.181185493716328 ], [ 22.654878, 41.180996193716261 ], [ 22.6557803, 41.181583193716484 ], [ 22.6568372, 41.184360893717816 ], [ 22.660675, 41.184486593717835 ], [ 22.666156, 41.186261693718656 ], [ 22.6669768, 41.186063993718598 ], [ 22.6692152, 41.189958193720379 ], [ 22.6699018, 41.193058493721779 ], [ 22.668786, 41.197708593723888 ], [ 22.6677561, 41.19919399372462 ], [ 22.668271099999988, 41.200679293725273 ], [ 22.6679277, 41.204812293727194 ], [ 22.670846, 41.211334093730152 ], [ 22.6706395, 41.214201293731485 ], [ 22.6650953, 41.215143593731909 ], [ 22.6644087, 41.220243993734286 ], [ 22.6617908, 41.222148493735119 ], [ 22.6577568, 41.224085293736003 ], [ 22.6484871, 41.226990193737329 ], [ 22.6450539, 41.227571193737596 ], [ 22.6418781, 41.230669693739003 ], [ 22.6384449, 41.23092789373915 ], [ 22.6369318, 41.231864593739537 ], [ 22.6360095, 41.231791193739504 ], [ 22.6360846, 41.230960193739172 ], [ 22.6349688, 41.230250093738839 ], [ 22.6350975, 41.227958493737802 ], [ 22.6309776, 41.229055893738305 ], [ 22.6214504, 41.22789399373773 ], [ 22.6126957, 41.228668593738057 ], [ 22.6086617, 41.226215593737003 ], [ 22.6037693, 41.227442093737551 ], [ 22.6014519, 41.227312993737485 ], [ 22.598877, 41.224730793736313 ], [ 22.5952291, 41.230056493738708 ], [ 22.588706, 41.235801193741345 ], [ 22.5893927, 41.238963793742819 ], [ 22.5862598, 41.240028793743313 ], [ 22.5845432, 41.242093993744291 ], [ 22.5818825, 41.242803993744538 ], [ 22.5798225, 41.244417393745351 ], [ 22.5778484, 41.244804593745492 ], [ 22.5744018, 41.249858393747843 ], [ 22.5684071, 41.247708693746794 ], [ 22.5662613, 41.247708693746794 ], [ 22.5572491, 41.253451893749478 ], [ 22.5460052, 41.256678193750972 ], [ 22.5428295, 41.256936293751046 ], [ 22.5407696, 41.256420093750826 ], [ 22.5384709, 41.258777193751897 ], [ 22.5367785, 41.256000693750615 ], [ 22.531971899999988, 41.25245169374903 ], [ 22.5301695, 41.249096093747454 ], [ 22.5301695, 41.247869993746882 ], [ 22.5310278, 41.244836893745493 ], [ 22.5324869, 41.242900793744617 ], [ 22.5389779, 41.238798393742755 ], [ 22.5333881, 41.235704393741315 ], [ 22.5299549, 41.235704393741322 ], [ 22.5271225, 41.23402619374054 ], [ 22.522831, 41.228539493738062 ], [ 22.5164795, 41.223697893735817 ], [ 22.5112438, 41.22163209373489 ], [ 22.509656, 41.21972749373402 ], [ 22.513867, 41.217592993733035 ], [ 22.5132133, 41.216836993732699 ], [ 22.5161791, 41.215272693731976 ], [ 22.5204706, 41.208944993729041 ], [ 22.5227022, 41.207524393728406 ], [ 22.5259638, 41.203197893726418 ], [ 22.5254488, 41.200550193725242 ], [ 22.5285387, 41.197191893723662 ], [ 22.5302553, 41.18982909372027 ], [ 22.5276804, 41.180268993715892 ], [ 22.5285387, 41.174325493713184 ], [ 22.5295767, 41.172975793712524 ], [ 22.5288928, 41.172027893712105 ], [ 22.525247, 41.172805493712474 ], [ 22.5236464, 41.166443193709561 ], [ 22.5209856, 41.161726193707345 ], [ 22.5211315, 41.158812693706047 ] ] ] } },
{ "type": "Feature", "properties": { "admin_id": "2592899", "name_local": "Општина Долнени", "name_en": "Municipality of Dolneni", "name_en_status": "OSM_NAME_EN", "source_name": "Општина Долнени", "source_admin_level": "7", "source_osm_relation_id": "2592899", "source_name_en": "Municipality of Dolneni" }, "geometry": { "type": "Polygon", "coordinates": [ [ [ 21.2889933, 41.404316993818334 ], [ 21.2883788, 41.403761093818098 ], [ 21.2902683, 41.402639293817558 ], [ 21.2914984, 41.397648493815282 ], [ 21.2933706, 41.394819593814006 ], [ 21.2944515, 41.394698193813944 ], [ 21.2938562, 41.394284193813782 ], [ 21.2978713, 41.391346593812408 ], [ 21.2998079, 41.390461193812001 ], [ 21.3020973, 41.390348493811949 ], [ 21.3039133, 41.389063493811392 ], [ 21.3035124, 41.388798093811239 ], [ 21.3056028, 41.388791793811258 ], [ 21.3066113, 41.389913793811758 ], [ 21.3121688, 41.390337193811966 ], [ 21.3128544, 41.391644393812555 ], [ 21.3176824, 41.393109193813252 ], [ 21.3184989, 41.393114093813253 ], [ 21.3186256, 41.392517793812964 ], [ 21.3208528, 41.392847593813123 ], [ 21.3213688, 41.393834393813584 ], [ 21.3270605, 41.39618049381464 ], [ 21.3267386, 41.396880693814929 ], [ 21.3364039, 41.396746893814893 ], [ 21.3380991, 41.395515493814322 ], [ 21.3391988, 41.395801293814429 ], [ 21.3410656, 41.394968193814108 ], [ 21.3470896, 41.395064593814098 ], [ 21.34739, 41.393109193813252 ], [ 21.3485487, 41.392392893812868 ], [ 21.3478299, 41.392304393812864 ], [ 21.3481303, 41.390839493812166 ], [ 21.3492692, 41.390498193812014 ], [ 21.3492675, 41.386541193810238 ], [ 21.3484843, 41.386621693810284 ], [ 21.348023, 41.386001893809947 ], [ 21.3479479, 41.383924993809011 ], [ 21.3467034, 41.383248893808705 ], [ 21.3459738, 41.380664793807561 ], [ 21.3453193, 41.380310593807422 ], [ 21.3472883, 41.380503893807493 ], [ 21.3475928, 41.377881493806306 ], [ 21.3469179, 41.377750693806263 ], [ 21.3469286, 41.376824793805824 ], [ 21.3487086, 41.370450393802933 ], [ 21.3520788, 41.369618993802519 ], [ 21.352744, 41.369063393802271 ], [ 21.3522719, 41.368636693802067 ], [ 21.355277, 41.367863293801747 ], [ 21.3560592, 41.366744493801207 ], [ 21.3594291, 41.364658593800243 ], [ 21.360856, 41.365254493800549 ], [ 21.3623355, 41.3651420938005 ], [ 21.3620351, 41.363318293799651 ], [ 21.3627819, 41.362367693799229 ], [ 21.3653021, 41.361554793798867 ], [ 21.365758, 41.359545693797926 ], [ 21.3664841, 41.359932593798106 ], [ 21.3661408, 41.361154993798678 ], [ 21.3666558, 41.362767193799378 ], [ 21.3671708, 41.362767193799371 ], [ 21.3662116, 41.364055493799974 ], [ 21.3680999, 41.364055493799988 ], [ 21.3683724, 41.357305793796925 ], [ 21.3704151, 41.3572944937969 ], [ 21.3700825, 41.359931793798104 ], [ 21.382347, 41.360492693798399 ], [ 21.3823829, 41.363370693799695 ], [ 21.3832234, 41.365075593800462 ], [ 21.3848765, 41.366404293801082 ], [ 21.3870855, 41.367150093801406 ], [ 21.3895068, 41.367197293801453 ], [ 21.3923631, 41.366211193800993 ], [ 21.3941062, 41.364460193800213 ], [ 21.3945872, 41.362315393799229 ], [ 21.3984496, 41.362492493799259 ], [ 21.3983852, 41.363829193799873 ], [ 21.4148754, 41.364557993800197 ], [ 21.4148025, 41.365152193800498 ], [ 21.4193064, 41.364988693800449 ], [ 21.4198751, 41.365781893800758 ], [ 21.4208728, 41.36395809379998 ], [ 21.4220637, 41.36500889380045 ], [ 21.4217097, 41.365471893800645 ], [ 21.4236302, 41.365701393800769 ], [ 21.4241022, 41.366264993801011 ], [ 21.4269883, 41.366196593800986 ], [ 21.4282757, 41.367098393801342 ], [ 21.4290686, 41.366115993800904 ], [ 21.4286191, 41.368096793801854 ], [ 21.4296909, 41.368547693802057 ], [ 21.4316006, 41.368515493802036 ], [ 21.4320512, 41.36911129380232 ], [ 21.4342184, 41.368547693802036 ], [ 21.4340253, 41.36804849380183 ], [ 21.4348407, 41.36779079380171 ], [ 21.4357634, 41.369916493802648 ], [ 21.4380164, 41.369352893802414 ], [ 21.4391108, 41.371832693803569 ], [ 21.441437, 41.371542193803428 ], [ 21.4390039, 41.372171193803673 ], [ 21.4413214, 41.377903493806301 ], [ 21.4393473, 41.378998293806781 ], [ 21.4406121, 41.383311793808794 ], [ 21.443038, 41.383248793808718 ], [ 21.4452696, 41.386726293810341 ], [ 21.4452696, 41.387949793810918 ], [ 21.4484882, 41.391909893812688 ], [ 21.4508915, 41.391459193812452 ], [ 21.4521103, 41.393480993813405 ], [ 21.4544234, 41.392859193813116 ], [ 21.4574965, 41.399133593815961 ], [ 21.4603467, 41.397610393815285 ], [ 21.4613093, 41.399072893815919 ], [ 21.459936, 41.399595993816142 ], [ 21.4609123, 41.401020493816844 ], [ 21.4635731, 41.399845493816287 ], [ 21.4626762, 41.406188893819163 ], [ 21.465677, 41.40536019381878 ], [ 21.4671462, 41.407916693819963 ], [ 21.4696372, 41.406868393819529 ], [ 21.4713365, 41.408746493820352 ], [ 21.4761719, 41.405783093818982 ], [ 21.4745904, 41.404373093818343 ], [ 21.4761493, 41.403584093817955 ], [ 21.4774555, 41.403608893818031 ], [ 21.477562, 41.404960793818638 ], [ 21.4794292, 41.403574393817976 ], [ 21.4832385, 41.398002493815476 ], [ 21.4811894, 41.396857793814959 ], [ 21.4836507, 41.39481409381402 ], [ 21.4861138, 41.396215793814633 ], [ 21.4891004, 41.393541893813435 ], [ 21.4912255, 41.392437993812898 ], [ 21.49337, 41.393619593813483 ], [ 21.4959796, 41.391863793812661 ], [ 21.497481, 41.393825593813524 ], [ 21.4983437, 41.393201593813245 ], [ 21.4982089, 41.394227193813734 ], [ 21.5000176, 41.395560193814362 ], [ 21.4995976, 41.402171893817361 ], [ 21.5011786, 41.405835293818996 ], [ 21.5008946, 41.407708693819856 ], [ 21.5031726, 41.407828493819942 ], [ 21.503848, 41.409392393820632 ], [ 21.5052857, 41.410406193821103 ], [ 21.5096632, 41.404609193818473 ], [ 21.5098992, 41.405236893818774 ], [ 21.511015, 41.404367793818338 ], [ 21.5122166, 41.404689693818462 ], [ 21.5146628, 41.402629493817599 ], [ 21.5177569, 41.403565093818003 ], [ 21.5177734, 41.403050093817754 ], [ 21.5193653, 41.403288793817836 ], [ 21.518457, 41.402457393817492 ], [ 21.5204707, 41.400716693816705 ], [ 21.5223086, 41.402675893817587 ], [ 21.5253351, 41.401451593817008 ], [ 21.5253636, 41.400425493816584 ], [ 21.5281714, 41.400779993816741 ], [ 21.5298259, 41.400642993816618 ], [ 21.5293568, 41.400180593816458 ], [ 21.5312571, 41.400182393816415 ], [ 21.5346568, 41.402529293817544 ], [ 21.5354507, 41.40446469381839 ], [ 21.5370185, 41.405737393819003 ], [ 21.5364445, 41.406489793819304 ], [ 21.5369434, 41.407708893819894 ], [ 21.5382469, 41.407745093819898 ], [ 21.5393024, 41.405160793818716 ], [ 21.5402358, 41.404999893818641 ], [ 21.5424746, 41.406277993819202 ], [ 21.5466355, 41.405300993818756 ], [ 21.5493607, 41.405719493818964 ], [ 21.5496204, 41.406426793819286 ], [ 21.5489959, 41.406958693819547 ], [ 21.5498779, 41.407070593819583 ], [ 21.5512919, 41.40628279381923 ], [ 21.5514872, 41.406732593819406 ], [ 21.5559697, 41.406926493819526 ], [ 21.5569803, 41.407344193819711 ], [ 21.5571069, 41.408905993820426 ], [ 21.5589523, 41.409614193820765 ], [ 21.55936, 41.410756793821264 ], [ 21.5604329, 41.410402693821077 ], [ 21.5627718, 41.41160969382166 ], [ 21.5640163, 41.413009693822296 ], [ 21.5631795, 41.414216693822858 ], [ 21.5636086, 41.414860293823104 ], [ 21.5653681, 41.414860293823104 ], [ 21.5672135, 41.414007493822737 ], [ 21.572771, 41.413798293822651 ], [ 21.5736937, 41.414136193822806 ], [ 21.574125, 41.415245693823294 ], [ 21.5754554, 41.414682493823037 ], [ 21.5772342, 41.415471793823436 ], [ 21.5772248, 41.417946193824548 ], [ 21.5748483, 41.416472193823843 ], [ 21.5735641, 41.41669589382397 ], [ 21.5741435, 41.418369393824698 ], [ 21.5727273, 41.41881989382491 ], [ 21.5719977, 41.42049339382568 ], [ 21.5774479, 41.423630993827118 ], [ 21.5776048, 41.424132693827346 ], [ 21.5743795, 41.426527093828426 ], [ 21.5757099, 41.427283193828806 ], [ 21.5752593, 41.428039393829124 ], [ 21.5765896, 41.429278193829717 ], [ 21.5750232, 41.431321393830636 ], [ 21.577316, 41.432851393831321 ], [ 21.5763965, 41.434136693831888 ], [ 21.5781346, 41.435311093832446 ], [ 21.5779383, 41.436004393832718 ], [ 21.5790144, 41.436967993833164 ], [ 21.5813103, 41.436742793833041 ], [ 21.5801731, 41.43751499383341 ], [ 21.5803233, 41.438496193833899 ], [ 21.5815893, 41.438077993833666 ], [ 21.5818897, 41.438447993833861 ], [ 21.5814605, 41.439413093834247 ], [ 21.5800014, 41.440120893834589 ], [ 21.5769764, 41.440619593834818 ], [ 21.5777274, 41.440965393834993 ], [ 21.5774056, 41.441262993835146 ], [ 21.5784103, 41.441666693835309 ], [ 21.5793115, 41.44304999383592 ], [ 21.5821016, 41.444154693836452 ], [ 21.5875513, 41.450545193839382 ], [ 21.5884525, 41.450448693839284 ], [ 21.5905983, 41.451574493839793 ], [ 21.5925295, 41.45099549383955 ], [ 21.593583, 41.451506993839779 ], [ 21.5960485, 41.450352193839272 ], [ 21.5976171, 41.451185293839664 ], [ 21.6007263, 41.450352193839258 ], [ 21.6024236, 41.451860793839963 ], [ 21.6041402, 41.452343293840208 ], [ 21.6068868, 41.451667793839839 ], [ 21.6079187, 41.453389893840658 ], [ 21.6066313, 41.455528793841587 ], [ 21.6043997, 41.457136993842383 ], [ 21.6015673, 41.460546193843861 ], [ 21.5989494, 41.461671793844374 ], [ 21.596632, 41.463665693845307 ], [ 21.5943575, 41.464341093845597 ], [ 21.5937996, 41.466302793846509 ], [ 21.5901947, 41.467460493847049 ], [ 21.5838432, 41.471319293848737 ], [ 21.5809018, 41.471372793848772 ], [ 21.5732861, 41.475113593850487 ], [ 21.5607119, 41.478643993852145 ], [ 21.5602817, 41.479004993852264 ], [ 21.561045, 41.479862493852607 ], [ 21.5676171, 41.483542493854323 ], [ 21.5633232, 41.483433093854273 ], [ 21.5631931, 41.487202193855978 ], [ 21.5573559, 41.48537629385514 ], [ 21.5465756, 41.487253793855999 ], [ 21.5394001, 41.48695809385584 ], [ 21.5397046, 41.485292293855096 ], [ 21.5392109, 41.484977593854978 ], [ 21.5396833, 41.492892293858553 ], [ 21.5387392, 41.49546389385975 ], [ 21.531229, 41.499288893861483 ], [ 21.5223026, 41.501088793862259 ], [ 21.5171434, 41.501094893862259 ], [ 21.5148354, 41.498967493861315 ], [ 21.5121746, 41.498774593861214 ], [ 21.5074539, 41.499738893861654 ], [ 21.5039349, 41.501474493862432 ], [ 21.5005016, 41.50134599386238 ], [ 21.4958668, 41.504238593863725 ], [ 21.4928627, 41.505395593864215 ], [ 21.4874554, 41.503724393863457 ], [ 21.4845216, 41.501706193862525 ], [ 21.4792156, 41.504945693864023 ], [ 21.4783152, 41.504739693863911 ], [ 21.4765139, 41.507547293865194 ], [ 21.4762564, 41.509282693865963 ], [ 21.4744111, 41.510182593866404 ], [ 21.4691325, 41.521461593871543 ], [ 21.4655407, 41.523674393872483 ], [ 21.4595838, 41.531260793875909 ], [ 21.4620066, 41.532483093876507 ], [ 21.464324, 41.534860393877601 ], [ 21.4670491, 41.541349193880507 ], [ 21.4662981, 41.542890993881194 ], [ 21.4665556, 41.545139393882209 ], [ 21.465354, 41.547580393883322 ], [ 21.4657831, 41.550470893884629 ], [ 21.4641523, 41.5543890938864 ], [ 21.4625387, 41.556519693887331 ], [ 21.458619399999989, 41.558945493888473 ], [ 21.4572013, 41.559245193888607 ], [ 21.4540765, 41.561754193889762 ], [ 21.4467999, 41.564789593891064 ], [ 21.4435131, 41.56750709389231 ], [ 21.4435557, 41.569564393893238 ], [ 21.4423889, 41.572067393894379 ], [ 21.4381129, 41.575418593895904 ], [ 21.4320897, 41.57859009389734 ], [ 21.4310217, 41.581423993898611 ], [ 21.4288759, 41.583478393899547 ], [ 21.4286184, 41.585083393900284 ], [ 21.4299059, 41.59060429390275 ], [ 21.4244986, 41.595546993904975 ], [ 21.4238763, 41.596959093905625 ], [ 21.4205933, 41.597312093905835 ], [ 21.4181042, 41.596926993905626 ], [ 21.4068604, 41.597055393905698 ], [ 21.402483, 41.599237693906687 ], [ 21.3977623, 41.600713893907297 ], [ 21.3943291, 41.603216993908433 ], [ 21.3900375, 41.604436493909034 ], [ 21.3835144, 41.60456479390907 ], [ 21.3799953, 41.606233493909826 ], [ 21.3739191, 41.60552899390953 ], [ 21.3691025, 41.594741693904631 ], [ 21.3692739, 41.591622193903255 ], [ 21.3681311, 41.587690593901442 ], [ 21.3671597, 41.586493893900908 ], [ 21.366874, 41.583544993899608 ], [ 21.3673883, 41.582861193899298 ], [ 21.3664261, 41.576104793896249 ], [ 21.3574428, 41.567580193892354 ], [ 21.353663, 41.55824079388816 ], [ 21.3500728, 41.557969193888027 ], [ 21.3463426, 41.55666359388745 ], [ 21.3428514, 41.552585693885625 ], [ 21.3405067, 41.547613893883344 ], [ 21.3409279, 41.544619493882003 ], [ 21.3402961, 41.544011593881685 ], [ 21.3410783, 41.543065993881278 ], [ 21.3411028, 41.539732093879792 ], [ 21.3401457, 41.538044893879004 ], [ 21.340627, 41.535973393878074 ], [ 21.3427418, 41.532723993876623 ], [ 21.3410996, 41.53236639387643 ], [ 21.3384611, 41.525614493873384 ], [ 21.3365449, 41.524881493873067 ], [ 21.3335879, 41.519893893870801 ], [ 21.3329862, 41.516875693869444 ], [ 21.3348513, 41.505116993864078 ], [ 21.3367151, 41.501691293862535 ], [ 21.333884, 41.498767893861199 ], [ 21.32659, 41.501979793862681 ], [ 21.3246647, 41.504097493863604 ], [ 21.3211752, 41.50454809386386 ], [ 21.3105864, 41.510810693866674 ], [ 21.3022297, 41.510769793866615 ], [ 21.296136199999989, 41.512431693867413 ], [ 21.2931491, 41.510339893866458 ], [ 21.2950213, 41.507948693865387 ], [ 21.2948825, 41.505412893864211 ], [ 21.292553, 41.503448893863364 ], [ 21.2890319, 41.502767893863052 ], [ 21.2872951, 41.503335693863306 ], [ 21.2875824, 41.502885193863122 ], [ 21.2866425, 41.503224393863263 ], [ 21.285488, 41.502811193863025 ], [ 21.2850584, 41.501705693862554 ], [ 21.280646, 41.501625593862499 ], [ 21.2805019, 41.504239593863723 ], [ 21.2753725, 41.504170093863664 ], [ 21.2754481, 41.504915693864007 ], [ 21.27168, 41.504929793864036 ], [ 21.271586, 41.499421693861507 ], [ 21.2680982, 41.499610893861572 ], [ 21.2678764, 41.494387093859267 ], [ 21.2705798, 41.49430879385919 ], [ 21.2704881, 41.492094293858173 ], [ 21.2685123, 41.492160693858224 ], [ 21.2684819, 41.493206293858712 ], [ 21.2663797, 41.493230393858688 ], [ 21.2665354, 41.496417093860153 ], [ 21.2599515, 41.496370993860147 ], [ 21.2600326, 41.495129093859553 ], [ 21.2514265, 41.495122693859564 ], [ 21.2514841, 41.493097393858704 ], [ 21.2465613, 41.493030993858653 ], [ 21.246554, 41.485792593855351 ], [ 21.247843, 41.485779993855331 ], [ 21.2480509, 41.481176393853239 ], [ 21.2403593, 41.48110519385321 ], [ 21.2404694, 41.476837493851271 ], [ 21.2460563, 41.476793693851249 ], [ 21.245879299999984, 41.474383493850162 ], [ 21.2521943, 41.474287393850119 ], [ 21.2664633, 41.471217793848723 ], [ 21.2718801, 41.466556693846606 ], [ 21.2754856, 41.461951993844522 ], [ 21.2760446, 41.462448993844745 ], [ 21.2795765, 41.458714793843065 ], [ 21.2838331, 41.456040593841848 ], [ 21.2852954, 41.454364493841084 ], [ 21.2893266, 41.453613793840731 ], [ 21.29323, 41.448402893838391 ], [ 21.2983995, 41.446558993837513 ], [ 21.2971603, 41.445438693837012 ], [ 21.2972455, 41.44210969383554 ], [ 21.299035, 41.442332093835624 ], [ 21.3011385, 41.441846993835384 ], [ 21.3007674, 41.4414074938352 ], [ 21.2989445, 41.441584093835274 ], [ 21.2985935, 41.439031393834107 ], [ 21.3007469, 41.439293893834247 ], [ 21.3011583, 41.436570093832977 ], [ 21.3033809, 41.436596893833034 ], [ 21.3036424, 41.435881693832691 ], [ 21.3049468, 41.435894893832703 ], [ 21.3050814, 41.433054493831413 ], [ 21.2966858, 41.43242899383111 ], [ 21.2965678, 41.431881993830864 ], [ 21.2893449, 41.429338293829673 ], [ 21.2831195, 41.428280493829241 ], [ 21.2758247, 41.428116593829138 ], [ 21.2702875, 41.429748493829905 ], [ 21.2700418, 41.429331293829705 ], [ 21.2680141, 41.429222693829658 ], [ 21.2666108, 41.429592793829812 ], [ 21.26528, 41.42708239382867 ], [ 21.2634573, 41.42631779382836 ], [ 21.2633705, 41.425032393827763 ], [ 21.2618733, 41.424170093827378 ], [ 21.2617071, 41.420830993825831 ], [ 21.2642475, 41.419079993825065 ], [ 21.2684879, 41.417931393824524 ], [ 21.2705614, 41.415802093823551 ], [ 21.2772579, 41.413334593822427 ], [ 21.2777048, 41.410192293821027 ], [ 21.2783192, 41.410361993821091 ], [ 21.2819519, 41.407137793819636 ], [ 21.2832506, 41.407526793819812 ], [ 21.2842166, 41.406534493819365 ], [ 21.2856667, 41.406153293819152 ], [ 21.285928, 41.405408793818836 ], [ 21.2889933, 41.404316993818334 ] ] ] } },
{ "type": "Feature", "properties": { "admin_id": "2593112", "name_local": "Општина Прилеп", "name_en": "Municipality of Prilep", "name_en_status": "OSM_NAME_EN", "source_name": "Општина Прилеп", "source_admin_level": "7", "source_osm_relation_id": "2593112", "source_name_en": "Municipality of Prilep" }, "geometry": { "type": "Polygon", "coordinates": [ [ [ 21.369951, 41.244248893745208 ], [ 21.3708844, 41.245063693745585 ], [ 21.3717802, 41.245031393745599 ], [ 21.3722577, 41.244575693745375 ], [ 21.3713716, 41.243527493744921 ], [ 21.375125, 41.243753493745032 ], [ 21.3759993, 41.242829393744607 ], [ 21.3765758, 41.243200893744756 ], [ 21.3779442, 41.242624493744529 ], [ 21.3785374, 41.243774393745056 ], [ 21.3826412, 41.242439293744418 ], [ 21.3865573, 41.243310593744837 ], [ 21.3890207, 41.243158593744774 ], [ 21.3900668, 41.241855693744164 ], [ 21.3910002, 41.241811293744121 ], [ 21.3910592, 41.241137693743852 ], [ 21.3920924, 41.241042293743789 ], [ 21.3923953, 41.239898593743241 ], [ 21.3938648, 41.23981869374321 ], [ 21.395281, 41.238818293742774 ], [ 21.3969072, 41.239612593743139 ], [ 21.397997, 41.237979093742382 ], [ 21.3972061, 41.236406893741631 ], [ 21.3994568, 41.236302293741588 ], [ 21.4008467, 41.237342193742066 ], [ 21.401544, 41.235902093741437 ], [ 21.4053474, 41.235514793741231 ], [ 21.4069782, 41.234324693740682 ], [ 21.4075812, 41.234857593740976 ], [ 21.4088244, 41.234001993740527 ], [ 21.4098533, 41.231888093739578 ], [ 21.4094026, 41.23031469373889 ], [ 21.4105614, 41.230072593738768 ], [ 21.4130719, 41.223560693735763 ], [ 21.4128788, 41.222673093735381 ], [ 21.4141341, 41.221535193734816 ], [ 21.4131255, 41.221260793734729 ], [ 21.4137693, 41.22001809373414 ], [ 21.4123209, 41.220009993734131 ], [ 21.4163871, 41.218533193733457 ], [ 21.4180492, 41.219528993733924 ], [ 21.4158192, 41.220529393734353 ], [ 21.4158861, 41.220988493734581 ], [ 21.4197626, 41.221455893734785 ], [ 21.4228222, 41.219888193734079 ], [ 21.4237891, 41.219933493734132 ], [ 21.4249193, 41.21780979373316 ], [ 21.4264749, 41.219293493733808 ], [ 21.4271673, 41.219108193733724 ], [ 21.426478, 41.217453793733 ], [ 21.4295384, 41.215888093732239 ], [ 21.4301233, 41.215097693731849 ], [ 21.4297924, 41.213455493731153 ], [ 21.4309226, 41.212653793730759 ], [ 21.4321156, 41.212794893730823 ], [ 21.4324589, 41.212157293730563 ], [ 21.4308297, 41.210901693729951 ], [ 21.4316435, 41.210010393729547 ], [ 21.4305827, 41.20946009372927 ], [ 21.428977, 41.205219793727366 ], [ 21.4221641, 41.199895593724897 ], [ 21.418057, 41.197902493724001 ], [ 21.4169785, 41.191360493720993 ], [ 21.4345408, 41.195747193723001 ], [ 21.4468567, 41.195843693723077 ], [ 21.4494812, 41.197325193723749 ], [ 21.4538257, 41.197708693723918 ], [ 21.4539226, 41.197196793723641 ], [ 21.4551509, 41.197337393723728 ], [ 21.4550597, 41.197910493724009 ], [ 21.4583384, 41.198213493724118 ], [ 21.4616483, 41.198031793724041 ], [ 21.4615828, 41.197276793723717 ], [ 21.4682321, 41.197958493724002 ], [ 21.4677088, 41.196045693723121 ], [ 21.4684116, 41.19608599372318 ], [ 21.4688193, 41.195270593722782 ], [ 21.4700906, 41.195403793722853 ], [ 21.470155, 41.194883093722616 ], [ 21.4697849, 41.194350293722358 ], [ 21.4684802, 41.194213493722273 ], [ 21.4685403, 41.192457093721522 ], [ 21.4677947, 41.19166189372114 ], [ 21.4682447, 41.191709293721189 ], [ 21.4684169, 41.190329693720543 ], [ 21.4693396, 41.190450793720558 ], [ 21.4701223, 41.189727193720273 ], [ 21.4704441, 41.189081293719951 ], [ 21.4690601, 41.188451493719654 ], [ 21.4704179, 41.18846479371966 ], [ 21.471083, 41.186123393718596 ], [ 21.4729069, 41.18643829371873 ], [ 21.4731537, 41.185598493718324 ], [ 21.4761363, 41.185937693718522 ], [ 21.4762806, 41.185286493718237 ], [ 21.4822673, 41.187095093719009 ], [ 21.4825194, 41.183273493717259 ], [ 21.4980339, 41.1835475937174 ], [ 21.4982855, 41.182331193716877 ], [ 21.5001308, 41.182557293716982 ], [ 21.499927, 41.18206469371669 ], [ 21.5009628, 41.183111593717193 ], [ 21.5017139, 41.18309539371721 ], [ 21.5024649, 41.182223393716811 ], [ 21.5002977, 41.181060593716246 ], [ 21.500759, 41.180099693715796 ], [ 21.5002918, 41.180029793715782 ], [ 21.501070099999989, 41.179921993715723 ], [ 21.500914, 41.17886699371526 ], [ 21.5014993, 41.179041893715358 ], [ 21.5017353, 41.178258593714972 ], [ 21.5010964, 41.178237193714956 ], [ 21.5009355, 41.177583093714674 ], [ 21.5014827, 41.176379793714105 ], [ 21.5024112, 41.176796893714297 ], [ 21.5028189, 41.176021693713921 ], [ 21.5065633, 41.176514293714177 ], [ 21.5067291, 41.175354293713646 ], [ 21.5085052, 41.175739093713801 ], [ 21.5083169, 41.176589793714228 ], [ 21.5098034, 41.176611193714237 ], [ 21.5100394, 41.175730993713806 ], [ 21.5203697, 41.17597449371393 ], [ 21.520198, 41.178623193715126 ], [ 21.5248715, 41.178762093715214 ], [ 21.5248758, 41.181304093716378 ], [ 21.5412918, 41.181729993716559 ], [ 21.539941, 41.179833193715695 ], [ 21.5379454, 41.178977293715299 ], [ 21.5436736, 41.178532293715087 ], [ 21.5450694, 41.178169793714972 ], [ 21.5448119, 41.177652893714715 ], [ 21.5514423, 41.177685193714723 ], [ 21.5535666, 41.182191093716789 ], [ 21.5580727, 41.180010893715739 ], [ 21.5570642, 41.178848093715267 ], [ 21.5562274, 41.175666393713811 ], [ 21.5574505, 41.175488693713675 ], [ 21.5587165, 41.173760493712926 ], [ 21.5602818, 41.173024793712578 ], [ 21.562449, 41.173218593712662 ], [ 21.5659692, 41.17170929371197 ], [ 21.5656688, 41.17095009371161 ], [ 21.566291, 41.171273093711775 ], [ 21.5666118, 41.170908893711584 ], [ 21.566806, 41.171386193711825 ], [ 21.5673843, 41.170085093711208 ], [ 21.5682222, 41.170190893711286 ], [ 21.5709248, 41.167145293709872 ], [ 21.5739718, 41.166369993709537 ], [ 21.5749159, 41.167371493709972 ], [ 21.5775992, 41.168381793710417 ], [ 21.578479, 41.16957709371097 ], [ 21.5802171, 41.169706393711024 ], [ 21.5833928, 41.168091093710309 ], [ 21.5878774, 41.169367193710897 ], [ 21.5912892, 41.16599119370931 ], [ 21.5942504, 41.165393493709061 ], [ 21.594422, 41.164747293708793 ], [ 21.5955378, 41.165118893708936 ], [ 21.5951516, 41.164294993708573 ], [ 21.5969326, 41.163616593708213 ], [ 21.5980038, 41.162405693707719 ], [ 21.6010739, 41.16327729370812 ], [ 21.6028334, 41.165425793709048 ], [ 21.6039696, 41.16488379370881 ], [ 21.6055371, 41.165603493709185 ], [ 21.6067602, 41.16666959370967 ], [ 21.6056229, 41.166976493709782 ], [ 21.6075541, 41.166992693709808 ], [ 21.6099359, 41.168914893710699 ], [ 21.610408, 41.168446493710491 ], [ 21.6115453, 41.16904409371076 ], [ 21.6118457, 41.170126293711263 ], [ 21.6134325, 41.171312693711762 ], [ 21.6145064, 41.171596193711963 ], [ 21.6183677, 41.170763493711505 ], [ 21.6197625, 41.171538793711861 ], [ 21.6230037, 41.170013293711179 ], [ 21.6268017, 41.170578593711454 ], [ 21.6277447, 41.17002049371122 ], [ 21.6265442, 41.166378893709528 ], [ 21.6266729, 41.164585793708667 ], [ 21.625599, 41.163591493708239 ], [ 21.62429, 41.163914593708377 ], [ 21.622596, 41.16293809370795 ], [ 21.6236688, 41.160207993706685 ], [ 21.6299345, 41.155022093704311 ], [ 21.6323796, 41.154399193704037 ], [ 21.6373803, 41.151047493702421 ], [ 21.6411558, 41.149778393701865 ], [ 21.6417362, 41.149092493701573 ], [ 21.6434957, 41.149431793701702 ], [ 21.643882, 41.148995493701534 ], [ 21.6432586, 41.148501893701308 ], [ 21.640835, 41.148381493701258 ], [ 21.6396334, 41.147218193700695 ], [ 21.6414573, 41.1465556937004 ], [ 21.6439249, 41.144196493699319 ], [ 21.6473796, 41.145392293699899 ], [ 21.6480233, 41.144955993699682 ], [ 21.6461994, 41.143970293699212 ], [ 21.6464354, 41.14316239369883 ], [ 21.6450825, 41.142717193698637 ], [ 21.6451265, 41.140996993697861 ], [ 21.6444613, 41.140576893697663 ], [ 21.6455557, 41.138766893696804 ], [ 21.6518213, 41.13643979369575 ], [ 21.6527225, 41.13656909369584 ], [ 21.6536345, 41.135785293695484 ], [ 21.6562845, 41.135591393695364 ], [ 21.6572716, 41.136011593695585 ], [ 21.664535, 41.13437119369484 ], [ 21.6667451, 41.132884393694141 ], [ 21.668804, 41.133311893694326 ], [ 21.6720023, 41.132706593694067 ], [ 21.6725698, 41.133255293694283 ], [ 21.6734185, 41.132399493693896 ], [ 21.6739013, 41.132666193694021 ], [ 21.6751447, 41.132083593693743 ], [ 21.6752316, 41.131559093693483 ], [ 21.6778924, 41.131445993693426 ], [ 21.6791448, 41.132280093693865 ], [ 21.6771533, 41.133864393694587 ], [ 21.6778013, 41.134924593695054 ], [ 21.6811186, 41.1360493936956 ], [ 21.6877534, 41.136742693695865 ], [ 21.6894678, 41.139095593696986 ], [ 21.6914122, 41.138409293696682 ], [ 21.6945021, 41.138538493696721 ], [ 21.6957475, 41.139730193697268 ], [ 21.6960136, 41.137744693696334 ], [ 21.6944204, 41.137126493696059 ], [ 21.6948125, 41.136341593695704 ], [ 21.6963784, 41.136261893695696 ], [ 21.6982667, 41.137708293696342 ], [ 21.6994259, 41.136563693695813 ], [ 21.702054, 41.136237693695662 ], [ 21.7035458, 41.135497093695299 ], [ 21.7046611, 41.13546199369533 ], [ 21.7053262, 41.136148793695639 ], [ 21.7068176, 41.135890193695509 ], [ 21.7100255, 41.132940793694132 ], [ 21.711903, 41.132787293694065 ], [ 21.7134372, 41.133546893694408 ], [ 21.7158947, 41.132765893694028 ], [ 21.7186944, 41.133377193694372 ], [ 21.7190377, 41.132286293693817 ], [ 21.7176751, 41.130322593692959 ], [ 21.7190913, 41.128989193692291 ], [ 21.7213557, 41.12842629369208 ], [ 21.7224602, 41.127510293691657 ], [ 21.7243947, 41.127336393691557 ], [ 21.7245631, 41.126176693691079 ], [ 21.7267947, 41.12680709369134 ], [ 21.7288547, 41.126710093691294 ], [ 21.7324199, 41.124426993690214 ], [ 21.7340689, 41.12433409369018 ], [ 21.7341976, 41.123396593689769 ], [ 21.7368369, 41.123186493689651 ], [ 21.7376985, 41.122180193689189 ], [ 21.7389183, 41.122717693689431 ], [ 21.7404847, 41.122168093689197 ], [ 21.7415823, 41.122875293689496 ], [ 21.7423548, 41.121986293689105 ], [ 21.7439823, 41.122329793689268 ], [ 21.7449941, 41.11910899368781 ], [ 21.746539, 41.119222093687817 ], [ 21.7475475, 41.118284493687383 ], [ 21.7482127, 41.11812289368735 ], [ 21.7493682, 41.119436293687933 ], [ 21.7499293, 41.119399893687877 ], [ 21.7501836, 41.117868293687216 ], [ 21.75175, 41.118563393687552 ], [ 21.753767, 41.117965293687249 ], [ 21.75465, 41.118704793687598 ], [ 21.7548828, 41.11764199368713 ], [ 21.7562132, 41.117787493687167 ], [ 21.7572679, 41.117249993686919 ], [ 21.7596711, 41.118704793687598 ], [ 21.7629187, 41.117544993687041 ], [ 21.7688411, 41.117310593686959 ], [ 21.770665, 41.115257493685966 ], [ 21.7700963, 41.114012693685432 ], [ 21.7759328, 41.113907693685398 ], [ 21.7746883, 41.111999293684498 ], [ 21.7757441, 41.111512693684269 ], [ 21.7752033, 41.110608993683847 ], [ 21.7768169, 41.109491793683347 ], [ 21.7762762, 41.108895193683082 ], [ 21.7766667, 41.108554093682962 ], [ 21.780203, 41.107989893682642 ], [ 21.7848807, 41.108749693683002 ], [ 21.7847601, 41.106497193681989 ], [ 21.7852884, 41.106114393681771 ], [ 21.7869192, 41.105548493681539 ], [ 21.7884856, 41.105952693681722 ], [ 21.7919017, 41.104592893681072 ], [ 21.7924338, 41.104837093681226 ], [ 21.795292, 41.102086693679929 ], [ 21.8025404, 41.101554793679703 ], [ 21.8033558, 41.099096993678565 ], [ 21.8050509, 41.097463793677832 ], [ 21.8086601, 41.096524293677376 ], [ 21.8092824, 41.095036593676703 ], [ 21.813913, 41.094294293676334 ], [ 21.8163162, 41.092677193675627 ], [ 21.8171316, 41.093291693675901 ], [ 21.8182474, 41.093194693675855 ], [ 21.8182903, 41.093906193676176 ], [ 21.8206507, 41.093970893676193 ], [ 21.8236977, 41.095393993676844 ], [ 21.8265301, 41.095943793677144 ], [ 21.8267876, 41.097819593677976 ], [ 21.8298603, 41.099693693678823 ], [ 21.8324932, 41.099277793678638 ], [ 21.8332935, 41.100405093679178 ], [ 21.8350531, 41.10059919367923 ], [ 21.8392738, 41.095267593676766 ], [ 21.8358856, 41.092159693675413 ], [ 21.8360573, 41.090898293674805 ], [ 21.8374714, 41.089316393674054 ], [ 21.8364864, 41.088957693673905 ], [ 21.8371302, 41.087308093673101 ], [ 21.8365723, 41.086693493672826 ], [ 21.8379026, 41.086046593672577 ], [ 21.8409325, 41.087791593673352 ], [ 21.8461253, 41.086336193672693 ], [ 21.8489974, 41.092288693675407 ], [ 21.8525874, 41.092829793675669 ], [ 21.8561775, 41.09147699367508 ], [ 21.859408500000011, 41.085524393672273 ], [ 21.8780767, 41.071993893666047 ], [ 21.9004746, 41.070608293665423 ], [ 21.9040339, 41.06896909366467 ], [ 21.9065393, 41.072455493666283 ], [ 21.9073434, 41.077568093668653 ], [ 21.9108046, 41.082008493670699 ], [ 21.909865, 41.084729593671973 ], [ 21.911468, 41.085163993672133 ], [ 21.9118791, 41.086009193672524 ], [ 21.9110782, 41.089657293674215 ], [ 21.9091201, 41.090761493674705 ], [ 21.9113522, 41.093373693675929 ], [ 21.9177061, 41.09423479367635 ], [ 21.920102, 41.095857193677055 ], [ 21.9238569, 41.096779193677527 ], [ 21.9277685, 41.100885593679401 ], [ 21.9302375, 41.100402893679195 ], [ 21.9315423, 41.100852593679349 ], [ 21.9314784, 41.102212893679976 ], [ 21.9302043, 41.103251193680485 ], [ 21.9324521, 41.105285293681405 ], [ 21.9392963, 41.108169493682752 ], [ 21.9389908, 41.110502193683807 ], [ 21.9399933, 41.110778593683918 ], [ 21.9390952, 41.113624193685247 ], [ 21.937715, 41.115272593685994 ], [ 21.9358355, 41.116267693686467 ], [ 21.9337561, 41.116475693686588 ], [ 21.9328312, 41.117274893686897 ], [ 21.9330665, 41.117996293687249 ], [ 21.9471202, 41.122418593689289 ], [ 21.9424699, 41.129439893692549 ], [ 21.937466, 41.127959393691853 ], [ 21.927338, 41.131217793693345 ], [ 21.9233726, 41.130706993693138 ], [ 21.9208938, 41.137307393696148 ], [ 21.9166049, 41.141672293698186 ], [ 21.9130438, 41.147117293700674 ], [ 21.9077031, 41.14905219370155 ], [ 21.9076589, 41.150431293702205 ], [ 21.900705, 41.153951693703817 ], [ 21.8982471, 41.156580093705031 ], [ 21.897226299999989, 41.156589093705051 ], [ 21.8982608, 41.157680493705527 ], [ 21.897321, 41.157985993705672 ], [ 21.8973148, 41.158834593706032 ], [ 21.8966805, 41.159071793706197 ], [ 21.8973337, 41.160080893706635 ], [ 21.8954654, 41.16146499370727 ], [ 21.8923967, 41.160634593706881 ], [ 21.8923139, 41.163975693708409 ], [ 21.890062, 41.169434193710927 ], [ 21.8943232, 41.177116593714459 ], [ 21.8928212, 41.1852236937182 ], [ 21.8943661, 41.188970093719895 ], [ 21.8916196, 41.195009093722653 ], [ 21.8893753, 41.195725393723016 ], [ 21.8881434, 41.205438793727467 ], [ 21.8835944, 41.214155893731437 ], [ 21.8851908, 41.22882689373818 ], [ 21.8936881, 41.23663719374175 ], [ 21.891405, 41.259917393752403 ], [ 21.893878099999988, 41.270143093757092 ], [ 21.8926872, 41.271570393757749 ], [ 21.8918396, 41.271473593757683 ], [ 21.8888248, 41.272860593758338 ], [ 21.8881703, 41.273900793758827 ], [ 21.890763, 41.275847193759724 ], [ 21.8918182, 41.275432793759499 ], [ 21.8934704, 41.275795593759682 ], [ 21.8939053, 41.278258093760819 ], [ 21.8953856, 41.279675693761462 ], [ 21.8923079, 41.282527293762769 ], [ 21.890638, 41.28283439376294 ], [ 21.885254, 41.280946793762041 ], [ 21.8825825, 41.280838093761993 ], [ 21.8789483, 41.282559393762767 ], [ 21.8774058, 41.284663593763753 ], [ 21.8722506, 41.28576399376427 ], [ 21.8666932, 41.281266193762157 ], [ 21.8652394, 41.280929193762013 ], [ 21.8643071, 41.279495593761403 ], [ 21.8601553, 41.277498193760444 ], [ 21.858782, 41.277498193760444 ], [ 21.8551694, 41.279235993761269 ], [ 21.8515723, 41.279433293761372 ], [ 21.8501418, 41.280152793761673 ], [ 21.8490765, 41.279698793761462 ], [ 21.848139, 41.277627193760537 ], [ 21.8469374, 41.276853193760168 ], [ 21.8452208, 41.276853193760168 ], [ 21.8435457, 41.279890693761566 ], [ 21.8412977, 41.280521593761875 ], [ 21.8424648, 41.281301493762207 ], [ 21.8428768, 41.282449593762713 ], [ 21.8425334, 41.283932993763422 ], [ 21.8404144, 41.28671999376467 ], [ 21.8427996, 41.290398693766377 ], [ 21.8418747, 41.291366893766821 ], [ 21.8405336, 41.291556193766858 ], [ 21.8402611, 41.292903993767538 ], [ 21.8393941, 41.292910393767499 ], [ 21.8385873, 41.291949593767107 ], [ 21.8363622, 41.292697593767386 ], [ 21.8378492, 41.296947293769357 ], [ 21.8366811, 41.2967879937693 ], [ 21.8334375, 41.298378893769986 ], [ 21.8329569, 41.299462193770502 ], [ 21.8304763, 41.299739393770622 ], [ 21.8292039, 41.298720593770156 ], [ 21.8240541, 41.296715193769266 ], [ 21.8228374, 41.297701793769697 ], [ 21.8227087, 41.298894693770222 ], [ 21.8212457, 41.300777093771075 ], [ 21.8198484, 41.300809793771137 ], [ 21.8178743, 41.302357393771821 ], [ 21.8184344, 41.303153793772204 ], [ 21.8171447, 41.305258893773185 ], [ 21.8172941, 41.306365793773665 ], [ 21.8189751, 41.309082193774941 ], [ 21.8177026, 41.30922399377495 ], [ 21.8163293, 41.311287093775903 ], [ 21.8157285, 41.310932493775745 ], [ 21.8161148, 41.309836493775258 ], [ 21.8148702, 41.309030593774871 ], [ 21.8128961, 41.309739793775208 ], [ 21.8097204, 41.30967529377515 ], [ 21.8096775, 41.311125893775831 ], [ 21.8156427, 41.315783793777975 ], [ 21.8255518, 41.318347993779135 ], [ 21.8284438, 41.321135693780427 ], [ 21.829877, 41.321194893780422 ], [ 21.8258587, 41.323018093781272 ], [ 21.8258266, 41.323748793781625 ], [ 21.8238824, 41.325188693782245 ], [ 21.8233202, 41.326745293782992 ], [ 21.8209856, 41.329255693784127 ], [ 21.8214009, 41.331563893785152 ], [ 21.8249713, 41.333733693786186 ], [ 21.8251547, 41.334595493786544 ], [ 21.8233105, 41.337089793787719 ], [ 21.8237826, 41.339603093788803 ], [ 21.8249284, 41.340629293789341 ], [ 21.8245551, 41.343727193790741 ], [ 21.8257138, 41.344500493791053 ], [ 21.8258687, 41.346395293791943 ], [ 21.8279021, 41.348142793792753 ], [ 21.8299621, 41.348883693793042 ], [ 21.8321937, 41.351557693794298 ], [ 21.8369143, 41.350848893793987 ], [ 21.8383306, 41.351911993794481 ], [ 21.8406051, 41.352524093794734 ], [ 21.8430107, 41.354842893795812 ], [ 21.8456714, 41.354552893795642 ], [ 21.8390888, 41.361502893798864 ], [ 21.8399637, 41.36254149379927 ], [ 21.8437402, 41.364216393800078 ], [ 21.8442895, 41.365512793800661 ], [ 21.8392341, 41.365633493800679 ], [ 21.8374746, 41.366019993800855 ], [ 21.8364446, 41.366921893801276 ], [ 21.8351915, 41.372565993803896 ], [ 21.8317259, 41.372631093803911 ], [ 21.8288677, 41.374603593804785 ], [ 21.8276041, 41.378225793806472 ], [ 21.8225635, 41.384917693809463 ], [ 21.8230784, 41.389634593811621 ], [ 21.8218983, 41.390407293811968 ], [ 21.8229711, 41.39230689381283 ], [ 21.8212545, 41.394576593813902 ], [ 21.8220699, 41.395783793814473 ], [ 21.8209327, 41.397940793815408 ], [ 21.8184393, 41.400858893816725 ], [ 21.817581, 41.404963093818644 ], [ 21.8183964, 41.405671293818948 ], [ 21.819731, 41.410510593821151 ], [ 21.8197911, 41.413041993822311 ], [ 21.8212932, 41.414779993823089 ], [ 21.8239539, 41.415327093823365 ], [ 21.823675, 41.416405193823813 ], [ 21.824941, 41.419156793825088 ], [ 21.8296436, 41.4194204938252 ], [ 21.8264336, 41.420383593825633 ], [ 21.8253837, 41.422616093826662 ], [ 21.8245976, 41.433443993831581 ], [ 21.8214713, 41.435958693832724 ], [ 21.8223232, 41.437547293833425 ], [ 21.8228446, 41.44181399383536 ], [ 21.8212846, 41.441810493835384 ], [ 21.8181093, 41.440418193834724 ], [ 21.8160076, 41.438072093833689 ], [ 21.8123399, 41.435935893832699 ], [ 21.8129676, 41.434923993832236 ], [ 21.8164437, 41.435486993832519 ], [ 21.8170488, 41.434806593832185 ], [ 21.8144525, 41.433487393831584 ], [ 21.8146885, 41.43240959383111 ], [ 21.8121788, 41.430382093830175 ], [ 21.8116261, 41.43056609383023 ], [ 21.8135045, 41.432680193831231 ], [ 21.809912, 41.434670593832116 ], [ 21.8090199, 41.434200793831948 ], [ 21.8077453, 41.435042193832288 ], [ 21.8070973, 41.434902193832265 ], [ 21.8066933, 41.43338359383155 ], [ 21.8042944, 41.435247693832373 ], [ 21.8022392, 41.435340193832452 ], [ 21.8021534, 41.432824193831308 ], [ 21.8026598, 41.432849493831327 ], [ 21.803355, 41.43124759383057 ], [ 21.797938599999988, 41.431716893830767 ], [ 21.7984305, 41.43230739383106 ], [ 21.7971173, 41.432746893831272 ], [ 21.7970379, 41.433249693831485 ], [ 21.798231, 41.433316193831544 ], [ 21.7981044, 41.434357293832036 ], [ 21.795722, 41.434656493832144 ], [ 21.79664, 41.435858193832644 ], [ 21.7978698, 41.435862893832656 ], [ 21.7974464, 41.438011893833675 ], [ 21.7955076, 41.43893499383406 ], [ 21.7936089, 41.436141293832819 ], [ 21.7912454, 41.437439393833372 ], [ 21.7933804, 41.439657193834385 ], [ 21.7920595, 41.440887893834933 ], [ 21.7943451, 41.443406693836117 ], [ 21.7933706, 41.444514593836608 ], [ 21.7913387, 41.442876893835837 ], [ 21.7904623, 41.443546493836116 ], [ 21.7896926, 41.443043593835959 ], [ 21.7883993, 41.443530593836165 ], [ 21.7879662, 41.443195193836019 ], [ 21.7904473, 41.44208399383551 ], [ 21.7911853, 41.440550793834809 ], [ 21.7905389, 41.439804993834436 ], [ 21.7915714, 41.439389693834286 ], [ 21.7902697, 41.438012493833668 ], [ 21.7914448, 41.435300593832409 ], [ 21.7913345, 41.433899993831744 ], [ 21.7854594, 41.43561649383259 ], [ 21.7836735, 41.435147193832364 ], [ 21.782574, 41.436518693832987 ], [ 21.7839789, 41.43917109383419 ], [ 21.7841109, 41.442611793835766 ], [ 21.7828202, 41.443369793836105 ], [ 21.7820831, 41.445104893836849 ], [ 21.77924, 41.447107393837761 ], [ 21.7775845, 41.450687593839426 ], [ 21.7796444, 41.450140693839188 ], [ 21.7812538, 41.448628893838503 ], [ 21.7817044, 41.449159693838716 ], [ 21.7800307, 41.450607193839389 ], [ 21.7735505, 41.45381609384085 ], [ 21.7755246, 41.456083593841875 ], [ 21.7769869, 41.455140793841416 ], [ 21.7774375, 41.455430293841573 ], [ 21.778977799999989, 41.457363293842427 ], [ 21.7792396, 41.460669693843904 ], [ 21.7801211, 41.461098393844104 ], [ 21.7791748, 41.462114893844607 ], [ 21.779829, 41.463838093845396 ], [ 21.7792093, 41.465366993846061 ], [ 21.774593, 41.470097593848259 ], [ 21.7679635, 41.468881393847688 ], [ 21.765807099999989, 41.467691593847107 ], [ 21.763442399999988, 41.467673893847163 ], [ 21.7617837, 41.468376593847431 ], [ 21.7610027, 41.469566393847977 ], [ 21.757048, 41.469204593847834 ], [ 21.7530312, 41.473502293849805 ], [ 21.7412895, 41.480318693852865 ], [ 21.7368263, 41.481604793853457 ], [ 21.7371696, 41.483225193854175 ], [ 21.7365581, 41.485755393855314 ], [ 21.7332405, 41.486390593855631 ], [ 21.7329512, 41.485989993855426 ], [ 21.7340823, 41.485263393855092 ], [ 21.7338248, 41.48389709385448 ], [ 21.7303487, 41.481646493853518 ], [ 21.7277327, 41.48086399385312 ], [ 21.7246409, 41.484668593854813 ], [ 21.7224093, 41.484957993854941 ], [ 21.7212506, 41.486083193855485 ], [ 21.7199202, 41.489973093857245 ], [ 21.7182036, 41.491548193857952 ], [ 21.7160579, 41.490808893857626 ], [ 21.7171737, 41.489683693857131 ], [ 21.716326099999989, 41.486313293855559 ], [ 21.7160579, 41.478849393852215 ], [ 21.7135323, 41.477428193851566 ], [ 21.7098351, 41.476437893851127 ], [ 21.7088052, 41.475408993850607 ], [ 21.7035695, 41.474444393850177 ], [ 21.7012585, 41.470611393848451 ], [ 21.6988123, 41.470000493848175 ], [ 21.6982232, 41.469087793847763 ], [ 21.7014097, 41.468579893847547 ], [ 21.7012249, 41.464746793845769 ], [ 21.6971386, 41.464501493845688 ], [ 21.6960869, 41.464035093845489 ], [ 21.6957458, 41.463011593845003 ], [ 21.6932211, 41.464239793845572 ], [ 21.6909694, 41.462943393844988 ], [ 21.6889906, 41.463693893845331 ], [ 21.6842824, 41.461169293844165 ], [ 21.6829177, 41.461305693844224 ], [ 21.6814848, 41.462329193844653 ], [ 21.6777319, 41.46260219384483 ], [ 21.674866099999988, 41.461510393844328 ], [ 21.6713057, 41.458197893842822 ], [ 21.6728507, 41.453373393840643 ], [ 21.6699813, 41.45030429383921 ], [ 21.6673919, 41.44881229383855 ], [ 21.6634991, 41.449580893838906 ], [ 21.660376, 41.449081593838699 ], [ 21.6562454, 41.45007479383915 ], [ 21.650513, 41.449983093839052 ], [ 21.6489737, 41.450691993839392 ], [ 21.6478496, 41.450109893839112 ], [ 21.6460468, 41.450804893839447 ], [ 21.6418165, 41.448239393838314 ], [ 21.6371977, 41.446328293837425 ], [ 21.6354425, 41.447731993838104 ], [ 21.6367103, 41.448735793838502 ], [ 21.636105, 41.449997393839105 ], [ 21.6350632, 41.450088993839124 ], [ 21.6346906, 41.451393993839766 ], [ 21.633055, 41.451100093839585 ], [ 21.6328437, 41.45155369383982 ], [ 21.6313615, 41.451496293839746 ], [ 21.631274, 41.451140293839622 ], [ 21.6304334, 41.451677193839856 ], [ 21.6277137, 41.45189029383998 ], [ 21.6268323, 41.451200593839623 ], [ 21.6230772, 41.451421693839755 ], [ 21.6222725, 41.450396393839263 ], [ 21.6209261, 41.450742193839439 ], [ 21.6203269, 41.451829993839951 ], [ 21.619740499999988, 41.451703193839869 ], [ 21.619549, 41.452449193840188 ], [ 21.6185405, 41.452718593840345 ], [ 21.616141, 41.452201693840124 ], [ 21.6130581, 41.453068593840506 ], [ 21.6085091, 41.453293693840621 ], [ 21.6077436, 41.453091893840536 ], [ 21.6068868, 41.451667793839839 ], [ 21.6041402, 41.452343293840208 ], [ 21.6024236, 41.451860793839963 ], [ 21.6007263, 41.450352193839258 ], [ 21.5976171, 41.451185293839664 ], [ 21.5960485, 41.450352193839272 ], [ 21.593583, 41.451506993839779 ], [ 21.5925295, 41.45099549383955 ], [ 21.5905983, 41.451574493839793 ], [ 21.5884525, 41.450448693839284 ], [ 21.5875513, 41.450545193839382 ], [ 21.5821016, 41.444154693836452 ], [ 21.5793115, 41.44304999383592 ], [ 21.5769764, 41.440619593834818 ], [ 21.5800014, 41.440120893834589 ], [ 21.5814605, 41.439413093834247 ], [ 21.5818897, 41.438447993833861 ], [ 21.5815893, 41.438077993833666 ], [ 21.5803233, 41.438496193833899 ], [ 21.5801731, 41.43751499383341 ], [ 21.5813103, 41.436742793833041 ], [ 21.5790144, 41.436967993833164 ], [ 21.5779383, 41.436004393832718 ], [ 21.5781346, 41.435311093832446 ], [ 21.5763965, 41.434136693831888 ], [ 21.577316, 41.432851393831321 ], [ 21.5750232, 41.431321393830636 ], [ 21.5765896, 41.429278193829717 ], [ 21.5752593, 41.428039393829124 ], [ 21.5757099, 41.427283193828806 ], [ 21.5743795, 41.426527093828426 ], [ 21.5776048, 41.424132693827346 ], [ 21.5774479, 41.423630993827118 ], [ 21.5719977, 41.42049339382568 ], [ 21.5727273, 41.41881989382491 ], [ 21.5741435, 41.418369393824698 ], [ 21.5735641, 41.41669589382397 ], [ 21.5748483, 41.416472193823843 ], [ 21.5772248, 41.417946193824548 ], [ 21.5772342, 41.415471793823436 ], [ 21.5754554, 41.414682493823037 ], [ 21.574125, 41.415245693823294 ], [ 21.5736937, 41.414136193822806 ], [ 21.572771, 41.413798293822651 ], [ 21.5672135, 41.414007493822737 ], [ 21.5653681, 41.414860293823104 ], [ 21.5636086, 41.414860293823104 ], [ 21.5631795, 41.414216693822858 ], [ 21.5640163, 41.413009693822296 ], [ 21.5627718, 41.41160969382166 ], [ 21.5604329, 41.410402693821077 ], [ 21.55936, 41.410756793821264 ], [ 21.5589523, 41.409614193820765 ], [ 21.5571069, 41.408905993820426 ], [ 21.5569803, 41.407344193819711 ], [ 21.5559697, 41.406926493819526 ], [ 21.5514872, 41.406732593819406 ], [ 21.5512919, 41.40628279381923 ], [ 21.5498779, 41.407070593819583 ], [ 21.5489959, 41.406958693819547 ], [ 21.5496204, 41.406426793819286 ], [ 21.5493607, 41.405719493818964 ], [ 21.5466355, 41.405300993818756 ], [ 21.5424746, 41.406277993819202 ], [ 21.5402358, 41.404999893818641 ], [ 21.5393024, 41.405160793818716 ], [ 21.5382469, 41.407745093819898 ], [ 21.5369434, 41.407708893819894 ], [ 21.5364445, 41.406489793819304 ], [ 21.5370185, 41.405737393819003 ], [ 21.5354507, 41.40446469381839 ], [ 21.5346568, 41.402529293817544 ], [ 21.5317747, 41.400337293816513 ], [ 21.5293568, 41.400180593816458 ], [ 21.5298259, 41.400642993816618 ], [ 21.5281714, 41.400779993816741 ], [ 21.5253636, 41.400425493816584 ], [ 21.5253351, 41.401451593817008 ], [ 21.5223086, 41.402675893817587 ], [ 21.5205919, 41.400689993816655 ], [ 21.518457, 41.402457393817492 ], [ 21.5193029, 41.403329593817865 ], [ 21.5177734, 41.403050093817754 ], [ 21.5175863, 41.403556193817998 ], [ 21.5146628, 41.402629493817599 ], [ 21.5122166, 41.404689693818462 ], [ 21.511015, 41.404367793818338 ], [ 21.5098992, 41.405236893818774 ], [ 21.5096632, 41.404609193818473 ], [ 21.5052857, 41.410406193821103 ], [ 21.503848, 41.409392393820632 ], [ 21.5031726, 41.407828493819942 ], [ 21.5008946, 41.407708693819856 ], [ 21.5011786, 41.405835293818996 ], [ 21.4995976, 41.402171893817361 ], [ 21.5000176, 41.395560193814362 ], [ 21.4982089, 41.394227193813734 ], [ 21.4983437, 41.393201593813245 ], [ 21.497481, 41.393825593813524 ], [ 21.4959796, 41.391863793812661 ], [ 21.49337, 41.393619593813483 ], [ 21.4912255, 41.392437993812898 ], [ 21.4891004, 41.393541893813435 ], [ 21.4861138, 41.396215793814633 ], [ 21.4836507, 41.39481409381402 ], [ 21.4811894, 41.396857793814959 ], [ 21.4832385, 41.398002493815476 ], [ 21.4794292, 41.403574393817976 ], [ 21.477562, 41.404960793818638 ], [ 21.4774555, 41.403608893818031 ], [ 21.4761493, 41.403584093817955 ], [ 21.4745904, 41.404373093818343 ], [ 21.4761719, 41.405783093818982 ], [ 21.4713365, 41.408746493820352 ], [ 21.4696372, 41.406868393819529 ], [ 21.4671462, 41.407916693819963 ], [ 21.465677, 41.40536019381878 ], [ 21.4626762, 41.406188893819163 ], [ 21.4635731, 41.399845493816287 ], [ 21.4609123, 41.401020493816844 ], [ 21.459936, 41.399595993816142 ], [ 21.4613093, 41.399072893815919 ], [ 21.4603467, 41.397610393815285 ], [ 21.4574965, 41.399133593815961 ], [ 21.4544234, 41.392859193813116 ], [ 21.4521103, 41.393480993813405 ], [ 21.4508915, 41.391459193812452 ], [ 21.4484882, 41.391909893812688 ], [ 21.4452696, 41.387949793810918 ], [ 21.4452696, 41.386726293810341 ], [ 21.443038, 41.383248793808718 ], [ 21.4406121, 41.383311793808794 ], [ 21.4393473, 41.378998293806781 ], [ 21.4413214, 41.377903493806301 ], [ 21.4390039, 41.372171193803673 ], [ 21.441437, 41.371542193803428 ], [ 21.4391108, 41.371832693803569 ], [ 21.4380164, 41.369352893802414 ], [ 21.4357634, 41.369916493802648 ], [ 21.4348407, 41.36779079380171 ], [ 21.4340253, 41.36804849380183 ], [ 21.4342184, 41.368547693802036 ], [ 21.4320512, 41.36911129380232 ], [ 21.4316006, 41.368515493802036 ], [ 21.4296909, 41.368547693802057 ], [ 21.4286191, 41.368096793801854 ], [ 21.4290686, 41.366115993800904 ], [ 21.4282757, 41.367098393801342 ], [ 21.4269883, 41.366196593800986 ], [ 21.4241022, 41.366264993801011 ], [ 21.4236302, 41.365701393800769 ], [ 21.4217097, 41.365471893800645 ], [ 21.4220637, 41.36500889380045 ], [ 21.4208728, 41.36395809379998 ], [ 21.4198751, 41.365781893800758 ], [ 21.4193064, 41.364988693800449 ], [ 21.4148025, 41.365152193800498 ], [ 21.4148754, 41.364557993800197 ], [ 21.3983852, 41.363829193799873 ], [ 21.3984496, 41.362492493799259 ], [ 21.3945872, 41.362315393799229 ], [ 21.3941062, 41.364460193800213 ], [ 21.3923631, 41.366211193800993 ], [ 21.3895068, 41.367197293801453 ], [ 21.3870855, 41.367150093801406 ], [ 21.3848765, 41.366404293801082 ], [ 21.3832234, 41.365075593800462 ], [ 21.3823829, 41.363370693799695 ], [ 21.382347, 41.360492693798399 ], [ 21.3700825, 41.359931793798104 ], [ 21.3704151, 41.3572944937969 ], [ 21.3683724, 41.357305793796925 ], [ 21.3680999, 41.364055493799988 ], [ 21.3662116, 41.364055493799974 ], [ 21.3671708, 41.362767193799371 ], [ 21.3666558, 41.362767193799378 ], [ 21.3664841, 41.359932593798106 ], [ 21.3657795, 41.359320193797821 ], [ 21.3664661, 41.357467993796959 ], [ 21.3683126, 41.355744193796198 ], [ 21.3684199, 41.352804693794859 ], [ 21.3693962, 41.352603393794787 ], [ 21.3696108, 41.351475793794243 ], [ 21.3709615, 41.35054999379382 ], [ 21.370232, 41.349631893793401 ], [ 21.3709948, 41.348664993792973 ], [ 21.3708313, 41.347416193792419 ], [ 21.3715186, 41.348285993792793 ], [ 21.3728061, 41.34833429379281 ], [ 21.3728426, 41.347726993792534 ], [ 21.3766899, 41.348994693793131 ], [ 21.380975, 41.349257293793251 ], [ 21.3795867, 41.349349093793251 ], [ 21.3795824, 41.349831593793525 ], [ 21.3847791, 41.350114893793645 ], [ 21.3869183, 41.349071993793139 ], [ 21.3891841, 41.348777993793028 ], [ 21.3925192, 41.346631593792061 ], [ 21.3969181, 41.34690549379215 ], [ 21.3991776, 41.344420593791021 ], [ 21.3994351, 41.343164093790442 ], [ 21.4040064, 41.3434621937906 ], [ 21.4040021, 41.344396893791021 ], [ 21.4067989, 41.344472993791079 ], [ 21.4068141, 41.34295549379037 ], [ 21.4091683, 41.342980993790384 ], [ 21.4089843, 41.343728893790747 ], [ 21.414343, 41.343916893790798 ], [ 21.4147937, 41.337224593787745 ], [ 21.4116023, 41.33760819378795 ], [ 21.4112582, 41.330710093784766 ], [ 21.4126895, 41.33069799378476 ], [ 21.4126101, 41.327052393783141 ], [ 21.4303139, 41.326940993783055 ], [ 21.4302924, 41.319459593779641 ], [ 21.4363303, 41.319456593779648 ], [ 21.436218, 41.317874593778889 ], [ 21.4323842, 41.318040293778978 ], [ 21.431278, 41.317257593778635 ], [ 21.4312229, 41.315792993777976 ], [ 21.4389235, 41.315718493777915 ], [ 21.4414011, 41.312164493776301 ], [ 21.4302172, 41.312090293776265 ], [ 21.4301444, 41.308338893774533 ], [ 21.4122401, 41.308639493774727 ], [ 21.4124439, 41.319620693779711 ], [ 21.4003289, 41.319796393779811 ], [ 21.4002302, 41.312413493776432 ], [ 21.3965197, 41.312518493776494 ], [ 21.3967018, 41.316136793778135 ], [ 21.383488, 41.313301493776855 ], [ 21.3830491, 41.314494993777394 ], [ 21.3860855, 41.31774329377884 ], [ 21.3775699, 41.315677293777895 ], [ 21.3783943, 41.314686993777499 ], [ 21.3775846, 41.31399859377715 ], [ 21.3815566, 41.314824993777542 ], [ 21.3816917, 41.311656993776104 ], [ 21.3840397, 41.312548993776481 ], [ 21.3880745, 41.312558493776493 ], [ 21.3880401, 41.308936893774835 ], [ 21.3940483, 41.308790193774769 ], [ 21.393853, 41.297829693769771 ], [ 21.4059085, 41.297653193769683 ], [ 21.4058693, 41.296541993769161 ], [ 21.4035814, 41.29555299376873 ], [ 21.4045625, 41.29408309376808 ], [ 21.4035451, 41.292805593767483 ], [ 21.404398, 41.292890293767542 ], [ 21.4047413, 41.292395893767313 ], [ 21.4058916, 41.293032793767523 ], [ 21.4072544, 41.292196193767175 ], [ 21.4073927, 41.291114393766691 ], [ 21.4092425, 41.289601093766038 ], [ 21.413527, 41.290662393766496 ], [ 21.4168055, 41.289940193766192 ], [ 21.4191811, 41.287211993764934 ], [ 21.4176576, 41.284188793763541 ], [ 21.4202887, 41.283918293763406 ], [ 21.4208359, 41.283442693763199 ], [ 21.4198435, 41.282072093762537 ], [ 21.4210344, 41.281568193762304 ], [ 21.4217693, 41.28255579376281 ], [ 21.4238655, 41.280846093762008 ], [ 21.4208977, 41.279552893761426 ], [ 21.4178508, 41.275601993759636 ], [ 21.4161953, 41.274806193759233 ], [ 21.4168852, 41.276553493760069 ], [ 21.4157876, 41.276902593760234 ], [ 21.4161524, 41.277466993760449 ], [ 21.4154872, 41.277176793760304 ], [ 21.4167103, 41.278853893761095 ], [ 21.4159625, 41.279085293761177 ], [ 21.4146933, 41.277160593760321 ], [ 21.4124863, 41.277585593760513 ], [ 21.4113244, 41.27598339375978 ], [ 21.4064782, 41.275005393759322 ], [ 21.406475, 41.274257893759 ], [ 21.4038571, 41.275951193759781 ], [ 21.3986032, 41.274327993758995 ], [ 21.399204, 41.273021793758424 ], [ 21.400381, 41.273241893758552 ], [ 21.4004057, 41.272634693758249 ], [ 21.399483, 41.272279893758068 ], [ 21.3993473, 41.271138293757559 ], [ 21.3971838, 41.271596893757767 ], [ 21.3963684, 41.27100019375748 ], [ 21.396819, 41.270338993757179 ], [ 21.3983672, 41.270054293757056 ], [ 21.3984069, 41.26880679375644 ], [ 21.3995227, 41.267193993755754 ], [ 21.3989862, 41.264710193754603 ], [ 21.3982962, 41.264715893754634 ], [ 21.398364, 41.265516593754995 ], [ 21.3968619, 41.26477469375466 ], [ 21.3973587, 41.263715793754123 ], [ 21.3980421, 41.263677893754135 ], [ 21.3978495, 41.262251993753459 ], [ 21.3996842, 41.262123093753416 ], [ 21.3989832, 41.260711893752763 ], [ 21.3994686, 41.25990099375241 ], [ 21.3973333, 41.259456593752226 ], [ 21.3974191, 41.259855793752408 ], [ 21.3954342, 41.259775193752361 ], [ 21.3946779, 41.259335593752141 ], [ 21.3944955, 41.260021193752429 ], [ 21.3927571, 41.260264993752578 ], [ 21.3877739, 41.260000993752456 ], [ 21.3833265, 41.258599493751795 ], [ 21.3844208, 41.256070993750647 ], [ 21.3834448, 41.256545193750895 ], [ 21.3831393, 41.257565093751332 ], [ 21.3756778, 41.255422493750395 ], [ 21.3756077, 41.253887393749672 ], [ 21.3652007, 41.253330993749422 ], [ 21.365747, 41.25045049374809 ], [ 21.3636077, 41.249503493747653 ], [ 21.3638033, 41.248980093747413 ], [ 21.3651337, 41.248826793747334 ], [ 21.3654234, 41.247653193746785 ], [ 21.3665124, 41.248479993747161 ], [ 21.3670595, 41.248298493747079 ], [ 21.3665231, 41.246995693746499 ], [ 21.3684436, 41.246188993746181 ], [ 21.3684543, 41.244995093745601 ], [ 21.36898, 41.246092193746058 ], [ 21.3695647, 41.246055893746075 ], [ 21.369951, 41.244248893745208 ] ] ] } },
{ "type": "Feature", "properties": { "admin_id": "2596009", "name_local": "Општина Кривогаштани", "name_en": "Municipality of Krivogashtani", "name_en_status": "OSM_NAME_EN", "source_name": "Општина Кривогаштани", "source_admin_level": "7", "source_osm_relation_id": "2596009", "source_name_en": "Municipality of Krivogashtani" }, "geometry": { "type": "Polygon", "coordinates": [ [ [ 21.3043247, 41.350404993793745 ], [ 21.3092661, 41.346434693791934 ], [ 21.3099293, 41.343990493790798 ], [ 21.3169039, 41.340155593789099 ], [ 21.3193108, 41.3368825937876 ], [ 21.3208711, 41.33595169378718 ], [ 21.3203512, 41.335117693786785 ], [ 21.32114, 41.334154893786369 ], [ 21.3201428, 41.3336502937861 ], [ 21.3226236, 41.333054393785822 ], [ 21.3233389, 41.33091939378486 ], [ 21.3262048, 41.329069293784016 ], [ 21.3256943, 41.328006093783529 ], [ 21.3292204, 41.325410393782384 ], [ 21.3330078, 41.32410589378177 ], [ 21.3358865, 41.3213553937805 ], [ 21.3356371, 41.320758893780237 ], [ 21.3383608, 41.31436689377734 ], [ 21.3379235, 41.314252493777261 ], [ 21.3385303, 41.311694893776107 ], [ 21.3392099, 41.311763993776104 ], [ 21.3395284, 41.310918593775732 ], [ 21.3387639, 41.310870693775755 ], [ 21.3390258, 41.310067893775347 ], [ 21.3384454, 41.309918993775305 ], [ 21.3386861, 41.309195893774913 ], [ 21.3392877, 41.309360693775027 ], [ 21.3406043, 41.304857093772988 ], [ 21.3378767, 41.304157893772683 ], [ 21.3377276, 41.305973693773481 ], [ 21.3357321, 41.305538493773241 ], [ 21.3356033, 41.301540893771481 ], [ 21.3325778, 41.300750993771061 ], [ 21.3314406, 41.299775693770641 ], [ 21.3335291, 41.294927993768411 ], [ 21.3330249, 41.294742593768341 ], [ 21.3351385, 41.291389193766783 ], [ 21.3334219, 41.290728193766519 ], [ 21.3343338, 41.289236793765824 ], [ 21.3325099, 41.288575793765524 ], [ 21.3332287, 41.286213693764424 ], [ 21.3302783, 41.284980193763872 ], [ 21.331519, 41.284677693763783 ], [ 21.3317917, 41.283427093763173 ], [ 21.3290492, 41.28310139376304 ], [ 21.3304929, 41.279542593761413 ], [ 21.3298889, 41.279416793761349 ], [ 21.3301145, 41.278793293761041 ], [ 21.3317301, 41.278295593760816 ], [ 21.3340515, 41.278940993761147 ], [ 21.3352814, 41.278492493760908 ], [ 21.3362493, 41.276206393759892 ], [ 21.3350843, 41.274468493759102 ], [ 21.3357546, 41.273910293758831 ], [ 21.3354276, 41.272484893758183 ], [ 21.3372676, 41.272658193758247 ], [ 21.3360603, 41.27226939375808 ], [ 21.3368113, 41.27011639375705 ], [ 21.3363181, 41.268602093756385 ], [ 21.3382222, 41.268652693756422 ], [ 21.3383941, 41.268146493756213 ], [ 21.3404752, 41.26853179375636 ], [ 21.3409368, 41.267219093755777 ], [ 21.3478838, 41.267344093755817 ], [ 21.3486133, 41.264029693754324 ], [ 21.349359, 41.263840093754204 ], [ 21.3493751, 41.264920793754726 ], [ 21.3499759, 41.264763493754629 ], [ 21.3503085, 41.263271593753942 ], [ 21.3522501, 41.262511693753595 ], [ 21.3518418, 41.261893493753327 ], [ 21.352524, 41.260843993752843 ], [ 21.3538919, 41.260924693752905 ], [ 21.3547663, 41.259960893752456 ], [ 21.353275, 41.259630193752301 ], [ 21.3533179, 41.257875993751504 ], [ 21.3544069, 41.257319493751261 ], [ 21.3547395, 41.25630729375073 ], [ 21.3564561, 41.256020993750646 ], [ 21.3574271, 41.25456509374996 ], [ 21.3599373, 41.254107593749744 ], [ 21.3607584, 41.251266093748427 ], [ 21.3622282, 41.251786393748709 ], [ 21.3652758, 41.250741793748269 ], [ 21.3656405, 41.253621393749533 ], [ 21.3756077, 41.253887393749672 ], [ 21.3756778, 41.255422493750395 ], [ 21.3831393, 41.257565093751332 ], [ 21.3834448, 41.256545193750895 ], [ 21.3844208, 41.256070993750647 ], [ 21.3833265, 41.258599493751795 ], [ 21.3877739, 41.260000993752456 ], [ 21.3927571, 41.260264993752578 ], [ 21.3944955, 41.260021193752429 ], [ 21.3946779, 41.259335593752141 ], [ 21.3954342, 41.259775193752361 ], [ 21.3974191, 41.259855793752408 ], [ 21.3973333, 41.259456593752226 ], [ 21.3994686, 41.25990099375241 ], [ 21.3989832, 41.260711893752763 ], [ 21.3996842, 41.262123093753416 ], [ 21.3978495, 41.262251993753459 ], [ 21.3980421, 41.263677893754135 ], [ 21.3973587, 41.263715793754123 ], [ 21.3968619, 41.26477469375466 ], [ 21.398364, 41.265516593754995 ], [ 21.3982962, 41.264715893754634 ], [ 21.3989862, 41.264710193754603 ], [ 21.3995227, 41.267193993755754 ], [ 21.3984069, 41.26880679375644 ], [ 21.3983672, 41.270054293757056 ], [ 21.396819, 41.270338993757179 ], [ 21.3963684, 41.27100019375748 ], [ 21.3971838, 41.271596893757767 ], [ 21.3993473, 41.271138293757559 ], [ 21.399483, 41.272279893758068 ], [ 21.4004057, 41.272634693758249 ], [ 21.400381, 41.273241893758552 ], [ 21.399204, 41.273021793758424 ], [ 21.3986032, 41.274327993758995 ], [ 21.4038571, 41.275951193759781 ], [ 21.406475, 41.274257893759 ], [ 21.4064782, 41.275005393759322 ], [ 21.4113244, 41.27598339375978 ], [ 21.4124863, 41.277585593760513 ], [ 21.4146933, 41.277160593760321 ], [ 21.4159625, 41.279085293761177 ], [ 21.4167103, 41.278853893761095 ], [ 21.4154872, 41.277176793760304 ], [ 21.4161524, 41.277466993760449 ], [ 21.4157876, 41.276902593760234 ], [ 21.4168852, 41.276553493760069 ], [ 21.4161953, 41.274806193759233 ], [ 21.4178508, 41.275601993759636 ], [ 21.4208977, 41.279552893761426 ], [ 21.4238655, 41.280846093762008 ], [ 21.4217693, 41.28255579376281 ], [ 21.4210344, 41.281568193762304 ], [ 21.4198435, 41.282072093762537 ], [ 21.4208359, 41.283442693763199 ], [ 21.4202887, 41.283918293763406 ], [ 21.4176576, 41.284188793763541 ], [ 21.4191811, 41.287211993764934 ], [ 21.4168055, 41.289940193766192 ], [ 21.413527, 41.290662393766496 ], [ 21.4092425, 41.289601093766038 ], [ 21.4073927, 41.291114393766691 ], [ 21.4072544, 41.292196193767175 ], [ 21.4058916, 41.293032793767523 ], [ 21.4047413, 41.292395893767313 ], [ 21.404398, 41.292890293767542 ], [ 21.4035451, 41.292805593767483 ], [ 21.4045625, 41.29408309376808 ], [ 21.4035814, 41.29555299376873 ], [ 21.4058693, 41.296541993769161 ], [ 21.4059085, 41.297653193769683 ], [ 21.393853, 41.297829693769771 ], [ 21.3940483, 41.308790193774769 ], [ 21.3880401, 41.308936893774835 ], [ 21.3880745, 41.312558493776493 ], [ 21.3840397, 41.312548993776481 ], [ 21.3816917, 41.311656993776104 ], [ 21.3815566, 41.314824993777542 ], [ 21.3775846, 41.31399859377715 ], [ 21.3783943, 41.314686993777499 ], [ 21.3775699, 41.315677293777895 ], [ 21.3860855, 41.31774329377884 ], [ 21.3830491, 41.314494993777394 ], [ 21.383488, 41.313301493776855 ], [ 21.3967018, 41.316136793778135 ], [ 21.3965197, 41.312518493776494 ], [ 21.4002302, 41.312413493776432 ], [ 21.4003289, 41.319796393779811 ], [ 21.4124439, 41.319620693779711 ], [ 21.4122401, 41.308639493774727 ], [ 21.4301444, 41.308338893774533 ], [ 21.4302172, 41.312090293776265 ], [ 21.4414011, 41.312164493776301 ], [ 21.4389235, 41.315718493777915 ], [ 21.4312229, 41.315792993777976 ], [ 21.431278, 41.317257593778635 ], [ 21.4323842, 41.318040293778978 ], [ 21.436218, 41.317874593778889 ], [ 21.4363303, 41.319456593779648 ], [ 21.4302924, 41.319459593779641 ], [ 21.4303139, 41.326940993783055 ], [ 21.4126101, 41.327052393783141 ], [ 21.4126895, 41.33069799378476 ], [ 21.4112582, 41.330710093784766 ], [ 21.4116023, 41.33760819378795 ], [ 21.4147937, 41.337224593787745 ], [ 21.414343, 41.343916893790798 ], [ 21.4089843, 41.343728893790747 ], [ 21.4091683, 41.342980993790384 ], [ 21.4068141, 41.34295549379037 ], [ 21.4067989, 41.344472993791079 ], [ 21.4040021, 41.344396893791021 ], [ 21.4040064, 41.3434621937906 ], [ 21.3994351, 41.343164093790442 ], [ 21.3991776, 41.344420593791021 ], [ 21.3969181, 41.34690549379215 ], [ 21.3925192, 41.346631593792061 ], [ 21.3891841, 41.348777993793028 ], [ 21.3869183, 41.349071993793139 ], [ 21.3847791, 41.350114893793645 ], [ 21.3795824, 41.349831593793525 ], [ 21.3795867, 41.349349093793251 ], [ 21.380975, 41.349257293793251 ], [ 21.3766899, 41.348994693793131 ], [ 21.3728426, 41.347726993792534 ], [ 21.3728061, 41.34833429379281 ], [ 21.3715186, 41.348285993792793 ], [ 21.3708313, 41.347416193792419 ], [ 21.3709948, 41.348664993792973 ], [ 21.370232, 41.349631893793401 ], [ 21.3708757, 41.350735293793925 ], [ 21.3696108, 41.351475793794243 ], [ 21.3693962, 41.352603393794787 ], [ 21.3684199, 41.352804693794859 ], [ 21.3683126, 41.355744193796198 ], [ 21.3663599, 41.357660893797039 ], [ 21.3656937, 41.361099793798672 ], [ 21.3650339, 41.361727893798914 ], [ 21.364123, 41.361691293798906 ], [ 21.3638215, 41.362388293799242 ], [ 21.3627819, 41.362367693799229 ], [ 21.3620351, 41.363318293799651 ], [ 21.3624439, 41.365037093800467 ], [ 21.360856, 41.365254493800549 ], [ 21.3594291, 41.364658593800243 ], [ 21.3560592, 41.366744493801207 ], [ 21.355277, 41.367863293801747 ], [ 21.3522719, 41.368636693802067 ], [ 21.352744, 41.369063393802271 ], [ 21.3520788, 41.369618993802519 ], [ 21.3487086, 41.370450393802933 ], [ 21.3469286, 41.376824793805824 ], [ 21.3469179, 41.377750693806263 ], [ 21.3475928, 41.377881493806306 ], [ 21.3472883, 41.380503893807493 ], [ 21.3453193, 41.380310593807422 ], [ 21.3459738, 41.380664793807561 ], [ 21.3467034, 41.383248893808705 ], [ 21.3479479, 41.383924993809011 ], [ 21.348023, 41.386001893809947 ], [ 21.3484843, 41.386621693810284 ], [ 21.3492675, 41.386541193810238 ], [ 21.3492692, 41.390498193812014 ], [ 21.3481303, 41.390839493812166 ], [ 21.3478299, 41.392304393812864 ], [ 21.3485487, 41.392392893812868 ], [ 21.34739, 41.393109193813252 ], [ 21.3470896, 41.395064593814098 ], [ 21.3410656, 41.394968193814108 ], [ 21.3391988, 41.395801293814429 ], [ 21.3380991, 41.395515493814322 ], [ 21.3364039, 41.396746893814893 ], [ 21.3267386, 41.396880693814929 ], [ 21.3270605, 41.39618049381464 ], [ 21.3213688, 41.393834393813584 ], [ 21.3208528, 41.392847593813123 ], [ 21.3186256, 41.392517793812964 ], [ 21.3184989, 41.393114093813253 ], [ 21.3176824, 41.393109193813252 ], [ 21.3128544, 41.391644393812555 ], [ 21.3121688, 41.390337193811966 ], [ 21.3066113, 41.389913793811758 ], [ 21.3048201, 41.388699393811208 ], [ 21.3074673, 41.385079193809553 ], [ 21.3081675, 41.381710493808001 ], [ 21.310177, 41.377963993806304 ], [ 21.3096248, 41.374683193804835 ], [ 21.3072445, 41.372181893803685 ], [ 21.3088134, 41.365326093800554 ], [ 21.3075723, 41.358792393797579 ], [ 21.3117299, 41.356427693796519 ], [ 21.304351, 41.353005793794999 ], [ 21.3043247, 41.350404993793745 ] ] ] } },
{ "type": "Feature", "properties": { "admin_id": "2596098", "name_local": "Општина Крушево", "name_en": "Municipality of Krushevo", "name_en_status": "OSM_NAME_EN", "source_name": "Општина Крушево", "source_admin_level": "7", "source_osm_relation_id": "2596098", "source_name_en": "Municipality of Krushevo" }, "geometry": { "type": "Polygon", "coordinates": [ [ [ 21.3043247, 41.350404993793745 ], [ 21.3092661, 41.346434693791934 ], [ 21.3099293, 41.343990493790798 ], [ 21.3169039, 41.340155593789099 ], [ 21.3193108, 41.3368825937876 ], [ 21.3208711, 41.33595169378718 ], [ 21.3203512, 41.335117693786785 ], [ 21.32114, 41.334154893786369 ], [ 21.3201428, 41.3336502937861 ], [ 21.3226236, 41.333054393785822 ], [ 21.3233389, 41.33091939378486 ], [ 21.3262048, 41.329069293784016 ], [ 21.3256943, 41.328006093783529 ], [ 21.3292204, 41.325410393782384 ], [ 21.3330078, 41.32410589378177 ], [ 21.3358865, 41.3213553937805 ], [ 21.3356371, 41.320758893780237 ], [ 21.3383608, 41.31436689377734 ], [ 21.3379235, 41.314252493777261 ], [ 21.3385303, 41.311694893776107 ], [ 21.3392099, 41.311763993776104 ], [ 21.3395284, 41.310918593775732 ], [ 21.3387639, 41.310870693775755 ], [ 21.3390258, 41.310067893775347 ], [ 21.3384454, 41.309918993775305 ], [ 21.3386861, 41.309195893774913 ], [ 21.3392877, 41.309360693775027 ], [ 21.3406043, 41.304857093772988 ], [ 21.3378767, 41.304157893772683 ], [ 21.3377276, 41.305973693773481 ], [ 21.3357321, 41.305538493773241 ], [ 21.3356033, 41.301540893771481 ], [ 21.3325778, 41.300750993771061 ], [ 21.3314406, 41.299775693770641 ], [ 21.3335291, 41.294927993768411 ], [ 21.3330249, 41.294742593768341 ], [ 21.3351385, 41.291389193766783 ], [ 21.3334219, 41.290728193766519 ], [ 21.3343338, 41.289236793765824 ], [ 21.3325099, 41.288575793765524 ], [ 21.3332287, 41.286213693764424 ], [ 21.3302783, 41.284980193763872 ], [ 21.331519, 41.284677693763783 ], [ 21.3317917, 41.283427093763173 ], [ 21.3290492, 41.28310139376304 ], [ 21.3304929, 41.279542593761413 ], [ 21.3298889, 41.279416793761349 ], [ 21.3301145, 41.278793293761041 ], [ 21.3317301, 41.278295593760816 ], [ 21.3340515, 41.278940993761147 ], [ 21.3352814, 41.278492493760908 ], [ 21.3362493, 41.276206393759892 ], [ 21.3350843, 41.274468493759102 ], [ 21.3357546, 41.273910293758831 ], [ 21.3354276, 41.272484893758183 ], [ 21.3372676, 41.272658193758247 ], [ 21.3371174, 41.272259093758066 ], [ 21.3344993, 41.272438793758134 ], [ 21.3322569, 41.271869093757886 ], [ 21.324464, 41.268579893756346 ], [ 21.3273072, 41.264590393754546 ], [ 21.3271293, 41.263872493754207 ], [ 21.321023, 41.260545993752743 ], [ 21.3198415, 41.260569593752699 ], [ 21.3154121, 41.258927593751984 ], [ 21.315584, 41.2581036937516 ], [ 21.3139208, 41.257467793751317 ], [ 21.3143728, 41.255067193750186 ], [ 21.3122816, 41.252646093749064 ], [ 21.3097721, 41.24255159374448 ], [ 21.3079318, 41.239123593742903 ], [ 21.3069475, 41.237963493742392 ], [ 21.3025782, 41.237802593742273 ], [ 21.3020554, 41.236890493741839 ], [ 21.2985182, 41.234571593740831 ], [ 21.2957816, 41.233658693740402 ], [ 21.2950419, 41.230182593738782 ], [ 21.2894136, 41.226683193737188 ], [ 21.2854874, 41.229506693738486 ], [ 21.2854456, 41.230513293738959 ], [ 21.2868049, 41.231331093739328 ], [ 21.2866585, 41.232227593739708 ], [ 21.2901528, 41.238735693742754 ], [ 21.2904228, 41.240420893743476 ], [ 21.2951072, 41.245892993746011 ], [ 21.2977295, 41.252488893749039 ], [ 21.2958182, 41.253285193749377 ], [ 21.2954676, 41.255781193750551 ], [ 21.2969663, 41.257688093751398 ], [ 21.2957355, 41.258588093751811 ], [ 21.2963638, 41.259151693752052 ], [ 21.2942073, 41.259676593752317 ], [ 21.2936178, 41.260609593752747 ], [ 21.2972455, 41.261285993753056 ], [ 21.2962112, 41.262125593753439 ], [ 21.2916498, 41.261908193753342 ], [ 21.2884187, 41.267388993755809 ], [ 21.2853668, 41.268686793756451 ], [ 21.2845637, 41.271886093757864 ], [ 21.2821181, 41.27278169375834 ], [ 21.2830578, 41.276141493759809 ], [ 21.2814968, 41.279615693761464 ], [ 21.2814365, 41.282498993762786 ], [ 21.2761158, 41.285334093764057 ], [ 21.2743389, 41.287355793765002 ], [ 21.2681993, 41.289619793765965 ], [ 21.2671911, 41.293050793767563 ], [ 21.2675726, 41.295449393768685 ], [ 21.2690985, 41.297998693769856 ], [ 21.2688275, 41.299476993770526 ], [ 21.2647416, 41.301686693771487 ], [ 21.2608966, 41.302561593771955 ], [ 21.2602742, 41.303240293772198 ], [ 21.2574934, 41.304017093772565 ], [ 21.2553964, 41.305422593773237 ], [ 21.256073, 41.307692593774306 ], [ 21.2578975, 41.309628793775154 ], [ 21.2585057, 41.314218793777265 ], [ 21.2576948, 41.316067693778123 ], [ 21.2552331, 41.318264593779098 ], [ 21.2548566, 41.320417993780104 ], [ 21.2534328, 41.322277493780923 ], [ 21.2518062, 41.320353793780058 ], [ 21.247081699999988, 41.319909593779826 ], [ 21.2419197, 41.318063093779045 ], [ 21.2377841, 41.314436293777327 ], [ 21.238139, 41.313853393777087 ], [ 21.2354885, 41.312975693776707 ], [ 21.2321147, 41.3098972937753 ], [ 21.229782, 41.311379093775933 ], [ 21.2241409, 41.311291193775951 ], [ 21.2236325, 41.313416093776901 ], [ 21.2208799, 41.314772793777536 ], [ 21.220155599999988, 41.317130393778584 ], [ 21.2140471, 41.317923293778968 ], [ 21.2149373, 41.321217693780454 ], [ 21.2163674, 41.32263649378109 ], [ 21.21741, 41.325855393782611 ], [ 21.2170914, 41.327247293783209 ], [ 21.2153774, 41.329233693784097 ], [ 21.2148732, 41.337487193787879 ], [ 21.2165991, 41.339925293789022 ], [ 21.2190318, 41.341392993789647 ], [ 21.2178733, 41.342175793790013 ], [ 21.2191705, 41.347237193792346 ], [ 21.2185792, 41.348210193792752 ], [ 21.2190138, 41.350863793794012 ], [ 21.2156528, 41.355115893795904 ], [ 21.2162033, 41.357660393797048 ], [ 21.2145567, 41.362836093799409 ], [ 21.2113188, 41.364904393800373 ], [ 21.2080439, 41.365100093800471 ], [ 21.2080149, 41.363881993799936 ], [ 21.2059573, 41.363860293799895 ], [ 21.1945152, 41.357474793796968 ], [ 21.1927578, 41.353391693795118 ], [ 21.1934874, 41.350009093793567 ], [ 21.1917257, 41.347810393792614 ], [ 21.1868763, 41.345845093791674 ], [ 21.1846447, 41.345555093791567 ], [ 21.1797952, 41.345877293791695 ], [ 21.1782524, 41.346529693792 ], [ 21.1747334, 41.349074893793151 ], [ 21.1737013, 41.353802493795314 ], [ 21.1691973, 41.362700993799336 ], [ 21.1690256, 41.365084493800445 ], [ 21.1735989, 41.369104793802279 ], [ 21.1733217, 41.371196493803239 ], [ 21.1710725, 41.374220393804627 ], [ 21.1695916, 41.374530993804775 ], [ 21.1697658, 41.375037593804969 ], [ 21.1670336, 41.377705193806229 ], [ 21.1665643, 41.379368293806984 ], [ 21.1688293, 41.381280293807848 ], [ 21.1697222, 41.381402893807895 ], [ 21.1682631, 41.384237993809222 ], [ 21.1649091, 41.386754393810321 ], [ 21.1629216, 41.390933893812267 ], [ 21.1530338, 41.389415993811518 ], [ 21.1498319, 41.390980193812283 ], [ 21.1402657, 41.391445993812489 ], [ 21.1375598, 41.393285593813317 ], [ 21.1345762, 41.393795493813549 ], [ 21.1312105, 41.401766693817194 ], [ 21.1257654, 41.406762793819432 ], [ 21.1261092, 41.410597893821176 ], [ 21.1199798, 41.413825993822648 ], [ 21.1228155, 41.416302593823794 ], [ 21.1202513, 41.418170793824643 ], [ 21.1274432, 41.418181293824631 ], [ 21.133337, 41.416568293823886 ], [ 21.1349582, 41.417346393824261 ], [ 21.1352175, 41.419874993825381 ], [ 21.1361902, 41.419874993825367 ], [ 21.1382653, 41.421455393826129 ], [ 21.1381032, 41.424008193827298 ], [ 21.136709, 41.425807193828099 ], [ 21.1372142, 41.42637359382838 ], [ 21.1395946, 41.427022793828641 ], [ 21.1411185, 41.425758593828057 ], [ 21.1430315, 41.426123293828233 ], [ 21.1439718, 41.426901193828634 ], [ 21.1437772, 41.428529993829343 ], [ 21.150277899999988, 41.430576593830274 ], [ 21.1534667, 41.43620199383281 ], [ 21.155417099999987, 41.434874693832249 ], [ 21.1570707, 41.432322293831085 ], [ 21.1630365, 41.43154439383072 ], [ 21.1666031, 41.432103493830951 ], [ 21.1679648, 41.432929993831316 ], [ 21.1736389, 41.43275989383126 ], [ 21.1783078, 41.434461393832052 ], [ 21.1833844, 41.434952693832237 ], [ 21.1874215, 41.438178693833727 ], [ 21.1992855, 41.437208193833293 ], [ 21.2035005, 41.435069093832297 ], [ 21.2089662, 41.43701229383317 ], [ 21.2249041, 41.440576793834829 ], [ 21.228586, 41.442136693835494 ], [ 21.2289897, 41.449034993838637 ], [ 21.2324256, 41.448593293838449 ], [ 21.2338429, 41.449872893839036 ], [ 21.2354213, 41.449510793838904 ], [ 21.2366776, 41.450066093839162 ], [ 21.2373862, 41.451273293839691 ], [ 21.2401565, 41.451273293839691 ], [ 21.2424758, 41.452456293840257 ], [ 21.2439092, 41.45417649384104 ], [ 21.2457372, 41.454568793841148 ], [ 21.2467137, 41.457659593842592 ], [ 21.251758, 41.461214093844205 ], [ 21.2527192, 41.462812893844927 ], [ 21.2532346, 41.466192293846468 ], [ 21.2520105, 41.470826593848535 ], [ 21.2521943, 41.474287393850119 ], [ 21.2658375, 41.471523293848868 ], [ 21.2692165, 41.469172193847797 ], [ 21.2750032, 41.46242369384472 ], [ 21.2754856, 41.461951993844522 ], [ 21.2760446, 41.462448993844745 ], [ 21.2795765, 41.458714793843065 ], [ 21.2838331, 41.456040593841848 ], [ 21.2852954, 41.454364493841084 ], [ 21.2893266, 41.453613793840731 ], [ 21.29323, 41.448402893838391 ], [ 21.2983995, 41.446558993837513 ], [ 21.2971603, 41.445438693837012 ], [ 21.2972455, 41.44210969383554 ], [ 21.299035, 41.442332093835624 ], [ 21.3011385, 41.441846993835384 ], [ 21.3007674, 41.4414074938352 ], [ 21.2989445, 41.441584093835274 ], [ 21.2985935, 41.439031393834107 ], [ 21.3007469, 41.439293893834247 ], [ 21.3011583, 41.436570093832977 ], [ 21.3033809, 41.436596893833034 ], [ 21.3036424, 41.435881693832691 ], [ 21.3049468, 41.435894893832703 ], [ 21.3052047, 41.435189993832388 ], [ 21.3050814, 41.433054493831413 ], [ 21.2966858, 41.43242899383111 ], [ 21.2965678, 41.431881993830864 ], [ 21.2943311, 41.43098129383047 ], [ 21.2868535, 41.428763993829463 ], [ 21.2760071, 41.428104493829174 ], [ 21.2702875, 41.429748493829905 ], [ 21.2700418, 41.429331293829705 ], [ 21.2680141, 41.429222693829658 ], [ 21.2666108, 41.429592793829812 ], [ 21.26528, 41.42708239382867 ], [ 21.2634573, 41.42631779382836 ], [ 21.2633705, 41.425032393827763 ], [ 21.2618733, 41.424170093827378 ], [ 21.2617071, 41.420830993825831 ], [ 21.2642475, 41.419079993825065 ], [ 21.2684879, 41.417931393824524 ], [ 21.2705614, 41.415802093823551 ], [ 21.2772579, 41.413334593822427 ], [ 21.2777048, 41.410192293821027 ], [ 21.2783192, 41.410361993821091 ], [ 21.2819519, 41.407137793819636 ], [ 21.2832506, 41.407526793819812 ], [ 21.2842166, 41.406534493819365 ], [ 21.2856667, 41.406153293819152 ], [ 21.285928, 41.405408793818836 ], [ 21.2887533, 41.404544093818451 ], [ 21.2890737, 41.404038393818169 ], [ 21.2883788, 41.403761093818098 ], [ 21.2898494, 41.403080493817775 ], [ 21.290624, 41.40190379381724 ], [ 21.2919018, 41.396828593814909 ], [ 21.2933706, 41.394819593814006 ], [ 21.2944515, 41.394698193813944 ], [ 21.2938562, 41.394284193813782 ], [ 21.2978713, 41.391346593812408 ], [ 21.2998079, 41.390461193812001 ], [ 21.3020973, 41.390348493811949 ], [ 21.3039133, 41.389063493811392 ], [ 21.3034359, 41.38881129381128 ], [ 21.3048201, 41.388699393811208 ], [ 21.3074673, 41.385079193809553 ], [ 21.3081675, 41.381710493808001 ], [ 21.310177, 41.377963993806304 ], [ 21.3096248, 41.374683193804835 ], [ 21.3072445, 41.372181893803685 ], [ 21.3088134, 41.365326093800554 ], [ 21.3075723, 41.358792393797579 ], [ 21.3117299, 41.356427693796519 ], [ 21.304351, 41.353005793794999 ], [ 21.3043247, 41.350404993793745 ] ] ] } },
{ "type": "Feature", "properties": { "admin_id": "2596099", "name_local": "Општина Могила", "name_en": "Municipality of Mogila", "name_en_status": "OSM_NAME_EN", "source_name": "Општина Могила", "source_admin_level": "7", "source_osm_relation_id": "2596099", "source_name_en": "Municipality of Mogila" }, "geometry": { "type": "Polygon", "coordinates": [ [ [ 21.4439392, 41.104675993681148 ], [ 21.4448949, 41.099299293678669 ], [ 21.4298147, 41.097961693678045 ], [ 21.4259652, 41.101177793679533 ], [ 21.4264598, 41.097832193677952 ], [ 21.415812, 41.096986093677579 ], [ 21.4168108, 41.089803193674328 ], [ 21.4131153, 41.089493993674132 ], [ 21.4139296, 41.082355493670832 ], [ 21.4069623, 41.081629293670488 ], [ 21.4064967, 41.084896393671997 ], [ 21.4038746, 41.084736293671924 ], [ 21.4041492, 41.081449693670436 ], [ 21.4011602, 41.081190893670303 ], [ 21.3980037, 41.084813893671999 ], [ 21.394858, 41.085724493672409 ], [ 21.3948795, 41.086185393672608 ], [ 21.3923539, 41.086578393672767 ], [ 21.3926136, 41.087039293672994 ], [ 21.3907253, 41.087632893673302 ], [ 21.3907253, 41.08644419367274 ], [ 21.3888143, 41.086338493672677 ], [ 21.3886234, 41.087734193673313 ], [ 21.3781933, 41.086961193672963 ], [ 21.3780968, 41.087559593673241 ], [ 21.3696957, 41.088893593673873 ], [ 21.3700036, 41.091277193674948 ], [ 21.3721583, 41.093804493676139 ], [ 21.3738283, 41.097424493677742 ], [ 21.3649447, 41.096713593677428 ], [ 21.3585486, 41.097732493677931 ], [ 21.3604749, 41.100901393679393 ], [ 21.3600359, 41.101067393679465 ], [ 21.3619649, 41.106709293682052 ], [ 21.3625246, 41.106651993682064 ], [ 21.3622016, 41.114896993685825 ], [ 21.3626873, 41.115192593685968 ], [ 21.3617056, 41.120709793688512 ], [ 21.3628225, 41.124659393690365 ], [ 21.3612161, 41.124867193690434 ], [ 21.3652688, 41.139026193696949 ], [ 21.3677732, 41.142541693698554 ], [ 21.369363, 41.14669949370046 ], [ 21.3716028, 41.148737693701428 ], [ 21.3701153, 41.149386793701723 ], [ 21.3697843, 41.148960693701504 ], [ 21.3685344, 41.149338493701698 ], [ 21.3688894, 41.148837593701458 ], [ 21.3678901, 41.148379293701289 ], [ 21.3677209, 41.147081493700625 ], [ 21.3660787, 41.147251793700747 ], [ 21.3656646, 41.145483193699917 ], [ 21.3649144, 41.146266493700296 ], [ 21.363389, 41.146238593700261 ], [ 21.3615541, 41.146028593700173 ], [ 21.3597757, 41.145033793699724 ], [ 21.3560007, 41.146157893700249 ], [ 21.3545465, 41.144018493699242 ], [ 21.3513279, 41.145408093699871 ], [ 21.3498688, 41.143792293699143 ], [ 21.3505362, 41.140402893697555 ], [ 21.3484209, 41.137413693696224 ], [ 21.3405312, 41.136487293695772 ], [ 21.3371682, 41.140353893697537 ], [ 21.3323512, 41.141937793698268 ], [ 21.3304041, 41.143377193698946 ], [ 21.3293666, 41.144384693699422 ], [ 21.3302081, 41.146053093700189 ], [ 21.3293853, 41.147659993700948 ], [ 21.3276475, 41.148000793701051 ], [ 21.326952, 41.149221393701652 ], [ 21.3292272, 41.152883393703341 ], [ 21.3316298, 41.154811693704183 ], [ 21.3308573, 41.156168793704843 ], [ 21.3302135, 41.156782793705105 ], [ 21.3287544, 41.156524293705012 ], [ 21.325407, 41.157622893705508 ], [ 21.3226175, 41.160433893706752 ], [ 21.3211584, 41.165150893708947 ], [ 21.3186693, 41.167347793709951 ], [ 21.3173819, 41.169996793711164 ], [ 21.3165424, 41.172558893712385 ], [ 21.3169527, 41.173744093712891 ], [ 21.3159227, 41.175746793713827 ], [ 21.3125753, 41.178266393715006 ], [ 21.3117599, 41.179913693715719 ], [ 21.3093567, 41.180042893715815 ], [ 21.3083696, 41.180850393716156 ], [ 21.3082838, 41.182077793716772 ], [ 21.3068247, 41.183692693717475 ], [ 21.3110733, 41.185598193718299 ], [ 21.3155794, 41.185973693718495 ], [ 21.3176394, 41.188278893719605 ], [ 21.3175535, 41.190539493720614 ], [ 21.3196135, 41.194285593722356 ], [ 21.3214588, 41.195674193722979 ], [ 21.3232613, 41.195351293722808 ], [ 21.3246346, 41.195867993723077 ], [ 21.3273382, 41.198225293724157 ], [ 21.3231325, 41.201777193725768 ], [ 21.3216573, 41.20649129372795 ], [ 21.3201768, 41.20755269372841 ], [ 21.314292, 41.20913869372918 ], [ 21.3136911, 41.210688393729839 ], [ 21.3148928, 41.212625493730719 ], [ 21.3143778, 41.214756193731723 ], [ 21.3159281, 41.21788349373319 ], [ 21.3103008, 41.21588609373228 ], [ 21.3066101, 41.215692393732191 ], [ 21.3045931, 41.217145093732853 ], [ 21.3047218, 41.218597693733464 ], [ 21.3003016, 41.220308593734295 ], [ 21.3012457, 41.223020093735542 ], [ 21.297555, 41.225925093736826 ], [ 21.2894136, 41.226683193737188 ], [ 21.2950419, 41.230182593738782 ], [ 21.2957816, 41.233658693740402 ], [ 21.2967436, 41.234287793740684 ], [ 21.2985182, 41.234571593740831 ], [ 21.3020554, 41.236890493741839 ], [ 21.3025782, 41.237802593742273 ], [ 21.3069475, 41.237963493742392 ], [ 21.3097721, 41.24255159374448 ], [ 21.3122816, 41.252646093749064 ], [ 21.3143728, 41.255067193750186 ], [ 21.3139208, 41.257467793751317 ], [ 21.315584, 41.2581036937516 ], [ 21.3154121, 41.258927593751984 ], [ 21.3198415, 41.260569593752699 ], [ 21.321023, 41.260545993752743 ], [ 21.3271293, 41.263872493754207 ], [ 21.3273072, 41.264590393754546 ], [ 21.324464, 41.268579893756346 ], [ 21.3267679, 41.269803593756905 ], [ 21.334999, 41.272422593758165 ], [ 21.3360603, 41.27226939375808 ], [ 21.3367848, 41.27022299375713 ], [ 21.3363181, 41.268602093756385 ], [ 21.3382222, 41.268652693756422 ], [ 21.3383941, 41.268146493756213 ], [ 21.3404752, 41.26853179375636 ], [ 21.3409368, 41.267219093755777 ], [ 21.3476585, 41.2675013937559 ], [ 21.3486133, 41.264029693754324 ], [ 21.349359, 41.263840093754204 ], [ 21.3493751, 41.264920793754726 ], [ 21.3499759, 41.264763493754629 ], [ 21.3503085, 41.263271593753942 ], [ 21.3522501, 41.262511693753595 ], [ 21.3518418, 41.261893493753327 ], [ 21.352524, 41.260843993752843 ], [ 21.3538919, 41.260924693752905 ], [ 21.3547663, 41.259960893752456 ], [ 21.353275, 41.259630193752301 ], [ 21.3530926, 41.259025393752033 ], [ 21.3545249, 41.256480693750838 ], [ 21.3564561, 41.256020993750646 ], [ 21.3582854, 41.254145693749813 ], [ 21.3599373, 41.254107593749744 ], [ 21.3607584, 41.251266093748427 ], [ 21.3622282, 41.251786393748709 ], [ 21.3656183, 41.250676293748164 ], [ 21.3650604, 41.249901993747834 ], [ 21.3636077, 41.249503493747653 ], [ 21.3638033, 41.248980093747413 ], [ 21.3651337, 41.248826793747334 ], [ 21.3654234, 41.247653193746785 ], [ 21.3665124, 41.248479993747161 ], [ 21.3670595, 41.248298493747079 ], [ 21.3665231, 41.246995693746499 ], [ 21.3684436, 41.246188993746181 ], [ 21.3684543, 41.244995093745601 ], [ 21.369377, 41.246124493746152 ], [ 21.3701494, 41.245382393745736 ], [ 21.3700904, 41.244176293745191 ], [ 21.3708844, 41.245063693745585 ], [ 21.3722523, 41.244724893745484 ], [ 21.3713716, 41.243527493744921 ], [ 21.375125, 41.243753493745032 ], [ 21.3759993, 41.242829393744607 ], [ 21.3765758, 41.243200893744756 ], [ 21.3779442, 41.242624493744529 ], [ 21.3785374, 41.243774393745056 ], [ 21.3826412, 41.242439293744418 ], [ 21.3865573, 41.243310593744837 ], [ 21.3890207, 41.243158593744774 ], [ 21.3900668, 41.241855693744164 ], [ 21.3910002, 41.241811293744121 ], [ 21.3910592, 41.241137693743852 ], [ 21.3920924, 41.241042293743789 ], [ 21.3923953, 41.239898593743241 ], [ 21.3938648, 41.23981869374321 ], [ 21.395281, 41.238818293742774 ], [ 21.3969072, 41.239612593743139 ], [ 21.397997, 41.237979093742382 ], [ 21.3972061, 41.236406893741631 ], [ 21.3994568, 41.236302293741588 ], [ 21.4008467, 41.237342193742066 ], [ 21.401544, 41.235902093741437 ], [ 21.4053474, 41.235514793741231 ], [ 21.4069782, 41.234324693740682 ], [ 21.4075812, 41.234857593740976 ], [ 21.4088244, 41.234001993740527 ], [ 21.4098533, 41.231888093739578 ], [ 21.4094026, 41.23031469373889 ], [ 21.4105614, 41.230072593738768 ], [ 21.4130719, 41.223560693735763 ], [ 21.4128788, 41.222673093735381 ], [ 21.4141341, 41.221535193734816 ], [ 21.4131255, 41.221260793734729 ], [ 21.4137693, 41.22001809373414 ], [ 21.4123209, 41.220009993734131 ], [ 21.4163871, 41.218533193733457 ], [ 21.4180492, 41.219528993733924 ], [ 21.4158192, 41.220529393734353 ], [ 21.4158861, 41.220988493734581 ], [ 21.4197626, 41.221455893734785 ], [ 21.4228222, 41.219888193734079 ], [ 21.4237891, 41.219933493734132 ], [ 21.4249193, 41.21780979373316 ], [ 21.4270164, 41.219251493733786 ], [ 21.426478, 41.217453793733 ], [ 21.4295384, 41.215888093732239 ], [ 21.4301233, 41.215097693731849 ], [ 21.4297924, 41.213455493731153 ], [ 21.4309226, 41.212653793730759 ], [ 21.4321156, 41.212794893730823 ], [ 21.4324589, 41.212157293730563 ], [ 21.4308297, 41.210901693729951 ], [ 21.4316435, 41.210010393729547 ], [ 21.4305827, 41.20946009372927 ], [ 21.428977, 41.205219793727366 ], [ 21.4221641, 41.199895593724897 ], [ 21.418057, 41.197902493724001 ], [ 21.4169785, 41.191360493720993 ], [ 21.4345408, 41.195747193723001 ], [ 21.4468567, 41.195843693723077 ], [ 21.4494812, 41.197325193723749 ], [ 21.4538257, 41.197708693723918 ], [ 21.4539226, 41.197196793723641 ], [ 21.4551509, 41.197337393723728 ], [ 21.4550597, 41.197910493724009 ], [ 21.4583384, 41.198213493724118 ], [ 21.4616483, 41.198031793724041 ], [ 21.4615828, 41.197276793723717 ], [ 21.4682321, 41.197958493724002 ], [ 21.4677088, 41.196045693723121 ], [ 21.4684116, 41.19608599372318 ], [ 21.4688193, 41.195270593722782 ], [ 21.4700906, 41.195403793722853 ], [ 21.470155, 41.194883093722616 ], [ 21.4697849, 41.194350293722358 ], [ 21.4684802, 41.194213493722273 ], [ 21.4685403, 41.192457093721522 ], [ 21.4677947, 41.19166189372114 ], [ 21.4682447, 41.191709293721189 ], [ 21.4684169, 41.190329693720543 ], [ 21.4693396, 41.190450793720558 ], [ 21.4701223, 41.189727193720273 ], [ 21.4704441, 41.189081293719951 ], [ 21.4690601, 41.188451493719654 ], [ 21.4704179, 41.18846479371966 ], [ 21.471083, 41.186123393718596 ], [ 21.4729069, 41.18643829371873 ], [ 21.4731537, 41.185598493718324 ], [ 21.4761363, 41.185937693718522 ], [ 21.4762806, 41.185286493718237 ], [ 21.4822673, 41.187095093719009 ], [ 21.4825194, 41.183273493717259 ], [ 21.4980339, 41.1835475937174 ], [ 21.4982855, 41.182331193716877 ], [ 21.5001308, 41.182557293716982 ], [ 21.499927, 41.18206469371669 ], [ 21.5009628, 41.183111593717193 ], [ 21.5017139, 41.18309539371721 ], [ 21.5024649, 41.182223393716811 ], [ 21.5002977, 41.181060593716246 ], [ 21.5003298, 41.179817093715677 ], [ 21.501070099999989, 41.179921993715723 ], [ 21.5007209, 41.17933539371549 ], [ 21.5017353, 41.178258593714972 ], [ 21.5010964, 41.178237193714956 ], [ 21.5009355, 41.177583093714674 ], [ 21.5014827, 41.176379793714105 ], [ 21.5024112, 41.176796893714297 ], [ 21.5028189, 41.176021693713921 ], [ 21.5065633, 41.176514293714177 ], [ 21.5067291, 41.175354293713646 ], [ 21.5085052, 41.175739093713801 ], [ 21.5083169, 41.176589793714228 ], [ 21.5098034, 41.176611193714237 ], [ 21.5100394, 41.175730993713806 ], [ 21.5203697, 41.17597449371393 ], [ 21.520198, 41.178623193715126 ], [ 21.5248715, 41.178762093715214 ], [ 21.5248758, 41.181304093716378 ], [ 21.5412918, 41.181729993716559 ], [ 21.539941, 41.179833193715695 ], [ 21.5379454, 41.178977293715299 ], [ 21.5436736, 41.178532293715087 ], [ 21.5450694, 41.178169793714972 ], [ 21.5448119, 41.177652893714715 ], [ 21.5514423, 41.177685193714723 ], [ 21.5535666, 41.182191093716789 ], [ 21.5580727, 41.180010893715739 ], [ 21.5570642, 41.178848093715267 ], [ 21.5562274, 41.175666393713811 ], [ 21.5574505, 41.175488693713675 ], [ 21.5587165, 41.173760493712926 ], [ 21.5602818, 41.173024793712578 ], [ 21.562449, 41.173218593712662 ], [ 21.5659692, 41.17170929371197 ], [ 21.5656688, 41.17095009371161 ], [ 21.566291, 41.171273093711775 ], [ 21.5666118, 41.170908893711584 ], [ 21.566806, 41.171386193711825 ], [ 21.5673843, 41.170085093711208 ], [ 21.5682222, 41.170190893711286 ], [ 21.5709248, 41.167145293709872 ], [ 21.5739718, 41.166369993709537 ], [ 21.5749159, 41.167371493709972 ], [ 21.5775992, 41.168381793710417 ], [ 21.578479, 41.16957709371097 ], [ 21.5802171, 41.169706393711024 ], [ 21.5833928, 41.168091093710309 ], [ 21.5878774, 41.169367193710897 ], [ 21.5912892, 41.16599119370931 ], [ 21.5942504, 41.165393493709061 ], [ 21.594422, 41.164747293708793 ], [ 21.5955378, 41.165118893708936 ], [ 21.5951516, 41.164294993708573 ], [ 21.5969326, 41.163616593708213 ], [ 21.5980038, 41.162405693707719 ], [ 21.5971899, 41.161726193707359 ], [ 21.5969324, 41.159787693706498 ], [ 21.5976191, 41.157590493705491 ], [ 21.5947866, 41.152614493703211 ], [ 21.5952158, 41.150417093702146 ], [ 21.5943575, 41.149512293701768 ], [ 21.594615, 41.148348893701232 ], [ 21.5912676, 41.146280693700284 ], [ 21.5921259, 41.144600193699524 ], [ 21.5954304, 41.143016593698796 ], [ 21.5966749, 41.142014793698344 ], [ 21.5960741, 41.141174493697946 ], [ 21.5978122, 41.140447293697605 ], [ 21.5964603, 41.139590793697209 ], [ 21.5859032, 41.137134493696081 ], [ 21.5827703, 41.135162793695187 ], [ 21.5819979, 41.133158793694228 ], [ 21.5769955, 41.13026179369291 ], [ 21.5757322, 41.1280515936919 ], [ 21.5676641, 41.122426693689277 ], [ 21.5629435, 41.117771193687148 ], [ 21.5618277, 41.115184693685983 ], [ 21.5624285, 41.110722793683905 ], [ 21.5607816, 41.107553893682493 ], [ 21.5567207, 41.107133593682278 ], [ 21.5541458, 41.105840093681643 ], [ 21.5512276, 41.102897493680324 ], [ 21.5482967, 41.102708393680196 ], [ 21.5444469, 41.100730793679269 ], [ 21.536293, 41.105322693681437 ], [ 21.5344906, 41.105258093681414 ], [ 21.5319157, 41.104287993680956 ], [ 21.5296841, 41.102800393680234 ], [ 21.5286541, 41.102671093680208 ], [ 21.5257359, 41.104417293681003 ], [ 21.5225521, 41.103426993680543 ], [ 21.5183544, 41.10493469368123 ], [ 21.5156078, 41.107392293682388 ], [ 21.5138054, 41.108232993682776 ], [ 21.511488, 41.107909593682614 ], [ 21.5084839, 41.106551493682041 ], [ 21.5059948, 41.106292793681888 ], [ 21.4978409, 41.107456893682425 ], [ 21.4913177, 41.107586293682473 ], [ 21.4860821, 41.108362293682831 ], [ 21.4812756, 41.108232993682783 ], [ 21.4803743, 41.108847393683035 ], [ 21.4801598, 41.11036709368372 ], [ 21.477499, 41.110819793683952 ], [ 21.4771557, 41.11198379368453 ], [ 21.47192, 41.113277093685106 ], [ 21.466856, 41.110625793683838 ], [ 21.4586907, 41.11105369368407 ], [ 21.458745, 41.109300093683245 ], [ 21.4560843, 41.108523993682923 ], [ 21.4565134, 41.105419793681484 ], [ 21.455183, 41.104417293681003 ], [ 21.4532089, 41.103835193680759 ], [ 21.4524364, 41.104869993681262 ], [ 21.4439392, 41.104675993681148 ] ] ] } },
{ "type": "Feature", "properties": { "admin_id": "2598190", "name_local": "Општина Новаци", "name_en": "Municipality of Novaci", "name_en_status": "OSM_NAME_EN", "source_name": "Општина Новаци", "source_admin_level": "7", "source_osm_relation_id": "2598190", "source_name_en": "Municipality of Novaci" }, "geometry": { "type": "Polygon", "coordinates": [ [ [ 21.5027225, 40.936230693603292 ], [ 21.5045357, 40.937020893603638 ], [ 21.5083551, 40.933422293602 ], [ 21.5072393, 40.932514493601552 ], [ 21.5061235, 40.929207393599995 ], [ 21.508441, 40.926483693598726 ], [ 21.5097284, 40.926029793598552 ], [ 21.5083551, 40.921944093596693 ], [ 21.5062952, 40.91986879359569 ], [ 21.5087843, 40.918506793595022 ], [ 21.5083448, 40.916706993594218 ], [ 21.5066385, 40.915912393593878 ], [ 21.5070677, 40.914550393593245 ], [ 21.5056944, 40.913836893592922 ], [ 21.5043211, 40.911242393591706 ], [ 21.5027921, 40.910638393591441 ], [ 21.518762, 40.908420793590388 ], [ 21.5254031, 40.910123593591152 ], [ 21.5275811, 40.908355993590369 ], [ 21.532291, 40.907626193589984 ], [ 21.5336858, 40.905866593589202 ], [ 21.5329991, 40.903336693588003 ], [ 21.5413784, 40.8933779935834 ], [ 21.5425585, 40.892291293582915 ], [ 21.5442001, 40.892015493582782 ], [ 21.547762, 40.889201093581462 ], [ 21.5498971, 40.88302049357862 ], [ 21.5511631, 40.881657693577978 ], [ 21.5551757, 40.880522093577405 ], [ 21.5633832, 40.876928393575724 ], [ 21.5645097, 40.875151793574943 ], [ 21.5659474, 40.870016393572499 ], [ 21.5652983, 40.868235593571697 ], [ 21.566398, 40.866418193570887 ], [ 21.5731947, 40.866446593570878 ], [ 21.5749811, 40.867497293571361 ], [ 21.5872576, 40.868977793572057 ], [ 21.5916837, 40.866760993571013 ], [ 21.5917368, 40.866034693570661 ], [ 21.5936149, 40.866265993570813 ], [ 21.595956, 40.867643293571454 ], [ 21.5993422, 40.871404593573217 ], [ 21.6013259, 40.876737493575646 ], [ 21.603721, 40.880061593577189 ], [ 21.6063237, 40.879817493577093 ], [ 21.6072775, 40.88092039357759 ], [ 21.6092522, 40.880012993577196 ], [ 21.6118683, 40.880817693577576 ], [ 21.6121379, 40.880450693577359 ], [ 21.6135718, 40.881560193577926 ], [ 21.6138317, 40.883176593578668 ], [ 21.6211657, 40.888534593581156 ], [ 21.6253283, 40.888705393581255 ], [ 21.6275608, 40.888111893580962 ], [ 21.6295412, 40.888521893581121 ], [ 21.6318495, 40.890190693581907 ], [ 21.6343031, 40.896383993584763 ], [ 21.6371903, 40.896839493584956 ], [ 21.6388899, 40.898081293585577 ], [ 21.6418119, 40.897924893585497 ], [ 21.6452205, 40.900417593586674 ], [ 21.6488209, 40.901355793587086 ], [ 21.652944, 40.901016393586943 ], [ 21.660357, 40.899410693586205 ], [ 21.6647804, 40.899151293586115 ], [ 21.6667438, 40.897725093585429 ], [ 21.6674969, 40.897836393585486 ], [ 21.6672817, 40.899347293586203 ], [ 21.6694844, 40.898418493585723 ], [ 21.6713834, 40.898399693585723 ], [ 21.6720722, 40.906322293589419 ], [ 21.6715511, 40.907608793589986 ], [ 21.6690445, 40.91008019359117 ], [ 21.6704978, 40.913694393592806 ], [ 21.6676114, 40.914707893593324 ], [ 21.6664934, 40.916018393593909 ], [ 21.6663727, 40.917348993594516 ], [ 21.6710883, 40.925523793598288 ], [ 21.6784822, 40.932194193601397 ], [ 21.6819364, 40.933407693602028 ], [ 21.6837847, 40.939993093605047 ], [ 21.6874184, 40.941417093605722 ], [ 21.6882937, 40.941425693605673 ], [ 21.6896688, 40.940408393605217 ], [ 21.6958676, 40.941865593605883 ], [ 21.7000988, 40.940896293605462 ], [ 21.7033002, 40.943193893606498 ], [ 21.7061998, 40.943332693606585 ], [ 21.7085237, 40.942352093606125 ], [ 21.7105415, 40.94003229360505 ], [ 21.7125912, 40.940108993605087 ], [ 21.7148313, 40.938667293604432 ], [ 21.7183371, 40.93820529360417 ], [ 21.7220158, 40.936782893603521 ], [ 21.7281659, 40.93301809360181 ], [ 21.7311373, 40.930171293600473 ], [ 21.7337408, 40.930195493600486 ], [ 21.7378168, 40.931518593601112 ], [ 21.7419268, 40.930311093600523 ], [ 21.7469437, 40.930238193600509 ], [ 21.7532151, 40.927307093599126 ], [ 21.7535981, 40.925368993598262 ], [ 21.7550393, 40.925099893598116 ], [ 21.7598658, 40.925896293598491 ], [ 21.7658862, 40.928589293599757 ], [ 21.77014, 40.928047993599492 ], [ 21.7768109, 40.929340893600099 ], [ 21.7828417, 40.928321093599614 ], [ 21.7845974, 40.929001793599937 ], [ 21.7861972, 40.930650393600679 ], [ 21.78846, 40.931286393600963 ], [ 21.7896349, 40.932911293601734 ], [ 21.7895303, 40.935368293602885 ], [ 21.7906987, 40.936660693603464 ], [ 21.7963593, 40.94092139360545 ], [ 21.8006485, 40.941750993605822 ], [ 21.8021366, 40.943373693606617 ], [ 21.8045402, 40.9444066936071 ], [ 21.8030668, 40.947273493608428 ], [ 21.8046838, 40.949673293609507 ], [ 21.8053727, 40.952289493610699 ], [ 21.80326, 40.956248493612563 ], [ 21.800927, 40.957942393613358 ], [ 21.8006456, 40.961990293615202 ], [ 21.8014478, 40.967274893617692 ], [ 21.8008097, 40.97461269362109 ], [ 21.8059654, 40.978331893622808 ], [ 21.8072532, 40.980076793623589 ], [ 21.8112429, 40.981404593624227 ], [ 21.8156352, 40.985856493626265 ], [ 21.8179313, 40.986269293626464 ], [ 21.8201168, 40.987760793627139 ], [ 21.8249658, 40.987825793627195 ], [ 21.8266064, 40.989477693627975 ], [ 21.8291006, 40.990119193628267 ], [ 21.832531, 40.993435393629817 ], [ 21.8419224, 40.994314193630196 ], [ 21.84499, 40.995668993630815 ], [ 21.8484225, 40.998351893632034 ], [ 21.8496187, 41.003780593634538 ], [ 21.8481995, 41.006915693636003 ], [ 21.8531301, 41.013078593638859 ], [ 21.8597973, 41.015612793640059 ], [ 21.8603528, 41.019319893641736 ], [ 21.8626139, 41.019722093641938 ], [ 21.8658933, 41.021908593642955 ], [ 21.8705094, 41.021525593642778 ], [ 21.8735787, 41.022419993643162 ], [ 21.8742345, 41.023593993643736 ], [ 21.8736144, 41.025978493644836 ], [ 21.877557, 41.026978993645322 ], [ 21.880402, 41.028401293645921 ], [ 21.88263, 41.026568893645106 ], [ 21.8841331, 41.027509693645541 ], [ 21.8838804, 41.032832893647999 ], [ 21.8819418, 41.037309893650047 ], [ 21.8821138, 41.041150193651823 ], [ 21.8847368, 41.041261393651908 ], [ 21.8869119, 41.040103393651343 ], [ 21.8907674, 41.040255093651453 ], [ 21.8973489, 41.039186393650922 ], [ 21.900483499999989, 41.042369093652383 ], [ 21.9012672, 41.041257493651898 ], [ 21.9018447, 41.041276993651906 ], [ 21.9066841, 41.045229193653725 ], [ 21.9088785, 41.046304893654231 ], [ 21.9112048, 41.049679793655748 ], [ 21.9142265, 41.050446093656141 ], [ 21.9099604, 41.055043493658239 ], [ 21.909512, 41.06251139366173 ], [ 21.9089702, 41.062519593661698 ], [ 21.9086202, 41.065044293662844 ], [ 21.9040338, 41.068969093664677 ], [ 21.9004746, 41.070608293665423 ], [ 21.8780767, 41.071993893666047 ], [ 21.859408500000011, 41.085524393672273 ], [ 21.8561775, 41.09147699367508 ], [ 21.8525874, 41.092829793675669 ], [ 21.8489974, 41.092288693675407 ], [ 21.8461253, 41.086336193672693 ], [ 21.8409325, 41.087791593673352 ], [ 21.8379026, 41.086046593672577 ], [ 21.8365723, 41.086693493672826 ], [ 21.8371302, 41.087308093673101 ], [ 21.8364864, 41.088957693673905 ], [ 21.8374714, 41.089316393674054 ], [ 21.8360573, 41.090898293674805 ], [ 21.8358856, 41.092159693675413 ], [ 21.8392738, 41.095267593676766 ], [ 21.8350531, 41.10059919367923 ], [ 21.8332935, 41.100405093679178 ], [ 21.8324932, 41.099277793678638 ], [ 21.8298603, 41.099693693678823 ], [ 21.8267876, 41.097819593677976 ], [ 21.8265301, 41.095943793677144 ], [ 21.8236977, 41.095393993676844 ], [ 21.8206507, 41.093970893676193 ], [ 21.8182903, 41.093906193676176 ], [ 21.8182474, 41.093194693675855 ], [ 21.8171316, 41.093291693675901 ], [ 21.8163162, 41.092677193675627 ], [ 21.813913, 41.094294293676334 ], [ 21.8092824, 41.095036593676703 ], [ 21.8086601, 41.096524293677376 ], [ 21.8050509, 41.097463793677832 ], [ 21.8033558, 41.099096993678565 ], [ 21.8025404, 41.101554793679703 ], [ 21.795292, 41.102086693679929 ], [ 21.7924338, 41.104837093681226 ], [ 21.7919017, 41.104592893681072 ], [ 21.7884856, 41.105952693681722 ], [ 21.7869192, 41.105548493681539 ], [ 21.7852884, 41.106114393681771 ], [ 21.7847601, 41.106497193681989 ], [ 21.7848807, 41.108749693683002 ], [ 21.780203, 41.107989893682642 ], [ 21.7766667, 41.108554093682962 ], [ 21.7762762, 41.108895193683082 ], [ 21.7768169, 41.109491793683347 ], [ 21.7752033, 41.110608993683847 ], [ 21.7757441, 41.111512693684269 ], [ 21.7746883, 41.111999293684498 ], [ 21.7759328, 41.113907693685398 ], [ 21.7700963, 41.114012693685432 ], [ 21.770665, 41.115257493685966 ], [ 21.7688411, 41.117310593686959 ], [ 21.7629187, 41.117544993687041 ], [ 21.7596711, 41.118704793687598 ], [ 21.7572679, 41.117249993686919 ], [ 21.7562132, 41.117787493687167 ], [ 21.7548828, 41.11764199368713 ], [ 21.75465, 41.118704793687598 ], [ 21.753767, 41.117965293687249 ], [ 21.75175, 41.118563393687552 ], [ 21.7501836, 41.117868293687216 ], [ 21.7499293, 41.119399893687877 ], [ 21.7493682, 41.119436293687933 ], [ 21.7482127, 41.11812289368735 ], [ 21.7475475, 41.118284493687383 ], [ 21.746539, 41.119222093687817 ], [ 21.7449941, 41.11910899368781 ], [ 21.7439823, 41.122329793689268 ], [ 21.7423548, 41.121986293689105 ], [ 21.7415823, 41.122875293689496 ], [ 21.7404847, 41.122168093689197 ], [ 21.7389183, 41.122717693689431 ], [ 21.7376985, 41.122180193689189 ], [ 21.7368369, 41.123186493689651 ], [ 21.7341976, 41.123396593689769 ], [ 21.7340689, 41.12433409369018 ], [ 21.7324199, 41.124426993690214 ], [ 21.7288547, 41.126710093691294 ], [ 21.7267947, 41.12680709369134 ], [ 21.7245631, 41.126176693691079 ], [ 21.7243947, 41.127336393691557 ], [ 21.7224602, 41.127510293691657 ], [ 21.7213557, 41.12842629369208 ], [ 21.7190913, 41.128989193692291 ], [ 21.7176751, 41.130322593692959 ], [ 21.7190377, 41.132286293693817 ], [ 21.7186944, 41.133377193694372 ], [ 21.7158947, 41.132765893694028 ], [ 21.7134372, 41.133546893694408 ], [ 21.711903, 41.132787293694065 ], [ 21.7100255, 41.132940793694132 ], [ 21.7068176, 41.135890193695509 ], [ 21.7053262, 41.136148793695639 ], [ 21.7046611, 41.13546199369533 ], [ 21.7035458, 41.135497093695299 ], [ 21.702054, 41.136237693695662 ], [ 21.6994259, 41.136563693695813 ], [ 21.6982667, 41.137708293696342 ], [ 21.6963784, 41.136261893695696 ], [ 21.6948125, 41.136341593695704 ], [ 21.6944204, 41.137126493696059 ], [ 21.6960136, 41.137744693696334 ], [ 21.6957475, 41.139730193697268 ], [ 21.6945021, 41.138538493696721 ], [ 21.6914122, 41.138409293696682 ], [ 21.6894678, 41.139095593696986 ], [ 21.6877534, 41.136742693695865 ], [ 21.6811186, 41.1360493936956 ], [ 21.6778013, 41.134924593695054 ], [ 21.6771533, 41.133864393694587 ], [ 21.6791448, 41.132280093693865 ], [ 21.6778924, 41.131445993693426 ], [ 21.6752316, 41.131559093693483 ], [ 21.6751447, 41.132083593693743 ], [ 21.6739013, 41.132666193694021 ], [ 21.6734185, 41.132399493693896 ], [ 21.6725698, 41.133255293694283 ], [ 21.6720023, 41.132706593694067 ], [ 21.668804, 41.133311893694326 ], [ 21.6667451, 41.132884393694141 ], [ 21.664535, 41.13437119369484 ], [ 21.6572716, 41.136011593695585 ], [ 21.6545035, 41.135615593695412 ], [ 21.6527225, 41.13656909369584 ], [ 21.6508772, 41.136746893695907 ], [ 21.6455557, 41.138766893696804 ], [ 21.6444613, 41.140576893697663 ], [ 21.6451265, 41.140996993697861 ], [ 21.6450825, 41.142717193698637 ], [ 21.6464354, 41.14316239369883 ], [ 21.6461994, 41.143970293699212 ], [ 21.6480233, 41.144955993699682 ], [ 21.6473796, 41.145392293699899 ], [ 21.6439249, 41.144196493699319 ], [ 21.6414573, 41.1465556937004 ], [ 21.6396334, 41.147218193700695 ], [ 21.640835, 41.148381493701258 ], [ 21.6432586, 41.148501893701308 ], [ 21.643882, 41.148995493701534 ], [ 21.6434957, 41.149431793701702 ], [ 21.6417362, 41.149092493701573 ], [ 21.6411558, 41.149778393701865 ], [ 21.6373803, 41.151047493702421 ], [ 21.6323796, 41.154399193704037 ], [ 21.6299345, 41.155022093704311 ], [ 21.6236688, 41.160207993706685 ], [ 21.622596, 41.16293809370795 ], [ 21.62429, 41.163914593708377 ], [ 21.625599, 41.163591493708239 ], [ 21.6262652, 41.164004293708409 ], [ 21.6277447, 41.17002049371122 ], [ 21.6268017, 41.170578593711454 ], [ 21.6230037, 41.170013293711179 ], [ 21.6197625, 41.171538793711861 ], [ 21.6183677, 41.170763493711505 ], [ 21.6145064, 41.171596193711963 ], [ 21.6134325, 41.171312693711762 ], [ 21.6118457, 41.170126293711263 ], [ 21.6115453, 41.16904409371076 ], [ 21.610408, 41.168446493710491 ], [ 21.6099359, 41.168914893710699 ], [ 21.6075541, 41.166992693709808 ], [ 21.6056229, 41.166976493709782 ], [ 21.6067602, 41.16666959370967 ], [ 21.6055371, 41.165603493709185 ], [ 21.6039696, 41.16488379370881 ], [ 21.6028334, 41.165425793709048 ], [ 21.6010739, 41.16327729370812 ], [ 21.5986921, 41.162744193707844 ], [ 21.5971899, 41.161726193707359 ], [ 21.5969324, 41.159787693706498 ], [ 21.5976191, 41.157590493705491 ], [ 21.5947866, 41.152614493703211 ], [ 21.5952158, 41.150417093702146 ], [ 21.5943575, 41.149512293701768 ], [ 21.594615, 41.148348893701232 ], [ 21.5912676, 41.146280693700284 ], [ 21.5921259, 41.144600193699524 ], [ 21.5954304, 41.143016593698796 ], [ 21.5966749, 41.142014793698344 ], [ 21.5960741, 41.141174493697946 ], [ 21.5978122, 41.140447293697605 ], [ 21.5964603, 41.139590793697209 ], [ 21.5859032, 41.137134493696081 ], [ 21.5827703, 41.135162793695187 ], [ 21.5819979, 41.133158793694228 ], [ 21.5769955, 41.13026179369291 ], [ 21.5757322, 41.1280515936919 ], [ 21.5676641, 41.122426693689277 ], [ 21.5629435, 41.117771193687148 ], [ 21.5618277, 41.115184693685983 ], [ 21.5624285, 41.110722793683905 ], [ 21.5607816, 41.107553893682493 ], [ 21.5567207, 41.107133593682278 ], [ 21.5541458, 41.105840093681643 ], [ 21.5512276, 41.102897493680324 ], [ 21.5482967, 41.102708393680196 ], [ 21.5444469, 41.100730793679269 ], [ 21.536293, 41.105322693681437 ], [ 21.5344906, 41.105258093681414 ], [ 21.5319157, 41.104287993680956 ], [ 21.5296841, 41.102800393680234 ], [ 21.5286541, 41.102671093680208 ], [ 21.5257359, 41.104417293681003 ], [ 21.5225521, 41.103426993680543 ], [ 21.5183544, 41.10493469368123 ], [ 21.5156078, 41.107392293682388 ], [ 21.5138054, 41.108232993682776 ], [ 21.511488, 41.107909593682614 ], [ 21.5084839, 41.106551493682041 ], [ 21.5059948, 41.106292793681888 ], [ 21.4978409, 41.107456893682425 ], [ 21.4913177, 41.107586293682473 ], [ 21.4860821, 41.108362293682831 ], [ 21.4812756, 41.108232993682783 ], [ 21.4803743, 41.108847393683035 ], [ 21.4801598, 41.11036709368372 ], [ 21.477499, 41.110819793683952 ], [ 21.4771557, 41.11198379368453 ], [ 21.47192, 41.113277093685106 ], [ 21.466856, 41.110625793683838 ], [ 21.4586907, 41.11105369368407 ], [ 21.458745, 41.109300093683245 ], [ 21.4560843, 41.108523993682923 ], [ 21.4565134, 41.105419793681484 ], [ 21.455183, 41.104417293681003 ], [ 21.4532089, 41.103835193680759 ], [ 21.4524364, 41.104869993681262 ], [ 21.4439392, 41.104675993681148 ], [ 21.4448949, 41.099299293678669 ], [ 21.4299488, 41.098095093678126 ], [ 21.4351814, 41.094433993676411 ], [ 21.4387863, 41.08952419367413 ], [ 21.4388661, 41.079771993669667 ], [ 21.433254699999988, 41.068483493664452 ], [ 21.4329927, 41.061397793661136 ], [ 21.4355394, 41.051062393656395 ], [ 21.433951, 41.048246593655122 ], [ 21.4378241, 41.040277893651442 ], [ 21.451044, 41.027394093645484 ], [ 21.4555897, 41.021561493642764 ], [ 21.476011, 40.980536193623827 ], [ 21.4896145, 40.970823593619329 ], [ 21.4968109, 40.964863393616547 ], [ 21.5004049, 40.963396493615882 ], [ 21.5053082, 40.957020693612904 ], [ 21.5053082, 40.955594693612248 ], [ 21.504106499999988, 40.953390793611263 ], [ 21.5047932, 40.952094293610628 ], [ 21.5071106, 40.950732993609996 ], [ 21.5131188, 40.950084693609661 ], [ 21.5138912, 40.949501293609437 ], [ 21.5118313, 40.947167393608375 ], [ 21.5121746, 40.944055593606883 ], [ 21.5114021, 40.943342393606571 ], [ 21.5081406, 40.942564393606233 ], [ 21.5071213, 40.941300193605628 ], [ 21.5031624, 40.941851293605893 ], [ 21.5023899, 40.941397393605648 ], [ 21.5027225, 40.936230693603292 ] ] ] } },
{ "type": "Feature", "properties": { "admin_id": "2598353", "name_local": "Општина Демир Хисар/Мургашево", "name_en": "Municipality of Demir Hisar/Murgashevo", "name_en_status": "OSM_NAME_EN", "source_name": "Општина Демир Хисар/Мургашево", "source_admin_level": "7", "source_osm_relation_id": "2598353", "source_name_en": "Municipality of Demir Hisar/Murgashevo" }, "geometry": { "type": "Polygon", "coordinates": [ [ [ 21.095359, 41.124540793690286 ], [ 21.0962478, 41.125478793690718 ], [ 21.1011616, 41.127838593691784 ], [ 21.1020843, 41.129050793692372 ], [ 21.1036078, 41.129083093692394 ], [ 21.1079637, 41.131879193693678 ], [ 21.1122767, 41.133414493694382 ], [ 21.1157488, 41.135669993695394 ], [ 21.1166594, 41.137627493696336 ], [ 21.1193631, 41.140051493697378 ], [ 21.1212891, 41.143176393698816 ], [ 21.1229465, 41.143343993698927 ], [ 21.1251567, 41.147323093700734 ], [ 21.1262725, 41.148163293701174 ], [ 21.1318193, 41.148967093701529 ], [ 21.1352525, 41.147771393700971 ], [ 21.1366687, 41.146640393700451 ], [ 21.1384054, 41.146481293700354 ], [ 21.1388359, 41.147238193700737 ], [ 21.1398015, 41.147222093700705 ], [ 21.1421833, 41.146228293700261 ], [ 21.1520769, 41.145884393700129 ], [ 21.1624394, 41.148862093701489 ], [ 21.1639904, 41.150501193702183 ], [ 21.1683496, 41.151837093702866 ], [ 21.1708079, 41.153386093703531 ], [ 21.1745844, 41.153935393703819 ], [ 21.1786614, 41.155454093704506 ], [ 21.1820517, 41.155583393704575 ], [ 21.1839748, 41.156440793704931 ], [ 21.1858282, 41.158038993705674 ], [ 21.1869564, 41.161439193707224 ], [ 21.1949384, 41.165722893709201 ], [ 21.1987294, 41.166771193709678 ], [ 21.2014616, 41.168695093710554 ], [ 21.2064005, 41.169840793711117 ], [ 21.2097013, 41.169082793710764 ], [ 21.2122977, 41.169518893710972 ], [ 21.2145078, 41.169066593710767 ], [ 21.2164819, 41.170568793711446 ], [ 21.2186921, 41.17119869371173 ], [ 21.2195504, 41.17231319371222 ], [ 21.2193358, 41.175139793713541 ], [ 21.2224257, 41.178369893715022 ], [ 21.2276923, 41.179976993715727 ], [ 21.2296019, 41.182622993716976 ], [ 21.2319395, 41.186650793718854 ], [ 21.2313132, 41.189986593720334 ], [ 21.2329278, 41.192473293721534 ], [ 21.2422874, 41.195194493722774 ], [ 21.2477551, 41.194217193722281 ], [ 21.250094, 41.195944793723122 ], [ 21.2521324, 41.19647759372338 ], [ 21.2565313, 41.199658293724781 ], [ 21.2573467, 41.203581493726624 ], [ 21.265421, 41.207243293728276 ], [ 21.272131, 41.207278393728309 ], [ 21.2712908, 41.208815893729003 ], [ 21.2707758, 41.212689993730763 ], [ 21.2722349, 41.214562493731655 ], [ 21.2717588, 41.216618493732582 ], [ 21.2739515, 41.220243993734286 ], [ 21.2763977, 41.221438393734793 ], [ 21.2793159, 41.22169659373489 ], [ 21.2805176, 41.222729593735352 ], [ 21.2830925, 41.222729593735352 ], [ 21.2866116, 41.224149793736018 ], [ 21.2894136, 41.226683193737188 ], [ 21.2854874, 41.229506693738486 ], [ 21.2854456, 41.230513293738959 ], [ 21.2868049, 41.231331093739328 ], [ 21.2866585, 41.232227593739708 ], [ 21.2901528, 41.238735693742754 ], [ 21.2904228, 41.240420893743476 ], [ 21.2951072, 41.245892993746011 ], [ 21.2977295, 41.252488893749039 ], [ 21.2958182, 41.253285193749377 ], [ 21.2954676, 41.255781193750551 ], [ 21.2969663, 41.257688093751398 ], [ 21.2957355, 41.258588093751811 ], [ 21.2963638, 41.259151693752052 ], [ 21.2942073, 41.259676593752317 ], [ 21.2936178, 41.260609593752747 ], [ 21.2972455, 41.261285993753056 ], [ 21.2962112, 41.262125593753439 ], [ 21.2916498, 41.261908193753342 ], [ 21.2884187, 41.267388993755809 ], [ 21.2853668, 41.268686793756451 ], [ 21.2845637, 41.271886093757864 ], [ 21.2821181, 41.27278169375834 ], [ 21.2830578, 41.276141493759809 ], [ 21.2814968, 41.279615693761464 ], [ 21.2814365, 41.282498993762786 ], [ 21.2761158, 41.285334093764057 ], [ 21.2743389, 41.287355793765002 ], [ 21.2681993, 41.289619793765965 ], [ 21.2671911, 41.293050793767563 ], [ 21.2675726, 41.295449393768685 ], [ 21.2690985, 41.297998693769856 ], [ 21.2688275, 41.299476993770526 ], [ 21.2647416, 41.301686693771487 ], [ 21.2608966, 41.302561593771955 ], [ 21.2602742, 41.303240293772198 ], [ 21.2574934, 41.304017093772565 ], [ 21.2553964, 41.305422593773237 ], [ 21.256073, 41.307692593774306 ], [ 21.2578975, 41.309628793775154 ], [ 21.2585057, 41.314218793777265 ], [ 21.2576948, 41.316067693778123 ], [ 21.2552331, 41.318264593779098 ], [ 21.2548566, 41.320417993780104 ], [ 21.2534328, 41.322277493780923 ], [ 21.2518062, 41.320353793780058 ], [ 21.247081699999988, 41.319909593779826 ], [ 21.2419197, 41.318063093779045 ], [ 21.2377841, 41.314436293777327 ], [ 21.238139, 41.313853393777087 ], [ 21.2354885, 41.312975693776707 ], [ 21.2321147, 41.3098972937753 ], [ 21.229782, 41.311379093775933 ], [ 21.2241409, 41.311291193775951 ], [ 21.2236325, 41.313416093776901 ], [ 21.2208799, 41.314772793777536 ], [ 21.220155599999988, 41.317130393778584 ], [ 21.2140471, 41.317923293778968 ], [ 21.2149373, 41.321217693780454 ], [ 21.2163674, 41.32263649378109 ], [ 21.21741, 41.325855393782611 ], [ 21.2170914, 41.327247293783209 ], [ 21.2153774, 41.329233693784097 ], [ 21.2148732, 41.337487193787879 ], [ 21.2165991, 41.339925293789022 ], [ 21.2190318, 41.341392993789647 ], [ 21.2178733, 41.342175793790013 ], [ 21.2191705, 41.347237193792346 ], [ 21.2185792, 41.348210193792752 ], [ 21.2190138, 41.350863793794012 ], [ 21.2156528, 41.355115893795904 ], [ 21.2162033, 41.357660393797048 ], [ 21.2145567, 41.362836093799409 ], [ 21.2113188, 41.364904393800373 ], [ 21.2080439, 41.365100093800471 ], [ 21.2080149, 41.363881993799936 ], [ 21.2059573, 41.363860293799895 ], [ 21.1957168, 41.358505593797489 ], [ 21.1945152, 41.357474793796968 ], [ 21.1927578, 41.353391693795118 ], [ 21.1934874, 41.350009093793567 ], [ 21.1925433, 41.348559393792947 ], [ 21.1868763, 41.345845093791674 ], [ 21.1797952, 41.345877293791695 ], [ 21.1747334, 41.349074893793151 ], [ 21.1737013, 41.353802493795314 ], [ 21.1691973, 41.362700993799336 ], [ 21.1690256, 41.365084493800445 ], [ 21.1735989, 41.369104793802279 ], [ 21.1733217, 41.371196493803239 ], [ 21.1710725, 41.374220393804627 ], [ 21.1695916, 41.374530993804775 ], [ 21.1697658, 41.375037593804969 ], [ 21.1670336, 41.377705193806229 ], [ 21.1665643, 41.379368293806984 ], [ 21.1688293, 41.381280293807848 ], [ 21.1697222, 41.381402893807895 ], [ 21.1682631, 41.384237993809222 ], [ 21.1649091, 41.386754393810321 ], [ 21.1629216, 41.390933893812267 ], [ 21.1530338, 41.389415993811518 ], [ 21.1498319, 41.390980193812283 ], [ 21.1402657, 41.391445993812489 ], [ 21.1375598, 41.393285593813317 ], [ 21.1345762, 41.393795493813549 ], [ 21.128066, 41.392710393813068 ], [ 21.1244147, 41.389120593811377 ], [ 21.1118942, 41.38196769380815 ], [ 21.1096481, 41.378175693806426 ], [ 21.107442, 41.370800093803091 ], [ 21.1031344, 41.367893993801758 ], [ 21.0991757, 41.366229393800964 ], [ 21.0965085, 41.364185493800051 ], [ 21.0952467, 41.362158693799131 ], [ 21.0947993, 41.362509293799249 ], [ 21.0938906, 41.360296693798276 ], [ 21.0861204, 41.361572593798854 ], [ 21.0837058, 41.360771793798513 ], [ 21.0828635, 41.358917393797661 ], [ 21.0784299, 41.359608193797953 ], [ 21.0778514, 41.360346393798309 ], [ 21.0808452, 41.361964993799049 ], [ 21.0696744, 41.361960193799064 ], [ 21.0689448, 41.365793093800782 ], [ 21.0674428, 41.36750009380156 ], [ 21.0650417, 41.368884993802197 ], [ 21.0611342, 41.369690093802568 ], [ 21.0577461, 41.369271393802364 ], [ 21.0555123, 41.364263893800072 ], [ 21.0568339, 41.360965393798558 ], [ 21.056011, 41.360734293798494 ], [ 21.0570066, 41.359522293797944 ], [ 21.0549456, 41.359741393798032 ], [ 21.054525, 41.35930089379783 ], [ 21.0552385, 41.358852293797611 ], [ 21.0542085, 41.358491593797453 ], [ 21.0547449, 41.357821493797147 ], [ 21.0521378, 41.356067493796338 ], [ 21.050934, 41.35645409379655 ], [ 21.0479493, 41.355862993796272 ], [ 21.0466768, 41.356144793796418 ], [ 21.0428316, 41.354985093795847 ], [ 21.0374844, 41.355423193796057 ], [ 21.0356261, 41.357922893797209 ], [ 21.0352656, 41.35989109379814 ], [ 21.0298294, 41.360001893798128 ], [ 21.0255977, 41.361836093798999 ], [ 21.0222004, 41.362104493799102 ], [ 21.0191608, 41.361433493798778 ], [ 21.0142734, 41.357228293796858 ], [ 21.0123662, 41.357228293796858 ], [ 21.0106973, 41.355886193796259 ], [ 21.0081941, 41.355215093795955 ], [ 21.0058696, 41.353246593795049 ], [ 21.0000287, 41.353335993795127 ], [ 20.9957374, 41.348503993792917 ], [ 20.9925189, 41.347385393792386 ], [ 20.9854859, 41.346400993791924 ], [ 20.9842939, 41.34367149379068 ], [ 20.9844131, 41.34219489379003 ], [ 20.9794065, 41.336243193787304 ], [ 20.9680226, 41.333513293786062 ], [ 20.9593804, 41.326262793782782 ], [ 20.9546893, 41.324000793781742 ], [ 20.953561, 41.321122493780415 ], [ 20.9543329, 41.316981493778492 ], [ 20.9570051, 41.314490993777376 ], [ 20.9577018, 41.312186093776319 ], [ 20.9639559, 41.307059293774017 ], [ 20.9641438, 41.305530493773297 ], [ 20.9653649, 41.303978093772571 ], [ 20.965349199999988, 41.302543293771933 ], [ 20.9645821, 41.301978793771625 ], [ 20.9658972, 41.298732793770199 ], [ 20.9649185, 41.296081393768965 ], [ 20.9674314, 41.294874993768417 ], [ 20.9652441, 41.293753993767915 ], [ 20.9674523, 41.292637593767381 ], [ 20.9735106, 41.294445193768219 ], [ 20.9764879, 41.293111093767628 ], [ 20.9791305, 41.292758993767414 ], [ 20.9780434, 41.291916593767041 ], [ 20.97976, 41.291419693766876 ], [ 20.982506, 41.289246293765828 ], [ 20.9839222, 41.289775093766046 ], [ 20.985465, 41.289055293765763 ], [ 20.9866088, 41.289805393766088 ], [ 20.9895143, 41.287788093765201 ], [ 20.9912114, 41.287793893765148 ], [ 20.9932935, 41.286676393764687 ], [ 20.9980088, 41.281686593762402 ], [ 20.996886, 41.275621993759628 ], [ 20.9989919, 41.274170593758953 ], [ 21.0040798, 41.268052093756111 ], [ 21.0088599, 41.266944393755651 ], [ 21.0104984, 41.265981093755194 ], [ 21.0121735, 41.263180493753907 ], [ 21.0135906, 41.262160593753443 ], [ 21.0140313, 41.259630493752262 ], [ 21.0178079, 41.254489393749957 ], [ 21.0165923, 41.24381199374502 ], [ 21.0179054, 41.242151593744261 ], [ 21.0178474, 41.239748893743148 ], [ 21.0260013, 41.231487093739403 ], [ 21.0302929, 41.228130493737865 ], [ 21.0331087, 41.227433793737511 ], [ 21.0350994, 41.223869893735909 ], [ 21.03823, 41.220663293734425 ], [ 21.039175, 41.21500829373187 ], [ 21.0435074, 41.210673593729865 ], [ 21.046256100000011, 41.209746093729422 ], [ 21.0521333, 41.206452193727884 ], [ 21.0561674, 41.205967893727696 ], [ 21.0581324, 41.206317993727843 ], [ 21.0610597, 41.205160793727337 ], [ 21.0632913, 41.200769493725346 ], [ 21.0665529, 41.197282093723686 ], [ 21.06651, 41.195667493722965 ], [ 21.0684736, 41.193878393722123 ], [ 21.0702865, 41.189919193720357 ], [ 21.0722606, 41.187658493719304 ], [ 21.0712307, 41.184945593718062 ], [ 21.0736339, 41.183072293717217 ], [ 21.0741489, 41.181134393716299 ], [ 21.0745566, 41.181286793716367 ], [ 21.0776224, 41.177869993714779 ], [ 21.076123, 41.171896093712064 ], [ 21.0748356, 41.171476093711853 ], [ 21.073632899999989, 41.16943809371093 ], [ 21.0778825, 41.160902693707051 ], [ 21.0778825, 41.156702293705088 ], [ 21.0801141, 41.152372493703083 ], [ 21.0835474, 41.149076393701556 ], [ 21.0841959, 41.143779593699144 ], [ 21.0864227, 41.138799293696806 ], [ 21.0898988, 41.127453893691609 ], [ 21.095359, 41.124540793690286 ] ] ] } },
{ "type": "Feature", "properties": { "admin_id": "2598354", "name_local": "Општина Битола", "name_en": "Municipality of Bitola", "name_en_status": "OSM_NAME_EN", "source_name": "Општина Битола", "source_admin_level": "7", "source_osm_relation_id": "2598354", "source_name_en": "Municipality of Bitola" }, "geometry": { "type": "Polygon", "coordinates": [ [ [ 21.2523422, 40.893433293583406 ], [ 21.2428049, 40.879198893576799 ], [ 21.2420129, 40.8742504935745 ], [ 21.2449568, 40.872227093573585 ], [ 21.2471455, 40.868543793571874 ], [ 21.2505324, 40.866793293571021 ], [ 21.2512263, 40.862203993568883 ], [ 21.2525797, 40.862243493568911 ], [ 21.2596613, 40.859390093567619 ], [ 21.2695547, 40.864726893570115 ], [ 21.27424, 40.865420593570427 ], [ 21.2779398, 40.864243893569871 ], [ 21.2809162, 40.864032593569782 ], [ 21.2905993, 40.865618793570491 ], [ 21.3019459, 40.865786693570584 ], [ 21.3054191, 40.866804193571042 ], [ 21.3091237, 40.867121393571217 ], [ 21.310265, 40.866579993570952 ], [ 21.3131546, 40.866609193570966 ], [ 21.3148334, 40.864605993570038 ], [ 21.3166785, 40.864286693569859 ], [ 21.3185493, 40.865325893570372 ], [ 21.3186421, 40.866327493570822 ], [ 21.3209984, 40.867632993571441 ], [ 21.3230938, 40.867910093571595 ], [ 21.3273735, 40.87076179357291 ], [ 21.3324399, 40.871245593573121 ], [ 21.3357337, 40.872576093573741 ], [ 21.3375468, 40.872178493573578 ], [ 21.3407359, 40.873421693574137 ], [ 21.3440595, 40.873732093574276 ], [ 21.3483743, 40.875947593575312 ], [ 21.3492819, 40.875656293575169 ], [ 21.3517579, 40.877263793575935 ], [ 21.3543461, 40.877348993575929 ], [ 21.3560872, 40.878101993576294 ], [ 21.3586537, 40.877590693576039 ], [ 21.3600367, 40.878590193576557 ], [ 21.3626947, 40.879349193576878 ], [ 21.363261, 40.880472193577397 ], [ 21.3641831, 40.880561993577416 ], [ 21.4171399, 40.917619893594683 ], [ 21.437328, 40.91694219359433 ], [ 21.4380895, 40.916842193594299 ], [ 21.4382266, 40.915235693593566 ], [ 21.4405304, 40.914940193593431 ], [ 21.4397096, 40.916888293594312 ], [ 21.4410294, 40.916802393594281 ], [ 21.464547, 40.906813293589607 ], [ 21.4652978, 40.905369193588989 ], [ 21.4650803, 40.906784793589637 ], [ 21.4898075, 40.912059293592101 ], [ 21.4964715, 40.911461193591776 ], [ 21.497653, 40.910639593591419 ], [ 21.4985476, 40.91112229359166 ], [ 21.4997097, 40.910380593591285 ], [ 21.5001292, 40.910893793591526 ], [ 21.5027921, 40.910638393591441 ], [ 21.5040207, 40.911015293591582 ], [ 21.5056944, 40.913836893592922 ], [ 21.5070677, 40.914550393593245 ], [ 21.5066385, 40.915912393593878 ], [ 21.5083448, 40.916706993594218 ], [ 21.5087843, 40.918506793595022 ], [ 21.5062952, 40.91986879359569 ], [ 21.5083551, 40.921944093596693 ], [ 21.5097284, 40.926029793598552 ], [ 21.508441, 40.926483693598726 ], [ 21.5061235, 40.929207393599995 ], [ 21.5072393, 40.932514493601552 ], [ 21.5083551, 40.933422293602 ], [ 21.5045357, 40.937020893603638 ], [ 21.5027225, 40.936230693603292 ], [ 21.5023899, 40.941397393605648 ], [ 21.5031624, 40.941851293605893 ], [ 21.5071213, 40.941300193605628 ], [ 21.5081406, 40.942564393606233 ], [ 21.5114021, 40.943342393606571 ], [ 21.5121746, 40.944055593606883 ], [ 21.5118313, 40.947167393608375 ], [ 21.5138912, 40.949241893609312 ], [ 21.5131188, 40.950084693609661 ], [ 21.5071106, 40.950732993609996 ], [ 21.5047932, 40.952094293610628 ], [ 21.504106499999988, 40.953390793611263 ], [ 21.5053082, 40.955594693612248 ], [ 21.5053082, 40.957020693612904 ], [ 21.5004049, 40.963396493615882 ], [ 21.4968109, 40.964863393616547 ], [ 21.4896145, 40.970823593619329 ], [ 21.476011, 40.980536193623827 ], [ 21.4555897, 41.021561493642764 ], [ 21.451044, 41.027394093645484 ], [ 21.4378241, 41.040277893651442 ], [ 21.433951, 41.048246593655122 ], [ 21.4355394, 41.051062393656395 ], [ 21.4329927, 41.061397793661136 ], [ 21.433254699999988, 41.068483493664452 ], [ 21.4388661, 41.079771993669667 ], [ 21.4387863, 41.08952419367413 ], [ 21.4351814, 41.094433993676411 ], [ 21.4259652, 41.101177793679533 ], [ 21.4264598, 41.097832193677952 ], [ 21.415812, 41.096986093677579 ], [ 21.4168108, 41.089803193674328 ], [ 21.4131153, 41.089493993674132 ], [ 21.4139296, 41.082355493670832 ], [ 21.4069623, 41.081629293670488 ], [ 21.4064967, 41.084896393671997 ], [ 21.4038746, 41.084736293671924 ], [ 21.4041492, 41.081449693670436 ], [ 21.4011602, 41.081190893670303 ], [ 21.3980037, 41.084813893671999 ], [ 21.394858, 41.085724493672409 ], [ 21.3948795, 41.086185393672608 ], [ 21.3923539, 41.086578393672767 ], [ 21.3926136, 41.087039293672994 ], [ 21.3907253, 41.087632893673302 ], [ 21.3907253, 41.08644419367274 ], [ 21.3888143, 41.086338493672677 ], [ 21.3886234, 41.087734193673313 ], [ 21.3781933, 41.086961193672963 ], [ 21.3780968, 41.087559593673241 ], [ 21.3696957, 41.088893593673873 ], [ 21.3700036, 41.091277193674948 ], [ 21.3721583, 41.093804493676139 ], [ 21.3738283, 41.097424493677742 ], [ 21.3649447, 41.096713593677428 ], [ 21.3585486, 41.097732493677931 ], [ 21.3604749, 41.100901393679393 ], [ 21.3600359, 41.101067393679465 ], [ 21.3619649, 41.106709293682052 ], [ 21.3625246, 41.106651993682064 ], [ 21.3622016, 41.114896993685825 ], [ 21.3626873, 41.115192593685968 ], [ 21.3617056, 41.120709793688512 ], [ 21.3628225, 41.124659393690365 ], [ 21.3612161, 41.124867193690434 ], [ 21.3652688, 41.139026193696949 ], [ 21.3677732, 41.142541693698554 ], [ 21.369363, 41.14669949370046 ], [ 21.3716028, 41.148737693701428 ], [ 21.3701153, 41.149386793701723 ], [ 21.3697843, 41.148960693701504 ], [ 21.3685344, 41.149338493701698 ], [ 21.3688894, 41.148837593701458 ], [ 21.3678901, 41.148379293701289 ], [ 21.3677209, 41.147081493700625 ], [ 21.3660787, 41.147251793700747 ], [ 21.3656646, 41.145483193699917 ], [ 21.3649144, 41.146266493700296 ], [ 21.363389, 41.146238593700261 ], [ 21.3615541, 41.146028593700173 ], [ 21.3597757, 41.145033793699724 ], [ 21.3560007, 41.146157893700249 ], [ 21.3545465, 41.144018493699242 ], [ 21.3513279, 41.145408093699871 ], [ 21.3498688, 41.143792293699143 ], [ 21.3505362, 41.140402893697555 ], [ 21.3484209, 41.137413693696224 ], [ 21.3405312, 41.136487293695772 ], [ 21.3371682, 41.140353893697537 ], [ 21.3323512, 41.141937793698268 ], [ 21.3304041, 41.143377193698946 ], [ 21.3293666, 41.144384693699422 ], [ 21.3302081, 41.146053093700189 ], [ 21.3293853, 41.147659993700948 ], [ 21.3276475, 41.148000793701051 ], [ 21.326952, 41.149221393701652 ], [ 21.3292272, 41.152883393703341 ], [ 21.3316298, 41.154811693704183 ], [ 21.3308573, 41.156168793704843 ], [ 21.3302135, 41.156782793705105 ], [ 21.3287544, 41.156524293705012 ], [ 21.325407, 41.157622893705508 ], [ 21.3226175, 41.160433893706752 ], [ 21.3211584, 41.165150893708947 ], [ 21.3186693, 41.167347793709951 ], [ 21.3173819, 41.169996793711164 ], [ 21.3165424, 41.172558893712385 ], [ 21.3169527, 41.173744093712891 ], [ 21.3159227, 41.175746793713827 ], [ 21.3125753, 41.178266393715006 ], [ 21.3117599, 41.179913693715719 ], [ 21.3093567, 41.180042893715815 ], [ 21.3083696, 41.180850393716156 ], [ 21.3082838, 41.182077793716772 ], [ 21.3068247, 41.183692693717475 ], [ 21.3110733, 41.185598193718299 ], [ 21.3155794, 41.185973693718495 ], [ 21.3176394, 41.188278893719605 ], [ 21.3175535, 41.190539493720614 ], [ 21.3196135, 41.194285593722356 ], [ 21.3214588, 41.195674193722979 ], [ 21.3232613, 41.195351293722808 ], [ 21.3246346, 41.195867993723077 ], [ 21.3273382, 41.198225293724157 ], [ 21.3231325, 41.201777193725768 ], [ 21.3216573, 41.20649129372795 ], [ 21.3201768, 41.20755269372841 ], [ 21.314292, 41.20913869372918 ], [ 21.3136911, 41.210688393729839 ], [ 21.3148928, 41.212625493730719 ], [ 21.3143778, 41.214756193731723 ], [ 21.3159281, 41.21788349373319 ], [ 21.3103008, 41.21588609373228 ], [ 21.3066101, 41.215692393732191 ], [ 21.3045931, 41.217145093732853 ], [ 21.3047218, 41.218597693733464 ], [ 21.3003016, 41.220308593734295 ], [ 21.3012457, 41.223020093735542 ], [ 21.297555, 41.225925093736826 ], [ 21.2894136, 41.226683193737188 ], [ 21.2866116, 41.224149793736018 ], [ 21.2830925, 41.222729593735352 ], [ 21.2805176, 41.222729593735352 ], [ 21.2793159, 41.22169659373489 ], [ 21.2763977, 41.221438393734793 ], [ 21.2739515, 41.220243993734286 ], [ 21.2717588, 41.216618493732582 ], [ 21.2722349, 41.214562493731655 ], [ 21.2707758, 41.212689993730763 ], [ 21.2712908, 41.208815893729003 ], [ 21.272131, 41.207278393728309 ], [ 21.265421, 41.207243293728276 ], [ 21.2573467, 41.203581493726624 ], [ 21.2565313, 41.199658293724781 ], [ 21.2521324, 41.19647759372338 ], [ 21.250094, 41.195944793723122 ], [ 21.2477551, 41.194217193722281 ], [ 21.2422874, 41.195194493722774 ], [ 21.2329278, 41.192473293721534 ], [ 21.2313132, 41.189986593720334 ], [ 21.2319395, 41.186650793718854 ], [ 21.2276923, 41.179976993715727 ], [ 21.2224257, 41.178369893715022 ], [ 21.2193358, 41.175139793713541 ], [ 21.2191641, 41.171618693711949 ], [ 21.2164819, 41.170568793711446 ], [ 21.2145078, 41.169066593710767 ], [ 21.2122977, 41.169518893710972 ], [ 21.2097013, 41.169082793710764 ], [ 21.2064005, 41.169840793711117 ], [ 21.2014616, 41.168695093710554 ], [ 21.1987294, 41.166771193709678 ], [ 21.1949384, 41.165722893709201 ], [ 21.1869564, 41.161439193707224 ], [ 21.1858282, 41.158038993705674 ], [ 21.1839748, 41.156440793704931 ], [ 21.1820517, 41.155583393704575 ], [ 21.1786614, 41.155454093704506 ], [ 21.1745844, 41.153935393703819 ], [ 21.1708079, 41.153386093703531 ], [ 21.1683496, 41.151837093702866 ], [ 21.1639904, 41.150501193702183 ], [ 21.1624394, 41.148862093701489 ], [ 21.1520769, 41.145884393700129 ], [ 21.1421833, 41.146228293700261 ], [ 21.1398015, 41.147222093700705 ], [ 21.1388359, 41.147238193700737 ], [ 21.1384054, 41.146481293700354 ], [ 21.1366687, 41.146640393700451 ], [ 21.1352525, 41.147771393700971 ], [ 21.1318193, 41.148967093701529 ], [ 21.1262725, 41.148163293701174 ], [ 21.1251567, 41.147323093700734 ], [ 21.1229465, 41.143343993698927 ], [ 21.1212891, 41.143176393698816 ], [ 21.1193631, 41.140051493697378 ], [ 21.1166594, 41.137627493696336 ], [ 21.1157488, 41.135669993695394 ], [ 21.1122767, 41.133414493694382 ], [ 21.1079637, 41.131879193693678 ], [ 21.1036078, 41.129083093692394 ], [ 21.1020843, 41.129050793692372 ], [ 21.1011616, 41.127838593691784 ], [ 21.0962478, 41.125478793690718 ], [ 21.095359, 41.124540793690286 ], [ 21.1004124, 41.121325693688831 ], [ 21.1017757, 41.118143393687355 ], [ 21.1043206, 41.114599093685705 ], [ 21.103149, 41.106309393681862 ], [ 21.1039214, 41.101458693679646 ], [ 21.1008315, 41.088133793673485 ], [ 21.0988574, 41.086063693672564 ], [ 21.0984871, 41.083700893671477 ], [ 21.0918193, 41.079205893669354 ], [ 21.0893302, 41.076100293667949 ], [ 21.0879569, 41.076035593667939 ], [ 21.0854678, 41.07422389366711 ], [ 21.0822695, 41.073573693666816 ], [ 21.0767131, 41.070729793665507 ], [ 21.0767131, 41.070082693665171 ], [ 21.0718207, 41.069112093664728 ], [ 21.0705333, 41.06717079366387 ], [ 21.0678447, 41.0661674936634 ], [ 21.0692458, 41.063805693662289 ], [ 21.0693317, 41.061475893661225 ], [ 21.0717662, 41.057702393659476 ], [ 21.0719924, 41.054518493658016 ], [ 21.072722, 41.053644693657589 ], [ 21.0758977, 41.052479693657077 ], [ 21.086154499999989, 41.050829193656277 ], [ 21.091841, 41.047152993654599 ], [ 21.1011319, 41.045116693653682 ], [ 21.1064534, 41.045068193653684 ], [ 21.1081085, 41.044164793653238 ], [ 21.1068397, 41.043708793653018 ], [ 21.1051016, 41.040763293651636 ], [ 21.1035352, 41.039533293651132 ], [ 21.1038813, 41.03384259364848 ], [ 21.101239199999988, 41.02965989364651 ], [ 21.098974, 41.027935193645718 ], [ 21.099544099999985, 41.022067793643039 ], [ 21.101089, 41.019315593641721 ], [ 21.1042086, 41.016255693640332 ], [ 21.1096101, 41.014443093639485 ], [ 21.1131053, 41.009924993637405 ], [ 21.1141932, 41.007249393636201 ], [ 21.1185489, 41.002761693634071 ], [ 21.1227363, 40.994496093630289 ], [ 21.1230617, 40.990200293628263 ], [ 21.1252933, 40.987122893626854 ], [ 21.1262803, 40.986798893626734 ], [ 21.1256366, 40.985535493626102 ], [ 21.1267103, 40.984726093625774 ], [ 21.128823, 40.984652693625705 ], [ 21.1386399, 40.98184229362441 ], [ 21.1435159, 40.979328693623216 ], [ 21.1506992, 40.980449193623784 ], [ 21.1544508, 40.981849193624413 ], [ 21.158381, 40.982457893624719 ], [ 21.1641317, 40.981712693624345 ], [ 21.1718993, 40.984693193625731 ], [ 21.1783297, 40.98552339362611 ], [ 21.1807828, 40.983364993625109 ], [ 21.1843498, 40.97413479362087 ], [ 21.1877351, 40.970631793619219 ], [ 21.1981397, 40.963143993615724 ], [ 21.1971336, 40.960294393614419 ], [ 21.1976056, 40.958511993613584 ], [ 21.1970865, 40.955103893611998 ], [ 21.2046965, 40.949769493609566 ], [ 21.2116913, 40.950182793609777 ], [ 21.2246088, 40.949171493609256 ], [ 21.2327708, 40.947104493608329 ], [ 21.2417577, 40.944001293606881 ], [ 21.2422121, 40.938870593604513 ], [ 21.2483919, 40.935498993602948 ], [ 21.2495984, 40.932447193601512 ], [ 21.2479628, 40.929014593599938 ], [ 21.2474927, 40.923435193597335 ], [ 21.2526835, 40.916951993594353 ], [ 21.2556729, 40.911964493592009 ], [ 21.2523401, 40.905925093589211 ], [ 21.2511385, 40.895999293584616 ], [ 21.2523422, 40.893433293583406 ] ] ] } },
{ "type": "Feature", "properties": { "admin_id": "2598355", "name_local": "Општина Ресен", "name_en": "Municipality of Resen", "name_en_status": "OSM_NAME_EN", "source_name": "Општина Ресен", "source_admin_level": "7", "source_osm_relation_id": "2598355", "source_name_en": "Municipality of Resen" }, "geometry": { "type": "Polygon", "coordinates": [ [ [ 21.2523422, 40.893433293583406 ], [ 21.2428049, 40.879198893576799 ], [ 21.2420129, 40.8742504935745 ], [ 21.2264731, 40.878725093576598 ], [ 21.2218067, 40.878605493576508 ], [ 21.2185156, 40.881160693577691 ], [ 21.2139827, 40.882764793578467 ], [ 21.207945, 40.883837593578981 ], [ 21.2058744, 40.883705693578897 ], [ 21.2026477, 40.882568093578371 ], [ 21.1982058, 40.878802393576635 ], [ 21.1947083, 40.877074293575824 ], [ 21.1766812, 40.874810993574769 ], [ 21.175096, 40.872222993573573 ], [ 21.1706757, 40.869614693572366 ], [ 21.1697531, 40.866860193571071 ], [ 21.166749, 40.865180693570302 ], [ 21.1612183, 40.863521393569506 ], [ 21.1563635, 40.857634593566765 ], [ 21.1521149, 40.856709493566385 ], [ 21.1474317, 40.857111193566539 ], [ 21.143108, 40.854916093565492 ], [ 21.1395407, 40.855216393565676 ], [ 21.1360967, 40.854615893565359 ], [ 21.1302057, 40.855426193565748 ], [ 21.1211491, 40.853659593564949 ], [ 20.9797154, 40.852477993564406 ], [ 20.9776312, 40.889500793581604 ], [ 20.9786137, 40.897790593585427 ], [ 20.9749346, 40.901290293587081 ], [ 20.9748794, 40.902005793587392 ], [ 20.972517299999989, 40.903138593587883 ], [ 20.9709605, 40.904764993588685 ], [ 20.969497, 40.909346293590815 ], [ 20.9683046, 40.91097499359158 ], [ 20.9665479, 40.911613693591875 ], [ 20.962210299999985, 40.91132069359174 ], [ 20.9599634, 40.912068793592056 ], [ 20.9570523, 40.915877393593838 ], [ 20.9568146, 40.917182193594471 ], [ 20.9512459, 40.919479193595535 ], [ 20.9484821, 40.922563493596932 ], [ 20.9450187, 40.922618293596969 ], [ 20.9425663, 40.921263993596341 ], [ 20.9410564, 40.923239093597239 ], [ 20.9409217, 40.924772993597969 ], [ 20.9319704, 40.923923593597571 ], [ 20.9300371, 40.923051393597191 ], [ 20.9294608, 40.921370893596425 ], [ 20.9200052, 40.923711893597485 ], [ 20.915592, 40.923793393597521 ], [ 20.9136496, 40.920508893595994 ], [ 20.9111552, 40.920027393595753 ], [ 20.911651, 40.917307593594487 ], [ 20.9018913, 40.917629693594662 ], [ 20.9019278, 40.91835769359502 ], [ 20.9001733, 40.918673893595127 ], [ 20.8985326, 40.917887293594774 ], [ 20.8898511, 40.924422793597778 ], [ 20.8849959, 40.925206093598163 ], [ 20.847959899999989, 40.937692793603958 ], [ 20.8403418, 40.931028293600896 ], [ 20.837804, 40.927517093599228 ], [ 20.8330493, 40.933496393602034 ], [ 20.8328777, 40.936090093603191 ], [ 20.8289295, 40.939007793604574 ], [ 20.8273845, 40.94354629360668 ], [ 20.8258396, 40.945944993607839 ], [ 20.8300453, 40.953075993611087 ], [ 20.8375984, 40.963511693615892 ], [ 20.8401733, 40.968761393618351 ], [ 20.8526187, 40.979000193623065 ], [ 20.8627468, 40.989237493627847 ], [ 20.8618456, 40.990355093628402 ], [ 20.8694523, 41.002161393633813 ], [ 20.8715444, 41.008055693636521 ], [ 20.8716946, 41.010824493637799 ], [ 20.8804279, 41.023727993643789 ], [ 20.8816295, 41.031692193647444 ], [ 20.8792262, 41.033861193648455 ], [ 20.8735614, 41.042649593652513 ], [ 20.8785825, 41.04653359365431 ], [ 20.8854275, 41.053427193657541 ], [ 20.895341, 41.056647093658995 ], [ 20.8969342, 41.058212593659682 ], [ 20.8980929, 41.058269193659726 ], [ 20.8951103, 41.058681793659922 ], [ 20.8942734, 41.065266693662942 ], [ 20.8921706, 41.069391993664844 ], [ 20.8929216, 41.073436193666716 ], [ 20.8948313, 41.075231693667554 ], [ 20.8950245, 41.07799769366882 ], [ 20.8925568, 41.083399993671321 ], [ 20.8966767, 41.095108793676744 ], [ 20.8989217, 41.105785793681633 ], [ 20.902805499999989, 41.107386393682383 ], [ 20.9067967, 41.108049293682718 ], [ 20.910187, 41.10960139368342 ], [ 20.9100153, 41.111541393684305 ], [ 20.9082558, 41.113546093685244 ], [ 20.9051659, 41.119381893687894 ], [ 20.9030845, 41.124850493690438 ], [ 20.9053805, 41.126526393691208 ], [ 20.9088995, 41.131940893693717 ], [ 20.9113457, 41.131666093693553 ], [ 20.9128816, 41.132233093693806 ], [ 20.9176543, 41.137629593696317 ], [ 20.9284495, 41.140192693697493 ], [ 20.931988, 41.146808093700479 ], [ 20.9319451, 41.147809893701009 ], [ 20.9361056, 41.15341649370356 ], [ 20.9479525, 41.159410293706358 ], [ 20.9494974, 41.158020893705682 ], [ 20.9527161, 41.157633193705529 ], [ 20.952780499999989, 41.159167893706233 ], [ 20.9537031, 41.159765693706476 ], [ 20.9508707, 41.159248693706246 ], [ 20.9492614, 41.15987879370654 ], [ 20.9458711, 41.163481193708165 ], [ 20.9444495, 41.167636693710079 ], [ 20.9442121, 41.169600793711012 ], [ 20.9447201, 41.170212593711234 ], [ 20.9467602, 41.169470793710943 ], [ 20.9465489, 41.168408293710463 ], [ 20.9491239, 41.168456793710497 ], [ 20.9525571, 41.167099893709818 ], [ 20.9538445, 41.167762193710161 ], [ 20.9590588, 41.167325993709966 ], [ 20.9616981, 41.168020593710246 ], [ 20.9656463, 41.171396493711818 ], [ 20.9682426, 41.170621193711483 ], [ 20.9713326, 41.171961793712057 ], [ 20.9778128, 41.172898593712546 ], [ 20.9789071, 41.17386769371295 ], [ 20.9810743, 41.174206893713134 ], [ 20.9825066, 41.175204293713549 ], [ 20.9833649, 41.181389893716407 ], [ 20.987399, 41.184054493717639 ], [ 20.9877638, 41.185846993718457 ], [ 20.9886435, 41.185588693718302 ], [ 20.9888152, 41.186073093718598 ], [ 20.9923128, 41.185039593718081 ], [ 20.9957246, 41.187623293719277 ], [ 20.997806, 41.187913993719413 ], [ 20.9996084, 41.190271593720524 ], [ 21.0012392, 41.190885193720774 ], [ 21.0046724, 41.190352293720544 ], [ 21.0076765, 41.195616193722941 ], [ 21.0110239, 41.196697993723411 ], [ 21.0157231, 41.202703993726175 ], [ 21.0177187, 41.203753293726734 ], [ 21.0178045, 41.204592793727073 ], [ 21.0188559, 41.20501259372724 ], [ 21.0243491, 41.203801793726733 ], [ 21.0262374, 41.204253793726927 ], [ 21.0289196, 41.208144393728716 ], [ 21.0288552, 41.21054969372981 ], [ 21.0313014, 41.210501193729755 ], [ 21.0355285, 41.211792593730401 ], [ 21.0392071, 41.215005593731803 ], [ 21.0435074, 41.210673593729865 ], [ 21.046256100000011, 41.209746093729422 ], [ 21.0521333, 41.206452193727884 ], [ 21.0561674, 41.205967893727696 ], [ 21.0581324, 41.206317993727843 ], [ 21.0610597, 41.205160793727337 ], [ 21.0632913, 41.200769493725346 ], [ 21.0665529, 41.197282093723686 ], [ 21.06651, 41.195667493722965 ], [ 21.0684736, 41.193878393722123 ], [ 21.0702865, 41.189919193720357 ], [ 21.0722606, 41.187658493719304 ], [ 21.0712307, 41.184945593718062 ], [ 21.0736339, 41.183072293717217 ], [ 21.0741489, 41.181134393716299 ], [ 21.0745566, 41.181286793716367 ], [ 21.0776224, 41.177869993714779 ], [ 21.076123, 41.171896093712064 ], [ 21.0748356, 41.171476093711853 ], [ 21.073632899999989, 41.16943809371093 ], [ 21.0778825, 41.160902693707051 ], [ 21.0778825, 41.156702293705088 ], [ 21.0801141, 41.152372493703083 ], [ 21.0835474, 41.149076393701556 ], [ 21.0841959, 41.143779593699144 ], [ 21.0864227, 41.138799293696806 ], [ 21.0898988, 41.127453893691609 ], [ 21.1004124, 41.121325693688831 ], [ 21.1017757, 41.118143393687355 ], [ 21.1043206, 41.114599093685705 ], [ 21.103149, 41.106309393681862 ], [ 21.1039214, 41.101458693679646 ], [ 21.1008315, 41.088133793673485 ], [ 21.0988574, 41.086063693672564 ], [ 21.0984871, 41.083700893671477 ], [ 21.0918193, 41.079205893669354 ], [ 21.0893302, 41.076100293667949 ], [ 21.0879569, 41.076035593667939 ], [ 21.0854678, 41.07422389366711 ], [ 21.0822695, 41.073573693666816 ], [ 21.0767131, 41.070729793665507 ], [ 21.0767131, 41.070082693665171 ], [ 21.0718207, 41.069112093664728 ], [ 21.0705333, 41.06717079366387 ], [ 21.0678447, 41.0661674936634 ], [ 21.0692458, 41.063805693662289 ], [ 21.0693317, 41.061475893661225 ], [ 21.0717662, 41.057702393659476 ], [ 21.0719924, 41.054518493658016 ], [ 21.072722, 41.053644693657589 ], [ 21.0758977, 41.052479693657077 ], [ 21.086154499999989, 41.050829193656277 ], [ 21.091841, 41.047152993654599 ], [ 21.1011319, 41.045116693653682 ], [ 21.1064534, 41.045068193653684 ], [ 21.1081085, 41.044164793653238 ], [ 21.1068397, 41.043708793653018 ], [ 21.1051016, 41.040763293651636 ], [ 21.1035352, 41.039533293651132 ], [ 21.1038813, 41.03384259364848 ], [ 21.101239199999988, 41.02965989364651 ], [ 21.098974, 41.027935193645718 ], [ 21.099544099999985, 41.022067793643039 ], [ 21.101089, 41.019315593641721 ], [ 21.1042086, 41.016255693640332 ], [ 21.1096101, 41.014443093639485 ], [ 21.1131053, 41.009924993637405 ], [ 21.1141932, 41.007249393636201 ], [ 21.1185489, 41.002761693634071 ], [ 21.1227363, 40.994496093630289 ], [ 21.1230617, 40.990200293628263 ], [ 21.1252933, 40.987122893626854 ], [ 21.1262803, 40.986798893626734 ], [ 21.1256366, 40.985535493626102 ], [ 21.1267103, 40.984726093625774 ], [ 21.128823, 40.984652693625705 ], [ 21.1386399, 40.98184229362441 ], [ 21.1435159, 40.979328693623216 ], [ 21.1506992, 40.980449193623784 ], [ 21.1544508, 40.981849193624413 ], [ 21.158381, 40.982457893624719 ], [ 21.1641317, 40.981712693624345 ], [ 21.1718993, 40.984693193625731 ], [ 21.1783297, 40.98552339362611 ], [ 21.1807828, 40.983364993625109 ], [ 21.1843498, 40.97413479362087 ], [ 21.1877351, 40.970631793619219 ], [ 21.1981397, 40.963143993615724 ], [ 21.1971336, 40.960294393614419 ], [ 21.1976056, 40.958511993613584 ], [ 21.1970865, 40.955103893611998 ], [ 21.2046965, 40.949769493609566 ], [ 21.2116913, 40.950182793609777 ], [ 21.2246088, 40.949171493609256 ], [ 21.2327708, 40.947104493608329 ], [ 21.2417577, 40.944001293606881 ], [ 21.2422121, 40.938870593604513 ], [ 21.2483919, 40.935498993602948 ], [ 21.2495984, 40.932447193601512 ], [ 21.2479628, 40.929014593599938 ], [ 21.2474927, 40.923435193597335 ], [ 21.2526835, 40.916951993594353 ], [ 21.2556729, 40.911964493592009 ], [ 21.2523401, 40.905925093589211 ], [ 21.2511385, 40.895999293584616 ], [ 21.2523422, 40.893433293583406 ] ] ] } },
{ "type": "Feature", "properties": { "admin_id": "2601514", "name_local": "Општина Охрид", "name_en": "Municipality of Ohrid", "name_en_status": "OSM_NAME_EN", "source_name": "Општина Охрид", "source_admin_level": "7", "source_osm_relation_id": "2601514", "source_name_en": "Municipality of Ohrid" }, "geometry": { "type": "Polygon", "coordinates": [ [ [ 20.9467942, 41.24468949374544 ], [ 20.9496033, 41.243454993744862 ], [ 20.9540707, 41.244916393745562 ], [ 20.9613644, 41.242905493744637 ], [ 20.9648255, 41.23867989374272 ], [ 20.9788642, 41.234337893740737 ], [ 20.9875955, 41.236147093741529 ], [ 20.9918614, 41.235021293741013 ], [ 20.99487, 41.238129393742419 ], [ 21.0011001, 41.238769293742784 ], [ 21.003349, 41.241054493743803 ], [ 21.0046183, 41.244064493745149 ], [ 21.0093663, 41.241511493743992 ], [ 21.0117061, 41.241107193743822 ], [ 21.0179054, 41.242151593744261 ], [ 21.0178474, 41.239748893743148 ], [ 21.0260013, 41.231487093739403 ], [ 21.0302929, 41.228130493737865 ], [ 21.0331087, 41.227433793737511 ], [ 21.0350994, 41.223869893735909 ], [ 21.03823, 41.220663293734425 ], [ 21.0392071, 41.215005593731803 ], [ 21.0355285, 41.211792593730401 ], [ 21.0313014, 41.210501193729755 ], [ 21.0288552, 41.21054969372981 ], [ 21.0289196, 41.208144393728716 ], [ 21.0262374, 41.204253793726927 ], [ 21.0243491, 41.203801793726733 ], [ 21.0188559, 41.20501259372724 ], [ 21.0178045, 41.204592793727073 ], [ 21.0177187, 41.203753293726734 ], [ 21.0157231, 41.202703993726175 ], [ 21.0110239, 41.196697993723411 ], [ 21.0076765, 41.195616193722941 ], [ 21.0046724, 41.190352293720544 ], [ 21.0012392, 41.190885193720774 ], [ 20.9996084, 41.190271593720524 ], [ 20.997806, 41.187913993719413 ], [ 20.9957246, 41.187623293719277 ], [ 20.9923128, 41.185039593718081 ], [ 20.9888152, 41.186073093718598 ], [ 20.9886435, 41.185588693718302 ], [ 20.9877638, 41.185846993718457 ], [ 20.987399, 41.184054493717639 ], [ 20.9833649, 41.181389893716407 ], [ 20.9825066, 41.175204293713549 ], [ 20.9810743, 41.174206893713134 ], [ 20.9789071, 41.17386769371295 ], [ 20.9778128, 41.172898593712546 ], [ 20.9713326, 41.171961793712057 ], [ 20.9682426, 41.170621193711483 ], [ 20.9656463, 41.171396493711818 ], [ 20.9616981, 41.168020593710246 ], [ 20.9590588, 41.167325993709966 ], [ 20.9538445, 41.167762193710161 ], [ 20.9525571, 41.167099893709818 ], [ 20.9491239, 41.168456793710497 ], [ 20.9465489, 41.168408293710463 ], [ 20.9467602, 41.169470793710943 ], [ 20.9447201, 41.170212593711234 ], [ 20.9442121, 41.169600793711012 ], [ 20.9444495, 41.167636693710079 ], [ 20.9458711, 41.163481193708165 ], [ 20.9492614, 41.15987879370654 ], [ 20.9508707, 41.159248693706246 ], [ 20.9537031, 41.159765693706476 ], [ 20.952780499999989, 41.159167893706233 ], [ 20.9527161, 41.157633193705529 ], [ 20.9494974, 41.158020893705682 ], [ 20.9479525, 41.159410293706358 ], [ 20.9361056, 41.15341649370356 ], [ 20.9319451, 41.147809893701009 ], [ 20.931988, 41.146808093700479 ], [ 20.9284495, 41.140192693697493 ], [ 20.9176543, 41.137629593696317 ], [ 20.9128816, 41.132233093693806 ], [ 20.9113457, 41.131666093693553 ], [ 20.9088995, 41.131940893693717 ], [ 20.9053805, 41.126526393691208 ], [ 20.9030845, 41.124850493690438 ], [ 20.9051659, 41.119381893687894 ], [ 20.9082558, 41.113546093685244 ], [ 20.9100153, 41.111541393684305 ], [ 20.910187, 41.10960139368342 ], [ 20.9067967, 41.108049293682718 ], [ 20.902805499999989, 41.107386393682383 ], [ 20.8989217, 41.105785793681633 ], [ 20.8966767, 41.095108793676744 ], [ 20.8925568, 41.083399993671321 ], [ 20.8950245, 41.07799769366882 ], [ 20.8948313, 41.075231693667554 ], [ 20.8929216, 41.073436193666716 ], [ 20.8921706, 41.069391993664844 ], [ 20.8942734, 41.065266693662942 ], [ 20.8951103, 41.058681793659922 ], [ 20.8980929, 41.058269193659726 ], [ 20.8969342, 41.058212593659682 ], [ 20.895341, 41.056647093658995 ], [ 20.8854275, 41.053427193657541 ], [ 20.8785825, 41.04653359365431 ], [ 20.8735614, 41.042649593652513 ], [ 20.8792262, 41.033861193648455 ], [ 20.8816295, 41.031692193647444 ], [ 20.8804279, 41.023727993643789 ], [ 20.8716946, 41.010824493637799 ], [ 20.8715444, 41.008055693636521 ], [ 20.8694523, 41.002161393633813 ], [ 20.8618456, 40.990355093628402 ], [ 20.8627468, 40.989237493627847 ], [ 20.8526187, 40.979000193623065 ], [ 20.8401733, 40.968761393618351 ], [ 20.8375984, 40.963511693615892 ], [ 20.8300453, 40.953075993611087 ], [ 20.8258396, 40.945944993607839 ], [ 20.8273845, 40.94354629360668 ], [ 20.8289295, 40.939007793604574 ], [ 20.8328777, 40.936090093603191 ], [ 20.8330493, 40.933496393602034 ], [ 20.837804, 40.927517093599228 ], [ 20.8274452, 40.912581193592359 ], [ 20.8281462, 40.908960693590636 ], [ 20.8255188, 40.904564393588565 ], [ 20.8144155, 40.899266193586136 ], [ 20.8087082, 40.89941549358619 ], [ 20.8012792, 40.898221893585621 ], [ 20.7974375, 40.899480993586245 ], [ 20.7957088, 40.900834693586887 ], [ 20.7892165, 40.902664993587685 ], [ 20.7848402, 40.902699193587729 ], [ 20.7811755, 40.903468693588096 ], [ 20.7797754, 40.90252909358766 ], [ 20.778102, 40.90232439358757 ], [ 20.7760341, 40.903221193587989 ], [ 20.7752968, 40.904796493588698 ], [ 20.75992, 40.902342093587556 ], [ 20.7326099, 40.911633893591898 ], [ 20.7317924, 40.910879393591543 ], [ 20.6748028, 41.080056693669754 ], [ 20.734621, 41.165790993709251 ], [ 20.7334432, 41.169463693710966 ], [ 20.7360084, 41.169265593710854 ], [ 20.7366199, 41.168627593710539 ], [ 20.736062, 41.165849293709286 ], [ 20.7372744, 41.165388893709093 ], [ 20.7385297, 41.16823189371037 ], [ 20.7394416, 41.167884593710198 ], [ 20.7407827, 41.169669493711027 ], [ 20.7412012, 41.169233293710839 ], [ 20.7430036, 41.169338293710858 ], [ 20.7431967, 41.170347893711352 ], [ 20.7439263, 41.170331693711319 ], [ 20.7439156, 41.169362593710886 ], [ 20.7486255, 41.16987939371112 ], [ 20.7498164, 41.166907293709734 ], [ 20.7527454, 41.1678360937102 ], [ 20.7537539, 41.164702393708708 ], [ 20.7580454, 41.164540793708689 ], [ 20.759676200000012, 41.163910793708339 ], [ 20.7591612, 41.163442293708172 ], [ 20.7599552, 41.16324849370806 ], [ 20.7603199, 41.161778493707409 ], [ 20.7618005, 41.162715393707821 ], [ 20.7639463, 41.160841493707011 ], [ 20.7686026, 41.161584593707353 ], [ 20.7700791, 41.160646393706905 ], [ 20.7704224, 41.164264993708571 ], [ 20.770873, 41.164071093708451 ], [ 20.7738341, 41.166574993709652 ], [ 20.7725467, 41.168012593710273 ], [ 20.7738771, 41.167237193709944 ], [ 20.7748641, 41.167366493709991 ], [ 20.7760872, 41.17156609371191 ], [ 20.7773532, 41.173197493712635 ], [ 20.7723536, 41.17541019371366 ], [ 20.7725252, 41.176799193714281 ], [ 20.7710447, 41.177089893714466 ], [ 20.7732333, 41.177655193714699 ], [ 20.7732333, 41.178139693714925 ], [ 20.7721175, 41.180691393716096 ], [ 20.770404, 41.181623293716555 ], [ 20.7710364, 41.182424093716861 ], [ 20.7724848, 41.183845193717566 ], [ 20.7762352, 41.185004793718079 ], [ 20.7797321, 41.184882793718018 ], [ 20.7811913, 41.186287693718675 ], [ 20.7830259, 41.186764093718885 ], [ 20.78235, 41.187418093719195 ], [ 20.7831654, 41.186893293718974 ], [ 20.7880255, 41.187054793719014 ], [ 20.788283, 41.187450393719168 ], [ 20.7898387, 41.187070893718989 ], [ 20.7906659, 41.189555593720158 ], [ 20.7941888, 41.189689993720194 ], [ 20.7947334, 41.190591893720644 ], [ 20.7947626, 41.201796893725771 ], [ 20.7914467, 41.202459193726106 ], [ 20.7921042, 41.208937193729042 ], [ 20.7951726, 41.212917793730881 ], [ 20.7930122, 41.217934493733203 ], [ 20.7910584, 41.219475193733892 ], [ 20.7918381, 41.221007993734631 ], [ 20.795843, 41.223016193735525 ], [ 20.796382, 41.224958493736409 ], [ 20.7975405, 41.225997593736906 ], [ 20.8004366, 41.225832693736812 ], [ 20.8027144, 41.227389893737517 ], [ 20.805595, 41.2279844937378 ], [ 20.8065656, 41.2292913937384 ], [ 20.8090547, 41.230733593739032 ], [ 20.8104402, 41.230353893738879 ], [ 20.8109842, 41.230674793739034 ], [ 20.8124519, 41.233002893740107 ], [ 20.8184008, 41.236770193741819 ], [ 20.8184008, 41.238088693742426 ], [ 20.8212813, 41.240537293743557 ], [ 20.8244977, 41.242100293744244 ], [ 20.8231599, 41.247976693746971 ], [ 20.8201212, 41.250349393748053 ], [ 20.8237316, 41.250425893748051 ], [ 20.8265466, 41.249715793747747 ], [ 20.8361267, 41.25115639374841 ], [ 20.8388582, 41.25001719374788 ], [ 20.8392018, 41.249156093747501 ], [ 20.8402612, 41.249640493747719 ], [ 20.8407622, 41.24913459374747 ], [ 20.842065, 41.250189393747981 ], [ 20.8435252, 41.249758893747789 ], [ 20.8438688, 41.250210893747976 ], [ 20.8453862, 41.250178593747947 ], [ 20.8484999, 41.252799393749164 ], [ 20.8490941, 41.254085593749771 ], [ 20.8502966, 41.25438689374991 ], [ 20.8517826, 41.257110293751126 ], [ 20.8559156, 41.256603993750893 ], [ 20.858163199999989, 41.257217393751169 ], [ 20.8613985, 41.255011093750198 ], [ 20.8632593, 41.255023293750206 ], [ 20.865815, 41.254077493749769 ], [ 20.8676474, 41.258436193751741 ], [ 20.8734487, 41.259062193752044 ], [ 20.87565, 41.261546293753156 ], [ 20.8799161, 41.263537093754039 ], [ 20.8818058, 41.263074393753861 ], [ 20.8868364, 41.263473693754094 ], [ 20.8952341, 41.262450193753615 ], [ 20.8984229, 41.261223493753008 ], [ 20.9022775, 41.260545493752709 ], [ 20.9044583, 41.258438693751728 ], [ 20.9096752, 41.258619093751832 ], [ 20.9170765, 41.25509989375022 ], [ 20.919453, 41.254281993749871 ], [ 20.9206014, 41.25475009375009 ], [ 20.9202511, 41.253967193749709 ], [ 20.9233862, 41.251502493748603 ], [ 20.9276094, 41.24967279374772 ], [ 20.9416962, 41.247218693746632 ], [ 20.9442565, 41.246451093746259 ], [ 20.9441073, 41.244737493745461 ], [ 20.9467942, 41.24468949374544 ] ] ] } },
{ "type": "Feature", "properties": { "admin_id": "2603059", "name_local": "Општина Дебарца", "name_en": "Municipality of Debarca", "name_en_status": "OSM_NAME_EN", "source_name": "Општина Дебарца", "source_admin_level": "7", "source_osm_relation_id": "2603059", "source_name_en": "Municipality of Debarca" }, "geometry": { "type": "Polygon", "coordinates": [ [ [ 20.7353235, 41.169304693710878 ], [ 20.7342908, 41.174381993713162 ], [ 20.7343445, 41.179679393715652 ], [ 20.7354817, 41.18210189371672 ], [ 20.7344303, 41.182844693717087 ], [ 20.734559, 41.185468993718288 ], [ 20.737091, 41.191144993720904 ], [ 20.7382766, 41.190947193720781 ], [ 20.7388559, 41.19288479372171 ], [ 20.7397572, 41.192755593721635 ], [ 20.7405015, 41.194539293722471 ], [ 20.737091, 41.195310793722832 ], [ 20.7378528, 41.196739693723494 ], [ 20.7351813, 41.197651993723852 ], [ 20.7349024, 41.198620693724294 ], [ 20.7342506, 41.198255393724146 ], [ 20.7334218, 41.198862893724474 ], [ 20.7330195, 41.198392693724252 ], [ 20.7322684, 41.198713593724349 ], [ 20.7327459, 41.199746893724864 ], [ 20.7311151, 41.199799293724887 ], [ 20.7305572, 41.200428993725183 ], [ 20.7324937, 41.201377493725609 ], [ 20.7303051, 41.201651893725689 ], [ 20.7294897, 41.202426893726091 ], [ 20.7261664, 41.202029293725886 ], [ 20.7251016, 41.20217659372598 ], [ 20.7256246, 41.202562093726151 ], [ 20.7242433, 41.202523793726101 ], [ 20.7274834, 41.20711669372821 ], [ 20.7252089, 41.207366893728306 ], [ 20.7237068, 41.205825193727613 ], [ 20.7239107, 41.206624293728034 ], [ 20.7207081, 41.206789793728092 ], [ 20.7198552, 41.207681693728468 ], [ 20.7234306, 41.20919709372918 ], [ 20.7234627, 41.211017193730015 ], [ 20.7228351, 41.212478093730674 ], [ 20.7212794, 41.211416693730179 ], [ 20.7206732, 41.21167099373033 ], [ 20.7223577, 41.213329593731054 ], [ 20.7212472, 41.213022893730908 ], [ 20.7205123, 41.213591893731184 ], [ 20.7193536, 41.212808993730832 ], [ 20.7181332, 41.213896493731312 ], [ 20.7223925, 41.216136093732388 ], [ 20.7221136, 41.21771799373311 ], [ 20.723444, 41.218589493733525 ], [ 20.7234869, 41.219428793733847 ], [ 20.7267055, 41.220865293734512 ], [ 20.7267914, 41.222124193735127 ], [ 20.7295379, 41.222850493735422 ], [ 20.7295379, 41.223463793735739 ], [ 20.7308254, 41.223528293735754 ], [ 20.7316408, 41.224932393736395 ], [ 20.7326278, 41.225093793736477 ], [ 20.733057, 41.226158993736952 ], [ 20.732027, 41.226255793736989 ], [ 20.731791, 41.22730479373751 ], [ 20.7350311, 41.227288693737499 ], [ 20.7354388, 41.227901893737744 ], [ 20.7339797, 41.228563593738031 ], [ 20.7348594, 41.228902493738175 ], [ 20.7350526, 41.230032093738728 ], [ 20.7373056, 41.230015993738711 ], [ 20.73737, 41.230709893739061 ], [ 20.7407952, 41.230637193738993 ], [ 20.7405184, 41.229273493738376 ], [ 20.7438508, 41.228868493738204 ], [ 20.7447273, 41.232910093740038 ], [ 20.7468474, 41.232808393740022 ], [ 20.7493756, 41.237043593741944 ], [ 20.7503197, 41.237003193741899 ], [ 20.7504914, 41.238455493742613 ], [ 20.7516501, 41.239165393742944 ], [ 20.7524875, 41.240723693743618 ], [ 20.7517365, 41.24097239374376 ], [ 20.7517212, 41.241997593744223 ], [ 20.7569716, 41.242198793744315 ], [ 20.7572934, 41.24295709374465 ], [ 20.7559523, 41.243731593745004 ], [ 20.7577762, 41.244675393745432 ], [ 20.7562849, 41.244280193745283 ], [ 20.7567785, 41.244570593745394 ], [ 20.7561562, 41.245111093745628 ], [ 20.7570038, 41.245982293746025 ], [ 20.7561562, 41.246780893746404 ], [ 20.7559117, 41.248966693747384 ], [ 20.7582484, 41.250510093748133 ], [ 20.7579168, 41.251834393748688 ], [ 20.759219, 41.254886793750124 ], [ 20.7590708, 41.260326893752612 ], [ 20.763875499999987, 41.268937393756552 ], [ 20.7636905, 41.272925393758385 ], [ 20.7667855, 41.282086993762526 ], [ 20.7657623, 41.281382993762271 ], [ 20.763623, 41.282391593762682 ], [ 20.7612245, 41.281687593762378 ], [ 20.7591981, 41.283292793763088 ], [ 20.7563944, 41.283202893763054 ], [ 20.7550257, 41.284480993763658 ], [ 20.7548862, 41.286003693764336 ], [ 20.7538697, 41.287062093764824 ], [ 20.7523549, 41.287441493765009 ], [ 20.751737, 41.289058993765735 ], [ 20.7444436, 41.29148759376686 ], [ 20.7469562, 41.293345293767686 ], [ 20.7463089, 41.294570093768314 ], [ 20.7465016, 41.297812193769786 ], [ 20.7448273, 41.29973889377063 ], [ 20.742305, 41.300535993770993 ], [ 20.7388134, 41.30481589377294 ], [ 20.7365091, 41.305361493773205 ], [ 20.7336057, 41.310032793775349 ], [ 20.731453, 41.310446993775514 ], [ 20.7304897, 41.312772593776579 ], [ 20.7295728, 41.313181793776764 ], [ 20.7286094, 41.312647793776542 ], [ 20.7252356, 41.31292889377665 ], [ 20.7254336, 41.314424393777344 ], [ 20.7236397, 41.317268793778631 ], [ 20.7255524, 41.318144393779022 ], [ 20.7252843, 41.322951693781249 ], [ 20.7283738, 41.327157893783173 ], [ 20.7312933, 41.328785393783882 ], [ 20.7306292, 41.333823593786221 ], [ 20.7317228, 41.336757693787554 ], [ 20.730721599999988, 41.339472993788767 ], [ 20.7268306, 41.344607393791115 ], [ 20.7255948, 41.347512093792432 ], [ 20.7259193, 41.354259193795507 ], [ 20.7246863, 41.358838093797637 ], [ 20.721409, 41.362345193799207 ], [ 20.7192675, 41.363733293799868 ], [ 20.7159688, 41.372522993803834 ], [ 20.716078, 41.37559529380524 ], [ 20.7130955, 41.380624593807532 ], [ 20.7119304, 41.385121493809621 ], [ 20.7089009, 41.388029493810919 ], [ 20.707226, 41.3913586938124 ], [ 20.7081431, 41.393560293813444 ], [ 20.7078374, 41.39626639381467 ], [ 20.7030378, 41.402728293817567 ], [ 20.6996827, 41.404609993818426 ], [ 20.6964187, 41.408526893820216 ], [ 20.6965374, 41.410618793821229 ], [ 20.6954284, 41.411782993821738 ], [ 20.6914924, 41.412701293822181 ], [ 20.6876505, 41.417773093824437 ], [ 20.6866268, 41.423168893826926 ], [ 20.6840304, 41.426717593828528 ], [ 20.6843272, 41.429120393829621 ], [ 20.6826271, 41.430319293830181 ], [ 20.6838327, 41.43060509383028 ], [ 20.6889473, 41.43747479383341 ], [ 20.7028453, 41.436315793832911 ], [ 20.705904, 41.436732693833029 ], [ 20.7083138, 41.437779193833535 ], [ 20.7188485, 41.435375993832452 ], [ 20.7239733, 41.435542993832513 ], [ 20.7359856, 41.432290093831057 ], [ 20.7420691, 41.435244693832381 ], [ 20.7444723, 41.434731693832148 ], [ 20.7513796, 41.435829393832648 ], [ 20.7536077, 41.435698193832586 ], [ 20.7590508, 41.439301393834249 ], [ 20.762584, 41.43849009383387 ], [ 20.7699276, 41.438148093833739 ], [ 20.7735497, 41.436688493833081 ], [ 20.7790883, 41.435566893832529 ], [ 20.7835128, 41.438645193833977 ], [ 20.7883988, 41.439003093834131 ], [ 20.7893855, 41.439885993834473 ], [ 20.7917888, 41.439802493834463 ], [ 20.7936031, 41.44159209383529 ], [ 20.7970249, 41.442319893835617 ], [ 20.7979739, 41.443296193836083 ], [ 20.8088844, 41.439427593834289 ], [ 20.8111531, 41.437479193833411 ], [ 20.8131134, 41.437380093833355 ], [ 20.8158446, 41.436339793832907 ], [ 20.820404, 41.436868193833135 ], [ 20.8219238, 41.436455393832965 ], [ 20.8234656, 41.435596793832524 ], [ 20.8226362, 41.433837993831766 ], [ 20.8288619, 41.435002293832305 ], [ 20.829919199999988, 41.434077593831873 ], [ 20.8352019, 41.43275329383129 ], [ 20.8390819, 41.433334493831531 ], [ 20.8415268, 41.43498579383224 ], [ 20.8450372, 41.435990993832725 ], [ 20.8451033, 41.433150793831445 ], [ 20.8442883, 41.432242493831062 ], [ 20.8512925, 41.430954393830433 ], [ 20.8535171, 41.42973239382988 ], [ 20.8563585, 41.429567193829811 ], [ 20.8566228, 41.429980093829975 ], [ 20.8604994, 41.428757993829478 ], [ 20.8626359, 41.429071793829586 ], [ 20.8642438, 41.430211293830112 ], [ 20.8668428, 41.429451593829739 ], [ 20.8674595, 41.430194793830076 ], [ 20.869574, 41.430392993830175 ], [ 20.8702568, 41.429682793829862 ], [ 20.8745078, 41.431202093830549 ], [ 20.8797059, 41.430508593830254 ], [ 20.8837807, 41.432424193831132 ], [ 20.8847744, 41.432360193831087 ], [ 20.8849202, 41.43131879383062 ], [ 20.8867917, 41.431430193830657 ], [ 20.8871482, 41.430606093830306 ], [ 20.8888711, 41.43131879383062 ], [ 20.892317, 41.429648393829837 ], [ 20.8883661, 41.427064693828669 ], [ 20.8895024, 41.424525493827481 ], [ 20.8876012, 41.422008393826403 ], [ 20.8865912, 41.421763393826261 ], [ 20.8876309, 41.419647193825305 ], [ 20.888640899999988, 41.419869893825386 ], [ 20.8889379, 41.418867493824955 ], [ 20.8896806, 41.41868929382489 ], [ 20.8921462, 41.418466493824781 ], [ 20.8934533, 41.418867493824962 ], [ 20.8955388, 41.418309993824714 ], [ 20.8958226, 41.412894393822221 ], [ 20.8925013, 41.404469793818436 ], [ 20.8943211, 41.403923693818143 ], [ 20.8946884, 41.401966693817265 ], [ 20.8971406, 41.401407093817021 ], [ 20.8974772, 41.400500393816614 ], [ 20.898885, 41.400626593816632 ], [ 20.8994321, 41.399521793816156 ], [ 20.903382, 41.399167393815993 ], [ 20.9082522, 41.397305793815129 ], [ 20.9072803, 41.396776893814909 ], [ 20.9070801, 41.391694793812583 ], [ 20.9090955, 41.388176193810978 ], [ 20.9107158, 41.382706693808494 ], [ 20.9094045, 41.380828493807648 ], [ 20.9095639, 41.374807093804911 ], [ 20.9109055, 41.36930389380241 ], [ 20.9131594, 41.366068893800879 ], [ 20.9141131, 41.362803393799389 ], [ 20.9148069, 41.361919593799001 ], [ 20.9195666, 41.359716793797993 ], [ 20.9255863, 41.358195693797342 ], [ 20.9346593, 41.354080393795428 ], [ 20.9373279, 41.351440193794218 ], [ 20.9439183, 41.339634193788839 ], [ 20.9431688, 41.337210893787734 ], [ 20.9448482, 41.333295493785954 ], [ 20.9486687, 41.330809893784803 ], [ 20.9504402, 41.328439093783764 ], [ 20.9512746, 41.325798393782513 ], [ 20.9546893, 41.324000793781742 ], [ 20.953561, 41.321122493780415 ], [ 20.9543329, 41.316981493778492 ], [ 20.9570051, 41.314490993777376 ], [ 20.9577018, 41.312186093776319 ], [ 20.9639559, 41.307059293774017 ], [ 20.9641438, 41.305530493773297 ], [ 20.9655997, 41.303307793772291 ], [ 20.9645821, 41.301978793771625 ], [ 20.9658972, 41.298732793770199 ], [ 20.9649185, 41.296081393768965 ], [ 20.9674314, 41.294874993768417 ], [ 20.9652441, 41.293753993767915 ], [ 20.9674523, 41.292637593767381 ], [ 20.9734355, 41.294457293768218 ], [ 20.9764879, 41.293111093767628 ], [ 20.9791305, 41.292758993767414 ], [ 20.9780434, 41.291916593767041 ], [ 20.97976, 41.291419693766876 ], [ 20.982506, 41.289246293765828 ], [ 20.9839222, 41.289775093766046 ], [ 20.985465, 41.289055293765763 ], [ 20.9866088, 41.289805393766088 ], [ 20.9895143, 41.287788093765201 ], [ 20.9924008, 41.287364693764985 ], [ 20.9980088, 41.281686593762402 ], [ 20.996886, 41.275621993759628 ], [ 20.9989919, 41.274170593758953 ], [ 21.0040798, 41.268052093756111 ], [ 21.0088599, 41.266944393755651 ], [ 21.0104984, 41.265981093755194 ], [ 21.0121735, 41.263180493753907 ], [ 21.0135906, 41.262160593753443 ], [ 21.0140313, 41.259630493752262 ], [ 21.0178079, 41.254489393749957 ], [ 21.0165923, 41.24381199374502 ], [ 21.0179054, 41.242151593744261 ], [ 21.0117061, 41.241107193743822 ], [ 21.0093663, 41.241511493743992 ], [ 21.0046183, 41.244064493745149 ], [ 21.003349, 41.241054493743803 ], [ 21.0011001, 41.238769293742784 ], [ 20.99487, 41.238129393742419 ], [ 20.9918614, 41.235021293741013 ], [ 20.9875955, 41.236147093741529 ], [ 20.9788642, 41.234337893740737 ], [ 20.9648255, 41.23867989374272 ], [ 20.9613644, 41.242905493744637 ], [ 20.9540707, 41.244916393745562 ], [ 20.9496033, 41.243454993744862 ], [ 20.9467942, 41.24468949374544 ], [ 20.9441073, 41.244737493745461 ], [ 20.9442565, 41.246451093746259 ], [ 20.93262, 41.249123793747515 ], [ 20.9276094, 41.24967279374772 ], [ 20.9233862, 41.251502493748603 ], [ 20.9202511, 41.253967193749709 ], [ 20.9206014, 41.25475009375009 ], [ 20.919453, 41.254281993749871 ], [ 20.9170765, 41.25509989375022 ], [ 20.9096752, 41.258619093751832 ], [ 20.9044583, 41.258438693751728 ], [ 20.9022775, 41.260545493752709 ], [ 20.8984229, 41.261223493753008 ], [ 20.8952341, 41.262450193753615 ], [ 20.8868364, 41.263473693754094 ], [ 20.8818058, 41.263074393753861 ], [ 20.8799161, 41.263537093754039 ], [ 20.87565, 41.261546293753156 ], [ 20.8734487, 41.259062193752044 ], [ 20.8676474, 41.258436193751741 ], [ 20.865815, 41.254077493749769 ], [ 20.8632593, 41.255023293750206 ], [ 20.8613985, 41.255011093750198 ], [ 20.858163199999989, 41.257217393751169 ], [ 20.8559156, 41.256603993750893 ], [ 20.8517826, 41.257110293751126 ], [ 20.8502966, 41.25438689374991 ], [ 20.8490941, 41.254085593749771 ], [ 20.8484999, 41.252799393749164 ], [ 20.8453862, 41.250178593747947 ], [ 20.8438688, 41.250210893747976 ], [ 20.8435252, 41.249758893747789 ], [ 20.842065, 41.250189393747981 ], [ 20.8407622, 41.24913459374747 ], [ 20.8402612, 41.249640493747719 ], [ 20.8392018, 41.249156093747501 ], [ 20.8388582, 41.25001719374788 ], [ 20.8361267, 41.25115639374841 ], [ 20.8265466, 41.249715793747747 ], [ 20.8237316, 41.250425893748051 ], [ 20.8201212, 41.250349393748053 ], [ 20.8231599, 41.247976693746971 ], [ 20.8244977, 41.242100293744244 ], [ 20.8212813, 41.240537293743557 ], [ 20.8184008, 41.238088693742426 ], [ 20.8184008, 41.236770193741819 ], [ 20.8124519, 41.233002893740107 ], [ 20.8109842, 41.230674793739034 ], [ 20.8104402, 41.230353893738879 ], [ 20.8090547, 41.230733593739032 ], [ 20.8065656, 41.2292913937384 ], [ 20.805595, 41.2279844937378 ], [ 20.8027144, 41.227389893737517 ], [ 20.8004366, 41.225832693736812 ], [ 20.7975405, 41.225997593736906 ], [ 20.796382, 41.224958493736409 ], [ 20.795843, 41.223016193735525 ], [ 20.7918381, 41.221007993734631 ], [ 20.7910584, 41.219475193733892 ], [ 20.7930122, 41.217934493733203 ], [ 20.7951726, 41.212917793730881 ], [ 20.7921042, 41.208937193729042 ], [ 20.7914467, 41.202459193726106 ], [ 20.7947626, 41.201796893725771 ], [ 20.7947334, 41.190591893720644 ], [ 20.7941888, 41.189689993720194 ], [ 20.7906659, 41.189555593720158 ], [ 20.7898387, 41.187070893718989 ], [ 20.788283, 41.187450393719168 ], [ 20.7880255, 41.187054793719014 ], [ 20.7831654, 41.186893293718974 ], [ 20.78235, 41.187418093719195 ], [ 20.7830259, 41.186764093718885 ], [ 20.7811913, 41.186287693718675 ], [ 20.7797321, 41.184882793718018 ], [ 20.7762352, 41.185004793718079 ], [ 20.7724848, 41.183845193717566 ], [ 20.7710364, 41.182424093716861 ], [ 20.770404, 41.181623293716555 ], [ 20.7721175, 41.180691393716096 ], [ 20.7732333, 41.178139693714925 ], [ 20.7732333, 41.177655193714699 ], [ 20.7710447, 41.177089893714466 ], [ 20.7725252, 41.176799193714281 ], [ 20.7723536, 41.17541019371366 ], [ 20.7773532, 41.173197493712635 ], [ 20.7760872, 41.17156609371191 ], [ 20.7748641, 41.167366493709991 ], [ 20.7738771, 41.167237193709944 ], [ 20.7725467, 41.168012593710273 ], [ 20.7738341, 41.166574993709652 ], [ 20.770873, 41.164071093708451 ], [ 20.7704224, 41.164264993708571 ], [ 20.7700791, 41.160646393706905 ], [ 20.7686026, 41.161584593707353 ], [ 20.7639463, 41.160841493707011 ], [ 20.7618005, 41.162715393707821 ], [ 20.7603199, 41.161778493707409 ], [ 20.7599552, 41.16324849370806 ], [ 20.7591612, 41.163442293708172 ], [ 20.759676200000012, 41.163910793708339 ], [ 20.7580454, 41.164540793708689 ], [ 20.7537539, 41.164702393708708 ], [ 20.7527454, 41.1678360937102 ], [ 20.7498164, 41.166907293709734 ], [ 20.7486255, 41.16987939371112 ], [ 20.7439156, 41.169362593710886 ], [ 20.7439263, 41.170331693711319 ], [ 20.7431967, 41.170347893711352 ], [ 20.7430036, 41.169338293710858 ], [ 20.7412012, 41.169233293710839 ], [ 20.7407827, 41.169669493711027 ], [ 20.7394416, 41.167884593710198 ], [ 20.7385297, 41.16823189371037 ], [ 20.7372744, 41.165388893709093 ], [ 20.736062, 41.165849293709286 ], [ 20.7366199, 41.168627593710539 ], [ 20.7353235, 41.169304693710878 ] ] ] } },
{ "type": "Feature", "properties": { "admin_id": "2603187", "name_local": "Општина Вевчани", "name_en": "Municipality of Vevchani", "name_en_status": "OSM_NAME_EN", "source_name": "Општина Вевчани", "source_admin_level": "7", "source_osm_relation_id": "2603187", "source_name_en": "Municipality of Vevchani" }, "geometry": { "type": "Polygon", "coordinates": [ [ [ 20.521823, 41.246201293746132 ], [ 20.5180303, 41.24136799374395 ], [ 20.5155626, 41.240908193743728 ], [ 20.5163475, 41.240238993743432 ], [ 20.517323, 41.236308493741646 ], [ 20.5193785, 41.234683893740844 ], [ 20.5192752, 41.233211393740163 ], [ 20.5200928, 41.232827693740006 ], [ 20.5214498, 41.233739193740391 ], [ 20.5221266, 41.233229693740192 ], [ 20.5223748, 41.232231393739738 ], [ 20.5216985, 41.231495393739422 ], [ 20.5223355, 41.230746993739068 ], [ 20.5190907, 41.229952393738678 ], [ 20.5207306, 41.22877249373812 ], [ 20.5219471, 41.229188593738336 ], [ 20.5231424, 41.228700493738096 ], [ 20.5253403, 41.229033293738254 ], [ 20.5322775, 41.226871193737288 ], [ 20.5348686, 41.228408893737992 ], [ 20.5362418, 41.228077293737847 ], [ 20.5376952, 41.229739293738568 ], [ 20.5409728, 41.230422693738902 ], [ 20.5424484, 41.226884893737321 ], [ 20.5462877, 41.225039293736465 ], [ 20.5511291, 41.224799693736344 ], [ 20.5546116, 41.228776793738206 ], [ 20.5576084, 41.22875789373817 ], [ 20.557868, 41.229429593738502 ], [ 20.5590317, 41.229779693738593 ], [ 20.5596719, 41.22894209373824 ], [ 20.5623413, 41.227772793737699 ], [ 20.5638816, 41.228482993738012 ], [ 20.5655327, 41.228186893737892 ], [ 20.5676024, 41.230420793738894 ], [ 20.572699, 41.232430893739853 ], [ 20.571636, 41.229825693738626 ], [ 20.572013, 41.229003793738251 ], [ 20.5744844, 41.228076593737789 ], [ 20.5750254, 41.226826993737255 ], [ 20.5769447, 41.226426993737064 ], [ 20.5799487, 41.228492693738026 ], [ 20.583618, 41.229380293738451 ], [ 20.5892044, 41.229521693738519 ], [ 20.5917777, 41.228429393737983 ], [ 20.5931776, 41.228717593738146 ], [ 20.5907849, 41.23134909373934 ], [ 20.592759, 41.232736893739968 ], [ 20.5951837, 41.233188693740189 ], [ 20.5974367, 41.235883593741448 ], [ 20.5996254, 41.235576993741269 ], [ 20.6055263, 41.237029193741932 ], [ 20.618079, 41.237981193742414 ], [ 20.6207741, 41.23675809374182 ], [ 20.6232113, 41.237055793741966 ], [ 20.6233147, 41.237561693742194 ], [ 20.6249455, 41.237981193742414 ], [ 20.6247953, 41.23936889374302 ], [ 20.630267, 41.239643193743134 ], [ 20.629473, 41.241676193744055 ], [ 20.6274346, 41.241982793744192 ], [ 20.6285289, 41.242708793744569 ], [ 20.6263037, 41.245046693745607 ], [ 20.626984, 41.245661393745898 ], [ 20.6276921, 41.245354793745747 ], [ 20.6396365, 41.248153193747015 ], [ 20.6399915, 41.24750469374672 ], [ 20.6415069, 41.248267593747073 ], [ 20.6419314, 41.249336493747592 ], [ 20.6438712, 41.249391393747587 ], [ 20.6437639, 41.248116793747037 ], [ 20.6457079, 41.248604093747232 ], [ 20.6460684, 41.249985093747902 ], [ 20.6476325, 41.251182793748441 ], [ 20.6469042, 41.251574293748583 ], [ 20.6484598, 41.253001693749233 ], [ 20.6471509, 41.254785893750096 ], [ 20.6476048, 41.257171893751178 ], [ 20.6470164, 41.258349593751696 ], [ 20.6421882, 41.260524393752704 ], [ 20.641921, 41.261234693753011 ], [ 20.643379, 41.263417093754022 ], [ 20.641961, 41.264268993754456 ], [ 20.6416581, 41.26377959375418 ], [ 20.6382678, 41.263533193754078 ], [ 20.636975, 41.264008993754288 ], [ 20.6356582, 41.261095593752934 ], [ 20.6324771, 41.260051093752473 ], [ 20.6296018, 41.255437693750402 ], [ 20.6255248, 41.25417949374981 ], [ 20.621877, 41.254195593749806 ], [ 20.6203106, 41.252888893749187 ], [ 20.6161925, 41.251181293748417 ], [ 20.6144387, 41.251926993748746 ], [ 20.6140664, 41.251469293748571 ], [ 20.6120923, 41.251920993748747 ], [ 20.611513, 41.250952993748314 ], [ 20.6107405, 41.251001393748346 ], [ 20.6078008, 41.248533093747191 ], [ 20.6035951, 41.249259093747526 ], [ 20.6029299, 41.24859769374725 ], [ 20.5955675, 41.249230093747556 ], [ 20.5946043, 41.251420893748517 ], [ 20.5913642, 41.254114893749787 ], [ 20.5868367, 41.254582793749954 ], [ 20.585914, 41.254921493750089 ], [ 20.585785199999989, 41.255615193750479 ], [ 20.5758932, 41.256163593750721 ], [ 20.570958, 41.255647393750465 ], [ 20.5671385, 41.255970093750641 ], [ 20.5636195, 41.254582793749968 ], [ 20.5594567, 41.255163493750246 ], [ 20.5552295, 41.254243993749853 ], [ 20.5513027, 41.255679693750515 ], [ 20.5490068, 41.255034393750158 ], [ 20.5438998, 41.254889293750118 ], [ 20.5401877, 41.25355029374952 ], [ 20.5370119, 41.253372893749429 ], [ 20.5328277, 41.249759193747778 ], [ 20.5279139, 41.249242993747551 ], [ 20.5269483, 41.248258893747064 ], [ 20.521823, 41.246201293746132 ] ], [ [ 20.6410585, 41.262668993753692 ], [ 20.6419663, 41.263039893753863 ], [ 20.640869599999988, 41.262904393753743 ], [ 20.6410585, 41.262668993753692 ] ], [ [ 20.6399943, 41.262313993753502 ], [ 20.6408589, 41.26276729375374 ], [ 20.6407838, 41.262891393753755 ], [ 20.6397647, 41.262652793753688 ], [ 20.6399943, 41.262313993753502 ] ] ] } },
{ "type": "Feature", "properties": { "admin_id": "2603188", "name_local": "Општина Струга", "name_en": "Municipality of Struga", "name_en_status": "OSM_NAME_EN", "source_name": "Општина Струга", "source_admin_level": "7", "source_osm_relation_id": "2603188", "source_name_en": "Municipality of Struga" }, "geometry": { "type": "MultiPolygon", "coordinates": [ [ [ [ 20.6410585, 41.262668993753692 ], [ 20.6419663, 41.263039893753863 ], [ 20.640869599999988, 41.262904393753743 ], [ 20.6410585, 41.262668993753692 ] ] ], [ [ [ 20.6399943, 41.262313993753502 ], [ 20.6408589, 41.26276729375374 ], [ 20.6407838, 41.262891393753755 ], [ 20.6397647, 41.262652793753688 ], [ 20.6399943, 41.262313993753502 ] ] ], [ [ [ 20.5599475, 41.40849209382025 ], [ 20.5644644, 41.409755493820803 ], [ 20.5736582, 41.410520793821149 ], [ 20.5760394, 41.411804093821722 ], [ 20.5824186, 41.413348393822446 ], [ 20.5888935, 41.413175393822335 ], [ 20.5955883, 41.411694893821711 ], [ 20.5980345, 41.412274293821952 ], [ 20.6022402, 41.411694893821711 ], [ 20.6060596, 41.412467393822041 ], [ 20.6119176, 41.411936293821796 ], [ 20.6171318, 41.412612193822099 ], [ 20.6198569, 41.414173193822812 ], [ 20.6211873, 41.414012193822757 ], [ 20.6222602, 41.412531693822082 ], [ 20.6220885, 41.411533993821593 ], [ 20.6232472, 41.411083393821428 ], [ 20.6257149, 41.410552293821155 ], [ 20.6291266, 41.410874193821329 ], [ 20.6333753, 41.409876393820873 ], [ 20.6362935, 41.409860293820842 ], [ 20.6438895, 41.411710993821671 ], [ 20.6494471, 41.411952393821771 ], [ 20.6557985, 41.416812193824043 ], [ 20.6579228, 41.419322393825119 ], [ 20.657794099999986, 41.42126939382603 ], [ 20.6618067, 41.42336109382699 ], [ 20.6626435, 41.422540493826624 ], [ 20.6642314, 41.423087593826864 ], [ 20.6649395, 41.424648293827552 ], [ 20.6660553, 41.425500993827995 ], [ 20.6672784, 41.425468893827933 ], [ 20.6676217, 41.426852493828576 ], [ 20.6688019, 41.426788193828529 ], [ 20.6716557, 41.429410593829715 ], [ 20.6784793, 41.428992293829552 ], [ 20.6826271, 41.430319293830181 ], [ 20.6843272, 41.429120393829621 ], [ 20.6840304, 41.426717593828528 ], [ 20.6866268, 41.423168893826926 ], [ 20.6876505, 41.417773093824437 ], [ 20.6914924, 41.412701293822181 ], [ 20.6954284, 41.411782993821738 ], [ 20.6965374, 41.410618793821229 ], [ 20.6964187, 41.408526893820216 ], [ 20.6996827, 41.404609993818426 ], [ 20.7030378, 41.402728293817567 ], [ 20.7078374, 41.39626639381467 ], [ 20.7081431, 41.393560293813444 ], [ 20.707226, 41.3913586938124 ], [ 20.7089009, 41.388029493810919 ], [ 20.7119304, 41.385121493809621 ], [ 20.7130955, 41.380624593807532 ], [ 20.716078, 41.37559529380524 ], [ 20.7159688, 41.372522993803834 ], [ 20.7192675, 41.363733293799868 ], [ 20.721409, 41.362345193799207 ], [ 20.7246863, 41.358838093797637 ], [ 20.7259193, 41.354259193795507 ], [ 20.7255948, 41.347512093792432 ], [ 20.7268306, 41.344607393791115 ], [ 20.730721599999988, 41.339472993788767 ], [ 20.7317228, 41.336757693787554 ], [ 20.7306292, 41.333823593786221 ], [ 20.7312933, 41.328785393783882 ], [ 20.7283738, 41.327157893783173 ], [ 20.7252843, 41.322951693781249 ], [ 20.7255524, 41.318144393779022 ], [ 20.7236397, 41.317268793778631 ], [ 20.7254336, 41.314424393777344 ], [ 20.7252356, 41.31292889377665 ], [ 20.7286094, 41.312647793776542 ], [ 20.7295728, 41.313181793776764 ], [ 20.7304897, 41.312772593776579 ], [ 20.731453, 41.310446993775514 ], [ 20.7336057, 41.310032793775349 ], [ 20.7365091, 41.305361493773205 ], [ 20.7388134, 41.30481589377294 ], [ 20.742305, 41.300535993770993 ], [ 20.7448273, 41.29973889377063 ], [ 20.7465016, 41.297812193769786 ], [ 20.7463089, 41.294570093768314 ], [ 20.7469562, 41.293345293767686 ], [ 20.7444436, 41.29148759376686 ], [ 20.751737, 41.289058993765735 ], [ 20.7523549, 41.287441493765009 ], [ 20.7538697, 41.287062093764824 ], [ 20.7548862, 41.286003693764336 ], [ 20.7550257, 41.284480993763658 ], [ 20.7563944, 41.283202893763054 ], [ 20.7591981, 41.283292793763088 ], [ 20.7612245, 41.281687593762378 ], [ 20.763623, 41.282391593762682 ], [ 20.7657623, 41.281382993762271 ], [ 20.7667855, 41.282086993762526 ], [ 20.7636905, 41.272925393758385 ], [ 20.763875499999987, 41.268937393756552 ], [ 20.7590708, 41.260326893752612 ], [ 20.759219, 41.254886793750124 ], [ 20.7579168, 41.251834393748688 ], [ 20.7582484, 41.250510093748133 ], [ 20.7559117, 41.248966693747384 ], [ 20.7561562, 41.246780893746404 ], [ 20.7570038, 41.245982293746025 ], [ 20.7561562, 41.245111093745628 ], [ 20.7567785, 41.244570593745394 ], [ 20.7562849, 41.244280193745283 ], [ 20.7577762, 41.244675393745432 ], [ 20.7559523, 41.243731593745004 ], [ 20.7572934, 41.24295709374465 ], [ 20.7569716, 41.242198793744315 ], [ 20.7517212, 41.241997593744223 ], [ 20.7517365, 41.24097239374376 ], [ 20.7524875, 41.240723693743618 ], [ 20.7516501, 41.239165393742944 ], [ 20.7504914, 41.238455493742613 ], [ 20.7503197, 41.237003193741899 ], [ 20.7493756, 41.237043593741944 ], [ 20.7468474, 41.232808393740022 ], [ 20.7447273, 41.232910093740038 ], [ 20.7438508, 41.228868493738204 ], [ 20.7405184, 41.229273493738376 ], [ 20.7407952, 41.230637193738993 ], [ 20.73737, 41.230709893739061 ], [ 20.7373056, 41.230015993738711 ], [ 20.7350526, 41.230032093738728 ], [ 20.7348594, 41.228902493738175 ], [ 20.7339797, 41.228563593738031 ], [ 20.7354388, 41.227901893737744 ], [ 20.7350311, 41.227288693737499 ], [ 20.731791, 41.22730479373751 ], [ 20.732027, 41.226255793736989 ], [ 20.733057, 41.226158993736952 ], [ 20.7326278, 41.225093793736477 ], [ 20.7316408, 41.224932393736395 ], [ 20.7308254, 41.223528293735754 ], [ 20.7295379, 41.223463793735739 ], [ 20.7295379, 41.222850493735422 ], [ 20.7267914, 41.222124193735127 ], [ 20.7267055, 41.220865293734512 ], [ 20.7234869, 41.219428793733847 ], [ 20.723444, 41.218589493733525 ], [ 20.7221136, 41.21771799373311 ], [ 20.7223925, 41.216136093732388 ], [ 20.7181332, 41.213896493731312 ], [ 20.7193536, 41.212808993730832 ], [ 20.7205123, 41.213591893731184 ], [ 20.7212472, 41.213022893730908 ], [ 20.7223577, 41.213329593731054 ], [ 20.7206732, 41.21167099373033 ], [ 20.7212794, 41.211416693730179 ], [ 20.7228351, 41.212478093730674 ], [ 20.7234627, 41.211017193730015 ], [ 20.7234306, 41.20919709372918 ], [ 20.7198552, 41.207681693728468 ], [ 20.7207081, 41.206789793728092 ], [ 20.7239107, 41.206624293728034 ], [ 20.7237068, 41.205825193727613 ], [ 20.7252089, 41.207366893728306 ], [ 20.7274834, 41.20711669372821 ], [ 20.7242433, 41.202523793726101 ], [ 20.7256246, 41.202562093726151 ], [ 20.7251016, 41.20217659372598 ], [ 20.7261664, 41.202029293725886 ], [ 20.7294897, 41.202426893726091 ], [ 20.7303051, 41.201651893725689 ], [ 20.7324937, 41.201377493725609 ], [ 20.7305572, 41.200428993725183 ], [ 20.7311151, 41.199799293724887 ], [ 20.7327459, 41.199746893724864 ], [ 20.7322684, 41.198713593724349 ], [ 20.7330195, 41.198392693724252 ], [ 20.7334218, 41.198862893724474 ], [ 20.7342506, 41.198255393724146 ], [ 20.7349024, 41.198620693724294 ], [ 20.7351813, 41.197651993723852 ], [ 20.7378528, 41.196739693723494 ], [ 20.737091, 41.195310793722832 ], [ 20.7405015, 41.194539293722471 ], [ 20.7397572, 41.192755593721635 ], [ 20.7388559, 41.19288479372171 ], [ 20.7382766, 41.190947193720781 ], [ 20.737091, 41.191144993720904 ], [ 20.734559, 41.185468993718288 ], [ 20.7344303, 41.182844693717087 ], [ 20.7354817, 41.18210189371672 ], [ 20.7343445, 41.179679393715652 ], [ 20.7342908, 41.174381993713162 ], [ 20.7354227, 41.169790793711044 ], [ 20.7351813, 41.169108293710792 ], [ 20.7334432, 41.169463693710966 ], [ 20.734621, 41.165790993709251 ], [ 20.6748028, 41.080056693669754 ], [ 20.6201342, 41.088129893673482 ], [ 20.6187733, 41.08878509367382 ], [ 20.6150726, 41.088462593673682 ], [ 20.613698, 41.089388693674103 ], [ 20.6098539, 41.089551193674168 ], [ 20.6069884, 41.090413993674588 ], [ 20.6050416, 41.089853293674331 ], [ 20.6028739, 41.090005493674362 ], [ 20.5956132, 41.092032993675275 ], [ 20.5949786, 41.093732193676118 ], [ 20.5938462, 41.094514893676447 ], [ 20.5937003, 41.097690993677936 ], [ 20.5926059, 41.100747093679338 ], [ 20.5906103, 41.103803093680746 ], [ 20.5892156, 41.10432049368098 ], [ 20.5877565, 41.106212193681813 ], [ 20.5851386, 41.108071493682694 ], [ 20.5842589, 41.110415793683799 ], [ 20.5846237, 41.111822293684455 ], [ 20.5826721, 41.114392793685617 ], [ 20.5871945, 41.118058993687292 ], [ 20.5870913, 41.118982993687716 ], [ 20.5876492, 41.119209293687803 ], [ 20.5871127, 41.119645793688029 ], [ 20.5885628, 41.120827693688597 ], [ 20.587606300000012, 41.122183593689186 ], [ 20.5879067, 41.122910993689537 ], [ 20.5866836, 41.124090993690054 ], [ 20.5847739, 41.124624393690347 ], [ 20.5860313, 41.125245893690639 ], [ 20.5870183, 41.125003393690477 ], [ 20.5889066, 41.126150993691027 ], [ 20.5896877, 41.12575579369085 ], [ 20.5921467, 41.126280293691053 ], [ 20.5926703, 41.127436793691601 ], [ 20.5963395, 41.128584293692157 ], [ 20.5966726, 41.131551893693526 ], [ 20.5960476, 41.132959293694142 ], [ 20.5936361, 41.134653493694906 ], [ 20.5939505, 41.135892893695491 ], [ 20.5925823, 41.136494393695806 ], [ 20.5907331, 41.138903293696934 ], [ 20.5910724, 41.140850493697805 ], [ 20.5899734, 41.143323193698905 ], [ 20.587728, 41.145101893699739 ], [ 20.5863674, 41.147241993700739 ], [ 20.5843762, 41.147190593700685 ], [ 20.5840805, 41.147631793700917 ], [ 20.5821783, 41.151863593702828 ], [ 20.5828521, 41.156465493704943 ], [ 20.5790984, 41.160494693706788 ], [ 20.5767198, 41.161392593707227 ], [ 20.5719047, 41.168163593710332 ], [ 20.5710837, 41.16831529371045 ], [ 20.56857, 41.172578093712374 ], [ 20.5661728, 41.174677493713318 ], [ 20.5634451, 41.179171193715419 ], [ 20.5602806, 41.180977393716212 ], [ 20.5590012, 41.182398093716891 ], [ 20.5600433, 41.184319493717766 ], [ 20.5602144, 41.189433193720127 ], [ 20.5590378, 41.191435393720987 ], [ 20.5588891, 41.193190793721847 ], [ 20.55827, 41.193653293722058 ], [ 20.5560794, 41.193696493722072 ], [ 20.5553363, 41.19224749372141 ], [ 20.5558224, 41.191216493720937 ], [ 20.5554169, 41.190440193720548 ], [ 20.5504768, 41.192228693721397 ], [ 20.5491001, 41.193359493721907 ], [ 20.5474563, 41.193507993721994 ], [ 20.5467623, 41.194899693722654 ], [ 20.543942, 41.196902793723545 ], [ 20.5419588, 41.196636693723448 ], [ 20.5417664, 41.194776693722552 ], [ 20.5386357, 41.195128593722714 ], [ 20.536906, 41.197755693723934 ], [ 20.5352588, 41.198368793724207 ], [ 20.5347738, 41.199193193724589 ], [ 20.5334736, 41.199136293724564 ], [ 20.531801, 41.203312893726441 ], [ 20.5321011, 41.210592093729822 ], [ 20.5314083, 41.211725493730334 ], [ 20.5294151, 41.212801893730834 ], [ 20.5284177, 41.215989693732283 ], [ 20.5234717, 41.219014093733691 ], [ 20.5230915, 41.222946993735476 ], [ 20.5217505, 41.226414893737051 ], [ 20.5201058, 41.227900393737741 ], [ 20.5182497, 41.228012893737827 ], [ 20.5171209, 41.229920493738696 ], [ 20.5144133, 41.230936393739142 ], [ 20.5170358, 41.234379093740692 ], [ 20.5161201, 41.237334393742081 ], [ 20.5166784, 41.237793993742308 ], [ 20.5173559, 41.237541993742191 ], [ 20.517323, 41.236308493741646 ], [ 20.5193785, 41.234683893740844 ], [ 20.5192752, 41.233211393740163 ], [ 20.5200928, 41.232827693740006 ], [ 20.5214498, 41.233739193740391 ], [ 20.5221266, 41.233229693740192 ], [ 20.5223748, 41.232231393739738 ], [ 20.5216985, 41.231495393739422 ], [ 20.5223355, 41.230746993739068 ], [ 20.5190907, 41.229952393738678 ], [ 20.5207306, 41.22877249373812 ], [ 20.5219471, 41.229188593738336 ], [ 20.5231424, 41.228700493738096 ], [ 20.5253403, 41.229033293738254 ], [ 20.5322775, 41.226871193737288 ], [ 20.5348686, 41.228408893737992 ], [ 20.5362418, 41.228077293737847 ], [ 20.5376952, 41.229739293738568 ], [ 20.5409728, 41.230422693738902 ], [ 20.5424484, 41.226884893737321 ], [ 20.5462877, 41.225039293736465 ], [ 20.5511291, 41.224799693736344 ], [ 20.5546116, 41.228776793738206 ], [ 20.5576084, 41.22875789373817 ], [ 20.5583584, 41.229730693738595 ], [ 20.5623413, 41.227772793737699 ], [ 20.5638816, 41.228482993738012 ], [ 20.5655327, 41.228186893737892 ], [ 20.5676024, 41.230420793738894 ], [ 20.572699, 41.232430893739853 ], [ 20.5716451, 41.229524293738514 ], [ 20.5744844, 41.228076593737789 ], [ 20.5750254, 41.226826993737255 ], [ 20.5760507, 41.226425193737079 ], [ 20.5769447, 41.226426993737064 ], [ 20.5799487, 41.228492693738026 ], [ 20.583618, 41.229380293738451 ], [ 20.5892044, 41.229521693738519 ], [ 20.5917777, 41.228429393737983 ], [ 20.5931776, 41.228717593738146 ], [ 20.5907849, 41.23134909373934 ], [ 20.592759, 41.232736893739968 ], [ 20.5951837, 41.233188693740189 ], [ 20.5974367, 41.235883593741448 ], [ 20.5996254, 41.235576993741269 ], [ 20.6055263, 41.237029193741932 ], [ 20.618079, 41.237981193742414 ], [ 20.6207741, 41.23675809374182 ], [ 20.6232113, 41.237055793741966 ], [ 20.6233147, 41.237561693742194 ], [ 20.6249455, 41.237981193742414 ], [ 20.6247953, 41.23936889374302 ], [ 20.6272414, 41.239756093743189 ], [ 20.6300524, 41.239352693743022 ], [ 20.6297735, 41.241417993743958 ], [ 20.6274346, 41.241982793744192 ], [ 20.6285289, 41.242708793744569 ], [ 20.6263037, 41.245046693745607 ], [ 20.626984, 41.245661393745898 ], [ 20.6276921, 41.245354793745747 ], [ 20.6396365, 41.248153193747015 ], [ 20.6399915, 41.24750469374672 ], [ 20.6415069, 41.248267593747073 ], [ 20.6419314, 41.249336493747592 ], [ 20.6438712, 41.249391393747587 ], [ 20.6437639, 41.248116793747037 ], [ 20.6457079, 41.248604093747232 ], [ 20.6460684, 41.249985093747902 ], [ 20.6476325, 41.251182793748441 ], [ 20.6469042, 41.251574293748583 ], [ 20.6484598, 41.253001693749233 ], [ 20.6471509, 41.254785893750096 ], [ 20.6476048, 41.257171893751178 ], [ 20.6470164, 41.258349593751696 ], [ 20.6421882, 41.260524393752704 ], [ 20.6420658, 41.261577393753221 ], [ 20.6434606, 41.263146093753875 ], [ 20.641961, 41.264268993754456 ], [ 20.6416581, 41.26377959375418 ], [ 20.6382678, 41.263533193754078 ], [ 20.636975, 41.264008993754288 ], [ 20.6356582, 41.261095593752934 ], [ 20.6324771, 41.260051093752473 ], [ 20.6296018, 41.255437693750402 ], [ 20.6255248, 41.25417949374981 ], [ 20.621877, 41.254195593749806 ], [ 20.6203106, 41.252888893749187 ], [ 20.6161925, 41.251181293748417 ], [ 20.6144387, 41.251926993748746 ], [ 20.6140664, 41.251469293748571 ], [ 20.6120923, 41.251920993748747 ], [ 20.611513, 41.250952993748314 ], [ 20.6107405, 41.251001393748346 ], [ 20.6094101, 41.249533393747669 ], [ 20.6073716, 41.248500893747178 ], [ 20.6035951, 41.249259093747526 ], [ 20.6029299, 41.24859769374725 ], [ 20.5955675, 41.249230093747556 ], [ 20.5946043, 41.251420893748517 ], [ 20.5913642, 41.254114893749787 ], [ 20.5868367, 41.254582793749954 ], [ 20.585914, 41.254921493750089 ], [ 20.585785199999989, 41.255615193750479 ], [ 20.5758932, 41.256163593750721 ], [ 20.570958, 41.255647393750465 ], [ 20.5671385, 41.255970093750641 ], [ 20.5636195, 41.254582793749968 ], [ 20.5594567, 41.255163493750246 ], [ 20.5552295, 41.254243993749853 ], [ 20.5513027, 41.255679693750515 ], [ 20.5490068, 41.255034393750158 ], [ 20.5438998, 41.254889293750118 ], [ 20.5401877, 41.25355029374952 ], [ 20.5370119, 41.253372893749429 ], [ 20.5328277, 41.249759193747778 ], [ 20.5279139, 41.249242993747551 ], [ 20.5269483, 41.248258893747064 ], [ 20.521823, 41.246201293746132 ], [ 20.5192825, 41.24846069374717 ], [ 20.5190888, 41.249503693747627 ], [ 20.5144741, 41.255587393750432 ], [ 20.5143186, 41.257024993751081 ], [ 20.5154773, 41.260106293752493 ], [ 20.5123016, 41.263089993753866 ], [ 20.5129239, 41.268548793756359 ], [ 20.5121836, 41.269266493756717 ], [ 20.512140699999989, 41.271645693757762 ], [ 20.5108747, 41.274056293758875 ], [ 20.5114862, 41.27957949376141 ], [ 20.5146727, 41.283225793763066 ], [ 20.5145297, 41.287370393765002 ], [ 20.511615, 41.288433793765506 ], [ 20.5094156, 41.289775993766099 ], [ 20.5089649, 41.290670893766517 ], [ 20.5089392, 41.292608793767357 ], [ 20.5073634, 41.296197693769017 ], [ 20.5076466, 41.297903493769795 ], [ 20.5092568, 41.299939493770765 ], [ 20.5095066, 41.30212949377173 ], [ 20.5065764, 41.304336193772755 ], [ 20.5072941, 41.308345393774566 ], [ 20.506295, 41.311489793775998 ], [ 20.4982219, 41.321621493780633 ], [ 20.4982136, 41.322706293781103 ], [ 20.4999187, 41.3243644937819 ], [ 20.4995676, 41.326741293782973 ], [ 20.4977747, 41.328149293783653 ], [ 20.495081, 41.329130393784069 ], [ 20.4910963, 41.332831093785749 ], [ 20.4932836, 41.333311593785943 ], [ 20.4938026, 41.334768393786611 ], [ 20.4968986, 41.336065393787237 ], [ 20.4977251, 41.336953193787643 ], [ 20.4980942, 41.338209693788222 ], [ 20.4968337, 41.339573193788787 ], [ 20.4968555, 41.34589819379174 ], [ 20.498144, 41.347048993792278 ], [ 20.501471, 41.346757893792109 ], [ 20.5044033, 41.345600793791604 ], [ 20.505784, 41.344250893790935 ], [ 20.5107816, 41.341517993789729 ], [ 20.513905, 41.338128393788139 ], [ 20.5159352, 41.336852093787577 ], [ 20.5195329, 41.337299093787763 ], [ 20.5221237, 41.341134993789552 ], [ 20.5263745, 41.344220793790946 ], [ 20.5271208, 41.354096193795442 ], [ 20.5319719, 41.3566905937966 ], [ 20.5354812, 41.35746829379697 ], [ 20.536798, 41.358325493797381 ], [ 20.5377619, 41.359505093797942 ], [ 20.5364831, 41.362233793799156 ], [ 20.5408481, 41.367816393801718 ], [ 20.5442546, 41.369554993802481 ], [ 20.5453193, 41.372342793803789 ], [ 20.5487161, 41.37336299380425 ], [ 20.5516636, 41.376826593805816 ], [ 20.5522284, 41.378160593806435 ], [ 20.5517006, 41.379810093807166 ], [ 20.5469222, 41.382968093808636 ], [ 20.5462112, 41.38432109380922 ], [ 20.5498304, 41.387631993810729 ], [ 20.5499551, 41.390401593812008 ], [ 20.5522687, 41.392938693813107 ], [ 20.5523114, 41.396812893814896 ], [ 20.5544847, 41.400852593816779 ], [ 20.5597989, 41.401803493817198 ], [ 20.5605283, 41.402430193817473 ], [ 20.5609878, 41.405346293818823 ], [ 20.5599475, 41.40849209382025 ] ] ] ] } },
{ "type": "Feature", "properties": { "admin_id": "2605589", "name_local": "Општина Центар Жупа", "name_en": "Municipality of Centar Zhupa", "name_en_status": "OSM_NAME_EN", "source_name": "Општина Центар Жупа", "source_admin_level": "7", "source_osm_relation_id": "2605589", "source_name_en": "Municipality of Centar Zhupa" }, "geometry": { "type": "Polygon", "coordinates": [ [ [ 20.6626157, 41.448835193838583 ], [ 20.6655339, 41.447950593838137 ], [ 20.6681088, 41.443446993836119 ], [ 20.6684522, 41.441001993835002 ], [ 20.6715421, 41.439972493834503 ], [ 20.673602, 41.435854493832657 ], [ 20.6776146, 41.432781793831296 ], [ 20.6826271, 41.430319293830181 ], [ 20.6784793, 41.428992293829552 ], [ 20.6716557, 41.429410593829715 ], [ 20.6688019, 41.426788193828529 ], [ 20.6676217, 41.426852493828576 ], [ 20.6672784, 41.425468893827933 ], [ 20.6660553, 41.425500993827995 ], [ 20.6649395, 41.424648293827552 ], [ 20.6642314, 41.423087593826864 ], [ 20.6626435, 41.422540493826624 ], [ 20.6618067, 41.42336109382699 ], [ 20.657794099999986, 41.42126939382603 ], [ 20.6579228, 41.419322393825119 ], [ 20.6557985, 41.416812193824043 ], [ 20.6494471, 41.411952393821771 ], [ 20.6438895, 41.411710993821671 ], [ 20.6362935, 41.409860293820842 ], [ 20.6333753, 41.409876393820873 ], [ 20.6291266, 41.410874193821329 ], [ 20.6257149, 41.410552293821155 ], [ 20.6232472, 41.411083393821428 ], [ 20.6220885, 41.411533993821593 ], [ 20.6222602, 41.412531693822082 ], [ 20.6211873, 41.414012193822757 ], [ 20.6198569, 41.414173193822812 ], [ 20.6176897, 41.412724893822151 ], [ 20.6119176, 41.411936293821796 ], [ 20.6060596, 41.412467393822041 ], [ 20.6035705, 41.411759293821724 ], [ 20.5980345, 41.412274293821952 ], [ 20.5955883, 41.411694893821711 ], [ 20.5888935, 41.413175393822335 ], [ 20.5824186, 41.413348393822446 ], [ 20.5760394, 41.411804093821722 ], [ 20.5752337, 41.412217493821906 ], [ 20.5745119, 41.415846493823558 ], [ 20.5709285, 41.419981893825472 ], [ 20.5665082, 41.422073693826398 ], [ 20.5633572, 41.430340893830177 ], [ 20.5608896, 41.43486309383222 ], [ 20.5567268, 41.439270793834211 ], [ 20.5553106, 41.444321593836527 ], [ 20.5504397, 41.447971093838163 ], [ 20.5484227, 41.448389193838381 ], [ 20.5443886, 41.44803539383819 ], [ 20.5428866, 41.449064693838665 ], [ 20.5412773, 41.451366293839726 ], [ 20.5346254, 41.453971593840905 ], [ 20.5330161, 41.457073793842305 ], [ 20.5273512, 41.46260559384482 ], [ 20.5280808, 41.464438693845636 ], [ 20.5264929, 41.469455393847916 ], [ 20.5249909, 41.471802793848951 ], [ 20.5234459, 41.472638793849406 ], [ 20.5201844, 41.473056893849602 ], [ 20.517867, 41.474375193850165 ], [ 20.5162791, 41.482959893854066 ], [ 20.5162791, 41.492314893858314 ], [ 20.5172232, 41.496493693860174 ], [ 20.5240468, 41.501154293862321 ], [ 20.5312136, 41.50440049386377 ], [ 20.5522851, 41.509928193866294 ], [ 20.556641, 41.511745493867117 ], [ 20.5598382, 41.515037793868601 ], [ 20.5617931, 41.515717493868891 ], [ 20.5668781, 41.519469493870602 ], [ 20.5610397, 41.523038693872238 ], [ 20.5590455, 41.525961493873531 ], [ 20.5627993, 41.530877993875755 ], [ 20.5682877, 41.530150693875413 ], [ 20.5709029, 41.526902293873974 ], [ 20.5705885, 41.526470093873741 ], [ 20.5788315, 41.52604289387363 ], [ 20.5808365, 41.525313993873247 ], [ 20.5827288, 41.526970093874006 ], [ 20.5917839, 41.524576493872893 ], [ 20.5956892, 41.526263293873711 ], [ 20.598586, 41.525829593873524 ], [ 20.5979208, 41.527291393874172 ], [ 20.6016973, 41.532222893876373 ], [ 20.6055597, 41.52812669387454 ], [ 20.6052379, 41.525684993873384 ], [ 20.6085423, 41.523725093872521 ], [ 20.6133274, 41.517073893869501 ], [ 20.6156234, 41.508525893865652 ], [ 20.6178133, 41.505311793864223 ], [ 20.616715, 41.500227793861875 ], [ 20.620108, 41.495348193859677 ], [ 20.6208033, 41.492731193858482 ], [ 20.6225542, 41.491297893857819 ], [ 20.623283799999989, 41.491088893857736 ], [ 20.625236399999988, 41.491828293858099 ], [ 20.6269704, 41.490465093857452 ], [ 20.6299786, 41.489481593857029 ], [ 20.6337336, 41.49113719385776 ], [ 20.6341843, 41.493178393858685 ], [ 20.640643, 41.49086389385765 ], [ 20.6489471, 41.490703193857605 ], [ 20.6506638, 41.491844393858067 ], [ 20.6483285, 41.484150093854595 ], [ 20.6502561, 41.478454293852025 ], [ 20.6474022, 41.471396393848835 ], [ 20.6488398, 41.468084293847326 ], [ 20.6488398, 41.465157893845962 ], [ 20.6526164, 41.457407093842427 ], [ 20.6547407, 41.45444809384113 ], [ 20.6579808, 41.45377259384081 ], [ 20.6592212, 41.452938993840434 ], [ 20.6598476, 41.453418793840683 ], [ 20.6628732, 41.453354493840635 ], [ 20.6629805, 41.45243779384024 ], [ 20.6618647, 41.451279793839689 ], [ 20.6627659, 41.450282693839235 ], [ 20.6626157, 41.448835193838583 ] ] ] } },
{ "type": "Feature", "properties": { "admin_id": "2605591", "name_local": "Општина Дебар", "name_en": "Municipality of Debar", "name_en_status": "OSM_NAME_EN", "source_name": "Општина Дебар", "source_admin_level": "7", "source_osm_relation_id": "2605591", "source_name_en": "Municipality of Debar" }, "geometry": { "type": "Polygon", "coordinates": [ [ [ 20.5599475, 41.40849209382025 ], [ 20.5644644, 41.409755493820803 ], [ 20.5736582, 41.410520793821149 ], [ 20.5760394, 41.411804093821722 ], [ 20.5752337, 41.412217493821906 ], [ 20.5745119, 41.415846493823558 ], [ 20.5709285, 41.419981893825472 ], [ 20.5665082, 41.422073693826398 ], [ 20.5633572, 41.430340893830177 ], [ 20.5608896, 41.43486309383222 ], [ 20.5567268, 41.439270793834211 ], [ 20.5553106, 41.444321593836527 ], [ 20.5504397, 41.447971093838163 ], [ 20.5484227, 41.448389193838381 ], [ 20.5443886, 41.44803539383819 ], [ 20.5428866, 41.449064693838665 ], [ 20.5412773, 41.451366293839726 ], [ 20.5346254, 41.453971593840905 ], [ 20.5330161, 41.457073793842305 ], [ 20.5273512, 41.46260559384482 ], [ 20.5280808, 41.464438693845636 ], [ 20.5264929, 41.469455393847916 ], [ 20.5249909, 41.471802793848951 ], [ 20.5234459, 41.472638793849406 ], [ 20.5201844, 41.473056893849602 ], [ 20.517867, 41.474375193850165 ], [ 20.5162791, 41.482959893854066 ], [ 20.5162791, 41.492314893858314 ], [ 20.5172232, 41.496493693860174 ], [ 20.5240468, 41.501154293862321 ], [ 20.5312136, 41.50440049386377 ], [ 20.5522851, 41.509928193866294 ], [ 20.556641, 41.511745493867117 ], [ 20.5598382, 41.515037793868601 ], [ 20.5617931, 41.515717493868891 ], [ 20.5668781, 41.519469493870602 ], [ 20.5610397, 41.523038693872238 ], [ 20.5590455, 41.525961493873531 ], [ 20.5627993, 41.530877993875755 ], [ 20.5682877, 41.530150693875413 ], [ 20.5709029, 41.526902293873974 ], [ 20.5705885, 41.526470093873741 ], [ 20.5788315, 41.52604289387363 ], [ 20.5808365, 41.525313993873247 ], [ 20.5827288, 41.526970093874006 ], [ 20.5917839, 41.524576493872893 ], [ 20.5956892, 41.526263293873711 ], [ 20.598586, 41.525829593873524 ], [ 20.5979208, 41.527291393874172 ], [ 20.6016973, 41.532222893876373 ], [ 20.6055597, 41.52812669387454 ], [ 20.6052379, 41.525684993873384 ], [ 20.6085423, 41.523725093872521 ], [ 20.6133274, 41.517073893869501 ], [ 20.6156234, 41.508525893865652 ], [ 20.6178133, 41.505311793864223 ], [ 20.616715, 41.500227793861875 ], [ 20.620108, 41.495348193859677 ], [ 20.6208033, 41.492731193858482 ], [ 20.6225542, 41.491297893857819 ], [ 20.623283799999989, 41.491088893857736 ], [ 20.625236399999988, 41.491828293858099 ], [ 20.6269704, 41.490465093857452 ], [ 20.6299786, 41.489481593857029 ], [ 20.6337336, 41.49113719385776 ], [ 20.6341843, 41.493178393858685 ], [ 20.640643, 41.49086389385765 ], [ 20.6489471, 41.490703193857605 ], [ 20.6506638, 41.491844393858067 ], [ 20.6483285, 41.484150093854595 ], [ 20.6502561, 41.478454293852025 ], [ 20.6474022, 41.471396393848835 ], [ 20.6488398, 41.468084293847326 ], [ 20.6488398, 41.465157893845962 ], [ 20.6526164, 41.457407093842427 ], [ 20.6547407, 41.45444809384113 ], [ 20.6579808, 41.45377259384081 ], [ 20.6592212, 41.452938993840434 ], [ 20.6598476, 41.453418793840683 ], [ 20.6628732, 41.453354493840635 ], [ 20.6629805, 41.45243779384024 ], [ 20.6618647, 41.451279793839689 ], [ 20.6627659, 41.450282693839235 ], [ 20.6626157, 41.448835193838583 ], [ 20.6655339, 41.447950593838137 ], [ 20.6681088, 41.443446993836119 ], [ 20.6684522, 41.441001993835002 ], [ 20.6715421, 41.439972493834503 ], [ 20.673602, 41.435854493832657 ], [ 20.675619, 41.43425379383195 ], [ 20.6826271, 41.430319293830181 ], [ 20.6838327, 41.43060509383028 ], [ 20.6889473, 41.43747479383341 ], [ 20.6881815, 41.447069193837791 ], [ 20.6887994, 41.449060793838697 ], [ 20.6927886, 41.45310779384053 ], [ 20.6925378, 41.454051093840931 ], [ 20.6946156, 41.460904993844018 ], [ 20.6935342, 41.465830693846264 ], [ 20.6942867, 41.473052193849554 ], [ 20.6977149, 41.479522593852494 ], [ 20.7036308, 41.486011193855418 ], [ 20.708171599999989, 41.486970593855865 ], [ 20.711519, 41.486447293855633 ], [ 20.7180533, 41.489366293857003 ], [ 20.7208417, 41.491682393858042 ], [ 20.7229584, 41.492029193858187 ], [ 20.7258375, 41.491498393857931 ], [ 20.7290674, 41.493466293858802 ], [ 20.7296992, 41.495218493859632 ], [ 20.7233692, 41.501920193862617 ], [ 20.7129407, 41.506001993864494 ], [ 20.699122, 41.512879293867663 ], [ 20.6961394, 41.515915993869022 ], [ 20.6907535, 41.515176893868677 ], [ 20.6853032, 41.51903289387041 ], [ 20.6749714, 41.522254093871886 ], [ 20.6672681, 41.526495193873785 ], [ 20.6602629, 41.527992293874476 ], [ 20.6590197, 41.531733593876176 ], [ 20.6615517, 41.534978193877627 ], [ 20.6779239, 41.541466993880555 ], [ 20.6766901, 41.5438237938816 ], [ 20.6721894, 41.542896393881193 ], [ 20.6636116, 41.544277493881843 ], [ 20.6600926, 41.5431693938813 ], [ 20.6508229, 41.542045193880817 ], [ 20.6483981, 41.542318193880945 ], [ 20.640845, 41.544614793882012 ], [ 20.6394503, 41.547136093883104 ], [ 20.636811, 41.549577093884238 ], [ 20.6285283, 41.551038393884895 ], [ 20.624902, 41.55118289388497 ], [ 20.6227562, 41.550556593884664 ], [ 20.6230137, 41.552355093885495 ], [ 20.6187195, 41.555494293886852 ], [ 20.6151388, 41.553222193885837 ], [ 20.6141302, 41.551584293885185 ], [ 20.6118665, 41.550628893884692 ], [ 20.6087015, 41.552917093885753 ], [ 20.6057188, 41.553944793886203 ], [ 20.602586, 41.554306093886353 ], [ 20.6006656, 41.555903793887069 ], [ 20.5846045, 41.560343393889127 ], [ 20.5803881, 41.564060193890803 ], [ 20.5711505, 41.566877793892083 ], [ 20.5689168, 41.568782693892878 ], [ 20.5670092, 41.571581493894165 ], [ 20.5655072, 41.575851493896117 ], [ 20.5659792, 41.577729593896954 ], [ 20.5638951, 41.579529793897755 ], [ 20.5622777, 41.57930259389768 ], [ 20.5577075, 41.581984593898873 ], [ 20.5537048, 41.580772193898355 ], [ 20.5508613, 41.580638293898296 ], [ 20.547531, 41.577936493897063 ], [ 20.5420451, 41.578190993897145 ], [ 20.5401514, 41.576039193896165 ], [ 20.5361732, 41.573358293894977 ], [ 20.527906, 41.569327593893171 ], [ 20.5251597, 41.566098593891702 ], [ 20.5224626, 41.565611693891469 ], [ 20.5185405, 41.563275893890442 ], [ 20.5146472, 41.564118893890779 ], [ 20.5086401, 41.564200193890841 ], [ 20.502266, 41.563021893890294 ], [ 20.4973034, 41.561359693889557 ], [ 20.4936068, 41.56087079388935 ], [ 20.4925509, 41.561231493889501 ], [ 20.4879782, 41.558828693888387 ], [ 20.4850385, 41.55954319388875 ], [ 20.4808006, 41.558266693888143 ], [ 20.4786517, 41.55885119388843 ], [ 20.4778609, 41.558238593888142 ], [ 20.475197, 41.558240993888134 ], [ 20.4707123, 41.559196393888577 ], [ 20.4696373, 41.558403193888218 ], [ 20.4691599, 41.558784493888382 ], [ 20.4665742, 41.558242593888139 ], [ 20.4619718, 41.555974593887107 ], [ 20.4613192, 41.556322293887277 ], [ 20.4590267, 41.555247993886809 ], [ 20.4563105, 41.555511293886909 ], [ 20.4563146, 41.552197093885411 ], [ 20.4599011, 41.546434693882802 ], [ 20.4608575, 41.545815193882497 ], [ 20.4601984, 41.547516093883303 ], [ 20.4624826, 41.546727393882939 ], [ 20.4619532, 41.545821293882547 ], [ 20.4613989, 41.545942493882585 ], [ 20.4631593, 41.543313593881386 ], [ 20.4690172, 41.539982293879902 ], [ 20.4689506, 41.53669159387843 ], [ 20.4724375, 41.534499093877415 ], [ 20.4717748, 41.532884693876667 ], [ 20.4724568, 41.531481793876019 ], [ 20.4717544, 41.53047569387558 ], [ 20.4681704, 41.529230393875025 ], [ 20.4609646, 41.529182693874986 ], [ 20.4598886, 41.528201493874583 ], [ 20.4607239, 41.527879093874404 ], [ 20.4581674, 41.526721193873882 ], [ 20.4583445, 41.5263121938737 ], [ 20.4561513, 41.525091693873136 ], [ 20.454243600000012, 41.522907693872142 ], [ 20.4529023, 41.518096193869972 ], [ 20.4543959, 41.513845493868011 ], [ 20.4566255, 41.512175893867287 ], [ 20.4605644, 41.510585193866596 ], [ 20.4613408, 41.509223893865972 ], [ 20.4660445, 41.507830393865312 ], [ 20.470687, 41.50952889386609 ], [ 20.4753845, 41.507910793865328 ], [ 20.4767575, 41.508078693865428 ], [ 20.477047, 41.507536593865204 ], [ 20.4742591, 41.504532393863855 ], [ 20.4705324, 41.501965293862661 ], [ 20.4678994, 41.4975899938607 ], [ 20.4688045, 41.49767719386071 ], [ 20.4707892, 41.496075193859987 ], [ 20.4748895, 41.496054193859955 ], [ 20.4777429, 41.498548093861096 ], [ 20.4790318, 41.498555093861128 ], [ 20.4808578, 41.497344893860564 ], [ 20.4814789, 41.495106293859592 ], [ 20.482595, 41.494116393859137 ], [ 20.4854573, 41.493326093858755 ], [ 20.4883015, 41.493399693858777 ], [ 20.4930553, 41.491694493857985 ], [ 20.494632, 41.491708493858042 ], [ 20.4940296, 41.49022029385732 ], [ 20.4949468, 41.490393593857434 ], [ 20.4970034, 41.487347593856057 ], [ 20.4963969, 41.486507893855631 ], [ 20.4967821, 41.485846493855384 ], [ 20.4983778, 41.485048093855006 ], [ 20.4987813, 41.482420793853791 ], [ 20.5013248, 41.47903589385232 ], [ 20.5019973, 41.476217093850977 ], [ 20.5032507, 41.474459393850161 ], [ 20.5019627, 41.470787593848513 ], [ 20.5026356, 41.468750793847597 ], [ 20.5020278, 41.467416993846953 ], [ 20.5023923, 41.465932593846375 ], [ 20.5033696, 41.465372993846081 ], [ 20.5080923, 41.455706793841699 ], [ 20.5118268, 41.451771693839909 ], [ 20.5126246, 41.449743493838945 ], [ 20.5079509, 41.446809893837646 ], [ 20.5075756, 41.444381593836546 ], [ 20.5132317, 41.437714293833501 ], [ 20.5181079, 41.437253693833298 ], [ 20.5225428, 41.438769193833991 ], [ 20.52702690000001, 41.436291593832877 ], [ 20.5347833, 41.435922193832717 ], [ 20.5379086, 41.436576393833008 ], [ 20.5385509, 41.436284893832898 ], [ 20.5405871, 41.434835993832216 ], [ 20.540562, 41.433539593831583 ], [ 20.5399129, 41.429829893829911 ], [ 20.5383304, 41.427310793828788 ], [ 20.5569115, 41.416939193824071 ], [ 20.5599475, 41.40849209382025 ] ] ] } },
{ "type": "Feature", "properties": { "admin_id": "2606600", "name_local": "Општина Кичево", "name_en": "Municipality of Kichevo", "name_en_status": "OSM_NAME_EN", "source_name": "Општина Кичево", "source_admin_level": "7", "source_osm_relation_id": "2606600", "source_name_en": "Municipality of Kichevo" }, "geometry": { "type": "Polygon", "coordinates": [ [ [ 21.07865, 41.474952193850427 ], [ 21.0793428, 41.481561093853458 ], [ 21.0740625, 41.484305993854669 ], [ 21.0767051, 41.492358193858337 ], [ 21.074697, 41.495314793859642 ], [ 21.0785912, 41.497492893860624 ], [ 21.0804773, 41.497411393860624 ], [ 21.0877678, 41.500616993862046 ], [ 21.091141, 41.503061793863175 ], [ 21.0937162, 41.503360593863292 ], [ 21.0973978, 41.505003993864044 ], [ 21.1030561, 41.511563693867004 ], [ 21.1091587, 41.512779093867564 ], [ 21.1110142, 41.515893093868982 ], [ 21.113611, 41.515854893868934 ], [ 21.1156784, 41.517022693869471 ], [ 21.1188703, 41.517755993869798 ], [ 21.1211002, 41.520369993871022 ], [ 21.1226639, 41.520705093871157 ], [ 21.1220836, 41.522646793872028 ], [ 21.1230657, 41.523902893872588 ], [ 21.1240994, 41.52402509387268 ], [ 21.1268741, 41.52792179387442 ], [ 21.130864, 41.529632393875147 ], [ 21.1325143, 41.534017493877201 ], [ 21.1360647, 41.536526893878303 ], [ 21.1365392, 41.53765039387882 ], [ 21.1337202, 41.544591193881985 ], [ 21.1283647, 41.548263593883632 ], [ 21.1283027, 41.55077889388479 ], [ 21.1242247, 41.5532585938859 ], [ 21.1209609, 41.556988193887584 ], [ 21.1151443, 41.560274293889073 ], [ 21.1152898, 41.561188293889472 ], [ 21.1138647, 41.561754093889711 ], [ 21.1119162, 41.562036993889876 ], [ 21.1087105, 41.561341393889549 ], [ 21.1050221, 41.562219093889937 ], [ 21.1056262, 41.566049893891666 ], [ 21.1019614, 41.573182393894875 ], [ 21.1033578, 41.580148493898072 ], [ 21.1034282, 41.584088993899812 ], [ 21.1066765, 41.589032893902036 ], [ 21.104845, 41.591689693903277 ], [ 21.1011094, 41.601668593907775 ], [ 21.1004834, 41.606010393909699 ], [ 21.101872, 41.613994093913298 ], [ 21.1001181, 41.623639993917671 ], [ 21.1001764, 41.626729893919105 ], [ 21.1019844, 41.630585993920796 ], [ 21.0994159, 41.633280193922019 ], [ 21.0937901, 41.637598793923928 ], [ 21.0880383, 41.639780193924949 ], [ 21.0818797, 41.640027093925092 ], [ 21.0783446, 41.639388793924795 ], [ 21.0748931, 41.640807593925437 ], [ 21.0684591, 41.646065593927759 ], [ 21.0666551, 41.649691393929423 ], [ 21.0623697, 41.654749893931701 ], [ 21.0522793, 41.660488093934298 ], [ 21.0451637, 41.663225593935508 ], [ 21.0426629, 41.664744093936193 ], [ 21.0343276, 41.663055693935412 ], [ 21.0325006, 41.660209893934145 ], [ 21.03271, 41.658832793933556 ], [ 21.0321026, 41.657945993933154 ], [ 21.0287652, 41.657366993932825 ], [ 21.0245861, 41.654645893931615 ], [ 21.0200028, 41.654064793931347 ], [ 21.0166584, 41.652379793930592 ], [ 21.0153013, 41.653644993931209 ], [ 21.0084255, 41.652437993930647 ], [ 21.0049298, 41.652305493930584 ], [ 21.0030403, 41.652851093930806 ], [ 21.0004315, 41.652128893930502 ], [ 20.9955036, 41.649440893929281 ], [ 20.9917093, 41.64953009392935 ], [ 20.9851947, 41.642981793926374 ], [ 20.9756473, 41.641608493925752 ], [ 20.9614248, 41.643129693926475 ], [ 20.9590447, 41.648844393929032 ], [ 20.9579128, 41.65362209393119 ], [ 20.956396, 41.655895493932206 ], [ 20.9435908, 41.662145193935011 ], [ 20.9398964, 41.662644393935238 ], [ 20.9393345, 41.662297693935123 ], [ 20.9321241, 41.664680993936123 ], [ 20.9234205, 41.67040069393876 ], [ 20.9191347, 41.670737893938885 ], [ 20.9119859, 41.673127393939936 ], [ 20.9046688, 41.674378893940499 ], [ 20.9012232, 41.675660893941114 ], [ 20.8966701, 41.675260293940944 ], [ 20.8860213, 41.673590993940167 ], [ 20.8746565, 41.669715993938418 ], [ 20.8725363, 41.66975099393845 ], [ 20.8682985, 41.671260993939143 ], [ 20.8647671, 41.67024219393867 ], [ 20.8626482, 41.668240993937729 ], [ 20.8613013, 41.667932993937598 ], [ 20.8595063, 41.668095393937683 ], [ 20.8582399, 41.669005093938075 ], [ 20.8573276, 41.670803593938906 ], [ 20.8551965, 41.671910493939443 ], [ 20.8492334, 41.671536393939228 ], [ 20.8392425, 41.669708393938436 ], [ 20.8346641, 41.669787393938456 ], [ 20.8305724, 41.667895293937598 ], [ 20.8259689, 41.660984193934489 ], [ 20.820964, 41.655807393932186 ], [ 20.8176029, 41.650493693929761 ], [ 20.8140812, 41.646818893928142 ], [ 20.8059125, 41.651221593930103 ], [ 20.7964492, 41.649737293929448 ], [ 20.7887908, 41.640811393925439 ], [ 20.7811205, 41.634487593922572 ], [ 20.7796901, 41.630361793920706 ], [ 20.7783856, 41.628949593920019 ], [ 20.7877828, 41.626583793919025 ], [ 20.805053, 41.627310393919309 ], [ 20.8113047, 41.626990093919183 ], [ 20.8156194, 41.62332519391753 ], [ 20.8171268, 41.620243293916111 ], [ 20.8164623, 41.612408593912591 ], [ 20.8202197, 41.611242793912076 ], [ 20.8200407, 41.609611993911358 ], [ 20.8233806, 41.60296739390833 ], [ 20.8232699, 41.597003793905664 ], [ 20.8240537, 41.595015793904793 ], [ 20.824616, 41.594990293904743 ], [ 20.8246672, 41.595716693905068 ], [ 20.8258941, 41.595627493905035 ], [ 20.8313299, 41.592632693903667 ], [ 20.83559, 41.591753393903304 ], [ 20.8397693, 41.587426893901323 ], [ 20.8391258, 41.587228993901249 ], [ 20.8338433, 41.589115193902082 ], [ 20.8293106, 41.591868093903329 ], [ 20.8297111, 41.588586293901891 ], [ 20.8279559, 41.586406893900879 ], [ 20.82966, 41.585043093900261 ], [ 20.8291402, 41.583456293899566 ], [ 20.826729, 41.58313129389937 ], [ 20.8263456, 41.582640493899149 ], [ 20.8201685, 41.585221593900314 ], [ 20.8184049, 41.584960293900195 ], [ 20.8146816, 41.585495593900475 ], [ 20.8121762, 41.585097693900273 ], [ 20.8096914, 41.582709393899179 ], [ 20.8093481, 41.579852393897944 ], [ 20.8130866, 41.576095193896201 ], [ 20.8085144, 41.569549693893244 ], [ 20.8102181, 41.567554693892369 ], [ 20.8108716, 41.563898793890722 ], [ 20.8082552, 41.547822493883473 ], [ 20.8051196, 41.544643193881967 ], [ 20.8054775, 41.542722193881126 ], [ 20.8037368, 41.539257093879549 ], [ 20.804033, 41.537067093878534 ], [ 20.8011813, 41.534294793877301 ], [ 20.7956258, 41.531383693875995 ], [ 20.7947426, 41.530096393875382 ], [ 20.7995146, 41.522538793871959 ], [ 20.8004689, 41.519097493870433 ], [ 20.7974406, 41.513609593867947 ], [ 20.7934962, 41.511393093866936 ], [ 20.7903323, 41.511515993866993 ], [ 20.7873712, 41.50994129386627 ], [ 20.7858262, 41.504349293863768 ], [ 20.782393, 41.502774393863049 ], [ 20.7799468, 41.500235293861898 ], [ 20.7797751, 41.496924593860363 ], [ 20.7831225, 41.490431393857449 ], [ 20.7817492, 41.490206393857321 ], [ 20.7785306, 41.492231593858222 ], [ 20.7733378, 41.493035193858624 ], [ 20.7721362, 41.492585193858375 ], [ 20.77072, 41.493131593858635 ], [ 20.769175, 41.492520893858391 ], [ 20.7634673, 41.492810193858503 ], [ 20.7591329, 41.49441739385928 ], [ 20.7561288, 41.494192393859173 ], [ 20.755013, 41.499528193861586 ], [ 20.7488761, 41.503545793863388 ], [ 20.7493911, 41.505859793864417 ], [ 20.7507644, 41.507209693865036 ], [ 20.7508553, 41.508023793865426 ], [ 20.749949, 41.508816493865751 ], [ 20.7463441, 41.509041493865858 ], [ 20.7448816, 41.509613593866121 ], [ 20.7407302, 41.50761519386522 ], [ 20.7342394, 41.506550793864768 ], [ 20.7304305, 41.503055993863143 ], [ 20.7307747, 41.496573993860245 ], [ 20.732182, 41.493951293859041 ], [ 20.7318459, 41.492963593858597 ], [ 20.7290674, 41.493466293858802 ], [ 20.7258375, 41.491498393857931 ], [ 20.7229584, 41.492029193858187 ], [ 20.7208417, 41.491682393858042 ], [ 20.7180533, 41.489366293857003 ], [ 20.711519, 41.486447293855633 ], [ 20.708171599999989, 41.486970593855865 ], [ 20.7036308, 41.486011193855418 ], [ 20.6977149, 41.479522593852494 ], [ 20.6942867, 41.473052193849554 ], [ 20.6935342, 41.465830693846264 ], [ 20.6946156, 41.460904993844018 ], [ 20.6925378, 41.454051093840931 ], [ 20.6927886, 41.45310779384053 ], [ 20.6887994, 41.449060793838697 ], [ 20.6881815, 41.447069193837791 ], [ 20.6889473, 41.43747479383341 ], [ 20.7028453, 41.436315793832911 ], [ 20.705904, 41.436732693833029 ], [ 20.7083138, 41.437779193833535 ], [ 20.7188485, 41.435375993832452 ], [ 20.7239733, 41.435542993832513 ], [ 20.7359856, 41.432290093831057 ], [ 20.7420691, 41.435244693832381 ], [ 20.7444723, 41.434731693832148 ], [ 20.7513796, 41.435829393832648 ], [ 20.7536077, 41.435698193832586 ], [ 20.7590508, 41.439301393834249 ], [ 20.762584, 41.43849009383387 ], [ 20.7699276, 41.438148093833739 ], [ 20.7735497, 41.436688493833081 ], [ 20.7790883, 41.435566893832529 ], [ 20.7835128, 41.438645193833977 ], [ 20.7883988, 41.439003093834131 ], [ 20.7893855, 41.439885993834473 ], [ 20.7917888, 41.439802493834463 ], [ 20.7936031, 41.44159209383529 ], [ 20.7970249, 41.442319893835617 ], [ 20.7979739, 41.443296193836083 ], [ 20.8088844, 41.439427593834289 ], [ 20.8111531, 41.437479193833411 ], [ 20.8131134, 41.437380093833355 ], [ 20.8158446, 41.436339793832907 ], [ 20.820404, 41.436868193833135 ], [ 20.8219238, 41.436455393832965 ], [ 20.8234656, 41.435596793832524 ], [ 20.8226362, 41.433837993831766 ], [ 20.8288619, 41.435002293832305 ], [ 20.829919199999988, 41.434077593831873 ], [ 20.8352019, 41.43275329383129 ], [ 20.8390819, 41.433334493831531 ], [ 20.8415268, 41.43498579383224 ], [ 20.8450372, 41.435990993832725 ], [ 20.8451033, 41.433150793831445 ], [ 20.8442883, 41.432242493831062 ], [ 20.8512925, 41.430954393830433 ], [ 20.8535171, 41.42973239382988 ], [ 20.8563585, 41.429567193829811 ], [ 20.8566228, 41.429980093829975 ], [ 20.8604994, 41.428757993829478 ], [ 20.8626359, 41.429071793829586 ], [ 20.8642438, 41.430211293830112 ], [ 20.8668428, 41.429451593829739 ], [ 20.8674595, 41.430194793830076 ], [ 20.869574, 41.430392993830175 ], [ 20.8702568, 41.429682793829862 ], [ 20.8745078, 41.431202093830549 ], [ 20.8797059, 41.430508593830254 ], [ 20.8837807, 41.432424193831132 ], [ 20.8847744, 41.432360193831087 ], [ 20.8849202, 41.43131879383062 ], [ 20.8867917, 41.431430193830657 ], [ 20.8871482, 41.430606093830306 ], [ 20.8888711, 41.43131879383062 ], [ 20.8895246, 41.431073793830478 ], [ 20.892317, 41.429648393829837 ], [ 20.8883661, 41.427064693828669 ], [ 20.8895024, 41.424525493827481 ], [ 20.8876012, 41.422008393826403 ], [ 20.8865912, 41.421763393826261 ], [ 20.8876309, 41.419647193825305 ], [ 20.888640899999988, 41.419869893825386 ], [ 20.8889379, 41.418867493824955 ], [ 20.8921462, 41.418466493824781 ], [ 20.8934533, 41.418867493824962 ], [ 20.8955388, 41.418309993824714 ], [ 20.8958226, 41.412894393822221 ], [ 20.8925013, 41.404469793818436 ], [ 20.8943211, 41.403923693818143 ], [ 20.8946884, 41.401966693817265 ], [ 20.8971406, 41.401407093817021 ], [ 20.8974772, 41.400500393816614 ], [ 20.898885, 41.400626593816632 ], [ 20.8994321, 41.399521793816156 ], [ 20.903382, 41.399167393815993 ], [ 20.9082522, 41.397305793815129 ], [ 20.9072803, 41.396776893814909 ], [ 20.9070801, 41.391694793812583 ], [ 20.9090955, 41.388176193810978 ], [ 20.9107158, 41.382706693808494 ], [ 20.9094045, 41.380828493807648 ], [ 20.9095639, 41.374807093804911 ], [ 20.9109055, 41.36930389380241 ], [ 20.9131594, 41.366068893800879 ], [ 20.9141131, 41.362803393799389 ], [ 20.9148069, 41.361919593799001 ], [ 20.9195666, 41.359716793797993 ], [ 20.9255863, 41.358195693797342 ], [ 20.9346593, 41.354080393795428 ], [ 20.9373279, 41.351440193794218 ], [ 20.9439183, 41.339634193788839 ], [ 20.9431688, 41.337210893787734 ], [ 20.9450438, 41.332996693785809 ], [ 20.9486687, 41.330809893784803 ], [ 20.9504402, 41.328439093783764 ], [ 20.9512746, 41.325798393782513 ], [ 20.9546893, 41.324000793781742 ], [ 20.9593804, 41.326262793782782 ], [ 20.9680226, 41.333513293786062 ], [ 20.9794065, 41.336243193787304 ], [ 20.9844131, 41.34219489379003 ], [ 20.9842939, 41.34367149379068 ], [ 20.9854859, 41.346400993791924 ], [ 20.9925189, 41.347385393792386 ], [ 20.9957374, 41.348503993792917 ], [ 21.0000287, 41.353335993795127 ], [ 21.0058696, 41.353246593795049 ], [ 21.0081941, 41.355215093795955 ], [ 21.0106973, 41.355886193796259 ], [ 21.0123662, 41.357228293796858 ], [ 21.0142734, 41.357228293796858 ], [ 21.0191608, 41.361433493798778 ], [ 21.0222004, 41.362104493799102 ], [ 21.0255977, 41.361836093798999 ], [ 21.0298294, 41.360001893798128 ], [ 21.0352656, 41.35989109379814 ], [ 21.0356261, 41.357922893797209 ], [ 21.0374844, 41.355423193796057 ], [ 21.0428316, 41.354985093795847 ], [ 21.0466768, 41.356144793796418 ], [ 21.0479493, 41.355862993796272 ], [ 21.050934, 41.35645409379655 ], [ 21.0521378, 41.356067493796338 ], [ 21.0547449, 41.357821493797147 ], [ 21.0542085, 41.358491593797453 ], [ 21.0552385, 41.358852293797611 ], [ 21.054525, 41.35930089379783 ], [ 21.0549456, 41.359741393798032 ], [ 21.0570066, 41.359522293797944 ], [ 21.056011, 41.360734293798494 ], [ 21.0568339, 41.360965393798558 ], [ 21.0555123, 41.364263893800072 ], [ 21.0577461, 41.369271393802364 ], [ 21.0611342, 41.369690093802568 ], [ 21.0650417, 41.368884993802197 ], [ 21.0674428, 41.36750009380156 ], [ 21.0689448, 41.365793093800782 ], [ 21.0696744, 41.361960193799064 ], [ 21.0808452, 41.361964993799049 ], [ 21.0778514, 41.360346393798309 ], [ 21.0784299, 41.359608193797953 ], [ 21.0828635, 41.358917393797661 ], [ 21.0837058, 41.360771793798513 ], [ 21.0861204, 41.361572593798854 ], [ 21.0938906, 41.360296693798276 ], [ 21.0947993, 41.362509293799249 ], [ 21.0952467, 41.362158693799131 ], [ 21.0965085, 41.364185493800051 ], [ 21.0991757, 41.366229393800964 ], [ 21.1031344, 41.367893993801758 ], [ 21.107442, 41.370800093803091 ], [ 21.1096481, 41.378175693806426 ], [ 21.1118942, 41.38196769380815 ], [ 21.1244147, 41.389120593811377 ], [ 21.128066, 41.392710393813068 ], [ 21.1345762, 41.393795493813549 ], [ 21.1312105, 41.401766693817194 ], [ 21.1257654, 41.406762793819432 ], [ 21.1261092, 41.410597893821176 ], [ 21.1199798, 41.413825993822648 ], [ 21.1228155, 41.416302593823794 ], [ 21.1202513, 41.418170793824643 ], [ 21.1274432, 41.418181293824631 ], [ 21.1257824, 41.41927329382515 ], [ 21.1201635, 41.418414893824711 ], [ 21.1160231, 41.421388493826129 ], [ 21.1090197, 41.422336693826523 ], [ 21.1049784, 41.422368893826558 ], [ 21.1031246, 41.420915093825883 ], [ 21.1018785, 41.420642393825752 ], [ 21.0977006, 41.422550093826615 ], [ 21.0936494, 41.426010393828186 ], [ 21.0859564, 41.426862393828614 ], [ 21.0812549, 41.429406993829723 ], [ 21.0812194, 41.430765593830351 ], [ 21.0819508, 41.431589293830747 ], [ 21.0813973, 41.434892693832239 ], [ 21.0837279, 41.438661293833938 ], [ 21.0840631, 41.442957793835909 ], [ 21.0799867, 41.440640893834832 ], [ 21.0782322, 41.440719693834858 ], [ 21.0693614, 41.437788593833524 ], [ 21.0550648, 41.440974493834993 ], [ 21.051965, 41.443681593836217 ], [ 21.0470059, 41.452150093840039 ], [ 21.0387765, 41.460076693843646 ], [ 21.0388656, 41.461532993844315 ], [ 21.0379161, 41.462244493844665 ], [ 21.0362399, 41.462222193844674 ], [ 21.033436099999985, 41.460465793843852 ], [ 21.0308579, 41.46079659384398 ], [ 21.0339405, 41.462922593844958 ], [ 21.0334065, 41.464434493845651 ], [ 21.0355426, 41.465612793846198 ], [ 21.0370261, 41.465368193846075 ], [ 21.0418028, 41.466213093846449 ], [ 21.0422973, 41.469827993848078 ], [ 21.0417434, 41.47008139384819 ], [ 21.044028, 41.46999249384816 ], [ 21.0437719, 41.474441393850206 ], [ 21.049442500000012, 41.475727793850737 ], [ 21.0496354, 41.475183193850519 ], [ 21.0514155, 41.475349893850613 ], [ 21.0517345, 41.474794193850364 ], [ 21.0592778, 41.474282893850102 ], [ 21.0594558, 41.472726793849461 ], [ 21.0663854, 41.472065493849115 ], [ 21.0719897, 41.472730193849436 ], [ 21.07865, 41.474952193850427 ] ] ] } },
{ "type": "Feature", "properties": { "admin_id": "2608063", "name_local": "Општина Пласница", "name_en": "Municipality of Plasnica", "name_en_status": "OSM_NAME_EN", "source_name": "Општина Пласница", "source_admin_level": "7", "source_osm_relation_id": "2608063", "source_name_en": "Municipality of Plasnica" }, "geometry": { "type": "Polygon", "coordinates": [ [ [ 21.0982131, 41.47477619385036 ], [ 21.0925692, 41.474631893850244 ], [ 21.0891424, 41.473959893849951 ], [ 21.0870641, 41.474772993850316 ], [ 21.0829265, 41.473441793849759 ], [ 21.0821627, 41.47430739385014 ], [ 21.0826009, 41.474792293850356 ], [ 21.0796054, 41.475178093850488 ], [ 21.0719897, 41.472730193849436 ], [ 21.0663854, 41.472065493849115 ], [ 21.0594558, 41.472726793849461 ], [ 21.0592778, 41.474282893850102 ], [ 21.0517345, 41.474794193850364 ], [ 21.0514155, 41.475349893850613 ], [ 21.0496354, 41.475183193850519 ], [ 21.049442500000012, 41.475727793850737 ], [ 21.0437719, 41.474441393850206 ], [ 21.044028, 41.46999249384816 ], [ 21.0417434, 41.47008139384819 ], [ 21.0422973, 41.469827993848078 ], [ 21.0418028, 41.466213093846449 ], [ 21.0370261, 41.465368193846075 ], [ 21.0355426, 41.465612793846198 ], [ 21.0334065, 41.464434493845651 ], [ 21.0339405, 41.462922593844958 ], [ 21.0308579, 41.46079659384398 ], [ 21.033436099999985, 41.460465793843852 ], [ 21.0362399, 41.462222193844674 ], [ 21.0379161, 41.462244493844665 ], [ 21.0388656, 41.461532993844315 ], [ 21.0387765, 41.460076693843646 ], [ 21.0470059, 41.452150093840039 ], [ 21.051965, 41.443681593836217 ], [ 21.0550648, 41.440974493834993 ], [ 21.0693614, 41.437788593833524 ], [ 21.0782322, 41.440719693834858 ], [ 21.0799867, 41.440640893834832 ], [ 21.0840631, 41.442957793835909 ], [ 21.0837279, 41.438661293833938 ], [ 21.0813973, 41.434892693832239 ], [ 21.0819508, 41.431589293830747 ], [ 21.0812194, 41.430765593830351 ], [ 21.0812549, 41.429406993829723 ], [ 21.0866031, 41.426636493828461 ], [ 21.0936494, 41.426010393828186 ], [ 21.0977006, 41.422550093826615 ], [ 21.1018785, 41.420642393825752 ], [ 21.1031246, 41.420915093825883 ], [ 21.1049784, 41.422368893826558 ], [ 21.1131793, 41.42189199382635 ], [ 21.1160231, 41.421388493826129 ], [ 21.1201635, 41.418414893824711 ], [ 21.1257824, 41.41927329382515 ], [ 21.1274432, 41.418181293824631 ], [ 21.133337, 41.416568293823886 ], [ 21.1349582, 41.417346393824261 ], [ 21.1352175, 41.419874993825381 ], [ 21.1361902, 41.419874993825367 ], [ 21.1382653, 41.421455393826129 ], [ 21.1381032, 41.424008193827298 ], [ 21.136709, 41.425807193828099 ], [ 21.1372142, 41.42637359382838 ], [ 21.1395946, 41.427022793828641 ], [ 21.1411185, 41.425758593828057 ], [ 21.1430315, 41.426123293828233 ], [ 21.1439718, 41.426901193828634 ], [ 21.1437772, 41.428529993829343 ], [ 21.150277899999988, 41.430576593830274 ], [ 21.1534667, 41.43620199383281 ], [ 21.155417099999987, 41.434874693832249 ], [ 21.1570707, 41.432322293831085 ], [ 21.1630365, 41.43154439383072 ], [ 21.1666031, 41.432103493830951 ], [ 21.1679648, 41.432929993831316 ], [ 21.1736389, 41.43275989383126 ], [ 21.1783078, 41.434461393832052 ], [ 21.1833844, 41.434952693832237 ], [ 21.1874215, 41.438178693833727 ], [ 21.1869972, 41.444523993836611 ], [ 21.1886013, 41.447718993838031 ], [ 21.1869123, 41.449143493838676 ], [ 21.1804923, 41.44851819383841 ], [ 21.1789326, 41.449089093838701 ], [ 21.1765383, 41.448869493838579 ], [ 21.172694, 41.451399993839757 ], [ 21.1700824, 41.451698993839862 ], [ 21.1644262, 41.455059593841398 ], [ 21.1613411, 41.455831193841703 ], [ 21.1567539, 41.459451993843373 ], [ 21.1554833, 41.46264379384484 ], [ 21.1538874, 41.464301793845614 ], [ 21.1511438, 41.465056493845907 ], [ 21.148084, 41.470607293848431 ], [ 21.1467057, 41.47164009384894 ], [ 21.1442697, 41.471897893849075 ], [ 21.141265, 41.47511879385052 ], [ 21.1428514, 41.478624693852097 ], [ 21.142351099999988, 41.48408339385459 ], [ 21.1431874, 41.487373893856038 ], [ 21.1440579, 41.48980559385717 ], [ 21.1455024, 41.49040209385744 ], [ 21.1432824, 41.490846393857659 ], [ 21.138043199999988, 41.487993893856313 ], [ 21.1353011, 41.488445793856535 ], [ 21.1344125, 41.486937893855838 ], [ 21.1326352, 41.486734093855787 ], [ 21.1307491, 41.485592893855255 ], [ 21.124583, 41.486217793855552 ], [ 21.1193056, 41.483717993854391 ], [ 21.1079527, 41.483908193854475 ], [ 21.1065744, 41.482304993853738 ], [ 21.104032, 41.480771993853054 ], [ 21.1053412, 41.480484393852919 ], [ 21.1039266, 41.479913793852681 ], [ 21.1026208, 41.477848493851745 ], [ 21.0986515, 41.476372693851047 ], [ 21.0994834, 41.475497893850687 ], [ 21.0982131, 41.47477619385036 ] ] ] } },
{ "type": "Feature", "properties": { "admin_id": "2608091", "name_local": "Општина Македонски Брод", "name_en": "Municipality of Makedonski Brod", "name_en_status": "OSM_NAME_EN", "source_name": "Општина Македонски Брод", "source_admin_level": "7", "source_osm_relation_id": "2608091", "source_name_en": "Municipality of Makedonski Brod" }, "geometry": { "type": "Polygon", "coordinates": [ [ [ 21.07865, 41.474952193850427 ], [ 21.0793428, 41.481561093853458 ], [ 21.0740625, 41.484305993854669 ], [ 21.0767051, 41.492358193858337 ], [ 21.074697, 41.495314793859642 ], [ 21.0785912, 41.497492893860624 ], [ 21.0804773, 41.497411393860624 ], [ 21.0877678, 41.500616993862046 ], [ 21.091141, 41.503061793863175 ], [ 21.0937162, 41.503360593863292 ], [ 21.0973978, 41.505003993864044 ], [ 21.1030561, 41.511563693867004 ], [ 21.1091587, 41.512779093867564 ], [ 21.1110142, 41.515893093868982 ], [ 21.113611, 41.515854893868934 ], [ 21.1156784, 41.517022693869471 ], [ 21.1188703, 41.517755993869798 ], [ 21.1211002, 41.520369993871022 ], [ 21.1226639, 41.520705093871157 ], [ 21.1220836, 41.522646793872028 ], [ 21.1230657, 41.523902893872588 ], [ 21.1240994, 41.52402509387268 ], [ 21.1268741, 41.52792179387442 ], [ 21.130864, 41.529632393875147 ], [ 21.1325143, 41.534017493877201 ], [ 21.1360647, 41.536526893878303 ], [ 21.1365392, 41.53765039387882 ], [ 21.1337202, 41.544591193881985 ], [ 21.1283647, 41.548263593883632 ], [ 21.1283027, 41.55077889388479 ], [ 21.1242247, 41.5532585938859 ], [ 21.1209609, 41.556988193887584 ], [ 21.1151443, 41.560274293889073 ], [ 21.1152898, 41.561188293889472 ], [ 21.1138647, 41.561754093889711 ], [ 21.1119162, 41.562036993889876 ], [ 21.1087105, 41.561341393889549 ], [ 21.1050221, 41.562219093889937 ], [ 21.1056262, 41.566049893891666 ], [ 21.1019614, 41.573182393894875 ], [ 21.1033578, 41.580148493898072 ], [ 21.1034282, 41.584088993899812 ], [ 21.1066765, 41.589032893902036 ], [ 21.104845, 41.591689693903277 ], [ 21.1011094, 41.601668593907775 ], [ 21.1004834, 41.606010393909699 ], [ 21.101872, 41.613994093913298 ], [ 21.1001181, 41.623639993917671 ], [ 21.1001764, 41.626729893919105 ], [ 21.1019844, 41.630585993920796 ], [ 21.0937901, 41.637598793923928 ], [ 21.0880383, 41.639780193924949 ], [ 21.0818797, 41.640027093925092 ], [ 21.0783446, 41.639388793924795 ], [ 21.0748931, 41.640807593925437 ], [ 21.0684591, 41.646065593927759 ], [ 21.0666551, 41.649691393929423 ], [ 21.0623697, 41.654749893931701 ], [ 21.0522793, 41.660488093934298 ], [ 21.0531393, 41.663365293935591 ], [ 21.0521201, 41.668232893937784 ], [ 21.0524825, 41.668833593938032 ], [ 21.0553345, 41.669547793938364 ], [ 21.0557209, 41.67269159393976 ], [ 21.0541914, 41.677726293942051 ], [ 21.0544452, 41.683983593944831 ], [ 21.0534593, 41.689712893947416 ], [ 21.0545857, 41.692143393948491 ], [ 21.0537142, 41.695648993950108 ], [ 21.0524592, 41.697263093950845 ], [ 21.049532, 41.698819993951524 ], [ 21.0450438, 41.699480093951827 ], [ 21.0392948, 41.701992193952954 ], [ 21.0382422, 41.711419193957184 ], [ 21.039219, 41.713204693957962 ], [ 21.0378401, 41.719275893960713 ], [ 21.0380517, 41.722747493962274 ], [ 21.0367255, 41.727449793964389 ], [ 21.030853, 41.731492193966197 ], [ 21.0291102, 41.734119293967375 ], [ 21.0290481, 41.736380793968372 ], [ 21.0273643, 41.740286493970139 ], [ 21.0268187, 41.744100793971825 ], [ 21.0281896, 41.748062893973646 ], [ 21.0234005, 41.75244809397558 ], [ 21.0212146, 41.755310293976862 ], [ 21.0179468, 41.760989193979427 ], [ 21.0178925, 41.763090693980331 ], [ 21.0163208, 41.766442793981852 ], [ 21.0162307, 41.769706893983304 ], [ 21.0143891, 41.771583993984194 ], [ 21.0108921, 41.777358093986763 ], [ 21.0161977, 41.780526293988181 ], [ 21.0151399, 41.783165593989352 ], [ 21.0161099, 41.784491593989941 ], [ 21.0162177, 41.78621939399072 ], [ 21.0175649, 41.787424793991256 ], [ 21.0207982, 41.787987293991492 ], [ 21.0233159, 41.790106393992446 ], [ 21.0289891, 41.788951593991946 ], [ 21.0341701, 41.78960509399225 ], [ 21.0360485, 41.788831093991895 ], [ 21.0374765, 41.788971693991904 ], [ 21.0385273, 41.787906893991483 ], [ 21.0404538, 41.787947093991484 ], [ 21.0416663, 41.787143493991117 ], [ 21.0430674, 41.787384593991199 ], [ 21.0472846, 41.785943393990578 ], [ 21.0535747, 41.787296593991201 ], [ 21.0556028, 41.788095093991551 ], [ 21.0565583, 41.7894979939922 ], [ 21.0648778, 41.790161093992531 ], [ 21.0655874, 41.790895593992786 ], [ 21.0678821, 41.791437593993102 ], [ 21.0715254, 41.791027493992878 ], [ 21.0728079, 41.791718693993175 ], [ 21.0768151, 41.7911107939929 ], [ 21.0831848, 41.792279493993419 ], [ 21.089027, 41.792112693993353 ], [ 21.0938708, 41.794815793994566 ], [ 21.0956491, 41.796703993995436 ], [ 21.0991006, 41.79788189399595 ], [ 21.1022093, 41.797227993995655 ], [ 21.1085837, 41.802944693998199 ], [ 21.1090531, 41.804579393998957 ], [ 21.1111547, 41.80678859399994 ], [ 21.1113268, 41.811383094001997 ], [ 21.1133393, 41.81386739400309 ], [ 21.1139053, 41.816304794004182 ], [ 21.1248046, 41.820879894006218 ], [ 21.1260433, 41.823007194007211 ], [ 21.1300054, 41.824834894007985 ], [ 21.1372537, 41.832496994011365 ], [ 21.1367977, 41.834172294012177 ], [ 21.13837, 41.838084894013917 ], [ 21.141263, 41.840310494014901 ], [ 21.1419176, 41.841769794015576 ], [ 21.1546412, 41.849481594019018 ], [ 21.1558141, 41.851655794019983 ], [ 21.1537778, 41.854626894021301 ], [ 21.1540016, 41.856578994022158 ], [ 21.1614118, 41.856364694022076 ], [ 21.1645286, 41.857733194022671 ], [ 21.1634445, 41.860911694024082 ], [ 21.1635845, 41.864419194025679 ], [ 21.1630802, 41.866212894026447 ], [ 21.1622224, 41.866809794026743 ], [ 21.1628018, 41.868112094027339 ], [ 21.1698399, 41.869480694027949 ], [ 21.1716852, 41.867728594027177 ], [ 21.1731862, 41.868362094027432 ], [ 21.1745606, 41.870061494028185 ], [ 21.1755466, 41.869991994028176 ], [ 21.1791311, 41.868751194027602 ], [ 21.1794967, 41.86658489402663 ], [ 21.1815853, 41.865956294026383 ], [ 21.1832337, 41.863892094025424 ], [ 21.1841618, 41.864555194025677 ], [ 21.1837839, 41.865523694026123 ], [ 21.186683, 41.86535219402608 ], [ 21.1872611, 41.860832994024115 ], [ 21.1887752, 41.860068494023757 ], [ 21.1897944, 41.858686094023113 ], [ 21.189022, 41.857303594022483 ], [ 21.1871348, 41.857053494022395 ], [ 21.1857175, 41.857671194022636 ], [ 21.1839339, 41.859806794023605 ], [ 21.1835107, 41.857885394022745 ], [ 21.181721, 41.860105394023734 ], [ 21.1811148, 41.859660894023534 ], [ 21.1795602, 41.856254394022024 ], [ 21.1779069, 41.854714494021366 ], [ 21.1787223, 41.849871594019177 ], [ 21.1793671, 41.850276794019351 ], [ 21.1811481, 41.848614494018634 ], [ 21.1895809, 41.846920194017819 ], [ 21.1957582, 41.847291394018036 ], [ 21.199468799999988, 41.85038339401941 ], [ 21.2005468, 41.856605894022188 ], [ 21.2034641, 41.853829094020959 ], [ 21.2042784, 41.854241294021108 ], [ 21.2038519, 41.855715394021765 ], [ 21.20576, 41.855231594021546 ], [ 21.2083553, 41.853483894020748 ], [ 21.2116394, 41.854080794021051 ], [ 21.2149428, 41.853292094020695 ], [ 21.2098546, 41.847284194018009 ], [ 21.2093164, 41.844302694016662 ], [ 21.2105179, 41.843705994016425 ], [ 21.211267, 41.84067009401506 ], [ 21.2156701, 41.835516094012753 ], [ 21.2188178, 41.833891094012017 ], [ 21.2211987, 41.83370949401192 ], [ 21.2293435, 41.831064394010767 ], [ 21.237919399999988, 41.830023394010283 ], [ 21.23994, 41.826758194008889 ], [ 21.242610200000012, 41.825464894008292 ], [ 21.2438786, 41.825862794008437 ], [ 21.2468158, 41.825663894008343 ], [ 21.2485514, 41.824221294007678 ], [ 21.249519299999989, 41.824469994007842 ], [ 21.2504873, 41.823723794007492 ], [ 21.2546928, 41.823176594007279 ], [ 21.2566287, 41.821286194006376 ], [ 21.2574649, 41.815045294003617 ], [ 21.261435, 41.806409993999793 ], [ 21.2680771, 41.799617593996743 ], [ 21.2723056, 41.792190293993364 ], [ 21.2787579, 41.786976193991045 ], [ 21.2796257, 41.783591493989533 ], [ 21.2833639, 41.778663393987308 ], [ 21.2917686, 41.772509193984583 ], [ 21.2939112, 41.766465993981889 ], [ 21.2948195, 41.760332593979157 ], [ 21.2963453, 41.758493793978296 ], [ 21.3036681, 41.756535793977406 ], [ 21.3104102, 41.75542409397692 ], [ 21.3152697, 41.751286593975081 ], [ 21.3175524, 41.748086993973587 ], [ 21.3267669, 41.744261993971904 ], [ 21.328454, 41.741282393970593 ], [ 21.3321447, 41.739104893969582 ], [ 21.3359642, 41.735358093967918 ], [ 21.3428561, 41.731305893966109 ], [ 21.3462639, 41.732539893966646 ], [ 21.3527012, 41.736639093968499 ], [ 21.3574219, 41.738560493969338 ], [ 21.3672066, 41.74060989397028 ], [ 21.369867299999989, 41.73990539396997 ], [ 21.3764763, 41.736190693968275 ], [ 21.3768625, 41.731739193966312 ], [ 21.378665, 41.72763969396442 ], [ 21.3811541, 41.724628993963115 ], [ 21.3844585, 41.723507893962612 ], [ 21.3877201, 41.721521993961709 ], [ 21.3930845, 41.720849293961422 ], [ 21.3935351, 41.71797039396008 ], [ 21.3848019, 41.713129193957947 ], [ 21.3833857, 41.71091869395692 ], [ 21.387677199999988, 41.698423093951327 ], [ 21.3923979, 41.690155493947636 ], [ 21.3923979, 41.689001793947121 ], [ 21.3908529, 41.68784809394657 ], [ 21.3908529, 41.686309693945887 ], [ 21.3896513, 41.685155893945371 ], [ 21.3896513, 41.681502193943771 ], [ 21.3914537, 41.679899593942991 ], [ 21.3906813, 41.677399493941891 ], [ 21.3924837, 41.674578693940624 ], [ 21.394136, 41.673512893940128 ], [ 21.3945436, 41.67137309393916 ], [ 21.3970327, 41.668359693937809 ], [ 21.3972902, 41.66617979393682 ], [ 21.3956165, 41.664288293935975 ], [ 21.3929129, 41.66303789393541 ], [ 21.3897371, 41.658741593933485 ], [ 21.390642, 41.655083493931841 ], [ 21.3793945, 41.651527093930227 ], [ 21.371207699999985, 41.651113993930096 ], [ 21.3700819, 41.647711093928542 ], [ 21.3723135, 41.644888993927225 ], [ 21.3742876, 41.640142493925111 ], [ 21.3770342, 41.638153993924213 ], [ 21.37712, 41.631739093921333 ], [ 21.3779783, 41.627376593919344 ], [ 21.3798666, 41.624874393918205 ], [ 21.3778067, 41.62294959391739 ], [ 21.37815, 41.619356493915774 ], [ 21.3758326, 41.616918193914636 ], [ 21.3745451, 41.613902293913306 ], [ 21.3729437, 41.612562593912656 ], [ 21.3729242, 41.608379693910805 ], [ 21.3741904, 41.60693029391016 ], [ 21.3691025, 41.594741693904631 ], [ 21.3692739, 41.591622193903255 ], [ 21.3681311, 41.587690593901442 ], [ 21.3671597, 41.586493893900908 ], [ 21.366874, 41.583544993899608 ], [ 21.3673883, 41.582861193899298 ], [ 21.3664261, 41.576104793896249 ], [ 21.3574428, 41.567580193892354 ], [ 21.353663, 41.55824079388816 ], [ 21.3500728, 41.557969193888027 ], [ 21.3463426, 41.55666359388745 ], [ 21.3428514, 41.552585693885625 ], [ 21.3405067, 41.547613893883344 ], [ 21.3409279, 41.544619493882003 ], [ 21.3402961, 41.544011593881685 ], [ 21.3410783, 41.543065993881278 ], [ 21.3411028, 41.539732093879792 ], [ 21.3401457, 41.538044893879004 ], [ 21.340627, 41.535973393878074 ], [ 21.3427418, 41.532723993876623 ], [ 21.3410996, 41.53236639387643 ], [ 21.3384611, 41.525614493873384 ], [ 21.3365449, 41.524881493873067 ], [ 21.3335879, 41.519893893870801 ], [ 21.3329862, 41.516875693869444 ], [ 21.3348513, 41.505116993864078 ], [ 21.3367151, 41.501691293862535 ], [ 21.333884, 41.498767893861199 ], [ 21.32659, 41.501979793862681 ], [ 21.3246647, 41.504097493863604 ], [ 21.3211752, 41.50454809386386 ], [ 21.3105864, 41.510810693866674 ], [ 21.3022297, 41.510769793866615 ], [ 21.296136199999989, 41.512431693867413 ], [ 21.2931491, 41.510339893866458 ], [ 21.2950213, 41.507948693865387 ], [ 21.2948825, 41.505412893864211 ], [ 21.292553, 41.503448893863364 ], [ 21.2890319, 41.502767893863052 ], [ 21.2872951, 41.503335693863306 ], [ 21.2875824, 41.502885193863122 ], [ 21.2866425, 41.503224393863263 ], [ 21.285488, 41.502811193863025 ], [ 21.2850584, 41.501705693862554 ], [ 21.280646, 41.501625593862499 ], [ 21.2805019, 41.504239593863723 ], [ 21.2753725, 41.504170093863664 ], [ 21.2754481, 41.504915693864007 ], [ 21.27168, 41.504929793864036 ], [ 21.271586, 41.499421693861507 ], [ 21.2680982, 41.499610893861572 ], [ 21.2678764, 41.494387093859267 ], [ 21.2705798, 41.49430879385919 ], [ 21.2704881, 41.492094293858173 ], [ 21.2685123, 41.492160693858224 ], [ 21.2684819, 41.493206293858712 ], [ 21.2663797, 41.493230393858688 ], [ 21.2665354, 41.496417093860153 ], [ 21.2599515, 41.496370993860147 ], [ 21.2600326, 41.495129093859553 ], [ 21.2514265, 41.495122693859564 ], [ 21.2514841, 41.493097393858704 ], [ 21.2465613, 41.493030993858653 ], [ 21.246554, 41.485792593855351 ], [ 21.247843, 41.485779993855331 ], [ 21.2480509, 41.481176393853239 ], [ 21.2403593, 41.48110519385321 ], [ 21.2404694, 41.476837493851271 ], [ 21.2460563, 41.476793693851249 ], [ 21.245879299999984, 41.474383493850162 ], [ 21.2521943, 41.474287393850119 ], [ 21.2520105, 41.470826593848535 ], [ 21.2532346, 41.466192293846468 ], [ 21.2527192, 41.462812893844927 ], [ 21.251758, 41.461214093844205 ], [ 21.2467137, 41.457659593842592 ], [ 21.2457372, 41.454568793841148 ], [ 21.2439092, 41.45417649384104 ], [ 21.2424758, 41.452456293840257 ], [ 21.2401565, 41.451273293839691 ], [ 21.2373862, 41.451273293839691 ], [ 21.2366776, 41.450066093839162 ], [ 21.2354213, 41.449510793838904 ], [ 21.2338429, 41.449872893839036 ], [ 21.2324256, 41.448593293838449 ], [ 21.2289897, 41.449034993838637 ], [ 21.228586, 41.442136693835494 ], [ 21.2249041, 41.440576793834829 ], [ 21.2089662, 41.43701229383317 ], [ 21.2035005, 41.435069093832297 ], [ 21.1992855, 41.437208193833293 ], [ 21.1874215, 41.438178693833727 ], [ 21.1869972, 41.444523993836611 ], [ 21.1886013, 41.447718993838031 ], [ 21.1869123, 41.449143493838676 ], [ 21.1804923, 41.44851819383841 ], [ 21.1789326, 41.449089093838701 ], [ 21.1765383, 41.448869493838579 ], [ 21.172694, 41.451399993839757 ], [ 21.1700824, 41.451698993839862 ], [ 21.1644262, 41.455059593841398 ], [ 21.1613411, 41.455831193841703 ], [ 21.1567539, 41.459451993843373 ], [ 21.1554833, 41.46264379384484 ], [ 21.1538874, 41.464301793845614 ], [ 21.1511438, 41.465056493845907 ], [ 21.148084, 41.470607293848431 ], [ 21.1467057, 41.47164009384894 ], [ 21.1442697, 41.471897893849075 ], [ 21.141265, 41.47511879385052 ], [ 21.1428514, 41.478624693852097 ], [ 21.142351099999988, 41.48408339385459 ], [ 21.1431874, 41.487373893856038 ], [ 21.1440579, 41.48980559385717 ], [ 21.1455024, 41.49040209385744 ], [ 21.1432824, 41.490846393857659 ], [ 21.138043199999988, 41.487993893856313 ], [ 21.1353011, 41.488445793856535 ], [ 21.1344125, 41.486937893855838 ], [ 21.1326352, 41.486734093855787 ], [ 21.1307491, 41.485592893855255 ], [ 21.124583, 41.486217793855552 ], [ 21.1193056, 41.483717993854391 ], [ 21.1079527, 41.483908193854475 ], [ 21.1065744, 41.482304993853738 ], [ 21.104032, 41.480771993853054 ], [ 21.1053412, 41.480484393852919 ], [ 21.1039266, 41.479913793852681 ], [ 21.1026208, 41.477848493851745 ], [ 21.0986515, 41.476372693851047 ], [ 21.0994834, 41.475497893850687 ], [ 21.0982131, 41.47477619385036 ], [ 21.0925692, 41.474631893850244 ], [ 21.0891424, 41.473959893849951 ], [ 21.0870641, 41.474772993850316 ], [ 21.0829265, 41.473441793849759 ], [ 21.0821627, 41.47430739385014 ], [ 21.0826009, 41.474792293850356 ], [ 21.07865, 41.474952193850427 ] ] ] } },
{ "type": "Feature", "properties": { "admin_id": "2608570", "name_local": "Општина Јегуновце", "name_en": "Municipality of Jegunovce", "name_en_status": "OSM_NAME_EN", "source_name": "Општина Јегуновце", "source_admin_level": "7", "source_osm_relation_id": "2608570", "source_name_en": "Municipality of Jegunovce" }, "geometry": { "type": "Polygon", "coordinates": [ [ [ 21.0279693, 42.027651394098214 ], [ 21.0302246, 42.025674394097344 ], [ 21.0297619, 42.02305519409618 ], [ 21.0322952, 42.022231294095796 ], [ 21.0343552, 42.023315194096334 ], [ 21.035428, 42.02149799409549 ], [ 21.0381317, 42.01980829409478 ], [ 21.0398275, 42.021058594095294 ], [ 21.04141, 42.020841894095192 ], [ 21.042206, 42.020561494095062 ], [ 21.0417795, 42.020158994094906 ], [ 21.0422516, 42.019744494094702 ], [ 21.0497189, 42.018086594093973 ], [ 21.0508347, 42.016747494093408 ], [ 21.0542404, 42.01568459409291 ], [ 21.055212, 42.016556194093305 ], [ 21.0594177, 42.016237294093187 ], [ 21.0619068, 42.016619994093347 ], [ 21.0650826, 42.018660494094284 ], [ 21.0684094, 42.019210794094491 ], [ 21.0709299, 42.017887494093912 ], [ 21.0706348, 42.017504894093712 ], [ 21.0736389, 42.016827294093432 ], [ 21.0732527, 42.015822994092936 ], [ 21.0737207, 42.016271494093203 ], [ 21.0748888, 42.015575894092919 ], [ 21.0753877, 42.016093994093126 ], [ 21.0768522, 42.015081694092679 ], [ 21.074583, 42.013455494091907 ], [ 21.0757417, 42.012184094091353 ], [ 21.0738373, 42.012028494091282 ], [ 21.0721636, 42.009445694090168 ], [ 21.0701895, 42.009318094090112 ], [ 21.0706186, 42.007596094089351 ], [ 21.0698032, 42.007117794089147 ], [ 21.0683441, 42.007436694089286 ], [ 21.0669386, 42.005977794088608 ], [ 21.0677433, 42.004502894087956 ], [ 21.0693741, 42.004821794088087 ], [ 21.0699749, 42.003418594087492 ], [ 21.0725498, 42.003099694087361 ], [ 21.0751247, 42.004120194087818 ], [ 21.0788155, 42.000356994086168 ], [ 21.0844803, 41.997677994084953 ], [ 21.0956383, 41.99601959408421 ], [ 21.0968399, 41.996274694084299 ], [ 21.1007881, 41.994807594083667 ], [ 21.1053371, 41.994998894083771 ], [ 21.1093819, 41.994321194083419 ], [ 21.1088991, 41.997454794084831 ], [ 21.109457, 41.999591594085764 ], [ 21.1162376, 42.00124999408655 ], [ 21.119585, 42.003546194087527 ], [ 21.1258507, 42.006607594088884 ], [ 21.1290264, 42.00711779408914 ], [ 21.1323255, 42.008672394089821 ], [ 21.138124500000011, 42.009222394090052 ], [ 21.1478555, 42.012841594091661 ], [ 21.1498886, 42.012833594091639 ], [ 21.1570072, 42.017703994093793 ], [ 21.1638308, 42.020621294095115 ], [ 21.1743879, 42.030041694099268 ], [ 21.1778212, 42.03488689410144 ], [ 21.175375, 42.037149894102448 ], [ 21.1737442, 42.037596194102584 ], [ 21.1716413, 42.039349194103373 ], [ 21.1710405, 42.041835194104486 ], [ 21.1696672, 42.043938694105421 ], [ 21.1702681, 42.045914594106343 ], [ 21.1683798, 42.046806894106687 ], [ 21.1673874, 42.048647294107518 ], [ 21.1665237, 42.048796694107587 ], [ 21.1679077, 42.049643194107958 ], [ 21.1707401, 42.049706894107992 ], [ 21.1719847, 42.052033194109001 ], [ 21.1750317, 42.054295694110039 ], [ 21.1797523, 42.056526194111001 ], [ 21.1843872, 42.0598398941125 ], [ 21.1897087, 42.061496794113197 ], [ 21.1912322, 42.062904594113824 ], [ 21.1919282, 42.062637794113691 ], [ 21.191983199999989, 42.064077494114386 ], [ 21.1934423, 42.065606794115027 ], [ 21.1969614, 42.067454594115873 ], [ 21.1952019, 42.067804994115953 ], [ 21.1927557, 42.069875794116889 ], [ 21.193614, 42.070640294117247 ], [ 21.1945581, 42.073825994118636 ], [ 21.1940432, 42.076119494119631 ], [ 21.191597, 42.076342494119778 ], [ 21.18958, 42.077648494120304 ], [ 21.1900949, 42.081916694122263 ], [ 21.1884212, 42.082330694122426 ], [ 21.18752, 42.083572894122959 ], [ 21.1861467, 42.087649594124763 ], [ 21.1861467, 42.09089809412616 ], [ 21.1825848, 42.092140094126755 ], [ 21.1821985, 42.092426694126885 ], [ 21.182857, 42.093255694127244 ], [ 21.1789799, 42.09156689412648 ], [ 21.1753321, 42.088031794124959 ], [ 21.1750317, 42.084305494123313 ], [ 21.1712551, 42.083795894123085 ], [ 21.1701393, 42.08239439412246 ], [ 21.1660194, 42.081247794121943 ], [ 21.1650753, 42.079973694121364 ], [ 21.1628437, 42.079081894120947 ], [ 21.1598396, 42.078890694120872 ], [ 21.1591262, 42.07715279412016 ], [ 21.1577367, 42.076760294119964 ], [ 21.1575854, 42.081608794122083 ], [ 21.1595264, 42.085215994123729 ], [ 21.1624447, 42.086703394124363 ], [ 21.1622387, 42.091386594126384 ], [ 21.155752, 42.094555194127778 ], [ 21.1549768, 42.098658294129642 ], [ 21.158461, 42.100534994130477 ], [ 21.1627525, 42.099388694129928 ], [ 21.1659282, 42.101171794130735 ], [ 21.1695331, 42.100216594130316 ], [ 21.1727947, 42.102381794131269 ], [ 21.1763996, 42.102572794131362 ], [ 21.1781162, 42.103209594131656 ], [ 21.1820517, 42.103269294131678 ], [ 21.1822361, 42.101872294131063 ], [ 21.1883301, 42.102572794131362 ], [ 21.1927074, 42.102254394131201 ], [ 21.1957973, 42.104610594132247 ], [ 21.1986297, 42.105629494132707 ], [ 21.2069553, 42.106584594133118 ], [ 21.2123197, 42.109991294134609 ], [ 21.2125912, 42.111060094135063 ], [ 21.2144761, 42.112524694135757 ], [ 21.2152127, 42.114164394136466 ], [ 21.2145339, 42.115949594137263 ], [ 21.2160372, 42.120115194139089 ], [ 21.2157545, 42.121841994139878 ], [ 21.2169209, 42.124034994140828 ], [ 21.2162304, 42.124515794141011 ], [ 21.2164674, 42.125862694141603 ], [ 21.2152994, 42.127798394142459 ], [ 21.2164557, 42.128817594142895 ], [ 21.2151003, 42.13006259414351 ], [ 21.2145011, 42.132820894144672 ], [ 21.2127712, 42.134886394145646 ], [ 21.2120837, 42.134496894145478 ], [ 21.2105953, 42.134986394145656 ], [ 21.2107269, 42.136759694146413 ], [ 21.2088681, 42.137289794146639 ], [ 21.2080434, 42.138508194147192 ], [ 21.2086049, 42.140700294148182 ], [ 21.2058941, 42.142047394148783 ], [ 21.2051247, 42.145055094150109 ], [ 21.2032394, 42.144879594149991 ], [ 21.2029624, 42.147610794151234 ], [ 21.2016019, 42.147321794151047 ], [ 21.199997799999988, 42.14786889415128 ], [ 21.1996124, 42.150174094152355 ], [ 21.2001843, 42.151145194152747 ], [ 21.1991205, 42.150779494152609 ], [ 21.1965547, 42.151486394152897 ], [ 21.1953657, 42.152228894153225 ], [ 21.1949496, 42.153342894153703 ], [ 21.1959617, 42.154633494154325 ], [ 21.1942958, 42.154444594154214 ], [ 21.1921555, 42.155539894154678 ], [ 21.1909689, 42.159720094156548 ], [ 21.1868307, 42.161892494157513 ], [ 21.1861404, 42.163387994158157 ], [ 21.1845467, 42.163000194157981 ], [ 21.1845092, 42.163472294158225 ], [ 21.1865775, 42.16398899415843 ], [ 21.1844369, 42.16555579415914 ], [ 21.1805981, 42.166748794159659 ], [ 21.1785831, 42.169986294161063 ], [ 21.1779697, 42.172768494162248 ], [ 21.1764639, 42.173100594162413 ], [ 21.1760987, 42.175343294163433 ], [ 21.1732717, 42.179248994165135 ], [ 21.1740798, 42.179528594165241 ], [ 21.173108, 42.180322394165572 ], [ 21.1725101, 42.180038694165475 ], [ 21.1718935, 42.180452294165683 ], [ 21.1693565, 42.185125494167728 ], [ 21.1682515, 42.185559494167904 ], [ 21.1694997, 42.185438494167862 ], [ 21.170020099999988, 42.186269894168255 ], [ 21.171133799999989, 42.185917394168058 ], [ 21.1711747, 42.186899494168529 ], [ 21.1701797, 42.187058294168551 ], [ 21.1698778, 42.18833299416913 ], [ 21.1683228, 42.188994994169391 ], [ 21.1679519, 42.191018694170282 ], [ 21.1672161, 42.190939394170279 ], [ 21.1648304, 42.193221694171257 ], [ 21.1616448, 42.197144494173017 ], [ 21.158097, 42.198120294173421 ], [ 21.154864, 42.197684194173256 ], [ 21.1454914, 42.200204594174352 ], [ 21.1405636, 42.199985194174253 ], [ 21.1348465, 42.20138099417489 ], [ 21.1253602, 42.202195994175241 ], [ 21.1212704, 42.203987694175993 ], [ 21.1191045, 42.206836294177251 ], [ 21.1118358, 42.205826894176838 ], [ 21.1038827, 42.20595309417687 ], [ 21.1009026, 42.2035564941758 ], [ 21.0974721, 42.202447494175296 ], [ 21.0945089, 42.199116794173882 ], [ 21.0943742, 42.197163394173025 ], [ 21.0913028, 42.194204894171712 ], [ 21.088475700000011, 42.193671094171449 ], [ 21.0829559, 42.189609694169725 ], [ 21.06797, 42.185836594168009 ], [ 21.0647762, 42.182409694166516 ], [ 21.0609266, 42.181022794165891 ], [ 21.0579846, 42.17656199416394 ], [ 21.0547353, 42.174592894163062 ], [ 21.0495344, 42.166545194159525 ], [ 21.0511029, 42.162013194157559 ], [ 21.0524145, 42.160411194156865 ], [ 21.0571003, 42.162735394157849 ], [ 21.0610485, 42.16318079415808 ], [ 21.0652542, 42.162926294157948 ], [ 21.0690737, 42.161558394157382 ], [ 21.0799742, 42.148641694151635 ], [ 21.0813475, 42.145905294150431 ], [ 21.0891581, 42.138331894147093 ], [ 21.0901022, 42.136422494146238 ], [ 21.0913897, 42.135786094145978 ], [ 21.093235, 42.133399194144936 ], [ 21.0947371, 42.133112794144843 ], [ 21.0954666, 42.131935194144319 ], [ 21.0976124, 42.131871594144229 ], [ 21.0959379, 42.129407494143166 ], [ 21.1002302, 42.1271292941422 ], [ 21.1026335, 42.121845494139883 ], [ 21.1056376, 42.119680994138932 ], [ 21.1047792, 42.118598694138406 ], [ 21.10528750000001, 42.11769739413802 ], [ 21.1060023, 42.117743694138063 ], [ 21.106347, 42.116906994137636 ], [ 21.1068392, 42.117309394137884 ], [ 21.1075902, 42.116911494137668 ], [ 21.1079979, 42.114412494136573 ], [ 21.1093497, 42.114778594136745 ], [ 21.1101866, 42.116163394137324 ], [ 21.1121607, 42.116418094137444 ], [ 21.1133194, 42.117786894138064 ], [ 21.1161498, 42.119201594138659 ], [ 21.117095899999988, 42.119155794138671 ], [ 21.1167312, 42.117166194137802 ], [ 21.1178041, 42.116656894137563 ], [ 21.1201215, 42.112581994135759 ], [ 21.1237264, 42.111308594135238 ], [ 21.1267734, 42.106182694132933 ], [ 21.1311936, 42.103730994131872 ], [ 21.1308074, 42.10162949413094 ], [ 21.1329746, 42.101104094130712 ], [ 21.1373681, 42.097468094129077 ], [ 21.1358929, 42.097856194129299 ], [ 21.1350131, 42.09596149412841 ], [ 21.1336827, 42.094910594127988 ], [ 21.1350131, 42.091726094126585 ], [ 21.1337042, 42.08855729412516 ], [ 21.1268806, 42.086200494124135 ], [ 21.122117, 42.081741494122156 ], [ 21.1146069, 42.081837094122157 ], [ 21.1107158, 42.080296594121535 ], [ 21.1125416, 42.079527794121212 ], [ 21.1120494, 42.078895694120874 ], [ 21.1115501, 42.079328794121061 ], [ 21.110601, 42.078913594120884 ], [ 21.1086202, 42.077138794120103 ], [ 21.1105084, 42.076724694119939 ], [ 21.1109376, 42.075896494119576 ], [ 21.1095187, 42.07508219411919 ], [ 21.1111093, 42.074335594118864 ], [ 21.1106586, 42.073873694118674 ], [ 21.1097574, 42.074096694118765 ], [ 21.1079335, 42.072647294118156 ], [ 21.1085343, 42.071659794117714 ], [ 21.1074279, 42.069422794116662 ], [ 21.1048749, 42.070248294117057 ], [ 21.1041141, 42.069397894116698 ], [ 21.1053157, 42.068250994116191 ], [ 21.1041999, 42.067645694115924 ], [ 21.1035991, 42.064236794114443 ], [ 21.1024833, 42.062420694113605 ], [ 21.1001873, 42.063392494114034 ], [ 21.0979128, 42.063424294114029 ], [ 21.0958529, 42.059760294112465 ], [ 21.0936065, 42.059460594112288 ], [ 21.0927629, 42.058023794111691 ], [ 21.0933638, 42.057004094111221 ], [ 21.0909605, 42.054263794110049 ], [ 21.0908747, 42.052925394109444 ], [ 21.092248, 42.052224394109118 ], [ 21.0913199, 42.049704894107997 ], [ 21.0897589, 42.047057894106807 ], [ 21.0888684, 42.047420394107 ], [ 21.0876989, 42.046105794106403 ], [ 21.0893726, 42.045384794106077 ], [ 21.0891205, 42.045042594105944 ], [ 21.0880315, 42.04553259410612 ], [ 21.0873824, 42.044285194105598 ], [ 21.0843945, 42.045563994106104 ], [ 21.0844374, 42.044448594105674 ], [ 21.0809747, 42.04134919410432 ], [ 21.0770506, 42.043763394105348 ], [ 21.0748029, 42.041643994104412 ], [ 21.0769057, 42.039795394103592 ], [ 21.076026, 42.039333194103428 ], [ 21.0747814, 42.04000259410369 ], [ 21.0752749, 42.03912609410331 ], [ 21.0746741, 42.038520494103047 ], [ 21.0730433, 42.038616094103048 ], [ 21.0748458, 42.037086194102365 ], [ 21.0734778, 42.035869994101851 ], [ 21.068902, 42.039014494103263 ], [ 21.0658979, 42.040289394103795 ], [ 21.0645247, 42.039269494103401 ], [ 21.0615635, 42.040735594103992 ], [ 21.0611343, 42.039588194103537 ], [ 21.0573578, 42.040894994104121 ], [ 21.0571352, 42.040118094103704 ], [ 21.0560516, 42.040745594104003 ], [ 21.0555712, 42.040339394103839 ], [ 21.0548266, 42.04108679410421 ], [ 21.0534319, 42.040226194103781 ], [ 21.0521015, 42.041421394104333 ], [ 21.0509213, 42.040576794103956 ], [ 21.0479108, 42.043845194105387 ], [ 21.0463069, 42.043218894105138 ], [ 21.0437526, 42.044806994105798 ], [ 21.0412868, 42.041293894104264 ], [ 21.0399342, 42.041739594104456 ], [ 21.0382175, 42.040655894104006 ], [ 21.0368443, 42.041739594104449 ], [ 21.0308468, 42.038504494103016 ], [ 21.031512, 42.038026394102801 ], [ 21.0299456, 42.036639894102237 ], [ 21.0281646, 42.033213394100656 ], [ 21.0291088, 42.032097694100173 ], [ 21.0278642, 42.031061794099749 ], [ 21.0293019, 42.029404094099014 ], [ 21.0279693, 42.027651394098214 ] ] ] } },
{ "type": "Feature", "properties": { "admin_id": "2615107", "name_local": "Општина Желино", "name_en": "Municipality of Zhelino", "name_en_status": "OSM_NAME_EN", "source_name": "Општина Желино", "source_admin_level": "7", "source_osm_relation_id": "2615107", "source_name_en": "Municipality of Zhelino" }, "geometry": { "type": "Polygon", "coordinates": [ [ [ 21.0677579, 41.869664394027978 ], [ 21.0698891, 41.870807194028522 ], [ 21.0718632, 41.869784494028025 ], [ 21.077528, 41.868697994027578 ], [ 21.0831928, 41.869145394027747 ], [ 21.0857677, 41.867867094027211 ], [ 21.089201, 41.867355694026962 ], [ 21.0946941, 41.865502094026141 ], [ 21.0971832, 41.866652594026689 ], [ 21.1009598, 41.866588694026632 ], [ 21.1031055, 41.867675294027123 ], [ 21.1073971, 41.86754749402705 ], [ 21.1138344, 41.864607194025758 ], [ 21.1156368, 41.862753494024908 ], [ 21.1194134, 41.861155394024244 ], [ 21.1208725, 41.859557294023496 ], [ 21.1265373, 41.859557294023489 ], [ 21.1296701, 41.85594539402188 ], [ 21.1344337, 41.852972694020572 ], [ 21.138382, 41.852716894020411 ], [ 21.1419868, 41.853739894020883 ], [ 21.1455302, 41.856459394022089 ], [ 21.1464057, 41.859014894023247 ], [ 21.143745, 41.859781994023599 ], [ 21.1418138, 41.86122029402425 ], [ 21.145659, 41.863874694025391 ], [ 21.149796, 41.862243094024713 ], [ 21.1536155, 41.862850294024987 ], [ 21.1545854, 41.86349109402525 ], [ 21.1536155, 41.864128794025575 ], [ 21.1535297, 41.865055594025947 ], [ 21.1549459, 41.866301994026522 ], [ 21.1573491, 41.864831894025862 ], [ 21.1608253, 41.868794794027608 ], [ 21.1607824, 41.869751894028042 ], [ 21.1666203, 41.869209294027812 ], [ 21.1685085, 41.871893694028977 ], [ 21.1741734, 41.870167994028257 ], [ 21.1753321, 41.87077519402856 ], [ 21.1765766, 41.872916294029473 ], [ 21.1802673, 41.873938894029884 ], [ 21.1790765, 41.870975094028616 ], [ 21.179280899999988, 41.868422094027444 ], [ 21.1805898, 41.866712394026692 ], [ 21.1817914, 41.866113094026431 ], [ 21.184001, 41.868027094027291 ], [ 21.1869715, 41.867286094026944 ], [ 21.1877601, 41.868898194027651 ], [ 21.1881855, 41.868259094027373 ], [ 21.1893225, 41.868218594027347 ], [ 21.18855, 41.867131994026863 ], [ 21.1907876, 41.86702789402684 ], [ 21.1903524, 41.865661894026225 ], [ 21.1913824, 41.8624657940248 ], [ 21.1899233, 41.851150594019714 ], [ 21.1907306, 41.847864894018279 ], [ 21.1895809, 41.846920194017819 ], [ 21.1957582, 41.847291394018036 ], [ 21.199468799999988, 41.85038339401941 ], [ 21.2005468, 41.856605894022188 ], [ 21.2034641, 41.853829094020959 ], [ 21.2042784, 41.854241294021108 ], [ 21.2038519, 41.855715394021765 ], [ 21.20576, 41.855231594021546 ], [ 21.2083553, 41.853483894020748 ], [ 21.2116394, 41.854080794021051 ], [ 21.2149428, 41.853292094020695 ], [ 21.2098546, 41.847284194018009 ], [ 21.2093164, 41.844302694016662 ], [ 21.2105179, 41.843705994016425 ], [ 21.211267, 41.84067009401506 ], [ 21.2156701, 41.835516094012753 ], [ 21.2188178, 41.833891094012017 ], [ 21.2211987, 41.83370949401192 ], [ 21.2293435, 41.831064394010767 ], [ 21.237919399999988, 41.830023394010283 ], [ 21.2378168, 41.836955794013434 ], [ 21.2371302, 41.839513594014555 ], [ 21.2379885, 41.842007394015674 ], [ 21.2379026, 41.846227494017562 ], [ 21.2355852, 41.849488294019011 ], [ 21.2387609, 41.857096094022417 ], [ 21.2388468, 41.85914179402333 ], [ 21.2420225, 41.86483089402585 ], [ 21.2415934, 41.868793794027617 ], [ 21.2406492, 41.870072094028217 ], [ 21.2429667, 41.875185094030456 ], [ 21.2431383, 41.877869294031662 ], [ 21.2423658, 41.881128394033119 ], [ 21.2411642, 41.883045494033979 ], [ 21.239233, 41.884291594034515 ], [ 21.2374654, 41.884613094034691 ], [ 21.2344265, 41.886975394035716 ], [ 21.2311649, 41.886591994035577 ], [ 21.2229252, 41.890745194037372 ], [ 21.2159729, 41.892023094037974 ], [ 21.215415, 41.892821694038332 ], [ 21.2167982, 41.894180394038912 ], [ 21.2100506, 41.896175994039801 ], [ 21.2011242, 41.900328594041653 ], [ 21.1991501, 41.900456394041754 ], [ 21.1969185, 41.901414594042187 ], [ 21.1937428, 41.90365049404312 ], [ 21.1912966, 41.904321194043447 ], [ 21.1888504, 41.907610994044894 ], [ 21.1867046, 41.907802594044988 ], [ 21.1839581, 41.910293794046119 ], [ 21.1813831, 41.910421494046183 ], [ 21.1766906, 41.9143326940479 ], [ 21.1800957, 41.917064094049138 ], [ 21.1869192, 41.920480994050664 ], [ 21.1867476, 41.92188599405128 ], [ 21.1825418, 41.929995994054899 ], [ 21.1827135, 41.931209294055392 ], [ 21.1844301, 41.932358594055948 ], [ 21.1863184, 41.934976494057075 ], [ 21.1823702, 41.93740269405815 ], [ 21.1830139, 41.938328494058574 ], [ 21.1841726, 41.938615794058684 ], [ 21.1846447, 41.939988494059286 ], [ 21.1863613, 41.939669294059172 ], [ 21.1869192, 41.940084294059382 ], [ 21.183486, 41.943978694061094 ], [ 21.1878633, 41.945899894061988 ], [ 21.1851597, 41.946308794062091 ], [ 21.1831856, 41.947457894062644 ], [ 21.1827135, 41.948511194063101 ], [ 21.1835718, 41.949660294063619 ], [ 21.1834002, 41.951000794064235 ], [ 21.1868602, 41.955484894066196 ], [ 21.1883783, 41.959362394067945 ], [ 21.1872625, 41.960766594068559 ], [ 21.1877775, 41.962489794069313 ], [ 21.1873484, 41.963255694069659 ], [ 21.1884212, 41.963415194069746 ], [ 21.1891508, 41.964595894070229 ], [ 21.1876917, 41.966063794070926 ], [ 21.187005, 41.967914494071742 ], [ 21.1878633, 41.969637494072494 ], [ 21.1871767, 41.971807194073463 ], [ 21.18752, 41.976975794075784 ], [ 21.1893654, 41.978411494076383 ], [ 21.1919403, 41.979177094076732 ], [ 21.1931473, 41.978955794076633 ], [ 21.1947083, 41.979981194077105 ], [ 21.1934853, 41.980325594077229 ], [ 21.1919403, 41.979559994076943 ], [ 21.1843014, 41.979687594076971 ], [ 21.1815548, 41.982175894078054 ], [ 21.1782932, 41.983324394078537 ], [ 21.1765766, 41.984791794079221 ], [ 21.1751175, 41.984345194079026 ], [ 21.1731573, 41.984714594079186 ], [ 21.1734116, 41.985341994079462 ], [ 21.1718988, 41.987566994080481 ], [ 21.1680365, 41.99018259408161 ], [ 21.1658049, 41.993436094083059 ], [ 21.1634874, 41.995541094083983 ], [ 21.156621, 41.99949589408574 ], [ 21.1560202, 42.00345049408751 ], [ 21.1498886, 42.012833594091639 ], [ 21.1478555, 42.012841594091661 ], [ 21.138124500000011, 42.009222394090052 ], [ 21.1323255, 42.008672394089821 ], [ 21.1290264, 42.00711779408914 ], [ 21.1258507, 42.006607594088884 ], [ 21.119585, 42.003546194087527 ], [ 21.1162376, 42.00124999408655 ], [ 21.109457, 41.999591594085764 ], [ 21.1088991, 41.997454794084831 ], [ 21.1093819, 41.994321194083419 ], [ 21.1053371, 41.994998894083771 ], [ 21.1007881, 41.994807594083667 ], [ 21.0968399, 41.996274694084299 ], [ 21.0956383, 41.99601959408421 ], [ 21.0844803, 41.997677994084953 ], [ 21.0788155, 42.000356994086168 ], [ 21.0751247, 42.004120194087818 ], [ 21.0725498, 42.003099694087361 ], [ 21.0699749, 42.003418594087492 ], [ 21.0693741, 42.004821794088087 ], [ 21.0677433, 42.004502894087956 ], [ 21.0669386, 42.005977794088608 ], [ 21.0683441, 42.007436694089286 ], [ 21.0698032, 42.007117794089147 ], [ 21.0706186, 42.007596094089351 ], [ 21.0701895, 42.009318094090112 ], [ 21.0721636, 42.009445694090168 ], [ 21.0738373, 42.012028494091282 ], [ 21.0757417, 42.012184094091353 ], [ 21.074583, 42.013455494091907 ], [ 21.0768522, 42.015081694092679 ], [ 21.0753877, 42.016093994093126 ], [ 21.0748888, 42.015575894092919 ], [ 21.0737207, 42.016271494093203 ], [ 21.0732527, 42.015822994092936 ], [ 21.0736389, 42.016827294093432 ], [ 21.0706348, 42.017504894093712 ], [ 21.0709299, 42.017887494093912 ], [ 21.0684094, 42.019210794094491 ], [ 21.0650826, 42.018660494094284 ], [ 21.0619068, 42.016619994093347 ], [ 21.0594177, 42.016237294093187 ], [ 21.055212, 42.016556194093305 ], [ 21.0542404, 42.01568459409291 ], [ 21.0508347, 42.016747494093408 ], [ 21.0497189, 42.018086594093973 ], [ 21.0422516, 42.019744494094702 ], [ 21.0417795, 42.020158994094906 ], [ 21.042206, 42.020561494095062 ], [ 21.04141, 42.020841894095192 ], [ 21.0398275, 42.021058594095294 ], [ 21.0381317, 42.01980829409478 ], [ 21.035428, 42.02149799409549 ], [ 21.0343552, 42.023315194096334 ], [ 21.0322952, 42.022231294095796 ], [ 21.0296995, 42.023139394096262 ], [ 21.028776199999989, 42.022398694095862 ], [ 21.0268235, 42.023450694096368 ], [ 21.0232937, 42.019840194094748 ], [ 21.0196674, 42.014722794092471 ], [ 21.0166526, 42.015850694092975 ], [ 21.0163951, 42.005874094088561 ], [ 21.0288056, 42.004219794087845 ], [ 21.0305357, 42.003689694087626 ], [ 21.0306215, 42.002669194087169 ], [ 21.0365009, 42.000946994086384 ], [ 21.037616599999989, 41.998993494085539 ], [ 21.0403525, 41.998818094085486 ], [ 21.0396658, 41.997223394084777 ], [ 21.0460978, 41.993381694083041 ], [ 21.0485708, 41.993276894082982 ], [ 21.0456239, 41.988805294081025 ], [ 21.0501558, 41.988575594080871 ], [ 21.0508882, 41.987638994080513 ], [ 21.0503518, 41.987232294080322 ], [ 21.0520577, 41.986171694079822 ], [ 21.0510062, 41.985804894079692 ], [ 21.0507916, 41.985007394079304 ], [ 21.0537811, 41.983009294078407 ], [ 21.0502553, 41.983492794078678 ], [ 21.04937420000001, 41.982625494078263 ], [ 21.0469227, 41.981912694077941 ], [ 21.0464613, 41.980879894077461 ], [ 21.0483523, 41.979824194077032 ], [ 21.0482754, 41.978561294076435 ], [ 21.0490751, 41.977891994076138 ], [ 21.0467523, 41.976309794075462 ], [ 21.0471962, 41.974509194074685 ], [ 21.0431474, 41.973952794074428 ], [ 21.0417581, 41.97104139407309 ], [ 21.0408434, 41.971013494073155 ], [ 21.0404237, 41.971703494073424 ], [ 21.039281, 41.971525994073332 ], [ 21.0389176, 41.972498094073771 ], [ 21.0366203, 41.972362494073721 ], [ 21.0378741, 41.973841394074356 ], [ 21.0362863, 41.974200394074494 ], [ 21.036474, 41.974951294074863 ], [ 21.0379117, 41.975693094075197 ], [ 21.0345482, 41.978459594076398 ], [ 21.0329604, 41.978762594076507 ], [ 21.0324239, 41.978387794076369 ], [ 21.0276817, 41.979384794076836 ], [ 21.027649499999988, 41.978012894076194 ], [ 21.0266625, 41.97843569407641 ], [ 21.0224247, 41.974774394074778 ], [ 21.0198927, 41.97359389407422 ], [ 21.0187769, 41.971934794073526 ], [ 21.019206, 41.97065849407295 ], [ 21.0184765, 41.968903594072167 ], [ 21.017189, 41.968520694072005 ], [ 21.0144424, 41.969222694072329 ], [ 21.010943499999989, 41.968896894072138 ], [ 21.0096574, 41.967531594071559 ], [ 21.0109073, 41.966999094071305 ], [ 21.0082787, 41.965866294070835 ], [ 21.0095447, 41.96518919407054 ], [ 21.0115671, 41.965297894070567 ], [ 21.011138, 41.96280889406944 ], [ 21.0121679, 41.961787794068997 ], [ 21.0119534, 41.96086229406859 ], [ 21.0144424, 41.960670894068521 ], [ 21.0229397, 41.957607194067144 ], [ 21.0286903, 41.952309394064784 ], [ 21.0336685, 41.950202894063871 ], [ 21.04002, 41.948734594063239 ], [ 21.0402346, 41.946085394061996 ], [ 21.0427666, 41.944712794061438 ], [ 21.0468006, 41.944968194061559 ], [ 21.0489464, 41.943691394060991 ], [ 21.0525513, 41.945542794061787 ], [ 21.0534525, 41.945446994061747 ], [ 21.0545227, 41.943805094061005 ], [ 21.0546541, 41.940978094059815 ], [ 21.0529375, 41.938488094058663 ], [ 21.0520792, 41.933444094056448 ], [ 21.0505342, 41.929293594054592 ], [ 21.0507059, 41.924823594052576 ], [ 21.0522509, 41.92258839405158 ], [ 21.047101, 41.918564994049774 ], [ 21.0492897, 41.91770279404944 ], [ 21.0550404, 41.917447294049282 ], [ 21.0565853, 41.916361594048816 ], [ 21.0615635, 41.91578679404855 ], [ 21.0637522, 41.912752894047202 ], [ 21.0660696, 41.911667094046742 ], [ 21.0667992, 41.910229894046068 ], [ 21.0698891, 41.911124194046494 ], [ 21.0726786, 41.914158094047878 ], [ 21.0743093, 41.914924494048137 ], [ 21.0747385, 41.916457394048834 ], [ 21.0783923, 41.918741594049862 ], [ 21.0802317, 41.914349694047914 ], [ 21.0834932, 41.91102829404646 ], [ 21.0876131, 41.905087794043787 ], [ 21.0876131, 41.902149294042502 ], [ 21.0908103, 41.898615594040898 ], [ 21.0808754, 41.897070394040242 ], [ 21.0799742, 41.894482894039101 ], [ 21.0752964, 41.892214794038033 ], [ 21.0698783, 41.893875894038779 ], [ 21.0677218, 41.893761794038724 ], [ 21.0680437, 41.889882594036997 ], [ 21.064868, 41.888860294036562 ], [ 21.0658979, 41.883237194034074 ], [ 21.0625505, 41.87940299403234 ], [ 21.0631514, 41.878444394031959 ], [ 21.0628939, 41.87569639403069 ], [ 21.0636503, 41.873579394029747 ], [ 21.0677579, 41.869664394027978 ] ] ] } },
{ "type": "Feature", "properties": { "admin_id": "2615128", "name_local": "Општина Теарце", "name_en": "Municipality of Tearce", "name_en_status": "OSM_NAME_EN", "source_name": "Општина Теарце", "source_admin_level": "7", "source_osm_relation_id": "2615128", "source_name_en": "Municipality of Tearce" }, "geometry": { "type": "Polygon", "coordinates": [ [ [ 21.0045558, 42.046057994106398 ], [ 21.0060418, 42.043221594105127 ], [ 21.0089493, 42.040663894104021 ], [ 21.0099363, 42.041141994104187 ], [ 21.0113847, 42.040114094103735 ], [ 21.0098827, 42.03879139410315 ], [ 21.0117066, 42.037596194102591 ], [ 21.0114813, 42.037030394102395 ], [ 21.0138309, 42.035970594101919 ], [ 21.0139489, 42.033667594100891 ], [ 21.0193348, 42.031675394099963 ], [ 21.0204828, 42.030934194099665 ], [ 21.019882, 42.030169194099344 ], [ 21.0233688, 42.028535494098605 ], [ 21.0265017, 42.026176494097562 ], [ 21.0293019, 42.029404094099014 ], [ 21.0278642, 42.031061794099749 ], [ 21.0291088, 42.032097694100173 ], [ 21.0281646, 42.033213394100656 ], [ 21.0299456, 42.036639894102237 ], [ 21.031512, 42.038026394102801 ], [ 21.0308468, 42.038504494103016 ], [ 21.0368443, 42.041739594104449 ], [ 21.0382175, 42.040655894104006 ], [ 21.0399342, 42.041739594104456 ], [ 21.0412868, 42.041293894104264 ], [ 21.0437526, 42.044806994105798 ], [ 21.0463069, 42.043218894105138 ], [ 21.0479108, 42.043845194105387 ], [ 21.0509213, 42.040576794103956 ], [ 21.0521015, 42.041421394104333 ], [ 21.0534319, 42.040226194103781 ], [ 21.0548266, 42.04108679410421 ], [ 21.0555712, 42.040339394103839 ], [ 21.0560516, 42.040745594104003 ], [ 21.0571352, 42.040118094103704 ], [ 21.0573578, 42.040894994104121 ], [ 21.0611343, 42.039588194103537 ], [ 21.0615635, 42.040735594103992 ], [ 21.0645247, 42.039269494103401 ], [ 21.0658979, 42.040289394103795 ], [ 21.068902, 42.039014494103263 ], [ 21.0734778, 42.035869994101851 ], [ 21.0748458, 42.037086194102365 ], [ 21.0730433, 42.038616094103048 ], [ 21.0746741, 42.038520494103047 ], [ 21.0752749, 42.03912609410331 ], [ 21.0747814, 42.04000259410369 ], [ 21.076026, 42.039333194103428 ], [ 21.0769057, 42.039795394103592 ], [ 21.0748029, 42.041643994104412 ], [ 21.0770506, 42.043763394105348 ], [ 21.0809747, 42.04134919410432 ], [ 21.0844374, 42.044448594105674 ], [ 21.0843945, 42.045563994106104 ], [ 21.0873824, 42.044285194105598 ], [ 21.0880315, 42.04553259410612 ], [ 21.0891205, 42.045042594105944 ], [ 21.0893726, 42.045384794106077 ], [ 21.0876989, 42.046105794106403 ], [ 21.0888684, 42.047420394107 ], [ 21.0897589, 42.047057894106807 ], [ 21.0913199, 42.049704894107997 ], [ 21.092248, 42.052224394109118 ], [ 21.0908747, 42.052925394109444 ], [ 21.0909605, 42.054263794110049 ], [ 21.0933638, 42.057004094111221 ], [ 21.0927629, 42.058023794111691 ], [ 21.0936065, 42.059460594112288 ], [ 21.0958529, 42.059760294112465 ], [ 21.0979128, 42.063424294114029 ], [ 21.1001873, 42.063392494114034 ], [ 21.1024833, 42.062420694113605 ], [ 21.1035991, 42.064236794114443 ], [ 21.1041999, 42.067645694115924 ], [ 21.1053157, 42.068250994116191 ], [ 21.1041141, 42.069397894116698 ], [ 21.1048749, 42.070248294117057 ], [ 21.1074279, 42.069422794116662 ], [ 21.1085343, 42.071659794117714 ], [ 21.1079335, 42.072647294118156 ], [ 21.1097574, 42.074096694118765 ], [ 21.1106586, 42.073873694118674 ], [ 21.1111093, 42.074335594118864 ], [ 21.1095187, 42.07508219411919 ], [ 21.1109376, 42.075896494119576 ], [ 21.1105084, 42.076724694119939 ], [ 21.1086202, 42.077138794120103 ], [ 21.110601, 42.078913594120884 ], [ 21.1115501, 42.079328794121061 ], [ 21.1120494, 42.078895694120874 ], [ 21.1125416, 42.079527794121212 ], [ 21.1107158, 42.080296594121535 ], [ 21.1146069, 42.081837094122157 ], [ 21.122117, 42.081741494122156 ], [ 21.1268806, 42.086200494124135 ], [ 21.1294985, 42.087347094124603 ], [ 21.1315584, 42.087506294124687 ], [ 21.1341119, 42.08898729412536 ], [ 21.1350131, 42.091726094126585 ], [ 21.1336827, 42.094910594127988 ], [ 21.1350131, 42.09596149412841 ], [ 21.1356997, 42.097712894129195 ], [ 21.1372742, 42.097772594129232 ], [ 21.1329746, 42.101104094130712 ], [ 21.1308074, 42.10162949413094 ], [ 21.1311936, 42.103730994131872 ], [ 21.1267734, 42.106182694132933 ], [ 21.1237264, 42.111308594135238 ], [ 21.1201215, 42.112581994135759 ], [ 21.1178041, 42.116656894137563 ], [ 21.1167312, 42.117166194137802 ], [ 21.117095899999988, 42.119155794138671 ], [ 21.1161498, 42.119201594138659 ], [ 21.1133194, 42.117786894138064 ], [ 21.1121607, 42.116418094137444 ], [ 21.1101866, 42.116163394137324 ], [ 21.1093497, 42.114778594136745 ], [ 21.1079979, 42.114412494136573 ], [ 21.1075902, 42.116911494137668 ], [ 21.1068392, 42.117309394137884 ], [ 21.106347, 42.116906994137636 ], [ 21.1060023, 42.117743694138063 ], [ 21.10528750000001, 42.11769739413802 ], [ 21.1047792, 42.118598694138406 ], [ 21.1056376, 42.119680994138932 ], [ 21.1026335, 42.121845494139883 ], [ 21.1002302, 42.1271292941422 ], [ 21.0959379, 42.129407494143166 ], [ 21.0976124, 42.131871594144229 ], [ 21.0954666, 42.131935194144319 ], [ 21.0947371, 42.133112794144843 ], [ 21.093235, 42.133399194144936 ], [ 21.0913897, 42.135786094145978 ], [ 21.0901022, 42.136422494146238 ], [ 21.0891581, 42.138331894147093 ], [ 21.0813475, 42.145905294150431 ], [ 21.0799742, 42.148641694151635 ], [ 21.0690737, 42.161558394157382 ], [ 21.0674, 42.162353694157744 ], [ 21.063194299999989, 42.163244394158106 ], [ 21.0571003, 42.162735394157849 ], [ 21.0524145, 42.160411194156865 ], [ 21.0511029, 42.162013194157559 ], [ 21.0495344, 42.166545194159525 ], [ 21.0467367, 42.165280194158953 ], [ 21.0447385, 42.165343194159007 ], [ 21.0432517, 42.166094294159315 ], [ 21.0415983, 42.163662894158279 ], [ 21.0338639, 42.159211994156301 ], [ 21.0320066, 42.157251194155442 ], [ 21.0282366, 42.156126294154987 ], [ 21.0283197, 42.155054094154508 ], [ 21.0264377, 42.152253494153257 ], [ 21.0217652, 42.151970894153152 ], [ 21.0192395, 42.150803694152607 ], [ 21.0166473, 42.150464694152461 ], [ 21.0107486, 42.150135394152315 ], [ 21.0092633, 42.150621994152502 ], [ 21.0066856, 42.148122094151447 ], [ 21.0011435, 42.145306794150173 ], [ 20.9958322, 42.14505669415005 ], [ 20.9948118, 42.143885294149577 ], [ 20.991193, 42.1437552941495 ], [ 20.986189, 42.14221599414882 ], [ 20.9826402, 42.139178494147508 ], [ 20.9795993, 42.139879394147776 ], [ 20.9727537, 42.138982294147439 ], [ 20.9693941, 42.136566494146351 ], [ 20.9571111, 42.136396294146259 ], [ 20.9542551, 42.137888594146915 ], [ 20.9517242, 42.138058094147027 ], [ 20.9486291, 42.137198094146633 ], [ 20.9448235, 42.138090494146994 ], [ 20.9415289, 42.137137494146614 ], [ 20.9403503, 42.135648494145926 ], [ 20.9341618, 42.131431794144049 ], [ 20.9304031, 42.12986379414339 ], [ 20.927939, 42.127326294142279 ], [ 20.9314013, 42.123818994140713 ], [ 20.9347916, 42.121431694139631 ], [ 20.9397697, 42.120413094139188 ], [ 20.9458227, 42.120580494139283 ], [ 20.9488678, 42.11882149413853 ], [ 20.954078, 42.116907494137664 ], [ 20.9547472, 42.115160594136924 ], [ 20.9580946, 42.112550194135757 ], [ 20.9589529, 42.110767294134952 ], [ 20.9659367, 42.105117594132487 ], [ 20.9648752, 42.104208594132103 ], [ 20.963311499999989, 42.098811494129698 ], [ 20.9642851, 42.097744794129227 ], [ 20.9652185, 42.094719594127852 ], [ 20.9733939, 42.082790594122649 ], [ 20.9821701, 42.080865594121761 ], [ 20.9898949, 42.080992994121829 ], [ 20.9909248, 42.08016479412143 ], [ 20.9971905, 42.079909994121358 ], [ 20.9990358, 42.078986294120902 ], [ 21.0003233, 42.076629194119889 ], [ 21.0036707, 42.073889694118684 ], [ 21.0031557, 42.071787194117782 ], [ 21.0018682, 42.070512894117194 ], [ 21.0023832, 42.068410294116276 ], [ 21.0035849, 42.067581994115905 ], [ 21.0038424, 42.066180194115255 ], [ 21.0049582, 42.065033294114741 ], [ 21.0100222, 42.062675594113713 ], [ 21.0108805, 42.060508994112766 ], [ 21.010108, 42.057386494111384 ], [ 21.011138, 42.055028494110324 ], [ 21.009593, 42.054072594109932 ], [ 21.0112721, 42.052057094109031 ], [ 21.0101563, 42.050710694108396 ], [ 21.0090029, 42.051355994108697 ], [ 21.0082244, 42.050763994108465 ], [ 21.0091907, 42.049674994107939 ], [ 21.0077423, 42.048471994107473 ], [ 21.0080856, 42.047579694107029 ], [ 21.0062349, 42.046269094106471 ], [ 21.0045558, 42.046057994106398 ] ] ] } },
{ "type": "Feature", "properties": { "admin_id": "2615182", "name_local": "Општина Тетово", "name_en": "Municipality of Tetovo", "name_en_status": "OSM_NAME_EN", "source_name": "Општина Тетово", "source_admin_level": "7", "source_osm_relation_id": "2615182", "source_name_en": "Municipality of Tetovo" }, "geometry": { "type": "Polygon", "coordinates": [ [ [ 20.927939, 42.127326294142279 ], [ 20.9244392, 42.12684949414205 ], [ 20.9200076, 42.128584694142795 ], [ 20.9192099, 42.12498909414127 ], [ 20.9165999, 42.122932094140317 ], [ 20.9166894, 42.118749494138463 ], [ 20.9144863, 42.115211294136955 ], [ 20.9084544, 42.112542394135716 ], [ 20.9047802, 42.10845459413396 ], [ 20.8984207, 42.104945794132412 ], [ 20.8960853, 42.101477194130851 ], [ 20.8928578, 42.099217094129862 ], [ 20.8915417, 42.097441994129092 ], [ 20.8875305, 42.096438894128653 ], [ 20.8853218, 42.097015194128893 ], [ 20.8836989, 42.096085894128457 ], [ 20.8821065, 42.096738394128799 ], [ 20.8803872, 42.096191794128515 ], [ 20.8771507, 42.096207594128551 ], [ 20.8691252, 42.098065694129339 ], [ 20.8614125, 42.098714294129643 ], [ 20.8606314, 42.099650494130024 ], [ 20.8538909, 42.098064194129364 ], [ 20.8481671, 42.099400894129936 ], [ 20.8456982, 42.098596994129601 ], [ 20.8432237, 42.098616394129607 ], [ 20.8417397, 42.097457194129106 ], [ 20.8404409, 42.094277794127699 ], [ 20.83593, 42.089452194125514 ], [ 20.8358831, 42.088364794125056 ], [ 20.8341449, 42.085969094124032 ], [ 20.8313094, 42.085435794123789 ], [ 20.8290097, 42.085612494123893 ], [ 20.8256209, 42.084026994123192 ], [ 20.8207543, 42.084207294123239 ], [ 20.8125027, 42.082510494122488 ], [ 20.8077783, 42.082540994122525 ], [ 20.8025931, 42.081636394122093 ], [ 20.7996323, 42.083238594122804 ], [ 20.7979291, 42.082875394122681 ], [ 20.7939061, 42.083690194123037 ], [ 20.7908432, 42.083137694122748 ], [ 20.7846475, 42.078891494120889 ], [ 20.7839242, 42.074581994119022 ], [ 20.784608, 42.072939994118293 ], [ 20.7859855, 42.071754194117737 ], [ 20.7832599, 42.07091249411733 ], [ 20.7788567, 42.067142794115732 ], [ 20.7786245, 42.064777894114684 ], [ 20.7763127, 42.064139794114368 ], [ 20.7692912, 42.058346794111849 ], [ 20.7651308, 42.056824994111125 ], [ 20.7596602, 42.053591494109718 ], [ 20.7582122, 42.053405394109603 ], [ 20.7593978, 42.048146394107278 ], [ 20.7629949, 42.044979294105879 ], [ 20.7650717, 42.045304794106045 ], [ 20.7638436, 42.043691894105322 ], [ 20.7635509, 42.04083279410407 ], [ 20.7585949, 42.037226294102496 ], [ 20.7542825, 42.032958594100549 ], [ 20.7529857, 42.029877094099199 ], [ 20.7482566, 42.026267194097649 ], [ 20.7482412, 42.024445994096794 ], [ 20.7494319, 42.023610594096453 ], [ 20.7499009, 42.021525294095532 ], [ 20.7494214, 42.019551694094666 ], [ 20.7506791, 42.018700994094232 ], [ 20.7506526, 42.015887294093055 ], [ 20.7520805, 42.01516509409273 ], [ 20.7491048, 42.001330094086555 ], [ 20.7497792, 42.000472394086188 ], [ 20.7492525, 41.997711694084948 ], [ 20.7482614, 41.995417994083951 ], [ 20.7481087, 41.986399894079931 ], [ 20.7493132, 41.983545294078667 ], [ 20.7487608, 41.982376894078179 ], [ 20.7543754, 41.979652294076921 ], [ 20.7577194, 41.975602394075118 ], [ 20.7601891, 41.971170694073201 ], [ 20.7626223, 41.969023194072243 ], [ 20.7647846, 41.964461094070217 ], [ 20.7664544, 41.963022694069565 ], [ 20.7684915, 41.962532694069338 ], [ 20.770855, 41.962713194069423 ], [ 20.7749319, 41.964978794070454 ], [ 20.7751036, 41.96931839407236 ], [ 20.776906, 41.974231994074565 ], [ 20.7762194, 41.977550094075987 ], [ 20.7769918, 41.979336694076792 ], [ 20.7778931, 41.979942794077104 ], [ 20.7853603, 41.980197994077173 ], [ 20.7878534, 41.982521394078205 ], [ 20.7948875, 41.984919394079292 ], [ 20.7951021, 41.988651494080962 ], [ 20.7981491, 41.991681794082282 ], [ 20.8105087, 41.986960894080198 ], [ 20.814456899999989, 41.987216094080289 ], [ 20.8206797, 41.991139494082077 ], [ 20.8217955, 41.995349794083936 ], [ 20.8232546, 41.997837494085005 ], [ 20.8208797, 42.000814194086324 ], [ 20.8241558, 42.002461894087034 ], [ 20.8261728, 42.004662294088035 ], [ 20.8270258, 42.006567694088872 ], [ 20.8259709, 42.008702694089834 ], [ 20.8288393, 42.005406594088413 ], [ 20.8340263, 42.003801294087651 ], [ 20.8380604, 42.004311494087872 ], [ 20.843854, 42.007851294089441 ], [ 20.8453975, 42.009487794090205 ], [ 20.8569431, 42.005331994088358 ], [ 20.8635521, 42.004247794087874 ], [ 20.8686161, 42.004821794088095 ], [ 20.8705902, 42.004502894087956 ], [ 20.8730793, 42.002015394086868 ], [ 20.878315, 42.000356994086161 ], [ 20.881319, 41.998443494085301 ], [ 20.8856106, 41.997359094084771 ], [ 20.8899675, 41.994433794083534 ], [ 20.8923605, 41.99466509408358 ], [ 20.8965969, 41.993659294083123 ], [ 20.8999443, 41.990086894081585 ], [ 20.9060383, 41.987917894080582 ], [ 20.9079266, 41.989640394081377 ], [ 20.9109306, 41.990724894081829 ], [ 20.9156513, 41.991426594082156 ], [ 20.9169388, 41.991043894081997 ], [ 20.9282738, 41.991586094082216 ], [ 20.9281397, 41.989098094081157 ], [ 20.9295988, 41.985206494079399 ], [ 20.9307575, 41.984664194079166 ], [ 20.9327316, 41.985557394079542 ], [ 20.9341957, 41.984578594079096 ], [ 20.9355211, 41.98482369407926 ], [ 20.9344053, 41.983802894078757 ], [ 20.9353495, 41.982845794078351 ], [ 20.9348345, 41.980867994077492 ], [ 20.937109, 41.980389394077264 ], [ 20.9394264, 41.981474094077754 ], [ 20.9410143, 41.981314594077674 ], [ 20.9398607, 41.976569794075559 ], [ 20.9485245, 41.974200094074483 ], [ 20.9526443, 41.973881094074379 ], [ 20.9533739, 41.969701294072522 ], [ 20.954833, 41.968999294072212 ], [ 20.9542322, 41.965616994070693 ], [ 20.9572792, 41.964053394069971 ], [ 20.9587383, 41.964244894070106 ], [ 20.9602833, 41.963223794069634 ], [ 20.9633927, 41.962704694069465 ], [ 20.9630808, 41.964332694070144 ], [ 20.9663129, 41.971009494073101 ], [ 20.9702611, 41.97566769407517 ], [ 20.9681582, 41.977518194075998 ], [ 20.9700036, 41.977422494075967 ], [ 20.9671659, 41.983182794078502 ], [ 20.9777927, 41.982670394078298 ], [ 20.978474, 41.984151794078954 ], [ 20.979622, 41.984016194078897 ], [ 20.9802765, 41.980114294077161 ], [ 20.9831142, 41.979671594076926 ], [ 20.9897661, 41.977310794075869 ], [ 20.9894443, 41.97627389407544 ], [ 20.9943581, 41.974375594074594 ], [ 20.995043, 41.975253494074984 ], [ 21.0005808, 41.973577994074255 ], [ 21.002512, 41.972046494073581 ], [ 21.0053873, 41.972429294073727 ], [ 21.0068035, 41.970227794072756 ], [ 21.0114357, 41.968775994072139 ], [ 21.0134125, 41.969222694072329 ], [ 21.0169315, 41.968520694071998 ], [ 21.0184765, 41.968903594072167 ], [ 21.019206, 41.97065849407295 ], [ 21.0187769, 41.971934794073526 ], [ 21.0198927, 41.97359389407422 ], [ 21.0224247, 41.974774394074778 ], [ 21.0266625, 41.97843569407641 ], [ 21.027649499999988, 41.978012894076194 ], [ 21.0276817, 41.979384794076836 ], [ 21.0324239, 41.978387794076369 ], [ 21.0329604, 41.978762594076507 ], [ 21.0345482, 41.978459594076398 ], [ 21.0379117, 41.975693094075197 ], [ 21.036474, 41.974951294074863 ], [ 21.0362863, 41.974200394074494 ], [ 21.0378741, 41.973841394074356 ], [ 21.0366203, 41.972362494073721 ], [ 21.0389176, 41.972498094073771 ], [ 21.0391764, 41.971589794073338 ], [ 21.0405189, 41.971679594073422 ], [ 21.0409078, 41.970982594073085 ], [ 21.0423212, 41.971521494073357 ], [ 21.0431474, 41.973952794074428 ], [ 21.0471962, 41.974509194074685 ], [ 21.0467523, 41.976309794075462 ], [ 21.0490899, 41.97800269407626 ], [ 21.0482754, 41.978561294076435 ], [ 21.0483523, 41.979824194077032 ], [ 21.0464613, 41.980879894077461 ], [ 21.0469227, 41.981912694077941 ], [ 21.04937420000001, 41.982625494078263 ], [ 21.0502553, 41.983492794078678 ], [ 21.0537811, 41.983009294078407 ], [ 21.0507916, 41.985007394079304 ], [ 21.0510062, 41.985804894079692 ], [ 21.0520577, 41.986171694079822 ], [ 21.0503518, 41.987232294080322 ], [ 21.0508882, 41.987638994080513 ], [ 21.0501558, 41.988575594080871 ], [ 21.0456239, 41.988805294081025 ], [ 21.0485708, 41.993276894082982 ], [ 21.0460978, 41.993381694083041 ], [ 21.0396658, 41.997223394084777 ], [ 21.0403525, 41.998818094085486 ], [ 21.037616599999989, 41.998993494085539 ], [ 21.0365009, 42.000946994086384 ], [ 21.0306215, 42.002669194087169 ], [ 21.0305357, 42.003689694087626 ], [ 21.0163951, 42.005874094088561 ], [ 21.0166526, 42.015850694092975 ], [ 21.0196674, 42.014722794092471 ], [ 21.0232937, 42.019840194094748 ], [ 21.026727, 42.023394894096313 ], [ 21.028776199999989, 42.022398694095862 ], [ 21.029731, 42.023134794096237 ], [ 21.0302246, 42.025674394097344 ], [ 21.0279467, 42.027660794098217 ], [ 21.0265017, 42.026176494097562 ], [ 21.0233688, 42.028535494098605 ], [ 21.019882, 42.030169194099344 ], [ 21.0204828, 42.030934194099665 ], [ 21.0193348, 42.031675394099963 ], [ 21.0139489, 42.033667594100891 ], [ 21.0138309, 42.035970594101919 ], [ 21.0114813, 42.037030394102395 ], [ 21.0117066, 42.037596194102591 ], [ 21.0098827, 42.03879139410315 ], [ 21.0113847, 42.040114094103735 ], [ 21.0099363, 42.041141994104187 ], [ 21.0089493, 42.040663894104021 ], [ 21.0060418, 42.043221594105127 ], [ 21.0045558, 42.046057994106398 ], [ 21.0062349, 42.046269094106471 ], [ 21.0080856, 42.047579694107029 ], [ 21.0077423, 42.048471994107473 ], [ 21.0091907, 42.049674994107939 ], [ 21.0082244, 42.050763994108465 ], [ 21.0090029, 42.051355994108697 ], [ 21.0101563, 42.050710694108396 ], [ 21.0112721, 42.052057094109031 ], [ 21.009593, 42.054072594109932 ], [ 21.011138, 42.055028494110324 ], [ 21.010108, 42.057386494111384 ], [ 21.0108805, 42.060508994112766 ], [ 21.0100222, 42.062675594113713 ], [ 21.0049582, 42.065033294114741 ], [ 21.0038424, 42.066180194115255 ], [ 21.0035849, 42.067581994115905 ], [ 21.0023832, 42.068410294116276 ], [ 21.0018682, 42.070512894117194 ], [ 21.0031557, 42.071787194117782 ], [ 21.003499, 42.074144494118833 ], [ 21.0003233, 42.076629194119889 ], [ 20.9990358, 42.078986294120902 ], [ 20.9971905, 42.079909994121358 ], [ 20.9909248, 42.08016479412143 ], [ 20.990152399999989, 42.080929294121816 ], [ 20.9883499, 42.081120394121896 ], [ 20.9821701, 42.080865594121761 ], [ 20.9733939, 42.082790594122649 ], [ 20.9652185, 42.094719594127852 ], [ 20.9642851, 42.097744794129227 ], [ 20.963311499999989, 42.098811494129698 ], [ 20.9648752, 42.104208594132103 ], [ 20.9659367, 42.105117594132487 ], [ 20.9589529, 42.110767294134952 ], [ 20.9580946, 42.112550194135757 ], [ 20.9547472, 42.115160594136924 ], [ 20.954078, 42.116907494137664 ], [ 20.9488678, 42.11882149413853 ], [ 20.9458227, 42.120580494139283 ], [ 20.9397697, 42.120413094139188 ], [ 20.9347916, 42.121431694139631 ], [ 20.9314013, 42.123818994140713 ], [ 20.927939, 42.127326294142279 ] ] ] } },
{ "type": "Feature", "properties": { "admin_id": "2615505", "name_local": "Општина Брвеница", "name_en": "Municipality of Brvenica", "name_en_status": "OSM_NAME_EN", "source_name": "Општина Брвеница", "source_admin_level": "7", "source_osm_relation_id": "2615505", "source_name_en": "Municipality of Brvenica" }, "geometry": { "type": "Polygon", "coordinates": [ [ [ 20.9458834, 41.884563694034647 ], [ 20.9441042, 41.876974594031246 ], [ 20.9484977, 41.877652294031599 ], [ 20.9470938, 41.87338909402969 ], [ 20.9470458, 41.866690194026667 ], [ 20.950633, 41.866376694026535 ], [ 20.9538509, 41.865225094025988 ], [ 20.9599136, 41.864633194025743 ], [ 20.9610367, 41.86322989402511 ], [ 20.9609586, 41.861763994024479 ], [ 20.9640047, 41.860530794023916 ], [ 20.9648951, 41.856656494022182 ], [ 20.9705187, 41.85562099402172 ], [ 20.969972, 41.854294594021177 ], [ 20.975252, 41.853386994020759 ], [ 20.9750333, 41.852537594020376 ], [ 20.9769187, 41.851273494019829 ], [ 20.985765, 41.848360294018505 ], [ 20.9936942, 41.84721339401797 ], [ 21.0019486, 41.848686094018639 ], [ 21.0107589, 41.849337694018942 ], [ 21.0178804, 41.851692894019969 ], [ 21.0244177, 41.850799494019618 ], [ 21.0257416, 41.850115894019261 ], [ 21.0266164, 41.84631079401759 ], [ 21.0280536, 41.843843694016464 ], [ 21.0285189, 41.837639294013726 ], [ 21.0242188, 41.831708894011072 ], [ 21.0301149, 41.830918994010702 ], [ 21.0340833, 41.829109294009903 ], [ 21.0388947, 41.824127194007708 ], [ 21.0428709, 41.822555294006968 ], [ 21.0469552, 41.819750094005705 ], [ 21.0526999, 41.818318094005051 ], [ 21.0577625, 41.814748794003464 ], [ 21.0584954, 41.811940994002242 ], [ 21.0637009, 41.81001039400136 ], [ 21.0670089, 41.806232693999661 ], [ 21.0716146, 41.80450669399891 ], [ 21.0749132, 41.801109093997397 ], [ 21.0809624, 41.797206393995594 ], [ 21.0815648, 41.796030393995089 ], [ 21.0837426, 41.79469779399453 ], [ 21.0867048, 41.794100193994275 ], [ 21.0871056, 41.792764893993649 ], [ 21.0885583, 41.792100993993337 ], [ 21.0912936, 41.793048693993754 ], [ 21.0956491, 41.796703993995436 ], [ 21.0991006, 41.79788189399595 ], [ 21.1022093, 41.797227993995655 ], [ 21.1085837, 41.802944693998199 ], [ 21.1090531, 41.804579393998957 ], [ 21.1111547, 41.80678859399994 ], [ 21.1113268, 41.811383094001997 ], [ 21.1133393, 41.81386739400309 ], [ 21.1139053, 41.816304794004182 ], [ 21.1248046, 41.820879894006218 ], [ 21.1260433, 41.823007194007211 ], [ 21.1300054, 41.824834894007985 ], [ 21.1372537, 41.832496994011365 ], [ 21.1367977, 41.834172294012177 ], [ 21.13837, 41.838084894013917 ], [ 21.141263, 41.840310494014901 ], [ 21.1419176, 41.841769794015576 ], [ 21.1546412, 41.849481594019018 ], [ 21.1558141, 41.851655794019983 ], [ 21.1537778, 41.854626894021301 ], [ 21.1540016, 41.856578994022158 ], [ 21.1614118, 41.856364694022076 ], [ 21.1645286, 41.857733194022671 ], [ 21.1634445, 41.860911694024082 ], [ 21.1635845, 41.864419194025679 ], [ 21.1630802, 41.866212894026447 ], [ 21.1622224, 41.866809794026743 ], [ 21.1628018, 41.868112094027339 ], [ 21.1698399, 41.869480694027949 ], [ 21.1716852, 41.867728594027177 ], [ 21.1731862, 41.868362094027432 ], [ 21.1745606, 41.870061494028185 ], [ 21.1755466, 41.869991994028176 ], [ 21.1791311, 41.868751194027602 ], [ 21.1794967, 41.86658489402663 ], [ 21.1815853, 41.865956294026383 ], [ 21.1832337, 41.863892094025424 ], [ 21.1841618, 41.864555194025677 ], [ 21.1837839, 41.865523694026123 ], [ 21.186683, 41.86535219402608 ], [ 21.1872611, 41.860832994024115 ], [ 21.1887752, 41.860068494023757 ], [ 21.1897944, 41.858310494022938 ], [ 21.189022, 41.857303594022483 ], [ 21.1871348, 41.857053494022395 ], [ 21.1857175, 41.857671194022636 ], [ 21.1839339, 41.859806794023605 ], [ 21.1835107, 41.857885394022745 ], [ 21.181721, 41.860105394023734 ], [ 21.1811148, 41.859660894023534 ], [ 21.1795602, 41.856254394022024 ], [ 21.1779069, 41.854714494021366 ], [ 21.1787223, 41.849871594019177 ], [ 21.1793671, 41.850276794019351 ], [ 21.1811481, 41.848614494018634 ], [ 21.1895809, 41.846920194017819 ], [ 21.1907306, 41.847864894018279 ], [ 21.1899233, 41.851150594019714 ], [ 21.1913824, 41.8624657940248 ], [ 21.1903524, 41.865661894026225 ], [ 21.1907876, 41.86702789402684 ], [ 21.18855, 41.867131994026863 ], [ 21.1893225, 41.868218594027347 ], [ 21.1881855, 41.868259094027373 ], [ 21.1877601, 41.868898194027651 ], [ 21.1869715, 41.867286094026944 ], [ 21.184001, 41.868027094027291 ], [ 21.1817914, 41.866113094026431 ], [ 21.1805898, 41.866712394026692 ], [ 21.179280899999988, 41.868422094027444 ], [ 21.1790765, 41.870975094028616 ], [ 21.1802673, 41.873938894029884 ], [ 21.1765766, 41.872916294029473 ], [ 21.1753321, 41.87077519402856 ], [ 21.1741734, 41.870167994028257 ], [ 21.1685085, 41.871893694028977 ], [ 21.1666203, 41.869209294027812 ], [ 21.1607824, 41.869751894028042 ], [ 21.1608253, 41.868794794027608 ], [ 21.1573491, 41.864831894025862 ], [ 21.1549459, 41.866301994026522 ], [ 21.1535297, 41.865055594025947 ], [ 21.1536155, 41.864128794025575 ], [ 21.1545854, 41.86349109402525 ], [ 21.1536155, 41.862850294024987 ], [ 21.149796, 41.862243094024713 ], [ 21.145659, 41.863874694025391 ], [ 21.1418138, 41.86122029402425 ], [ 21.143745, 41.859781994023599 ], [ 21.1464057, 41.859014894023247 ], [ 21.1455302, 41.856459394022089 ], [ 21.1419868, 41.853739894020883 ], [ 21.138382, 41.852716894020411 ], [ 21.1344337, 41.852972694020572 ], [ 21.1296701, 41.85594539402188 ], [ 21.1265373, 41.859557294023489 ], [ 21.1208725, 41.859557294023496 ], [ 21.1194134, 41.861155394024244 ], [ 21.1156368, 41.862753494024908 ], [ 21.1138344, 41.864607194025758 ], [ 21.1073971, 41.86754749402705 ], [ 21.1031055, 41.867675294027123 ], [ 21.1009598, 41.866588694026632 ], [ 21.0971832, 41.866652594026689 ], [ 21.0946941, 41.865502094026141 ], [ 21.089201, 41.867355694026962 ], [ 21.0857677, 41.867867094027211 ], [ 21.0831928, 41.869145394027747 ], [ 21.077528, 41.868697994027578 ], [ 21.0718632, 41.869784494028025 ], [ 21.0698891, 41.870807194028522 ], [ 21.0677579, 41.869664394027978 ], [ 21.0636503, 41.873579394029747 ], [ 21.0625505, 41.87940299403234 ], [ 21.0658979, 41.883237194034074 ], [ 21.064868, 41.888860294036562 ], [ 21.0680437, 41.889882594036997 ], [ 21.0677218, 41.893761794038724 ], [ 21.0698783, 41.893875894038779 ], [ 21.0752964, 41.892214794038033 ], [ 21.0799742, 41.894482894039101 ], [ 21.0808754, 41.897070394040242 ], [ 21.0908103, 41.898615594040898 ], [ 21.0879564, 41.901510394042205 ], [ 21.0876131, 41.905087794043787 ], [ 21.0834932, 41.91102829404646 ], [ 21.0802317, 41.914349694047914 ], [ 21.0785928, 41.918670794049817 ], [ 21.0747385, 41.916457394048834 ], [ 21.0743093, 41.914924494048137 ], [ 21.0726786, 41.914158094047878 ], [ 21.0698891, 41.911124194046494 ], [ 21.0667992, 41.910229894046068 ], [ 21.0660696, 41.911667094046742 ], [ 21.0637522, 41.912752894047202 ], [ 21.0615635, 41.91578679404855 ], [ 21.0565853, 41.916361594048816 ], [ 21.0550404, 41.917447294049282 ], [ 21.0513496, 41.917319594049253 ], [ 21.0473156, 41.918405294049741 ], [ 21.0477018, 41.919459094050175 ], [ 21.0522509, 41.92258839405158 ], [ 21.0507059, 41.924823594052576 ], [ 21.0505342, 41.929293594054592 ], [ 21.0520792, 41.933444094056448 ], [ 21.0529375, 41.938488094058663 ], [ 21.0546541, 41.940978094059815 ], [ 21.0545227, 41.943805094061005 ], [ 21.0534525, 41.945446994061747 ], [ 21.0525513, 41.945542794061787 ], [ 21.0485172, 41.943691394060984 ], [ 21.0468006, 41.944968194061559 ], [ 21.0427666, 41.944712794061438 ], [ 21.0406208, 41.945798094061921 ], [ 21.04002, 41.948734594063239 ], [ 21.0336685, 41.950202894063871 ], [ 21.0286903, 41.952309394064784 ], [ 21.0229397, 41.957607194067144 ], [ 21.0144424, 41.960670894068521 ], [ 21.0117388, 41.961021894068679 ], [ 21.0121679, 41.961787794068997 ], [ 21.011138, 41.96280889406944 ], [ 21.0115671, 41.965297894070567 ], [ 21.0095447, 41.96518919407054 ], [ 21.0082787, 41.965866294070835 ], [ 21.0109073, 41.966999094071305 ], [ 21.0096574, 41.967531594071559 ], [ 21.0109502, 41.969013294072234 ], [ 21.0068035, 41.970227794072756 ], [ 21.0053873, 41.972429294073727 ], [ 21.002512, 41.972046494073581 ], [ 21.0005808, 41.973577994074255 ], [ 20.995043, 41.975253494074984 ], [ 20.9943581, 41.974375594074594 ], [ 20.9894443, 41.97627389407544 ], [ 20.9897661, 41.977310794075869 ], [ 20.9831142, 41.979671594076926 ], [ 20.9802765, 41.980114294077161 ], [ 20.979622, 41.984016194078897 ], [ 20.978474, 41.984151794078954 ], [ 20.9777927, 41.982670394078298 ], [ 20.9671659, 41.983182794078502 ], [ 20.9700036, 41.977422494075967 ], [ 20.9681582, 41.977518194075998 ], [ 20.9702611, 41.97566769407517 ], [ 20.9663129, 41.971009494073101 ], [ 20.9630808, 41.964332694070144 ], [ 20.9633428, 41.962143394069145 ], [ 20.9593391, 41.960734694068542 ], [ 20.9561634, 41.957351894067038 ], [ 20.9521998, 41.956658194066755 ], [ 20.9490824, 41.944680894061399 ], [ 20.9499836, 41.944202094061176 ], [ 20.9546185, 41.945542794061787 ], [ 20.9555626, 41.945287394061687 ], [ 20.9569788, 41.945957694061988 ], [ 20.9579659, 41.947457894062651 ], [ 20.9617424, 41.948032394062899 ], [ 20.9632444, 41.948958094063293 ], [ 20.9632015, 41.950138994063849 ], [ 20.9668064, 41.951479494064444 ], [ 20.9751354, 41.948657394063183 ], [ 20.9697667, 41.943982394061081 ], [ 20.971311799999988, 41.943239594060771 ], [ 20.9735012, 41.943563694060934 ], [ 20.9731579, 41.941520794060011 ], [ 20.9769344, 41.941456894059968 ], [ 20.9772778, 41.940626994059578 ], [ 20.9789515, 41.940084294059389 ], [ 20.9803998, 41.937638194058266 ], [ 20.983581, 41.937418694058152 ], [ 20.9840315, 41.938148994058473 ], [ 20.9848738, 41.937981394058419 ], [ 20.98456, 41.936790194057899 ], [ 20.9834388, 41.934896694057066 ], [ 20.9807405, 41.933817194056601 ], [ 20.9791241, 41.930331194055007 ], [ 20.9790572, 41.929843694054846 ], [ 20.9799829, 41.929788194054773 ], [ 20.97979, 41.928926994054429 ], [ 20.978266699999985, 41.928963394054414 ], [ 20.976462399999988, 41.927314094053678 ], [ 20.9792948, 41.926611594053362 ], [ 20.9788227, 41.926068794053137 ], [ 20.9762049, 41.925845294053033 ], [ 20.9790373, 41.92495129405264 ], [ 20.9788656, 41.922971594051795 ], [ 20.9772348, 41.922588394051587 ], [ 20.978694, 41.921502794051094 ], [ 20.9778786, 41.920448994050609 ], [ 20.9756899, 41.920417094050599 ], [ 20.9755182, 41.919842294050355 ], [ 20.9767199, 41.919331394050118 ], [ 20.973864, 41.915792594048554 ], [ 20.9731257, 41.91583859404858 ], [ 20.9728625, 41.914438494047985 ], [ 20.9698105, 41.91489259404814 ], [ 20.969577, 41.914081094047788 ], [ 20.968523, 41.914317794047918 ], [ 20.9682644, 41.913825494047678 ], [ 20.9662056, 41.914509394048018 ], [ 20.9655619, 41.913455494047547 ], [ 20.9664202, 41.912688994047187 ], [ 20.9659481, 41.911954494046867 ], [ 20.9638882, 41.91246549404709 ], [ 20.9627724, 41.911507394046666 ], [ 20.9603691, 41.912018394046868 ], [ 20.9604979, 41.911283794046582 ], [ 20.9597683, 41.910740894046285 ], [ 20.9565067, 41.910229894046068 ], [ 20.9553051, 41.908952394045528 ], [ 20.9530338, 41.908434594045303 ], [ 20.9524909, 41.906701194044523 ], [ 20.9553051, 41.906908394044592 ], [ 20.9555197, 41.905662694044075 ], [ 20.9568071, 41.904576794043564 ], [ 20.955863, 41.899146694041114 ], [ 20.9515715, 41.896782894040072 ], [ 20.9521723, 41.895568994039557 ], [ 20.9514856, 41.894546794039123 ], [ 20.9551764, 41.893907894038826 ], [ 20.9547472, 41.891543894037738 ], [ 20.9555197, 41.890074294037106 ], [ 20.9548223, 41.884455294034566 ], [ 20.9513139, 41.884275594034534 ], [ 20.9512067, 41.883872294034333 ], [ 20.9476602, 41.883994194034386 ], [ 20.9477407, 41.884498694034626 ], [ 20.9458834, 41.884563694034647 ] ] ] } },
{ "type": "Feature", "properties": { "admin_id": "2615507", "name_local": "Општина Боговиње", "name_en": "Municipality of Bogovinje", "name_en_status": "OSM_NAME_EN", "source_name": "Општина Боговиње", "source_admin_level": "7", "source_osm_relation_id": "2615507", "source_name_en": "Municipality of Bogovinje" }, "geometry": { "type": "Polygon", "coordinates": [ [ [ 20.7701852, 41.925516494052907 ], [ 20.7728119, 41.926302794053235 ], [ 20.7757473, 41.930155694054946 ], [ 20.7816696, 41.933220594056337 ], [ 20.7857895, 41.93264589405603 ], [ 20.790596, 41.934114494056715 ], [ 20.7936001, 41.933795294056551 ], [ 20.7982349, 41.934433794056858 ], [ 20.8004319, 41.933945894056635 ], [ 20.8030844, 41.931656194055634 ], [ 20.8062172, 41.924280794052358 ], [ 20.8087921, 41.925621794052923 ], [ 20.8132553, 41.926707394053388 ], [ 20.8405495, 41.918341494049677 ], [ 20.8461285, 41.91936329405015 ], [ 20.8518791, 41.921279294050983 ], [ 20.8557415, 41.921343094051039 ], [ 20.8585739, 41.920321294050567 ], [ 20.8642387, 41.920257394050573 ], [ 20.8681011, 41.917894394049519 ], [ 20.8690453, 41.918341494049692 ], [ 20.8694744, 41.917127994049125 ], [ 20.8710194, 41.917447294049282 ], [ 20.872736, 41.917064094049138 ], [ 20.879751, 41.914319694047876 ], [ 20.8829498, 41.911443494046615 ], [ 20.8857822, 41.910357694046098 ], [ 20.8877134, 41.907770694044956 ], [ 20.8893013, 41.906908394044592 ], [ 20.8911037, 41.907355494044822 ], [ 20.891629, 41.908437294045314 ], [ 20.8929, 41.908806094045424 ], [ 20.89252, 41.90796229404507 ], [ 20.8947086, 41.906525094044454 ], [ 20.9020042, 41.904353194043459 ], [ 20.9063816, 41.903650494043113 ], [ 20.9069824, 41.902500594042685 ], [ 20.9096432, 41.903203294042953 ], [ 20.9124756, 41.901797894042353 ], [ 20.9135056, 41.902053494042441 ], [ 20.9139347, 41.900456394041754 ], [ 20.9172821, 41.90045639404174 ], [ 20.9209728, 41.897517594040423 ], [ 20.9375381, 41.893811994038764 ], [ 20.9435463, 41.893173094038474 ], [ 20.9433317, 41.891160494037614 ], [ 20.9449625, 41.89052159403731 ], [ 20.9431601, 41.889499294036881 ], [ 20.9469366, 41.889051994036663 ], [ 20.9458834, 41.884563694034647 ], [ 20.9477407, 41.884498694034626 ], [ 20.9476602, 41.883994194034386 ], [ 20.9512067, 41.883872294034333 ], [ 20.9513139, 41.884275594034534 ], [ 20.9548223, 41.884455294034566 ], [ 20.9555197, 41.890074294037106 ], [ 20.9547472, 41.891543894037738 ], [ 20.9551764, 41.893907894038826 ], [ 20.9514856, 41.894546794039123 ], [ 20.9521723, 41.895568994039557 ], [ 20.9515715, 41.896782894040072 ], [ 20.955863, 41.899146694041114 ], [ 20.9568071, 41.904065694043354 ], [ 20.9553051, 41.906908394044592 ], [ 20.9524909, 41.906701194044523 ], [ 20.9530338, 41.908434594045303 ], [ 20.9553051, 41.908952394045528 ], [ 20.9565067, 41.910229894046068 ], [ 20.9597683, 41.910740894046285 ], [ 20.9604979, 41.911283794046582 ], [ 20.9603691, 41.912018394046868 ], [ 20.9627724, 41.911507394046666 ], [ 20.9638882, 41.91246549404709 ], [ 20.9659481, 41.911954494046867 ], [ 20.9664202, 41.912688994047187 ], [ 20.9655619, 41.913455494047547 ], [ 20.9662056, 41.914509394048018 ], [ 20.9682644, 41.913825494047678 ], [ 20.968523, 41.914317794047918 ], [ 20.969577, 41.914081094047788 ], [ 20.9698105, 41.91489259404814 ], [ 20.9728625, 41.914438494047985 ], [ 20.9731257, 41.91583859404858 ], [ 20.973864, 41.915792594048554 ], [ 20.9767199, 41.919331394050118 ], [ 20.9755182, 41.919842294050355 ], [ 20.9756899, 41.920417094050599 ], [ 20.9778786, 41.920448994050609 ], [ 20.978694, 41.921502794051094 ], [ 20.9772348, 41.922588394051587 ], [ 20.9788656, 41.922971594051795 ], [ 20.9790373, 41.92495129405264 ], [ 20.9762049, 41.925845294053033 ], [ 20.9788227, 41.926068794053137 ], [ 20.9792948, 41.926611594053362 ], [ 20.976462399999988, 41.927314094053678 ], [ 20.978266699999985, 41.928963394054414 ], [ 20.97979, 41.928926994054429 ], [ 20.9799829, 41.929788194054773 ], [ 20.9790572, 41.929843694054846 ], [ 20.9791241, 41.930331194055007 ], [ 20.9807405, 41.933817194056601 ], [ 20.9837419, 41.935157994057185 ], [ 20.9848738, 41.937981394058419 ], [ 20.9840315, 41.938148994058473 ], [ 20.983581, 41.937418694058152 ], [ 20.9803998, 41.937638194058266 ], [ 20.9789515, 41.940084294059389 ], [ 20.9772778, 41.940626994059578 ], [ 20.9769344, 41.941456894059968 ], [ 20.9729433, 41.941680394060093 ], [ 20.9738016, 41.943021094060647 ], [ 20.9735012, 41.943563694060934 ], [ 20.971311799999988, 41.943239594060771 ], [ 20.9697667, 41.943982394061081 ], [ 20.9751354, 41.948657394063183 ], [ 20.9668064, 41.951479494064444 ], [ 20.9632015, 41.950138994063849 ], [ 20.9632444, 41.948958094063293 ], [ 20.9617424, 41.948032394062899 ], [ 20.9579659, 41.947457894062651 ], [ 20.9569788, 41.945957694061988 ], [ 20.9555626, 41.945287394061687 ], [ 20.9546185, 41.945542794061787 ], [ 20.9503269, 41.944265994061183 ], [ 20.9491682, 41.944425594061272 ], [ 20.9521998, 41.956658194066755 ], [ 20.9564209, 41.95747959406706 ], [ 20.9593391, 41.960734694068542 ], [ 20.9607983, 41.960926194068648 ], [ 20.9615707, 41.96188349406907 ], [ 20.9620988, 41.961625594068941 ], [ 20.9634318, 41.962650594069387 ], [ 20.9602833, 41.963223794069634 ], [ 20.9587383, 41.964244894070106 ], [ 20.9572792, 41.964053394069971 ], [ 20.9542322, 41.965616994070693 ], [ 20.954833, 41.968999294072212 ], [ 20.9533739, 41.969701294072522 ], [ 20.9526443, 41.973881094074379 ], [ 20.9485245, 41.974200094074483 ], [ 20.9398607, 41.976569794075559 ], [ 20.9410143, 41.981314594077674 ], [ 20.9394264, 41.981474094077754 ], [ 20.937109, 41.980389394077264 ], [ 20.9348345, 41.980867994077492 ], [ 20.9353495, 41.982845794078351 ], [ 20.9344053, 41.983802894078757 ], [ 20.9355211, 41.98482369407926 ], [ 20.9341957, 41.984578594079096 ], [ 20.9327316, 41.985557394079542 ], [ 20.9307575, 41.984664194079166 ], [ 20.9295988, 41.985206494079399 ], [ 20.9281397, 41.989098094081157 ], [ 20.9282738, 41.991586094082216 ], [ 20.9169388, 41.991043894081997 ], [ 20.9156513, 41.991426594082156 ], [ 20.9109306, 41.990724894081829 ], [ 20.9079266, 41.989640394081377 ], [ 20.9060383, 41.987917894080582 ], [ 20.8999443, 41.990086894081585 ], [ 20.8965969, 41.993659294083123 ], [ 20.8923605, 41.99466509408358 ], [ 20.8899675, 41.994433794083534 ], [ 20.8856106, 41.997359094084771 ], [ 20.881319, 41.998443494085301 ], [ 20.878315, 42.000356994086161 ], [ 20.8730793, 42.002015394086868 ], [ 20.8705902, 42.004502894087956 ], [ 20.8686161, 42.004821794088095 ], [ 20.8635521, 42.004247794087874 ], [ 20.8569431, 42.005331994088358 ], [ 20.8453975, 42.009487794090205 ], [ 20.843854, 42.007851294089441 ], [ 20.8380604, 42.004311494087872 ], [ 20.8340263, 42.003801294087651 ], [ 20.8288393, 42.005406594088413 ], [ 20.8276415, 42.006246994088762 ], [ 20.8268273, 42.007913094089488 ], [ 20.8259709, 42.008702694089834 ], [ 20.8270258, 42.006567694088872 ], [ 20.8261728, 42.004662294088035 ], [ 20.8241558, 42.002461894087034 ], [ 20.8208797, 42.000814194086324 ], [ 20.8232546, 41.997837494085005 ], [ 20.8217955, 41.995349794083936 ], [ 20.821023, 41.991649894082272 ], [ 20.8166027, 41.988236894080735 ], [ 20.8132553, 41.986960894080198 ], [ 20.8105087, 41.986960894080198 ], [ 20.7981491, 41.991681794082282 ], [ 20.7951021, 41.988651494080962 ], [ 20.7948875, 41.984919394079292 ], [ 20.7878534, 41.982521394078205 ], [ 20.7853603, 41.980197994077173 ], [ 20.7778931, 41.979942794077104 ], [ 20.7769918, 41.979336694076792 ], [ 20.7762194, 41.977550094075987 ], [ 20.776906, 41.974231994074565 ], [ 20.7751036, 41.96931839407236 ], [ 20.7749319, 41.964978794070454 ], [ 20.770855, 41.962713194069423 ], [ 20.7670792, 41.962732594069443 ], [ 20.7671975, 41.959588994067992 ], [ 20.7660317, 41.953625494065371 ], [ 20.7590597, 41.951067494064247 ], [ 20.7574672, 41.94885639406327 ], [ 20.7548268, 41.946910394062364 ], [ 20.7571236, 41.944693994061403 ], [ 20.758757899999988, 41.941952994060181 ], [ 20.7623945, 41.938898594058827 ], [ 20.7635247, 41.935761994057415 ], [ 20.7666466, 41.933000594056182 ], [ 20.7687273, 41.929186794054523 ], [ 20.7696918, 41.928900194054386 ], [ 20.7706457, 41.927642794053853 ], [ 20.7729442, 41.926758094053433 ], [ 20.7701852, 41.925516494052907 ] ] ] } },
{ "type": "Feature", "properties": { "admin_id": "2615530", "name_local": "Општина Гостивар", "name_en": "Municipality of Gostivar", "name_en_status": "OSM_NAME_EN", "source_name": "Општина Гостивар", "source_admin_level": "7", "source_osm_relation_id": "2615530", "source_name_en": "Municipality of Gostivar" }, "geometry": { "type": "Polygon", "coordinates": [ [ [ 20.9191347, 41.670737893938885 ], [ 20.9119859, 41.673127393939936 ], [ 20.9046688, 41.674378893940499 ], [ 20.8934621, 41.679476493942865 ], [ 20.8933475, 41.687055593946205 ], [ 20.8825474, 41.689388893947296 ], [ 20.8803893, 41.691193093948108 ], [ 20.8773586, 41.69212879394852 ], [ 20.8757984, 41.694483293949531 ], [ 20.8679886, 41.700511593952271 ], [ 20.8676193, 41.702028393952943 ], [ 20.8652975, 41.704766493954168 ], [ 20.8661417, 41.705672593954624 ], [ 20.863413, 41.708471193955859 ], [ 20.8636089, 41.709789293956476 ], [ 20.8589652, 41.71455569395858 ], [ 20.8555818, 41.716987193959682 ], [ 20.8577493, 41.719269293960686 ], [ 20.8580635, 41.722983193962385 ], [ 20.8651005, 41.729940993965471 ], [ 20.8684577, 41.732328493966612 ], [ 20.8644461, 41.737096493968686 ], [ 20.8601746, 41.738937693969532 ], [ 20.844522, 41.737441793968848 ], [ 20.8369654, 41.742165593970974 ], [ 20.8349625, 41.742293893971059 ], [ 20.835508599999987, 41.741382993970596 ], [ 20.8351007, 41.739295993969662 ], [ 20.8333818, 41.738252393969212 ], [ 20.825862099999988, 41.736312893968332 ], [ 20.8218569, 41.735870393968177 ], [ 20.8179091, 41.733558993967115 ], [ 20.8158805, 41.733239593966935 ], [ 20.8136444, 41.733965293967316 ], [ 20.8125506, 41.733622493967147 ], [ 20.8116595, 41.739255193969647 ], [ 20.8120966, 41.740613893970298 ], [ 20.8146523, 41.743503093971562 ], [ 20.8146058, 41.746495693972903 ], [ 20.8126501, 41.747164093973211 ], [ 20.8065936, 41.756494293977418 ], [ 20.8111424, 41.759451393978743 ], [ 20.8187172, 41.76831229398271 ], [ 20.8152468, 41.768222093982651 ], [ 20.8118463, 41.76895779398302 ], [ 20.8091468, 41.770951793983869 ], [ 20.8057723, 41.772055293984366 ], [ 20.804734, 41.771571293984138 ], [ 20.7988936, 41.772810293984712 ], [ 20.7994505, 41.773815593985148 ], [ 20.7952595, 41.776236693986206 ], [ 20.7890038, 41.775636593985986 ], [ 20.786078, 41.774298093985408 ], [ 20.7834489, 41.775017193985683 ], [ 20.7694824, 41.783052293989314 ], [ 20.7685334, 41.786152393990683 ], [ 20.7649055, 41.788328793991639 ], [ 20.7550901, 41.787219893991157 ], [ 20.7530084, 41.786084193990625 ], [ 20.7404992, 41.785820993990562 ], [ 20.7297901, 41.787513593991299 ], [ 20.7269452, 41.789295793992089 ], [ 20.7264899, 41.7904339939926 ], [ 20.7193565, 41.790224793992536 ], [ 20.7152796, 41.788272993991633 ], [ 20.7112455, 41.783665093989569 ], [ 20.7092714, 41.778672793987376 ], [ 20.702877, 41.772367893984523 ], [ 20.6999588, 41.771343693984043 ], [ 20.6936357, 41.770508093983672 ], [ 20.692277, 41.768558993982843 ], [ 20.6806469, 41.75956419397879 ], [ 20.6739843, 41.75893589397846 ], [ 20.6689739, 41.757835493978014 ], [ 20.6560993, 41.760588493979235 ], [ 20.6524086, 41.760780593979305 ], [ 20.6455421, 41.763725593980659 ], [ 20.6416798, 41.763149493980386 ], [ 20.6398773, 41.763917693980751 ], [ 20.6377423, 41.763381493980475 ], [ 20.6365299, 41.764813993981079 ], [ 20.631747, 41.767175393982228 ], [ 20.6292772, 41.772399893984556 ], [ 20.6233549, 41.777456693986807 ], [ 20.6147289, 41.783569093989541 ], [ 20.6118107, 41.784209093989794 ], [ 20.6094074, 41.785553093990401 ], [ 20.60812, 41.787792993991452 ], [ 20.6050301, 41.787536993991345 ], [ 20.6034851, 41.787920993991484 ], [ 20.6022835, 41.790288793992538 ], [ 20.590868, 41.796687993995405 ], [ 20.5864048, 41.796495993995315 ], [ 20.5798817, 41.797391793995715 ], [ 20.5768504, 41.79856419399627 ], [ 20.5725318, 41.79843239399618 ], [ 20.5721823, 41.799311093996579 ], [ 20.5687268, 41.80133119399747 ], [ 20.5637263, 41.81940219400559 ], [ 20.562041, 41.823089094007194 ], [ 20.5594325, 41.823988994007614 ], [ 20.5611389, 41.827618194009247 ], [ 20.5610181, 41.834710194012374 ], [ 20.5629361, 41.838692594014184 ], [ 20.5634282, 41.842666694015946 ], [ 20.5611602, 41.844610894016846 ], [ 20.5622234, 41.845203794017088 ], [ 20.561548, 41.847431994018088 ], [ 20.5622132, 41.84974209401912 ], [ 20.5609799, 41.853281394020676 ], [ 20.5616923, 41.854539994021287 ], [ 20.5603963, 41.856382194022054 ], [ 20.560399, 41.858479794023005 ], [ 20.5596399, 41.858765094023106 ], [ 20.5592392, 41.860348394023823 ], [ 20.5595466, 41.86266029402487 ], [ 20.5585689, 41.8635239940253 ], [ 20.5593465, 41.863987994025479 ], [ 20.5592349, 41.865123794026012 ], [ 20.5586217, 41.865303394026043 ], [ 20.5588135, 41.866679794026638 ], [ 20.557432, 41.868346294027411 ], [ 20.560283, 41.869017594027731 ], [ 20.5612334, 41.870553794028396 ], [ 20.56456, 41.869802294028027 ], [ 20.5665934, 41.87116419402868 ], [ 20.5675925, 41.871139794028643 ], [ 20.5673554, 41.871691194028912 ], [ 20.5681414, 41.87232759402918 ], [ 20.5694337, 41.871752894028923 ], [ 20.5703859, 41.873211594029556 ], [ 20.5703827, 41.877002894031271 ], [ 20.5714957, 41.875957194030796 ], [ 20.5727742, 41.876976594031269 ], [ 20.5729847, 41.876144494030896 ], [ 20.5742129, 41.876021394030857 ], [ 20.5742478, 41.875455094030599 ], [ 20.5775294, 41.874522594030168 ], [ 20.5816965, 41.876625294031108 ], [ 20.5851415, 41.876095094030866 ], [ 20.5872719, 41.876536794031082 ], [ 20.589682, 41.875746894030726 ], [ 20.5923112, 41.875951594030845 ], [ 20.5940163, 41.877400894031396 ], [ 20.6040428, 41.867769694027153 ], [ 20.614341, 41.860422394023914 ], [ 20.6192469, 41.857789894022702 ], [ 20.6212711, 41.857758894022666 ], [ 20.6261316, 41.86009139402374 ], [ 20.6320173, 41.861113394024187 ], [ 20.6364048, 41.863530694025265 ], [ 20.648426, 41.874532194030209 ], [ 20.6633532, 41.875273594030482 ], [ 20.670554, 41.873411794029629 ], [ 20.67848, 41.868530694027541 ], [ 20.6811961, 41.86144849402433 ], [ 20.6812726, 41.859587594023495 ], [ 20.6820072, 41.85947939402346 ], [ 20.682822, 41.857885594022768 ], [ 20.6834825, 41.857727994022682 ], [ 20.6848672, 41.857640794022629 ], [ 20.6867689, 41.858739194023144 ], [ 20.693181, 41.860019094023684 ], [ 20.6964886, 41.861314394024298 ], [ 20.6978949, 41.862467894024796 ], [ 20.7008236, 41.862893994024986 ], [ 20.7019271, 41.863765094025375 ], [ 20.7036105, 41.863540794025276 ], [ 20.7069585, 41.865710294026279 ], [ 20.7171915, 41.864417494025666 ], [ 20.7279727, 41.8642768940256 ], [ 20.7295384, 41.860199694023812 ], [ 20.7373669, 41.855147294021528 ], [ 20.7454824, 41.852904894020547 ], [ 20.7502197, 41.853114194020584 ], [ 20.7579684, 41.85120379401976 ], [ 20.763801, 41.85177479402001 ], [ 20.7648534, 41.851221494019761 ], [ 20.7699484, 41.85196239402012 ], [ 20.7809759, 41.845667494017277 ], [ 20.7867407, 41.839408694014502 ], [ 20.7938422, 41.834627894012371 ], [ 20.7994581, 41.832497494011442 ], [ 20.8093381, 41.82444679400782 ], [ 20.8213537, 41.824366794007759 ], [ 20.8307051, 41.820110994005873 ], [ 20.8320044, 41.822360694006917 ], [ 20.834604400000011, 41.823283394007319 ], [ 20.8372044, 41.823098894007238 ], [ 20.839371, 41.82374469400748 ], [ 20.8456853, 41.821391994006419 ], [ 20.8505623, 41.822727194007058 ], [ 20.8552186, 41.821899394006692 ], [ 20.860171, 41.822130094006774 ], [ 20.8626471, 41.823698594007453 ], [ 20.8649376, 41.821391994006419 ], [ 20.8662531, 41.82275289400706 ], [ 20.8704007, 41.821922494006706 ], [ 20.8761063, 41.822097694006743 ], [ 20.8759977, 41.824018494007618 ], [ 20.8830658, 41.821841794006673 ], [ 20.8942448, 41.821512194006488 ], [ 20.8972504, 41.821559894006519 ], [ 20.9030782, 41.822651794007051 ], [ 20.9070187, 41.821613694006579 ], [ 20.9097796, 41.82156899400654 ], [ 20.91039, 41.822476694006923 ], [ 20.9164655, 41.822802994007063 ], [ 20.918558799999989, 41.824106794007662 ], [ 20.9201365, 41.823547994007434 ], [ 20.9234013, 41.82382739400753 ], [ 20.9258538, 41.822779694007075 ], [ 20.9320403, 41.823517794007444 ], [ 20.9341816, 41.827032094008963 ], [ 20.9357108, 41.827331194009119 ], [ 20.9365856, 41.828658194009705 ], [ 20.9368043, 41.829333294009992 ], [ 20.9356171, 41.829379894009996 ], [ 20.9363357, 41.83153319401098 ], [ 20.9372417, 41.832243194011312 ], [ 20.9397098, 41.832289794011302 ], [ 20.9392725, 41.833546794011923 ], [ 20.940444, 41.83432659401219 ], [ 20.9404597, 41.835507994012765 ], [ 20.9367418, 41.835769894012898 ], [ 20.938054, 41.835909494012967 ], [ 20.9380607, 41.83750079401365 ], [ 20.9365153, 41.837509794013648 ], [ 20.9366168, 41.838376894014004 ], [ 20.9349454, 41.839156594014398 ], [ 20.9350547, 41.840750994015089 ], [ 20.9343986, 41.841682094015511 ], [ 20.9361014, 41.842450094015838 ], [ 20.935535, 41.844200694016656 ], [ 20.9322019, 41.844572494016816 ], [ 20.9313896, 41.846294794017574 ], [ 20.9299525, 41.846387894017624 ], [ 20.9294526, 41.846923194017847 ], [ 20.9332642, 41.847993694018378 ], [ 20.9329205, 41.851554394019928 ], [ 20.9346701, 41.852182694020186 ], [ 20.9346215, 41.853741994020915 ], [ 20.9335297, 41.853760994020888 ], [ 20.933889, 41.85501009402148 ], [ 20.934467, 41.854858894021405 ], [ 20.9344982, 41.856068894021938 ], [ 20.9372632, 41.85590599402186 ], [ 20.9379505, 41.856964794022311 ], [ 20.9421686, 41.857094594022406 ], [ 20.9387192, 41.861319294024298 ], [ 20.9395458, 41.861048494024132 ], [ 20.9419593, 41.861955994024555 ], [ 20.9435629, 41.861901994024535 ], [ 20.9437518, 41.867170694026903 ], [ 20.9487194, 41.866772294026724 ], [ 20.9522341, 41.865504294026181 ], [ 20.9599136, 41.864633194025743 ], [ 20.9610367, 41.86322989402511 ], [ 20.9609586, 41.861763994024479 ], [ 20.9640047, 41.860530794023916 ], [ 20.9648951, 41.856656494022182 ], [ 20.9705187, 41.85562099402172 ], [ 20.969972, 41.854294594021177 ], [ 20.975252, 41.853386994020759 ], [ 20.9750333, 41.852537594020376 ], [ 20.9769187, 41.851273494019829 ], [ 20.985765, 41.848360294018505 ], [ 20.9936942, 41.84721339401797 ], [ 21.0019486, 41.848686094018639 ], [ 21.0107589, 41.849337694018942 ], [ 21.0178804, 41.851692894019969 ], [ 21.0246501, 41.850738394019572 ], [ 21.0262329, 41.849505294019011 ], [ 21.0287096, 41.840003294014764 ], [ 21.0285189, 41.837639294013726 ], [ 21.0242188, 41.831708894011072 ], [ 21.0301149, 41.830918994010702 ], [ 21.0340833, 41.829109294009903 ], [ 21.0388947, 41.824127194007708 ], [ 21.0428709, 41.822555294006968 ], [ 21.0469552, 41.819750094005705 ], [ 21.0526999, 41.818318094005051 ], [ 21.0577625, 41.814748794003464 ], [ 21.0584954, 41.811940994002242 ], [ 21.0637009, 41.81001039400136 ], [ 21.0670089, 41.806232693999661 ], [ 21.0716146, 41.80450669399891 ], [ 21.0749132, 41.801109093997397 ], [ 21.0809624, 41.797206393995594 ], [ 21.0815648, 41.796030393995089 ], [ 21.0837426, 41.79469779399453 ], [ 21.0867048, 41.794100193994275 ], [ 21.0867673, 41.793209393993848 ], [ 21.0880927, 41.792209993993424 ], [ 21.0831848, 41.792279493993419 ], [ 21.0768151, 41.7911107939929 ], [ 21.0728079, 41.791718693993175 ], [ 21.0715254, 41.791027493992878 ], [ 21.0678821, 41.791437593993102 ], [ 21.0655874, 41.790895593992786 ], [ 21.0648778, 41.790161093992531 ], [ 21.0565583, 41.7894979939922 ], [ 21.0556028, 41.788095093991551 ], [ 21.0535747, 41.787296593991201 ], [ 21.0472846, 41.785943393990578 ], [ 21.0430674, 41.787384593991199 ], [ 21.0416663, 41.787143493991117 ], [ 21.0404538, 41.787947093991484 ], [ 21.0385273, 41.787906893991483 ], [ 21.0374765, 41.788971693991904 ], [ 21.0360485, 41.788831093991895 ], [ 21.0341701, 41.78960509399225 ], [ 21.0289891, 41.788951593991946 ], [ 21.0233159, 41.790106393992446 ], [ 21.0207982, 41.787987293991492 ], [ 21.0175649, 41.787424793991256 ], [ 21.0162177, 41.78621939399072 ], [ 21.0161099, 41.784491593989941 ], [ 21.0151399, 41.783165593989352 ], [ 21.0161977, 41.780526293988181 ], [ 21.0108921, 41.777358093986763 ], [ 21.0143891, 41.771583993984194 ], [ 21.0162307, 41.769706893983304 ], [ 21.0163208, 41.766442793981852 ], [ 21.0178925, 41.763090693980331 ], [ 21.0179468, 41.760989193979427 ], [ 21.0212146, 41.755310293976862 ], [ 21.0234005, 41.75244809397558 ], [ 21.0281896, 41.748062893973646 ], [ 21.0268187, 41.744100793971825 ], [ 21.0273643, 41.740286493970139 ], [ 21.0290481, 41.736380793968372 ], [ 21.0291102, 41.734119293967375 ], [ 21.030853, 41.731492193966197 ], [ 21.0367255, 41.727449793964389 ], [ 21.0380517, 41.722747493962274 ], [ 21.0378401, 41.719275893960713 ], [ 21.039219, 41.713204693957962 ], [ 21.0382422, 41.711419193957184 ], [ 21.0392948, 41.701992193952954 ], [ 21.0450438, 41.699480093951827 ], [ 21.049532, 41.698819993951524 ], [ 21.0524592, 41.697263093950845 ], [ 21.0537142, 41.695648993950108 ], [ 21.0545857, 41.692143393948491 ], [ 21.0534593, 41.689712893947416 ], [ 21.0544452, 41.683983593944831 ], [ 21.0541914, 41.677726293942051 ], [ 21.0557209, 41.67269159393976 ], [ 21.0553345, 41.669547793938364 ], [ 21.0524825, 41.668833593938032 ], [ 21.0521201, 41.668232893937784 ], [ 21.0531393, 41.663365293935591 ], [ 21.0522793, 41.660488093934298 ], [ 21.0451637, 41.663225593935508 ], [ 21.0426629, 41.664744093936193 ], [ 21.0343276, 41.663055693935412 ], [ 21.0325006, 41.660209893934145 ], [ 21.03271, 41.658832793933556 ], [ 21.0321026, 41.657945993933154 ], [ 21.0287652, 41.657366993932825 ], [ 21.0245861, 41.654645893931615 ], [ 21.0200028, 41.654064793931347 ], [ 21.0166584, 41.652379793930592 ], [ 21.0153013, 41.653644993931209 ], [ 21.0084255, 41.652437993930647 ], [ 21.0049298, 41.652305493930584 ], [ 21.0030403, 41.652851093930806 ], [ 21.0004315, 41.652128893930502 ], [ 20.9955036, 41.649440893929281 ], [ 20.9917093, 41.64953009392935 ], [ 20.9851947, 41.642981793926374 ], [ 20.9756473, 41.641608493925752 ], [ 20.9614248, 41.643129693926475 ], [ 20.9590447, 41.648844393929032 ], [ 20.9579128, 41.65362209393119 ], [ 20.956396, 41.655895493932206 ], [ 20.9435908, 41.662145193935011 ], [ 20.9398964, 41.662644393935238 ], [ 20.9393345, 41.662297693935123 ], [ 20.9321241, 41.664680993936123 ], [ 20.9234205, 41.67040069393876 ], [ 20.9191347, 41.670737893938885 ] ] ] } },
{ "type": "Feature", "properties": { "admin_id": "2615539", "name_local": "Општина Врапчиште", "name_en": "Municipality of Vrapchishte", "name_en_status": "OSM_NAME_EN", "source_name": "Општина Врапчиште", "source_admin_level": "7", "source_osm_relation_id": "2615539", "source_name_en": "Municipality of Vrapchishte" }, "geometry": { "type": "Polygon", "coordinates": [ [ [ 20.9341816, 41.827032094008963 ], [ 20.9320403, 41.823517794007444 ], [ 20.9258538, 41.822779694007075 ], [ 20.9234013, 41.82382739400753 ], [ 20.9201365, 41.823547994007434 ], [ 20.918558799999989, 41.824106794007662 ], [ 20.9164655, 41.822802994007063 ], [ 20.91039, 41.822476694006923 ], [ 20.9097796, 41.82156899400654 ], [ 20.9070187, 41.821613694006579 ], [ 20.9030782, 41.822651794007051 ], [ 20.8972504, 41.821559894006519 ], [ 20.8830658, 41.821841794006673 ], [ 20.8759977, 41.824018494007618 ], [ 20.8761063, 41.822097694006743 ], [ 20.8704007, 41.821922494006706 ], [ 20.8662531, 41.82275289400706 ], [ 20.8649376, 41.821391994006419 ], [ 20.8626471, 41.823698594007453 ], [ 20.860171, 41.822130094006774 ], [ 20.8552186, 41.821899394006692 ], [ 20.8505623, 41.822727194007058 ], [ 20.8456853, 41.821391994006419 ], [ 20.839371, 41.82374469400748 ], [ 20.8372044, 41.823098894007238 ], [ 20.834604400000011, 41.823283394007319 ], [ 20.8320044, 41.822360694006917 ], [ 20.8307051, 41.820110994005873 ], [ 20.8213537, 41.824366794007759 ], [ 20.8093381, 41.82444679400782 ], [ 20.7994581, 41.832497494011442 ], [ 20.7938422, 41.834627894012371 ], [ 20.7867407, 41.839408694014502 ], [ 20.7809759, 41.845667494017277 ], [ 20.7699484, 41.85196239402012 ], [ 20.7648534, 41.851221494019761 ], [ 20.763801, 41.85177479402001 ], [ 20.7579684, 41.85120379401976 ], [ 20.7502197, 41.853114194020584 ], [ 20.7454824, 41.852904894020547 ], [ 20.7373669, 41.855147294021528 ], [ 20.7295384, 41.860199694023812 ], [ 20.7279727, 41.8642768940256 ], [ 20.7358362, 41.876900394031217 ], [ 20.7368479, 41.881757194033391 ], [ 20.7363459, 41.886468594035499 ], [ 20.7411309, 41.893455394038625 ], [ 20.7497056, 41.894863194039239 ], [ 20.7514901, 41.896491494039964 ], [ 20.7541594, 41.903942594043265 ], [ 20.7556754, 41.90606779404424 ], [ 20.757362, 41.906675694044523 ], [ 20.7635786, 41.910972694046443 ], [ 20.766601, 41.912103794046907 ], [ 20.7697258, 41.915333494048369 ], [ 20.7765241, 41.918485394049753 ], [ 20.7721573, 41.921073094050932 ], [ 20.7701852, 41.925516494052907 ], [ 20.7728119, 41.926302794053235 ], [ 20.7757473, 41.930155694054946 ], [ 20.7816696, 41.933220594056337 ], [ 20.7857895, 41.93264589405603 ], [ 20.790596, 41.934114494056715 ], [ 20.7936001, 41.933795294056551 ], [ 20.7982349, 41.934433794056858 ], [ 20.8004319, 41.933945894056635 ], [ 20.8030844, 41.931656194055634 ], [ 20.8060455, 41.924344594052364 ], [ 20.8087921, 41.925621794052923 ], [ 20.8132553, 41.926707394053388 ], [ 20.8405495, 41.918341494049677 ], [ 20.8461285, 41.91936329405015 ], [ 20.8518791, 41.921279294050983 ], [ 20.8557415, 41.921343094051039 ], [ 20.8585739, 41.920321294050567 ], [ 20.8642387, 41.920257394050573 ], [ 20.8681011, 41.917894394049519 ], [ 20.8690453, 41.918341494049692 ], [ 20.8694744, 41.917127994049125 ], [ 20.8710194, 41.917447294049282 ], [ 20.872736, 41.917064094049138 ], [ 20.879751, 41.914319694047876 ], [ 20.8829498, 41.911443494046615 ], [ 20.8857822, 41.910357694046098 ], [ 20.8877134, 41.907770694044956 ], [ 20.8893013, 41.906908394044592 ], [ 20.8911037, 41.907355494044822 ], [ 20.891629, 41.908437294045314 ], [ 20.8929, 41.908806094045424 ], [ 20.89252, 41.90796229404507 ], [ 20.8947086, 41.906525094044454 ], [ 20.9020042, 41.904353194043459 ], [ 20.9063816, 41.903650494043113 ], [ 20.9069824, 41.902500594042685 ], [ 20.9096432, 41.903203294042953 ], [ 20.9124756, 41.901797894042353 ], [ 20.9135056, 41.902053494042441 ], [ 20.9139347, 41.900456394041754 ], [ 20.9172821, 41.90045639404174 ], [ 20.9209728, 41.897517594040423 ], [ 20.9375381, 41.893811994038764 ], [ 20.9435463, 41.893173094038474 ], [ 20.9433317, 41.891160494037614 ], [ 20.9449625, 41.89052159403731 ], [ 20.9431601, 41.889499294036881 ], [ 20.9469366, 41.889051994036663 ], [ 20.9441042, 41.876974594031246 ], [ 20.9484977, 41.877652294031599 ], [ 20.9470938, 41.87338909402969 ], [ 20.9470458, 41.866690194026667 ], [ 20.9437518, 41.867170694026903 ], [ 20.9435629, 41.861901994024535 ], [ 20.9419593, 41.861955994024555 ], [ 20.9395458, 41.861048494024132 ], [ 20.9387192, 41.861319294024298 ], [ 20.9421686, 41.857094594022406 ], [ 20.9379505, 41.856964794022311 ], [ 20.9372632, 41.85590599402186 ], [ 20.9344982, 41.856068894021938 ], [ 20.934467, 41.854858894021405 ], [ 20.933889, 41.85501009402148 ], [ 20.9335297, 41.853760994020888 ], [ 20.9346215, 41.853741994020915 ], [ 20.9346701, 41.852182694020186 ], [ 20.9329205, 41.851554394019928 ], [ 20.9332642, 41.847993694018378 ], [ 20.9294526, 41.846923194017847 ], [ 20.9299525, 41.846387894017624 ], [ 20.9313896, 41.846294794017574 ], [ 20.9322019, 41.844572494016816 ], [ 20.935535, 41.844200694016656 ], [ 20.9361014, 41.842450094015838 ], [ 20.9343986, 41.841682094015511 ], [ 20.9350547, 41.840750994015089 ], [ 20.9349454, 41.839156594014398 ], [ 20.9366168, 41.838376894014004 ], [ 20.9365153, 41.837509794013648 ], [ 20.9380607, 41.83750079401365 ], [ 20.938054, 41.835909494012967 ], [ 20.9367418, 41.835769894012898 ], [ 20.9404597, 41.835507994012765 ], [ 20.940444, 41.83432659401219 ], [ 20.9392725, 41.833546794011923 ], [ 20.9397098, 41.832289794011302 ], [ 20.9372417, 41.832243194011312 ], [ 20.9363357, 41.83153319401098 ], [ 20.9356171, 41.829379894009996 ], [ 20.9368043, 41.829333294009992 ], [ 20.9365856, 41.828658194009705 ], [ 20.9357108, 41.827331194009119 ], [ 20.9341816, 41.827032094008963 ] ] ] } },
{ "type": "Feature", "properties": { "admin_id": "2615675", "name_local": "Општина Маврово и Ростуша", "name_en": "Municipality of Mavrovo and Rostusha", "name_en_status": "OSM_NAME_EN", "source_name": "Општина Маврово и Ростуша", "source_admin_level": "7", "source_osm_relation_id": "2615675", "source_name_en": "Municipality of Mavrovo and Rostusha" }, "geometry": { "type": "Polygon", "coordinates": [ [ [ 20.5725318, 41.79843239399618 ], [ 20.5768504, 41.79856419399627 ], [ 20.5798817, 41.797391793995715 ], [ 20.5864048, 41.796495993995315 ], [ 20.590868, 41.796687993995405 ], [ 20.6022835, 41.790288793992538 ], [ 20.6034851, 41.787920993991484 ], [ 20.6050301, 41.787536993991345 ], [ 20.60812, 41.787792993991452 ], [ 20.6094074, 41.785553093990401 ], [ 20.6118107, 41.784209093989794 ], [ 20.6147289, 41.783569093989541 ], [ 20.6233549, 41.777456693986807 ], [ 20.6292772, 41.772399893984556 ], [ 20.631747, 41.767175393982228 ], [ 20.6365299, 41.764813993981079 ], [ 20.6377423, 41.763381493980475 ], [ 20.6398773, 41.763917693980751 ], [ 20.6416798, 41.763149493980386 ], [ 20.6455421, 41.763725593980659 ], [ 20.6524086, 41.760780593979305 ], [ 20.6560993, 41.760588493979235 ], [ 20.6689739, 41.757835493978014 ], [ 20.6739843, 41.75893589397846 ], [ 20.6806469, 41.75956419397879 ], [ 20.692277, 41.768558993982843 ], [ 20.6936357, 41.770508093983672 ], [ 20.6999588, 41.771343693984043 ], [ 20.702877, 41.772367893984523 ], [ 20.7092714, 41.778672793987376 ], [ 20.7112455, 41.783665093989569 ], [ 20.7152796, 41.788272993991633 ], [ 20.7193565, 41.790224793992536 ], [ 20.7264899, 41.7904339939926 ], [ 20.7269452, 41.789295793992089 ], [ 20.7297901, 41.787513593991299 ], [ 20.7404992, 41.785820993990562 ], [ 20.7530084, 41.786084193990625 ], [ 20.7550901, 41.787219893991157 ], [ 20.7649055, 41.788328793991639 ], [ 20.7685334, 41.786152393990683 ], [ 20.7694824, 41.783052293989314 ], [ 20.7834489, 41.775017193985683 ], [ 20.786078, 41.774298093985408 ], [ 20.7890038, 41.775636593985986 ], [ 20.7952595, 41.776236693986206 ], [ 20.7994505, 41.773815593985148 ], [ 20.7988936, 41.772810293984712 ], [ 20.804734, 41.771571293984138 ], [ 20.8057723, 41.772055293984366 ], [ 20.8091468, 41.770951793983869 ], [ 20.8118463, 41.76895779398302 ], [ 20.8152468, 41.768222093982651 ], [ 20.8187172, 41.76831229398271 ], [ 20.8111424, 41.759451393978743 ], [ 20.8065936, 41.756494293977418 ], [ 20.8126501, 41.747164093973211 ], [ 20.8146058, 41.746495693972903 ], [ 20.8146523, 41.743503093971562 ], [ 20.8120966, 41.740613893970298 ], [ 20.8116595, 41.739255193969647 ], [ 20.8125506, 41.733622493967147 ], [ 20.8136444, 41.733965293967316 ], [ 20.8158805, 41.733239593966935 ], [ 20.8179091, 41.733558993967115 ], [ 20.8218569, 41.735870393968177 ], [ 20.825862099999988, 41.736312893968332 ], [ 20.8333818, 41.738252393969212 ], [ 20.8351007, 41.739295993969662 ], [ 20.835508599999987, 41.741382993970596 ], [ 20.8349625, 41.742293893971059 ], [ 20.8369654, 41.742165593970974 ], [ 20.844522, 41.737441793968848 ], [ 20.8601746, 41.738937693969532 ], [ 20.8644461, 41.737096493968686 ], [ 20.8680483, 41.733124493966891 ], [ 20.8684149, 41.732238293966525 ], [ 20.8651005, 41.729940993965471 ], [ 20.8580635, 41.722983193962385 ], [ 20.8577493, 41.719269293960686 ], [ 20.8555818, 41.716987193959682 ], [ 20.8589652, 41.71455569395858 ], [ 20.8636089, 41.709789293956476 ], [ 20.863413, 41.708471193955859 ], [ 20.8661417, 41.705672593954624 ], [ 20.8652975, 41.704766493954168 ], [ 20.8676193, 41.702028393952943 ], [ 20.8679886, 41.700511593952271 ], [ 20.8757984, 41.694483293949531 ], [ 20.8773586, 41.69212879394852 ], [ 20.8803893, 41.691193093948108 ], [ 20.8825474, 41.689388893947296 ], [ 20.8933475, 41.687055593946205 ], [ 20.8934621, 41.679476493942865 ], [ 20.9012232, 41.675660893941114 ], [ 20.8896501, 41.674491493940572 ], [ 20.8746565, 41.669715993938418 ], [ 20.8725363, 41.66975099393845 ], [ 20.8682985, 41.671260993939143 ], [ 20.8647671, 41.67024219393867 ], [ 20.8626482, 41.668240993937729 ], [ 20.8613013, 41.667932993937598 ], [ 20.8595063, 41.668095393937683 ], [ 20.8582399, 41.669005093938075 ], [ 20.8573276, 41.670803593938906 ], [ 20.8551965, 41.671910493939443 ], [ 20.8492334, 41.671536393939228 ], [ 20.8392425, 41.669708393938436 ], [ 20.8346641, 41.669787393938456 ], [ 20.8305724, 41.667895293937598 ], [ 20.8259689, 41.660984193934489 ], [ 20.820964, 41.655807393932186 ], [ 20.8176029, 41.650493693929761 ], [ 20.8140812, 41.646818893928142 ], [ 20.8059125, 41.651221593930103 ], [ 20.7964492, 41.649737293929448 ], [ 20.7887908, 41.640811393925439 ], [ 20.7811205, 41.634487593922572 ], [ 20.7796901, 41.630361793920706 ], [ 20.7783856, 41.628949593920019 ], [ 20.7877828, 41.626583793919025 ], [ 20.805053, 41.627310393919309 ], [ 20.8113047, 41.626990093919183 ], [ 20.8156194, 41.62332519391753 ], [ 20.8171268, 41.620243293916111 ], [ 20.8164623, 41.612408593912591 ], [ 20.8202197, 41.611242793912076 ], [ 20.8200407, 41.609611993911358 ], [ 20.8233806, 41.60296739390833 ], [ 20.8232699, 41.597003793905664 ], [ 20.8240537, 41.595015793904793 ], [ 20.824616, 41.594990293904743 ], [ 20.8246672, 41.595716693905068 ], [ 20.8258941, 41.595627493905035 ], [ 20.8313299, 41.592632693903667 ], [ 20.83559, 41.591753393903304 ], [ 20.8397693, 41.587426893901323 ], [ 20.8391258, 41.587228993901249 ], [ 20.8338433, 41.589115193902082 ], [ 20.8293106, 41.591868093903329 ], [ 20.8297111, 41.588586293901891 ], [ 20.8279559, 41.586406893900879 ], [ 20.82966, 41.585043093900261 ], [ 20.8291402, 41.583456293899566 ], [ 20.826729, 41.58313129389937 ], [ 20.8263456, 41.582640493899149 ], [ 20.8201685, 41.585221593900314 ], [ 20.8184049, 41.584960293900195 ], [ 20.8146816, 41.585495593900475 ], [ 20.8121762, 41.585097693900273 ], [ 20.8096914, 41.582709393899179 ], [ 20.8093481, 41.579852393897944 ], [ 20.8130866, 41.576095193896201 ], [ 20.8085144, 41.569549693893244 ], [ 20.8102181, 41.567554693892369 ], [ 20.8108716, 41.563898793890722 ], [ 20.8082552, 41.547822493883473 ], [ 20.8051196, 41.544643193881967 ], [ 20.8054775, 41.542722193881126 ], [ 20.8037368, 41.539257093879549 ], [ 20.804033, 41.537067093878534 ], [ 20.8011813, 41.534294793877301 ], [ 20.7956258, 41.531383693875995 ], [ 20.7947426, 41.530096393875382 ], [ 20.7995146, 41.522538793871959 ], [ 20.8004689, 41.519097493870433 ], [ 20.7974406, 41.513609593867947 ], [ 20.7934962, 41.511393093866936 ], [ 20.7903323, 41.511515993866993 ], [ 20.7873712, 41.50994129386627 ], [ 20.7858262, 41.504349293863768 ], [ 20.782393, 41.502774393863049 ], [ 20.7799468, 41.500235293861898 ], [ 20.7797751, 41.496924593860363 ], [ 20.7815347, 41.492842293858551 ], [ 20.782393, 41.492392293858316 ], [ 20.7827363, 41.490077793857267 ], [ 20.7806334, 41.49052779385751 ], [ 20.7785306, 41.492231593858222 ], [ 20.7733378, 41.493035193858624 ], [ 20.7721362, 41.492585193858375 ], [ 20.77072, 41.493131593858635 ], [ 20.769175, 41.492520893858391 ], [ 20.7634673, 41.492810193858503 ], [ 20.7591329, 41.49441739385928 ], [ 20.7561288, 41.494192393859173 ], [ 20.755013, 41.499528193861586 ], [ 20.7488761, 41.503545793863388 ], [ 20.7493911, 41.505859793864417 ], [ 20.7508553, 41.508023793865426 ], [ 20.749949, 41.508816493865751 ], [ 20.7463441, 41.509041493865858 ], [ 20.7448816, 41.509613593866121 ], [ 20.7407302, 41.50761519386522 ], [ 20.7342394, 41.506550793864768 ], [ 20.7304305, 41.503055993863143 ], [ 20.7307747, 41.496573993860245 ], [ 20.7321235, 41.493495293858821 ], [ 20.7317528, 41.4929467938586 ], [ 20.7290674, 41.493466293858802 ], [ 20.7296992, 41.495218493859632 ], [ 20.7233692, 41.501920193862617 ], [ 20.7129407, 41.506001993864494 ], [ 20.699122, 41.512879293867663 ], [ 20.6961394, 41.515915993869022 ], [ 20.6907535, 41.515176893868677 ], [ 20.6853032, 41.51903289387041 ], [ 20.6749714, 41.522254093871886 ], [ 20.6672681, 41.526495193873785 ], [ 20.6602629, 41.527992293874476 ], [ 20.6590197, 41.531733593876176 ], [ 20.6615517, 41.534978193877627 ], [ 20.6779239, 41.541466993880555 ], [ 20.6766901, 41.5438237938816 ], [ 20.6721894, 41.542896393881193 ], [ 20.6636116, 41.544277493881843 ], [ 20.6600926, 41.5431693938813 ], [ 20.6508229, 41.542045193880817 ], [ 20.6483981, 41.542318193880945 ], [ 20.640845, 41.544614793882012 ], [ 20.6394503, 41.547136093883104 ], [ 20.636811, 41.549577093884238 ], [ 20.6285283, 41.551038393884895 ], [ 20.624902, 41.55118289388497 ], [ 20.6227562, 41.550556593884664 ], [ 20.6230137, 41.552355093885495 ], [ 20.6187195, 41.555494293886852 ], [ 20.6151388, 41.553222193885837 ], [ 20.6141302, 41.551584293885185 ], [ 20.6118665, 41.550628893884692 ], [ 20.6087015, 41.552917093885753 ], [ 20.6057188, 41.553944793886203 ], [ 20.602586, 41.554306093886353 ], [ 20.6006656, 41.555903793887069 ], [ 20.5846045, 41.560343393889127 ], [ 20.5803881, 41.564060193890803 ], [ 20.5711505, 41.566877793892083 ], [ 20.5689168, 41.568782693892878 ], [ 20.5670092, 41.571581493894165 ], [ 20.5655072, 41.575851493896117 ], [ 20.5659792, 41.577729593896954 ], [ 20.5638951, 41.579529793897755 ], [ 20.5622777, 41.57930259389768 ], [ 20.5571741, 41.582318793899063 ], [ 20.5545133, 41.583012993899359 ], [ 20.5554896, 41.584044193899814 ], [ 20.5548995, 41.584738393900111 ], [ 20.5559456, 41.585901993900634 ], [ 20.5563372, 41.588373493901784 ], [ 20.5555755, 41.590824993902871 ], [ 20.5533173, 41.594172193904363 ], [ 20.5527147, 41.59691599390559 ], [ 20.5548744, 41.600091593907038 ], [ 20.5548587, 41.601493493907668 ], [ 20.5527371, 41.604062193908874 ], [ 20.5472974, 41.607677093910482 ], [ 20.5467971, 41.614499093913537 ], [ 20.5405444, 41.619594493915855 ], [ 20.5406206, 41.620198393916105 ], [ 20.5433706, 41.621371093916665 ], [ 20.5432135, 41.62291989391732 ], [ 20.5407862, 41.624509593918077 ], [ 20.5325152, 41.63278089392184 ], [ 20.5267033, 41.634477193922571 ], [ 20.5255693, 41.635332493922931 ], [ 20.5251159, 41.637421793923892 ], [ 20.5260082, 41.638659593924402 ], [ 20.5256753, 41.639801693924944 ], [ 20.5271637, 41.645974893927765 ], [ 20.5261253, 41.649921993929532 ], [ 20.5266147, 41.651995093930474 ], [ 20.5245824, 41.653987193931336 ], [ 20.5208616, 41.655933193932206 ], [ 20.5195009, 41.659425893933779 ], [ 20.5167866, 41.661358093934666 ], [ 20.5174751, 41.66357889393565 ], [ 20.5204977, 41.66617089393683 ], [ 20.5214278, 41.667532193937454 ], [ 20.5212433, 41.668589693937932 ], [ 20.52322, 41.670884493938985 ], [ 20.5258099, 41.676049593941279 ], [ 20.525814, 41.678823893942514 ], [ 20.5268164, 41.679810693942954 ], [ 20.5280738, 41.683897693944814 ], [ 20.5298794, 41.686072893945784 ], [ 20.5300449, 41.687604293946485 ], [ 20.529578, 41.689410393947263 ], [ 20.5278493, 41.691066293948033 ], [ 20.5285889, 41.696789793950593 ], [ 20.5270892, 41.700707493952358 ], [ 20.5275913, 41.701900193952902 ], [ 20.5271124, 41.705162693954378 ], [ 20.5231964, 41.708888193956071 ], [ 20.5217786, 41.71203189395748 ], [ 20.5201271, 41.713385693958081 ], [ 20.5185838, 41.713776093958202 ], [ 20.5176812, 41.714899393958717 ], [ 20.5168195, 41.718877593960549 ], [ 20.5143156, 41.722722093962247 ], [ 20.5150099, 41.724287793962993 ], [ 20.5141507, 41.727704593964518 ], [ 20.5157289, 41.732789993966776 ], [ 20.5191306, 41.734763493967662 ], [ 20.519813, 41.742864993971274 ], [ 20.5194109, 41.747832193973537 ], [ 20.5204133, 41.75113869397503 ], [ 20.5232555, 41.752230993975488 ], [ 20.5254842, 41.75599619397719 ], [ 20.5278304, 41.756352193977321 ], [ 20.5282966, 41.761710993979726 ], [ 20.5341574, 41.766694593981931 ], [ 20.5355285, 41.768974793982999 ], [ 20.5347111, 41.771599093984186 ], [ 20.5319915, 41.775071693985723 ], [ 20.5319359, 41.776569893986412 ], [ 20.5385367, 41.779894093987913 ], [ 20.5424835, 41.779363593987654 ], [ 20.5461691, 41.779705193987816 ], [ 20.5481202, 41.783861893989638 ], [ 20.5465802, 41.791353193993039 ], [ 20.5491307, 41.791013793992889 ], [ 20.5584821, 41.787708593991368 ], [ 20.5665288, 41.786287693990765 ], [ 20.5730987, 41.788199093991608 ], [ 20.5744212, 41.789469293992191 ], [ 20.5726957, 41.791623793993146 ], [ 20.573299, 41.795998093995095 ], [ 20.5725318, 41.79843239399618 ] ] ] } }
]
}
